,ms,accelX,accelY,accelZ,accelWithGX,accelWithGY,accelWithGZ,rotRateAlpha,rotRateBeta,rotRateGamma,interval
0,128.0,-2.0,1.0,5.4,-2.0,5.6000000000000005,14.100000000000001,12.100000000000001,-16.200000000000003,-32.9,16
1,144.0,-1.6,0.2,4.5,-1.6,4.800000000000001,13.100000000000001,-5.500000000000001,26.799999999999997,-19.9,16
2,161.0,-0.8,-0.30000000000000004,3.1,0.1,4.2,10.3,17.400000000000002,-67.60000000000001,0.1,16
3,178.0,1.4000000000000001,-0.6000000000000001,-0.8,1.6,4.0,7.800000000000001,12.600000000000001,-74.7,3.4,16
4,194.0,1.3,-0.9,-1.4000000000000001,1.6,3.8000000000000003,7.2,-0.5,-55.1,-0.6000000000000001,16
5,212.0,0.7000000000000001,-0.9,-1.0,1.1,3.8000000000000003,7.6000000000000005,-31.7,9.0,-12.7,16
6,228.0,-0.4,-0.8,0.4,-0.1,3.8000000000000003,9.1,-42.900000000000006,54.1,-22.3,16
7,244.0,-0.9,-0.7000000000000001,0.8,-0.7000000000000001,3.8000000000000003,9.600000000000001,-37.400000000000006,58.60000000000001,-19.400000000000002,16
8,261.0,-1.2000000000000002,-0.7000000000000001,0.9,-1.4000000000000001,3.6,9.3,-14.100000000000001,28.3,-4.0,16
9,277.0,-0.9,-1.1,-1.1,-0.9,3.3000000000000003,7.6000000000000005,2.0,-15.899999999999999,12.5,16
10,294.0,-0.4,-1.1,-1.8,-0.4,3.3000000000000003,7.0,2.1,-25.300000000000004,16.8,16
11,311.0,0.2,-1.5,-2.5,0.30000000000000004,2.8000000000000003,6.2,-5.7,-23.6,15.2,16
12,327.0,0.4,-1.8,-2.7,0.6000000000000001,2.5,6.1000000000000005,-12.8,-11.8,5.8,16
13,344.0,0.4,-1.8,-2.4000000000000004,0.7000000000000001,2.5,6.300000000000001,-13.8,-2.6,-0.5,16
14,361.0,0.0,-1.5,-1.9000000000000001,0.2,2.7,6.9,-8.2,8.700000000000001,-13.200000000000003,16
15,377.0,-0.30000000000000004,-1.2000000000000002,-1.7000000000000002,-0.1,3.1,7.1000000000000005,-2.5,7.300000000000001,-18.200000000000003,16
16,394.0,-0.4,0.0,-1.7000000000000002,-0.2,4.2,7.2,9.5,-4.2,-21.0,16
17,411.0,-0.2,0.6000000000000001,-1.8,-0.1,4.9,7.0,14.300000000000002,-12.4,-14.300000000000002,16
18,427.0,-0.30000000000000004,0.5,-1.5,-0.1,4.9,7.2,14.5,-0.4,-2.6,16
19,444.0,-0.30000000000000004,0.2,-1.2000000000000002,-0.1,4.5,7.6000000000000005,13.399999999999999,10.200000000000001,3.0,16
20,461.0,0.0,-0.5,-0.30000000000000004,0.1,4.0,8.4,12.5,15.5,8.3,16
21,478.0,0.2,-0.6000000000000001,-0.1,0.30000000000000004,3.9000000000000004,8.700000000000001,14.0,10.0,6.4,16
22,494.0,0.0,-0.7000000000000001,-0.2,0.1,3.8000000000000003,8.5,18.4,-12.600000000000001,-0.6000000000000001,16
23,511.0,-0.5,-0.2,-0.2,-0.4,4.4,8.5,11.700000000000001,-21.0,-5.300000000000001,16
24,527.0,-1.5,0.0,0.2,-1.3,4.5,8.9,1.0,-3.9,-7.8,16
25,544.0,-1.2000000000000002,0.30000000000000004,0.8,-1.0,4.9,9.4,-1.1,7.300000000000001,-7.200000000000001,16
26,560.0,-0.7000000000000001,0.9,1.0,-0.9,5.300000000000001,9.600000000000001,4.5,1.7,-5.8,16
27,577.0,-1.8,0.2,1.4000000000000001,-1.7000000000000002,4.800000000000001,10.0,5.500000000000001,9.5,2.3,16
28,594.0,-2.2,0.1,2.3000000000000003,-2.1,4.6000000000000005,11.0,-3.2,23.0,6.699999999999999,16
29,611.0,-2.9000000000000004,-0.8,4.4,-2.9000000000000004,3.8000000000000003,13.100000000000001,-31.5,53.400000000000006,18.1,16
30,627.0,-2.2,-2.1,4.3,-2.3000000000000003,2.4000000000000004,13.100000000000001,-43.6,10.600000000000001,22.4,16
31,644.0,-2.2,-2.0,4.3,-1.5,2.3000000000000003,12.200000000000001,-40.9,-22.4,18.700000000000003,16
32,661.0,-0.7000000000000001,-1.8,0.7000000000000001,-0.6000000000000001,2.5,9.5,-31.7,-53.10000000000001,3.5,16
33,677.0,-0.9,-1.5,-0.4,-1.2000000000000002,3.1,8.0,-30.5,-22.1,-7.6,16
34,694.0,-2.1,-0.5,-0.7000000000000001,-1.9000000000000001,3.7,8.200000000000001,-35.0,13.100000000000001,-9.3,16
35,711.0,-2.8000000000000003,0.1,0.6000000000000001,-2.7,4.1000000000000005,9.5,-42.60000000000001,78.0,-5.8,16
36,727.0,-2.8000000000000003,0.2,2.0,-3.0,4.1000000000000005,11.0,-38.7,95.20000000000002,12.200000000000001,16
37,744.0,-2.5,0.1,2.3000000000000003,-2.8000000000000003,3.9000000000000004,11.3,-31.7,80.4,23.099999999999998,16
38,760.0,-2.0,-0.2,2.2,-1.9000000000000001,3.1,10.700000000000001,-14.100000000000001,22.4,35.699999999999996,16
39,777.0,-0.6000000000000001,-0.9,-0.30000000000000004,-1.1,2.8000000000000003,8.8,-6.9,-21.1,33.400000000000006,16
40,794.0,-0.30000000000000004,-0.8,-1.0,-0.7000000000000001,2.8000000000000003,8.0,-9.0,-29.0,29.300000000000004,16
41,811.0,0.2,-0.4,-1.9000000000000001,-0.1,3.3000000000000003,7.2,-16.8,-23.6,19.0,16
42,827.0,0.4,0.1,-2.0,0.2,3.7,7.2,-19.799999999999997,-6.8,14.0,16
43,844.0,0.4,0.2,-1.9000000000000001,0.2,3.8000000000000003,7.2,-18.700000000000003,-3.9,14.100000000000001,16
44,861.0,0.30000000000000004,0.2,-2.0,0.2,3.8000000000000003,7.1000000000000005,-7.699999999999999,-1.3,16.3,16
45,877.0,0.4,0.30000000000000004,-2.0,0.30000000000000004,3.8000000000000003,7.1000000000000005,4.300000000000001,-2.7,19.5,16
46,894.0,0.4,0.2,-2.0,0.2,3.7,7.2,8.700000000000001,-0.7,20.2,16
47,911.0,0.4,-0.1,-1.4000000000000001,0.30000000000000004,3.4000000000000004,7.800000000000001,14.0,-0.7,18.3,16
48,927.0,0.8,-0.4,-0.9,0.7000000000000001,3.2,8.200000000000001,17.5,-7.200000000000001,11.4,16
49,944.0,0.8,-0.30000000000000004,-0.9,0.7000000000000001,3.3000000000000003,8.200000000000001,19.799999999999997,-13.399999999999999,5.9,16
50,961.0,0.7000000000000001,-0.30000000000000004,-1.1,0.6000000000000001,3.4000000000000004,7.800000000000001,24.900000000000002,-22.9,-4.300000000000001,16
51,977.0,0.4,0.0,-1.4000000000000001,0.4,3.7,7.7,25.6,-21.500000000000004,-6.0,16
52,994.0,-0.2,0.7000000000000001,-0.8,-0.1,4.5,8.3,21.200000000000003,5.2,-2.3,16
53,1011.0,-0.5,0.30000000000000004,0.4,-0.4,4.2,9.4,15.700000000000001,27.6,6.9,16
54,1027.0,0.2,-0.9,1.7000000000000002,0.2,3.0,10.700000000000001,17.200000000000003,26.799999999999997,13.000000000000002,16
55,1044.0,1.0,-1.0,2.2,0.9,3.0,11.200000000000001,21.6,11.3,7.8,16
56,1061.0,1.0,-1.0,1.2000000000000002,0.9,3.1,10.100000000000001,26.000000000000004,-52.2,-17.6,16
57,1081.0,0.4,0.5,0.8,0.5,4.6000000000000005,9.700000000000001,1.5,-54.4,-31.400000000000002,16
58,1094.0,-0.2,1.0,1.1,-0.1,5.1000000000000005,10.0,-20.8,-17.1,-28.600000000000005,16
59,1111.0,-1.8,0.30000000000000004,3.3000000000000003,-1.7000000000000002,4.2,12.200000000000001,-62.199999999999996,56.9,-11.3,16
60,1128.0,-2.2,-0.7000000000000001,5.1000000000000005,-2.3000000000000003,3.0,14.100000000000001,-73.5,63.500000000000014,2.9,16
61,1153.0,-1.5,-1.6,4.1000000000000005,-1.8,2.0,13.200000000000001,-51.9,4.6,5.2,16
62,1164.0,-1.2000000000000002,-1.6,3.0,-1.4000000000000001,1.9000000000000001,12.100000000000001,-38.50000000000001,-19.5,4.0,16
63,1185.0,-0.9,-1.3,0.8,-1.1,2.0,10.0,-24.5,-23.900000000000006,-1.8000000000000003,16
64,1194.0,-1.1,-1.2000000000000002,0.4,-1.2000000000000002,2.2,9.700000000000001,-25.7,-8.899999999999999,-5.500000000000001,16
65,1211.0,-0.9,-0.6000000000000001,1.2000000000000002,-1.1,2.6,10.5,-31.0,36.9,-10.4,16
66,1228.0,-0.8,-0.6000000000000001,2.1,-1.1,2.6,11.3,-18.0,52.900000000000006,-9.899999999999999,16
67,1244.0,-0.7000000000000001,-0.5,2.0,-1.1,2.6,11.3,-6.500000000000001,46.300000000000004,-7.500000000000001,16
68,1261.0,-0.4,-0.4,0.9,-1.0,2.7,10.200000000000001,13.399999999999999,17.400000000000002,-5.4,16
69,1278.0,-0.2,-0.4,-0.4,-0.7000000000000001,2.7,8.8,19.5,-3.1,-5.1000000000000005,16
70,1301.0,-0.1,-0.5,-1.0,-0.6000000000000001,2.7,7.9,16.6,-16.200000000000003,-7.1000000000000005,16
71,1311.0,0.1,-0.5,-1.7000000000000002,-0.5,2.7,7.5,13.000000000000002,-16.4,-9.700000000000001,16
72,1328.0,0.1,-0.4,-2.0,-0.4,2.9000000000000004,7.2,8.100000000000001,-12.100000000000001,-15.399999999999999,16
73,1345.0,0.1,-0.4,-2.0,-0.30000000000000004,3.0,7.2,8.100000000000001,-7.699999999999999,-15.5,16
74,1368.0,0.0,-0.2,-1.6,-0.5,3.1,7.6000000000000005,20.8,-3.1,-9.600000000000001,16
75,1378.0,0.0,-0.30000000000000004,-1.5,-0.5,3.1,7.7,26.5,-7.699999999999999,-7.699999999999999,16
76,1394.0,0.1,-0.2,-1.4000000000000001,-0.4,3.2,7.7,30.9,-11.000000000000002,-6.0,16
77,1411.0,0.0,-0.2,-1.5,-0.5,3.3000000000000003,7.7,34.2,-15.100000000000001,-5.7,16
78,1428.0,0.0,-0.1,-1.5,-0.4,3.5,7.6000000000000005,31.9,-14.300000000000002,-4.800000000000001,16
79,1445.0,0.1,-0.2,-1.5,-0.30000000000000004,3.4000000000000004,7.6000000000000005,28.600000000000005,-17.300000000000004,-3.2,16
80,1461.0,0.2,-0.30000000000000004,-1.5,0.1,3.5,7.5,17.300000000000004,-21.0,-0.30000000000000004,16
81,1478.0,0.6000000000000001,-0.2,-1.5,0.30000000000000004,3.7,7.800000000000001,11.1,-19.0,-0.2,16
82,1494.0,0.4,-0.2,-1.0,0.1,3.6,8.0,1.4,-8.0,0.0,16
83,1513.0,0.0,-0.1,-0.6000000000000001,-0.2,3.7,8.5,-4.0,0.8,0.0,16
84,1528.0,-0.2,-0.1,0.1,-0.4,3.7,9.1,-6.9,19.0,-0.5,16
85,1546.0,0.1,0.2,0.7000000000000001,-0.2,4.0,9.8,-5.6,14.800000000000002,-5.4,16
86,1561.0,0.1,0.30000000000000004,0.7000000000000001,-0.6000000000000001,4.2,9.700000000000001,-5.7,2.7,-8.3,16
87,1577.0,-0.7000000000000001,0.6000000000000001,0.5,-1.0,4.4,9.5,-9.600000000000001,-3.4,-8.100000000000001,16
88,1594.0,-1.1,1.0,1.7000000000000002,-1.5,4.7,10.8,-37.2,13.5,4.300000000000001,16
89,1611.0,-1.8,-0.4,4.1000000000000005,-2.3000000000000003,3.2,13.200000000000001,-73.8,55.2,20.1,16
90,1628.0,-1.8,-1.9000000000000001,5.4,-2.4000000000000004,1.4000000000000001,14.600000000000001,-83.60000000000001,40.300000000000004,18.200000000000003,16
91,1646.0,-1.7000000000000002,-2.3000000000000003,5.2,-2.4000000000000004,0.9,14.4,-75.60000000000001,11.4,9.3,16
92,1661.0,-1.5,-2.0,3.1,-2.1,1.0,12.5,-43.300000000000004,-45.9,-18.8,16
93,1679.0,-1.8,-0.9,0.5,-2.3000000000000003,1.9000000000000001,9.9,-10.299999999999999,-55.7,-39.1,16
94,1699.0,-2.4000000000000004,-0.1,-0.5,-2.8000000000000003,2.7,8.9,1.4,-35.699999999999996,-43.2,16
95,1713.0,-3.1,1.0,-0.9,-3.5,3.8000000000000003,8.5,15.8,30.1,-31.3,16
96,1728.0,-2.9000000000000004,1.0,0.5,-3.4000000000000004,3.9000000000000004,9.9,21.0,69.9,-8.100000000000001,16
97,1747.0,-2.7,0.7000000000000001,1.2000000000000002,-3.2,3.2,10.9,22.3,77.7,7.300000000000001,16
98,1761.0,-2.0,-0.30000000000000004,1.5,-2.9000000000000004,2.7,10.8,20.900000000000002,47.0,29.500000000000004,16
99,1777.0,-1.5,-0.7000000000000001,1.0,-2.1,2.1,9.5,18.4,16.6,33.7,16
100,1795.0,-0.9,-1.1,-0.7000000000000001,-1.8,2.0,8.6,8.5,-31.099999999999998,29.500000000000004,16
101,1813.0,-0.6000000000000001,-0.9,-2.0,-1.4000000000000001,2.2,7.2,-5.1000000000000005,-46.50000000000001,16.4,16
102,1827.0,-0.6000000000000001,-0.2,-2.6,-1.2000000000000002,2.9000000000000004,6.7,-11.000000000000002,-36.2,8.4,16
103,1844.0,-0.5,0.2,-2.6,-1.1,3.3000000000000003,6.7,-9.8,-26.400000000000006,8.0,16
104,1861.0,-0.4,0.5,-2.3000000000000003,-0.9,3.5,7.0,0.2,-2.6,13.6,16
105,1878.0,-0.4,0.2,-1.5,-0.8,3.3000000000000003,7.800000000000001,15.2,10.200000000000001,21.500000000000004,16
106,1895.0,-0.4,0.0,-1.1,-0.9,3.1,8.200000000000001,21.7,8.600000000000001,23.6,16
107,1913.0,-0.30000000000000004,-0.4,-0.8,-0.7000000000000001,2.8000000000000003,8.4,29.1,-10.299999999999999,19.1,16
108,1942.0,0.1,-0.2,-1.5,-0.2,3.1,7.800000000000001,20.2,-31.5,2.2,16
109,1944.0,0.1,-0.2,-1.5,-0.2,3.1,7.800000000000001,20.2,-31.5,2.2,16
110,1961.0,-0.1,0.4,-1.5,-0.4,3.7,7.7,9.100000000000001,-30.1,-5.500000000000001,16
111,1978.0,-0.4,0.6000000000000001,-1.3,-0.5,4.0,7.9,5.2,-23.700000000000003,-6.1000000000000005,16
112,1994.0,-0.9,0.7000000000000001,-0.8,-1.0,4.1000000000000005,8.4,3.6000000000000005,-9.100000000000001,1.2000000000000002,16
113,2011.0,-1.1,0.5,0.2,-1.2000000000000002,3.9000000000000004,9.4,7.6,8.899999999999999,7.8,16
114,2027.0,-1.4000000000000001,0.2,1.1,-1.6,3.6,10.3,10.700000000000001,25.900000000000002,7.200000000000001,16
115,2046.0,-1.5,0.1,1.7000000000000002,-1.6,3.6,11.3,15.000000000000002,27.2,3.6000000000000005,16
116,2068.0,-0.6000000000000001,0.5,2.2,-0.9,4.1000000000000005,11.4,22.5,-3.2,-3.1,16
117,2079.0,-0.4,0.8,1.4000000000000001,-0.7000000000000001,4.4,10.5,23.900000000000006,-33.300000000000004,-6.699999999999999,16
118,2095.0,-0.30000000000000004,0.9,0.4,-0.6000000000000001,4.5,9.5,20.900000000000002,-56.800000000000004,-8.100000000000001,16
119,2113.0,0.4,1.3,-0.6000000000000001,0.30000000000000004,5.0,8.5,0.9000000000000001,-64.9,-6.500000000000001,16
120,2128.0,0.2,1.3,0.1,0.30000000000000004,4.9,9.200000000000001,-27.800000000000004,-9.100000000000001,1.0,16
121,2149.0,-0.6000000000000001,-0.30000000000000004,2.1,-0.5,3.3000000000000003,11.200000000000001,-44.10000000000001,47.0,5.500000000000001,16
122,2164.0,-0.9,-1.1,3.0,-0.9,2.3000000000000003,12.200000000000001,-44.00000000000001,54.699999999999996,6.500000000000001,16
123,2178.0,-0.8,-1.6,3.6,-0.8,1.6,13.100000000000001,-41.6,53.10000000000001,6.4,16
124,2194.0,-0.5,-1.7000000000000002,3.8000000000000003,-0.7000000000000001,1.5,13.100000000000001,-20.7,19.9,-3.6000000000000005,16
125,2211.0,-0.5,-1.2000000000000002,2.6,-0.8,2.0,11.8,1.8000000000000003,-3.4,-17.799999999999997,16
126,2229.0,-0.9,-0.4,1.2000000000000002,-1.2000000000000002,2.9000000000000004,10.5,9.100000000000001,-5.6,-22.000000000000004,16
127,2249.0,-0.9,0.0,0.4,-1.2000000000000002,3.3000000000000003,9.600000000000001,3.9,5.4,-16.1,16
128,2261.0,-0.9,-0.1,0.1,-1.2000000000000002,3.2,9.4,-0.2,12.299999999999999,-9.4,16
129,2277.0,-0.9,-0.4,0.0,-1.2000000000000002,2.9000000000000004,9.200000000000001,-4.0,15.899999999999999,-2.4000000000000004,16
130,2295.0,-0.8,-0.9,-0.2,-1.2000000000000002,2.3000000000000003,9.0,-9.5,10.0,4.9,16
131,2315.0,-0.5,-1.2000000000000002,-0.6000000000000001,-0.9,2.0,8.6,-10.700000000000001,-5.300000000000001,4.7,16
132,2328.0,-0.2,-1.1,-1.1,-0.6000000000000001,2.1,8.200000000000001,-6.9,-17.799999999999997,-1.6,16
133,2347.0,-0.2,-0.9,-1.5,-0.5,2.3000000000000003,7.800000000000001,-2.6,-21.7,-5.300000000000001,16
134,2361.0,0.0,-0.2,-2.1,-0.30000000000000004,2.9000000000000004,7.2,9.600000000000001,-17.0,-10.299999999999999,16
135,2379.0,0.0,0.1,-2.2,-0.30000000000000004,3.3000000000000003,7.0,23.800000000000004,-4.300000000000001,-8.4,16
136,2394.0,-0.1,0.1,-2.2,-0.4,3.3000000000000003,7.0,29.200000000000003,-1.9,-4.4,16
137,2411.0,-0.2,0.1,-2.0,-0.4,3.4000000000000004,7.2,30.000000000000004,-3.3000000000000007,1.5,16
138,2428.0,-0.4,0.0,-1.7000000000000002,-0.6000000000000001,3.5,7.5,20.5,-6.699999999999999,1.4,16
139,2445.0,-0.4,0.0,-1.7000000000000002,-0.7000000000000001,3.5,7.5,14.200000000000001,-9.700000000000001,0.8,16
140,2465.0,-0.30000000000000004,0.1,-1.6,-0.5,3.6,7.6000000000000005,4.2,-14.300000000000002,0.1,16
141,2478.0,-0.1,0.1,-1.4000000000000001,-0.30000000000000004,3.6,7.7,2.5,-13.900000000000002,0.6000000000000001,16
142,2496.0,-0.1,0.0,-1.2000000000000002,-0.2,3.5,7.9,5.2,-12.5,3.4,16
143,2511.0,-0.2,-0.2,-1.2000000000000002,-0.30000000000000004,3.3000000000000003,8.0,11.2,-11.4,6.600000000000001,16
144,2528.0,-0.5,-0.2,-0.8,-0.5,3.4000000000000004,8.3,11.000000000000002,-5.8,6.9,16
145,2549.0,-0.8,-0.1,-0.2,-0.8,3.5,8.9,3.5,7.9,3.3000000000000007,16
146,2561.0,-0.8,-0.2,0.30000000000000004,-0.9,3.4000000000000004,9.4,-1.3,14.600000000000001,1.9,16
147,2578.0,-0.7000000000000001,-0.1,0.8,-0.7000000000000001,3.5,9.9,-5.8,17.0,0.0,16
148,2595.0,-0.8,0.1,0.5,-0.9,3.6,9.600000000000001,-14.200000000000001,-0.6000000000000001,-8.0,16
149,2612.0,-1.9000000000000001,0.7000000000000001,0.4,-2.0,4.2,9.5,-22.9,2.1,-8.5,16
150,2628.0,-2.9000000000000004,1.2000000000000002,2.0,-3.1,4.6000000000000005,11.200000000000001,-47.1,42.7,1.8000000000000003,16
151,2648.0,-3.1,0.9,3.2,-3.4000000000000004,3.2,13.700000000000001,-71.0,81.8,21.400000000000002,16
152,2667.0,-2.1,-1.9000000000000001,4.7,-2.7,1.2000000000000002,14.0,-66.4,38.7,30.5,16
153,2683.0,-1.4000000000000001,-2.1,3.8000000000000003,-2.1,0.8,13.100000000000001,-54.699999999999996,-7.699999999999999,25.900000000000002,16
154,2694.0,-0.9,-2.0,2.3000000000000003,-1.5,0.8,11.700000000000001,-40.9,-48.800000000000004,15.700000000000001,16
155,2711.0,-0.5,-1.2000000000000002,-0.5,-0.9,1.5,8.9,-20.900000000000002,-72.4,-6.699999999999999,16
156,2729.0,-1.4000000000000001,0.2,-1.5,-1.6,2.8000000000000003,7.9,-17.0,-17.799999999999997,-19.200000000000003,16
157,2744.0,-1.5,0.2,-1.5,-2.0,3.4000000000000004,8.3,-16.6,24.7,-18.8,16
158,2761.0,-2.0,1.1,0.4,-2.3000000000000003,3.7,9.9,-4.7,85.30000000000001,-3.7000000000000006,16
159,2787.0,-1.3,0.1,1.5,-2.0,2.7,10.9,26.200000000000003,67.3,30.9,16
160,2804.0,-0.8,-0.2,1.1,-1.7000000000000002,2.5,10.5,30.3,37.400000000000006,37.0,16
161,2811.0,-0.30000000000000004,-0.4,0.4,-1.2000000000000002,2.3000000000000003,9.8,28.0,8.8,39.9,16
162,2828.0,0.30000000000000004,-0.6000000000000001,-1.0,-0.6000000000000001,2.2,8.3,5.8,-25.300000000000004,35.9,16
163,2844.0,0.4,-0.7000000000000001,-1.5,-0.4,2.1,7.800000000000001,-9.0,-30.699999999999996,29.900000000000006,16
164,2861.0,0.4,-0.6000000000000001,-1.8,-0.2,2.4000000000000004,7.5,-30.3,-25.6,17.300000000000004,16
165,2890.0,0.2,0.1,-1.5,-0.4,2.8000000000000003,7.9,-29.200000000000003,-12.299999999999999,11.4,16
166,2895.0,0.0,0.30000000000000004,-1.3,-0.6000000000000001,3.0,8.1,-20.8,-10.0,10.5,16
167,2914.0,-0.2,0.5,-1.4000000000000001,-0.7000000000000001,3.1,8.1,2.4000000000000004,-11.3,12.5,16
168,2928.0,-0.1,0.4,-1.6,-0.6000000000000001,3.0,7.800000000000001,20.400000000000002,-15.5,17.7,16
169,2944.0,-0.1,0.4,-1.6,-0.5,2.8000000000000003,7.7,24.200000000000003,-16.6,18.3,16
170,2962.0,0.0,-0.2,-1.8,-0.4,2.6,7.6000000000000005,22.8,-22.4,12.7,16
171,3007.0,-0.4,0.8,-1.2000000000000002,-0.6000000000000001,3.7,8.200000000000001,3.9,-11.2,-3.2,16
172,3014.0,-0.4,0.8,-1.2000000000000002,-0.6000000000000001,3.7,8.200000000000001,3.9,-11.2,-3.2,16
173,3028.0,-0.6000000000000001,1.2000000000000002,-0.30000000000000004,-0.8,4.1000000000000005,9.1,-1.0,3.2,4.1,16
174,3044.0,-0.8,1.1,0.2,-0.9,4.0,9.600000000000001,-3.4,7.9,8.5,16
175,3061.0,-0.7000000000000001,0.4,1.3,-0.9,3.3000000000000003,10.700000000000001,-7.400000000000001,10.9,12.7,16
176,3084.0,-0.2,-0.30000000000000004,2.3000000000000003,-0.4,2.5,11.700000000000001,-8.8,11.2,5.4,16
177,3094.0,-0.1,-0.4,2.6,-0.4,2.4000000000000004,12.0,-5.300000000000001,8.3,-3.8,16
178,3111.0,0.0,0.4,2.0,-0.2,3.2,11.4,7.6,-16.0,-23.400000000000002,16
179,3130.0,-0.30000000000000004,1.3,0.5,-0.5,4.2,9.9,10.4,-49.9,-26.5,16
180,3144.0,-0.30000000000000004,1.5,0.0,-0.4,4.4,9.4,0.8,-54.300000000000004,-22.2,16
181,3165.0,-0.1,0.9,0.9,-0.1,3.7,10.200000000000001,-40.800000000000004,-19.200000000000003,-7.200000000000001,16
182,3183.0,-0.5,-0.9,3.9000000000000004,-0.5,1.8,13.4,-71.7,24.8,-2.6,16
183,3194.0,-0.5,-1.4000000000000001,5.1000000000000005,-0.5,1.1,14.600000000000001,-69.9,27.800000000000004,-6.1000000000000005,16
184,3211.0,-0.5,-1.7000000000000002,4.5,-0.6000000000000001,0.6000000000000001,14.0,-29.600000000000005,-24.7,-18.8,16
185,3227.0,-0.2,-0.9,1.8,-0.2,1.4000000000000001,11.4,19.700000000000003,-73.6,-27.800000000000004,16
186,3244.0,-0.2,-0.30000000000000004,0.5,-0.1,2.0,10.0,38.800000000000004,-79.19999999999999,-31.0,16
187,3263.0,-0.30000000000000004,0.1,-1.1,0.0,2.6,8.3,46.800000000000004,-53.599999999999994,-55.0,16
188,3282.0,0.1,0.7000000000000001,-1.5,0.6000000000000001,3.3000000000000003,8.0,21.7,8.3,-76.1,16
189,3294.0,0.1,1.0,-0.7000000000000001,0.5,3.6,8.700000000000001,19.5,42.3,-76.7,16
190,3312.0,-0.1,1.0,1.6,0.0,3.7,11.0,27.400000000000002,89.10000000000001,-40.0,16
191,3327.0,-0.9,0.7000000000000001,2.0,-1.0,3.5,11.4,43.4,70.5,1.1,16
192,3344.0,-1.0,0.30000000000000004,1.7000000000000002,-1.3,3.2,11.0,46.0,44.00000000000001,13.200000000000003,16
193,3361.0,-0.5,0.1,0.6000000000000001,-0.9,3.1,9.9,41.7,-4.1,16.900000000000002,16
194,3388.0,-0.6000000000000001,0.0,-1.6,-0.9,3.1,7.6000000000000005,39.8,-27.400000000000002,17.6,16
195,3396.0,-0.6000000000000001,0.30000000000000004,-2.0,-0.9,3.5,7.300000000000001,38.900000000000006,-25.200000000000003,22.1,16
196,3411.0,-0.5,0.2,-1.6,-0.7000000000000001,3.6,7.7,33.50000000000001,-9.2,37.1,16
197,3429.0,-0.30000000000000004,-1.2000000000000002,-1.3,-0.4,2.2,7.9,33.50000000000001,-1.0,47.60000000000001,16
198,3444.0,0.4,-1.8,-1.3,0.30000000000000004,1.7000000000000002,7.9,38.1,-1.3,25.300000000000004,16
199,3462.0,-0.6000000000000001,-0.8,-1.1,-0.7000000000000001,2.9000000000000004,8.0,48.70000000000001,-19.9,-20.3,16
200,3481.0,-0.6000000000000001,-0.7000000000000001,-1.0,-0.6000000000000001,3.1,8.1,51.0,-37.800000000000004,-40.1,16
201,3494.0,-0.5,0.1,-0.7000000000000001,-0.5,4.0,8.3,51.1,-36.7,-42.60000000000001,16
202,3512.0,-0.7000000000000001,1.3,-1.4000000000000001,-0.6000000000000001,5.300000000000001,7.5,44.300000000000004,-28.500000000000004,-31.5,16
203,3530.0,-0.5,1.5,-2.3000000000000003,-0.4,5.7,6.6000000000000005,32.8,-27.6,11.2,16
204,3544.0,-0.5,1.5,-2.2,-0.1,5.7,6.4,25.6,-26.300000000000004,36.9,16
205,3561.0,-0.2,0.8,-0.9,0.2,5.1000000000000005,7.9,-1.5,-18.0,64.9,16
206,3579.0,0.1,-0.2,0.4,0.6000000000000001,4.1000000000000005,9.3,-12.5,-16.3,51.70000000000001,16
207,3596.0,0.4,-0.30000000000000004,0.7000000000000001,0.9,4.0,9.5,-6.0,-5.9,43.70000000000001,16
208,3611.0,-0.2,-0.1,1.1,0.4,4.1000000000000005,9.9,0.4,-10.5,25.300000000000004,16
209,3628.0,0.0,0.9,1.4000000000000001,0.7000000000000001,5.1000000000000005,10.200000000000001,-0.6000000000000001,-2.8,9.2,16
210,3645.0,0.0,0.9,1.4000000000000001,0.6000000000000001,6.0,9.9,0.6000000000000001,-0.8,9.4,16
211,3661.0,-0.6000000000000001,2.1,0.1,0.0,5.9,8.0,-1.3,-28.400000000000002,25.4,16
212,3679.0,-0.30000000000000004,1.1,-0.9,0.5,5.300000000000001,8.0,-18.900000000000002,-20.400000000000002,32.300000000000004,16
213,3695.0,-0.5,1.4000000000000001,-0.2,0.4,5.5,8.6,-38.300000000000004,-4.1,32.1,16
214,3718.0,-0.30000000000000004,-1.2000000000000002,1.8,0.6000000000000001,2.8000000000000003,10.8,-71.30000000000001,16.8,39.599999999999994,16
215,3728.0,-0.2,-2.7,2.3000000000000003,0.8,1.0,11.3,-79.00000000000001,6.300000000000001,26.700000000000003,16
216,3744.0,-0.4,-2.9000000000000004,1.8,0.5,0.7000000000000001,10.9,-75.4,-10.9,15.399999999999999,16
217,3761.0,-0.9,-2.3000000000000003,0.6000000000000001,0.1,1.1,9.8,-59.5,-34.7,-2.4000000000000004,16
218,3782.0,-1.5,-0.9,-0.4,-0.4,2.3000000000000003,8.8,-39.599999999999994,-21.6,-16.6,16
219,3797.0,-1.7000000000000002,-0.5,-0.5,-0.5,2.6,8.700000000000001,-30.3,-5.4,-17.200000000000003,16
220,3814.0,-1.5,-0.5,-0.6000000000000001,-0.4,2.5,8.700000000000001,-16.1,31.6,-9.600000000000001,16
221,3830.0,-1.1,-0.7000000000000001,0.1,-0.1,2.3000000000000003,9.4,-6.300000000000001,50.1,-5.9,16
222,3844.0,-1.0,-0.8,0.30000000000000004,-0.2,2.3000000000000003,9.600000000000001,-0.8,45.5,-6.699999999999999,16
223,3865.0,-0.8,-0.9,0.1,-0.1,2.1,9.4,5.1000000000000005,-0.8,-13.000000000000002,16
224,3884.0,-0.6000000000000001,-0.8,-0.8,0.2,2.4000000000000004,7.800000000000001,-2.2,-40.6,-27.2,16
225,3894.0,-0.7000000000000001,-0.2,-2.3000000000000003,0.1,2.8000000000000003,7.0,-10.299999999999999,-49.50000000000001,-32.8,16
226,3911.0,-0.9,0.6000000000000001,-2.3000000000000003,0.0,3.6,7.0,-26.9,-35.3,-31.799999999999997,16
227,3928.0,-0.8,0.8,-1.0,0.1,3.7,8.4,-33.1,-0.30000000000000004,-21.500000000000004,16
228,3948.0,-0.6000000000000001,0.4,-0.2,0.30000000000000004,3.1,9.200000000000001,-25.7,6.4,-9.8,16
229,3961.0,-0.4,0.30000000000000004,-0.1,0.5,3.1,9.3,-17.400000000000002,-3.5,-8.2,16
230,3980.0,0.1,0.30000000000000004,-0.30000000000000004,1.0,3.0,9.1,-2.0,-21.500000000000004,-11.3,16
231,4003.0,0.0,0.4,-0.4,0.8,3.2,9.0,5.0,-26.400000000000006,-17.6,16
232,4011.0,-0.4,0.6000000000000001,-0.30000000000000004,0.6000000000000001,3.3000000000000003,9.0,5.500000000000001,-26.000000000000004,-18.8,16
233,4027.0,-0.4,1.3,-0.7000000000000001,0.7000000000000001,4.0,8.700000000000001,6.500000000000001,-15.000000000000002,-14.800000000000002,16
234,4044.0,-0.2,1.2000000000000002,-0.5,0.8,4.0,8.9,9.100000000000001,-3.4,-8.4,16
235,4061.0,0.4,0.5,0.30000000000000004,1.4000000000000001,3.4000000000000004,9.600000000000001,17.7,9.3,2.6,16
236,4079.0,0.5,0.30000000000000004,0.7000000000000001,1.6,3.2,10.0,21.1,8.0,1.5,16
237,4100.0,0.4,0.2,1.2000000000000002,1.1,3.1,10.600000000000001,15.399999999999999,7.200000000000001,-15.2,16
238,4111.0,0.30000000000000004,0.1,1.7000000000000002,1.2000000000000002,3.1,11.0,12.200000000000001,6.4,-21.900000000000002,16
239,4132.0,0.6000000000000001,1.0,1.8,1.6,4.1000000000000005,11.100000000000001,13.5,-0.5,-42.2,16
240,4146.0,0.6000000000000001,1.0,1.8,1.5,4.4,10.600000000000001,13.5,-0.5,-42.2,16
241,4161.0,0.7000000000000001,1.9000000000000001,0.2,1.6,5.0,9.4,20.900000000000002,-27.3,-43.70000000000001,16
242,4179.0,0.2,1.6,1.1,1.1,4.800000000000001,10.4,-2.1,10.600000000000001,-22.3,16
243,4194.0,-0.2,0.7000000000000001,2.4000000000000004,0.7000000000000001,4.0,11.600000000000001,-17.6,28.900000000000002,-17.200000000000003,16
244,4211.0,-0.1,-0.7000000000000001,3.9000000000000004,0.7000000000000001,2.5,13.100000000000001,-14.800000000000002,40.0,-17.9,16
245,4228.0,0.1,-1.0,3.2,0.7000000000000001,2.2,12.4,4.7,30.1,-30.000000000000004,16
246,4249.0,-0.6000000000000001,-0.30000000000000004,1.6,-0.1,2.9000000000000004,10.9,16.0,25.1,-34.900000000000006,16
247,4261.0,-0.8,-0.1,0.8,-0.30000000000000004,3.1,10.100000000000001,14.100000000000001,24.599999999999998,-30.599999999999998,16
248,4278.0,-0.8,0.0,0.2,-0.5,3.2,9.4,1.1,27.3,-13.5,16
249,4302.0,-0.7000000000000001,-0.4,-0.7000000000000001,-0.5,2.8000000000000003,8.5,-9.600000000000001,25.6,5.4,16
250,4311.0,-0.6000000000000001,-0.9,-1.0,-0.5,2.4000000000000004,8.3,-12.9,21.400000000000002,10.600000000000001,16
251,4328.0,-0.1,-1.8,-1.0,0.0,1.4000000000000001,8.3,-22.2,8.700000000000001,5.7,16
252,4345.0,-0.1,-1.9000000000000001,-1.0,0.1,1.2000000000000002,8.3,-24.400000000000002,3.0,-1.3,16
253,4361.0,-0.5,-1.5,-1.4000000000000001,-0.30000000000000004,1.6,8.0,-17.300000000000004,1.2000000000000002,-12.600000000000001,16
254,4383.0,-1.0,-0.6000000000000001,-1.9000000000000001,-0.9,2.4000000000000004,7.5,-6.2,11.2,-13.700000000000001,16
255,4394.0,-1.0,-0.30000000000000004,-2.0,-0.9,2.7,7.300000000000001,1.8000000000000003,18.3,-10.200000000000001,16
256,4411.0,-0.2,-0.30000000000000004,-1.9000000000000001,-0.2,2.7,7.4,14.700000000000001,25.4,-0.2,16
257,4428.0,0.4,-0.8,-1.5,0.30000000000000004,2.3000000000000003,7.800000000000001,18.6,22.3,2.1,16
258,4444.0,0.4,-1.0,-1.3,0.2,2.1,8.0,20.3,15.2,-2.0,16
259,4463.0,0.0,-0.30000000000000004,-1.4000000000000001,-0.1,2.9000000000000004,7.9,21.400000000000002,-15.5,-17.7,16
260,4478.0,-0.6000000000000001,0.9,-2.1,-0.7000000000000001,4.1000000000000005,7.2,13.900000000000002,-25.0,-18.4,16
261,4494.0,-0.8,1.4000000000000001,-2.2,-0.8,4.6000000000000005,7.1000000000000005,9.899999999999999,-18.3,-9.2,16
262,4511.0,-0.30000000000000004,1.0,-1.4000000000000001,-0.4,4.3,7.9,6.8,5.9,16.4,16
263,4527.0,0.1,0.4,-0.6000000000000001,0.5,3.3000000000000003,9.200000000000001,8.4,15.899999999999999,25.1,16
264,4545.0,0.6000000000000001,-0.4,0.2,0.5,2.9000000000000004,9.5,10.8,12.100000000000001,24.900000000000002,16
265,4566.0,0.0,-0.1,0.2,-0.1,3.2,9.4,8.0,-13.5,13.000000000000002,16
266,4585.0,-0.4,0.6000000000000001,0.1,-0.4,4.0,9.3,-3.4,-24.400000000000002,9.600000000000001,16
267,4594.0,-0.4,0.6000000000000001,0.30000000000000004,-0.4,4.0,9.5,-11.2,-20.7,12.600000000000001,16
268,4611.0,-0.1,0.30000000000000004,1.6,0.0,3.7,10.8,-20.2,-2.2,13.6,16
269,4627.0,0.30000000000000004,1.1,2.3000000000000003,0.4,4.4,11.5,-6.8,3.4,-2.4000000000000004,16
270,4644.0,-0.6000000000000001,1.1,1.6,-0.4,4.4,10.9,5.500000000000001,-1.0,-9.100000000000001,16
271,4662.0,-1.4000000000000001,1.7000000000000002,0.4,-1.3,5.0,9.600000000000001,17.6,-1.2000000000000002,-7.200000000000001,16
272,4677.0,-1.5,1.8,0.4,-1.4000000000000001,5.1000000000000005,9.600000000000001,5.300000000000001,9.4,2.1,16
273,4696.0,-0.9,-0.1,2.2,-0.9,3.2,11.4,-33.9,29.300000000000004,29.1,16
274,4710.0,0.1,-2.0,3.6,0.2,1.2000000000000002,12.9,-43.300000000000004,14.0,32.400000000000006,16
275,4728.0,0.6000000000000001,-2.7,2.7,0.6000000000000001,0.4,12.0,-27.5,-19.700000000000003,16.1,16
276,4744.0,0.6000000000000001,-2.4000000000000004,1.8,0.7000000000000001,0.6000000000000001,11.100000000000001,-20.1,-27.800000000000004,5.300000000000001,16
277,4761.0,-0.1,-1.6,-0.1,0.1,1.4000000000000001,9.200000000000001,-11.5,-12.9,-13.700000000000001,16
278,4777.0,-0.5,-1.0,-0.8,-0.30000000000000004,1.9000000000000001,8.6,-9.2,6.300000000000001,-17.5,16
279,4794.0,-1.0,-0.4,-1.2000000000000002,-0.9,2.5,8.200000000000001,-5.2,42.400000000000006,-17.799999999999997,16
280,4811.0,-1.5,-0.5,-0.5,-1.6,2.4000000000000004,8.8,-5.300000000000001,64.80000000000001,-13.5,16
281,4827.0,-1.6,-0.6000000000000001,0.30000000000000004,-1.9000000000000001,2.3000000000000003,9.700000000000001,-7.200000000000001,60.00000000000001,-12.9,16
282,4850.0,-1.4000000000000001,-0.2,0.6000000000000001,-1.9000000000000001,2.6,10.0,-13.5,27.6,-11.2,16
283,4861.0,-1.1,0.0,0.5,-1.7000000000000002,2.8000000000000003,9.9,-16.3,8.0,-7.6,16
284,4878.0,-0.8,0.2,0.1,-1.3,3.0,9.4,-16.4,-9.5,-2.8,16
285,4900.0,-0.30000000000000004,0.4,-1.6,-0.7000000000000001,3.2,7.1000000000000005,-0.7,-17.300000000000004,4.7,16
286,4911.0,-0.2,0.7000000000000001,-2.5,-0.6000000000000001,3.3000000000000003,6.9,5.0,-0.30000000000000004,5.300000000000001,16
287,4929.0,-0.30000000000000004,0.9,-1.8,-0.8,3.6,7.6000000000000005,14.400000000000002,30.200000000000003,4.6,16
288,4946.0,-0.30000000000000004,0.8,-1.4000000000000001,-0.8,3.4000000000000004,8.5,16.3,33.50000000000001,5.9,16
289,4962.0,0.1,0.5,-0.4,-0.6000000000000001,3.3000000000000003,9.0,14.800000000000002,14.5,6.8,16
290,4977.0,0.4,0.5,-0.1,-0.2,3.3000000000000003,9.200000000000001,15.5,-0.30000000000000004,5.7,16
291,4995.0,0.4,0.30000000000000004,-0.7000000000000001,-0.30000000000000004,3.1,8.700000000000001,23.0,-28.200000000000003,3.3000000000000007,16
292,5012.0,0.30000000000000004,0.4,-1.2000000000000002,-0.5,3.6,7.7,27.5,-27.099999999999998,2.9,16
293,5028.0,-0.1,0.6000000000000001,-1.3,-0.5,3.7,8.0,25.7,4.6,9.2,16
294,5044.0,0.0,0.30000000000000004,-0.4,-0.4,3.4000000000000004,8.9,23.099999999999998,19.700000000000003,12.5,16
295,5061.0,0.6000000000000001,-0.5,1.7000000000000002,0.0,2.7,11.0,20.0,31.5,10.700000000000001,16
296,5077.0,0.8,-0.6000000000000001,2.7,0.4,3.2,12.100000000000001,29.700000000000006,2.0,-6.1000000000000005,16
297,5099.0,0.7000000000000001,0.9,-0.2,0.1,4.2,9.0,40.0,-69.20000000000002,-14.800000000000002,16
298,5111.0,0.6000000000000001,1.3,-2.0,0.1,4.7,7.2,28.700000000000003,-77.7,-10.8,16
299,5128.0,-0.2,1.0,-1.2000000000000002,-0.5,4.5,8.0,-33.2,-19.700000000000003,5.6,16
300,5145.0,-0.30000000000000004,0.30000000000000004,1.4000000000000001,-0.5,3.7,10.600000000000001,-61.39999999999999,30.200000000000003,17.6,16
301,5162.0,0.5,-1.7000000000000002,6.0,0.1,1.5,15.3,-68.60000000000001,73.9,27.800000000000004,16
302,5183.0,0.8,-3.0,6.5,0.30000000000000004,0.0,15.8,-37.300000000000004,26.200000000000003,4.800000000000001,16
303,5194.0,0.9,-3.0,5.4,0.30000000000000004,0.0,14.700000000000001,-18.1,-13.3,-7.6,16
304,5220.0,0.4,-1.1,0.5,0.0,1.8,9.9,2.8,-51.6,-39.599999999999994,16
305,5228.0,-0.1,-0.5,-0.5,-0.4,2.4000000000000004,8.8,-1.7,-33.9,-40.1,16
306,5244.0,-0.5,-0.1,-1.2000000000000002,-0.8,2.8000000000000003,8.200000000000001,-6.1000000000000005,-11.900000000000002,-36.400000000000006,16
307,5263.0,-0.7000000000000001,0.1,-1.0,-1.1,2.9000000000000004,8.4,-10.4,31.7,-28.3,16
308,5277.0,-0.5,0.0,-0.1,-0.9,2.8000000000000003,9.3,-12.100000000000001,40.5,-23.0,16
309,5294.0,0.0,-0.5,1.1,-0.6000000000000001,2.3000000000000003,10.5,-7.200000000000001,50.400000000000006,-15.899999999999999,16
310,5311.0,0.2,-0.6000000000000001,0.9,-0.6000000000000001,2.1,10.3,2.8,19.700000000000003,-20.900000000000002,16
311,5330.0,0.2,0.1,-0.30000000000000004,-0.6000000000000001,2.9000000000000004,9.1,7.200000000000001,-13.100000000000001,-25.8,16
312,5344.0,0.2,0.30000000000000004,-0.9,-0.6000000000000001,3.1,8.4,8.100000000000001,-19.0,-22.6,16
313,5361.0,0.1,0.4,-1.8,-0.7000000000000001,3.3000000000000003,7.5,7.699999999999999,-14.700000000000001,-11.4,16
314,5377.0,0.1,0.4,-1.7000000000000002,-0.6000000000000001,3.2,7.6000000000000005,6.699999999999999,-5.300000000000001,-7.1000000000000005,16
315,5398.0,0.1,0.2,-0.8,-0.6000000000000001,3.0,8.5,10.4,10.5,-2.9,16
316,5411.0,0.0,0.0,-0.6000000000000001,-0.8,2.9000000000000004,8.700000000000001,23.800000000000004,4.9,-3.2,16
317,5427.0,0.1,0.1,-1.6,-0.7000000000000001,3.1,7.7,32.400000000000006,-18.200000000000003,-3.2,16
318,5444.0,0.0,0.1,-1.6,-0.7000000000000001,3.1,7.300000000000001,30.000000000000004,-25.8,-1.2000000000000002,16
319,5461.0,-0.1,0.1,-2.3000000000000003,-0.8,3.2,7.0,18.900000000000002,-24.599999999999998,4.5,16
320,5487.0,-0.1,-0.6000000000000001,-1.1,-0.7000000000000001,2.6,8.200000000000001,16.1,2.7,15.100000000000001,16
321,5494.0,-0.1,-0.6000000000000001,-1.1,-0.7000000000000001,2.6,8.200000000000001,16.1,2.7,15.100000000000001,16
322,5512.0,0.1,-1.0,-0.7000000000000001,-0.5,2.3000000000000003,8.6,23.5,1.0,12.299999999999999,16
323,5528.0,-0.1,-1.2000000000000002,-1.3,-0.7000000000000001,2.2,7.9,27.2,-13.3,7.8,16
324,5545.0,-0.2,-1.0,-1.7000000000000002,-0.7000000000000001,2.4000000000000004,7.5,23.3,-16.8,6.2,16
325,5563.0,-0.30000000000000004,-0.9,-1.9000000000000001,-0.7000000000000001,2.8000000000000003,7.300000000000001,10.1,-10.0,5.300000000000001,16
326,5580.0,-0.5,0.1,-1.6,-0.9,3.6,7.6000000000000005,-2.8,-1.7,2.9,16
327,5594.0,-0.7000000000000001,0.0,-1.7000000000000002,-1.1,3.5,7.5,-6.699999999999999,1.0,6.300000000000001,16
328,5612.0,-0.5,-0.1,-0.30000000000000004,-0.9,3.4000000000000004,8.9,-29.1,30.3,20.400000000000002,16
329,5627.0,-0.30000000000000004,-1.8,3.7,-0.8,1.6,12.9,-67.7,63.30000000000001,39.0,16
330,5644.0,0.0,-2.5,5.6000000000000005,-0.6000000000000001,0.7000000000000001,14.9,-78.0,61.0,40.9,16
331,5661.0,0.2,-3.6,6.6000000000000005,-0.5,-0.7000000000000001,15.9,-68.4,13.100000000000001,26.6,16
332,5678.0,0.2,-2.7,3.6,-0.5,0.0,12.9,-38.50000000000001,-45.6,-3.5,16
333,5694.0,0.0,-1.8,1.9000000000000001,-0.6000000000000001,0.9,11.3,-26.1,-56.9,-16.4,16
334,5711.0,-0.9,-0.4,-0.8,-1.4000000000000001,2.2,8.700000000000001,-19.400000000000002,-36.7,-23.5,16
335,5728.0,-1.7000000000000002,0.0,0.30000000000000004,-2.1,2.5,9.8,-31.6,34.400000000000006,-17.300000000000004,16
336,5744.0,-1.8,-0.1,1.7000000000000002,-2.3000000000000003,2.4000000000000004,11.100000000000001,-37.0,58.3,-14.700000000000001,16
337,5761.0,-1.7000000000000002,0.4,3.4000000000000004,-2.4000000000000004,2.8000000000000003,12.9,-28.600000000000005,54.9,-15.399999999999999,16
338,5777.0,-1.8,0.6000000000000001,3.2,-2.6,2.9000000000000004,12.700000000000001,-16.6,34.800000000000004,-16.4,16
339,5796.0,-1.3,1.1,0.30000000000000004,-2.2,3.4000000000000004,9.8,7.0,-25.900000000000002,-14.200000000000001,16
340,5811.0,-0.9,1.3,-2.2,-1.6,3.6,7.300000000000001,5.7,-49.0,-8.600000000000001,16
341,5827.0,-0.8,1.4000000000000001,-3.0,-1.4000000000000001,3.7,6.5,-2.9,-28.200000000000003,-3.6000000000000005,16
342,5844.0,-0.7000000000000001,1.4000000000000001,-2.8000000000000003,-1.3,3.7,6.800000000000001,-1.8000000000000003,-8.0,-0.9000000000000001,16
343,5861.0,-0.5,1.2000000000000002,-2.0,-1.1,3.3000000000000003,8.200000000000001,13.200000000000003,32.1,1.5,16
344,5882.0,-0.5,1.2000000000000002,-2.0,-1.1,3.3000000000000003,8.200000000000001,13.200000000000003,32.1,1.5,16
345,5896.0,-0.6000000000000001,0.7000000000000001,-1.2000000000000002,-1.4000000000000001,3.1,8.3,38.7,6.9,-1.4,16
346,5911.0,-0.5,0.9,-1.9000000000000001,-1.2000000000000002,3.5,7.5,35.5,-28.800000000000004,1.5,16
347,5946.0,-0.4,1.2000000000000002,-2.7,-1.0,3.9000000000000004,6.7,16.4,-36.9,16.0,16
348,5961.0,-0.30000000000000004,1.1,-2.5,-0.4,3.5,7.300000000000001,3.3000000000000007,-13.6,31.3,16
349,5977.0,0.2,0.2,-1.1,0.0,2.5,9.5,-3.5,8.8,30.3,16
350,5994.0,0.5,-0.7000000000000001,1.2000000000000002,0.1,2.1,10.600000000000001,-0.30000000000000004,11.1,23.0,16
351,6011.0,0.30000000000000004,-0.8,2.0,-0.1,2.0,11.4,8.2,5.8,12.0,16
352,6027.0,-0.2,0.0,2.2,-0.7000000000000001,3.4000000000000004,11.0,32.2,-17.1,-7.200000000000001,16
353,6046.0,-0.4,0.8,1.4000000000000001,-0.7000000000000001,3.8000000000000003,10.700000000000001,30.1,-15.100000000000001,-3.0,16
354,6062.0,-0.4,0.8,1.4000000000000001,-0.6000000000000001,3.9000000000000004,11.0,25.0,-13.399999999999999,-1.7,16
355,6078.0,0.0,1.2000000000000002,1.7000000000000002,-0.2,4.4,11.0,27.9,-25.200000000000003,-2.4000000000000004,16
356,6094.0,0.2,1.0,1.1,0.0,4.2,10.3,33.800000000000004,-32.2,-3.8,16
357,6111.0,-0.1,1.2000000000000002,0.9,-0.2,4.5,10.200000000000001,27.2,-15.700000000000001,-8.4,16
358,6129.0,-0.5,0.8,2.7,-0.6000000000000001,4.2,11.9,10.8,18.1,-6.8,16
359,6148.0,-0.1,-0.5,3.2,-0.30000000000000004,2.9000000000000004,12.4,14.800000000000002,12.600000000000001,-5.8,16
360,6170.0,0.8,-0.7000000000000001,1.7000000000000002,0.6000000000000001,2.8000000000000003,10.9,25.5,-16.5,-15.100000000000001,16
361,6178.0,0.6000000000000001,-0.30000000000000004,0.8,0.5,3.2,10.0,26.000000000000004,-21.7,-21.8,16
362,6194.0,0.2,0.1,0.2,0.0,3.7,9.3,22.5,-13.3,-23.800000000000004,16
363,6211.0,-0.7000000000000001,0.30000000000000004,0.0,-0.8,3.9000000000000004,9.200000000000001,8.4,9.4,-15.899999999999999,16
364,6228.0,-0.7000000000000001,0.30000000000000004,-0.2,-0.9,3.9000000000000004,8.9,-5.2,22.2,-2.0,16
365,6248.0,0.1,-0.30000000000000004,-0.4,-0.2,3.3000000000000003,8.700000000000001,-13.6,33.300000000000004,11.8,16
366,6263.0,0.1,-0.30000000000000004,-0.4,-0.1,2.9000000000000004,8.8,-16.5,32.9,14.900000000000002,16
367,6278.0,0.8,-1.9000000000000001,0.1,0.4,1.6,9.200000000000001,-22.2,16.1,10.600000000000001,16
368,6297.0,0.1,-0.9,-0.2,-0.4,2.6,9.0,-25.0,0.8,1.7,16
369,6314.0,0.2,-0.4,-1.4000000000000001,-0.2,2.9000000000000004,7.800000000000001,-24.7,-8.0,5.0,16
370,6330.0,-0.1,-0.2,-1.1,-0.5,3.1,8.1,-22.3,14.5,16.8,16
371,6346.0,-0.1,-0.1,-1.1,-0.4,2.9000000000000004,8.0,-4.4,26.200000000000003,21.300000000000004,16
372,6361.0,0.0,-0.4,-1.2000000000000002,-0.2,2.6,8.0,2.5,29.600000000000005,21.900000000000002,16
373,6378.0,0.5,-0.7000000000000001,-1.1,0.0,2.6,8.1,7.0,30.9,19.799999999999997,16
374,6395.0,0.7000000000000001,-0.9,-1.1,0.1,2.4000000000000004,8.1,14.200000000000001,26.1,6.8,16
375,6411.0,0.30000000000000004,-0.6000000000000001,-1.8,-0.30000000000000004,2.8000000000000003,7.4,23.6,10.1,-6.0,16
376,6427.0,0.1,0.5,-2.9000000000000004,-0.6000000000000001,4.0,6.300000000000001,28.0,14.0,-8.3,16
377,6446.0,0.1,0.8,-2.9000000000000004,-0.6000000000000001,4.2,6.300000000000001,23.700000000000003,22.9,-3.9,16
378,6461.0,0.2,0.8,-2.3000000000000003,-0.6000000000000001,4.3,6.800000000000001,15.899999999999999,32.400000000000006,3.5,16
379,6478.0,0.4,0.4,-0.5,-0.5,4.0,8.6,6.600000000000001,34.50000000000001,17.6,16
380,6499.0,1.0,-0.1,0.1,0.1,3.5,9.200000000000001,7.8,-32.2,14.100000000000001,16
381,6511.0,1.2000000000000002,0.30000000000000004,-0.5,0.4,3.9000000000000004,8.6,6.4,-44.6,10.4,16
382,6533.0,1.0,0.2,-1.4000000000000001,0.30000000000000004,3.8000000000000003,7.7,-0.30000000000000004,-33.6,7.8,16
383,6546.0,0.9,0.2,-1.4000000000000001,0.1,3.7,7.9,-1.4,-13.3,5.6,16
384,6561.0,-0.30000000000000004,0.1,0.9,-0.9,3.7,10.0,2.1,39.1,-2.0,16
385,6577.0,-0.8,0.30000000000000004,2.7,-1.5,3.9000000000000004,11.8,8.3,56.6,-4.6,16
386,6594.0,-0.7000000000000001,1.9000000000000001,2.9000000000000004,-1.5,5.6000000000000005,11.9,27.9,34.300000000000004,-4.6,16
387,6611.0,-0.8,1.9000000000000001,0.0,-1.7000000000000002,5.6000000000000005,9.0,33.400000000000006,-19.700000000000003,7.1000000000000005,16
388,6628.0,0.30000000000000004,1.1,0.1,-0.5,4.9,9.1,-30.4,-31.9,30.1,16
389,6649.0,1.2000000000000002,-1.2000000000000002,5.2,0.6000000000000001,2.5,14.3,-101.20000000000002,-12.4,45.0,16
390,6661.0,1.6,-2.3000000000000003,7.300000000000001,1.0,1.2000000000000002,16.400000000000002,-100.0,-5.4,43.800000000000004,16
391,6678.0,1.7000000000000002,-2.7,7.300000000000001,1.1,1.0,14.8,-72.4,-1.2000000000000002,33.800000000000004,16
392,6694.0,1.2000000000000002,-2.4000000000000004,3.4000000000000004,0.6000000000000001,0.8,12.700000000000001,15.2,-6.699999999999999,-5.7,16
393,6710.0,-0.9,-0.6000000000000001,-0.2,-1.5,2.7,9.0,58.2,28.0,-59.40000000000001,16
394,6730.0,-3.3000000000000003,1.5,-0.5,-4.0,5.0,8.6,47.3,62.4,-69.9,16
395,6744.0,-4.2,2.2,-0.30000000000000004,-5.1000000000000005,5.7,8.8,42.0,81.50000000000001,-44.2,16
396,6762.0,-3.4000000000000004,1.8,-1.0,-4.7,5.4,8.0,38.1,86.5,-0.7,16
397,6778.0,-0.9,-0.6000000000000001,-1.2000000000000002,-2.3000000000000003,3.2,7.800000000000001,7.500000000000001,34.900000000000006,32.0,16
398,6794.0,0.0,-1.2000000000000002,-0.7000000000000001,-1.5,2.5,8.200000000000001,-13.900000000000002,2.1,31.5,16
399,6814.0,0.0,-1.2000000000000002,-0.30000000000000004,-1.5,2.6,8.700000000000001,-30.1,-26.5,13.200000000000003,16
400,6828.0,-0.1,-0.6000000000000001,-1.0,-1.4000000000000001,3.0,8.0,1.9,-9.2,4.0,16
401,6844.0,0.1,-0.30000000000000004,-1.7000000000000002,-1.3,3.3000000000000003,7.300000000000001,22.4,7.6,2.8,16
402,6861.0,0.0,0.0,-2.8000000000000003,-1.4000000000000001,3.7,6.2,45.7,47.2,5.9,16
403,6878.0,-0.30000000000000004,-0.2,-2.0,-1.9000000000000001,3.7,6.9,43.50000000000001,75.5,14.0,16
404,6894.0,-0.2,-0.30000000000000004,-0.6000000000000001,-1.9000000000000001,3.7,8.200000000000001,39.699999999999996,65.4,18.8,16
405,6912.0,0.2,-0.9,-1.7000000000000002,-1.6,3.2,7.0,22.2,-14.200000000000001,17.7,16
406,6933.0,0.4,-0.30000000000000004,-2.7,-1.2000000000000002,3.9000000000000004,6.0,-3.6000000000000005,-45.2,2.2,16
407,6945.0,0.4,0.1,-2.9000000000000004,-1.1,4.2,5.800000000000001,-18.700000000000003,-39.300000000000004,-0.4,16
408,6961.0,0.4,0.4,-2.7,-1.0,4.5,6.9,-35.1,-13.100000000000001,3.9,16
409,6982.0,0.0,0.5,-0.5,-1.5,4.4,8.4,-30.3,27.6,10.5,16
410,6994.0,-0.1,0.30000000000000004,0.30000000000000004,-1.6,4.2,9.200000000000001,-21.400000000000002,44.4,14.5,16
411,7013.0,0.0,0.30000000000000004,0.9,-1.7000000000000002,4.2,9.8,8.4,46.800000000000004,10.9,16
412,7027.0,-0.4,0.7000000000000001,0.8,-2.1,4.6000000000000005,9.600000000000001,32.1,2.9,-5.0,16
413,7044.0,-0.4,0.6000000000000001,0.8,-2.4000000000000004,5.300000000000001,9.200000000000001,32.0,-5.6,-7.699999999999999,16
414,7060.0,-0.5,1.5,0.4,-2.4000000000000004,5.6000000000000005,9.1,16.5,-12.7,-6.4,16
415,7081.0,-0.5,1.5,1.9000000000000001,-2.2,5.6000000000000005,10.700000000000001,-2.1,-5.300000000000001,3.6000000000000005,16
416,7094.0,-0.1,2.0,1.9000000000000001,-1.7000000000000002,6.1000000000000005,10.600000000000001,-2.6,-2.6,3.1,16
417,7111.0,1.6,1.2000000000000002,0.1,0.0,5.300000000000001,8.9,17.0,-34.900000000000006,-10.5,16
418,7128.0,-0.4,0.2,0.4,-2.0,4.4,9.1,21.6,-51.70000000000001,-54.6,16
419,7144.0,-0.8,0.1,1.1,-2.3000000000000003,4.3,9.9,15.000000000000002,-21.400000000000002,-77.1,16
420,7161.0,-2.1,0.1,3.4000000000000004,-3.7,4.3,12.100000000000001,11.4,51.70000000000001,-87.89999999999999,16
421,7178.0,-1.0,0.4,3.6,-2.9000000000000004,4.6000000000000005,12.200000000000001,26.400000000000006,61.50000000000001,-47.5,16
422,7196.0,-0.1,0.1,2.3000000000000003,-2.1,4.3,10.9,31.5,36.400000000000006,-24.200000000000003,16
423,7211.0,0.4,-0.6000000000000001,-0.2,-1.7000000000000002,3.7,8.3,12.9,-18.0,12.7,16
424,7228.0,0.5,-0.9,-0.6000000000000001,-1.6,3.4000000000000004,8.0,-19.1,-7.0,14.200000000000001,16
425,7246.0,0.6000000000000001,-0.8,-0.4,-1.5,3.5,8.200000000000001,-23.5,10.0,14.400000000000002,16
426,7261.0,0.8,-1.1,-0.2,-1.2000000000000002,3.1,8.4,-17.0,37.300000000000004,14.700000000000001,16
427,7283.0,0.7000000000000001,-1.3,-0.1,-1.8,2.7,8.700000000000001,-9.700000000000001,39.50000000000001,11.700000000000001,16
428,7294.0,0.5,-1.4000000000000001,-0.30000000000000004,-1.7000000000000002,2.7,8.3,-6.9,30.4,9.100000000000001,16
429,7316.0,0.4,-1.4000000000000001,-2.2,-1.8,2.7,6.4,-9.899999999999999,4.800000000000001,-1.6,16
430,7330.0,-0.2,-1.2000000000000002,-2.7,-2.5,2.8000000000000003,5.9,-26.5,9.899999999999999,-6.300000000000001,16
431,7348.0,-0.5,-0.6000000000000001,-1.0,-2.8000000000000003,3.4000000000000004,7.6000000000000005,-31.5,23.5,-2.1,16
432,7362.0,0.2,-0.7000000000000001,-0.5,-2.1,3.3000000000000003,8.200000000000001,-23.3,11.900000000000002,1.0,16
433,7383.0,1.0,-1.1,-1.0,-1.4000000000000001,2.8000000000000003,7.7,6.0,-16.5,-2.3,16
434,7397.0,1.1,-1.0,-1.9000000000000001,-1.3,2.9000000000000004,6.800000000000001,15.2,-20.3,-9.8,16
435,7411.0,0.30000000000000004,-0.4,-3.5,-2.0,3.5,5.2,10.600000000000001,10.8,-18.6,16
436,7429.0,0.5,0.30000000000000004,-2.6,-1.9000000000000001,4.3,6.0,1.0,45.9,-14.200000000000001,16
437,7444.0,0.5,0.30000000000000004,-2.6,-1.8,4.2,6.9,1.1,46.800000000000004,-11.000000000000002,16
438,7462.0,0.8,-0.1,-0.8,-1.7000000000000002,3.7,8.4,13.5,30.5,0.0,16
439,7486.0,1.0,-0.30000000000000004,-1.0,-1.7000000000000002,3.7,7.5,26.300000000000004,17.200000000000003,0.0,16
440,7494.0,1.0,0.0,-1.8,-1.7000000000000002,4.1000000000000005,6.7,28.200000000000003,11.3,-2.6,16
441,7512.0,0.8,0.9,-1.8,-1.9000000000000001,5.0,6.6000000000000005,10.700000000000001,12.7,-3.0,16
442,7531.0,0.1,1.2000000000000002,-0.2,-2.8000000000000003,5.300000000000001,8.200000000000001,-9.0,28.400000000000002,2.8,16
443,7545.0,-0.5,0.9,0.7000000000000001,-4.0,4.6000000000000005,10.200000000000001,-12.5,32.8,6.4,16
444,7563.0,-1.1,0.2,2.4000000000000004,-4.1000000000000005,4.3,10.8,-8.700000000000001,33.6,14.100000000000001,16
445,7586.0,-0.1,0.4,1.8,-3.1,4.5,10.200000000000001,10.299999999999999,20.1,10.8,16
446,7594.0,0.30000000000000004,1.0,0.5,-2.8000000000000003,5.1000000000000005,8.9,16.4,11.5,1.8000000000000003,16
447,7613.0,-1.0,1.2000000000000002,-0.8,-4.1000000000000005,5.300000000000001,7.5,-2.7,0.4,-16.0,16
448,7627.0,-1.5,2.2,-0.1,-4.7,6.6000000000000005,9.200000000000001,-46.800000000000004,13.3,-4.1,16
449,7645.0,-1.7000000000000002,1.8,1.9000000000000001,-4.800000000000001,5.9,10.3,-63.2,19.5,7.0,16
450,7661.0,-2.0,-1.1,4.5,-5.2,2.8000000000000003,12.9,-80.2,8.5,21.500000000000004,16
451,7681.0,-1.0,-1.7000000000000002,5.1000000000000005,-4.1000000000000005,1.9000000000000001,13.600000000000001,-65.3,-20.599999999999998,14.400000000000002,16
452,7704.0,0.0,-1.6,2.2,-3.0,1.9000000000000001,10.8,-32.400000000000006,-18.8,-4.0,16
453,7711.0,0.0,-1.2000000000000002,0.4,-3.0,2.2,9.1,-24.5,-3.8,-15.399999999999999,16
454,7727.0,-0.5,-0.6000000000000001,-0.9,-3.5,2.7,7.800000000000001,-30.200000000000003,31.0,-25.200000000000003,16
455,7744.0,-1.1,-0.7000000000000001,-0.1,-4.2,2.5,8.6,-34.0,40.5,-25.300000000000004,16
456,7761.0,-1.4000000000000001,-0.30000000000000004,0.7000000000000001,-4.7,2.8000000000000003,9.4,-23.099999999999998,46.6,-20.599999999999998,16
457,7783.0,-0.6000000000000001,0.1,-1.5,-4.1000000000000005,3.2,7.2,-6.9,42.60000000000001,-12.7,16
458,7795.0,-0.30000000000000004,0.0,-2.2,-3.8000000000000003,3.0,6.5,-7.0,35.8,-7.0,16
459,7811.0,0.2,-0.1,-2.2,-3.4000000000000004,2.9000000000000004,6.4,-19.1,21.1,2.6,16
460,7830.0,0.8,-0.2,-1.5,-2.8000000000000003,2.7,7.1000000000000005,-15.6,26.1,4.6,16
461,7844.0,0.7000000000000001,-0.1,-1.3,-3.0,2.8000000000000003,7.300000000000001,-4.9,37.9,5.2,16
462,7863.0,0.6000000000000001,0.2,-1.1,-3.3000000000000003,3.3000000000000003,7.300000000000001,26.200000000000003,65.4,11.3,16
463,7883.0,0.5,0.5,-1.8,-3.6,3.5,6.6000000000000005,43.1,69.9,14.600000000000001,16
464,7895.0,0.7000000000000001,0.5,-2.0,-3.4000000000000004,3.7,6.300000000000001,40.5,60.5,17.7,16
465,7911.0,1.1,0.4,-2.0,-3.1,3.6,6.2,31.099999999999998,38.800000000000004,22.2,16
466,7928.0,1.4000000000000001,0.2,-1.9000000000000001,-2.9000000000000004,3.5,6.300000000000001,25.6,27.700000000000003,24.0,16
467,7951.0,1.2000000000000002,-0.2,-1.9000000000000001,-3.1,3.3000000000000003,6.2,16.900000000000002,10.0,16.3,16
468,7968.0,1.4000000000000001,0.4,-1.7000000000000002,-2.9000000000000004,3.9000000000000004,6.300000000000001,10.9,1.9,12.8,16
469,7977.0,1.4000000000000001,0.4,-1.7000000000000002,-2.9000000000000004,3.9000000000000004,6.300000000000001,10.9,1.9,12.8,16
470,7996.0,0.8,0.1,-1.4000000000000001,-3.5,3.7,6.6000000000000005,4.0,4.4,8.100000000000001,16
471,8013.0,0.1,0.5,-0.1,-4.3,4.1000000000000005,7.9,-8.899999999999999,24.0,5.9,16
472,8028.0,-0.30000000000000004,0.6000000000000001,1.3,-4.7,4.1000000000000005,9.3,-22.700000000000003,30.599999999999998,5.7,16
473,8044.0,-0.2,0.30000000000000004,2.1,-4.7,3.9000000000000004,10.100000000000001,-29.800000000000004,22.5,3.5,16
474,8061.0,-0.6000000000000001,0.30000000000000004,3.2,-5.1000000000000005,3.8000000000000003,11.200000000000001,-36.8,-21.1,-5.6,16
475,8086.0,0.7000000000000001,1.6,2.6,-3.7,5.0,10.700000000000001,-20.2,-65.4,-14.700000000000001,16
476,8094.0,1.4000000000000001,1.7000000000000002,0.9,-2.9000000000000004,5.0,9.1,-8.8,-72.60000000000001,-19.5,16
477,8110.0,1.0,1.6,-0.7000000000000001,-3.2,4.800000000000001,7.5,-11.6,-37.1,-30.200000000000003,16
478,8127.0,-1.9000000000000001,0.8,1.5,-6.0,3.9000000000000004,9.8,-40.6,9.100000000000001,-32.1,16
479,8144.0,-2.3000000000000003,0.1,3.7,-6.5,3.2,12.0,-53.2,15.299999999999999,-27.0,16
480,8160.0,-2.0,-0.30000000000000004,5.300000000000001,-5.4,2.1,14.100000000000001,-50.7,-7.300000000000001,-24.5,16
481,8179.0,-1.4000000000000001,-0.2,4.1000000000000005,-5.6000000000000005,2.5,12.5,-31.3,-38.7,-37.6,16
482,8195.0,-1.7000000000000002,0.6000000000000001,2.3000000000000003,-5.9,3.2,10.8,-25.4,-38.7,-36.6,16
483,8214.0,-1.4000000000000001,1.0,1.6,-5.5,3.5,10.200000000000001,-27.400000000000002,4.4,-8.899999999999999,16
484,8227.0,0.2,-0.30000000000000004,2.1,-3.9000000000000004,2.1,10.700000000000001,-22.6,36.8,3.0,16
485,8246.0,0.9,-0.5,1.7000000000000002,-3.4000000000000004,1.8,10.200000000000001,-18.0,21.400000000000002,-5.500000000000001,16
486,8261.0,0.8,-0.7000000000000001,1.0,-3.5,1.7000000000000002,9.5,-15.299999999999999,14.200000000000001,-10.0,16
487,8280.0,0.4,-0.30000000000000004,-0.2,-4.0,2.0,8.3,-6.4,28.0,-9.4,16
488,8295.0,0.30000000000000004,-0.2,-0.6000000000000001,-4.0,2.0,7.9,0.0,39.300000000000004,-7.400000000000001,16
489,8312.0,0.6000000000000001,-0.6000000000000001,-0.7000000000000001,-3.9000000000000004,1.6,7.7,1.9,34.50000000000001,-5.300000000000001,16
490,8327.0,0.8,-1.0,-1.3,-3.8000000000000003,1.3,7.0,2.4000000000000004,12.8,-14.700000000000001,16
491,8344.0,0.4,-1.6,-1.1,-4.3,0.6000000000000001,7.2,3.3000000000000007,8.100000000000001,-21.7,16
492,8360.0,1.5,-1.4000000000000001,-0.4,-3.1,0.8,7.9,11.000000000000002,-3.6000000000000005,-34.60000000000001,16
493,8378.0,0.30000000000000004,-1.2000000000000002,-1.9000000000000001,-4.3,1.0,6.5,31.3,-27.9,-48.800000000000004,16
494,8394.0,-0.8,-1.1,-2.9000000000000004,-5.4,1.1,5.5,37.6,-41.7,-37.800000000000004,16
495,8410.0,0.1,0.1,-3.1,-4.4,2.3000000000000003,5.300000000000001,31.6,-35.9,4.1,16
496,8427.0,0.8,-0.5,-3.0,-3.6,1.9000000000000001,5.5,35.699999999999996,-23.900000000000006,16.1,16
497,8444.0,0.7000000000000001,-0.9,-2.6,-3.7,1.5,5.800000000000001,39.8,-16.8,13.000000000000002,16
498,8462.0,0.30000000000000004,-1.6,-2.2,-4.0,1.0,6.2,48.9,-9.5,5.8,16
499,8478.0,-0.1,-1.3,-2.9000000000000004,-4.4,1.4000000000000001,5.5,50.900000000000006,-2.1,7.6,16
500,8494.0,0.30000000000000004,-1.1,-2.9000000000000004,-4.0,1.7000000000000002,5.4,45.2,8.600000000000001,10.200000000000001,16
501,8524.0,0.4,-1.3,-1.9000000000000001,-4.6000000000000005,1.6,7.1000000000000005,18.200000000000003,46.6,6.4,16
502,8531.0,-0.2,-1.5,-0.5,-4.6000000000000005,1.5,7.800000000000001,12.5,55.2,3.5,16
503,8544.0,0.0,-1.6,0.0,-4.5,1.4000000000000001,8.200000000000001,8.4,63.500000000000014,2.4000000000000004,16
504,8562.0,-0.1,-1.2000000000000002,0.30000000000000004,-4.800000000000001,1.8,8.3,5.0,48.50000000000001,-0.7,16
505,8580.0,0.1,-1.5,-0.2,-4.7,1.6,7.800000000000001,4.7,24.5,-12.600000000000001,16
506,8600.0,-0.4,-0.7000000000000001,-0.1,-5.300000000000001,2.4000000000000004,7.800000000000001,1.6,43.00000000000001,-25.0,16
507,8611.0,-1.5,-0.2,0.8,-6.4,2.8000000000000003,8.700000000000001,-8.8,68.5,-29.500000000000004,16
508,8628.0,-3.0,0.8,3.2,-8.200000000000001,3.7,11.0,-47.2,100.9,-30.9,16
509,8648.0,-2.9000000000000004,0.5,4.0,-8.3,3.3000000000000003,11.700000000000001,-67.2,74.60000000000001,-29.0,16
510,8661.0,-2.4000000000000004,-0.7000000000000001,4.2,-7.4,0.2,11.4,-87.10000000000001,1.7,-28.0,16
511,8678.0,0.0,-2.8000000000000003,2.1,-5.6000000000000005,-0.5,9.8,-56.2,-23.099999999999998,-48.800000000000004,16
512,8694.0,0.9,-2.3000000000000003,0.1,-4.6000000000000005,-0.1,7.9,-34.50000000000001,-5.4,-61.7,16
513,8711.0,1.0,-1.7000000000000002,-1.6,-4.5,0.4,4.7,1.9,80.7,-89.4,16
514,8727.0,0.7000000000000001,-1.2000000000000002,-4.1000000000000005,-5.300000000000001,0.6000000000000001,3.4000000000000004,29.400000000000002,170.8,-106.4,16
515,8745.0,0.5,-1.2000000000000002,-3.8000000000000003,-5.7,0.5,3.5,43.2,202.1,-109.7,16
516,8760.0,1.3,-2.5,-2.9000000000000004,-5.5,-0.9,4.0,59.5,224.8,-117.60000000000001,16
517,8782.0,2.0,-1.7000000000000002,-2.3000000000000003,-5.4,-0.2,4.0,70.4,239.5,-129.70000000000002,16
518,8794.0,2.3000000000000003,-1.2000000000000002,-2.3000000000000003,-5.4,0.1,3.7,80.0,238.7,-137.3,16
519,8811.0,2.3000000000000003,-1.4000000000000001,-3.0,-5.9,-0.30000000000000004,2.3000000000000003,89.30000000000001,223.9,-142.79999999999998,16
520,8849.0,2.7,-1.1,-2.2,-6.300000000000001,-0.5,1.7000000000000002,83.00000000000001,215.1,-129.70000000000002,16
521,8862.0,2.9000000000000004,-1.3,-1.8,-6.2,-0.9,1.8,80.4,207.50000000000003,-132.2,16
522,8877.0,2.9000000000000004,-1.7000000000000002,-1.1,-6.300000000000001,-1.4000000000000001,2.1,77.60000000000001,193.8,-139.60000000000002,16
523,8898.0,2.8000000000000003,-2.5,0.8,-6.7,-2.6,3.4000000000000004,70.5,157.1,-166.60000000000002,16
524,368509.0,-0.5,-1.3,-2.0,-0.9,2.9000000000000004,6.800000000000001,29.1,-9.700000000000001,-3.0,16
525,368524.0,-0.8,-1.0,-2.3000000000000003,-1.2000000000000002,3.3000000000000003,6.5,21.500000000000004,-9.899999999999999,-0.8,16
526,368542.0,-0.8,-1.0,-2.3000000000000003,-1.1,3.3000000000000003,6.5,16.4,-10.600000000000001,1.4,16
527,368559.0,-0.4,-1.2000000000000002,-1.8,-0.7000000000000001,3.2,7.0,4.2,-8.3,4.2,16
528,368575.0,-0.1,-1.4000000000000001,-1.1,-0.4,3.0,7.7,-8.5,-7.400000000000001,2.4000000000000004,16
529,368591.0,-0.2,-1.3,-0.5,-0.5,3.1,8.200000000000001,-12.200000000000001,-3.9,-0.1,16
530,368609.0,-0.9,-0.6000000000000001,0.1,-1.2000000000000002,3.7,8.9,-11.8,12.7,-3.6000000000000005,16
531,368625.0,-1.3,-0.4,0.5,-1.6,3.8000000000000003,9.3,-2.7,18.900000000000002,-2.4000000000000004,16
532,368642.0,-1.3,-0.4,0.7000000000000001,-1.7000000000000002,3.9000000000000004,9.5,4.300000000000001,17.0,-1.1,16
533,368660.0,-1.4000000000000001,-0.2,0.6000000000000001,-1.8,4.1000000000000005,9.4,18.3,2.3,0.8,16
534,368675.0,-1.1,0.0,-0.1,-1.6,4.3,8.700000000000001,20.599999999999998,-25.0,4.2,16
535,368692.0,-0.6000000000000001,-0.2,0.2,-1.0,4.2,8.9,11.700000000000001,-14.800000000000002,6.4,16
536,368707.0,-0.5,-0.30000000000000004,0.7000000000000001,-0.9,4.1000000000000005,9.4,5.8,-1.7,5.1000000000000005,16
537,368726.0,-1.0,-0.2,2.0,-1.4000000000000001,4.2,10.700000000000001,-1.4,17.9,0.9000000000000001,16
538,368741.0,-1.2000000000000002,-0.1,2.5,-1.6,4.3,11.200000000000001,-0.6000000000000001,21.8,0.6000000000000001,16
539,368757.0,-1.5,0.1,2.8000000000000003,-2.1,4.800000000000001,11.5,8.2,1.6,0.30000000000000004,16
540,368776.0,-1.5,2.2,2.3000000000000003,-2.0,6.7,11.0,23.2,-26.000000000000004,0.9000000000000001,16
541,368798.0,-1.8,2.0,1.4000000000000001,-2.2,6.5,10.100000000000001,16.8,-55.0,13.6,16
542,368812.0,-1.5,1.1,1.9000000000000001,-1.7000000000000002,5.6000000000000005,10.600000000000001,12.299999999999999,-55.7,19.1,16
543,368824.0,-1.1,-0.1,2.7,-0.9,3.2,11.600000000000001,1.4,-22.6,39.400000000000006,16
544,368842.0,-0.6000000000000001,-2.2,2.6,-0.6000000000000001,2.4000000000000004,11.200000000000001,1.3,-5.2,45.400000000000006,16
545,368858.0,0.6000000000000001,-3.7,1.3,0.7000000000000001,0.9,10.0,-1.7,-29.500000000000004,49.9,16
546,368875.0,2.0,-4.3,0.30000000000000004,2.3000000000000003,0.30000000000000004,9.0,-10.1,-58.900000000000006,43.800000000000004,16
547,368891.0,2.4000000000000004,-4.3,-0.4,2.8000000000000003,0.2,8.3,-16.5,-53.300000000000004,35.5,16
548,368907.0,1.8,-3.9000000000000004,-0.6000000000000001,2.4000000000000004,0.6000000000000001,8.1,-32.7,-22.8,17.7,16
549,368927.0,0.7000000000000001,-3.1,0.30000000000000004,1.4000000000000001,1.3,9.0,-41.199999999999996,18.5,5.500000000000001,16
550,368941.0,0.7000000000000001,-3.0,0.2,0.8,1.6,9.4,-40.1,34.0,2.2,16
551,368959.0,-0.7000000000000001,-2.1,0.9,-0.2,2.1,9.700000000000001,-33.300000000000004,40.300000000000004,4.4,16
552,368974.0,-1.4000000000000001,-1.9000000000000001,1.0,-1.0,2.2,9.9,-32.400000000000006,13.399999999999999,11.700000000000001,16
553,368993.0,-1.5,-2.1,0.8,-1.1,1.9000000000000001,9.8,-38.800000000000004,-10.0,9.100000000000001,16
554,369010.0,-1.5,-2.1,0.2,-1.0,1.8,9.200000000000001,-39.2,-13.8,5.8,16
555,369024.0,-1.3,-1.5,-0.7000000000000001,-0.8,2.2,8.4,-30.599999999999998,-10.8,-1.1,16
556,369041.0,-1.4000000000000001,-0.9,-0.8,-0.9,2.8000000000000003,8.3,-22.3,-4.6,-4.9,16
557,369059.0,-1.1,-1.5,-1.2000000000000002,-0.6000000000000001,2.2,7.9,-4.5,-4.4,-5.300000000000001,16
558,369074.0,-0.30000000000000004,-0.9,-1.6,0.2,2.7,7.5,9.899999999999999,9.899999999999999,-3.7000000000000006,16
559,369091.0,0.30000000000000004,-1.0,-1.5,0.8,2.7,7.6000000000000005,14.300000000000002,19.9,-2.8,16
560,369108.0,0.30000000000000004,-0.9,-0.7000000000000001,0.7000000000000001,2.8000000000000003,8.4,8.5,37.800000000000004,9.8,16
561,369125.0,0.1,-1.2000000000000002,-0.5,0.4,2.5,8.6,-1.7,37.300000000000004,9.899999999999999,16
562,369141.0,0.1,-1.1,-0.4,0.30000000000000004,2.6,8.700000000000001,-6.8,23.2,7.200000000000001,16
563,369160.0,-0.1,-0.7000000000000001,-0.1,0.1,3.0,9.0,-12.7,1.8000000000000003,5.500000000000001,16
564,369175.0,-0.30000000000000004,-0.5,0.0,-0.1,3.1,9.200000000000001,-7.6,21.500000000000004,12.299999999999999,16
565,369193.0,-0.2,-0.8,-0.1,0.0,2.8000000000000003,9.1,6.500000000000001,37.2,14.900000000000002,16
566,369212.0,0.1,-0.7000000000000001,0.1,0.1,3.0,9.200000000000001,17.300000000000004,21.7,8.2,16
567,369226.0,-0.30000000000000004,-0.4,0.5,-0.30000000000000004,3.2,9.600000000000001,17.799999999999997,7.699999999999999,5.8,16
568,369243.0,-0.7000000000000001,-0.30000000000000004,1.0,-1.1,3.4000000000000004,10.5,16.6,4.4,5.7,16
569,369258.0,-1.4000000000000001,-0.30000000000000004,1.7000000000000002,-1.4000000000000001,3.4000000000000004,10.8,12.9,12.8,6.600000000000001,16
570,369274.0,-1.4000000000000001,-0.8,2.1,-1.4000000000000001,2.9000000000000004,11.100000000000001,11.4,15.899999999999999,5.1000000000000005,16
571,369298.0,-0.7000000000000001,-0.30000000000000004,1.6,-0.8,3.4000000000000004,10.600000000000001,29.200000000000003,-11.1,-51.50000000000001,16
572,369308.0,-0.7000000000000001,-0.1,1.6,-0.9,3.8000000000000003,10.700000000000001,36.6,-25.1,-69.80000000000001,16
573,369336.0,-2.9000000000000004,0.0,4.0,-3.1,4.0,13.0,27.0,27.700000000000003,-40.6,16
574,369341.0,-2.9000000000000004,0.0,4.0,-3.1,4.0,13.0,27.0,27.700000000000003,-40.6,16
575,369357.0,-2.9000000000000004,0.0,4.0,-3.1,4.0,13.0,27.0,27.700000000000003,-40.6,16
576,369375.0,-3.3000000000000003,-0.9,5.300000000000001,-2.7,1.4000000000000001,13.8,12.5,29.1,64.7,16
577,369392.0,-3.3000000000000003,-0.9,5.300000000000001,-2.7,1.4000000000000001,13.8,12.5,29.1,64.7,16
578,369408.0,0.5,-4.1000000000000005,0.4,0.30000000000000004,0.2,9.200000000000001,46.7,-50.0,34.2,16
579,369425.0,-0.4,-3.0,-1.2000000000000002,-0.4,1.4000000000000001,7.5,48.0,-34.400000000000006,-2.1,16
580,369442.0,-1.0,-2.2,-1.6,-0.9,2.3000000000000003,7.1000000000000005,44.7,-15.299999999999999,-10.299999999999999,16
581,369459.0,-1.0,-1.3,-1.4000000000000001,-0.9,3.4000000000000004,7.2,34.1,32.9,-3.8,16
582,369475.0,-1.5,-1.3,-0.30000000000000004,-1.6,3.4000000000000004,8.3,18.1,76.0,16.1,16
583,369491.0,-1.2000000000000002,-1.5,0.0,-1.4000000000000001,3.3000000000000003,8.5,9.5,71.6,29.200000000000003,16
584,369509.0,-0.5,-2.1,-0.2,-0.8,2.7,8.4,0.7,24.200000000000003,37.400000000000006,16
585,369525.0,0.5,-2.4000000000000004,-1.3,0.2,2.3000000000000003,7.300000000000001,-4.9,-4.7,23.2,16
586,369541.0,0.5,-1.9000000000000001,-1.3,0.2,2.8000000000000003,7.300000000000001,-8.700000000000001,-7.300000000000001,12.600000000000001,16
587,369558.0,0.1,-1.4000000000000001,-1.6,-0.1,3.3000000000000003,7.0,-10.9,19.5,4.800000000000001,16
588,369575.0,-0.7000000000000001,-0.8,-0.8,-1.0,3.9000000000000004,7.800000000000001,4.300000000000001,59.300000000000004,8.100000000000001,16
589,369594.0,-0.7000000000000001,-0.7000000000000001,-0.5,-1.2000000000000002,4.0,8.1,23.900000000000006,45.2,17.1,16
590,369608.0,-0.6000000000000001,-0.8,-0.4,-1.1,4.0,8.200000000000001,28.200000000000003,24.200000000000003,19.0,16
591,369627.0,-0.5,-0.9,-0.6000000000000001,-1.0,4.0,7.9,20.900000000000002,-11.8,22.1,16
592,369644.0,-0.2,-1.0,-0.8,-0.2,3.8000000000000003,7.9,11.6,-24.3,23.2,16
593,369664.0,0.1,-1.3,0.4,-0.2,3.6,8.9,-10.200000000000001,-23.099999999999998,10.700000000000001,16
594,369676.0,-0.1,-1.0,0.6000000000000001,-0.4,3.9000000000000004,9.1,-7.200000000000001,-17.5,-1.3,16
595,369692.0,-0.1,-0.6000000000000001,0.4,-0.4,4.3,8.9,-4.2,-18.200000000000003,-4.4,16
596,369713.0,0.1,0.4,0.2,-0.1,5.2,8.700000000000001,16.5,-11.6,-10.200000000000001,16
597,369725.0,0.1,0.4,0.2,-0.30000000000000004,5.300000000000001,9.0,21.6,-1.4,-9.0,16
598,369741.0,-0.4,0.5,0.8,-0.6000000000000001,5.4,9.3,24.7,7.500000000000001,-6.500000000000001,16
599,369759.0,-0.9,0.0,1.7000000000000002,-1.2000000000000002,5.0,10.200000000000001,18.900000000000002,13.000000000000002,-2.3,16
600,369778.0,-0.6000000000000001,0.0,2.8000000000000003,-0.9,5.0,11.200000000000001,3.3000000000000007,6.4,-6.699999999999999,16
601,369798.0,-0.30000000000000004,0.6000000000000001,3.2,-0.7000000000000001,5.6000000000000005,11.600000000000001,0.4,-5.2,-22.2,16
602,369808.0,-0.30000000000000004,0.8,2.8000000000000003,-0.6000000000000001,5.800000000000001,11.200000000000001,6.699999999999999,-10.600000000000001,-29.600000000000005,16
603,369825.0,-0.4,1.0,2.3000000000000003,-0.7000000000000001,6.0,10.700000000000001,13.8,-10.5,-33.1,16
604,369842.0,-1.6,0.5,2.3000000000000003,-1.9000000000000001,5.5,10.700000000000001,5.0,13.700000000000001,-27.6,16
605,369859.0,-2.2,-0.9,3.8000000000000003,-2.7,4.1000000000000005,12.200000000000001,-16.700000000000003,42.900000000000006,-16.8,16
606,369888.0,-1.6,-1.8,4.1000000000000005,-1.6,2.9000000000000004,11.4,3.6000000000000005,32.8,-5.0,16
607,369891.0,-1.6,-1.8,4.1000000000000005,-1.6,2.9000000000000004,11.4,3.6000000000000005,32.8,-5.0,16
608,369908.0,1.0,-2.5,0.4,0.4,2.7,8.700000000000001,44.10000000000001,-28.600000000000005,7.6,16
609,369925.0,1.7000000000000002,-2.5,-0.8,1.2000000000000002,2.7,7.1000000000000005,20.400000000000002,-18.0,-2.5,16
610,369945.0,1.6,-2.5,-1.3,1.0,2.7,7.0,1.2000000000000002,-3.7000000000000006,-11.1,16
611,369958.0,0.2,-2.3000000000000003,-0.4,-0.4,2.9000000000000004,7.9,-26.400000000000006,17.0,-24.0,16
612,369975.0,-0.9,-2.0,0.0,-1.6,3.1,8.3,-30.699999999999996,28.700000000000003,-22.9,16
613,369993.0,-1.1,-2.3000000000000003,0.30000000000000004,-1.9000000000000001,2.7,8.700000000000001,-28.600000000000005,23.800000000000004,-10.299999999999999,16
614,370012.0,-0.9,-2.5,0.6000000000000001,-1.8,2.4000000000000004,9.1,-31.0,12.600000000000001,-4.0,16
615,370038.0,0.1,-2.6,0.5,-0.9,2.3000000000000003,9.0,-29.1,3.3000000000000007,-4.2,16
616,370041.0,0.1,-2.6,0.5,-0.9,2.3000000000000003,9.0,-29.1,3.3000000000000007,-4.2,16
617,370067.0,0.5,-2.6,0.0,-0.5,2.1,8.5,-14.0,3.5,-10.700000000000001,16
618,370075.0,0.30000000000000004,-2.1,-1.2000000000000002,-0.7000000000000001,2.6,7.300000000000001,5.300000000000001,1.8000000000000003,-20.0,16
619,370092.0,0.1,-1.6,-1.6,-0.9,3.1,7.0,11.3,3.7000000000000006,-21.400000000000002,16
620,370107.0,0.0,-1.1,-1.7000000000000002,-1.1,3.6,6.800000000000001,12.299999999999999,21.6,-20.5,16
621,370124.0,-0.2,-1.0,-1.1,-1.6,3.7,7.800000000000001,5.9,33.1,-19.1,16
622,370141.0,-0.4,-1.0,-0.6000000000000001,-1.7000000000000002,3.8000000000000003,7.9,4.0,19.400000000000002,-18.200000000000003,16
623,370157.0,-0.4,-0.8,-0.6000000000000001,-1.8,4.0,7.9,2.8,1.3,-17.9,16
624,370174.0,-0.5,-0.7000000000000001,-0.7000000000000001,-1.8,4.1000000000000005,7.800000000000001,2.2,-11.1,-12.299999999999999,16
625,370198.0,-0.4,-0.4,-0.2,-1.7000000000000002,4.4,8.200000000000001,3.7000000000000006,1.8000000000000003,-4.7,16
626,370221.0,-0.1,-0.30000000000000004,0.2,-1.4000000000000001,4.4,8.700000000000001,9.700000000000001,14.200000000000001,1.0,16
627,370232.0,0.1,-0.4,0.30000000000000004,-1.3,4.4,8.700000000000001,13.200000000000003,13.5,3.4,16
628,370241.0,0.1,-0.4,0.5,-1.3,4.4,8.9,14.800000000000002,7.300000000000001,5.300000000000001,16
629,370258.0,-0.30000000000000004,-0.4,0.7000000000000001,-1.7000000000000002,4.5,9.1,7.500000000000001,-2.3,3.6000000000000005,16
630,370275.0,-0.9,-0.2,1.6,-2.3000000000000003,4.7,10.100000000000001,-9.3,4.300000000000001,-0.6000000000000001,16
631,370292.0,-1.3,-0.1,2.6,-2.7,4.7,11.0,-14.400000000000002,11.3,-0.5,16
632,370308.0,-1.2000000000000002,0.5,3.8000000000000003,-2.7,5.300000000000001,12.3,-3.7000000000000006,13.100000000000001,0.30000000000000004,16
633,370327.0,-0.7000000000000001,0.8,3.2,-2.2,5.6000000000000005,11.600000000000001,11.6,1.7,-1.8000000000000003,16
634,370344.0,-0.4,0.9,1.3,-1.9000000000000001,5.800000000000001,9.700000000000001,30.1,-18.5,-3.7000000000000006,16
635,370358.0,-2.0,-0.1,1.3,-3.4000000000000004,4.800000000000001,9.700000000000001,-7.6,10.200000000000001,2.8,16
636,370381.0,-2.6,-1.9000000000000001,4.3,-4.0,3.0,12.700000000000001,-48.800000000000004,28.1,19.200000000000003,16
637,370393.0,-1.6,-2.9000000000000004,4.3,-3.1,1.8,12.8,-24.900000000000002,12.600000000000001,22.000000000000004,16
638,370412.0,-0.8,-3.2,3.1,-2.3000000000000003,1.5,11.5,-0.9000000000000001,1.0,17.7,16
639,370433.0,-0.1,-3.0,1.6,-1.1,2.1,8.700000000000001,40.1,-14.100000000000001,6.4,16
640,370441.0,0.2,-2.5,-0.8,-1.3,2.3000000000000003,7.6000000000000005,46.199999999999996,-2.7,2.1,16
641,370461.0,-0.6000000000000001,-2.1,-1.8,-2.0,2.8000000000000003,6.6000000000000005,22.6,31.099999999999998,-2.0,16
642,370489.0,-1.5,-1.7000000000000002,-0.5,-3.1,3.2,7.9,-31.0,21.200000000000003,4.0,16
643,370491.0,-1.5,-1.7000000000000002,-0.5,-3.1,3.2,7.9,-31.0,21.200000000000003,4.0,16
644,370514.0,-0.6000000000000001,-1.5,0.4,-2.3000000000000003,3.3000000000000003,8.8,-28.3,11.1,20.5,16
645,370525.0,-0.2,-1.6,0.2,-1.9000000000000001,3.1,8.700000000000001,-17.7,10.600000000000001,22.700000000000003,16
646,370542.0,0.2,-1.7000000000000002,0.0,-1.5,3.0,8.4,-7.200000000000001,10.600000000000001,21.8,16
647,370558.0,0.5,-1.4000000000000001,-0.7000000000000001,-1.2000000000000002,3.3000000000000003,7.800000000000001,3.4,10.600000000000001,16.1,16
648,370586.0,-0.1,-1.0,-0.8,-1.7000000000000002,3.7,7.6000000000000005,0.9000000000000001,2.9,9.600000000000001,16
649,370591.0,-0.1,-1.0,-0.8,-1.7000000000000002,3.7,7.6000000000000005,0.9000000000000001,2.9,9.600000000000001,16
650,370609.0,-0.2,-0.8,-0.9,-1.8,4.0,7.5,3.3000000000000007,-4.1,11.000000000000002,16
651,370627.0,-0.1,-0.8,-1.3,-1.7000000000000002,4.0,7.1000000000000005,10.299999999999999,-3.4,13.8,16
652,370642.0,0.0,-0.8,-1.4000000000000001,-1.6,4.0,7.1000000000000005,12.5,0.30000000000000004,14.400000000000002,16
653,370659.0,0.1,-0.7000000000000001,-0.9,-1.5,4.1000000000000005,7.5,11.5,6.699999999999999,14.800000000000002,16
654,370686.0,0.0,-0.9,0.1,-1.6,4.0,8.8,11.8,1.8000000000000003,10.9,16
655,370692.0,0.0,-0.9,0.4,-1.6,4.0,8.8,11.8,1.8000000000000003,10.9,16
656,370709.0,0.1,-0.8,0.4,-1.3,4.3,8.700000000000001,20.400000000000002,-8.8,7.300000000000001,16
657,370725.0,0.5,-0.5,0.30000000000000004,-0.9,4.6000000000000005,8.6,23.800000000000004,-10.600000000000001,2.8,16
658,370744.0,0.6000000000000001,-0.30000000000000004,0.30000000000000004,-1.1,4.9,8.8,21.300000000000004,-7.6,-4.300000000000001,16
659,370762.0,0.1,-0.1,0.7000000000000001,-1.3,4.9,8.9,18.3,-6.8,-7.6,16
660,370782.0,-0.5,-0.2,1.0,-2.0,4.9,9.3,13.000000000000002,-8.8,-14.800000000000002,16
661,370795.0,-1.1,0.2,1.6,-2.5,5.300000000000001,9.9,8.5,-12.9,-24.0,16
662,370810.0,-1.1,0.7000000000000001,1.9000000000000001,-2.5,5.800000000000001,10.200000000000001,9.0,-20.1,-29.200000000000003,16
663,370826.0,-1.1,1.1,1.7000000000000002,-2.6,6.2,9.9,12.0,-34.7,-33.400000000000006,16
664,370842.0,-0.6000000000000001,1.3,0.2,-2.1,6.4,8.4,5.1000000000000005,-53.599999999999994,-28.800000000000004,16
665,370858.0,-0.5,0.30000000000000004,0.8,-1.8,5.4,9.1,-34.1,-21.8,-13.5,16
666,370876.0,-0.7000000000000001,-1.4000000000000001,4.2,-2.0,3.5,12.600000000000001,-55.8,11.000000000000002,-8.0,16
667,370898.0,-0.30000000000000004,-2.2,5.1000000000000005,-1.6,2.7,13.5,-24.900000000000002,8.3,-11.8,16
668,370908.0,0.4,-2.3000000000000003,4.4,-1.0,2.4000000000000004,12.8,-0.1,-2.9,-12.4,16
669,370930.0,1.6,-2.5,1.7000000000000002,0.2,2.3000000000000003,10.100000000000001,29.400000000000002,-14.300000000000002,-17.300000000000004,16
670,370941.0,1.7000000000000002,-2.5,0.6000000000000001,0.30000000000000004,2.3000000000000003,9.1,28.500000000000004,-9.3,-22.6,16
671,370958.0,1.1,-2.4000000000000004,-0.30000000000000004,-0.30000000000000004,2.5,8.1,12.299999999999999,-4.6,-30.9,16
672,370983.0,0.0,-2.2,-1.0,-1.4000000000000001,2.7,7.4,-5.300000000000001,-1.8000000000000003,-30.200000000000003,16
673,370992.0,-0.4,-2.1,-1.1,-1.9000000000000001,2.8000000000000003,7.300000000000001,-9.2,0.2,-28.1,16
674,371009.0,-0.8,-2.5,-1.0,-2.3000000000000003,2.3000000000000003,7.4,-24.599999999999998,6.1000000000000005,-14.200000000000001,16
675,371027.0,-0.5,-2.9000000000000004,-0.1,-2.1,1.8,8.4,-34.50000000000001,11.000000000000002,-2.9,16
676,371041.0,-0.4,-3.1,0.30000000000000004,-1.9000000000000001,1.6,8.8,-34.300000000000004,8.100000000000001,-0.5,16
677,371058.0,-0.30000000000000004,-3.0,0.30000000000000004,-1.9000000000000001,1.6,8.9,-25.900000000000002,-7.8,-4.2,16
678,371085.0,-0.4,-1.8,-1.1,-1.9000000000000001,2.7,7.5,-5.7,-19.9,-23.6,16
679,371091.0,-0.4,-1.8,-1.1,-1.9000000000000001,2.7,7.5,-5.7,-19.9,-23.6,16
680,371108.0,-0.6000000000000001,-1.5,-1.6,-2.3000000000000003,3.0,6.800000000000001,-0.1,-15.6,-22.1,16
681,371128.0,-1.4000000000000001,-1.1,-1.7000000000000002,-2.9000000000000004,3.7,7.0,2.4000000000000004,-7.9,-15.700000000000001,16
682,371141.0,-1.1,-0.6000000000000001,-1.7000000000000002,-2.6,3.9000000000000004,6.9,4.6,-9.899999999999999,-9.5,16
683,371158.0,-0.5,-0.5,-1.7000000000000002,-2.0,3.9000000000000004,6.9,4.4,-14.0,-2.5,16
684,371183.0,-0.4,-0.30000000000000004,-1.1,-1.8,4.1000000000000005,7.5,-0.6000000000000001,-18.3,-1.6,16
685,371193.0,-0.4,-0.30000000000000004,-1.1,-1.8,4.2,7.5,-8.2,-28.600000000000005,0.9000000000000001,16
686,371208.0,-0.5,-0.30000000000000004,-1.1,-1.8,4.4,7.800000000000001,-9.3,-26.200000000000003,3.6000000000000005,16
687,371226.0,-0.1,0.30000000000000004,-0.5,-1.4000000000000001,4.7,8.200000000000001,-6.300000000000001,-15.5,14.200000000000001,16
688,371242.0,0.1,0.30000000000000004,-0.4,-1.1,4.7,8.3,-4.6,-10.200000000000001,18.5,16
689,371258.0,0.0,0.4,0.1,-1.2000000000000002,4.800000000000001,8.8,-10.0,2.0,19.6,16
690,371280.0,-0.4,0.2,1.1,-1.6,4.6000000000000005,9.8,-22.6,8.5,18.3,16
691,371299.0,-1.0,0.1,2.4000000000000004,-2.2,4.4,11.200000000000001,-30.799999999999997,9.4,17.300000000000004,16
692,371311.0,-1.1,0.30000000000000004,3.2,-2.2,4.6000000000000005,11.9,-28.700000000000003,10.299999999999999,17.6,16
693,371336.0,-0.7000000000000001,0.6000000000000001,2.0,-1.8,4.800000000000001,10.8,-13.200000000000003,2.8,20.8,16
694,371341.0,-0.7000000000000001,0.6000000000000001,2.0,-1.8,4.800000000000001,10.8,-13.200000000000003,2.8,20.8,16
695,371361.0,-0.7000000000000001,0.6000000000000001,2.0,-1.8,4.800000000000001,10.8,-13.200000000000003,2.8,20.8,16
696,371376.0,-0.7000000000000001,0.6000000000000001,2.0,-1.8,4.800000000000001,10.8,-13.200000000000003,2.8,20.8,16
697,371391.0,-0.7000000000000001,0.6000000000000001,2.0,-2.7,1.9000000000000001,15.4,-78.2,16.3,30.599999999999998,16
698,371408.0,-0.7000000000000001,0.6000000000000001,2.0,-2.7,1.9000000000000001,15.4,-78.2,16.3,30.599999999999998,16
699,371427.0,0.5,-2.7,3.0,-0.6000000000000001,1.0,12.100000000000001,35.4,-18.200000000000003,15.5,16
700,371444.0,0.9,-2.8000000000000003,1.2000000000000002,-0.1,0.9,10.200000000000001,43.00000000000001,-14.5,13.6,16
701,371464.0,0.30000000000000004,-2.7,-0.5,-0.7000000000000001,1.2000000000000002,8.5,41.1,10.200000000000001,-6.9,16
702,371485.0,-1.5,-1.8,-0.7000000000000001,-3.3000000000000003,2.4000000000000004,8.4,20.0,23.5,-21.7,16
703,371495.0,-2.5,-1.4000000000000001,-0.4,-3.7,2.5,8.5,-0.6000000000000001,14.900000000000002,-11.000000000000002,16
704,371509.0,-2.5,-1.4000000000000001,-0.4,-3.7,2.5,8.5,-5.8,9.2,0.8,16
705,371526.0,-1.2000000000000002,-1.8,-0.30000000000000004,-2.5,2.1,8.5,-5.4,6.0,24.7,16
706,371548.0,0.0,-2.1,-0.7000000000000001,-1.3,1.9000000000000001,8.200000000000001,4.0,9.8,31.3,16
707,371561.0,0.30000000000000004,-2.0,-1.0,-0.9,1.9000000000000001,7.9,9.4,11.8,29.300000000000004,16
708,371579.0,0.4,-1.8,-1.7000000000000002,-0.8,2.2,7.2,16.1,13.3,21.200000000000003,16
709,371592.0,0.30000000000000004,-1.6,-1.9000000000000001,-1.0,2.4000000000000004,6.9,17.0,13.3,16.6,16
710,371610.0,0.1,-1.3,-2.1,-1.4000000000000001,3.1,6.5,18.700000000000003,12.299999999999999,11.2,16
711,371630.0,-0.30000000000000004,-0.5,-2.2,-1.6,3.7,6.6000000000000005,14.900000000000002,11.8,13.700000000000001,16
712,371645.0,-0.30000000000000004,-0.4,-1.9000000000000001,-1.4000000000000001,3.8000000000000003,6.9,10.4,5.0,18.0,16
713,371659.0,-0.1,-0.4,-1.9000000000000001,-1.4000000000000001,3.9000000000000004,6.800000000000001,8.100000000000001,-1.0,18.3,16
714,371674.0,0.2,-0.30000000000000004,-1.5,-1.1,3.9000000000000004,7.2,-2.9,-6.600000000000001,17.799999999999997,16
715,371695.0,0.2,-0.5,-0.2,-1.0,3.8000000000000003,8.5,-8.600000000000001,-3.1,15.100000000000001,16
716,371708.0,0.2,-0.5,0.30000000000000004,-0.9,3.8000000000000003,9.0,-5.7,0.1,11.900000000000002,16
717,371724.0,0.2,-0.30000000000000004,0.5,-1.0,3.9000000000000004,9.3,0.4,1.4,8.600000000000001,16
718,371741.0,0.0,0.30000000000000004,0.1,-1.1,4.6000000000000005,8.9,9.2,-15.100000000000001,9.3,16
719,371758.0,0.2,0.30000000000000004,0.30000000000000004,-0.8,4.6000000000000005,9.1,-5.500000000000001,-47.2,14.400000000000002,16
720,371781.0,-0.1,0.5,0.0,-1.0,4.7,8.8,-27.800000000000004,-50.1,17.400000000000002,16
721,371791.0,-0.4,0.30000000000000004,0.0,-1.2000000000000002,4.5,8.9,-37.7,-54.4,20.0,16
722,371808.0,-0.5,0.2,0.5,-1.1,4.2,10.200000000000001,-61.9,-20.900000000000002,24.0,16
723,371825.0,-0.7000000000000001,0.5,2.1,-1.6,4.6000000000000005,11.4,-76.60000000000001,-16.4,24.400000000000002,16
724,371845.0,-1.0,0.7000000000000001,2.2,-1.5,4.5,11.200000000000001,-76.1,-30.200000000000003,21.200000000000003,16
725,371862.0,-0.8,-0.1,1.5,-1.2000000000000002,3.4000000000000004,10.700000000000001,-83.89999999999999,-46.199999999999996,14.0,16
726,371875.0,-0.9,-0.2,2.7,-1.2000000000000002,3.2,11.9,-94.80000000000001,-35.2,13.100000000000001,16
727,371896.0,-1.8,-2.1,6.4,-2.0,0.8,15.8,-116.5,38.60000000000001,46.1,16
728,371910.0,-1.5,-2.7,6.2,-1.7000000000000002,0.0,15.600000000000001,-100.1,30.200000000000003,57.49999999999999,16
729,371925.0,-1.0,-3.3000000000000003,4.800000000000001,-0.5,-1.1,12.700000000000001,-33.800000000000004,-11.900000000000002,57.49999999999999,16
730,371941.0,0.5,-3.6,1.5,0.2,-1.2000000000000002,11.0,1.0,-23.900000000000006,47.5,16
731,371958.0,1.7000000000000002,-2.9000000000000004,-0.1,1.6,-0.5,9.4,42.2,-34.0,17.799999999999997,16
732,371975.0,0.2,-2.9000000000000004,-1.0,0.2,-0.30000000000000004,8.5,27.0,-12.299999999999999,-9.5,16
733,371991.0,-0.2,-2.8000000000000003,-0.8,-0.2,-0.2,8.700000000000001,0.9000000000000001,-0.2,-14.200000000000001,16
734,372016.0,-0.6000000000000001,-2.3000000000000003,0.1,-0.7000000000000001,0.2,9.600000000000001,-74.5,50.5,-13.200000000000003,16
735,372024.0,-0.6000000000000001,-2.3000000000000003,0.1,-0.7000000000000001,0.2,9.600000000000001,-74.5,50.5,-13.200000000000003,16
736,372041.0,-0.8,-1.4000000000000001,-0.6000000000000001,-1.1,0.7000000000000001,9.0,-91.8,68.60000000000001,-0.30000000000000004,16
737,372058.0,-0.9,-1.0,-1.0,-1.4000000000000001,0.9,8.700000000000001,-64.4,56.2,33.800000000000004,16
738,372084.0,-0.30000000000000004,-1.9000000000000001,-0.7000000000000001,-0.9,-0.2,8.9,-14.700000000000001,46.50000000000001,58.900000000000006,16
739,372093.0,0.1,-2.2,-1.2000000000000002,-0.6000000000000001,-0.6000000000000001,8.4,6.9,35.599999999999994,55.2,16
740,372108.0,0.7000000000000001,-2.3000000000000003,-1.8,-0.1,-0.6000000000000001,7.9,37.2,18.900000000000002,21.8,16
741,372125.0,0.30000000000000004,-1.7000000000000002,-1.7000000000000002,-1.4000000000000001,0.6000000000000001,7.7,48.0,-3.3000000000000007,-31.3,16
742,372141.0,-1.3,-0.30000000000000004,-2.5,-2.2,1.6,7.1000000000000005,32.2,-8.4,-46.0,16
743,372159.0,-1.3,0.5,-2.6,-2.1,2.5,7.0,-25.8,6.0,-37.7,16
744,372175.0,-0.1,0.1,-1.2000000000000002,-0.9,1.9000000000000001,8.4,-69.20000000000002,12.9,-13.000000000000002,16
745,372204.0,0.5,-0.5,0.0,-0.4,1.0,9.600000000000001,-57.60000000000001,19.400000000000002,-4.5,16
746,372209.0,0.0,-0.6000000000000001,0.4,-1.0,0.9,10.0,-34.7,11.5,-6.500000000000001,16
747,372225.0,-0.4,-0.5,0.7000000000000001,-1.4000000000000001,0.9,10.4,17.1,-11.1,-10.4,16
748,372241.0,-0.6000000000000001,-0.2,0.7000000000000001,-1.6,1.3,10.3,37.7,-20.400000000000002,-10.0,16
749,372258.0,-0.5,0.4,-0.5,-1.4000000000000001,2.0,9.200000000000001,51.800000000000004,-30.599999999999998,-7.500000000000001,16
750,372280.0,-0.5,0.7000000000000001,-0.5,-1.4000000000000001,2.5,9.200000000000001,41.199999999999996,-16.1,-0.6000000000000001,16
751,372293.0,-0.7000000000000001,0.5,0.30000000000000004,-1.5,2.3000000000000003,9.9,32.9,-9.2,3.7000000000000006,16
752,372310.0,-0.9,-0.1,1.4000000000000001,-1.7000000000000002,1.8,11.0,22.1,-11.8,2.1,16
753,372325.0,-1.0,-0.4,1.8,-1.7000000000000002,1.5,11.3,21.200000000000003,-14.400000000000002,0.5,16
754,372341.0,-0.8,-0.4,2.4000000000000004,-1.5,1.6,12.0,28.600000000000005,-18.6,0.0,16
755,372358.0,0.4,1.0,0.6000000000000001,-0.2,3.2,10.100000000000001,55.1,-26.9,5.300000000000001,16
756,372374.0,-0.7000000000000001,1.8,0.1,-1.2000000000000002,4.1000000000000005,9.600000000000001,49.9,-19.200000000000003,16.1,16
757,372396.0,-2.2,-0.5,2.7,-2.7,1.9000000000000001,12.200000000000001,6.9,28.600000000000005,39.9,16
758,372409.0,-2.3000000000000003,-2.0,3.9000000000000004,-2.9000000000000004,0.4,13.3,-9.0,36.0,37.9,16
759,372428.0,-2.1,-2.9000000000000004,4.0,-2.3000000000000003,-0.5,12.600000000000001,2.3,-13.200000000000003,12.8,16
760,372442.0,-1.1,-2.5,1.6,-1.7000000000000002,-0.1,11.100000000000001,16.900000000000002,-46.800000000000004,0.7,16
761,372458.0,-0.30000000000000004,-1.5,-1.0,-0.7000000000000001,1.1,8.5,36.5,-67.60000000000001,-13.000000000000002,16
762,372475.0,-0.4,-1.0,-2.3000000000000003,-0.6000000000000001,1.6,7.2,37.400000000000006,-30.799999999999997,-10.0,16
763,372494.0,-0.8,-1.1,-2.3000000000000003,-0.9,1.7000000000000002,7.1000000000000005,30.599999999999998,-8.600000000000001,-3.6000000000000005,16
764,372512.0,-1.2000000000000002,-1.1,-1.2000000000000002,-1.4000000000000001,1.7000000000000002,8.200000000000001,-0.4,13.100000000000001,9.5,16
765,372525.0,-1.6,-1.2000000000000002,0.7000000000000001,-1.8,1.5,10.100000000000001,-15.6,-5.500000000000001,11.3,16
766,372541.0,-1.3,-1.3,1.1,-1.4000000000000001,1.4000000000000001,10.5,-14.100000000000001,-14.400000000000002,15.299999999999999,16
767,372560.0,-0.1,-1.5,0.6000000000000001,-0.30000000000000004,1.2000000000000002,10.0,-0.7,-4.5,20.8,16
768,372577.0,0.0,-1.3,0.2,-0.1,1.4000000000000001,9.600000000000001,3.4,12.299999999999999,16.8,16
769,372597.0,-0.1,-1.0,0.0,-0.2,1.6,9.5,8.3,7.0,12.600000000000001,16
770,372607.0,-0.2,-0.9,-0.1,-0.30000000000000004,1.8,9.3,15.8,7.0,10.0,16
771,372625.0,-0.2,-0.5,-0.5,-0.4,2.7,8.4,35.5,11.700000000000001,9.8,16
772,372644.0,-0.6000000000000001,0.30000000000000004,-1.6,-0.8,3.1,7.800000000000001,40.5,8.2,12.4,16
773,372660.0,-0.7000000000000001,0.2,-1.6,-0.9,3.2,7.7,36.2,11.4,13.700000000000001,16
774,372687.0,-0.1,-0.30000000000000004,-1.4000000000000001,-0.30000000000000004,2.8000000000000003,7.9,28.200000000000003,0.7,8.899999999999999,16
775,372694.0,0.1,-0.4,-1.1,-0.2,2.8000000000000003,8.200000000000001,29.600000000000005,-4.800000000000001,4.7,16
776,372708.0,0.1,-0.4,-0.9,-0.2,2.7,8.4,32.0,-8.3,1.5,16
777,372727.0,0.0,-0.7000000000000001,-0.5,-0.30000000000000004,2.6,8.9,43.4,-8.8,-4.4,16
778,372744.0,-0.2,-0.6000000000000001,-0.4,-0.4,2.8000000000000003,8.8,51.9,-3.4,-6.1000000000000005,16
779,372757.0,0.0,-0.4,-0.30000000000000004,-0.2,3.1,8.9,63.900000000000006,10.8,-5.1000000000000005,16
780,372774.0,0.2,-0.7000000000000001,0.30000000000000004,-0.1,3.1,9.4,61.300000000000004,-0.1,-12.0,16
781,372792.0,-0.30000000000000004,-0.7000000000000001,1.9000000000000001,-0.5,3.2,10.9,58.5,-14.100000000000001,-27.5,16
782,372808.0,-0.4,-0.8,2.2,-0.7000000000000001,3.2,11.100000000000001,65.0,-5.7,-29.700000000000006,16
783,372824.0,-0.7000000000000001,-0.7000000000000001,1.5,-0.9,3.5,10.4,89.10000000000001,12.9,-28.600000000000005,16
784,372841.0,-0.6000000000000001,-0.5,1.1,-0.9,3.9000000000000004,9.9,95.80000000000001,12.0,-27.2,16
785,372858.0,-0.1,0.4,0.8,-0.5,5.0,9.5,80.30000000000001,-11.5,-30.9,16
786,372874.0,0.1,1.4000000000000001,0.7000000000000001,-0.30000000000000004,6.2,9.200000000000001,39.300000000000004,-52.80000000000001,-47.5,16
787,372892.0,-1.0,1.9000000000000001,1.5,-1.3,6.800000000000001,10.0,13.700000000000001,-29.0,-51.6,16
788,372908.0,-0.9,1.8,1.5,-2.0,6.7,10.8,8.700000000000001,14.0,-42.60000000000001,16
789,372925.0,-2.8000000000000003,0.2,4.3,-3.3000000000000003,5.1000000000000005,12.8,12.299999999999999,83.5,-24.3,16
790,372941.0,-2.9000000000000004,-0.6000000000000001,4.3,-3.5,4.4,12.8,23.3,66.3,-20.400000000000002,16
791,372958.0,-1.2000000000000002,-1.3,2.0,-2.0,3.8000000000000003,10.4,45.5,-45.099999999999994,-12.600000000000001,16
792,372975.0,0.7000000000000001,-1.4000000000000001,-0.9,0.1,3.7,7.4,36.400000000000006,-128.20000000000002,-11.6,16
793,372991.0,1.1,-1.3,-1.9000000000000001,0.7000000000000001,3.9000000000000004,6.4,21.200000000000003,-132.8,-12.8,16
794,373008.0,0.9,-1.3,-2.3000000000000003,0.8,4.0,6.0,-13.3,-90.4,-11.3,16
795,373024.0,0.5,-1.5,-1.4000000000000001,0.6000000000000001,3.7,7.0,-33.400000000000006,-28.200000000000003,-11.000000000000002,16
796,373041.0,0.1,-1.4000000000000001,-1.0,0.2,3.8000000000000003,7.300000000000001,-36.9,-11.000000000000002,-12.200000000000001,16
797,373057.0,-0.8,-1.4000000000000001,-0.7000000000000001,-0.6000000000000001,3.6,7.7,-38.0,-18.6,-7.699999999999999,16
798,373074.0,-1.3,-1.7000000000000002,-0.9,-1.1,3.2,7.6000000000000005,-42.800000000000004,-42.400000000000006,0.8,16
799,373091.0,-1.4000000000000001,-1.6,-0.9,-1.0,2.9000000000000004,7.4,-47.400000000000006,-55.7,2.3,16
800,373108.0,-0.8,-2.2,-1.5,-0.4,2.5,7.1000000000000005,-56.2,-70.5,-5.1000000000000005,16
801,389302.0,-2.7,-1.3,1.2000000000000002,-0.9,3.7,9.4,-2.5,37.800000000000004,9.0,16
802,389318.0,-2.9000000000000004,-1.3,1.4000000000000001,-1.3,3.6,9.700000000000001,-8.600000000000001,21.500000000000004,10.1,16
803,389335.0,-0.8,-0.7000000000000001,0.30000000000000004,-0.7000000000000001,3.5,9.200000000000001,-6.500000000000001,-2.2,6.300000000000001,16
804,389352.0,0.2,-0.4,-0.7000000000000001,0.30000000000000004,3.6,8.3,3.5,-9.8,0.2,16
805,389369.0,0.4,-0.2,-1.0,0.4,3.8000000000000003,8.0,8.8,-7.6,-1.1,16
806,389385.0,0.0,-0.1,-1.1,0.2,4.0,7.800000000000001,17.6,4.5,0.0,16
807,389402.0,-0.1,-0.1,-1.2000000000000002,0.0,4.0,7.7,22.000000000000004,7.699999999999999,1.4,16
808,389418.0,-0.1,-0.1,-1.6,0.1,4.1000000000000005,7.2,28.3,6.699999999999999,4.0,16
809,389435.0,0.0,-0.2,-1.7000000000000002,0.1,4.2,7.0,27.3,10.4,3.5,16
810,389452.0,-0.30000000000000004,-0.1,-1.3,-0.2,4.5,7.300000000000001,25.6,12.8,-0.2,16
811,389469.0,-0.4,0.1,-1.0,-0.4,4.9,7.6000000000000005,23.900000000000006,10.200000000000001,-0.1,16
812,389485.0,-0.2,0.1,-1.1,-0.30000000000000004,5.0,7.4,17.1,-5.300000000000001,6.4,16
813,389507.0,0.2,-0.1,-1.1,0.2,4.800000000000001,7.4,2.0,-11.2,13.700000000000001,16
814,389520.0,0.30000000000000004,-0.2,-0.8,0.30000000000000004,4.7,7.6000000000000005,-5.7,-9.3,12.4,16
815,389535.0,0.2,-0.4,-0.30000000000000004,0.2,4.5,8.200000000000001,-10.0,-9.8,1.0,16
816,389552.0,0.1,0.0,0.0,0.2,4.9,8.5,-1.6,-15.8,-12.100000000000001,16
817,389568.0,0.1,0.30000000000000004,-0.2,0.1,5.2,8.3,4.1,-18.0,-16.700000000000003,16
818,389587.0,-0.30000000000000004,0.7000000000000001,-0.6000000000000001,-0.2,5.6000000000000005,7.9,11.6,-12.5,-20.7,16
819,389603.0,-0.5,1.0,-0.6000000000000001,-0.4,5.9,7.9,12.0,-4.800000000000001,-20.3,16
820,389619.0,-0.9,1.3,-0.1,-0.8,6.2,8.3,5.300000000000001,13.900000000000002,-13.6,16
821,389638.0,-0.8,1.0,1.1,-0.8,6.0,9.600000000000001,-5.1000000000000005,24.7,-3.9,16
822,389652.0,-0.1,0.9,1.4000000000000001,-0.2,5.9,9.9,-8.0,3.5,-7.8,16
823,389672.0,0.0,0.9,0.30000000000000004,-0.1,5.9,8.8,-11.900000000000002,-10.1,-19.799999999999997,16
824,389686.0,0.0,1.1,0.4,-0.2,6.1000000000000005,8.9,-15.899999999999999,-4.1,-20.900000000000002,16
825,389706.0,-0.8,0.8,2.0,-1.0,5.7,10.5,-39.9,33.300000000000004,-17.7,16
826,389719.0,-1.1,0.4,2.8000000000000003,-1.4000000000000001,5.2,11.4,-49.0,45.7,-13.100000000000001,16
827,389740.0,-1.1,-0.4,3.7,-1.5,4.3,12.3,-47.0,52.80000000000001,-6.2,16
828,389752.0,-0.30000000000000004,-1.0,2.3000000000000003,-0.9,3.6,11.0,-20.1,7.200000000000001,-8.8,16
829,389773.0,0.9,-0.6000000000000001,0.2,0.30000000000000004,3.9000000000000004,8.9,4.1,-47.3,-9.700000000000001,16
830,389785.0,1.6,-0.2,-0.9,1.1,4.3,7.800000000000001,6.2,-54.300000000000004,-8.100000000000001,16
831,389802.0,1.9000000000000001,-0.1,-1.3,1.6,4.4,7.4,-11.900000000000002,-14.600000000000001,-4.300000000000001,16
832,389819.0,1.6,-0.30000000000000004,-0.9,1.3,4.2,7.800000000000001,-25.8,11.3,-1.9,16
833,389835.0,0.8,-0.8,0.7000000000000001,0.4,3.6,9.4,-39.699999999999996,36.6,3.8,16
834,389852.0,0.7000000000000001,-1.1,0.9,0.30000000000000004,3.2,9.700000000000001,-32.300000000000004,26.200000000000003,7.8,16
835,389869.0,0.7000000000000001,-1.1,0.6000000000000001,0.2,3.2,9.4,-27.2,15.100000000000001,9.5,16
836,389890.0,0.7000000000000001,-1.1,0.2,0.2,3.1,9.1,-24.7,2.9,12.299999999999999,16
837,389902.0,1.1,-1.2000000000000002,-0.6000000000000001,0.6000000000000001,2.9000000000000004,8.3,-27.0,-13.100000000000001,17.9,16
838,389919.0,1.2000000000000002,-1.2000000000000002,-1.0,0.9,2.7,7.800000000000001,-30.9,-6.8,18.1,16
839,389935.0,1.1,-1.5,-1.2000000000000002,0.8,2.5,7.800000000000001,-28.900000000000002,4.5,13.000000000000002,16
840,389953.0,1.0,-1.2000000000000002,-1.1,0.6000000000000001,2.6,7.9,-20.0,5.6,5.1000000000000005,16
841,389978.0,0.7000000000000001,-0.8,-1.1,0.4,3.0,8.0,-11.5,3.0,-2.6,16
842,389989.0,0.8,-0.8,-1.1,0.30000000000000004,3.2,8.0,-9.100000000000001,1.7,-5.300000000000001,16
843,390004.0,0.7000000000000001,-0.4,-1.1,0.30000000000000004,3.4000000000000004,8.0,-7.1000000000000005,2.1,-7.6,16
844,390020.0,0.4,0.0,-1.0,0.0,3.7,8.0,-1.4,3.5,-10.1,16
845,390037.0,0.30000000000000004,0.2,-0.9,-0.1,4.1000000000000005,8.200000000000001,3.6000000000000005,5.9,-6.0,16
846,390054.0,0.30000000000000004,0.5,-0.6000000000000001,-0.2,4.2,8.5,5.6,6.500000000000001,0.30000000000000004,16
847,390078.0,0.2,0.5,-0.30000000000000004,-0.2,4.3,8.700000000000001,7.8,5.7,5.7,16
848,390100.0,0.5,0.6000000000000001,0.0,0.0,4.4,9.0,12.299999999999999,1.7,9.700000000000001,16
849,390101.0,0.5,0.6000000000000001,0.0,0.0,4.4,9.0,12.299999999999999,1.7,9.700000000000001,16
850,390118.0,0.8,0.7000000000000001,-0.5,0.4,4.5,8.6,16.900000000000002,-10.700000000000001,10.200000000000001,16
851,390137.0,1.3,1.0,-0.9,0.9,4.9,8.1,15.299999999999999,-24.5,10.4,16
852,390152.0,1.2000000000000002,1.2000000000000002,-0.9,0.7000000000000001,5.1000000000000005,8.4,9.2,-19.5,11.4,16
853,390175.0,0.4,0.9,1.0,0.2,4.800000000000001,9.9,-14.900000000000002,19.799999999999997,18.5,16
854,390198.0,0.1,0.5,2.4000000000000004,-0.2,4.4,11.4,-16.900000000000002,35.4,21.7,16
855,390214.0,0.4,0.7000000000000001,2.7,0.0,4.5,11.700000000000001,-5.1000000000000005,22.5,16.3,16
856,390219.0,0.4,0.7000000000000001,2.7,0.0,4.5,11.700000000000001,-5.1000000000000005,22.5,16.3,16
857,390235.0,0.4,0.8,1.4000000000000001,0.0,4.7,10.4,7.8,-18.0,3.0,16
858,390251.0,0.0,0.8,0.4,-0.30000000000000004,4.7,9.4,2.2,-18.3,-2.4000000000000004,16
859,390272.0,-1.0,0.6000000000000001,1.2000000000000002,-1.3,4.5,10.200000000000001,-28.200000000000003,22.4,1.9,16
860,390285.0,-1.4000000000000001,0.5,2.3000000000000003,-1.8,4.3,11.3,-44.4,48.400000000000006,7.300000000000001,16
861,390302.0,-1.6,0.2,3.0,-2.0,4.0,12.0,-53.8,61.39999999999999,13.100000000000001,16
862,390320.0,-1.5,-1.0,2.6,-2.0,2.6,11.700000000000001,-45.0,32.2,23.6,16
863,390338.0,-0.6000000000000001,-1.7000000000000002,1.0,-1.2000000000000002,1.8,10.100000000000001,-19.5,-27.800000000000004,26.700000000000003,16
864,390353.0,-0.1,-1.7000000000000002,-0.5,-0.6000000000000001,1.7000000000000002,8.6,-9.4,-40.7,24.1,16
865,390369.0,-0.30000000000000004,-1.4000000000000001,-1.0,-0.6000000000000001,2.0,8.200000000000001,-2.3,-30.200000000000003,14.0,16
866,390390.0,-0.9,-0.5,-0.7000000000000001,-1.2000000000000002,2.9000000000000004,8.4,-9.8,16.3,7.699999999999999,16
867,390405.0,-1.2000000000000002,-0.2,-0.4,-1.8,3.4000000000000004,9.3,-13.8,37.0,7.500000000000001,16
868,390420.0,-1.4000000000000001,0.0,0.30000000000000004,-1.9000000000000001,3.4000000000000004,9.5,-12.5,46.199999999999996,14.5,16
869,390438.0,-0.7000000000000001,-0.1,0.0,-1.3,3.2,9.3,-3.9,9.8,31.400000000000002,16
870,390452.0,0.30000000000000004,-0.1,-0.7000000000000001,-0.30000000000000004,3.2,8.6,0.8,-14.700000000000001,40.800000000000004,16
871,390473.0,0.6000000000000001,-0.1,-0.9,0.1,3.2,8.3,1.4,-16.5,39.50000000000001,16
872,390485.0,0.8,-0.2,-0.9,0.30000000000000004,3.1,8.3,3.1,-11.8,36.6,16
873,390508.0,0.6000000000000001,0.0,-0.1,0.2,3.3000000000000003,9.1,11.900000000000002,2.6,7.500000000000001,16
874,390519.0,0.5,0.1,-0.2,0.1,3.4000000000000004,9.0,23.0,2.1,2.2,16
875,390535.0,0.2,0.7000000000000001,-0.7000000000000001,-0.2,4.2,8.5,43.2,-14.700000000000001,8.2,16
876,390552.0,0.5,1.0,-0.6000000000000001,0.1,4.6000000000000005,8.6,43.300000000000004,-21.1,22.9,16
877,390569.0,0.5,0.8,-0.4,0.30000000000000004,4.5,8.700000000000001,38.900000000000006,-19.200000000000003,26.6,16
878,390593.0,0.6000000000000001,0.30000000000000004,0.5,0.4,4.1000000000000005,9.600000000000001,29.900000000000006,-8.2,29.0,16
879,390603.0,0.6000000000000001,0.1,1.1,0.4,4.0,10.100000000000001,23.0,-2.3,28.400000000000002,16
880,390619.0,0.5,0.0,1.1,0.5,4.0,10.100000000000001,23.5,-11.5,27.400000000000002,16
881,390636.0,0.6000000000000001,0.0,1.0,0.6000000000000001,4.0,10.0,25.300000000000004,-26.000000000000004,26.1,16
882,390651.0,0.6000000000000001,0.0,1.0,0.6000000000000001,4.0,10.0,25.300000000000004,-26.000000000000004,26.1,16
883,390668.0,0.6000000000000001,0.0,1.0,1.1,4.2,9.5,28.800000000000004,-48.70000000000001,14.5,16
884,390688.0,0.7000000000000001,0.6000000000000001,0.4,1.1,4.800000000000001,9.200000000000001,28.700000000000003,-16.900000000000002,5.7,16
885,390704.0,0.7000000000000001,0.7000000000000001,0.7000000000000001,1.1,5.0,9.5,28.900000000000002,2.1,4.800000000000001,16
886,390719.0,1.2000000000000002,1.3,1.3,1.6,5.6000000000000005,10.100000000000001,32.8,11.3,-1.1,16
887,390736.0,1.0,1.0,0.5,1.4000000000000001,5.5,9.200000000000001,36.9,-19.200000000000003,-14.5,16
888,390751.0,0.30000000000000004,0.8,0.5,0.7000000000000001,5.300000000000001,9.200000000000001,26.1,3.0,-23.3,16
889,390769.0,-0.4,0.6000000000000001,1.4000000000000001,0.0,5.2,10.0,13.700000000000001,39.8,-22.8,16
890,390785.0,-1.0,-0.5,2.8000000000000003,-0.8,4.1000000000000005,11.5,-16.8,77.20000000000002,-13.900000000000002,16
891,390803.0,-0.7000000000000001,-0.9,2.9000000000000004,-0.1,3.2,11.100000000000001,-22.5,67.9,-8.2,16
892,390818.0,0.4,-1.5,2.0,0.30000000000000004,3.0,10.700000000000001,-12.5,7.6,-1.3,16
893,390838.0,1.2000000000000002,-1.2000000000000002,1.0,1.1,3.3000000000000003,9.700000000000001,4.300000000000001,-22.700000000000003,-1.7,16
894,390853.0,0.9,-1.0,-0.2,0.9,3.5,8.5,15.6,-13.6,-2.5,16
895,390869.0,0.8,-0.9,-0.4,0.8,3.7,8.3,18.5,3.8,0.2,16
896,390888.0,0.5,-0.8,-0.4,0.5,3.8000000000000003,8.200000000000001,22.2,44.8,10.0,16
897,390902.0,0.4,-0.8,-0.30000000000000004,0.30000000000000004,3.8000000000000003,8.4,23.900000000000006,56.7,16.1,16
898,390928.0,0.0,-1.2000000000000002,-0.5,-0.30000000000000004,3.6,8.1,20.2,40.7,33.0,16
899,390936.0,0.1,-1.5,-0.9,-0.2,3.3000000000000003,7.7,13.700000000000001,24.400000000000002,35.1,16
900,390952.0,0.5,-2.1,-1.5,0.2,2.6,7.0,-2.8,-5.300000000000001,27.099999999999998,16
901,390968.0,0.4,-2.1,-1.5,0.5,2.5,7.0,-6.4,-8.5,22.4,16
902,390987.0,1.7000000000000002,-2.1,-1.3,1.5,2.6,7.300000000000001,-9.3,2.9,-3.2,16
903,391003.0,1.3,-1.6,-1.3,1.1,3.1,7.300000000000001,2.1,18.4,-10.9,16
904,391027.0,1.0,-0.7000000000000001,-1.2000000000000002,0.6000000000000001,4.1000000000000005,7.4,39.599999999999994,48.300000000000004,-9.899999999999999,16
905,391036.0,0.9,-1.2000000000000002,-1.2000000000000002,0.6000000000000001,4.1000000000000005,7.4,39.599999999999994,48.300000000000004,-9.899999999999999,16
906,391052.0,0.7000000000000001,-1.0,-1.3,0.2,3.9000000000000004,7.1000000000000005,59.300000000000004,53.7,-10.200000000000001,16
907,391069.0,0.5,-0.6000000000000001,-1.2000000000000002,-0.7000000000000001,5.0,7.4,58.7,61.199999999999996,-17.799999999999997,16
908,391090.0,-0.4,0.0,-0.30000000000000004,-1.4000000000000001,5.300000000000001,7.9,51.1,48.10000000000001,-23.0,16
909,391102.0,-0.6000000000000001,0.30000000000000004,-0.1,-1.7000000000000002,5.6000000000000005,8.0,44.00000000000001,34.300000000000004,-22.2,16
910,391118.0,0.0,0.7000000000000001,0.4,-1.2000000000000002,6.1000000000000005,8.5,17.6,-4.300000000000001,-16.0,16
911,391135.0,0.5,0.1,1.0,-0.6000000000000001,5.6000000000000005,9.1,-8.5,-31.5,-7.1000000000000005,16
912,391153.0,0.6000000000000001,-0.2,1.3,-0.4,5.2,9.5,-11.8,-28.600000000000005,-5.500000000000001,16
913,391170.0,0.4,-0.2,1.5,-0.7000000000000001,5.2,9.600000000000001,-5.8,-20.3,-9.2,16
914,391192.0,-0.30000000000000004,0.2,1.9000000000000001,-1.3,5.6000000000000005,10.100000000000001,8.600000000000001,4.5,-16.4,16
915,391206.0,-0.6000000000000001,0.7000000000000001,2.7,-1.6,6.1000000000000005,10.8,25.900000000000002,22.4,-21.200000000000003,16
916,391220.0,-0.1,1.3,2.9000000000000004,-1.2000000000000002,6.7,11.0,37.6,16.5,-23.3,16
917,391236.0,0.1,1.4000000000000001,1.5,-1.1,7.0,9.5,60.1,-27.700000000000003,-24.900000000000002,16
918,391257.0,0.0,1.6,0.1,-1.1,7.300000000000001,8.0,55.900000000000006,-49.300000000000004,-18.4,16
919,391269.0,-0.30000000000000004,1.7000000000000002,-0.1,-1.3,7.4,7.800000000000001,37.6,-40.9,-13.700000000000001,16
920,391285.0,-1.1,0.7000000000000001,0.5,-2.1,6.5,8.3,-9.700000000000001,3.2,-0.8,16
921,391302.0,-1.2000000000000002,0.1,1.0,-2.2,5.9,8.8,-25.1,12.200000000000001,5.300000000000001,16
922,391319.0,-0.6000000000000001,-0.8,0.9,-1.6,4.9,8.700000000000001,-27.6,-20.3,9.899999999999999,16
923,391336.0,0.0,-1.2000000000000002,-0.4,-0.9,4.5,7.5,-15.899999999999999,-54.6,5.9,16
924,391352.0,0.1,-1.0,-1.6,-0.6000000000000001,4.6000000000000005,6.4,-11.700000000000001,-44.8,-3.4,16
925,391369.0,0.1,-1.0,-1.6,-0.7000000000000001,4.7,6.300000000000001,-13.200000000000003,-23.700000000000003,-8.8,16
926,391385.0,-0.5,-0.4,-1.0,-1.2000000000000002,5.2,7.0,-18.1,27.700000000000003,-17.0,16
927,391405.0,-0.8,-0.30000000000000004,-0.4,-1.6,5.300000000000001,7.6000000000000005,-17.6,38.400000000000006,-16.0,16
928,391419.0,-0.7000000000000001,-0.30000000000000004,-0.4,-1.6,5.2,7.7,-14.100000000000001,24.0,-7.500000000000001,16
929,391436.0,-0.1,-0.6000000000000001,-0.8,-1.1,4.9,7.2,-7.8,-9.2,6.4,16
930,391453.0,0.4,-1.1,-1.5,-0.5,4.3,6.6000000000000005,-2.8,-24.3,10.8,16
931,391474.0,0.6000000000000001,-1.2000000000000002,-1.9000000000000001,-0.2,4.3,6.300000000000001,2.7,-22.700000000000003,5.8,16
932,391486.0,0.5,-1.0,-1.9000000000000001,-0.30000000000000004,4.4,6.2,5.1000000000000005,-13.3,0.6000000000000001,16
933,391503.0,0.2,-0.8,-1.7000000000000002,-0.5,4.7,6.4,7.400000000000001,-1.7,-4.1,16
934,391519.0,-0.30000000000000004,-0.2,-1.2000000000000002,-1.1,5.2,6.9,11.6,9.5,-6.1000000000000005,16
935,391538.0,-0.5,0.30000000000000004,-1.1,-1.3,5.800000000000001,6.9,13.700000000000001,0.6000000000000001,1.6,16
936,391553.0,0.0,0.0,-1.4000000000000001,-0.8,5.6000000000000005,6.7,8.899999999999999,-22.4,17.5,16
937,391569.0,0.2,-0.2,-1.3,-0.5,5.4,6.7,3.3000000000000007,-26.200000000000003,23.3,16
938,391586.0,0.6000000000000001,-0.4,-1.0,-0.1,5.2,7.0,-9.3,-18.200000000000003,20.5,16
939,391606.0,0.8,-0.4,0.30000000000000004,0.2,5.1000000000000005,8.4,-12.200000000000001,-12.4,6.600000000000001,16
940,391618.0,0.6000000000000001,-0.2,0.7000000000000001,0.1,5.300000000000001,8.8,-9.3,-12.299999999999999,0.0,16
941,391635.0,0.0,0.2,1.1,-0.5,5.7,9.200000000000001,-3.9,-10.600000000000001,-6.8,16
942,391654.0,-0.6000000000000001,0.5,1.8,-1.0,6.0,9.9,-1.9,1.3,-8.2,16
943,391670.0,-0.7000000000000001,0.7000000000000001,2.2,-1.1,6.2,10.3,0.4,8.0,-9.8,16
944,391688.0,0.0,1.3,2.7,-0.5,6.800000000000001,10.8,12.5,-8.3,-17.0,16
945,391703.0,0.6000000000000001,1.6,2.1,0.1,7.1000000000000005,10.200000000000001,21.200000000000003,-36.8,-22.3,16
946,391719.0,0.7000000000000001,1.4000000000000001,0.8,0.30000000000000004,7.0,8.8,28.1,-49.6,-27.9,16
947,391737.0,0.7000000000000001,1.3,1.1,0.30000000000000004,7.0,9.1,7.8,5.2,-27.400000000000002,16
948,391754.0,0.2,0.7000000000000001,1.9000000000000001,-0.30000000000000004,6.300000000000001,9.9,-18.3,31.799999999999997,-17.0,16
949,391772.0,0.4,0.30000000000000004,2.1,0.2,5.300000000000001,10.100000000000001,-25.200000000000003,6.500000000000001,-6.9,16
950,391795.0,1.4000000000000001,-0.9,1.2000000000000002,0.8,4.6000000000000005,9.3,-19.200000000000003,-19.400000000000002,-6.600000000000001,16
951,391808.0,1.6,-1.0,0.7000000000000001,1.0,4.5,8.8,-16.1,-22.5,-9.8,16
952,391819.0,1.5,-1.1,0.1,1.0,4.4,8.3,-13.900000000000002,-21.400000000000002,-14.100000000000001,16
953,391836.0,0.9,-0.8,-0.7000000000000001,0.4,4.6000000000000005,7.4,-15.5,-5.300000000000001,-19.5,16
954,391853.0,0.0,-0.6000000000000001,-0.9,-0.6000000000000001,4.800000000000001,7.300000000000001,-19.9,5.8,-18.5,16
955,391872.0,-0.2,-0.6000000000000001,-0.8,-0.8,4.7,7.4,-29.400000000000002,18.6,-11.6,16
956,391888.0,-0.30000000000000004,-1.1,-0.30000000000000004,-1.0,4.1000000000000005,8.0,-43.300000000000004,28.1,1.8000000000000003,16
957,391902.0,-0.1,-1.4000000000000001,0.0,-0.8,3.8000000000000003,8.3,-49.199999999999996,24.3,8.600000000000001,16
958,391919.0,0.30000000000000004,-1.7000000000000002,0.1,-0.4,3.3000000000000003,8.5,-46.800000000000004,8.100000000000001,9.5,16
959,391935.0,0.7000000000000001,-1.8,-0.6000000000000001,0.0,3.1,7.9,-31.3,-20.400000000000002,3.1,16
960,391956.0,0.7000000000000001,-1.6,-1.7000000000000002,0.1,3.1,6.9,-10.5,-31.0,-6.9,16
961,391971.0,0.6000000000000001,-1.4000000000000001,-2.0,0.0,3.4000000000000004,6.5,6.4,-10.4,-15.700000000000001,16
962,391985.0,0.1,-0.6000000000000001,-2.1,-0.5,4.2,6.4,11.3,8.600000000000001,-17.799999999999997,16
963,392009.0,-0.4,-0.1,-1.7000000000000002,-1.0,4.7,6.800000000000001,15.899999999999999,28.600000000000005,-14.0,16
964,392025.0,-0.4,-0.1,-1.5,-1.2000000000000002,4.800000000000001,7.0,15.899999999999999,19.799999999999997,-4.9,16
965,392034.0,-0.30000000000000004,-0.1,-1.5,-1.1,4.7,7.0,13.5,9.2,-0.7,16
966,392051.0,-0.30000000000000004,-0.2,-1.5,-0.8,4.6000000000000005,6.9,3.2,-8.700000000000001,6.0,16
967,392069.0,0.1,-0.30000000000000004,-1.4000000000000001,-0.7000000000000001,4.6000000000000005,7.0,-4.0,-13.700000000000001,8.5,16
968,392086.0,0.7000000000000001,-0.4,-1.2000000000000002,-0.1,4.5,7.300000000000001,-20.400000000000002,-31.6,10.200000000000001,16
969,392105.0,1.3,-0.5,-0.4,0.7000000000000001,4.3,8.1,-36.0,-36.7,2.1,16
970,392119.0,1.5,-0.4,0.0,1.0,4.4,8.6,-39.50000000000001,-32.1,-5.500000000000001,16
971,392137.0,1.5,0.1,0.7000000000000001,1.0,4.800000000000001,9.3,-37.9,-20.0,-20.3,16
972,392154.0,0.5,0.6000000000000001,1.5,0.0,5.1000000000000005,10.100000000000001,-36.5,3.4,-23.0,16
973,392169.0,0.0,0.8,2.2,-0.5,5.2,10.9,-37.0,12.600000000000001,-21.0,16
974,392188.0,0.7000000000000001,1.6,3.6,0.2,5.9,12.3,-28.900000000000002,-4.5,-22.9,16
975,392201.0,0.7000000000000001,1.7000000000000002,3.3000000000000003,0.2,6.0,12.100000000000001,-17.7,-28.800000000000004,-28.900000000000002,16
976,392218.0,0.1,1.5,1.6,-0.30000000000000004,5.800000000000001,10.4,-3.7000000000000006,-60.400000000000006,-31.6,16
977,392236.0,-0.9,1.5,1.6,-1.2000000000000002,5.800000000000001,10.5,-34.800000000000004,-19.700000000000003,-14.300000000000002,16
978,392256.0,-0.9,0.30000000000000004,3.2,-1.3,4.4,12.100000000000001,-72.4,27.400000000000002,12.5,16
979,392268.0,-0.9,0.4,3.1,-0.8,3.6,12.8,-73.5,21.8,20.599999999999998,16
980,392289.0,0.8,-1.2000000000000002,3.9000000000000004,0.5,2.6,12.9,-49.300000000000004,-27.099999999999998,17.6,16
981,392302.0,1.1,-1.4000000000000001,3.1,0.8,2.3000000000000003,12.200000000000001,-32.1,-46.1,11.1,16
982,392318.0,1.2000000000000002,-1.2000000000000002,1.0,1.1,2.4000000000000004,10.100000000000001,-8.3,-46.50000000000001,1.0,16
983,392336.0,0.30000000000000004,-0.9,-0.4,0.30000000000000004,2.7,8.700000000000001,-2.0,-18.0,-9.5,16
984,392352.0,-0.6000000000000001,-0.7000000000000001,-1.0,-0.6000000000000001,2.9000000000000004,8.200000000000001,-0.8,4.2,-22.9,16
985,392369.0,-0.6000000000000001,-0.7000000000000001,-1.0,-1.1,3.8000000000000003,8.200000000000001,-0.9000000000000001,18.900000000000002,-28.200000000000003,16
986,392394.0,-1.3,0.5,-0.5,-1.2000000000000002,3.7,8.8,-6.500000000000001,34.900000000000006,2.8,16
987,392404.0,-0.5,-0.4,-0.30000000000000004,-0.8,3.2,8.8,-13.3,20.599999999999998,17.300000000000004,16
988,392418.0,-0.1,-0.7000000000000001,-0.6000000000000001,-0.4,2.8000000000000003,8.6,-20.1,1.1,25.200000000000003,16
989,392435.0,0.30000000000000004,-0.8,-1.1,0.1,2.6,8.1,-24.200000000000003,-29.500000000000004,20.400000000000002,16
990,392454.0,0.30000000000000004,-0.5,-1.8,0.2,2.9000000000000004,7.4,-11.1,-32.9,12.100000000000001,16
991,392469.0,0.30000000000000004,-0.4,-1.8,0.2,3.0,7.4,-0.4,-22.3,12.7,16
992,392485.0,0.2,-0.4,-1.8,0.2,3.0,7.4,25.1,-1.8000000000000003,16.900000000000002,16
993,392506.0,0.6000000000000001,-0.5,-1.7000000000000002,0.7000000000000001,3.0,7.5,44.4,14.100000000000001,18.0,16
994,392519.0,0.7000000000000001,-0.7000000000000001,-1.7000000000000002,0.7000000000000001,2.9000000000000004,7.5,47.60000000000001,17.9,16.6,16
995,392535.0,0.6000000000000001,-1.0,-1.7000000000000002,0.6000000000000001,2.7,7.4,41.1,8.899999999999999,9.3,16
996,392552.0,0.8,-1.1,-1.1,0.8,2.8000000000000003,7.9,17.7,-14.800000000000002,-7.8,16
997,392568.0,1.0,-0.9,-0.6000000000000001,1.0,2.9000000000000004,8.4,5.7,-23.800000000000004,-18.3,16
998,392585.0,1.0,-0.6000000000000001,-0.2,1.1,3.3000000000000003,8.8,-2.8,-31.400000000000002,-27.800000000000004,16
999,392609.0,0.9,0.6000000000000001,0.2,1.0,4.4,9.3,-16.200000000000003,-29.200000000000003,-35.5,16
1000,392618.0,0.8,0.6000000000000001,0.4,0.9,4.4,9.5,-10.700000000000001,-9.899999999999999,-31.400000000000002,16
1001,392635.0,0.5,0.5,1.0,0.7000000000000001,4.3,10.0,-3.8,20.0,-22.700000000000003,16
1002,392653.0,0.5,0.7000000000000001,2.1,0.6000000000000001,4.4,11.100000000000001,3.9,33.7,-29.600000000000005,16
1003,392670.0,0.6000000000000001,0.7000000000000001,2.1,0.6000000000000001,5.0,11.4,10.700000000000001,15.899999999999999,-41.0,16
1004,392685.0,0.5,1.7000000000000002,1.8,0.2,5.9,9.8,22.2,-43.800000000000004,-62.800000000000004,16
1005,392701.0,0.4,2.6,-0.2,0.30000000000000004,6.4,8.9,16.4,-50.400000000000006,-63.500000000000014,16
1006,392718.0,0.1,2.2,-0.2,0.1,6.0,8.8,-26.799999999999997,2.7,-41.900000000000006,16
1007,392735.0,0.1,0.2,2.5,-0.1,4.0,11.5,-74.30000000000001,73.2,-10.0,16
1008,392752.0,-0.2,-0.9,4.3,-0.4,2.8000000000000003,13.4,-79.8,79.8,-5.9,16
1009,392768.0,-0.1,-1.9000000000000001,5.6000000000000005,-0.6000000000000001,1.5,14.8,-66.3,45.099999999999994,-2.2,16
1010,392790.0,0.5,-1.2000000000000002,3.2,0.0,2.0,12.4,-16.6,-31.400000000000002,-12.9,16
1011,392812.0,0.6000000000000001,-0.2,-1.1,0.30000000000000004,3.1,8.1,13.5,-34.2,-10.299999999999999,16
1012,392818.0,0.6000000000000001,-0.2,-1.1,0.30000000000000004,3.1,8.1,13.5,-34.2,-10.299999999999999,16
1013,392836.0,0.5,-0.5,-1.5,0.2,2.8000000000000003,7.7,5.7,13.6,4.7,16
1014,392852.0,-0.1,-0.5,-0.9,-0.5,2.8000000000000003,8.3,-2.7,39.400000000000006,15.399999999999999,16
1015,392869.0,-0.1,-0.5,-0.9,-0.5,2.4000000000000004,8.4,-5.8,31.9,22.2,16
1016,392885.0,0.2,-1.6,-1.0,-0.30000000000000004,1.6,8.3,-20.5,-9.2,21.8,16
1017,392902.0,0.30000000000000004,-1.7000000000000002,-1.2000000000000002,-0.1,1.5,8.1,-29.400000000000002,-25.900000000000002,10.700000000000001,16
1018,392918.0,0.4,-1.5,-1.6,0.1,1.6,7.7,-34.400000000000006,-33.300000000000004,-10.1,16
1019,392936.0,0.4,-1.1,-1.5,0.2,1.9000000000000001,7.800000000000001,-17.7,-8.3,-14.100000000000001,16
1020,392952.0,0.2,-0.7000000000000001,-1.6,-0.1,2.3000000000000003,7.800000000000001,7.500000000000001,4.6,-13.200000000000003,16
1021,392972.0,0.0,-0.4,-1.8,-0.30000000000000004,2.6,7.6000000000000005,19.5,1.9,-12.100000000000001,16
1022,392985.0,-0.1,-0.5,-1.7000000000000002,-0.4,2.5,7.6000000000000005,18.6,-1.8000000000000003,-11.3,16
1023,393002.0,-0.1,-0.6000000000000001,-1.5,-0.4,2.5,7.800000000000001,13.700000000000001,-7.0,-11.8,16
1024,393020.0,-0.2,-0.30000000000000004,-1.4000000000000001,-0.5,2.7,7.9,-6.8,-39.50000000000001,-25.8,16
1025,393038.0,-0.5,0.0,-1.8,-0.7000000000000001,3.1,7.5,-23.900000000000006,-41.800000000000004,-38.60000000000001,16
1026,393055.0,-0.2,0.5,-1.3,-0.2,3.4000000000000004,8.0,-51.1,-34.0,-32.0,16
1027,393069.0,0.2,0.6000000000000001,-1.0,0.2,3.4000000000000004,8.4,-60.00000000000001,-34.0,-22.1,16
1028,393086.0,0.6000000000000001,0.1,-0.6000000000000001,0.7000000000000001,2.8000000000000003,8.9,-63.500000000000014,-37.2,-6.9,16
1029,393103.0,0.5,0.30000000000000004,-0.2,0.6000000000000001,2.8000000000000003,9.200000000000001,-58.900000000000006,-34.1,-5.0,16
1030,393120.0,-0.1,0.6000000000000001,0.4,0.1,3.0,9.9,-45.5,-25.200000000000003,2.1,16
1031,393137.0,0.1,0.1,0.9,0.4,2.3000000000000003,10.5,-40.0,-23.800000000000004,23.099999999999998,16
1032,393155.0,0.7000000000000001,0.5,1.9000000000000001,1.1,2.6,11.5,-34.2,-2.7,28.400000000000002,16
1033,393171.0,0.6000000000000001,1.1,2.5,1.0,3.2,12.100000000000001,-26.700000000000003,0.9000000000000001,26.000000000000004,16
1034,393187.0,0.5,1.8,2.5,0.9,3.8000000000000003,12.100000000000001,-15.8,-13.700000000000001,24.8,16
1035,393202.0,-0.1,2.0,0.5,0.4,4.0,10.100000000000001,-11.5,-38.1,31.2,16
1036,393218.0,1.0,-2.7,1.0,1.7000000000000002,-0.8,10.600000000000001,-48.400000000000006,12.200000000000001,53.300000000000004,16
1037,393235.0,1.2000000000000002,-1.6,5.800000000000001,1.8,0.1,15.5,-60.400000000000006,67.8,15.399999999999999,16
1038,393252.0,0.0,-1.5,6.9,0.4,0.1,16.6,-12.0,48.50000000000001,3.8,16
1039,393269.0,-0.4,-2.0,5.300000000000001,-0.1,-0.5,15.0,22.700000000000003,23.0,10.1,16
1040,393289.0,0.2,-1.7000000000000002,1.1,0.4,-0.1,10.8,60.6,-1.4,10.9,16
1041,393310.0,-0.6000000000000001,-0.6000000000000001,-1.3,-0.30000000000000004,1.3,8.3,57.00000000000001,10.4,-7.500000000000001,16
1042,393320.0,-1.1,0.0,-1.7000000000000002,-0.9,1.9000000000000001,7.9,44.00000000000001,20.2,-9.5,16
1043,393334.0,-1.3,0.2,-1.6,-1.2000000000000002,2.3000000000000003,8.0,19.6,28.800000000000004,-0.5,16
1044,393352.0,-0.4,-0.30000000000000004,-1.5,-0.4,1.8,8.1,3.2,17.1,5.1000000000000005,16
1045,393371.0,-0.30000000000000004,-0.6000000000000001,-1.5,-0.4,1.3,8.3,-2.8,12.8,1.0,16
1046,393388.0,-0.4,-0.6000000000000001,-1.1,-0.5,1.4000000000000001,8.5,-8.100000000000001,14.100000000000001,-8.4,16
1047,393402.0,-0.5,-0.6000000000000001,-1.0,-0.5,1.4000000000000001,8.6,-4.9,11.8,-10.4,16
1048,393418.0,-0.2,-1.0,-0.8,-0.30000000000000004,1.0,8.8,2.2,-15.8,-17.0,16
1049,393437.0,-1.0,-0.2,-1.5,-1.0,1.9000000000000001,8.1,11.8,-22.9,-16.0,16
1050,393452.0,-1.0,0.2,-1.7000000000000002,-1.0,2.3000000000000003,7.9,13.8,-11.700000000000001,-4.5,16
1051,393469.0,-0.6000000000000001,0.0,-1.6,-0.5,2.2,8.0,24.8,14.300000000000002,20.400000000000002,16
1052,393485.0,-0.1,-0.4,-1.6,-0.1,1.8,8.0,26.6,16.1,23.099999999999998,16
1053,393502.0,0.6000000000000001,-0.6000000000000001,-1.6,0.5,1.7000000000000002,8.0,20.1,3.6000000000000005,11.900000000000002,16
1054,393518.0,0.7000000000000001,-0.2,-1.5,0.7000000000000001,2.1,8.0,12.200000000000001,-6.0,-0.4,16
1055,393536.0,0.30000000000000004,0.30000000000000004,-1.2000000000000002,0.30000000000000004,2.7,8.3,10.9,5.300000000000001,-0.6000000000000001,16
1056,393552.0,0.2,0.5,-0.9,0.30000000000000004,2.8000000000000003,9.1,10.9,17.300000000000004,4.4,16
1057,393574.0,0.6000000000000001,0.2,0.9,0.4,2.7,10.4,15.700000000000001,60.8,16.6,16
1058,393586.0,0.6000000000000001,0.2,0.9,0.2,2.7,11.0,21.500000000000004,71.6,14.5,16
1059,393603.0,0.30000000000000004,0.2,2.2,-0.1,2.7,11.600000000000001,29.600000000000005,75.7,12.0,16
1060,393618.0,0.1,0.5,2.3000000000000003,-0.5,3.2,11.700000000000001,49.199999999999996,66.9,-0.2,16
1061,393635.0,-0.1,1.5,1.4000000000000001,-0.9,4.3,10.8,51.300000000000004,34.800000000000004,-16.4,16
1062,393656.0,0.4,2.8000000000000003,0.1,-0.5,5.7,9.4,37.400000000000006,-1.0,-27.9,16
1063,393682.0,0.4,3.7,-1.0,-0.5,6.7,8.3,21.200000000000003,14.100000000000001,-34.2,16
1064,393684.0,0.0,3.6,-0.4,-1.0,6.7,8.9,16.3,25.6,-30.599999999999998,16
1065,393702.0,-0.6000000000000001,2.4000000000000004,0.9,-1.7000000000000002,5.5,10.200000000000001,3.9,49.9,-15.2,16
1066,393719.0,-1.1,0.0,4.1000000000000005,-2.4000000000000004,3.1,13.3,-6.1000000000000005,88.4,16.6,16
1067,393738.0,-0.6000000000000001,-1.2000000000000002,4.9,-2.2,1.9000000000000001,14.100000000000001,26.9,74.2,23.0,16
1068,393754.0,0.8,-1.0,1.7000000000000002,-0.9,2.3000000000000003,10.8,69.20000000000002,25.900000000000002,5.7,16
1069,393768.0,1.3,-0.7000000000000001,0.2,-0.5,2.7,9.3,76.80000000000001,15.899999999999999,-3.5,16
1070,393794.0,1.0,0.2,-2.4000000000000004,-0.9,3.9000000000000004,6.5,57.20000000000001,39.50000000000001,1.6,16
1071,393802.0,1.0,0.2,-2.4000000000000004,-0.9,3.9000000000000004,6.5,57.20000000000001,39.50000000000001,1.6,16
1072,393820.0,0.2,-0.4,-2.2,-1.8,3.4000000000000004,6.6000000000000005,41.50000000000001,72.30000000000001,12.4,16
1073,393835.0,-0.2,-1.3,-0.4,-2.4000000000000004,2.7,8.3,20.400000000000002,95.9,26.400000000000006,16
1074,393853.0,-0.5,-1.7000000000000002,1.1,-2.9000000000000004,2.4000000000000004,9.600000000000001,4.800000000000001,71.10000000000001,23.700000000000003,16
1075,393869.0,-0.4,-1.5,1.1,-2.9000000000000004,2.6,9.700000000000001,2.3,44.9,16.900000000000002,16
1076,393886.0,-0.1,-1.2000000000000002,-0.4,-2.7,2.8000000000000003,8.1,2.4000000000000004,-8.899999999999999,8.2,16
1077,393902.0,0.1,-1.1,-1.5,-2.5,3.0,7.0,1.4,-20.900000000000002,8.4,16
1078,393918.0,0.6000000000000001,-1.1,-2.5,-1.9000000000000001,3.0,6.0,-6.2,-19.0,12.8,16
1079,393935.0,0.7000000000000001,-1.0,-1.8,-1.7000000000000002,3.1,6.800000000000001,-15.399999999999999,11.1,15.899999999999999,16
1080,393952.0,0.9,-0.9,-0.9,-1.6,3.1,7.7,-14.800000000000002,19.799999999999997,16.3,16
1081,393968.0,0.9,-0.9,-0.30000000000000004,-1.6,3.1,8.3,-1.5,9.100000000000001,6.8,16
1082,393986.0,0.8,-0.9,-0.4,-1.6,3.2,8.200000000000001,3.3000000000000007,1.1,-1.4,16
1083,394004.0,0.0,0.1,-1.4000000000000001,-2.4000000000000004,4.1000000000000005,7.2,-1.6,-19.400000000000002,-12.600000000000001,16
1084,394018.0,-0.5,0.5,-1.2000000000000002,-2.9000000000000004,4.5,7.4,-6.600000000000001,-12.200000000000001,-5.300000000000001,16
1085,394036.0,-0.5,0.9,-0.30000000000000004,-2.9000000000000004,4.9,8.3,-10.299999999999999,1.5,20.0,16
1086,394054.0,0.5,0.9,0.2,-1.9000000000000001,4.9,8.8,-4.4,-5.2,33.400000000000006,16
1087,394073.0,1.3,0.7000000000000001,0.0,-1.0,4.800000000000001,8.700000000000001,-10.4,-16.6,31.099999999999998,16
1088,394089.0,1.4000000000000001,0.7000000000000001,0.30000000000000004,-0.9,4.7,9.0,-15.2,-16.4,29.800000000000004,16
1089,394106.0,1.0,0.5,1.9000000000000001,-1.2000000000000002,4.4,10.600000000000001,-36.5,-14.300000000000002,17.799999999999997,16
1090,394118.0,0.2,0.7000000000000001,2.8000000000000003,-1.9000000000000001,4.6000000000000005,11.5,-41.4,-12.299999999999999,6.9,16
1091,394139.0,-1.0,1.2000000000000002,4.4,-3.1,5.0,13.200000000000001,-31.6,-3.8,7.1000000000000005,16
1092,394152.0,-0.30000000000000004,2.6,3.5,-2.8000000000000003,5.7,13.3,6.0,-18.8,14.600000000000001,16
1093,394169.0,-0.1,2.5,1.8,-2.1,6.300000000000001,10.600000000000001,25.6,-33.400000000000006,17.9,16
1094,394203.0,-0.30000000000000004,0.8,-0.5,-2.1,4.800000000000001,8.3,7.400000000000001,-12.600000000000001,29.500000000000004,16
1095,394225.0,-0.5,-1.0,1.8,-2.0,2.6,11.600000000000001,-55.1,-7.6,26.1,16
1096,394235.0,0.2,-1.4000000000000001,2.9000000000000004,-1.5,2.4000000000000004,11.8,-50.1,-21.8,20.8,16
1097,394252.0,1.0,-1.2000000000000002,1.5,-0.6000000000000001,2.4000000000000004,10.5,-11.6,-31.2,14.300000000000002,16
1098,394273.0,1.3,-1.4000000000000001,-0.6000000000000001,-0.30000000000000004,2.3000000000000003,8.4,21.200000000000003,-0.1,6.300000000000001,16
1099,394285.0,1.0,-1.2000000000000002,-1.2000000000000002,-0.5,2.5,7.7,24.200000000000003,18.900000000000002,-2.2,16
1100,394303.0,0.4,-0.9,-1.5,-1.2000000000000002,2.8000000000000003,7.4,19.0,33.1,-10.700000000000001,16
1101,394318.0,-0.9,-0.7000000000000001,-1.3,-2.6,3.0,7.6000000000000005,-4.1,43.00000000000001,-17.7,16
1102,394338.0,-1.3,-0.5,-0.2,-3.1,3.2,8.700000000000001,-23.800000000000004,27.6,-13.5,16
1103,394355.0,-0.6000000000000001,-0.30000000000000004,0.5,-2.5,3.3000000000000003,9.4,-26.000000000000004,0.7,-1.8000000000000003,16
1104,394370.0,-0.1,-0.4,0.4,-2.0,3.2,9.3,-19.5,-7.400000000000001,3.6000000000000005,16
1105,394391.0,0.7000000000000001,-0.4,-0.4,-1.2000000000000002,3.1,8.5,3.0,-7.300000000000001,8.100000000000001,16
1106,394402.0,0.7000000000000001,-0.30000000000000004,-1.0,-1.1,3.2,8.0,13.700000000000001,0.9000000000000001,8.4,16
1107,394426.0,0.6000000000000001,-0.4,-1.7000000000000002,-1.3,3.3000000000000003,7.2,20.3,16.0,8.5,16
1108,394435.0,0.5,-0.30000000000000004,-1.6,-1.4000000000000001,3.4000000000000004,7.2,16.200000000000003,12.600000000000001,6.8,16
1109,394455.0,0.1,0.0,-1.5,-1.9000000000000001,3.7,7.4,10.600000000000001,-1.5,5.2,16
1110,394469.0,-0.1,0.2,-1.5,-2.0,3.9000000000000004,7.4,9.8,-7.500000000000001,6.699999999999999,16
1111,394489.0,-0.2,0.4,-1.3,-2.1,4.2,7.5,11.3,-5.6,17.300000000000004,16
1112,394501.0,0.1,0.30000000000000004,-1.1,-1.8,4.1000000000000005,7.7,12.600000000000001,-4.1,22.8,16
1113,394521.0,1.3,0.0,-0.5,-0.5,3.8000000000000003,8.4,13.6,-9.600000000000001,21.900000000000002,16
1114,394536.0,1.9000000000000001,0.0,0.2,0.1,3.9000000000000004,9.0,16.6,-22.8,7.8,16
1115,394553.0,1.4000000000000001,0.4,-0.2,-0.30000000000000004,4.4,8.6,20.1,-36.1,-10.4,16
1116,394577.0,0.5,0.9,-0.6000000000000001,-1.1,4.9,8.200000000000001,15.5,-37.6,-18.3,16
1117,394585.0,0.5,0.9,-0.6000000000000001,-1.6,4.800000000000001,8.4,9.0,-34.0,-18.5,16
1118,394602.0,-0.30000000000000004,0.9,-0.1,-1.8,4.9,8.700000000000001,1.9,-30.3,-16.700000000000003,16
1119,394619.0,0.9,-0.5,-0.2,-0.6000000000000001,3.6,8.700000000000001,-7.300000000000001,-12.7,-12.0,16
1120,394635.0,1.3,3.1,1.0,-0.2,7.1000000000000005,9.8,-5.9,12.200000000000001,-39.9,16
1121,394652.0,1.3,3.1,1.0,-0.6000000000000001,6.800000000000001,9.5,-5.2,-0.4,-27.400000000000002,16
1122,394674.0,-0.7000000000000001,-0.7000000000000001,2.5,-2.3000000000000003,3.3000000000000003,11.3,-54.699999999999996,9.3,-18.200000000000003,16
1123,394693.0,-1.2000000000000002,-1.2000000000000002,6.2,-2.8000000000000003,2.5,15.100000000000001,-74.89999999999999,11.3,-20.900000000000002,16
1124,394702.0,-1.2000000000000002,-1.2000000000000002,6.2,-2.8000000000000003,2.5,15.100000000000001,-74.89999999999999,11.3,-20.900000000000002,16
1125,394720.0,-0.30000000000000004,-1.4000000000000001,6.0,-1.9000000000000001,2.1,15.0,-28.600000000000005,-27.099999999999998,-14.400000000000002,16
1126,394737.0,1.5,-1.1,1.9000000000000001,0.0,2.3000000000000003,10.9,31.9,-38.900000000000006,-10.9,16
1127,394753.0,2.0,-1.1,-0.6000000000000001,0.6000000000000001,2.5,8.4,37.50000000000001,-15.100000000000001,-19.0,16
1128,394770.0,1.6,-0.8,-1.1,0.1,2.8000000000000003,7.9,27.3,-3.0,-26.400000000000006,16
1129,394793.0,-0.7000000000000001,-0.30000000000000004,-0.5,-2.2,3.3000000000000003,8.4,-7.8,26.700000000000003,-20.8,16
1130,394802.0,-0.7000000000000001,-0.30000000000000004,-0.5,-2.2,3.3000000000000003,8.4,-7.8,26.700000000000003,-20.8,16
1131,394818.0,-0.8,-0.4,-0.30000000000000004,-2.5,3.1,8.9,-15.6,27.5,-8.0,16
1132,394835.0,-0.30000000000000004,-0.9,0.0,-2.0,2.7,9.0,-18.0,8.4,-0.1,16
1133,394853.0,0.5,-1.0,-0.5,-1.3,2.4000000000000004,8.5,-13.5,-7.699999999999999,2.1,16
1134,394869.0,0.5,-1.0,-0.5,-1.1,2.3000000000000003,8.1,-8.0,-9.899999999999999,1.2000000000000002,16
1135,394889.0,0.8,-0.9,-2.0,-0.9,2.5,7.0,4.9,-0.8,-1.4,16
1136,394908.0,0.9,-0.6000000000000001,-2.6,-0.8,2.9000000000000004,6.5,9.3,14.300000000000002,-2.2,16
1137,394920.0,0.9,-0.5,-2.5,-0.8,3.0,6.5,6.4,16.5,-3.8,16
1138,394936.0,0.7000000000000001,-0.30000000000000004,-2.1,-1.1,3.2,6.9,-4.1,12.0,-8.4,16
1139,394952.0,0.30000000000000004,0.0,-1.6,-1.5,3.5,7.4,-6.8,5.300000000000001,-10.200000000000001,16
1140,394968.0,0.30000000000000004,0.2,-1.4000000000000001,-1.5,3.6,7.6000000000000005,-5.6,5.2,-9.5,16
1141,394989.0,0.30000000000000004,0.4,-1.4000000000000001,-1.5,3.8000000000000003,7.6000000000000005,3.0,9.8,-4.800000000000001,16
1142,395002.0,0.4,0.4,-1.5,-1.5,3.9000000000000004,7.5,7.6,14.100000000000001,0.1,16
1143,395020.0,0.7000000000000001,0.4,-1.3,-1.2000000000000002,3.9000000000000004,7.7,6.9,18.4,3.7000000000000006,16
1144,395036.0,1.0,0.30000000000000004,-0.5,-1.0,3.8000000000000003,8.4,0.8,14.100000000000001,5.4,16
1145,395054.0,1.1,0.4,0.4,-1.0,3.9000000000000004,9.4,-7.200000000000001,3.0,4.7,16
1146,395074.0,0.9,0.5,1.5,-1.1,4.0,10.4,-12.0,-0.9000000000000001,3.6000000000000005,16
1147,395099.0,0.5,0.6000000000000001,2.1,-1.5,4.0,11.100000000000001,-11.5,-2.3,2.7,16
1148,395101.0,0.5,0.6000000000000001,2.1,-1.5,4.0,11.100000000000001,-11.5,-2.3,2.7,16
1149,395118.0,0.1,0.6000000000000001,2.6,-1.9000000000000001,4.0,11.600000000000001,-8.100000000000001,-1.1,3.1,16
1150,395135.0,0.5,1.8,2.2,-1.5,5.1000000000000005,11.200000000000001,0.8,-10.8,2.7,16
1151,395152.0,0.1,1.5,1.5,-2.1,5.0,10.0,1.8000000000000003,-21.0,4.2,16
1152,395174.0,-0.5,1.4000000000000001,0.7000000000000001,-2.9000000000000004,3.9000000000000004,10.200000000000001,-11.2,-11.900000000000002,10.0,16
1153,395198.0,-1.4000000000000001,-1.0,3.8000000000000003,-3.2,2.2,12.9,-57.3,-3.2,23.400000000000002,16
1154,395202.0,-1.4000000000000001,-1.0,3.8000000000000003,-3.2,2.2,12.9,-57.3,-3.2,23.400000000000002,16
1155,395220.0,-0.6000000000000001,-1.6,4.800000000000001,-2.4000000000000004,1.5,13.9,-39.0,-17.5,22.1,16
1156,395237.0,0.1,-1.7000000000000002,2.9000000000000004,-1.6,1.3,12.100000000000001,3.9,-14.200000000000001,11.2,16
1157,395253.0,-0.30000000000000004,-1.4000000000000001,1.2000000000000002,-1.9000000000000001,1.7000000000000002,10.3,26.300000000000004,13.6,-8.600000000000001,16
1158,395275.0,-1.5,-0.8,0.30000000000000004,-3.3000000000000003,2.4000000000000004,9.4,27.800000000000004,29.600000000000005,-21.900000000000002,16
1159,395285.0,-1.5,-0.8,0.30000000000000004,-3.8000000000000003,2.8000000000000003,9.0,26.5,27.5,-22.8,16
1160,395303.0,-2.1,-0.1,-0.6000000000000001,-4.0,3.2,8.5,23.400000000000002,20.599999999999998,-19.200000000000003,16
1161,395319.0,-1.8,0.2,-1.6,-3.7,3.5,7.4,10.200000000000001,1.4,-3.0,16
1162,395336.0,-0.6000000000000001,0.1,-1.8,-2.5,3.4000000000000004,7.300000000000001,-1.3,-3.7000000000000006,14.700000000000001,16
1163,395353.0,0.5,-0.4,-1.1,-1.4000000000000001,2.9000000000000004,7.9,1.3,6.0,21.6,16
1164,395371.0,0.7000000000000001,-0.5,-0.9,-1.2000000000000002,2.8000000000000003,8.200000000000001,9.700000000000001,11.5,18.900000000000002,16
1165,395387.0,0.30000000000000004,-0.4,-1.1,-1.6,3.0,7.9,29.500000000000004,18.4,12.200000000000001,16
1166,395401.0,0.1,-0.30000000000000004,-1.5,-1.8,3.1,7.5,35.5,16.8,11.700000000000001,16
1167,395419.0,-0.1,-0.1,-2.2,-2.1,3.4000000000000004,6.7,34.900000000000006,10.0,14.300000000000002,16
1168,395438.0,-0.30000000000000004,0.1,-2.1,-2.3000000000000003,3.8000000000000003,6.7,22.9,1.7,19.200000000000003,16
1169,395452.0,-0.2,0.1,-1.2000000000000002,-2.2,3.8000000000000003,7.7,15.100000000000001,-4.9,24.3,16
1170,395469.0,0.0,0.1,-0.7000000000000001,-1.9000000000000001,3.8000000000000003,8.1,14.100000000000001,-8.600000000000001,27.2,16
1171,395490.0,0.6000000000000001,0.0,-0.30000000000000004,-1.3,3.9000000000000004,8.5,22.4,-11.2,28.700000000000003,16
1172,395507.0,1.0,0.2,-0.4,-0.8,4.1000000000000005,8.4,29.300000000000004,-15.6,24.3,16
1173,395518.0,1.2000000000000002,0.4,-0.6000000000000001,-0.6000000000000001,4.4,8.200000000000001,32.1,-17.1,20.8,16
1174,395535.0,1.1,0.7000000000000001,-0.7000000000000001,-0.6000000000000001,4.800000000000001,8.1,35.4,-11.5,12.200000000000001,16
1175,395552.0,0.5,1.0,-0.1,-1.2000000000000002,5.2,8.6,34.1,-1.2000000000000002,6.2,16
1176,395573.0,0.1,1.2000000000000002,0.7000000000000001,-1.5,5.5,9.4,31.099999999999998,4.300000000000001,2.8,16
1177,395590.0,0.1,1.3,1.1,-1.6,5.7,9.700000000000001,29.500000000000004,5.8,0.8,16
1178,395602.0,0.30000000000000004,1.9000000000000001,1.4000000000000001,-1.3,6.300000000000001,10.0,28.0,2.0,-1.4,16
1179,395622.0,1.0,2.4000000000000004,0.9,-0.6000000000000001,6.9,9.4,17.5,-24.5,-5.4,16
1180,395635.0,1.0,1.9000000000000001,0.7000000000000001,-0.6000000000000001,6.4,9.200000000000001,-9.600000000000001,-24.0,-9.8,16
1181,395651.0,1.0,1.9000000000000001,0.7000000000000001,-1.3,5.6000000000000005,10.0,-31.0,-11.1,-13.3,16
1182,395668.0,-1.4000000000000001,-0.4,5.2,-3.0,4.0,13.8,-58.400000000000006,10.700000000000001,-16.6,16
1183,395693.0,-0.30000000000000004,-1.1,4.5,-1.8,3.1,13.200000000000001,14.0,-27.5,-2.5,16
1184,395703.0,-0.30000000000000004,-1.1,4.5,-1.8,3.1,13.200000000000001,14.0,-27.5,-2.5,16
1185,395718.0,1.7000000000000002,-1.3,-0.1,0.2,3.0,8.6,57.699999999999996,-21.8,-2.9,16
1186,395737.0,2.3000000000000003,-1.1,-2.6,0.9,3.4000000000000004,6.1000000000000005,50.900000000000006,8.3,-13.399999999999999,16
1187,395751.0,1.4000000000000001,-1.1,-3.0,-0.2,3.5,5.5,16.1,19.400000000000002,-25.1,16
1188,395772.0,0.1,-1.1,-2.2,-1.6,3.5,6.300000000000001,-17.6,10.1,-27.3,16
1189,395786.0,0.1,-1.1,-2.2,-1.6,3.5,6.300000000000001,-17.6,10.1,-27.3,16
1190,395802.0,-0.7000000000000001,-1.1,-1.4000000000000001,-2.4000000000000004,3.4000000000000004,7.2,-31.3,2.0,-20.3,16
1191,395824.0,-0.6000000000000001,-1.2000000000000002,-0.8,-1.9000000000000001,2.9000000000000004,7.800000000000001,-18.700000000000003,4.4,-1.0,16
1192,395836.0,0.30000000000000004,-1.5,-1.1,-1.5,2.8000000000000003,7.5,-10.600000000000001,5.4,1.3,16
1193,395854.0,0.8,-1.7000000000000002,-1.8,-0.9,2.6,6.9,0.0,10.200000000000001,-2.0,16
1194,395873.0,0.8,-1.6,-1.9000000000000001,-0.9,2.7,6.7,1.5,11.4,-4.1,16
1195,395890.0,0.30000000000000004,-1.2000000000000002,-2.1,-1.5,3.0,6.5,2.9,9.899999999999999,-13.000000000000002,16
1196,395906.0,0.1,-0.8,-2.2,-1.7000000000000002,3.5,6.4,-1.6,2.2,-14.0,16
1197,395919.0,0.1,-0.6000000000000001,-2.3000000000000003,-1.8,3.7,6.300000000000001,-3.0,0.30000000000000004,-12.100000000000001,16
1198,395940.0,0.30000000000000004,-0.30000000000000004,-2.2,-1.6,3.9000000000000004,6.4,-5.9,5.2,-5.300000000000001,16
1199,395953.0,0.4,-0.1,-1.7000000000000002,-1.5,4.1000000000000005,7.0,-7.699999999999999,11.5,-3.3000000000000007,16
1200,395968.0,0.2,0.0,-1.3,-1.8,4.2,7.300000000000001,-12.0,16.4,-2.2,16
1201,395992.0,0.30000000000000004,0.30000000000000004,-0.6000000000000001,-1.7000000000000002,4.4,8.1,-19.400000000000002,-1.1,0.9000000000000001,16
1202,396001.0,0.30000000000000004,0.30000000000000004,-0.6000000000000001,-1.7000000000000002,4.4,8.1,-19.400000000000002,-1.1,0.9000000000000001,16
1203,396018.0,0.7000000000000001,0.6000000000000001,0.1,-1.2000000000000002,4.7,8.8,-20.900000000000002,-10.4,2.1,16
1204,396035.0,0.8,1.0,0.4,-1.1,5.0,9.1,-14.400000000000002,-10.5,3.3000000000000007,16
1205,396055.0,0.30000000000000004,1.3,0.6000000000000001,-1.6,5.300000000000001,9.4,-14.900000000000002,0.9000000000000001,5.0,16
1206,396074.0,0.1,1.3,1.2000000000000002,-2.2,5.0,10.8,-20.0,8.2,7.8,16
1207,396085.0,-0.30000000000000004,1.0,2.0,-2.6,4.7,11.600000000000001,-24.7,14.100000000000001,10.200000000000001,16
1208,396101.0,-0.8,0.9,3.6,-2.7,4.800000000000001,12.4,-22.1,17.200000000000003,10.4,16
1209,396120.0,-0.5,1.6,3.1,-2.4000000000000004,5.5,11.9,-1.9,3.1,9.3,16
1210,396136.0,-0.30000000000000004,1.5,1.2000000000000002,-2.3000000000000003,5.300000000000001,10.0,1.2000000000000002,12.200000000000001,8.8,16
1211,396153.0,-1.7000000000000002,0.0,1.7000000000000002,-3.7,3.9000000000000004,10.5,-40.1,31.7,10.1,16
1212,396168.0,-2.1,-0.8,3.0,-4.2,3.0,11.9,-61.10000000000001,30.799999999999997,14.200000000000001,16
1213,396189.0,-1.3,-1.8,5.0,-3.4000000000000004,1.8,13.8,-60.7,5.1000000000000005,19.700000000000003,16
1214,396203.0,-0.4,-2.0,4.800000000000001,-2.5,1.5,13.700000000000001,-41.1,-8.4,17.400000000000002,16
1215,396220.0,0.7000000000000001,-1.7000000000000002,2.5,-1.4000000000000001,1.7000000000000002,11.4,8.899999999999999,-5.8,0.6000000000000001,16
1216,396235.0,0.1,-1.0,0.1,-2.0,2.5,9.0,34.7,28.600000000000005,-19.0,16
1217,396253.0,-1.3,-0.30000000000000004,-0.5,-3.5,3.2,8.4,25.1,50.400000000000006,-23.0,16
1218,396273.0,-2.1,0.1,-0.5,-4.5,3.7,8.3,6.0,37.2,-13.100000000000001,16
1219,396289.0,-2.0,0.2,-0.7000000000000001,-4.4,3.8000000000000003,8.1,-1.7,22.9,-3.8,16
1220,396302.0,-1.6,0.2,-1.0,-4.1000000000000005,3.8000000000000003,7.800000000000001,-6.9,8.600000000000001,5.500000000000001,16
1221,396319.0,-0.6000000000000001,0.1,-1.5,-3.1,3.7,7.2,-7.9,-9.3,21.1,16
1222,396338.0,0.5,-0.1,-2.0,-2.0,3.5,6.800000000000001,0.1,-4.6,29.700000000000006,16
1223,396352.0,0.7000000000000001,-0.1,-2.2,-1.6,3.5,6.4,8.700000000000001,6.300000000000001,30.599999999999998,16
1224,396368.0,0.9,-0.1,-2.6,-1.5,3.5,6.2,12.600000000000001,12.600000000000001,30.200000000000003,16
1225,396388.0,1.0,-0.1,-2.6,-1.4000000000000001,3.6,6.2,12.8,14.900000000000002,30.1,16
1226,396402.0,0.9,-0.1,-2.5,-1.5,3.6,6.2,11.1,12.5,29.500000000000004,16
1227,396421.0,0.7000000000000001,0.1,-1.9000000000000001,-1.7000000000000002,3.9000000000000004,6.800000000000001,5.4,9.3,30.799999999999997,16
1228,396435.0,0.8,0.1,-1.5,-1.6,3.9000000000000004,7.2,4.300000000000001,8.0,35.4,16
1229,396453.0,1.0,0.0,-1.0,-1.3,3.9000000000000004,7.7,2.9,11.5,38.800000000000004,16
1230,396470.0,1.2000000000000002,0.0,-0.5,-1.2000000000000002,3.9000000000000004,8.1,0.8,14.800000000000002,39.8,16
1231,396485.0,1.4000000000000001,-0.1,0.2,-0.9,3.9000000000000004,9.600000000000001,2.1,16.1,37.6,16
1232,396502.0,1.6,0.2,1.4000000000000001,-0.8,4.1000000000000005,10.100000000000001,7.300000000000001,14.200000000000001,33.7,16
1233,396520.0,1.5,0.6000000000000001,1.8,-0.8,4.6000000000000005,10.4,22.3,11.900000000000002,26.000000000000004,16
1234,396537.0,1.2000000000000002,0.7000000000000001,1.4000000000000001,-1.1,4.9,10.0,30.1,14.800000000000002,16.0,16
1235,396552.0,1.1,0.7000000000000001,1.3,-1.2000000000000002,4.9,9.9,28.0,14.400000000000002,9.8,16
1236,396569.0,0.7000000000000001,0.8,1.7000000000000002,-1.7000000000000002,5.0,10.200000000000001,17.9,14.300000000000002,-4.800000000000001,16
1237,396592.0,0.5,2.2,2.1,-2.0,6.5,10.600000000000001,15.5,2.3,-21.900000000000002,16
1238,396601.0,0.5,2.2,2.1,-2.0,6.5,10.600000000000001,18.200000000000003,-11.6,-30.1,16
1239,396618.0,0.1,2.5,1.0,-2.3000000000000003,6.800000000000001,9.5,16.4,-13.000000000000002,-36.9,16
1240,396637.0,-1.6,1.6,2.0,-4.0,6.0,10.5,-1.4,21.8,-34.7,16
1241,396658.0,-1.8,0.7000000000000001,3.6,-4.4,5.0,12.0,-2.6,23.0,-19.400000000000002,16
1242,396677.0,0.0,-0.1,2.6,-2.7,4.2,11.0,17.5,-7.699999999999999,-4.7,16
1243,396697.0,1.8,-0.6000000000000001,0.8,-0.9,3.7,9.200000000000001,24.400000000000002,-16.900000000000002,-7.1000000000000005,16
1244,396701.0,1.8,-0.6000000000000001,0.8,-0.9,3.7,9.200000000000001,24.400000000000002,-16.900000000000002,-7.1000000000000005,16
1245,396718.0,1.9000000000000001,-0.8,-0.30000000000000004,-0.8,3.6,8.1,10.700000000000001,-4.7,-21.300000000000004,16
1246,396735.0,0.5,-0.8,0.0,-2.1,3.6,8.4,-9.3,11.1,-26.000000000000004,16
1247,396752.0,-0.4,-1.1,0.5,-3.1,3.2,8.9,-17.6,13.700000000000001,-18.0,16
1248,396768.0,-0.4,-1.3,0.6000000000000001,-3.2,3.0,9.0,-17.799999999999997,12.600000000000001,-15.2,16
1249,396790.0,0.1,-1.7000000000000002,0.4,-2.7,2.5,8.8,-12.7,3.8,-5.4,16
1250,396803.0,0.5,-1.9000000000000001,0.0,-2.3000000000000003,2.3000000000000003,8.4,-6.4,-1.3,-2.7,16
1251,396819.0,1.1,-2.1,-1.0,-1.7000000000000002,2.1,7.4,10.0,-6.699999999999999,-4.6,16
1252,396835.0,1.6,-1.9000000000000001,-2.0,-1.2000000000000002,2.3000000000000003,6.4,22.4,-0.1,-9.3,16
1253,396852.0,1.8,-1.8,-2.5,-1.0,2.4000000000000004,5.9,28.700000000000003,15.6,-14.100000000000001,16
1254,396869.0,1.7000000000000002,-1.7000000000000002,-2.4000000000000004,-1.1,2.6,5.9,29.200000000000003,23.2,-16.4,16
1255,396885.0,1.6,-1.6,-2.1,-1.6,3.0,6.300000000000001,29.400000000000002,29.600000000000005,-21.200000000000003,16
1256,396905.0,0.9,-0.9,-1.6,-2.1,3.5,6.6000000000000005,28.700000000000003,26.5,-23.099999999999998,16
1257,396918.0,0.8,-0.7000000000000001,-1.5,-2.4000000000000004,3.8000000000000003,6.7,27.2,20.3,-23.5,16
1258,396935.0,0.5,-0.2,-1.6,-2.7,4.3,6.5,19.799999999999997,5.500000000000001,-20.7,16
1259,396954.0,0.6000000000000001,0.0,-1.2000000000000002,-2.6,4.6000000000000005,6.9,7.400000000000001,-1.0,-12.0,16
1260,396969.0,0.8,0.0,-0.8,-2.5,4.6000000000000005,7.300000000000001,3.0,-2.8,-8.5,16
1261,396993.0,1.1,0.5,0.0,-2.1,5.0,8.1,0.8,-8.0,-3.5,16
1262,397002.0,1.1,0.5,0.0,-2.1,5.0,8.1,0.8,-8.0,-3.5,16
1263,397018.0,1.1,0.8,-0.2,-2.1,5.300000000000001,7.9,-0.9000000000000001,-17.300000000000004,-3.7000000000000006,16
1264,397035.0,0.9,0.9,-0.30000000000000004,-2.3000000000000003,5.4,7.800000000000001,-11.8,-20.400000000000002,-5.4,16
1265,397059.0,0.0,0.7000000000000001,0.5,-3.1,5.2,8.6,-23.099999999999998,-8.5,-7.699999999999999,16
1266,397068.0,-0.4,0.7000000000000001,1.3,-3.5,5.2,9.5,-26.1,-0.2,-9.600000000000001,16
1267,397084.0,-0.4,2.0,2.3000000000000003,-3.5,6.4,10.5,-20.400000000000002,-8.100000000000001,-12.200000000000001,16
1268,397101.0,-0.5,1.9000000000000001,1.8,-3.6,6.2,10.0,-15.2,-15.8,-11.5,16
1269,397118.0,-1.2000000000000002,1.8,0.7000000000000001,-4.2,6.1000000000000005,9.0,-21.500000000000004,-2.2,-14.5,16
1270,397135.0,-2.9000000000000004,0.8,2.3000000000000003,-6.1000000000000005,5.0,10.600000000000001,-58.900000000000006,20.599999999999998,-7.200000000000001,16
1271,397152.0,-2.9000000000000004,-0.1,4.9,-6.1000000000000005,3.9000000000000004,13.3,-67.3,5.8,10.5,16
1272,397173.0,-0.9,-1.0,4.800000000000001,-4.1000000000000005,2.9000000000000004,13.200000000000001,-30.4,-16.6,15.399999999999999,16
1273,397186.0,-0.2,-1.2000000000000002,3.7,-3.4000000000000004,2.6,12.200000000000001,-18.3,-17.7,12.4,16
1274,397201.0,0.1,-1.3,2.6,-3.0,2.5,11.200000000000001,12.9,-6.0,-2.2,16
1275,397219.0,-0.6000000000000001,-0.8,0.7000000000000001,-3.7,3.0,9.200000000000001,36.300000000000004,21.7,-22.8,16
1276,397238.0,-1.9000000000000001,-0.2,-0.4,-5.1000000000000005,3.7,8.0,40.0,38.2,-27.099999999999998,16
1277,397252.0,-2.2,0.30000000000000004,-0.9,-5.6000000000000005,4.3,7.4,32.0,36.2,-16.1,16
1278,397269.0,-1.9000000000000001,0.30000000000000004,-1.2000000000000002,-5.300000000000001,4.3,7.1000000000000005,25.0,26.6,-6.4,16
1279,397286.0,-0.6000000000000001,0.0,-1.6,-4.1000000000000005,4.1000000000000005,6.6000000000000005,13.200000000000003,2.4000000000000004,10.600000000000001,16
1280,397302.0,0.0,-0.2,-1.9000000000000001,-3.5,3.9000000000000004,6.300000000000001,10.700000000000001,-8.2,15.5,16
1281,397318.0,1.0,-0.4,-2.4000000000000004,-2.5,3.7,5.800000000000001,11.3,-12.9,20.2,16
1282,397335.0,1.3,-0.4,-2.8000000000000003,-2.0,3.8000000000000003,5.4,16.700000000000003,-4.0,20.599999999999998,16
1283,397352.0,1.4000000000000001,-0.4,-3.0,-1.9000000000000001,3.9000000000000004,5.1000000000000005,19.400000000000002,6.600000000000001,21.900000000000002,16
1284,397370.0,1.5,-0.30000000000000004,-3.0,-1.8,4.0,5.1000000000000005,19.0,10.0,22.9,16
1285,397385.0,1.7000000000000002,-0.2,-2.7,-1.6,4.2,5.4,15.299999999999999,10.700000000000001,24.0,16
1286,397402.0,1.7000000000000002,-0.1,-2.6,-1.6,4.3,5.5,11.900000000000002,6.699999999999999,23.800000000000004,16
1287,397419.0,1.5,0.1,-2.4000000000000004,-1.8,4.6000000000000005,5.7,-1.2000000000000002,-3.9,25.200000000000003,16
1288,397437.0,1.5,0.1,-1.4000000000000001,-1.8,4.6000000000000005,6.7,-17.799999999999997,-9.100000000000001,27.9,16
1289,397452.0,1.7000000000000002,0.0,-0.1,-1.5,4.5,8.1,-25.8,-15.399999999999999,28.0,16
1290,397468.0,2.0,0.0,0.4,-1.1,4.5,8.6,-24.1,-19.9,25.900000000000002,16
1291,397485.0,2.6,0.30000000000000004,0.7000000000000001,-0.5,4.7,9.0,-11.700000000000001,-24.1,14.900000000000002,16
1292,397511.0,2.4000000000000004,0.5,0.7000000000000001,-0.6000000000000001,4.9,8.9,-2.8,-18.0,-3.7000000000000006,16
1293,397518.0,1.8,0.6000000000000001,0.8,-1.1,5.0,9.1,-2.4000000000000004,-12.7,-13.8,16
1294,397535.0,0.4,0.9,1.6,-2.5,5.300000000000001,9.9,-7.1000000000000005,-2.0,-29.1,16
1295,397552.0,-0.5,2.1,2.9000000000000004,-3.4000000000000004,6.4,11.200000000000001,-4.5,-9.5,-37.0,16
1296,397568.0,-0.6000000000000001,2.5,2.7,-3.6,6.800000000000001,11.0,1.6,-21.7,-37.1,16
1297,397598.0,-1.1,1.8,2.3000000000000003,-4.1000000000000005,6.1000000000000005,10.600000000000001,-18.700000000000003,-0.6000000000000001,-32.300000000000004,16
1298,397608.0,-1.1,1.9000000000000001,2.3000000000000003,-4.6000000000000005,5.5,11.9,-31.3,8.3,-32.0,16
1299,397618.0,-2.0,0.8,4.7,-5.0,4.9,13.100000000000001,-34.60000000000001,7.8,-30.699999999999996,16
1300,397637.0,-1.9000000000000001,0.4,5.300000000000001,-4.5,3.9000000000000004,13.4,-9.4,-11.900000000000002,-19.700000000000003,16
1301,397652.0,0.30000000000000004,-0.4,2.5,-2.8000000000000003,3.6,11.0,24.5,-22.000000000000004,-13.200000000000003,16
1302,397670.0,0.8,-0.6000000000000001,1.4000000000000001,-2.2,3.4000000000000004,9.8,29.200000000000003,-20.900000000000002,-13.5,16
1303,397685.0,0.9,-0.7000000000000001,-0.2,-2.1,3.4000000000000004,8.200000000000001,28.1,-3.5,-19.799999999999997,16
1304,397704.0,0.2,-0.9,-0.1,-2.8000000000000003,3.3000000000000003,8.3,10.200000000000001,14.100000000000001,-20.8,16
1305,397722.0,-0.1,-1.0,0.1,-3.1,3.1,8.5,2.9,13.900000000000002,-19.200000000000003,16
1306,397735.0,0.0,-1.3,0.0,-3.1,2.8000000000000003,8.3,-5.4,-0.4,-13.399999999999999,16
1307,397752.0,0.5,-1.5,-0.4,-2.6,2.5,7.9,-8.600000000000001,-13.6,-9.2,16
1308,397768.0,0.8,-1.6,-0.7000000000000001,-2.3000000000000003,2.5,7.7,-7.200000000000001,-17.200000000000003,-8.899999999999999,16
1309,397788.0,1.1,-1.6,-1.1,-2.0,2.4000000000000004,7.300000000000001,0.6000000000000001,-14.700000000000001,-12.200000000000001,16
1310,397812.0,1.2000000000000002,-1.3,-1.9000000000000001,-1.8,2.7,6.5,22.8,-0.5,-20.1,16
1311,397818.0,1.2000000000000002,-1.3,-1.9000000000000001,-1.8,2.7,6.5,22.8,-0.5,-20.1,16
1312,397835.0,1.3,-0.9,-2.7,-1.8,3.1,5.7,31.3,4.2,-23.6,16
1313,397852.0,1.1,-0.6000000000000001,-3.1,-2.0,3.6,5.2,27.099999999999998,5.2,-25.4,16
1314,397868.0,0.9,-0.4,-3.0,-2.2,3.7,5.300000000000001,20.8,6.699999999999999,-24.5,16
1315,397890.0,0.6000000000000001,-0.30000000000000004,-2.1,-2.6,3.9000000000000004,6.2,9.600000000000001,9.5,-20.599999999999998,16
1316,397902.0,0.4,-0.2,-1.6,-2.8000000000000003,4.0,6.7,6.300000000000001,9.2,-19.0,16
1317,397918.0,0.2,-0.1,-1.0,-3.1,4.1000000000000005,7.2,5.6,5.4,-14.5,16
1318,397935.0,-0.1,0.2,-0.9,-3.4000000000000004,4.4,7.300000000000001,7.200000000000001,2.2,-9.5,16
1319,397952.0,0.1,0.6000000000000001,-1.0,-3.2,4.800000000000001,7.300000000000001,7.0,0.2,-5.0,16
1320,397972.0,0.5,0.8,-1.1,-2.8000000000000003,5.0,7.1000000000000005,1.5,-0.4,5.300000000000001,16
1321,397985.0,0.5,0.9,-1.2000000000000002,-2.8000000000000003,5.1000000000000005,7.0,-5.1000000000000005,1.3,5.500000000000001,16
1322,398001.0,0.30000000000000004,0.9,-0.8,-3.0,5.1000000000000005,7.4,-14.200000000000001,3.6000000000000005,5.300000000000001,16
1323,398020.0,-0.5,0.7000000000000001,0.4,-3.8000000000000003,4.9,8.700000000000001,-29.700000000000006,7.0,4.6,16
1324,398035.0,-0.9,0.4,1.5,-4.3,4.5,9.8,-34.800000000000004,6.0,6.1000000000000005,16
1325,398053.0,-0.8,1.4000000000000001,1.8,-4.2,5.4,10.100000000000001,-28.200000000000003,-8.5,4.4,16
1326,398068.0,-0.8,1.4000000000000001,1.3,-4.1000000000000005,5.300000000000001,9.600000000000001,-25.7,-11.2,6.2,16
1327,398088.0,-0.9,1.6,0.4,-4.2,5.5,8.700000000000001,-31.7,-4.1,6.300000000000001,16
1328,398104.0,-2.1,0.30000000000000004,1.9000000000000001,-5.4,4.1000000000000005,10.3,-70.7,5.9,10.700000000000001,16
1329,398118.0,-2.2,-0.4,3.5,-5.5,3.2,12.0,-93.60000000000001,-5.300000000000001,16.4,16
1330,398136.0,-1.4000000000000001,-1.3,5.0,-4.7,2.1,13.600000000000001,-89.10000000000001,-27.099999999999998,20.1,16
1331,398154.0,0.0,-1.6,3.6,-3.1,1.5,12.3,-48.300000000000004,-42.2,15.899999999999999,16
1332,398175.0,0.6000000000000001,-1.6,1.5,-2.4000000000000004,1.5,10.3,-8.3,-17.200000000000003,-1.2000000000000002,16
1333,398189.0,0.0,-1.3,0.8,-3.0,1.8,9.600000000000001,3.8,6.9,-14.100000000000001,16
1334,398203.0,-1.0,-0.8,0.6000000000000001,-3.9000000000000004,2.3000000000000003,9.5,10.299999999999999,29.700000000000006,-24.8,16
1335,398218.0,-2.5,0.0,0.6000000000000001,-5.6000000000000005,3.1,9.4,12.600000000000001,50.7,-27.6,16
1336,398235.0,-2.6,0.2,0.6000000000000001,-5.9,3.3000000000000003,9.3,4.9,32.2,-10.1,16
1337,398253.0,-1.2000000000000002,0.30000000000000004,-0.2,-4.6000000000000005,3.3000000000000003,8.5,2.5,-3.1,10.0,16
1338,398268.0,-0.4,0.2,-0.9,-3.8000000000000003,3.3000000000000003,7.800000000000001,5.8,-14.200000000000001,17.200000000000003,16
1339,398286.0,0.8,-0.1,-2.1,-2.5,3.1,6.6000000000000005,16.3,-15.299999999999999,23.700000000000003,16
1340,398302.0,1.1,0.0,-2.6,-2.1,3.1,6.1000000000000005,20.900000000000002,-8.5,23.3,16
1341,398319.0,1.1,0.0,-3.0,-2.1,3.3000000000000003,5.7,25.5,9.5,21.400000000000002,16
1342,398338.0,0.7000000000000001,0.1,-2.8000000000000003,-2.5,3.5,5.800000000000001,22.8,19.700000000000003,23.2,16
1343,398353.0,0.4,0.2,-2.3000000000000003,-2.8000000000000003,3.7,6.300000000000001,15.899999999999999,15.899999999999999,29.1,16
1344,398380.0,0.6000000000000001,0.2,-1.9000000000000001,-2.6,3.7,6.7,7.200000000000001,1.2000000000000002,35.9,16
1345,398386.0,0.8,0.2,-1.8,-2.4000000000000004,3.8000000000000003,6.800000000000001,3.3000000000000007,-5.9,37.9,16
1346,398402.0,1.1,0.1,-1.6,-2.1,3.7,6.9,-1.0,-10.1,38.60000000000001,16
1347,398418.0,1.4000000000000001,0.0,-1.0,-1.7000000000000002,3.7,7.6000000000000005,-8.5,-10.9,36.2,16
1348,398436.0,1.8,0.2,-0.30000000000000004,-1.2000000000000002,3.9000000000000004,8.3,-9.3,-15.100000000000001,30.4,16
1349,398451.0,2.0,0.30000000000000004,-0.30000000000000004,-1.0,4.0,8.3,-7.0,-18.0,25.7,16
1350,398469.0,2.2,0.5,-0.5,-0.7000000000000001,4.2,8.200000000000001,-5.4,-20.5,11.1,16
1351,398490.0,1.6,0.7000000000000001,0.0,-1.2000000000000002,4.4,8.700000000000001,-11.700000000000001,-13.700000000000001,-6.8,16
1352,398502.0,1.1,0.8,0.6000000000000001,-1.7000000000000002,4.5,9.3,-14.800000000000002,-8.100000000000001,-14.600000000000001,16
1353,398518.0,0.0,1.1,2.1,-2.8000000000000003,4.6000000000000005,10.8,-16.3,1.8000000000000003,-26.9,16
1354,398535.0,-0.8,2.0,3.8000000000000003,-3.7,5.5,12.5,-2.2,-2.2,-34.900000000000006,16
1355,398554.0,-0.9,3.1,2.6,-3.8000000000000003,6.5,11.3,23.6,-24.400000000000002,-34.7,16
1356,398568.0,-0.9,2.8000000000000003,1.7000000000000002,-3.8000000000000003,6.300000000000001,10.4,25.1,-23.0,-32.300000000000004,16
1357,398597.0,-2.1,1.2000000000000002,3.5,-5.0,4.7,12.200000000000001,-11.5,8.5,-21.200000000000003,16
1358,398606.0,-2.1,1.2000000000000002,3.5,-5.0,4.7,12.200000000000001,-11.5,8.5,-21.200000000000003,16
1359,398622.0,-1.4000000000000001,0.4,4.4,-3.2,3.5,12.3,4.9,-26.799999999999997,0.30000000000000004,16
1360,398638.0,0.7000000000000001,-0.2,2.2,-2.1,3.3000000000000003,10.9,18.3,-35.1,2.6,16
1361,398655.0,1.7000000000000002,-0.4,0.0,-1.1,3.1,8.8,23.3,-27.3,-3.1,16
1362,398676.0,1.2000000000000002,-0.7000000000000001,-0.30000000000000004,-1.5,2.9000000000000004,8.5,7.699999999999999,-4.9,-8.899999999999999,16
1363,398693.0,0.6000000000000001,-1.0,0.30000000000000004,-2.1,2.6,9.0,0.4,6.600000000000001,-9.2,16
1364,398703.0,0.6000000000000001,-1.0,0.30000000000000004,-2.1,2.6,9.0,0.4,6.600000000000001,-9.2,16
1365,398719.0,0.6000000000000001,-1.3,0.0,-2.2,2.2,8.700000000000001,4.5,6.300000000000001,-6.699999999999999,16
1366,398738.0,0.6000000000000001,-1.6,-1.0,-2.1,2.0,7.7,5.8,0.9000000000000001,-6.500000000000001,16
1367,398751.0,0.6000000000000001,-1.8,-1.7000000000000002,-2.2,1.7000000000000002,7.1000000000000005,3.5,0.30000000000000004,-8.100000000000001,16
1368,398776.0,0.5,-1.9000000000000001,-1.8,-2.2,1.7000000000000002,6.9,-1.5,2.5,-9.5,16
1369,398784.0,0.5,-1.9000000000000001,-1.8,-2.2,1.6,7.1000000000000005,-2.6,2.1,-9.600000000000001,16
1370,398802.0,0.7000000000000001,-1.9000000000000001,-1.4000000000000001,-2.1,1.6,7.300000000000001,-0.8,0.9000000000000001,-9.899999999999999,16
1371,398818.0,1.3,-1.9000000000000001,-1.3,-1.5,1.7000000000000002,7.4,10.8,1.6,-14.5,16
1372,398835.0,1.3,-1.5,-1.9000000000000001,-1.6,2.1,6.800000000000001,25.200000000000003,3.0,-27.099999999999998,16
1373,398856.0,0.7000000000000001,-0.8,-2.5,-2.2,2.8000000000000003,6.2,27.9,7.500000000000001,-33.9,16
1374,398879.0,0.1,-0.2,-2.6,-2.8000000000000003,3.5,6.0,24.200000000000003,13.399999999999999,-31.400000000000002,16
1375,398890.0,-0.4,-0.1,-2.1,-3.5,3.6,6.4,15.399999999999999,20.2,-21.300000000000004,16
1376,398907.0,-0.5,0.1,-1.7000000000000002,-3.6,3.8000000000000003,6.800000000000001,13.6,20.7,-18.3,16
1377,398920.0,-0.6000000000000001,0.2,-1.4000000000000001,-3.7,4.0,7.2,11.6,16.6,-10.0,16
1378,398937.0,-0.30000000000000004,0.5,-1.3,-3.5,4.2,7.2,9.600000000000001,5.7,-1.9,16
1379,398953.0,0.1,0.5,-1.4000000000000001,-3.1,4.3,7.1000000000000005,-0.6000000000000001,-9.2,4.0,16
1380,398976.0,-0.1,0.6000000000000001,-0.7000000000000001,-3.3000000000000003,4.4,7.800000000000001,-15.899999999999999,-10.0,3.9,16
1381,398985.0,-0.4,0.7000000000000001,-0.2,-3.6,4.4,8.3,-21.900000000000002,-7.300000000000001,4.2,16
1382,399001.0,-0.6000000000000001,0.7000000000000001,0.30000000000000004,-3.8000000000000003,4.4,8.8,-27.099999999999998,-3.4,6.0,16
1383,399019.0,-0.7000000000000001,0.6000000000000001,1.5,-3.8000000000000003,4.2,10.100000000000001,-34.400000000000006,0.6000000000000001,13.5,16
1384,399036.0,0.30000000000000004,1.7000000000000002,1.9000000000000001,-2.8000000000000003,5.2,10.5,-31.5,-12.7,15.000000000000002,16
1385,399053.0,0.4,1.3,0.2,-2.6,4.800000000000001,8.8,-29.1,-27.0,13.000000000000002,16
1386,399069.0,-0.2,1.2000000000000002,-0.5,-3.1,4.6000000000000005,8.200000000000001,-39.1,-18.6,7.699999999999999,16
1387,399097.0,-2.9000000000000004,-0.8,3.9000000000000004,-5.800000000000001,2.3000000000000003,12.700000000000001,-122.0,-3.1,15.2,16
1388,399102.0,-2.9000000000000004,-0.8,3.9000000000000004,-5.800000000000001,2.3000000000000003,12.700000000000001,-127.00000000000003,-15.5,24.3,16
1389,399119.0,-1.4000000000000001,-1.5,6.300000000000001,-4.3,1.3,15.3,-111.50000000000001,-26.799999999999997,29.500000000000004,16
1390,399135.0,0.5,-1.3,4.7,-2.2,1.2000000000000002,13.8,-47.80000000000001,-34.60000000000001,22.5,16
1391,399151.0,0.9,-1.5,1.9000000000000001,-1.8,0.9,11.100000000000001,-3.4,-7.0,3.4,16
1392,399168.0,0.5,-1.4000000000000001,1.2000000000000002,-2.1,1.0,10.3,5.8,12.5,-8.0,16
1393,399187.0,-1.3,-0.6000000000000001,0.7000000000000001,-3.9000000000000004,1.8,9.9,8.899999999999999,39.2,-26.5,16
1394,399202.0,-2.0,0.0,0.9,-4.800000000000001,2.4000000000000004,10.0,6.8,38.400000000000006,-26.5,16
1395,399226.0,-1.4000000000000001,0.7000000000000001,0.1,-4.4,3.1,9.1,11.700000000000001,-4.4,-2.3,16
1396,399234.0,-1.5,0.7000000000000001,0.1,-3.5,3.2,8.3,16.0,-13.900000000000002,4.9,16
1397,399251.0,0.8,0.8,-2.1,-2.1,3.3000000000000003,6.9,26.000000000000004,-16.4,13.8,16
1398,399269.0,0.8,0.8,-2.1,-2.1,3.3000000000000003,6.9,26.000000000000004,-16.4,13.8,16
1399,399295.0,1.1,0.8,-3.3000000000000003,-1.6,3.5,5.7,21.7,8.100000000000001,16.5,16
1400,399302.0,1.1,0.8,-3.3000000000000003,-1.6,3.5,5.7,21.7,8.100000000000001,16.5,16
1401,399318.0,0.8,0.8,-2.5,-2.0,3.6,6.5,11.2,8.700000000000001,21.8,16
1402,399334.0,0.6000000000000001,0.8,-1.8,-2.2,3.6,7.1000000000000005,7.400000000000001,-1.6,29.400000000000002,16
1403,399351.0,0.8,0.7000000000000001,-1.8,-1.9000000000000001,3.6,7.2,4.9,-18.0,37.0,16
1404,399369.0,1.1,0.6000000000000001,-1.9000000000000001,-1.6,3.5,7.1000000000000005,3.8,-21.8,38.2,16
1405,399389.0,1.3,0.30000000000000004,-1.9000000000000001,-1.3,3.3000000000000003,7.1000000000000005,-5.1000000000000005,-29.0,40.1,16
1406,399401.0,1.4000000000000001,0.2,-1.6,-1.1,3.2,7.4,-10.600000000000001,-28.500000000000004,40.1,16
1407,399418.0,1.5,0.4,-0.6000000000000001,-0.9,3.3000000000000003,8.4,-17.7,-25.6,38.1,16
1408,399436.0,1.9000000000000001,0.5,0.2,-0.4,3.4000000000000004,9.3,-15.6,-24.200000000000003,33.1,16
1409,399453.0,2.1,0.7000000000000001,0.6000000000000001,-0.1,3.6,9.700000000000001,-10.5,-22.5,18.8,16
1410,399471.0,2.0,0.8,0.7000000000000001,-0.1,3.7,9.9,-9.2,-19.0,8.899999999999999,16
1411,399498.0,0.6000000000000001,1.2000000000000002,2.4000000000000004,-1.5,4.1000000000000005,11.600000000000001,-10.5,3.8,-25.1,16
1412,399501.0,0.6000000000000001,1.2000000000000002,2.4000000000000004,-1.5,4.1000000000000005,11.600000000000001,-10.5,3.8,-25.1,16
1413,399519.0,-0.30000000000000004,2.4000000000000004,3.5,-2.4000000000000004,5.2,12.600000000000001,-1.7,0.8,-39.699999999999996,16
1414,399538.0,-1.2000000000000002,2.3000000000000003,2.7,-3.3000000000000003,5.0,11.9,6.8,3.3000000000000007,-35.699999999999996,16
1415,399553.0,-2.0,0.7000000000000001,3.8000000000000003,-4.2,3.5,13.0,-18.8,18.700000000000003,-26.400000000000006,16
1416,399570.0,-1.4000000000000001,-0.2,6.2,-3.7,2.5,15.4,-24.1,13.100000000000001,-16.700000000000003,16
1417,399599.0,0.1,-0.6000000000000001,4.7,-2.2,2.0,13.9,23.3,-13.6,-15.299999999999999,16
1418,399604.0,0.7000000000000001,-0.7000000000000001,2.7,-1.5,2.0,11.8,46.0,-16.0,-18.0,16
1419,399618.0,1.0,-0.7000000000000001,0.9,-1.3,2.0,10.0,57.3,-7.500000000000001,-22.1,16
1420,399635.0,0.8,-0.6000000000000001,-0.9,-1.4000000000000001,2.3000000000000003,8.200000000000001,48.70000000000001,21.0,-23.400000000000002,16
1421,399652.0,-0.1,-0.8,-0.9,-2.5,2.2,8.200000000000001,27.0,30.000000000000004,-20.900000000000002,16
1422,399668.0,-0.30000000000000004,-0.8,-0.7000000000000001,-2.8000000000000003,2.2,8.3,19.200000000000003,25.5,-16.3,16
1423,399690.0,0.1,-1.4000000000000001,-1.9000000000000001,-2.4000000000000004,1.7000000000000002,7.1000000000000005,7.699999999999999,-1.1,-4.2,16
1424,399703.0,0.30000000000000004,-1.4000000000000001,-2.4000000000000004,-2.3000000000000003,1.6,6.6000000000000005,3.6000000000000005,-6.0,-2.2,16
1425,399720.0,0.4,-1.6,-2.7,-2.1,1.5,6.2,-2.2,-4.800000000000001,-1.1,16
1426,399735.0,0.6000000000000001,-1.4000000000000001,-2.1,-1.9000000000000001,1.7000000000000002,6.9,-14.200000000000001,5.1000000000000005,2.3,16
1427,399752.0,1.1,-1.3,-1.3,-1.4000000000000001,1.7000000000000002,7.7,-7.500000000000001,6.600000000000001,2.6,16
1428,399772.0,1.6,-1.2000000000000002,-1.5,-1.0,1.8,7.5,9.2,5.4,-3.1,16
1429,399793.0,1.4000000000000001,-0.7000000000000001,-2.3000000000000003,-1.2000000000000002,2.4000000000000004,6.7,19.300000000000004,4.0,-11.1,16
1430,399802.0,1.4000000000000001,-0.7000000000000001,-2.3000000000000003,-1.2000000000000002,2.4000000000000004,6.7,19.300000000000004,4.0,-11.1,16
1431,399829.0,0.6000000000000001,0.1,-2.2,-2.0,3.2,6.7,8.100000000000001,1.3,-11.3,16
1432,399835.0,0.6000000000000001,0.2,-1.8,-2.0,3.4000000000000004,7.1000000000000005,0.5,-3.2,-8.2,16
1433,399851.0,0.8,0.2,-0.6000000000000001,-1.8,3.3000000000000003,8.3,-8.5,-8.0,-1.7,16
1434,399868.0,0.7000000000000001,0.1,-0.1,-1.9000000000000001,3.2,8.9,-7.1000000000000005,-6.0,-0.6000000000000001,16
1435,399893.0,0.30000000000000004,0.1,1.8,-2.3000000000000003,3.1,10.700000000000001,8.899999999999999,7.6,0.8,16
1436,399908.0,0.2,0.30000000000000004,1.9000000000000001,-2.4000000000000004,3.3000000000000003,10.9,19.1,2.0,0.30000000000000004,16
1437,399919.0,0.2,0.6000000000000001,1.5,-2.4000000000000004,3.7,10.5,29.700000000000006,-5.7,0.7,16
1438,399937.0,0.5,0.8,0.4,-2.1,4.0,9.3,40.4,-11.3,4.300000000000001,16
1439,399952.0,0.1,1.0,0.1,-2.4000000000000004,4.3,9.0,31.9,-2.7,3.4,16
1440,399968.0,-0.2,0.9,0.5,-2.7,4.3,9.4,24.900000000000002,1.7,3.3000000000000007,16
1441,399990.0,-0.2,1.1,1.3,-2.7,4.6000000000000005,10.100000000000001,19.0,2.4000000000000004,2.0,16
1442,400008.0,0.30000000000000004,1.6,0.5,-2.2,5.1000000000000005,9.3,18.1,-14.5,-1.3,16
1443,400019.0,0.7000000000000001,1.5,-0.5,-1.8,5.1000000000000005,8.3,12.200000000000001,-17.300000000000004,-3.8,16
1444,400035.0,-0.5,0.6000000000000001,-1.2000000000000002,-3.0,4.2,7.6000000000000005,-22.000000000000004,-6.699999999999999,-17.0,16
1445,400051.0,-2.5,-1.2000000000000002,1.4000000000000001,-5.0,2.3000000000000003,10.3,-75.5,11.6,-14.800000000000002,16
1446,400074.0,-2.0,-1.5,4.800000000000001,-4.6000000000000005,1.6,13.700000000000001,-75.00000000000001,-1.1,-0.7,16
1447,400085.0,-0.9,-1.7000000000000002,5.0,-3.4000000000000004,1.4000000000000001,14.0,-50.2,-15.2,2.5,16
1448,400102.0,0.8,-1.7000000000000002,2.9000000000000004,-1.6,1.2000000000000002,11.9,7.200000000000001,-19.9,-12.7,16
1449,400118.0,0.7000000000000001,-1.5,1.3,-1.7000000000000002,1.5,10.3,25.900000000000002,-6.699999999999999,-27.400000000000002,16
1450,400135.0,-1.4000000000000001,-0.8,0.0,-3.9000000000000004,2.3000000000000003,9.0,31.0,22.3,-46.9,16
1451,400153.0,-3.0,0.0,0.0,-5.6000000000000005,3.1,8.9,16.5,20.5,-36.8,16
1452,400170.0,-3.1,0.2,0.0,-5.7,3.3000000000000003,8.9,9.0,9.5,-22.8,16
1453,400191.0,-0.6000000000000001,-0.1,-0.8,-3.3000000000000003,3.0,8.1,-5.7,-22.700000000000003,12.4,16
1454,400202.0,0.0,-0.2,-1.1,-2.6,2.9000000000000004,7.9,-6.300000000000001,-24.200000000000003,14.100000000000001,16
1455,400218.0,0.4,-0.2,-1.3,-2.2,2.9000000000000004,7.7,-4.5,-19.400000000000002,14.700000000000001,16
1456,400237.0,0.5,-0.1,-1.6,-2.0,3.0,7.300000000000001,4.300000000000001,-3.4,14.900000000000002,16
1457,400252.0,0.4,-0.2,-2.0,-2.1,2.9000000000000004,7.0,9.4,3.0,15.700000000000001,16
1458,400268.0,0.4,-0.2,-2.1,-2.1,2.9000000000000004,6.800000000000001,10.200000000000001,4.300000000000001,16.5,16
1459,400285.0,0.30000000000000004,-0.30000000000000004,-2.2,-2.2,3.0,6.800000000000001,9.600000000000001,3.5,16.200000000000003,16
1460,400304.0,0.1,-0.1,-1.9000000000000001,-2.3000000000000003,3.1,7.0,10.700000000000001,2.0,13.8,16
1461,400319.0,0.0,0.1,-1.8,-2.4000000000000004,3.3000000000000003,7.1000000000000005,11.900000000000002,1.2000000000000002,12.5,16
1462,400337.0,-0.1,0.2,-1.9000000000000001,-2.5,3.5,7.0,12.5,-3.1,10.600000000000001,16
1463,400354.0,-0.2,0.2,-1.7000000000000002,-2.6,3.5,7.2,6.600000000000001,-5.6,9.899999999999999,16
1464,400372.0,-0.2,0.2,-1.1,-2.6,3.6,7.800000000000001,3.5,-9.5,9.3,16
1465,400386.0,-0.2,0.2,-1.0,-2.5,3.5,7.9,5.500000000000001,-10.4,9.2,16
1466,400405.0,0.1,0.4,-1.0,-2.3000000000000003,3.8000000000000003,7.9,14.700000000000001,-6.699999999999999,3.8,16
1467,400420.0,0.0,0.6000000000000001,-1.2000000000000002,-2.4000000000000004,4.1000000000000005,7.7,17.6,-2.9,-0.2,16
1468,400435.0,-0.4,1.2000000000000002,-1.3,-2.8000000000000003,4.7,7.6000000000000005,10.4,-1.7,-4.9,16
1469,400452.0,-0.6000000000000001,1.4000000000000001,-0.8,-2.9000000000000004,4.9,8.1,-5.0,-1.8000000000000003,-2.7,16
1470,400468.0,-0.6000000000000001,1.4000000000000001,-0.30000000000000004,-3.0,4.9,8.5,-12.8,0.4,-1.6,16
1471,400503.0,-0.1,2.9000000000000004,1.9000000000000001,-2.4000000000000004,6.300000000000001,10.8,-18.6,-14.700000000000001,-8.100000000000001,16
1472,400520.0,-0.1,2.9000000000000004,1.2000000000000002,-2.4000000000000004,6.300000000000001,10.100000000000001,-15.5,-24.1,-8.100000000000001,16
1473,400535.0,-0.9,2.2,1.1,-3.1,5.5,10.100000000000001,-35.2,-0.9000000000000001,-5.8,16
1474,400553.0,-1.8,1.0,4.3,-4.1000000000000005,4.2,13.3,-59.300000000000004,18.200000000000003,3.4,16
1475,400569.0,-1.6,0.7000000000000001,5.300000000000001,-3.9000000000000004,3.8000000000000003,14.4,-51.50000000000001,15.000000000000002,11.8,16
1476,400585.0,0.6000000000000001,-0.1,4.3,-1.7000000000000002,2.9000000000000004,13.4,-3.4,-5.300000000000001,23.0,16
1477,400606.0,2.4000000000000004,-0.6000000000000001,1.3,0.1,2.4000000000000004,10.3,19.9,-4.0,16.200000000000003,16
1478,400620.0,2.8000000000000003,-0.6000000000000001,0.4,0.6000000000000001,2.4000000000000004,9.5,17.300000000000004,3.6000000000000005,8.4,16
1479,400635.0,2.3000000000000003,-0.9,0.30000000000000004,0.0,2.2,9.4,1.3,22.3,-8.600000000000001,16
1480,400652.0,0.9,-0.7000000000000001,1.1,-1.5,2.4000000000000004,10.100000000000001,-1.3,33.9,-17.0,16
1481,400668.0,0.5,-0.7000000000000001,0.9,-2.0,2.4000000000000004,9.9,0.6000000000000001,35.0,-16.8,16
1482,400692.0,0.5,-0.8,-0.6000000000000001,-2.1,2.2,8.4,1.6,28.0,-5.300000000000001,16
1483,400704.0,0.7000000000000001,-0.9,-0.9,-1.9000000000000001,2.1,8.0,0.0,25.900000000000002,-3.9,16
1484,400718.0,0.9,-1.0,-1.2000000000000002,-1.8,2.0,7.800000000000001,-3.0,22.3,-2.1,16
1485,400736.0,1.3,-1.3,-1.2000000000000002,-1.5,1.7000000000000002,7.800000000000001,-7.1000000000000005,20.0,-0.7,16
1486,400754.0,1.4000000000000001,-1.4000000000000001,-0.8,-1.4000000000000001,1.5,8.1,-1.0,24.1,-4.6,16
1487,400768.0,1.5,-1.5,-0.7000000000000001,-1.3,1.5,8.200000000000001,6.1000000000000005,26.700000000000003,-7.699999999999999,16
1488,400785.0,1.4000000000000001,-1.5,-0.8,-1.5,1.5,8.0,23.800000000000004,26.6,-16.5,16
1489,400803.0,1.1,-1.3,-1.2000000000000002,-1.9000000000000001,1.7000000000000002,7.7,30.3,23.900000000000006,-20.599999999999998,16
1490,400821.0,0.7000000000000001,-0.9,-1.7000000000000002,-2.4000000000000004,2.2,7.0,34.400000000000006,16.8,-25.200000000000003,16
1491,400836.0,0.5,-0.6000000000000001,-2.0,-2.7,2.6,6.7,30.5,11.5,-22.6,16
1492,400852.0,0.5,-0.5,-2.1,-2.7,2.7,6.6000000000000005,22.000000000000004,4.4,-18.8,16
1493,400871.0,0.5,-0.4,-1.7000000000000002,-2.7,2.9000000000000004,7.0,12.4,-2.2,-16.3,16
1494,400885.0,0.5,-0.2,-1.3,-2.8000000000000003,3.1,7.300000000000001,10.299999999999999,-3.1,-16.3,16
1495,400902.0,0.30000000000000004,0.0,-1.0,-2.9000000000000004,3.3000000000000003,7.6000000000000005,9.899999999999999,-3.1,-16.700000000000003,16
1496,400918.0,-0.2,0.5,-0.6000000000000001,-3.4000000000000004,3.8000000000000003,8.1,7.9,1.4,-15.2,16
1497,400935.0,-0.6000000000000001,0.8,-0.2,-3.9000000000000004,4.1000000000000005,8.5,1.2000000000000002,7.6,-9.600000000000001,16
1498,400951.0,-0.7000000000000001,0.7000000000000001,0.7000000000000001,-4.0,4.0,9.3,-6.600000000000001,13.5,-1.8000000000000003,16
1499,400968.0,-0.7000000000000001,0.7000000000000001,0.7000000000000001,-4.1000000000000005,3.9000000000000004,9.700000000000001,-8.8,14.700000000000001,-0.6000000000000001,16
1500,400984.0,-0.2,1.7000000000000002,1.7000000000000002,-3.5,4.9,10.3,-7.6,7.1000000000000005,-3.8,16
1501,401001.0,-0.2,1.7000000000000002,1.2000000000000002,-3.6,4.9,9.8,-7.1000000000000005,-8.0,-6.699999999999999,16
1502,401018.0,-0.5,1.8,-0.4,-3.9000000000000004,5.0,8.200000000000001,-23.900000000000006,-22.9,-8.899999999999999,16
1503,401035.0,-2.4000000000000004,0.4,0.9,-5.7,3.5,9.600000000000001,-81.4,-12.4,-2.8,16
1504,401051.0,-2.5,-0.5,5.0,-5.7,2.3000000000000003,13.8,-106.60000000000001,-13.000000000000002,16.1,16
1505,401084.0,-0.30000000000000004,-1.0,6.300000000000001,-2.5,1.4000000000000001,13.9,-50.400000000000006,-23.099999999999998,22.6,16
1506,401102.0,1.1,-1.3,3.0,-2.0,1.2000000000000002,11.9,19.799999999999997,-11.700000000000001,-0.7,16
1507,401118.0,0.30000000000000004,-0.8,0.4,-2.8000000000000003,1.8,9.4,41.900000000000006,23.099999999999998,-29.300000000000004,16
1508,401134.0,-1.2000000000000002,0.2,-0.6000000000000001,-4.5,2.8000000000000003,8.3,42.900000000000006,35.699999999999996,-38.300000000000004,16
1509,401156.0,-1.8,0.6000000000000001,-1.6,-5.2,3.3000000000000003,7.2,36.5,31.099999999999998,-29.800000000000004,16
1510,401168.0,-1.7000000000000002,0.6000000000000001,-1.7000000000000002,-5.1000000000000005,3.3000000000000003,7.0,27.0,26.9,-20.5,16
1511,401185.0,-1.1,0.4,-1.6,-4.6000000000000005,3.2,7.2,2.0,12.200000000000001,-3.4,16
1512,401204.0,-0.8,0.2,-1.0,-4.1000000000000005,2.9000000000000004,8.4,-14.300000000000002,-2.0,9.4,16
1513,401220.0,-0.2,0.0,0.0,-3.7,2.8000000000000003,8.700000000000001,-12.200000000000001,-7.300000000000001,14.5,16
1514,401235.0,0.7000000000000001,-0.2,-0.7000000000000001,-2.8000000000000003,2.6,8.0,6.500000000000001,-11.3,20.599999999999998,16
1515,401252.0,1.1,-0.2,-1.7000000000000002,-2.4000000000000004,2.6,7.0,21.6,-7.200000000000001,21.300000000000004,16
1516,401268.0,1.0,-0.30000000000000004,-1.7000000000000002,-2.4000000000000004,2.7,6.800000000000001,25.1,-5.4,20.3,16
1517,401287.0,1.0,-0.2,-2.2,-2.5,2.9000000000000004,6.4,26.6,-4.300000000000001,18.5,16
1518,401303.0,0.8,0.2,-2.2,-2.6,3.3000000000000003,6.5,23.900000000000006,-6.4,20.3,16
1519,401318.0,0.8,0.2,-2.2,-2.6,3.4000000000000004,6.5,21.400000000000002,-11.000000000000002,22.000000000000004,16
1520,401335.0,0.9,0.1,-1.9000000000000001,-2.4000000000000004,3.3000000000000003,6.800000000000001,10.700000000000001,-21.7,25.8,16
1521,401352.0,1.2000000000000002,0.1,-1.0,-2.0,3.3000000000000003,7.7,4.0,-26.799999999999997,26.400000000000006,16
1522,401372.0,1.6,0.2,-0.7000000000000001,-1.5,3.5,8.0,10.600000000000001,-26.5,21.6,16
1523,401387.0,1.6,0.4,-0.7000000000000001,-1.4000000000000001,3.7,8.0,15.000000000000002,-24.1,17.1,16
1524,401401.0,1.4000000000000001,0.6000000000000001,-0.7000000000000001,-1.5,4.0,8.0,18.1,-20.1,11.900000000000002,16
1525,401418.0,0.8,0.9,-0.30000000000000004,-2.2,4.4,8.4,16.4,-9.899999999999999,2.0,16
1526,401435.0,-0.2,1.2000000000000002,1.1,-3.1,4.7,9.8,9.100000000000001,1.3,-2.7,16
1527,401452.0,-1.1,1.2000000000000002,3.3000000000000003,-4.0,4.800000000000001,12.0,9.4,1.5,-3.6000000000000005,16
1528,401474.0,-0.7000000000000001,2.4000000000000004,4.1000000000000005,-3.6,5.9,12.700000000000001,27.3,-31.5,-7.500000000000001,16
1529,401485.0,-0.7000000000000001,2.4000000000000004,4.1000000000000005,-3.1,6.1000000000000005,11.700000000000001,27.3,-31.5,-7.500000000000001,16
1530,401502.0,0.30000000000000004,2.7,1.7000000000000002,-2.5,6.300000000000001,10.3,34.800000000000004,-62.800000000000004,-8.3,16
1531,401519.0,-0.2,2.0,0.9,-2.9000000000000004,5.7,9.5,0.30000000000000004,-48.0,-17.200000000000003,16
1532,401535.0,-1.5,1.1,4.1000000000000005,-4.0,4.7,12.9,-25.7,-20.599999999999998,-10.9,16
1533,401554.0,-0.5,-0.2,4.4,-3.0,3.4000000000000004,13.200000000000001,10.1,-22.3,3.9,16
1534,401569.0,0.4,-0.4,3.2,-2.0,3.2,12.0,21.0,-24.8,5.1000000000000005,16
1535,401587.0,1.7000000000000002,-0.7000000000000001,0.4,-0.6000000000000001,3.0,9.1,39.599999999999994,-29.1,-0.1,16
1536,401604.0,1.4000000000000001,-0.7000000000000001,-0.8,-0.8,3.1,8.0,21.8,-27.0,-14.0,16
1537,401618.0,1.0,-0.6000000000000001,-0.7000000000000001,-1.2000000000000002,3.2,8.1,9.4,-22.8,-18.200000000000003,16
1538,401636.0,0.1,-0.7000000000000001,-0.2,-2.1,3.1,8.6,-2.6,-8.100000000000001,-16.900000000000002,16
1539,401656.0,-0.1,-1.1,-0.2,-2.3000000000000003,2.8000000000000003,8.6,-2.1,4.6,-8.5,16
1540,401669.0,-0.1,-1.2000000000000002,-0.2,-2.3000000000000003,2.6,8.6,-2.9,7.0,-4.4,16
1541,401691.0,0.0,-1.5,-0.1,-2.2,2.3000000000000003,8.700000000000001,-4.0,3.6000000000000005,2.0,16
1542,401712.0,0.9,-1.7000000000000002,-0.9,-1.3,2.1,7.9,9.3,-13.399999999999999,2.5,16
1543,401718.0,0.9,-1.7000000000000002,-0.9,-1.3,2.1,7.9,9.3,-13.399999999999999,2.5,16
1544,401735.0,1.3,-1.5,-2.1,-0.8,2.2,6.7,18.3,-16.0,-5.8,16
1545,401752.0,1.2000000000000002,-1.1,-2.8000000000000003,-0.9,2.7,6.0,18.3,-10.200000000000001,-14.0,16
1546,401769.0,1.2000000000000002,-1.2000000000000002,-2.8000000000000003,-1.2000000000000002,3.0,6.1000000000000005,16.5,-4.5,-16.3,16
1547,401791.0,0.5,-0.5,-2.4000000000000004,-1.6,3.4000000000000004,6.300000000000001,15.299999999999999,3.4,-14.800000000000002,16
1548,401803.0,0.4,-0.5,-2.2,-1.7000000000000002,3.6,6.6000000000000005,14.600000000000001,4.9,-11.2,16
1549,401822.0,0.4,-0.30000000000000004,-2.1,-1.7000000000000002,3.6,6.6000000000000005,14.0,5.0,-10.0,16
1550,401835.0,0.30000000000000004,-0.2,-1.8,-1.9000000000000001,3.7,6.9,11.900000000000002,8.0,-9.0,16
1551,401855.0,0.1,0.0,-1.3,-2.2,4.0,7.4,8.8,7.8,-6.8,16
1552,401868.0,0.2,0.1,-1.0,-2.1,4.2,7.6000000000000005,6.699999999999999,4.0,-3.7000000000000006,16
1553,401884.0,0.5,0.30000000000000004,-1.1,-1.8,4.4,7.6000000000000005,3.3000000000000007,-6.9,0.8,16
1554,401903.0,0.6000000000000001,0.4,-1.0,-1.6,4.5,7.6000000000000005,-1.3,-9.5,2.0,16
1555,401918.0,0.5,0.6000000000000001,-0.4,-1.7000000000000002,4.7,8.3,-12.299999999999999,-7.9,2.5,16
1556,401935.0,0.0,0.6000000000000001,0.6000000000000001,-2.2,4.6000000000000005,9.3,-21.8,-0.5,1.1,16
1557,401952.0,-0.6000000000000001,0.5,2.1,-2.8000000000000003,4.4,10.8,-28.900000000000002,3.4,1.8000000000000003,16
1558,401969.0,-0.6000000000000001,0.6000000000000001,2.9000000000000004,-2.8000000000000003,4.4,11.600000000000001,-27.099999999999998,-1.8000000000000003,2.9,16
1559,401988.0,0.1,1.4000000000000001,2.3000000000000003,-2.1,5.2,11.0,-15.5,-23.800000000000004,1.0,16
1560,402002.0,0.5,1.7000000000000002,1.1,-1.7000000000000002,5.5,9.9,-9.4,-34.900000000000006,-0.8,16
1561,402019.0,0.30000000000000004,1.9000000000000001,0.1,-2.7,5.1000000000000005,8.200000000000001,-39.0,-24.1,-7.1000000000000005,16
1562,402035.0,-2.3000000000000003,-0.1,2.7,-4.3,3.5,11.600000000000001,-84.80000000000001,-0.1,3.3000000000000007,16
1563,402051.0,-1.8,-1.4000000000000001,6.2,-3.7,1.9000000000000001,15.200000000000001,-89.0,7.699999999999999,19.1,16
1564,402073.0,0.4,-1.4000000000000001,4.800000000000001,-1.6,1.7000000000000002,13.9,-25.300000000000004,-8.3,12.4,16
1565,402085.0,0.8,-1.3,2.9000000000000004,-1.1,1.8,12.0,6.4,-8.0,0.30000000000000004,16
1566,402104.0,0.2,-0.7000000000000001,0.0,-1.8,2.4000000000000004,9.1,35.8,20.599999999999998,-28.400000000000002,16
1567,402117.0,-0.8,-0.2,-0.5,-2.8000000000000003,3.0,8.5,37.9,37.50000000000001,-37.800000000000004,16
1568,402134.0,-1.5,0.2,-0.8,-4.4,3.9000000000000004,7.7,37.0,58.5,-35.699999999999996,16
1569,402151.0,-2.6,0.9,-2.0,-5.0,4.3,6.9,27.3,56.300000000000004,-15.000000000000002,16
1570,402168.0,-2.3000000000000003,0.9,-2.0,-4.800000000000001,4.2,6.800000000000001,15.899999999999999,47.60000000000001,-1.8000000000000003,16
1571,402186.0,-1.8,0.6000000000000001,-1.9000000000000001,-3.8000000000000003,3.7,7.300000000000001,-8.3,17.7,21.500000000000004,16
1572,402209.0,0.1,-0.30000000000000004,-1.2000000000000002,-2.6,3.1,7.6000000000000005,-17.400000000000002,-8.3,29.700000000000006,16
1573,402218.0,0.5,-0.4,-1.2000000000000002,-2.1,3.0,7.6000000000000005,-15.5,-11.900000000000002,30.200000000000003,16
1574,402235.0,0.9,-0.5,-1.3,-1.7000000000000002,2.9000000000000004,7.5,-0.6000000000000001,-0.4,26.5,16
1575,402252.0,0.7000000000000001,-0.30000000000000004,-1.7000000000000002,-1.8,3.1,7.1000000000000005,15.6,17.300000000000004,21.1,16
1576,402268.0,0.6000000000000001,-0.2,-1.8,-1.9000000000000001,3.2,7.0,18.700000000000003,22.2,19.6,16
1577,402286.0,0.4,0.1,-1.8,-2.2,3.6,7.0,17.1,20.599999999999998,18.900000000000002,16
1578,402305.0,0.30000000000000004,0.1,-1.7000000000000002,-2.4000000000000004,3.8000000000000003,7.0,8.2,4.1,21.6,16
1579,402318.0,0.30000000000000004,0.2,-1.6,-2.3000000000000003,3.8000000000000003,7.1000000000000005,2.5,-6.300000000000001,23.6,16
1580,402334.0,0.8,0.2,-1.2000000000000002,-1.8,3.9000000000000004,7.5,-7.400000000000001,-20.8,26.400000000000006,16
1581,402351.0,1.2000000000000002,0.4,-0.6000000000000001,-1.2000000000000002,4.0,8.200000000000001,-8.100000000000001,-21.7,22.5,16
1582,402369.0,1.3,0.5,-0.2,-1.1,4.1000000000000005,8.5,-4.5,-19.0,18.700000000000003,16
1583,402384.0,1.5,0.9,0.0,-0.9,4.5,8.8,6.500000000000001,-14.100000000000001,7.9,16
1584,402402.0,1.3,1.1,0.1,-1.0,4.7,8.9,9.3,-9.600000000000001,1.3,16
1585,402418.0,0.6000000000000001,1.4000000000000001,0.6000000000000001,-1.7000000000000002,5.1000000000000005,9.4,8.100000000000001,-0.6000000000000001,-8.5,16
1586,402436.0,-0.30000000000000004,1.3,1.5,-2.6,5.0,10.200000000000001,2.5,2.5,-14.800000000000002,16
1587,402454.0,-1.1,1.6,2.6,-3.4000000000000004,5.300000000000001,11.4,4.300000000000001,-4.4,-17.300000000000004,16
1588,402475.0,-0.6000000000000001,2.6,2.0,-2.9000000000000004,6.300000000000001,10.700000000000001,17.6,-28.3,-16.5,16
1589,402488.0,-0.5,2.5,1.0,-2.7,6.2,9.8,18.6,-30.9,-15.899999999999999,16
1590,402505.0,-1.1,2.0,1.2000000000000002,-3.3000000000000003,5.800000000000001,10.0,-1.2000000000000002,-17.5,-15.399999999999999,16
1591,402518.0,-1.6,1.5,2.6,-3.7,5.300000000000001,11.4,-15.299999999999999,-9.3,-12.7,16
1592,402537.0,-1.2000000000000002,0.30000000000000004,4.0,-3.3000000000000003,4.0,12.8,-15.299999999999999,-10.8,-2.5,16
1593,402553.0,0.7000000000000001,-0.6000000000000001,2.3000000000000003,-1.5,3.1,11.100000000000001,12.7,-22.1,4.6,16
1594,402568.0,1.4000000000000001,-0.7000000000000001,1.1,-0.7000000000000001,3.0,10.0,22.700000000000003,-23.5,2.1,16
1595,402588.0,2.0,-0.7000000000000001,-0.8,0.0,3.0,8.0,20.900000000000002,-16.0,-8.600000000000001,16
1596,402602.0,1.7000000000000002,-0.7000000000000001,-0.9,-0.30000000000000004,3.1,7.9,11.000000000000002,-8.600000000000001,-12.9,16
1597,402618.0,0.7000000000000001,-0.7000000000000001,-0.1,-1.3,3.1,8.8,-6.300000000000001,3.0,-16.3,16
1598,402635.0,0.1,-0.9,0.30000000000000004,-1.9000000000000001,2.8000000000000003,9.200000000000001,-7.6,8.8,-9.8,16
1599,402652.0,0.1,-1.3,0.1,-1.9000000000000001,2.5,8.9,-3.8,9.2,-4.1,16
1600,402669.0,0.1,-1.2000000000000002,0.1,-1.9000000000000001,2.4000000000000004,8.700000000000001,-0.9000000000000001,7.400000000000001,-3.1,16
1601,402692.0,0.5,-1.5,-1.4000000000000001,-1.6,2.2,7.4,7.6,3.0,-3.7000000000000006,16
1602,402701.0,0.5,-1.5,-1.4000000000000001,-1.6,2.2,7.4,7.6,3.0,-3.7000000000000006,16
1603,402718.0,0.8,-1.4000000000000001,-1.9000000000000001,-1.3,2.3000000000000003,6.9,9.700000000000001,4.6,-5.4,16
1604,402736.0,0.9,-1.3,-2.2,-1.3,2.5,6.6000000000000005,8.600000000000001,4.7,-8.700000000000001,16
1605,402754.0,0.7000000000000001,-1.0,-2.2,-1.5,2.8000000000000003,6.6000000000000005,7.500000000000001,5.8,-10.700000000000001,16
1606,402775.0,0.7000000000000001,-0.8,-1.9000000000000001,-1.5,3.0,6.9,10.299999999999999,11.2,-11.900000000000002,16
1607,402789.0,0.6000000000000001,-0.7000000000000001,-1.9000000000000001,-1.6,3.1,6.9,13.200000000000003,13.700000000000001,-13.5,16
1608,402803.0,0.5,-0.5,-2.0,-1.8,3.5,6.7,15.899999999999999,17.6,-15.399999999999999,16
1609,402818.0,0.30000000000000004,-0.1,-2.1,-2.0,3.8000000000000003,6.6000000000000005,14.0,17.799999999999997,-14.900000000000002,16
1610,402835.0,0.0,0.2,-2.1,-2.4000000000000004,4.1000000000000005,6.6000000000000005,3.7000000000000006,12.4,-11.3,16
1611,402853.0,0.0,0.5,-1.6,-2.4000000000000004,4.4,7.1000000000000005,-11.5,0.0,-3.2,16
1612,402876.0,0.7000000000000001,0.8,-1.2000000000000002,-1.7000000000000002,4.6000000000000005,7.5,-19.5,-10.299999999999999,4.4,16
1613,402890.0,1.1,0.8,-0.6000000000000001,-1.5,4.6000000000000005,7.6000000000000005,-20.599999999999998,-9.700000000000001,5.300000000000001,16
1614,402905.0,1.0,0.9,0.1,-1.3,4.6000000000000005,8.8,-25.6,3.1,3.0,16
1615,402924.0,-0.1,0.9,1.7000000000000002,-2.5,4.5,10.4,-27.400000000000002,16.4,-4.7,16
1616,402934.0,-0.7000000000000001,1.0,2.6,-3.2,4.6000000000000005,11.4,-26.400000000000006,18.0,-6.500000000000001,16
1617,402951.0,-1.1,1.8,4.1000000000000005,-3.6,5.300000000000001,12.9,-14.100000000000001,7.200000000000001,-1.9,16
1618,402971.0,-0.6000000000000001,2.4000000000000004,2.4000000000000004,-3.1,5.9,11.200000000000001,2.3,-25.5,6.2,16
1619,402987.0,-0.30000000000000004,2.5,1.3,-2.8000000000000003,6.0,10.100000000000001,1.3,-32.0,11.3,16
1620,403001.0,-0.4,2.2,0.5,-2.8000000000000003,5.7,9.3,-9.4,-30.599999999999998,13.000000000000002,16
1621,403022.0,-1.1,0.6000000000000001,2.1,-3.2,3.2,12.4,-74.30000000000001,-15.700000000000001,28.800000000000004,16
1622,403034.0,-0.4,-1.0,4.6000000000000005,-2.7,2.3000000000000003,13.600000000000001,-72.60000000000001,-18.3,30.799999999999997,16
1623,403052.0,0.7000000000000001,-1.8,4.6000000000000005,-1.5,1.3,13.700000000000001,-32.7,-14.600000000000001,24.400000000000002,16
1624,403070.0,1.0,-2.0,3.5,-1.0,1.1,11.3,-5.7,-9.100000000000001,14.100000000000001,16
1625,403085.0,1.0,-2.0,2.2,-1.0,1.1,11.3,15.700000000000001,1.4,0.30000000000000004,16
1626,403105.0,0.0,-1.2000000000000002,0.1,-2.9000000000000004,2.3000000000000003,8.5,32.300000000000004,29.800000000000004,-32.6,16
1627,403120.0,-1.7000000000000002,-0.5,-0.8,-3.9000000000000004,2.7,8.200000000000001,24.0,31.2,-33.7,16
1628,403135.0,-2.4000000000000004,0.0,-0.4,-4.7,3.2,8.5,0.8,27.700000000000003,-18.1,16
1629,403152.0,-1.7000000000000002,-0.2,-0.1,-4.2,3.0,8.8,-10.200000000000001,11.3,5.4,16
1630,403168.0,-1.1,-0.4,-0.30000000000000004,-3.5,2.8000000000000003,8.700000000000001,-11.5,2.1,13.100000000000001,16
1631,403190.0,0.1,-0.7000000000000001,-0.8,-2.4000000000000004,2.4000000000000004,8.1,-5.9,-6.600000000000001,15.5,16
1632,403202.0,0.30000000000000004,-0.6000000000000001,-1.8,-2.1,2.6,7.2,7.0,-1.1,8.0,16
1633,403218.0,0.2,-0.5,-2.2,-2.2,2.7,6.800000000000001,12.0,4.4,5.6,16
1634,403235.0,-0.1,-0.1,-2.7,-2.5,3.2,6.2,16.5,12.4,3.3000000000000007,16
1635,403251.0,-0.30000000000000004,0.4,-2.8000000000000003,-2.7,3.7,6.1000000000000005,14.200000000000001,15.5,7.699999999999999,16
1636,403271.0,-0.1,0.6000000000000001,-2.6,-2.6,3.9000000000000004,6.2,8.600000000000001,11.2,14.900000000000002,16
1637,403285.0,0.0,0.7000000000000001,-2.5,-2.5,4.0,6.4,3.7000000000000006,5.300000000000001,17.5,16
1638,403301.0,0.1,0.7000000000000001,-2.2,-2.4000000000000004,4.1000000000000005,6.6000000000000005,-2.0,-2.6,19.6,16
1639,403318.0,0.6000000000000001,0.8,-1.7000000000000002,-1.9000000000000001,4.2,7.2,-9.3,-16.4,22.2,16
1640,403335.0,0.9,0.9,-0.9,-1.5,4.3,8.0,-7.6,-11.700000000000001,21.200000000000003,16
1641,403353.0,1.2000000000000002,1.1,-0.30000000000000004,-1.1,4.5,8.700000000000001,2.6,-1.7,17.9,16
1642,403377.0,1.2000000000000002,1.2000000000000002,0.1,-1.1,4.5,9.0,9.2,1.9,13.900000000000002,16
1643,403396.0,0.8,1.4000000000000001,0.7000000000000001,-1.5,4.9,9.600000000000001,12.600000000000001,1.9,7.0,16
1644,403404.0,0.5,1.5,0.8,-1.8,5.0,9.700000000000001,11.8,-1.6,4.300000000000001,16
1645,403421.0,0.2,1.5,1.1,-2.0,5.0,9.9,9.100000000000001,-5.7,2.3,16
1646,403435.0,0.1,1.6,1.7000000000000002,-2.2,5.1000000000000005,10.600000000000001,0.4,-10.8,0.4,16
1647,403451.0,0.30000000000000004,2.1,2.3000000000000003,-1.9000000000000001,5.6000000000000005,11.200000000000001,-0.9000000000000001,-16.6,-5.4,16
1648,403468.0,0.4,2.3000000000000003,1.9000000000000001,-1.7000000000000002,5.800000000000001,10.8,3.1,-24.1,-9.5,16
1649,403493.0,0.2,1.9000000000000001,0.9,-1.9000000000000001,5.5,9.9,-8.3,-12.0,-15.399999999999999,16
1650,403501.0,0.2,1.9000000000000001,0.9,-1.9000000000000001,5.5,9.9,-8.3,-12.0,-15.399999999999999,16
1651,403520.0,-1.0,0.5,3.5,-3.1,4.0,12.4,-29.300000000000004,11.3,-13.399999999999999,16
1652,403535.0,-0.8,-0.9,5.0,-2.9000000000000004,2.5,13.9,-10.8,10.600000000000001,-6.1000000000000005,16
1653,403551.0,0.8,-1.3,2.2,-1.3,2.1,11.200000000000001,31.400000000000002,-10.200000000000001,-9.600000000000001,16
1654,403568.0,1.3,-1.2000000000000002,0.6000000000000001,-0.9,2.2,9.600000000000001,41.0,-13.8,-15.000000000000002,16
1655,403586.0,1.3,-0.7000000000000001,-1.7000000000000002,-0.8,2.8000000000000003,7.2,32.0,-6.4,-26.1,16
1656,403604.0,0.6000000000000001,-0.30000000000000004,-2.1,-1.6,3.2,6.800000000000001,4.300000000000001,5.500000000000001,-25.200000000000003,16
1657,403619.0,0.2,-0.30000000000000004,-1.6,-2.0,3.2,7.2,-8.5,11.2,-19.5,16
1658,403635.0,0.2,-0.7000000000000001,-0.5,-2.0,2.9000000000000004,8.3,-25.300000000000004,14.100000000000001,-6.500000000000001,16
1659,403651.0,0.30000000000000004,-1.0,0.5,-1.9000000000000001,2.4000000000000004,9.4,-33.0,5.2,1.3,16
1660,403668.0,0.5,-1.2000000000000002,0.7000000000000001,-1.8,2.2,9.600000000000001,-31.7,-2.1,3.3000000000000007,16
1661,403688.0,1.2000000000000002,-1.5,0.5,-1.1,1.8,9.5,-18.5,-14.900000000000002,0.2,16
1662,403701.0,1.5,-1.4000000000000001,0.0,-0.7000000000000001,1.8,8.9,-8.600000000000001,-15.8,-4.4,16
1663,403718.0,1.5,-1.1,-1.2000000000000002,-0.7000000000000001,2.1,7.800000000000001,11.1,-7.8,-16.200000000000003,16
1664,403734.0,1.0,-0.7000000000000001,-1.9000000000000001,-1.1,2.6,7.1000000000000005,22.2,5.6,-23.6,16
1665,403752.0,0.6000000000000001,-0.2,-2.2,-1.6,3.1,6.800000000000001,25.900000000000002,9.100000000000001,-24.7,16
1666,403769.0,0.5,-0.1,-2.3000000000000003,-1.8,3.3000000000000003,6.7,25.7,7.9,-24.5,16
1667,403797.0,0.30000000000000004,0.4,-2.4000000000000004,-2.0,3.8000000000000003,6.4,14.900000000000002,-0.9000000000000001,-17.400000000000002,16
1668,403805.0,0.30000000000000004,0.4,-2.3000000000000003,-2.0,3.9000000000000004,6.6000000000000005,12.4,-0.6000000000000001,-15.700000000000001,16
1669,403825.0,0.1,0.4,-1.5,-2.2,3.9000000000000004,7.4,4.9,3.8,-9.600000000000001,16
1670,403836.0,0.1,0.5,-1.0,-2.3000000000000003,3.9000000000000004,7.9,3.9,6.0,-6.8,16
1671,403853.0,0.1,0.6000000000000001,-0.5,-2.3000000000000003,4.0,8.4,3.5,4.2,-2.0,16
1672,403868.0,0.2,0.6000000000000001,-0.30000000000000004,-2.2,4.1000000000000005,8.5,1.8000000000000003,-0.6000000000000001,0.0,16
1673,403897.0,0.4,0.8,0.2,-2.0,4.3,9.0,-5.1000000000000005,-8.2,1.6,16
1674,403902.0,0.4,0.8,0.2,-2.0,4.3,9.0,-5.1000000000000005,-8.2,1.6,16
1675,403924.0,-0.1,0.7000000000000001,0.6000000000000001,-2.4000000000000004,4.2,9.4,-7.6,2.3,0.4,16
1676,403939.0,-0.2,0.8,0.8,-2.5,4.3,9.700000000000001,-9.899999999999999,4.300000000000001,-0.30000000000000004,16
1677,403955.0,-0.1,1.6,0.8,-2.4000000000000004,5.0,9.700000000000001,-17.1,-7.1000000000000005,-2.3,16
1678,403968.0,0.0,1.6,0.4,-2.3000000000000003,5.0,9.3,-22.2,-15.000000000000002,-1.2000000000000002,16
1679,403987.0,-0.8,1.5,0.0,-3.1,4.9,8.9,-44.00000000000001,-9.8,-0.9000000000000001,16
1680,404004.0,-2.0,0.30000000000000004,2.6,-4.3,3.4000000000000004,11.600000000000001,-84.1,4.0,10.600000000000001,16
1681,404018.0,-2.0,-0.5,4.800000000000001,-4.3,2.5,13.9,-90.80000000000001,1.7,17.799999999999997,16
1682,404037.0,-0.2,-1.2000000000000002,5.6000000000000005,-2.5,1.5,14.8,-54.6,-24.900000000000002,19.6,16
1683,404054.0,1.0,-1.4000000000000001,2.6,-1.2000000000000002,1.3,11.8,0.7,-31.799999999999997,0.5,16
1684,404068.0,0.9,-1.5,0.9,-1.2000000000000002,1.2000000000000002,10.100000000000001,17.6,-18.3,-11.3,16
1685,404085.0,-0.4,-0.9,-0.7000000000000001,-2.4000000000000004,1.8,8.5,24.900000000000002,20.5,-30.200000000000003,16
1686,404102.0,-1.5,-0.6000000000000001,-0.7000000000000001,-4.5,2.7,8.6,21.6,34.300000000000004,-33.7,16
1687,404118.0,-3.0,0.2,-0.4,-5.300000000000001,3.0,8.700000000000001,10.200000000000001,41.6,-21.6,16
1688,404134.0,-2.7,0.4,-0.2,-5.1000000000000005,3.2,8.9,-8.0,18.900000000000002,7.500000000000001,16
1689,404155.0,-0.7000000000000001,-0.1,0.0,-3.2,2.7,9.1,-23.2,-13.200000000000003,28.0,16
1690,404171.0,0.6000000000000001,-0.4,-0.2,-1.7000000000000002,2.3000000000000003,8.9,-17.5,-21.8,29.200000000000003,16
1691,404184.0,0.9,-0.4,-0.5,-1.4000000000000001,2.3000000000000003,8.6,-8.700000000000001,-14.900000000000002,25.200000000000003,16
1692,404202.0,0.9,-0.2,-1.1,-1.4000000000000001,2.6,8.0,5.9,1.8000000000000003,18.200000000000003,16
1693,404218.0,0.5,0.1,-1.4000000000000001,-1.7000000000000002,2.8000000000000003,7.7,17.0,14.900000000000002,13.8,16
1694,404236.0,0.2,0.4,-1.8,-2.1,3.2,7.300000000000001,22.1,19.9,14.800000000000002,16
1695,404252.0,0.1,0.4,-2.0,-2.2,3.3000000000000003,7.1000000000000005,18.4,13.6,17.300000000000004,16
1696,404273.0,0.30000000000000004,0.4,-1.8,-2.0,3.3000000000000003,7.300000000000001,7.699999999999999,-2.8,19.1,16
1697,404286.0,0.6000000000000001,0.30000000000000004,-1.6,-1.7000000000000002,3.3000000000000003,7.4,4.2,-11.1,19.5,16
1698,404301.0,0.6000000000000001,0.30000000000000004,-1.6,-1.7000000000000002,3.3000000000000003,7.4,4.2,-11.1,19.5,16
1699,404318.0,1.0,0.2,-1.2000000000000002,-1.2000000000000002,3.2,7.800000000000001,7.0,-14.400000000000002,14.800000000000002,16
1700,404337.0,1.0,0.2,-0.8,-1.1,3.3000000000000003,8.3,15.700000000000001,-1.7,8.0,16
1701,404351.0,1.0,0.4,-0.4,-1.2000000000000002,3.5,8.6,24.0,7.500000000000001,0.2,16
1702,404368.0,0.8,0.5,-0.4,-1.4000000000000001,3.6,8.700000000000001,26.5,9.899999999999999,-4.5,16
1703,404402.0,0.30000000000000004,0.6000000000000001,-0.1,-1.9000000000000001,3.8000000000000003,8.9,26.200000000000003,10.5,-9.100000000000001,16
1704,404418.0,0.0,0.7000000000000001,0.1,-2.6,4.1000000000000005,9.3,23.700000000000003,7.500000000000001,-12.200000000000001,16
1705,404435.0,-0.8,1.1,0.4,-3.0,4.5,9.3,1.2000000000000002,-7.8,-7.699999999999999,16
1706,404451.0,-0.30000000000000004,1.4000000000000001,1.2000000000000002,-2.1,5.300000000000001,10.200000000000001,-0.1,-12.8,-10.0,16
1707,404468.0,0.1,2.0,1.3,-1.9000000000000001,5.4,9.600000000000001,1.4,-19.6,-13.000000000000002,16
1708,404486.0,-0.7000000000000001,1.9000000000000001,0.0,-2.9000000000000004,5.300000000000001,9.0,-17.9,-2.9,-16.700000000000003,16
1709,404508.0,-1.7000000000000002,1.4000000000000001,1.4000000000000001,-4.4,3.9000000000000004,12.3,-54.9,22.700000000000003,-6.2,16
1710,404518.0,-2.3000000000000003,-0.1,5.2,-4.5,3.0,14.200000000000001,-56.9,21.0,1.6,16
1711,404536.0,-0.4,-0.9,4.9,-2.7,2.1,14.0,-12.9,-16.700000000000003,8.5,16
1712,404556.0,1.5,-0.7000000000000001,0.30000000000000004,-0.7000000000000001,2.3000000000000003,9.4,30.4,-31.2,-3.0,16
1713,404573.0,1.6,-0.2,-2.3000000000000003,-0.5,2.9000000000000004,6.800000000000001,26.400000000000006,-2.1,-14.800000000000002,16
1714,404594.0,0.2,0.0,-1.3,-2.0,3.1,7.7,0.2,29.300000000000004,-14.900000000000002,16
1715,404601.0,0.2,0.0,-1.3,-2.0,3.1,7.7,0.2,29.300000000000004,-14.900000000000002,16
1716,404618.0,-0.5,-0.2,0.1,-2.8000000000000003,2.9000000000000004,9.1,-8.8,33.6,-3.4,16
1717,404637.0,-0.4,-0.5,0.1,-2.7,2.6,9.1,-11.2,17.1,7.8,16
1718,404653.0,0.30000000000000004,-0.9,-0.6000000000000001,-2.1,2.2,8.4,-17.1,-1.4,15.000000000000002,16
1719,404668.0,0.6000000000000001,-1.0,-0.9,-1.8,2.0,8.1,-18.900000000000002,-4.6,15.6,16
1720,404689.0,0.8,-1.1,-0.9,-1.6,1.9000000000000001,8.200000000000001,-22.9,-6.8,15.299999999999999,16
1721,404701.0,1.1,-1.3,-0.30000000000000004,-1.2000000000000002,1.7000000000000002,8.700000000000001,-15.6,1.5,12.299999999999999,16
1722,404717.0,1.3,-1.1,-0.6000000000000001,-1.0,1.8,8.5,-1.0,7.699999999999999,7.0,16
1723,404735.0,1.3,-0.8,-1.7000000000000002,-1.1,2.1,7.4,13.900000000000002,8.3,-3.3000000000000007,16
1724,404753.0,0.9,-0.30000000000000004,-2.3000000000000003,-1.5,2.7,6.7,14.200000000000001,6.0,-9.899999999999999,16
1725,404768.0,0.9,-0.30000000000000004,-2.3000000000000003,-1.7000000000000002,2.9000000000000004,6.6000000000000005,11.000000000000002,4.5,-10.4,16
1726,404802.0,0.5,0.2,-1.7000000000000002,-2.0,3.2,7.4,4.1,6.500000000000001,-4.6,16
1727,404818.0,0.6000000000000001,0.30000000000000004,-1.1,-1.8,3.3000000000000003,7.9,3.8,6.300000000000001,-1.8000000000000003,16
1728,404836.0,0.6000000000000001,0.4,-0.8,-1.9000000000000001,3.4000000000000004,8.200000000000001,7.6,6.500000000000001,-1.8000000000000003,16
1729,404855.0,0.6000000000000001,0.5,-0.5,-1.9000000000000001,3.5,8.5,11.6,6.500000000000001,-0.9000000000000001,16
1730,404883.0,0.5,0.7000000000000001,-0.6000000000000001,-2.1,3.9000000000000004,8.200000000000001,15.700000000000001,6.600000000000001,2.5,16
1731,404929.0,-0.4,0.4,0.7000000000000001,-2.9000000000000004,3.6,9.600000000000001,-4.5,9.899999999999999,10.200000000000001,16
1732,404936.0,-0.4,0.2,1.3,-3.0,3.4000000000000004,10.200000000000001,-7.200000000000001,8.100000000000001,11.1,16
1733,404954.0,-0.1,0.8,1.8,-2.6,4.0,10.700000000000001,-2.0,-8.4,9.0,16
1734,404968.0,0.1,0.9,0.9,-2.4000000000000004,4.1000000000000005,9.8,2.7,-19.400000000000002,7.9,16
1735,404988.0,0.4,1.4000000000000001,-0.8,-2.1,4.6000000000000005,8.1,-1.6,-15.000000000000002,5.300000000000001,16
1736,405003.0,-1.1,0.8,-0.30000000000000004,-3.6,4.0,8.6,-35.0,7.0,8.5,16
1737,405018.0,-1.9000000000000001,0.1,1.5,-4.3,3.2,10.4,-54.199999999999996,14.600000000000001,15.8,16
1738,405034.0,-1.2000000000000002,-1.2000000000000002,4.1000000000000005,-3.7,1.8,13.200000000000001,-62.300000000000004,1.4,28.900000000000002,16
1739,405051.0,0.5,-1.8,4.1000000000000005,-2.0,1.0,13.100000000000001,-33.9,-18.6,20.400000000000002,16
1740,405069.0,0.9,-1.9000000000000001,3.1,-1.5,0.8,12.200000000000001,-15.899999999999999,-16.3,8.0,16
1741,405089.0,0.1,-1.5,1.0,-2.2,1.2000000000000002,10.200000000000001,10.5,10.0,-20.8,16
1742,405101.0,-0.9,-0.9,0.30000000000000004,-3.3000000000000003,1.8,9.4,15.6,26.1,-29.1,16
1743,405118.0,-2.5,-0.1,-0.30000000000000004,-5.0,2.7,8.8,10.299999999999999,39.400000000000006,-24.7,16
1744,405135.0,-3.1,0.30000000000000004,-0.30000000000000004,-5.7,3.0,8.700000000000001,-13.100000000000001,27.400000000000002,-2.8,16
1745,405152.0,-2.0,-0.1,0.1,-4.7,2.6,9.1,-30.200000000000003,7.8,15.100000000000001,16
1746,405168.0,-1.2000000000000002,-0.30000000000000004,0.30000000000000004,-4.0,2.4000000000000004,9.3,-36.6,-4.300000000000001,22.3,16
1747,405195.0,0.5,-0.4,0.1,-2.2,2.1,9.200000000000001,-20.0,-12.8,17.7,16
1748,405201.0,0.5,-0.4,0.1,-2.2,2.1,9.200000000000001,-20.0,-12.8,17.7,16
1749,405218.0,0.4,0.1,-1.3,-2.2,2.6,7.800000000000001,7.400000000000001,5.8,7.0,16
1750,405234.0,-0.1,0.8,-2.3000000000000003,-2.8000000000000003,3.3000000000000003,6.800000000000001,20.400000000000002,24.0,2.6,16
1751,405251.0,-0.2,1.1,-2.6,-3.0,3.7,6.4,18.8,27.700000000000003,8.4,16
1752,405268.0,-0.1,1.1,-2.7,-2.9000000000000004,3.7,6.300000000000001,14.700000000000001,22.000000000000004,12.600000000000001,16
1753,405289.0,0.5,0.9,-2.7,-2.3000000000000003,3.7,6.300000000000001,2.4000000000000004,2.6,18.5,16
1754,405301.0,0.8,0.8,-2.6,-2.0,3.5,6.4,-3.1,-6.0,19.300000000000004,16
1755,405318.0,1.2000000000000002,0.6000000000000001,-1.9000000000000001,-1.6,3.3000000000000003,7.1000000000000005,-6.699999999999999,-8.899999999999999,17.6,16
1756,405334.0,1.1,0.5,-1.2000000000000002,-1.6,3.2,7.800000000000001,2.1,0.9000000000000001,13.000000000000002,16
1757,405351.0,0.9,0.4,-0.7000000000000001,-1.9000000000000001,3.2,8.3,14.5,7.400000000000001,8.2,16
1758,405369.0,0.9,0.4,-0.7000000000000001,-2.0,3.3000000000000003,8.4,21.7,8.4,6.0,16
1759,405385.0,0.7000000000000001,0.6000000000000001,-0.9,-2.0,3.5,8.1,32.9,6.300000000000001,2.7,16
1760,405402.0,0.4,0.7000000000000001,-1.0,-2.3000000000000003,3.7,7.9,32.1,2.9,-1.2000000000000002,16
1761,405418.0,0.2,0.7000000000000001,-0.7000000000000001,-2.6,3.8000000000000003,8.200000000000001,28.500000000000004,1.1,-2.1,16
1762,405435.0,-0.1,0.7000000000000001,0.30000000000000004,-2.9000000000000004,3.8000000000000003,9.1,24.5,-2.9,0.1,16
1763,405451.0,0.4,1.2000000000000002,0.9,-2.4000000000000004,4.4,9.700000000000001,25.6,-13.200000000000003,1.5,16
1764,405471.0,1.4000000000000001,1.5,-0.2,-1.3,4.800000000000001,8.6,24.5,-39.599999999999994,0.9000000000000001,16
1765,405490.0,2.2,1.7000000000000002,-1.1,-0.4,5.1000000000000005,7.7,7.9,-29.400000000000002,-4.9,16
1766,405510.0,0.1,0.30000000000000004,0.9,-2.4000000000000004,3.7,9.8,-34.0,11.1,-10.299999999999999,16
1767,405518.0,0.1,0.30000000000000004,0.9,-2.4000000000000004,3.7,9.8,-34.0,11.1,-10.299999999999999,16
1768,405534.0,-1.5,-0.8,5.7,-4.0,2.5,14.600000000000001,-49.9,35.8,-2.0,16
1769,405551.0,-0.8,-1.5,7.1000000000000005,-3.5,1.6,16.1,-9.600000000000001,13.399999999999999,5.7,16
1770,405568.0,-0.1,-1.7000000000000002,5.5,-2.8000000000000003,1.4000000000000001,14.5,2.8,3.1,3.9,16
1771,405587.0,0.30000000000000004,-1.4000000000000001,3.7,-2.2,2.1,11.200000000000001,26.300000000000004,-18.700000000000003,-8.2,16
1772,405604.0,0.4,-0.4,0.0,-2.2,2.8000000000000003,8.8,25.5,-15.000000000000002,-14.0,16
1773,405621.0,0.2,-0.2,-0.7000000000000001,-2.4000000000000004,3.0,8.200000000000001,23.0,-6.9,-13.3,16
1774,405635.0,0.30000000000000004,0.0,-1.8,-2.3000000000000003,3.3000000000000003,7.1000000000000005,17.9,6.4,-6.4,16
1775,405652.0,0.5,-0.2,-2.3000000000000003,-2.2,3.1,6.5,-2.7,8.0,-1.9,16
1776,405668.0,0.4,-0.5,-2.0,-2.3000000000000003,2.8000000000000003,6.800000000000001,-20.2,5.500000000000001,-1.9,16
1777,405688.0,0.0,-0.8,-0.2,-2.7,2.4000000000000004,8.700000000000001,-49.6,-2.8,-5.0,16
1778,405701.0,-0.1,-1.0,0.8,-2.8000000000000003,2.2,9.700000000000001,-53.50000000000001,-3.9,-6.1000000000000005,16
1779,405718.0,-0.4,-1.0,1.8,-3.0,2.0,10.700000000000001,-36.7,0.8,-9.700000000000001,16
1780,405735.0,-0.30000000000000004,-0.7000000000000001,0.9,-3.0,2.2,9.9,-2.1,10.0,-12.4,16
1781,405751.0,-0.5,-0.2,-1.1,-3.2,2.7,7.800000000000001,17.0,14.900000000000002,-16.0,16
1782,405769.0,-0.5,0.1,-1.7000000000000002,-3.3000000000000003,3.0,7.300000000000001,15.8,12.9,-15.299999999999999,16
1783,405785.0,-0.5,0.2,-2.1,-3.3000000000000003,3.1,6.9,11.1,6.2,-13.200000000000003,16
1784,405802.0,-0.1,0.7000000000000001,-2.3000000000000003,-2.9000000000000004,3.6,6.7,-2.1,-8.899999999999999,-9.8,16
1785,405818.0,0.4,0.8,-1.9000000000000001,-2.4000000000000004,3.7,7.1000000000000005,-2.9,-9.8,-5.300000000000001,16
1786,405836.0,0.7000000000000001,0.9,-1.8,-2.1,3.8000000000000003,7.2,11.000000000000002,2.4000000000000004,-3.5,16
1787,405854.0,0.8,1.0,-2.0,-2.0,3.9000000000000004,6.9,23.6,14.400000000000002,-2.6,16
1788,405869.0,0.7000000000000001,1.0,-1.9000000000000001,-2.1,4.0,7.0,25.6,17.300000000000004,-1.5,16
1789,405884.0,0.6000000000000001,1.0,-1.5,-2.3000000000000003,4.1000000000000005,7.4,25.0,13.399999999999999,1.2000000000000002,16
1790,405901.0,0.5,1.0,-1.2000000000000002,-2.4000000000000004,4.1000000000000005,7.6000000000000005,22.8,9.100000000000001,1.2000000000000002,16
1791,405918.0,0.0,0.9,-0.5,-3.0,4.0,8.3,17.400000000000002,3.0,0.7,16
1792,405934.0,-0.7000000000000001,0.7000000000000001,0.30000000000000004,-3.7,3.9000000000000004,9.1,16.900000000000002,1.0,4.800000000000001,16
1793,405958.0,-0.7000000000000001,0.1,0.9,-3.6,3.4000000000000004,9.700000000000001,22.6,-3.1,11.2,16
1794,405976.0,0.4,1.0,0.7000000000000001,-2.5,4.4,9.5,30.5,-16.5,8.0,16
1795,405991.0,0.5,0.8,-0.8,-2.3000000000000003,4.2,8.0,19.0,-35.8,7.400000000000001,16
1796,406001.0,0.5,0.8,-0.8,-2.3000000000000003,4.2,8.0,19.0,-35.8,7.400000000000001,16
1797,406018.0,0.4,1.7000000000000002,-0.6000000000000001,-2.3000000000000003,5.300000000000001,8.1,-13.200000000000003,-27.099999999999998,6.9,16
1798,406035.0,-0.5,0.1,1.6,-3.2,3.6,10.4,-42.2,-21.1,16.900000000000002,16
1799,406058.0,-0.9,-0.9,3.7,-3.5,2.5,12.5,-56.0,-6.1000000000000005,21.0,16
1800,406068.0,-0.9,-0.8,3.7,-3.4000000000000004,1.9000000000000001,13.4,-51.0,4.2,22.700000000000003,16
1801,406088.0,-0.30000000000000004,-1.8,4.3,-2.8000000000000003,1.4000000000000001,13.200000000000001,-25.300000000000004,13.399999999999999,18.200000000000003,16
1802,406102.0,-0.1,-1.5,3.4000000000000004,-2.7,1.6,12.3,-13.900000000000002,14.600000000000001,10.5,16
1803,406117.0,-0.30000000000000004,-0.7000000000000001,2.1,-2.9000000000000004,2.4000000000000004,11.0,-6.300000000000001,19.0,-2.9,16
1804,406134.0,-0.8,-0.2,1.6,-3.4000000000000004,2.9000000000000004,10.5,-2.1,21.200000000000003,-6.500000000000001,16
1805,406152.0,-1.0,0.1,0.4,-3.7,3.2,9.3,7.200000000000001,27.400000000000002,-2.9,16
1806,406168.0,-1.0,0.1,-0.1,-3.8000000000000003,3.2,8.8,7.8,32.1,0.5,16
1807,406184.0,-1.0,0.0,-0.2,-3.9000000000000004,3.2,8.700000000000001,-4.5,31.2,3.7000000000000006,16
1808,406201.0,-1.1,0.0,0.30000000000000004,-4.0,3.2,9.1,-14.5,22.4,4.6,16
1809,406220.0,-0.7000000000000001,0.0,1.3,-3.7,3.1,10.100000000000001,-22.1,-3.6000000000000005,8.2,16
1810,406240.0,0.1,0.1,0.6000000000000001,-2.8000000000000003,3.1,9.4,-0.7,-21.300000000000004,7.699999999999999,16
1811,406252.0,0.30000000000000004,0.4,-1.3,-2.5,3.5,7.6000000000000005,25.200000000000003,-17.300000000000004,4.2,16
1812,406268.0,0.2,0.6000000000000001,-2.1,-2.6,3.7,6.800000000000001,32.9,-11.2,3.0,16
1813,406288.0,0.0,0.9,-3.1,-2.8000000000000003,4.1000000000000005,5.800000000000001,31.5,-2.7,5.4,16
1814,406301.0,-0.1,1.0,-3.1,-2.8000000000000003,4.3,5.7,25.6,-1.1,8.3,16
1815,406318.0,-0.1,1.0,-2.4000000000000004,-2.8000000000000003,4.3,6.4,11.6,-5.300000000000001,14.0,16
1816,406335.0,-0.1,0.7000000000000001,-0.8,-2.8000000000000003,4.0,8.0,3.4,-14.5,18.200000000000003,16
1817,406351.0,0.4,0.5,0.1,-2.3000000000000003,3.9000000000000004,8.9,13.000000000000002,-24.8,18.3,16
1818,406369.0,0.7000000000000001,0.5,0.0,-1.9000000000000001,3.9000000000000004,8.9,22.6,-25.8,16.8,16
1819,406388.0,1.1,0.6000000000000001,-0.8,-1.4000000000000001,4.1000000000000005,8.0,36.8,-17.9,12.5,16
1820,406404.0,0.9,0.8,-0.8,-1.6,4.5,7.9,32.2,-10.0,5.7,16
1821,406420.0,0.4,0.8,-0.2,-2.0,4.5,8.6,25.7,-9.4,3.6000000000000005,16
1822,406439.0,-0.1,0.7000000000000001,1.5,-2.5,4.5,10.200000000000001,23.5,-12.0,0.8,16
1823,406452.0,0.30000000000000004,1.8,1.4000000000000001,-2.0,5.6000000000000005,10.100000000000001,36.8,-24.200000000000003,-5.4,16
1824,406469.0,0.4,1.9000000000000001,0.5,-1.9000000000000001,5.800000000000001,9.200000000000001,40.0,-25.8,-6.500000000000001,16
1825,406485.0,0.8,2.3000000000000003,-0.6000000000000001,-1.8,6.1000000000000005,7.5,39.1,-15.100000000000001,-7.8,16
1826,406504.0,-1.5,0.7000000000000001,1.3,-3.8000000000000003,4.800000000000001,9.9,-8.899999999999999,25.200000000000003,-10.9,16
1827,406520.0,-2.0,0.2,3.2,-4.3,4.3,11.8,-25.200000000000003,29.600000000000005,-7.8,16
1828,406536.0,-1.0,-0.5,4.9,-3.4000000000000004,3.5,13.600000000000001,-20.599999999999998,2.3,6.2,16
1829,406554.0,1.1,-0.7000000000000001,2.3000000000000003,-1.2000000000000002,3.2,10.9,10.299999999999999,-24.0,8.2,16
1830,406568.0,1.1,-0.8,2.3000000000000003,-1.2000000000000002,3.2,10.9,10.299999999999999,-24.0,8.2,16
1831,406591.0,1.7000000000000002,-0.5,-0.4,-1.0,3.6,8.200000000000001,10.299999999999999,-3.1,-10.700000000000001,16
1832,406603.0,0.8,-0.4,-0.5,-1.5,3.6,8.200000000000001,-3.8,12.0,-16.6,16
1833,406618.0,0.4,-0.4,-0.4,-1.9000000000000001,3.6,8.200000000000001,-10.5,15.5,-15.100000000000001,16
1834,406634.0,0.2,-0.8,0.0,-2.2,3.1,8.6,-26.700000000000003,10.0,-5.8,16
1835,406651.0,0.4,-1.3,0.6000000000000001,-2.0,2.5,9.3,-42.60000000000001,-5.6,0.8,16
1836,406679.0,0.8,-1.7000000000000002,1.1,-1.5,2.0,9.8,-41.800000000000004,-15.2,2.7,16
1837,406684.0,1.1,-1.8,1.0,-1.2000000000000002,1.8,9.8,-32.1,-15.100000000000001,1.2000000000000002,16
1838,406702.0,1.5,-1.9000000000000001,0.8,-0.8,1.7000000000000002,9.600000000000001,-18.200000000000003,-11.700000000000001,-2.6,16
1839,406720.0,1.6,-1.6,-0.6000000000000001,-0.7000000000000001,1.9000000000000001,8.3,13.5,1.8000000000000003,-15.6,16
1840,406736.0,1.0,-1.2000000000000002,-1.8,-1.3,2.4000000000000004,7.1000000000000005,29.0,14.300000000000002,-25.900000000000002,16
1841,406752.0,0.4,-0.7000000000000001,-2.3000000000000003,-1.9000000000000001,3.0,6.5,27.6,15.8,-27.5,16
1842,406768.0,0.2,-0.5,-2.4000000000000004,-2.2,3.2,6.300000000000001,24.900000000000002,15.000000000000002,-25.900000000000002,16
1843,406785.0,0.1,-0.30000000000000004,-2.4000000000000004,-2.4000000000000004,3.5,6.4,19.799999999999997,10.0,-19.400000000000002,16
1844,406801.0,0.1,-0.30000000000000004,-2.4000000000000004,-2.4000000000000004,3.5,6.300000000000001,17.300000000000004,5.6,-16.700000000000003,16
1845,406818.0,0.4,-0.2,-2.0,-2.2,3.5,6.6000000000000005,11.5,1.5,-12.9,16
1846,406834.0,0.4,-0.2,-1.6,-2.2,3.6,7.0,10.5,3.5,-10.299999999999999,16
1847,406851.0,0.4,0.0,-1.5,-2.2,3.8000000000000003,7.1000000000000005,12.100000000000001,4.6,-5.6,16
1848,406876.0,0.5,0.4,-1.6,-2.1,4.3,7.0,8.700000000000001,3.5,0.4,16
1849,406886.0,0.5,0.4,-1.5,-2.1,4.3,7.1000000000000005,6.1000000000000005,3.4,1.8000000000000003,16
1850,406902.0,0.4,0.4,-1.0,-2.3000000000000003,4.3,7.6000000000000005,-5.0,0.9000000000000001,5.300000000000001,16
1851,406918.0,0.0,0.4,0.2,-2.7,4.3,8.8,-14.300000000000002,-3.6000000000000005,6.8,16
1852,406936.0,-0.5,0.30000000000000004,1.1,-3.1,4.2,9.700000000000001,-19.1,-5.2,7.400000000000001,16
1853,406965.0,0.2,1.6,1.2000000000000002,-2.3000000000000003,5.4,9.9,-14.100000000000001,-19.6,8.2,16
1854,406969.0,0.2,1.6,1.2000000000000002,-2.3000000000000003,5.4,9.9,-14.100000000000001,-19.6,8.2,16
1855,406991.0,0.6000000000000001,2.3000000000000003,-1.5,-1.8,6.0,7.300000000000001,-27.400000000000002,-33.1,4.9,16
1856,407002.0,0.6000000000000001,2.3000000000000003,-1.5,-1.8,6.0,7.300000000000001,-27.400000000000002,-33.1,4.9,16
1857,407017.0,-1.8,1.2000000000000002,0.6000000000000001,-4.1000000000000005,4.800000000000001,9.4,-87.10000000000001,-10.8,10.0,16
1858,407034.0,-2.0,-0.7000000000000001,6.0,-4.3,2.6,14.9,-132.3,-8.899999999999999,27.700000000000003,16
1859,407055.0,-0.2,-1.0,7.9,-2.4000000000000004,1.9000000000000001,17.0,-88.3,-27.3,26.6,16
1860,407073.0,1.2000000000000002,-0.7000000000000001,4.1000000000000005,-0.8,2.0,13.3,-3.7000000000000006,-24.8,0.4,16
1861,407095.0,0.7000000000000001,-0.30000000000000004,0.6000000000000001,-1.4000000000000001,2.4000000000000004,9.8,34.50000000000001,21.6,-25.0,16
1862,407101.0,0.7000000000000001,-0.30000000000000004,0.6000000000000001,-1.4000000000000001,2.4000000000000004,9.8,34.50000000000001,21.6,-25.0,16
1863,407117.0,-1.3,0.30000000000000004,-0.1,-3.5,3.1,9.1,32.1,57.49999999999999,-35.8,16
1864,407138.0,-2.1,0.6000000000000001,-0.30000000000000004,-4.5,3.5,8.8,27.3,54.300000000000004,-25.4,16
1865,407150.0,-1.6,0.4,-1.4000000000000001,-4.2,3.3000000000000003,7.6000000000000005,21.400000000000002,28.900000000000002,-8.899999999999999,16
1866,407169.0,-1.2000000000000002,0.30000000000000004,-1.9000000000000001,-3.8000000000000003,3.3000000000000003,7.1000000000000005,16.3,17.6,-2.0,16
1867,407187.0,-0.7000000000000001,0.1,-2.3000000000000003,-3.0,2.8000000000000003,6.6000000000000005,3.0,5.8,8.2,16
1868,407201.0,0.1,-0.4,-2.1,-2.6,2.7,6.800000000000001,-2.1,3.7000000000000006,11.8,16
1869,407218.0,0.6000000000000001,-0.6000000000000001,-1.6,-2.0,2.4000000000000004,7.300000000000001,0.9000000000000001,4.4,14.0,16
1870,407235.0,0.9,-0.6000000000000001,-1.8,-1.8,2.5,7.1000000000000005,14.900000000000002,9.3,13.000000000000002,16
1871,407253.0,1.0,-0.30000000000000004,-2.3000000000000003,-1.7000000000000002,2.8000000000000003,6.6000000000000005,20.7,7.9,10.0,16
1872,407275.0,1.0,0.0,-2.6,-1.7000000000000002,3.2,6.300000000000001,19.300000000000004,-1.0,8.0,16
1873,407303.0,0.9,0.4,-2.6,-1.7000000000000002,3.7,6.300000000000001,12.5,-9.2,9.0,16
1874,407318.0,0.8,0.5,-2.4000000000000004,-1.8,3.8000000000000003,6.5,0.6000000000000001,-14.100000000000001,10.4,16
1875,407335.0,0.6000000000000001,0.5,-1.8,-2.1,3.8000000000000003,7.800000000000001,-10.8,-13.900000000000002,12.8,16
1876,407351.0,0.9,0.4,0.30000000000000004,-1.6,3.7,9.200000000000001,-5.9,-15.6,13.8,16
1877,407370.0,1.3,0.4,0.4,-1.2000000000000002,3.7,9.3,-1.7,-17.400000000000002,12.5,16
1878,407384.0,1.5,0.7000000000000001,-0.30000000000000004,-1.0,4.0,8.6,11.5,-18.6,-2.0,16
1879,407404.0,0.4,1.3,0.1,-1.9000000000000001,4.7,9.0,4.300000000000001,-8.4,-15.100000000000001,16
1880,407418.0,-0.1,1.5,0.7000000000000001,-2.4000000000000004,4.9,9.600000000000001,-2.4000000000000004,-4.6,-17.9,16
1881,407434.0,-0.8,1.4000000000000001,2.2,-3.2,4.7,11.100000000000001,-15.2,1.7,-18.5,16
1882,407451.0,-0.9,2.4000000000000004,3.4000000000000004,-3.3000000000000003,5.7,12.3,-14.200000000000001,-6.0,-21.500000000000004,16
1883,407468.0,-1.0,2.7,2.9000000000000004,-3.4000000000000004,6.0,11.9,-7.500000000000001,-15.2,-22.6,16
1884,407492.0,-2.2,1.5,2.8000000000000003,-4.6000000000000005,4.7,11.8,-25.200000000000003,11.900000000000002,-16.1,16
1885,407501.0,-2.2,1.5,2.8000000000000003,-4.6000000000000005,4.7,11.8,-25.200000000000003,11.900000000000002,-16.1,16
1886,407518.0,-2.5,0.30000000000000004,5.1000000000000005,-4.9,3.3000000000000003,14.100000000000001,-35.5,19.5,-5.6,16
1887,407536.0,-0.5,-0.30000000000000004,4.2,-3.0,2.7,13.3,4.300000000000001,-15.899999999999999,4.4,16
1888,407555.0,1.7000000000000002,-0.5,-0.1,-0.7000000000000001,2.5,9.0,42.800000000000004,-32.9,0.0,16
1889,407572.0,2.2,-0.2,-2.2,-0.1,3.0,6.800000000000001,36.9,-3.4,-14.200000000000001,16
1890,407594.0,0.4,0.0,-1.1,-1.9000000000000001,3.2,7.9,10.700000000000001,33.9,-24.900000000000002,16
1891,407601.0,0.4,0.0,-1.1,-1.9000000000000001,3.2,7.9,10.700000000000001,33.9,-24.900000000000002,16
1892,407619.0,-0.8,0.0,0.30000000000000004,-3.3000000000000003,3.2,9.200000000000001,-3.8,39.9,-18.8,16
1893,407634.0,-0.9,-0.2,0.7000000000000001,-3.6,3.0,9.600000000000001,-13.900000000000002,16.700000000000003,-4.6,16
1894,407651.0,0.30000000000000004,-0.8,0.6000000000000001,-2.4000000000000004,2.4000000000000004,9.5,-19.1,-9.600000000000001,8.2,16
1895,407668.0,0.9,-1.1,0.4,-1.8,2.1,9.3,-18.1,-17.5,9.3,16
1896,407687.0,1.6,-1.3,-0.2,-1.0,1.8,8.8,-9.700000000000001,-14.5,3.0,16
1897,407704.0,1.6,-1.2000000000000002,-0.30000000000000004,-1.0,1.9000000000000001,8.700000000000001,6.4,2.8,-4.9,16
1898,407717.0,1.4000000000000001,-1.1,-0.6000000000000001,-1.1,2.0,8.3,16.8,9.100000000000001,-8.4,16
1899,407734.0,1.1,-0.8,-1.5,-1.5,2.3000000000000003,7.5,30.200000000000003,15.399999999999999,-12.9,16
1900,407751.0,0.9,-0.7000000000000001,-2.0,-1.8,2.5,6.800000000000001,31.400000000000002,12.0,-13.000000000000002,16
1901,407769.0,0.9,-0.6000000000000001,-2.2,-1.8,2.6,6.7,30.4,9.899999999999999,-12.7,16
1902,407792.0,1.0,-0.4,-2.2,-1.8,3.0,6.6000000000000005,22.6,-4.9,-16.0,16
1903,407801.0,1.0,-0.4,-2.2,-1.8,3.0,6.6000000000000005,22.6,-4.9,-16.0,16
1904,407818.0,0.6000000000000001,-0.30000000000000004,-2.0,-2.1,3.1,6.800000000000001,23.5,-2.6,-15.700000000000001,16
1905,407834.0,0.30000000000000004,-0.1,-1.8,-2.5,3.4000000000000004,7.0,25.7,6.300000000000001,-11.700000000000001,16
1906,407851.0,0.30000000000000004,0.2,-1.5,-2.5,3.7,7.2,24.0,8.8,-5.0,16
1907,407868.0,0.30000000000000004,0.2,-1.5,-2.5,3.8000000000000003,7.2,20.3,6.2,-1.9,16
1908,407895.0,0.0,0.4,-0.7000000000000001,-2.8000000000000003,4.0,8.0,0.2,0.7,2.3,16
1909,407902.0,0.0,0.4,-0.7000000000000001,-2.8000000000000003,4.0,8.0,0.2,0.7,2.3,16
1910,407919.0,-0.5,0.1,0.4,-3.3000000000000003,3.8000000000000003,9.0,-14.400000000000002,3.9,7.0,16
1911,407938.0,-0.7000000000000001,-0.1,1.6,-3.5,3.5,10.3,-21.1,7.200000000000001,10.0,16
1912,407952.0,0.2,0.9,1.9000000000000001,-2.6,4.4,10.600000000000001,-16.0,-7.1000000000000005,7.6,16
1913,407971.0,0.6000000000000001,1.1,0.1,-2.2,4.6000000000000005,8.8,-11.900000000000002,-19.1,2.0,16
1914,408003.0,-1.1,1.2000000000000002,-0.30000000000000004,-4.800000000000001,4.2,9.700000000000001,-34.50000000000001,4.7,-7.1000000000000005,16
1915,408026.0,-3.0,0.30000000000000004,3.2,-5.800000000000001,3.5,12.0,-84.1,18.3,13.100000000000001,16
1916,408034.0,-2.1,-0.5,5.800000000000001,-4.9,2.6,14.700000000000001,-72.60000000000001,6.2,21.300000000000004,16
1917,408052.0,0.0,-0.8,4.1000000000000005,-2.7,2.1,13.0,-22.700000000000003,-9.100000000000001,18.5,16
1918,408067.0,0.4,-1.1,2.6,-2.4000000000000004,1.8,11.600000000000001,-3.0,-3.1,9.700000000000001,16
1919,408084.0,0.2,-1.1,0.7000000000000001,-2.5,1.8,9.600000000000001,11.6,19.6,-9.700000000000001,16
1920,408111.0,-1.6,-0.4,0.2,-4.5,2.5,9.200000000000001,2.0,29.600000000000005,-20.1,16
1921,408118.0,-1.6,-0.4,0.2,-4.5,2.5,9.200000000000001,2.0,29.600000000000005,-20.1,16
1922,408134.0,-1.6,-0.2,0.2,-4.6000000000000005,2.7,9.1,-1.6,16.1,-10.600000000000001,16
1923,408151.0,-0.8,-0.2,-0.5,-3.9000000000000004,2.7,8.3,1.0,1.2000000000000002,-3.0,16
1924,408168.0,-0.5,-0.1,-0.7000000000000001,-3.6,2.7,8.1,4.0,-2.4000000000000004,-1.3,16
1925,408192.0,0.1,0.0,-1.4000000000000001,-3.0,2.9000000000000004,7.4,14.700000000000001,-5.9,1.5,16
1926,408208.0,0.4,0.1,-2.4000000000000004,-2.6,3.0,6.5,22.1,-3.5,2.2,16
1927,408218.0,0.5,0.2,-2.8000000000000003,-2.5,3.2,6.0,25.900000000000002,-0.2,3.1,16
1928,408235.0,0.6000000000000001,0.4,-3.2,-2.5,3.4000000000000004,5.6000000000000005,23.2,8.0,5.300000000000001,16
1929,408254.0,0.5,0.6000000000000001,-2.8000000000000003,-2.6,3.7,5.9,14.300000000000002,5.500000000000001,8.700000000000001,16
1930,408269.0,0.5,0.6000000000000001,-2.7,-2.6,3.8000000000000003,6.1000000000000005,12.0,2.3,9.8,16
1931,408285.0,0.7000000000000001,0.7000000000000001,-2.2,-2.4000000000000004,3.9000000000000004,6.6000000000000005,2.2,-11.3,14.0,16
1932,408302.0,0.7000000000000001,0.6000000000000001,-1.9000000000000001,-2.3000000000000003,3.8000000000000003,6.9,-2.3,-17.200000000000003,15.100000000000001,16
1933,408318.0,0.8,0.6000000000000001,-0.9,-2.2,3.8000000000000003,7.800000000000001,-8.100000000000001,-18.0,14.200000000000001,16
1934,408335.0,0.8,0.7000000000000001,0.1,-2.1,3.9000000000000004,8.9,-4.9,-12.200000000000001,10.9,16
1935,408354.0,1.0,0.8,0.30000000000000004,-1.9000000000000001,4.0,9.1,6.8,-9.2,6.300000000000001,16
1936,408368.0,0.9,0.9,0.2,-1.9000000000000001,4.2,9.0,11.8,-7.300000000000001,1.8000000000000003,16
1937,408384.0,0.30000000000000004,1.2000000000000002,-0.1,-2.6,4.4,8.8,12.0,-4.800000000000001,-9.8,16
1938,408402.0,-0.2,1.3,0.2,-3.0,4.6000000000000005,9.0,-0.8,-3.5,-17.200000000000003,16
1939,408418.0,-1.0,1.4000000000000001,1.5,-3.8000000000000003,4.7,10.3,-7.9,-4.2,-18.700000000000003,16
1940,408434.0,-1.2000000000000002,1.9000000000000001,3.1,-4.0,5.1000000000000005,11.9,-9.5,-10.600000000000001,-19.799999999999997,16
1941,408451.0,-0.9,2.4000000000000004,2.3000000000000003,-3.7,5.6000000000000005,11.200000000000001,9.600000000000001,-22.9,-20.7,16
1942,408469.0,-0.9,2.4000000000000004,2.3000000000000003,-3.7,5.6000000000000005,11.200000000000001,9.600000000000001,-22.9,-20.7,16
1943,408492.0,-1.1,0.8,2.6,-3.9000000000000004,4.1000000000000005,11.5,-7.400000000000001,7.1000000000000005,-15.700000000000001,16
1944,408501.0,-1.1,0.8,2.6,-3.9000000000000004,4.1000000000000005,11.5,-7.400000000000001,7.1000000000000005,-15.700000000000001,16
1945,408520.0,-1.1,0.0,3.4000000000000004,-3.9000000000000004,3.2,12.200000000000001,1.2000000000000002,5.7,-7.1000000000000005,16
1946,408534.0,0.4,-0.5,1.9000000000000001,-2.4000000000000004,2.7,10.700000000000001,22.9,0.0,0.0,16
1947,408558.0,0.7000000000000001,-0.6000000000000001,0.2,-2.2,2.6,9.0,17.9,0.2,-5.4,16
1948,408568.0,0.4,-0.6000000000000001,-0.1,-2.4000000000000004,2.7,8.700000000000001,6.9,1.2000000000000002,-7.9,16
1949,408591.0,-0.4,-0.7000000000000001,0.5,-3.3000000000000003,2.6,9.3,-22.2,4.2,2.8,16
1950,408601.0,-0.4,-0.7000000000000001,0.5,-3.3000000000000003,2.6,9.3,-22.2,4.2,2.8,16
1951,408618.0,-0.1,-1.2000000000000002,1.0,-2.9000000000000004,2.0,9.8,-26.000000000000004,6.500000000000001,12.0,16
1952,408636.0,0.1,-1.6,0.9,-2.8000000000000003,1.6,9.700000000000001,-21.500000000000004,9.3,13.000000000000002,16
1953,408654.0,-0.1,-1.7000000000000002,0.7000000000000001,-3.0,1.4000000000000001,9.600000000000001,-12.8,15.299999999999999,12.600000000000001,16
1954,408668.0,-0.1,-1.7000000000000002,0.6000000000000001,-3.0,1.4000000000000001,9.5,-10.8,15.399999999999999,12.600000000000001,16
1955,408689.0,0.1,-1.8,0.4,-2.6,1.3,8.9,-2.4000000000000004,6.9,11.2,16
1956,408709.0,0.8,-1.6,-0.8,-2.2,1.4000000000000001,8.1,5.300000000000001,-7.6,5.9,16
1957,408718.0,1.1,-1.5,-1.1,-1.8,1.6,7.800000000000001,8.899999999999999,-12.7,2.1,16
1958,408734.0,0.9,-1.2000000000000002,-1.6,-2.0,1.9000000000000001,7.300000000000001,17.300000000000004,-15.000000000000002,-7.9,16
1959,408751.0,0.4,-0.7000000000000001,-2.0,-2.4000000000000004,2.4000000000000004,6.9,28.1,-5.500000000000001,-11.4,16
1960,408769.0,0.2,-0.5,-2.2,-2.6,2.7,6.6000000000000005,33.50000000000001,0.7,-10.4,16
1961,408785.0,0.1,-0.1,-2.7,-2.8000000000000003,3.1,6.1000000000000005,35.8,5.1000000000000005,-5.9,16
1962,408803.0,0.1,0.0,-2.8000000000000003,-2.7,3.3000000000000003,6.0,31.7,4.800000000000001,-2.4000000000000004,16
1963,408818.0,0.2,0.2,-2.3000000000000003,-2.6,3.6,6.4,18.8,0.5,4.800000000000001,16
1964,408836.0,0.6000000000000001,0.30000000000000004,-1.7000000000000002,-2.2,3.8000000000000003,7.0,9.4,-6.4,12.0,16
1965,408854.0,1.2000000000000002,0.30000000000000004,-1.3,-1.6,3.8000000000000003,7.4,5.7,-5.6,14.900000000000002,16
1966,408868.0,1.2000000000000002,0.30000000000000004,-1.1,-1.6,3.8000000000000003,7.6000000000000005,5.2,-0.30000000000000004,13.200000000000003,16
1967,408884.0,0.7000000000000001,0.4,-0.7000000000000001,-2.1,3.9000000000000004,8.0,2.4000000000000004,11.5,8.600000000000001,16
1968,408901.0,0.30000000000000004,0.4,-0.30000000000000004,-2.6,4.0,8.4,-0.6000000000000001,16.200000000000003,8.100000000000001,16
1969,408918.0,-0.2,0.5,0.30000000000000004,-3.0,4.1000000000000005,9.0,-9.899999999999999,19.0,10.299999999999999,16
1970,408935.0,0.6000000000000001,1.5,0.8,-2.3000000000000003,5.0,9.5,-18.200000000000003,2.8,10.700000000000001,16
1971,408952.0,1.1,1.5,-0.8,-1.8,5.0,7.9,-30.799999999999997,-16.6,8.600000000000001,16
1972,408971.0,-0.8,1.5,-0.6000000000000001,-3.6,4.800000000000001,8.200000000000001,-64.7,8.8,-0.6000000000000001,16
1973,408990.0,-1.8,0.7000000000000001,0.9,-4.6000000000000005,4.0,9.700000000000001,-89.0,25.300000000000004,3.0,16
1974,409001.0,-2.5,-0.30000000000000004,4.5,-5.4,2.7,13.3,-105.4,42.7,10.1,16
1975,409017.0,-2.0,-0.2,5.300000000000001,-5.0,2.6,14.200000000000001,-87.40000000000002,35.699999999999996,12.100000000000001,16
1976,409034.0,-0.7000000000000001,-0.30000000000000004,4.5,-3.8000000000000003,2.3000000000000003,13.4,-32.1,22.9,14.0,16
1977,409052.0,0.1,-0.8,2.4000000000000004,-3.0,1.8,11.3,8.2,24.8,7.500000000000001,16
1978,409069.0,0.0,-0.9,1.4000000000000001,-3.1,1.7000000000000002,10.3,15.6,28.500000000000004,-0.9000000000000001,16
1979,409085.0,-1.1,-0.5,0.6000000000000001,-4.4,2.1,9.4,13.5,27.400000000000002,-15.000000000000002,16
1980,409111.0,-2.2,0.0,-0.7000000000000001,-5.6000000000000005,2.6,8.1,0.8,3.6000000000000005,-5.500000000000001,16
1981,409118.0,-2.2,0.0,-0.7000000000000001,-5.6000000000000005,2.6,8.1,0.8,3.6000000000000005,-5.500000000000001,16
1982,409135.0,-1.5,-0.2,-1.1,-4.9,2.5,7.7,-9.4,-4.7,9.100000000000001,16
1983,409152.0,-0.4,-0.30000000000000004,-0.7000000000000001,-3.8000000000000003,2.3000000000000003,8.1,-13.200000000000003,-5.6,17.400000000000002,16
1984,409168.0,0.1,-0.4,-0.7000000000000001,-3.2,2.2,8.200000000000001,-9.899999999999999,-5.9,21.500000000000004,16
1985,409188.0,0.9,-0.6000000000000001,-1.2000000000000002,-2.4000000000000004,2.1,7.6000000000000005,5.8,-5.4,22.2,16
1986,409203.0,1.3,-0.4,-2.0,-2.0,2.3000000000000003,6.9,16.700000000000003,-6.300000000000001,19.200000000000003,16
1987,409218.0,1.3,-0.2,-2.4000000000000004,-1.9000000000000001,2.5,6.4,19.400000000000002,-9.5,17.400000000000002,16
1988,409234.0,1.5,0.1,-3.1,-1.7000000000000002,2.9000000000000004,5.7,15.8,-14.600000000000001,16.0,16
1989,409251.0,1.6,0.2,-3.1,-1.5,3.0,5.7,4.0,-10.5,16.900000000000002,16
1990,409269.0,1.7000000000000002,0.2,-2.7,-1.4000000000000001,3.0,6.2,-3.2,-6.300000000000001,17.0,16
1991,409291.0,1.6,-0.1,-0.6000000000000001,-1.5,2.8000000000000003,8.3,-10.5,-1.7,11.4,16
1992,409303.0,1.4000000000000001,0.0,0.0,-1.7000000000000002,2.8000000000000003,8.9,-8.3,-2.0,7.9,16
1993,409320.0,1.2000000000000002,0.0,0.5,-1.8,2.8000000000000003,9.4,-4.9,-4.300000000000001,4.4,16
1994,409334.0,1.2000000000000002,0.0,0.5,-1.8,2.8000000000000003,9.4,-4.9,-4.300000000000001,4.4,16
1995,409351.0,1.2000000000000002,0.1,0.8,-1.8,3.5,9.4,13.100000000000001,-15.899999999999999,-10.299999999999999,16
1996,409368.0,0.9,0.8,0.4,-2.1,3.7,9.3,14.700000000000001,-11.5,-14.200000000000001,16
1997,409391.0,-0.30000000000000004,1.0,0.9,-3.2,3.9000000000000004,9.8,6.4,-2.7,-20.2,16
1998,409405.0,-0.6000000000000001,1.1,1.4000000000000001,-3.5,4.0,10.3,1.4,-4.0,-21.400000000000002,16
1999,409418.0,-0.6000000000000001,1.5,2.0,-3.5,4.4,10.9,-2.8,-8.700000000000001,-22.5,16
2000,409435.0,-0.30000000000000004,2.5,1.6,-3.2,5.4,10.5,-1.9,-33.800000000000004,-19.700000000000003,16
2001,409453.0,0.1,1.9000000000000001,0.4,-2.7,4.800000000000001,9.3,-11.000000000000002,-17.200000000000003,-16.6,16
2002,409468.0,-0.9,1.1,1.0,-3.7,3.9000000000000004,10.0,-29.200000000000003,3.3000000000000007,-18.5,16
2003,409496.0,-2.6,-0.7000000000000001,6.2,-5.5,1.9000000000000001,15.200000000000001,-50.60000000000001,27.5,-15.899999999999999,16
2004,409501.0,-2.6,-0.7000000000000001,6.2,-5.5,1.9000000000000001,15.200000000000001,-50.60000000000001,27.5,-15.899999999999999,16
2005,409518.0,-1.7000000000000002,-0.4,5.7,-4.7,2.0,14.700000000000001,7.8,-4.1,-9.600000000000001,16
2006,409534.0,-0.4,-0.5,1.5,-3.4000000000000004,2.0,10.5,47.5,-14.700000000000001,-7.8,16
2007,409552.0,-0.30000000000000004,-0.1,-0.9,-3.3000000000000003,2.5,8.0,36.6,-8.100000000000001,-10.1,16
2008,409569.0,-0.5,-0.1,-1.5,-3.4000000000000004,2.6,7.5,29.400000000000002,-7.6,-9.0,16
2009,409592.0,0.0,-0.6000000000000001,-1.2000000000000002,-2.9000000000000004,2.2,7.800000000000001,-12.4,-7.500000000000001,6.0,16
2010,409601.0,0.0,-0.6000000000000001,-1.2000000000000002,-2.9000000000000004,2.2,7.800000000000001,-12.4,-7.500000000000001,6.0,16
2011,409617.0,0.7000000000000001,-1.2000000000000002,-0.6000000000000001,-2.2,1.5,8.4,-18.5,-5.6,13.000000000000002,16
2012,409634.0,1.2000000000000002,-1.6,-0.1,-1.6,1.1,8.9,-10.4,-0.2,10.200000000000001,16
2013,409653.0,1.2000000000000002,-1.8,0.0,-1.7000000000000002,0.9,9.0,2.3,10.0,0.0,16
2014,409671.0,0.7000000000000001,-1.5,-0.30000000000000004,-2.2,1.1,8.700000000000001,15.5,12.0,-10.600000000000001,16
2015,409685.0,0.6000000000000001,-1.3,-0.7000000000000001,-2.3000000000000003,1.3,8.3,23.0,10.299999999999999,-13.8,16
2016,409701.0,0.7000000000000001,-1.0,-1.3,-2.3000000000000003,1.6,7.7,30.000000000000004,8.700000000000001,-15.5,16
2017,409722.0,0.9,-0.5,-2.6,-2.1,2.3000000000000003,6.300000000000001,36.400000000000006,-1.2000000000000002,-19.200000000000003,16
2018,409735.0,0.9,-0.30000000000000004,-2.8000000000000003,-2.1,2.6,6.1000000000000005,32.0,-4.9,-20.0,16
2019,409756.0,0.9,0.1,-2.8000000000000003,-2.0,3.0,6.1000000000000005,19.799999999999997,-10.1,-18.900000000000002,16
2020,409770.0,0.9,0.2,-2.1,-2.1,3.2,6.800000000000001,10.200000000000001,-4.6,-15.700000000000001,16
2021,409787.0,0.8,0.30000000000000004,-1.7000000000000002,-2.2,3.3000000000000003,7.2,8.4,1.7,-14.300000000000002,16
2022,409801.0,0.7000000000000001,0.30000000000000004,-1.2000000000000002,-2.3000000000000003,3.3000000000000003,7.7,8.5,7.500000000000001,-12.7,16
2023,409818.0,0.4,0.5,-0.5,-2.6,3.4000000000000004,8.4,11.1,12.100000000000001,-10.0,16
2024,409834.0,0.6000000000000001,0.6000000000000001,-0.2,-2.5,3.6,8.6,16.200000000000003,2.9,-6.2,16
2025,409852.0,1.0,0.8,-0.8,-2.1,3.9000000000000004,8.0,17.6,-9.5,-6.699999999999999,16
2026,409870.0,0.6000000000000001,1.0,-1.1,-2.2,3.9000000000000004,7.7,14.100000000000001,-10.5,-8.5,16
2027,409884.0,0.2,1.1,-0.9,-2.9000000000000004,4.2,7.9,-1.5,-8.8,-11.1,16
2028,409905.0,-0.2,1.0,-0.6000000000000001,-3.5,4.0,8.5,-16.8,-5.9,-9.600000000000001,16
2029,409918.0,-0.7000000000000001,0.8,0.2,-3.7,3.9000000000000004,9.0,-22.3,-3.3000000000000007,-9.0,16
2030,409935.0,-0.4,1.4000000000000001,0.9,-3.4000000000000004,4.4,9.8,-26.5,-2.5,-7.500000000000001,16
2031,409961.0,0.0,1.5,0.4,-3.0,4.4,9.200000000000001,-27.3,-4.1,-7.699999999999999,16
2032,409968.0,-0.4,1.2000000000000002,0.1,-3.4000000000000004,4.1000000000000005,9.0,-33.0,6.9,-11.000000000000002,16
2033,410002.0,-3.1,-0.2,3.3000000000000003,-6.5,2.0,13.3,-70.0,33.800000000000004,-10.700000000000001,16
2034,410019.0,-3.1,-0.7000000000000001,5.2,-6.4,1.7000000000000002,14.200000000000001,-49.9,20.0,-4.2,16
2035,410036.0,-1.6,-0.6000000000000001,3.7,-4.800000000000001,1.6,12.700000000000001,3.0,-8.100000000000001,-2.9,16
2036,410051.0,-0.5,-0.7000000000000001,0.6000000000000001,-3.8000000000000003,1.6,9.600000000000001,31.6,-10.299999999999999,-6.0,16
2037,410070.0,-0.30000000000000004,-0.7000000000000001,-0.7000000000000001,-3.6,1.6,8.3,38.900000000000006,-1.7,-9.700000000000001,16
2038,410086.0,-0.9,-0.2,-1.6,-4.2,2.2,7.300000000000001,24.7,22.000000000000004,-17.5,16
2039,410105.0,-1.8,0.1,0.0,-5.1000000000000005,2.5,8.8,-4.1,31.099999999999998,-11.900000000000002,16
2040,410121.0,-1.6,0.0,0.7000000000000001,-5.0,2.5,9.5,-11.700000000000001,22.6,-4.1,16
2041,410134.0,-0.5,-0.2,0.6000000000000001,-3.9000000000000004,2.2,9.5,-9.2,-4.9,7.6,16
2042,410155.0,0.6000000000000001,-0.30000000000000004,-0.7000000000000001,-2.9000000000000004,2.1,8.200000000000001,7.9,-12.5,11.1,16
2043,410168.0,0.8,-0.2,-1.2000000000000002,-2.6,2.2,7.7,16.6,-9.3,10.4,16
2044,410189.0,1.0,-0.1,-2.4000000000000004,-2.4000000000000004,2.4000000000000004,6.5,29.600000000000005,-1.3,9.100000000000001,16
2045,410201.0,1.0,0.0,-2.8000000000000003,-2.4000000000000004,2.5,6.0,31.3,1.3,8.4,16
2046,410217.0,0.8,0.2,-3.0,-2.6,2.8000000000000003,5.800000000000001,26.799999999999997,3.8,7.8,16
2047,410234.0,0.7000000000000001,0.30000000000000004,-2.5,-2.6,3.0,6.2,19.5,-1.3,9.700000000000001,16
2048,410252.0,0.6000000000000001,0.30000000000000004,-2.3000000000000003,-2.7,3.1,6.5,14.600000000000001,-11.2,11.3,16
2049,410267.0,0.7000000000000001,0.30000000000000004,-2.2,-2.6,3.1,6.6000000000000005,11.700000000000001,-15.899999999999999,12.4,16
2050,410288.0,1.0,0.30000000000000004,-1.9000000000000001,-2.3000000000000003,3.2,6.9,4.7,-18.3,13.000000000000002,16
2051,410301.0,1.1,0.30000000000000004,-1.7000000000000002,-2.2,3.2,7.1000000000000005,1.6,-16.4,12.200000000000001,16
2052,410318.0,1.1,0.30000000000000004,-0.7000000000000001,-2.1,3.2,8.1,-2.8,-9.899999999999999,8.3,16
2053,410334.0,1.0,0.4,0.30000000000000004,-2.1,3.4000000000000004,9.1,-1.7,-11.000000000000002,0.5,16
2054,410355.0,0.6000000000000001,0.8,0.0,-2.5,3.7,8.8,4.6,-18.900000000000002,-10.1,16
2055,410368.0,0.4,1.0,-0.30000000000000004,-2.7,4.0,8.5,4.800000000000001,-21.300000000000004,-14.5,16
2056,410385.0,-0.6000000000000001,1.7000000000000002,-0.7000000000000001,-3.7,4.6000000000000005,8.200000000000001,-9.5,-24.7,-21.7,16
2057,410410.0,-1.6,2.4000000000000004,1.9000000000000001,-4.6000000000000005,5.2,10.8,-47.7,-28.1,-14.700000000000001,16
2058,410429.0,-1.4000000000000001,2.8000000000000003,2.9000000000000004,-4.3,5.5,11.9,-49.4,-32.0,-12.4,16
2059,410435.0,-1.2000000000000002,2.8000000000000003,3.3000000000000003,-4.0,5.4,12.3,-43.900000000000006,-34.0,-10.600000000000001,16
2060,410452.0,-1.2000000000000002,1.8,3.0,-4.0,4.3,12.100000000000001,-37.6,-11.5,-9.3,16
2061,410469.0,-1.2000000000000002,1.9000000000000001,3.0,-4.4,3.5,12.600000000000001,-40.0,-3.6000000000000005,-9.8,16
2062,410486.0,-2.6,-0.2,5.300000000000001,-5.300000000000001,2.1,14.4,-41.6,16.200000000000003,-11.5,16
2063,410504.0,-1.5,-0.2,5.4,-4.3,1.9000000000000001,14.5,-11.5,4.6,-9.600000000000001,16
2064,410519.0,-0.7000000000000001,-0.2,4.0,-3.5,1.9000000000000001,13.200000000000001,10.299999999999999,-7.300000000000001,-11.000000000000002,16
2065,410534.0,0.30000000000000004,0.2,1.3,-2.5,2.4000000000000004,10.4,35.8,-20.7,-16.200000000000003,16
2066,410553.0,0.4,0.2,-0.7000000000000001,-2.3000000000000003,2.5,8.4,34.7,-9.5,-17.9,16
2067,410573.0,-0.1,0.1,-0.2,-2.9000000000000004,2.4000000000000004,8.9,12.5,22.9,-13.3,16
2068,410584.0,-0.5,-0.2,0.7000000000000001,-3.3000000000000003,2.2,9.8,3.5,34.50000000000001,-7.8,16
2069,410601.0,-0.30000000000000004,-0.6000000000000001,1.4000000000000001,-3.2,1.7000000000000002,10.5,-0.5,36.6,-0.6000000000000001,16
2070,410619.0,0.2,-1.2000000000000002,1.5,-2.7,1.2000000000000002,10.5,-1.4,18.900000000000002,6.9,16
2071,410634.0,1.0,-1.5,0.7000000000000001,-2.0,0.9,9.700000000000001,3.7000000000000006,-4.2,9.3,16
2072,410651.0,1.9000000000000001,-1.5,-0.8,-1.1,0.9,8.3,15.899999999999999,-15.000000000000002,8.100000000000001,16
2073,410668.0,2.1,-1.5,-1.5,-0.8,0.9,7.5,21.500000000000004,-13.700000000000001,5.2,16
2074,410691.0,2.3000000000000003,-1.3,-2.2,-0.6000000000000001,1.2000000000000002,6.800000000000001,28.700000000000003,-1.2000000000000002,-3.8,16
2075,410701.0,2.3000000000000003,-1.2000000000000002,-2.4000000000000004,-0.6000000000000001,1.3,6.6000000000000005,28.700000000000003,-1.2000000000000002,-3.8,16
2076,410718.0,2.1,-1.0,-2.5,-0.8,1.7000000000000002,6.5,29.300000000000004,-0.1,-10.4,16
2077,410735.0,1.9000000000000001,-0.6000000000000001,-2.6,-1.0,2.1,6.4,27.800000000000004,-2.6,-13.399999999999999,16
2078,410751.0,1.8,-0.4,-2.6,-1.1,2.4000000000000004,6.4,23.900000000000006,-3.2,-13.700000000000001,16
2079,410768.0,1.7000000000000002,-0.30000000000000004,-2.5,-1.2000000000000002,2.5,6.5,21.7,-1.9,-14.200000000000001,16
2080,410786.0,1.3,-0.2,-1.9000000000000001,-1.7000000000000002,2.7,7.0,18.0,1.1,-13.8,16
2081,410804.0,1.0,0.1,-1.0,-2.0,3.0,7.9,16.5,0.0,-10.0,16
2082,410818.0,0.9,0.2,-0.6000000000000001,-2.0,3.1,8.200000000000001,16.1,-2.7,-8.3,16
2083,410835.0,0.9,0.4,0.0,-2.0,3.4000000000000004,8.8,11.700000000000001,-4.300000000000001,-4.1,16
2084,410855.0,1.0,0.4,1.1,-1.9000000000000001,3.4000000000000004,9.9,9.100000000000001,0.7,-2.7,16
2085,410868.0,1.0,0.30000000000000004,1.6,-2.0,3.3000000000000003,10.5,8.4,2.2,-5.8,16
2086,410886.0,0.7000000000000001,0.4,2.1,-2.2,3.4000000000000004,11.0,7.8,0.1,-10.700000000000001,16
2087,410901.0,-0.2,0.6000000000000001,2.5,-3.1,3.6,11.4,6.9,-12.8,-17.0,16
2088,410918.0,-0.5,0.9,2.2,-3.5,3.9000000000000004,11.0,4.9,-19.0,-15.000000000000002,16
2089,410935.0,0.0,1.5,1.9000000000000001,-2.9000000000000004,4.5,10.700000000000001,4.1,-16.1,-12.7,16
2090,410954.0,-0.2,1.0,1.0,-3.1,4.0,9.9,-0.1,-9.899999999999999,-15.5,16
2091,410999.0,-1.4000000000000001,-1.3,3.7,-4.3,1.6,12.700000000000001,-44.9,-5.6,-14.700000000000001,16
2092,411001.0,-1.4000000000000001,-1.3,3.7,-4.3,1.6,12.700000000000001,-44.9,-5.6,-14.700000000000001,16
2093,411017.0,-0.1,-1.3,3.6,-3.0,1.4000000000000001,12.600000000000001,-18.0,-27.3,-17.799999999999997,16
2094,411036.0,0.2,-0.9,0.7000000000000001,-2.6,1.8,9.8,29.400000000000002,-19.400000000000002,-31.0,16
2095,411050.0,-1.3,-0.30000000000000004,-0.7000000000000001,-4.1000000000000005,2.5,8.200000000000001,45.5,13.399999999999999,-40.6,16
2096,411067.0,-1.3,-0.4,-0.7000000000000001,-5.1000000000000005,2.7,7.9,40.7,21.300000000000004,-39.300000000000004,16
2097,411084.0,-3.0,0.1,-0.8,-5.9,3.0,8.1,13.6,15.000000000000002,-21.8,16
2098,411101.0,-2.6,0.0,-0.4,-5.6000000000000005,2.9000000000000004,8.5,-1.1,1.4,-9.600000000000001,16
2099,411118.0,-0.7000000000000001,-0.30000000000000004,-0.4,-3.6,2.6,8.5,-17.0,-32.0,7.9,16
2100,411134.0,0.8,-0.7000000000000001,-1.0,-2.0,2.1,8.0,-15.8,-39.400000000000006,10.0,16
2101,411154.0,1.1,-0.8,-1.3,-1.5,1.8,7.6000000000000005,-5.0,-15.2,1.1,16
2102,411175.0,0.2,-0.6000000000000001,-1.2000000000000002,-2.5,2.2,7.800000000000001,7.0,13.5,-12.8,16
2103,411188.0,-0.5,-0.30000000000000004,-1.1,-3.2,2.5,7.9,11.2,18.200000000000003,-15.299999999999999,16
2104,411202.0,-1.0,0.0,-1.1,-3.8000000000000003,2.8000000000000003,7.800000000000001,13.3,16.1,-14.600000000000001,16
2105,411218.0,-1.4000000000000001,0.4,-1.2000000000000002,-4.2,3.3000000000000003,7.7,8.700000000000001,-1.5,-3.6000000000000005,16
2106,411234.0,-0.6000000000000001,0.30000000000000004,-1.7000000000000002,-3.4000000000000004,3.1,7.300000000000001,4.4,-21.400000000000002,8.700000000000001,16
2107,411253.0,0.2,0.0,-1.8,-2.5,2.9000000000000004,7.2,3.7000000000000006,-23.099999999999998,11.3,16
2108,411270.0,0.4,0.0,-1.6,-2.1,2.9000000000000004,7.6000000000000005,6.1000000000000005,-19.6,9.700000000000001,16
2109,411291.0,0.7000000000000001,0.1,-1.3,-1.8,3.1,7.7,20.1,-16.4,4.5,16
2110,411301.0,0.7000000000000001,0.1,-1.3,-1.8,3.1,7.6000000000000005,20.1,-16.4,4.5,16
2111,411318.0,0.9,0.30000000000000004,-1.2000000000000002,-1.7000000000000002,3.3000000000000003,7.800000000000001,22.000000000000004,-24.1,1.8000000000000003,16
2112,411336.0,1.1,0.30000000000000004,-0.5,-1.3,3.4000000000000004,8.5,23.3,-28.900000000000002,-1.6,16
2113,411351.0,0.9,0.5,0.0,-1.4000000000000001,3.6,8.9,27.9,-26.000000000000004,-8.899999999999999,16
2114,411369.0,0.8,0.6000000000000001,0.1,-1.5,3.8000000000000003,9.1,28.800000000000004,-25.1,-10.9,16
2115,411392.0,0.4,0.9,0.30000000000000004,-1.8,4.2,9.3,26.5,-26.300000000000004,-18.1,16
2116,411404.0,0.30000000000000004,1.0,0.4,-1.8,4.4,9.4,22.6,-29.200000000000003,-19.300000000000004,16
2117,411418.0,0.4,1.3,0.6000000000000001,-1.7000000000000002,4.7,9.5,18.200000000000003,-32.7,-20.400000000000002,16
2118,411435.0,0.6000000000000001,1.8,0.5,-1.4000000000000001,5.2,9.5,9.899999999999999,-44.300000000000004,-23.0,16
2119,411451.0,0.4,1.6,0.2,-1.6,5.1000000000000005,9.1,-2.8,-38.60000000000001,-27.400000000000002,16
2120,411475.0,-1.3,0.8,2.2,-3.2,4.2,11.200000000000001,-33.1,-7.400000000000001,-27.3,16
2121,411484.0,-1.9000000000000001,0.30000000000000004,3.1,-3.8000000000000003,3.7,12.200000000000001,-41.900000000000006,4.7,-24.7,16
2122,411501.0,-2.3000000000000003,-0.4,4.2,-4.2,2.9000000000000004,13.200000000000001,-44.2,12.100000000000001,-19.799999999999997,16
2123,411518.0,-2.3000000000000003,-1.1,5.300000000000001,-4.2,2.0,14.4,-30.200000000000003,8.4,-14.0,16
2124,411537.0,-1.3,-0.8,3.1,-3.3000000000000003,2.2,12.200000000000001,5.2,-19.0,-16.4,16
2125,411551.0,-0.6000000000000001,-0.2,-0.30000000000000004,-2.5,2.9000000000000004,8.8,23.5,-30.4,-16.8,16
2126,411572.0,-0.30000000000000004,0.2,-2.1,-2.1,3.4000000000000004,7.0,14.0,-10.0,-10.299999999999999,16
2127,411585.0,-0.30000000000000004,0.2,-2.0,-2.2,3.4000000000000004,7.1000000000000005,3.5,6.699999999999999,-5.2,16
2128,411603.0,-0.5,0.0,-1.2000000000000002,-2.3000000000000003,3.2,7.9,-6.1000000000000005,20.5,0.30000000000000004,16
2129,411617.0,-0.4,-0.5,-0.1,-2.3000000000000003,2.6,9.0,-17.200000000000003,24.7,9.8,16
2130,411634.0,-0.1,-0.8,0.4,-2.1,2.3000000000000003,9.5,-25.1,11.5,16.200000000000003,16
2131,411652.0,0.2,-1.0,0.4,-1.8,2.0,9.5,-24.3,-1.3,21.0,16
2132,411673.0,1.0,-1.3,-0.1,-1.0,1.7000000000000002,9.1,-15.6,-2.2,23.099999999999998,16
2133,411692.0,1.2000000000000002,-1.3,-0.4,-0.7000000000000001,1.6,8.700000000000001,-10.4,0.2,20.599999999999998,16
2134,411703.0,1.5,-1.3,-1.1,-0.5,1.6,8.1,-2.2,4.4,11.900000000000002,16
2135,411718.0,1.6,-1.3,-1.5,-0.4,1.6,7.6000000000000005,1.7,3.6000000000000005,6.500000000000001,16
2136,411738.0,1.5,-0.9,-2.4000000000000004,-0.4,2.0,6.7,5.6,-1.0,-4.7,16
2137,411751.0,1.4000000000000001,-0.5,-2.9000000000000004,-0.6000000000000001,2.4000000000000004,6.2,4.800000000000001,0.0,-11.6,16
2138,411771.0,1.2000000000000002,-0.30000000000000004,-2.9000000000000004,-0.9,2.8000000000000003,6.5,5.0,7.699999999999999,-15.8,16
2139,411789.0,0.8,0.0,-2.4000000000000004,-1.1,3.0,6.7,5.8,9.700000000000001,-16.3,16
2140,411801.0,0.6000000000000001,0.2,-2.1,-1.4000000000000001,3.2,7.1000000000000005,8.700000000000001,14.5,-16.0,16
2141,411819.0,0.4,0.5,-1.5,-1.6,3.5,7.7,14.0,12.0,-13.200000000000003,16
2142,411836.0,0.5,0.7000000000000001,-1.5,-1.6,3.7,7.6000000000000005,15.5,7.8,-10.5,16
2143,411853.0,0.4,0.9,-1.2000000000000002,-1.8,3.9000000000000004,7.800000000000001,10.700000000000001,8.600000000000001,-6.699999999999999,16
2144,411868.0,0.4,0.8,-1.2000000000000002,-1.9000000000000001,3.9000000000000004,8.3,6.8,10.9,-4.4,16
2145,411888.0,0.2,0.9,0.1,-2.0,4.0,9.200000000000001,1.9,13.8,1.7,16
2146,411902.0,0.2,0.9,0.4,-2.1,3.9000000000000004,9.5,-1.5,7.6,5.9,16
2147,411927.0,0.0,0.7000000000000001,0.6000000000000001,-2.3000000000000003,3.7,9.600000000000001,-10.4,-2.6,8.899999999999999,16
2148,411935.0,0.0,0.5,0.6000000000000001,-2.3000000000000003,3.5,9.600000000000001,-15.8,-6.300000000000001,10.700000000000001,16
2149,411955.0,0.2,0.1,0.8,-2.0,3.1,9.9,-22.5,-5.0,11.5,16
2150,411968.0,0.2,0.1,0.8,-2.0,3.2,10.0,-23.3,-0.8,8.5,16
2151,411989.0,-0.6000000000000001,0.8,0.7000000000000001,-2.8000000000000003,3.7,9.8,-23.700000000000003,-3.0,-5.4,16
2152,412005.0,-1.0,0.9,0.5,-3.1,3.8000000000000003,9.600000000000001,-27.700000000000003,1.6,-7.300000000000001,16
2153,412019.0,-1.8,0.8,0.4,-4.0,3.6,9.5,-34.60000000000001,7.1000000000000005,-7.6,16
2154,412034.0,-2.7,-0.2,1.7000000000000002,-4.9,2.5,10.8,-51.800000000000004,14.100000000000001,7.500000000000001,16
2155,412051.0,-1.3,-1.0,2.4000000000000004,-3.6,1.6,11.600000000000001,-44.4,-0.5,23.3,16
2156,412067.0,-0.2,-1.2000000000000002,1.9000000000000001,-2.5,1.2000000000000002,11.200000000000001,-33.800000000000004,-12.600000000000001,24.599999999999998,16
2157,412092.0,1.3,-1.1,-0.8,-0.8,1.2000000000000002,8.4,-13.200000000000003,-18.700000000000003,0.7,16
2158,412109.0,0.6000000000000001,-1.1,-1.1,-1.4000000000000001,1.2000000000000002,8.200000000000001,-19.1,-0.6000000000000001,-10.700000000000001,16
2159,412117.0,-0.6000000000000001,-1.0,-0.30000000000000004,-2.7,1.4000000000000001,9.0,-29.400000000000002,24.400000000000002,-18.200000000000003,16
2160,412134.0,-2.6,-0.4,2.3000000000000003,-4.800000000000001,1.8,11.600000000000001,-37.0,70.10000000000001,-16.0,16
2161,412152.0,-3.2,-0.2,3.8000000000000003,-5.7,1.9000000000000001,13.100000000000001,-27.2,70.10000000000001,3.4,16
2162,412168.0,-2.8000000000000003,-0.1,3.8000000000000003,-5.4,1.9000000000000001,13.0,-19.9,51.300000000000004,14.0,16
2163,412184.0,-1.0,-0.30000000000000004,2.8000000000000003,-3.7,1.7000000000000002,12.0,-3.5,3.0,27.2,16
2164,412201.0,-0.2,-0.30000000000000004,1.6,-2.8000000000000003,1.7000000000000002,10.8,7.0,-17.300000000000004,27.0,16
2165,412217.0,0.7000000000000001,-0.2,-1.0,-1.9000000000000001,1.9000000000000001,8.200000000000001,22.2,-31.2,21.400000000000002,16
2166,412234.0,0.7000000000000001,0.1,-2.7,-1.8,2.3000000000000003,6.5,30.5,-13.8,16.3,16
2167,412251.0,0.30000000000000004,0.4,-3.0,-2.2,2.7,6.2,31.9,12.9,16.700000000000003,16
2168,412268.0,0.30000000000000004,0.4,-3.0,-2.2,2.8000000000000003,6.4,31.9,16.8,17.9,16
2169,412298.0,0.4,0.30000000000000004,-2.3000000000000003,-2.1,2.9000000000000004,6.800000000000001,30.599999999999998,10.5,23.700000000000003,16
2170,412301.0,0.4,0.30000000000000004,-2.3000000000000003,-2.1,2.9000000000000004,6.800000000000001,30.599999999999998,10.5,23.700000000000003,16
2171,412318.0,0.8,0.2,-2.5,-1.7000000000000002,2.8000000000000003,6.6000000000000005,26.200000000000003,-9.8,23.900000000000006,16
2172,412334.0,1.1,0.2,-2.6,-1.4000000000000001,3.0,6.5,17.799999999999997,-22.6,22.1,16
2173,412351.0,1.1,0.1,-2.1,-1.3,2.9000000000000004,7.0,11.900000000000002,-23.5,19.1,16
2174,412371.0,1.1,0.2,-1.1,-1.2000000000000002,3.0,8.0,11.3,-14.5,16.700000000000003,16
2175,412384.0,1.2000000000000002,0.2,-0.6000000000000001,-1.0,3.1,8.5,15.700000000000001,-11.900000000000002,15.000000000000002,16
2176,412401.0,1.5,0.2,-0.5,-0.7000000000000001,3.1,8.6,23.5,-11.900000000000002,11.6,16
2177,412418.0,1.3,0.4,-1.2000000000000002,-0.8,3.4000000000000004,7.800000000000001,33.1,-12.7,-4.4,16
2178,412434.0,0.30000000000000004,1.0,-0.7000000000000001,-1.8,4.1000000000000005,8.4,24.200000000000003,-8.5,-16.700000000000003,16
2179,412452.0,-0.7000000000000001,1.3,0.5,-2.8000000000000003,4.4,9.600000000000001,16.900000000000002,0.5,-18.700000000000003,16
2180,412469.0,-1.0,1.1,1.9000000000000001,-3.2,4.3,11.0,19.200000000000003,8.2,-14.700000000000001,16
2181,412492.0,-0.4,2.0,2.3000000000000003,-2.6,5.2,11.3,32.6,-8.899999999999999,-17.400000000000002,16
2182,412501.0,-0.4,2.0,2.3000000000000003,-2.6,5.2,11.3,32.6,-8.899999999999999,-17.400000000000002,16
2183,412517.0,0.0,2.2,-0.1,-2.1,5.5,8.9,39.50000000000001,-40.1,-25.0,16
2184,412534.0,-1.0,2.1,-0.6000000000000001,-3.1,5.5,8.4,7.8,-27.400000000000002,-28.900000000000002,16
2185,412552.0,-1.9000000000000001,1.3,2.2,-3.9000000000000004,4.7,11.200000000000001,-21.200000000000003,-1.5,-13.100000000000001,16
2186,412576.0,-0.9,0.1,3.6,-2.9000000000000004,3.5,12.600000000000001,-8.4,10.200000000000001,4.4,16
2187,412584.0,-0.9,0.2,3.6,-2.2,3.1,12.200000000000001,3.0,7.699999999999999,6.300000000000001,16
2188,412602.0,0.5,-0.7000000000000001,1.6,-1.6,2.6,10.600000000000001,6.4,-2.5,-3.8,16
2189,412618.0,0.4,-0.7000000000000001,1.0,-1.7000000000000002,2.7,10.0,0.6000000000000001,-6.2,-8.899999999999999,16
2190,412634.0,-0.2,-0.6000000000000001,0.4,-2.3000000000000003,2.8000000000000003,9.4,-8.3,-4.800000000000001,-11.8,16
2191,412651.0,-0.6000000000000001,-0.7000000000000001,-0.6000000000000001,-2.7,2.7,8.4,-13.3,2.3,-4.800000000000001,16
2192,412669.0,-0.8,-0.8,-0.9,-2.9000000000000004,2.5,8.1,-16.3,3.9,-2.7,16
2193,412689.0,-0.8,-1.1,-0.8,-2.9000000000000004,2.1,8.3,-37.800000000000004,7.400000000000001,7.8,16
2194,412702.0,-0.6000000000000001,-1.4000000000000001,-0.4,-2.7,1.7000000000000002,8.700000000000001,-49.800000000000004,5.300000000000001,13.6,16
2195,412717.0,0.0,-2.1,0.4,-2.2,0.9,9.5,-50.1,4.1,15.5,16
2196,412734.0,0.4,-2.2,0.5,-1.8,0.7000000000000001,9.600000000000001,-27.700000000000003,8.0,7.400000000000001,16
2197,412751.0,0.4,-1.8,-0.8,-1.8,1.0,8.4,6.8,17.5,-7.699999999999999,16
2198,412768.0,0.1,-1.5,-1.5,-2.1,1.3,7.7,18.4,23.700000000000003,-14.5,16
2199,412797.0,-0.5,-0.6000000000000001,-2.1,-2.8000000000000003,2.2,6.9,24.8,33.9,-19.700000000000003,16
2200,412801.0,-0.5,-0.6000000000000001,-2.1,-2.8000000000000003,2.2,6.9,24.8,33.9,-19.700000000000003,16
2201,412820.0,-0.6000000000000001,-0.2,-2.0,-3.1,2.7,7.1000000000000005,25.300000000000004,32.1,-14.400000000000002,16
2202,412834.0,-0.4,-0.1,-2.0,-2.9000000000000004,2.9000000000000004,7.0,29.300000000000004,24.1,-7.300000000000001,16
2203,412851.0,-0.1,0.2,-2.2,-2.7,3.3000000000000003,6.7,27.099999999999998,14.700000000000001,-2.3,16
2204,412868.0,0.0,0.2,-2.2,-2.8000000000000003,3.4000000000000004,6.7,23.099999999999998,11.3,0.0,16
2205,412890.0,-0.5,0.8,-1.4000000000000001,-3.2,4.0,7.5,4.9,3.8,12.200000000000001,16
2206,412901.0,-0.5,0.8,-1.4000000000000001,-3.2,4.0,7.5,4.9,3.8,12.200000000000001,16
2207,412919.0,-0.4,0.7000000000000001,-0.6000000000000001,-3.1,4.0,8.3,-1.7,-4.5,26.300000000000004,16
2208,412935.0,0.1,0.5,-0.1,-2.6,3.7,8.700000000000001,-5.500000000000001,-7.9,34.50000000000001,16
2209,412951.0,0.2,0.5,0.5,-2.4000000000000004,3.7,9.3,-10.5,-7.300000000000001,35.699999999999996,16
2210,412970.0,0.30000000000000004,0.5,0.9,-2.2,3.8000000000000003,9.700000000000001,-13.100000000000001,-8.2,36.2,16
2211,412986.0,0.9,1.5,1.3,-1.6,4.7,10.200000000000001,-14.200000000000001,-18.1,34.7,16
2212,413000.0,0.8,1.4000000000000001,0.8,-1.6,4.6000000000000005,9.700000000000001,-13.200000000000003,-23.800000000000004,34.0,16
2213,413017.0,0.2,1.7000000000000002,-0.2,-2.1,5.0,8.8,-24.599999999999998,-18.1,31.7,16
2214,413038.0,-1.8,0.5,1.6,-4.1000000000000005,3.7,10.600000000000001,-67.2,-7.500000000000001,41.50000000000001,16
2215,413050.0,-1.9000000000000001,-0.6000000000000001,5.0,-4.1000000000000005,2.4000000000000004,14.100000000000001,-87.80000000000001,-18.3,61.7,16
2216,413067.0,-1.2000000000000002,-1.0,5.5,-3.3000000000000003,1.8,14.600000000000001,-76.60000000000001,-29.500000000000004,67.4,16
2217,413085.0,0.7000000000000001,-1.7000000000000002,4.3,-1.2000000000000002,1.0,13.5,-37.300000000000004,-34.400000000000006,58.7,16
2218,413101.0,1.3,-1.8,3.3000000000000003,-0.5,0.8,12.600000000000001,-17.300000000000004,-22.700000000000003,46.199999999999996,16
2219,413123.0,0.2,-1.2000000000000002,1.1,-1.6,1.4000000000000001,10.3,20.900000000000002,25.1,1.3,16
2220,413136.0,-1.0,-0.5,0.5,-2.8000000000000003,2.2,9.8,31.7,42.60000000000001,-16.200000000000003,16
2221,413152.0,-2.2,0.30000000000000004,-0.4,-4.2,3.1,8.8,30.799999999999997,44.6,-17.200000000000003,16
2222,413167.0,-2.3000000000000003,0.5,-0.8,-4.3,3.3000000000000003,8.4,24.200000000000003,39.2,-12.0,16
2223,413187.0,-2.1,0.6000000000000001,-0.6000000000000001,-4.3,3.5,8.5,-2.0,31.2,4.4,16
2224,413203.0,-1.5,0.2,0.7000000000000001,-3.8000000000000003,3.0,9.8,-20.1,24.400000000000002,20.5,16
2225,413219.0,-1.1,-0.2,1.1,-3.4000000000000004,2.6,10.200000000000001,-19.6,18.700000000000003,25.6,16
2226,413234.0,-0.1,-0.5,1.0,-2.5,2.3000000000000003,10.100000000000001,-2.5,6.500000000000001,27.9,16
2227,413252.0,0.0,-0.6000000000000001,-0.8,-2.3000000000000003,2.2,8.3,22.9,1.8000000000000003,22.9,16
2228,413268.0,-0.1,-0.4,-1.4000000000000001,-2.4000000000000004,2.5,7.7,30.200000000000003,4.7,21.0,16
2229,413289.0,-0.1,0.0,-2.4000000000000004,-2.4000000000000004,3.0,6.7,36.2,14.5,25.1,16
2230,413303.0,-0.1,0.1,-2.6,-2.3000000000000003,3.3000000000000003,6.4,28.700000000000003,18.5,31.7,16
2231,413317.0,0.2,0.30000000000000004,-2.3000000000000003,-2.2,3.5,6.7,21.300000000000004,13.5,34.50000000000001,16
2232,413334.0,0.5,0.30000000000000004,-1.5,-1.9000000000000001,3.6,7.4,8.8,-6.4,37.2,16
2233,413350.0,1.0,0.2,-0.9,-1.2000000000000002,3.5,8.0,4.800000000000001,-20.5,36.9,16
2234,413369.0,1.0,0.2,-0.9,-0.9,3.6,8.200000000000001,9.2,-21.1,34.1,16
2235,413384.0,1.4000000000000001,0.30000000000000004,-0.8,-0.7000000000000001,3.7,8.200000000000001,26.1,-10.1,25.1,16
2236,413401.0,1.4000000000000001,0.4,-0.9,-0.7000000000000001,3.9000000000000004,8.0,35.3,-3.3000000000000007,20.3,16
2237,413418.0,1.2000000000000002,0.6000000000000001,-1.4000000000000001,-0.9,4.2,7.5,44.300000000000004,4.7,10.5,16
2238,413435.0,0.4,1.0,-1.6,-1.6,4.800000000000001,7.300000000000001,33.50000000000001,-0.5,3.4,16
2239,413452.0,-0.2,0.9,-0.7000000000000001,-2.2,4.7,8.1,15.6,-10.0,2.4000000000000004,16
2240,413472.0,-0.6000000000000001,0.7000000000000001,0.8,-2.7,4.6000000000000005,9.600000000000001,8.8,-8.5,-0.9000000000000001,16
2241,413488.0,-0.7000000000000001,0.9,1.3,-2.7,4.800000000000001,10.100000000000001,12.0,-6.2,-3.3000000000000007,16
2242,413500.0,-0.6000000000000001,1.6,1.6,-2.6,5.5,10.4,18.4,-7.200000000000001,-6.2,16
2243,413517.0,0.1,2.5,0.0,-1.9000000000000001,6.5,8.700000000000001,29.900000000000006,-13.8,-7.500000000000001,16
2244,413537.0,-0.30000000000000004,2.2,-1.1,-2.2,6.2,7.6000000000000005,-2.0,1.2000000000000002,-9.3,16
2245,413551.0,-2.1,0.6000000000000001,2.5,-4.1000000000000005,4.6000000000000005,11.200000000000001,-55.8,17.400000000000002,-7.6,16
2246,413567.0,-2.5,0.2,4.4,-4.5,4.1000000000000005,13.200000000000001,-62.6,17.200000000000003,-6.0,16
2247,413593.0,0.30000000000000004,-1.2000000000000002,3.6,-1.7000000000000002,2.4000000000000004,12.5,-8.600000000000001,-17.0,10.8,16
2248,413601.0,0.30000000000000004,-1.2000000000000002,3.6,-1.7000000000000002,2.4000000000000004,12.5,-8.600000000000001,-17.0,10.8,16
2249,413618.0,1.7000000000000002,-1.3,0.6000000000000001,-0.30000000000000004,2.4000000000000004,9.4,13.700000000000001,-6.4,2.7,16
2250,413636.0,0.9,-1.0,-0.9,-1.0,2.7,8.0,14.800000000000002,19.200000000000003,-13.700000000000001,16
2251,413651.0,-0.4,-0.9,-0.8,-2.4000000000000004,2.8000000000000003,8.1,0.8,27.2,-16.5,16
2252,413667.0,-0.8,-1.0,-0.9,-2.9000000000000004,2.7,7.9,-4.9,21.7,-14.200000000000001,16
2253,413687.0,-0.9,-1.2000000000000002,-1.2000000000000002,-3.1,2.5,7.7,-17.5,12.100000000000001,-5.1000000000000005,16
2254,413703.0,-0.5,-1.5,-1.1,-2.7,2.1,7.800000000000001,-26.6,6.500000000000001,1.8000000000000003,16
2255,413717.0,-0.30000000000000004,-1.6,-0.9,-2.5,2.0,8.0,-28.600000000000005,5.2,2.6,16
2256,413734.0,0.1,-1.7000000000000002,-0.4,-2.1,1.8,8.5,-23.6,9.100000000000001,2.5,16
2257,413752.0,0.5,-1.5,-0.8,-1.8,1.9000000000000001,8.1,-4.5,12.0,-4.0,16
2258,413772.0,0.5,-0.9,-1.8,-1.8,2.5,7.1000000000000005,11.2,14.900000000000002,-11.4,16
2259,413787.0,0.4,-0.7000000000000001,-2.1,-1.9000000000000001,2.8000000000000003,6.800000000000001,14.300000000000002,14.400000000000002,-13.6,16
2260,413801.0,0.30000000000000004,-0.30000000000000004,-2.4000000000000004,-2.1,3.2,6.5,14.600000000000001,12.100000000000001,-15.2,16
2261,413818.0,0.1,0.30000000000000004,-2.7,-2.3000000000000003,3.8000000000000003,6.1000000000000005,9.600000000000001,6.699999999999999,-11.6,16
2262,413834.0,0.2,0.7000000000000001,-2.5,-2.2,4.1000000000000005,6.4,0.7,6.1000000000000005,-3.3000000000000007,16
2263,413851.0,0.5,0.8,-1.6,-2.0,4.3,7.2,-5.1000000000000005,7.200000000000001,4.9,16
2264,413867.0,0.6000000000000001,0.8,-1.2000000000000002,-1.9000000000000001,4.2,7.6000000000000005,-5.7,4.4,7.6,16
2265,413890.0,0.7000000000000001,0.8,-1.0,-1.8,4.3,8.1,-6.2,-2.9,10.299999999999999,16
2266,413901.0,0.9,0.9,-0.5,-1.6,4.4,8.4,-6.500000000000001,-5.2,11.700000000000001,16
2267,413917.0,1.2000000000000002,1.0,-0.2,-1.3,4.4,8.6,-4.7,-6.9,12.600000000000001,16
2268,413938.0,1.3,1.0,-0.2,-1.1,4.5,8.6,-2.2,-4.9,10.600000000000001,16
2269,413951.0,1.0,1.0,-0.2,-1.4000000000000001,4.5,8.6,-5.7,-4.0,6.1000000000000005,16
2270,413968.0,0.8,1.0,-0.2,-1.5,4.5,8.700000000000001,-9.5,-7.200000000000001,3.9,16
2271,413996.0,0.6000000000000001,0.4,0.2,-1.7000000000000002,3.8000000000000003,9.1,-20.7,-19.5,-3.6000000000000005,16
2272,414000.0,0.6000000000000001,0.4,0.2,-1.7000000000000002,3.8000000000000003,9.1,-20.7,-19.5,-3.6000000000000005,16
2273,414017.0,1.3,1.2000000000000002,0.30000000000000004,-0.9,4.6000000000000005,9.3,-15.299999999999999,-23.700000000000003,-15.700000000000001,16
2274,414035.0,0.7000000000000001,1.2000000000000002,-1.0,-1.4000000000000001,4.5,8.0,-8.5,-8.8,-24.3,16
2275,414052.0,-1.5,0.5,-0.2,-3.6,3.8000000000000003,8.8,-25.1,31.3,-25.0,16
2276,414078.0,-3.5,-0.9,2.9000000000000004,-5.800000000000001,2.3000000000000003,11.9,-56.7,57.699999999999996,-9.5,16
2277,414084.0,-3.6,-1.5,4.2,-6.0,1.6,13.200000000000001,-61.8,47.80000000000001,-0.2,16
2278,414104.0,-1.6,-2.4000000000000004,4.3,-4.2,0.5,13.4,-47.0,3.0,11.6,16
2279,414143.0,-0.5,-2.5,3.2,-3.1,0.30000000000000004,12.3,-32.400000000000006,-14.5,7.9,16
2280,414146.0,-0.6000000000000001,-1.8,0.1,-3.0,1.0,9.200000000000001,-12.4,-8.0,-25.200000000000003,16
2281,414152.0,-1.7000000000000002,-1.1,0.4,-4.1000000000000005,1.6,9.5,-18.700000000000003,10.9,-30.3,16
2282,414168.0,-1.7000000000000002,-1.1,0.4,-4.9,2.0,10.4,-24.599999999999998,30.799999999999997,-28.1,16
2283,414187.0,-2.6,-0.4,2.4000000000000004,-5.2,2.2,11.5,-20.1,40.9,-13.700000000000001,16
2284,414201.0,-2.3000000000000003,-0.2,2.4000000000000004,-5.0,2.3000000000000003,11.5,-17.400000000000002,30.000000000000004,-7.500000000000001,16
2285,414218.0,-1.5,0.1,1.3,-4.3,2.6,10.4,-13.8,-4.1,0.0,16
2286,414234.0,-0.6000000000000001,0.4,0.0,-3.3000000000000003,2.9000000000000004,9.1,-12.8,-23.099999999999998,5.500000000000001,16
2287,414251.0,-0.2,0.6000000000000001,-1.0,-2.8000000000000003,3.0,8.1,-5.8,-19.700000000000003,9.700000000000001,16
2288,414268.0,0.0,0.6000000000000001,-1.4000000000000001,-2.6,3.0,7.800000000000001,-2.0,-12.8,12.100000000000001,16
2289,414285.0,0.30000000000000004,0.5,-1.7000000000000002,-2.3000000000000003,2.9000000000000004,7.4,2.1,0.9000000000000001,14.100000000000001,16
2290,414305.0,0.30000000000000004,0.4,-1.6,-2.3000000000000003,2.8000000000000003,7.5,4.300000000000001,2.8,11.5,16
2291,414317.0,0.30000000000000004,0.4,-1.5,-2.3000000000000003,2.9000000000000004,7.6000000000000005,6.2,2.1,9.899999999999999,16
2292,414337.0,0.1,0.5,-1.6,-2.4000000000000004,3.0,7.5,10.200000000000001,-0.8,8.100000000000001,16
2293,414358.0,0.1,0.6000000000000001,-1.6,-2.4000000000000004,3.1,7.5,10.1,-1.1,7.8,16
2294,414369.0,0.1,0.6000000000000001,-1.6,-2.4000000000000004,3.1,7.5,10.1,-1.1,7.8,16
2295,414388.0,0.1,0.5,-0.9,-2.4000000000000004,3.1,8.200000000000001,11.000000000000002,0.30000000000000004,5.4,16
2296,414402.0,0.1,0.5,-0.7000000000000001,-2.5,3.1,8.4,12.0,-1.9,4.2,16
2297,414417.0,0.0,0.7000000000000001,-0.4,-2.5,3.3000000000000003,8.700000000000001,15.5,-4.6,2.2,16
2298,414434.0,0.0,0.7000000000000001,-0.30000000000000004,-2.6,3.3000000000000003,8.8,16.6,-4.0,1.2000000000000002,16
2299,414451.0,-0.6000000000000001,0.6000000000000001,0.30000000000000004,-3.1,3.4000000000000004,9.4,10.9,-0.2,-0.30000000000000004,16
2300,414468.0,-0.6000000000000001,0.6000000000000001,0.6000000000000001,-3.1,3.4000000000000004,9.700000000000001,9.700000000000001,0.30000000000000004,0.0,16
2301,414498.0,-0.8,0.7000000000000001,1.4000000000000001,-3.3000000000000003,3.5,10.4,5.7,1.9,-2.4000000000000004,16
2302,414501.0,-0.7000000000000001,1.2000000000000002,2.0,-3.3000000000000003,4.0,11.0,4.4,0.7,-3.7000000000000006,16
2303,414523.0,0.1,1.7000000000000002,0.30000000000000004,-2.4000000000000004,4.6000000000000005,9.3,5.9,-22.3,-3.7000000000000006,16
2304,414534.0,-0.2,1.5,-0.1,-2.6,4.4,9.0,-5.1000000000000005,-16.700000000000003,-5.4,16
2305,414551.0,-1.8,0.30000000000000004,2.6,-4.2,3.1,11.700000000000001,-45.7,5.1000000000000005,-3.5,16
2306,414571.0,-1.5,-0.8,5.9,-4.0,1.9000000000000001,15.0,-48.6,11.5,10.4,16
2307,414585.0,-0.6000000000000001,-1.2000000000000002,6.0,-3.1,1.3,15.100000000000001,-26.1,1.6,15.2,16
2308,414601.0,0.7000000000000001,-1.3,4.3,-1.2000000000000002,1.4000000000000001,11.600000000000001,29.200000000000003,-16.200000000000003,3.3000000000000007,16
2309,414617.0,1.5,-1.0,0.6000000000000001,-0.9,1.6,9.700000000000001,41.7,-11.8,-5.300000000000001,16
2310,414634.0,0.6000000000000001,-0.5,-1.3,-1.8,2.2,7.800000000000001,32.1,11.6,-18.6,16
2311,414651.0,-0.7000000000000001,-0.2,-0.2,-3.2,2.6,8.9,7.500000000000001,29.700000000000006,-13.000000000000002,16
2312,414673.0,-0.9,-0.6000000000000001,0.6000000000000001,-3.5,2.1,9.600000000000001,-3.3000000000000007,23.900000000000006,3.5,16
2313,414690.0,-0.6000000000000001,-0.8,0.7000000000000001,-3.3000000000000003,2.0,9.700000000000001,-5.6,14.600000000000001,10.4,16
2314,414701.0,-0.6000000000000001,-0.8,0.7000000000000001,-2.8000000000000003,1.7000000000000002,9.4,-6.600000000000001,4.800000000000001,15.2,16
2315,414718.0,0.9,-1.4000000000000001,-0.2,-1.7000000000000002,1.4000000000000001,8.8,-6.4,-9.899999999999999,16.1,16
2316,414734.0,1.3,-1.4000000000000001,-0.8,-1.3,1.3,8.3,0.5,-10.600000000000001,8.899999999999999,16
2317,414753.0,1.3,-1.4000000000000001,-1.3,-1.3,1.4000000000000001,7.800000000000001,12.4,3.6000000000000005,0.8,16
2318,414773.0,0.9,-1.1,-1.5,-1.7000000000000002,1.7000000000000002,7.5,22.9,18.1,-5.500000000000001,16
2319,414785.0,0.8,-0.9,-1.7000000000000002,-1.8,1.9000000000000001,7.300000000000001,26.6,21.400000000000002,-7.300000000000001,16
2320,414807.0,0.5,-0.6000000000000001,-2.1,-2.2,2.3000000000000003,6.800000000000001,26.400000000000006,19.1,-8.4,16
2321,414818.0,0.30000000000000004,-0.4,-2.2,-2.4000000000000004,2.5,6.7,22.3,14.300000000000002,-7.9,16
2322,414834.0,0.2,-0.2,-2.1,-2.6,2.8000000000000003,6.9,12.7,4.4,-4.9,16
2323,414854.0,0.1,0.0,-1.8,-2.7,3.1,7.1000000000000005,6.4,1.6,-0.30000000000000004,16
2324,414869.0,0.2,0.1,-1.5,-2.5,3.2,7.4,3.5,3.6000000000000005,5.500000000000001,16
2325,414886.0,0.4,0.2,-1.3,-2.4000000000000004,3.3000000000000003,7.6000000000000005,2.8,4.0,6.699999999999999,16
2326,414901.0,0.5,0.30000000000000004,-1.1,-2.3000000000000003,3.4000000000000004,7.800000000000001,0.1,2.9,9.899999999999999,16
2327,414918.0,0.9,0.5,-0.9,-1.9000000000000001,3.5,8.0,-3.2,-4.9,13.5,16
2328,414935.0,1.4000000000000001,0.5,-1.1,-1.4000000000000001,3.6,7.800000000000001,-6.500000000000001,-8.5,13.399999999999999,16
2329,414952.0,1.2000000000000002,0.7000000000000001,-0.7000000000000001,-1.5,3.7,8.200000000000001,-14.600000000000001,-3.6000000000000005,9.5,16
2330,414987.0,0.8,0.7000000000000001,0.8,-1.9000000000000001,3.7,9.700000000000001,-30.599999999999998,1.6,3.7000000000000006,16
2331,415002.0,0.4,0.8,1.5,-2.3000000000000003,3.7,10.5,-36.300000000000004,-4.4,-2.2,16
2332,415024.0,0.1,1.2000000000000002,1.0,-2.5,4.0,10.100000000000001,-35.4,-14.900000000000002,-8.899999999999999,16
2333,415034.0,-0.1,1.3,0.7000000000000001,-2.7,4.0,9.8,-37.9,-13.399999999999999,-10.600000000000001,16
2334,415058.0,-1.0,1.0,1.7000000000000002,-3.6,3.6,10.8,-53.8,4.1,-13.5,16
2335,415068.0,-0.9,1.1,1.7000000000000002,-4.0,3.0,11.8,-61.50000000000001,14.0,-12.100000000000001,16
2336,415084.0,-1.7000000000000002,0.2,4.1000000000000005,-4.4,2.0,14.4,-53.10000000000001,22.000000000000004,-9.899999999999999,16
2337,415101.0,-1.5,-0.5,5.7,-4.2,1.7000000000000002,14.9,-34.0,15.100000000000001,-10.1,16
2338,415118.0,-0.8,-0.7000000000000001,3.4000000000000004,-3.6,1.4000000000000001,12.600000000000001,17.300000000000004,-7.8,-15.6,16
2339,415134.0,-1.2000000000000002,-0.5,0.30000000000000004,-4.0,1.7000000000000002,9.5,44.00000000000001,-13.100000000000001,-22.6,16
2340,415151.0,-2.0,0.2,-1.8,-4.800000000000001,2.5,7.4,37.800000000000004,0.8,-16.700000000000003,16
2341,415173.0,-2.3000000000000003,0.4,-1.9000000000000001,-5.1000000000000005,2.8000000000000003,7.2,24.1,11.6,-5.4,16
2342,415186.0,-2.2,-0.1,-0.5,-5.0,2.3000000000000003,8.6,-7.200000000000001,18.900000000000002,23.2,16
2343,415202.0,-1.6,-0.5,0.30000000000000004,-3.8000000000000003,1.4000000000000001,9.8,-17.9,10.0,34.1,16
2344,415218.0,-0.4,-1.4000000000000001,1.0,-3.2,1.0,10.100000000000001,-25.300000000000004,-15.100000000000001,41.199999999999996,16
2345,415234.0,0.30000000000000004,-1.8,0.8,-2.4000000000000004,0.5,10.0,-13.399999999999999,-28.1,33.2,16
2346,415251.0,0.2,-1.6,-0.30000000000000004,-2.3000000000000003,0.7000000000000001,8.9,7.699999999999999,-19.1,21.200000000000003,16
2347,415268.0,0.1,-1.5,-0.9,-2.4000000000000004,0.9,8.3,16.900000000000002,-9.899999999999999,16.5,16
2348,415284.0,-0.6000000000000001,-0.9,-1.9000000000000001,-3.1,1.5,7.2,27.0,2.9,11.4,16
2349,415301.0,-0.9,-0.4,-2.5,-3.4000000000000004,2.2,6.6000000000000005,23.5,4.0,13.000000000000002,16
2350,415317.0,-0.9,-0.2,-2.7,-3.4000000000000004,2.4000000000000004,6.4,18.6,-0.7,14.700000000000001,16
2351,415334.0,-0.6000000000000001,0.0,-2.7,-3.1,2.6,6.5,7.0,-13.000000000000002,18.5,16
2352,415351.0,-0.30000000000000004,0.1,-2.3000000000000003,-2.7,2.8000000000000003,6.9,1.6,-17.200000000000003,19.300000000000004,16
2353,415369.0,-0.30000000000000004,0.2,-2.1,-2.7,2.9000000000000004,7.1000000000000005,1.6,-16.6,18.900000000000002,16
2354,415388.0,-0.5,0.6000000000000001,-1.5,-2.8000000000000003,3.3000000000000003,7.6000000000000005,6.4,-8.899999999999999,18.8,16
2355,415412.0,-0.9,1.2000000000000002,-1.0,-3.2,4.0,8.200000000000001,16.3,-1.1,25.900000000000002,16
2356,415417.0,-0.9,1.2000000000000002,-1.0,-3.2,4.0,8.200000000000001,16.3,-1.1,25.900000000000002,16
2357,415438.0,-1.0,1.4000000000000001,-0.5,-3.3000000000000003,4.3,8.6,13.900000000000002,-12.5,34.2,16
2358,415460.0,-1.1,1.8,0.30000000000000004,-3.3000000000000003,4.7,9.4,11.4,-26.200000000000003,42.5,16
2359,415485.0,-0.6000000000000001,1.8,1.3,-2.5,4.800000000000001,10.4,18.200000000000003,-28.0,48.9,16
2360,415501.0,-0.9,1.8,1.3,-2.7,4.9,10.4,28.500000000000004,-16.0,43.300000000000004,16
2361,415522.0,-1.1,2.0,1.4000000000000001,-2.8000000000000003,5.6000000000000005,10.4,32.300000000000004,-9.0,41.7,16
2362,415535.0,-0.9,2.6,1.1,-2.7,6.0,10.100000000000001,35.5,-10.1,40.4,16
2363,415551.0,-0.30000000000000004,2.7,-0.30000000000000004,-2.0,6.2,8.700000000000001,24.900000000000002,-25.200000000000003,43.00000000000001,16
2364,415574.0,-0.8,1.4000000000000001,-0.1,-2.4000000000000004,5.0,9.0,-11.5,-13.3,44.9,16
2365,415585.0,-1.4000000000000001,0.4,1.3,-2.9000000000000004,4.0,10.3,-33.2,1.8000000000000003,49.300000000000004,16
2366,415605.0,-1.5,-1.6,4.6000000000000005,-2.9000000000000004,1.8,13.700000000000001,-44.9,28.500000000000004,57.400000000000006,16
2367,415620.0,-1.5,-1.6,4.6000000000000005,-2.6,1.0,14.700000000000001,-31.0,29.600000000000005,56.9,16
2368,415635.0,-0.2,-2.4000000000000004,4.0,-1.6,0.9,13.100000000000001,18.900000000000002,6.0,43.1,16
2369,415651.0,0.0,-1.7000000000000002,-0.2,-1.4000000000000001,1.8,8.9,42.0,-4.7,30.000000000000004,16
2370,415670.0,-0.2,-1.1,-2.4000000000000004,-1.6,2.5,6.6000000000000005,22.6,8.700000000000001,27.800000000000004,16
2371,415684.0,-0.4,-1.1,-2.3000000000000003,-1.8,2.6,6.7,3.2,18.4,30.699999999999996,16
2372,415702.0,-0.8,-1.1,-1.3,-2.1,2.6,7.7,-11.900000000000002,23.900000000000006,33.300000000000004,16
2373,415719.0,-1.3,-1.1,0.0,-2.7,2.5,9.0,-19.200000000000003,23.099999999999998,39.9,16
2374,415736.0,-0.1,-1.1,-0.7000000000000001,-1.5,2.5,8.3,-19.200000000000003,13.700000000000001,54.800000000000004,16
2375,415755.0,1.7000000000000002,-1.3,-0.9,0.30000000000000004,2.3000000000000003,8.1,-33.6,9.8,55.0,16
2376,415776.0,2.9000000000000004,-1.9000000000000001,0.0,1.5,1.5,9.1,-36.2,9.600000000000001,40.5,16
2377,415786.0,3.2,-1.9000000000000001,0.4,1.9000000000000001,1.5,9.5,-28.3,13.5,25.200000000000003,16
2378,415803.0,3.1,-1.6,0.7000000000000001,1.2000000000000002,1.9000000000000001,9.9,-5.8,29.300000000000004,0.6000000000000001,16
2379,415819.0,1.8,-0.9,0.30000000000000004,0.4,2.4000000000000004,9.5,21.400000000000002,38.900000000000006,-17.6,16
2380,415835.0,1.1,-0.1,-1.3,-0.5,3.2,7.7,35.5,40.300000000000004,-24.900000000000002,16
2381,415854.0,0.8,0.4,-2.0,-1.0,3.9000000000000004,7.0,31.2,34.400000000000006,-22.700000000000003,16
2382,415873.0,0.9,0.30000000000000004,-2.1,-1.0,3.8000000000000003,6.9,19.200000000000003,25.7,-13.900000000000002,16
2383,415884.0,1.1,0.2,-1.8,-0.8,3.8000000000000003,7.1000000000000005,13.900000000000002,21.200000000000003,-10.4,16
2384,415902.0,1.0,0.0,-1.5,-0.9,3.6,7.4,10.4,17.400000000000002,-8.3,16
2385,415917.0,1.3,-0.1,-1.1,-0.7000000000000001,3.5,7.800000000000001,10.8,7.6,-5.7,16
2386,415935.0,1.5,0.0,-1.3,-0.6000000000000001,3.7,7.5,14.900000000000002,3.1,-6.0,16
2387,415951.0,1.6,0.30000000000000004,-1.3,-0.4,4.0,7.5,13.8,4.5,-5.9,16
2388,415979.0,1.5,0.6000000000000001,-1.1,-0.6000000000000001,4.3,7.7,8.8,3.8,-5.9,16
2389,415989.0,1.4000000000000001,0.7000000000000001,-0.9,-0.7000000000000001,4.5,8.0,4.9,1.1,-5.1000000000000005,16
2390,416002.0,1.3,0.8,-0.5,-0.8,4.6000000000000005,8.3,-4.6,-5.8,-4.300000000000001,16
2391,416017.0,1.1,0.7000000000000001,-0.1,-1.0,4.4,8.700000000000001,-10.200000000000001,-7.8,-4.300000000000001,16
2392,416034.0,1.0,0.6000000000000001,0.2,-1.1,4.3,9.1,-14.900000000000002,-9.0,-4.7,16
2393,416051.0,0.5,0.2,1.4000000000000001,-1.5,3.9000000000000004,10.3,-17.1,4.5,-10.5,16
2394,416067.0,0.5,0.4,1.9000000000000001,-1.6,4.0,10.8,-14.900000000000002,12.4,-14.700000000000001,16
2395,416084.0,0.4,1.1,2.3000000000000003,-2.2,4.9,10.600000000000001,-9.2,14.400000000000002,-19.799999999999997,16
2396,416104.0,-0.9,1.8,0.5,-3.0,5.4,9.3,-7.699999999999999,14.700000000000001,-27.800000000000004,16
2397,416124.0,-1.9000000000000001,1.5,0.9,-4.800000000000001,4.3,11.100000000000001,-43.300000000000004,31.7,-18.8,16
2398,416137.0,-2.9000000000000004,-0.1,4.2,-5.2,3.3000000000000003,13.100000000000001,-53.8,30.3,-12.100000000000001,16
2399,416155.0,-1.6,-1.1,5.800000000000001,-4.0,2.1,14.700000000000001,-33.2,0.0,-5.7,16
2400,416168.0,-0.6000000000000001,-1.3,4.800000000000001,-3.0,1.9000000000000001,13.8,-8.600000000000001,-16.1,-10.299999999999999,16
2401,416184.0,0.2,-1.3,1.5,-2.1,1.8,10.4,30.000000000000004,-18.200000000000003,-30.9,16
2402,416202.0,-1.0,-0.8,-0.9,-3.3000000000000003,2.5,8.1,42.1,11.1,-46.9,16
2403,416217.0,-2.0,-0.6000000000000001,-1.3,-4.4,2.7,7.6000000000000005,40.2,26.9,-47.80000000000001,16
2404,416236.0,-3.6,-0.1,-1.4000000000000001,-6.1000000000000005,3.3000000000000003,7.5,28.800000000000004,45.7,-36.7,16
2405,416253.0,-4.0,0.0,-0.9,-6.7,3.4000000000000004,7.9,12.0,37.400000000000006,-6.9,16
2406,416268.0,-3.5,-0.2,-0.7000000000000001,-6.300000000000001,3.2,8.0,8.5,30.5,1.1,16
2407,416288.0,-1.4000000000000001,-0.8,-1.2000000000000002,-4.2,2.7,7.5,-1.2000000000000002,-4.5,24.900000000000002,16
2408,416301.0,-0.4,-1.0,-1.7000000000000002,-3.2,2.5,7.0,-3.9,-19.1,29.1,16
2409,416318.0,0.7000000000000001,-0.9,-2.6,-2.0,2.6,6.2,-1.4,-29.800000000000004,27.3,16
2410,416337.0,1.1,-0.7000000000000001,-3.4000000000000004,-1.5,2.8000000000000003,5.4,4.0,-15.899999999999999,23.700000000000003,16
2411,416352.0,1.0,-0.5,-3.3000000000000003,-1.5,3.1,5.4,3.0,5.2,20.900000000000002,16
2412,416368.0,0.9,-0.4,-2.9000000000000004,-1.6,3.2,5.800000000000001,0.4,11.4,20.599999999999998,16
2413,416390.0,0.8,0.0,-1.6,-1.7000000000000002,3.6,7.1000000000000005,-4.7,7.400000000000001,19.1,16
2414,416401.0,0.8,0.0,-1.6,-1.7000000000000002,3.6,7.1000000000000005,-4.7,7.400000000000001,19.1,16
2415,416420.0,0.9,0.2,-1.1,-1.6,3.8000000000000003,7.7,-7.300000000000001,-1.2000000000000002,16.8,16
2416,416436.0,1.0,0.30000000000000004,-0.30000000000000004,-1.6,3.9000000000000004,8.5,-9.700000000000001,-2.9,13.200000000000003,16
2417,416453.0,1.0,0.5,0.9,-1.5,4.1000000000000005,9.600000000000001,-7.1000000000000005,-2.0,8.899999999999999,16
2418,416472.0,1.3,0.8,1.5,-1.2000000000000002,4.4,10.3,3.6000000000000005,-7.6,1.6,16
2419,416492.0,1.1,0.7000000000000001,1.1,-1.4000000000000001,4.3,9.9,14.100000000000001,-7.0,-11.5,16
2420,416502.0,1.1,0.7000000000000001,1.1,-1.4000000000000001,4.3,9.9,14.100000000000001,-7.0,-11.5,16
2421,416518.0,0.0,1.0,1.3,-2.5,4.6000000000000005,10.100000000000001,15.100000000000001,4.2,-27.2,16
2422,416534.0,-1.0,1.2000000000000002,1.9000000000000001,-3.5,4.9,10.600000000000001,17.7,14.600000000000001,-33.300000000000004,16
2423,416553.0,-1.0,2.0,2.2,-3.6,5.7,10.9,21.200000000000003,6.2,-34.800000000000004,16
2424,416567.0,-0.8,2.4000000000000004,1.7000000000000002,-3.4000000000000004,6.1000000000000005,10.4,23.0,-11.2,-33.6,16
2425,416588.0,-0.1,2.5,0.5,-2.2,6.4,8.4,8.3,-35.9,-29.1,16
2426,416610.0,-1.4000000000000001,1.0,3.0,-3.9000000000000004,4.6000000000000005,11.700000000000001,-43.70000000000001,-3.8,-24.3,16
2427,416618.0,-1.4000000000000001,1.0,3.0,-3.9000000000000004,4.6000000000000005,11.700000000000001,-43.70000000000001,-3.8,-24.3,16
2428,416635.0,-1.3,-0.30000000000000004,5.9,-3.9000000000000004,3.2,14.700000000000001,-22.5,13.000000000000002,-15.100000000000001,16
2429,416653.0,-0.1,-0.8,4.3,-2.7,2.7,13.100000000000001,35.699999999999996,1.8000000000000003,-22.3,16
2430,416669.0,0.1,-0.8,2.1,-2.6,2.8000000000000003,10.9,46.199999999999996,0.8,-26.200000000000003,16
2431,416692.0,-0.9,0.1,-1.3,-3.6,3.8000000000000003,7.300000000000001,38.7,17.7,-30.9,16
2432,416702.0,-0.9,0.1,-1.3,-3.6,3.8000000000000003,7.300000000000001,38.7,17.7,-30.9,16
2433,416718.0,-1.3,-0.1,-0.8,-4.1000000000000005,3.7,7.800000000000001,16.700000000000003,21.300000000000004,-18.0,16
2434,416734.0,-0.7000000000000001,-0.9,-0.2,-3.6,2.9000000000000004,8.4,-3.5,9.899999999999999,0.2,16
2435,416751.0,0.2,-1.4000000000000001,-0.1,-2.7,2.4000000000000004,8.5,-12.8,-6.600000000000001,9.0,16
2436,416768.0,0.6000000000000001,-1.6,-0.2,-2.3000000000000003,2.2,8.4,-13.200000000000003,-11.700000000000001,10.5,16
2437,416791.0,1.4000000000000001,-1.8,-1.2000000000000002,-1.4000000000000001,1.9000000000000001,7.4,0.2,-14.600000000000001,6.500000000000001,16
2438,416801.0,1.5,-1.6,-1.5,-1.3,2.1,7.2,6.1000000000000005,-11.1,2.8,16
2439,416818.0,1.4000000000000001,-1.6,-1.9000000000000001,-1.4000000000000001,2.1,6.800000000000001,11.6,-5.0,-0.8,16
2440,416834.0,1.1,-1.4000000000000001,-2.2,-1.6,2.4000000000000004,6.4,18.200000000000003,5.500000000000001,-4.2,16
2441,416853.0,0.8,-1.0,-2.3000000000000003,-2.0,2.8000000000000003,6.300000000000001,18.6,4.5,-5.300000000000001,16
2442,416868.0,0.8,-0.9,-2.3000000000000003,-2.0,3.0,6.300000000000001,17.0,0.2,-4.5,16
2443,416886.0,1.2000000000000002,-0.8,-2.1,-1.6,3.1,6.5,12.5,-10.0,-4.0,16
2444,416914.0,1.1,-0.2,-1.8,-1.6,3.8000000000000003,6.7,15.399999999999999,-8.5,-8.700000000000001,16
2445,416919.0,1.1,-0.2,-1.8,-1.6,3.8000000000000003,6.7,15.399999999999999,-8.5,-8.700000000000001,16
2446,416934.0,0.7000000000000001,0.1,-2.0,-2.0,4.1000000000000005,6.5,16.900000000000002,-0.8,-6.0,16
2447,416956.0,0.7000000000000001,0.1,-2.0,-2.2,4.3,7.0,13.900000000000002,1.7,-3.2,16
2448,416968.0,0.6000000000000001,0.30000000000000004,-1.5,-2.0,4.4,7.5,2.7,-4.5,3.5,16
2449,416992.0,1.4000000000000001,0.4,-0.4,-1.2000000000000002,4.4,8.1,-6.9,-28.1,2.8,16
2450,417000.0,1.4000000000000001,0.4,-0.4,-1.2000000000000002,4.4,8.1,-6.9,-28.1,2.8,16
2451,417017.0,1.4000000000000001,0.6000000000000001,-0.2,-1.2000000000000002,4.6000000000000005,8.4,-9.100000000000001,-19.300000000000004,-3.9,16
2452,417034.0,0.6000000000000001,0.7000000000000001,0.5,-2.0,4.7,9.1,-8.8,3.1,-9.100000000000001,16
2453,417052.0,0.0,0.6000000000000001,1.1,-2.5,4.6000000000000005,9.700000000000001,-13.6,11.2,-11.6,16
2454,417071.0,-0.1,0.8,1.7000000000000002,-2.7,4.7,10.3,-21.7,1.1,-16.4,16
2455,417087.0,0.1,1.7000000000000002,1.7000000000000002,-2.5,5.6000000000000005,10.3,-23.3,-10.1,-19.1,16
2456,417101.0,-0.1,1.7000000000000002,0.9,-2.7,5.5,9.5,-24.3,-16.6,-21.0,16
2457,417117.0,-1.3,1.5,0.6000000000000001,-3.9000000000000004,5.2,9.3,-40.6,16.0,-21.1,16
2458,417135.0,-2.7,0.1,2.7,-5.4,3.7,11.4,-62.50000000000001,35.0,-11.6,16
2459,417152.0,-2.5,-0.7000000000000001,4.9,-5.300000000000001,2.6,13.600000000000001,-61.8,12.7,-0.2,16
2460,417171.0,-0.6000000000000001,-1.1,3.9000000000000004,-3.4000000000000004,2.1,12.700000000000001,-36.2,-19.9,1.2000000000000002,16
2461,417187.0,-0.6000000000000001,-1.0,3.8000000000000003,-2.5,2.0,11.4,-16.3,-31.7,-3.4,16
2462,417203.0,0.7000000000000001,-1.1,1.1,-2.1,2.0,10.0,1.5,-32.9,-12.9,16
2463,417219.0,-0.4,-0.7000000000000001,-1.2000000000000002,-3.1,2.4000000000000004,7.7,21.7,1.4,-34.0,16
2464,417237.0,-2.5,0.1,-0.5,-5.300000000000001,3.2,8.3,16.6,51.50000000000001,-35.1,16
2465,417252.0,-3.0,-0.1,0.30000000000000004,-6.0,3.1,9.1,7.200000000000001,58.2,-14.0,16
2466,417268.0,-2.7,-0.1,0.5,-5.800000000000001,3.1,9.200000000000001,0.2,42.1,-2.0,16
2467,417286.0,-1.2000000000000002,-0.1,0.0,-4.4,3.1,8.700000000000001,-13.100000000000001,-7.200000000000001,18.5,16
2468,417303.0,0.5,-0.4,-0.9,-2.6,2.7,7.9,-19.5,-31.3,29.0,16
2469,417318.0,1.1,-0.5,-1.2000000000000002,-1.9000000000000001,2.6,7.6000000000000005,-18.0,-30.599999999999998,30.000000000000004,16
2470,417336.0,1.7000000000000002,-0.7000000000000001,-1.4000000000000001,-1.2000000000000002,2.4000000000000004,7.4,-10.0,-12.299999999999999,25.300000000000004,16
2471,417352.0,1.1,-0.4,-1.2000000000000002,-1.8,2.7,7.7,1.8000000000000003,6.0,16.3,16
2472,417368.0,0.8,-0.30000000000000004,-1.3,-2.1,2.8000000000000003,7.6000000000000005,8.2,8.5,14.700000000000001,16
2473,417392.0,0.8,0.1,-2.1,-2.1,3.3000000000000003,6.7,14.200000000000001,1.8000000000000003,15.899999999999999,16
2474,417401.0,0.8,0.1,-2.1,-2.1,3.3000000000000003,6.7,14.200000000000001,1.8000000000000003,15.899999999999999,16
2475,417420.0,0.8,0.30000000000000004,-2.1,-2.0,3.5,6.7,7.400000000000001,-5.2,15.5,16
2476,417435.0,0.9,0.30000000000000004,-1.6,-2.0,3.5,7.2,-0.2,-9.4,14.900000000000002,16
2477,417452.0,0.7000000000000001,0.1,-0.1,-2.1,3.4000000000000004,8.700000000000001,-4.2,-8.3,12.7,16
2478,417468.0,0.5,0.2,0.6000000000000001,-2.2,3.4000000000000004,9.4,-1.0,-7.0,10.9,16
2479,417489.0,0.5,0.4,1.3,-2.2,3.7,10.100000000000001,15.100000000000001,-8.2,8.600000000000001,16
2480,417503.0,0.9,0.6000000000000001,0.30000000000000004,-1.8,4.0,9.1,28.600000000000005,-14.200000000000001,3.4,16
2481,417519.0,0.9,0.8,-0.1,-1.8,4.2,8.700000000000001,27.9,-15.100000000000001,0.2,16
2482,417534.0,0.4,0.9,-0.4,-2.2,4.4,8.4,18.200000000000003,-12.4,-6.1000000000000005,16
2483,417551.0,-0.2,1.0,0.5,-2.8000000000000003,4.5,9.3,7.200000000000001,-2.6,-8.3,16
2484,417568.0,-0.4,1.0,1.2000000000000002,-3.0,4.5,10.0,5.6,0.7,-8.4,16
2485,417589.0,-0.1,1.6,1.9000000000000001,-2.7,5.2,10.700000000000001,4.6,2.8,-8.899999999999999,16
2486,417602.0,0.2,2.1,1.0,-2.4000000000000004,5.6000000000000005,9.700000000000001,0.2,-17.200000000000003,-14.300000000000002,16
2487,417618.0,-0.1,1.9000000000000001,1.0,-2.6,5.5,9.700000000000001,-9.600000000000001,-17.799999999999997,-16.6,16
2488,417634.0,-1.6,0.7000000000000001,3.2,-4.1000000000000005,4.2,12.0,-38.50000000000001,-1.0,-19.300000000000004,16
2489,417657.0,-2.0,-0.5,6.1000000000000005,-4.6000000000000005,2.8000000000000003,15.0,-36.8,10.5,-12.8,16
2490,417668.0,-1.5,-0.8,6.0,-4.1000000000000005,2.5,14.9,-14.0,2.0,-10.4,16
2491,417684.0,0.2,-0.8,2.4000000000000004,-2.4000000000000004,2.5,11.3,39.699999999999996,-18.8,-12.9,16
2492,417705.0,1.0,-0.5,-1.1,-1.6,2.9000000000000004,7.800000000000001,53.2,-14.800000000000002,-22.6,16
2493,417717.0,0.7000000000000001,-0.4,-1.9000000000000001,-1.8,3.1,6.9,44.7,-5.500000000000001,-27.700000000000003,16
2494,417735.0,-0.1,-0.2,-1.5,-2.7,3.4000000000000004,7.300000000000001,17.1,10.5,-27.400000000000002,16
2495,417751.0,-0.7000000000000001,-0.30000000000000004,-0.4,-3.3000000000000003,3.3000000000000003,8.4,2.5,9.2,-15.299999999999999,16
2496,417768.0,-0.4,-0.5,-0.2,-3.1,3.0,8.6,-0.2,4.4,-7.200000000000001,16
2497,417784.0,0.30000000000000004,-0.9,-0.5,-2.4000000000000004,2.6,8.200000000000001,-4.6,-9.700000000000001,2.7,16
2498,417802.0,0.5,-1.1,-0.7000000000000001,-2.0,2.4000000000000004,8.200000000000001,-8.899999999999999,-15.8,4.7,16
2499,417819.0,0.8,-1.2000000000000002,-0.4,-1.8,2.3000000000000003,8.4,-12.200000000000001,-19.6,5.1000000000000005,16
2500,417836.0,1.1,-1.4000000000000001,-0.5,-1.5,2.1,8.3,0.8,-11.5,1.7,16
2501,417852.0,1.1,-1.1,-1.4000000000000001,-1.4000000000000001,2.4000000000000004,7.4,19.0,-0.7,-6.2,16
2502,417871.0,0.7000000000000001,-0.7000000000000001,-2.3000000000000003,-1.8,2.8000000000000003,6.4,22.6,3.6000000000000005,-11.6,16
2503,417889.0,0.4,-0.4,-2.5,-2.3000000000000003,3.4000000000000004,6.4,13.3,-3.8,-10.600000000000001,16
2504,417916.0,0.30000000000000004,0.1,-2.2,-2.3000000000000003,3.7,6.5,7.500000000000001,-12.299999999999999,-6.699999999999999,16
2505,417939.0,0.5,0.1,-2.0,-2.1,3.8000000000000003,6.800000000000001,7.0,-7.500000000000001,-3.9,16
2506,417951.0,0.4,0.2,-1.5,-2.1,3.9000000000000004,7.2,9.4,1.5,-3.7000000000000006,16
2507,417967.0,0.4,0.2,-1.5,-2.2,3.9000000000000004,7.4,11.4,5.8,-3.2,16
2508,417984.0,0.1,0.30000000000000004,-1.1,-2.5,4.2,7.800000000000001,12.8,7.200000000000001,-2.8,16
2509,418000.0,0.0,0.7000000000000001,-0.9,-2.5,4.5,7.800000000000001,11.1,-0.2,1.2000000000000002,16
2510,418017.0,0.30000000000000004,0.9,-1.0,-2.2,4.6000000000000005,7.7,2.8,-6.2,5.8,16
2511,418034.0,0.2,0.9,-0.4,-2.3000000000000003,4.6000000000000005,8.3,-9.5,-3.1,6.0,16
2512,418054.0,-0.4,0.6000000000000001,0.8,-2.9000000000000004,4.3,9.5,-16.3,6.4,5.9,16
2513,418103.0,-0.6000000000000001,0.7000000000000001,2.1,-2.6,4.800000000000001,10.200000000000001,-17.200000000000003,5.300000000000001,9.3,16
2514,418117.0,0.1,0.9,0.6000000000000001,-2.4000000000000004,4.5,9.4,-19.400000000000002,-14.900000000000002,8.899999999999999,16
2515,418134.0,-0.8,1.1,0.2,-3.2,4.6000000000000005,9.0,-35.9,-8.2,2.0,16
2516,418151.0,-2.3000000000000003,-0.2,2.9000000000000004,-4.800000000000001,3.2,11.700000000000001,-65.3,8.899999999999999,10.0,16
2517,418169.0,-2.2,-0.9,4.2,-4.7,2.5,13.100000000000001,-68.60000000000001,8.5,17.1,16
2518,418188.0,-0.4,-1.6,4.7,-2.9000000000000004,1.6,13.700000000000001,-37.800000000000004,-12.0,21.500000000000004,16
2519,418202.0,0.7000000000000001,-1.1,1.2000000000000002,-1.7000000000000002,2.0,10.200000000000001,7.0,-26.300000000000004,3.5,16
2520,418217.0,0.8,-0.9,-0.4,-1.6,2.2,8.6,18.0,-19.5,-5.300000000000001,16
2521,418235.0,-0.4,-0.6000000000000001,-1.9000000000000001,-2.7,2.6,7.1000000000000005,15.8,16.8,-16.0,16
2522,418250.0,-2.0,-0.1,-0.8,-4.4,3.1,8.1,0.30000000000000004,44.5,-13.100000000000001,16
2523,418268.0,-2.2,-0.1,-0.4,-4.7,3.1,8.6,-6.9,44.5,-4.4,16
2524,418287.0,-1.8,-0.30000000000000004,0.6000000000000001,-4.4,2.8000000000000003,9.5,-23.5,20.2,13.3,16
2525,418301.0,-1.2000000000000002,-0.5,1.1,-3.8000000000000003,2.6,10.0,-28.600000000000005,3.9,19.700000000000003,16
2526,418317.0,0.0,-0.8,1.1,-2.6,2.2,10.100000000000001,-21.7,-17.200000000000003,20.900000000000002,16
2527,418334.0,0.5,-0.7000000000000001,0.2,-2.1,2.3000000000000003,9.200000000000001,-1.0,-13.000000000000002,14.800000000000002,16
2528,418351.0,0.5,-0.4,-1.2000000000000002,-2.0,2.6,7.800000000000001,21.0,2.3,9.4,16
2529,418369.0,0.5,-0.30000000000000004,-1.8,-2.1,2.8000000000000003,7.2,26.300000000000004,7.400000000000001,6.8,16
2530,418391.0,0.0,0.30000000000000004,-2.8000000000000003,-2.5,3.5,6.1000000000000005,23.6,5.1000000000000005,4.7,16
2531,418401.0,0.0,0.30000000000000004,-2.8000000000000003,-2.5,3.5,6.1000000000000005,23.6,5.1000000000000005,4.7,16
2532,418418.0,-0.2,0.6000000000000001,-2.7,-2.8000000000000003,3.8000000000000003,6.2,15.700000000000001,-2.3,9.8,16
2533,418434.0,-0.1,0.5,-2.4000000000000004,-2.6,3.8000000000000003,6.5,9.600000000000001,-5.6,16.1,16
2534,418451.0,0.2,0.2,-1.6,-2.3000000000000003,3.6,7.300000000000001,5.8,-6.4,18.3,16
2535,418468.0,0.30000000000000004,0.1,-1.1,-2.2,3.5,7.7,5.9,-6.699999999999999,18.0,16
2536,418492.0,0.5,0.30000000000000004,-0.8,-1.9000000000000001,3.8000000000000003,8.1,15.5,-12.600000000000001,11.8,16
2537,418504.0,0.7000000000000001,0.4,-0.9,-1.7000000000000002,3.9000000000000004,7.9,17.400000000000002,-15.399999999999999,10.4,16
2538,418518.0,0.9,0.5,-1.0,-1.4000000000000001,4.0,7.9,17.5,-15.700000000000001,8.4,16
2539,418536.0,0.5,0.4,-0.5,-1.8,4.0,8.4,13.8,-8.5,1.5,16
2540,418555.0,-0.30000000000000004,0.30000000000000004,0.6000000000000001,-2.6,3.9000000000000004,9.5,11.6,1.4,-3.0,16
2541,418568.0,-0.5,0.2,1.0,-2.8000000000000003,3.8000000000000003,9.9,12.0,4.7,-4.2,16
2542,418584.0,-0.7000000000000001,0.2,1.4000000000000001,-3.0,3.9000000000000004,10.600000000000001,13.100000000000001,2.2,-6.500000000000001,16
2543,418601.0,-0.6000000000000001,0.6000000000000001,2.0,-2.9000000000000004,4.2,10.700000000000001,14.100000000000001,-6.300000000000001,-8.899999999999999,16
2544,418617.0,0.2,1.4000000000000001,0.30000000000000004,-2.1,5.2,9.1,15.899999999999999,-34.300000000000004,-14.100000000000001,16
2545,418634.0,0.2,1.5,-0.5,-2.0,5.300000000000001,8.3,-0.5,-22.4,-17.300000000000004,16
2546,418658.0,-1.3,0.5,2.8000000000000003,-3.5,4.2,11.600000000000001,-33.1,11.700000000000001,-12.7,16
2547,418667.0,-1.5,-0.4,4.5,-3.7,3.3000000000000003,13.3,-38.800000000000004,18.6,-8.2,16
2548,418685.0,-0.6000000000000001,-1.3,6.800000000000001,-2.8000000000000003,2.2,15.600000000000001,-21.1,8.100000000000001,-0.8,16
2549,418701.0,0.5,-1.6,5.800000000000001,-1.8,1.8,14.600000000000001,1.4,-9.600000000000001,-3.9,16
2550,418717.0,1.6,-1.5,2.3000000000000003,-0.7000000000000001,2.0,11.200000000000001,25.8,-24.599999999999998,-17.300000000000004,16
2551,418734.0,1.3,-1.2000000000000002,0.8,-0.9,2.3000000000000003,9.600000000000001,20.2,-5.7,-29.700000000000006,16
2552,418753.0,0.0,-1.1,1.1,-2.2,2.5,9.9,11.8,23.5,-30.4,16
2553,418771.0,-0.6000000000000001,-1.3,1.0,-2.9000000000000004,2.3000000000000003,9.8,13.6,31.6,-20.400000000000002,16
2554,418784.0,-0.6000000000000001,-1.3,1.0,-3.0,2.2,9.4,13.6,31.6,-20.400000000000002,16
2555,418801.0,-0.4,-1.4000000000000001,0.2,-2.9000000000000004,2.2,9.0,3.4,16.3,-11.6,16
2556,418818.0,-0.30000000000000004,-1.6,0.2,-2.8000000000000003,2.0,9.0,-12.4,1.8000000000000003,-3.4,16
2557,418834.0,0.2,-1.8,0.7000000000000001,-2.3000000000000003,1.8,9.5,-13.6,-2.2,4.1,16
2558,418854.0,1.0,-2.0,0.5,-1.6,1.6,9.3,3.9,3.7000000000000006,3.6000000000000005,16
2559,418869.0,1.1,-1.9000000000000001,0.1,-1.5,1.6,8.8,14.600000000000001,8.5,-0.1,16
2560,418884.0,0.9,-1.7000000000000002,-0.4,-1.9000000000000001,2.1,8.0,28.1,16.3,-5.500000000000001,16
2561,418901.0,0.4,-1.2000000000000002,-1.2000000000000002,-2.2,2.4000000000000004,7.5,29.700000000000006,16.8,-5.300000000000001,16
2562,418918.0,0.2,-0.9,-1.8,-2.5,2.8000000000000003,6.9,22.9,12.0,-2.4000000000000004,16
2563,418934.0,-0.1,-0.8,-1.7000000000000002,-2.7,3.0,7.0,11.4,8.3,2.1,16
2564,418953.0,-0.1,-1.1,-0.8,-2.7,2.7,7.9,1.0,7.8,13.000000000000002,16
2565,418967.0,0.0,-1.2000000000000002,-0.5,-2.6,2.6,8.1,1.2000000000000002,6.300000000000001,15.100000000000001,16
2566,418984.0,0.4,-1.2000000000000002,-0.5,-2.3000000000000003,2.6,8.1,5.4,6.1000000000000005,18.3,16
2567,419004.0,0.5,-1.0,-0.7000000000000001,-2.2,2.8000000000000003,7.9,9.700000000000001,6.0,16.6,16
2568,419018.0,0.4,-1.0,-0.8,-2.3000000000000003,2.9000000000000004,7.800000000000001,10.4,4.1,15.399999999999999,16
2569,419034.0,0.6000000000000001,-0.7000000000000001,-0.8,-2.0,3.2,7.7,8.2,-0.9000000000000001,15.299999999999999,16
2570,419051.0,0.5,-0.5,-0.5,-2.2,3.5,8.1,4.7,2.8,15.700000000000001,16
2571,419074.0,0.0,-0.5,0.4,-2.6,3.5,8.9,5.9,12.9,16.0,16
2572,419084.0,0.0,-0.5,0.4,-2.6,3.5,8.9,5.9,12.9,16.0,16
2573,419100.0,-0.30000000000000004,-0.5,1.0,-3.0,3.5,9.600000000000001,10.5,12.9,15.399999999999999,16
2574,419117.0,-0.6000000000000001,-0.5,1.1,-3.3000000000000003,3.5,9.600000000000001,11.3,1.2000000000000002,14.300000000000002,16
2575,419134.0,-0.4,-0.30000000000000004,1.2000000000000002,-3.1,3.7,9.700000000000001,9.899999999999999,-11.000000000000002,14.0,16
2576,419151.0,0.1,0.0,0.6000000000000001,-2.5,4.1000000000000005,9.1,13.000000000000002,-22.1,15.399999999999999,16
2577,419167.0,0.1,0.0,0.6000000000000001,-2.0,4.1000000000000005,8.700000000000001,14.700000000000001,-21.8,16.6,16
2578,419185.0,0.9,0.5,-0.6000000000000001,-1.6,4.7,8.0,11.3,-12.9,17.200000000000003,16
2579,419207.0,0.6000000000000001,0.0,-0.6000000000000001,-1.8,4.2,8.0,-1.3,-5.4,20.7,16
2580,419217.0,0.2,-0.5,-0.1,-2.2,3.8000000000000003,8.4,-10.0,0.4,20.0,16
2581,419234.0,-0.7000000000000001,-0.9,2.0,-3.1,3.3000000000000003,10.600000000000001,-26.300000000000004,8.3,15.000000000000002,16
2582,419251.0,-0.4,-0.9,2.8000000000000003,-2.8000000000000003,3.2,11.4,-17.300000000000004,-14.700000000000001,8.700000000000001,16
2583,419267.0,-0.5,-0.9,2.8000000000000003,-2.3000000000000003,3.3000000000000003,10.8,-6.0,-26.300000000000004,3.8,16
2584,419285.0,0.5,-0.5,0.30000000000000004,-1.7000000000000002,3.6,8.9,10.0,-25.0,-6.300000000000001,16
2585,419302.0,0.4,-0.5,-0.2,-1.8,3.6,8.4,13.3,-14.5,-10.200000000000001,16
2586,419317.0,-0.4,-0.6000000000000001,-0.1,-2.6,3.6,8.5,9.700000000000001,10.600000000000001,-13.900000000000002,16
2587,419335.0,-1.1,-0.5,0.7000000000000001,-3.3000000000000003,3.7,9.3,2.5,11.1,-11.4,16
2588,419353.0,-0.9,-0.5,0.8,-3.2,3.6,9.4,-4.0,-2.6,-8.600000000000001,16
2589,419368.0,-0.9,-0.6000000000000001,0.9,-3.2,3.5,9.5,-6.0,-4.6,-7.8,16
2590,419389.0,-0.8,-0.7000000000000001,1.2000000000000002,-3.1,3.4000000000000004,9.8,-10.700000000000001,-6.500000000000001,-5.300000000000001,16
2591,419400.0,-0.6000000000000001,-1.0,1.4000000000000001,-2.9000000000000004,3.0,10.100000000000001,-10.0,-8.8,-2.2,16
2592,419418.0,0.0,-1.2000000000000002,0.8,-2.3000000000000003,2.8000000000000003,9.5,-1.5,-11.700000000000001,0.4,16
2593,419435.0,0.5,-1.3,-0.30000000000000004,-1.8,2.7,8.4,6.600000000000001,-10.9,-2.1,16
2594,419455.0,0.4,-1.1,-0.7000000000000001,-1.8,2.9000000000000004,7.9,6.0,-9.4,-7.6,16
2595,419471.0,0.0,-1.0,-0.30000000000000004,-2.2,3.1,8.3,-1.0,-7.400000000000001,-9.899999999999999,16
2596,419486.0,-0.2,-0.9,-0.1,-2.3000000000000003,3.1,8.6,-2.9,-8.5,-10.700000000000001,16
2597,419501.0,-0.2,-0.9,0.1,-2.4000000000000004,3.1,8.8,-2.8,-12.299999999999999,-10.700000000000001,16
2598,419517.0,0.1,-0.7000000000000001,-0.1,-2.0,3.2,8.6,0.30000000000000004,-20.7,-7.6,16
2599,419534.0,0.6000000000000001,-0.7000000000000001,-0.2,-1.5,3.3000000000000003,8.6,2.5,-16.5,-6.0,16
2600,419558.0,0.9,-0.5,0.1,-1.2000000000000002,3.4000000000000004,8.9,4.2,-14.700000000000001,-7.6,16
2601,419568.0,1.1,-0.2,0.2,-1.0,3.7,9.0,4.0,-15.8,-9.0,16
2602,419587.0,1.0,-0.6000000000000001,0.4,-1.0,3.4000000000000004,9.1,3.0,-15.6,-13.200000000000003,16
2603,419601.0,0.7000000000000001,-0.4,0.9,-1.3,3.5,9.600000000000001,3.0,-9.0,-15.6,16
2604,419618.0,-0.5,-0.7000000000000001,1.3,-2.5,3.3000000000000003,10.100000000000001,6.8,-10.700000000000001,-15.8,16
2605,419635.0,-0.7000000000000001,-0.6000000000000001,1.3,-2.7,3.3000000000000003,10.100000000000001,15.8,-18.3,-7.1000000000000005,16
2606,419654.0,-0.4,-0.8,1.0,-2.3000000000000003,3.2,9.8,20.900000000000002,-21.1,3.0,16
2607,419674.0,0.0,-1.2000000000000002,0.5,-1.8,2.8000000000000003,9.200000000000001,14.400000000000002,-19.700000000000003,-0.4,16
2608,419684.0,0.1,-1.2000000000000002,0.4,-1.7000000000000002,2.9000000000000004,9.1,10.299999999999999,-19.799999999999997,-5.6,16
2609,419704.0,-0.1,-0.8,0.30000000000000004,-1.8,3.3000000000000003,9.1,4.7,-17.1,-14.5,16
2610,419723.0,-0.5,-0.2,-0.1,-2.3000000000000003,3.9000000000000004,8.700000000000001,5.500000000000001,-23.3,-17.5,16
2611,419735.0,-0.5,0.0,-0.2,-2.2,4.0,8.5,5.2,-25.7,-15.2,16
2612,419751.0,-0.5,0.1,-0.6000000000000001,-2.1,4.2,8.200000000000001,1.5,-24.3,-6.1000000000000005,16
2613,419768.0,-0.2,0.1,-0.5,-1.8,4.2,8.3,-1.9,-18.900000000000002,-0.6000000000000001,16
2614,419785.0,0.30000000000000004,-0.2,0.0,-1.3,3.9000000000000004,8.8,-5.8,-10.1,6.0,16
2615,419801.0,0.4,-0.2,0.30000000000000004,-1.2000000000000002,3.8000000000000003,9.1,-3.5,-5.7,6.8,16
2616,419817.0,0.1,-0.1,0.30000000000000004,-1.5,4.0,9.1,4.9,-4.6,5.1000000000000005,16
2617,419835.0,-0.2,-0.2,0.4,-1.7000000000000002,3.9000000000000004,9.200000000000001,8.0,-2.0,4.9,16
2618,419856.0,-0.1,-0.2,0.4,-1.6,3.9000000000000004,9.200000000000001,8.100000000000001,-0.6000000000000001,1.5,16
2619,419872.0,-0.2,-0.1,0.2,-1.7000000000000002,4.0,9.0,9.899999999999999,-6.0,-5.500000000000001,16
2620,419885.0,-0.30000000000000004,0.1,0.0,-1.8,4.2,8.8,11.000000000000002,-7.500000000000001,-7.8,16
2621,419901.0,-0.4,0.30000000000000004,-0.2,-1.9000000000000001,4.4,8.6,11.700000000000001,-9.4,-7.200000000000001,16
2622,419917.0,-0.1,0.2,-0.5,-1.5,4.4,8.200000000000001,8.0,-16.1,-0.2,16
2623,419934.0,0.5,0.0,-0.6000000000000001,-1.0,4.1000000000000005,8.200000000000001,0.7,-18.4,1.4,16
2624,419955.0,0.6000000000000001,-0.1,-0.6000000000000001,-0.8,4.0,8.200000000000001,-2.8,-16.1,0.0,16
2625,419968.0,0.6000000000000001,-0.1,-0.30000000000000004,-0.8,4.0,8.5,-5.500000000000001,-4.2,-5.6,16
2626,419991.0,0.0,-0.1,0.2,-1.3,4.0,9.0,-1.5,7.9,-9.5,16
2627,420000.0,0.0,-0.1,0.2,-1.3,4.0,9.0,-1.5,7.9,-9.5,16
2628,420023.0,-0.30000000000000004,-0.5,-0.2,-1.7000000000000002,3.6,8.6,2.5,2.2,-8.700000000000001,16
2629,420036.0,0.0,0.4,0.2,-1.4000000000000001,4.5,9.0,3.3000000000000007,-6.0,-4.9,16
2630,420054.0,-0.5,0.1,-0.4,-1.9000000000000001,4.3,8.4,7.8,-4.9,-7.500000000000001,16
