,ms,abs,alpha,beta,gamma
0,122.0,False,12.3,27.1,2.7
1,138.0,False,10.8,25.6,4.4
2,155.0,False,10.600000000000001,25.5,4.7
3,176.0,False,10.5,25.8,3.9000000000000004
4,189.0,False,10.5,26.1,2.3000000000000003
5,205.0,False,10.5,26.1,1.7000000000000002
6,222.0,False,12.200000000000001,25.3,-2.7
7,238.0,False,12.0,24.8,-2.2
8,255.0,False,11.700000000000001,24.400000000000002,-1.5
9,272.0,False,10.700000000000001,23.5,1.5
10,288.0,False,10.5,23.3,2.3000000000000003
11,307.0,False,10.9,23.3,1.6
12,322.0,False,11.0,23.3,1.3
13,339.0,False,11.5,23.6,0.30000000000000004
14,355.0,False,11.8,23.3,-0.6000000000000001
15,372.0,False,11.9,22.8,-1.2000000000000002
16,388.0,False,11.3,23.6,-0.4
17,405.0,False,10.600000000000001,26.3,0.2
18,422.0,False,10.4,27.700000000000003,0.30000000000000004
19,438.0,False,10.200000000000001,29.8,0.5
20,455.0,False,10.200000000000001,30.0,0.6000000000000001
21,472.0,False,10.600000000000001,28.8,0.4
22,488.0,False,11.100000000000001,27.3,-0.4
23,505.0,False,11.0,26.8,-0.4
24,522.0,False,10.5,26.8,0.1
25,538.0,False,9.3,26.8,2.3000000000000003
26,555.0,False,8.9,26.900000000000002,3.0
27,572.0,False,8.8,27.0,3.2
28,588.0,False,8.8,27.1,3.3000000000000003
29,605.0,False,9.0,26.900000000000002,3.9000000000000004
30,622.0,False,9.200000000000001,26.6,4.3
31,638.0,False,9.8,25.8,4.6000000000000005
32,655.0,False,10.0,25.400000000000002,4.3
33,672.0,False,10.3,24.700000000000003,3.2
34,688.0,False,10.200000000000001,24.1,2.5
35,705.0,False,10.0,23.400000000000002,3.3000000000000003
36,722.0,False,10.0,22.900000000000002,4.1000000000000005
37,738.0,False,10.200000000000001,22.1,5.9
38,755.0,False,10.5,21.8,6.6000000000000005
39,772.0,False,11.200000000000001,21.5,7.0
40,788.0,False,12.0,21.5,6.5
41,805.0,False,12.600000000000001,21.3,5.7
42,822.0,False,12.8,21.200000000000003,5.4
43,838.0,False,13.200000000000001,20.8,5.1000000000000005
44,855.0,False,13.3,20.6,5.0
45,872.0,False,13.700000000000001,20.400000000000002,4.800000000000001
46,888.0,False,14.100000000000001,20.5,4.6000000000000005
47,905.0,False,14.5,20.700000000000003,4.5
48,922.0,False,14.700000000000001,20.900000000000002,4.4
49,938.0,False,14.9,21.200000000000003,4.2
50,955.0,False,15.0,21.5,4.1000000000000005
51,972.0,False,14.9,21.900000000000002,3.7
52,988.0,False,14.8,22.400000000000002,3.4000000000000004
53,1005.0,False,14.700000000000001,22.8,3.7
54,1022.0,False,14.8,23.0,3.9000000000000004
55,1038.0,False,15.0,23.3,4.4
56,1055.0,False,15.100000000000001,23.5,4.5
57,1080.0,False,14.600000000000001,24.1,3.2
58,1089.0,False,14.200000000000001,24.1,2.8000000000000003
59,1106.0,False,13.9,23.900000000000002,2.7
60,1122.0,False,13.600000000000001,22.8,3.6
61,1139.0,False,13.700000000000001,22.1,4.3
62,1155.0,False,13.9,20.700000000000003,5.300000000000001
63,1172.0,False,14.100000000000001,19.8,5.1000000000000005
64,1191.0,False,14.100000000000001,19.3,4.5
65,1210.0,False,14.0,18.7,4.6000000000000005
66,1224.0,False,13.9,18.400000000000002,5.0
67,1239.0,False,13.8,18.0,6.1000000000000005
68,1257.0,False,13.700000000000001,17.900000000000002,6.6000000000000005
69,1273.0,False,13.5,18.0,7.1000000000000005
70,1299.0,False,13.3,18.6,7.1000000000000005
71,1306.0,False,13.200000000000001,18.7,6.9
72,1322.0,False,13.100000000000001,18.900000000000002,6.800000000000001
73,1339.0,False,12.8,19.0,6.6000000000000005
74,1360.0,False,12.4,19.1,6.6000000000000005
75,1372.0,False,12.3,19.3,6.7
76,1389.0,False,12.100000000000001,19.700000000000003,6.6000000000000005
77,1406.0,False,12.0,20.0,6.6000000000000005
78,1424.0,False,11.8,20.700000000000003,6.300000000000001
79,1439.0,False,11.600000000000001,21.3,6.1000000000000005
80,1456.0,False,11.5,21.6,6.0
81,1472.0,False,11.4,22.0,5.6000000000000005
82,1490.0,False,11.4,22.200000000000003,5.300000000000001
83,1508.0,False,11.4,22.200000000000003,5.2
84,1522.0,False,11.4,22.1,5.2
85,1539.0,False,11.4,22.0,5.4
86,1555.0,False,11.4,21.900000000000002,5.7
87,1572.0,False,11.3,21.8,5.800000000000001
88,1589.0,False,11.200000000000001,21.6,5.800000000000001
89,1606.0,False,11.5,20.6,6.1000000000000005
90,1622.0,False,11.8,19.900000000000002,6.6000000000000005
91,1639.0,False,12.5,18.3,7.4
92,1655.0,False,12.700000000000001,17.6,7.4
93,1672.0,False,12.600000000000001,16.5,6.800000000000001
94,1692.0,False,11.9,16.1,5.800000000000001
95,1705.0,False,11.4,16.1,5.6000000000000005
96,1722.0,False,10.700000000000001,16.2,6.0
97,1742.0,False,10.3,16.6,7.300000000000001
98,1756.0,False,10.3,16.8,8.1
99,1772.0,False,10.8,17.3,9.1
100,1790.0,False,11.4,17.8,9.0
101,1806.0,False,11.700000000000001,17.900000000000002,8.6
102,1826.0,False,12.100000000000001,17.900000000000002,7.6000000000000005
103,1839.0,False,12.3,17.7,6.7
104,1855.0,False,12.4,17.6,6.4
105,1872.0,False,12.700000000000001,17.6,6.2
106,1890.0,False,12.9,17.7,6.2
107,1909.0,False,13.5,18.400000000000002,6.2
108,1922.0,False,13.700000000000001,18.7,6.0
109,1942.0,False,13.8,19.3,5.5
110,1956.0,False,13.8,19.5,5.2
111,1972.0,False,13.700000000000001,19.700000000000003,4.6000000000000005
112,1989.0,False,13.700000000000001,19.8,4.3
113,2007.0,False,13.700000000000001,19.900000000000002,4.1000000000000005
114,2039.0,False,13.9,20.200000000000003,4.6000000000000005
115,2067.0,False,14.0,20.700000000000003,5.300000000000001
116,2094.0,False,13.8,21.200000000000003,5.0
117,2110.0,False,13.600000000000001,21.5,3.8000000000000003
118,2122.0,False,13.5,21.5,3.2
119,2139.0,False,13.5,21.1,2.7
120,2155.0,False,13.600000000000001,20.700000000000003,2.9000000000000004
121,2174.0,False,13.8,19.8,3.9000000000000004
122,2191.0,False,13.9,19.1,4.7
123,2205.0,False,13.9,18.900000000000002,4.9
124,2222.0,False,13.600000000000001,18.8,5.1000000000000005
125,2239.0,False,13.100000000000001,18.900000000000002,5.1000000000000005
126,2256.0,False,12.9,19.0,5.1000000000000005
127,2272.0,False,12.700000000000001,19.0,5.4
128,2294.0,False,12.700000000000001,18.900000000000002,5.7
129,2306.0,False,12.8,18.7,5.800000000000001
130,2322.0,False,12.9,18.5,5.7
131,2339.0,False,12.9,18.3,5.4
132,2355.0,False,12.8,18.3,5.2
133,2372.0,False,12.600000000000001,18.400000000000002,4.9
134,2391.0,False,12.4,18.7,4.800000000000001
135,2406.0,False,12.3,19.0,4.800000000000001
136,2423.0,False,12.3,19.6,4.800000000000001
137,2442.0,False,12.3,20.1,4.7
138,2456.0,False,12.3,20.3,4.6000000000000005
139,2472.0,False,12.200000000000001,20.400000000000002,4.3
140,2496.0,False,12.3,20.400000000000002,4.0
141,2524.0,False,12.4,20.700000000000003,3.6
142,2539.0,False,12.5,20.8,3.5
143,2555.0,False,12.600000000000001,21.0,3.4000000000000004
144,2572.0,False,12.600000000000001,21.0,3.6
145,2591.0,False,12.600000000000001,20.900000000000002,3.9000000000000004
146,2606.0,False,12.5,20.700000000000003,3.9000000000000004
147,2623.0,False,12.4,20.3,4.0
148,2648.0,False,12.600000000000001,18.900000000000002,5.2
149,2673.0,False,13.3,17.6,6.6000000000000005
150,2694.0,False,14.0,16.400000000000002,6.7
151,2706.0,False,14.3,15.8,5.4
152,2722.0,False,14.200000000000001,15.5,4.7
153,2742.0,False,13.9,15.200000000000001,4.1000000000000005
154,2757.0,False,13.700000000000001,15.0,4.3
155,2775.0,False,13.5,14.8,5.9
156,2791.0,False,13.8,15.100000000000001,7.6000000000000005
157,2805.0,False,14.100000000000001,15.4,8.200000000000001
158,2823.0,False,14.8,16.1,8.5
159,2840.0,False,15.5,16.400000000000002,7.9
160,2856.0,False,15.9,16.400000000000002,7.5
161,2872.0,False,16.400000000000002,15.9,6.800000000000001
162,2890.0,False,16.7,15.3,6.4
163,2905.0,False,16.8,15.100000000000001,6.300000000000001
164,2922.0,False,17.1,15.100000000000001,6.0
165,2941.0,False,17.400000000000002,15.4,5.6000000000000005
166,2955.0,False,17.5,15.700000000000001,5.4
167,2972.0,False,17.8,16.2,4.9
168,3007.0,False,17.900000000000002,16.6,4.3
169,3022.0,False,17.8,16.7,4.1000000000000005
170,3039.0,False,17.8,16.8,4.1000000000000005
171,3056.0,False,17.900000000000002,16.7,4.1000000000000005
172,3072.0,False,18.2,16.7,4.2
173,3089.0,False,18.3,16.6,4.3
174,3106.0,False,18.2,16.400000000000002,4.6000000000000005
175,3123.0,False,17.900000000000002,16.5,4.5
176,3140.0,False,17.3,16.7,3.8000000000000003
177,3155.0,False,17.1,16.7,3.3000000000000003
178,3172.0,False,16.900000000000002,16.1,2.7
179,3189.0,False,16.900000000000002,15.5,2.8000000000000003
180,3206.0,False,16.900000000000002,14.100000000000001,3.3000000000000003
181,3222.0,False,16.6,13.200000000000001,3.2
182,3240.0,False,16.1,13.3,2.0
183,3256.0,False,15.8,13.700000000000001,1.3
184,3272.0,False,14.8,14.700000000000001,0.30000000000000004
185,3289.0,False,13.3,15.200000000000001,0.5
186,3306.0,False,12.5,15.4,1.2000000000000002
187,3322.0,False,11.4,15.8,3.1
188,3339.0,False,11.200000000000001,16.2,4.0
189,3358.0,False,11.3,17.1,5.1000000000000005
190,3374.0,False,11.600000000000001,18.0,5.2
191,3389.0,False,11.9,18.8,4.6000000000000005
192,3406.0,False,12.100000000000001,19.200000000000003,4.3
193,3422.0,False,12.700000000000001,19.900000000000002,3.8000000000000003
194,3441.0,False,13.600000000000001,20.700000000000003,3.4000000000000004
195,3459.0,False,13.8,21.5,3.2
196,3472.0,False,13.600000000000001,22.0,3.1
197,3489.0,False,12.700000000000001,22.900000000000002,2.7
198,3506.0,False,11.8,23.900000000000002,2.5
199,3522.0,False,11.4,24.3,2.3000000000000003
200,3541.0,False,11.4,25.1,1.8
201,3555.0,False,11.8,25.3,1.3
202,3573.0,False,13.100000000000001,25.5,0.30000000000000004
203,3589.0,False,14.4,25.200000000000003,-0.5
204,3610.0,False,14.8,25.200000000000003,-0.8
205,3622.0,False,15.5,25.200000000000003,-1.1
206,3639.0,False,15.8,25.200000000000003,-1.3
207,3657.0,False,15.9,25.200000000000003,-1.4000000000000001
208,3674.0,False,16.3,25.1,-2.0
209,3689.0,False,17.1,24.900000000000002,-2.8000000000000003
210,3706.0,False,17.400000000000002,24.5,-3.0
211,3725.0,False,18.2,23.200000000000003,-3.1
212,3740.0,False,18.7,21.6,-3.0
213,3755.0,False,18.900000000000002,20.8,-3.2
214,3781.0,False,18.7,19.0,-4.1000000000000005
215,3789.0,False,18.5,18.6,-4.2
216,3806.0,False,18.3,18.3,-4.2
217,3823.0,False,18.0,17.900000000000002,-3.6
218,3841.0,False,17.8,17.7,-2.5
219,3856.0,False,17.7,17.7,-2.1
220,3873.0,False,17.5,17.7,-1.7000000000000002
221,3889.0,False,17.0,17.7,-2.1
222,3906.0,False,16.3,17.400000000000002,-2.9000000000000004
223,3922.0,False,15.9,17.2,-3.1
224,3940.0,False,15.4,16.6,-3.1
225,3955.0,False,15.200000000000001,16.3,-2.9000000000000004
226,3979.0,False,14.9,15.8,-3.0
227,3997.0,False,14.8,15.8,-3.1
228,4009.0,False,14.700000000000001,15.8,-3.4000000000000004
229,4027.0,False,14.100000000000001,16.1,-3.9000000000000004
230,4039.0,False,14.0,16.2,-4.1000000000000005
231,4059.0,False,13.9,16.5,-4.0
232,4077.0,False,13.9,16.7,-3.9000000000000004
233,4089.0,False,13.9,17.2,-3.8000000000000003
234,4105.0,False,13.9,17.400000000000002,-3.7
235,4123.0,False,13.5,17.7,-3.5
236,4141.0,False,13.200000000000001,17.8,-3.4000000000000004
237,4155.0,False,12.200000000000001,18.2,-3.2
238,4179.0,False,10.9,18.8,-3.4000000000000004
239,4188.0,False,10.700000000000001,18.8,-3.2
240,4205.0,False,10.5,18.6,-2.9000000000000004
241,4222.0,False,10.100000000000001,18.3,-2.0
242,4239.0,False,9.600000000000001,18.3,-1.1
243,4255.0,False,9.200000000000001,18.400000000000002,-0.8
244,4276.0,False,8.5,18.7,0.0
245,4289.0,False,8.200000000000001,18.8,0.6000000000000001
246,4307.0,False,8.1,18.8,0.9
247,4323.0,False,8.3,18.5,1.3
248,4339.0,False,8.5,18.1,1.5
249,4359.0,False,8.5,17.8,1.5
250,4376.0,False,8.3,17.400000000000002,1.5
251,4391.0,False,8.0,17.2,1.8
252,4405.0,False,7.9,17.2,2.0
253,4422.0,False,7.800000000000001,17.5,2.5
254,4441.0,False,7.800000000000001,17.8,3.0
255,4457.0,False,7.800000000000001,18.0,3.2
256,4478.0,False,7.300000000000001,18.6,2.9000000000000004
257,4492.0,False,7.1000000000000005,18.8,2.7
258,4508.0,False,7.0,18.900000000000002,2.5
259,4522.0,False,7.2,19.0,2.5
260,4540.0,False,7.7,19.200000000000003,2.7
261,4566.0,False,8.200000000000001,19.5,2.6
262,4572.0,False,8.3,19.5,2.4000000000000004
263,4594.0,False,8.5,19.6,1.9000000000000001
264,4607.0,False,8.700000000000001,19.5,1.6
265,4626.0,False,9.0,19.1,1.4000000000000001
266,4639.0,False,9.0,18.900000000000002,1.4000000000000001
267,4675.0,False,8.700000000000001,19.3,1.5
268,4691.0,False,8.9,19.200000000000003,1.7000000000000002
269,4708.0,False,9.600000000000001,18.5,2.0
270,4722.0,False,10.0,18.0,2.1
271,4739.0,False,10.5,17.400000000000002,1.7000000000000002
272,4755.0,False,10.5,17.2,1.4000000000000001
273,4775.0,False,10.3,16.900000000000002,1.1
274,4790.0,False,10.100000000000001,16.8,1.2000000000000002
275,4805.0,False,9.8,16.7,2.0
276,4822.0,False,9.5,16.5,3.3000000000000003
277,4839.0,False,9.200000000000001,16.3,4.6000000000000005
278,4856.0,False,9.1,16.2,5.1000000000000005
279,4872.0,False,8.9,15.8,5.6000000000000005
280,4899.0,False,8.9,15.5,5.0
281,4923.0,False,9.0,15.5,4.800000000000001
282,4939.0,False,9.1,15.600000000000001,5.0
283,4956.0,False,9.1,15.9,5.6000000000000005
284,4972.0,False,9.3,16.3,6.0
285,4992.0,False,9.3,16.6,5.800000000000001
286,5012.0,False,9.3,16.900000000000002,5.5
287,5022.0,False,9.3,17.2,5.2
288,5041.0,False,9.5,18.0,4.800000000000001
289,5056.0,False,9.600000000000001,18.2,5.0
290,5077.0,False,9.8,18.7,5.5
291,5089.0,False,9.8,18.900000000000002,5.7
292,5106.0,False,9.5,19.6,5.5
293,5122.0,False,9.200000000000001,20.200000000000003,4.1000000000000005
294,5139.0,False,9.200000000000001,19.900000000000002,3.3000000000000003
295,5162.0,False,9.8,18.6,4.0
296,5177.0,False,10.100000000000001,17.900000000000002,4.7
297,5194.0,False,10.4,17.0,5.4
298,5206.0,False,10.4,16.8,5.300000000000001
299,5222.0,False,9.8,16.8,4.4
300,5242.0,False,9.0,16.8,3.8000000000000003
301,5256.0,False,8.6,16.7,3.8000000000000003
302,5275.0,False,8.0,16.400000000000002,4.4
303,5289.0,False,7.800000000000001,16.3,4.9
304,5306.0,False,7.5,16.1,6.0
305,5322.0,False,7.1000000000000005,16.0,6.6000000000000005
306,5339.0,False,6.6000000000000005,16.1,6.6000000000000005
307,5358.0,False,6.300000000000001,16.1,6.5
308,5373.0,False,6.0,16.2,6.2
309,5392.0,False,5.9,16.400000000000002,6.300000000000001
310,5410.0,False,5.800000000000001,16.7,6.5
311,5422.0,False,5.7,16.900000000000002,6.5
312,5439.0,False,5.6000000000000005,17.5,6.300000000000001
313,5459.0,False,5.5,18.1,5.800000000000001
314,5482.0,False,5.6000000000000005,18.400000000000002,5.4
315,5508.0,False,5.9,18.7,5.300000000000001
316,5524.0,False,6.1000000000000005,19.200000000000003,5.2
317,5539.0,False,6.2,19.5,5.2
318,5556.0,False,6.300000000000001,20.0,4.800000000000001
319,5572.0,False,6.4,20.3,4.5
320,5607.0,False,6.6000000000000005,20.200000000000003,4.5
321,5622.0,False,6.9,19.8,4.7
322,5639.0,False,7.800000000000001,18.7,5.6000000000000005
323,5656.0,False,8.3,18.0,6.1000000000000005
324,5673.0,False,9.1,16.6,6.4
325,5691.0,False,9.3,15.700000000000001,5.7
326,5709.0,False,9.200000000000001,15.4,5.1000000000000005
327,5724.0,False,8.700000000000001,15.0,4.4
328,5739.0,False,8.4,14.4,4.800000000000001
329,5755.0,False,8.3,14.0,5.4
330,5772.0,False,8.0,13.3,6.7
331,5796.0,False,7.7,13.100000000000001,7.1000000000000005
332,5806.0,False,7.6000000000000005,13.200000000000001,6.9
333,5822.0,False,7.300000000000001,13.3,6.0
334,5844.0,False,7.2,13.200000000000001,5.300000000000001
335,5905.0,False,7.1000000000000005,14.5,6.5
336,5922.0,False,7.0,15.3,6.1000000000000005
337,5946.0,False,7.1000000000000005,15.8,5.300000000000001
338,5955.0,False,7.300000000000001,16.0,4.9
339,5972.0,False,7.800000000000001,16.2,4.3
340,5990.0,False,8.5,16.2,4.2
341,6022.0,False,8.8,16.5,4.2
342,6039.0,False,8.6,17.2,3.9000000000000004
343,6055.0,False,8.5,17.5,3.7
344,6075.0,False,8.4,18.1,3.4000000000000004
345,6088.0,False,8.4,18.6,3.0
346,6105.0,False,8.3,18.900000000000002,2.7
347,6122.0,False,8.1,19.5,2.3000000000000003
348,6138.0,False,8.0,19.8,2.6
349,6159.0,False,7.9,19.900000000000002,2.8000000000000003
350,6176.0,False,7.7,20.3,3.0
351,6191.0,False,7.300000000000001,20.8,2.7
352,6206.0,False,7.0,21.0,2.7
353,6223.0,False,6.6000000000000005,21.200000000000003,2.9000000000000004
354,6239.0,False,6.5,21.200000000000003,3.1
355,6255.0,False,6.6000000000000005,21.1,3.6
356,6274.0,False,6.9,20.8,4.2
357,6294.0,False,7.2,20.3,4.4
358,6305.0,False,7.2,20.1,4.4
359,6322.0,False,7.300000000000001,19.6,4.2
360,6339.0,False,7.7,19.1,4.2
361,6355.0,False,7.9,19.0,4.3
362,6372.0,False,8.4,19.0,4.7
363,6394.0,False,8.700000000000001,19.200000000000003,5.2
364,6405.0,False,8.8,19.400000000000002,5.5
365,6422.0,False,8.700000000000001,19.8,5.800000000000001
366,6439.0,False,8.5,20.0,5.9
367,6456.0,False,8.3,20.5,6.4
368,6472.0,False,8.5,20.8,7.0
369,6492.0,False,8.9,21.0,7.4
370,6505.0,False,9.0,21.1,7.300000000000001
371,6522.0,False,9.3,21.3,6.4
372,6539.0,False,9.5,21.3,5.5
373,6572.0,False,9.5,21.3,5.9
374,6589.0,False,9.4,21.6,7.0
375,6605.0,False,9.3,21.900000000000002,7.300000000000001
376,6622.0,False,9.3,22.6,7.2
377,6648.0,False,10.3,21.700000000000003,5.9
378,6673.0,False,11.5,19.8,5.4
379,6694.0,False,12.100000000000001,18.900000000000002,5.1000000000000005
380,6707.0,False,11.700000000000001,19.400000000000002,5.2
381,6722.0,False,11.0,20.0,5.7
382,6740.0,False,9.3,20.8,7.4
383,6756.0,False,8.8,21.200000000000003,8.4
384,6772.0,False,8.4,21.900000000000002,10.4
385,6789.0,False,8.9,22.3,11.200000000000001
386,6805.0,False,9.200000000000001,22.3,11.100000000000001
387,6822.0,False,9.700000000000001,21.700000000000003,10.4
388,6839.0,False,9.8,21.6,10.200000000000001
389,6855.0,False,9.8,21.8,10.200000000000001
390,6872.0,False,9.8,22.6,11.0
391,6889.0,False,9.8,23.6,12.4
392,6908.0,False,10.100000000000001,24.3,13.0
393,6932.0,False,10.3,24.700000000000003,12.4
394,6939.0,False,10.3,24.700000000000003,12.0
395,6957.0,False,10.4,24.5,11.600000000000001
396,6977.0,False,10.600000000000001,23.900000000000002,11.100000000000001
397,6990.0,False,10.9,23.3,11.3
398,7005.0,False,11.100000000000001,23.1,11.700000000000001
399,7023.0,False,11.4,23.1,12.5
400,7039.0,False,11.200000000000001,23.700000000000003,12.8
401,7055.0,False,11.100000000000001,24.0,12.8
402,7072.0,False,10.8,24.5,12.700000000000001
403,7089.0,False,10.8,24.5,12.5
404,7123.0,False,10.700000000000001,24.700000000000003,12.100000000000001
405,7141.0,False,9.700000000000001,25.0,11.4
406,7156.0,False,8.8,25.0,11.600000000000001
407,7176.0,False,6.9,24.8,13.100000000000001
408,7196.0,False,5.5,24.900000000000002,15.0
409,7208.0,False,5.0,25.400000000000002,15.600000000000001
410,7222.0,False,5.1000000000000005,25.6,15.4
411,7239.0,False,5.5,25.400000000000002,15.0
412,7255.0,False,5.800000000000001,25.200000000000003,14.9
413,7275.0,False,6.2,24.900000000000002,15.3
414,7292.0,False,6.6000000000000005,24.700000000000003,15.9
415,7308.0,False,6.7,24.6,16.1
416,7322.0,False,6.800000000000001,24.400000000000002,16.2
417,7339.0,False,6.800000000000001,24.0,16.400000000000002
418,7355.0,False,6.9,23.6,16.6
419,7372.0,False,7.0,23.1,16.8
420,7389.0,False,7.0,23.1,16.6
421,7406.0,False,6.9,23.200000000000003,16.5
422,7422.0,False,6.4,23.400000000000002,16.7
423,7439.0,False,6.1000000000000005,23.3,17.6
424,7455.0,False,6.0,23.3,18.1
425,7472.0,False,5.800000000000001,23.5,18.900000000000002
426,7493.0,False,5.7,23.900000000000002,19.3
427,7507.0,False,5.4,24.400000000000002,19.6
428,7522.0,False,5.300000000000001,24.5,19.8
429,7539.0,False,5.4,24.400000000000002,20.200000000000003
430,7555.0,False,5.5,24.3,20.5
431,7572.0,False,5.800000000000001,24.200000000000003,21.1
432,7589.0,False,6.1000000000000005,24.400000000000002,21.5
433,7606.0,False,6.0,24.5,21.6
434,7622.0,False,5.7,24.5,21.8
435,7638.0,False,5.7,24.200000000000003,21.8
436,7655.0,False,6.2,23.200000000000003,21.900000000000002
437,7672.0,False,7.2,22.0,21.8
438,7689.0,False,8.1,20.700000000000003,21.200000000000003
439,7706.0,False,8.4,20.0,20.700000000000003
440,7723.0,False,8.4,19.700000000000003,20.6
441,7739.0,False,8.1,19.0,21.200000000000003
442,7760.0,False,7.9,18.2,22.1
443,7774.0,False,7.800000000000001,18.0,22.6
444,7789.0,False,7.7,17.8,23.1
445,7806.0,False,7.6000000000000005,17.400000000000002,24.200000000000003
446,7823.0,False,7.7,17.3,24.400000000000002
447,7841.0,False,7.9,17.0,24.8
448,7859.0,False,8.0,17.0,25.1
449,7872.0,False,8.0,17.400000000000002,26.3
450,7888.0,False,8.0,17.8,27.0
451,7905.0,False,7.800000000000001,18.7,28.400000000000002
452,7927.0,False,7.9,19.400000000000002,29.200000000000003
453,7939.0,False,8.1,20.1,29.6
454,7955.0,False,8.200000000000001,20.400000000000002,29.8
455,7974.0,False,8.3,20.8,29.900000000000002
456,7995.0,False,8.4,21.1,29.8
457,8006.0,False,8.5,21.200000000000003,30.0
458,8022.0,False,8.6,21.1,30.200000000000003
459,8039.0,False,9.0,20.8,30.700000000000003
460,8055.0,False,9.200000000000001,20.6,30.8
461,8072.0,False,9.5,19.900000000000002,30.6
462,8088.0,False,9.5,19.400000000000002,29.400000000000002
463,8109.0,False,9.200000000000001,19.0,28.200000000000003
464,8122.0,False,9.0,18.8,27.900000000000002
465,8143.0,False,8.700000000000001,17.900000000000002,28.0
466,8157.0,False,8.700000000000001,17.3,28.1
467,8176.0,False,8.8,16.2,28.1
468,8190.0,False,8.5,15.200000000000001,27.6
469,8205.0,False,8.3,14.8,27.200000000000003
470,8224.0,False,8.200000000000001,14.200000000000001,27.1
471,8238.0,False,8.5,13.8,27.6
472,8255.0,False,8.6,13.600000000000001,27.900000000000002
473,8272.0,False,8.6,13.200000000000001,28.3
474,8289.0,False,8.5,12.9,28.8
475,8306.0,False,8.4,12.9,29.200000000000003
476,8323.0,False,8.3,12.9,29.900000000000002
477,8339.0,False,8.1,12.8,30.200000000000003
478,8356.0,False,7.9,12.700000000000001,30.3
479,8372.0,False,7.300000000000001,12.5,30.400000000000002
480,8388.0,False,6.2,12.5,30.200000000000003
481,8409.0,False,5.300000000000001,12.9,29.400000000000002
482,8422.0,False,5.2,13.200000000000001,29.1
483,8438.0,False,5.1000000000000005,13.9,28.6
484,8455.0,False,5.1000000000000005,14.3,28.5
485,8472.0,False,4.7,15.200000000000001,28.3
486,8488.0,False,4.4,16.2,28.3
487,8507.0,False,4.2,16.6,28.5
488,8525.0,False,4.1000000000000005,17.2,29.200000000000003
489,8541.0,False,4.0,17.6,30.200000000000003
490,8556.0,False,4.0,17.6,30.8
491,8580.0,False,3.9000000000000004,17.8,32.300000000000004
492,8588.0,False,3.8000000000000003,17.7,32.6
493,8609.0,False,3.3000000000000003,17.5,33.4
494,8622.0,False,3.1,17.3,34.2
495,8640.0,False,3.0,16.3,36.2
496,8658.0,False,3.2,15.600000000000001,36.9
497,8675.0,False,3.8000000000000003,13.9,37.1
498,8689.0,False,3.9000000000000004,12.3,36.6
499,8705.0,False,3.6,11.700000000000001,36.7
500,8722.0,False,2.4000000000000004,10.600000000000001,38.0
501,8738.0,False,0.5,9.600000000000001,41.300000000000004
502,8759.0,False,359.3,9.200000000000001,43.5
503,8776.0,False,356.90000000000003,8.3,48.300000000000004
504,8789.0,False,354.20000000000005,7.2,53.400000000000006
505,8808.0,False,351.3,5.800000000000001,58.400000000000006
506,8822.0,False,349.8,5.0,60.800000000000004
507,8856.0,False,345.6,2.5,67.60000000000001
508,8875.0,False,343.20000000000005,0.6000000000000001,71.9
509,368176.0,False,13.700000000000001,24.6,3.7
510,368209.0,False,14.700000000000001,24.6,3.7
511,368224.0,False,15.100000000000001,24.6,3.7
512,368264.0,False,15.4,24.6,3.7
513,368274.0,False,15.600000000000001,24.6,3.7
514,368293.0,False,15.9,24.6,3.7
515,368307.0,False,16.3,24.6,3.7
516,368324.0,False,16.900000000000002,24.6,3.7
517,368357.0,False,16.3,24.6,3.7
518,368374.0,False,15.700000000000001,24.6,3.7
519,368393.0,False,15.5,24.6,3.7
520,368412.0,False,15.600000000000001,24.6,3.7
521,368430.0,False,16.0,24.1,4.2
522,368443.0,False,16.3,23.400000000000002,4.6000000000000005
523,368457.0,False,16.400000000000002,23.400000000000002,4.5
524,368474.0,False,16.5,23.6,4.1000000000000005
525,368491.0,False,16.5,23.900000000000002,3.9000000000000004
526,368508.0,False,16.5,24.5,3.6
527,368524.0,False,16.400000000000002,25.0,3.5
528,368541.0,False,16.3,25.200000000000003,3.4000000000000004
529,368558.0,False,16.400000000000002,25.5,3.2
530,368575.0,False,16.5,25.5,3.0
531,368609.0,False,16.5,25.200000000000003,2.9000000000000004
532,368625.0,False,16.400000000000002,25.0,3.2
533,368642.0,False,16.400000000000002,25.0,3.4000000000000004
534,368659.0,False,16.3,25.1,3.8000000000000003
535,368675.0,False,16.3,25.400000000000002,3.8000000000000003
536,368691.0,False,16.3,25.6,3.6
537,368707.0,False,16.400000000000002,25.900000000000002,3.2
538,368724.0,False,16.400000000000002,25.900000000000002,3.4000000000000004
539,368757.0,False,16.400000000000002,25.900000000000002,3.9000000000000004
540,368774.0,False,16.400000000000002,26.200000000000003,3.8000000000000003
541,368798.0,False,16.5,26.700000000000003,3.1
542,368808.0,False,16.6,26.8,2.5
543,368824.0,False,17.2,27.0,1.2000000000000002
544,368841.0,False,17.6,27.0,0.8
545,368857.0,False,18.7,27.1,0.2
546,368874.0,False,19.8,27.0,-1.1
547,368891.0,False,20.3,26.900000000000002,-1.9000000000000001
548,368907.0,False,20.900000000000002,26.400000000000002,-3.2
549,368924.0,False,21.200000000000003,25.6,-3.6
550,368941.0,False,21.200000000000003,25.200000000000003,-3.4000000000000004
551,368957.0,False,21.200000000000003,24.400000000000002,-2.6
552,368974.0,False,21.3,23.700000000000003,-2.0
553,368991.0,False,21.5,23.3,-1.9000000000000001
554,369010.0,False,21.700000000000003,22.5,-2.1
555,369024.0,False,21.700000000000003,22.0,-2.2
556,369040.0,False,21.700000000000003,21.200000000000003,-2.4000000000000004
557,369058.0,False,21.5,20.8,-2.4000000000000004
558,369091.0,False,21.400000000000002,20.900000000000002,-2.3000000000000003
559,369107.0,False,21.400000000000002,21.200000000000003,-1.8
560,369124.0,False,21.6,21.3,-1.1
561,369141.0,False,21.700000000000003,21.3,-0.7000000000000001
562,369159.0,False,21.900000000000002,21.1,-0.5
563,369174.0,False,22.0,20.8,-0.4
564,369193.0,False,22.3,20.700000000000003,0.0
565,369211.0,False,22.5,20.8,0.30000000000000004
566,369225.0,False,22.6,20.900000000000002,0.6000000000000001
567,369243.0,False,22.700000000000003,21.200000000000003,0.9
568,369258.0,False,22.900000000000002,21.5,0.9
569,369274.0,False,22.900000000000002,21.6,1.1
570,369298.0,False,22.6,22.0,1.6
571,369308.0,False,22.0,22.3,1.7000000000000002
572,369335.0,False,19.6,23.400000000000002,2.1
573,369374.0,False,19.6,23.900000000000002,3.4000000000000004
574,369408.0,False,22.400000000000002,25.1,1.8
575,369425.0,False,22.900000000000002,26.1,0.6000000000000001
576,369441.0,False,22.900000000000002,26.5,0.30000000000000004
577,369458.0,False,22.6,27.400000000000002,0.30000000000000004
578,369474.0,False,22.6,28.0,1.3
579,369491.0,False,22.8,28.1,1.9000000000000001
580,369509.0,False,23.5,28.3,2.8000000000000003
581,369524.0,False,24.3,28.200000000000003,2.7
582,369541.0,False,24.6,28.200000000000003,2.5
583,369558.0,False,24.8,28.0,2.4000000000000004
584,369575.0,False,25.0,27.8,2.9000000000000004
585,369594.0,False,25.200000000000003,28.1,4.0
586,369608.0,False,25.400000000000002,28.3,4.4
587,369627.0,False,25.6,28.6,4.5
588,369643.0,False,26.0,29.1,4.2
589,369664.0,False,26.5,29.3,3.5
590,369676.0,False,26.8,29.1,2.8000000000000003
591,369691.0,False,26.8,29.0,2.7
592,369713.0,False,26.5,29.1,2.2
593,369741.0,False,26.3,29.400000000000002,2.2
594,369758.0,False,26.1,29.8,2.5
595,369778.0,False,26.0,30.1,2.8000000000000003
596,369797.0,False,26.0,30.1,2.9000000000000004
597,369808.0,False,25.5,30.1,3.1
598,369824.0,False,25.200000000000003,30.200000000000003,3.1
599,369841.0,False,24.400000000000002,30.400000000000002,3.4000000000000004
600,369858.0,False,23.900000000000002,30.3,4.1000000000000005
601,369883.0,False,23.6,30.0,5.1000000000000005
602,369907.0,False,23.5,30.700000000000003,5.5
603,369924.0,False,23.5,31.1,5.2
604,369944.0,False,23.5,31.700000000000003,4.7
605,369958.0,False,23.200000000000003,31.5,4.9
606,369975.0,False,22.700000000000003,30.8,5.6000000000000005
607,369993.0,False,22.5,30.5,6.0
608,370012.0,False,22.200000000000003,29.900000000000002,6.6000000000000005
609,370037.0,False,22.200000000000003,28.8,7.0
610,370061.0,False,22.1,28.200000000000003,7.1000000000000005
611,370075.0,False,21.900000000000002,28.0,7.300000000000001
612,370092.0,False,21.6,28.0,7.4
613,370107.0,False,21.1,28.200000000000003,7.9
614,370124.0,False,20.900000000000002,28.3,8.200000000000001
615,370141.0,False,20.400000000000002,28.3,9.1
616,370157.0,False,20.0,28.400000000000002,9.600000000000001
617,370174.0,False,19.6,28.3,9.700000000000001
618,370198.0,False,19.400000000000002,28.400000000000002,9.700000000000001
619,370220.0,False,19.3,28.400000000000002,9.700000000000001
620,370231.0,False,19.3,28.5,10.0
621,370241.0,False,19.3,28.700000000000003,10.100000000000001
622,370258.0,False,19.3,28.900000000000002,10.200000000000001
623,370274.0,False,19.400000000000002,28.900000000000002,10.100000000000001
624,370291.0,False,19.400000000000002,28.8,10.200000000000001
625,370326.0,False,19.5,28.5,10.5
626,370344.0,False,19.3,28.900000000000002,10.5
627,370357.0,False,19.1,29.3,10.3
628,370381.0,False,19.400000000000002,28.900000000000002,10.5
629,370392.0,False,19.700000000000003,28.5,10.600000000000001
630,370411.0,False,20.400000000000002,27.900000000000002,10.700000000000001
631,370432.0,False,20.6,28.200000000000003,10.4
632,370441.0,False,20.6,28.6,10.3
633,370460.0,False,20.5,29.400000000000002,10.5
634,370489.0,False,20.400000000000002,29.400000000000002,11.5
635,370513.0,False,20.700000000000003,28.700000000000003,11.8
636,370525.0,False,21.200000000000003,28.1,11.8
637,370541.0,False,21.5,27.900000000000002,11.8
638,370558.0,False,22.0,27.900000000000002,11.8
639,370586.0,False,22.400000000000002,28.0,11.8
640,370609.0,False,22.6,28.0,11.700000000000001
641,370627.0,False,22.900000000000002,28.200000000000003,11.5
642,370659.0,False,23.3,28.6,11.4
643,370682.0,False,23.6,28.900000000000002,11.4
644,370691.0,False,23.700000000000003,29.0,11.4
645,370708.0,False,23.8,29.3,11.3
646,370725.0,False,23.900000000000002,29.700000000000003,11.0
647,370744.0,False,23.900000000000002,29.900000000000002,10.9
648,370762.0,False,23.700000000000003,30.3,10.8
649,370782.0,False,23.5,30.6,10.8
650,370795.0,False,23.0,30.700000000000003,10.8
651,370810.0,False,22.700000000000003,30.700000000000003,10.8
652,370825.0,False,22.400000000000002,30.700000000000003,10.8
653,370841.0,False,21.6,30.8,10.4
654,370858.0,False,21.0,30.700000000000003,9.700000000000001
655,370876.0,False,20.900000000000002,29.8,9.5
656,370898.0,False,20.900000000000002,28.8,9.8
657,370908.0,False,20.8,28.5,9.9
658,370930.0,False,20.5,28.700000000000003,9.9
659,370941.0,False,20.200000000000003,28.900000000000002,9.9
660,370958.0,False,19.6,29.3,10.0
661,370977.0,False,18.8,29.400000000000002,10.3
662,370991.0,False,18.5,29.200000000000003,10.4
663,371008.0,False,18.1,28.8,10.700000000000001
664,371026.0,False,18.0,28.200000000000003,10.9
665,371041.0,False,18.0,27.8,11.0
666,371058.0,False,18.1,27.1,11.0
667,371078.0,False,18.1,26.700000000000003,10.8
668,371091.0,False,17.900000000000002,26.5,10.600000000000001
669,371107.0,False,17.400000000000002,26.3,10.5
670,371128.0,False,17.0,26.3,10.4
671,371141.0,False,16.8,26.3,10.4
672,371158.0,False,16.6,26.3,10.3
673,371182.0,False,16.6,26.400000000000002,10.0
674,371191.0,False,16.5,26.400000000000002,9.8
675,371208.0,False,16.6,26.3,9.3
676,371224.0,False,16.7,26.1,8.700000000000001
677,371241.0,False,16.900000000000002,26.1,8.5
678,371258.0,False,17.3,26.0,8.200000000000001
679,371279.0,False,17.8,25.8,8.1
680,371298.0,False,18.0,25.700000000000003,8.1
681,371310.0,False,18.5,25.1,8.1
682,371334.0,False,19.200000000000003,24.6,8.0
683,371426.0,False,22.1,21.200000000000003,7.6000000000000005
684,371443.0,False,22.200000000000003,21.5,7.4
685,371462.0,False,22.3,22.400000000000002,7.2
686,371484.0,False,21.900000000000002,23.1,7.6000000000000005
687,371495.0,False,21.5,23.400000000000002,8.3
688,371525.0,False,21.5,23.200000000000003,8.6
689,371541.0,False,21.8,23.1,8.5
690,371561.0,False,22.400000000000002,23.200000000000003,8.5
691,371579.0,False,23.0,23.5,8.5
692,371592.0,False,23.200000000000003,23.700000000000003,8.5
693,371610.0,False,23.400000000000002,24.1,8.700000000000001
694,371629.0,False,23.6,24.5,8.9
695,371645.0,False,23.900000000000002,24.8,9.0
696,371658.0,False,24.1,24.900000000000002,8.9
697,371674.0,False,24.5,25.1,8.700000000000001
698,371695.0,False,24.900000000000002,25.1,8.4
699,371707.0,False,25.0,25.0,8.3
700,371724.0,False,25.200000000000003,25.0,8.3
701,371758.0,False,25.6,25.200000000000003,7.5
702,371781.0,False,25.900000000000002,25.0,6.5
703,371791.0,False,26.1,24.8,5.9
704,371808.0,False,26.700000000000003,24.0,4.800000000000001
705,371824.0,False,27.3,22.700000000000003,4.2
706,371841.0,False,27.6,22.0,3.9000000000000004
707,371861.0,False,28.200000000000003,20.5,3.0
708,371874.0,False,28.3,19.6,2.5
709,371896.0,False,29.1,16.5,1.9000000000000001
710,371909.0,False,29.6,15.4,2.1
711,371924.0,False,30.900000000000002,13.700000000000001,2.2
712,371941.0,False,31.5,13.4,1.9000000000000001
713,371958.0,False,32.300000000000004,13.700000000000001,1.2000000000000002
714,371974.0,False,32.5,14.600000000000001,0.6000000000000001
715,371991.0,False,32.4,14.8,0.5
716,372016.0,False,32.0,13.9,1.0
717,372041.0,False,31.8,12.200000000000001,2.2
718,372057.0,False,32.0,10.3,3.5
719,372081.0,False,33.0,9.3,4.4
720,372092.0,False,33.6,9.1,4.800000000000001
721,372108.0,False,34.5,9.5,5.300000000000001
722,372124.0,False,34.7,9.9,5.4
723,372141.0,False,34.2,10.8,5.6000000000000005
724,372159.0,False,33.300000000000004,11.100000000000001,5.7
725,372174.0,False,32.7,10.200000000000001,5.9
726,372197.0,False,32.7,8.8,6.2
727,372208.0,False,32.7,8.200000000000001,6.4
728,372225.0,False,32.7,7.9,6.6000000000000005
729,372241.0,False,32.5,7.9,6.5
730,372257.0,False,32.2,8.700000000000001,6.0
731,372280.0,False,32.0,9.700000000000001,5.5
732,372309.0,False,31.900000000000002,10.700000000000001,5.300000000000001
733,372324.0,False,31.900000000000002,10.9,5.2
734,372341.0,False,31.900000000000002,11.4,4.9
735,372357.0,False,31.900000000000002,12.100000000000001,4.5
736,372374.0,False,31.900000000000002,13.200000000000001,3.9000000000000004
737,372396.0,False,32.300000000000004,14.0,3.7
738,372408.0,False,32.7,14.100000000000001,3.8000000000000003
739,372428.0,False,33.4,14.0,4.2
740,372442.0,False,33.5,14.0,4.1000000000000005
741,372458.0,False,33.4,14.5,3.0
742,372475.0,False,33.1,15.200000000000001,1.8
743,372493.0,False,33.0,15.600000000000001,1.6
744,372509.0,False,33.0,16.0,1.6
745,372525.0,False,33.1,16.0,1.7000000000000002
746,372541.0,False,33.300000000000004,15.8,1.6
747,372557.0,False,33.7,15.600000000000001,1.3
748,372576.0,False,34.1,15.5,1.2000000000000002
749,372596.0,False,34.4,15.4,1.5
750,372607.0,False,34.5,15.5,1.5
751,372624.0,False,34.6,15.600000000000001,1.6
752,372644.0,False,34.800000000000004,16.1,1.8
753,372660.0,False,35.0,16.900000000000002,1.9000000000000001
754,372687.0,False,35.300000000000004,17.6,2.1
755,372693.0,False,35.5,18.1,2.1
756,372708.0,False,35.5,18.400000000000002,2.0
757,372727.0,False,35.5,19.1,1.9000000000000001
758,372743.0,False,35.4,19.6,1.8
759,372757.0,False,35.300000000000004,20.700000000000003,1.9000000000000001
760,372774.0,False,35.1,21.900000000000002,2.1
761,372790.0,False,34.9,22.5,2.2
762,372807.0,False,34.4,23.6,2.2
763,372824.0,False,33.7,25.0,2.5
764,372840.0,False,33.300000000000004,25.8,2.7
765,372858.0,False,32.6,27.6,3.2
766,372874.0,False,31.700000000000003,29.0,3.2
767,372890.0,False,31.1,29.3,2.9000000000000004
768,372908.0,False,29.900000000000002,29.6,2.7
769,372925.0,False,29.0,29.8,3.9000000000000004
770,372941.0,False,28.8,29.900000000000002,4.9
771,372957.0,False,28.3,30.400000000000002,5.9
772,372975.0,False,27.900000000000002,31.3,4.7
773,372990.0,False,27.700000000000003,31.700000000000003,3.5
774,373007.0,False,27.400000000000002,31.900000000000002,1.2000000000000002
775,373024.0,False,27.200000000000003,31.5,-0.2
776,373040.0,False,27.0,31.1,-0.4
777,373057.0,False,26.700000000000003,30.400000000000002,-0.4
778,373074.0,False,26.6,30.0,-0.6000000000000001
779,373090.0,False,26.6,29.200000000000003,-1.3
780,373108.0,False,26.6,28.700000000000003,-1.8
781,389170.0,False,19.900000000000002,30.5,-12.200000000000001
782,389186.0,False,20.200000000000003,30.5,-12.200000000000001
783,389218.0,False,21.6,30.5,-12.200000000000001
784,389234.0,False,21.8,30.5,-12.200000000000001
785,389301.0,False,21.8,30.5,-11.9
786,389318.0,False,22.0,30.3,-11.3
787,389334.0,False,17.6,25.200000000000003,-1.2000000000000002
788,389351.0,False,17.2,24.200000000000003,-0.2
789,389368.0,False,17.3,24.1,-0.4
790,389384.0,False,17.5,24.5,-1.2000000000000002
791,389401.0,False,17.6,24.900000000000002,-1.2000000000000002
792,389418.0,False,17.6,25.8,-0.9
793,389434.0,False,17.7,27.1,-0.9
794,389451.0,False,17.8,28.200000000000003,-0.7000000000000001
795,389468.0,False,17.6,28.8,-0.30000000000000004
796,389484.0,False,17.5,29.6,0.2
797,389501.0,False,17.5,29.8,0.2
798,389518.0,False,17.8,29.900000000000002,-0.2
799,389535.0,False,18.0,29.8,-0.5
800,389551.0,False,18.0,29.6,-0.7000000000000001
801,389568.0,False,17.8,29.6,-0.8
802,389584.0,False,17.400000000000002,29.700000000000003,-0.9
803,389601.0,False,17.2,29.900000000000002,-0.9
804,389618.0,False,16.7,30.1,-0.7000000000000001
805,389634.0,False,16.5,30.3,-0.2
806,389651.0,False,16.400000000000002,30.200000000000003,0.30000000000000004
807,389669.0,False,16.3,30.1,0.4
808,389686.0,False,15.9,29.900000000000002,0.4
809,389705.0,False,15.600000000000001,29.700000000000003,0.5
810,389718.0,False,15.200000000000001,29.1,1.2000000000000002
811,389735.0,False,15.0,28.0,2.3000000000000003
812,389751.0,False,14.9,27.200000000000003,3.2
813,389768.0,False,14.8,27.0,3.3000000000000003
814,389785.0,False,14.600000000000001,27.0,2.7
815,389802.0,False,14.5,27.0,2.2
816,389819.0,False,14.4,26.900000000000002,1.7000000000000002
817,389835.0,False,14.4,26.3,2.0
818,389851.0,False,14.600000000000001,25.5,2.6
819,389868.0,False,14.700000000000001,25.200000000000003,2.9000000000000004
820,389889.0,False,14.8,24.900000000000002,2.9000000000000004
821,389902.0,False,15.200000000000001,24.400000000000002,2.6
822,389918.0,False,15.600000000000001,23.8,2.1
823,389935.0,False,16.1,23.200000000000003,1.9000000000000001
824,389952.0,False,16.3,22.700000000000003,1.9000000000000001
825,389973.0,False,16.400000000000002,22.3,1.9000000000000001
826,390003.0,False,16.3,22.1,2.0
827,390020.0,False,16.1,22.0,2.1
828,390036.0,False,15.9,22.0,2.3000000000000003
829,390054.0,False,15.8,22.1,2.4000000000000004
830,390077.0,False,15.9,22.200000000000003,2.5
831,390100.0,False,16.0,22.400000000000002,2.6
832,390118.0,False,16.2,22.700000000000003,2.4000000000000004
833,390137.0,False,16.5,23.1,2.0
834,390152.0,False,16.6,23.3,1.7000000000000002
835,390175.0,False,17.1,23.400000000000002,1.2000000000000002
836,390196.0,False,17.5,23.1,1.5
837,390214.0,False,18.0,22.8,2.0
838,390234.0,False,18.1,22.8,2.2
839,390251.0,False,18.3,23.0,1.7000000000000002
840,390269.0,False,18.2,23.0,1.6
841,390285.0,False,18.2,22.6,1.8
842,390301.0,False,18.3,22.200000000000003,2.2
843,390320.0,False,18.7,21.1,3.2
844,390337.0,False,19.3,20.400000000000002,3.3000000000000003
845,390352.0,False,19.6,20.200000000000003,3.0
846,390369.0,False,20.1,20.1,2.0
847,390385.0,False,20.200000000000003,20.1,1.6
848,390404.0,False,20.400000000000002,19.900000000000002,1.7000000000000002
849,390418.0,False,20.6,19.6,2.6
850,390438.0,False,20.900000000000002,19.3,3.3000000000000003
851,390451.0,False,21.700000000000003,19.3,3.2
852,390472.0,False,22.1,19.3,2.9000000000000004
853,390485.0,False,22.5,19.400000000000002,2.6
854,390507.0,False,23.3,19.5,2.2
855,390519.0,False,23.400000000000002,19.700000000000003,2.2
856,390535.0,False,23.400000000000002,20.200000000000003,2.1
857,390551.0,False,23.5,20.700000000000003,2.0
858,390568.0,False,23.900000000000002,21.6,1.4000000000000001
859,390593.0,False,24.5,22.400000000000002,0.8
860,390602.0,False,24.8,22.700000000000003,0.6000000000000001
861,390618.0,False,25.400000000000002,23.200000000000003,0.30000000000000004
862,390635.0,False,25.700000000000003,23.400000000000002,0.1
863,390687.0,False,26.900000000000002,25.0,-2.8000000000000003
864,390703.0,False,26.900000000000002,25.3,-3.0
865,390719.0,False,27.1,25.900000000000002,-2.9000000000000004
866,390734.0,False,27.0,26.6,-2.8000000000000003
867,390751.0,False,26.900000000000002,27.0,-3.0
868,390769.0,False,26.400000000000002,27.6,-2.9000000000000004
869,390785.0,False,26.0,27.700000000000003,-1.6
870,390803.0,False,25.8,27.6,-0.7000000000000001
871,390818.0,False,25.700000000000003,27.1,0.4
872,390835.0,False,25.6,27.0,0.4
873,390852.0,False,25.6,27.0,0.1
874,390868.0,False,25.6,27.3,-0.2
875,390888.0,False,25.6,27.6,0.0
876,390901.0,False,25.8,27.8,0.4
877,390928.0,False,26.5,28.400000000000002,1.6
878,390935.0,False,26.900000000000002,28.6,1.8
879,390951.0,False,27.700000000000003,28.8,1.8
880,390968.0,False,28.0,28.700000000000003,1.6
881,390986.0,False,28.3,28.6,1.3
882,391002.0,False,28.3,28.5,1.4000000000000001
883,391018.0,False,28.0,28.6,1.9000000000000001
884,391035.0,False,27.900000000000002,28.8,2.4000000000000004
885,391051.0,False,27.6,29.700000000000003,3.5
886,391068.0,False,27.200000000000003,30.900000000000002,4.800000000000001
887,391087.0,False,26.700000000000003,32.0,6.4
888,391102.0,False,26.3,32.5,7.0
889,391118.0,False,25.700000000000003,33.2,7.9
890,391135.0,False,25.400000000000002,33.300000000000004,7.800000000000001
891,391153.0,False,25.3,33.1,7.1000000000000005
892,391170.0,False,25.3,32.9,6.800000000000001
893,391185.0,False,25.200000000000003,32.9,6.7
894,391206.0,False,24.6,33.0,7.1000000000000005
895,391219.0,False,24.3,33.300000000000004,7.5
896,391235.0,False,23.6,34.1,8.0
897,391255.0,False,22.8,35.2,7.7
898,391268.0,False,22.5,35.800000000000004,7.4
899,391285.0,False,22.1,36.2,7.0
900,391301.0,False,22.1,36.1,7.1000000000000005
901,391319.0,False,22.400000000000002,35.6,7.0
902,391336.0,False,22.700000000000003,35.1,6.300000000000001
903,391352.0,False,22.8,35.0,5.7
904,391368.0,False,22.8,34.7,4.7
905,391385.0,False,22.5,34.4,4.6000000000000005
906,391405.0,False,22.1,34.0,5.5
907,391419.0,False,22.0,33.9,6.0
908,391436.0,False,21.8,33.6,6.5
909,391453.0,False,22.0,33.5,6.2
910,391473.0,False,22.3,33.5,5.5
911,391485.0,False,22.3,33.5,5.2
912,391518.0,False,22.200000000000003,33.7,5.2
913,391537.0,False,22.0,33.9,5.5
914,391553.0,False,22.1,34.1,5.5
915,391568.0,False,22.3,34.300000000000004,5.0
916,391585.0,False,22.6,34.4,4.6000000000000005
917,391605.0,False,23.400000000000002,34.2,3.6
918,391618.0,False,23.400000000000002,34.0,3.4000000000000004
919,391635.0,False,23.400000000000002,33.9,3.2
920,391653.0,False,23.200000000000003,33.800000000000004,3.1
921,391669.0,False,23.1,33.800000000000004,3.2
922,391687.0,False,22.900000000000002,33.800000000000004,3.5
923,391702.0,False,22.700000000000003,33.9,3.5
924,391719.0,False,22.0,34.4,3.0
925,391737.0,False,21.3,34.9,2.6
926,391752.0,False,20.700000000000003,34.800000000000004,3.3000000000000003
927,391770.0,False,20.5,34.7,3.7
928,391795.0,False,20.3,33.9,4.0
929,391818.0,False,20.1,33.6,3.7
930,391835.0,False,19.8,33.300000000000004,3.5
931,391852.0,False,19.6,33.1,3.6
932,391872.0,False,19.3,32.6,3.9000000000000004
933,391888.0,False,19.200000000000003,31.900000000000002,4.3
934,391901.0,False,19.3,31.400000000000002,4.5
935,391918.0,False,19.6,30.400000000000002,4.800000000000001
936,391935.0,False,19.900000000000002,29.6,4.7
937,391955.0,False,19.900000000000002,29.0,4.1000000000000005
938,391971.0,False,19.900000000000002,28.900000000000002,3.9000000000000004
939,391985.0,False,19.700000000000003,28.900000000000002,3.7
940,392009.0,False,19.1,29.200000000000003,4.2
941,392022.0,False,19.0,29.3,4.5
942,392034.0,False,18.8,29.6,5.1000000000000005
943,392051.0,False,18.7,29.8,5.2
944,392068.0,False,18.8,29.900000000000002,5.1000000000000005
945,392085.0,False,19.1,29.8,4.6000000000000005
946,392101.0,False,19.200000000000003,29.6,4.2
947,392119.0,False,19.3,28.900000000000002,3.4000000000000004
948,392137.0,False,19.200000000000003,28.1,2.9000000000000004
949,392153.0,False,18.7,27.400000000000002,2.7
950,392169.0,False,18.5,27.0,2.8000000000000003
951,392187.0,False,18.1,26.3,3.3000000000000003
952,392218.0,False,17.2,25.700000000000003,2.8000000000000003
953,392235.0,False,16.6,25.5,2.0
954,392256.0,False,16.5,24.6,2.0
955,392268.0,False,16.6,23.900000000000002,2.2
956,392288.0,False,17.2,22.5,2.2
957,392302.0,False,17.400000000000002,22.0,1.8
958,392318.0,False,17.6,21.400000000000002,0.8
959,392335.0,False,17.6,21.3,-0.1
960,392351.0,False,17.400000000000002,21.3,-0.30000000000000004
961,392368.0,False,17.1,21.3,-0.2
962,392394.0,False,16.6,21.200000000000003,0.6000000000000001
963,392404.0,False,16.400000000000002,21.200000000000003,1.0
964,392418.0,False,16.6,21.0,1.6
965,392435.0,False,17.2,20.5,1.3
966,392454.0,False,17.5,20.1,0.5
967,392468.0,False,17.7,20.0,0.1
968,392485.0,False,17.8,20.0,-0.2
969,392502.0,False,18.1,20.3,-0.4
970,392518.0,False,18.5,21.200000000000003,-0.30000000000000004
971,392535.0,False,18.900000000000002,22.1,-0.1
972,392551.0,False,19.0,22.5,-0.1
973,392568.0,False,18.900000000000002,23.0,-0.2
974,392585.0,False,18.7,23.0,-0.4
975,392609.0,False,17.6,22.8,-1.0
976,392618.0,False,17.2,22.700000000000003,-1.2000000000000002
977,392635.0,False,16.6,22.5,-1.1
978,392651.0,False,16.400000000000002,22.5,-0.8
979,392669.0,False,15.9,22.5,0.0
980,392684.0,False,15.4,22.6,0.30000000000000004
981,392701.0,False,14.100000000000001,23.0,0.2
982,392718.0,False,12.8,23.200000000000003,-0.1
983,392735.0,False,12.100000000000001,22.3,0.6000000000000001
984,392752.0,False,12.0,21.6,1.4000000000000001
985,392768.0,False,12.0,20.1,2.8000000000000003
986,392789.0,False,11.9,19.1,3.2
987,392812.0,False,11.600000000000001,18.900000000000002,2.4000000000000004
988,392818.0,False,11.5,19.0,2.0
989,392835.0,False,11.3,19.3,1.6
990,392851.0,False,11.5,19.3,2.0
991,392869.0,False,11.600000000000001,19.3,2.3000000000000003
992,392885.0,False,11.9,19.200000000000003,2.5
993,392902.0,False,12.4,18.900000000000002,2.4000000000000004
994,392918.0,False,12.5,18.2,1.7000000000000002
995,392936.0,False,12.3,17.6,1.2000000000000002
996,392951.0,False,12.0,17.400000000000002,1.3
997,392972.0,False,11.9,17.5,1.4000000000000001
998,392985.0,False,11.600000000000001,17.8,1.5
999,393002.0,False,11.5,18.0,1.5
1000,393020.0,False,11.200000000000001,18.2,1.3
1001,393038.0,False,10.600000000000001,18.0,0.7000000000000001
1002,393054.0,False,9.700000000000001,17.3,0.2
1003,393069.0,False,9.4,16.8,-0.1
1004,393085.0,False,9.200000000000001,16.2,-0.30000000000000004
1005,393102.0,False,9.0,15.0,-1.0
1006,393120.0,False,8.9,13.9,-1.6
1007,393137.0,False,9.0,13.0,-2.1
1008,393155.0,False,9.5,12.3,-2.6
1009,393171.0,False,9.700000000000001,12.0,-2.7
1010,393186.0,False,10.0,11.700000000000001,-2.7
1011,393201.0,False,10.5,11.4,-3.2
1012,393218.0,False,11.200000000000001,11.100000000000001,-4.1000000000000005
1013,393235.0,False,12.100000000000001,10.0,-3.8000000000000003
1014,393251.0,False,12.200000000000001,9.4,-3.1
1015,393268.0,False,12.200000000000001,8.8,-1.9000000000000001
1016,393288.0,False,12.5,9.5,-1.7000000000000002
1017,393302.0,False,12.600000000000001,10.100000000000001,-1.7000000000000002
1018,393318.0,False,12.600000000000001,11.3,-1.6
1019,393334.0,False,12.4,12.0,-1.1
1020,393351.0,False,12.5,12.3,-0.5
1021,393385.0,False,12.5,12.200000000000001,-0.2
1022,393401.0,False,12.4,12.0,0.1
1023,393418.0,False,12.200000000000001,12.0,0.30000000000000004
1024,393435.0,False,11.8,12.100000000000001,0.0
1025,393451.0,False,11.600000000000001,12.200000000000001,-0.2
1026,393468.0,False,11.700000000000001,12.5,-0.30000000000000004
1027,393485.0,False,11.9,12.8,-0.2
1028,393501.0,False,12.3,13.3,0.0
1029,393518.0,False,12.5,13.600000000000001,0.0
1030,393535.0,False,12.5,13.9,-0.1
1031,393568.0,False,12.600000000000001,14.200000000000001,0.4
1032,393585.0,False,12.8,14.3,0.8
1033,393602.0,False,13.100000000000001,14.700000000000001,2.1
1034,393618.0,False,13.3,15.4,3.5
1035,393634.0,False,13.200000000000001,16.400000000000002,4.800000000000001
1036,393656.0,False,12.700000000000001,17.400000000000002,5.6000000000000005
1037,393682.0,False,12.0,18.0,5.7
1038,393684.0,False,11.600000000000001,18.2,6.0
1039,393702.0,False,11.3,18.3,6.300000000000001
1040,393718.0,False,11.200000000000001,18.3,7.6000000000000005
1041,393738.0,False,11.600000000000001,18.3,9.200000000000001
1042,393751.0,False,11.8,19.200000000000003,10.4
1043,393768.0,False,11.8,19.900000000000002,10.700000000000001
1044,393785.0,False,11.4,21.3,11.100000000000001
1045,393802.0,False,11.200000000000001,22.0,11.4
1046,393818.0,False,11.0,23.0,12.4
1047,393835.0,False,11.200000000000001,23.8,13.9
1048,393852.0,False,11.4,24.1,14.8
1049,393868.0,False,11.9,24.400000000000002,16.2
1050,393886.0,False,12.100000000000001,24.400000000000002,16.6
1051,393902.0,False,12.3,24.400000000000002,16.5
1052,393918.0,False,12.5,24.5,16.0
1053,393935.0,False,12.9,24.400000000000002,15.600000000000001
1054,393952.0,False,13.100000000000001,24.3,15.600000000000001
1055,393968.0,False,13.4,24.1,15.8
1056,394003.0,False,13.3,24.200000000000003,15.8
1057,394018.0,False,13.100000000000001,24.1,15.600000000000001
1058,394035.0,False,13.200000000000001,24.0,15.4
1059,394054.0,False,13.8,23.900000000000002,15.200000000000001
1060,394068.0,False,14.100000000000001,24.0,15.0
1061,394089.0,False,14.9,24.1,14.5
1062,394101.0,False,15.200000000000001,24.0,14.100000000000001
1063,394118.0,False,15.8,23.5,13.600000000000001
1064,394135.0,False,16.2,22.700000000000003,13.200000000000001
1065,394151.0,False,16.5,22.3,13.0
1066,394169.0,False,16.6,22.400000000000002,12.8
1067,394202.0,False,17.1,23.400000000000002,11.600000000000001
1068,394225.0,False,17.8,23.400000000000002,11.200000000000001
1069,394234.0,False,18.6,22.5,10.9
1070,394252.0,False,18.900000000000002,22.0,10.5
1071,394268.0,False,19.3,21.6,9.700000000000001
1072,394285.0,False,19.5,22.0,9.5
1073,394302.0,False,19.400000000000002,22.200000000000003,9.700000000000001
1074,394318.0,False,19.1,22.400000000000002,10.600000000000001
1075,394337.0,False,18.8,22.200000000000003,11.5
1076,394355.0,False,18.6,21.6,12.0
1077,394385.0,False,18.8,21.0,11.8
1078,394401.0,False,18.900000000000002,21.1,11.700000000000001
1079,394425.0,False,19.1,21.700000000000003,11.9
1080,394434.0,False,19.1,21.900000000000002,12.0
1081,394451.0,False,19.200000000000003,22.0,12.100000000000001
1082,394468.0,False,19.200000000000003,22.3,12.100000000000001
1083,394488.0,False,19.400000000000002,22.5,11.9
1084,394501.0,False,19.5,22.700000000000003,11.8
1085,394521.0,False,20.0,23.0,11.5
1086,394536.0,False,20.3,23.400000000000002,11.200000000000001
1087,394553.0,False,20.400000000000002,23.700000000000003,10.600000000000001
1088,394576.0,False,20.1,24.1,10.0
1089,394601.0,False,19.6,24.3,9.4
1090,394618.0,False,19.3,24.3,9.0
1091,394635.0,False,18.900000000000002,24.1,9.1
1092,394673.0,False,18.0,23.5,9.700000000000001
1093,394690.0,False,17.900000000000002,22.900000000000002,9.8
1094,394702.0,False,17.8,22.1,10.0
1095,394720.0,False,17.6,20.700000000000003,10.100000000000001
1096,394736.0,False,17.400000000000002,20.5,9.5
1097,394753.0,False,17.0,21.200000000000003,9.0
1098,394769.0,False,16.8,21.5,8.9
1099,394793.0,False,16.1,21.8,9.3
1100,394801.0,False,15.8,21.8,9.600000000000001
1101,394818.0,False,15.5,21.5,10.3
1102,394835.0,False,15.4,21.1,10.700000000000001
1103,394852.0,False,15.5,20.900000000000002,10.8
1104,394868.0,False,15.600000000000001,20.6,10.700000000000001
1105,394889.0,False,15.600000000000001,20.400000000000002,10.5
1106,394920.0,False,15.5,20.6,10.700000000000001
1107,394935.0,False,15.4,20.700000000000003,11.100000000000001
1108,394952.0,False,15.200000000000001,20.6,11.3
1109,394968.0,False,15.100000000000001,20.5,11.4
1110,394989.0,False,15.0,20.400000000000002,11.600000000000001
1111,395019.0,False,14.9,20.6,12.0
1112,395036.0,False,15.0,20.700000000000003,12.4
1113,395054.0,False,15.100000000000001,20.700000000000003,12.600000000000001
1114,395074.0,False,15.200000000000001,20.6,12.5
1115,395098.0,False,15.4,20.400000000000002,12.4
1116,395118.0,False,15.5,20.200000000000003,12.3
1117,395135.0,False,15.600000000000001,20.1,12.200000000000001
1118,395173.0,False,15.700000000000001,20.1,11.700000000000001
1119,395197.0,False,16.400000000000002,19.400000000000002,11.3
1120,395220.0,False,17.1,18.400000000000002,10.9
1121,395235.0,False,17.6,17.900000000000002,10.4
1122,395253.0,False,17.7,18.1,10.200000000000001
1123,395272.0,False,17.3,18.6,10.700000000000001
1124,395285.0,False,17.1,18.8,11.100000000000001
1125,395303.0,False,16.8,19.1,11.4
1126,395319.0,False,16.5,19.3,11.700000000000001
1127,395335.0,False,16.3,19.5,11.9
1128,395351.0,False,16.5,19.5,11.9
1129,395368.0,False,16.900000000000002,19.6,11.8
1130,395387.0,False,17.2,19.900000000000002,12.0
1131,395401.0,False,17.2,20.200000000000003,12.200000000000001
1132,395418.0,False,17.3,21.0,12.5
1133,395437.0,False,17.5,21.700000000000003,12.600000000000001
1134,395452.0,False,17.8,22.200000000000003,12.5
1135,395468.0,False,18.0,22.400000000000002,12.3
1136,395490.0,False,18.6,22.900000000000002,12.0
1137,395507.0,False,19.0,23.5,11.5
1138,395518.0,False,19.200000000000003,23.8,11.3
1139,395535.0,False,19.5,24.5,10.8
1140,395551.0,False,19.6,25.3,10.600000000000001
1141,395573.0,False,19.6,25.6,10.600000000000001
1142,395589.0,False,19.6,26.3,10.600000000000001
1143,395601.0,False,19.5,26.6,10.700000000000001
1144,395622.0,False,19.3,27.1,10.700000000000001
1145,395634.0,False,19.200000000000003,27.400000000000002,10.200000000000001
1146,395651.0,False,19.1,27.200000000000003,10.0
1147,395668.0,False,18.900000000000002,26.400000000000002,10.0
1148,395693.0,False,18.7,25.1,10.100000000000001
1149,395718.0,False,18.6,25.6,9.600000000000001
1150,395736.0,False,18.3,26.8,9.5
1151,395751.0,False,17.7,27.6,10.0
1152,395768.0,False,17.400000000000002,27.700000000000003,10.3
1153,395786.0,False,17.1,27.6,10.600000000000001
1154,395801.0,False,16.6,27.0,11.0
1155,395820.0,False,16.400000000000002,26.400000000000002,11.100000000000001
1156,395835.0,False,16.400000000000002,25.900000000000002,11.200000000000001
1157,395853.0,False,16.5,25.8,11.3
1158,395889.0,False,16.3,25.8,11.700000000000001
1159,395901.0,False,16.1,25.8,11.9
1160,395918.0,False,15.8,25.700000000000003,12.100000000000001
1161,395936.0,False,15.600000000000001,25.6,12.200000000000001
1162,395952.0,False,15.600000000000001,25.5,12.200000000000001
1163,395968.0,False,15.600000000000001,25.400000000000002,12.5
1164,395992.0,False,15.600000000000001,24.900000000000002,12.9
1165,396018.0,False,15.700000000000001,24.5,12.700000000000001
1166,396035.0,False,15.9,24.200000000000003,12.4
1167,396055.0,False,16.0,24.0,12.200000000000001
1168,396074.0,False,16.1,23.900000000000002,12.100000000000001
1169,396085.0,False,16.400000000000002,23.5,12.200000000000001
1170,396101.0,False,16.6,23.3,12.3
1171,396119.0,False,16.900000000000002,23.0,12.5
1172,396135.0,False,17.1,23.1,12.5
1173,396152.0,False,17.2,23.1,12.600000000000001
1174,396168.0,False,17.5,22.6,13.0
1175,396188.0,False,18.2,21.400000000000002,13.3
1176,396202.0,False,18.5,20.900000000000002,13.200000000000001
1177,396218.0,False,19.0,20.400000000000002,12.8
1178,396235.0,False,18.8,20.700000000000003,12.9
1179,396253.0,False,18.2,21.3,13.9
1180,396272.0,False,17.6,21.6,15.100000000000001
1181,396288.0,False,17.5,21.6,15.5
1182,396301.0,False,17.400000000000002,21.5,15.700000000000001
1183,396318.0,False,17.6,21.400000000000002,15.8
1184,396338.0,False,18.1,21.400000000000002,15.5
1185,396352.0,False,18.7,21.6,15.3
1186,396368.0,False,19.0,21.700000000000003,15.200000000000001
1187,396388.0,False,19.5,22.1,15.3
1188,396401.0,False,19.8,22.3,15.3
1189,396418.0,False,20.400000000000002,22.700000000000003,15.4
1190,396435.0,False,21.0,23.0,15.3
1191,396453.0,False,21.400000000000002,23.1,15.200000000000001
1192,396469.0,False,22.200000000000003,23.400000000000002,15.100000000000001
1193,396485.0,False,23.0,23.6,15.100000000000001
1194,396501.0,False,23.400000000000002,23.700000000000003,15.100000000000001
1195,396519.0,False,24.0,24.1,15.100000000000001
1196,396537.0,False,24.400000000000002,24.700000000000003,15.100000000000001
1197,396551.0,False,24.5,25.0,15.200000000000001
1198,396569.0,False,24.5,25.5,15.4
1199,396591.0,False,24.200000000000003,25.8,15.8
1200,396601.0,False,23.900000000000002,25.900000000000002,15.9
1201,396618.0,False,23.1,26.1,16.0
1202,396637.0,False,22.3,26.1,16.3
1203,396658.0,False,21.6,25.900000000000002,17.1
1204,396671.0,False,21.400000000000002,25.8,17.400000000000002
1205,396696.0,False,21.1,26.200000000000003,17.400000000000002
1206,396718.0,False,20.700000000000003,26.5,17.2
1207,396734.0,False,20.1,26.5,17.5
1208,396751.0,False,19.900000000000002,26.3,17.7
1209,396768.0,False,19.6,25.900000000000002,18.1
1210,396785.0,False,19.5,25.5,18.3
1211,396802.0,False,19.5,25.3,18.3
1212,396819.0,False,19.400000000000002,25.1,18.2
1213,396835.0,False,19.200000000000003,25.3,18.2
1214,396851.0,False,18.8,25.700000000000003,18.400000000000002
1215,396869.0,False,18.6,25.900000000000002,18.7
1216,396885.0,False,18.0,26.400000000000002,19.5
1217,396901.0,False,17.7,26.6,19.900000000000002
1218,396918.0,False,17.0,26.900000000000002,20.8
1219,396934.0,False,16.3,27.3,21.400000000000002
1220,396952.0,False,16.0,27.400000000000002,21.6
1221,396968.0,False,15.600000000000001,27.5,21.8
1222,396993.0,False,15.4,27.400000000000002,21.8
1223,397018.0,False,15.3,27.400000000000002,21.6
1224,397035.0,False,15.200000000000001,27.3,21.200000000000003
1225,397058.0,False,15.3,27.1,20.8
1226,397068.0,False,15.3,26.900000000000002,20.700000000000003
1227,397084.0,False,15.3,26.3,20.700000000000003
1228,397101.0,False,15.200000000000001,26.1,20.6
1229,397118.0,False,15.100000000000001,25.8,20.400000000000002
1230,397135.0,False,15.100000000000001,25.1,20.5
1231,397152.0,False,15.200000000000001,24.5,20.6
1232,397172.0,False,15.9,23.3,20.6
1233,397185.0,False,16.5,22.6,20.1
1234,397201.0,False,16.7,22.5,19.900000000000002
1235,397219.0,False,16.5,22.8,19.900000000000002
1236,397237.0,False,15.700000000000001,23.3,20.700000000000003
1237,397252.0,False,15.3,23.6,21.3
1238,397268.0,False,14.600000000000001,24.1,22.3
1239,397285.0,False,14.4,24.5,22.8
1240,397301.0,False,14.4,24.6,22.8
1241,397318.0,False,14.700000000000001,24.900000000000002,22.5
1242,397334.0,False,15.0,25.3,22.200000000000003
1243,397351.0,False,15.100000000000001,25.6,22.1
1244,397369.0,False,15.4,26.1,22.0
1245,397385.0,False,15.700000000000001,26.6,22.1
1246,397401.0,False,15.9,26.8,22.1
1247,397418.0,False,16.3,27.200000000000003,22.0
1248,397436.0,False,16.900000000000002,27.3,21.6
1249,397451.0,False,17.3,27.200000000000003,21.400000000000002
1250,397468.0,False,18.1,26.900000000000002,20.8
1251,397485.0,False,18.7,26.700000000000003,20.0
1252,397510.0,False,19.0,26.6,19.400000000000002
1253,397518.0,False,19.0,26.6,19.200000000000003
1254,397534.0,False,18.7,26.400000000000002,19.1
1255,397551.0,False,18.400000000000002,26.3,19.200000000000003
1256,397568.0,False,17.7,25.900000000000002,19.400000000000002
1257,397598.0,False,16.6,25.6,19.3
1258,397608.0,False,16.3,25.3,19.400000000000002
1259,397618.0,False,16.1,24.900000000000002,19.6
1260,397637.0,False,15.8,24.1,19.8
1261,397651.0,False,15.4,23.900000000000002,19.700000000000003
1262,397669.0,False,15.200000000000001,24.1,19.6
1263,397684.0,False,14.700000000000001,24.5,19.400000000000002
1264,397704.0,False,14.100000000000001,24.8,19.700000000000003
1265,397722.0,False,13.8,24.900000000000002,20.0
1266,397734.0,False,13.4,24.700000000000003,20.3
1267,397751.0,False,13.200000000000001,24.5,20.3
1268,397768.0,False,13.200000000000001,24.3,20.200000000000003
1269,397788.0,False,13.100000000000001,24.1,19.900000000000002
1270,397812.0,False,12.5,24.1,19.8
1271,397835.0,False,11.9,24.400000000000002,20.1
1272,397851.0,False,11.200000000000001,24.900000000000002,20.400000000000002
1273,397868.0,False,10.8,25.0,20.700000000000003
1274,397890.0,False,10.200000000000001,25.200000000000003,21.1
1275,397901.0,False,9.9,25.200000000000003,21.3
1276,397918.0,False,9.5,25.200000000000003,21.6
1277,397934.0,False,9.200000000000001,25.200000000000003,21.8
1278,397951.0,False,9.0,25.200000000000003,21.900000000000002
1279,397984.0,False,9.0,25.400000000000002,21.900000000000002
1280,398020.0,False,9.3,25.1,21.900000000000002
1281,398034.0,False,9.700000000000001,24.6,21.900000000000002
1282,398053.0,False,10.100000000000001,24.0,21.8
1283,398068.0,False,10.200000000000001,23.8,21.6
1284,398088.0,False,10.4,23.5,21.5
1285,398103.0,False,10.8,23.0,21.200000000000003
1286,398118.0,False,11.5,21.900000000000002,21.0
1287,398135.0,False,12.5,20.3,20.5
1288,398154.0,False,13.5,18.900000000000002,19.5
1289,398174.0,False,14.0,18.3,18.6
1290,398202.0,False,13.9,18.2,18.5
1291,398218.0,False,13.3,18.2,19.5
1292,398235.0,False,12.700000000000001,18.3,20.6
1293,398253.0,False,12.600000000000001,18.3,20.900000000000002
1294,398285.0,False,13.0,18.6,20.6
1295,398302.0,False,13.200000000000001,18.900000000000002,20.400000000000002
1296,398318.0,False,13.5,19.5,20.200000000000003
1297,398335.0,False,13.700000000000001,20.1,20.400000000000002
1298,398353.0,False,14.0,20.700000000000003,20.700000000000003
1299,398380.0,False,14.600000000000001,21.1,20.700000000000003
1300,398385.0,False,14.9,21.3,20.6
1301,398401.0,False,15.3,21.5,20.400000000000002
1302,398418.0,False,16.1,21.700000000000003,19.900000000000002
1303,398435.0,False,16.8,21.8,19.400000000000002
1304,398451.0,False,17.2,21.8,19.1
1305,398468.0,False,17.7,21.8,18.6
1306,398490.0,False,17.8,21.700000000000003,18.1
1307,398501.0,False,17.8,21.6,18.0
1308,398518.0,False,17.6,21.200000000000003,17.900000000000002
1309,398534.0,False,17.1,20.700000000000003,18.1
1310,398553.0,False,16.400000000000002,20.5,18.3
1311,398568.0,False,16.0,20.700000000000003,18.2
1312,398584.0,False,15.5,20.8,18.1
1313,398603.0,False,14.9,20.8,18.3
1314,398622.0,False,14.600000000000001,20.5,18.5
1315,398637.0,False,14.600000000000001,20.400000000000002,18.1
1316,398654.0,False,14.5,20.8,17.400000000000002
1317,398676.0,False,14.3,21.200000000000003,17.1
1318,398693.0,False,14.0,21.200000000000003,17.1
1319,398719.0,False,13.9,21.200000000000003,17.3
1320,398737.0,False,13.700000000000001,21.200000000000003,17.400000000000002
1321,398772.0,False,13.4,21.1,17.5
1322,398802.0,False,13.200000000000001,21.0,17.6
1323,398818.0,False,13.0,21.0,17.7
1324,398835.0,False,12.5,21.200000000000003,17.900000000000002
1325,398855.0,False,11.700000000000001,21.5,18.3
1326,398873.0,False,10.9,21.8,18.8
1327,398890.0,False,10.5,21.900000000000002,19.1
1328,398907.0,False,9.8,22.1,19.700000000000003
1329,398920.0,False,9.600000000000001,22.200000000000003,20.0
1330,398937.0,False,9.3,22.3,20.400000000000002
1331,398952.0,False,9.3,22.5,20.400000000000002
1332,398974.0,False,9.3,22.5,20.3
1333,399001.0,False,9.600000000000001,22.1,19.900000000000002
1334,399018.0,False,10.0,21.6,19.700000000000003
1335,399036.0,False,10.5,21.1,19.5
1336,399052.0,False,10.8,20.8,19.3
1337,399068.0,False,11.200000000000001,20.400000000000002,18.6
1338,399097.0,False,12.100000000000001,18.6,18.1
1339,399119.0,False,13.3,16.3,17.6
1340,399134.0,False,14.5,14.600000000000001,16.6
1341,399151.0,False,15.0,14.100000000000001,15.9
1342,399168.0,False,15.100000000000001,14.100000000000001,15.8
1343,399187.0,False,14.8,14.100000000000001,16.3
1344,399202.0,False,14.5,14.100000000000001,16.8
1345,399225.0,False,13.8,14.200000000000001,17.7
1346,399251.0,False,13.8,14.700000000000001,17.3
1347,399294.0,False,14.0,15.9,17.0
1348,399318.0,False,14.3,16.400000000000002,17.1
1349,399334.0,False,14.700000000000001,16.7,17.2
1350,399351.0,False,14.9,16.8,17.1
1351,399368.0,False,15.600000000000001,17.2,16.6
1352,399389.0,False,16.400000000000002,17.400000000000002,15.9
1353,399401.0,False,16.8,17.5,15.5
1354,399417.0,False,17.7,17.400000000000002,14.700000000000001
1355,399434.0,False,18.5,17.3,13.9
1356,399452.0,False,19.200000000000003,17.1,13.200000000000001
1357,399471.0,False,19.400000000000002,17.1,12.9
1358,399498.0,False,19.400000000000002,16.900000000000002,12.5
1359,399519.0,False,18.900000000000002,16.6,12.700000000000001
1360,399538.0,False,18.1,16.5,12.9
1361,399553.0,False,17.400000000000002,16.3,13.3
1362,399570.0,False,17.2,16.1,13.5
1363,399598.0,False,16.8,15.4,13.9
1364,399604.0,False,16.6,15.600000000000001,13.8
1365,399618.0,False,16.3,16.0,13.8
1366,399635.0,False,15.5,17.0,14.0
1367,399652.0,False,14.8,17.7,14.700000000000001
1368,399668.0,False,14.5,17.900000000000002,15.100000000000001
1369,399690.0,False,14.100000000000001,18.2,15.700000000000001
1370,399703.0,False,14.0,18.2,15.700000000000001
1371,399751.0,False,14.100000000000001,17.900000000000002,15.700000000000001
1372,399772.0,False,14.200000000000001,17.8,15.8
1373,399793.0,False,14.100000000000001,18.0,15.9
1374,399829.0,False,13.5,18.400000000000002,16.2
1375,399834.0,False,13.4,18.400000000000002,16.3
1376,399851.0,False,13.3,18.3,16.2
1377,399893.0,False,13.3,18.2,16.1
1378,399907.0,False,13.3,18.3,16.2
1379,399918.0,False,13.3,18.400000000000002,16.2
1380,399937.0,False,13.100000000000001,19.1,16.1
1381,399952.0,False,13.0,19.900000000000002,15.9
1382,399968.0,False,12.9,20.200000000000003,15.9
1383,399990.0,False,12.9,20.700000000000003,15.9
1384,400007.0,False,12.8,21.0,15.9
1385,400018.0,False,12.700000000000001,21.200000000000003,15.8
1386,400034.0,False,12.5,21.3,15.5
1387,400051.0,False,12.4,20.5,15.600000000000001
1388,400074.0,False,12.600000000000001,18.900000000000002,15.700000000000001
1389,400084.0,False,12.8,18.2,15.600000000000001
1390,400102.0,False,13.0,17.7,15.4
1391,400118.0,False,12.9,17.5,15.0
1392,400134.0,False,12.0,17.900000000000002,15.3
1393,400153.0,False,10.9,18.2,16.2
1394,400169.0,False,10.5,18.3,16.5
1395,400191.0,False,10.200000000000001,18.3,16.5
1396,400202.0,False,10.4,18.3,16.2
1397,400218.0,False,10.5,18.2,15.9
1398,400234.0,False,10.8,18.2,15.5
1399,400252.0,False,11.100000000000001,18.400000000000002,15.4
1400,400268.0,False,11.200000000000001,18.6,15.4
1401,400284.0,False,11.5,18.8,15.4
1402,400304.0,False,11.8,19.1,15.4
1403,400319.0,False,11.9,19.3,15.3
1404,400337.0,False,12.100000000000001,19.6,15.3
1405,400353.0,False,12.200000000000001,19.8,15.100000000000001
1406,400372.0,False,12.4,20.0,15.0
1407,400385.0,False,12.5,20.0,14.8
1408,400404.0,False,12.600000000000001,20.200000000000003,14.600000000000001
1409,400420.0,False,12.600000000000001,20.400000000000002,14.5
1410,400435.0,False,12.5,20.700000000000003,14.5
1411,400451.0,False,12.3,20.8,14.5
1412,400503.0,False,12.4,20.1,14.600000000000001
1413,400519.0,False,12.4,19.900000000000002,14.4
1414,400534.0,False,12.3,19.5,14.0
1415,400552.0,False,12.4,18.6,14.100000000000001
1416,400569.0,False,12.600000000000001,18.1,14.200000000000001
1417,400584.0,False,12.9,17.6,14.3
1418,400605.0,False,13.600000000000001,17.6,14.0
1419,400619.0,False,13.700000000000001,17.8,13.9
1420,400635.0,False,13.700000000000001,18.1,14.100000000000001
1421,400651.0,False,13.5,18.0,14.700000000000001
1422,400668.0,False,13.3,18.0,15.100000000000001
1423,400692.0,False,12.9,18.0,16.2
1424,400718.0,False,12.8,17.900000000000002,16.7
1425,400735.0,False,12.8,17.8,17.0
1426,400753.0,False,12.9,17.6,17.400000000000002
1427,400768.0,False,12.8,17.6,17.7
1428,400784.0,False,12.700000000000001,17.6,17.900000000000002
1429,400803.0,False,12.3,17.900000000000002,18.6
1430,400820.0,False,11.600000000000001,18.400000000000002,19.3
1431,400835.0,False,10.9,18.8,19.8
1432,400851.0,False,10.3,19.200000000000003,20.200000000000003
1433,400871.0,False,9.8,19.5,20.400000000000002
1434,400884.0,False,9.600000000000001,19.5,20.5
1435,400901.0,False,9.4,19.6,20.5
1436,400918.0,False,9.0,19.6,20.6
1437,400934.0,False,8.6,19.6,20.8
1438,400951.0,False,8.5,19.6,21.0
1439,400968.0,False,8.5,19.5,21.1
1440,400984.0,False,8.6,19.400000000000002,21.400000000000002
1441,401001.0,False,8.5,19.3,21.5
1442,401017.0,False,8.5,19.1,21.3
1443,401034.0,False,8.6,18.400000000000002,20.8
1444,401051.0,False,9.3,16.6,20.400000000000002
1445,401078.0,False,10.4,15.0,19.8
1446,401085.0,False,10.8,14.600000000000001,19.400000000000002
1447,401102.0,False,10.9,14.5,19.200000000000003
1448,401118.0,False,10.700000000000001,14.9,19.1
1449,401134.0,False,9.8,15.5,19.8
1450,401155.0,False,8.700000000000001,16.1,20.8
1451,401168.0,False,8.3,16.3,21.3
1452,401184.0,False,7.800000000000001,16.6,21.900000000000002
1453,401204.0,False,7.800000000000001,16.6,22.1
1454,401220.0,False,8.0,16.400000000000002,22.1
1455,401234.0,False,8.3,16.400000000000002,21.900000000000002
1456,401252.0,False,8.6,16.8,21.700000000000003
1457,401268.0,False,8.700000000000001,17.0,21.6
1458,401287.0,False,8.9,17.7,21.400000000000002
1459,401303.0,False,9.0,18.0,21.3
1460,401318.0,False,9.200000000000001,18.6,21.200000000000003
1461,401334.0,False,9.5,19.1,20.8
1462,401351.0,False,10.0,19.400000000000002,20.200000000000003
1463,401368.0,False,10.200000000000001,19.6,19.8
1464,401386.0,False,10.5,19.700000000000003,19.5
1465,401401.0,False,10.8,20.1,18.900000000000002
1466,401418.0,False,10.8,20.5,18.5
1467,401434.0,False,10.700000000000001,20.8,18.400000000000002
1468,401451.0,False,10.600000000000001,20.900000000000002,18.400000000000002
1469,401484.0,False,10.4,21.200000000000003,18.400000000000002
1470,401501.0,False,10.100000000000001,21.700000000000003,17.7
1471,401519.0,False,9.700000000000001,22.200000000000003,16.6
1472,401534.0,False,9.4,21.900000000000002,15.9
1473,401554.0,False,9.3,21.400000000000002,15.600000000000001
1474,401568.0,False,9.3,21.5,15.3
1475,401586.0,False,9.3,22.1,14.8
1476,401604.0,False,9.0,22.8,14.4
1477,401618.0,False,8.8,23.0,14.200000000000001
1478,401635.0,False,8.4,23.0,13.9
1479,401651.0,False,8.1,22.8,13.9
1480,401690.0,False,8.0,22.6,14.100000000000001
1481,401708.0,False,8.1,22.5,14.100000000000001
1482,401717.0,False,8.1,22.5,14.0
1483,401734.0,False,8.1,22.700000000000003,13.700000000000001
1484,401751.0,False,7.800000000000001,23.0,13.5
1485,401768.0,False,7.6000000000000005,23.200000000000003,13.5
1486,401784.0,False,7.2,23.400000000000002,13.600000000000001
1487,401803.0,False,6.800000000000001,23.6,13.8
1488,401822.0,False,6.6000000000000005,23.700000000000003,13.9
1489,401835.0,False,6.4,24.0,14.200000000000001
1490,401851.0,False,6.1000000000000005,24.1,14.4
1491,401868.0,False,6.0,24.200000000000003,14.600000000000001
1492,401918.0,False,6.0,24.3,14.3
1493,401935.0,False,6.1000000000000005,24.0,14.100000000000001
1494,401951.0,False,6.300000000000001,23.6,14.100000000000001
1495,401968.0,False,6.4,23.3,14.100000000000001
1496,401988.0,False,6.6000000000000005,22.8,13.9
1497,402002.0,False,6.6000000000000005,22.700000000000003,13.600000000000001
1498,402018.0,False,6.6000000000000005,22.5,12.9
1499,402034.0,False,6.7,21.5,12.5
1500,402051.0,False,7.300000000000001,19.8,12.3
1501,402073.0,False,8.0,18.400000000000002,12.200000000000001
1502,402084.0,False,8.200000000000001,18.2,12.0
1503,402104.0,False,8.0,18.5,12.0
1504,402117.0,False,7.6000000000000005,18.8,12.4
1505,402134.0,False,6.7,19.3,13.600000000000001
1506,402151.0,False,5.800000000000001,19.900000000000002,15.0
1507,402168.0,False,5.6000000000000005,20.1,15.700000000000001
1508,402186.0,False,5.5,20.200000000000003,16.2
1509,402209.0,False,6.1000000000000005,20.200000000000003,16.7
1510,402218.0,False,6.5,20.200000000000003,16.5
1511,402234.0,False,7.2,20.1,16.1
1512,402252.0,False,7.7,20.3,16.0
1513,402268.0,False,7.800000000000001,20.5,16.1
1514,402285.0,False,8.1,21.0,16.5
1515,402304.0,False,8.4,21.400000000000002,16.7
1516,402318.0,False,8.6,21.5,16.7
1517,402334.0,False,9.1,21.700000000000003,16.3
1518,402351.0,False,9.700000000000001,21.6,15.600000000000001
1519,402368.0,False,10.0,21.6,15.3
1520,402384.0,False,10.3,21.700000000000003,14.8
1521,402402.0,False,10.4,21.8,14.600000000000001
1522,402418.0,False,10.3,22.0,14.5
1523,402436.0,False,10.100000000000001,22.200000000000003,14.5
1524,402453.0,False,9.8,22.200000000000003,14.600000000000001
1525,402468.0,False,9.600000000000001,22.200000000000003,14.700000000000001
1526,402487.0,False,9.200000000000001,22.3,14.5
1527,402501.0,False,9.0,22.5,14.200000000000001
1528,402518.0,False,8.6,22.5,13.9
1529,402537.0,False,8.5,22.1,13.8
1530,402553.0,False,8.5,22.0,13.5
1531,402567.0,False,8.5,22.1,13.3
1532,402588.0,False,8.4,22.6,12.9
1533,402601.0,False,8.3,22.700000000000003,12.8
1534,402618.0,False,7.9,22.8,12.8
1535,402634.0,False,7.7,22.5,12.9
1536,402651.0,False,7.6000000000000005,22.3,13.100000000000001
1537,402668.0,False,7.5,22.3,13.200000000000001
1538,402718.0,False,7.300000000000001,22.3,13.4
1539,402735.0,False,7.2,22.5,13.600000000000001
1540,402751.0,False,6.9,22.6,13.8
1541,402775.0,False,6.6000000000000005,22.700000000000003,14.0
1542,402789.0,False,6.5,22.700000000000003,14.200000000000001
1543,402802.0,False,6.300000000000001,22.8,14.4
1544,402818.0,False,5.9,23.1,14.9
1545,402834.0,False,5.5,23.200000000000003,15.4
1546,402853.0,False,5.300000000000001,23.200000000000003,15.600000000000001
1547,402875.0,False,5.4,22.900000000000002,15.600000000000001
1548,402890.0,False,5.5,22.700000000000003,15.4
1549,402905.0,False,5.6000000000000005,22.5,15.3
1550,402924.0,False,5.9,21.8,15.3
1551,402934.0,False,5.9,21.5,15.4
1552,402951.0,False,5.9,21.0,15.8
1553,402987.0,False,6.1000000000000005,20.900000000000002,15.5
1554,403001.0,False,6.2,20.900000000000002,15.100000000000001
1555,403020.0,False,6.6000000000000005,20.6,14.4
1556,403034.0,False,7.5,19.5,13.8
1557,403051.0,False,8.4,18.3,13.100000000000001
1558,403070.0,False,8.700000000000001,18.1,12.9
1559,403085.0,False,8.9,18.0,12.8
1560,403105.0,False,8.700000000000001,18.400000000000002,13.0
1561,403119.0,False,7.9,19.0,13.8
1562,403134.0,False,7.2,19.200000000000003,14.600000000000001
1563,403151.0,False,6.9,19.0,15.200000000000001
1564,403189.0,False,7.4,18.8,15.200000000000001
1565,403202.0,False,7.5,18.8,15.0
1566,403218.0,False,7.7,18.900000000000002,14.9
1567,403235.0,False,7.7,19.200000000000003,15.100000000000001
1568,403251.0,False,7.7,19.5,15.4
1569,403271.0,False,7.800000000000001,19.8,15.600000000000001
1570,403301.0,False,8.1,20.0,15.700000000000001
1571,403317.0,False,8.6,20.0,15.4
1572,403334.0,False,9.1,20.0,14.9
1573,403352.0,False,9.600000000000001,19.900000000000002,14.5
1574,403377.0,False,9.9,20.1,14.4
1575,403396.0,False,10.100000000000001,20.400000000000002,14.3
1576,403404.0,False,10.100000000000001,20.6,14.3
1577,403421.0,False,10.200000000000001,20.8,14.3
1578,403435.0,False,10.200000000000001,21.0,14.100000000000001
1579,403451.0,False,10.200000000000001,21.0,13.8
1580,403488.0,False,9.9,21.0,13.3
1581,403501.0,False,9.700000000000001,21.0,13.100000000000001
1582,403519.0,False,9.5,20.6,13.100000000000001
1583,403535.0,False,9.4,20.1,13.4
1584,403551.0,False,9.3,20.0,13.5
1585,403567.0,False,9.1,20.3,13.5
1586,403586.0,False,8.5,21.0,13.4
1587,403604.0,False,7.800000000000001,21.400000000000002,13.600000000000001
1588,403619.0,False,7.5,21.400000000000002,13.8
1589,403634.0,False,7.300000000000001,21.0,14.100000000000001
1590,403651.0,False,7.4,20.5,14.3
1591,403668.0,False,7.5,20.1,14.3
1592,403688.0,False,7.7,19.5,14.100000000000001
1593,403701.0,False,7.7,19.3,13.9
1594,403718.0,False,7.6000000000000005,19.200000000000003,13.600000000000001
1595,403734.0,False,7.2,19.400000000000002,13.600000000000001
1596,403751.0,False,6.6000000000000005,19.700000000000003,14.0
1597,403768.0,False,6.2,19.900000000000002,14.200000000000001
1598,403797.0,False,5.6000000000000005,20.3,14.5
1599,403805.0,False,5.1000000000000005,20.5,14.700000000000001
1600,403824.0,False,4.800000000000001,20.6,14.8
1601,403835.0,False,4.7,20.700000000000003,14.9
1602,403853.0,False,4.5,20.700000000000003,15.0
1603,403868.0,False,4.5,20.700000000000003,15.100000000000001
1604,403897.0,False,4.5,20.700000000000003,14.9
1605,403924.0,False,4.6000000000000005,20.700000000000003,14.700000000000001
1606,403938.0,False,4.7,20.6,14.700000000000001
1607,403955.0,False,4.7,20.400000000000002,14.8
1608,403968.0,False,4.7,20.3,14.700000000000001
1609,403986.0,False,4.9,19.8,14.3
1610,404001.0,False,5.0,19.400000000000002,14.200000000000001
1611,404018.0,False,5.5,18.0,14.100000000000001
1612,404034.0,False,6.300000000000001,16.5,13.700000000000001
1613,404054.0,False,6.800000000000001,15.8,13.0
1614,404068.0,False,6.800000000000001,15.8,12.700000000000001
1615,404085.0,False,6.4,16.1,12.600000000000001
1616,404102.0,False,6.0,16.3,12.9
1617,404118.0,False,5.300000000000001,16.5,13.9
1618,404134.0,False,5.0,16.6,14.8
1619,404155.0,False,5.300000000000001,16.400000000000002,14.9
1620,404170.0,False,5.6000000000000005,16.2,14.700000000000001
1621,404184.0,False,6.300000000000001,16.0,14.0
1622,404201.0,False,6.6000000000000005,16.0,13.8
1623,404217.0,False,7.0,16.1,13.700000000000001
1624,404235.0,False,7.2,16.5,14.0
1625,404252.0,False,7.4,17.0,14.3
1626,404268.0,False,7.5,17.3,14.4
1627,404286.0,False,7.800000000000001,17.5,14.3
1628,404317.0,False,8.4,17.8,13.700000000000001
1629,404336.0,False,8.6,18.0,13.4
1630,404351.0,False,8.6,18.2,13.4
1631,404367.0,False,8.6,18.6,13.5
1632,404402.0,False,8.5,18.900000000000002,13.700000000000001
1633,404417.0,False,8.3,19.1,13.8
1634,404434.0,False,7.7,19.700000000000003,14.0
1635,404451.0,False,7.300000000000001,19.900000000000002,13.9
1636,404467.0,False,7.2,19.900000000000002,13.8
1637,404484.0,False,7.0,19.8,13.600000000000001
1638,404508.0,False,6.7,19.200000000000003,13.700000000000001
1639,404517.0,False,6.800000000000001,18.6,13.9
1640,404536.0,False,7.2,17.7,14.0
1641,404551.0,False,7.300000000000001,17.7,13.5
1642,404573.0,False,7.0,18.3,13.100000000000001
1643,404594.0,False,6.6000000000000005,18.7,13.4
1644,404618.0,False,6.300000000000001,18.5,14.100000000000001
1645,404635.0,False,6.4,18.3,14.700000000000001
1646,404653.0,False,6.6000000000000005,18.1,14.8
1647,404667.0,False,6.800000000000001,18.0,14.8
1648,404689.0,False,7.300000000000001,17.7,14.5
1649,404701.0,False,7.5,17.5,14.4
1650,404717.0,False,7.800000000000001,17.2,14.3
1651,404734.0,False,7.9,17.3,14.4
1652,404752.0,False,7.7,17.6,14.700000000000001
1653,404768.0,False,7.5,17.7,14.8
1654,404793.0,False,7.300000000000001,17.8,14.9
1655,404802.0,False,7.2,17.900000000000002,15.0
1656,404817.0,False,7.1000000000000005,17.900000000000002,15.200000000000001
1657,404835.0,False,7.0,18.0,15.3
1658,404854.0,False,7.0,18.1,15.5
1659,404883.0,False,6.800000000000001,18.6,15.700000000000001
1660,404928.0,False,7.0,19.0,16.0
1661,404936.0,False,7.1000000000000005,19.0,16.0
1662,404954.0,False,7.300000000000001,18.900000000000002,16.1
1663,404967.0,False,7.4,19.0,16.0
1664,404987.0,False,7.6000000000000005,19.1,15.5
1665,405003.0,False,7.6000000000000005,19.1,15.3
1666,405018.0,False,7.9,18.7,15.3
1667,405034.0,False,8.6,17.6,15.3
1668,405050.0,False,9.5,16.7,15.0
1669,405067.0,False,9.8,16.400000000000002,14.700000000000001
1670,405089.0,False,9.9,16.2,14.5
1671,405101.0,False,9.600000000000001,16.3,14.600000000000001
1672,405117.0,False,9.0,16.400000000000002,15.4
1673,405134.0,False,8.5,16.5,16.3
1674,405151.0,False,8.5,16.3,16.6
1675,405168.0,False,8.8,15.9,16.8
1676,405184.0,False,9.5,15.3,16.5
1677,405201.0,False,9.8,15.100000000000001,16.2
1678,405217.0,False,10.200000000000001,14.9,16.0
1679,405234.0,False,10.200000000000001,15.200000000000001,16.2
1680,405251.0,False,10.200000000000001,15.600000000000001,16.8
1681,405268.0,False,10.200000000000001,15.8,17.0
1682,405289.0,False,10.4,16.1,17.3
1683,405301.0,False,10.600000000000001,16.2,17.3
1684,405317.0,False,11.0,16.2,17.0
1685,405334.0,False,11.4,16.2,16.8
1686,405351.0,False,11.5,16.3,16.8
1687,405369.0,False,11.600000000000001,16.5,16.900000000000002
1688,405385.0,False,11.600000000000001,17.0,17.0
1689,405401.0,False,11.4,17.7,17.2
1690,405417.0,False,11.3,18.0,17.3
1691,405435.0,False,11.100000000000001,18.5,17.3
1692,405451.0,False,10.9,19.0,17.3
1693,405470.0,False,10.9,19.3,17.1
1694,405490.0,False,10.700000000000001,19.900000000000002,16.5
1695,405510.0,False,10.600000000000001,20.1,15.8
1696,405517.0,False,10.600000000000001,20.0,15.700000000000001
1697,405534.0,False,10.600000000000001,19.200000000000003,16.1
1698,405551.0,False,10.9,18.3,16.7
1699,405568.0,False,11.0,18.2,16.8
1700,405587.0,False,10.9,18.5,16.7
1701,405604.0,False,10.5,18.900000000000002,16.5
1702,405620.0,False,10.3,19.1,16.400000000000002
1703,405634.0,False,9.9,19.5,16.5
1704,405652.0,False,9.700000000000001,19.700000000000003,16.7
1705,405687.0,False,9.8,19.1,16.8
1706,405700.0,False,9.9,18.6,16.7
1707,405717.0,False,10.100000000000001,17.6,16.6
1708,405735.0,False,10.100000000000001,17.0,16.7
1709,405751.0,False,9.8,17.0,17.0
1710,405769.0,False,9.600000000000001,17.1,17.2
1711,405784.0,False,9.4,17.2,17.400000000000002
1712,405802.0,False,9.1,17.2,17.5
1713,405818.0,False,8.9,17.1,17.3
1714,405836.0,False,8.8,17.1,17.2
1715,405852.0,False,8.700000000000001,17.400000000000002,17.400000000000002
1716,405869.0,False,8.6,17.6,17.6
1717,405884.0,False,8.4,18.1,18.0
1718,405901.0,False,8.3,18.3,18.1
1719,405918.0,False,8.200000000000001,18.7,18.3
1720,405934.0,False,8.1,19.1,18.400000000000002
1721,405954.0,False,8.1,19.5,18.400000000000002
1722,405975.0,False,8.200000000000001,20.1,18.3
1723,405990.0,False,8.1,20.700000000000003,17.900000000000002
1724,406017.0,False,8.200000000000001,21.1,17.2
1725,406034.0,False,8.4,20.900000000000002,16.6
1726,406057.0,False,9.1,20.1,16.0
1727,406067.0,False,9.5,19.6,15.8
1728,406087.0,False,10.200000000000001,18.900000000000002,15.700000000000001
1729,406102.0,False,10.5,18.7,15.8
1730,406117.0,False,10.700000000000001,18.5,16.0
1731,406134.0,False,10.600000000000001,18.400000000000002,16.400000000000002
1732,406150.0,False,10.5,18.3,16.900000000000002
1733,406168.0,False,10.4,18.400000000000002,17.2
1734,406184.0,False,10.4,18.5,17.900000000000002
1735,406201.0,False,10.5,18.5,18.2
1736,406220.0,False,10.700000000000001,18.2,18.400000000000002
1737,406240.0,False,11.0,17.900000000000002,18.1
1738,406251.0,False,11.100000000000001,18.0,17.7
1739,406268.0,False,11.0,18.3,17.5
1740,406288.0,False,10.9,19.0,17.400000000000002
1741,406301.0,False,10.9,19.3,17.400000000000002
1742,406317.0,False,10.9,19.8,17.3
1743,406334.0,False,11.200000000000001,20.0,17.1
1744,406351.0,False,11.5,20.200000000000003,16.6
1745,406369.0,False,11.700000000000001,20.400000000000002,16.3
1746,406388.0,False,11.8,21.0,15.8
1747,406404.0,False,11.8,21.400000000000002,15.600000000000001
1748,406420.0,False,11.8,22.200000000000003,15.4
1749,406435.0,False,11.700000000000001,22.700000000000003,15.200000000000001
1750,406451.0,False,11.600000000000001,23.200000000000003,15.0
1751,406468.0,False,11.4,23.5,14.8
1752,406485.0,False,11.3,23.900000000000002,14.600000000000001
1753,406504.0,False,10.700000000000001,24.700000000000003,14.700000000000001
1754,406517.0,False,10.600000000000001,24.6,15.0
1755,406535.0,False,10.700000000000001,24.0,15.5
1756,406553.0,False,10.9,23.8,15.3
1757,406567.0,False,11.0,23.900000000000002,15.0
1758,406591.0,False,10.9,24.3,14.700000000000001
1759,406603.0,False,10.700000000000001,24.3,14.700000000000001
1760,406618.0,False,10.4,24.200000000000003,15.0
1761,406634.0,False,10.200000000000001,23.900000000000002,15.3
1762,406651.0,False,10.4,23.200000000000003,15.3
1763,406679.0,False,10.700000000000001,22.3,15.0
1764,406684.0,False,10.8,21.900000000000002,14.8
1765,406702.0,False,10.9,21.5,14.5
1766,406720.0,False,10.9,21.200000000000003,14.3
1767,406736.0,False,10.4,21.400000000000002,14.5
1768,406751.0,False,9.700000000000001,21.8,15.100000000000001
1769,406767.0,False,9.3,22.0,15.4
1770,406784.0,False,8.700000000000001,22.400000000000002,15.9
1771,406801.0,False,8.4,22.5,16.1
1772,406817.0,False,8.0,22.700000000000003,16.400000000000002
1773,406834.0,False,7.7,22.900000000000002,16.5
1774,406851.0,False,7.4,23.0,16.7
1775,406870.0,False,7.300000000000001,23.1,16.8
1776,406886.0,False,7.300000000000001,23.200000000000003,16.8
1777,406901.0,False,7.300000000000001,23.400000000000002,16.900000000000002
1778,406917.0,False,7.4,23.3,16.900000000000002
1779,406934.0,False,7.7,23.0,16.7
1780,406965.0,False,8.1,22.6,16.3
1781,406984.0,False,8.200000000000001,22.5,16.1
1782,407001.0,False,8.4,22.3,15.3
1783,407017.0,False,8.8,21.5,14.600000000000001
1784,407034.0,False,9.600000000000001,19.6,14.100000000000001
1785,407055.0,False,10.8,17.3,13.5
1786,407073.0,False,11.600000000000001,16.1,12.700000000000001
1787,407095.0,False,11.4,16.2,12.4
1788,407117.0,False,10.700000000000001,16.8,13.3
1789,407138.0,False,9.8,17.2,14.700000000000001
1790,407150.0,False,9.200000000000001,17.6,15.9
1791,407168.0,False,9.1,17.8,16.2
1792,407187.0,False,9.0,18.1,16.5
1793,407200.0,False,9.1,18.1,16.6
1794,407218.0,False,9.3,18.1,16.6
1795,407234.0,False,9.600000000000001,18.3,16.6
1796,407251.0,False,9.700000000000001,18.7,16.8
1797,407274.0,False,9.8,19.200000000000003,16.900000000000002
1798,407302.0,False,9.9,19.5,16.8
1799,407317.0,False,10.0,19.8,16.5
1800,407334.0,False,10.200000000000001,19.8,16.2
1801,407351.0,False,10.5,19.700000000000003,15.8
1802,407370.0,False,10.700000000000001,19.700000000000003,15.600000000000001
1803,407384.0,False,10.8,19.700000000000003,15.4
1804,407403.0,False,10.700000000000001,20.0,14.9
1805,407417.0,False,10.5,20.0,14.8
1806,407434.0,False,10.200000000000001,19.900000000000002,14.8
1807,407451.0,False,9.9,19.5,14.9
1808,407467.0,False,9.700000000000001,19.3,14.9
1809,407492.0,False,9.200000000000001,18.900000000000002,14.8
1810,407518.0,False,9.1,18.2,15.200000000000001
1811,407536.0,False,9.200000000000001,17.7,15.4
1812,407554.0,False,9.200000000000001,18.0,14.9
1813,407572.0,False,9.0,18.400000000000002,14.600000000000001
1814,407593.0,False,8.3,19.3,14.8
1815,407618.0,False,7.800000000000001,19.3,15.700000000000001
1816,407634.0,False,7.5,19.1,16.5
1817,407651.0,False,7.6000000000000005,18.8,16.7
1818,407668.0,False,7.7,18.6,16.5
1819,407686.0,False,8.0,18.400000000000002,16.1
1820,407704.0,False,8.1,18.2,15.8
1821,407734.0,False,7.7,18.5,16.1
1822,407751.0,False,7.5,18.8,16.3
1823,407767.0,False,7.0,19.3,16.7
1824,407792.0,False,6.4,20.0,17.1
1825,407817.0,False,5.9,20.3,17.1
1826,407834.0,False,5.4,20.700000000000003,17.3
1827,407851.0,False,5.1000000000000005,21.1,17.6
1828,407868.0,False,4.9,21.3,17.7
1829,407895.0,False,4.800000000000001,21.8,17.900000000000002
1830,407938.0,False,5.2,21.400000000000002,17.900000000000002
1831,407952.0,False,5.5,21.1,17.8
1832,407970.0,False,5.7,21.0,17.7
1833,408003.0,False,5.800000000000001,20.6,17.2
1834,408026.0,False,6.300000000000001,18.900000000000002,17.5
1835,408034.0,False,6.7,18.2,17.6
1836,408051.0,False,7.1000000000000005,17.5,17.5
1837,408067.0,False,7.800000000000001,17.0,17.1
1838,408101.0,False,7.7,17.1,17.400000000000002
1839,408117.0,False,7.300000000000001,17.2,18.1
1840,408134.0,False,6.9,17.1,18.8
1841,408151.0,False,6.800000000000001,17.0,19.1
1842,408167.0,False,6.7,17.0,19.1
1843,408192.0,False,6.7,17.1,19.1
1844,408217.0,False,6.5,17.6,19.0
1845,408234.0,False,6.4,18.1,19.1
1846,408251.0,False,6.300000000000001,18.6,19.3
1847,408269.0,False,6.4,18.8,19.3
1848,408284.0,False,6.5,19.0,19.3
1849,408302.0,False,6.7,19.1,19.1
1850,408317.0,False,7.0,19.1,18.6
1851,408335.0,False,7.300000000000001,19.0,18.2
1852,408352.0,False,7.5,19.1,17.900000000000002
1853,408367.0,False,7.6000000000000005,19.200000000000003,17.8
1854,408384.0,False,7.5,19.400000000000002,17.7
1855,408402.0,False,7.300000000000001,19.6,17.6
1856,408417.0,False,7.0,19.6,17.6
1857,408434.0,False,6.7,19.400000000000002,17.7
1858,408451.0,False,6.300000000000001,19.1,17.5
1859,408492.0,False,5.5,19.200000000000003,17.3
1860,408517.0,False,5.300000000000001,19.0,17.6
1861,408534.0,False,5.1000000000000005,19.1,17.7
1862,408558.0,False,4.9,19.6,17.8
1863,408567.0,False,4.800000000000001,19.700000000000003,17.8
1864,408591.0,False,4.7,19.700000000000003,17.900000000000002
1865,408601.0,False,4.7,19.5,17.900000000000002
1866,408617.0,False,5.0,19.1,17.900000000000002
1867,408635.0,False,5.4,18.7,17.900000000000002
1868,408653.0,False,5.800000000000001,18.3,18.0
1869,408668.0,False,5.9,18.2,18.1
1870,408688.0,False,6.2,18.1,18.2
1871,408702.0,False,6.4,18.1,18.3
1872,408717.0,False,6.5,18.1,18.1
1873,408734.0,False,6.4,18.2,17.8
1874,408751.0,False,6.1000000000000005,18.5,17.6
1875,408769.0,False,5.9,18.7,17.7
1876,408784.0,False,5.5,19.400000000000002,17.8
1877,408801.0,False,5.300000000000001,19.700000000000003,18.0
1878,408818.0,False,5.1000000000000005,20.200000000000003,18.1
1879,408835.0,False,5.1000000000000005,20.6,18.1
1880,408854.0,False,5.300000000000001,20.8,17.900000000000002
1881,408868.0,False,5.5,20.900000000000002,17.7
1882,408884.0,False,5.7,21.1,17.7
1883,408901.0,False,5.800000000000001,21.1,17.8
1884,408918.0,False,5.9,21.1,18.1
1885,408934.0,False,6.2,21.0,18.3
1886,408952.0,False,6.6000000000000005,20.700000000000003,18.1
1887,408970.0,False,7.0,20.1,17.7
1888,408989.0,False,7.2,19.5,17.7
1889,409001.0,False,7.9,17.7,18.1
1890,409017.0,False,8.3,16.7,18.400000000000002
1891,409034.0,False,9.1,15.4,18.8
1892,409051.0,False,9.5,15.100000000000001,19.200000000000003
1893,409068.0,False,9.5,15.200000000000001,19.400000000000002
1894,409085.0,False,9.3,15.5,20.1
1895,409111.0,False,8.9,15.600000000000001,20.6
1896,409117.0,False,8.700000000000001,15.700000000000001,20.8
1897,409134.0,False,8.700000000000001,15.600000000000001,20.900000000000002
1898,409151.0,False,9.0,15.5,20.700000000000003
1899,409167.0,False,9.200000000000001,15.4,20.700000000000003
1900,409184.0,False,9.4,15.4,20.5
1901,409202.0,False,9.8,15.600000000000001,20.3
1902,409217.0,False,10.100000000000001,16.0,20.1
1903,409234.0,False,10.3,16.5,19.8
1904,409251.0,False,10.5,16.8,19.5
1905,409268.0,False,10.700000000000001,16.900000000000002,19.3
1906,409290.0,False,11.200000000000001,16.900000000000002,19.1
1907,409302.0,False,11.4,16.8,19.0
1908,409317.0,False,11.5,16.7,18.900000000000002
1909,409351.0,False,11.4,16.8,18.5
1910,409367.0,False,11.3,16.900000000000002,18.3
1911,409391.0,False,11.100000000000001,17.0,18.2
1912,409405.0,False,10.5,17.2,18.2
1913,409418.0,False,10.3,17.2,18.2
1914,409435.0,False,9.8,17.0,18.0
1915,409452.0,False,9.5,16.900000000000002,17.400000000000002
1916,409467.0,False,9.4,16.7,17.3
1917,409496.0,False,9.200000000000001,15.3,17.8
1918,409517.0,False,9.200000000000001,14.4,18.3
1919,409534.0,False,8.9,14.8,18.2
1920,409552.0,False,8.4,15.600000000000001,18.0
1921,409569.0,False,8.200000000000001,16.0,18.0
1922,409592.0,False,8.0,16.3,17.900000000000002
1923,409601.0,False,8.0,16.2,17.900000000000002
1924,409617.0,False,8.200000000000001,16.0,17.7
1925,409634.0,False,8.6,15.700000000000001,17.5
1926,409651.0,False,8.700000000000001,15.600000000000001,17.5
1927,409671.0,False,8.700000000000001,15.600000000000001,17.7
1928,409684.0,False,8.5,15.600000000000001,17.8
1929,409701.0,False,8.3,15.8,18.0
1930,409721.0,False,7.5,16.6,18.400000000000002
1931,409735.0,False,7.2,16.900000000000002,18.5
1932,409755.0,False,6.6000000000000005,17.3,18.5
1933,409767.0,False,6.4,17.400000000000002,18.5
1934,409786.0,False,6.0,17.5,18.5
1935,409801.0,False,5.800000000000001,17.6,18.5
1936,409817.0,False,5.5,17.7,18.8
1937,409834.0,False,5.2,17.8,19.1
1938,409851.0,False,5.0,18.1,19.200000000000003
1939,409869.0,False,4.9,18.3,19.1
1940,409884.0,False,4.6000000000000005,18.400000000000002,19.0
1941,409905.0,False,4.4,18.3,18.900000000000002
1942,409917.0,False,4.4,18.1,18.8
1943,409935.0,False,4.4,17.7,18.8
1944,409953.0,False,4.4,17.2,18.7
1945,409968.0,False,4.4,17.0,18.7
1946,410002.0,False,4.5,15.600000000000001,19.200000000000003
1947,410017.0,False,4.800000000000001,14.200000000000001,19.8
1948,410036.0,False,5.0,13.3,20.1
1949,410051.0,False,4.9,13.5,19.900000000000002
1950,410069.0,False,4.7,13.8,19.900000000000002
1951,410085.0,False,4.2,14.4,20.1
1952,410105.0,False,3.8000000000000003,14.600000000000001,20.700000000000003
1953,410121.0,False,3.7,14.5,21.1
1954,410134.0,False,3.8000000000000003,14.3,21.3
1955,410151.0,False,4.0,14.200000000000001,21.1
1956,410167.0,False,4.1000000000000005,14.3,21.0
1957,410188.0,False,4.1000000000000005,14.8,20.8
1958,410201.0,False,4.1000000000000005,15.100000000000001,20.8
1959,410217.0,False,4.0,15.700000000000001,20.900000000000002
1960,410234.0,False,4.0,16.3,21.0
1961,410251.0,False,4.0,16.7,20.900000000000002
1962,410267.0,False,4.1000000000000005,16.8,20.700000000000003
1963,410287.0,False,4.3,17.1,20.400000000000002
1964,410301.0,False,4.4,17.2,20.1
1965,410317.0,False,4.6000000000000005,17.3,19.8
1966,410334.0,False,4.800000000000001,17.3,19.5
1967,410354.0,False,4.7,17.3,19.3
1968,410367.0,False,4.6000000000000005,17.3,19.1
1969,410385.0,False,4.3,17.3,18.8
1970,410407.0,False,3.9000000000000004,16.900000000000002,18.400000000000002
1971,410418.0,False,3.9000000000000004,16.5,18.1
1972,410434.0,False,3.9000000000000004,15.5,17.5
1973,410451.0,False,4.0,14.700000000000001,16.900000000000002
1974,410468.0,False,4.0,14.3,16.7
1975,410484.0,False,4.0,13.9,16.7
1976,410503.0,False,4.0,12.700000000000001,17.1
1977,410519.0,False,4.0,12.5,17.2
1978,410534.0,False,3.6,12.8,17.0
1979,410552.0,False,3.1,13.4,16.8
1980,410572.0,False,2.5,13.9,16.8
1981,410584.0,False,2.4000000000000004,14.0,17.1
1982,410601.0,False,2.3000000000000003,14.0,17.5
1983,410619.0,False,2.3000000000000003,14.0,18.1
1984,410634.0,False,2.5,14.0,18.400000000000002
1985,410651.0,False,2.6,14.200000000000001,18.2
1986,410667.0,False,2.7,14.4,18.0
1987,410690.0,False,2.6,14.8,17.8
1988,410701.0,False,2.5,15.100000000000001,17.8
1989,410717.0,False,2.2,15.600000000000001,17.8
1990,410734.0,False,1.8,16.1,17.900000000000002
1991,410751.0,False,1.3,16.5,18.0
1992,410767.0,False,1.1,16.7,18.0
1993,410786.0,False,0.7000000000000001,17.0,18.1
1994,410804.0,False,0.30000000000000004,17.2,18.3
1995,410817.0,False,0.2,17.400000000000002,18.3
1996,410835.0,False,359.90000000000003,17.6,18.3
1997,410851.0,False,359.8,17.8,18.3
1998,410867.0,False,359.70000000000005,17.900000000000002,18.3
1999,410886.0,False,359.70000000000005,17.900000000000002,18.400000000000002
2000,410900.0,False,359.40000000000003,18.0,18.400000000000002
2001,410918.0,False,359.0,18.0,18.2
2002,410934.0,False,358.70000000000005,18.0,17.900000000000002
2003,410953.0,False,358.40000000000003,18.0,17.7
2004,410999.0,False,358.0,17.5,17.7
2005,411001.0,False,357.90000000000003,17.1,17.8
2006,411017.0,False,357.90000000000003,16.2,17.6
2007,411034.0,False,357.5,16.0,17.1
2008,411050.0,False,356.6,16.5,17.1
2009,411067.0,False,356.1,16.8,17.400000000000002
2010,411084.0,False,355.1,17.2,18.1
2011,411100.0,False,354.90000000000003,17.3,18.400000000000002
2012,411117.0,False,354.8,17.1,18.3
2013,411134.0,False,355.1,16.900000000000002,17.400000000000002
2014,411151.0,False,355.3,16.7,17.0
2015,411168.0,False,355.40000000000003,16.6,16.5
2016,411188.0,False,355.20000000000005,16.6,16.7
2017,411202.0,False,355.0,16.7,17.0
2018,411217.0,False,354.70000000000005,16.900000000000002,17.3
2019,411234.0,False,354.6,17.0,17.2
2020,411252.0,False,354.8,17.1,16.7
2021,411269.0,False,354.90000000000003,17.2,16.5
2022,411284.0,False,355.0,17.400000000000002,16.1
2023,411301.0,False,355.0,17.6,15.9
2024,411318.0,False,355.0,18.0,15.600000000000001
2025,411336.0,False,354.90000000000003,18.400000000000002,15.100000000000001
2026,411351.0,False,354.70000000000005,18.900000000000002,14.600000000000001
2027,411369.0,False,354.5,19.1,14.4
2028,411392.0,False,353.90000000000003,19.900000000000002,13.8
2029,411404.0,False,353.6,20.1,13.600000000000001
2030,411418.0,False,353.40000000000003,20.3,13.4
2031,411434.0,False,352.90000000000003,20.6,12.9
2032,411451.0,False,352.40000000000003,20.700000000000003,12.100000000000001
2033,411473.0,False,351.8,20.400000000000002,11.700000000000001
2034,411484.0,False,351.6,20.1,11.700000000000001
2035,411501.0,False,351.40000000000003,19.6,11.8
2036,411517.0,False,351.3,18.7,12.100000000000001
2037,411534.0,False,351.1,18.2,12.200000000000001
2038,411551.0,False,350.70000000000005,18.400000000000002,11.9
2039,411572.0,False,350.20000000000005,18.8,11.5
2040,411584.0,False,350.1,18.900000000000002,11.4
2041,411617.0,False,350.1,18.7,12.0
2042,411634.0,False,350.5,18.400000000000002,12.3
2043,411652.0,False,350.90000000000003,17.900000000000002,12.4
2044,411672.0,False,351.5,17.5,12.200000000000001
2045,411692.0,False,351.70000000000005,17.400000000000002,12.100000000000001
2046,411703.0,False,352.0,17.3,12.0
2047,411717.0,False,352.3,17.2,11.9
2048,411735.0,False,352.40000000000003,17.3,12.0
2049,411751.0,False,352.20000000000005,17.400000000000002,12.0
2050,411769.0,False,352.1,17.400000000000002,12.0
2051,411789.0,False,351.8,17.400000000000002,12.200000000000001
2052,411800.0,False,351.6,17.5,12.4
2053,411819.0,False,351.20000000000005,17.6,12.8
2054,411836.0,False,350.90000000000003,17.8,13.100000000000001
2055,411853.0,False,350.6,18.0,13.3
2056,411867.0,False,350.5,18.1,13.4
2057,411887.0,False,350.40000000000003,18.2,13.700000000000001
2058,411927.0,False,350.6,18.3,14.0
2059,411934.0,False,350.8,18.3,13.9
2060,411951.0,False,351.1,18.0,13.600000000000001
2061,411967.0,False,351.3,17.900000000000002,13.5
2062,411989.0,False,351.5,17.5,13.4
2063,412005.0,False,351.6,17.0,13.4
2064,412019.0,False,351.6,16.7,13.4
2065,412034.0,False,351.6,16.0,13.600000000000001
2066,412050.0,False,352.1,15.0,13.700000000000001
2067,412067.0,False,352.5,14.600000000000001,13.600000000000001
2068,412090.0,False,353.1,14.200000000000001,13.100000000000001
2069,412109.0,False,353.3,13.9,12.600000000000001
2070,412117.0,False,353.20000000000005,13.700000000000001,12.600000000000001
2071,412134.0,False,353.0,13.0,13.4
2072,412152.0,False,352.90000000000003,12.3,14.9
2073,412167.0,False,353.0,12.0,15.600000000000001
2074,412184.0,False,353.5,11.8,16.3
2075,412200.0,False,353.70000000000005,11.8,16.2
2076,412217.0,False,354.20000000000005,12.200000000000001,15.700000000000001
2077,412234.0,False,354.5,12.8,15.0
2078,412250.0,False,354.6,13.4,14.8
2079,412267.0,False,354.70000000000005,13.8,14.9
2080,412297.0,False,355.0,14.9,15.4
2081,412317.0,False,355.40000000000003,15.600000000000001,15.4
2082,412334.0,False,355.70000000000005,16.2,15.0
2083,412351.0,False,356.0,16.6,14.4
2084,412369.0,False,356.20000000000005,16.7,14.200000000000001
2085,412384.0,False,356.5,17.0,13.700000000000001
2086,412401.0,False,356.6,17.2,13.600000000000001
2087,412417.0,False,356.6,17.8,13.3
2088,412434.0,False,356.3,18.400000000000002,13.200000000000001
2089,412451.0,False,355.8,18.7,13.200000000000001
2090,412469.0,False,355.6,18.8,13.3
2091,412492.0,False,355.0,19.3,13.700000000000001
2092,412517.0,False,354.40000000000003,19.900000000000002,13.5
2093,412534.0,False,353.70000000000005,20.5,12.9
2094,412551.0,False,353.20000000000005,20.3,12.700000000000001
2095,412575.0,False,353.1,19.900000000000002,12.8
2096,412584.0,False,353.1,19.8,12.9
2097,412602.0,False,353.20000000000005,19.900000000000002,12.9
2098,412634.0,False,352.90000000000003,19.900000000000002,12.9
2099,412650.0,False,352.8,19.700000000000003,12.9
2100,412669.0,False,352.8,19.6,12.9
2101,412689.0,False,352.90000000000003,19.1,13.0
2102,412702.0,False,353.0,18.7,13.100000000000001
2103,412717.0,False,353.6,17.7,13.0
2104,412734.0,False,354.1,16.8,13.0
2105,412751.0,False,354.20000000000005,16.3,13.200000000000001
2106,412768.0,False,354.1,16.3,13.4
2107,412797.0,False,353.40000000000003,16.8,14.5
2108,412818.0,False,352.90000000000003,17.2,15.3
2109,412834.0,False,352.5,17.7,16.0
2110,412851.0,False,352.20000000000005,18.2,16.5
2111,412868.0,False,352.1,18.5,16.7
2112,412890.0,False,352.0,19.0,17.0
2113,412918.0,False,352.3,19.1,16.900000000000002
2114,412935.0,False,352.90000000000003,19.3,16.6
2115,412951.0,False,353.70000000000005,19.3,16.2
2116,412969.0,False,354.1,19.400000000000002,16.0
2117,412986.0,False,354.5,19.3,15.8
2118,413000.0,False,355.3,19.3,15.3
2119,413017.0,False,356.0,19.3,14.600000000000001
2120,413035.0,False,356.90000000000003,18.8,14.0
2121,413050.0,False,358.20000000000005,17.6,13.4
2122,413067.0,False,359.1,16.900000000000002,13.0
2123,413084.0,False,0.7000000000000001,15.8,11.9
2124,413100.0,False,1.4000000000000001,15.600000000000001,11.3
2125,413122.0,False,2.4000000000000004,15.700000000000001,10.9
2126,413136.0,False,2.4000000000000004,15.9,11.100000000000001
2127,413151.0,False,1.9000000000000001,16.400000000000002,12.100000000000001
2128,413167.0,False,1.6,16.7,12.600000000000001
2129,413184.0,False,1.4000000000000001,17.0,13.5
2130,413201.0,False,1.6,16.900000000000002,14.0
2131,413219.0,False,1.8,16.7,14.200000000000001
2132,413233.0,False,2.5,16.6,14.3
2133,413250.0,False,3.0,16.8,14.3
2134,413268.0,False,3.2,17.0,14.200000000000001
2135,413289.0,False,3.4000000000000004,17.8,14.3
2136,413302.0,False,3.6,18.2,14.4
2137,413317.0,False,4.0,19.0,14.600000000000001
2138,413334.0,False,4.7,19.5,14.600000000000001
2139,413350.0,False,5.4,19.8,14.100000000000001
2140,413367.0,False,5.800000000000001,19.900000000000002,13.8
2141,413384.0,False,6.4,20.3,13.200000000000001
2142,413401.0,False,6.6000000000000005,20.6,13.0
2143,413418.0,False,6.800000000000001,21.5,13.0
2144,413435.0,False,6.7,22.400000000000002,13.100000000000001
2145,413452.0,False,6.6000000000000005,22.900000000000002,13.0
2146,413472.0,False,6.6000000000000005,23.200000000000003,12.8
2147,413500.0,False,6.5,23.400000000000002,12.700000000000001
2148,413517.0,False,6.300000000000001,23.8,12.600000000000001
2149,413534.0,False,6.0,24.3,12.5
2150,413551.0,False,5.800000000000001,24.1,12.700000000000001
2151,413567.0,False,5.9,23.5,12.8
2152,413590.0,False,6.2,22.3,12.9
2153,413600.0,False,6.4,21.900000000000002,12.8
2154,413617.0,False,6.6000000000000005,21.900000000000002,12.3
2155,413634.0,False,6.5,22.200000000000003,12.4
2156,413651.0,False,6.1000000000000005,22.400000000000002,13.0
2157,413667.0,False,5.9,22.3,13.3
2158,413687.0,False,5.7,22.1,13.8
2159,413703.0,False,5.800000000000001,21.700000000000003,14.0
2160,413717.0,False,5.800000000000001,21.400000000000002,14.100000000000001
2161,413734.0,False,6.0,20.8,14.100000000000001
2162,413750.0,False,6.2,20.400000000000002,14.3
2163,413772.0,False,6.0,20.400000000000002,14.600000000000001
2164,413787.0,False,5.9,20.5,14.8
2165,413801.0,False,5.7,20.6,15.0
2166,413818.0,False,5.300000000000001,20.8,15.3
2167,413834.0,False,5.1000000000000005,20.8,15.5
2168,413851.0,False,5.1000000000000005,20.8,15.700000000000001
2169,413889.0,False,5.300000000000001,20.700000000000003,15.700000000000001
2170,413900.0,False,5.5,20.700000000000003,15.600000000000001
2171,413917.0,False,5.7,20.6,15.4
2172,413938.0,False,6.0,20.700000000000003,15.200000000000001
2173,413950.0,False,6.2,20.700000000000003,15.0
2174,413968.0,False,6.300000000000001,20.700000000000003,14.9
2175,413996.0,False,6.5,20.6,14.600000000000001
2176,414000.0,False,6.5,20.5,14.4
2177,414017.0,False,6.6000000000000005,20.1,13.9
2178,414034.0,False,6.300000000000001,19.900000000000002,13.5
2179,414051.0,False,5.800000000000001,19.700000000000003,13.5
2180,414077.0,False,5.6000000000000005,18.900000000000002,14.4
2181,414084.0,False,5.6000000000000005,18.3,15.0
2182,414104.0,False,5.800000000000001,17.8,15.4
2183,414118.0,False,6.300000000000001,16.8,15.600000000000001
2184,414146.0,False,6.4,16.2,15.0
2185,414152.0,False,6.2,16.0,15.0
2186,414167.0,False,5.9,15.700000000000001,15.100000000000001
2187,414187.0,False,5.6000000000000005,15.100000000000001,16.0
2188,414201.0,False,5.5,14.9,16.400000000000002
2189,414217.0,False,5.5,14.5,16.8
2190,414234.0,False,5.6000000000000005,14.3,16.6
2191,414250.0,False,5.800000000000001,14.100000000000001,16.1
2192,414267.0,False,5.9,14.100000000000001,15.9
2193,414284.0,False,6.0,14.100000000000001,15.700000000000001
2194,414304.0,False,6.4,14.3,15.700000000000001
2195,414337.0,False,6.6000000000000005,14.600000000000001,15.700000000000001
2196,414388.0,False,6.9,15.200000000000001,15.700000000000001
2197,414417.0,False,6.9,15.600000000000001,15.600000000000001
2198,414434.0,False,6.9,15.8,15.600000000000001
2199,414450.0,False,6.7,16.3,15.600000000000001
2200,414467.0,False,6.7,16.400000000000002,15.600000000000001
2201,414498.0,False,6.6000000000000005,16.6,15.700000000000001
2202,414519.0,False,6.5,16.8,15.700000000000001
2203,414534.0,False,6.300000000000001,16.900000000000002,15.3
2204,414550.0,False,6.300000000000001,16.6,15.100000000000001
2205,414567.0,False,6.4,16.1,15.100000000000001
2206,414584.0,False,6.800000000000001,15.100000000000001,15.200000000000001
2207,414601.0,False,7.0,14.9,15.200000000000001
2208,414617.0,False,7.1000000000000005,15.3,14.9
2209,414634.0,False,6.7,16.1,14.9
2210,414651.0,False,6.2,16.400000000000002,15.4
2211,414667.0,False,6.0,16.5,15.700000000000001
2212,414690.0,False,6.0,16.5,16.2
2213,414701.0,False,6.1000000000000005,16.400000000000002,16.400000000000002
2214,414717.0,False,6.5,16.3,16.3
2215,414734.0,False,6.800000000000001,16.2,15.9
2216,414753.0,False,6.9,16.3,15.700000000000001
2217,414773.0,False,6.800000000000001,16.5,15.9
2218,414784.0,False,6.7,16.7,16.1
2219,414806.0,False,6.4,17.2,16.6
2220,414817.0,False,6.2,17.400000000000002,16.8
2221,414834.0,False,6.0,17.8,17.2
2222,414854.0,False,5.800000000000001,17.900000000000002,17.3
2223,414886.0,False,5.9,18.1,17.3
2224,414900.0,False,5.9,18.2,17.400000000000002
2225,414917.0,False,6.1000000000000005,18.2,17.3
2226,414935.0,False,6.4,18.2,17.1
2227,414952.0,False,6.7,18.1,16.900000000000002
2228,414986.0,False,7.2,17.6,16.7
2229,415002.0,False,7.300000000000001,17.400000000000002,16.7
2230,415024.0,False,7.5,16.400000000000002,16.400000000000002
2231,415034.0,False,7.6000000000000005,16.0,16.3
2232,415053.0,False,7.6000000000000005,15.700000000000001,16.1
2233,415068.0,False,7.6000000000000005,14.700000000000001,16.1
2234,415083.0,False,7.7,13.4,16.400000000000002
2235,415101.0,False,7.800000000000001,12.9,16.6
2236,415118.0,False,7.7,12.4,16.8
2237,415134.0,False,7.2,12.8,16.7
2238,415151.0,False,6.800000000000001,13.200000000000001,16.6
2239,415172.0,False,6.2,13.9,16.7
2240,415186.0,False,6.1000000000000005,14.200000000000001,17.0
2241,415201.0,False,6.4,14.200000000000001,17.2
2242,415217.0,False,7.2,14.0,17.0
2243,415234.0,False,8.200000000000001,13.8,16.400000000000002
2244,415250.0,False,8.8,13.8,15.8
2245,415267.0,False,9.0,13.9,15.5
2246,415284.0,False,9.200000000000001,14.3,15.4
2247,415300.0,False,9.200000000000001,14.600000000000001,15.4
2248,415317.0,False,9.3,15.200000000000001,15.5
2249,415334.0,False,9.5,15.600000000000001,15.4
2250,415351.0,False,9.9,15.8,15.0
2251,415368.0,False,10.100000000000001,15.8,14.8
2252,415387.0,False,10.4,16.0,14.4
2253,415412.0,False,11.0,16.5,14.100000000000001
2254,415434.0,False,11.5,16.900000000000002,13.9
2255,415459.0,False,12.100000000000001,17.400000000000002,13.4
2256,415485.0,False,13.4,18.1,12.3
2257,415500.0,False,13.9,18.400000000000002,11.9
2258,415517.0,False,14.700000000000001,19.1,11.3
2259,415534.0,False,15.4,19.900000000000002,10.9
2260,415551.0,False,16.1,20.8,10.3
2261,415567.0,False,16.5,21.1,9.9
2262,415584.0,False,17.5,21.200000000000003,9.200000000000001
2263,415604.0,False,18.7,20.6,9.0
2264,415619.0,False,19.400000000000002,20.3,9.0
2265,415634.0,False,20.6,20.0,9.1
2266,415651.0,False,21.3,20.700000000000003,8.9
2267,415670.0,False,21.6,21.200000000000003,8.8
2268,415684.0,False,22.0,21.8,8.700000000000001
2269,415701.0,False,22.400000000000002,21.900000000000002,8.700000000000001
2270,415718.0,False,23.1,21.700000000000003,9.0
2271,415736.0,False,24.1,21.400000000000002,9.0
2272,415754.0,False,25.400000000000002,21.1,8.9
2273,415775.0,False,26.6,20.6,8.6
2274,415784.0,False,27.1,20.3,8.5
2275,415803.0,False,27.5,19.900000000000002,8.700000000000001
2276,415818.0,False,27.6,19.8,9.0
2277,415835.0,False,27.1,20.200000000000003,9.9
2278,415854.0,False,26.400000000000002,20.8,10.9
2279,415872.0,False,25.900000000000002,21.3,11.8
2280,415884.0,False,25.700000000000003,21.5,12.100000000000001
2281,415902.0,False,25.5,21.6,12.4
2282,415917.0,False,25.3,21.700000000000003,12.700000000000001
2283,415934.0,False,25.1,21.900000000000002,12.9
2284,415950.0,False,24.900000000000002,22.200000000000003,13.100000000000001
2285,415975.0,False,24.8,22.400000000000002,13.200000000000001
2286,416002.0,False,24.6,22.5,13.3
2287,416017.0,False,24.5,22.5,13.3
2288,416050.0,False,24.5,21.900000000000002,12.9
2289,416067.0,False,24.400000000000002,21.8,12.9
2290,416084.0,False,24.3,21.6,13.0
2291,416104.0,False,23.6,21.3,13.600000000000001
2292,416117.0,False,23.400000000000002,21.200000000000003,13.8
2293,416136.0,False,23.1,20.400000000000002,14.5
2294,416151.0,False,23.200000000000003,19.400000000000002,15.0
2295,416167.0,False,23.200000000000003,19.0,14.9
2296,416184.0,False,22.900000000000002,19.0,14.700000000000001
2297,416202.0,False,22.5,19.200000000000003,14.600000000000001
2298,416217.0,False,21.3,19.8,15.100000000000001
2299,416235.0,False,20.1,20.3,16.1
2300,416252.0,False,19.3,20.6,17.3
2301,416267.0,False,19.200000000000003,20.700000000000003,17.7
2302,416288.0,False,19.3,20.8,18.1
2303,416300.0,False,19.6,20.900000000000002,18.0
2304,416318.0,False,20.200000000000003,21.0,17.3
2305,416334.0,False,20.700000000000003,21.200000000000003,16.6
2306,416352.0,False,21.200000000000003,21.400000000000002,16.2
2307,416367.0,False,21.400000000000002,21.5,16.2
2308,416389.0,False,21.8,21.6,16.3
2309,416400.0,False,22.0,21.6,16.3
2310,416417.0,False,22.400000000000002,21.6,16.3
2311,416436.0,False,22.8,21.5,16.1
2312,416453.0,False,23.1,21.400000000000002,15.9
2313,416469.0,False,23.200000000000003,21.400000000000002,15.9
2314,416491.0,False,23.200000000000003,21.5,15.600000000000001
2315,416517.0,False,22.900000000000002,21.700000000000003,15.5
2316,416534.0,False,22.200000000000003,21.900000000000002,15.9
2317,416552.0,False,21.400000000000002,22.1,16.5
2318,416567.0,False,20.900000000000002,22.200000000000003,16.7
2319,416587.0,False,20.1,22.400000000000002,16.6
2320,416610.0,False,19.5,22.200000000000003,16.2
2321,416618.0,False,19.3,21.8,16.1
2322,416634.0,False,19.1,20.900000000000002,16.2
2323,416653.0,False,18.900000000000002,20.700000000000003,16.5
2324,416668.0,False,18.5,20.900000000000002,16.6
2325,416692.0,False,17.0,22.200000000000003,17.3
2326,416717.0,False,16.2,22.700000000000003,18.0
2327,416734.0,False,15.9,22.8,18.5
2328,416751.0,False,16.0,22.700000000000003,18.6
2329,416767.0,False,16.1,22.5,18.5
2330,416791.0,False,16.5,22.200000000000003,18.0
2331,416817.0,False,16.6,22.3,17.7
2332,416834.0,False,16.5,22.6,17.7
2333,416850.0,False,16.2,22.900000000000002,17.900000000000002
2334,416886.0,False,15.9,23.3,18.0
2335,416912.0,False,15.700000000000001,23.5,17.8
2336,416918.0,False,15.600000000000001,23.6,17.8
2337,416934.0,False,15.3,23.900000000000002,17.8
2338,416967.0,False,15.100000000000001,24.200000000000003,17.900000000000002
2339,416992.0,False,15.3,24.200000000000003,17.400000000000002
2340,417017.0,False,15.3,24.1,16.8
2341,417034.0,False,15.3,23.900000000000002,16.6
2342,417052.0,False,15.200000000000001,23.700000000000003,16.7
2343,417071.0,False,15.0,23.400000000000002,16.900000000000002
2344,417086.0,False,14.9,23.1,16.900000000000002
2345,417100.0,False,14.8,22.900000000000002,16.900000000000002
2346,417117.0,False,14.5,22.3,16.7
2347,417134.0,False,14.4,21.3,17.2
2348,417152.0,False,14.600000000000001,20.0,17.8
2349,417170.0,False,15.0,18.900000000000002,17.8
2350,417186.0,False,15.100000000000001,18.6,17.6
2351,417203.0,False,15.100000000000001,18.400000000000002,17.3
2352,417219.0,False,14.700000000000001,18.5,16.8
2353,417236.0,False,13.9,18.6,17.400000000000002
2354,417252.0,False,13.100000000000001,18.7,18.8
2355,417267.0,False,13.0,18.8,19.400000000000002
2356,417285.0,False,13.100000000000001,18.7,20.0
2357,417303.0,False,13.600000000000001,18.6,19.5
2358,417317.0,False,14.0,18.5,19.1
2359,417335.0,False,14.700000000000001,18.400000000000002,18.3
2360,417352.0,False,15.200000000000001,18.400000000000002,18.0
2361,417392.0,False,15.700000000000001,18.900000000000002,18.1
2362,417419.0,False,15.9,19.3,18.1
2363,417434.0,False,16.2,19.5,17.8
2364,417452.0,False,16.5,19.5,17.5
2365,417467.0,False,16.6,19.5,17.400000000000002
2366,417489.0,False,16.8,19.6,17.2
2367,417502.0,False,16.900000000000002,20.0,17.0
2368,417518.0,False,16.8,20.3,16.8
2369,417534.0,False,16.6,20.900000000000002,16.5
2370,417550.0,False,16.400000000000002,21.200000000000003,16.400000000000002
2371,417568.0,False,16.3,21.200000000000003,16.400000000000002
2372,417589.0,False,16.1,21.3,16.5
2373,417601.0,False,16.0,21.3,16.5
2374,417617.0,False,15.700000000000001,21.3,16.3
2375,417634.0,False,15.5,20.900000000000002,16.2
2376,417657.0,False,15.4,20.0,16.3
2377,417668.0,False,15.3,19.6,16.400000000000002
2378,417684.0,False,15.100000000000001,19.5,16.400000000000002
2379,417705.0,False,14.5,20.3,16.2
2380,417717.0,False,14.200000000000001,20.8,16.2
2381,417734.0,False,13.3,21.3,16.400000000000002
2382,417750.0,False,12.700000000000001,21.400000000000002,16.900000000000002
2383,417784.0,False,12.5,21.3,17.1
2384,417800.0,False,12.5,21.200000000000003,17.0
2385,417819.0,False,12.700000000000001,21.0,16.6
2386,417835.0,False,12.9,20.8,16.1
2387,417852.0,False,12.8,20.900000000000002,16.0
2388,417870.0,False,12.5,21.3,16.1
2389,417889.0,False,12.4,21.5,16.2
2390,417916.0,False,11.9,21.8,16.2
2391,417937.0,False,11.700000000000001,21.900000000000002,16.1
2392,417950.0,False,11.600000000000001,22.0,16.0
2393,417967.0,False,11.600000000000001,22.1,16.0
2394,417983.0,False,11.5,22.200000000000003,16.1
2395,418000.0,False,11.4,22.400000000000002,16.3
2396,418017.0,False,11.3,22.6,16.3
2397,418033.0,False,11.5,22.700000000000003,16.1
2398,418054.0,False,11.600000000000001,22.5,16.0
2399,418098.0,False,12.100000000000001,22.0,16.3
2400,418110.0,False,12.3,21.8,16.3
2401,418117.0,False,12.4,21.700000000000003,16.2
2402,418134.0,False,12.700000000000001,21.3,15.8
2403,418150.0,False,13.0,20.5,15.600000000000001
2404,418169.0,False,13.3,19.900000000000002,15.600000000000001
2405,418188.0,False,14.100000000000001,18.8,15.5
2406,418202.0,False,14.600000000000001,18.400000000000002,15.0
2407,418217.0,False,14.600000000000001,18.400000000000002,14.700000000000001
2408,418233.0,False,14.3,18.8,14.600000000000001
2409,418250.0,False,13.9,18.900000000000002,15.200000000000001
2410,418267.0,False,13.8,18.900000000000002,15.700000000000001
2411,418287.0,False,13.9,18.7,16.5
2412,418300.0,False,14.100000000000001,18.5,16.6
2413,418317.0,False,14.600000000000001,18.0,16.400000000000002
2414,418334.0,False,15.100000000000001,17.8,15.9
2415,418350.0,False,15.4,17.900000000000002,15.700000000000001
2416,418368.0,False,15.4,18.2,15.700000000000001
2417,418390.0,False,15.3,19.0,16.0
2418,418417.0,False,15.3,19.400000000000002,16.0
2419,418434.0,False,15.5,19.8,15.9
2420,418451.0,False,15.8,20.0,15.700000000000001
2421,418467.0,False,15.9,20.1,15.600000000000001
2422,418492.0,False,16.3,20.5,15.200000000000001
2423,418504.0,False,16.400000000000002,20.700000000000003,15.0
2424,418517.0,False,16.5,20.900000000000002,14.9
2425,418536.0,False,16.5,21.3,14.5
2426,418555.0,False,16.5,21.5,14.5
2427,418567.0,False,16.400000000000002,21.6,14.5
2428,418584.0,False,16.2,21.900000000000002,14.700000000000001
2429,418617.0,False,15.8,22.200000000000003,14.600000000000001
2430,418634.0,False,15.5,22.400000000000002,14.0
2431,418658.0,False,15.100000000000001,22.1,13.9
2432,418667.0,False,15.100000000000001,21.8,14.0
2433,418684.0,False,15.200000000000001,21.0,14.4
2434,418701.0,False,15.200000000000001,20.8,14.4
2435,418717.0,False,15.0,21.0,14.200000000000001
2436,418734.0,False,14.5,21.400000000000002,14.0
2437,418750.0,False,13.700000000000001,21.6,14.3
2438,418767.0,False,13.4,21.6,14.600000000000001
2439,418784.0,False,13.100000000000001,21.700000000000003,15.100000000000001
2440,418801.0,False,12.600000000000001,21.8,15.8
2441,418817.0,False,12.5,21.8,16.0
2442,418834.0,False,12.5,21.400000000000002,16.1
2443,418854.0,False,12.700000000000001,21.1,16.0
2444,418884.0,False,12.600000000000001,21.400000000000002,16.2
2445,418900.0,False,12.4,21.6,16.400000000000002
2446,418917.0,False,12.100000000000001,22.1,16.8
2447,418934.0,False,12.0,22.5,17.1
2448,418952.0,False,12.0,22.6,17.3
2449,418967.0,False,12.200000000000001,22.700000000000003,17.3
2450,418983.0,False,12.5,22.8,17.3
2451,419003.0,False,12.8,23.1,17.3
2452,419018.0,False,12.9,23.200000000000003,17.3
2453,419034.0,False,13.200000000000001,23.5,17.3
2454,419051.0,False,13.5,23.700000000000003,17.1
2455,419073.0,False,13.8,23.900000000000002,17.1
2456,419100.0,False,14.100000000000001,24.1,17.3
2457,419117.0,False,14.3,24.3,17.400000000000002
2458,419134.0,False,14.5,24.5,17.2
2459,419150.0,False,14.8,24.8,16.900000000000002
2460,419167.0,False,14.9,24.900000000000002,16.6
2461,419185.0,False,15.100000000000001,25.200000000000003,16.1
2462,419207.0,False,15.5,25.5,15.700000000000001
2463,419217.0,False,15.700000000000001,25.5,15.5
2464,419234.0,False,16.2,25.3,15.4
2465,419250.0,False,16.6,24.900000000000002,15.3
2466,419267.0,False,16.8,24.700000000000003,15.100000000000001
2467,419285.0,False,16.8,24.700000000000003,14.5
2468,419301.0,False,16.7,24.8,14.3
2469,419317.0,False,16.400000000000002,25.0,14.3
2470,419334.0,False,16.1,25.0,14.700000000000001
2471,419352.0,False,15.8,24.900000000000002,15.0
2472,419367.0,False,15.700000000000001,24.8,15.0
2473,419400.0,False,15.600000000000001,24.5,14.9
2474,419418.0,False,15.600000000000001,24.3,14.700000000000001
2475,419434.0,False,15.600000000000001,24.3,14.5
2476,419454.0,False,15.5,24.3,14.3
2477,419486.0,False,15.200000000000001,24.200000000000003,14.200000000000001
2478,419500.0,False,15.100000000000001,24.1,14.100000000000001
2479,419517.0,False,14.9,23.900000000000002,14.0
2480,419534.0,False,14.700000000000001,23.8,13.600000000000001
2481,419557.0,False,14.600000000000001,23.8,13.4
2482,419567.0,False,14.5,23.8,13.200000000000001
2483,419586.0,False,14.3,23.8,12.9
2484,419600.0,False,14.100000000000001,23.8,12.8
2485,419617.0,False,13.8,23.700000000000003,12.700000000000001
2486,419634.0,False,13.5,23.700000000000003,12.600000000000001
2487,419653.0,False,13.3,24.0,12.3
2488,419673.0,False,13.3,24.400000000000002,11.9
2489,419684.0,False,13.200000000000001,24.5,11.700000000000001
2490,419703.0,False,13.0,24.5,11.4
2491,419734.0,False,12.5,24.5,11.0
2492,419750.0,False,12.100000000000001,24.400000000000002,10.700000000000001
2493,419768.0,False,12.100000000000001,24.400000000000002,10.5
2494,419784.0,False,12.100000000000001,24.3,10.200000000000001
2495,419817.0,False,12.3,24.200000000000003,9.9
2496,419852.0,False,12.5,24.5,9.8
2497,419885.0,False,12.3,24.700000000000003,9.8
2498,419917.0,False,12.100000000000001,25.0,9.600000000000001
2499,419934.0,False,12.0,25.1,9.3
2500,419954.0,False,12.0,25.1,9.1
2501,419967.0,False,12.0,25.0,8.8
2502,420000.0,False,11.8,24.900000000000002,9.0
2503,420023.0,False,11.600000000000001,24.8,9.200000000000001
2504,420036.0,False,11.4,24.900000000000002,9.1
2505,420052.0,False,11.3,24.900000000000002,9.200000000000001
