,ms,abs,alpha,beta,gamma
0,100.0,False,93.0,16.1,-10.200000000000001
1,139.0,False,93.0,16.3,-10.100000000000001
2,171.0,False,92.80000000000001,17.0,-9.3
3,190.0,False,92.60000000000001,17.1,-8.8
4,204.0,False,92.30000000000001,17.0,-8.1
5,220.0,False,92.0,16.8,-7.4
6,237.0,False,91.60000000000001,16.7,-6.6000000000000005
7,253.0,False,91.4,16.7,-5.9
8,270.0,False,91.10000000000001,16.6,-5.2
9,288.0,False,90.9,16.5,-4.4
10,303.0,False,90.60000000000001,16.2,-3.6
11,321.0,False,90.4,15.9,-3.0
12,337.0,False,90.30000000000001,15.5,-2.6
13,353.0,False,90.2,15.200000000000001,-2.4000000000000004
14,370.0,False,90.10000000000001,15.0,-2.4000000000000004
15,387.0,False,90.10000000000001,14.8,-2.6
16,423.0,False,90.0,14.700000000000001,-3.2
17,441.0,False,90.0,14.700000000000001,-3.4000000000000004
18,454.0,False,90.0,14.700000000000001,-3.6
19,470.0,False,90.0,14.600000000000001,-3.7
20,487.0,False,90.0,14.5,-3.7
21,503.0,False,90.10000000000001,14.4,-3.8000000000000003
22,520.0,False,90.10000000000001,14.200000000000001,-4.0
23,537.0,False,90.10000000000001,14.100000000000001,-4.3
24,570.0,False,90.2,13.9,-5.1000000000000005
25,587.0,False,90.30000000000001,13.9,-5.7
26,603.0,False,90.30000000000001,13.9,-6.2
27,620.0,False,90.4,14.0,-6.800000000000001
28,637.0,False,90.5,14.0,-7.300000000000001
29,654.0,False,90.60000000000001,14.100000000000001,-7.9
30,670.0,False,90.7,14.200000000000001,-8.3
31,704.0,False,90.7,14.100000000000001,-9.0
32,722.0,False,90.7,14.100000000000001,-9.200000000000001
33,737.0,False,90.7,13.9,-9.4
34,770.0,False,90.7,13.700000000000001,-9.700000000000001
35,803.0,False,90.7,13.5,-9.700000000000001
36,820.0,False,90.7,13.3,-9.600000000000001
37,837.0,False,90.80000000000001,13.0,-9.4
38,855.0,False,90.9,12.600000000000001,-8.9
39,874.0,False,91.10000000000001,12.0,-8.200000000000001
40,891.0,False,91.4,11.200000000000001,-7.7
41,922.0,False,91.4,9.5,-7.5
42,937.0,False,90.7,9.0,-7.2
43,956.0,False,90.2,8.4,-7.2
44,970.0,False,90.10000000000001,7.800000000000001,-7.0
45,987.0,False,90.30000000000001,7.300000000000001,-6.7
46,1003.0,False,90.5,6.9,-6.5
47,1020.0,False,90.9,6.7,-6.2
48,1037.0,False,91.10000000000001,6.800000000000001,-5.800000000000001
49,1053.0,False,91.2,7.1000000000000005,-5.6000000000000005
50,1070.0,False,91.10000000000001,7.6000000000000005,-5.5
51,1087.0,False,90.80000000000001,8.200000000000001,-5.6000000000000005
52,1103.0,False,90.5,8.8,-6.0
53,1120.0,False,90.10000000000001,9.3,-6.300000000000001
54,1138.0,False,89.80000000000001,9.8,-6.6000000000000005
55,1156.0,False,89.5,10.200000000000001,-6.7
56,1170.0,False,89.4,10.5,-6.9
57,1187.0,False,89.4,10.700000000000001,-7.1000000000000005
58,1203.0,False,89.4,10.8,-7.5
59,1223.0,False,89.4,10.8,-7.800000000000001
60,1253.0,False,89.10000000000001,10.8,-7.800000000000001
61,1270.0,False,88.9,10.8,-7.6000000000000005
62,1287.0,False,88.80000000000001,10.9,-7.2
63,1303.0,False,88.60000000000001,11.0,-6.800000000000001
64,1320.0,False,88.5,11.200000000000001,-6.5
65,1339.0,False,88.5,11.3,-6.300000000000001
66,1353.0,False,88.30000000000001,11.5,-6.2
67,1370.0,False,88.2,11.600000000000001,-6.1000000000000005
68,1387.0,False,88.0,11.8,-6.0
69,1403.0,False,87.80000000000001,12.100000000000001,-5.800000000000001
70,1420.0,False,87.7,12.5,-5.5
71,1437.0,False,87.60000000000001,12.8,-5.2
72,1453.0,False,87.7,13.100000000000001,-5.4
73,1470.0,False,87.60000000000001,13.200000000000001,-6.2
74,1487.0,False,87.30000000000001,13.700000000000001,-7.2
75,1504.0,False,86.60000000000001,14.200000000000001,-8.0
76,1525.0,False,84.9,15.8,-9.600000000000001
77,1555.0,False,83.80000000000001,16.900000000000002,-9.600000000000001
78,1570.0,False,82.60000000000001,18.1,-9.1
79,1587.0,False,81.7,19.1,-8.700000000000001
80,1603.0,False,81.10000000000001,19.6,-8.3
81,1627.0,False,80.7,19.700000000000003,-8.0
82,1637.0,False,80.7,19.3,-7.9
83,1653.0,False,80.60000000000001,18.1,-7.1000000000000005
84,1670.0,False,81.0,16.6,-6.4
85,1687.0,False,81.60000000000001,15.200000000000001,-5.5
86,1721.0,False,82.60000000000001,13.9,-4.5
87,1737.0,False,82.60000000000001,13.9,-4.2
88,1753.0,False,82.4,14.100000000000001,-4.0
89,1772.0,False,82.2,14.3,-3.9000000000000004
90,1788.0,False,82.10000000000001,14.4,-4.1000000000000005
91,1803.0,False,82.10000000000001,14.5,-4.5
92,1820.0,False,82.10000000000001,14.4,-4.800000000000001
93,1837.0,False,82.2,14.3,-5.0
94,1853.0,False,82.30000000000001,14.0,-5.2
95,1870.0,False,82.30000000000001,13.8,-5.300000000000001
96,1887.0,False,81.9,13.700000000000001,-5.1000000000000005
97,1903.0,False,81.60000000000001,13.600000000000001,-4.7
98,1921.0,False,81.5,13.5,-4.4
99,1937.0,False,81.60000000000001,13.3,-4.0
100,1953.0,False,81.5,13.100000000000001,-3.5
101,1970.0,False,81.30000000000001,12.8,-3.2
102,1987.0,False,80.9,12.5,-2.8000000000000003
103,2003.0,False,80.7,12.200000000000001,-2.7
104,2020.0,False,80.7,11.8,-2.7
105,2037.0,False,80.80000000000001,11.600000000000001,-2.8000000000000003
106,2055.0,False,80.80000000000001,11.600000000000001,-2.9000000000000004
107,2073.0,False,80.80000000000001,11.700000000000001,-3.1
108,2087.0,False,80.80000000000001,12.0,-3.3000000000000003
109,2104.0,False,80.60000000000001,12.4,-3.5
110,2121.0,False,80.5,12.700000000000001,-3.8000000000000003
111,2137.0,False,80.30000000000001,13.0,-4.1000000000000005
112,2153.0,False,80.10000000000001,13.200000000000001,-4.3
113,2172.0,False,79.9,13.4,-4.5
114,2187.0,False,79.60000000000001,13.4,-4.6000000000000005
115,2204.0,False,79.30000000000001,13.4,-4.6000000000000005
116,2222.0,False,79.0,13.3,-4.4
117,2238.0,False,78.80000000000001,13.200000000000001,-4.2
118,2255.0,False,78.5,13.100000000000001,-3.8000000000000003
119,2279.0,False,78.10000000000001,13.0,-3.2
120,2305.0,False,77.9,12.9,-2.8000000000000003
121,2327.0,False,77.7,12.9,-2.5
122,2338.0,False,77.5,12.8,-2.3000000000000003
123,2363.0,False,77.30000000000001,12.8,-2.2
124,2371.0,False,77.2,12.8,-2.3000000000000003
125,2391.0,False,77.0,12.9,-2.4000000000000004
126,2405.0,False,76.9,13.0,-2.6
127,2423.0,False,76.80000000000001,13.100000000000001,-3.0
128,2440.0,False,76.5,13.200000000000001,-3.3000000000000003
129,2471.0,False,75.8,13.3,-3.6
130,2495.0,False,75.2,13.200000000000001,-3.5
131,2523.0,False,74.9,12.9,-3.2
132,2540.0,False,74.5,11.700000000000001,-2.4000000000000004
133,2554.0,False,74.10000000000001,10.8,-1.7000000000000002
134,2572.0,False,73.8,9.8,-1.0
135,2588.0,False,73.5,8.700000000000001,-0.30000000000000004
136,2605.0,False,73.10000000000001,7.6000000000000005,0.6000000000000001
137,2635.0,False,72.60000000000001,5.6000000000000005,2.4000000000000004
138,2654.0,False,72.4,4.5,3.2
139,2671.0,False,72.4,3.6,3.9000000000000004
140,2691.0,False,72.4,2.9000000000000004,4.5
141,2704.0,False,72.5,2.3000000000000003,4.9
142,2726.0,False,72.60000000000001,2.0,5.300000000000001
143,2737.0,False,72.8,1.9000000000000001,5.5
144,2754.0,False,72.9,1.9000000000000001,5.800000000000001
145,2788.0,False,73.10000000000001,2.0,5.800000000000001
146,2807.0,False,73.0,2.2,5.6000000000000005
147,2820.0,False,72.9,2.3000000000000003,5.300000000000001
148,2839.0,False,72.7,2.3000000000000003,5.1000000000000005
149,2854.0,False,72.60000000000001,2.2,5.0
150,2871.0,False,72.60000000000001,2.0,4.9
151,2888.0,False,72.8,1.8,4.9
152,2907.0,False,73.2,1.5,5.0
153,2921.0,False,73.7,1.3,5.300000000000001
154,2939.0,False,74.3,1.2000000000000002,5.6000000000000005
155,2955.0,False,74.9,1.2000000000000002,5.9
156,2972.0,False,75.60000000000001,1.2000000000000002,6.1000000000000005
157,2993.0,False,76.3,1.3,6.0
158,3004.0,False,77.10000000000001,1.4000000000000001,5.9
159,3021.0,False,77.80000000000001,1.6,5.6000000000000005
160,3037.0,False,78.5,1.9000000000000001,5.300000000000001
161,3053.0,False,79.30000000000001,2.2,4.9
162,3071.0,False,80.0,2.4000000000000004,4.5
163,3087.0,False,80.80000000000001,2.7,4.3
164,3104.0,False,81.5,2.8000000000000003,4.2
165,3124.0,False,82.2,2.9000000000000004,4.4
166,3142.0,False,83.0,2.8000000000000003,4.6000000000000005
167,3154.0,False,83.80000000000001,2.7,4.800000000000001
168,3175.0,False,84.60000000000001,2.7,5.0
169,3187.0,False,85.2,2.7,5.2
170,3206.0,False,85.80000000000001,2.9000000000000004,5.4
171,3226.0,False,86.30000000000001,3.0,5.6000000000000005
172,3237.0,False,86.80000000000001,3.2,5.800000000000001
173,3254.0,False,87.30000000000001,3.3000000000000003,6.0
174,3270.0,False,87.7,3.3000000000000003,6.2
175,3288.0,False,88.10000000000001,3.3000000000000003,6.4
176,3305.0,False,88.4,3.1,6.5
177,3326.0,False,88.7,2.8000000000000003,6.6000000000000005
178,3345.0,False,89.0,2.5,6.7
179,3354.0,False,89.10000000000001,2.1,6.7
180,3375.0,False,89.2,1.6,6.7
181,3388.0,False,89.2,1.2000000000000002,6.7
182,3405.0,False,89.10000000000001,0.8,6.6000000000000005
183,3422.0,False,88.80000000000001,0.5,6.4
184,3437.0,False,88.60000000000001,0.2,6.0
185,3456.0,False,88.2,0.0,5.6000000000000005
186,3471.0,False,87.80000000000001,-0.2,5.300000000000001
187,3488.0,False,87.30000000000001,-0.30000000000000004,5.2
188,3517.0,False,86.80000000000001,-0.5,5.1000000000000005
189,3538.0,False,86.0,-0.8,4.9
190,3554.0,False,85.5,-1.1,5.5
191,3571.0,False,85.0,-1.1,5.9
192,3588.0,False,84.4,-1.2000000000000002,6.1000000000000005
193,3605.0,False,83.80000000000001,-1.4000000000000001,6.1000000000000005
194,3620.0,False,83.10000000000001,-1.6,6.0
195,3643.0,False,82.4,-1.8,5.800000000000001
196,3654.0,False,81.60000000000001,-2.1,5.7
197,3671.0,False,80.9,-2.3000000000000003,5.300000000000001
198,3687.0,False,80.0,-2.4000000000000004,4.7
199,3704.0,False,79.2,-2.4000000000000004,4.2
200,3722.0,False,78.2,-2.4000000000000004,3.6
201,3737.0,False,77.2,-2.3000000000000003,3.2
202,3756.0,False,76.2,-2.2,2.9000000000000004
203,3771.0,False,75.3,-2.1,2.7
204,3788.0,False,74.4,-2.0,2.5
205,3803.0,False,73.60000000000001,-2.0,2.4000000000000004
206,3821.0,False,72.9,-1.9000000000000001,2.4000000000000004
207,3840.0,False,72.2,-1.8,2.4000000000000004
208,3856.0,False,71.5,-1.6,2.3000000000000003
209,3871.0,False,70.8,-1.4000000000000001,2.3000000000000003
210,3892.0,False,70.10000000000001,-1.1,2.1
211,3906.0,False,69.5,-0.9,1.8
212,3922.0,False,68.9,-0.7000000000000001,1.3
213,3940.0,False,68.3,-0.6000000000000001,0.6000000000000001
214,3955.0,False,67.7,-0.6000000000000001,-0.1
215,3981.0,False,66.5,-0.7000000000000001,-1.4000000000000001
216,4004.0,False,66.0,-0.7000000000000001,-1.8
217,4023.0,False,65.60000000000001,-0.8,-1.9000000000000001
218,4037.0,False,65.3,-0.8,-1.8
219,4053.0,False,65.0,-0.7000000000000001,-1.7000000000000002
220,4074.0,False,64.9,-0.4,-1.5
221,4088.0,False,64.7,0.1,-1.4000000000000001
222,4129.0,False,64.4,1.2000000000000002,-1.9000000000000001
223,4137.0,False,64.2,1.8,-2.2
224,4158.0,False,64.2,2.3000000000000003,-2.6
225,4170.0,False,64.2,2.8000000000000003,-3.2
226,4188.0,False,64.2,3.1,-3.8000000000000003
227,4205.0,False,64.5,3.2,-4.3
228,4221.0,False,64.8,3.0,-4.6000000000000005
229,4242.0,False,65.2,2.5,-4.7
230,4255.0,False,65.7,2.0,-4.6000000000000005
231,4272.0,False,66.2,1.3,-4.3
232,4287.0,False,66.7,0.8,-3.9000000000000004
233,4304.0,False,67.0,0.6000000000000001,-3.6
234,4320.0,False,67.10000000000001,0.6000000000000001,-3.5
235,4337.0,False,67.10000000000001,0.7000000000000001,-3.7
236,4355.0,False,67.10000000000001,0.8,-4.0
237,4371.0,False,67.10000000000001,1.0,-4.4
238,4388.0,False,67.2,1.2000000000000002,-5.0
239,4406.0,False,67.3,1.3,-6.6000000000000005
240,4421.0,False,67.3,1.5,-7.6000000000000005
241,4438.0,False,67.2,1.8,-8.3
242,4456.0,False,67.3,2.0,-8.200000000000001
243,4471.0,False,67.4,2.4000000000000004,-7.800000000000001
244,4493.0,False,67.8,2.8000000000000003,-7.5
245,4504.0,False,68.10000000000001,3.3000000000000003,-7.1000000000000005
246,4521.0,False,68.5,3.9000000000000004,-6.800000000000001
247,4537.0,False,68.9,4.5,-6.7
248,4554.0,False,69.4,5.300000000000001,-6.6000000000000005
249,4570.0,False,69.9,6.2,-6.5
250,4588.0,False,70.4,7.0,-6.300000000000001
251,4604.0,False,70.9,7.7,-6.1000000000000005
252,4620.0,False,71.5,8.1,-6.0
253,4638.0,False,72.0,8.4,-5.7
254,4654.0,False,72.5,8.6,-5.4
255,4671.0,False,72.7,8.700000000000001,-5.1000000000000005
256,4687.0,False,72.9,8.700000000000001,-4.800000000000001
257,4703.0,False,72.9,8.6,-4.3
258,4721.0,False,73.0,8.5,-3.9000000000000004
259,4739.0,False,73.2,8.4,-3.4000000000000004
260,4753.0,False,73.3,8.3,-3.0
261,4771.0,False,73.4,8.3,-2.4000000000000004
262,4791.0,False,73.5,8.200000000000001,-1.8
263,4804.0,False,73.60000000000001,8.1,-1.3
264,4822.0,False,73.8,7.9,-0.9
265,4841.0,False,74.0,7.800000000000001,-0.6000000000000001
266,4853.0,False,74.2,7.6000000000000005,-0.2
267,4872.0,False,74.4,7.4,0.2
268,4888.0,False,74.60000000000001,7.300000000000001,0.6000000000000001
269,4908.0,False,74.9,7.1000000000000005,1.1
270,4920.0,False,75.10000000000001,6.9,1.6
271,4937.0,False,75.4,6.7,2.2
272,4954.0,False,75.7,6.6000000000000005,2.7
273,4971.0,False,76.0,6.4,3.3000000000000003
274,4994.0,False,76.5,6.2,4.0
275,5020.0,False,76.60000000000001,6.2,4.2
276,5037.0,False,76.80000000000001,6.1000000000000005,4.1000000000000005
277,5056.0,False,76.9,6.0,3.8000000000000003
278,5071.0,False,76.9,6.0,3.4000000000000004
279,5089.0,False,77.0,5.9,3.1
280,5103.0,False,77.2,5.9,2.7
281,5121.0,False,77.4,6.0,2.4000000000000004
282,5139.0,False,77.7,6.2,2.1
283,5153.0,False,78.0,6.5,1.9000000000000001
284,5174.0,False,78.2,6.9,1.8
285,5187.0,False,78.4,7.1000000000000005,1.7000000000000002
286,5206.0,False,78.5,7.300000000000001,1.8
287,5220.0,False,78.60000000000001,7.4,1.9000000000000001
288,5242.0,False,78.60000000000001,7.5,2.1
289,5253.0,False,78.7,7.5,2.3000000000000003
290,5276.0,False,78.80000000000001,7.6000000000000005,2.5
291,5320.0,False,79.0,7.9,2.5
292,5340.0,False,79.0,8.200000000000001,2.5
293,5354.0,False,79.2,8.5,2.4000000000000004
294,5371.0,False,79.4,8.700000000000001,2.4000000000000004
295,5387.0,False,79.60000000000001,8.8,2.2
296,5404.0,False,79.80000000000001,8.9,2.0
297,5420.0,False,80.0,9.1,1.7000000000000002
298,5439.0,False,80.2,9.200000000000001,1.4000000000000001
299,5454.0,False,80.30000000000001,9.4,1.1
300,5470.0,False,80.4,9.4,0.9
301,5487.0,False,80.4,9.5,0.6000000000000001
302,5504.0,False,80.5,9.5,0.4
303,5520.0,False,80.5,9.700000000000001,0.2
304,5539.0,False,80.5,9.9,0.0
305,5554.0,False,80.60000000000001,10.100000000000001,-0.2
306,5570.0,False,80.60000000000001,10.200000000000001,-0.6000000000000001
307,5587.0,False,80.80000000000001,10.3,-1.0
308,5604.0,False,80.80000000000001,10.4,-1.5
309,5626.0,False,80.80000000000001,10.5,-2.0
310,5638.0,False,80.7,10.5,-2.2
311,5655.0,False,80.5,10.5,-2.3000000000000003
312,5671.0,False,80.4,10.3,-2.3000000000000003
313,5688.0,False,80.4,10.100000000000001,-2.1
314,5704.0,False,80.4,10.100000000000001,-1.9000000000000001
315,5723.0,False,80.4,10.100000000000001,-1.6
316,5754.0,False,80.5,10.200000000000001,-1.1
317,5787.0,False,80.5,9.9,-1.2000000000000002
318,5804.0,False,80.4,9.600000000000001,-1.5
319,5825.0,False,80.2,9.200000000000001,-1.6
320,5837.0,False,79.9,8.8,-1.7000000000000002
321,5859.0,False,79.60000000000001,8.5,-1.5
322,5871.0,False,79.30000000000001,8.1,-1.2000000000000002
323,5887.0,False,79.10000000000001,7.7,-0.8
324,5904.0,False,78.80000000000001,7.300000000000001,-0.4
325,5921.0,False,78.60000000000001,6.800000000000001,0.0
326,5937.0,False,78.4,6.4,0.4
327,5954.0,False,78.2,6.0,0.7000000000000001
328,5972.0,False,78.2,5.7,1.0
329,5991.0,False,78.30000000000001,5.7,1.2000000000000002
330,6009.0,False,78.60000000000001,5.9,1.3
331,6022.0,False,78.9,6.2,1.5
332,6040.0,False,79.2,6.6000000000000005,1.7000000000000002
333,6054.0,False,79.60000000000001,7.0,2.0
334,6071.0,False,79.9,7.300000000000001,2.3000000000000003
335,6087.0,False,80.30000000000001,7.7,2.6
336,6112.0,False,80.7,8.1,3.3000000000000003
337,6137.0,False,80.80000000000001,8.1,3.5
338,6154.0,False,80.80000000000001,8.1,3.7
339,6187.0,False,80.7,7.800000000000001,3.7
340,6205.0,False,80.7,7.6000000000000005,3.6
341,6238.0,False,80.5,7.1000000000000005,3.2
342,6255.0,False,80.5,6.9,3.1
343,6271.0,False,80.5,6.7,3.0
344,6291.0,False,80.60000000000001,6.5,3.1
345,6304.0,False,80.80000000000001,6.300000000000001,3.2
346,6321.0,False,81.0,6.1000000000000005,3.2
347,6338.0,False,81.4,6.0,3.2
348,6356.0,False,81.7,5.9,3.1
349,6371.0,False,82.10000000000001,5.9,2.9000000000000004
350,6392.0,False,82.4,6.0,2.6
351,6405.0,False,82.7,6.1000000000000005,2.3000000000000003
352,6423.0,False,82.9,6.1000000000000005,2.0
353,6437.0,False,83.10000000000001,6.2,1.8
354,6455.0,False,83.30000000000001,6.300000000000001,1.5
355,6471.0,False,83.4,6.4,1.3
356,6515.0,False,83.60000000000001,6.6000000000000005,1.1
357,6522.0,False,83.60000000000001,6.7,1.0
358,6572.0,False,83.5,6.6000000000000005,0.9
359,6604.0,False,83.30000000000001,6.6000000000000005,0.9
360,6622.0,False,83.2,6.6000000000000005,0.8
361,6653.0,False,83.0,6.4,0.4
362,6670.0,False,82.80000000000001,6.300000000000001,0.1
363,6687.0,False,82.60000000000001,6.2,-0.2
364,6704.0,False,82.30000000000001,6.1000000000000005,-0.4
365,6720.0,False,82.10000000000001,6.1000000000000005,-0.5
366,6737.0,False,81.80000000000001,6.1000000000000005,-0.7000000000000001
367,6753.0,False,81.5,6.1000000000000005,-1.0
368,6770.0,False,81.10000000000001,6.1000000000000005,-1.3
369,6788.0,False,80.80000000000001,6.2,-1.7000000000000002
370,6812.0,False,80.2,6.800000000000001,-2.4000000000000004
371,6841.0,False,80.0,7.2,-2.7
372,6853.0,False,79.80000000000001,7.6000000000000005,-3.0
373,6870.0,False,79.60000000000001,7.9,-3.4000000000000004
374,6887.0,False,79.4,8.1,-3.7
375,6905.0,False,79.2,8.3,-4.1000000000000005
376,6920.0,False,78.80000000000001,8.5,-4.3
377,6939.0,False,78.5,8.6,-4.5
378,6953.0,False,78.10000000000001,8.700000000000001,-4.6000000000000005
379,6970.0,False,77.7,8.8,-4.6000000000000005
380,6990.0,False,77.30000000000001,8.700000000000001,-4.5
381,7006.0,False,76.9,8.6,-4.5
382,7022.0,False,76.60000000000001,8.4,-4.4
383,7037.0,False,76.2,8.1,-4.5
384,7054.0,False,75.9,7.9,-4.5
385,7070.0,False,75.7,7.800000000000001,-4.4
386,7086.0,False,75.60000000000001,7.9,-4.3
387,7108.0,False,75.7,8.0,-4.1000000000000005
388,7126.0,False,75.9,8.3,-3.9000000000000004
389,7137.0,False,76.10000000000001,8.5,-3.8000000000000003
390,7154.0,False,76.4,8.700000000000001,-3.7
391,7170.0,False,76.7,8.9,-3.5
392,7186.0,False,77.0,8.9,-3.6
393,7208.0,False,77.30000000000001,8.700000000000001,-4.0
394,7220.0,False,77.4,8.4,-4.5
395,7239.0,False,77.4,8.1,-5.1000000000000005
396,7255.0,False,77.4,8.0,-5.300000000000001
397,7270.0,False,77.4,8.1,-5.2
398,7288.0,False,77.4,8.200000000000001,-4.9
399,7305.0,False,77.60000000000001,8.3,-4.3
400,7320.0,False,77.7,8.4,-3.8000000000000003
401,7338.0,False,77.9,8.5,-3.3000000000000003
402,7357.0,False,78.10000000000001,8.6,-3.0
403,7370.0,False,78.30000000000001,8.700000000000001,-2.9000000000000004
404,7386.0,False,78.5,8.700000000000001,-3.0
405,7408.0,False,78.60000000000001,8.700000000000001,-3.2
406,7420.0,False,78.60000000000001,8.6,-3.5
407,7437.0,False,78.60000000000001,8.5,-3.8000000000000003
408,7453.0,False,78.5,8.200000000000001,-4.1000000000000005
409,7471.0,False,78.5,7.9,-4.2
410,7486.0,False,78.60000000000001,7.7,-4.4
411,7521.0,False,78.9,7.6000000000000005,-4.5
412,7536.0,False,79.10000000000001,7.6000000000000005,-4.7
413,7554.0,False,79.4,7.7,-4.9
414,7570.0,False,79.60000000000001,7.800000000000001,-5.1000000000000005
415,7586.0,False,79.80000000000001,7.800000000000001,-5.300000000000001
416,7609.0,False,79.9,7.9,-5.5
417,7622.0,False,80.0,8.0,-5.7
418,7639.0,False,80.10000000000001,8.1,-5.9
419,7674.0,False,80.0,7.9,-6.0
420,7687.0,False,79.9,7.7,-5.9
421,7708.0,False,79.80000000000001,7.5,-5.9
422,7720.0,False,79.60000000000001,7.300000000000001,-5.800000000000001
423,7740.0,False,79.5,7.2,-5.800000000000001
424,7788.0,False,79.4,7.300000000000001,-5.9
425,7858.0,False,79.2,7.300000000000001,-6.0
426,7870.0,False,79.10000000000001,7.2,-6.1000000000000005
427,7888.0,False,79.0,7.2,-6.1000000000000005
428,7926.0,False,78.80000000000001,7.1000000000000005,-6.1000000000000005
429,7938.0,False,78.7,7.1000000000000005,-6.0
430,7987.0,False,78.5,7.1000000000000005,-5.800000000000001
431,8022.0,False,78.60000000000001,7.0,-5.9
432,8064.0,False,78.60000000000001,7.1000000000000005,-6.1000000000000005
433,8121.0,False,78.5,7.2,-6.2
434,8153.0,False,78.30000000000001,7.1000000000000005,-5.9
435,8170.0,False,78.10000000000001,7.0,-5.800000000000001
436,8187.0,False,78.0,7.0,-5.7
437,8204.0,False,77.80000000000001,6.9,-5.7
438,8221.0,False,77.7,6.9,-5.7
439,8237.0,False,77.60000000000001,6.7,-5.800000000000001
440,8254.0,False,77.4,6.6000000000000005,-5.9
441,8270.0,False,77.30000000000001,6.5,-5.9
442,8287.0,False,77.2,6.4,-6.0
443,8307.0,False,77.0,6.300000000000001,-6.0
444,8337.0,False,76.80000000000001,6.2,-6.0
445,8354.0,False,76.7,6.2,-6.0
446,8387.0,False,76.5,6.1000000000000005,-6.0
447,8404.0,False,76.4,6.2,-6.1000000000000005
448,8420.0,False,76.2,6.300000000000001,-6.1000000000000005
449,8453.0,False,76.0,6.5,-6.2
450,8470.0,False,75.8,6.6000000000000005,-6.2
451,8508.0,False,75.5,6.800000000000001,-6.2
452,8520.0,False,75.3,6.800000000000001,-6.1000000000000005
453,8537.0,False,75.10000000000001,6.9,-6.1000000000000005
454,8553.0,False,74.9,7.0,-6.0
455,8570.0,False,74.7,7.1000000000000005,-6.0
456,8596.0,False,74.5,7.2,-6.0
457,8607.0,False,74.3,7.2,-5.9
458,8623.0,False,74.10000000000001,7.300000000000001,-5.800000000000001
459,8636.0,False,73.9,7.4,-5.7
460,8653.0,False,73.7,7.4,-5.7
461,8670.0,False,73.5,7.5,-5.6000000000000005
462,8686.0,False,73.3,7.5,-5.6000000000000005
463,8713.0,False,73.10000000000001,7.5,-5.6000000000000005
464,8720.0,False,72.8,7.5,-5.6000000000000005
465,8737.0,False,72.60000000000001,7.4,-5.5
466,8753.0,False,72.3,7.300000000000001,-5.5
467,8770.0,False,72.10000000000001,7.1000000000000005,-5.6000000000000005
468,8789.0,False,71.8,6.9,-5.6000000000000005
469,8811.0,False,71.60000000000001,6.7,-5.800000000000001
470,8825.0,False,71.4,6.5,-5.800000000000001
471,8838.0,False,71.3,6.300000000000001,-5.9
472,8871.0,False,71.10000000000001,6.5,-5.7
473,8896.0,False,71.10000000000001,6.6000000000000005,-5.5
474,8903.0,False,71.10000000000001,6.800000000000001,-5.300000000000001
475,8924.0,False,71.10000000000001,7.0,-5.1000000000000005
476,8937.0,False,71.10000000000001,7.1000000000000005,-4.9
477,8954.0,False,71.10000000000001,7.300000000000001,-4.800000000000001
478,8975.0,False,71.0,7.4,-4.7
479,9009.0,False,70.8,7.7,-4.4
480,9024.0,False,70.60000000000001,7.800000000000001,-4.3
481,9040.0,False,70.4,7.800000000000001,-4.1000000000000005
482,9053.0,False,70.2,7.9,-3.9000000000000004
483,9070.0,False,70.0,8.0,-3.6
484,9088.0,False,69.8,8.1,-3.4000000000000004
485,9115.0,False,69.4,8.6,-3.0
486,9138.0,False,69.2,8.9,-2.8000000000000003
487,9153.0,False,69.0,9.1,-2.7
488,9171.0,False,68.7,9.3,-2.6
489,9187.0,False,68.4,9.4,-2.5
490,9210.0,False,67.7,9.600000000000001,-2.2
491,9237.0,False,67.3,9.700000000000001,-2.0
492,9256.0,False,66.8,9.700000000000001,-1.8
493,9270.0,False,66.3,9.700000000000001,-1.7000000000000002
494,9287.0,False,65.9,9.700000000000001,-1.6
495,9307.0,False,65.4,9.8,-1.5
496,9322.0,False,65.0,9.8,-1.4000000000000001
497,9336.0,False,64.60000000000001,9.9,-1.4000000000000001
498,9355.0,False,64.3,10.0,-1.5
499,9371.0,False,63.900000000000006,10.100000000000001,-1.6
500,9387.0,False,63.6,10.100000000000001,-1.8
501,9404.0,False,63.400000000000006,10.100000000000001,-2.1
502,9420.0,False,63.1,9.9,-2.4000000000000004
503,9443.0,False,62.800000000000004,9.8,-2.7
504,9453.0,False,62.5,9.700000000000001,-3.0
505,9472.0,False,62.300000000000004,9.700000000000001,-3.2
506,9487.0,False,62.1,9.8,-3.3000000000000003
507,9505.0,False,62.0,10.0,-3.3000000000000003
508,9526.0,False,61.900000000000006,10.100000000000001,-3.3000000000000003
509,9537.0,False,61.800000000000004,10.3,-3.3000000000000003
510,9564.0,False,61.7,10.4,-3.4000000000000004
511,9586.0,False,61.300000000000004,10.600000000000001,-3.9000000000000004
512,9610.0,False,61.0,10.700000000000001,-4.2
513,9620.0,False,60.6,10.600000000000001,-4.5
514,9637.0,False,60.1,10.4,-4.800000000000001
515,9653.0,False,59.6,10.0,-5.1000000000000005
516,9671.0,False,59.0,9.4,-5.300000000000001
517,9686.0,False,58.400000000000006,8.700000000000001,-5.300000000000001
518,9704.0,False,57.7,8.200000000000001,-5.1000000000000005
519,9721.0,False,57.2,7.800000000000001,-4.7
520,9737.0,False,56.800000000000004,7.800000000000001,-4.2
521,9753.0,False,56.6,7.800000000000001,-3.7
522,9771.0,False,56.5,8.0,-3.3000000000000003
523,9787.0,False,56.400000000000006,8.3,-2.9000000000000004
524,9808.0,False,56.300000000000004,8.6,-2.6
525,9827.0,False,56.2,8.9,-2.3000000000000003
526,9836.0,False,56.1,9.200000000000001,-2.1
527,9853.0,False,55.900000000000006,9.5,-1.9000000000000001
528,9874.0,False,55.6,9.700000000000001,-1.8
529,9887.0,False,55.2,9.9,-1.7000000000000002
530,9905.0,False,54.800000000000004,10.100000000000001,-1.7000000000000002
531,9923.0,False,54.300000000000004,10.100000000000001,-1.7000000000000002
532,9936.0,False,53.800000000000004,10.100000000000001,-1.7000000000000002
533,9953.0,False,53.400000000000006,10.0,-1.7000000000000002
534,9970.0,False,52.900000000000006,9.9,-1.8
535,9987.0,False,52.5,9.700000000000001,-1.9000000000000001
536,10009.0,False,52.2,9.5,-2.0
537,10020.0,False,51.800000000000004,9.3,-2.1
538,10036.0,False,51.5,9.1,-2.2
539,10054.0,False,51.300000000000004,9.0,-2.2
540,10075.0,False,51.0,8.9,-2.2
541,10087.0,False,50.800000000000004,8.9,-2.1
542,10109.0,False,50.6,8.9,-2.0
543,10121.0,False,50.400000000000006,9.0,-1.9000000000000001
544,10141.0,False,50.1,9.1,-1.8
545,10154.0,False,49.900000000000006,9.200000000000001,-1.5
546,10170.0,False,49.6,9.3,-1.3
547,10187.0,False,49.400000000000006,9.4,-1.1
548,10205.0,False,49.1,9.5,-0.9
549,10220.0,False,48.800000000000004,9.700000000000001,-0.8
550,10236.0,False,48.6,9.8,-0.7000000000000001
551,10254.0,False,48.300000000000004,9.9,-0.6000000000000001
552,10270.0,False,48.1,9.9,-0.7000000000000001
553,10287.0,False,47.800000000000004,9.9,-0.8
554,10306.0,False,47.5,9.8,-0.9
555,10320.0,False,47.300000000000004,9.8,-1.0
556,10337.0,False,47.1,9.8,-1.2000000000000002
557,10353.0,False,46.900000000000006,9.8,-1.5
558,10370.0,False,46.800000000000004,9.8,-1.9000000000000001
559,10388.0,False,46.6,9.8,-2.3000000000000003
560,10405.0,False,46.5,9.8,-2.8000000000000003
561,10420.0,False,46.300000000000004,9.9,-3.3000000000000003
562,10438.0,False,46.0,10.0,-3.8000000000000003
563,10454.0,False,45.800000000000004,10.200000000000001,-4.1000000000000005
564,10474.0,False,45.6,10.3,-4.3
565,10487.0,False,45.300000000000004,10.4,-4.3
566,10504.0,False,45.1,10.4,-4.3
567,10520.0,False,44.800000000000004,10.4,-4.2
568,10538.0,False,44.5,10.3,-4.1000000000000005
569,10553.0,False,44.2,10.3,-4.1000000000000005
570,10587.0,False,43.6,10.200000000000001,-4.2
571,10610.0,False,43.400000000000006,10.3,-4.3
572,10620.0,False,43.1,10.5,-4.3
573,10639.0,False,42.900000000000006,10.700000000000001,-4.4
574,10654.0,False,42.7,10.9,-4.3
575,10670.0,False,42.5,11.100000000000001,-4.3
576,10687.0,False,42.300000000000004,11.3,-4.2
577,10706.0,False,42.2,11.4,-4.1000000000000005
578,10720.0,False,42.0,11.600000000000001,-4.0
579,10736.0,False,41.800000000000004,11.700000000000001,-4.0
580,10753.0,False,41.7,11.9,-4.0
581,10771.0,False,41.400000000000006,11.9,-4.1000000000000005
582,10787.0,False,41.1,12.0,-4.1000000000000005
583,10806.0,False,40.800000000000004,11.9,-4.0
584,10820.0,False,40.5,11.8,-3.9000000000000004
585,10837.0,False,40.2,11.700000000000001,-3.7
586,10874.0,False,39.7,11.3,-3.1
587,10887.0,False,39.5,11.3,-2.8000000000000003
588,10921.0,False,39.5,11.600000000000001,-2.2
589,10936.0,False,39.6,12.0,-2.1
590,10954.0,False,39.800000000000004,12.4,-2.2
591,10971.0,False,40.0,12.8,-2.3000000000000003
592,10995.0,False,40.300000000000004,13.3,-2.6
593,11005.0,False,40.5,13.700000000000001,-2.9000000000000004
594,11023.0,False,40.800000000000004,14.100000000000001,-3.3000000000000003
595,11036.0,False,40.900000000000006,14.5,-3.6
596,11053.0,False,41.0,14.8,-3.9000000000000004
597,11070.0,False,40.900000000000006,15.0,-4.2
598,11088.0,False,40.7,15.100000000000001,-4.3
599,11106.0,False,40.400000000000006,15.100000000000001,-4.3
600,11137.0,False,39.900000000000006,15.3,-4.2
601,11153.0,False,39.6,15.4,-4.0
602,11170.0,False,39.300000000000004,15.4,-3.9000000000000004
603,11187.0,False,39.0,15.3,-3.8000000000000003
604,11209.0,False,38.7,15.200000000000001,-3.6
605,11221.0,False,38.400000000000006,15.200000000000001,-3.4000000000000004
606,11237.0,False,38.2,15.200000000000001,-3.1
607,11254.0,False,38.1,15.4,-2.8000000000000003
608,11272.0,False,38.1,15.700000000000001,-2.6
609,11287.0,False,38.1,16.0,-2.3000000000000003
610,11311.0,False,38.1,16.2,-2.2
611,11320.0,False,37.9,16.5,-2.1
612,11339.0,False,37.7,16.7,-1.9000000000000001
613,11353.0,False,37.5,16.900000000000002,-1.5
614,11370.0,False,37.300000000000004,17.1,-1.1
615,11388.0,False,37.1,17.0,-0.7000000000000001
616,11405.0,False,37.0,16.8,-0.4
617,11420.0,False,36.800000000000004,16.400000000000002,-0.30000000000000004
618,11436.0,False,36.6,16.2,-0.30000000000000004
619,11454.0,False,36.300000000000004,16.400000000000002,-0.1
620,11471.0,False,36.2,16.900000000000002,0.30000000000000004
621,11487.0,False,36.2,17.5,0.7000000000000001
622,11513.0,False,36.300000000000004,18.0,1.1
623,11520.0,False,36.5,18.400000000000002,1.4000000000000001
624,11553.0,False,36.9,18.8,1.5
625,11571.0,False,37.0,18.900000000000002,1.3
626,11586.0,False,37.0,18.8,1.0
627,11607.0,False,37.0,18.7,0.7000000000000001
628,11620.0,False,36.800000000000004,18.400000000000002,0.5
629,11637.0,False,36.7,18.1,0.5
630,11653.0,False,36.6,17.8,0.7000000000000001
631,11671.0,False,36.5,17.5,0.9
632,11687.0,False,36.5,17.400000000000002,1.2000000000000002
633,11708.0,False,36.6,17.3,1.4000000000000001
634,11720.0,False,36.6,17.3,1.6
635,11737.0,False,36.800000000000004,17.2,1.7000000000000002
636,11753.0,False,37.0,17.1,1.7000000000000002
637,11770.0,False,37.2,17.1,1.7000000000000002
638,11787.0,False,37.6,17.2,1.7000000000000002
639,11811.0,False,38.5,17.3,1.1
640,11839.0,False,39.0,17.1,0.6000000000000001
641,11854.0,False,39.400000000000006,16.900000000000002,0.1
642,11871.0,False,39.7,16.7,-0.2
643,11886.0,False,40.0,16.5,-0.2
644,11905.0,False,40.2,16.2,-0.1
645,11921.0,False,40.400000000000006,15.700000000000001,0.2
646,11937.0,False,40.6,15.100000000000001,0.5
647,11954.0,False,40.800000000000004,14.700000000000001,0.7000000000000001
648,11970.0,False,41.1,14.5,0.7000000000000001
649,11989.0,False,41.300000000000004,14.5,0.6000000000000001
650,12004.0,False,41.5,14.600000000000001,0.4
651,12025.0,False,41.800000000000004,14.700000000000001,0.1
652,12037.0,False,41.900000000000006,14.700000000000001,-0.2
653,12054.0,False,42.1,14.700000000000001,-0.5
654,12070.0,False,42.300000000000004,14.600000000000001,-0.7000000000000001
655,12086.0,False,42.400000000000006,14.5,-1.0
656,12106.0,False,42.6,14.4,-1.2000000000000002
657,12120.0,False,42.6,14.4,-1.4000000000000001
658,12156.0,False,42.400000000000006,14.100000000000001,-1.5
659,12170.0,False,42.300000000000004,13.9,-1.4000000000000001
660,12186.0,False,42.1,13.600000000000001,-1.3
661,12204.0,False,41.800000000000004,13.3,-1.2000000000000002
662,12221.0,False,41.6,13.100000000000001,-1.1
663,12237.0,False,41.400000000000006,13.0,-1.1
664,12255.0,False,41.300000000000004,12.9,-1.1
665,12270.0,False,41.1,12.8,-1.1
666,12293.0,False,41.0,12.700000000000001,-1.1
667,12325.0,False,40.7,12.5,-1.1
668,12337.0,False,40.6,12.5,-1.1
669,12353.0,False,40.5,12.600000000000001,-1.2000000000000002
670,12387.0,False,40.300000000000004,12.8,-1.3
671,12404.0,False,40.2,12.9,-1.3
672,12420.0,False,40.0,13.0,-1.3
673,12436.0,False,39.7,13.0,-1.3
674,12454.0,False,39.5,13.0,-1.2000000000000002
675,12470.0,False,39.2,12.9,-1.2000000000000002
676,12486.0,False,38.900000000000006,12.9,-1.1
677,12506.0,False,38.6,13.0,-1.1
678,12520.0,False,38.300000000000004,13.100000000000001,-1.1
679,12554.0,False,37.7,13.700000000000001,-1.4000000000000001
680,12588.0,False,37.0,13.600000000000001,-2.0
681,12611.0,False,35.6,13.200000000000001,-2.9000000000000004
682,12636.0,False,34.9,12.9,-3.3000000000000003
683,12655.0,False,34.300000000000004,12.600000000000001,-3.7
684,12670.0,False,33.800000000000004,12.4,-4.2
685,12687.0,False,33.4,12.4,-4.6000000000000005
686,12710.0,False,32.9,13.5,-5.4
687,12737.0,False,32.7,14.3,-5.6000000000000005
688,12753.0,False,32.6,15.0,-5.800000000000001
689,12770.0,False,32.4,15.5,-6.0
690,12792.0,False,32.2,15.8,-6.300000000000001
691,12805.0,False,31.900000000000002,15.9,-6.5
692,12837.0,False,31.400000000000002,16.0,-6.7
693,12855.0,False,29.900000000000002,15.9,-6.7
694,12871.0,False,28.900000000000002,15.600000000000001,-5.800000000000001
695,12890.0,False,28.0,15.100000000000001,-4.6000000000000005
696,12923.0,False,27.200000000000003,14.4,-3.3000000000000003
697,12937.0,False,25.900000000000002,13.3,-0.9
698,12957.0,False,25.3,13.100000000000001,-0.1
699,12970.0,False,24.900000000000002,13.100000000000001,0.30000000000000004
700,13004.0,False,24.5,13.3,0.2
701,13023.0,False,24.200000000000003,13.600000000000001,-1.3
702,13036.0,False,24.3,14.200000000000001,-2.5
703,13055.0,False,24.3,14.9,-3.7
704,13070.0,False,24.400000000000002,15.5,-4.800000000000001
705,13088.0,False,24.700000000000003,15.9,-5.7
706,13106.0,False,24.900000000000002,16.0,-6.300000000000001
707,13121.0,False,25.1,15.9,-6.6000000000000005
708,13137.0,False,25.200000000000003,15.9,-6.7
709,13153.0,False,25.3,16.1,-6.7
710,13171.0,False,25.400000000000002,16.400000000000002,-6.7
711,13187.0,False,25.700000000000003,16.8,-6.7
712,13205.0,False,26.200000000000003,17.1,-6.7
713,13220.0,False,26.700000000000003,17.400000000000002,-6.5
714,13236.0,False,27.3,17.7,-6.2
715,13255.0,False,28.1,18.2,-6.1000000000000005
716,13270.0,False,28.900000000000002,18.900000000000002,-6.1000000000000005
717,13287.0,False,29.6,19.5,-6.2
718,13304.0,False,30.0,19.900000000000002,-6.1000000000000005
719,13323.0,False,30.400000000000002,20.200000000000003,-6.1000000000000005
720,13341.0,False,30.700000000000003,20.1,-6.0
721,13353.0,False,30.700000000000003,19.700000000000003,-6.1000000000000005
722,13375.0,False,30.400000000000002,19.200000000000003,-6.1000000000000005
723,13387.0,False,29.900000000000002,18.7,-6.1000000000000005
724,13415.0,False,29.0,19.0,-5.1000000000000005
725,13436.0,False,29.0,19.400000000000002,-4.3
726,13453.0,False,29.200000000000003,20.0,-3.6
727,13471.0,False,29.400000000000002,20.400000000000002,-2.9000000000000004
728,13487.0,False,29.400000000000002,20.8,-2.3000000000000003
729,13507.0,False,29.3,21.0,-1.8
730,13522.0,False,29.1,21.1,-1.3
731,13537.0,False,28.900000000000002,21.1,-0.7000000000000001
732,13553.0,False,28.700000000000003,20.900000000000002,-0.4
733,13570.0,False,28.5,20.6,-0.4
734,13590.0,False,28.200000000000003,20.200000000000003,-0.7000000000000001
735,13605.0,False,27.700000000000003,19.8,-0.9
736,13620.0,False,27.3,19.400000000000002,-0.7000000000000001
737,13637.0,False,26.8,18.8,-0.4
738,13654.0,False,26.3,18.2,0.0
739,13670.0,False,25.700000000000003,18.0,0.0
740,13687.0,False,25.1,18.2,-0.4
741,13703.0,False,24.6,18.7,-0.9
742,13722.0,False,24.400000000000002,19.400000000000002,-1.6
743,13736.0,False,24.700000000000003,20.0,-2.3000000000000003
744,13753.0,False,25.1,20.0,-1.9000000000000001
745,13770.0,False,25.6,19.3,-0.9
746,13788.0,False,26.1,18.5,-0.9
747,13806.0,False,26.5,18.3,-1.7000000000000002
748,13820.0,False,26.700000000000003,18.7,-2.8000000000000003
749,13836.0,False,26.8,19.700000000000003,-4.2
750,13854.0,False,27.200000000000003,21.1,-6.300000000000001
751,13876.0,False,27.5,22.6,-8.700000000000001
752,13886.0,False,27.700000000000003,23.5,-10.600000000000001
753,13906.0,False,27.8,23.3,-11.700000000000001
754,13926.0,False,27.700000000000003,22.5,-12.100000000000001
755,13938.0,False,27.8,21.900000000000002,-12.3
756,13953.0,False,27.8,21.5,-12.4
757,13971.0,False,27.8,21.6,-12.5
758,13987.0,False,27.900000000000002,21.8,-12.5
759,14004.0,False,28.3,22.1,-12.700000000000001
760,14027.0,False,28.6,22.3,-12.8
761,14037.0,False,28.6,22.400000000000002,-12.8
762,14054.0,False,28.3,22.6,-12.5
763,14071.0,False,27.900000000000002,23.1,-11.600000000000001
764,14087.0,False,27.400000000000002,23.8,-10.5
765,14110.0,False,27.0,24.5,-9.600000000000001
766,14124.0,False,26.700000000000003,24.700000000000003,-9.1
767,14136.0,False,26.3,24.700000000000003,-8.8
768,14154.0,False,25.8,24.400000000000002,-8.5
769,14171.0,False,25.200000000000003,24.0,-8.200000000000001
770,14189.0,False,24.6,23.5,-7.800000000000001
771,14204.0,False,24.1,23.200000000000003,-7.300000000000001
772,14228.0,False,24.0,22.8,-6.9
773,14237.0,False,24.1,22.400000000000002,-7.0
774,14253.0,False,24.1,21.900000000000002,-6.9
775,14273.0,False,24.1,21.3,-7.0
776,14287.0,False,23.900000000000002,20.6,-7.1000000000000005
777,14304.0,False,23.8,20.0,-7.5
778,14320.0,False,23.8,19.400000000000002,-7.9
779,14342.0,False,23.900000000000002,18.900000000000002,-8.8
780,14353.0,False,23.8,18.6,-9.5
781,14370.0,False,23.5,18.400000000000002,-9.700000000000001
782,14388.0,False,23.1,18.3,-9.4
783,14409.0,False,23.200000000000003,18.400000000000002,-9.0
784,14437.0,False,23.8,18.7,-7.800000000000001
785,14454.0,False,24.0,19.0,-7.0
786,14470.0,False,24.1,19.400000000000002,-6.1000000000000005
787,14487.0,False,24.1,19.8,-4.9
788,14505.0,False,24.200000000000003,20.3,-3.4000000000000004
789,14537.0,False,24.900000000000002,20.5,-0.2
790,14554.0,False,25.1,20.200000000000003,1.8
791,14570.0,False,25.400000000000002,19.3,3.8000000000000003
792,14587.0,False,25.6,18.0,5.2
793,14604.0,False,25.6,16.7,5.9
794,14620.0,False,25.200000000000003,15.600000000000001,6.0
795,14640.0,False,24.5,14.600000000000001,5.7
796,14656.0,False,23.6,13.600000000000001,5.6000000000000005
797,14670.0,False,23.1,12.700000000000001,5.7
798,14687.0,False,23.0,12.100000000000001,5.2
799,14704.0,False,23.3,12.0,4.3
800,14736.0,False,23.900000000000002,12.200000000000001,3.4000000000000004
801,14756.0,False,25.8,13.100000000000001,1.8
802,14770.0,False,26.900000000000002,13.4,1.1
803,14786.0,False,27.900000000000002,13.700000000000001,0.4
804,14804.0,False,28.8,14.0,-0.2
805,14820.0,False,29.700000000000003,14.3,-1.1
806,14836.0,False,30.5,14.700000000000001,-2.1
807,14853.0,False,31.400000000000002,15.200000000000001,-3.3000000000000003
808,14870.0,False,32.2,15.700000000000001,-4.6000000000000005
809,14887.0,False,32.9,16.1,-6.0
810,14906.0,False,33.4,16.5,-7.300000000000001
811,14920.0,False,33.6,16.6,-8.5
812,14939.0,False,33.7,16.6,-9.600000000000001
813,14953.0,False,33.6,16.7,-10.3
814,14970.0,False,33.1,17.2,-10.4
815,14986.0,False,32.5,17.900000000000002,-9.9
816,15003.0,False,32.0,18.900000000000002,-9.0
817,15023.0,False,31.700000000000003,19.900000000000002,-7.9
818,15040.0,False,31.6,20.700000000000003,-6.7
819,15053.0,False,31.5,21.3,-5.7
820,15070.0,False,31.5,21.700000000000003,-4.9
821,15087.0,False,31.700000000000003,21.900000000000002,-4.5
822,15103.0,False,31.8,22.0,-4.3
823,15124.0,False,31.900000000000002,22.1,-4.2
824,15139.0,False,32.0,22.400000000000002,-4.0
825,15153.0,False,31.900000000000002,22.6,-3.9000000000000004
826,15170.0,False,31.900000000000002,22.900000000000002,-3.8000000000000003
827,15186.0,False,31.8,23.200000000000003,-3.6
828,15203.0,False,31.8,23.5,-3.4000000000000004
829,15220.0,False,31.700000000000003,23.6,-3.1
830,15237.0,False,31.5,23.700000000000003,-2.8000000000000003
831,15253.0,False,31.3,23.6,-2.5
832,15273.0,False,31.200000000000003,23.6,-2.3000000000000003
833,15287.0,False,31.0,23.8,-2.1
834,15312.0,False,30.900000000000002,24.200000000000003,-2.2
835,15321.0,False,30.700000000000003,24.5,-2.3000000000000003
836,15337.0,False,30.5,24.700000000000003,-2.4000000000000004
837,15354.0,False,30.1,24.700000000000003,-2.3000000000000003
838,15372.0,False,29.8,24.5,-2.1
839,15387.0,False,29.400000000000002,24.1,-1.7000000000000002
840,15407.0,False,29.200000000000003,23.5,-1.3
841,15421.0,False,29.200000000000003,23.200000000000003,-0.8
842,15439.0,False,29.400000000000002,23.200000000000003,-0.1
843,15453.0,False,29.700000000000003,23.200000000000003,0.9
844,15470.0,False,29.8,23.1,2.1
845,15488.0,False,29.900000000000002,22.8,3.2
846,15504.0,False,30.0,22.200000000000003,4.4
847,15524.0,False,29.900000000000002,21.3,5.6000000000000005
848,15541.0,False,29.700000000000003,20.1,6.7
849,15559.0,False,29.400000000000002,18.900000000000002,7.7
850,15573.0,False,29.400000000000002,17.8,8.1
851,15587.0,False,29.3,17.0,8.1
852,15610.0,False,29.1,16.5,8.4
853,15620.0,False,29.1,16.2,8.9
854,15639.0,False,29.400000000000002,16.1,9.600000000000001
855,15654.0,False,29.700000000000003,15.9,10.200000000000001
856,15672.0,False,29.8,15.600000000000001,10.600000000000001
857,15687.0,False,29.8,15.100000000000001,11.200000000000001
858,15709.0,False,29.900000000000002,14.700000000000001,11.5
859,15770.0,False,30.200000000000003,14.4,9.700000000000001
860,15786.0,False,29.6,14.9,8.6
861,15803.0,False,28.700000000000003,15.5,7.7
862,15829.0,False,27.3,16.3,7.7
863,15842.0,False,26.200000000000003,17.400000000000002,7.800000000000001
864,15853.0,False,25.200000000000003,18.8,8.200000000000001
865,15870.0,False,24.6,20.5,8.9
866,15887.0,False,24.0,22.6,10.5
867,15916.0,False,23.700000000000003,26.6,15.8
868,15936.0,False,24.5,28.5,18.5
869,15954.0,False,25.700000000000003,30.400000000000002,20.3
870,15970.0,False,27.200000000000003,32.0,21.3
871,15990.0,False,28.400000000000002,32.800000000000004,21.900000000000002
872,16004.0,False,29.3,33.0,21.700000000000003
873,16020.0,False,30.1,32.6,21.0
874,16037.0,False,31.0,31.700000000000003,19.900000000000002
875,16053.0,False,32.300000000000004,30.3,18.2
876,16078.0,False,34.0,26.900000000000002,16.7
877,16106.0,False,35.1,25.6,16.7
878,16120.0,False,36.300000000000004,24.6,16.400000000000002
879,16140.0,False,37.6,23.6,15.700000000000001
880,16153.0,False,38.6,22.5,14.9
881,16174.0,False,39.5,21.1,14.200000000000001
882,16187.0,False,40.300000000000004,19.700000000000003,14.0
883,16204.0,False,41.0,18.6,14.4
884,16222.0,False,41.6,17.900000000000002,15.600000000000001
885,16238.0,False,42.1,17.6,17.5
886,16253.0,False,42.7,17.400000000000002,19.900000000000002
887,16303.0,False,44.400000000000006,16.2,27.6
888,16326.0,False,45.2,15.100000000000001,29.700000000000003
889,16337.0,False,46.0,13.600000000000001,31.3
890,16353.0,False,47.1,11.8,32.5
891,16370.0,False,48.5,9.8,33.5
892,16386.0,False,50.1,7.7,34.4
893,16406.0,False,51.900000000000006,5.800000000000001,35.1
894,16420.0,False,53.7,4.3,35.7
895,16437.0,False,55.300000000000004,3.7,36.5
896,16453.0,False,56.5,3.8000000000000003,37.7
897,16476.0,False,57.400000000000006,4.3,39.1
898,16487.0,False,58.0,4.9,40.400000000000006
899,16509.0,False,58.6,5.5,41.2
900,16520.0,False,59.1,6.1000000000000005,41.5
901,16538.0,False,59.400000000000006,6.7,41.900000000000006
902,16554.0,False,59.6,7.5,42.2
903,16570.0,False,59.900000000000006,8.3,42.5
904,16587.0,False,60.2,9.1,42.7
905,16603.0,False,60.400000000000006,9.8,43.0
906,16620.0,False,60.7,10.3,43.2
907,16637.0,False,61.0,10.700000000000001,43.300000000000004
908,16654.0,False,61.2,10.8,43.400000000000006
909,16670.0,False,61.5,10.700000000000001,43.1
910,16687.0,False,62.0,10.600000000000001,42.6
911,16709.0,False,63.0,10.9,40.900000000000006
912,16736.0,False,63.5,11.5,39.7
913,16753.0,False,63.900000000000006,12.3,38.2
914,16771.0,False,64.0,13.200000000000001,36.6
915,16787.0,False,63.800000000000004,14.100000000000001,34.9
916,16806.0,False,63.400000000000006,14.9,33.4
917,16825.0,False,62.800000000000004,15.700000000000001,31.8
918,16841.0,False,62.0,16.400000000000002,30.400000000000002
919,16853.0,False,61.1,17.1,29.1
920,16871.0,False,60.1,17.7,27.900000000000002
921,16887.0,False,59.300000000000004,18.2,26.700000000000003
922,16909.0,False,58.6,18.5,25.1
923,16920.0,False,58.0,18.5,23.200000000000003
924,16937.0,False,57.6,18.3,21.6
925,16953.0,False,57.400000000000006,17.8,20.0
926,16972.0,False,57.1,17.2,18.1
927,16987.0,False,56.900000000000006,16.6,16.0
928,17006.0,False,56.7,16.1,13.9
929,17020.0,False,56.6,15.600000000000001,11.8
930,17036.0,False,56.800000000000004,15.5,9.8
931,17053.0,False,57.0,15.8,7.9
932,17072.0,False,57.2,16.6,6.4
933,17086.0,False,57.400000000000006,17.6,5.1000000000000005
934,17103.0,False,58.0,18.8,3.7
935,17125.0,False,58.7,20.0,2.6
936,17137.0,False,59.0,20.8,2.1
937,17153.0,False,59.300000000000004,21.1,1.4000000000000001
938,17169.0,False,59.300000000000004,21.1,0.6000000000000001
939,17187.0,False,59.300000000000004,21.0,-0.2
940,17203.0,False,59.2,20.8,-0.9
941,17221.0,False,59.300000000000004,20.700000000000003,-1.5
942,17241.0,False,59.5,20.6,-2.1
943,17253.0,False,59.900000000000006,20.400000000000002,-2.7
944,17270.0,False,60.5,20.400000000000002,-3.2
945,17292.0,False,61.1,20.6,-3.4000000000000004
946,17303.0,False,61.6,20.900000000000002,-3.4000000000000004
947,17320.0,False,62.2,21.200000000000003,-3.0
948,17337.0,False,62.800000000000004,21.5,-2.4000000000000004
949,17359.0,False,63.6,21.6,-1.7000000000000002
950,17370.0,False,64.5,21.5,-1.1
951,17396.0,False,65.4,21.3,-0.7000000000000001
952,17403.0,False,66.4,20.8,-0.4
953,17420.0,False,67.60000000000001,20.3,-0.6000000000000001
954,17436.0,False,69.0,19.8,-1.1
955,17453.0,False,70.5,19.5,-1.9000000000000001
956,17471.0,False,71.8,19.1,-2.8000000000000003
957,17487.0,False,72.9,18.7,-3.8000000000000003
958,17503.0,False,73.9,18.3,-4.7
959,17520.0,False,74.7,17.900000000000002,-5.2
960,17536.0,False,75.4,17.6,-5.2
961,17553.0,False,76.10000000000001,17.2,-4.9
962,17574.0,False,77.0,16.900000000000002,-4.2
963,17587.0,False,78.2,16.400000000000002,-3.9000000000000004
964,17606.0,False,79.60000000000001,15.700000000000001,-4.7
965,17627.0,False,80.9,14.600000000000001,-5.0
966,17636.0,False,82.4,13.3,-5.2
967,17653.0,False,84.0,12.200000000000001,-4.9
968,17670.0,False,85.2,11.4,-3.9000000000000004
969,17687.0,False,86.4,11.200000000000001,-3.0
970,17704.0,False,87.9,11.0,-2.7
971,17722.0,False,89.10000000000001,10.200000000000001,-3.2
972,17737.0,False,89.10000000000001,9.600000000000001,-3.7
973,17753.0,False,88.9,9.4,-4.2
974,17770.0,False,88.80000000000001,9.4,-4.5
975,17803.0,False,88.80000000000001,9.4,-4.2
976,17822.0,False,88.9,9.1,-3.7
977,17838.0,False,88.9,8.6,-3.1
978,17854.0,False,89.0,8.200000000000001,-2.6
979,17870.0,False,89.10000000000001,8.0,-2.1
980,17887.0,False,89.0,8.0,-1.7000000000000002
981,17904.0,False,88.9,8.0,-1.1
982,17924.0,False,88.80000000000001,8.0,-0.4
983,17941.0,False,88.7,8.0,0.4
984,17956.0,False,88.7,8.200000000000001,1.0
985,17970.0,False,88.80000000000001,8.5,1.5
986,17987.0,False,88.9,8.9,1.6
987,18003.0,False,88.9,9.4,0.9
988,18021.0,False,88.7,9.600000000000001,-0.2
989,18037.0,False,88.4,9.600000000000001,-1.2000000000000002
990,18054.0,False,88.10000000000001,9.700000000000001,-1.8
991,18070.0,False,87.80000000000001,10.3,-2.2
992,18086.0,False,87.60000000000001,11.200000000000001,-2.7
993,18103.0,False,87.4,12.3,-3.2
994,18133.0,False,87.2,13.3,-3.3000000000000003
995,18153.0,False,86.7,14.200000000000001,-3.8000000000000003
996,18169.0,False,86.5,14.3,-4.2
997,18187.0,False,86.2,14.5,-4.0
998,18208.0,False,86.10000000000001,14.8,-3.5
999,18220.0,False,85.80000000000001,15.200000000000001,-2.3000000000000003
1000,18243.0,False,85.80000000000001,15.9,-1.2000000000000002
1001,18253.0,False,86.0,16.6,-1.0
1002,18269.0,False,86.10000000000001,17.0,-1.3
1003,18287.0,False,86.0,16.900000000000002,-1.6
1004,18304.0,False,86.0,16.5,-2.1
1005,18320.0,False,85.80000000000001,16.400000000000002,-2.0
1006,18337.0,False,85.7,16.900000000000002,-2.0
1007,18353.0,False,85.60000000000001,17.900000000000002,-2.4000000000000004
1008,18372.0,False,85.30000000000001,19.200000000000003,-3.4000000000000004
1009,18387.0,False,84.80000000000001,20.900000000000002,-5.2
1010,18405.0,False,84.0,22.700000000000003,-7.2
1011,18425.0,False,83.10000000000001,24.3,-9.1
1012,18436.0,False,82.2,25.3,-10.600000000000001
1013,18453.0,False,81.30000000000001,26.200000000000003,-11.4
1014,18470.0,False,80.7,27.0,-11.9
1015,18487.0,False,80.60000000000001,27.900000000000002,-12.200000000000001
1016,18504.0,False,80.7,28.700000000000003,-12.4
1017,18538.0,False,80.2,30.0,-11.4
1018,18554.0,False,80.0,30.400000000000002,-10.600000000000001
1019,18570.0,False,80.10000000000001,30.6,-10.0
1020,18589.0,False,80.5,30.900000000000002,-9.600000000000001
1021,18604.0,False,81.2,31.1,-9.700000000000001
1022,18640.0,False,82.9,31.200000000000003,-10.600000000000001
1023,18653.0,False,83.4,31.0,-10.8
1024,18673.0,False,83.7,31.0,-10.700000000000001
1025,18687.0,False,84.2,31.1,-10.4
1026,18703.0,False,84.9,31.200000000000003,-10.0
1027,18723.0,False,85.9,31.3,-9.5
1028,18739.0,False,87.2,31.1,-8.9
1029,18753.0,False,88.4,30.6,-8.5
1030,18770.0,False,89.60000000000001,29.900000000000002,-8.4
1031,18794.0,False,90.7,29.200000000000003,-8.4
1032,18803.0,False,91.60000000000001,28.700000000000003,-8.5
1033,18820.0,False,92.2,28.400000000000002,-8.5
1034,18837.0,False,92.60000000000001,28.200000000000003,-8.1
1035,18853.0,False,92.9,27.900000000000002,-7.5
1036,18870.0,False,93.10000000000001,27.400000000000002,-6.7
1037,18887.0,False,93.4,26.900000000000002,-5.800000000000001
1038,18905.0,False,93.80000000000001,26.400000000000002,-4.800000000000001
1039,18920.0,False,94.2,25.8,-3.9000000000000004
1040,18938.0,False,94.60000000000001,25.3,-3.2
1041,18954.0,False,94.9,24.8,-2.6
1042,18974.0,False,95.2,24.3,-2.3000000000000003
1043,19003.0,False,96.10000000000001,23.200000000000003,-2.8000000000000003
1044,19020.0,False,96.80000000000001,22.900000000000002,-3.8000000000000003
1045,19038.0,False,97.5,22.900000000000002,-5.2
1046,19053.0,False,98.10000000000001,23.200000000000003,-7.0
1047,19071.0,False,98.7,23.8,-9.200000000000001
1048,19103.0,False,99.4,24.700000000000003,-11.4
1049,19124.0,False,101.30000000000001,26.5,-15.100000000000001
1050,19136.0,False,102.5,27.0,-16.3
1051,19155.0,False,103.60000000000001,27.1,-17.3
1052,19170.0,False,104.60000000000001,26.8,-17.8
1053,19188.0,False,105.30000000000001,26.400000000000002,-18.1
1054,19203.0,False,105.60000000000001,25.900000000000002,-18.0
1055,19231.0,False,105.7,25.5,-17.8
1056,19236.0,False,105.60000000000001,25.200000000000003,-17.400000000000002
1057,19253.0,False,105.30000000000001,24.900000000000002,-17.0
1058,19271.0,False,104.9,24.6,-16.3
1059,19287.0,False,104.4,24.5,-15.5
1060,19305.0,False,103.9,24.400000000000002,-14.5
1061,19322.0,False,103.30000000000001,24.3,-13.3
1062,19341.0,False,102.7,24.1,-12.100000000000001
1063,19353.0,False,102.2,23.8,-11.0
1064,19375.0,False,101.7,23.400000000000002,-10.0
1065,19387.0,False,101.30000000000001,23.0,-9.1
1066,19403.0,False,100.9,22.700000000000003,-8.4
1067,19421.0,False,100.60000000000001,22.6,-7.9
1068,19436.0,False,100.30000000000001,22.5,-7.7
1069,19453.0,False,100.0,22.400000000000002,-7.4
1070,19470.0,False,99.60000000000001,22.3,-7.2
1071,19486.0,False,99.2,22.200000000000003,-7.1000000000000005
1072,19504.0,False,98.80000000000001,21.8,-6.9
1073,19524.0,False,98.4,21.200000000000003,-6.6000000000000005
1074,19540.0,False,98.10000000000001,20.5,-6.5
1075,19554.0,False,97.9,19.700000000000003,-6.6000000000000005
1076,19570.0,False,97.80000000000001,19.0,-6.9
1077,19587.0,False,97.80000000000001,18.6,-7.300000000000001
1078,19603.0,False,97.80000000000001,18.5,-7.7
1079,19620.0,False,97.9,18.400000000000002,-8.1
1080,19638.0,False,98.2,18.400000000000002,-8.4
1081,19653.0,False,98.4,18.400000000000002,-8.5
1082,19670.0,False,98.7,18.3,-8.6
1083,19687.0,False,99.0,18.3,-8.700000000000001
1084,19703.0,False,99.10000000000001,18.400000000000002,-8.8
1085,19720.0,False,99.2,18.6,-8.9
1086,19737.0,False,99.10000000000001,18.8,-8.700000000000001
1087,19753.0,False,99.0,19.200000000000003,-8.200000000000001
1088,19769.0,False,98.80000000000001,19.5,-7.300000000000001
1089,19787.0,False,98.7,19.5,-6.0
1090,19803.0,False,98.7,19.1,-4.5
1091,19821.0,False,98.7,18.400000000000002,-3.0
1092,19840.0,False,98.60000000000001,17.5,-1.6
1093,19854.0,False,98.60000000000001,16.6,-0.30000000000000004
1094,19870.0,False,98.7,15.9,0.8
1095,19887.0,False,98.80000000000001,15.4,1.7000000000000002
1096,19903.0,False,98.9,15.100000000000001,2.6
1097,19920.0,False,99.2,15.200000000000001,3.4000000000000004
1098,19939.0,False,99.80000000000001,15.4,4.1000000000000005
1099,19953.0,False,100.60000000000001,15.8,4.6000000000000005
1100,19972.0,False,101.5,16.3,4.9
1101,19987.0,False,102.60000000000001,16.7,4.800000000000001
1102,20005.0,False,103.7,17.1,4.3
1103,20022.0,False,104.60000000000001,17.400000000000002,3.8000000000000003
1104,20037.0,False,105.4,17.6,3.3000000000000003
1105,20053.0,False,106.10000000000001,17.6,3.0
1106,20073.0,False,106.7,17.5,2.9000000000000004
1107,20087.0,False,107.4,17.1,3.1
1108,20107.0,False,108.0,16.5,3.4000000000000004
1109,20120.0,False,108.5,15.8,3.9000000000000004
1110,20138.0,False,108.9,15.0,4.3
1111,20155.0,False,109.30000000000001,14.3,4.800000000000001
1112,20170.0,False,109.7,13.8,5.2
1113,20189.0,False,109.80000000000001,13.4,5.7
1114,20203.0,False,109.80000000000001,13.100000000000001,6.0
1115,20220.0,False,109.60000000000001,12.8,6.4
1116,20240.0,False,109.4,12.5,6.800000000000001
1117,20253.0,False,109.7,12.5,7.300000000000001
1118,20269.0,False,110.4,12.8,7.7
1119,20287.0,False,111.30000000000001,13.4,7.6000000000000005
1120,20303.0,False,111.9,14.3,7.2
1121,20320.0,False,112.30000000000001,15.4,6.4
1122,20339.0,False,112.5,16.5,5.6000000000000005
1123,20354.0,False,112.60000000000001,17.400000000000002,4.800000000000001
1124,20369.0,False,112.60000000000001,18.1,4.4
1125,20387.0,False,112.7,18.6,4.3
1126,20403.0,False,112.80000000000001,19.0,4.4
1127,20420.0,False,112.80000000000001,19.200000000000003,4.7
1128,20436.0,False,112.5,19.5,5.300000000000001
1129,20453.0,False,112.2,19.8,6.1000000000000005
1130,20472.0,False,112.0,20.1,7.2
1131,20487.0,False,112.2,20.5,8.200000000000001
1132,20503.0,False,112.7,21.0,8.700000000000001
1133,20521.0,False,113.4,21.400000000000002,8.5
1134,20536.0,False,114.10000000000001,22.0,7.800000000000001
1135,20553.0,False,114.60000000000001,22.6,6.5
1136,20570.0,False,115.0,23.400000000000002,5.2
1137,20603.0,False,115.2,24.1,4.1000000000000005
1138,20622.0,False,115.5,24.900000000000002,2.8000000000000003
1139,20636.0,False,115.60000000000001,25.0,2.6
1140,20656.0,False,115.80000000000001,25.0,2.4000000000000004
1141,20670.0,False,116.10000000000001,25.0,2.3000000000000003
1142,20686.0,False,116.5,25.0,2.4000000000000004
1143,20703.0,False,116.80000000000001,24.900000000000002,2.6
1144,20726.0,False,117.0,24.700000000000003,2.8000000000000003
1145,20737.0,False,117.10000000000001,24.5,3.0
1146,20753.0,False,117.10000000000001,24.1,3.3000000000000003
1147,20770.0,False,117.0,23.700000000000003,3.8000000000000003
1148,20786.0,False,116.7,23.200000000000003,4.6000000000000005
1149,20803.0,False,116.4,22.700000000000003,5.6000000000000005
1150,20825.0,False,116.10000000000001,22.1,6.5
1151,20839.0,False,116.0,21.5,7.4
1152,20854.0,False,115.9,21.0,8.200000000000001
1153,20870.0,False,116.0,20.700000000000003,8.700000000000001
1154,20888.0,False,116.2,20.6,8.8
1155,20903.0,False,116.5,20.400000000000002,8.5
1156,20920.0,False,117.0,20.200000000000003,7.7
1157,20938.0,False,117.5,20.3,6.7
1158,20953.0,False,118.0,20.400000000000002,5.7
1159,20987.0,False,119.9,20.8,4.4
1160,21003.0,False,121.0,20.900000000000002,4.3
1161,21019.0,False,122.0,20.900000000000002,4.3
1162,21040.0,False,123.0,20.5,4.5
1163,21053.0,False,123.80000000000001,19.8,4.9
1164,21072.0,False,124.5,19.0,5.300000000000001
1165,21087.0,False,125.0,18.400000000000002,5.7
1166,21106.0,False,125.30000000000001,17.7,6.5
1167,21120.0,False,125.9,17.3,7.4
1168,21137.0,False,126.60000000000001,16.900000000000002,8.0
1169,21153.0,False,127.5,16.8,8.1
1170,21170.0,False,128.4,16.8,7.6000000000000005
1171,21187.0,False,129.3,16.8,6.300000000000001
1172,21206.0,False,129.70000000000002,16.8,5.0
1173,21220.0,False,129.70000000000002,16.5,4.2
1174,21240.0,False,129.8,16.0,3.7
1175,21253.0,False,129.9,15.700000000000001,3.8000000000000003
1176,21270.0,False,130.0,15.700000000000001,3.9000000000000004
1177,21287.0,False,130.0,16.0,3.8000000000000003
1178,21303.0,False,129.9,16.400000000000002,3.4000000000000004
1179,21331.0,False,129.8,16.7,3.0
1180,21338.0,False,129.4,16.8,2.9000000000000004
1181,21353.0,False,129.20000000000002,16.6,3.0
1182,21369.0,False,129.0,16.2,3.3000000000000003
1183,21386.0,False,128.8,15.8,3.9000000000000004
1184,21403.0,False,128.5,15.600000000000001,4.6000000000000005
1185,21421.0,False,128.20000000000002,15.5,5.2
1186,21436.0,False,127.7,15.4,5.9
1187,21453.0,False,126.9,15.3,6.6000000000000005
1188,21470.0,False,126.2,15.100000000000001,7.2
1189,21487.0,False,125.60000000000001,14.700000000000001,7.7
1190,21506.0,False,125.2,14.200000000000001,8.1
1191,21521.0,False,124.60000000000001,13.700000000000001,8.3
1192,21539.0,False,123.9,13.3,8.5
1193,21553.0,False,123.10000000000001,13.100000000000001,8.700000000000001
1194,21570.0,False,122.4,12.9,8.9
1195,21588.0,False,121.9,12.700000000000001,9.1
1196,21604.0,False,121.60000000000001,12.600000000000001,9.0
1197,21620.0,False,121.4,12.700000000000001,8.8
1198,21636.0,False,121.10000000000001,13.200000000000001,8.5
1199,21653.0,False,120.5,13.8,8.5
1200,21669.0,False,120.0,14.4,8.5
1201,21687.0,False,119.9,14.9,8.8
1202,21703.0,False,119.9,15.4,9.200000000000001
1203,21722.0,False,120.0,15.9,9.8
1204,21741.0,False,120.0,16.5,10.3
1205,21753.0,False,119.9,17.0,10.700000000000001
1206,21773.0,False,119.7,17.5,10.9
1207,21787.0,False,119.5,18.0,10.9
1208,21803.0,False,119.4,18.5,10.600000000000001
1209,21824.0,False,119.2,19.1,10.100000000000001
1210,21836.0,False,118.80000000000001,19.6,9.600000000000001
1211,21855.0,False,118.5,20.0,9.0
1212,21871.0,False,118.10000000000001,20.400000000000002,8.5
1213,21887.0,False,117.60000000000001,20.6,8.1
1214,21904.0,False,117.10000000000001,20.6,7.800000000000001
1215,21923.0,False,116.5,20.5,7.6000000000000005
1216,21940.0,False,115.9,20.200000000000003,7.5
1217,21953.0,False,115.2,19.700000000000003,7.2
1218,21977.0,False,113.7,18.5,6.6000000000000005
1219,22003.0,False,113.0,17.8,6.4
1220,22021.0,False,112.4,17.2,6.300000000000001
1221,22039.0,False,111.9,16.6,6.300000000000001
1222,22053.0,False,111.80000000000001,16.1,6.300000000000001
1223,22069.0,False,112.10000000000001,15.700000000000001,6.2
1224,22086.0,False,112.7,15.600000000000001,5.9
1225,22103.0,False,113.4,15.700000000000001,5.5
1226,22122.0,False,114.10000000000001,16.2,5.1000000000000005
1227,22137.0,False,114.7,16.900000000000002,4.9
1228,22157.0,False,115.10000000000001,17.6,4.9
1229,22170.0,False,115.5,18.0,5.300000000000001
1230,22186.0,False,115.80000000000001,18.0,5.800000000000001
1231,22203.0,False,115.80000000000001,17.5,6.300000000000001
1232,22220.0,False,115.80000000000001,16.6,6.9
1233,22236.0,False,115.60000000000001,15.700000000000001,7.6000000000000005
1234,22253.0,False,115.5,15.0,8.5
1235,22269.0,False,115.60000000000001,14.9,9.4
1236,22288.0,False,116.0,15.3,10.5
1237,22303.0,False,116.60000000000001,15.9,11.4
1238,22324.0,False,117.30000000000001,16.7,12.200000000000001
1239,22344.0,False,118.10000000000001,17.2,12.9
1240,22353.0,False,119.0,17.6,13.200000000000001
1241,22370.0,False,120.10000000000001,17.8,13.100000000000001
1242,22391.0,False,121.0,17.7,12.8
1243,22403.0,False,121.60000000000001,17.6,12.200000000000001
1244,22419.0,False,121.80000000000001,17.3,11.8
1245,22436.0,False,122.0,16.8,11.700000000000001
1246,22453.0,False,122.4,16.2,11.8
1247,22469.0,False,122.80000000000001,15.600000000000001,12.0
1248,22488.0,False,123.4,15.200000000000001,12.0
1249,22503.0,False,123.80000000000001,14.9,11.9
1250,22519.0,False,124.10000000000001,14.8,11.600000000000001
1251,22538.0,False,124.2,14.700000000000001,11.3
1252,22554.0,False,124.30000000000001,14.600000000000001,11.0
1253,22603.0,False,124.60000000000001,14.200000000000001,9.9
1254,22624.0,False,124.30000000000001,14.0,9.600000000000001
1255,22636.0,False,123.80000000000001,13.9,9.4
1256,22653.0,False,123.30000000000001,13.9,9.5
1257,22670.0,False,122.80000000000001,14.200000000000001,9.8
1258,22686.0,False,122.30000000000001,14.4,10.0
1259,22704.0,False,121.80000000000001,14.700000000000001,10.0
1260,22723.0,False,121.4,14.700000000000001,9.9
1261,22739.0,False,120.9,14.600000000000001,9.700000000000001
1262,22753.0,False,120.5,14.3,9.3
1263,22769.0,False,120.0,14.100000000000001,9.1
1264,22787.0,False,119.5,14.200000000000001,9.0
1265,22807.0,False,118.9,14.4,9.0
1266,22823.0,False,118.2,14.5,9.200000000000001
1267,22836.0,False,117.4,14.5,9.600000000000001
1268,22860.0,False,116.60000000000001,14.5,10.200000000000001
1269,22870.0,False,116.0,14.600000000000001,10.8
1270,22887.0,False,115.30000000000001,14.8,11.200000000000001
1271,22904.0,False,114.60000000000001,15.200000000000001,11.3
1272,22921.0,False,113.9,15.700000000000001,11.200000000000001
1273,22936.0,False,113.2,16.0,10.9
1274,22954.0,False,112.60000000000001,16.3,10.600000000000001
1275,22980.0,False,112.0,16.5,10.4
1276,22987.0,False,111.5,16.6,10.4
1277,23004.0,False,110.9,16.6,10.600000000000001
1278,23022.0,False,110.5,16.6,10.9
1279,23036.0,False,110.10000000000001,16.6,11.200000000000001
1280,23053.0,False,109.7,16.6,11.4
1281,23071.0,False,109.4,16.5,11.4
1282,23087.0,False,109.0,16.3,11.3
1283,23106.0,False,108.7,16.2,11.200000000000001
1284,23119.0,False,108.30000000000001,16.1,11.0
1285,23138.0,False,108.10000000000001,16.0,10.8
1286,23153.0,False,107.9,15.9,10.600000000000001
1287,23170.0,False,107.9,15.9,10.5
1288,23187.0,False,108.0,16.0,10.3
1289,23204.0,False,108.2,16.0,9.9
1290,23227.0,False,108.30000000000001,16.0,9.4
1291,23237.0,False,108.5,16.0,9.0
1292,23254.0,False,108.7,16.0,8.700000000000001
1293,23271.0,False,109.10000000000001,16.2,8.5
1294,23287.0,False,109.7,16.5,8.1
1295,23304.0,False,110.4,16.8,7.5
1296,23320.0,False,111.0,17.2,7.0
1297,23336.0,False,111.5,17.400000000000002,6.4
1298,23353.0,False,112.30000000000001,17.400000000000002,5.5
1299,23370.0,False,113.2,17.3,4.5
1300,23388.0,False,114.10000000000001,17.3,3.4000000000000004
1301,23404.0,False,115.2,17.6,2.3000000000000003
1302,23423.0,False,116.30000000000001,18.2,1.3
1303,23436.0,False,117.5,18.7,0.6000000000000001
1304,23453.0,False,118.7,19.1,0.1
1305,23473.0,False,119.7,19.1,-0.1
1306,23487.0,False,120.7,18.7,0.1
1307,23511.0,False,121.5,18.3,0.4
1308,23522.0,False,122.2,17.8,0.8
1309,23536.0,False,122.7,17.5,1.2000000000000002
1310,23553.0,False,123.30000000000001,17.3,1.6
1311,23570.0,False,123.80000000000001,17.2,1.8
1312,23589.0,False,124.30000000000001,17.2,2.0
1313,23604.0,False,124.80000000000001,17.3,2.1
1314,23620.0,False,125.2,17.3,2.1
1315,23640.0,False,125.60000000000001,17.5,2.0
1316,23653.0,False,126.10000000000001,17.8,1.7000000000000002
1317,23671.0,False,126.5,18.1,1.2000000000000002
1318,23687.0,False,126.80000000000001,18.3,0.7000000000000001
1319,23704.0,False,127.10000000000001,18.400000000000002,0.2
1320,23721.0,False,127.10000000000001,18.2,-0.2
1321,23737.0,False,127.10000000000001,17.900000000000002,-0.30000000000000004
1322,23753.0,False,126.9,17.6,-0.4
1323,23770.0,False,126.60000000000001,17.6,-0.5
1324,23787.0,False,126.10000000000001,17.8,-0.7000000000000001
1325,23803.0,False,125.5,18.3,-1.1
1326,23820.0,False,124.80000000000001,18.6,-1.8
1327,23839.0,False,123.9,18.7,-2.7
1328,23854.0,False,122.60000000000001,18.3,-3.4000000000000004
1329,23871.0,False,121.10000000000001,17.6,-3.8000000000000003
1330,23887.0,False,119.5,16.8,-3.7
1331,23904.0,False,117.9,16.1,-3.3000000000000003
1332,23927.0,False,116.5,15.600000000000001,-2.4000000000000004
1333,23936.0,False,115.10000000000001,15.200000000000001,-1.4000000000000001
1334,23953.0,False,114.0,14.9,-0.30000000000000004
1335,23971.0,False,113.2,14.600000000000001,0.7000000000000001
1336,23987.0,False,112.7,14.4,1.4000000000000001
1337,24004.0,False,112.60000000000001,14.3,1.7000000000000002
1338,24021.0,False,112.5,14.4,1.7000000000000002
1339,24036.0,False,112.30000000000001,14.8,1.5
1340,24058.0,False,112.2,15.200000000000001,1.2000000000000002
1341,24070.0,False,112.2,15.700000000000001,0.8
1342,24087.0,False,112.30000000000001,16.3,0.30000000000000004
1343,24103.0,False,112.4,16.8,-0.30000000000000004
1344,24124.0,False,112.5,17.400000000000002,-0.8
1345,24142.0,False,112.5,17.7,-1.2000000000000002
1346,24153.0,False,112.4,17.8,-1.4000000000000001
1347,24170.0,False,112.2,17.6,-1.2000000000000002
1348,24188.0,False,111.80000000000001,17.2,-0.9
1349,24204.0,False,111.4,16.8,-0.4
1350,24223.0,False,111.10000000000001,16.400000000000002,0.0
1351,24236.0,False,110.80000000000001,16.1,0.4
1352,24258.0,False,110.5,16.0,0.6000000000000001
1353,24269.0,False,110.10000000000001,15.9,0.9
1354,24286.0,False,109.7,15.9,1.3
1355,24304.0,False,109.5,15.9,1.7000000000000002
1356,24322.0,False,109.60000000000001,16.1,2.0
1357,24337.0,False,109.80000000000001,16.400000000000002,1.8
1358,24356.0,False,110.0,16.8,1.3
1359,24369.0,False,110.0,17.1,0.5
1360,24389.0,False,110.2,17.6,-0.5
1361,24404.0,False,110.5,18.3,-1.7000000000000002
1362,24428.0,False,111.0,19.200000000000003,-3.3000000000000003
1363,24437.0,False,111.60000000000001,20.0,-5.1000000000000005
1364,24453.0,False,112.0,20.5,-6.7
1365,24471.0,False,112.30000000000001,20.700000000000003,-7.6000000000000005
1366,24487.0,False,112.5,20.8,-7.800000000000001
1367,24504.0,False,112.80000000000001,20.700000000000003,-7.4
1368,24519.0,False,113.10000000000001,20.700000000000003,-6.7
1369,24536.0,False,113.4,20.700000000000003,-6.0
1370,24556.0,False,113.80000000000001,20.6,-5.4
1371,24570.0,False,114.2,20.400000000000002,-5.0
1372,24590.0,False,114.4,19.900000000000002,-4.800000000000001
1373,24603.0,False,114.60000000000001,19.200000000000003,-4.7
1374,24622.0,False,114.7,18.3,-4.9
1375,24636.0,False,114.80000000000001,17.5,-5.2
1376,24653.0,False,114.7,16.8,-5.6000000000000005
1377,24669.0,False,114.60000000000001,16.400000000000002,-5.9
1378,24686.0,False,114.60000000000001,16.400000000000002,-6.2
1379,24703.0,False,114.60000000000001,16.6,-6.2
1380,24721.0,False,114.7,16.8,-6.0
1381,24736.0,False,114.80000000000001,17.0,-5.800000000000001
1382,24753.0,False,114.9,16.900000000000002,-5.5
1383,24770.0,False,115.0,16.5,-5.1000000000000005
1384,24787.0,False,115.2,16.1,-4.6000000000000005
1385,24803.0,False,115.2,15.8,-4.3
1386,24822.0,False,115.2,15.5,-4.2
1387,24837.0,False,114.9,15.200000000000001,-4.3
1388,24853.0,False,114.5,14.9,-4.4
1389,24869.0,False,114.10000000000001,14.700000000000001,-4.4
1390,24887.0,False,113.7,14.9,-4.3
1391,24903.0,False,113.4,15.200000000000001,-4.0
1392,24920.0,False,113.10000000000001,15.600000000000001,-3.7
1393,24936.0,False,112.80000000000001,16.0,-3.4000000000000004
1394,24953.0,False,112.5,16.3,-3.1
1395,24972.0,False,112.10000000000001,16.5,-2.8000000000000003
1396,24991.0,False,111.80000000000001,16.6,-2.4000000000000004
1397,25003.0,False,111.30000000000001,16.6,-1.8
1398,25019.0,False,110.80000000000001,16.6,-1.1
1399,25036.0,False,110.30000000000001,16.7,-0.30000000000000004
1400,25053.0,False,109.9,16.8,0.4
1401,25069.0,False,109.7,17.2,1.0
1402,25088.0,False,109.5,17.8,1.4000000000000001
1403,25104.0,False,109.4,18.5,1.7000000000000002
1404,25126.0,False,109.4,19.1,1.8
1405,25137.0,False,109.5,19.8,1.7000000000000002
1406,25153.0,False,109.7,20.200000000000003,1.2000000000000002
1407,25171.0,False,109.9,20.5,0.4
1408,25186.0,False,110.10000000000001,20.700000000000003,-0.4
1409,25203.0,False,110.10000000000001,20.8,-1.3
1410,25219.0,False,109.9,20.8,-1.8
1411,25236.0,False,109.7,20.900000000000002,-2.0
1412,25257.0,False,109.60000000000001,21.0,-1.8
1413,25270.0,False,109.5,21.1,-1.5
1414,25288.0,False,109.4,21.1,-1.1
1415,25303.0,False,109.30000000000001,20.900000000000002,-0.6000000000000001
1416,25320.0,False,109.0,20.5,-0.1
1417,25336.0,False,108.60000000000001,19.900000000000002,0.6000000000000001
1418,25355.0,False,108.30000000000001,19.3,1.3
1419,25370.0,False,108.0,18.8,2.1
1420,25387.0,False,107.7,18.400000000000002,2.8000000000000003
1421,25422.0,False,107.4,18.1,3.5
1422,25436.0,False,107.2,18.0,4.1000000000000005
1423,25453.0,False,106.9,18.0,4.800000000000001
1424,25486.0,False,107.0,18.2,4.9
1425,25503.0,False,107.10000000000001,18.5,4.6000000000000005
1426,25524.0,False,107.30000000000001,18.7,4.3
1427,25537.0,False,107.60000000000001,18.900000000000002,4.0
1428,25554.0,False,108.0,19.1,3.6
1429,25570.0,False,108.60000000000001,19.400000000000002,3.0
1430,25586.0,False,109.2,19.700000000000003,2.3000000000000003
1431,25603.0,False,109.7,19.8,1.4000000000000001
1432,25621.0,False,110.10000000000001,19.900000000000002,0.7000000000000001
1433,25636.0,False,110.5,20.0,0.2
1434,25653.0,False,111.0,20.3,0.0
1435,25673.0,False,111.7,20.8,0.1
1436,25686.0,False,112.5,21.400000000000002,0.2
1437,25703.0,False,113.4,22.1,0.2
1438,25719.0,False,114.2,22.6,0.0
1439,25737.0,False,115.0,22.900000000000002,-0.5
1440,25753.0,False,115.7,22.900000000000002,-1.4000000000000001
1441,25770.0,False,116.30000000000001,22.8,-2.5
1442,25786.0,False,116.60000000000001,22.700000000000003,-3.6
1443,25803.0,False,116.80000000000001,22.6,-4.5
1444,25820.0,False,117.0,22.6,-5.1000000000000005
1445,25841.0,False,117.2,22.8,-5.4
1446,25854.0,False,117.30000000000001,22.8,-5.300000000000001
1447,25873.0,False,117.60000000000001,22.700000000000003,-5.1000000000000005
1448,25887.0,False,117.80000000000001,22.400000000000002,-4.800000000000001
1449,25906.0,False,118.10000000000001,22.1,-4.6000000000000005
1450,25923.0,False,118.4,21.700000000000003,-4.5
1451,25937.0,False,118.60000000000001,21.5,-4.5
1452,25958.0,False,118.80000000000001,21.5,-4.5
1453,25970.0,False,118.80000000000001,21.6,-4.5
1454,25991.0,False,118.80000000000001,21.900000000000002,-4.5
1455,26003.0,False,118.80000000000001,22.1,-4.4
1456,26022.0,False,118.9,22.3,-4.5
1457,26036.0,False,118.80000000000001,22.3,-4.7
1458,26052.0,False,118.60000000000001,22.200000000000003,-4.9
1459,26069.0,False,118.10000000000001,22.200000000000003,-5.0
1460,26086.0,False,117.5,22.3,-4.9
1461,26103.0,False,117.0,22.400000000000002,-4.7
1462,26120.0,False,116.5,22.3,-4.3
1463,26136.0,False,116.0,22.0,-4.0
1464,26154.0,False,115.5,21.6,-3.6
1465,26170.0,False,115.10000000000001,21.5,-3.2
1466,26186.0,False,114.9,21.5,-2.9000000000000004
1467,26203.0,False,114.9,21.8,-2.7
1468,26220.0,False,115.0,22.400000000000002,-2.6
1469,26236.0,False,115.2,23.200000000000003,-2.7
1470,26257.0,False,115.30000000000001,24.1,-2.6
1471,26270.0,False,115.30000000000001,25.0,-2.4000000000000004
1472,26287.0,False,115.30000000000001,25.8,-2.1
1473,26303.0,False,115.30000000000001,26.400000000000002,-1.7000000000000002
1474,26322.0,False,115.2,26.700000000000003,-1.4000000000000001
1475,26336.0,False,115.10000000000001,26.8,-1.2000000000000002
1476,26355.0,False,114.9,26.8,-1.1
1477,26370.0,False,114.60000000000001,26.900000000000002,-1.2000000000000002
1478,26390.0,False,113.60000000000001,27.400000000000002,-1.1
1479,26420.0,False,113.10000000000001,27.8,-1.1
1480,26436.0,False,112.7,28.400000000000002,-1.2000000000000002
1481,26455.0,False,112.4,29.6,-1.6
1482,26470.0,False,112.2,31.200000000000003,-2.2
1483,26486.0,False,112.0,33.0,-3.0
1484,26503.0,False,111.80000000000001,34.9,-3.5
1485,26522.0,False,111.30000000000001,36.300000000000004,-3.5
1486,26546.0,False,110.60000000000001,37.0,-2.9000000000000004
1487,26553.0,False,109.5,36.9,-1.7000000000000002
1488,26569.0,False,108.30000000000001,36.4,-0.2
1489,26587.0,False,107.0,35.6,1.4000000000000001
1490,26606.0,False,105.80000000000001,34.7,2.9000000000000004
1491,26619.0,False,104.80000000000001,34.0,4.1000000000000005
1492,26645.0,False,103.9,33.5,4.9
1493,26656.0,False,103.2,33.1,5.4
1494,26670.0,False,102.7,32.800000000000004,5.5
1495,26691.0,False,102.4,32.7,5.5
1496,26703.0,False,102.4,32.9,5.5
1497,26722.0,False,102.7,33.2,5.1000000000000005
1498,26736.0,False,103.4,33.5,4.5
1499,26753.0,False,104.0,33.6,3.7
1500,26770.0,False,104.7,33.6,2.8000000000000003
1501,26788.0,False,105.30000000000001,33.5,2.0
1502,26803.0,False,106.0,33.5,1.1
1503,26820.0,False,106.80000000000001,33.7,0.2
1504,26841.0,False,107.80000000000001,34.1,-0.6000000000000001
1505,26854.0,False,108.80000000000001,34.6,-1.3
1506,26875.0,False,109.60000000000001,34.9,-1.8
1507,26887.0,False,110.30000000000001,34.9,-2.3000000000000003
1508,26905.0,False,110.9,34.5,-2.7
1509,26920.0,False,111.2,33.7,-2.9000000000000004
1510,26937.0,False,111.30000000000001,32.800000000000004,-3.0
1511,26953.0,False,111.30000000000001,31.700000000000003,-3.2
1512,26970.0,False,111.2,30.6,-3.4000000000000004
1513,26987.0,False,110.9,29.700000000000003,-3.4000000000000004
1514,27003.0,False,110.60000000000001,29.0,-3.2
1515,27021.0,False,110.4,28.400000000000002,-2.8000000000000003
1516,27036.0,False,110.30000000000001,28.0,-2.3000000000000003
1517,27058.0,False,110.2,27.5,-1.7000000000000002
1518,27070.0,False,110.2,27.0,-1.2000000000000002
1519,27087.0,False,110.30000000000001,26.3,-0.9
1520,27103.0,False,110.30000000000001,25.700000000000003,-0.6000000000000001
1521,27127.0,False,110.30000000000001,25.3,-0.5
1522,27138.0,False,110.2,25.1,-0.5
1523,27153.0,False,110.2,25.1,-0.6000000000000001
1524,27170.0,False,110.2,25.200000000000003,-0.8
1525,27187.0,False,110.30000000000001,25.400000000000002,-1.0
1526,27203.0,False,110.30000000000001,25.6,-1.2000000000000002
1527,27224.0,False,110.10000000000001,25.6,-1.2000000000000002
1528,27236.0,False,109.9,25.700000000000003,-1.0
1529,27253.0,False,109.60000000000001,25.700000000000003,-0.6000000000000001
1530,27270.0,False,109.30000000000001,25.8,-0.1
1531,27287.0,False,109.2,26.0,0.30000000000000004
1532,27303.0,False,109.2,26.200000000000003,0.6000000000000001
1533,27321.0,False,109.10000000000001,26.3,0.9
1534,27336.0,False,108.80000000000001,26.3,1.1
1535,27353.0,False,108.30000000000001,26.1,1.4000000000000001
1536,27375.0,False,107.80000000000001,25.900000000000002,1.7000000000000002
1537,27387.0,False,107.4,25.700000000000003,2.1
1538,27404.0,False,107.10000000000001,25.8,2.4000000000000004
1539,27421.0,False,106.80000000000001,25.900000000000002,2.8000000000000003
1540,27440.0,False,106.5,26.1,3.2
1541,27453.0,False,106.2,26.200000000000003,3.5
1542,27470.0,False,105.80000000000001,26.200000000000003,3.8000000000000003
1543,27490.0,False,105.60000000000001,26.200000000000003,4.1000000000000005
1544,27503.0,False,105.4,26.0,4.2
1545,27537.0,False,105.10000000000001,25.8,4.2
1546,27553.0,False,104.80000000000001,25.6,4.2
1547,27572.0,False,104.4,25.400000000000002,4.3
1548,27586.0,False,104.0,25.0,4.4
1549,27614.0,False,103.60000000000001,24.5,4.5
1550,27621.0,False,103.10000000000001,24.0,4.6000000000000005
1551,27636.0,False,102.5,23.400000000000002,4.7
1552,27652.0,False,101.80000000000001,22.8,4.7
1553,27669.0,False,101.2,22.200000000000003,4.800000000000001
1554,27691.0,False,100.60000000000001,21.8,4.800000000000001
1555,27704.0,False,100.10000000000001,21.5,4.800000000000001
1556,27721.0,False,99.60000000000001,21.1,4.7
1557,27738.0,False,99.2,20.8,4.6000000000000005
1558,27752.0,False,99.0,20.5,4.5
1559,27770.0,False,99.0,20.3,4.4
1560,27786.0,False,99.2,20.1,4.2
1561,27805.0,False,99.5,20.0,4.1000000000000005
1562,27821.0,False,99.80000000000001,19.700000000000003,4.3
1563,27836.0,False,99.9,19.0,4.800000000000001
1564,27853.0,False,99.9,18.2,5.7
1565,27870.0,False,99.9,17.5,7.0
1566,27889.0,False,99.9,16.8,8.5
1567,27903.0,False,100.2,16.2,9.9
1568,27922.0,False,100.60000000000001,15.600000000000001,11.100000000000001
1569,27940.0,False,101.10000000000001,15.200000000000001,11.9
1570,27953.0,False,101.60000000000001,15.0,12.3
1571,27970.0,False,102.2,15.3,12.600000000000001
1572,27987.0,False,103.0,16.0,12.700000000000001
1573,28004.0,False,104.10000000000001,17.1,12.700000000000001
1574,28020.0,False,105.2,18.5,12.600000000000001
1575,28036.0,False,106.5,19.900000000000002,12.200000000000001
1576,28053.0,False,107.7,21.200000000000003,11.5
1577,28070.0,False,108.9,22.3,10.5
1578,28086.0,False,110.10000000000001,23.1,9.3
1579,28103.0,False,111.2,23.400000000000002,7.800000000000001
1580,28119.0,False,112.10000000000001,23.6,6.300000000000001
1581,28137.0,False,112.9,23.5,4.9
1582,28153.0,False,113.5,23.3,3.7
1583,28170.0,False,114.0,23.0,2.7
1584,28191.0,False,114.60000000000001,22.900000000000002,1.9000000000000001
1585,28204.0,False,115.2,23.0,1.4000000000000001
1586,28220.0,False,115.80000000000001,23.200000000000003,1.0
1587,28242.0,False,116.30000000000001,23.3,0.9
1588,28253.0,False,116.60000000000001,23.3,0.9
1589,28270.0,False,116.80000000000001,23.0,0.9
1590,28288.0,False,116.80000000000001,22.700000000000003,1.2000000000000002
1591,28304.0,False,116.7,22.5,1.4000000000000001
1592,28321.0,False,116.60000000000001,22.200000000000003,1.4000000000000001
1593,28341.0,False,116.4,22.0,1.3
1594,28354.0,False,116.0,21.900000000000002,1.0
1595,28369.0,False,115.4,22.0,0.9
1596,28387.0,False,114.5,22.1,1.0
1597,28413.0,False,113.5,22.3,1.5
1598,28421.0,False,112.60000000000001,22.3,2.4000000000000004
1599,28437.0,False,111.7,22.3,3.4000000000000004
1600,28456.0,False,111.0,22.1,4.4
1601,28470.0,False,110.60000000000001,21.700000000000003,5.2
1602,28486.0,False,110.2,21.3,5.800000000000001
1603,28519.0,False,110.0,20.8,6.4
1604,28536.0,False,109.7,20.1,7.2
1605,28552.0,False,109.60000000000001,19.8,7.300000000000001
1606,28570.0,False,109.5,19.700000000000003,7.300000000000001
1607,28603.0,False,109.30000000000001,20.1,7.300000000000001
1608,28619.0,False,109.30000000000001,20.5,7.1000000000000005
1609,28636.0,False,109.10000000000001,21.0,6.800000000000001
1610,28652.0,False,109.0,21.400000000000002,6.4
1611,28669.0,False,108.7,21.700000000000003,5.9
1612,28686.0,False,108.30000000000001,21.8,5.300000000000001
1613,28703.0,False,107.7,21.700000000000003,4.800000000000001
1614,28723.0,False,107.0,21.400000000000002,4.4
1615,28736.0,False,106.2,20.900000000000002,4.3
1616,28753.0,False,105.2,20.400000000000002,4.3
1617,28770.0,False,104.30000000000001,19.8,4.6000000000000005
1618,28786.0,False,103.2,19.0,4.9
1619,28804.0,False,102.2,18.1,5.4
1620,28820.0,False,101.0,17.1,6.0
1621,28836.0,False,100.0,16.3,6.7
1622,28855.0,False,99.10000000000001,15.700000000000001,7.4
1623,28870.0,False,98.30000000000001,15.100000000000001,8.1
1624,28891.0,False,97.60000000000001,14.5,8.8
1625,28903.0,False,97.0,13.9,9.4
1626,28921.0,False,96.60000000000001,13.3,10.100000000000001
1627,28938.0,False,96.30000000000001,12.8,10.700000000000001
1628,28953.0,False,96.10000000000001,12.5,11.100000000000001
1629,28970.0,False,96.0,12.3,11.3
1630,29006.0,False,95.80000000000001,12.600000000000001,11.200000000000001
1631,29020.0,False,95.7,13.0,11.3
1632,29037.0,False,95.80000000000001,13.5,11.3
1633,29053.0,False,95.9,14.100000000000001,11.3
1634,29069.0,False,96.2,14.4,11.100000000000001
1635,29086.0,False,96.4,14.700000000000001,10.5
1636,29104.0,False,96.60000000000001,14.8,9.8
1637,29122.0,False,96.7,15.100000000000001,9.600000000000001
1638,29139.0,False,96.7,15.5,10.200000000000001
1639,29153.0,False,96.80000000000001,16.0,11.5
1640,29170.0,False,96.9,16.5,13.0
1641,29187.0,False,96.9,16.900000000000002,14.4
1642,29213.0,False,97.0,17.2,15.5
1643,29220.0,False,97.2,17.400000000000002,16.1
1644,29236.0,False,97.30000000000001,17.6,16.3
1645,29254.0,False,97.30000000000001,17.900000000000002,16.1
1646,29270.0,False,97.2,18.3,15.600000000000001
1647,29289.0,False,97.10000000000001,18.900000000000002,14.9
1648,29303.0,False,97.2,19.5,14.0
1649,29320.0,False,97.4,20.400000000000002,13.0
1650,29338.0,False,97.80000000000001,21.3,11.8
1651,29354.0,False,98.2,22.1,10.8
1652,29369.0,False,98.4,22.900000000000002,9.8
1653,29386.0,False,98.60000000000001,23.200000000000003,9.0
1654,29403.0,False,98.7,23.3,8.3
1655,29419.0,False,98.60000000000001,22.900000000000002,7.800000000000001
1656,29447.0,False,98.0,22.200000000000003,6.800000000000001
1657,29470.0,False,97.5,22.200000000000003,6.6000000000000005
1658,29486.0,False,97.10000000000001,22.3,6.6000000000000005
1659,29503.0,False,96.60000000000001,22.400000000000002,6.5
1660,29520.0,False,96.0,22.6,6.5
1661,29539.0,False,95.2,22.8,6.9
1662,29553.0,False,94.2,23.0,7.7
1663,29569.0,False,93.0,23.1,8.9
1664,29586.0,False,91.80000000000001,23.1,10.5
1665,29606.0,False,90.7,22.8,12.100000000000001
1666,29622.0,False,89.7,22.400000000000002,13.5
1667,29636.0,False,88.7,21.8,14.700000000000001
1668,29655.0,False,87.9,21.3,15.5
1669,29670.0,False,87.10000000000001,20.900000000000002,16.1
1670,29687.0,False,86.4,20.6,16.2
1671,29704.0,False,85.80000000000001,20.400000000000002,16.1
1672,29720.0,False,85.30000000000001,20.200000000000003,15.8
1673,29736.0,False,84.9,20.200000000000003,15.5
1674,29752.0,False,84.60000000000001,20.400000000000002,15.0
1675,29770.0,False,84.30000000000001,20.700000000000003,14.600000000000001
1676,29786.0,False,83.9,21.1,14.200000000000001
1677,29802.0,False,83.4,21.5,13.700000000000001
1678,29820.0,False,82.80000000000001,21.5,13.200000000000001
1679,29836.0,False,82.10000000000001,21.3,12.8
1680,29872.0,False,80.7,20.3,12.3
1681,29903.0,False,79.30000000000001,19.200000000000003,11.9
1682,29920.0,False,78.60000000000001,18.8,11.8
1683,29936.0,False,77.9,18.6,11.5
1684,29953.0,False,77.10000000000001,18.5,11.3
1685,29971.0,False,76.2,18.400000000000002,11.0
1686,29990.0,False,75.5,18.3,10.600000000000001
1687,30003.0,False,74.8,18.3,10.100000000000001
1688,30023.0,False,74.4,18.400000000000002,9.5
1689,30038.0,False,73.9,18.8,8.8
1690,30053.0,False,73.5,19.1,8.3
1691,30069.0,False,73.2,19.200000000000003,7.9
1692,30086.0,False,73.5,19.0,7.7
1693,30103.0,False,74.2,18.900000000000002,7.4
1694,30119.0,False,75.0,19.200000000000003,7.0
1695,30136.0,False,75.60000000000001,19.900000000000002,6.4
1696,30156.0,False,76.2,20.900000000000002,5.6000000000000005
1697,30169.0,False,76.80000000000001,22.0,4.5
1698,30188.0,False,77.4,22.8,3.2
1699,30203.0,False,77.80000000000001,23.200000000000003,2.0
1700,30223.0,False,78.10000000000001,23.200000000000003,0.9
1701,30240.0,False,78.2,22.900000000000002,0.1
1702,30253.0,False,78.10000000000001,22.400000000000002,-0.6000000000000001
1703,30269.0,False,77.80000000000001,22.0,-0.8
1704,30286.0,False,77.60000000000001,22.0,-0.6000000000000001
1705,30302.0,False,77.60000000000001,22.200000000000003,0.0
1706,30319.0,False,77.9,22.5,0.6000000000000001
1707,30336.0,False,78.30000000000001,22.700000000000003,1.1
1708,30353.0,False,78.9,22.8,1.5
1709,30369.0,False,79.60000000000001,22.8,1.5
1710,30386.0,False,80.2,22.8,1.2000000000000002
1711,30403.0,False,80.80000000000001,22.6,0.8
1712,30420.0,False,81.30000000000001,22.400000000000002,0.30000000000000004
1713,30438.0,False,81.9,22.3,-0.30000000000000004
1714,30453.0,False,82.5,22.3,-1.1
1715,30487.0,False,83.10000000000001,22.400000000000002,-1.9000000000000001
1716,30506.0,False,84.10000000000001,22.900000000000002,-3.9000000000000004
1717,30521.0,False,84.5,23.1,-5.0
1718,30538.0,False,84.9,23.200000000000003,-6.2
1719,30553.0,False,85.30000000000001,23.5,-7.300000000000001
1720,30569.0,False,85.80000000000001,23.8,-8.700000000000001
1721,30586.0,False,86.2,24.400000000000002,-10.100000000000001
1722,30603.0,False,86.60000000000001,25.3,-11.5
1723,30621.0,False,87.0,26.400000000000002,-12.8
1724,30638.0,False,87.4,27.5,-14.0
1725,30653.0,False,87.80000000000001,28.6,-15.0
1726,30670.0,False,88.10000000000001,29.6,-16.0
1727,30692.0,False,88.30000000000001,30.5,-16.900000000000002
1728,30703.0,False,88.2,31.400000000000002,-17.5
1729,30719.0,False,88.0,32.1,-17.7
1730,30736.0,False,87.7,32.6,-17.6
1731,30752.0,False,87.5,32.800000000000004,-17.0
1732,30772.0,False,87.2,32.800000000000004,-16.3
1733,30786.0,False,86.9,32.5,-15.5
1734,30810.0,False,86.5,31.900000000000002,-14.600000000000001
1735,30819.0,False,85.9,31.200000000000003,-13.9
1736,30840.0,False,85.4,30.6,-13.100000000000001
1737,30853.0,False,84.9,30.1,-12.4
1738,30870.0,False,84.60000000000001,29.900000000000002,-11.700000000000001
1739,30886.0,False,84.5,29.900000000000002,-11.4
1740,30907.0,False,84.60000000000001,30.0,-11.3
1741,30920.0,False,84.7,30.1,-11.5
1742,30938.0,False,84.9,30.200000000000003,-11.9
1743,30953.0,False,85.10000000000001,30.400000000000002,-12.600000000000001
1744,30969.0,False,85.30000000000001,30.5,-13.3
1745,30986.0,False,85.4,30.700000000000003,-14.0
1746,31007.0,False,85.5,30.900000000000002,-14.5
1747,31021.0,False,85.4,31.1,-14.8
1748,31037.0,False,85.2,31.1,-14.8
1749,31053.0,False,85.0,31.1,-14.700000000000001
1750,31069.0,False,84.60000000000001,30.900000000000002,-14.4
1751,31086.0,False,84.2,30.700000000000003,-14.100000000000001
1752,31108.0,False,83.80000000000001,30.6,-13.8
1753,31122.0,False,83.30000000000001,30.5,-13.700000000000001
1754,31138.0,False,82.9,30.5,-13.600000000000001
1755,31155.0,False,82.60000000000001,30.5,-13.600000000000001
1756,31169.0,False,82.30000000000001,30.5,-13.5
1757,31188.0,False,82.10000000000001,30.400000000000002,-13.5
1758,31203.0,False,81.9,30.200000000000003,-13.3
1759,31223.0,False,81.80000000000001,30.0,-13.200000000000001
1760,31256.0,False,82.10000000000001,29.5,-13.100000000000001
1761,31269.0,False,82.4,29.5,-13.3
1762,31288.0,False,82.9,29.5,-13.700000000000001
1763,31303.0,False,83.30000000000001,29.6,-14.3
1764,31319.0,False,83.60000000000001,29.8,-14.8
1765,31337.0,False,84.0,30.1,-14.700000000000001
1766,31353.0,False,84.5,30.200000000000003,-14.3
1767,31369.0,False,85.10000000000001,30.1,-13.9
1768,31386.0,False,85.7,29.8,-13.700000000000001
1769,31405.0,False,86.4,29.3,-13.9
1770,31425.0,False,86.9,29.0,-14.5
1771,31437.0,False,87.4,29.1,-15.100000000000001
1772,31453.0,False,87.80000000000001,29.6,-15.4
1773,31469.0,False,88.5,30.400000000000002,-15.3
1774,31490.0,False,89.4,31.200000000000003,-15.200000000000001
1775,31506.0,False,90.4,31.8,-15.100000000000001
1776,31519.0,False,91.4,32.2,-15.3
1777,31537.0,False,92.30000000000001,32.5,-15.700000000000001
1778,31552.0,False,93.0,32.800000000000004,-16.2
1779,31570.0,False,93.5,33.1,-16.6
1780,31586.0,False,93.9,33.4,-16.8
1781,31607.0,False,94.30000000000001,33.6,-16.900000000000002
1782,31636.0,False,94.9,34.0,-16.6
1783,31654.0,False,95.2,34.2,-16.3
1784,31670.0,False,95.4,34.2,-16.0
1785,31686.0,False,95.5,34.2,-15.700000000000001
1786,31703.0,False,95.5,34.0,-15.4
1787,31725.0,False,95.4,33.800000000000004,-15.100000000000001
1788,31739.0,False,95.30000000000001,33.7,-15.0
1789,31752.0,False,95.10000000000001,33.7,-14.9
1790,31770.0,False,95.0,33.800000000000004,-14.8
1791,31787.0,False,94.80000000000001,33.9,-14.8
1792,31808.0,False,94.60000000000001,34.1,-14.700000000000001
1793,31820.0,False,94.2,34.2,-14.5
1794,31836.0,False,93.80000000000001,34.2,-14.200000000000001
1795,31853.0,False,93.10000000000001,34.2,-13.8
1796,31871.0,False,92.30000000000001,34.2,-13.100000000000001
1797,31886.0,False,91.5,34.2,-12.4
1798,31913.0,False,90.80000000000001,34.1,-11.700000000000001
1799,31920.0,False,90.2,33.7,-11.200000000000001
1800,31936.0,False,89.2,33.1,-10.9
1801,31954.0,False,88.0,32.5,-10.4
1802,31970.0,False,86.80000000000001,32.1,-9.700000000000001
1803,31986.0,False,85.80000000000001,31.900000000000002,-8.9
1804,32003.0,False,85.10000000000001,31.8,-8.200000000000001
1805,32022.0,False,84.7,31.8,-7.9
1806,32036.0,False,84.30000000000001,31.900000000000002,-7.7
1807,32054.0,False,83.9,31.900000000000002,-7.800000000000001
1808,32069.0,False,83.4,31.900000000000002,-8.1
1809,32086.0,False,82.9,32.0,-8.4
1810,32109.0,False,82.4,32.0,-8.6
1811,32121.0,False,81.80000000000001,32.1,-8.700000000000001
1812,32139.0,False,81.2,32.2,-8.700000000000001
1813,32153.0,False,80.4,32.300000000000004,-8.5
1814,32169.0,False,79.60000000000001,32.2,-8.1
1815,32186.0,False,78.7,32.1,-7.6000000000000005
1816,32208.0,False,77.60000000000001,31.8,-6.800000000000001
1817,32222.0,False,76.4,31.3,-5.9
1818,32237.0,False,75.10000000000001,30.700000000000003,-4.9
1819,32252.0,False,73.7,29.900000000000002,-3.8000000000000003
1820,32270.0,False,72.10000000000001,29.0,-2.6
1821,32286.0,False,70.60000000000001,28.1,-1.5
1822,32307.0,False,69.2,27.3,-0.6000000000000001
1823,32319.0,False,67.9,26.6,0.2
1824,32337.0,False,66.9,26.0,0.7000000000000001
1825,32353.0,False,66.10000000000001,25.400000000000002,1.0
1826,32370.0,False,65.5,24.900000000000002,1.1
1827,32390.0,False,65.2,24.6,0.9
1828,32406.0,False,65.0,24.400000000000002,0.5
1829,32419.0,False,65.10000000000001,24.400000000000002,-0.1
1830,32436.0,False,65.10000000000001,24.5,-0.6000000000000001
1831,32470.0,False,65.4,24.700000000000003,-1.2000000000000002
1832,32486.0,False,65.8,24.700000000000003,-1.4000000000000001
1833,32506.0,False,66.3,24.5,-1.7000000000000002
1834,32519.0,False,66.8,24.200000000000003,-2.2
1835,32538.0,False,67.2,23.900000000000002,-2.7
1836,32553.0,False,67.4,23.6,-3.1
1837,32572.0,False,67.5,23.400000000000002,-3.2
1838,32586.0,False,67.7,23.400000000000002,-3.0
1839,32606.0,False,68.10000000000001,23.6,-2.5
1840,32621.0,False,68.8,24.0,-1.9000000000000001
1841,32636.0,False,69.5,24.6,-1.3
1842,32653.0,False,70.3,25.200000000000003,-0.9
1843,32670.0,False,71.2,25.6,-1.0
1844,32686.0,False,72.0,25.900000000000002,-1.6
1845,32703.0,False,72.7,26.0,-2.6
1846,32727.0,False,73.3,26.200000000000003,-3.8000000000000003
1847,32736.0,False,73.7,26.3,-5.1000000000000005
1848,32753.0,False,74.0,26.6,-6.1000000000000005
1849,32770.0,False,74.4,27.0,-6.800000000000001
1850,32787.0,False,74.8,27.5,-7.300000000000001
1851,32806.0,False,75.4,28.0,-7.7
1852,32819.0,False,76.10000000000001,28.400000000000002,-8.0
1853,32852.0,False,77.5,29.1,-8.6
1854,32873.0,False,78.30000000000001,29.3,-9.0
1855,32886.0,False,79.0,29.6,-9.4
1856,32909.0,False,79.80000000000001,29.900000000000002,-9.8
1857,32920.0,False,80.5,30.200000000000003,-10.200000000000001
1858,32938.0,False,81.2,30.3,-10.5
1859,32954.0,False,81.7,30.3,-10.9
1860,32971.0,False,82.2,30.1,-11.3
1861,32986.0,False,82.4,29.700000000000003,-11.600000000000001
1862,33008.0,False,82.30000000000001,29.3,-11.700000000000001
1863,33019.0,False,82.0,29.0,-11.600000000000001
1864,33037.0,False,81.4,28.5,-11.3
1865,33055.0,False,80.7,27.8,-10.700000000000001
1866,33069.0,False,80.0,27.0,-9.9
1867,33086.0,False,79.2,25.900000000000002,-9.1
1868,33106.0,False,78.30000000000001,24.8,-8.3
1869,33120.0,False,77.30000000000001,23.700000000000003,-7.5
1870,33137.0,False,76.5,22.900000000000002,-6.7
1871,33158.0,False,75.8,22.400000000000002,-6.1000000000000005
1872,33169.0,False,75.5,22.200000000000003,-5.7
1873,33189.0,False,75.3,22.400000000000002,-5.4
1874,33205.0,False,75.2,22.900000000000002,-5.2
1875,33219.0,False,75.2,23.5,-5.2
1876,33236.0,False,75.2,24.0,-5.2
1877,33252.0,False,75.3,24.6,-5.4
1878,33269.0,False,75.2,25.0,-5.7
1879,33287.0,False,75.10000000000001,25.400000000000002,-6.0
1880,33302.0,False,74.8,25.700000000000003,-6.300000000000001
1881,33329.0,False,73.9,25.8,-6.6000000000000005
1882,33352.0,False,73.4,25.8,-6.6000000000000005
1883,33369.0,False,72.8,25.8,-6.6000000000000005
1884,33386.0,False,72.10000000000001,25.700000000000003,-6.300000000000001
1885,33403.0,False,71.10000000000001,25.5,-5.9
1886,33424.0,False,70.10000000000001,25.1,-5.2
1887,33436.0,False,69.2,24.6,-4.5
1888,33454.0,False,68.4,24.1,-3.9000000000000004
1889,33470.0,False,67.7,23.6,-3.3000000000000003
1890,33486.0,False,67.10000000000001,23.1,-2.8000000000000003
1891,33503.0,False,66.60000000000001,22.700000000000003,-2.3000000000000003
1892,33519.0,False,66.2,22.3,-1.7000000000000002
1893,33537.0,False,66.10000000000001,22.1,-1.0
1894,33553.0,False,66.2,21.900000000000002,-0.4
1895,33569.0,False,66.60000000000001,21.8,0.0
1896,33586.0,False,67.2,21.700000000000003,0.2
1897,33611.0,False,67.8,21.700000000000003,0.0
1898,33625.0,False,68.4,21.700000000000003,-0.30000000000000004
1899,33636.0,False,69.0,21.900000000000002,-0.6000000000000001
1900,33653.0,False,69.7,22.1,-0.8
1901,33670.0,False,70.5,22.200000000000003,-1.0
1902,33687.0,False,71.3,22.200000000000003,-1.1
1903,33710.0,False,72.0,22.1,-1.2000000000000002
1904,33721.0,False,72.8,22.0,-1.2000000000000002
1905,33736.0,False,73.7,22.1,-1.2000000000000002
1906,33755.0,False,74.7,22.3,-1.2000000000000002
1907,33770.0,False,75.8,22.8,-1.1
1908,33787.0,False,77.0,23.3,-1.1
1909,33805.0,False,78.10000000000001,23.6,-1.3
1910,33820.0,False,79.0,23.8,-1.7000000000000002
1911,33836.0,False,79.80000000000001,23.700000000000003,-2.1
1912,33855.0,False,80.5,23.5,-2.6
1913,33869.0,False,80.9,23.1,-2.9000000000000004
1914,33887.0,False,81.2,22.900000000000002,-3.0
1915,33910.0,False,81.4,22.700000000000003,-3.0
1916,33922.0,False,81.7,22.8,-2.8000000000000003
1917,33938.0,False,81.9,22.8,-2.7
1918,33952.0,False,82.10000000000001,22.8,-2.6
1919,33970.0,False,82.4,22.8,-2.5
1920,33990.0,False,82.60000000000001,22.700000000000003,-2.5
1921,34009.0,False,82.80000000000001,22.400000000000002,-2.6
1922,34036.0,False,82.9,22.3,-2.9000000000000004
1923,34053.0,False,83.0,22.3,-3.3000000000000003
1924,34070.0,False,83.10000000000001,22.400000000000002,-3.8000000000000003
1925,34089.0,False,83.2,22.6,-4.5
1926,34108.0,False,83.2,22.8,-5.1000000000000005
1927,34121.0,False,83.10000000000001,23.0,-5.6000000000000005
1928,34141.0,False,82.9,23.1,-5.9
1929,34152.0,False,82.60000000000001,23.0,-5.9
1930,34171.0,False,82.0,22.6,-5.6000000000000005
1931,34187.0,False,81.4,22.1,-5.1000000000000005
1932,34209.0,False,80.80000000000001,21.3,-4.4
1933,34236.0,False,79.30000000000001,19.400000000000002,-2.8000000000000003
1934,34252.0,False,78.4,18.5,-2.0
1935,34270.0,False,77.5,17.7,-1.3
1936,34286.0,False,76.80000000000001,17.1,-0.6000000000000001
1937,34305.0,False,76.2,16.7,0.0
1938,34324.0,False,75.8,16.400000000000002,0.5
1939,34336.0,False,75.60000000000001,16.400000000000002,1.0
1940,34353.0,False,75.4,16.7,1.4000000000000001
1941,34375.0,False,75.4,17.2,1.8
1942,34386.0,False,75.60000000000001,17.900000000000002,2.1
1943,34410.0,False,75.7,18.5,2.3000000000000003
1944,34436.0,False,75.9,19.1,2.4000000000000004
1945,34452.0,False,76.2,19.900000000000002,2.1
1946,34469.0,False,76.2,20.3,1.9000000000000001
1947,34487.0,False,76.0,20.5,1.7000000000000002
1948,34506.0,False,75.8,20.700000000000003,1.6
1949,34519.0,False,75.4,20.700000000000003,1.6
1950,34537.0,False,74.9,20.8,1.7000000000000002
1951,34554.0,False,74.4,20.8,1.9000000000000001
1952,34569.0,False,73.8,20.900000000000002,2.1
1953,34586.0,False,73.2,21.1,2.5
1954,34606.0,False,72.60000000000001,21.3,2.7
1955,34620.0,False,72.10000000000001,21.400000000000002,2.9000000000000004
1956,34636.0,False,71.60000000000001,21.5,2.9000000000000004
1957,34654.0,False,71.10000000000001,21.700000000000003,3.0
1958,34670.0,False,70.8,21.900000000000002,3.0
1959,34689.0,False,70.60000000000001,22.1,3.1
1960,34706.0,False,70.5,22.3,3.1
1961,34719.0,False,70.7,22.400000000000002,3.0
1962,34736.0,False,71.0,22.5,2.7
1963,34753.0,False,71.3,22.6,2.4000000000000004
1964,34769.0,False,71.7,22.700000000000003,2.1
1965,34786.0,False,72.2,22.8,1.9000000000000001
1966,34804.0,False,72.8,22.700000000000003,1.6
1967,34820.0,False,73.5,22.400000000000002,1.3
1968,34837.0,False,74.0,21.8,1.0
1969,34853.0,False,74.4,21.200000000000003,0.9
1970,34869.0,False,74.9,20.8,1.0
1971,34886.0,False,75.5,20.700000000000003,1.4000000000000001
1972,34902.0,False,76.3,20.900000000000002,1.9000000000000001
1973,34927.0,False,77.2,21.200000000000003,2.5
1974,34936.0,False,78.2,21.6,3.0
1975,34953.0,False,79.10000000000001,21.900000000000002,3.4000000000000004
1976,34969.0,False,80.10000000000001,22.200000000000003,3.6
1977,34986.0,False,81.10000000000001,22.200000000000003,3.6
1978,35007.0,False,82.0,22.200000000000003,3.4000000000000004
1979,35019.0,False,82.7,22.1,3.2
1980,35038.0,False,83.2,22.1,2.9000000000000004
1981,35053.0,False,83.80000000000001,22.1,2.8000000000000003
1982,35072.0,False,84.4,22.200000000000003,2.6
1983,35086.0,False,84.9,22.3,2.6
1984,35115.0,False,85.30000000000001,22.5,2.7
1985,35127.0,False,86.10000000000001,22.6,3.1
1986,35153.0,False,86.60000000000001,22.700000000000003,3.3000000000000003
1987,35169.0,False,87.10000000000001,22.8,3.5
1988,35187.0,False,87.5,23.0,3.5
1989,35205.0,False,87.80000000000001,23.200000000000003,3.4000000000000004
1990,35219.0,False,88.2,23.5,3.2
1991,35240.0,False,88.7,24.0,2.9000000000000004
1992,35252.0,False,89.2,24.6,2.4000000000000004
1993,35270.0,False,89.7,25.3,1.8
1994,35286.0,False,90.2,25.900000000000002,1.2000000000000002
1995,35308.0,False,90.60000000000001,26.400000000000002,0.5
1996,35320.0,False,90.80000000000001,26.900000000000002,0.0
1997,35335.0,False,90.9,27.3,-0.5
1998,35352.0,False,91.0,27.6,-0.8
1999,35372.0,False,91.10000000000001,27.700000000000003,-1.1
2000,35385.0,False,91.2,27.6,-1.5
2001,35403.0,False,91.2,27.400000000000002,-1.9000000000000001
2002,35420.0,False,90.9,26.8,-2.3000000000000003
2003,35435.0,False,90.60000000000001,26.200000000000003,-2.6
2004,35456.0,False,90.2,25.400000000000002,-2.8000000000000003
2005,35469.0,False,89.80000000000001,24.6,-3.0
2006,35491.0,False,89.30000000000001,24.1,-3.1
2007,35505.0,False,88.9,23.900000000000002,-3.2
2008,35519.0,False,88.60000000000001,24.0,-3.2
2009,35536.0,False,88.30000000000001,24.200000000000003,-3.0
2010,35569.0,False,88.10000000000001,24.700000000000003,-2.5
2011,35586.0,False,88.10000000000001,25.1,-2.5
2012,35603.0,False,88.10000000000001,25.5,-2.6
2013,35619.0,False,88.0,25.8,-2.7
2014,35635.0,False,87.80000000000001,26.1,-2.8000000000000003
2015,35653.0,False,87.4,26.3,-2.9000000000000004
2016,35670.0,False,87.0,26.5,-2.8000000000000003
2017,35686.0,False,86.4,26.5,-2.7
2018,35709.0,False,84.80000000000001,26.200000000000003,-2.0
2019,35739.0,False,84.0,25.8,-1.5
2020,35753.0,False,83.0,25.5,-1.1
2021,35770.0,False,82.10000000000001,25.1,-0.8
2022,35786.0,False,81.2,24.700000000000003,-0.8
2023,35804.0,False,80.5,24.1,-1.1
2024,35837.0,False,79.4,23.1,-2.2
2025,35855.0,False,79.0,23.1,-2.7
2026,35869.0,False,78.80000000000001,23.400000000000002,-3.0
2027,35889.0,False,78.80000000000001,23.8,-3.3000000000000003
2028,35905.0,False,79.0,24.200000000000003,-3.7
2029,35936.0,False,79.60000000000001,24.900000000000002,-4.4
2030,35953.0,False,79.9,25.400000000000002,-4.5
2031,35973.0,False,80.30000000000001,25.8,-4.3
2032,35986.0,False,80.7,26.1,-4.0
2033,36014.0,False,81.7,26.0,-3.6
2034,36038.0,False,82.10000000000001,25.6,-3.7
2035,36053.0,False,82.30000000000001,25.400000000000002,-3.7
2036,36071.0,False,82.5,25.400000000000002,-3.5
2037,36086.0,False,83.0,25.8,-3.0
2038,36103.0,False,83.60000000000001,26.400000000000002,-2.3000000000000003
2039,36122.0,False,84.4,27.0,-1.6
2040,36135.0,False,85.30000000000001,27.400000000000002,-1.1
2041,36153.0,False,86.2,27.6,-0.9
2042,36169.0,False,87.0,27.400000000000002,-1.0
2043,36186.0,False,87.7,27.0,-1.4000000000000001
2044,36204.0,False,88.2,26.5,-1.8
2045,36220.0,False,88.5,26.0,-2.1
2046,36235.0,False,88.80000000000001,25.6,-2.3000000000000003
2047,36254.0,False,89.10000000000001,25.200000000000003,-2.3000000000000003
2048,36269.0,False,89.4,25.0,-2.1
2049,36285.0,False,89.7,24.900000000000002,-2.0
2050,36302.0,False,90.10000000000001,24.900000000000002,-1.8
2051,36328.0,False,90.5,24.8,-1.7000000000000002
2052,36335.0,False,91.0,24.900000000000002,-1.6
2053,36355.0,False,91.5,24.900000000000002,-1.6
2054,36369.0,False,92.0,25.0,-1.7000000000000002
2055,36386.0,False,92.60000000000001,25.200000000000003,-1.8
2056,36420.0,False,93.60000000000001,25.700000000000003,-2.2
2057,36436.0,False,94.10000000000001,26.0,-2.5
2058,36469.0,False,94.60000000000001,26.6,-2.8000000000000003
2059,36486.0,False,94.7,26.900000000000002,-2.8000000000000003
2060,36502.0,False,94.7,27.0,-2.7
2061,36521.0,False,94.5,27.1,-2.4000000000000004
2062,36536.0,False,94.2,27.200000000000003,-1.8
2063,36554.0,False,94.0,27.200000000000003,-1.2000000000000002
2064,36569.0,False,93.60000000000001,27.0,-0.5
2065,36586.0,False,93.0,26.5,0.2
2066,36603.0,False,92.2,25.700000000000003,0.9
2067,36627.0,False,91.4,24.8,1.6
2068,36636.0,False,90.7,23.8,2.3000000000000003
2069,36655.0,False,90.10000000000001,23.0,2.9000000000000004
2070,36669.0,False,89.7,22.3,3.3000000000000003
2071,36685.0,False,89.5,21.900000000000002,3.6
2072,36703.0,False,89.5,21.700000000000003,3.7
2073,36735.0,False,89.60000000000001,21.900000000000002,3.6
2074,36752.0,False,89.9,22.1,3.4000000000000004
2075,36769.0,False,90.10000000000001,22.3,3.2
2076,36786.0,False,90.2,22.400000000000002,3.0
2077,36805.0,False,90.30000000000001,22.6,2.9000000000000004
2078,36819.0,False,90.2,22.6,2.9000000000000004
2079,36838.0,False,90.0,22.5,3.0
2080,36853.0,False,89.80000000000001,22.3,3.2
2081,36869.0,False,89.60000000000001,22.1,3.4000000000000004
2082,36886.0,False,89.30000000000001,21.900000000000002,3.7
2083,36903.0,False,89.0,21.6,4.1000000000000005
2084,36925.0,False,88.5,21.3,4.5
2085,36936.0,False,88.10000000000001,20.900000000000002,4.800000000000001
2086,36952.0,False,87.7,20.6,5.0
2087,36969.0,False,87.30000000000001,20.3,5.1000000000000005
2088,36985.0,False,87.0,20.200000000000003,5.300000000000001
2089,37002.0,False,86.80000000000001,20.200000000000003,5.4
2090,37035.0,False,87.10000000000001,20.200000000000003,5.2
2091,37054.0,False,87.60000000000001,20.200000000000003,4.800000000000001
2092,37069.0,False,88.0,20.1,4.3
2093,37086.0,False,88.4,20.0,3.8000000000000003
2094,37103.0,False,88.80000000000001,20.0,3.4000000000000004
2095,37126.0,False,89.2,20.0,3.1
2096,37136.0,False,89.60000000000001,20.200000000000003,3.1
2097,37153.0,False,90.10000000000001,20.400000000000002,3.2
2098,37169.0,False,90.7,20.400000000000002,3.3000000000000003
2099,37185.0,False,91.30000000000001,20.400000000000002,3.4000000000000004
2100,37207.0,False,91.80000000000001,20.200000000000003,3.5
2101,37220.0,False,92.30000000000001,20.0,3.6
2102,37235.0,False,92.9,19.900000000000002,3.6
2103,37253.0,False,93.4,19.900000000000002,3.5
2104,37271.0,False,93.9,20.1,3.6
2105,37286.0,False,94.5,20.200000000000003,3.8000000000000003
2106,37302.0,False,95.10000000000001,20.200000000000003,4.1000000000000005
2107,37321.0,False,95.7,20.0,4.3
2108,37341.0,False,96.30000000000001,19.6,4.3
2109,37354.0,False,96.9,19.0,4.1000000000000005
2110,37369.0,False,97.30000000000001,18.400000000000002,3.5
2111,37388.0,False,97.60000000000001,17.900000000000002,2.9000000000000004
2112,37403.0,False,97.9,17.8,2.2
2113,37427.0,False,98.60000000000001,18.900000000000002,1.4000000000000001
2114,37452.0,False,99.0,19.5,1.2000000000000002
2115,37469.0,False,99.4,20.0,1.1
2116,37486.0,False,99.7,20.3,1.1
2117,37502.0,False,100.0,20.3,1.1
2118,37519.0,False,100.10000000000001,20.200000000000003,1.1
2119,37535.0,False,100.0,20.1,1.0
2120,37570.0,False,99.7,20.200000000000003,0.9
2121,37607.0,False,99.4,20.6,1.0
2122,37620.0,False,99.30000000000001,20.8,1.3
2123,37635.0,False,99.10000000000001,21.1,2.0
2124,37652.0,False,98.9,21.3,2.8000000000000003
2125,37669.0,False,98.7,21.5,3.6
2126,37692.0,False,98.4,21.700000000000003,4.4
2127,37703.0,False,98.2,21.6,5.1000000000000005
2128,37724.0,False,98.0,21.5,5.7
2129,37741.0,False,97.80000000000001,21.200000000000003,6.800000000000001
2130,37769.0,False,97.80000000000001,21.1,7.300000000000001
2131,37786.0,False,98.10000000000001,21.200000000000003,7.6000000000000005
2132,37802.0,False,98.5,21.5,7.6000000000000005
2133,37819.0,False,99.10000000000001,21.8,7.300000000000001
2134,37839.0,False,99.60000000000001,22.0,6.800000000000001
2135,37853.0,False,100.0,22.3,6.5
2136,37869.0,False,100.30000000000001,22.5,6.4
2137,37886.0,False,100.60000000000001,22.6,6.6000000000000005
2138,37903.0,False,100.9,22.5,7.1000000000000005
2139,37919.0,False,101.10000000000001,22.3,7.7
2140,37939.0,False,101.30000000000001,22.0,8.200000000000001
2141,37955.0,False,101.4,21.700000000000003,8.700000000000001
2142,37969.0,False,101.30000000000001,21.400000000000002,9.0
2143,37985.0,False,101.2,21.3,9.3
2144,38002.0,False,101.0,21.400000000000002,9.5
2145,38019.0,False,100.9,21.8,9.600000000000001
2146,38038.0,False,100.80000000000001,22.200000000000003,9.8
2147,38053.0,False,100.60000000000001,22.5,9.9
2148,38070.0,False,100.5,22.700000000000003,9.9
2149,38086.0,False,100.5,23.0,9.600000000000001
2150,38102.0,False,100.7,23.3,8.8
2151,38126.0,False,100.9,23.900000000000002,7.6000000000000005
2152,38141.0,False,101.30000000000001,24.6,6.2
2153,38152.0,False,101.9,25.3,4.6000000000000005
2154,38170.0,False,102.60000000000001,25.900000000000002,3.1
2155,38186.0,False,103.4,26.5,1.7000000000000002
2156,38202.0,False,104.30000000000001,27.1,0.6000000000000001
2157,38219.0,False,105.0,27.6,-0.2
2158,38235.0,False,105.7,28.0,-0.5
2159,38269.0,False,106.80000000000001,28.5,-0.1
2160,38286.0,False,107.30000000000001,28.6,0.4
2161,38307.0,False,107.7,28.700000000000003,0.9
2162,38320.0,False,108.30000000000001,29.0,1.5
2163,38336.0,False,109.0,29.400000000000002,2.1
2164,38353.0,False,110.0,29.8,2.5
2165,38372.0,False,111.10000000000001,30.1,2.8000000000000003
2166,38404.0,False,112.7,30.200000000000003,2.8000000000000003
2167,38419.0,False,113.2,29.900000000000002,3.0
2168,38436.0,False,113.80000000000001,29.6,3.5
2169,38454.0,False,114.4,29.200000000000003,4.3
2170,38469.0,False,115.2,28.900000000000002,5.300000000000001
2171,38486.0,False,116.10000000000001,28.5,6.4
2172,38502.0,False,117.0,28.200000000000003,7.300000000000001
2173,38522.0,False,117.7,27.900000000000002,8.0
2174,38536.0,False,118.30000000000001,27.400000000000002,8.4
2175,38554.0,False,118.9,27.0,8.700000000000001
2176,38569.0,False,119.5,26.700000000000003,8.6
2177,38589.0,False,120.4,26.6,8.0
2178,38603.0,False,121.4,26.900000000000002,6.9
2179,38619.0,False,122.80000000000001,27.5,5.5
2180,38635.0,False,124.5,28.3,3.8000000000000003
2181,38653.0,False,126.4,29.3,2.0
2182,38672.0,False,128.3,30.200000000000003,0.4
2183,38686.0,False,130.0,30.900000000000002,-0.7000000000000001
2184,38703.0,False,131.5,31.3,-0.9
2185,38728.0,False,132.6,31.200000000000003,-0.30000000000000004
2186,38752.0,False,134.5,30.8,1.8
2187,38769.0,False,135.4,30.8,2.6
2188,38786.0,False,136.20000000000002,30.900000000000002,2.9000000000000004
2189,38804.0,False,136.70000000000002,31.0,3.0
2190,38819.0,False,137.0,31.0,2.9000000000000004
2191,38837.0,False,137.1,30.700000000000003,2.7
2192,38853.0,False,137.0,30.400000000000002,2.7
2193,38869.0,False,136.8,30.0,2.8000000000000003
2194,38887.0,False,136.70000000000002,29.700000000000003,2.9000000000000004
2195,38905.0,False,136.8,29.5,3.1
2196,38923.0,False,137.0,29.5,3.0
2197,38935.0,False,137.6,29.6,2.6
2198,38952.0,False,138.3,29.8,1.7000000000000002
2199,38969.0,False,139.1,29.900000000000002,0.6000000000000001
2200,38988.0,False,139.6,30.1,-0.5
2201,39003.0,False,140.0,30.1,-1.3
2202,39021.0,False,140.1,30.200000000000003,-1.7000000000000002
2203,39052.0,False,139.9,30.3,-1.3
2204,39069.0,False,139.70000000000002,30.200000000000003,-0.8
2205,39088.0,False,139.4,30.1,-0.1
2206,39103.0,False,139.20000000000002,29.900000000000002,0.5
2207,39135.0,False,139.0,29.6,1.0
2208,39173.0,False,138.9,29.8,0.9
2209,39186.0,False,138.8,30.0,0.9
2210,39204.0,False,138.70000000000002,30.200000000000003,1.1
2211,39219.0,False,138.5,30.3,1.6
2212,39236.0,False,138.1,30.200000000000003,2.3000000000000003
2213,39252.0,False,137.70000000000002,29.900000000000002,3.3000000000000003
2214,39269.0,False,137.3,29.5,4.2
2215,39286.0,False,136.9,28.900000000000002,5.1000000000000005
2216,39302.0,False,136.5,28.3,5.9
2217,39319.0,False,136.20000000000002,27.6,6.6000000000000005
2218,39336.0,False,135.8,26.900000000000002,7.2
2219,39353.0,False,135.5,26.3,7.7
2220,39370.0,False,135.3,25.8,8.3
2221,39385.0,False,135.4,25.5,8.8
2222,39403.0,False,135.70000000000002,25.400000000000002,9.1
2223,39420.0,False,136.20000000000002,25.3,9.200000000000001
2224,39436.0,False,136.8,25.400000000000002,9.0
2225,39452.0,False,137.4,25.6,8.700000000000001
2226,39471.0,False,138.20000000000002,25.8,8.1
2227,39486.0,False,139.0,26.1,7.4
2228,39505.0,False,139.8,26.5,6.800000000000001
2229,39519.0,False,140.6,27.0,6.4
2230,39546.0,False,141.4,27.400000000000002,6.300000000000001
2231,39556.0,False,142.20000000000002,27.6,6.4
2232,39570.0,False,142.9,27.400000000000002,6.4
2233,39587.0,False,143.6,26.8,6.2
2234,39603.0,False,144.20000000000002,26.0,6.0
2235,39636.0,False,145.5,24.900000000000002,6.0
2236,39653.0,False,146.4,24.700000000000003,6.1000000000000005
2237,39672.0,False,147.5,24.900000000000002,5.9
2238,39686.0,False,148.70000000000002,25.200000000000003,5.1000000000000005
2239,39703.0,False,149.8,25.6,3.9000000000000004
2240,39722.0,False,150.70000000000002,25.8,2.2
2241,39736.0,False,151.4,26.0,0.4
2242,39755.0,False,151.8,26.1,-1.2000000000000002
2243,39769.0,False,151.9,26.1,-2.5
2244,39789.0,False,151.70000000000002,26.0,-3.4000000000000004
2245,39802.0,False,151.4,25.900000000000002,-3.7
2246,39821.0,False,151.0,25.900000000000002,-3.9000000000000004
2247,39836.0,False,150.70000000000002,26.0,-3.8000000000000003
2248,39852.0,False,150.3,26.3,-3.7
2249,39869.0,False,149.9,26.6,-3.6
2250,39886.0,False,149.4,26.900000000000002,-3.4000000000000004
2251,39903.0,False,148.8,27.200000000000003,-3.1
2252,39919.0,False,148.1,27.700000000000003,-2.9000000000000004
2253,39936.0,False,147.4,28.200000000000003,-2.5
2254,39955.0,False,146.8,28.900000000000002,-2.1
2255,39969.0,False,146.3,29.6,-1.8
2256,39985.0,False,145.70000000000002,30.200000000000003,-1.4000000000000001
2257,40003.0,False,145.0,30.6,-1.1
2258,40020.0,False,144.20000000000002,31.0,-0.9
2259,40038.0,False,143.3,31.200000000000003,-0.7000000000000001
2260,40055.0,False,142.3,31.400000000000002,-0.30000000000000004
2261,40069.0,False,141.3,31.5,0.30000000000000004
2262,40085.0,False,140.6,31.5,0.9
2263,40102.0,False,139.9,31.200000000000003,1.4000000000000001
2264,40119.0,False,139.1,30.6,2.0
2265,40152.0,False,137.4,29.200000000000003,3.2
2266,40169.0,False,136.70000000000002,28.400000000000002,3.8000000000000003
2267,40185.0,False,136.0,27.700000000000003,4.4
2268,40205.0,False,135.5,27.1,4.800000000000001
2269,40220.0,False,135.0,26.700000000000003,5.1000000000000005
2270,40239.0,False,134.8,26.6,5.2
2271,40252.0,False,134.70000000000002,26.700000000000003,5.2
2272,40268.0,False,134.70000000000002,27.0,5.1000000000000005
2273,40286.0,False,134.70000000000002,27.3,4.800000000000001
2274,40303.0,False,134.6,27.6,4.5
2275,40319.0,False,134.4,27.700000000000003,4.2
2276,40336.0,False,134.1,27.6,4.0
2277,40385.0,False,133.20000000000002,27.1,4.1000000000000005
2278,40402.0,False,132.1,26.400000000000002,4.4
2279,40420.0,False,131.5,26.0,4.5
2280,40435.0,False,130.8,25.5,4.7
2281,40452.0,False,130.0,24.900000000000002,4.9
2282,40474.0,False,129.1,24.200000000000003,5.2
2283,40486.0,False,128.3,23.3,5.6000000000000005
2284,40502.0,False,127.5,22.400000000000002,6.1000000000000005
2285,40524.0,False,126.7,21.5,6.800000000000001
2286,40536.0,False,126.10000000000001,20.700000000000003,7.6000000000000005
2287,40554.0,False,125.60000000000001,20.1,8.5
2288,40569.0,False,125.4,19.700000000000003,9.3
2289,40590.0,False,125.5,19.400000000000002,10.0
2290,40602.0,False,125.9,19.3,10.3
2291,40630.0,False,126.4,19.5,10.100000000000001
2292,40635.0,False,127.10000000000001,20.0,9.600000000000001
2293,40652.0,False,128.0,20.6,8.8
2294,40669.0,False,129.0,21.3,8.0
2295,40686.0,False,130.1,22.0,7.2
2296,40702.0,False,131.3,22.700000000000003,6.5
2297,40719.0,False,132.5,23.200000000000003,5.7
2298,40743.0,False,133.8,23.6,4.9
2299,40752.0,False,135.1,24.0,4.2
2300,40771.0,False,136.20000000000002,24.400000000000002,3.6
2301,40786.0,False,137.3,25.0,3.5
2302,40803.0,False,138.5,25.700000000000003,3.6
2303,40819.0,False,140.0,26.400000000000002,3.9000000000000004
2304,40836.0,False,141.5,27.1,4.0
2305,40852.0,False,143.1,27.5,3.8000000000000003
2306,40871.0,False,144.5,27.700000000000003,3.1
2307,40886.0,False,145.8,27.6,2.2
2308,40902.0,False,146.9,27.400000000000002,1.1
2309,40919.0,False,147.70000000000002,27.200000000000003,0.30000000000000004
2310,40935.0,False,148.3,26.900000000000002,-0.2
2311,40954.0,False,149.0,26.8,-0.30000000000000004
2312,40969.0,False,149.8,26.700000000000003,-0.30000000000000004
2313,40987.0,False,150.6,26.700000000000003,-0.30000000000000004
2314,41003.0,False,151.3,26.700000000000003,-0.30000000000000004
2315,41022.0,False,151.9,26.5,-0.4
2316,41037.0,False,152.3,26.3,-0.5
2317,41053.0,False,152.6,26.1,-0.6000000000000001
2318,41069.0,False,152.6,25.700000000000003,-0.6000000000000001
2319,41086.0,False,152.5,25.3,-0.5
2320,41103.0,False,152.4,25.1,-0.30000000000000004
2321,41119.0,False,152.4,25.1,-0.1
2322,41137.0,False,152.5,25.3,0.2
2323,41152.0,False,152.6,25.6,0.4
2324,41169.0,False,152.8,25.8,0.5
2325,41186.0,False,152.9,26.0,0.5
2326,41203.0,False,152.8,26.1,0.5
2327,41219.0,False,152.5,26.1,0.7000000000000001
2328,41237.0,False,152.1,26.0,1.1
2329,41252.0,False,151.70000000000002,26.0,1.7000000000000002
2330,41269.0,False,151.5,26.200000000000003,2.6
2331,41286.0,False,151.5,26.400000000000002,3.3000000000000003
2332,41304.0,False,151.70000000000002,26.6,3.8000000000000003
2333,41319.0,False,151.8,26.8,4.0
2334,41336.0,False,151.9,27.1,4.1000000000000005
2335,41355.0,False,151.9,27.3,4.1000000000000005
2336,41369.0,False,151.70000000000002,27.3,4.1000000000000005
2337,41386.0,False,151.4,27.1,4.2
2338,41405.0,False,151.1,26.900000000000002,4.5
2339,41422.0,False,150.70000000000002,26.700000000000003,4.9
2340,41435.0,False,150.3,26.6,5.300000000000001
2341,41452.0,False,150.0,26.8,5.6000000000000005
2342,41470.0,False,149.8,27.0,5.9
2343,41486.0,False,149.6,27.1,6.1000000000000005
2344,41509.0,False,149.20000000000002,27.3,6.300000000000001
2345,41519.0,False,148.70000000000002,27.3,6.7
2346,41538.0,False,147.9,27.200000000000003,7.300000000000001
2347,41552.0,False,147.1,26.900000000000002,8.0
2348,41569.0,False,146.20000000000002,26.700000000000003,8.6
2349,41585.0,False,145.3,26.5,9.200000000000001
2350,41602.0,False,144.5,26.6,9.700000000000001
2351,41621.0,False,143.8,26.700000000000003,10.200000000000001
2352,41635.0,False,143.0,26.900000000000002,10.700000000000001
2353,41652.0,False,142.5,27.0,11.3
2354,41669.0,False,142.1,26.900000000000002,11.700000000000001
2355,41685.0,False,141.8,26.900000000000002,12.0
2356,41702.0,False,141.70000000000002,26.8,12.100000000000001
2357,41719.0,False,141.6,26.8,11.9
2358,41735.0,False,141.6,26.900000000000002,11.600000000000001
2359,41752.0,False,141.8,27.1,11.3
2360,41769.0,False,142.1,27.200000000000003,11.0
2361,41794.0,False,142.5,27.400000000000002,10.600000000000001
2362,41803.0,False,142.9,27.5,10.100000000000001
2363,41820.0,False,143.20000000000002,27.700000000000003,9.5
2364,41835.0,False,143.5,27.8,8.8
2365,41852.0,False,143.70000000000002,27.8,8.3
2366,41868.0,False,143.8,27.6,7.800000000000001
2367,41890.0,False,143.8,27.5,7.6000000000000005
2368,41922.0,False,144.3,27.6,8.0
2369,41936.0,False,144.9,27.8,8.0
2370,41952.0,False,145.8,28.3,7.7
2371,41968.0,False,146.70000000000002,28.8,7.2
2372,41988.0,False,147.70000000000002,29.3,6.300000000000001
2373,42002.0,False,148.6,29.5,5.300000000000001
2374,42019.0,False,149.3,29.400000000000002,4.2
2375,42037.0,False,150.1,29.400000000000002,3.4000000000000004
2376,42054.0,False,150.9,29.700000000000003,3.0
2377,42069.0,False,152.0,30.400000000000002,2.8000000000000003
2378,42087.0,False,153.3,31.1,2.9000000000000004
2379,42103.0,False,154.5,31.700000000000003,3.1
2380,42119.0,False,155.70000000000002,31.900000000000002,3.2
2381,42137.0,False,156.8,31.8,2.8000000000000003
2382,42152.0,False,157.8,31.3,1.9000000000000001
2383,42169.0,False,158.5,30.8,0.9
2384,42186.0,False,158.8,30.400000000000002,-0.2
2385,42204.0,False,159.10000000000002,30.3,-1.0
2386,42218.0,False,159.20000000000002,30.5,-1.4000000000000001
2387,42241.0,False,159.4,30.900000000000002,-1.3
2388,42252.0,False,159.70000000000002,31.1,-0.7000000000000001
2389,42269.0,False,160.0,31.200000000000003,0.1
2390,42289.0,False,160.20000000000002,31.1,1.0
2391,42303.0,False,160.3,30.900000000000002,1.8
2392,42335.0,False,160.10000000000002,30.6,2.8000000000000003
2393,42355.0,False,160.10000000000002,30.6,3.2
2394,42369.0,False,160.0,30.700000000000003,3.4000000000000004
2395,42385.0,False,160.20000000000002,31.0,3.6
2396,42403.0,False,160.5,31.400000000000002,3.7
2397,42434.0,False,161.10000000000002,32.300000000000004,3.8000000000000003
2398,42460.0,False,161.4,32.800000000000004,3.9000000000000004
2399,42469.0,False,161.70000000000002,33.300000000000004,3.9000000000000004
2400,42486.0,False,161.9,33.800000000000004,4.1000000000000005
2401,42503.0,False,162.0,34.300000000000004,4.4
2402,42519.0,False,162.10000000000002,34.7,4.800000000000001
2403,42536.0,False,162.3,35.1,5.2
2404,42553.0,False,162.60000000000002,35.4,5.5
2405,42568.0,False,162.8,35.5,5.6000000000000005
2406,42585.0,False,163.10000000000002,35.6,5.6000000000000005
2407,42602.0,False,163.3,35.7,5.5
2408,42620.0,False,163.4,35.800000000000004,5.4
2409,42636.0,False,163.4,36.1,5.300000000000001
2410,42652.0,False,163.3,36.4,5.4
2411,42669.0,False,163.0,36.7,5.7
2412,42686.0,False,162.60000000000002,37.1,6.2
2413,42705.0,False,162.10000000000002,37.2,6.9
2414,42723.0,False,161.60000000000002,37.2,7.800000000000001
2415,42740.0,False,161.10000000000002,37.0,8.6
2416,42752.0,False,160.70000000000002,36.6,9.4
2417,42769.0,False,160.20000000000002,36.2,9.9
2418,42785.0,False,159.70000000000002,35.800000000000004,10.200000000000001
2419,42804.0,False,159.20000000000002,35.5,10.4
2420,42819.0,False,158.8,35.4,10.4
2421,42844.0,False,158.4,35.300000000000004,10.3
2422,42852.0,False,158.0,35.2,10.3
2423,42870.0,False,157.60000000000002,35.0,10.200000000000001
2424,42886.0,False,157.20000000000002,34.7,10.3
2425,42903.0,False,156.8,34.2,10.4
2426,42929.0,False,156.4,33.6,10.5
2427,42936.0,False,156.10000000000002,33.0,10.600000000000001
2428,42952.0,False,155.70000000000002,32.5,10.700000000000001
2429,42970.0,False,155.5,32.1,10.700000000000001
2430,42986.0,False,155.3,31.8,10.8
2431,43022.0,False,155.4,31.900000000000002,10.8
2432,43038.0,False,155.70000000000002,32.0,10.8
2433,43052.0,False,156.3,32.2,10.600000000000001
2434,43068.0,False,157.0,32.5,10.0
2435,43086.0,False,157.70000000000002,33.0,9.3
2436,43103.0,False,158.3,33.7,8.4
2437,43124.0,False,158.9,34.5,7.5
2438,43135.0,False,159.60000000000002,35.300000000000004,6.7
2439,43153.0,False,160.20000000000002,36.1,6.2
2440,43169.0,False,161.10000000000002,36.800000000000004,6.1000000000000005
2441,43185.0,False,162.0,37.5,6.2
2442,43202.0,False,163.10000000000002,38.0,6.4
2443,43219.0,False,164.4,38.2,6.4
2444,43238.0,False,165.70000000000002,38.0,6.0
2445,43255.0,False,166.70000000000002,37.5,5.5
2446,43269.0,False,167.4,37.1,5.1000000000000005
2447,43286.0,False,168.10000000000002,36.9,5.1000000000000005
2448,43303.0,False,168.9,36.800000000000004,5.4
2449,43321.0,False,170.10000000000002,36.800000000000004,5.9
2450,43339.0,False,171.4,36.5,6.4
2451,43352.0,False,172.70000000000002,36.0,6.800000000000001
2452,43369.0,False,173.8,35.2,6.9
2453,43387.0,False,174.8,34.1,6.9
2454,43402.0,False,175.60000000000002,33.0,6.800000000000001
2455,43423.0,False,176.4,32.0,6.5
2456,43435.0,False,177.10000000000002,31.1,6.2
2457,43456.0,False,177.8,30.3,5.9
2458,43469.0,False,178.4,29.700000000000003,5.7
2459,43488.0,False,179.10000000000002,29.200000000000003,5.6000000000000005
2460,43502.0,False,179.70000000000002,28.8,5.7
2461,43518.0,False,180.20000000000002,28.3,6.0
2462,43539.0,False,180.70000000000002,27.5,6.2
2463,43552.0,False,181.0,26.6,6.300000000000001
2464,43574.0,False,181.20000000000002,25.700000000000003,6.300000000000001
2465,43586.0,False,181.4,25.1,6.2
2466,43604.0,False,181.8,25.0,6.1000000000000005
2467,43622.0,False,182.10000000000002,25.1,6.2
2468,43635.0,False,182.60000000000002,25.5,6.5
2469,43652.0,False,183.0,25.700000000000003,6.800000000000001
2470,43669.0,False,183.3,25.8,7.1000000000000005
2471,43685.0,False,183.60000000000002,25.900000000000002,7.2
2472,43702.0,False,183.8,26.1,7.2
2473,43722.0,False,183.9,26.400000000000002,7.1000000000000005
2474,43737.0,False,184.10000000000002,26.900000000000002,7.0
2475,43752.0,False,184.20000000000002,27.5,7.1000000000000005
2476,43768.0,False,184.4,28.0,7.4
2477,43786.0,False,184.5,28.400000000000002,8.0
2478,43805.0,False,184.70000000000002,28.700000000000003,8.6
2479,43820.0,False,185.0,29.0,9.3
2480,43836.0,False,185.5,29.400000000000002,9.8
2481,43852.0,False,186.10000000000002,29.900000000000002,9.9
2482,43872.0,False,186.70000000000002,30.6,9.600000000000001
2483,43886.0,False,187.3,31.400000000000002,9.1
2484,43905.0,False,187.8,32.2,8.5
2485,43921.0,False,188.10000000000002,33.0,8.0
2486,43939.0,False,188.3,33.6,7.800000000000001
2487,43952.0,False,188.4,33.9,7.9
2488,43970.0,False,188.3,33.9,8.3
2489,43986.0,False,188.10000000000002,33.7,8.8
2490,44004.0,False,187.9,33.300000000000004,9.4
2491,44021.0,False,187.60000000000002,32.9,9.9
2492,44038.0,False,187.3,32.4,10.5
2493,44052.0,False,186.9,32.0,11.3
2494,44070.0,False,186.60000000000002,31.400000000000002,12.100000000000001
2495,44086.0,False,186.3,30.700000000000003,12.9
2496,44103.0,False,186.10000000000002,29.8,13.700000000000001
2497,44124.0,False,185.9,28.900000000000002,14.3
2498,44138.0,False,185.8,28.0,14.600000000000001
2499,44152.0,False,185.8,27.3,14.600000000000001
2500,44169.0,False,185.8,26.900000000000002,14.4
2501,44188.0,False,185.8,26.700000000000003,14.100000000000001
2502,44202.0,False,186.0,26.5,13.9
2503,44219.0,False,186.4,26.200000000000003,13.5
2504,44237.0,False,186.9,25.700000000000003,12.8
2505,44255.0,False,187.5,25.3,11.9
2506,44269.0,False,188.0,25.0,10.8
2507,44286.0,False,188.60000000000002,25.0,9.5
2508,44302.0,False,189.10000000000002,25.3,8.200000000000001
2509,44320.0,False,189.60000000000002,25.8,7.1000000000000005
2510,44335.0,False,190.0,26.400000000000002,6.2
2511,44352.0,False,190.4,27.0,5.6000000000000005
2512,44374.0,False,190.8,27.400000000000002,5.300000000000001
2513,44386.0,False,191.20000000000002,27.8,5.2
2514,44405.0,False,191.60000000000002,28.200000000000003,5.300000000000001
2515,44420.0,False,192.10000000000002,28.700000000000003,5.5
2516,44439.0,False,192.60000000000002,29.200000000000003,5.6000000000000005
2517,44452.0,False,193.20000000000002,29.5,5.5
2518,44469.0,False,193.9,29.5,5.1000000000000005
2519,44486.0,False,194.4,29.200000000000003,4.4
2520,44505.0,False,194.60000000000002,28.8,3.5
2521,44521.0,False,194.70000000000002,28.5,2.8000000000000003
2522,44536.0,False,195.20000000000002,28.3,2.5
2523,44554.0,False,196.0,28.6,2.5
2524,44569.0,False,196.9,29.0,2.7
2525,44585.0,False,197.70000000000002,29.3,3.1
2526,44602.0,False,198.3,29.3,3.4000000000000004
2527,44622.0,False,198.60000000000002,28.900000000000002,3.6
2528,44638.0,False,198.8,27.900000000000002,3.6
2529,44653.0,False,198.8,26.700000000000003,3.4000000000000004
2530,44669.0,False,198.70000000000002,25.5,3.1
2531,44687.0,False,198.60000000000002,24.5,2.8000000000000003
2532,44702.0,False,198.60000000000002,23.8,2.6
2533,44723.0,False,198.70000000000002,23.200000000000003,2.6
2534,44735.0,False,199.0,22.700000000000003,2.6
2535,44752.0,False,199.4,22.6,2.6
2536,44768.0,False,199.9,22.8,2.5
2537,44788.0,False,200.5,23.200000000000003,2.4000000000000004
2538,44803.0,False,201.20000000000002,23.900000000000002,2.2
2539,44821.0,False,201.8,24.6,2.0
2540,44835.0,False,202.3,25.200000000000003,1.9000000000000001
2541,44852.0,False,202.70000000000002,25.700000000000003,1.9000000000000001
2542,44871.0,False,203.10000000000002,26.0,2.0
2543,44885.0,False,203.4,26.200000000000003,2.2
2544,44902.0,False,203.8,26.1,2.4000000000000004
2545,44918.0,False,204.10000000000002,26.0,2.5
2546,44935.0,False,204.4,25.8,2.3000000000000003
2547,44952.0,False,204.60000000000002,25.5,1.9000000000000001
2548,44968.0,False,204.8,25.5,1.3
2549,44985.0,False,204.9,25.6,0.9
2550,45003.0,False,205.0,25.8,0.7000000000000001
2551,45020.0,False,205.20000000000002,25.900000000000002,0.8
2552,45035.0,False,205.3,25.700000000000003,1.5
2553,45052.0,False,205.4,25.3,2.6
2554,45073.0,False,205.5,24.8,3.9000000000000004
2555,45086.0,False,205.60000000000002,24.3,5.5
2556,45102.0,False,205.9,23.900000000000002,6.9
2557,45124.0,False,206.3,23.6,8.0
2558,45143.0,False,206.8,23.400000000000002,8.700000000000001
2559,45152.0,False,207.5,23.5,8.9
2560,45169.0,False,208.20000000000002,23.700000000000003,8.700000000000001
2561,45186.0,False,208.9,24.1,8.200000000000001
2562,45204.0,False,209.3,24.6,7.7
2563,45221.0,False,209.70000000000002,25.200000000000003,7.2
2564,45238.0,False,209.9,25.8,7.1000000000000005
2565,45252.0,False,210.10000000000002,26.400000000000002,7.4
2566,45272.0,False,210.20000000000002,26.6,7.9
2567,45286.0,False,210.20000000000002,26.6,8.700000000000001
2568,45310.0,False,210.20000000000002,26.400000000000002,9.600000000000001
2569,45322.0,False,210.20000000000002,26.1,10.5
2570,45335.0,False,210.20000000000002,25.8,11.600000000000001
2571,45352.0,False,210.10000000000002,25.400000000000002,12.8
2572,45369.0,False,210.10000000000002,24.8,14.100000000000001
2573,45388.0,False,209.9,24.0,15.5
2574,45402.0,False,209.8,22.900000000000002,17.0
2575,45419.0,False,209.9,21.700000000000003,18.2
2576,45435.0,False,210.3,20.5,19.1
2577,45452.0,False,210.70000000000002,19.5,19.5
2578,45469.0,False,211.10000000000002,18.900000000000002,19.400000000000002
2579,45485.0,False,211.3,18.6,18.8
2580,45502.0,False,211.5,18.7,18.0
2581,45521.0,False,211.8,18.900000000000002,17.1
2582,45537.0,False,212.20000000000002,19.3,16.2
2583,45552.0,False,212.8,19.700000000000003,15.3
2584,45572.0,False,213.4,20.200000000000003,14.5
2585,45586.0,False,214.10000000000002,20.6,13.8
2586,45602.0,False,214.9,21.0,13.200000000000001
2587,45623.0,False,215.60000000000002,21.400000000000002,12.700000000000001
2588,45635.0,False,216.3,21.8,12.3
2589,45652.0,False,217.10000000000002,22.200000000000003,11.9
2590,45671.0,False,218.0,22.6,11.600000000000001
2591,45686.0,False,218.9,23.1,11.3
2592,45702.0,False,220.0,23.5,11.100000000000001
2593,45722.0,False,221.10000000000002,23.700000000000003,11.0
2594,45737.0,False,222.3,23.6,10.8
2595,45752.0,False,223.3,23.0,10.4
2596,45773.0,False,224.10000000000002,22.200000000000003,9.9
2597,45786.0,False,224.60000000000002,21.400000000000002,9.4
2598,45802.0,False,225.3,21.200000000000003,9.3
2599,45820.0,False,226.3,21.5,9.4
2600,45835.0,False,227.3,22.1,9.8
2601,45854.0,False,228.3,22.700000000000003,10.4
2602,45869.0,False,229.20000000000002,23.0,11.200000000000001
2603,45886.0,False,229.9,22.8,11.8
2604,45902.0,False,230.3,22.1,12.100000000000001
2605,45918.0,False,230.60000000000002,21.1,12.200000000000001
2606,45935.0,False,230.70000000000002,20.1,12.100000000000001
2607,45952.0,False,230.70000000000002,19.400000000000002,11.9
2608,45976.0,False,230.70000000000002,18.900000000000002,11.8
2609,45986.0,False,230.8,18.8,11.8
2610,46002.0,False,231.10000000000002,18.7,11.9
2611,46019.0,False,231.3,18.6,12.3
2612,46036.0,False,231.4,18.3,13.0
2613,46052.0,False,231.4,17.8,13.700000000000001
2614,46069.0,False,231.5,17.0,14.100000000000001
2615,46086.0,False,231.8,16.0,14.100000000000001
2616,46102.0,False,232.5,15.3,13.4
2617,46127.0,False,233.5,15.200000000000001,12.100000000000001
2618,46138.0,False,234.60000000000002,15.8,10.3
2619,46154.0,False,235.5,16.900000000000002,8.3
2620,46169.0,False,236.3,18.2,6.2
2621,46186.0,False,236.9,19.200000000000003,4.5
2622,46202.0,False,237.4,19.8,3.4000000000000004
2623,46229.0,False,237.70000000000002,20.1,2.9000000000000004
2624,46236.0,False,237.9,20.200000000000003,2.9000000000000004
2625,46252.0,False,237.9,20.400000000000002,3.4000000000000004
2626,46269.0,False,238.0,20.700000000000003,4.3
2627,46302.0,False,238.10000000000002,21.200000000000003,6.7
2628,46318.0,False,237.9,21.5,8.1
2629,46335.0,False,237.70000000000002,21.700000000000003,9.600000000000001
2630,46352.0,False,237.5,21.8,10.9
2631,46369.0,False,237.20000000000002,21.700000000000003,12.0
2632,46385.0,False,237.10000000000002,21.400000000000002,12.700000000000001
2633,46402.0,False,237.10000000000002,21.200000000000003,12.700000000000001
2634,46418.0,False,237.0,21.1,12.4
2635,46435.0,False,236.8,21.1,11.9
2636,46452.0,False,236.5,21.3,11.3
2637,46469.0,False,236.20000000000002,21.3,10.9
2638,46489.0,False,235.8,21.200000000000003,10.600000000000001
2639,46502.0,False,235.5,21.0,10.600000000000001
2640,46520.0,False,235.4,20.8,10.700000000000001
2641,46535.0,False,235.0,20.400000000000002,10.8
2642,46552.0,False,234.3,20.1,11.100000000000001
2643,46569.0,False,233.20000000000002,19.6,11.4
2644,46585.0,False,232.0,18.900000000000002,11.700000000000001
2645,46602.0,False,230.70000000000002,18.1,12.0
2646,46622.0,False,229.60000000000002,17.3,12.0
2647,46635.0,False,228.60000000000002,16.6,11.9
2648,46657.0,False,227.70000000000002,16.0,11.600000000000001
2649,46669.0,False,226.8,15.4,11.200000000000001
2650,46686.0,False,225.9,15.200000000000001,11.0
2651,46708.0,False,225.20000000000002,15.3,10.8
2652,46719.0,False,224.9,15.600000000000001,10.600000000000001
2653,46743.0,False,225.10000000000002,16.1,10.200000000000001
2654,46752.0,False,225.4,16.8,9.600000000000001
2655,46772.0,False,225.9,17.5,8.8
2656,46786.0,False,226.4,18.2,7.6000000000000005
2657,46805.0,False,226.8,19.0,6.2
2658,46818.0,False,227.3,20.0,4.800000000000001
2659,46838.0,False,227.9,21.400000000000002,3.6
2660,46852.0,False,228.8,22.900000000000002,2.6
2661,46871.0,False,229.70000000000002,24.3,1.6
2662,46885.0,False,230.5,25.200000000000003,0.8
2663,46902.0,False,231.10000000000002,25.5,0.2
2664,46921.0,False,231.5,25.6,-0.30000000000000004
2665,46936.0,False,231.70000000000002,25.8,-0.5
2666,46952.0,False,232.0,26.200000000000003,-0.6000000000000001
2667,46969.0,False,232.5,26.8,-0.5
2668,46986.0,False,233.0,27.1,-0.5
2669,47002.0,False,233.4,27.200000000000003,-0.5
2670,47019.0,False,233.70000000000002,27.0,-0.7000000000000001
2671,47035.0,False,233.8,26.6,-1.0
2672,47052.0,False,233.8,25.900000000000002,-1.3
2673,47080.0,False,234.0,23.900000000000002,-1.1
2674,47105.0,False,234.20000000000002,22.700000000000003,-0.8
2675,47119.0,False,234.3,21.6,-0.30000000000000004
2676,47135.0,False,234.4,20.5,0.1
2677,47152.0,False,234.5,19.5,0.30000000000000004
2678,47168.0,False,234.8,18.900000000000002,0.1
2679,47186.0,False,235.20000000000002,18.900000000000002,-0.9
2680,47202.0,False,235.4,19.3,-2.3000000000000003
2681,47225.0,False,235.4,20.0,-3.7
2682,47236.0,False,235.20000000000002,21.1,-5.2
2683,47253.0,False,235.10000000000002,22.400000000000002,-6.6000000000000005
2684,47268.0,False,235.3,23.8,-8.0
2685,47285.0,False,235.70000000000002,25.1,-9.200000000000001
2686,47302.0,False,236.3,26.200000000000003,-10.3
2687,47320.0,False,236.9,26.900000000000002,-11.3
2688,47335.0,False,237.4,27.400000000000002,-12.100000000000001
2689,47352.0,False,237.5,27.700000000000003,-12.4
2690,47373.0,False,237.60000000000002,27.900000000000002,-12.3
2691,47386.0,False,237.70000000000002,28.1,-11.9
2692,47402.0,False,238.0,28.200000000000003,-11.3
2693,47421.0,False,238.3,28.0,-10.8
2694,47435.0,False,238.3,27.8,-10.4
2695,47454.0,False,238.10000000000002,27.5,-10.0
2696,47468.0,False,237.60000000000002,27.5,-9.3
2697,47486.0,False,237.10000000000002,27.5,-8.3
2698,47503.0,False,236.60000000000002,27.5,-7.2
2699,47529.0,False,236.3,27.400000000000002,-6.2
2700,47535.0,False,236.10000000000002,27.200000000000003,-5.5
2701,47553.0,False,236.10000000000002,27.1,-5.0
2702,47568.0,False,236.10000000000002,27.1,-4.800000000000001
2703,47585.0,False,236.20000000000002,27.400000000000002,-5.0
2704,47602.0,False,236.3,27.700000000000003,-5.5
2705,47621.0,False,236.4,28.3,-6.2
2706,47635.0,False,236.5,28.900000000000002,-7.1000000000000005
2707,47652.0,False,236.60000000000002,29.5,-7.9
2708,47678.0,False,236.70000000000002,30.0,-8.700000000000001
2709,47686.0,False,236.70000000000002,30.5,-9.3
2710,47702.0,False,236.60000000000002,31.0,-9.700000000000001
2711,47719.0,False,236.4,31.3,-10.100000000000001
2712,47735.0,False,236.20000000000002,31.400000000000002,-10.3
2713,47752.0,False,235.8,31.5,-10.4
2714,47768.0,False,235.5,31.5,-10.5
2715,47785.0,False,235.4,31.1,-10.9
2716,47802.0,False,235.5,30.400000000000002,-11.5
2717,47825.0,False,235.9,30.0,-12.3
2718,47837.0,False,236.4,30.200000000000003,-13.100000000000001
2719,47852.0,False,236.9,30.900000000000002,-13.9
2720,47869.0,False,237.3,31.900000000000002,-14.600000000000001
2721,47886.0,False,237.70000000000002,33.0,-15.200000000000001
2722,47903.0,False,237.9,34.0,-15.700000000000001
2723,47922.0,False,238.10000000000002,35.0,-16.2
2724,47938.0,False,238.10000000000002,35.9,-16.5
2725,47952.0,False,237.8,36.800000000000004,-16.400000000000002
2726,47968.0,False,237.20000000000002,37.5,-15.700000000000001
2727,47988.0,False,236.60000000000002,38.1,-14.5
2728,48002.0,False,235.9,38.300000000000004,-12.9
2729,48019.0,False,235.3,38.2,-11.200000000000001
2730,48036.0,False,234.8,37.7,-9.5
2731,48054.0,False,234.10000000000002,36.9,-8.1
2732,48068.0,False,233.20000000000002,35.9,-7.0
2733,48085.0,False,232.10000000000002,34.9,-5.9
2734,48102.0,False,231.3,34.2,-5.1000000000000005
2735,48119.0,False,231.0,33.800000000000004,-4.5
2736,48136.0,False,231.0,33.5,-4.1000000000000005
2737,48153.0,False,231.3,33.2,-3.9000000000000004
2738,48169.0,False,231.60000000000002,32.7,-3.8000000000000003
2739,48185.0,False,232.0,32.0,-3.9000000000000004
2740,48202.0,False,232.4,31.400000000000002,-4.0
2741,48222.0,False,232.9,30.8,-4.0
2742,48235.0,False,233.4,30.3,-4.1000000000000005
2743,48261.0,False,234.10000000000002,30.0,-4.2
2744,48285.0,False,236.0,29.700000000000003,-4.6000000000000005
2745,48302.0,False,237.10000000000002,29.5,-5.0
2746,48320.0,False,238.10000000000002,29.400000000000002,-5.5
2747,48336.0,False,238.9,29.3,-6.1000000000000005
2748,48352.0,False,239.60000000000002,29.200000000000003,-6.800000000000001
2749,48370.0,False,240.20000000000002,29.200000000000003,-7.6000000000000005
2750,48388.0,False,240.70000000000002,29.3,-8.5
2751,48402.0,False,241.10000000000002,29.6,-9.200000000000001
2752,48423.0,False,241.60000000000002,30.1,-9.8
2753,48436.0,False,242.0,30.900000000000002,-10.100000000000001
2754,48452.0,False,242.3,31.700000000000003,-10.200000000000001
2755,48472.0,False,242.60000000000002,32.5,-10.0
2756,48486.0,False,242.70000000000002,33.4,-9.600000000000001
2757,48508.0,False,242.8,34.5,-9.1
2758,48520.0,False,242.8,35.7,-8.6
2759,48536.0,False,242.8,36.800000000000004,-8.200000000000001
2760,48552.0,False,242.9,37.6,-7.800000000000001
2761,48569.0,False,242.70000000000002,38.300000000000004,-7.6000000000000005
2762,48585.0,False,242.4,38.800000000000004,-7.2
2763,48602.0,False,241.9,39.1,-6.6000000000000005
2764,48623.0,False,241.20000000000002,39.300000000000004,-5.7
2765,48635.0,False,240.60000000000002,39.300000000000004,-4.6000000000000005
2766,48654.0,False,239.9,39.0,-3.5
2767,48669.0,False,239.3,38.6,-2.5
2768,48690.0,False,238.60000000000002,38.1,-1.6
2769,48702.0,False,237.9,37.7,-0.8
2770,48718.0,False,237.4,37.4,-0.1
2771,48735.0,False,237.20000000000002,37.2,0.30000000000000004
2772,48760.0,False,237.10000000000002,37.300000000000004,0.5
2773,48788.0,False,237.20000000000002,37.5,0.30000000000000004
2774,48803.0,False,237.3,37.800000000000004,-0.1
2775,48820.0,False,237.4,38.1,-0.5
2776,48835.0,False,237.60000000000002,38.5,-0.9
2777,48852.0,False,237.8,38.900000000000006,-1.2000000000000002
2778,48868.0,False,237.8,39.2,-1.3
2779,48885.0,False,237.60000000000002,39.400000000000006,-1.2000000000000002
2780,48902.0,False,237.20000000000002,39.300000000000004,-0.7000000000000001
2781,48921.0,False,236.70000000000002,39.0,-0.1
2782,48936.0,False,236.3,38.400000000000006,0.5
2783,48952.0,False,235.70000000000002,37.7,1.0
2784,48986.0,False,234.9,36.5,1.7000000000000002
2785,49002.0,False,234.70000000000002,35.9,1.7000000000000002
2786,49019.0,False,234.8,35.4,1.2000000000000002
2787,49037.0,False,235.20000000000002,34.9,0.4
2788,49052.0,False,235.5,34.6,-0.8
2789,49072.0,False,236.0,34.6,-2.1
2790,49086.0,False,236.4,34.800000000000004,-3.3000000000000003
2791,49102.0,False,236.9,35.1,-4.4
2792,49123.0,False,237.3,35.4,-5.2
2793,49135.0,False,237.60000000000002,35.6,-5.6000000000000005
2794,49153.0,False,237.9,35.800000000000004,-5.7
2795,49169.0,False,238.20000000000002,36.0,-5.4
2796,49185.0,False,238.60000000000002,36.1,-5.2
2797,49202.0,False,239.0,36.1,-4.800000000000001
2798,49222.0,False,239.3,36.0,-4.5
2799,49235.0,False,239.5,35.7,-4.1000000000000005
2800,49253.0,False,239.5,35.1,-3.6
2801,49269.0,False,239.5,34.4,-3.0
2802,49289.0,False,239.60000000000002,33.800000000000004,-2.2
2803,49302.0,False,239.9,33.2,-1.2000000000000002
2804,49319.0,False,240.3,32.7,-0.1
2805,49336.0,False,241.10000000000002,32.1,0.7000000000000001
2806,49352.0,False,242.10000000000002,31.400000000000002,1.2000000000000002
2807,49368.0,False,243.20000000000002,30.5,1.4000000000000001
2808,49386.0,False,244.60000000000002,29.6,1.1
2809,49402.0,False,246.0,29.0,0.4
2810,49418.0,False,247.4,28.8,-0.6000000000000001
2811,49435.0,False,248.5,28.700000000000003,-1.5
2812,49452.0,False,249.4,28.6,-2.2
2813,49469.0,False,250.20000000000002,28.5,-2.7
2814,49486.0,False,251.0,28.3,-2.8000000000000003
2815,49501.0,False,251.70000000000002,28.200000000000003,-2.7
2816,49521.0,False,252.20000000000002,28.0,-2.4000000000000004
2817,49538.0,False,252.4,27.8,-2.1
2818,49552.0,False,252.4,27.700000000000003,-1.9000000000000001
2819,49568.0,False,252.4,27.700000000000003,-1.8
2820,49586.0,False,252.3,27.900000000000002,-1.9000000000000001
2821,49611.0,False,251.60000000000002,28.8,-1.9000000000000001
2822,49635.0,False,251.20000000000002,29.400000000000002,-1.8
2823,49654.0,False,250.60000000000002,29.8,-1.5
2824,49668.0,False,249.9,29.900000000000002,-0.8
2825,49686.0,False,249.10000000000002,29.6,0.2
2826,49702.0,False,248.10000000000002,29.1,1.3
2827,49720.0,False,247.0,28.6,2.6
2828,49736.0,False,245.70000000000002,28.0,3.8000000000000003
2829,49752.0,False,244.3,27.400000000000002,5.300000000000001
2830,49769.0,False,243.3,26.900000000000002,6.7
2831,49789.0,False,242.8,26.5,7.800000000000001
2832,49802.0,False,242.20000000000002,26.0,8.8
2833,49829.0,False,241.10000000000002,25.6,10.4
2834,49852.0,False,240.9,25.700000000000003,10.600000000000001
2835,49869.0,False,241.0,26.1,10.200000000000001
2836,49888.0,False,241.20000000000002,26.8,8.9
2837,49902.0,False,241.70000000000002,27.8,6.800000000000001
2838,49921.0,False,242.3,29.1,4.0
2839,49936.0,False,243.3,30.700000000000003,0.6000000000000001
2840,49954.0,False,243.4,31.6,-1.3
2841,49969.0,False,244.10000000000002,32.300000000000004,-2.0
2842,49990.0,False,244.4,33.300000000000004,-2.5
2843,50002.0,False,244.4,34.2,-2.7
2844,50019.0,False,244.20000000000002,34.9,-2.5
2845,50035.0,False,243.3,35.1,-1.4000000000000001
2846,50052.0,False,242.5,35.0,-0.1
2847,50068.0,False,241.60000000000002,34.9,1.4000000000000001
2848,50085.0,False,240.70000000000002,34.6,3.1
2849,50102.0,False,239.5,33.9,5.5
2850,50120.0,False,238.8,32.800000000000004,7.300000000000001
2851,50135.0,False,238.20000000000002,31.8,8.4
2852,50152.0,False,238.0,31.200000000000003,8.4
2853,50169.0,False,237.60000000000002,31.1,7.6000000000000005
2854,50186.0,False,237.20000000000002,31.3,6.6000000000000005
2855,50202.0,False,237.20000000000002,31.5,5.4
2856,50219.0,False,237.60000000000002,31.6,4.1000000000000005
2857,50254.0,False,239.70000000000002,31.3,1.6
2858,50269.0,False,241.5,30.8,0.7000000000000001
2859,50286.0,False,243.4,29.8,-0.2
2860,50302.0,False,244.60000000000002,28.400000000000002,-0.9
2861,50323.0,False,245.10000000000002,27.3,-2.0
2862,50335.0,False,245.10000000000002,27.0,-3.5
2863,50352.0,False,245.20000000000002,27.400000000000002,-4.9
2864,50369.0,False,245.3,28.1,-6.1000000000000005
2865,50385.0,False,245.20000000000002,28.700000000000003,-7.1000000000000005
2866,50430.0,False,245.4,28.5,-8.0
2867,50452.0,False,245.60000000000002,27.8,-8.1
2868,50469.0,False,245.8,27.5,-7.800000000000001
2869,50488.0,False,246.10000000000002,27.1,-8.1
2870,50502.0,False,246.10000000000002,26.700000000000003,-8.4
2871,50518.0,False,246.10000000000002,26.3,-9.0
2872,50536.0,False,245.70000000000002,25.900000000000002,-9.600000000000001
2873,50554.0,False,245.5,25.5,-10.3
2874,50569.0,False,245.60000000000002,24.900000000000002,-11.200000000000001
2875,50585.0,False,245.9,24.3,-12.100000000000001
2876,50602.0,False,246.5,23.5,-12.8
2877,50620.0,False,247.20000000000002,22.900000000000002,-13.5
2878,50635.0,False,247.9,22.400000000000002,-14.100000000000001
2879,50652.0,False,248.4,22.200000000000003,-14.700000000000001
2880,50669.0,False,249.0,22.3,-15.3
2881,50690.0,False,249.8,22.700000000000003,-15.8
2882,50702.0,False,250.9,23.3,-16.1
2883,50721.0,False,252.0,24.200000000000003,-16.2
2884,50735.0,False,252.9,25.0,-16.1
2885,50753.0,False,253.8,25.700000000000003,-15.8
2886,50771.0,False,254.9,26.400000000000002,-15.200000000000001
2887,50785.0,False,256.0,27.400000000000002,-14.3
2888,50803.0,False,257.0,28.700000000000003,-13.3
2889,50819.0,False,258.2,30.0,-12.4
2890,50852.0,False,261.7,32.1,-10.700000000000001
2891,50873.0,False,263.6,32.7,-10.100000000000001
2892,50885.0,False,265.40000000000003,33.0,-10.200000000000001
2893,50901.0,False,266.90000000000003,32.9,-10.9
2894,50918.0,False,268.0,32.6,-11.8
2895,50939.0,False,268.7,32.300000000000004,-12.9
2896,50952.0,False,269.0,32.0,-14.0
2897,50971.0,False,268.7,31.8,-14.9
2898,50993.0,False,266.8,31.700000000000003,-14.600000000000001
2899,51018.0,False,265.6,31.900000000000002,-13.5
2900,51035.0,False,264.6,32.2,-12.200000000000001
2901,51051.0,False,264.0,32.300000000000004,-11.5
2902,51068.0,False,263.40000000000003,32.5,-11.4
2903,51085.0,False,262.6,32.7,-11.8
2904,51106.0,False,261.7,32.7,-12.600000000000001
2905,51119.0,False,260.5,32.5,-13.3
2906,51135.0,False,259.2,32.2,-13.8
2907,51152.0,False,257.8,31.700000000000003,-13.9
2908,51168.0,False,256.6,31.1,-13.5
2909,51188.0,False,255.60000000000002,30.700000000000003,-12.8
2910,51202.0,False,254.8,30.3,-12.200000000000001
2911,51221.0,False,254.10000000000002,30.200000000000003,-11.600000000000001
2912,51235.0,False,253.3,30.400000000000002,-11.3
2913,51252.0,False,252.4,30.8,-11.0
2914,51268.0,False,251.4,31.400000000000002,-10.600000000000001
2915,51286.0,False,250.20000000000002,32.2,-10.0
2916,51302.0,False,249.0,33.1,-9.1
2917,51319.0,False,247.8,34.2,-7.9
2918,51338.0,False,246.8,35.5,-6.6000000000000005
2919,51352.0,False,246.20000000000002,36.800000000000004,-5.300000000000001
2920,51368.0,False,245.8,38.2,-4.2
2921,51385.0,False,245.70000000000002,39.5,-3.3000000000000003
2922,51402.0,False,245.70000000000002,40.6,-2.5
2923,51418.0,False,245.8,41.6,-1.9000000000000001
2924,51435.0,False,246.20000000000002,42.400000000000006,-1.6
2925,51453.0,False,246.8,43.1,-1.5
2926,51469.0,False,247.5,43.6,-1.7000000000000002
2927,51486.0,False,248.4,43.900000000000006,-2.2
2928,51502.0,False,249.3,43.800000000000004,-2.7
2929,51521.0,False,250.20000000000002,43.7,-3.4000000000000004
2930,51535.0,False,251.10000000000002,43.400000000000006,-4.2
2931,51553.0,False,251.60000000000002,43.1,-4.9
2932,51572.0,False,251.9,42.5,-5.300000000000001
2933,51585.0,False,252.3,41.7,-5.4
2934,51602.0,False,252.9,40.900000000000006,-5.4
2935,51619.0,False,253.8,40.1,-5.300000000000001
2936,51635.0,False,254.9,39.5,-5.5
2937,51656.0,False,256.1,39.0,-5.9
2938,51668.0,False,257.2,38.6,-6.5
2939,51685.0,False,258.0,38.1,-7.1000000000000005
2940,51714.0,False,259.1,36.9,-7.6000000000000005
2941,51735.0,False,259.5,36.2,-7.300000000000001
2942,51759.0,False,260.1,35.5,-6.7
2943,51769.0,False,260.8,34.9,-6.0
2944,51789.0,False,261.6,34.6,-5.6000000000000005
2945,51802.0,False,262.5,34.4,-5.5
2946,51819.0,False,263.3,34.2,-5.6000000000000005
2947,51835.0,False,264.0,34.1,-5.7
2948,51852.0,False,264.7,34.0,-5.9
2949,51869.0,False,265.5,33.7,-6.2
2950,51886.0,False,266.3,33.5,-6.6000000000000005
2951,51902.0,False,267.1,33.1,-7.2
2952,51923.0,False,268.0,32.7,-8.200000000000001
2953,51937.0,False,269.0,31.8,-9.8
2954,51951.0,False,269.8,30.700000000000003,-11.9
2955,51969.0,False,270.40000000000003,29.5,-14.3
2956,51988.0,False,270.6,28.6,-16.5
2957,52002.0,False,270.6,28.0,-18.1
2958,52019.0,False,270.5,28.1,-19.0
2959,52035.0,False,270.6,28.700000000000003,-19.200000000000003
2960,52051.0,False,270.8,29.700000000000003,-18.7
2961,52068.0,False,271.0,30.900000000000002,-18.1
2962,52085.0,False,271.0,32.1,-17.7
2963,52102.0,False,270.7,33.4,-17.3
2964,52118.0,False,270.1,34.6,-17.0
2965,52138.0,False,269.2,35.5,-16.3
2966,52152.0,False,268.6,36.1,-15.4
2967,52168.0,False,268.3,36.5,-14.5
2968,52188.0,False,268.5,36.800000000000004,-14.100000000000001
2969,52237.0,False,269.0,37.0,-14.3
2970,52252.0,False,269.90000000000003,37.5,-18.0
2971,52269.0,False,269.6,37.2,-19.200000000000003
2972,52288.0,False,269.40000000000003,36.5,-20.1
2973,52302.0,False,269.3,35.6,-20.8
2974,52319.0,False,269.2,34.7,-21.5
2975,52339.0,False,269.2,33.800000000000004,-22.6
2976,52352.0,False,269.2,32.9,-24.0
2977,52368.0,False,269.2,31.900000000000002,-25.700000000000003
2978,52401.0,False,268.90000000000003,30.900000000000002,-27.3
2979,52424.0,False,266.8,28.5,-29.5
2980,52456.0,False,266.2,28.200000000000003,-29.1
2981,52469.0,False,265.90000000000003,28.3,-28.400000000000002
2982,52495.0,False,265.8,29.3,-27.200000000000003
2983,52519.0,False,265.90000000000003,30.0,-26.700000000000003
2984,52561.0,False,265.90000000000003,31.0,-26.1
2985,52585.0,False,265.8,31.3,-25.8
2986,52602.0,False,265.7,31.8,-25.200000000000003
2987,52626.0,False,265.90000000000003,32.1,-25.0
2988,52638.0,False,266.3,32.4,-24.900000000000002
2989,52654.0,False,266.8,32.6,-24.8
2990,52668.0,False,267.2,32.800000000000004,-24.900000000000002
2991,52685.0,False,267.40000000000003,32.7,-25.1
2992,52702.0,False,267.6,32.5,-25.400000000000002
2993,52719.0,False,268.0,31.900000000000002,-25.6
2994,52738.0,False,268.40000000000003,31.200000000000003,-25.8
2995,52755.0,False,268.8,30.3,-26.0
2996,52769.0,False,269.2,29.400000000000002,-26.3
2997,52793.0,False,269.6,28.700000000000003,-26.6
2998,52821.0,False,269.8,28.200000000000003,-26.900000000000002
2999,52837.0,False,270.0,27.6,-27.200000000000003
3000,52852.0,False,270.1,27.400000000000002,-27.0
3001,52869.0,False,270.2,27.200000000000003,-26.6
3002,52886.0,False,270.40000000000003,26.900000000000002,-26.200000000000003
3003,52918.0,False,270.7,26.700000000000003,-25.8
3004,52938.0,False,271.7,26.0,-25.3
3005,52952.0,False,272.2,25.700000000000003,-25.1
3006,52972.0,False,272.6,25.400000000000002,-25.0
3007,52986.0,False,273.0,25.200000000000003,-24.700000000000003
3008,53002.0,False,273.40000000000003,25.1,-24.5
3009,53018.0,False,273.8,25.1,-24.3
3010,53037.0,False,274.3,25.200000000000003,-24.200000000000003
3011,53053.0,False,274.8,25.400000000000002,-24.0
3012,53069.0,False,275.3,25.700000000000003,-23.900000000000002
3013,53088.0,False,275.8,25.900000000000002,-23.900000000000002
3014,53102.0,False,276.3,26.200000000000003,-23.8
3015,53121.0,False,276.6,26.6,-23.700000000000003
3016,53135.0,False,276.8,27.0,-23.700000000000003
3017,53154.0,False,277.0,27.3,-23.6
3018,53169.0,False,277.1,27.400000000000002,-23.200000000000003
3019,53188.0,False,277.0,27.1,-22.5
3020,53202.0,False,276.90000000000003,26.700000000000003,-21.700000000000003
3021,53219.0,False,276.90000000000003,26.1,-21.1
3022,53238.0,False,276.90000000000003,25.5,-21.1
3023,53255.0,False,276.7,24.8,-21.3
3024,53269.0,False,276.2,24.1,-21.700000000000003
3025,53287.0,False,275.8,23.6,-22.200000000000003
3026,53302.0,False,275.5,23.5,-22.700000000000003
3027,53324.0,False,275.3,23.6,-23.400000000000002
3028,53338.0,False,274.90000000000003,23.900000000000002,-24.0
3029,53353.0,False,274.40000000000003,24.3,-24.5
3030,53369.0,False,273.90000000000003,24.8,-25.1
3031,53386.0,False,273.40000000000003,25.400000000000002,-25.6
3032,53402.0,False,272.8,26.0,-26.0
3033,53419.0,False,272.3,26.3,-26.1
3034,53436.0,False,271.6,26.400000000000002,-25.900000000000002
3035,53452.0,False,271.0,26.1,-25.3
3036,53468.0,False,270.40000000000003,25.700000000000003,-24.6
3037,53486.0,False,269.8,25.1,-23.900000000000002
3038,53508.0,False,269.2,24.5,-23.400000000000002
3039,53519.0,False,268.5,24.1,-23.200000000000003
3040,53537.0,False,267.6,23.900000000000002,-23.200000000000003
3041,53553.0,False,266.5,23.900000000000002,-23.1
3042,53569.0,False,265.3,24.0,-22.900000000000002
3043,53586.0,False,264.2,24.1,-22.400000000000002
3044,53603.0,False,263.40000000000003,24.3,-21.8
3045,53620.0,False,262.7,24.400000000000002,-21.0
3046,53637.0,False,262.2,24.400000000000002,-20.400000000000002
3047,53653.0,False,262.0,24.5,-20.0
3048,53672.0,False,261.90000000000003,24.6,-19.900000000000002
3049,53686.0,False,261.8,24.700000000000003,-20.1
3050,53710.0,False,261.5,25.1,-20.900000000000002
3051,53735.0,False,261.5,25.400000000000002,-21.200000000000003
3052,53754.0,False,261.7,25.700000000000003,-21.5
3053,53769.0,False,261.90000000000003,25.8,-21.700000000000003
3054,53787.0,False,262.2,25.8,-21.8
3055,53802.0,False,262.40000000000003,25.900000000000002,-22.0
3056,53819.0,False,262.6,26.0,-22.5
3057,53835.0,False,262.6,26.200000000000003,-22.900000000000002
3058,53852.0,False,262.40000000000003,26.3,-23.200000000000003
3059,53873.0,False,262.2,26.200000000000003,-23.200000000000003
3060,53885.0,False,262.2,25.900000000000002,-22.900000000000002
3061,53907.0,False,262.3,25.6,-22.400000000000002
3062,53918.0,False,262.6,25.400000000000002,-22.0
3063,53935.0,False,262.90000000000003,25.3,-21.700000000000003
3064,53954.0,False,263.1,25.400000000000002,-21.5
3065,53968.0,False,263.1,25.6,-21.400000000000002
3066,53985.0,False,263.1,25.8,-21.400000000000002
3067,54002.0,False,263.2,25.8,-21.200000000000003
3068,54019.0,False,263.2,25.700000000000003,-21.0
3069,54035.0,False,263.3,25.3,-20.5
3070,54052.0,False,263.40000000000003,24.8,-19.900000000000002
3071,54068.0,False,263.7,24.3,-19.3
3072,54086.0,False,264.0,24.0,-18.900000000000002
3073,54102.0,False,264.40000000000003,23.8,-18.8
3074,54120.0,False,264.6,23.900000000000002,-18.8
3075,54138.0,False,264.7,24.200000000000003,-18.900000000000002
3076,54152.0,False,264.90000000000003,24.6,-19.200000000000003
3077,54169.0,False,265.1,25.0,-19.6
3078,54206.0,False,265.8,25.400000000000002,-20.700000000000003
3079,54220.0,False,266.0,25.5,-21.200000000000003
3080,54235.0,False,266.2,25.6,-21.6
3081,54252.0,False,266.6,25.8,-22.0
3082,54269.0,False,266.90000000000003,26.1,-22.5
3083,54290.0,False,267.1,26.400000000000002,-22.900000000000002
3084,54307.0,False,267.2,26.8,-23.1
3085,54319.0,False,266.90000000000003,27.0,-23.0
3086,54337.0,False,266.5,27.3,-22.400000000000002
3087,54352.0,False,266.1,27.6,-21.400000000000002
3088,54370.0,False,265.90000000000003,28.200000000000003,-20.3
3089,54385.0,False,265.6,29.0,-19.200000000000003
3090,54410.0,False,265.1,30.0,-18.2
3091,54426.0,False,264.7,30.900000000000002,-17.1
3092,54468.0,False,265.8,32.4,-16.6
3093,54486.0,False,266.40000000000003,32.300000000000004,-17.7
3094,54502.0,False,266.7,32.0,-19.3
3095,54519.0,False,266.90000000000003,31.5,-21.0
3096,54536.0,False,267.0,30.900000000000002,-22.8
3097,54551.0,False,266.90000000000003,30.3,-24.400000000000002
3098,54569.0,False,266.90000000000003,29.900000000000002,-25.8
3099,54589.0,False,267.1,29.5,-26.900000000000002
3100,54602.0,False,267.3,29.0,-27.700000000000003
3101,54619.0,False,267.5,28.200000000000003,-28.0
3102,54635.0,False,267.40000000000003,27.1,-28.1
3103,54652.0,False,267.0,25.8,-28.1
3104,54668.0,False,266.40000000000003,24.700000000000003,-28.1
3105,54686.0,False,265.90000000000003,23.8,-28.400000000000002
3106,54706.0,False,265.3,23.3,-29.0
3107,54719.0,False,264.6,23.0,-29.700000000000003
3108,54735.0,False,263.90000000000003,22.900000000000002,-30.400000000000002
3109,54752.0,False,263.2,23.0,-31.0
3110,54769.0,False,262.5,23.200000000000003,-31.6
3111,54785.0,False,261.8,23.400000000000002,-32.0
3112,54802.0,False,261.2,23.5,-32.300000000000004
3113,54823.0,False,260.7,23.5,-32.5
3114,54838.0,False,260.3,23.400000000000002,-32.9
3115,54858.0,False,259.90000000000003,23.400000000000002,-33.300000000000004
3116,54887.0,False,259.2,23.5,-34.1
3117,54906.0,False,258.90000000000003,23.6,-34.300000000000004
3118,54920.0,False,258.7,23.700000000000003,-34.300000000000004
3119,54935.0,False,258.6,23.6,-34.1
3120,54952.0,False,258.7,23.400000000000002,-33.6
3121,54969.0,False,258.6,23.200000000000003,-32.9
3122,54985.0,False,258.3,23.3,-31.900000000000002
3123,55002.0,False,257.90000000000003,23.400000000000002,-30.6
3124,55023.0,False,257.7,23.400000000000002,-29.200000000000003
3125,55036.0,False,257.8,23.3,-27.6
3126,55051.0,False,258.1,22.900000000000002,-26.0
3127,55069.0,False,258.5,22.5,-24.6
3128,55085.0,False,258.90000000000003,22.200000000000003,-23.8
3129,55102.0,False,259.3,22.3,-23.400000000000002
3130,55122.0,False,259.6,22.700000000000003,-23.200000000000003
3131,55136.0,False,259.8,23.200000000000003,-23.200000000000003
3132,55153.0,False,260.1,23.5,-23.1
3133,55168.0,False,260.5,23.6,-22.8
3134,55185.0,False,260.90000000000003,23.400000000000002,-22.5
3135,55205.0,False,261.40000000000003,23.1,-22.3
3136,55222.0,False,262.1,22.6,-22.3
3137,55235.0,False,262.7,22.1,-22.5
3138,55251.0,False,263.40000000000003,21.8,-22.8
3139,55269.0,False,264.0,21.6,-23.200000000000003
3140,55291.0,False,264.7,21.700000000000003,-23.700000000000003
3141,55307.0,False,265.3,21.8,-24.200000000000003
3142,55319.0,False,266.0,22.0,-24.8
3143,55335.0,False,266.7,22.1,-25.200000000000003
3144,55354.0,False,267.3,22.1,-25.400000000000002
3145,55369.0,False,268.0,22.1,-25.400000000000002
3146,55385.0,False,268.7,22.0,-25.200000000000003
3147,55402.0,False,269.40000000000003,21.900000000000002,-24.8
3148,55419.0,False,270.1,22.0,-24.400000000000002
3149,55436.0,False,270.7,22.1,-23.8
3150,55452.0,False,271.2,22.1,-23.200000000000003
3151,55468.0,False,271.6,22.0,-22.700000000000003
3152,55485.0,False,271.7,21.8,-22.3
3153,55508.0,False,271.5,21.6,-22.1
3154,55521.0,False,271.0,21.5,-22.1
3155,55539.0,False,270.3,21.6,-22.200000000000003
3156,55552.0,False,269.40000000000003,22.0,-22.200000000000003
3157,55568.0,False,268.5,22.6,-22.0
3158,55585.0,False,267.7,23.3,-21.700000000000003
3159,55614.0,False,266.40000000000003,24.5,-21.0
3160,55636.0,False,265.7,25.0,-20.8
3161,55651.0,False,264.90000000000003,25.3,-20.8
3162,55676.0,False,263.0,25.900000000000002,-21.1
3163,55714.0,False,261.40000000000003,26.5,-21.8
3164,55736.0,False,260.7,26.6,-22.0
3165,55753.0,False,260.1,26.700000000000003,-22.1
3166,55768.0,False,259.7,26.6,-22.200000000000003
3167,55785.0,False,259.3,26.6,-22.200000000000003
3168,55806.0,False,258.90000000000003,26.5,-22.200000000000003
3169,55818.0,False,258.40000000000003,26.6,-22.200000000000003
3170,55836.0,False,257.90000000000003,26.700000000000003,-22.200000000000003
3171,55854.0,False,257.3,27.0,-22.200000000000003
3172,55869.0,False,257.0,27.3,-22.3
3173,55885.0,False,256.8,27.700000000000003,-22.5
3174,55902.0,False,257.1,27.900000000000002,-22.700000000000003
3175,55918.0,False,257.6,27.700000000000003,-22.900000000000002
3176,55936.0,False,258.3,27.1,-23.1
3177,55952.0,False,259.0,26.3,-23.5
3178,55973.0,False,259.7,25.6,-24.200000000000003
3179,55985.0,False,260.2,25.3,-25.200000000000003
3180,56004.0,False,260.40000000000003,25.5,-26.1
3181,56019.0,False,260.6,26.1,-26.8
3182,56035.0,False,260.8,27.1,-27.1
3183,56051.0,False,261.1,28.3,-27.200000000000003
3184,56069.0,False,261.5,29.3,-27.0
3185,56085.0,False,261.90000000000003,30.400000000000002,-26.8
3186,56105.0,False,262.0,31.6,-26.400000000000002
3187,56121.0,False,261.7,32.6,-25.700000000000003
3188,56138.0,False,261.5,33.2,-24.900000000000002
3189,56151.0,False,261.5,33.300000000000004,-24.0
3190,56168.0,False,262.0,32.7,-23.200000000000003
3191,56185.0,False,262.8,31.700000000000003,-22.8
3192,56211.0,False,264.40000000000003,29.6,-24.0
3193,56235.0,False,264.90000000000003,29.1,-25.1
3194,56251.0,False,265.1,28.900000000000002,-26.200000000000003
3195,56270.0,False,265.3,29.0,-27.3
3196,56285.0,False,265.6,29.200000000000003,-28.1
3197,56305.0,False,265.90000000000003,29.400000000000002,-28.8
3198,56319.0,False,266.40000000000003,29.700000000000003,-29.400000000000002
3199,56336.0,False,267.0,29.900000000000002,-29.700000000000003
3200,56352.0,False,267.6,30.1,-29.900000000000002
3201,56371.0,False,268.40000000000003,30.200000000000003,-30.0
3202,56385.0,False,269.1,30.3,-30.200000000000003
3203,56409.0,False,269.90000000000003,30.400000000000002,-30.6
3204,56436.0,False,271.5,30.3,-31.5
3205,56451.0,False,272.3,30.1,-32.0
3206,56469.0,False,273.0,29.8,-32.2
3207,56485.0,False,273.7,29.400000000000002,-32.300000000000004
3208,56507.0,False,274.3,28.900000000000002,-32.2
3209,56521.0,False,274.90000000000003,28.3,-32.0
3210,56536.0,False,275.40000000000003,27.700000000000003,-31.700000000000003
3211,56555.0,False,275.8,27.200000000000003,-31.5
3212,56569.0,False,276.1,27.0,-31.200000000000003
3213,56585.0,False,276.0,27.200000000000003,-30.900000000000002
3214,56605.0,False,275.8,27.700000000000003,-30.6
3215,56618.0,False,275.3,28.3,-30.200000000000003
3216,56635.0,False,274.8,28.900000000000002,-29.900000000000002
3217,56652.0,False,274.3,29.5,-29.700000000000003
3218,56668.0,False,273.8,30.1,-29.900000000000002
3219,56685.0,False,273.0,30.5,-30.3
3220,56702.0,False,272.0,30.700000000000003,-30.700000000000003
3221,56719.0,False,270.90000000000003,30.700000000000003,-31.0
3222,56735.0,False,269.90000000000003,30.6,-31.0
3223,56751.0,False,269.3,30.400000000000002,-31.1
3224,56772.0,False,268.90000000000003,30.1,-31.200000000000003
3225,56785.0,False,268.7,29.8,-31.3
3226,56806.0,False,268.5,29.6,-31.6
3227,56818.0,False,268.0,29.5,-31.8
3228,56834.0,False,267.40000000000003,29.700000000000003,-32.0
3229,56851.0,False,266.8,30.1,-32.2
3230,56868.0,False,266.2,30.5,-32.2
3231,56886.0,False,265.5,30.8,-32.0
3232,56903.0,False,265.0,30.900000000000002,-31.6
3233,56921.0,False,264.6,30.8,-31.3
3234,56935.0,False,264.1,30.6,-31.1
3235,56969.0,False,262.6,29.700000000000003,-30.700000000000003
3236,56989.0,False,261.6,29.200000000000003,-30.200000000000003
3237,57002.0,False,260.6,28.8,-29.5
3238,57019.0,False,259.7,28.6,-28.6
3239,57038.0,False,258.90000000000003,28.6,-27.700000000000003
3240,57052.0,False,258.40000000000003,28.700000000000003,-26.900000000000002
3241,57068.0,False,258.0,28.8,-26.400000000000002
3242,57086.0,False,257.8,28.8,-26.200000000000003
3243,57103.0,False,257.5,28.6,-26.200000000000003
3244,57125.0,False,257.3,28.3,-26.200000000000003
3245,57135.0,False,257.2,27.900000000000002,-26.200000000000003
3246,57153.0,False,257.40000000000003,27.400000000000002,-26.700000000000003
3247,57168.0,False,257.5,27.0,-27.400000000000002
3248,57185.0,False,257.40000000000003,26.700000000000003,-28.1
3249,57206.0,False,257.2,26.5,-28.6
3250,57222.0,False,257.0,26.6,-28.700000000000003
3251,57235.0,False,256.90000000000003,26.900000000000002,-28.200000000000003
3252,57259.0,False,256.90000000000003,27.400000000000002,-27.400000000000002
3253,57269.0,False,257.0,28.1,-26.5
3254,57286.0,False,257.0,28.5,-25.5
3255,57303.0,False,257.1,28.6,-24.6
3256,57323.0,False,257.2,28.3,-23.6
3257,57335.0,False,257.5,27.6,-22.5
3258,57352.0,False,257.90000000000003,26.900000000000002,-21.6
3259,57369.0,False,258.6,26.3,-21.0
3260,57385.0,False,259.6,25.900000000000002,-20.900000000000002
3261,57405.0,False,260.6,25.6,-21.3
3262,57418.0,False,261.6,25.400000000000002,-21.8
3263,57435.0,False,262.5,25.200000000000003,-22.400000000000002
3264,57454.0,False,263.40000000000003,25.0,-23.0
3265,57468.0,False,264.2,24.900000000000002,-23.200000000000003
3266,57485.0,False,264.90000000000003,24.700000000000003,-23.200000000000003
3267,57506.0,False,265.8,24.6,-23.0
3268,57518.0,False,266.7,24.5,-22.6
3269,57535.0,False,267.6,24.6,-22.200000000000003
3270,57551.0,False,268.5,24.8,-21.6
3271,57571.0,False,269.6,25.0,-20.8
3272,57586.0,False,270.6,25.3,-20.200000000000003
3273,57608.0,False,271.6,25.700000000000003,-19.400000000000002
3274,57619.0,False,272.6,26.1,-18.7
3275,57635.0,False,273.5,26.6,-17.900000000000002
3276,57651.0,False,274.5,27.1,-16.8
3277,57669.0,False,275.40000000000003,27.5,-15.5
3278,57685.0,False,276.5,28.0,-14.4
3279,57705.0,False,277.40000000000003,28.400000000000002,-13.600000000000001
3280,57719.0,False,278.2,28.6,-13.200000000000001
3281,57735.0,False,278.8,28.3,-13.100000000000001
3282,57752.0,False,279.3,27.5,-13.5
3283,57768.0,False,279.6,26.1,-14.100000000000001
3284,57785.0,False,279.90000000000003,24.3,-14.9
3285,57803.0,False,280.0,22.200000000000003,-16.1
3286,57823.0,False,280.1,20.1,-17.3
3287,57835.0,False,279.90000000000003,18.400000000000002,-18.3
3288,57852.0,False,279.6,17.1,-18.900000000000002
3289,57870.0,False,279.40000000000003,16.400000000000002,-19.1
3290,57886.0,False,279.2,16.5,-19.400000000000002
3291,57908.0,False,279.0,17.400000000000002,-19.900000000000002
3292,57918.0,False,278.7,18.8,-20.6
3293,57935.0,False,278.1,20.700000000000003,-21.400000000000002
3294,57952.0,False,277.40000000000003,22.700000000000003,-22.1
3295,57968.0,False,276.5,24.6,-22.400000000000002
3296,57985.0,False,275.40000000000003,26.3,-22.200000000000003
3297,58002.0,False,274.3,27.900000000000002,-21.3
3298,58019.0,False,272.90000000000003,29.200000000000003,-19.700000000000003
3299,58035.0,False,271.2,30.200000000000003,-17.2
3300,58051.0,False,269.40000000000003,30.700000000000003,-13.8
3301,58070.0,False,268.1,31.0,-10.3
3302,58086.0,False,267.6,31.200000000000003,-7.4
3303,58106.0,False,267.7,31.400000000000002,-5.7
3304,58135.0,False,267.40000000000003,31.900000000000002,-5.0
3305,58156.0,False,266.8,32.0,-5.4
3306,58168.0,False,266.1,32.0,-6.2
3307,58186.0,False,265.5,31.8,-7.1000000000000005
3308,58205.0,False,264.7,31.5,-8.1
3309,58218.0,False,264.0,31.1,-9.0
3310,58235.0,False,263.5,30.700000000000003,-10.0
3311,58251.0,False,263.2,30.3,-10.9
3312,58269.0,False,262.8,29.900000000000002,-11.5
3313,58288.0,False,262.40000000000003,29.3,-11.9
3314,58303.0,False,261.90000000000003,28.700000000000003,-11.9
3315,58318.0,False,261.5,28.0,-11.700000000000001
3316,58335.0,False,261.0,27.5,-11.200000000000001
3317,58355.0,False,260.5,27.200000000000003,-10.700000000000001
3318,58369.0,False,260.2,27.200000000000003,-10.100000000000001
3319,58385.0,False,260.0,27.6,-9.3
3320,58410.0,False,259.8,28.0,-8.6
3321,58419.0,False,259.7,28.3,-7.9
3322,58435.0,False,259.8,28.3,-7.300000000000001
3323,58451.0,False,260.1,28.0,-6.800000000000001
3324,58472.0,False,260.6,27.700000000000003,-6.6000000000000005
3325,58485.0,False,261.2,27.5,-6.800000000000001
3326,58505.0,False,261.8,27.400000000000002,-7.2
3327,58519.0,False,262.2,27.3,-7.7
3328,58536.0,False,262.6,27.200000000000003,-8.200000000000001
3329,58551.0,False,263.1,27.0,-8.5
3330,58569.0,False,263.7,26.8,-8.9
3331,58586.0,False,264.40000000000003,26.5,-9.3
3332,58602.0,False,265.3,26.1,-9.9
3333,58629.0,False,266.90000000000003,25.0,-11.200000000000001
3334,58652.0,False,267.8,24.1,-11.700000000000001
3335,58668.0,False,268.6,23.1,-12.200000000000001
3336,58685.0,False,269.40000000000003,21.8,-12.600000000000001
3337,58702.0,False,270.2,20.5,-12.8
3338,58726.0,False,270.8,19.3,-12.8
3339,58751.0,False,271.5,16.900000000000002,-14.9
3340,58768.0,False,271.2,15.8,-16.1
3341,58788.0,False,270.7,14.8,-16.7
3342,58805.0,False,270.2,14.100000000000001,-16.7
3343,58835.0,False,268.6,13.700000000000001,-15.8
3344,58851.0,False,267.6,14.3,-15.5
3345,58872.0,False,266.6,15.200000000000001,-15.200000000000001
3346,58886.0,False,265.6,16.2,-14.8
3347,58910.0,False,264.6,17.1,-14.600000000000001
3348,58920.0,False,263.7,18.0,-15.0
3349,58935.0,False,262.6,18.8,-15.600000000000001
3350,58952.0,False,261.6,19.400000000000002,-16.1
3351,58969.0,False,261.0,20.0,-16.7
3352,58985.0,False,260.8,20.3,-17.7
3353,59006.0,False,260.7,20.5,-18.900000000000002
3354,59018.0,False,260.6,20.6,-20.3
3355,59036.0,False,260.2,20.6,-21.400000000000002
3356,59052.0,False,259.6,20.700000000000003,-22.0
3357,59068.0,False,259.1,20.900000000000002,-21.900000000000002
3358,59086.0,False,258.7,21.200000000000003,-21.1
3359,59108.0,False,258.5,21.5,-19.900000000000002
3360,59119.0,False,258.40000000000003,21.8,-18.2
3361,59137.0,False,258.6,22.0,-16.7
3362,59153.0,False,259.2,22.1,-16.0
3363,59169.0,False,259.90000000000003,22.200000000000003,-16.7
3364,59185.0,False,260.2,21.900000000000002,-18.400000000000002
3365,59204.0,False,259.40000000000003,21.1,-19.6
3366,59219.0,False,257.8,19.900000000000002,-20.3
3367,59235.0,False,255.9,18.7,-21.400000000000002
3368,59251.0,False,253.9,17.6,-22.700000000000003
3369,59272.0,False,252.20000000000002,16.900000000000002,-24.0
3370,59285.0,False,250.70000000000002,16.7,-25.200000000000003
3371,59307.0,False,249.70000000000002,17.0,-26.3
3372,59318.0,False,249.3,17.8,-27.200000000000003
3373,59335.0,False,249.5,18.900000000000002,-28.1
3374,59352.0,False,250.20000000000002,20.200000000000003,-28.700000000000003
3375,59369.0,False,251.0,21.400000000000002,-28.8
3376,59385.0,False,251.9,22.400000000000002,-28.400000000000002
3377,59408.0,False,252.60000000000002,23.200000000000003,-27.8
3378,59419.0,False,253.10000000000002,23.900000000000002,-27.200000000000003
3379,59436.0,False,253.60000000000002,24.6,-26.8
3380,59454.0,False,254.3,25.1,-26.700000000000003
3381,59468.0,False,255.10000000000002,25.6,-26.700000000000003
3382,59488.0,False,255.9,26.0,-26.700000000000003
3383,59502.0,False,256.40000000000003,26.400000000000002,-26.200000000000003
3384,59528.0,False,257.8,27.5,-23.900000000000002
3385,59552.0,False,258.90000000000003,27.700000000000003,-22.3
3386,59572.0,False,260.7,27.400000000000002,-21.5
3387,59585.0,False,262.8,26.8,-22.0
3388,59607.0,False,264.2,26.1,-23.0
3389,59618.0,False,265.0,25.400000000000002,-24.0
3390,59637.0,False,265.3,24.8,-24.700000000000003
3391,59670.0,False,265.3,24.8,-24.0
3392,59686.0,False,265.40000000000003,25.400000000000002,-23.1
3393,59705.0,False,265.7,26.1,-21.8
3394,59726.0,False,266.5,27.3,-18.400000000000002
3395,59756.0,False,266.8,27.400000000000002,-16.6
3396,59768.0,False,267.1,27.5,-14.9
3397,59786.0,False,267.3,27.700000000000003,-13.3
3398,59804.0,False,267.5,27.900000000000002,-12.0
3399,59819.0,False,267.8,28.200000000000003,-10.9
3400,59837.0,False,268.40000000000003,28.400000000000002,-10.100000000000001
3401,59851.0,False,269.1,28.6,-9.8
3402,59868.0,False,270.0,28.700000000000003,-10.100000000000001
3403,59885.0,False,270.90000000000003,28.8,-11.200000000000001
3404,59910.0,False,271.3,28.700000000000003,-12.5
3405,59918.0,False,271.2,28.6,-13.4
3406,59934.0,False,270.40000000000003,28.6,-13.600000000000001
3407,59952.0,False,269.2,28.700000000000003,-13.3
3408,59969.0,False,267.8,28.8,-12.9
3409,59986.0,False,266.90000000000003,28.900000000000002,-12.600000000000001
3410,60005.0,False,266.5,28.900000000000002,-12.3
3411,60018.0,False,266.2,28.8,-12.200000000000001
3412,60036.0,False,265.7,28.700000000000003,-12.3
3413,60057.0,False,264.8,28.700000000000003,-12.3
3414,60068.0,False,263.5,28.8,-12.0
3415,60086.0,False,262.2,29.0,-11.700000000000001
3416,60243.0,False,251.8,33.800000000000004,-11.600000000000001
3417,60265.0,False,249.3,34.300000000000004,-9.600000000000001
3418,60284.0,False,248.4,34.5,-8.8
3419,60301.0,False,247.60000000000002,34.7,-8.5
3420,60318.0,False,246.9,34.9,-8.5
3421,60334.0,False,246.20000000000002,34.9,-8.9
3422,60351.0,False,245.4,34.9,-9.4
3423,60368.0,False,244.4,34.9,-9.9
3424,60387.0,False,243.5,34.800000000000004,-10.3
3425,60404.0,False,242.60000000000002,34.7,-10.600000000000001
3426,60418.0,False,241.9,34.6,-11.0
3427,60437.0,False,241.4,34.7,-11.4
3428,60452.0,False,240.8,34.800000000000004,-11.9
3429,60469.0,False,240.5,34.800000000000004,-12.4
3430,60485.0,False,240.4,34.7,-13.100000000000001
3431,60504.0,False,240.3,34.5,-13.8
3432,60521.0,False,240.4,34.300000000000004,-14.4
3433,60539.0,False,240.4,34.2,-14.9
3434,60553.0,False,240.5,34.1,-15.3
3435,60569.0,False,240.60000000000002,34.2,-15.600000000000001
3436,60587.0,False,240.8,34.300000000000004,-15.600000000000001
3437,60602.0,False,241.10000000000002,34.4,-15.600000000000001
3438,60634.0,False,241.9,34.4,-15.100000000000001
3439,60651.0,False,242.3,34.0,-14.5
3440,60669.0,False,242.8,33.4,-14.0
3441,60685.0,False,243.60000000000002,32.5,-13.600000000000001
3442,60708.0,False,244.60000000000002,31.700000000000003,-13.700000000000001
3443,60718.0,False,245.60000000000002,31.0,-14.200000000000001
3444,60738.0,False,246.4,30.5,-15.0
3445,60751.0,False,247.10000000000002,30.200000000000003,-15.5
3446,60771.0,False,247.5,30.0,-15.700000000000001
3447,60785.0,False,247.9,29.8,-15.3
3448,60804.0,False,248.4,29.700000000000003,-14.5
3449,60822.0,False,249.0,29.5,-13.5
3450,60839.0,False,249.70000000000002,29.5,-12.4
3451,60851.0,False,250.5,29.5,-11.5
3452,60872.0,False,251.3,29.700000000000003,-10.700000000000001
3453,60885.0,False,252.10000000000002,29.900000000000002,-10.0
3454,60904.0,False,252.9,30.1,-9.4
3455,60918.0,False,253.70000000000002,30.200000000000003,-9.0
3456,60934.0,False,254.5,30.200000000000003,-8.8
3457,60952.0,False,255.4,30.0,-8.6
3458,60968.0,False,256.40000000000003,29.700000000000003,-8.5
3459,60984.0,False,257.5,29.400000000000002,-8.5
3460,61001.0,False,258.90000000000003,29.1,-8.700000000000001
3461,61021.0,False,260.2,28.900000000000002,-9.1
3462,61034.0,False,261.40000000000003,28.700000000000003,-9.8
3463,61052.0,False,262.40000000000003,28.400000000000002,-10.700000000000001
3464,61068.0,False,263.2,28.1,-11.5
3465,61085.0,False,263.7,27.5,-12.200000000000001
3466,61103.0,False,263.90000000000003,26.8,-12.8
3467,61120.0,False,263.7,26.1,-13.4
3468,61138.0,False,263.2,25.700000000000003,-13.8
3469,61155.0,False,262.3,25.6,-14.0
3470,61170.0,False,260.90000000000003,25.8,-13.600000000000001
3471,61185.0,False,259.5,26.400000000000002,-12.8
3472,61202.0,False,258.3,27.3,-11.9
3473,61219.0,False,257.3,28.5,-11.200000000000001
3474,61235.0,False,256.3,29.6,-10.8
3475,61251.0,False,255.10000000000002,30.700000000000003,-10.5
3476,61269.0,False,254.0,31.700000000000003,-10.4
3477,61285.0,False,252.70000000000002,32.800000000000004,-10.3
3478,61302.0,False,251.5,33.7,-10.0
3479,61353.0,False,247.60000000000002,36.2,-8.3
3480,61374.0,False,245.3,37.300000000000004,-6.800000000000001
3481,61401.0,False,244.3,37.5,-6.300000000000001
3482,61418.0,False,243.4,37.6,-6.2
3483,61434.0,False,242.60000000000002,37.6,-6.4
3484,61452.0,False,241.8,37.4,-6.800000000000001
3485,61468.0,False,240.9,37.0,-7.5
3486,61489.0,False,240.0,36.6,-8.1
3487,61502.0,False,239.10000000000002,36.1,-8.700000000000001
3488,61521.0,False,238.4,35.800000000000004,-9.0
3489,61534.0,False,237.9,35.6,-9.3
3490,61552.0,False,237.5,35.7,-9.5
3491,61568.0,False,237.3,35.800000000000004,-9.8
3492,61586.0,False,237.20000000000002,36.0,-10.100000000000001
3493,61602.0,False,237.10000000000002,36.1,-10.4
3494,61626.0,False,237.10000000000002,36.300000000000004,-10.8
3495,61639.0,False,237.3,36.4,-11.100000000000001
3496,61651.0,False,237.70000000000002,36.4,-11.5
3497,61668.0,False,238.20000000000002,36.4,-12.0
3498,61685.0,False,238.60000000000002,36.2,-12.5
3499,61706.0,False,239.0,36.0,-12.9
3500,61719.0,False,239.20000000000002,35.800000000000004,-13.100000000000001
3501,61735.0,False,239.3,35.300000000000004,-13.100000000000001
3502,61751.0,False,239.60000000000002,34.5,-12.9
3503,61768.0,False,240.10000000000002,33.300000000000004,-12.700000000000001
3504,61786.0,False,240.8,31.8,-12.5
3505,61802.0,False,241.4,30.3,-12.5
3506,61818.0,False,242.0,29.1,-12.700000000000001
3507,61836.0,False,242.5,28.3,-13.0
3508,61852.0,False,242.8,27.8,-13.3
3509,61868.0,False,243.0,27.6,-13.600000000000001
3510,61885.0,False,243.10000000000002,27.5,-13.700000000000001
3511,61919.0,False,243.3,27.3,-13.4
3512,61939.0,False,243.4,27.1,-13.0
3513,61952.0,False,243.5,26.8,-12.5
3514,61968.0,False,243.8,26.5,-12.0
3515,61985.0,False,244.4,26.3,-11.5
3516,62002.0,False,245.0,26.200000000000003,-11.100000000000001
3517,62021.0,False,245.60000000000002,26.1,-10.700000000000001
3518,62035.0,False,246.4,25.900000000000002,-10.4
3519,62053.0,False,247.20000000000002,25.6,-10.200000000000001
3520,62068.0,False,248.0,25.200000000000003,-9.9
3521,62109.0,False,249.70000000000002,24.3,-9.4
3522,62118.0,False,250.70000000000002,24.1,-9.600000000000001
3523,62139.0,False,251.5,23.900000000000002,-10.0
3524,62152.0,False,252.10000000000002,23.700000000000003,-10.600000000000001
3525,62168.0,False,252.4,23.3,-11.100000000000001
3526,62187.0,False,252.5,22.900000000000002,-11.3
3527,62202.0,False,252.60000000000002,22.5,-11.4
3528,62223.0,False,252.5,22.200000000000003,-11.5
3529,62234.0,False,252.3,22.0,-11.600000000000001
3530,62251.0,False,251.8,22.1,-11.700000000000001
3531,62268.0,False,251.10000000000002,22.200000000000003,-11.5
3532,62285.0,False,250.4,22.400000000000002,-11.200000000000001
3533,62308.0,False,249.70000000000002,22.700000000000003,-10.8
3534,62318.0,False,249.0,23.0,-10.600000000000001
3535,62335.0,False,248.4,23.5,-10.600000000000001
3536,62351.0,False,247.70000000000002,24.3,-10.9
3537,62369.0,False,247.0,25.3,-11.3
3538,62386.0,False,246.20000000000002,26.400000000000002,-11.700000000000001
3539,62402.0,False,245.3,27.5,-12.100000000000001
3540,62424.0,False,244.5,28.5,-12.3
3541,62434.0,False,243.60000000000002,29.3,-12.3
3542,62452.0,False,242.60000000000002,30.0,-12.200000000000001
3543,62470.0,False,241.70000000000002,30.3,-11.700000000000001
3544,62485.0,False,240.70000000000002,30.6,-11.100000000000001
3545,62502.0,False,239.9,30.8,-10.5
3546,62518.0,False,239.20000000000002,30.900000000000002,-10.100000000000001
3547,62535.0,False,238.5,31.1,-9.9
3548,62551.0,False,237.8,31.0,-9.9
3549,62570.0,False,236.9,30.8,-9.9
3550,62585.0,False,236.0,30.5,-10.100000000000001
3551,62602.0,False,235.0,30.200000000000003,-10.600000000000001
3552,62619.0,False,234.0,30.1,-11.100000000000001
3553,62640.0,False,232.8,30.200000000000003,-11.3
3554,62651.0,False,231.60000000000002,30.6,-11.4
3555,62668.0,False,230.8,31.200000000000003,-11.700000000000001
3556,62685.0,False,229.9,31.900000000000002,-12.0
3557,62702.0,False,229.0,32.5,-12.200000000000001
3558,62720.0,False,228.4,33.1,-12.3
3559,62741.0,False,227.8,33.6,-12.4
3560,62752.0,False,227.5,34.0,-12.600000000000001
3561,62772.0,False,227.3,34.300000000000004,-12.8
3562,62785.0,False,227.3,34.6,-13.100000000000001
3563,62803.0,False,227.5,34.800000000000004,-13.4
3564,62818.0,False,227.60000000000002,35.0,-13.700000000000001
3565,62834.0,False,227.8,34.9,-13.700000000000001
3566,62851.0,False,228.10000000000002,34.6,-13.700000000000001
3567,62868.0,False,228.70000000000002,33.9,-13.700000000000001
3568,62884.0,False,229.4,32.7,-13.700000000000001
3569,62902.0,False,230.20000000000002,31.5,-14.0
3570,62918.0,False,230.9,30.5,-14.600000000000001
3571,62934.0,False,231.4,29.8,-15.200000000000001
3572,62952.0,False,231.70000000000002,29.400000000000002,-15.600000000000001
3573,62968.0,False,231.8,29.200000000000003,-15.700000000000001
3574,62984.0,False,231.8,29.200000000000003,-15.3
3575,63002.0,False,231.8,29.3,-14.600000000000001
3576,63021.0,False,232.0,29.5,-13.8
3577,63035.0,False,232.3,29.700000000000003,-12.8
3578,63053.0,False,232.70000000000002,29.900000000000002,-11.9
3579,63068.0,False,233.3,30.200000000000003,-11.200000000000001
3580,63084.0,False,233.8,30.5,-10.600000000000001
3581,63102.0,False,234.4,30.700000000000003,-10.200000000000001
3582,63119.0,False,235.10000000000002,31.0,-9.9
3583,63152.0,False,236.70000000000002,31.200000000000003,-9.3
3584,63168.0,False,237.60000000000002,31.200000000000003,-8.8
3585,63185.0,False,238.5,31.0,-7.9
3586,63208.0,False,239.4,30.900000000000002,-6.7
3587,63218.0,False,240.3,30.900000000000002,-5.300000000000001
3588,63235.0,False,241.3,31.3,-3.9000000000000004
3589,63253.0,False,242.5,31.700000000000003,-2.9000000000000004
3590,63268.0,False,243.9,31.900000000000002,-2.4000000000000004
3591,63285.0,False,245.5,31.700000000000003,-2.6
3592,63302.0,False,247.10000000000002,31.0,-3.6
3593,63318.0,False,248.4,30.0,-5.1000000000000005
3594,63334.0,False,249.4,29.1,-6.800000000000001
3595,63351.0,False,250.0,28.3,-8.6
3596,63368.0,False,250.4,27.900000000000002,-10.200000000000001
3597,63385.0,False,250.5,27.900000000000002,-11.4
3598,63403.0,False,250.3,28.200000000000003,-12.0
3599,63418.0,False,250.0,28.6,-11.8
3600,63444.0,False,249.60000000000002,29.200000000000003,-11.200000000000001
3601,63454.0,False,249.4,30.1,-10.600000000000001
3602,63468.0,False,249.3,31.3,-10.200000000000001
3603,63487.0,False,249.20000000000002,32.7,-10.200000000000001
3604,63502.0,False,249.0,34.2,-10.3
3605,63518.0,False,248.70000000000002,35.6,-10.4
3606,63542.0,False,248.4,36.800000000000004,-10.600000000000001
3607,63552.0,False,248.10000000000002,37.800000000000004,-10.8
3608,63568.0,False,247.9,38.6,-11.0
3609,63585.0,False,247.8,39.2,-11.3
3610,63603.0,False,247.9,39.6,-11.700000000000001
3611,63619.0,False,248.10000000000002,39.7,-12.4
3612,63635.0,False,248.4,39.400000000000006,-13.5
3613,63652.0,False,248.60000000000002,38.800000000000004,-14.8
3614,63670.0,False,248.5,38.0,-16.400000000000002
3615,63685.0,False,248.10000000000002,37.0,-17.900000000000002
3616,63702.0,False,247.5,36.1,-19.3
3617,63722.0,False,246.70000000000002,35.300000000000004,-20.5
3618,63735.0,False,245.8,34.7,-21.3
3619,63751.0,False,245.0,34.300000000000004,-21.700000000000003
3620,63769.0,False,244.3,34.2,-21.700000000000003
3621,63788.0,False,243.8,34.300000000000004,-21.400000000000002
3622,63802.0,False,243.60000000000002,34.6,-21.1
3623,63820.0,False,243.5,34.9,-20.8
3624,63838.0,False,243.4,35.300000000000004,-20.700000000000003
3625,63854.0,False,243.20000000000002,35.6,-20.6
3626,63868.0,False,243.0,35.800000000000004,-20.700000000000003
3627,63888.0,False,242.9,36.1,-20.700000000000003
3628,63902.0,False,242.9,36.1,-20.6
3629,63931.0,False,243.0,35.800000000000004,-19.8
3630,63951.0,False,243.10000000000002,35.7,-19.3
3631,63976.0,False,243.20000000000002,35.5,-18.7
3632,63985.0,False,243.20000000000002,35.1,-17.900000000000002
3633,64003.0,False,243.5,34.7,-16.900000000000002
3634,64020.0,False,244.10000000000002,34.1,-16.0
3635,64038.0,False,245.10000000000002,33.5,-15.5
3636,64051.0,False,246.4,33.1,-15.8
3637,64073.0,False,247.60000000000002,32.9,-16.6
3638,64085.0,False,248.60000000000002,32.800000000000004,-17.7
3639,64101.0,False,249.4,32.7,-18.7
3640,64124.0,False,250.0,32.5,-19.3
3641,64140.0,False,251.20000000000002,31.700000000000003,-19.5
3642,64168.0,False,251.8,31.200000000000003,-19.5
3643,64186.0,False,252.4,30.8,-19.400000000000002
3644,64201.0,False,252.9,30.400000000000002,-19.3
3645,64218.0,False,253.3,30.200000000000003,-19.1
3646,64238.0,False,253.70000000000002,30.200000000000003,-18.900000000000002
3647,64251.0,False,254.0,30.200000000000003,-18.5
3648,64268.0,False,254.4,30.3,-18.0
3649,64286.0,False,254.9,30.400000000000002,-17.5
3650,64302.0,False,255.4,30.5,-17.0
3651,64342.0,False,256.5,30.5,-15.9
3652,64351.0,False,257.0,30.400000000000002,-15.3
3653,64368.0,False,257.5,30.400000000000002,-14.8
3654,64386.0,False,258.1,30.400000000000002,-14.5
3655,64402.0,False,258.6,30.400000000000002,-14.600000000000001
3656,64418.0,False,258.90000000000003,30.400000000000002,-14.8
3657,64438.0,False,258.90000000000003,30.3,-15.200000000000001
3658,64452.0,False,258.8,30.200000000000003,-15.4
3659,64468.0,False,258.7,30.1,-15.4
3660,64486.0,False,258.5,30.1,-15.4
3661,64502.0,False,258.3,29.900000000000002,-15.100000000000001
3662,64517.0,False,257.8,29.700000000000003,-14.700000000000001
3663,64534.0,False,257.3,29.400000000000002,-14.0
3664,64552.0,False,256.8,29.400000000000002,-13.5
3665,64569.0,False,256.5,29.8,-13.5
3666,64587.0,False,256.3,30.5,-14.0
3667,64602.0,False,255.9,31.200000000000003,-14.9
3668,64621.0,False,255.4,31.900000000000002,-16.2
3669,64641.0,False,254.8,32.5,-17.6
3670,64652.0,False,254.20000000000002,32.9,-19.1
3671,64668.0,False,253.4,33.2,-20.5
3672,64685.0,False,252.4,33.4,-21.5
3673,64704.0,False,251.3,33.6,-22.1
3674,64719.0,False,250.3,33.6,-22.200000000000003
3675,64737.0,False,249.5,33.5,-22.0
3676,64752.0,False,248.8,33.300000000000004,-21.900000000000002
3677,64769.0,False,248.3,33.1,-21.8
3678,64785.0,False,247.70000000000002,32.9,-21.8
3679,64801.0,False,246.9,32.6,-22.0
3680,64818.0,False,246.10000000000002,32.4,-22.1
3681,64837.0,False,245.10000000000002,32.1,-22.1
3682,64852.0,False,244.10000000000002,31.8,-21.900000000000002
3683,64868.0,False,243.20000000000002,31.6,-21.6
3684,64885.0,False,242.4,31.400000000000002,-21.1
3685,64902.0,False,241.70000000000002,31.3,-20.700000000000003
3686,64920.0,False,241.0,31.3,-20.400000000000002
3687,64939.0,False,240.4,31.6,-20.200000000000003
3688,64951.0,False,239.9,32.1,-20.1
3689,64969.0,False,239.4,32.800000000000004,-20.0
3690,64985.0,False,239.0,33.5,-19.8
3691,65003.0,False,238.8,34.1,-19.6
3692,65019.0,False,238.70000000000002,34.4,-19.400000000000002
3693,65036.0,False,238.9,34.5,-19.3
3694,65052.0,False,239.10000000000002,34.4,-19.400000000000002
3695,65068.0,False,239.3,34.300000000000004,-19.400000000000002
3696,65088.0,False,239.5,34.300000000000004,-19.5
3697,65101.0,False,239.70000000000002,34.4,-19.5
3698,65118.0,False,239.9,34.6,-19.400000000000002
3699,65134.0,False,240.3,34.6,-19.200000000000003
3700,65151.0,False,240.8,34.6,-19.1
3701,65168.0,False,241.20000000000002,34.7,-19.3
3702,65185.0,False,241.5,34.800000000000004,-19.700000000000003
3703,65201.0,False,241.70000000000002,35.1,-20.1
3704,65219.0,False,241.9,35.5,-20.400000000000002
3705,65237.0,False,242.0,36.0,-20.5
3706,65252.0,False,242.10000000000002,36.4,-20.400000000000002
3707,65268.0,False,242.3,36.7,-20.200000000000003
3708,65285.0,False,242.60000000000002,36.800000000000004,-19.900000000000002
3709,65301.0,False,243.0,36.800000000000004,-19.6
3710,65318.0,False,243.4,36.6,-19.400000000000002
3711,65337.0,False,243.8,36.4,-19.1
3712,65352.0,False,244.3,36.2,-18.8
3713,65368.0,False,244.8,36.1,-18.5
3714,65385.0,False,245.5,36.1,-18.2
3715,65401.0,False,246.20000000000002,36.2,-17.900000000000002
3716,65418.0,False,246.9,36.4,-17.7
3717,65440.0,False,247.60000000000002,36.7,-17.5
3718,65451.0,False,248.4,36.9,-17.3
3719,65469.0,False,249.4,37.0,-17.2
3720,65485.0,False,250.4,36.800000000000004,-17.3
3721,65505.0,False,251.4,36.4,-17.8
3722,65524.0,False,253.20000000000002,34.7,-19.6
3723,65551.0,False,253.9,33.6,-20.8
3724,65569.0,False,254.5,32.4,-21.8
3725,65585.0,False,255.10000000000002,31.3,-22.6
3726,65602.0,False,255.4,30.3,-23.0
3727,65624.0,False,255.60000000000002,29.6,-23.200000000000003
3728,65637.0,False,255.60000000000002,29.3,-23.3
3729,65651.0,False,255.20000000000002,29.400000000000002,-23.3
3730,65668.0,False,254.4,30.1,-23.0
3731,65685.0,False,253.4,31.400000000000002,-22.1
3732,65704.0,False,252.3,32.9,-20.700000000000003
3733,65722.0,False,251.4,34.5,-19.0
3734,65744.0,False,250.60000000000002,36.0,-17.5
3735,65754.0,False,250.0,37.2,-16.3
3736,65768.0,False,249.4,38.2,-15.600000000000001
3737,65785.0,False,249.0,39.0,-15.600000000000001
3738,65802.0,False,248.60000000000002,39.7,-16.0
3739,65819.0,False,248.20000000000002,40.0,-16.8
3740,65837.0,False,247.60000000000002,40.2,-17.6
3741,65851.0,False,246.8,40.1,-18.1
3742,65868.0,False,245.9,39.800000000000004,-18.1
3743,65885.0,False,245.10000000000002,39.400000000000006,-17.7
3744,65901.0,False,244.4,38.900000000000006,-17.1
3745,65921.0,False,243.9,38.5,-16.400000000000002
3746,65936.0,False,243.4,38.2,-15.9
3747,65951.0,False,242.9,37.9,-15.5
3748,65975.0,False,242.3,37.7,-15.3
3749,65985.0,False,241.60000000000002,37.5,-15.200000000000001
3750,66006.0,False,239.8,37.300000000000004,-15.100000000000001
3751,66034.0,False,238.9,37.300000000000004,-14.8
3752,66052.0,False,238.10000000000002,37.2,-14.5
3753,66067.0,False,237.4,37.300000000000004,-14.0
3754,66085.0,False,236.9,37.5,-13.4
3755,66101.0,False,236.5,37.7,-12.9
3756,66118.0,False,236.10000000000002,38.1,-12.3
3757,66137.0,False,235.9,38.7,-11.9
3758,66151.0,False,235.8,39.2,-11.600000000000001
3759,66168.0,False,235.70000000000002,39.6,-11.4
3760,66185.0,False,235.8,39.900000000000006,-11.3
3761,66205.0,False,236.20000000000002,39.900000000000006,-11.200000000000001
3762,66218.0,False,236.60000000000002,39.7,-11.3
3763,66237.0,False,237.20000000000002,39.400000000000006,-11.5
3764,66252.0,False,237.60000000000002,39.0,-11.700000000000001
3765,66268.0,False,237.8,38.6,-11.700000000000001
3766,66285.0,False,238.0,38.300000000000004,-11.600000000000001
3767,66301.0,False,238.3,38.1,-11.5
3768,66323.0,False,238.8,37.800000000000004,-11.600000000000001
3769,66336.0,False,239.3,37.4,-11.700000000000001
3770,66351.0,False,239.8,36.9,-11.8
3771,66368.0,False,240.20000000000002,36.5,-12.0
3772,66390.0,False,240.5,36.2,-12.200000000000001
3773,66401.0,False,240.8,36.0,-12.3
3774,66418.0,False,241.0,36.0,-12.4
3775,66438.0,False,241.10000000000002,35.9,-12.3
3776,66451.0,False,241.20000000000002,35.7,-12.0
3777,66468.0,False,241.20000000000002,35.4,-11.600000000000001
3778,66485.0,False,241.20000000000002,35.0,-11.100000000000001
3779,66501.0,False,241.3,34.7,-10.5
3780,66521.0,False,241.4,34.300000000000004,-9.9
3781,66537.0,False,241.60000000000002,34.1,-9.4
3782,66551.0,False,241.8,33.9,-9.0
3783,66568.0,False,242.20000000000002,33.800000000000004,-8.9
3784,66585.0,False,242.60000000000002,33.7,-8.9
3785,66601.0,False,243.10000000000002,33.4,-9.1
3786,66619.0,False,243.70000000000002,33.1,-9.5
3787,66638.0,False,244.20000000000002,32.800000000000004,-10.0
3788,66651.0,False,244.8,32.6,-10.600000000000001
3789,66669.0,False,245.10000000000002,32.6,-11.200000000000001
3790,66685.0,False,245.3,32.6,-11.700000000000001
3791,66702.0,False,245.20000000000002,32.7,-11.9
3792,66720.0,False,245.0,32.5,-11.600000000000001
3793,66737.0,False,244.8,32.1,-11.0
3794,66751.0,False,244.5,31.5,-10.200000000000001
3795,66768.0,False,244.0,30.8,-9.200000000000001
3796,66784.0,False,243.3,30.3,-8.1
3797,66801.0,False,242.60000000000002,30.3,-6.9
3798,66820.0,False,241.8,31.1,-5.800000000000001
3799,66836.0,False,241.10000000000002,32.300000000000004,-4.9
3800,66851.0,False,240.20000000000002,33.800000000000004,-4.0
3801,66868.0,False,239.3,35.1,-3.0
3802,66884.0,False,238.60000000000002,36.1,-2.2
3803,66901.0,False,238.10000000000002,36.800000000000004,-1.7000000000000002
3804,66918.0,False,237.9,37.2,-1.7000000000000002
3805,66940.0,False,237.9,37.2,-2.2
3806,66952.0,False,238.0,36.800000000000004,-3.2
3807,66973.0,False,238.10000000000002,35.9,-4.5
3808,66984.0,False,238.10000000000002,35.1,-5.9
3809,67002.0,False,237.8,34.300000000000004,-7.1000000000000005
3810,67025.0,False,236.20000000000002,33.7,-8.6
3811,67056.0,False,235.20000000000002,33.7,-8.700000000000001
3812,67068.0,False,234.10000000000002,33.7,-8.4
3813,67088.0,False,233.20000000000002,33.5,-7.9
3814,67101.0,False,232.4,33.300000000000004,-7.4
3815,67118.0,False,231.60000000000002,33.1,-7.1000000000000005
3816,67138.0,False,230.8,33.1,-7.1000000000000005
3817,67152.0,False,229.9,33.300000000000004,-7.300000000000001
3818,67170.0,False,229.0,33.5,-7.7
3819,67185.0,False,228.20000000000002,33.9,-8.1
3820,67203.0,False,227.3,34.2,-8.6
3821,67224.0,False,225.5,34.800000000000004,-9.200000000000001
3822,67251.0,False,224.70000000000002,35.2,-9.4
3823,67268.0,False,223.9,35.7,-9.5
3824,67286.0,False,223.20000000000002,36.4,-9.5
3825,67301.0,False,222.5,37.1,-9.700000000000001
3826,67322.0,False,222.0,37.9,-9.8
3827,67334.0,False,221.4,38.6,-10.100000000000001
3828,67351.0,False,221.0,39.300000000000004,-10.4
3829,67371.0,False,220.70000000000002,39.800000000000004,-10.8
3830,67385.0,False,220.4,40.300000000000004,-11.200000000000001
3831,67402.0,False,220.20000000000002,40.7,-11.700000000000001
3832,67420.0,False,220.0,41.0,-12.100000000000001
3833,67435.0,False,219.8,41.1,-12.100000000000001
3834,67455.0,False,219.3,41.2,-11.700000000000001
3835,67468.0,False,218.8,41.2,-11.0
3836,67488.0,False,218.5,41.1,-10.600000000000001
3837,67502.0,False,218.70000000000002,40.800000000000004,-10.9
3838,67521.0,False,219.0,40.300000000000004,-12.0
3839,67537.0,False,219.10000000000002,39.5,-13.5
3840,67551.0,False,218.8,38.7,-15.100000000000001
3841,67570.0,False,218.4,38.1,-16.400000000000002
3842,67585.0,False,217.9,37.9,-17.3
3843,67602.0,False,217.5,37.9,-18.0
3844,67619.0,False,217.4,38.0,-18.5
3845,67634.0,False,217.5,38.0,-19.1
3846,67657.0,False,218.0,37.7,-19.900000000000002
3847,67668.0,False,218.60000000000002,37.2,-21.1
3848,67688.0,False,219.20000000000002,36.5,-22.5
3849,67702.0,False,219.70000000000002,35.800000000000004,-23.8
3850,67720.0,False,220.20000000000002,35.300000000000004,-25.1
3851,67734.0,False,220.70000000000002,34.9,-26.200000000000003
3852,67752.0,False,221.10000000000002,34.800000000000004,-27.1
3853,67768.0,False,221.4,35.0,-27.700000000000003
3854,67785.0,False,221.70000000000002,35.4,-28.3
3855,67801.0,False,221.9,36.0,-28.8
3856,67817.0,False,222.10000000000002,36.800000000000004,-29.0
3857,67837.0,False,222.3,37.6,-29.1
3858,67853.0,False,222.9,38.7,-29.3
3859,67868.0,False,223.9,39.900000000000006,-29.700000000000003
3860,67884.0,False,225.10000000000002,41.2,-30.8
3861,67902.0,False,226.3,42.5,-32.1
3862,67925.0,False,227.5,43.400000000000006,-33.6
3863,67934.0,False,228.4,44.1,-35.1
3864,67951.0,False,229.0,44.400000000000006,-36.2
3865,67985.0,False,229.5,44.400000000000006,-37.5
3866,68002.0,False,229.4,44.400000000000006,-38.0
3867,68024.0,False,227.9,44.6,-37.9
3868,68051.0,False,226.5,44.7,-37.0
3869,68069.0,False,224.9,45.0,-35.4
3870,68084.0,False,223.4,45.2,-33.5
3871,68101.0,False,222.20000000000002,45.2,-31.5
3872,68119.0,False,221.4,45.0,-29.700000000000003
3873,68135.0,False,220.8,44.6,-28.400000000000002
3874,68151.0,False,220.20000000000002,44.1,-27.6
3875,68169.0,False,219.20000000000002,43.7,-27.1
3876,68184.0,False,217.9,43.5,-26.6
3877,68203.0,False,216.20000000000002,43.5,-25.700000000000003
3878,68217.0,False,214.20000000000002,43.6,-24.3
3879,68235.0,False,212.5,43.900000000000006,-22.700000000000003
3880,68251.0,False,211.20000000000002,44.0,-21.0
3881,68270.0,False,210.3,43.800000000000004,-19.400000000000002
3882,68285.0,False,209.20000000000002,43.300000000000004,-17.7
3883,68305.0,False,208.0,42.7,-16.2
3884,68322.0,False,206.4,42.0,-14.9
3885,68334.0,False,204.8,41.400000000000006,-13.700000000000001
3886,68351.0,False,203.20000000000002,41.0,-12.5
3887,68372.0,False,201.8,40.7,-11.3
3888,68385.0,False,200.8,40.7,-10.100000000000001
3889,68402.0,False,200.0,40.800000000000004,-9.3
3890,68421.0,False,199.5,40.900000000000006,-8.700000000000001
3891,68435.0,False,199.0,41.0,-8.5
3892,68454.0,False,198.60000000000002,41.2,-8.5
3893,68469.0,False,198.20000000000002,41.5,-8.6
3894,68485.0,False,197.8,41.7,-8.6
3895,68502.0,False,197.5,41.900000000000006,-8.4
3896,68522.0,False,197.5,42.0,-8.1
3897,68534.0,False,197.8,41.800000000000004,-7.9
3898,68570.0,False,198.8,40.7,-8.1
3899,68585.0,False,199.0,39.900000000000006,-8.4
3900,68601.0,False,198.70000000000002,39.2,-8.6
3901,68618.0,False,197.9,38.6,-8.4
3902,68638.0,False,196.8,38.2,-7.6000000000000005
3903,68651.0,False,195.4,38.0,-6.4
3904,68668.0,False,194.0,38.1,-4.800000000000001
3905,68685.0,False,192.5,38.2,-3.2
3906,68701.0,False,191.10000000000002,38.2,-1.7000000000000002
3907,68722.0,False,190.0,38.1,-0.6000000000000001
3908,68734.0,False,189.10000000000002,37.7,0.30000000000000004
3909,68751.0,False,188.3,37.300000000000004,0.9
3910,68771.0,False,187.8,36.9,1.2000000000000002
3911,68785.0,False,187.5,36.6,1.3
3912,68804.0,False,187.5,36.300000000000004,1.1
3913,68819.0,False,187.70000000000002,36.0,0.8
3914,68834.0,False,188.10000000000002,35.7,0.30000000000000004
3915,68854.0,False,188.60000000000002,35.5,-0.30000000000000004
3916,68868.0,False,189.10000000000002,35.2,-1.0
3917,68886.0,False,189.60000000000002,35.1,-1.6
3918,68901.0,False,190.20000000000002,35.1,-2.1
3919,68920.0,False,190.8,35.1,-2.6
3920,68936.0,False,191.5,35.1,-2.9000000000000004
3921,68951.0,False,192.3,35.2,-3.2
3922,68968.0,False,193.10000000000002,35.300000000000004,-3.3000000000000003
3923,69002.0,False,194.20000000000002,35.300000000000004,-3.1
3924,69018.0,False,194.8,35.5,-3.0
3925,69037.0,False,195.3,35.7,-3.0
3926,69051.0,False,195.8,35.800000000000004,-3.3000000000000003
3927,69068.0,False,196.20000000000002,35.6,-3.7
3928,69084.0,False,196.60000000000002,35.1,-4.0
3929,69101.0,False,196.70000000000002,34.5,-4.2
3930,69118.0,False,196.60000000000002,34.0,-4.3
3931,69134.0,False,196.20000000000002,33.800000000000004,-4.4
3932,69151.0,False,195.5,34.0,-4.3
3933,69168.0,False,194.4,34.4,-3.9000000000000004
3934,69184.0,False,193.20000000000002,34.800000000000004,-3.0
3935,69201.0,False,192.20000000000002,35.0,-2.1
3936,69223.0,False,191.60000000000002,35.0,-1.3
3937,69234.0,False,191.0,34.800000000000004,-0.9
3938,69251.0,False,190.5,34.5,-1.0
3939,69267.0,False,189.8,34.300000000000004,-1.3
3940,69284.0,False,189.10000000000002,34.1,-1.8
3941,69301.0,False,188.4,33.9,-2.1
3942,69321.0,False,187.8,33.7,-2.2
3943,69335.0,False,187.4,33.4,-2.0
3944,69354.0,False,187.10000000000002,33.0,-1.7000000000000002
3945,69368.0,False,186.8,32.800000000000004,-1.3
3946,69389.0,False,186.60000000000002,32.6,-0.8
3947,69401.0,False,186.4,32.6,-0.6000000000000001
3948,69418.0,False,186.3,32.7,-0.7000000000000001
3949,69436.0,False,186.3,32.7,-1.1
3950,69451.0,False,186.20000000000002,32.6,-1.6
3951,69469.0,False,185.9,32.5,-2.3000000000000003
3952,69485.0,False,185.60000000000002,32.300000000000004,-2.8000000000000003
3953,69505.0,False,185.10000000000002,32.2,-3.0
3954,69521.0,False,184.60000000000002,32.300000000000004,-2.6
3955,69537.0,False,184.20000000000002,32.7,-1.8
3956,69552.0,False,183.9,33.1,-0.7000000000000001
3957,69568.0,False,183.70000000000002,33.4,0.5
3958,69586.0,False,183.8,33.800000000000004,1.8
3959,69602.0,False,183.9,34.1,2.8000000000000003
3960,69617.0,False,184.20000000000002,34.4,3.5
3961,69634.0,False,184.70000000000002,34.800000000000004,3.8000000000000003
3962,69653.0,False,185.3,35.1,3.7
3963,69668.0,False,186.0,35.300000000000004,3.2
3964,69687.0,False,186.70000000000002,35.2,2.6
3965,69702.0,False,187.5,35.0,2.1
3966,69718.0,False,188.3,34.800000000000004,1.8
3967,69735.0,False,188.9,34.6,1.6
3968,69751.0,False,189.4,34.4,1.7000000000000002
3969,69768.0,False,190.0,34.300000000000004,1.9000000000000001
3970,69784.0,False,190.70000000000002,34.0,2.1
3971,69801.0,False,191.4,33.6,2.4000000000000004
3972,69818.0,False,192.10000000000002,33.0,2.4000000000000004
3973,69837.0,False,192.9,32.4,2.4000000000000004
3974,69853.0,False,193.60000000000002,31.8,2.1
3975,69870.0,False,194.3,31.400000000000002,1.7000000000000002
3976,69885.0,False,195.0,31.1,1.1
3977,69902.0,False,195.60000000000002,30.8,0.6000000000000001
3978,69919.0,False,196.3,30.6,0.1
3979,69934.0,False,196.9,30.3,-0.30000000000000004
3980,69951.0,False,197.60000000000002,30.0,-0.6000000000000001
3981,69969.0,False,198.20000000000002,29.900000000000002,-0.8
3982,69986.0,False,198.8,29.8,-1.1
3983,70002.0,False,199.3,29.900000000000002,-1.3
3984,70018.0,False,199.8,30.1,-1.4000000000000001
3985,70035.0,False,200.20000000000002,30.3,-1.5
3986,70052.0,False,200.8,30.400000000000002,-1.7000000000000002
3987,70068.0,False,201.4,30.5,-1.8
3988,70085.0,False,201.9,30.400000000000002,-1.9000000000000001
3989,70101.0,False,202.5,30.3,-2.0
3990,70121.0,False,203.10000000000002,30.0,-1.9000000000000001
3991,70134.0,False,203.60000000000002,29.700000000000003,-1.9000000000000001
3992,70151.0,False,204.10000000000002,29.400000000000002,-1.9000000000000001
3993,70167.0,False,204.4,28.900000000000002,-1.9000000000000001
3994,70184.0,False,204.60000000000002,28.3,-1.8
3995,70210.0,False,204.5,27.200000000000003,-1.3
3996,70237.0,False,204.20000000000002,26.900000000000002,-0.7000000000000001
3997,70251.0,False,203.8,26.700000000000003,0.1
3998,70271.0,False,203.4,26.900000000000002,0.8
3999,70285.0,False,202.9,27.3,1.4000000000000001
4000,70305.0,False,202.20000000000002,27.8,1.8
4001,70318.0,False,201.4,28.3,2.3000000000000003
4002,70337.0,False,200.4,28.8,2.7
4003,70351.0,False,199.70000000000002,29.200000000000003,3.2
4004,70369.0,False,199.20000000000002,29.400000000000002,3.7
4005,70385.0,False,198.9,29.6,4.1000000000000005
4006,70402.0,False,198.8,30.0,4.2
4007,70423.0,False,198.60000000000002,30.6,4.0
4008,70438.0,False,198.3,31.200000000000003,3.5
4009,70451.0,False,197.9,31.8,2.8000000000000003
4010,70468.0,False,197.4,32.2,2.2
4011,70484.0,False,196.9,32.5,1.7000000000000002
4012,70501.0,False,196.4,32.4,1.4000000000000001
4013,70519.0,False,196.10000000000002,32.2,1.3
4014,70537.0,False,195.8,31.900000000000002,1.2000000000000002
4015,70552.0,False,195.60000000000002,31.6,1.2000000000000002
4016,70569.0,False,195.3,31.3,1.2000000000000002
4017,70585.0,False,194.8,31.0,1.1
4018,70604.0,False,194.20000000000002,30.6,1.1
4019,70619.0,False,193.5,30.3,1.1
4020,70635.0,False,192.70000000000002,29.900000000000002,1.2000000000000002
4021,70651.0,False,192.0,29.6,1.3
4022,70672.0,False,191.5,29.5,1.5
4023,70685.0,False,191.0,29.400000000000002,1.7000000000000002
4024,70701.0,False,190.70000000000002,29.5,1.8
4025,70722.0,False,190.60000000000002,29.5,1.6
4026,70735.0,False,190.4,29.5,1.4000000000000001
4027,70751.0,False,190.3,29.5,1.2000000000000002
4028,70768.0,False,190.10000000000002,29.5,1.0
4029,70784.0,False,190.0,29.5,0.9
4030,70835.0,False,190.20000000000002,29.200000000000003,1.2000000000000002
4031,70853.0,False,190.4,28.900000000000002,1.4000000000000001
4032,70868.0,False,190.4,28.5,1.7000000000000002
4033,70885.0,False,190.3,28.0,2.2
4034,70901.0,False,190.20000000000002,27.400000000000002,2.8000000000000003
4035,70918.0,False,190.20000000000002,26.700000000000003,3.3000000000000003
4036,70934.0,False,190.4,25.900000000000002,3.7
4037,70951.0,False,190.60000000000002,25.3,3.8000000000000003
4038,70974.0,False,190.8,25.1,3.5
4039,70985.0,False,190.9,25.400000000000002,3.1
4040,71001.0,False,190.8,26.0,2.7
4041,71017.0,False,190.60000000000002,26.900000000000002,2.4000000000000004
4042,71036.0,False,190.5,27.8,2.1
4043,71051.0,False,190.5,28.8,2.0
4044,71069.0,False,190.70000000000002,29.6,2.0
4045,71085.0,False,191.0,30.3,1.9000000000000001
4046,71108.0,False,191.60000000000002,30.8,1.8
4047,71118.0,False,192.3,31.200000000000003,1.6
4048,71137.0,False,193.0,31.5,1.1
4049,71151.0,False,193.8,31.8,0.5
4050,71172.0,False,194.60000000000002,32.1,-0.2
4051,71185.0,False,195.5,32.4,-0.9
4052,71204.0,False,196.3,32.6,-1.5
4053,71218.0,False,197.10000000000002,32.800000000000004,-2.1
4054,71235.0,False,197.8,32.9,-2.5
4055,71252.0,False,198.4,32.9,-2.6
4056,71268.0,False,198.9,33.1,-2.4000000000000004
4057,71284.0,False,199.10000000000002,33.300000000000004,-1.9000000000000001
4058,71301.0,False,199.20000000000002,33.5,-1.0
4059,71317.0,False,199.10000000000002,33.9,0.0
4060,71335.0,False,198.8,34.300000000000004,1.3
4061,71351.0,False,198.5,34.6,2.9000000000000004
4062,71367.0,False,198.4,34.9,4.7
4063,71385.0,False,198.3,34.9,6.4
4064,71404.0,False,198.3,34.7,7.800000000000001
4065,71418.0,False,198.10000000000002,34.4,9.0
4066,71435.0,False,197.9,34.4,9.700000000000001
4067,71451.0,False,197.5,34.6,10.3
4068,71468.0,False,196.9,34.9,10.8
4069,71484.0,False,196.3,35.300000000000004,11.4
4070,71501.0,False,195.8,35.800000000000004,11.9
4071,71524.0,False,195.20000000000002,36.2,12.5
4072,71535.0,False,194.70000000000002,36.800000000000004,12.9
4073,71555.0,False,194.4,37.300000000000004,13.100000000000001
4074,71568.0,False,194.10000000000002,37.9,13.0
4075,71585.0,False,193.8,38.400000000000006,12.700000000000001
4076,71601.0,False,193.4,38.900000000000006,12.5
4077,71618.0,False,192.9,39.2,12.4
4078,71637.0,False,192.3,39.2,12.600000000000001
4079,71651.0,False,191.8,39.1,13.200000000000001
4080,71670.0,False,191.60000000000002,38.800000000000004,13.8
4081,71685.0,False,191.70000000000002,38.5,14.200000000000001
4082,71704.0,False,192.0,38.1,14.3
4083,71719.0,False,192.4,37.7,13.8
4084,71734.0,False,192.8,37.2,12.9
4085,71753.0,False,193.10000000000002,36.6,11.600000000000001
4086,71767.0,False,193.20000000000002,35.9,10.200000000000001
4087,71785.0,False,193.10000000000002,35.2,9.1
4088,71801.0,False,192.70000000000002,34.7,8.3
4089,71817.0,False,192.3,34.5,8.0
4090,71835.0,False,192.10000000000002,34.5,8.0
4091,71851.0,False,191.9,34.800000000000004,8.3
4092,71869.0,False,191.9,35.1,8.700000000000001
4093,71885.0,False,192.0,35.4,8.9
4094,71902.0,False,192.10000000000002,35.6,9.1
4095,71924.0,False,192.4,35.800000000000004,9.1
4096,71935.0,False,192.70000000000002,36.0,9.0
4097,71951.0,False,193.20000000000002,36.300000000000004,8.9
4098,71984.0,False,194.10000000000002,36.7,8.6
4099,72001.0,False,194.8,36.800000000000004,8.5
4100,72020.0,False,195.5,36.800000000000004,8.200000000000001
4101,72035.0,False,196.10000000000002,36.9,7.9
4102,72051.0,False,196.70000000000002,36.9,7.6000000000000005
4103,72067.0,False,197.20000000000002,36.7,7.5
4104,72084.0,False,197.70000000000002,36.4,7.6000000000000005
4105,72104.0,False,198.3,36.0,7.7
4106,72123.0,False,199.10000000000002,35.5,7.800000000000001
4107,72134.0,False,200.10000000000002,34.9,7.800000000000001
4108,72151.0,False,201.3,34.300000000000004,7.4
4109,72168.0,False,202.60000000000002,33.9,6.6000000000000005
4110,72185.0,False,203.70000000000002,33.6,5.7
4111,72201.0,False,204.60000000000002,33.5,4.7
4112,72218.0,False,205.4,33.6,3.8000000000000003
4113,72234.0,False,206.0,33.7,3.0
4114,72251.0,False,206.60000000000002,33.7,2.5
4115,72268.0,False,207.20000000000002,33.6,2.3000000000000003
4116,72284.0,False,207.8,33.4,2.3000000000000003
4117,72301.0,False,208.3,33.4,2.5
4118,72319.0,False,209.0,33.4,2.6
4119,72334.0,False,209.60000000000002,33.4,2.6
4120,72351.0,False,210.20000000000002,33.5,2.6
4121,72369.0,False,210.9,33.5,2.4000000000000004
4122,72384.0,False,211.60000000000002,33.5,2.2
4123,72401.0,False,212.4,33.300000000000004,1.9000000000000001
4124,72417.0,False,213.3,33.0,1.6
4125,72434.0,False,214.10000000000002,32.6,1.4000000000000001
4126,72451.0,False,214.9,32.2,1.4000000000000001
4127,72468.0,False,215.70000000000002,32.0,1.4000000000000001
4128,72485.0,False,216.4,31.700000000000003,1.5
4129,72506.0,False,216.9,31.5,1.7000000000000002
4130,72518.0,False,217.3,31.3,1.9000000000000001
4131,72534.0,False,217.60000000000002,30.900000000000002,2.2
4132,72551.0,False,217.8,30.5,2.5
4133,72568.0,False,217.9,30.1,2.9000000000000004
4134,72586.0,False,217.8,29.6,3.3000000000000003
4135,72601.0,False,217.60000000000002,29.3,3.7
4136,72617.0,False,217.3,29.1,4.3
4137,72635.0,False,216.70000000000002,29.1,5.2
4138,72652.0,False,216.10000000000002,29.3,6.1000000000000005
4139,72668.0,False,215.60000000000002,29.6,6.9
4140,72689.0,False,215.3,30.0,7.4
4141,72701.0,False,215.10000000000002,30.3,7.5
4142,72724.0,False,214.8,30.700000000000003,7.2
4143,72734.0,False,214.5,31.0,6.7
4144,72751.0,False,214.10000000000002,31.3,6.1000000000000005
4145,72768.0,False,213.5,31.6,5.7
4146,72788.0,False,212.8,31.900000000000002,5.6000000000000005
4147,72801.0,False,212.0,32.1,5.800000000000001
4148,72820.0,False,211.20000000000002,32.2,6.300000000000001
4149,72835.0,False,210.60000000000002,32.2,7.0
4150,72852.0,False,210.20000000000002,32.0,7.6000000000000005
4151,72869.0,False,209.9,31.900000000000002,8.0
4152,72886.0,False,209.60000000000002,31.8,8.3
4153,72901.0,False,209.3,31.900000000000002,8.3
4154,72918.0,False,209.0,32.0,8.1
4155,72939.0,False,208.5,32.2,7.800000000000001
4156,72951.0,False,208.0,32.4,7.6000000000000005
4157,72969.0,False,207.4,32.6,7.4
4158,72985.0,False,206.9,32.800000000000004,7.4
4159,73001.0,False,206.4,33.0,7.5
4160,73018.0,False,206.10000000000002,33.300000000000004,7.5
4161,73034.0,False,205.8,33.6,7.5
4162,73051.0,False,205.60000000000002,34.0,7.4
4163,73068.0,False,205.4,34.4,7.2
4164,73088.0,False,205.20000000000002,34.9,6.9
4165,73101.0,False,205.10000000000002,35.5,6.6000000000000005
4166,73129.0,False,205.0,36.0,6.300000000000001
4167,73134.0,False,205.0,36.5,6.0
4168,73151.0,False,205.10000000000002,37.0,5.800000000000001
4169,73168.0,False,205.10000000000002,37.4,5.800000000000001
4170,73185.0,False,205.3,37.800000000000004,5.800000000000001
4171,73201.0,False,205.5,38.1,5.800000000000001
4172,73219.0,False,206.0,38.300000000000004,5.7
4173,73234.0,False,206.4,38.400000000000006,5.5
4174,73251.0,False,206.70000000000002,38.6,5.4
4175,73275.0,False,206.9,38.6,5.5
4176,73285.0,False,207.0,38.6,5.9
4177,73304.0,False,207.10000000000002,38.400000000000006,6.4
4178,73318.0,False,207.4,38.0,7.1000000000000005
4179,73335.0,False,207.70000000000002,37.4,7.6000000000000005
4180,73352.0,False,208.10000000000002,36.7,7.9
4181,73368.0,False,208.4,36.2,8.1
4182,73384.0,False,208.5,36.1,8.200000000000001
4183,73401.0,False,208.5,36.2,8.4
4184,73417.0,False,208.3,36.6,8.8
4185,73434.0,False,208.3,37.1,9.1
4186,73451.0,False,208.4,37.5,9.4
4187,73467.0,False,208.8,37.6,9.5
4188,73485.0,False,209.5,37.4,9.5
4189,73501.0,False,210.3,36.9,9.4
4190,73523.0,False,211.3,36.4,9.200000000000001
4191,73535.0,False,212.4,36.0,8.9
4192,73555.0,False,213.60000000000002,35.7,8.6
4193,73568.0,False,214.8,35.5,8.200000000000001
4194,73585.0,False,215.9,35.2,7.7
4195,73601.0,False,217.20000000000002,35.0,7.1000000000000005
4196,73618.0,False,218.5,34.7,6.5
4197,73634.0,False,219.8,34.4,5.800000000000001
4198,73651.0,False,221.0,34.1,5.2
4199,73670.0,False,222.20000000000002,33.800000000000004,4.6000000000000005
4200,73685.0,False,223.4,33.6,4.1000000000000005
4201,73703.0,False,224.4,33.4,3.8000000000000003
4202,73720.0,False,225.4,33.2,3.6
4203,73735.0,False,226.5,33.1,3.6
4204,73751.0,False,227.8,33.0,3.5
4205,73768.0,False,229.20000000000002,32.9,3.3000000000000003
4206,73784.0,False,230.5,32.5,2.9000000000000004
4207,73801.0,False,231.5,32.2,2.3000000000000003
4208,73817.0,False,232.4,31.900000000000002,1.4000000000000001
4209,73835.0,False,233.10000000000002,31.900000000000002,0.4
4210,73851.0,False,233.5,32.0,-0.30000000000000004
4211,73870.0,False,233.70000000000002,32.1,-0.7000000000000001
4212,73885.0,False,233.60000000000002,32.300000000000004,-0.6000000000000001
4213,73902.0,False,233.5,32.7,-0.30000000000000004
4214,73918.0,False,233.3,33.4,0.0
4215,73956.0,False,233.10000000000002,35.300000000000004,0.30000000000000004
4216,73968.0,False,233.10000000000002,36.5,0.0
4217,73985.0,False,232.9,37.6,-0.5
4218,74001.0,False,232.60000000000002,38.6,-0.9
4219,74020.0,False,232.10000000000002,39.5,-1.1
4220,74034.0,False,231.70000000000002,40.1,-1.0
4221,74051.0,False,231.3,40.300000000000004,-0.5
4222,74068.0,False,231.0,40.300000000000004,0.2
4223,74087.0,False,230.9,39.900000000000006,0.9
4224,74101.0,False,231.0,39.300000000000004,1.5
4225,74120.0,False,231.20000000000002,38.7,1.8
4226,74134.0,False,231.4,38.2,2.0
4227,74150.0,False,231.5,37.9,2.0
4228,74170.0,False,231.3,37.9,2.1
4229,74184.0,False,231.10000000000002,38.0,2.2
4230,74201.0,False,230.8,38.300000000000004,2.5
4231,74218.0,False,230.60000000000002,38.5,2.9000000000000004
4232,74235.0,False,230.5,38.6,3.3000000000000003
4233,74251.0,False,230.70000000000002,38.7,3.6
4234,74268.0,False,231.0,38.7,3.8000000000000003
4235,74285.0,False,231.3,38.7,3.8000000000000003
4236,74301.0,False,231.8,38.7,3.9000000000000004
4237,74318.0,False,232.3,38.900000000000006,3.9000000000000004
4238,74338.0,False,232.8,39.2,3.9000000000000004
4239,74351.0,False,233.3,39.5,4.0
4240,74367.0,False,233.9,39.900000000000006,4.1000000000000005
4241,74392.0,False,234.70000000000002,40.1,4.0
4242,74401.0,False,235.60000000000002,40.1,3.8000000000000003
4243,74419.0,False,236.60000000000002,40.0,3.5
4244,74435.0,False,237.60000000000002,40.0,3.0
4245,74452.0,False,238.5,39.900000000000006,2.7
4246,74467.0,False,239.3,39.6,2.4000000000000004
4247,74489.0,False,240.10000000000002,39.0,2.4000000000000004
4248,74501.0,False,241.20000000000002,38.2,2.4000000000000004
4249,74518.0,False,242.70000000000002,37.2,2.4000000000000004
4250,74536.0,False,244.4,36.300000000000004,2.1
4251,74551.0,False,246.10000000000002,35.4,1.5
4252,74567.0,False,247.70000000000002,34.800000000000004,0.7000000000000001
4253,74585.0,False,249.10000000000002,34.4,-0.1
4254,74601.0,False,250.3,34.2,-0.7000000000000001
4255,74617.0,False,251.3,34.1,-1.0
4256,74634.0,False,252.20000000000002,34.0,-0.9
4257,74654.0,False,253.10000000000002,33.9,-0.6000000000000001
4258,74667.0,False,254.10000000000002,33.9,-0.2
4259,74686.0,False,255.20000000000002,33.9,0.30000000000000004
4260,74701.0,False,256.40000000000003,33.9,0.6000000000000001
4261,74717.0,False,257.6,34.0,1.0
4262,74734.0,False,258.90000000000003,34.1,1.3
4263,74751.0,False,260.2,34.2,1.7000000000000002
4264,74770.0,False,261.6,34.4,2.1
4265,74785.0,False,263.0,34.6,2.5
4266,74801.0,False,264.40000000000003,34.800000000000004,3.0
4267,74818.0,False,265.8,35.1,3.5
4268,74834.0,False,267.2,35.4,4.0
4269,74851.0,False,268.5,35.800000000000004,4.2
4270,74868.0,False,269.8,36.2,4.1000000000000005
4271,74887.0,False,271.2,36.5,3.5
4272,74901.0,False,272.5,36.7,2.5
4273,74917.0,False,273.90000000000003,36.6,1.3
4274,74935.0,False,275.2,36.2,-0.2
4275,74951.0,False,276.40000000000003,35.5,-1.8
4276,74971.0,False,277.5,34.6,-3.6
4277,74985.0,False,278.6,33.7,-5.6000000000000005
4278,75001.0,False,279.5,32.800000000000004,-7.5
4279,75017.0,False,280.40000000000003,32.0,-9.4
4280,75034.0,False,281.2,31.200000000000003,-11.0
4281,75051.0,False,281.90000000000003,30.400000000000002,-12.3
4282,75068.0,False,282.3,29.900000000000002,-13.200000000000001
4283,75087.0,False,282.6,29.6,-13.700000000000001
4284,75101.0,False,282.7,29.6,-14.100000000000001
4285,75121.0,False,282.6,30.0,-14.3
4286,75134.0,False,282.3,30.700000000000003,-14.4
4287,75154.0,False,281.8,31.5,-14.200000000000001
4288,75168.0,False,281.2,32.2,-13.8
4289,75185.0,False,280.40000000000003,32.800000000000004,-13.0
4290,75201.0,False,279.7,33.2,-12.0
4291,75217.0,False,279.0,33.4,-11.0
4292,75240.0,False,278.40000000000003,33.5,-10.3
4293,75250.0,False,277.90000000000003,33.4,-9.9
4294,75268.0,False,277.2,33.300000000000004,-9.700000000000001
4295,75284.0,False,276.3,33.300000000000004,-9.600000000000001
4296,75301.0,False,275.40000000000003,33.300000000000004,-9.5
4297,75318.0,False,274.6,33.4,-9.5
4298,75334.0,False,273.8,33.5,-9.4
4299,75351.0,False,273.2,33.5,-9.200000000000001
4300,75367.0,False,272.8,33.5,-9.0
4301,75385.0,False,272.5,33.6,-8.700000000000001
4302,75401.0,False,272.3,33.7,-8.5
4303,75417.0,False,272.3,33.9,-8.5
4304,75435.0,False,272.5,34.1,-8.700000000000001
4305,75452.0,False,272.7,34.4,-9.200000000000001
4306,75469.0,False,273.0,34.6,-9.600000000000001
4307,75485.0,False,273.40000000000003,34.7,-10.0
4308,75507.0,False,273.90000000000003,34.800000000000004,-10.3
4309,75518.0,False,274.5,34.7,-10.600000000000001
4310,75551.0,False,275.90000000000003,34.6,-11.3
4311,75572.0,False,276.5,34.5,-11.600000000000001
4312,75585.0,False,277.3,34.300000000000004,-11.600000000000001
4313,75605.0,False,278.2,33.9,-11.600000000000001
4314,75618.0,False,279.3,33.4,-11.5
4315,75635.0,False,280.6,32.800000000000004,-11.4
4316,75652.0,False,282.1,32.2,-11.4
4317,75668.0,False,283.5,31.5,-11.5
4318,75685.0,False,284.5,31.0,-11.700000000000001
4319,75701.0,False,285.1,30.700000000000003,-11.700000000000001
4320,75717.0,False,285.40000000000003,30.700000000000003,-11.4
4321,75734.0,False,285.8,31.0,-10.700000000000001
4322,75751.0,False,286.2,31.3,-9.600000000000001
4323,75768.0,False,286.8,31.400000000000002,-8.4
4324,75785.0,False,287.6,31.5,-7.2
4325,75801.0,False,288.40000000000003,31.400000000000002,-6.2
4326,75818.0,False,289.40000000000003,31.3,-5.5
4327,75834.0,False,290.3,31.1,-5.1000000000000005
4328,75852.0,False,291.40000000000003,31.0,-4.9
4329,75867.0,False,292.6,30.900000000000002,-5.1000000000000005
4330,75887.0,False,293.6,30.8,-5.300000000000001
4331,75901.0,False,294.7,30.900000000000002,-5.9
4332,75918.0,False,296.3,31.400000000000002,-7.0
4333,75952.0,False,298.90000000000003,31.8,-9.9
4334,75967.0,False,300.0,31.8,-11.600000000000001
4335,75985.0,False,300.90000000000003,31.8,-13.4
4336,76003.0,False,301.6,31.700000000000003,-15.0
4337,76017.0,False,302.0,31.700000000000003,-16.400000000000002
4338,76034.0,False,302.40000000000003,31.6,-17.7
4339,76051.0,False,302.7,31.5,-18.8
4340,76067.0,False,303.0,31.200000000000003,-19.5
4341,76091.0,False,303.3,31.0,-20.200000000000003
4342,76101.0,False,303.3,31.0,-20.900000000000002
4343,76120.0,False,303.1,31.1,-21.5
4344,76134.0,False,302.5,31.400000000000002,-21.700000000000003
4345,76151.0,False,301.6,31.8,-21.400000000000002
4346,76168.0,False,300.8,32.300000000000004,-20.6
4347,76185.0,False,300.3,33.0,-19.900000000000002
4348,76201.0,False,300.1,33.9,-19.400000000000002
4349,76220.0,False,299.90000000000003,35.1,-19.400000000000002
4350,76234.0,False,299.40000000000003,36.5,-19.6
4351,76251.0,False,298.7,37.9,-19.8
4352,76268.0,False,297.8,39.300000000000004,-19.5
4353,76284.0,False,297.1,40.5,-19.1
4354,76307.0,False,296.5,41.5,-18.5
4355,76318.0,False,295.90000000000003,42.400000000000006,-17.8
4356,76334.0,False,295.5,43.0,-17.3
4357,76351.0,False,295.2,43.5,-17.0
4358,76367.0,False,294.90000000000003,43.800000000000004,-17.0
4359,76384.0,False,294.6,44.0,-17.0
4360,76402.0,False,294.2,44.1,-17.3
4361,76417.0,False,293.7,44.1,-17.7
4362,76435.0,False,293.3,43.900000000000006,-18.2
4363,76451.0,False,293.1,43.6,-18.6
4364,76468.0,False,292.90000000000003,43.2,-19.0
4365,76484.0,False,292.8,42.800000000000004,-19.3
4366,76501.0,False,292.8,42.5,-19.6
4367,76517.0,False,292.8,42.2,-19.8
4368,76535.0,False,292.8,41.900000000000006,-19.900000000000002
4369,76552.0,False,292.90000000000003,41.7,-19.8
4370,76568.0,False,293.1,41.5,-19.6
4371,76584.0,False,293.40000000000003,41.400000000000006,-19.400000000000002
4372,76601.0,False,293.90000000000003,41.300000000000004,-19.200000000000003
4373,76618.0,False,294.5,41.1,-19.1
4374,76637.0,False,295.1,40.7,-19.0
4375,76651.0,False,295.8,40.1,-18.8
4376,76671.0,False,296.7,39.300000000000004,-18.6
4377,76685.0,False,297.40000000000003,38.400000000000006,-18.5
4378,76701.0,False,298.2,37.2,-18.400000000000002
4379,76724.0,False,299.2,35.9,-18.5
4380,76735.0,False,300.40000000000003,34.4,-18.900000000000002
4381,76751.0,False,302.1,32.7,-19.8
4382,76768.0,False,303.90000000000003,30.900000000000002,-21.5
4383,76784.0,False,305.7,29.3,-23.6
4384,76801.0,False,307.1,28.0,-25.5
4385,76819.0,False,308.3,27.200000000000003,-26.8
4386,76834.0,False,309.3,27.0,-27.3
4387,76851.0,False,310.3,27.200000000000003,-27.1
4388,76867.0,False,311.3,27.900000000000002,-26.3
4389,76886.0,False,312.5,28.700000000000003,-25.200000000000003
4390,76901.0,False,313.8,29.700000000000003,-24.200000000000003
4391,76917.0,False,315.20000000000005,30.6,-23.200000000000003
4392,76938.0,False,316.6,31.400000000000002,-22.5
4393,76951.0,False,317.8,32.2,-21.8
4394,76978.0,False,320.1,33.6,-20.8
4395,77001.0,False,321.1,34.0,-20.3
4396,77020.0,False,322.1,34.2,-19.900000000000002
4397,77035.0,False,323.20000000000005,34.300000000000004,-19.700000000000003
4398,77051.0,False,324.1,34.2,-19.6
4399,77068.0,False,324.90000000000003,34.2,-19.6
4400,77084.0,False,325.70000000000005,34.2,-19.900000000000002
4401,77101.0,False,326.5,34.2,-20.3
4402,77119.0,False,327.20000000000005,34.2,-20.900000000000002
4403,77151.0,False,328.20000000000005,34.0,-22.3
4404,77168.0,False,328.5,33.9,-22.900000000000002
4405,77184.0,False,328.70000000000005,33.5,-23.5
4406,77203.0,False,329.0,32.800000000000004,-24.400000000000002
4407,77217.0,False,329.20000000000005,32.0,-25.6
4408,77236.0,False,329.20000000000005,31.1,-27.1
4409,77251.0,False,329.0,30.3,-28.5
4410,77273.0,False,328.5,29.900000000000002,-29.700000000000003
4411,77284.0,False,328.1,29.700000000000003,-30.5
4412,77303.0,False,327.70000000000005,29.8,-30.8
4413,77318.0,False,327.3,30.0,-30.8
4414,77338.0,False,326.90000000000003,30.400000000000002,-30.700000000000003
4415,77351.0,False,326.6,30.8,-30.5
4416,77373.0,False,326.20000000000005,31.3,-30.5
4417,77385.0,False,325.8,31.8,-30.3
4418,77409.0,False,325.3,32.1,-30.0
4419,77418.0,False,324.6,32.4,-29.3
4420,77434.0,False,324.0,32.4,-28.400000000000002
4421,77454.0,False,323.40000000000003,32.300000000000004,-27.200000000000003
4422,77468.0,False,322.90000000000003,32.1,-26.0
4423,77492.0,False,322.5,31.900000000000002,-24.900000000000002
4424,77502.0,False,322.20000000000005,31.700000000000003,-24.0
4425,77517.0,False,321.70000000000005,31.700000000000003,-23.3
4426,77534.0,False,321.20000000000005,31.700000000000003,-22.700000000000003
4427,77551.0,False,320.6,31.900000000000002,-22.200000000000003
4428,77570.0,False,319.90000000000003,32.2,-21.6
4429,77584.0,False,319.3,32.5,-20.900000000000002
4430,77601.0,False,318.8,33.0,-20.3
4431,77618.0,False,318.3,33.7,-19.6
4432,77634.0,False,318.1,34.4,-19.1
4433,77653.0,False,317.90000000000003,35.300000000000004,-18.7
4434,77667.0,False,318.0,36.1,-18.5
4435,77685.0,False,318.1,36.9,-18.400000000000002
4436,77701.0,False,318.3,37.5,-18.400000000000002
4437,77721.0,False,318.70000000000005,38.0,-18.400000000000002
4438,77734.0,False,319.1,38.400000000000006,-18.400000000000002
4439,77756.0,False,319.70000000000005,38.800000000000004,-18.5
4440,77768.0,False,320.6,39.2,-18.900000000000002
4441,77785.0,False,321.70000000000005,39.5,-19.5
4442,77801.0,False,322.90000000000003,39.6,-20.3
4443,77824.0,False,324.8,39.6,-21.8
4444,77851.0,False,325.5,39.5,-22.1
4445,77870.0,False,326.20000000000005,39.2,-22.3
4446,77885.0,False,327.0,38.800000000000004,-22.5
4447,77909.0,False,328.0,38.2,-22.700000000000003
4448,77917.0,False,329.0,37.5,-23.1
4449,77936.0,False,330.1,36.9,-23.5
4450,77951.0,False,330.90000000000003,36.300000000000004,-24.0
4451,77970.0,False,331.5,36.0,-24.5
4452,77984.0,False,331.90000000000003,35.9,-24.6
4453,78004.0,False,332.3,35.9,-24.6
4454,78018.0,False,332.70000000000005,36.0,-24.3
4455,78034.0,False,333.20000000000005,36.0,-23.900000000000002
4456,78051.0,False,333.6,35.800000000000004,-23.5
4457,78068.0,False,334.0,35.4,-23.1
4458,78090.0,False,334.5,35.0,-22.900000000000002
4459,78101.0,False,335.0,34.7,-22.8
4460,78123.0,False,335.5,34.4,-22.6
4461,78134.0,False,336.0,34.300000000000004,-22.5
4462,78151.0,False,336.40000000000003,34.2,-22.3
4463,78168.0,False,336.8,34.300000000000004,-22.0
4464,78184.0,False,337.40000000000003,34.4,-21.700000000000003
4465,78206.0,False,338.0,34.5,-21.5
4466,78218.0,False,338.70000000000005,34.5,-21.400000000000002
4467,78234.0,False,339.5,34.5,-21.5
4468,78251.0,False,340.3,34.6,-21.6
4469,78271.0,False,341.0,34.7,-21.900000000000002
4470,78284.0,False,341.6,35.0,-22.0
4471,78305.0,False,342.1,35.300000000000004,-22.1
4472,78319.0,False,342.6,35.6,-22.1
4473,78340.0,False,343.1,35.7,-22.200000000000003
4474,78351.0,False,343.6,35.5,-22.3
4475,78368.0,False,344.0,35.2,-22.6
4476,78385.0,False,344.3,34.9,-23.200000000000003
4477,78406.0,False,344.40000000000003,34.9,-23.8
4478,78419.0,False,344.40000000000003,34.9,-24.400000000000002
4479,78434.0,False,344.1,35.0,-24.700000000000003
4480,78451.0,False,343.8,34.9,-24.700000000000003
4481,78468.0,False,343.70000000000005,34.7,-24.5
4482,78485.0,False,343.8,34.2,-24.400000000000002
4483,78500.0,False,343.90000000000003,33.5,-24.6
4484,78518.0,False,343.8,33.0,-24.900000000000002
4485,78540.0,False,343.40000000000003,32.7,-25.3
4486,78551.0,False,342.70000000000005,32.7,-25.400000000000002
4487,78570.0,False,341.8,32.9,-25.200000000000003
4488,78585.0,False,341.0,33.1,-24.5
4489,78602.0,False,340.20000000000005,33.0,-23.5
4490,78621.0,False,339.40000000000003,32.800000000000004,-22.1
4491,78634.0,False,338.70000000000005,32.4,-20.700000000000003
4492,78650.0,False,338.0,32.1,-19.5
4493,78668.0,False,337.3,31.900000000000002,-18.5
4494,78684.0,False,336.70000000000005,32.0,-17.7
4495,78704.0,False,335.90000000000003,32.2,-17.0
4496,78719.0,False,335.1,32.5,-16.3
4497,78734.0,False,334.20000000000005,32.800000000000004,-15.5
4498,78755.0,False,333.3,33.2,-14.700000000000001
4499,78768.0,False,332.40000000000003,33.6,-13.700000000000001
4500,78785.0,False,331.6,34.1,-12.700000000000001
4501,78802.0,False,331.1,34.6,-11.8
4502,78824.0,False,330.70000000000005,35.1,-11.100000000000001
4503,78851.0,False,330.20000000000005,36.2,-9.700000000000001
4504,78869.0,False,329.90000000000003,36.7,-8.9
4505,78884.0,False,329.8,37.4,-8.1
4506,78913.0,False,329.8,39.0,-6.5
4507,78934.0,False,329.90000000000003,39.800000000000004,-5.800000000000001
4508,78951.0,False,330.1,40.400000000000006,-5.0
4509,78968.0,False,330.6,40.900000000000006,-4.5
4510,78984.0,False,331.40000000000003,41.2,-4.5
4511,79001.0,False,332.20000000000005,41.0,-4.800000000000001
4512,79021.0,False,333.1,40.2,-5.4
4513,79034.0,False,334.1,39.0,-6.1000000000000005
4514,79052.0,False,335.1,37.7,-6.800000000000001
4515,79067.0,False,336.40000000000003,36.6,-7.4
4516,79085.0,False,337.90000000000003,35.9,-8.200000000000001
4517,79105.0,False,339.20000000000005,35.7,-9.1
4518,79117.0,False,340.1,35.7,-9.9
4519,79134.0,False,340.6,35.9,-10.5
4520,79150.0,False,340.8,36.2,-10.700000000000001
4521,79171.0,False,340.8,36.5,-10.5
4522,79184.0,False,340.90000000000003,36.800000000000004,-10.100000000000001
4523,79204.0,False,341.3,37.0,-9.700000000000001
4524,79217.0,False,341.8,37.2,-9.600000000000001
4525,79234.0,False,342.3,37.300000000000004,-9.5
4526,79251.0,False,342.6,37.4,-9.5
4527,79268.0,False,342.90000000000003,37.5,-9.4
4528,79285.0,False,343.1,37.800000000000004,-9.200000000000001
4529,79306.0,False,343.3,38.2,-9.0
4530,79335.0,False,343.6,39.0,-8.6
4531,79353.0,False,343.8,39.300000000000004,-8.3
4532,79368.0,False,343.8,39.6,-8.1
4533,79384.0,False,343.8,39.900000000000006,-8.0
4534,79406.0,False,343.5,40.300000000000004,-7.7
4535,79418.0,False,343.20000000000005,40.5,-7.300000000000001
4536,79434.0,False,343.1,40.7,-6.7
4537,79450.0,False,343.1,40.7,-5.9
4538,79468.0,False,343.3,40.5,-5.2
4539,79484.0,False,343.70000000000005,39.900000000000006,-5.0
4540,79505.0,False,344.20000000000005,39.0,-5.7
4541,79521.0,False,344.8,38.0,-7.300000000000001
4542,79534.0,False,345.0,37.0,-9.200000000000001
4543,79552.0,False,345.0,36.1,-11.200000000000001
4544,79567.0,False,344.8,35.2,-12.9
4545,79584.0,False,344.40000000000003,34.300000000000004,-14.3
4546,79600.0,False,344.1,33.5,-15.3
4547,79625.0,False,343.8,32.800000000000004,-16.1
4548,79634.0,False,343.5,32.300000000000004,-16.6
4549,79656.0,False,342.8,32.2,-16.900000000000002
4550,79668.0,False,341.8,32.300000000000004,-16.8
4551,79684.0,False,340.6,32.9,-16.3
4552,79706.0,False,339.3,33.5,-15.5
4553,79717.0,False,338.20000000000005,34.0,-14.4
4554,79735.0,False,337.20000000000005,34.300000000000004,-13.200000000000001
4555,79751.0,False,336.20000000000005,34.6,-12.100000000000001
4556,79768.0,False,335.3,34.800000000000004,-11.100000000000001
4557,79785.0,False,334.40000000000003,35.1,-10.200000000000001
4558,79804.0,False,333.5,35.7,-9.5
4559,79817.0,False,332.6,36.300000000000004,-8.8
4560,79835.0,False,331.5,37.0,-8.1
4561,79851.0,False,330.3,37.6,-7.300000000000001
4562,79890.0,False,328.1,38.900000000000006,-5.300000000000001
4563,79904.0,False,327.3,39.6,-4.1000000000000005
4564,79919.0,False,326.6,40.2,-2.9000000000000004
4565,79934.0,False,326.1,40.7,-1.6
4566,79951.0,False,325.90000000000003,41.1,-0.5
4567,79970.0,False,326.0,41.5,0.30000000000000004
4568,79985.0,False,326.40000000000003,41.7,0.8
4569,80007.0,False,327.8,41.900000000000006,0.7000000000000001
4570,80035.0,False,328.8,41.800000000000004,0.1
4571,80051.0,False,329.70000000000005,41.6,-0.5
4572,80068.0,False,330.70000000000005,41.7,-1.4000000000000001
4573,80084.0,False,331.90000000000003,42.0,-2.8000000000000003
4574,80107.0,False,333.70000000000005,42.0,-5.300000000000001
4575,80138.0,False,334.3,41.400000000000006,-5.9
4576,80150.0,False,335.0,40.6,-6.0
4577,80170.0,False,335.90000000000003,39.900000000000006,-6.1000000000000005
4578,80184.0,False,336.90000000000003,39.400000000000006,-6.7
4579,80210.0,False,337.90000000000003,39.0,-7.5
4580,80218.0,False,338.70000000000005,38.6,-8.4
4581,80234.0,False,339.5,38.0,-9.0
4582,80251.0,False,340.40000000000003,37.2,-9.5
4583,80267.0,False,341.70000000000005,36.0,-10.0
4584,80284.0,False,343.3,34.5,-11.0
4585,80305.0,False,344.70000000000005,32.9,-12.200000000000001
4586,80317.0,False,345.70000000000005,31.6,-13.4
4587,80334.0,False,346.3,30.6,-14.200000000000001
4588,80353.0,False,346.6,30.1,-14.700000000000001
4589,80368.0,False,347.0,29.8,-14.9
4590,80384.0,False,347.5,29.900000000000002,-14.9
4591,80403.0,False,348.0,30.1,-14.8
4592,80417.0,False,348.3,30.6,-14.8
4593,80437.0,False,348.6,31.0,-14.8
4594,80453.0,False,348.90000000000003,31.400000000000002,-14.9
4595,80468.0,False,349.20000000000005,31.6,-15.100000000000001
4596,80487.0,False,349.6,31.700000000000003,-15.5
4597,80504.0,False,350.0,31.700000000000003,-16.0
4598,80519.0,False,350.20000000000005,31.6,-16.5
4599,80534.0,False,350.40000000000003,31.3,-17.0
4600,80551.0,False,350.40000000000003,30.900000000000002,-17.5
4601,80568.0,False,350.1,30.200000000000003,-17.900000000000002
4602,80584.0,False,349.6,29.3,-18.400000000000002
4603,80604.0,False,348.8,28.5,-18.900000000000002
4604,80617.0,False,347.70000000000005,28.1,-19.5
4605,80635.0,False,346.3,28.400000000000002,-19.900000000000002
4606,80656.0,False,344.8,29.400000000000002,-19.700000000000003
4607,80668.0,False,343.40000000000003,30.6,-19.0
4608,80685.0,False,342.20000000000005,31.8,-18.2
4609,80704.0,False,341.1,32.800000000000004,-17.3
4610,80722.0,False,340.3,33.5,-16.8
4611,80734.0,False,339.6,33.9,-16.6
4612,80751.0,False,338.90000000000003,34.300000000000004,-16.900000000000002
4613,80769.0,False,338.1,34.800000000000004,-17.400000000000002
4614,80784.0,False,337.40000000000003,35.4,-17.900000000000002
4615,80803.0,False,336.70000000000005,36.1,-18.400000000000002
4616,80821.0,False,336.0,36.800000000000004,-18.6
4617,80834.0,False,335.3,37.300000000000004,-18.5
4618,80868.0,False,333.90000000000003,37.7,-17.7
4619,80884.0,False,333.6,37.7,-17.3
4620,80906.0,False,333.5,37.4,-17.1
4621,80918.0,False,333.5,37.0,-17.3
4622,80934.0,False,333.40000000000003,36.4,-17.6
4623,80951.0,False,333.20000000000005,35.9,-18.0
4624,80989.0,False,332.1,35.2,-18.2
4625,81005.0,False,331.5,35.1,-18.0
4626,81023.0,False,331.0,35.2,-17.8
4627,81034.0,False,330.70000000000005,35.5,-17.400000000000002
4628,81050.0,False,330.40000000000003,35.800000000000004,-17.0
4629,81069.0,False,330.0,36.2,-16.5
4630,81087.0,False,329.6,36.6,-16.0
4631,81107.0,False,329.20000000000005,37.0,-15.5
4632,81136.0,False,329.0,37.6,-14.700000000000001
4633,81151.0,False,329.3,37.7,-14.5
4634,81168.0,False,329.90000000000003,37.6,-14.8
4635,81184.0,False,330.6,37.2,-15.4
4636,81209.0,False,331.40000000000003,36.800000000000004,-16.2
4637,81218.0,False,332.20000000000005,36.300000000000004,-17.3
4638,81251.0,False,333.6,35.6,-19.6
4639,81268.0,False,334.0,35.4,-20.3
4640,81285.0,False,334.3,35.300000000000004,-20.6
4641,81304.0,False,334.70000000000005,35.300000000000004,-20.8
4642,81320.0,False,335.3,35.5,-21.0
4643,81334.0,False,335.8,35.6,-21.1
4644,81353.0,False,336.40000000000003,35.7,-21.200000000000003
4645,81368.0,False,336.90000000000003,35.7,-21.200000000000003
4646,81386.0,False,337.3,35.800000000000004,-21.0
4647,81406.0,False,337.70000000000005,36.0,-20.6
4648,81418.0,False,338.20000000000005,36.4,-20.1
4649,81434.0,False,338.8,36.800000000000004,-19.8
4650,81451.0,False,339.40000000000003,37.2,-19.6
4651,81467.0,False,340.1,37.4,-19.6
4652,81484.0,False,340.6,37.6,-19.700000000000003
4653,81501.0,False,341.20000000000005,37.7,-19.8
4654,81524.0,False,341.70000000000005,38.0,-19.900000000000002
4655,81537.0,False,342.40000000000003,38.300000000000004,-19.700000000000003
4656,81570.0,False,343.8,39.1,-19.1
4657,81584.0,False,344.5,39.6,-18.7
4658,81614.0,False,346.0,40.2,-18.2
4659,81634.0,False,346.90000000000003,40.2,-18.1
4660,81651.0,False,347.8,40.2,-18.3
4661,81668.0,False,348.6,40.1,-18.6
4662,81684.0,False,349.3,40.1,-19.0
4663,81701.0,False,349.8,40.2,-19.1
4664,81726.0,False,350.20000000000005,40.7,-18.7
4665,81751.0,False,350.20000000000005,41.1,-18.1
4666,81768.0,False,350.1,41.6,-17.400000000000002
4667,81784.0,False,350.0,42.0,-16.6
4668,81802.0,False,349.90000000000003,42.400000000000006,-16.1
4669,81817.0,False,349.8,42.900000000000006,-16.0
4670,81834.0,False,349.3,43.300000000000004,-15.8
4671,81854.0,False,348.6,43.6,-15.600000000000001
4672,81867.0,False,347.90000000000003,43.900000000000006,-15.200000000000001
4673,81884.0,False,347.40000000000003,44.0,-14.8
4674,81900.0,False,347.20000000000005,43.900000000000006,-14.4
4675,81917.0,False,347.20000000000005,43.800000000000004,-14.4
4676,81935.0,False,347.20000000000005,43.7,-14.8
4677,81950.0,False,346.8,43.6,-15.3
4678,81967.0,False,346.1,43.800000000000004,-15.700000000000001
4679,81985.0,False,345.20000000000005,44.2,-15.700000000000001
4680,82007.0,False,344.0,44.7,-15.3
4681,82017.0,False,342.70000000000005,45.1,-14.3
4682,82034.0,False,341.40000000000003,45.300000000000004,-12.9
4683,82053.0,False,340.3,45.300000000000004,-11.5
4684,82068.0,False,339.5,45.2,-10.4
4685,82084.0,False,339.0,45.2,-9.600000000000001
4686,82101.0,False,338.70000000000005,45.300000000000004,-9.4
4687,82134.0,False,338.5,45.2,-9.5
4688,82154.0,False,337.8,44.6,-10.0
4689,82167.0,False,337.5,44.2,-10.4
4690,82184.0,False,337.3,43.900000000000006,-10.600000000000001
4691,82201.0,False,337.20000000000005,43.5,-10.700000000000001
4692,82217.0,False,337.0,43.2,-10.600000000000001
4693,82241.0,False,336.6,43.0,-10.100000000000001
4694,82278.0,False,336.1,43.1,-9.4
4695,82308.0,False,335.8,43.300000000000004,-8.9
4696,82317.0,False,335.5,43.6,-8.4
4697,82334.0,False,335.5,43.800000000000004,-7.9
4698,82350.0,False,335.70000000000005,44.0,-7.6000000000000005
4699,82368.0,False,336.20000000000005,44.1,-7.6000000000000005
4700,82385.0,False,336.8,43.900000000000006,-7.7
4701,82404.0,False,337.40000000000003,43.5,-8.1
4702,82419.0,False,338.20000000000005,43.2,-8.700000000000001
4703,82434.0,False,338.8,42.900000000000006,-9.5
4704,82451.0,False,339.3,42.5,-10.200000000000001
4705,82468.0,False,339.8,42.1,-11.0
4706,82492.0,False,340.5,41.800000000000004,-11.8
4707,82501.0,False,341.40000000000003,41.5,-12.8
4708,82522.0,False,342.40000000000003,41.1,-14.100000000000001
4709,82534.0,False,343.3,40.6,-15.4
4710,82550.0,False,344.20000000000005,40.1,-16.8
4711,82567.0,False,344.90000000000003,39.7,-18.0
4712,82591.0,False,345.40000000000003,39.5,-19.0
4713,82603.0,False,345.70000000000005,39.5,-19.700000000000003
4714,82634.0,False,346.1,39.6,-19.900000000000002
4715,82651.0,False,346.1,39.7,-19.6
4716,82667.0,False,346.0,39.900000000000006,-19.3
4717,82689.0,False,346.0,39.900000000000006,-19.1
4718,82700.0,False,346.1,40.0,-18.900000000000002
4719,82717.0,False,346.20000000000005,40.0,-19.0
4720,82735.0,False,346.40000000000003,40.1,-19.1
4721,82751.0,False,346.70000000000005,40.2,-19.3
4722,82767.0,False,346.90000000000003,40.300000000000004,-19.3
4723,82784.0,False,347.20000000000005,40.5,-19.200000000000003
4724,82808.0,False,347.70000000000005,40.6,-19.0
4725,82817.0,False,348.3,40.5,-18.900000000000002
4726,82834.0,False,349.0,40.400000000000006,-18.8
4727,82851.0,False,349.70000000000005,40.2,-18.6
4728,82869.0,False,350.6,40.1,-18.5
4729,82884.0,False,351.6,39.900000000000006,-18.6
4730,82905.0,False,352.70000000000005,39.800000000000004,-19.1
4731,82920.0,False,353.6,39.900000000000006,-19.8
4732,82950.0,False,354.8,39.6,-21.0
4733,82967.0,False,355.0,38.900000000000006,-21.1
4734,82984.0,False,355.1,38.2,-21.0
4735,83000.0,False,354.8,38.0,-20.6
4736,83018.0,False,354.1,38.300000000000004,-20.0
4737,83040.0,False,352.5,39.5,-17.900000000000002
4738,83067.0,False,351.6,40.1,-16.6
4739,83084.0,False,350.40000000000003,40.400000000000006,-15.200000000000001
4740,83103.0,False,349.1,40.300000000000004,-13.600000000000001
4741,83120.0,False,347.6,40.2,-12.0
4742,83135.0,False,346.0,40.2,-10.3
4743,83151.0,False,344.40000000000003,40.400000000000006,-8.5
4744,83169.0,False,342.70000000000005,40.800000000000004,-6.6000000000000005
4745,83184.0,False,341.0,41.2,-4.6000000000000005
4746,83200.0,False,339.0,41.6,-2.6
4747,83221.0,False,336.90000000000003,41.900000000000006,-0.4
4748,83238.0,False,334.90000000000003,42.1,1.8
4749,83250.0,False,333.5,42.300000000000004,3.5
4750,83271.0,False,333.40000000000003,42.300000000000004,3.1
4751,83284.0,False,333.20000000000005,42.300000000000004,2.3000000000000003
4752,83302.0,False,333.20000000000005,42.400000000000006,1.3
4753,83318.0,False,332.90000000000003,42.6,0.7000000000000001
4754,83334.0,False,332.40000000000003,42.900000000000006,0.7000000000000001
4755,83351.0,False,331.70000000000005,43.300000000000004,1.4000000000000001
4756,83369.0,False,330.8,43.5,2.6
4757,83384.0,False,330.0,43.5,3.7
4758,83401.0,False,329.5,43.0,4.0
4759,83419.0,False,328.40000000000003,42.400000000000006,4.2
4760,83436.0,False,327.20000000000005,41.7,4.5
4761,83450.0,False,326.40000000000003,41.0,4.5
4762,83467.0,False,325.70000000000005,40.400000000000006,4.5
4763,83485.0,False,325.1,39.6,4.7
4764,83501.0,False,324.5,38.6,5.2
4765,83530.0,False,324.5,36.300000000000004,6.0
4766,83552.0,False,324.5,35.5,6.1000000000000005
4767,83568.0,False,324.40000000000003,35.1,6.5
4768,83584.0,False,324.40000000000003,34.9,7.2
4769,83600.0,False,324.40000000000003,34.800000000000004,8.0
4770,83619.0,False,324.3,34.6,8.700000000000001
4771,83634.0,False,324.3,34.300000000000004,9.600000000000001
4772,83650.0,False,325.20000000000005,33.7,10.4
4773,83671.0,False,328.1,31.8,11.0
4774,83700.0,False,330.0,30.700000000000003,10.600000000000001
4775,83719.0,False,331.40000000000003,29.700000000000003,10.5
4776,83735.0,False,332.3,28.900000000000002,10.3
4777,83752.0,False,332.90000000000003,28.3,10.3
4778,83768.0,False,333.40000000000003,28.0,10.8
4779,83784.0,False,334.1,28.200000000000003,11.9
4780,83801.0,False,334.90000000000003,28.6,13.200000000000001
4781,83834.0,False,335.6,29.1,14.600000000000001
4782,83852.0,False,337.5,30.0,15.700000000000001
4783,83872.0,False,338.3,30.400000000000002,14.9
4784,83884.0,False,338.70000000000005,30.900000000000002,13.5
4785,83907.0,False,338.70000000000005,31.5,11.700000000000001
4786,83918.0,False,338.0,32.300000000000004,10.5
4787,83933.0,False,337.6,33.2,9.3
4788,83952.0,False,337.0,34.2,8.5
4789,83992.0,False,336.5,36.2,7.1000000000000005
4790,84003.0,False,336.40000000000003,37.300000000000004,6.5
4791,84019.0,False,336.5,38.300000000000004,5.7
4792,84033.0,False,336.40000000000003,39.2,4.9
4793,84051.0,False,336.3,40.0,3.9000000000000004
4794,84068.0,False,336.0,40.900000000000006,2.9000000000000004
4795,84084.0,False,335.6,41.900000000000006,2.0
4796,84101.0,False,335.20000000000005,42.900000000000006,1.3
4797,84118.0,False,334.90000000000003,43.800000000000004,0.7000000000000001
4798,84134.0,False,334.6,44.6,0.30000000000000004
4799,84153.0,False,334.5,45.300000000000004,-0.4
4800,84167.0,False,334.6,45.7,-1.3
4801,84186.0,False,334.40000000000003,45.900000000000006,-2.4000000000000004
4802,84203.0,False,333.6,46.0,-3.3000000000000003
4803,84217.0,False,332.3,45.900000000000006,-3.8000000000000003
4804,84234.0,False,330.90000000000003,45.6,-3.7
4805,84251.0,False,329.70000000000005,45.1,-3.3000000000000003
4806,84272.0,False,328.5,44.300000000000004,-2.5
4807,84284.0,False,327.20000000000005,43.5,-1.5
4808,84302.0,False,326.0,43.0,-0.30000000000000004
4809,84321.0,False,324.90000000000003,42.6,0.8
4810,84335.0,False,323.90000000000003,42.300000000000004,1.6
4811,84353.0,False,322.90000000000003,41.900000000000006,2.1
4812,84368.0,False,322.0,41.5,2.3000000000000003
4813,84384.0,False,320.90000000000003,41.0,2.3000000000000003
4814,84407.0,False,319.8,40.6,2.3000000000000003
4815,84417.0,False,318.6,40.400000000000006,2.3000000000000003
4816,84434.0,False,317.5,40.300000000000004,2.4000000000000004
4817,84453.0,False,316.5,40.300000000000004,2.6
4818,84467.0,False,315.6,40.400000000000006,2.7
4819,84484.0,False,314.90000000000003,40.5,2.8000000000000003
4820,84501.0,False,314.3,40.5,2.8000000000000003
4821,84518.0,False,313.6,40.6,2.9000000000000004
4822,84534.0,False,312.90000000000003,40.7,2.9000000000000004
4823,84550.0,False,312.0,40.800000000000004,3.0
4824,84567.0,False,311.1,41.0,3.1
4825,84584.0,False,310.1,41.1,3.4000000000000004
4826,84600.0,False,309.0,41.2,3.7
4827,84617.0,False,308.0,41.300000000000004,4.0
4828,84634.0,False,306.90000000000003,41.400000000000006,4.3
4829,84651.0,False,305.7,41.300000000000004,4.5
4830,84667.0,False,304.5,41.1,4.7
4831,84687.0,False,303.3,40.800000000000004,4.9
4832,84701.0,False,302.1,40.300000000000004,5.1000000000000005
4833,84727.0,False,301.0,39.800000000000004,5.4
4834,84734.0,False,299.8,39.300000000000004,5.800000000000001
4835,84750.0,False,298.90000000000003,39.1,6.4
4836,84768.0,False,298.1,39.0,7.1000000000000005
4837,84784.0,False,297.3,39.2,7.800000000000001
4838,84800.0,False,296.7,39.5,8.200000000000001
4839,84817.0,False,296.2,39.800000000000004,8.3
4840,84833.0,False,295.8,40.400000000000006,8.0
4841,84850.0,False,295.40000000000003,41.2,7.7
4842,84867.0,False,295.40000000000003,42.300000000000004,7.1000000000000005
4843,84884.0,False,296.0,43.7,6.2
4844,84901.0,False,297.40000000000003,45.1,4.800000000000001
4845,84919.0,False,299.3,46.5,2.8000000000000003
4846,84939.0,False,301.5,47.7,0.30000000000000004
4847,84951.0,False,303.7,48.7,-2.5
4848,84967.0,False,305.90000000000003,49.5,-5.1000000000000005
4849,84984.0,False,307.90000000000003,50.2,-7.0
4850,85007.0,False,311.6,51.2,-8.6
4851,85036.0,False,313.5,51.7,-8.6
4852,85050.0,False,315.5,51.900000000000006,-8.6
4853,85072.0,False,317.8,52.0,-8.8
4854,85084.0,False,320.20000000000005,51.800000000000004,-9.5
4855,85101.0,False,322.3,51.6,-10.700000000000001
4856,85128.0,False,325.40000000000003,51.300000000000004,-13.200000000000001
4857,85150.0,False,326.6,51.2,-14.0
4858,85167.0,False,327.8,51.2,-14.5
4859,85186.0,False,329.0,51.1,-14.8
4860,85200.0,False,330.3,51.1,-15.0
4861,85221.0,False,331.40000000000003,51.2,-15.200000000000001
4862,85234.0,False,332.6,51.300000000000004,-15.4
4863,85250.0,False,333.70000000000005,51.5,-15.700000000000001
4864,85268.0,False,334.70000000000005,51.6,-16.0
4865,85284.0,False,335.5,51.7,-16.3
4866,85301.0,False,336.3,52.1,-16.5
4867,85319.0,False,337.1,52.5,-16.8
4868,85337.0,False,337.90000000000003,53.0,-17.1
4869,85351.0,False,338.70000000000005,53.5,-17.5
4870,85369.0,False,339.40000000000003,53.900000000000006,-18.0
4871,85384.0,False,339.8,54.2,-18.400000000000002
4872,85401.0,False,339.8,54.400000000000006,-18.7
4873,85423.0,False,339.40000000000003,54.5,-18.7
4874,85434.0,False,338.5,54.5,-18.2
4875,85451.0,False,337.3,54.5,-17.2
4876,85467.0,False,336.6,54.400000000000006,-16.1
4877,85484.0,False,336.20000000000005,54.1,-15.3
4878,85500.0,False,335.8,53.6,-14.600000000000001
4879,85517.0,False,335.1,53.2,-13.9
4880,85539.0,False,333.1,52.6,-12.200000000000001
4881,85568.0,False,332.1,52.1,-11.3
4882,85584.0,False,331.1,51.6,-10.4
4883,85601.0,False,330.20000000000005,51.1,-9.700000000000001
4884,85617.0,False,329.3,50.5,-9.200000000000001
4885,85634.0,False,328.5,50.1,-8.700000000000001
4886,85651.0,False,327.5,49.7,-8.3
4887,85670.0,False,326.8,49.400000000000006,-7.9
4888,85684.0,False,326.20000000000005,49.2,-7.6000000000000005
4889,85701.0,False,326.0,49.1,-7.300000000000001
4890,85717.0,False,325.90000000000003,49.2,-7.1000000000000005
4891,85739.0,False,325.90000000000003,49.300000000000004,-6.800000000000001
4892,85751.0,False,325.90000000000003,49.400000000000006,-6.6000000000000005
4893,85769.0,False,325.90000000000003,49.5,-6.300000000000001
4894,85784.0,False,325.90000000000003,49.5,-5.9
4895,85818.0,False,325.8,49.300000000000004,-5.6000000000000005
4896,85838.0,False,325.5,48.5,-4.7
4897,85850.0,False,325.20000000000005,47.900000000000006,-4.2
4898,85872.0,False,324.90000000000003,47.2,-3.7
4899,85884.0,False,324.40000000000003,46.300000000000004,-3.3000000000000003
4900,85900.0,False,324.0,45.400000000000006,-3.0
4901,85917.0,False,323.6,44.400000000000006,-2.7
4902,85935.0,False,323.20000000000005,43.5,-2.6
4903,85950.0,False,323.0,42.800000000000004,-2.7
4904,85967.0,False,322.8,42.1,-2.8000000000000003
4905,85984.0,False,322.8,41.6,-3.0
4906,86001.0,False,322.70000000000005,41.1,-3.2
4907,86019.0,False,322.6,40.6,-3.3000000000000003
4908,86034.0,False,322.6,40.2,-3.2
4909,86052.0,False,322.6,39.800000000000004,-3.0
4910,86067.0,False,322.70000000000005,39.7,-2.7
4911,86084.0,False,322.90000000000003,39.7,-2.2
4912,86103.0,False,323.40000000000003,39.900000000000006,-1.8
4913,86118.0,False,323.90000000000003,40.2,-1.4000000000000001
4914,86134.0,False,324.40000000000003,40.400000000000006,-1.0
4915,86150.0,False,324.90000000000003,40.6,-0.7000000000000001
4916,86167.0,False,325.40000000000003,40.6,-0.7000000000000001
4917,86184.0,False,326.0,40.400000000000006,-0.8
4918,86201.0,False,326.5,40.400000000000006,-1.1
4919,86223.0,False,327.0,40.6,-1.3
4920,86233.0,False,327.5,41.2,-1.2000000000000002
4921,86250.0,False,328.3,42.0,-1.0
4922,86267.0,False,329.1,42.900000000000006,-0.8
4923,86284.0,False,330.1,43.6,-0.6000000000000001
4924,86301.0,False,331.20000000000005,44.1,-0.7000000000000001
4925,86331.0,False,333.5,44.2,-1.9000000000000001
4926,86350.0,False,334.40000000000003,44.0,-2.8000000000000003
4927,86367.0,False,335.20000000000005,43.900000000000006,-3.6
4928,86391.0,False,336.6,43.900000000000006,-4.9
4929,86421.0,False,337.3,44.2,-5.4
4930,86433.0,False,338.20000000000005,44.5,-5.7
4931,86453.0,False,339.1,44.800000000000004,-6.1000000000000005
4932,86467.0,False,340.1,45.2,-6.300000000000001
4933,86485.0,False,341.0,45.6,-6.5
4934,86501.0,False,341.90000000000003,46.0,-6.6000000000000005
4935,86520.0,False,342.6,46.300000000000004,-6.800000000000001
4936,86533.0,False,343.3,46.7,-6.9
4937,86551.0,False,344.1,47.1,-7.0
4938,86567.0,False,344.8,47.5,-7.0
4939,86584.0,False,345.3,47.800000000000004,-7.1000000000000005
4940,86601.0,False,345.8,48.1,-7.2
4941,86617.0,False,346.20000000000005,48.2,-7.4
4942,86639.0,False,346.40000000000003,48.1,-7.800000000000001
4943,86651.0,False,346.3,47.800000000000004,-8.1
4944,86669.0,False,346.0,47.400000000000006,-8.5
4945,86684.0,False,345.6,47.2,-8.700000000000001
4946,86700.0,False,345.3,47.1,-8.9
4947,86717.0,False,345.20000000000005,47.1,-9.1
4948,86733.0,False,345.20000000000005,47.0,-9.3
4949,86750.0,False,345.1,47.0,-9.5
4950,86771.0,False,344.8,46.900000000000006,-9.600000000000001
4951,86784.0,False,344.40000000000003,46.6,-9.600000000000001
4952,86804.0,False,343.8,46.400000000000006,-9.5
4953,86817.0,False,343.1,46.2,-9.3
4954,86842.0,False,342.3,46.2,-9.1
4955,86851.0,False,341.6,46.400000000000006,-8.8
4956,86870.0,False,340.90000000000003,46.7,-8.5
4957,86884.0,False,340.3,47.1,-8.200000000000001
4958,86900.0,False,339.70000000000005,47.6,-7.9
4959,86917.0,False,339.3,48.0,-7.6000000000000005
4960,86937.0,False,338.90000000000003,48.300000000000004,-7.300000000000001
4961,86950.0,False,338.5,48.5,-7.1000000000000005
4962,86970.0,False,338.20000000000005,48.5,-7.1000000000000005
4963,86985.0,False,337.70000000000005,48.300000000000004,-7.2
4964,87001.0,False,337.20000000000005,48.0,-7.4
4965,87018.0,False,336.5,47.5,-7.6000000000000005
4966,87033.0,False,335.8,47.1,-7.9
4967,87051.0,False,334.90000000000003,46.5,-8.0
4968,87067.0,False,334.1,45.800000000000004,-8.1
4969,87084.0,False,333.20000000000005,44.900000000000006,-7.9
4970,87102.0,False,332.3,43.900000000000006,-7.7
4971,87117.0,False,331.6,42.7,-7.5
4972,87135.0,False,330.90000000000003,41.5,-7.300000000000001
4973,87151.0,False,330.40000000000003,40.300000000000004,-7.2
4974,87167.0,False,329.90000000000003,39.300000000000004,-7.1000000000000005
4975,87184.0,False,329.40000000000003,38.400000000000006,-7.1000000000000005
4976,87200.0,False,328.90000000000003,37.6,-7.1000000000000005
4977,87221.0,False,328.3,36.9,-6.800000000000001
4978,87235.0,False,327.8,36.300000000000004,-6.4
4979,87252.0,False,327.3,35.7,-5.6000000000000005
4980,87267.0,False,326.8,35.300000000000004,-4.6000000000000005
4981,87283.0,False,326.3,35.1,-3.4000000000000004
4982,87300.0,False,325.90000000000003,34.9,-2.1
4983,87319.0,False,325.5,34.800000000000004,-0.8
4984,87341.0,False,325.20000000000005,34.7,0.5
4985,87350.0,False,325.0,34.6,1.5
4986,87368.0,False,324.6,34.6,2.3000000000000003
4987,87384.0,False,324.40000000000003,34.7,3.1
4988,87400.0,False,324.20000000000005,35.0,3.8000000000000003
4989,87418.0,False,324.40000000000003,35.4,4.4
4990,87433.0,False,324.90000000000003,35.9,4.6000000000000005
4991,87451.0,False,325.5,36.300000000000004,4.4
4992,87467.0,False,326.3,36.6,3.7
4993,87485.0,False,327.0,37.0,2.6
4994,87503.0,False,327.70000000000005,37.6,1.6
4995,87521.0,False,328.3,38.400000000000006,1.0
4996,87541.0,False,329.0,39.6,0.8
4997,87550.0,False,330.1,40.800000000000004,1.0
4998,87568.0,False,331.70000000000005,42.1,1.4000000000000001
4999,87584.0,False,333.6,43.300000000000004,1.7000000000000002
5000,87601.0,False,335.90000000000003,44.300000000000004,1.6
5001,87624.0,False,338.1,45.0,1.2000000000000002
5002,87638.0,False,340.1,45.400000000000006,0.5
5003,87650.0,False,341.70000000000005,45.6,-0.2
5004,87667.0,False,342.70000000000005,45.400000000000006,-0.8
5005,87686.0,False,343.3,44.900000000000006,-0.9
5006,87700.0,False,343.5,44.400000000000006,-0.7000000000000001
5007,87729.0,False,343.40000000000003,43.300000000000004,0.9
5008,87751.0,False,343.40000000000003,43.0,1.9000000000000001
5009,87767.0,False,343.5,42.800000000000004,2.8000000000000003
5010,87787.0,False,343.70000000000005,42.5,3.6
5011,87801.0,False,344.0,42.400000000000006,4.1000000000000005
5012,87817.0,False,344.3,42.300000000000004,4.3
5013,87835.0,False,344.6,42.300000000000004,4.3
5014,87850.0,False,344.90000000000003,42.6,4.1000000000000005
5015,87870.0,False,345.5,43.0,3.7
5016,87884.0,False,346.20000000000005,43.400000000000006,3.0
5017,87900.0,False,347.1,43.900000000000006,2.0
5018,87917.0,False,348.0,44.400000000000006,0.8
5019,87933.0,False,348.8,44.800000000000004,-0.6000000000000001
5020,87950.0,False,349.3,45.1,-2.0
5021,87967.0,False,349.6,45.2,-3.3000000000000003
5022,87984.0,False,349.8,45.0,-4.4
5023,88000.0,False,349.8,44.900000000000006,-5.1000000000000005
5024,88019.0,False,349.8,44.6,-5.5
5025,88033.0,False,349.90000000000003,44.300000000000004,-5.7
5026,88052.0,False,349.6,43.800000000000004,-5.9
5027,88070.0,False,349.3,43.2,-6.0
5028,88084.0,False,348.8,42.800000000000004,-6.300000000000001
5029,88101.0,False,348.3,42.5,-6.6000000000000005
5030,88123.0,False,347.90000000000003,42.300000000000004,-7.0
5031,88137.0,False,347.40000000000003,42.1,-7.6000000000000005
5032,88150.0,False,346.70000000000005,42.0,-8.0
5033,88167.0,False,345.70000000000005,41.900000000000006,-8.200000000000001
5034,88186.0,False,344.70000000000005,41.800000000000004,-8.200000000000001
5035,88201.0,False,343.6,41.800000000000004,-7.9
5036,88222.0,False,342.8,41.800000000000004,-7.6000000000000005
5037,88234.0,False,342.0,41.900000000000006,-7.300000000000001
5038,88251.0,False,341.3,42.0,-7.2
5039,88267.0,False,340.6,42.1,-7.2
5040,88284.0,False,339.70000000000005,42.2,-7.4
5041,88301.0,False,338.6,42.2,-7.5
5042,88318.0,False,337.3,42.2,-7.4
5043,88338.0,False,335.8,42.2,-7.2
5044,88351.0,False,334.1,42.2,-6.800000000000001
5045,88367.0,False,332.20000000000005,42.2,-6.0
5046,88383.0,False,330.20000000000005,42.0,-5.0
5047,88400.0,False,328.1,41.7,-3.7
5048,88419.0,False,326.20000000000005,41.300000000000004,-2.1
5049,88436.0,False,324.40000000000003,40.800000000000004,-0.6000000000000001
5050,88452.0,False,322.70000000000005,40.300000000000004,0.7000000000000001
5051,88467.0,False,321.20000000000005,39.900000000000006,1.8
5052,88483.0,False,319.8,39.5,2.6
5053,88501.0,False,318.70000000000005,39.300000000000004,3.2
5054,88517.0,False,317.70000000000005,39.300000000000004,3.6
5055,88533.0,False,317.0,39.5,3.8000000000000003
5056,88550.0,False,316.6,39.6,3.9000000000000004
5057,88567.0,False,316.40000000000003,39.800000000000004,3.9000000000000004
5058,88584.0,False,316.20000000000005,40.0,3.8000000000000003
5059,88604.0,False,316.1,40.0,3.7
5060,88636.0,False,316.20000000000005,39.6,3.9000000000000004
5061,88650.0,False,316.70000000000005,39.0,4.1000000000000005
5062,88667.0,False,317.3,38.1,4.2
5063,88685.0,False,317.8,37.0,4.2
5064,88701.0,False,317.90000000000003,35.800000000000004,4.4
5065,88731.0,False,317.90000000000003,34.7,5.1000000000000005
5066,88738.0,False,317.90000000000003,33.9,6.300000000000001
5067,88750.0,False,318.3,33.6,7.9
5068,88767.0,False,319.0,33.5,9.5
5069,88784.0,False,320.0,33.7,10.700000000000001
5070,88801.0,False,321.20000000000005,33.9,11.600000000000001
5071,88817.0,False,322.40000000000003,34.2,11.8
5072,88835.0,False,323.5,34.4,11.700000000000001
5073,88850.0,False,324.6,34.5,11.3
5074,88867.0,False,325.40000000000003,34.6,11.0
5075,88885.0,False,326.20000000000005,34.6,10.8
5076,88900.0,False,327.0,34.800000000000004,10.700000000000001
5077,88921.0,False,327.90000000000003,35.0,10.700000000000001
5078,88937.0,False,328.70000000000005,35.2,10.700000000000001
5079,88950.0,False,329.6,35.4,10.600000000000001
5080,88970.0,False,330.40000000000003,35.6,10.5
5081,88984.0,False,331.3,35.9,10.200000000000001
5082,89000.0,False,332.1,36.1,9.9
5083,89021.0,False,332.8,36.2,9.4
5084,89033.0,False,333.3,36.4,9.0
5085,89050.0,False,333.8,36.7,8.5
5086,89067.0,False,334.20000000000005,37.0,8.1
5087,89084.0,False,334.6,37.4,7.7
5088,89100.0,False,335.0,37.9,7.2
5089,89117.0,False,335.3,38.400000000000006,6.800000000000001
5090,89133.0,False,335.6,38.900000000000006,6.2
5091,89151.0,False,335.8,39.300000000000004,5.6000000000000005
5092,89167.0,False,335.8,39.7,5.1000000000000005
5093,89183.0,False,335.70000000000005,39.800000000000004,4.6000000000000005
5094,89201.0,False,335.40000000000003,39.6,4.3
5095,89222.0,False,334.90000000000003,39.0,4.1000000000000005
5096,89234.0,False,334.20000000000005,38.2,4.2
5097,89250.0,False,333.5,37.2,4.5
5098,89267.0,False,332.90000000000003,36.300000000000004,4.9
5099,89289.0,False,332.40000000000003,35.5,5.0
5100,89301.0,False,332.0,34.800000000000004,5.0
5101,89317.0,False,331.70000000000005,34.300000000000004,4.7
5102,89334.0,False,331.40000000000003,33.9,4.3
5103,89351.0,False,331.0,33.800000000000004,3.9000000000000004
5104,89367.0,False,330.40000000000003,34.0,3.7
5105,89384.0,False,329.90000000000003,34.4,3.8000000000000003
5106,89401.0,False,329.5,34.9,4.0
5107,89417.0,False,329.3,35.5,4.2
5108,89434.0,False,329.20000000000005,36.0,4.2
5109,89450.0,False,329.20000000000005,36.5,4.0
5110,89467.0,False,329.1,37.0,3.6
5111,89484.0,False,328.90000000000003,37.6,3.2
5112,89500.0,False,328.6,38.1,2.9000000000000004
5113,89518.0,False,328.1,38.6,2.9000000000000004
5114,89537.0,False,327.6,39.0,3.2
5115,89551.0,False,327.1,39.2,3.6
5116,89569.0,False,326.5,39.2,4.2
5117,89584.0,False,326.0,39.1,4.800000000000001
5118,89605.0,False,325.5,38.800000000000004,5.300000000000001
5119,89618.0,False,325.20000000000005,38.6,5.7
5120,89634.0,False,325.0,38.300000000000004,5.7
5121,89651.0,False,324.8,38.0,5.5
5122,89667.0,False,324.8,37.9,5.1000000000000005
5123,89686.0,False,324.90000000000003,37.800000000000004,4.5
5124,89700.0,False,325.0,37.800000000000004,3.9000000000000004
5125,89719.0,False,325.3,37.800000000000004,3.2
5126,89734.0,False,325.70000000000005,37.7,2.6
5127,89767.0,False,326.40000000000003,37.800000000000004,1.3
5128,89786.0,False,326.70000000000005,37.800000000000004,0.7000000000000001
5129,89801.0,False,326.90000000000003,37.800000000000004,0.2
5130,89817.0,False,327.20000000000005,37.7,-0.2
5131,89834.0,False,327.40000000000003,37.7,-0.4
5132,89851.0,False,327.6,37.800000000000004,-0.5
5133,89867.0,False,328.20000000000005,37.800000000000004,-0.6000000000000001
5134,89884.0,False,328.90000000000003,37.800000000000004,-0.8
5135,89905.0,False,329.6,37.6,-1.2000000000000002
5136,89921.0,False,330.3,37.4,-1.8
5137,89937.0,False,331.0,37.0,-2.4000000000000004
5138,89951.0,False,331.5,36.5,-2.9000000000000004
5139,89968.0,False,332.20000000000005,35.9,-3.2
5140,89984.0,False,333.0,35.800000000000004,-3.4000000000000004
5141,90001.0,False,334.3,36.2,-3.6
5142,90018.0,False,335.8,37.4,-3.9000000000000004
5143,90034.0,False,337.40000000000003,38.900000000000006,-4.4
5144,90050.0,False,339.20000000000005,40.300000000000004,-5.0
5145,90074.0,False,342.70000000000005,42.2,-6.7
5146,90109.0,False,344.1,42.5,-7.5
5147,90117.0,False,345.0,42.6,-8.0
5148,90133.0,False,345.6,42.5,-8.3
5149,90151.0,False,345.90000000000003,42.5,-8.3
5150,90168.0,False,346.0,42.5,-8.0
5151,90184.0,False,346.0,42.6,-7.5
5152,90200.0,False,346.0,42.7,-6.800000000000001
5153,90217.0,False,346.0,42.800000000000004,-6.1000000000000005
5154,90233.0,False,346.0,42.800000000000004,-5.6000000000000005
5155,90251.0,False,346.0,42.800000000000004,-5.2
5156,90284.0,False,345.8,42.900000000000006,-5.1000000000000005
5157,90301.0,False,345.70000000000005,43.1,-5.300000000000001
5158,90321.0,False,345.5,43.400000000000006,-5.5
5159,90334.0,False,345.40000000000003,43.6,-5.800000000000001
5160,90350.0,False,345.0,43.900000000000006,-6.2
5161,90369.0,False,344.40000000000003,44.0,-6.5
5162,90384.0,False,343.6,44.0,-6.6000000000000005
5163,90402.0,False,342.5,43.900000000000006,-6.5
5164,90423.0,False,341.3,43.7,-6.1000000000000005
5165,90435.0,False,340.20000000000005,43.5,-5.4
5166,90450.0,False,339.5,43.1,-4.800000000000001
5167,90467.0,False,339.20000000000005,42.7,-4.3
5168,90484.0,False,338.90000000000003,42.300000000000004,-4.2
5169,90501.0,False,338.8,42.1,-4.3
5170,90517.0,False,338.8,42.0,-4.800000000000001
5171,90534.0,False,338.70000000000005,42.0,-5.5
5172,90553.0,False,338.6,42.1,-6.300000000000001
5173,90567.0,False,338.5,42.0,-7.2
5174,90588.0,False,338.20000000000005,42.1,-7.9
5175,90600.0,False,337.70000000000005,42.2,-8.200000000000001
5176,90621.0,False,337.1,42.400000000000006,-8.1
5177,90634.0,False,336.5,42.6,-7.800000000000001
5178,90650.0,False,336.0,42.7,-7.2
5179,90667.0,False,335.5,42.7,-6.6000000000000005
5180,90684.0,False,335.1,42.6,-6.1000000000000005
5181,90704.0,False,334.5,42.400000000000006,-5.800000000000001
5182,90719.0,False,333.8,42.2,-5.5
5183,90734.0,False,332.8,42.0,-5.300000000000001
5184,90751.0,False,331.70000000000005,41.800000000000004,-5.1000000000000005
5185,90767.0,False,330.6,41.7,-4.800000000000001
5186,90784.0,False,329.6,41.6,-4.5
5187,90800.0,False,328.5,41.400000000000006,-4.2
5188,90821.0,False,327.40000000000003,41.2,-3.7
5189,90833.0,False,326.1,40.800000000000004,-3.1
5190,90855.0,False,324.90000000000003,40.300000000000004,-2.4000000000000004
5191,90867.0,False,323.8,39.7,-1.7000000000000002
5192,90883.0,False,322.70000000000005,39.0,-1.2000000000000002
5193,90900.0,False,321.8,38.300000000000004,-0.7000000000000001
5194,90931.0,False,320.40000000000003,37.2,-0.2
5195,90950.0,False,319.8,36.9,-0.1
5196,90967.0,False,319.40000000000003,36.7,0.1
5197,90984.0,False,319.1,36.6,0.30000000000000004
5198,91018.0,False,319.20000000000005,36.6,0.2
5199,91053.0,False,319.3,36.7,0.4
5200,91067.0,False,319.6,36.7,0.9
5201,91083.0,False,320.3,36.6,1.3
5202,91100.0,False,321.1,36.4,1.5
5203,91126.0,False,322.0,36.0,1.6
5204,91133.0,False,322.8,35.7,1.5
5205,91150.0,False,323.6,35.6,1.3
5206,91167.0,False,324.3,35.6,1.2000000000000002
5207,91184.0,False,324.90000000000003,35.800000000000004,1.4000000000000001
5208,91200.0,False,325.8,36.1,2.0
5209,91221.0,False,326.8,36.300000000000004,2.5
5210,91235.0,False,328.0,36.6,2.9000000000000004
5211,91250.0,False,329.40000000000003,36.800000000000004,2.9000000000000004
5212,91268.0,False,330.90000000000003,37.0,2.4000000000000004
5213,91284.0,False,332.1,37.2,1.7000000000000002
5214,91300.0,False,333.1,37.300000000000004,0.9
5215,91317.0,False,333.8,37.4,0.30000000000000004
5216,91333.0,False,334.40000000000003,37.5,0.0
5217,91354.0,False,334.90000000000003,37.6,0.0
5218,91367.0,False,335.40000000000003,37.7,0.30000000000000004
5219,91384.0,False,335.90000000000003,37.9,0.6000000000000001
5220,91400.0,False,336.40000000000003,38.0,0.9
5221,91421.0,False,336.70000000000005,38.0,1.2000000000000002
5222,91434.0,False,336.90000000000003,38.0,1.4000000000000001
5223,91452.0,False,337.0,37.800000000000004,1.4000000000000001
5224,91467.0,False,337.1,37.7,1.0
5225,91484.0,False,337.20000000000005,37.7,0.30000000000000004
5226,91500.0,False,337.1,37.800000000000004,-0.8
5227,91518.0,False,337.1,38.0,-2.2
5228,91533.0,False,337.0,38.2,-3.7
5229,91551.0,False,337.0,38.300000000000004,-5.4
5230,91567.0,False,337.0,38.1,-7.2
5231,91584.0,False,336.70000000000005,37.7,-8.9
5232,91604.0,False,336.0,37.1,-10.3
5233,91619.0,False,334.90000000000003,36.5,-11.0
5234,91633.0,False,334.1,35.5,-11.100000000000001
5235,91650.0,False,333.40000000000003,34.6,-10.9
5236,91668.0,False,332.90000000000003,33.5,-10.5
5237,91684.0,False,332.70000000000005,32.5,-10.3
5238,91700.0,False,332.5,31.700000000000003,-10.600000000000001
5239,91719.0,False,332.1,31.3,-11.3
5240,91750.0,False,330.90000000000003,31.400000000000002,-13.0
5241,91768.0,False,330.5,31.400000000000002,-13.9
5242,91784.0,False,330.1,31.200000000000003,-14.600000000000001
5243,91802.0,False,329.5,31.0,-14.8
5244,91818.0,False,328.8,30.700000000000003,-14.5
5245,91837.0,False,328.0,30.5,-13.8
5246,91851.0,False,327.40000000000003,30.200000000000003,-13.0
5247,91867.0,False,327.0,30.1,-12.4
5248,91884.0,False,326.8,30.1,-12.100000000000001
5249,91901.0,False,326.70000000000005,30.400000000000002,-11.9
5250,91919.0,False,326.70000000000005,30.900000000000002,-12.0
5251,91934.0,False,326.70000000000005,31.700000000000003,-12.0
5252,91951.0,False,326.70000000000005,32.5,-12.200000000000001
5253,91971.0,False,326.70000000000005,33.2,-12.4
5254,91983.0,False,326.5,33.800000000000004,-12.700000000000001
5255,92000.0,False,326.20000000000005,34.2,-12.9
5256,92024.0,False,325.8,34.5,-12.9
5257,92033.0,False,325.20000000000005,34.5,-12.700000000000001
5258,92050.0,False,324.40000000000003,34.2,-12.0
5259,92067.0,False,323.20000000000005,33.5,-11.0
5260,92084.0,False,322.1,32.300000000000004,-9.5
5261,92102.0,False,321.40000000000003,30.8,-8.1
5262,92123.0,False,320.6,29.200000000000003,-6.6000000000000005
5263,92135.0,False,319.8,27.700000000000003,-4.9
5264,92150.0,False,319.20000000000005,26.200000000000003,-3.5
5265,92167.0,False,318.40000000000003,24.8,-2.2
5266,92184.0,False,317.6,23.5,-1.6
5267,92200.0,False,316.70000000000005,22.1,-1.6
5268,92220.0,False,315.8,21.1,-1.7000000000000002
5269,92238.0,False,315.0,20.6,-1.8
5270,92250.0,False,314.20000000000005,20.700000000000003,-1.8
5271,92268.0,False,313.3,21.8,-0.6000000000000001
5272,92284.0,False,312.5,23.6,1.5
5273,92301.0,False,313.0,24.8,1.5
5274,92317.0,False,313.3,25.0,0.5
5275,92334.0,False,312.40000000000003,24.900000000000002,0.30000000000000004
5276,92350.0,False,311.20000000000005,25.0,0.30000000000000004
5277,92367.0,False,309.8,25.6,1.2000000000000002
5278,92384.0,False,308.8,26.700000000000003,2.7
5279,92401.0,False,308.3,27.8,3.9000000000000004
5280,92418.0,False,308.5,28.900000000000002,4.2
5281,92433.0,False,309.6,29.6,3.8000000000000003
5282,92451.0,False,311.3,29.900000000000002,3.3000000000000003
5283,92467.0,False,313.6,29.900000000000002,2.6
5284,92486.0,False,315.90000000000003,29.8,1.5
5285,92501.0,False,318.0,29.8,0.1
5286,92522.0,False,319.90000000000003,30.0,-1.2000000000000002
5287,92534.0,False,321.70000000000005,30.5,-2.5
5288,92550.0,False,323.3,31.3,-3.4000000000000004
5289,92567.0,False,324.90000000000003,32.5,-4.1000000000000005
5290,92584.0,False,326.6,33.9,-4.7
5291,92601.0,False,328.40000000000003,35.6,-5.1000000000000005
5292,92617.0,False,330.1,37.300000000000004,-5.300000000000001
5293,92635.0,False,331.70000000000005,39.2,-5.300000000000001
5294,92650.0,False,332.90000000000003,41.0,-4.9
5295,92667.0,False,334.0,42.800000000000004,-4.2
5296,92684.0,False,335.3,44.300000000000004,-3.6
5297,92701.0,False,336.6,45.7,-3.1
5298,92725.0,False,337.90000000000003,47.0,-2.9000000000000004
5299,92734.0,False,338.90000000000003,48.2,-2.6
5300,92758.0,False,339.70000000000005,49.300000000000004,-2.3000000000000003
5301,92767.0,False,340.3,50.300000000000004,-2.2
5302,92784.0,False,340.5,50.900000000000006,-2.1
5303,92801.0,False,339.90000000000003,51.0,-2.0
5304,92822.0,False,339.0,51.0,-1.9000000000000001
5305,92833.0,False,337.90000000000003,50.800000000000004,-1.8
5306,92850.0,False,336.8,50.6,-1.5
5307,92873.0,False,335.8,50.2,-1.1
5308,92884.0,False,334.70000000000005,49.800000000000004,-0.7000000000000001
5309,92902.0,False,333.70000000000005,49.6,-0.2
5310,92917.0,False,333.1,49.6,0.1
5311,92935.0,False,332.90000000000003,49.7,0.0
5312,92950.0,False,332.90000000000003,50.0,-0.30000000000000004
5313,92969.0,False,332.90000000000003,50.5,-0.7000000000000001
5314,92984.0,False,332.8,51.2,-1.1
5315,93004.0,False,332.3,51.800000000000004,-1.2000000000000002
5316,93018.0,False,331.70000000000005,52.300000000000004,-1.1
5317,93034.0,False,330.90000000000003,52.6,-0.9
5318,93050.0,False,330.0,52.6,-0.5
5319,93068.0,False,329.1,52.5,0.0
5320,93084.0,False,328.20000000000005,52.300000000000004,0.5
5321,93101.0,False,327.20000000000005,52.0,1.1
5322,93116.0,False,326.0,51.6,1.6
5323,93133.0,False,324.6,51.1,2.1
5324,93151.0,False,323.1,50.7,2.5
5325,93167.0,False,321.70000000000005,50.400000000000006,2.7
5326,93184.0,False,320.40000000000003,50.0,2.6
5327,93201.0,False,319.20000000000005,49.800000000000004,2.2
5328,93221.0,False,318.1,49.7,1.4000000000000001
5329,93233.0,False,317.0,49.7,0.4
5330,93255.0,False,315.8,49.7,-0.7000000000000001
5331,93267.0,False,314.5,49.6,-1.7000000000000002
5332,93284.0,False,313.1,49.300000000000004,-2.4000000000000004
5333,93301.0,False,311.5,48.800000000000004,-2.7
5334,93318.0,False,309.90000000000003,48.400000000000006,-2.5
5335,93334.0,False,308.5,48.0,-2.1
5336,93350.0,False,307.40000000000003,47.6,-1.5
5337,93368.0,False,306.6,47.300000000000004,-1.1
5338,93384.0,False,306.0,47.2,-0.9
5339,93402.0,False,305.8,47.2,-1.1
5340,93417.0,False,305.8,47.400000000000006,-1.5
5341,93441.0,False,305.8,47.800000000000004,-1.9000000000000001
5342,93450.0,False,305.8,48.1,-2.2
5343,93470.0,False,306.0,48.400000000000006,-2.6
5344,93484.0,False,306.40000000000003,48.800000000000004,-3.0
5345,93501.0,False,306.90000000000003,49.300000000000004,-3.5
5346,93520.0,False,307.40000000000003,50.0,-4.0
5347,93533.0,False,307.8,50.800000000000004,-4.4
5348,93550.0,False,308.0,51.7,-4.3
5349,93567.0,False,308.0,52.6,-3.6
5350,93584.0,False,308.3,53.400000000000006,-2.3000000000000003
5351,93601.0,False,308.90000000000003,54.0,-0.7000000000000001
5352,93617.0,False,309.90000000000003,54.5,1.0
5353,93634.0,False,311.3,54.6,2.4000000000000004
5354,93650.0,False,313.0,54.7,3.4000000000000004
5355,93666.0,False,314.8,54.6,3.8000000000000003
5356,93684.0,False,316.40000000000003,54.6,3.8000000000000003
5357,93735.0,False,319.3,54.0,3.2
5358,93750.0,False,320.0,53.800000000000004,3.4000000000000004
5359,93768.0,False,320.8,53.5,3.8000000000000003
5360,93784.0,False,321.8,53.300000000000004,4.4
5361,93800.0,False,322.8,53.2,4.800000000000001
5362,93817.0,False,323.90000000000003,53.1,5.1000000000000005
5363,93835.0,False,325.20000000000005,53.0,5.2
5364,93850.0,False,326.40000000000003,53.2,4.9
5365,93868.0,False,327.6,53.5,4.2
5366,93886.0,False,328.70000000000005,54.1,3.3000000000000003
5367,93901.0,False,329.6,54.900000000000006,2.3000000000000003
5368,93917.0,False,330.5,55.6,1.3
5369,93935.0,False,331.20000000000005,56.300000000000004,0.30000000000000004
5370,93950.0,False,331.8,56.800000000000004,-0.7000000000000001
5371,93974.0,False,332.0,57.0,-1.5
5372,93984.0,False,331.6,57.0,-2.1
5373,94001.0,False,330.6,56.6,-2.3000000000000003
5374,94019.0,False,329.3,55.900000000000006,-2.1
5375,94034.0,False,327.8,54.800000000000004,-1.5
5376,94050.0,False,326.6,53.5,-0.9
5377,94084.0,False,325.6,52.1,-0.4
5378,94102.0,False,323.90000000000003,49.900000000000006,-0.5
5379,94122.0,False,322.90000000000003,49.1,-0.8
5380,94137.0,False,321.8,48.5,-1.2000000000000002
5381,94150.0,False,320.8,48.2,-1.6
5382,94167.0,False,319.70000000000005,48.1,-1.9000000000000001
5383,94201.0,False,318.70000000000005,48.1,-2.1
5384,94217.0,False,316.5,48.400000000000006,-1.4000000000000001
5385,94237.0,False,315.5,48.6,-0.7000000000000001
5386,94251.0,False,314.6,48.6,0.0
5387,94267.0,False,313.8,48.6,0.6000000000000001
5388,94284.0,False,313.0,48.400000000000006,1.1
5389,94300.0,False,312.0,48.2,1.5
5390,94317.0,False,310.90000000000003,47.900000000000006,1.8
5391,94334.0,False,309.8,47.5,2.3000000000000003
5392,94353.0,False,308.6,46.900000000000006,2.8000000000000003
5393,94368.0,False,307.3,46.2,3.5
5394,94388.0,False,306.1,45.300000000000004,4.3
5395,94401.0,False,304.7,44.1,5.4
5396,94421.0,False,303.0,42.5,7.2
5397,94433.0,False,300.90000000000003,40.2,9.8
5398,94450.0,False,298.7,37.5,13.200000000000001
5399,94473.0,False,296.7,34.7,16.8
5400,94484.0,False,295.0,32.0,20.400000000000002
5401,94505.0,False,293.6,29.700000000000003,23.6
5402,94520.0,False,292.3,27.8,26.3
5403,94533.0,False,291.0,26.200000000000003,28.400000000000002
5404,94550.0,False,289.8,25.0,29.900000000000002
5405,94567.0,False,288.7,24.0,30.6
5406,94583.0,False,287.90000000000003,23.200000000000003,30.5
5407,94601.0,False,287.40000000000003,22.5,29.8
5408,94630.0,False,286.90000000000003,22.1,27.400000000000002
5409,94650.0,False,286.8,22.3,26.0
5410,94667.0,False,286.7,22.6,24.700000000000003
5411,94684.0,False,286.8,22.8,23.5
5412,94700.0,False,287.1,22.900000000000002,22.5
5413,94717.0,False,287.5,23.1,21.700000000000003
5414,94735.0,False,287.90000000000003,23.3,21.3
5415,94751.0,False,288.40000000000003,23.5,21.200000000000003
5416,94777.0,False,289.8,24.1,22.200000000000003
5417,94801.0,False,291.2,24.6,22.900000000000002
5418,94820.0,False,293.0,25.200000000000003,23.200000000000003
5419,94833.0,False,295.1,26.1,23.200000000000003
5420,94850.0,False,297.3,27.1,22.8
5421,94867.0,False,299.3,28.1,21.8
5422,94886.0,False,301.2,29.1,20.6
5423,94901.0,False,302.8,30.200000000000003,19.400000000000002
5424,94920.0,False,304.40000000000003,31.200000000000003,18.2
5425,94934.0,False,305.8,32.300000000000004,17.400000000000002
5426,94950.0,False,307.40000000000003,33.300000000000004,16.900000000000002
5427,94989.0,False,310.5,34.7,16.5
5428,95000.0,False,312.0,35.0,16.5
5429,95016.0,False,313.40000000000003,35.0,16.400000000000002
5430,95033.0,False,314.5,34.800000000000004,16.3
5431,95050.0,False,315.40000000000003,34.6,16.5
5432,95067.0,False,316.0,34.300000000000004,16.7
5433,95085.0,False,316.40000000000003,34.1,17.0
5434,95100.0,False,316.8,34.1,17.5
5435,95117.0,False,317.20000000000005,34.1,18.0
5436,95135.0,False,317.5,34.2,18.400000000000002
5437,95151.0,False,317.70000000000005,34.300000000000004,18.7
5438,95170.0,False,317.8,34.5,18.7
5439,95184.0,False,317.6,34.800000000000004,18.7
5440,95200.0,False,317.20000000000005,35.0,18.6
5441,95221.0,False,316.70000000000005,35.300000000000004,18.6
5442,95237.0,False,316.3,35.5,18.7
5443,95250.0,False,316.0,35.6,18.8
5444,95269.0,False,315.90000000000003,35.5,18.7
5445,95284.0,False,316.1,35.2,18.400000000000002
5446,95300.0,False,316.3,34.9,17.7
5447,95317.0,False,316.5,34.7,16.7
5448,95336.0,False,316.5,34.800000000000004,15.5
5449,95351.0,False,316.5,35.1,14.3
5450,95373.0,False,316.20000000000005,35.7,13.200000000000001
5451,95384.0,False,315.8,36.5,12.5
5452,95403.0,False,315.3,37.4,12.3
5453,95419.0,False,314.70000000000005,38.1,12.600000000000001
5454,95434.0,False,314.1,38.5,13.200000000000001
5455,95450.0,False,313.40000000000003,38.5,14.0
5456,95467.0,False,312.8,38.1,14.8
5457,95484.0,False,312.3,37.5,15.5
5458,95500.0,False,311.70000000000005,36.6,15.9
5459,95518.0,False,311.1,35.7,16.2
5460,95534.0,False,310.3,34.7,16.400000000000002
5461,95552.0,False,309.5,33.5,16.6
5462,95567.0,False,308.8,32.300000000000004,16.8
5463,95585.0,False,308.20000000000005,31.1,17.1
5464,95600.0,False,307.8,30.0,17.400000000000002
5465,95619.0,False,307.5,28.8,17.7
5466,95633.0,False,307.1,27.6,17.900000000000002
5467,95651.0,False,306.90000000000003,26.3,17.8
5468,95667.0,False,306.6,25.0,17.6
5469,95700.0,False,306.40000000000003,22.900000000000002,16.400000000000002
5470,95724.0,False,306.5,22.3,15.5
5471,95733.0,False,306.90000000000003,22.200000000000003,14.5
5472,95751.0,False,307.40000000000003,22.5,13.200000000000001
5473,95767.0,False,308.20000000000005,23.200000000000003,11.9
5474,95784.0,False,309.0,24.0,10.4
5475,95800.0,False,309.8,25.0,8.8
5476,95818.0,False,310.5,26.1,7.300000000000001
5477,95834.0,False,311.1,27.0,5.9
5478,95850.0,False,311.70000000000005,27.900000000000002,4.7
5479,95867.0,False,312.3,28.6,3.8000000000000003
5480,95884.0,False,313.0,29.3,3.3000000000000003
5481,95916.0,False,314.8,30.400000000000002,2.9000000000000004
5482,95934.0,False,315.6,30.8,2.7
5483,95951.0,False,316.40000000000003,31.0,2.6
5484,95971.0,False,317.0,31.1,2.5
5485,95984.0,False,317.70000000000005,31.200000000000003,2.5
5486,96001.0,False,318.40000000000003,31.400000000000002,2.8000000000000003
5487,96017.0,False,319.3,31.700000000000003,3.6
5488,96033.0,False,320.6,32.1,4.7
5489,96050.0,False,322.1,32.4,5.800000000000001
5490,96067.0,False,323.90000000000003,32.5,6.7
5491,96083.0,False,325.90000000000003,32.300000000000004,6.9
5492,96100.0,False,328.0,32.1,6.5
5493,96122.0,False,330.20000000000005,31.700000000000003,5.5
5494,96133.0,False,332.20000000000005,31.5,4.1000000000000005
5495,96150.0,False,334.1,31.3,2.6
5496,96166.0,False,335.8,31.3,1.3
5497,96184.0,False,337.5,31.3,0.1
5498,96200.0,False,339.3,31.200000000000003,-0.8
5499,96221.0,False,341.20000000000005,30.900000000000002,-1.6
5500,96235.0,False,343.1,30.6,-2.2
5501,96250.0,False,345.0,30.3,-2.5
5502,96268.0,False,346.6,30.1,-2.7
5503,96284.0,False,347.90000000000003,30.1,-2.8000000000000003
5504,96300.0,False,348.90000000000003,30.200000000000003,-3.0
5505,96317.0,False,349.70000000000005,30.6,-3.1
5506,96334.0,False,350.3,31.1,-3.2
5507,96350.0,False,350.70000000000005,31.6,-3.3000000000000003
5508,96368.0,False,351.0,32.1,-3.5
5509,96384.0,False,351.1,32.5,-3.8000000000000003
5510,96400.0,False,351.0,32.800000000000004,-4.4
5511,96416.0,False,350.70000000000005,33.0,-5.2
5512,96434.0,False,350.3,33.2,-6.2
5513,96452.0,False,349.90000000000003,33.4,-7.0
5514,96466.0,False,349.5,33.4,-7.7
5515,96483.0,False,349.20000000000005,33.2,-8.0
5516,96503.0,False,348.70000000000005,32.800000000000004,-8.0
5517,96518.0,False,348.0,32.4,-7.7
5518,96533.0,False,347.40000000000003,32.300000000000004,-7.2
5519,96550.0,False,346.90000000000003,32.300000000000004,-6.4
5520,96570.0,False,346.5,32.4,-5.6000000000000005
5521,96584.0,False,346.3,32.6,-4.7
5522,96604.0,False,346.3,32.7,-3.9000000000000004
5523,96617.0,False,346.3,33.0,-3.2
5524,96633.0,False,346.3,33.300000000000004,-2.7
5525,96651.0,False,346.40000000000003,33.5,-2.4000000000000004
5526,96667.0,False,346.70000000000005,33.800000000000004,-2.4000000000000004
5527,96684.0,False,347.0,33.9,-2.5
5528,96701.0,False,347.3,34.1,-2.8000000000000003
5529,96716.0,False,347.6,34.300000000000004,-3.2
5530,96736.0,False,347.90000000000003,34.6,-3.7
5531,96750.0,False,348.1,35.0,-4.1000000000000005
5532,96766.0,False,348.40000000000003,35.4,-4.5
5533,96784.0,False,348.6,35.800000000000004,-4.7
5534,96800.0,False,348.70000000000005,36.1,-4.7
5535,96821.0,False,348.8,36.4,-4.5
5536,96833.0,False,348.8,36.5,-4.0
5537,96852.0,False,348.70000000000005,36.300000000000004,-3.4000000000000004
5538,96867.0,False,348.70000000000005,35.800000000000004,-2.9000000000000004
5539,96890.0,False,348.70000000000005,35.2,-2.6
5540,96900.0,False,348.70000000000005,34.7,-2.5
5541,96923.0,False,348.8,34.4,-2.7
5542,96933.0,False,349.0,34.2,-3.3000000000000003
5543,96950.0,False,349.5,34.2,-4.2
5544,96966.0,False,350.20000000000005,34.2,-5.4
5545,96984.0,False,351.0,34.4,-6.9
5546,97001.0,False,351.90000000000003,35.0,-8.5
5547,97017.0,False,353.0,35.800000000000004,-9.700000000000001
5548,97036.0,False,354.40000000000003,36.800000000000004,-10.5
5549,97051.0,False,356.1,37.7,-11.100000000000001
5550,97067.0,False,358.0,38.400000000000006,-11.600000000000001
5551,97085.0,False,360.0,39.1,-12.0
5552,97101.0,False,1.8,39.6,-12.4
5553,97123.0,False,3.5,40.2,-12.8
5554,97133.0,False,5.0,40.800000000000004,-12.8
5555,97151.0,False,6.300000000000001,41.5,-12.4
5556,97171.0,False,7.6000000000000005,42.1,-11.600000000000001
5557,97184.0,False,9.0,42.6,-10.4
5558,97203.0,False,10.8,42.800000000000004,-9.3
5559,97217.0,False,12.8,42.800000000000004,-8.4
5560,97234.0,False,14.9,42.7,-7.9
5561,97267.0,False,19.200000000000003,42.400000000000006,-8.1
5562,97284.0,False,21.0,42.2,-8.4
5563,97302.0,False,22.400000000000002,42.0,-8.5
5564,97316.0,False,23.700000000000003,41.6,-8.3
5565,97334.0,False,24.900000000000002,41.1,-8.0
5566,97350.0,False,26.0,40.400000000000006,-7.6000000000000005
5567,97366.0,False,27.0,39.400000000000006,-7.1000000000000005
5568,97385.0,False,27.700000000000003,38.300000000000004,-6.800000000000001
5569,97401.0,False,28.1,37.2,-6.5
5570,97416.0,False,28.200000000000003,36.2,-6.300000000000001
5571,97433.0,False,28.1,35.2,-6.2
5572,97450.0,False,27.8,34.4,-6.2
5573,97471.0,False,27.5,33.800000000000004,-6.2
5574,97484.0,False,27.200000000000003,33.6,-6.1000000000000005
5575,97501.0,False,26.900000000000002,33.4,-5.800000000000001
5576,97524.0,False,26.6,33.2,-5.4
5577,97534.0,False,26.400000000000002,32.7,-5.0
5578,97550.0,False,26.200000000000003,32.1,-4.7
5579,97567.0,False,26.1,31.400000000000002,-4.6000000000000005
5580,97584.0,False,25.900000000000002,30.8,-4.6000000000000005
5581,97600.0,False,25.700000000000003,30.400000000000002,-4.6000000000000005
5582,97620.0,False,25.700000000000003,29.900000000000002,-4.7
5583,97633.0,False,25.700000000000003,29.200000000000003,-4.9
5584,97667.0,False,25.5,28.200000000000003,-4.9
5585,97684.0,False,24.900000000000002,27.1,-4.7
5586,97702.0,False,24.6,27.0,-4.7
5587,97717.0,False,24.3,27.400000000000002,-4.9
5588,97733.0,False,24.1,27.900000000000002,-5.1000000000000005
5589,97750.0,False,23.900000000000002,28.6,-5.5
5590,97767.0,False,23.700000000000003,29.200000000000003,-5.800000000000001
5591,97784.0,False,23.3,29.8,-6.1000000000000005
5592,97801.0,False,22.900000000000002,30.200000000000003,-6.300000000000001
5593,97817.0,False,22.3,30.400000000000002,-6.300000000000001
5594,97834.0,False,21.6,30.400000000000002,-6.300000000000001
5595,97850.0,False,20.900000000000002,30.400000000000002,-6.1000000000000005
5596,97867.0,False,20.1,30.400000000000002,-5.7
5597,97884.0,False,19.3,30.3,-5.300000000000001
5598,97902.0,False,18.5,30.1,-4.800000000000001
5599,97921.0,False,17.7,29.700000000000003,-4.2
5600,97935.0,False,16.8,29.3,-3.6
5601,97951.0,False,15.9,28.8,-2.8000000000000003
5602,97968.0,False,15.0,28.0,-1.9000000000000001
5603,97984.0,False,14.100000000000001,27.1,-1.0
5604,98001.0,False,13.200000000000001,25.900000000000002,-0.1
5605,98018.0,False,12.4,24.8,0.9
5606,98034.0,False,11.600000000000001,23.6,2.2
5607,98050.0,False,10.8,22.200000000000003,3.6
5608,98073.0,False,10.3,20.6,5.0
5609,98083.0,False,10.0,18.7,6.1000000000000005
5610,98102.0,False,9.700000000000001,16.7,6.7
5611,98116.0,False,9.4,14.9,6.6000000000000005
5612,98133.0,False,9.1,13.5,6.1000000000000005
5613,98152.0,False,9.0,12.700000000000001,5.1000000000000005
5614,98166.0,False,9.0,12.3,4.0
5615,98183.0,False,9.200000000000001,12.4,3.0
5616,98201.0,False,9.700000000000001,12.8,2.5
5617,98223.0,False,10.5,13.4,2.6
5618,98234.0,False,11.5,14.100000000000001,3.1
5619,98265.0,False,13.200000000000001,14.4,4.7
5620,98284.0,False,13.9,14.4,5.300000000000001
5621,98303.0,False,14.5,14.600000000000001,5.5
5622,98322.0,False,15.0,15.200000000000001,5.4
5623,98338.0,False,15.3,16.400000000000002,5.1000000000000005
5624,98350.0,False,15.8,17.8,4.7
5625,98370.0,False,16.5,19.400000000000002,4.1000000000000005
5626,98384.0,False,17.5,20.900000000000002,3.2
5627,98400.0,False,18.8,22.1,2.1
5628,98428.0,False,21.900000000000002,24.0,-1.6
5629,98450.0,False,23.8,25.1,-4.6000000000000005
5630,98467.0,False,25.700000000000003,26.700000000000003,-8.1
5631,98490.0,False,27.8,28.700000000000003,-12.100000000000001
5632,98501.0,False,29.900000000000002,31.0,-16.0
5633,98516.0,False,32.300000000000004,33.2,-19.6
5634,98533.0,False,34.7,35.2,-22.700000000000003
5635,98549.0,False,37.0,36.6,-24.900000000000002
5636,98566.0,False,38.800000000000004,37.5,-26.200000000000003
5637,98586.0,False,40.1,37.9,-26.5
5638,98600.0,False,40.900000000000006,37.800000000000004,-26.0
5639,98616.0,False,41.2,37.300000000000004,-24.900000000000002
5640,98650.0,False,41.300000000000004,35.4,-21.900000000000002
5641,98671.0,False,41.1,34.5,-20.5
5642,98684.0,False,40.900000000000006,33.7,-19.3
5643,98705.0,False,40.6,33.0,-18.2
5644,98716.0,False,40.400000000000006,32.4,-17.400000000000002
5645,98733.0,False,40.5,32.0,-16.900000000000002
5646,98750.0,False,40.900000000000006,31.8,-16.900000000000002
5647,98767.0,False,41.400000000000006,31.700000000000003,-17.2
5648,98783.0,False,42.0,31.6,-17.8
5649,98800.0,False,42.7,31.200000000000003,-18.400000000000002
5650,98821.0,False,43.2,30.3,-18.900000000000002
5651,98833.0,False,43.2,28.900000000000002,-19.0
5652,98852.0,False,42.7,27.1,-18.5
5653,98867.0,False,42.0,25.1,-17.5
5654,98891.0,False,41.5,23.200000000000003,-16.400000000000002
5655,98901.0,False,41.1,21.3,-15.3
5656,98918.0,False,41.0,19.700000000000003,-14.4
5657,98935.0,False,40.800000000000004,18.1,-13.600000000000001
5658,98950.0,False,40.800000000000004,16.8,-13.0
5659,98967.0,False,40.7,15.600000000000001,-12.4
5660,98984.0,False,40.800000000000004,14.700000000000001,-12.0
5661,99001.0,False,41.1,14.100000000000001,-11.8
5662,99017.0,False,41.400000000000006,13.9,-11.9
5663,99033.0,False,41.5,14.0,-12.4
5664,99050.0,False,41.300000000000004,14.4,-12.9
5665,99066.0,False,40.900000000000006,14.8,-13.600000000000001
5666,99083.0,False,40.300000000000004,15.3,-14.200000000000001
5667,99101.0,False,39.400000000000006,15.700000000000001,-14.600000000000001
5668,99117.0,False,38.400000000000006,16.0,-14.8
5669,99135.0,False,37.2,16.3,-14.700000000000001
5670,99151.0,False,35.800000000000004,16.400000000000002,-14.4
5671,99167.0,False,34.300000000000004,16.5,-13.8
5672,99184.0,False,32.800000000000004,16.5,-13.100000000000001
5673,99201.0,False,31.200000000000003,16.5,-12.4
5674,99219.0,False,29.700000000000003,16.3,-11.600000000000001
5675,99234.0,False,28.3,15.9,-10.8
5676,99253.0,False,26.900000000000002,15.5,-9.9
5677,99268.0,False,25.700000000000003,15.0,-8.9
5678,99287.0,False,24.6,14.100000000000001,-7.7
5679,99301.0,False,23.8,13.200000000000001,-6.6000000000000005
5680,99317.0,False,23.3,12.3,-5.7
5681,99335.0,False,23.1,11.5,-5.2
5682,99351.0,False,23.200000000000003,11.0,-5.2
5683,99366.0,False,23.400000000000002,10.9,-5.300000000000001
5684,99384.0,False,23.900000000000002,11.200000000000001,-5.6000000000000005
5685,99401.0,False,24.8,11.8,-5.9
5686,99421.0,False,25.900000000000002,12.600000000000001,-6.300000000000001
5687,99433.0,False,27.1,13.200000000000001,-7.0
5688,99452.0,False,28.200000000000003,13.9,-7.7
5689,99468.0,False,29.200000000000003,14.5,-8.4
5690,99484.0,False,30.200000000000003,15.3,-8.8
5691,99500.0,False,31.200000000000003,16.3,-8.9
5692,99520.0,False,32.300000000000004,17.2,-8.8
5693,99534.0,False,33.300000000000004,18.0,-8.5
5694,99553.0,False,34.300000000000004,18.5,-8.1
5695,99568.0,False,35.300000000000004,18.7,-7.7
5696,99583.0,False,36.2,18.7,-7.5
5697,99601.0,False,37.300000000000004,18.7,-7.6000000000000005
5698,99619.0,False,38.400000000000006,18.7,-7.800000000000001
5699,99650.0,False,40.5,19.0,-8.3
5700,99670.0,False,41.6,19.400000000000002,-8.5
5701,99683.0,False,42.7,19.8,-8.5
5702,99701.0,False,43.900000000000006,20.1,-8.3
5703,99719.0,False,45.2,20.400000000000002,-8.0
5704,99734.0,False,46.5,20.5,-7.5
5705,99755.0,False,47.7,20.5,-7.0
5706,99767.0,False,49.0,20.5,-6.5
5707,99784.0,False,50.1,20.6,-6.1000000000000005
5708,99801.0,False,51.0,20.8,-6.0
5709,99816.0,False,51.6,21.200000000000003,-6.1000000000000005
5710,99833.0,False,52.0,21.900000000000002,-6.6000000000000005
5711,99850.0,False,52.300000000000004,22.6,-7.4
5712,99868.0,False,52.5,23.3,-8.3
5713,99885.0,False,52.5,24.0,-9.3
5714,99900.0,False,52.300000000000004,24.6,-10.4
5715,99923.0,False,51.800000000000004,25.3,-11.200000000000001
5716,99933.0,False,51.1,26.0,-11.8
5717,99951.0,False,50.2,26.6,-11.8
5718,99969.0,False,49.300000000000004,26.900000000000002,-11.4
5719,99984.0,False,48.6,26.700000000000003,-10.700000000000001
5720,100004.0,False,48.0,26.1,-10.0
5721,100017.0,False,47.5,25.1,-9.4
5722,100036.0,False,47.0,24.200000000000003,-9.0
5723,100051.0,False,46.5,23.400000000000002,-8.6
5724,100071.0,False,46.0,22.8,-8.4
5725,100084.0,False,45.6,22.3,-8.200000000000001
5726,100101.0,False,45.400000000000006,22.0,-8.1
5727,100121.0,False,45.400000000000006,21.8,-8.0
5728,100152.0,False,45.300000000000004,21.700000000000003,-7.7
5729,100167.0,False,45.1,21.6,-7.300000000000001
5730,100187.0,False,44.900000000000006,21.5,-6.800000000000001
5731,100201.0,False,44.6,21.5,-6.1000000000000005
5732,100217.0,False,44.1,21.400000000000002,-5.2
5733,100238.0,False,43.5,21.400000000000002,-4.2
5734,100250.0,False,42.800000000000004,21.3,-3.3000000000000003
5735,100268.0,False,42.1,21.1,-2.6
5736,100283.0,False,41.400000000000006,21.1,-2.3000000000000003
5737,100304.0,False,40.800000000000004,21.200000000000003,-2.3000000000000003
5738,100317.0,False,40.1,21.5,-2.8000000000000003
5739,100334.0,False,39.300000000000004,21.900000000000002,-3.6
5740,100350.0,False,38.300000000000004,22.3,-4.6000000000000005
5741,100367.0,False,37.0,22.8,-5.5
5742,100383.0,False,35.7,23.200000000000003,-6.2
5743,100400.0,False,34.4,23.5,-6.800000000000001
5744,100416.0,False,33.1,23.900000000000002,-7.1000000000000005
5745,100433.0,False,31.6,24.1,-7.1000000000000005
5746,100450.0,False,30.3,24.400000000000002,-6.800000000000001
5747,100467.0,False,29.1,24.6,-6.300000000000001
5748,100485.0,False,28.0,24.8,-5.5
5749,100500.0,False,27.0,24.900000000000002,-4.800000000000001
5750,100517.0,False,26.200000000000003,24.8,-4.2
5751,100537.0,False,25.3,24.700000000000003,-3.5
5752,100552.0,False,24.5,24.6,-2.5
5753,100567.0,False,23.8,24.5,-1.2000000000000002
5754,100587.0,False,23.400000000000002,24.3,0.1
5755,100600.0,False,23.3,23.8,1.4000000000000001
5756,100617.0,False,23.3,23.400000000000002,2.4000000000000004
5757,100634.0,False,23.6,23.3,3.2
5758,100650.0,False,24.0,23.5,3.7
5759,100669.0,False,24.5,24.0,3.9000000000000004
5760,100683.0,False,25.3,24.900000000000002,3.8000000000000003
5761,100700.0,False,26.400000000000002,26.1,3.3000000000000003
5762,100719.0,False,27.700000000000003,27.6,2.3000000000000003
5763,100733.0,False,29.0,29.3,1.1
5764,100750.0,False,29.900000000000002,30.900000000000002,-0.5
5765,100767.0,False,30.400000000000002,32.300000000000004,-2.3000000000000003
5766,100783.0,False,30.6,33.300000000000004,-4.2
5767,100800.0,False,30.700000000000003,34.1,-5.9
5768,100817.0,False,30.8,34.9,-7.300000000000001
5769,100834.0,False,31.0,35.6,-8.3
5770,100852.0,False,31.3,36.4,-8.700000000000001
5771,100867.0,False,31.700000000000003,37.0,-8.700000000000001
5772,100888.0,False,32.300000000000004,37.4,-8.200000000000001
5773,100900.0,False,33.0,37.6,-7.4
5774,100918.0,False,33.800000000000004,37.7,-6.5
5775,100933.0,False,34.5,37.7,-5.6000000000000005
5776,100953.0,False,35.300000000000004,37.800000000000004,-4.800000000000001
5777,100967.0,False,36.1,37.9,-4.3
5778,101000.0,False,37.5,38.5,-4.4
5779,101017.0,False,38.1,38.800000000000004,-4.800000000000001
5780,101033.0,False,38.5,38.900000000000006,-5.300000000000001
5781,101051.0,False,38.7,38.6,-5.800000000000001
5782,101067.0,False,38.400000000000006,38.0,-6.1000000000000005
5783,101083.0,False,37.800000000000004,37.2,-6.300000000000001
5784,101107.0,False,36.9,36.5,-6.300000000000001
5785,101116.0,False,36.0,35.800000000000004,-6.0
5786,101133.0,False,35.300000000000004,35.2,-5.5
5787,101150.0,False,34.6,34.5,-4.7
5788,101166.0,False,33.800000000000004,33.800000000000004,-3.6
5789,101183.0,False,32.800000000000004,32.9,-2.5
5790,101200.0,False,31.6,32.0,-1.4000000000000001
5791,101220.0,False,30.5,31.1,-0.5
5792,101234.0,False,29.5,30.3,0.1
5793,101250.0,False,28.900000000000002,29.8,0.4
5794,101267.0,False,28.5,29.5,0.2
5795,101283.0,False,28.3,29.5,-0.5
5796,101300.0,False,28.3,29.900000000000002,-1.4000000000000001
5797,101316.0,False,28.400000000000002,30.700000000000003,-2.5
5798,101333.0,False,28.6,31.700000000000003,-3.6
5799,101351.0,False,28.700000000000003,32.9,-4.4
5800,101366.0,False,28.700000000000003,34.0,-4.9
5801,101383.0,False,28.400000000000002,34.7,-5.1000000000000005
5802,101403.0,False,27.700000000000003,35.1,-5.1000000000000005
5803,101419.0,False,26.900000000000002,35.2,-4.9
5804,101434.0,False,25.900000000000002,35.1,-4.6000000000000005
5805,101450.0,False,24.8,34.800000000000004,-4.5
5806,101467.0,False,23.5,34.4,-4.3
5807,101483.0,False,22.0,33.9,-4.1000000000000005
5808,101506.0,False,20.3,33.0,-3.8000000000000003
5809,101516.0,False,18.400000000000002,31.700000000000003,-3.6
5810,101536.0,False,16.5,30.0,-3.5
5811,101550.0,False,14.5,28.0,-3.3000000000000003
5812,101571.0,False,12.5,25.6,-3.2
5813,101584.0,False,10.4,22.900000000000002,-2.9000000000000004
5814,101610.0,False,8.5,20.0,-2.4000000000000004
5815,101634.0,False,5.300000000000001,13.600000000000001,-1.9000000000000001
5816,101650.0,False,3.8000000000000003,10.5,-1.7000000000000002
5817,101668.0,False,2.6,7.9,-1.6
5818,101683.0,False,1.5,6.0,-1.7000000000000002
5819,101700.0,False,0.7000000000000001,4.800000000000001,-1.9000000000000001
5820,101718.0,False,0.30000000000000004,4.5,-2.3000000000000003
5821,101734.0,False,0.4,4.5,-2.5
5822,101750.0,False,1.0,4.6000000000000005,-2.5
5823,101767.0,False,1.9000000000000001,4.7,-2.3000000000000003
5824,101784.0,False,3.0,4.7,-2.0
5825,101800.0,False,4.1000000000000005,5.0,-1.5
5826,101816.0,False,5.2,5.5,-0.9
5827,101850.0,False,7.6000000000000005,7.4,0.6000000000000001
5828,101867.0,False,9.0,8.6,1.4000000000000001
5829,101883.0,False,10.4,9.600000000000001,2.1
5830,101900.0,False,11.700000000000001,10.4,2.6
5831,101920.0,False,12.700000000000001,10.9,2.9000000000000004
5832,101933.0,False,13.5,11.100000000000001,2.7
5833,101950.0,False,14.100000000000001,11.4,2.1
5834,101967.0,False,14.600000000000001,12.0,1.4000000000000001
5835,101987.0,False,15.100000000000001,13.100000000000001,0.8
5836,102003.0,False,15.700000000000001,14.700000000000001,0.5
5837,102016.0,False,16.6,16.6,0.30000000000000004
5838,102033.0,False,17.8,18.400000000000002,0.0
5839,102050.0,False,19.1,19.900000000000002,-0.1
5840,102067.0,False,20.400000000000002,21.400000000000002,0.2
5841,102083.0,False,22.1,22.900000000000002,0.5
5842,102113.0,False,25.5,26.3,1.0
5843,102134.0,False,26.900000000000002,27.900000000000002,1.0
5844,102151.0,False,28.200000000000003,29.5,0.8
5845,102167.0,False,29.400000000000002,30.900000000000002,0.5
5846,102183.0,False,30.400000000000002,32.2,0.2
5847,102204.0,False,31.3,33.300000000000004,-0.1
5848,102217.0,False,31.8,34.0,-0.30000000000000004
5849,102233.0,False,31.900000000000002,34.300000000000004,-0.2
5850,102250.0,False,31.8,34.2,-0.1
5851,102267.0,False,31.400000000000002,33.9,-0.1
5852,102284.0,False,31.1,33.5,-0.1
5853,102301.0,False,31.0,33.2,-0.30000000000000004
5854,102318.0,False,31.200000000000003,33.0,-0.5
5855,102334.0,False,31.6,32.800000000000004,-0.6000000000000001
5856,102350.0,False,32.1,32.6,-0.5
5857,102366.0,False,32.6,32.300000000000004,-0.30000000000000004
5858,102388.0,False,32.9,32.0,-0.1
5859,102404.0,False,33.2,31.8,0.0
5860,102426.0,False,33.800000000000004,31.5,-0.4
5861,102451.0,False,34.2,31.8,-1.0
5862,102467.0,False,34.5,32.2,-1.7000000000000002
5863,102485.0,False,34.9,32.7,-2.5
5864,102504.0,False,35.2,33.2,-3.4000000000000004
5865,102519.0,False,35.6,33.6,-4.2
5866,102533.0,False,35.9,33.9,-5.0
5867,102555.0,False,36.0,34.1,-5.800000000000001
5868,102567.0,False,36.0,34.2,-6.5
5869,102584.0,False,35.800000000000004,34.2,-7.0
5870,102600.0,False,35.2,34.1,-7.2
5871,102622.0,False,34.5,33.800000000000004,-7.1000000000000005
5872,102651.0,False,32.6,33.0,-5.800000000000001
5873,102666.0,False,31.5,32.5,-4.5
5874,102684.0,False,30.400000000000002,32.0,-2.8000000000000003
5875,102700.0,False,29.200000000000003,31.5,-0.7000000000000001
5876,102716.0,False,27.900000000000002,30.8,1.7000000000000002
5877,102734.0,False,26.6,30.0,4.2
5878,102753.0,False,25.400000000000002,29.200000000000003,6.7
5879,102768.0,False,24.400000000000002,28.400000000000002,8.8
5880,102787.0,False,23.700000000000003,27.700000000000003,10.600000000000001
5881,102806.0,False,23.200000000000003,27.1,11.8
5882,102817.0,False,23.1,26.700000000000003,12.4
5883,102837.0,False,23.200000000000003,26.400000000000002,12.4
5884,102850.0,False,23.5,26.0,12.0
5885,102871.0,False,23.8,25.700000000000003,11.200000000000001
5886,102883.0,False,24.3,25.3,10.3
5887,102918.0,False,25.6,24.5,8.200000000000001
5888,102933.0,False,26.700000000000003,24.200000000000003,6.9
5889,102950.0,False,27.900000000000002,24.1,5.4
5890,102968.0,False,29.200000000000003,24.200000000000003,3.9000000000000004
5891,102990.0,False,30.5,24.5,2.5
5892,103002.0,False,31.900000000000002,25.0,1.4000000000000001
5893,103016.0,False,33.300000000000004,25.700000000000003,0.8
5894,103033.0,False,34.7,26.5,0.5
5895,103050.0,False,36.300000000000004,27.200000000000003,0.6000000000000001
5896,103066.0,False,38.0,27.8,1.0
5897,103083.0,False,40.0,28.1,1.2000000000000002
5898,103103.0,False,42.0,28.0,1.3
5899,103118.0,False,43.900000000000006,27.700000000000003,1.0
5900,103133.0,False,45.7,27.3,0.2
5901,103150.0,False,47.2,26.900000000000002,-0.7000000000000001
5902,103166.0,False,48.6,26.700000000000003,-1.9000000000000001
5903,103183.0,False,49.900000000000006,26.6,-3.0
5904,103207.0,False,51.2,26.6,-4.1000000000000005
5905,103216.0,False,52.7,26.6,-5.0
5906,103233.0,False,54.300000000000004,26.6,-5.9
5907,103251.0,False,55.800000000000004,26.400000000000002,-6.6000000000000005
5908,103267.0,False,57.300000000000004,26.200000000000003,-7.4
5909,103285.0,False,58.7,26.1,-8.200000000000001
5910,103303.0,False,60.0,26.1,-9.200000000000001
5911,103317.0,False,61.1,26.3,-10.200000000000001
5912,103333.0,False,62.0,26.8,-11.200000000000001
5913,103352.0,False,62.900000000000006,27.5,-12.100000000000001
5914,103367.0,False,63.800000000000004,28.200000000000003,-12.9
5915,103386.0,False,64.60000000000001,28.900000000000002,-13.4
5916,103410.0,False,65.10000000000001,29.400000000000002,-13.9
5917,103416.0,False,65.2,29.6,-14.200000000000001
5918,103450.0,False,64.3,29.8,-14.9
5919,103471.0,False,63.5,29.8,-15.200000000000001
5920,103483.0,False,62.400000000000006,29.900000000000002,-15.200000000000001
5921,103507.0,False,61.300000000000004,29.6,-15.0
5922,103516.0,False,59.800000000000004,28.900000000000002,-14.600000000000001
5923,103533.0,False,58.0,28.1,-13.9
5924,103549.0,False,55.800000000000004,27.1,-13.200000000000001
5925,103566.0,False,53.5,26.1,-12.5
5926,103605.0,False,48.900000000000006,24.3,-11.8
5927,103617.0,False,46.800000000000004,23.400000000000002,-11.9
5928,103633.0,False,44.800000000000004,22.3,-12.200000000000001
5929,103649.0,False,42.7,21.0,-12.100000000000001
5930,103669.0,False,40.800000000000004,19.5,-11.8
5931,103683.0,False,39.1,18.0,-10.9
5932,103707.0,False,37.4,16.5,-9.3
5933,103718.0,False,35.800000000000004,14.9,-7.4
5934,103733.0,False,34.300000000000004,13.100000000000001,-5.4
5935,103749.0,False,32.9,11.100000000000001,-3.5
5936,103774.0,False,31.5,8.9,-1.8
5937,103784.0,False,30.200000000000003,6.7,-0.2
5938,103803.0,False,29.0,4.7,1.1
5939,103816.0,False,27.900000000000002,3.2,1.8
5940,103837.0,False,27.200000000000003,2.3000000000000003,2.1
5941,103852.0,False,26.8,1.9000000000000001,2.2
5942,103866.0,False,26.3,2.5,2.5
5943,103884.0,False,25.3,3.8000000000000003,0.0
5944,103904.0,False,23.3,6.1000000000000005,-4.0
5945,103924.0,False,20.700000000000003,8.6,-9.5
5946,103933.0,False,17.7,10.3,-13.5
5947,103950.0,False,15.5,11.5,-15.4
5948,103967.0,False,14.3,12.0,-14.600000000000001
5949,103983.0,False,14.8,11.700000000000001,-12.700000000000001
5950,104003.0,False,16.2,11.0,-11.200000000000001
5951,104016.0,False,17.8,10.4,-10.5
5952,104034.0,False,19.1,10.100000000000001,-9.700000000000001
5953,104052.0,False,20.200000000000003,10.600000000000001,-8.6
5954,104066.0,False,21.5,12.0,-7.4
5955,104083.0,False,23.1,14.0,-7.1000000000000005
5956,104105.0,False,25.0,16.3,-8.3
5957,104116.0,False,26.8,18.6,-9.8
5958,104134.0,False,28.3,20.400000000000002,-11.100000000000001
5959,104152.0,False,29.5,21.6,-12.0
5960,104167.0,False,30.6,22.5,-12.3
5961,104186.0,False,31.700000000000003,23.200000000000003,-12.200000000000001
5962,104203.0,False,33.300000000000004,23.900000000000002,-11.8
5963,104233.0,False,37.300000000000004,25.8,-11.200000000000001
5964,104250.0,False,39.7,26.900000000000002,-11.100000000000001
5965,104268.0,False,41.900000000000006,27.8,-11.200000000000001
5966,104284.0,False,44.1,28.6,-11.700000000000001
5967,104310.0,False,47.6,29.700000000000003,-13.700000000000001
5968,104333.0,False,48.800000000000004,30.400000000000002,-14.8
5969,104349.0,False,49.900000000000006,31.1,-15.5
5970,104367.0,False,50.900000000000006,31.900000000000002,-16.1
5971,104383.0,False,52.2,32.6,-16.7
5972,104401.0,False,53.5,33.0,-17.5
5973,104422.0,False,54.800000000000004,33.300000000000004,-18.2
5974,104434.0,False,55.900000000000006,33.300000000000004,-18.900000000000002
5975,104450.0,False,57.0,33.300000000000004,-19.5
5976,104467.0,False,57.900000000000006,33.2,-20.3
5977,104484.0,False,58.6,33.300000000000004,-21.0
5978,104503.0,False,59.1,33.7,-21.5
5979,104519.0,False,59.300000000000004,34.2,-21.700000000000003
5980,104534.0,False,59.5,34.7,-21.5
5981,104554.0,False,59.800000000000004,35.1,-21.1
5982,104567.0,False,60.0,35.300000000000004,-20.700000000000003
5983,104583.0,False,60.0,35.4,-20.1
5984,104606.0,False,59.7,35.4,-19.5
5985,104617.0,False,59.2,35.4,-18.8
5986,104633.0,False,58.800000000000004,35.4,-18.0
5987,104650.0,False,58.5,35.5,-17.1
5988,104670.0,False,58.400000000000006,35.6,-16.2
5989,104683.0,False,58.5,35.6,-15.4
5990,104702.0,False,58.5,35.6,-14.9
5991,104720.0,False,58.400000000000006,35.6,-14.5
5992,104733.0,False,58.2,35.7,-14.0
5993,104750.0,False,57.800000000000004,35.9,-13.4
5994,104766.0,False,57.2,36.0,-12.700000000000001
5995,104783.0,False,56.800000000000004,35.9,-12.0
5996,104800.0,False,56.400000000000006,35.5,-11.600000000000001
5997,104829.0,False,55.5,34.300000000000004,-11.200000000000001
5998,104849.0,False,55.1,33.4,-11.5
5999,104867.0,False,54.7,32.6,-11.8
6000,104884.0,False,54.400000000000006,31.8,-12.200000000000001
6001,104911.0,False,54.1,31.3,-12.5
6002,104917.0,False,53.800000000000004,31.1,-12.5
6003,104933.0,False,53.5,31.0,-12.100000000000001
6004,104950.0,False,53.2,31.0,-11.5
6005,104975.0,False,53.0,30.900000000000002,-10.9
6006,104989.0,False,52.800000000000004,30.8,-10.200000000000001
6007,105007.0,False,52.6,30.700000000000003,-9.600000000000001
6008,105018.0,False,52.300000000000004,30.5,-9.1
6009,105033.0,False,51.900000000000006,30.200000000000003,-8.6
6010,105050.0,False,51.400000000000006,29.900000000000002,-8.3
6011,105072.0,False,50.900000000000006,29.700000000000003,-8.200000000000001
6012,105083.0,False,50.400000000000006,29.3,-8.1
6013,105109.0,False,49.900000000000006,29.0,-8.200000000000001
6014,105117.0,False,49.400000000000006,28.6,-8.4
6015,105135.0,False,49.0,28.3,-8.8
6016,105150.0,False,48.6,28.0,-9.4
6017,105169.0,False,48.300000000000004,27.8,-10.0
6018,105184.0,False,48.0,27.8,-10.8
6019,105201.0,False,47.800000000000004,27.900000000000002,-11.9
6020,105220.0,False,47.5,28.1,-12.8
6021,105252.0,False,47.2,28.8,-13.100000000000001
6022,105266.0,False,47.5,29.1,-12.9
6023,105283.0,False,48.0,29.400000000000002,-12.600000000000001
6024,105300.0,False,48.6,29.8,-12.5
6025,105318.0,False,49.2,30.200000000000003,-12.5
6026,105339.0,False,49.800000000000004,30.900000000000002,-12.0
6027,105366.0,False,49.900000000000006,31.200000000000003,-11.200000000000001
6028,105382.0,False,50.1,31.5,-10.100000000000001
6029,105400.0,False,50.5,31.700000000000003,-8.9
6030,105416.0,False,51.2,31.900000000000002,-7.9
6031,105432.0,False,52.2,32.0,-7.4
6032,105449.0,False,53.2,32.0,-7.300000000000001
6033,105466.0,False,54.2,31.8,-7.7
6034,105483.0,False,55.0,31.5,-8.4
6035,105503.0,False,55.5,31.200000000000003,-9.3
6036,105516.0,False,55.800000000000004,30.700000000000003,-10.100000000000001
6037,105533.0,False,55.900000000000006,30.200000000000003,-10.600000000000001
6038,105550.0,False,55.900000000000006,29.700000000000003,-10.8
6039,105567.0,False,56.0,29.1,-10.700000000000001
6040,105588.0,False,56.2,28.5,-10.5
6041,105599.0,False,56.5,27.900000000000002,-10.200000000000001
6042,105616.0,False,56.800000000000004,27.400000000000002,-9.8
6043,105632.0,False,57.2,27.1,-9.4
6044,105649.0,False,57.6,27.1,-9.1
6045,105669.0,False,58.0,27.400000000000002,-9.1
6046,105683.0,False,58.300000000000004,27.6,-9.5
6047,105699.0,False,58.400000000000006,27.8,-10.100000000000001
6048,105719.0,False,58.6,27.8,-10.9
6049,105733.0,False,58.800000000000004,27.6,-11.9
6050,105750.0,False,59.0,27.3,-12.9
6051,105766.0,False,59.1,27.0,-14.0
6052,105783.0,False,59.0,26.900000000000002,-14.9
6053,105800.0,False,58.7,26.8,-15.5
6054,105821.0,False,58.400000000000006,27.0,-15.600000000000001
6055,105834.0,False,58.300000000000004,27.3,-15.5
6056,105849.0,False,58.400000000000006,27.700000000000003,-15.4
6057,105866.0,False,58.5,28.1,-15.3
6058,105887.0,False,58.5,28.6,-15.3
6059,105903.0,False,58.300000000000004,29.200000000000003,-14.9
6060,105917.0,False,58.0,29.700000000000003,-14.100000000000001
6061,105934.0,False,57.7,30.1,-13.100000000000001
6062,105950.0,False,57.6,30.3,-12.200000000000001
6063,105968.0,False,57.5,30.3,-11.8
6064,105983.0,False,57.2,30.1,-11.600000000000001
6065,106009.0,False,56.900000000000006,29.8,-11.4
6066,106016.0,False,56.400000000000006,29.6,-11.0
6067,106034.0,False,56.1,29.400000000000002,-10.3
6068,106050.0,False,55.900000000000006,29.400000000000002,-9.5
6069,106066.0,False,55.800000000000004,29.400000000000002,-8.700000000000001
6070,106083.0,False,55.7,29.3,-7.800000000000001
6071,106100.0,False,55.6,29.1,-6.800000000000001
6072,106123.0,False,55.5,28.900000000000002,-5.6000000000000005
6073,106133.0,False,55.400000000000006,28.6,-4.4
6074,106150.0,False,55.2,28.200000000000003,-3.1
6075,106167.0,False,55.2,27.900000000000002,-1.7000000000000002
6076,106183.0,False,55.300000000000004,27.6,-0.4
6077,106202.0,False,55.5,27.400000000000002,0.9
6078,106218.0,False,55.800000000000004,27.3,2.0
6079,106237.0,False,56.1,27.3,2.8000000000000003
6080,106250.0,False,56.400000000000006,27.400000000000002,3.2
6081,106266.0,False,56.6,27.5,3.4000000000000004
6082,106283.0,False,56.7,27.700000000000003,3.4000000000000004
6083,106303.0,False,56.7,28.0,3.2
6084,106319.0,False,56.5,28.3,3.3000000000000003
6085,106334.0,False,56.400000000000006,28.700000000000003,3.5
6086,106349.0,False,56.300000000000004,29.1,3.9000000000000004
6087,106366.0,False,56.2,29.6,4.3
6088,106389.0,False,56.2,30.1,4.800000000000001
6089,106400.0,False,56.300000000000004,30.5,5.0
6090,106423.0,False,56.300000000000004,30.900000000000002,5.1000000000000005
6091,106439.0,False,56.300000000000004,31.3,5.2
6092,106449.0,False,56.400000000000006,31.900000000000002,5.1000000000000005
6093,106466.0,False,56.800000000000004,32.5,4.800000000000001
6094,106485.0,False,57.6,33.300000000000004,4.0
6095,106500.0,False,58.5,34.300000000000004,2.6
6096,106525.0,False,59.900000000000006,36.2,-1.3
6097,106550.0,False,60.2,37.2,-3.1
6098,106566.0,False,60.1,38.300000000000004,-4.3
6099,106586.0,False,59.900000000000006,39.400000000000006,-4.6000000000000005
6100,106600.0,False,59.900000000000006,40.7,-4.3
6101,106626.0,False,60.2,43.300000000000004,-2.5
6102,106650.0,False,60.400000000000006,44.400000000000006,-1.7000000000000002
6103,106666.0,False,60.6,45.2,-1.2000000000000002
6104,106687.0,False,60.7,45.6,-1.2000000000000002
6105,106700.0,False,60.800000000000004,45.7,-1.6
6106,106716.0,False,61.0,45.5,-2.7
6107,106734.0,False,61.400000000000006,44.900000000000006,-4.4
6108,106750.0,False,61.5,44.300000000000004,-6.1000000000000005
6109,106769.0,False,61.400000000000006,43.900000000000006,-7.5
6110,106783.0,False,60.800000000000004,43.7,-8.3
6111,106800.0,False,60.1,44.0,-8.200000000000001
6112,106824.0,False,59.300000000000004,44.5,-7.7
6113,106834.0,False,58.800000000000004,45.1,-7.0
6114,106849.0,False,58.400000000000006,45.7,-6.4
6115,106866.0,False,58.0,46.1,-6.0
6116,106883.0,False,57.5,46.2,-5.9
6117,106900.0,False,57.1,46.1,-6.300000000000001
6118,106916.0,False,56.6,45.7,-6.800000000000001
6119,106933.0,False,56.2,45.2,-7.5
6120,106950.0,False,56.1,44.6,-8.1
6121,106988.0,False,56.300000000000004,43.7,-9.9
6122,107000.0,False,56.7,43.300000000000004,-11.3
6123,107025.0,False,57.300000000000004,43.2,-13.100000000000001
6124,107033.0,False,58.0,43.300000000000004,-15.3
6125,107050.0,False,58.400000000000006,43.800000000000004,-17.3
6126,107066.0,False,58.5,44.6,-19.0
6127,107082.0,False,58.2,45.6,-20.0
6128,107099.0,False,57.2,46.6,-20.3
6129,107117.0,False,55.900000000000006,47.300000000000004,-19.8
6130,107133.0,False,54.300000000000004,47.7,-18.7
6131,107149.0,False,52.5,47.7,-17.3
6132,107166.0,False,50.6,47.300000000000004,-15.600000000000001
6133,107187.0,False,48.5,46.7,-13.700000000000001
6134,107200.0,False,46.400000000000006,45.800000000000004,-11.600000000000001
6135,107236.0,False,42.5,43.400000000000006,-7.4
6136,107252.0,False,41.0,42.1,-5.7
6137,107266.0,False,40.0,40.7,-4.5
6138,107283.0,False,39.300000000000004,39.400000000000006,-3.8000000000000003
6139,107300.0,False,38.800000000000004,38.300000000000004,-3.5
6140,107319.0,False,38.300000000000004,37.4,-3.5
6141,107333.0,False,37.800000000000004,36.7,-3.8000000000000003
6142,107349.0,False,37.4,36.300000000000004,-4.1000000000000005
6143,107366.0,False,37.1,36.2,-4.6000000000000005
6144,107388.0,False,37.0,36.4,-5.0
6145,107400.0,False,37.1,36.9,-5.5
6146,107424.0,False,37.4,37.6,-6.0
6147,107433.0,False,37.800000000000004,38.5,-6.4
6148,107449.0,False,38.400000000000006,39.5,-6.800000000000001
6149,107466.0,False,39.1,40.6,-7.4
6150,107484.0,False,40.0,41.6,-8.1
6151,107504.0,False,40.800000000000004,42.6,-9.0
6152,107517.0,False,41.6,43.5,-9.9
6153,107566.0,False,44.1,45.1,-13.0
6154,107583.0,False,44.800000000000004,45.300000000000004,-14.3
6155,107602.0,False,45.300000000000004,45.400000000000006,-15.3
6156,107622.0,False,45.5,45.400000000000006,-16.2
6157,107634.0,False,45.6,45.300000000000004,-16.7
6158,107649.0,False,45.5,45.1,-17.1
6159,107667.0,False,45.400000000000006,44.800000000000004,-17.5
6160,107683.0,False,45.300000000000004,44.400000000000006,-18.1
6161,107700.0,False,45.5,44.0,-18.900000000000002
6162,107723.0,False,45.800000000000004,43.7,-19.700000000000003
6163,107734.0,False,46.1,43.5,-20.5
6164,107752.0,False,46.400000000000006,43.300000000000004,-21.0
6165,107774.0,False,46.400000000000006,43.1,-21.200000000000003
6166,107783.0,False,46.300000000000004,42.5,-21.200000000000003
6167,107801.0,False,46.1,41.5,-21.1
6168,107818.0,False,45.7,40.1,-21.1
6169,107834.0,False,45.2,38.6,-20.900000000000002
6170,107850.0,False,44.5,37.2,-20.400000000000002
6171,107867.0,False,43.7,36.0,-19.400000000000002
6172,107887.0,False,43.0,35.0,-18.1
6173,107900.0,False,42.5,34.2,-16.6
6174,107929.0,False,42.0,33.5,-15.3
6175,107951.0,False,41.2,32.0,-14.100000000000001
6176,107967.0,False,40.7,31.3,-14.0
6177,107983.0,False,40.300000000000004,30.6,-14.100000000000001
6178,108000.0,False,40.1,30.0,-14.3
6179,108022.0,False,40.1,29.6,-14.4
6180,108033.0,False,40.5,29.400000000000002,-14.5
6181,108052.0,False,41.0,29.3,-14.600000000000001
6182,108066.0,False,41.800000000000004,29.400000000000002,-14.700000000000001
6183,108084.0,False,42.6,29.6,-14.8
6184,108099.0,False,43.5,29.900000000000002,-14.9
6185,108128.0,False,45.400000000000006,30.200000000000003,-15.3
6186,108149.0,False,46.400000000000006,30.3,-15.5
6187,108166.0,False,47.400000000000006,30.3,-15.9
6188,108184.0,False,48.400000000000006,30.1,-16.2
6189,108200.0,False,49.5,30.0,-16.6
6190,108218.0,False,50.7,29.900000000000002,-16.900000000000002
6191,108233.0,False,51.900000000000006,29.8,-17.1
6192,108250.0,False,53.1,29.900000000000002,-17.2
6193,108268.0,False,54.300000000000004,30.0,-17.400000000000002
6194,108283.0,False,55.5,30.200000000000003,-17.7
6195,108300.0,False,56.7,30.5,-18.1
6196,108317.0,False,57.800000000000004,30.700000000000003,-18.7
6197,108333.0,False,58.7,31.1,-19.3
6198,108354.0,False,59.400000000000006,31.6,-19.5
6199,108367.0,False,59.7,32.1,-19.400000000000002
6200,108386.0,False,59.900000000000006,32.7,-18.900000000000002
6201,108401.0,False,59.900000000000006,33.300000000000004,-18.1
6202,108418.0,False,59.900000000000006,33.800000000000004,-17.1
6203,108433.0,False,59.6,34.1,-16.0
6204,108450.0,False,58.900000000000006,34.4,-14.9
6205,108466.0,False,57.7,34.7,-13.600000000000001
6206,108483.0,False,56.300000000000004,34.9,-12.200000000000001
6207,108499.0,False,54.900000000000006,35.0,-10.700000000000001
6208,108516.0,False,53.800000000000004,35.1,-9.200000000000001
6209,108535.0,False,52.900000000000006,35.1,-8.0
6210,108550.0,False,52.300000000000004,35.0,-7.0
6211,108568.0,False,51.800000000000004,35.0,-6.300000000000001
6212,108583.0,False,51.2,35.0,-5.800000000000001
6213,108600.0,False,50.7,35.1,-5.300000000000001
6214,108616.0,False,50.2,35.300000000000004,-4.9
6215,108635.0,False,49.7,35.5,-4.5
6216,108649.0,False,49.300000000000004,35.7,-4.2
6217,108666.0,False,48.800000000000004,36.0,-3.8000000000000003
6218,108683.0,False,48.2,36.300000000000004,-3.1
6219,108700.0,False,47.6,36.5,-2.3000000000000003
6220,108722.0,False,47.0,36.4,-1.5
6221,108733.0,False,46.6,36.1,-0.7000000000000001
6222,108750.0,False,46.300000000000004,35.4,-0.1
6223,108768.0,False,46.0,34.6,0.4
6224,108783.0,False,45.6,33.7,1.0
6225,108806.0,False,45.5,32.0,2.6
6226,108833.0,False,46.0,31.6,3.0
6227,108849.0,False,46.800000000000004,31.400000000000002,3.0
6228,108867.0,False,47.6,31.700000000000003,2.5
6229,108883.0,False,48.400000000000006,32.1,1.5
6230,108900.0,False,49.0,32.5,0.4
6231,108937.0,False,49.400000000000006,32.7,-0.6000000000000001
6232,108949.0,False,50.0,32.7,-1.6
6233,108968.0,False,50.400000000000006,32.4,-1.6
6234,108983.0,False,50.900000000000006,31.900000000000002,-1.5
6235,109005.0,False,51.300000000000004,31.200000000000003,-1.1
6236,109016.0,False,51.7,30.5,-0.8
6237,109035.0,False,52.2,29.6,-0.4
6238,109049.0,False,52.5,28.6,0.1
6239,109069.0,False,52.5,27.8,1.1
6240,109083.0,False,52.300000000000004,27.1,2.9000000000000004
6241,109099.0,False,52.5,26.6,4.9
6242,109119.0,False,53.1,26.400000000000002,6.5
6243,109133.0,False,54.1,26.400000000000002,7.300000000000001
6244,109150.0,False,55.2,26.700000000000003,6.9
6245,109166.0,False,56.1,27.400000000000002,5.7
6246,109183.0,False,56.800000000000004,28.400000000000002,4.1000000000000005
6247,109200.0,False,57.2,29.6,2.7
6248,109223.0,False,57.400000000000006,30.8,1.5
6249,109234.0,False,57.5,32.0,0.5
6250,109250.0,False,57.400000000000006,33.1,-0.30000000000000004
6251,109266.0,False,57.0,34.0,-0.8
6252,109292.0,False,56.6,35.5,-1.5
6253,109317.0,False,56.900000000000006,36.1,-1.7000000000000002
6254,109333.0,False,57.400000000000006,36.800000000000004,-2.0
6255,109352.0,False,58.1,37.5,-2.3000000000000003
6256,109366.0,False,58.6,38.2,-2.6
6257,109383.0,False,59.1,38.900000000000006,-2.8000000000000003
6258,109399.0,False,59.7,39.400000000000006,-3.0
6259,109432.0,False,61.800000000000004,40.0,-4.1000000000000005
6260,109449.0,False,63.0,40.2,-4.9
6261,109467.0,False,64.10000000000001,40.5,-5.800000000000001
6262,109483.0,False,65.2,40.7,-6.800000000000001
6263,109533.0,False,67.5,41.5,-9.700000000000001
6264,109550.0,False,67.9,41.6,-9.9
6265,109567.0,False,68.3,41.400000000000006,-9.700000000000001
6266,109583.0,False,68.5,41.1,-8.9
6267,109600.0,False,68.60000000000001,40.5,-7.800000000000001
6268,109625.0,False,68.60000000000001,39.7,-6.4
6269,109633.0,False,68.8,38.800000000000004,-5.4
6270,109651.0,False,69.10000000000001,37.800000000000004,-5.0
6271,109666.0,False,69.4,37.0,-5.2
6272,109684.0,False,69.60000000000001,36.300000000000004,-5.9
6273,109700.0,False,69.5,35.800000000000004,-6.4
6274,109727.0,False,68.8,35.6,-5.7
6275,109750.0,False,68.4,35.7,-4.6000000000000005
6276,109771.0,False,68.3,35.9,-3.5
6277,109783.0,False,68.2,36.0,-2.3000000000000003
6278,109803.0,False,68.3,36.1,-1.2000000000000002
6279,109818.0,False,68.5,36.1,-0.2
6280,109833.0,False,68.7,36.0,0.6000000000000001
6281,109851.0,False,68.9,35.7,1.2000000000000002
6282,109866.0,False,68.9,35.300000000000004,1.7000000000000002
6283,109886.0,False,68.7,34.7,2.1
6284,109900.0,False,68.4,34.0,2.5
6285,109921.0,False,67.8,33.1,3.1
6286,109933.0,False,67.0,32.0,3.8000000000000003
6287,109949.0,False,66.3,30.8,4.6000000000000005
6288,109966.0,False,65.7,29.5,5.5
6289,109983.0,False,65.2,28.400000000000002,6.2
6290,110000.0,False,64.8,27.6,6.7
6291,110018.0,False,64.5,27.1,7.300000000000001
6292,110033.0,False,64.0,27.1,7.9
6293,110049.0,False,63.7,27.3,8.6
6294,110067.0,False,63.6,27.700000000000003,9.600000000000001
6295,110083.0,False,64.10000000000001,28.1,10.5
6296,110100.0,False,64.7,28.200000000000003,10.9
6297,110119.0,False,65.2,28.200000000000003,10.600000000000001
6298,110133.0,False,65.4,28.0,10.100000000000001
6299,110149.0,False,65.2,27.6,9.700000000000001
6300,110166.0,False,64.8,27.400000000000002,10.0
6301,110186.0,False,64.60000000000001,27.1,10.700000000000001
6302,110200.0,False,64.5,26.8,11.600000000000001
6303,110226.0,False,64.7,26.3,12.200000000000001
6304,110233.0,False,64.9,25.8,12.3
6305,110249.0,False,65.0,25.200000000000003,12.0
6306,110266.0,False,65.0,24.8,11.3
6307,110283.0,False,64.8,24.6,10.700000000000001
6308,110304.0,False,64.60000000000001,24.700000000000003,10.5
6309,110317.0,False,64.60000000000001,25.200000000000003,10.700000000000001
6310,110333.0,False,64.8,25.8,11.0
6311,110350.0,False,65.3,26.6,11.3
6312,110366.0,False,65.8,27.400000000000002,11.5
6313,110386.0,False,66.60000000000001,28.200000000000003,11.200000000000001
6314,110400.0,False,67.3,28.700000000000003,10.600000000000001
6315,110420.0,False,67.9,29.1,9.600000000000001
6316,110433.0,False,68.3,29.1,8.700000000000001
6317,110450.0,False,68.5,29.1,7.800000000000001
6318,110466.0,False,68.60000000000001,29.0,7.0
6319,110483.0,False,68.7,29.200000000000003,6.4
6320,110500.0,False,68.9,29.6,6.2
6321,110516.0,False,69.10000000000001,30.1,6.300000000000001
6322,110539.0,False,69.3,30.8,6.6000000000000005
6323,110549.0,False,69.5,31.400000000000002,7.0
6324,110576.0,False,69.7,32.300000000000004,7.7
6325,110600.0,False,69.8,32.7,7.9
6326,110616.0,False,69.9,33.0,8.1
6327,110633.0,False,70.0,33.5,8.200000000000001
6328,110652.0,False,70.0,34.0,8.3
6329,110666.0,False,70.0,34.7,8.3
6330,110683.0,False,69.9,35.4,8.3
6331,110701.0,False,69.7,36.1,8.3
6332,110728.0,False,68.8,36.9,8.6
6333,110749.0,False,68.4,37.1,9.1
6334,110769.0,False,68.2,37.1,9.700000000000001
6335,110782.0,False,68.2,36.9,10.3
6336,110799.0,False,68.3,36.7,11.0
6337,110816.0,False,68.4,36.5,11.700000000000001
6338,110838.0,False,68.60000000000001,36.5,12.600000000000001
6339,110850.0,False,68.9,36.5,13.3
6340,110871.0,False,69.4,36.7,13.9
6341,110883.0,False,69.9,36.9,14.200000000000001
6342,110899.0,False,70.5,37.1,14.3
6343,110920.0,False,70.9,37.300000000000004,14.200000000000001
6344,110933.0,False,71.2,37.5,14.0
6345,110952.0,False,71.3,37.6,13.9
6346,110966.0,False,71.4,37.7,13.9
6347,110986.0,False,71.4,37.6,14.0
6348,111000.0,False,71.5,37.5,14.3
6349,111017.0,False,71.5,37.4,14.5
6350,111033.0,False,71.60000000000001,37.2,14.8
6351,111056.0,False,71.7,37.0,15.100000000000001
6352,111066.0,False,71.8,36.800000000000004,15.5
6353,111085.0,False,71.8,36.800000000000004,16.0
6354,111099.0,False,71.8,36.800000000000004,16.400000000000002
6355,111122.0,False,71.7,36.9,16.8
6356,111149.0,False,71.7,37.1,17.2
6357,111166.0,False,71.5,37.5,17.900000000000002
6358,111183.0,False,71.3,37.6,18.2
6359,111199.0,False,71.10000000000001,37.7,18.2
6360,111218.0,False,70.9,37.6,18.1
6361,111233.0,False,70.7,37.300000000000004,17.900000000000002
6362,111253.0,False,70.60000000000001,36.9,17.5
6363,111266.0,False,70.7,36.5,17.0
6364,111283.0,False,70.9,36.2,16.3
6365,111300.0,False,71.2,36.1,15.3
6366,111320.0,False,71.3,36.2,14.200000000000001
6367,111333.0,False,71.10000000000001,36.5,13.200000000000001
6368,111350.0,False,70.60000000000001,37.1,12.5
6369,111366.0,False,69.7,37.9,12.100000000000001
6370,111386.0,False,68.5,38.900000000000006,12.100000000000001
6371,111400.0,False,67.0,40.0,12.600000000000001
6372,111418.0,False,65.4,41.0,13.600000000000001
6373,111433.0,False,64.0,41.800000000000004,14.700000000000001
6374,111456.0,False,63.400000000000006,42.2,15.3
6375,111466.0,False,63.6,42.300000000000004,14.8
6376,111500.0,False,64.8,42.5,13.0
6377,111520.0,False,68.10000000000001,43.7,6.9
6378,111535.0,False,69.7,44.7,2.8000000000000003
6379,111549.0,False,71.10000000000001,45.800000000000004,-1.2000000000000002
6380,111566.0,False,72.2,46.800000000000004,-4.800000000000001
6381,111587.0,False,73.3,47.800000000000004,-7.9
6382,111600.0,False,74.7,48.6,-10.600000000000001
6383,111624.0,False,77.80000000000001,49.7,-15.0
6384,111651.0,False,79.10000000000001,49.900000000000006,-16.6
6385,111666.0,False,79.80000000000001,49.7,-17.8
6386,111687.0,False,79.9,49.2,-18.5
6387,111700.0,False,79.7,48.5,-18.8
6388,111718.0,False,79.10000000000001,47.400000000000006,-18.6
6389,111733.0,False,78.5,46.2,-17.900000000000002
6390,111749.0,False,77.80000000000001,44.900000000000006,-16.900000000000002
6391,111766.0,False,77.10000000000001,43.5,-15.600000000000001
6392,111783.0,False,76.5,42.1,-14.200000000000001
6393,111800.0,False,75.9,40.900000000000006,-12.600000000000001
6394,111816.0,False,75.5,39.800000000000004,-11.100000000000001
6395,111835.0,False,75.10000000000001,39.0,-9.700000000000001
6396,111850.0,False,74.8,38.2,-8.6
6397,111866.0,False,74.5,37.5,-7.9
6398,111887.0,False,74.4,36.9,-7.7
6399,111900.0,False,74.3,36.300000000000004,-7.800000000000001
6400,111918.0,False,74.10000000000001,35.800000000000004,-8.0
6401,111933.0,False,74.10000000000001,35.6,-8.200000000000001
6402,111951.0,False,74.3,35.5,-8.4
6403,111967.0,False,74.60000000000001,35.5,-8.700000000000001
6404,111989.0,False,74.8,35.6,-9.0
6405,112001.0,False,75.0,35.7,-9.200000000000001
6406,112033.0,False,75.2,35.6,-9.0
6407,112049.0,False,75.4,35.4,-8.8
6408,112066.0,False,75.8,35.1,-8.6
6409,112082.0,False,76.2,34.800000000000004,-8.4
6410,112102.0,False,76.60000000000001,34.5,-8.3
6411,112117.0,False,77.2,34.1,-8.3
6412,112135.0,False,77.60000000000001,33.7,-8.700000000000001
6413,112149.0,False,77.9,33.4,-9.200000000000001
6414,112170.0,False,77.9,33.1,-9.700000000000001
6415,112183.0,False,77.80000000000001,33.0,-10.100000000000001
6416,112200.0,False,77.60000000000001,33.0,-10.4
6417,112220.0,False,77.5,33.300000000000004,-10.4
6418,112235.0,False,77.4,33.7,-10.3
6419,112249.0,False,77.30000000000001,34.300000000000004,-10.100000000000001
6420,112274.0,False,77.10000000000001,35.5,-9.4
6421,112300.0,False,76.9,35.800000000000004,-9.0
6422,112316.0,False,76.5,35.9,-8.700000000000001
6423,112332.0,False,75.9,35.7,-8.4
6424,112352.0,False,75.2,35.2,-8.0
6425,112367.0,False,74.4,34.7,-7.6000000000000005
6426,112382.0,False,73.7,34.1,-7.2
6427,112400.0,False,73.10000000000001,33.5,-6.800000000000001
6428,112416.0,False,72.5,33.1,-6.300000000000001
6429,112435.0,False,72.0,32.7,-6.0
6430,112449.0,False,71.60000000000001,32.4,-5.800000000000001
6431,112468.0,False,71.2,32.0,-5.9
6432,112487.0,False,71.0,31.700000000000003,-6.300000000000001
6433,112499.0,False,70.9,31.3,-7.0
6434,112519.0,False,70.60000000000001,31.0,-7.800000000000001
6435,112533.0,False,70.2,30.8,-8.3
6436,112550.0,False,69.7,30.700000000000003,-8.3
6437,112566.0,False,69.2,30.700000000000003,-7.9
6438,112585.0,False,68.8,30.6,-7.1000000000000005
6439,112600.0,False,68.7,30.400000000000002,-6.300000000000001
6440,112617.0,False,68.60000000000001,30.1,-5.300000000000001
6441,112634.0,False,68.4,29.8,-3.9000000000000004
6442,112650.0,False,68.10000000000001,29.5,-2.4000000000000004
6443,112666.0,False,67.7,29.5,-0.9
6444,112683.0,False,67.3,29.6,0.4
6445,112701.0,False,66.9,29.8,1.3
6446,112716.0,False,67.10000000000001,30.0,1.2000000000000002
6447,112737.0,False,67.8,30.400000000000002,-0.1
6448,112750.0,False,68.10000000000001,31.0,-1.2000000000000002
6449,112767.0,False,68.2,31.6,-2.4000000000000004
6450,112784.0,False,68.5,32.1,-3.6
6451,112800.0,False,69.0,32.5,-4.9
6452,112827.0,False,69.8,32.7,-5.9
6453,112834.0,False,70.60000000000001,32.9,-6.6000000000000005
6454,112849.0,False,71.5,33.1,-6.6000000000000005
6455,112866.0,False,72.5,33.5,-6.1000000000000005
6456,112884.0,False,74.10000000000001,34.2,-5.6000000000000005
6457,112899.0,False,75.9,35.1,-5.4
6458,112916.0,False,77.9,36.2,-5.5
6459,112936.0,False,80.0,37.4,-6.0
6460,112949.0,False,81.80000000000001,38.6,-6.7
6461,112970.0,False,83.4,39.5,-7.6000000000000005
6462,112983.0,False,84.60000000000001,40.300000000000004,-8.4
6463,113002.0,False,85.5,40.800000000000004,-8.8
6464,113018.0,False,86.10000000000001,41.2,-8.8
6465,113035.0,False,86.5,41.6,-8.4
6466,113049.0,False,86.80000000000001,42.0,-7.6000000000000005
6467,113066.0,False,87.0,42.6,-6.7
6468,113085.0,False,87.10000000000001,43.300000000000004,-5.800000000000001
6469,113100.0,False,87.0,44.2,-5.1000000000000005
6470,113126.0,False,86.5,45.2,-4.5
6471,113132.0,False,85.80000000000001,45.900000000000006,-3.9000000000000004
6472,113149.0,False,85.0,46.0,-3.3000000000000003
6473,113166.0,False,84.4,45.6,-2.9000000000000004
6474,113186.0,False,83.7,45.0,-2.1
6475,113200.0,False,83.10000000000001,44.5,-0.5
6476,113217.0,False,82.9,44.2,1.4000000000000001
6477,113233.0,False,82.80000000000001,43.900000000000006,3.0
6478,113249.0,False,82.5,43.400000000000006,4.3
6479,113266.0,False,82.30000000000001,42.800000000000004,5.2
6480,113282.0,False,82.10000000000001,42.2,5.9
6481,113299.0,False,81.80000000000001,41.800000000000004,6.4
6482,113320.0,False,81.60000000000001,41.6,6.800000000000001
6483,113336.0,False,81.60000000000001,41.5,7.2
6484,113350.0,False,82.0,41.7,7.300000000000001
6485,113367.0,False,82.7,42.0,7.0
6486,113383.0,False,83.60000000000001,42.800000000000004,6.300000000000001
6487,113400.0,False,84.30000000000001,43.900000000000006,5.300000000000001
6488,113418.0,False,84.9,45.300000000000004,4.3
6489,113432.0,False,85.80000000000001,46.800000000000004,3.3000000000000003
6490,113453.0,False,86.7,48.2,2.2
6491,113483.0,False,87.4,50.7,1.0
6492,113499.0,False,87.5,51.7,0.9
6493,113517.0,False,87.30000000000001,52.6,1.0
6494,113534.0,False,87.2,53.2,1.3
6495,113549.0,False,87.0,53.6,1.7000000000000002
6496,113568.0,False,86.60000000000001,53.7,2.0
6497,113583.0,False,86.10000000000001,53.5,2.4000000000000004
6498,113602.0,False,85.60000000000001,53.1,2.6
6499,113622.0,False,85.0,52.6,2.6
6500,113632.0,False,84.30000000000001,52.2,2.7
6501,113650.0,False,83.5,51.800000000000004,2.9000000000000004
6502,113667.0,False,82.9,51.5,2.8000000000000003
6503,113683.0,False,82.2,51.400000000000006,2.7
6504,113700.0,False,81.5,51.300000000000004,2.7
6505,113717.0,False,80.80000000000001,51.2,2.6
6506,113732.0,False,80.30000000000001,50.900000000000006,2.5
6507,113749.0,False,79.9,50.400000000000006,2.4000000000000004
6508,113766.0,False,79.5,49.800000000000004,2.4000000000000004
6509,113783.0,False,78.9,49.1,2.4000000000000004
6510,113800.0,False,78.30000000000001,48.400000000000006,2.7
6511,113827.0,False,77.7,47.800000000000004,3.0
6512,113835.0,False,77.2,47.2,3.4000000000000004
6513,113849.0,False,76.7,46.800000000000004,3.6
6514,113866.0,False,76.2,46.400000000000006,3.7
6515,113883.0,False,75.8,46.1,3.5
6516,113899.0,False,75.3,45.900000000000006,3.1
6517,113916.0,False,74.7,45.7,2.9000000000000004
6518,113935.0,False,74.0,45.800000000000004,3.0
6519,113950.0,False,73.60000000000001,46.0,3.5
6520,113966.0,False,73.7,46.400000000000006,4.2
6521,113983.0,False,74.7,46.7,4.4
6522,114000.0,False,76.5,47.2,3.3000000000000003
6523,114018.0,False,78.30000000000001,48.0,1.6
6524,114035.0,False,79.10000000000001,48.900000000000006,0.4
6525,114050.0,False,79.5,49.900000000000006,-0.5
6526,114068.0,False,79.60000000000001,50.7,-0.9
6527,114083.0,False,79.5,51.2,-0.5
6528,114100.0,False,79.9,51.5,0.5
6529,114116.0,False,81.0,51.5,1.7000000000000002
6530,114133.0,False,82.9,51.5,2.6
6531,114150.0,False,85.10000000000001,51.300000000000004,2.9000000000000004
6532,114166.0,False,87.5,51.2,2.4000000000000004
6533,114186.0,False,89.60000000000001,50.900000000000006,1.2000000000000002
6534,114200.0,False,91.0,50.6,-0.1
6535,114216.0,False,91.80000000000001,50.300000000000004,-1.4000000000000001
6536,114233.0,False,92.10000000000001,49.7,-2.3000000000000003
6537,114249.0,False,92.30000000000001,48.900000000000006,-2.8000000000000003
6538,114267.0,False,92.4,47.7,-2.7
6539,114283.0,False,92.7,46.300000000000004,-2.4000000000000004
6540,114304.0,False,93.0,44.7,-1.9000000000000001
6541,114318.0,False,93.30000000000001,43.1,-1.4000000000000001
6542,114333.0,False,93.60000000000001,41.5,-1.2000000000000002
6543,114349.0,False,93.7,40.0,-1.1
6544,114372.0,False,93.60000000000001,38.6,-1.3
6545,114383.0,False,93.4,37.4,-1.6
6546,114402.0,False,93.2,36.5,-1.9000000000000001
6547,114422.0,False,93.2,35.800000000000004,-2.1
6548,114433.0,False,93.4,35.4,-2.4000000000000004
6549,114450.0,False,93.60000000000001,35.0,-2.8000000000000003
6550,114467.0,False,93.80000000000001,34.800000000000004,-3.3000000000000003
6551,114485.0,False,93.80000000000001,34.7,-3.7
6552,114500.0,False,93.7,34.6,-4.0
6553,114517.0,False,93.5,34.6,-4.1000000000000005
6554,114538.0,False,93.5,34.5,-3.9000000000000004
6555,114550.0,False,93.80000000000001,34.300000000000004,-3.8000000000000003
6556,114570.0,False,94.10000000000001,34.2,-3.9000000000000004
6557,114583.0,False,94.5,34.1,-4.3
6558,114602.0,False,94.80000000000001,34.300000000000004,-4.9
6559,114618.0,False,95.0,34.7,-5.800000000000001
6560,114635.0,False,95.0,35.1,-6.7
6561,114649.0,False,94.9,35.5,-7.4
6562,114666.0,False,94.5,35.800000000000004,-7.9
6563,114683.0,False,94.10000000000001,36.1,-8.1
6564,114700.0,False,93.60000000000001,36.2,-8.0
6565,114721.0,False,93.2,36.300000000000004,-7.9
6566,114733.0,False,92.9,36.2,-7.6000000000000005
6567,114750.0,False,92.7,36.0,-7.4
6568,114766.0,False,92.60000000000001,35.800000000000004,-7.300000000000001
6569,114787.0,False,92.5,35.6,-7.2
6570,114800.0,False,92.4,35.4,-7.1000000000000005
6571,114818.0,False,92.2,35.2,-7.1000000000000005
6572,114834.0,False,91.9,35.0,-7.1000000000000005
6573,114850.0,False,91.80000000000001,34.800000000000004,-7.1000000000000005
6574,114866.0,False,91.7,34.5,-7.2
6575,114883.0,False,91.5,34.1,-7.300000000000001
6576,114900.0,False,91.30000000000001,33.6,-7.300000000000001
6577,114916.0,False,90.80000000000001,33.0,-7.1000000000000005
6578,114932.0,False,90.2,32.2,-6.6000000000000005
6579,114955.0,False,89.5,31.1,-5.800000000000001
6580,114967.0,False,88.7,29.5,-4.5
6581,114988.0,False,87.60000000000001,27.400000000000002,-2.5
6582,115000.0,False,86.2,24.900000000000002,0.5
6583,115017.0,False,84.80000000000001,22.1,4.6000000000000005
6584,115032.0,False,83.60000000000001,19.400000000000002,9.1
6585,115054.0,False,83.0,17.0,13.700000000000001
6586,115066.0,False,82.80000000000001,15.100000000000001,17.6
6587,115083.0,False,83.2,13.9,20.400000000000002
6588,115100.0,False,83.80000000000001,13.5,21.900000000000002
6589,115115.0,False,84.30000000000001,13.8,22.400000000000002
6590,115132.0,False,84.60000000000001,14.9,22.0
6591,115149.0,False,84.9,16.400000000000002,21.200000000000003
6592,115166.0,False,85.30000000000001,18.1,20.200000000000003
6593,115194.0,False,86.5,21.3,17.7
6594,115219.0,False,87.30000000000001,22.700000000000003,16.6
6595,115232.0,False,88.30000000000001,24.200000000000003,15.700000000000001
6596,115250.0,False,89.5,25.8,14.9
6597,115266.0,False,91.10000000000001,27.700000000000003,14.3
6598,115283.0,False,93.0,29.700000000000003,13.700000000000001
6599,115299.0,False,95.10000000000001,31.700000000000003,13.100000000000001
6600,115317.0,False,97.10000000000001,33.5,12.200000000000001
6601,115332.0,False,99.10000000000001,35.0,11.0
6602,115349.0,False,101.0,36.0,9.4
6603,115365.0,False,102.7,36.5,7.6000000000000005
6604,115388.0,False,104.0,36.5,5.5
6605,115399.0,False,105.0,36.4,3.5
6606,115420.0,False,105.9,36.2,1.7000000000000002
6607,115432.0,False,106.60000000000001,36.1,0.2
6608,115454.0,False,108.4,36.4,-1.8
6609,115483.0,False,109.5,36.5,-2.5
6610,115500.0,False,110.7,36.5,-3.0
6611,115518.0,False,111.9,36.5,-3.5
6612,115534.0,False,113.0,36.5,-3.8000000000000003
6613,115551.0,False,113.9,36.6,-4.3
6614,115566.0,False,114.60000000000001,36.7,-4.9
6615,115583.0,False,115.10000000000001,36.7,-5.7
6616,115600.0,False,115.4,36.6,-6.7
6617,115622.0,False,115.5,36.4,-7.9
6618,115633.0,False,115.4,36.4,-9.1
6619,115653.0,False,115.10000000000001,36.5,-10.200000000000001
6620,115666.0,False,114.60000000000001,36.7,-11.200000000000001
6621,115683.0,False,114.0,37.0,-11.700000000000001
6622,115699.0,False,113.30000000000001,37.2,-11.8
6623,115724.0,False,112.7,37.2,-11.4
6624,115733.0,False,112.30000000000001,36.9,-10.9
6625,115750.0,False,112.10000000000001,36.5,-10.3
6626,115766.0,False,112.0,36.1,-10.0
6627,115785.0,False,112.0,35.7,-10.0
6628,115800.0,False,111.80000000000001,35.4,-10.5
6629,115816.0,False,111.4,35.300000000000004,-11.100000000000001
6630,115833.0,False,110.7,35.2,-11.5
6631,115850.0,False,109.80000000000001,35.2,-11.600000000000001
6632,115866.0,False,108.80000000000001,35.1,-11.3
6633,115883.0,False,107.80000000000001,34.9,-10.700000000000001
6634,115900.0,False,107.0,34.6,-9.9
6635,115919.0,False,106.30000000000001,34.4,-9.1
6636,115933.0,False,105.80000000000001,34.2,-8.3
6637,115949.0,False,105.30000000000001,34.1,-7.6000000000000005
6638,115966.0,False,104.80000000000001,34.1,-7.0
6639,115983.0,False,104.10000000000001,34.2,-6.6000000000000005
6640,115999.0,False,103.30000000000001,34.2,-6.300000000000001
6641,116020.0,False,102.30000000000001,34.1,-6.0
6642,116032.0,False,101.2,33.800000000000004,-5.7
6643,116051.0,False,100.30000000000001,33.2,-5.4
6644,116066.0,False,99.4,32.4,-5.300000000000001
6645,116088.0,False,98.7,31.5,-5.300000000000001
6646,116099.0,False,98.10000000000001,30.400000000000002,-5.6000000000000005
6647,116120.0,False,97.5,29.200000000000003,-6.300000000000001
6648,116132.0,False,97.0,28.1,-7.5
6649,116149.0,False,96.60000000000001,27.400000000000002,-9.0
6650,116172.0,False,96.5,27.3,-10.700000000000001
6651,116183.0,False,96.7,27.8,-12.4
6652,116199.0,False,97.30000000000001,28.6,-13.8
6653,116216.0,False,98.30000000000001,29.6,-15.0
6654,116232.0,False,99.5,30.5,-16.0
6655,116255.0,False,102.0,32.1,-16.900000000000002
6656,116282.0,False,102.80000000000001,32.6,-16.900000000000002
6657,116299.0,False,103.30000000000001,32.9,-16.6
6658,116316.0,False,103.5,33.1,-16.0
6659,116332.0,False,103.80000000000001,32.9,-15.200000000000001
6660,116349.0,False,104.30000000000001,32.4,-14.5
6661,116366.0,False,105.0,31.5,-14.0
6662,116383.0,False,106.0,30.3,-14.0
6663,116403.0,False,107.0,29.0,-14.3
6664,116416.0,False,107.9,28.0,-14.9
6665,116432.0,False,108.4,27.700000000000003,-15.100000000000001
6666,116450.0,False,108.80000000000001,28.0,-14.8
6667,116466.0,False,109.10000000000001,28.5,-14.0
6668,116483.0,False,109.60000000000001,28.8,-12.9
6669,116499.0,False,110.0,28.700000000000003,-11.8
6670,116515.0,False,110.2,28.3,-11.100000000000001
6671,116540.0,False,110.4,27.900000000000002,-10.9
6672,116549.0,False,110.7,27.8,-11.3
6673,116566.0,False,111.10000000000001,28.0,-12.200000000000001
6674,116582.0,False,111.5,28.700000000000003,-13.5
6675,116599.0,False,112.0,29.8,-15.0
6676,116616.0,False,112.60000000000001,30.8,-16.6
6677,116635.0,False,113.2,31.700000000000003,-18.0
6678,116649.0,False,113.7,32.5,-18.900000000000002
6679,116666.0,False,114.30000000000001,32.9,-19.400000000000002
6680,116684.0,False,114.7,32.9,-19.400000000000002
6681,116699.0,False,115.0,32.4,-19.200000000000003
6682,116719.0,False,115.30000000000001,31.6,-18.8
6683,116733.0,False,115.5,30.700000000000003,-18.3
6684,116749.0,False,115.60000000000001,30.1,-17.6
6685,116766.0,False,115.9,29.900000000000002,-16.6
6686,116783.0,False,116.30000000000001,30.1,-15.600000000000001
6687,116802.0,False,116.7,30.5,-14.5
6688,116816.0,False,117.10000000000001,31.1,-13.5
6689,116835.0,False,117.30000000000001,31.700000000000003,-12.700000000000001
6690,116849.0,False,117.5,32.4,-11.9
6691,116866.0,False,117.4,33.1,-11.100000000000001
6692,116882.0,False,117.2,33.9,-10.100000000000001
6693,116901.0,False,116.9,34.5,-9.0
6694,116916.0,False,116.60000000000001,35.0,-7.800000000000001
6695,116933.0,False,116.10000000000001,35.2,-6.6000000000000005
6696,116949.0,False,115.60000000000001,35.0,-5.4
6697,116966.0,False,115.10000000000001,34.6,-4.3
6698,116983.0,False,114.60000000000001,34.0,-3.6
6699,117000.0,False,114.2,33.300000000000004,-3.3000000000000003
6700,117016.0,False,113.5,32.9,-3.3000000000000003
6701,117033.0,False,112.7,32.800000000000004,-3.2
6702,117049.0,False,111.9,33.2,-3.2
6703,117065.0,False,111.2,33.6,-3.2
6704,117082.0,False,110.60000000000001,34.0,-3.0
6705,117099.0,False,110.0,34.300000000000004,-2.8000000000000003
6706,117117.0,False,109.5,34.4,-2.7
6707,117133.0,False,109.0,34.4,-2.6
6708,117150.0,False,108.4,34.4,-2.6
6709,117169.0,False,107.7,34.2,-2.6
6710,117183.0,False,106.9,34.0,-2.5
6711,117199.0,False,106.10000000000001,33.800000000000004,-2.2
6712,117218.0,False,105.0,33.4,-1.7000000000000002
6713,117232.0,False,103.9,32.7,-1.0
6714,117251.0,False,102.7,31.8,-0.4
6715,117265.0,False,101.30000000000001,30.900000000000002,0.30000000000000004
6716,117284.0,False,99.60000000000001,30.200000000000003,0.8
6717,117300.0,False,97.5,29.6,1.3
6718,117319.0,False,95.10000000000001,29.1,1.8
6719,117333.0,False,92.7,28.700000000000003,2.3000000000000003
6720,117350.0,False,90.30000000000001,28.6,2.8000000000000003
6721,117366.0,False,87.9,28.6,3.3000000000000003
6722,117386.0,False,85.9,28.5,3.7
6723,117399.0,False,84.2,28.400000000000002,4.1000000000000005
6724,117450.0,False,81.80000000000001,28.3,4.7
6725,117466.0,False,82.2,28.1,5.0
6726,117483.0,False,83.4,27.700000000000003,5.0
6727,117499.0,False,85.2,27.200000000000003,4.800000000000001
6728,117521.0,False,87.30000000000001,26.6,4.3
6729,117538.0,False,89.10000000000001,26.200000000000003,3.9000000000000004
6730,117549.0,False,90.4,26.1,3.9000000000000004
6731,117570.0,False,91.4,26.1,4.5
6732,117583.0,False,92.4,26.200000000000003,5.4
6733,117602.0,False,93.80000000000001,26.200000000000003,6.5
6734,117620.0,False,95.4,26.0,7.300000000000001
6735,117633.0,False,97.10000000000001,25.6,7.6000000000000005
6736,117649.0,False,98.60000000000001,25.200000000000003,7.300000000000001
6737,117667.0,False,99.80000000000001,25.1,6.7
6738,117685.0,False,100.60000000000001,25.3,6.0
6739,117700.0,False,101.10000000000001,25.8,5.6000000000000005
6740,117721.0,False,101.4,26.3,5.4
6741,117732.0,False,101.5,26.700000000000003,5.6000000000000005
6742,117750.0,False,101.2,26.900000000000002,5.9
6743,117768.0,False,100.60000000000001,27.1,6.4
6744,117783.0,False,99.7,27.1,6.800000000000001
6745,117803.0,False,98.60000000000001,27.1,7.2
6746,117816.0,False,97.4,27.0,7.7
6747,117832.0,False,96.60000000000001,26.8,8.0
6748,117851.0,False,96.10000000000001,26.5,8.200000000000001
6749,117866.0,False,96.0,26.3,8.1
6750,117882.0,False,96.0,26.400000000000002,7.9
6751,117899.0,False,96.0,26.700000000000003,7.800000000000001
6752,117916.0,False,96.10000000000001,27.1,7.800000000000001
6753,117932.0,False,96.2,27.5,7.9
6754,117952.0,False,96.4,27.8,7.9
6755,117966.0,False,96.7,27.900000000000002,7.9
6756,117983.0,False,96.9,27.900000000000002,8.1
6757,118000.0,False,97.0,27.8,8.3
6758,118016.0,False,97.2,27.700000000000003,8.5
6759,118032.0,False,97.60000000000001,27.700000000000003,8.4
6760,118053.0,False,98.2,27.700000000000003,8.0
6761,118065.0,False,98.80000000000001,27.6,7.4
6762,118086.0,False,99.60000000000001,27.400000000000002,6.4
6763,118099.0,False,100.30000000000001,27.0,5.1000000000000005
6764,118121.0,False,100.9,26.5,3.8000000000000003
6765,118132.0,False,101.30000000000001,25.8,2.6
6766,118152.0,False,101.5,25.400000000000002,1.8
6767,118166.0,False,101.60000000000001,25.3,1.5
6768,118185.0,False,101.5,25.5,1.6
6769,118199.0,False,101.4,25.8,2.0
6770,118217.0,False,101.30000000000001,26.1,2.5
6771,118232.0,False,101.10000000000001,26.400000000000002,2.9000000000000004
6772,118249.0,False,101.0,26.5,3.3000000000000003
6773,118265.0,False,100.80000000000001,26.700000000000003,3.6
6774,118282.0,False,100.60000000000001,27.0,3.9000000000000004
6775,118299.0,False,100.30000000000001,27.5,4.3
6776,118320.0,False,99.9,28.200000000000003,4.7
6777,118332.0,False,99.5,28.900000000000002,5.2
6778,118350.0,False,99.30000000000001,29.6,5.7
6779,118366.0,False,99.10000000000001,30.400000000000002,6.0
6780,118387.0,False,99.10000000000001,31.200000000000003,6.0
6781,118399.0,False,99.0,32.2,6.0
6782,118424.0,False,98.9,33.2,5.7
6783,118432.0,False,98.60000000000001,34.0,5.4
6784,118451.0,False,98.30000000000001,34.7,5.1000000000000005
6785,118467.0,False,98.0,35.1,4.800000000000001
6786,118482.0,False,97.9,35.2,4.7
6787,118499.0,False,97.9,35.0,4.6000000000000005
6788,118523.0,False,98.2,34.7,4.6000000000000005
6789,118532.0,False,98.7,34.4,4.6000000000000005
6790,118549.0,False,99.5,34.4,4.3
6791,118566.0,False,100.4,34.6,4.0
6792,118583.0,False,101.5,35.0,3.5
6793,118600.0,False,102.5,35.4,3.0
6794,118616.0,False,103.5,35.9,2.9000000000000004
6795,118632.0,False,104.60000000000001,36.1,2.9000000000000004
6796,118652.0,False,105.80000000000001,36.1,2.8000000000000003
6797,118665.0,False,107.0,35.800000000000004,2.7
6798,118682.0,False,108.0,35.4,2.4000000000000004
6799,118699.0,False,108.5,35.1,2.1
6800,118716.0,False,108.7,35.0,2.1
6801,118732.0,False,108.7,35.0,2.5
6802,118750.0,False,108.60000000000001,35.2,3.4000000000000004
6803,118765.0,False,108.80000000000001,35.1,4.4
6804,118783.0,False,109.2,34.9,5.5
6805,118800.0,False,109.7,34.5,6.300000000000001
6806,118815.0,False,110.5,34.2,6.7
6807,118833.0,False,111.2,34.1,6.6000000000000005
6808,118849.0,False,111.9,34.300000000000004,6.1000000000000005
6809,118866.0,False,112.5,34.7,5.4
6810,118888.0,False,112.80000000000001,35.2,4.6000000000000005
6811,118900.0,False,113.10000000000001,35.7,4.0
6812,118917.0,False,113.30000000000001,36.1,3.4000000000000004
6813,118934.0,False,113.4,36.4,3.2
6814,118949.0,False,113.60000000000001,36.5,3.3000000000000003
6815,118965.0,False,113.9,36.300000000000004,3.4000000000000004
6816,118983.0,False,114.10000000000001,36.1,3.6
6817,118999.0,False,114.4,35.7,3.6
6818,119016.0,False,114.60000000000001,35.4,3.6
6819,119035.0,False,114.60000000000001,35.1,3.6
6820,119049.0,False,114.5,34.9,3.6
6821,119067.0,False,114.30000000000001,34.800000000000004,3.8000000000000003
6822,119083.0,False,114.10000000000001,34.800000000000004,4.1000000000000005
6823,119100.0,False,114.0,34.800000000000004,4.4
6824,119120.0,False,114.0,35.0,4.4
6825,119132.0,False,114.10000000000001,35.1,4.1000000000000005
6826,119149.0,False,114.10000000000001,35.4,3.6
6827,119166.0,False,113.80000000000001,35.7,3.0
6828,119183.0,False,113.2,36.1,2.9000000000000004
6829,119199.0,False,112.60000000000001,36.5,3.2
6830,119216.0,False,112.2,36.800000000000004,3.8000000000000003
6831,119240.0,False,111.4,37.0,5.4
6832,119266.0,False,111.0,37.1,6.2
6833,119283.0,False,110.5,37.300000000000004,6.800000000000001
6834,119299.0,False,110.0,37.5,7.2
6835,119319.0,False,109.7,37.800000000000004,7.2
6836,119332.0,False,109.30000000000001,38.2,6.9
6837,119349.0,False,108.7,38.5,6.6000000000000005
6838,119368.0,False,108.0,38.800000000000004,6.300000000000001
6839,119399.0,False,106.2,38.900000000000006,6.300000000000001
6840,119416.0,False,105.30000000000001,38.5,6.4
6841,119432.0,False,104.7,37.800000000000004,6.4
6842,119450.0,False,104.10000000000001,37.0,6.2
6843,119467.0,False,103.5,36.300000000000004,5.9
6844,119482.0,False,102.9,35.800000000000004,5.6000000000000005
6845,119500.0,False,102.30000000000001,35.5,5.2
6846,119519.0,False,101.7,35.5,4.9
6847,119532.0,False,101.2,35.7,4.7
6848,119551.0,False,100.9,35.9,4.4
6849,119567.0,False,100.7,36.1,4.0
6850,119583.0,False,100.5,36.2,3.5
6851,119599.0,False,100.2,36.1,3.0
6852,119616.0,False,99.80000000000001,35.800000000000004,2.4000000000000004
6853,119636.0,False,99.30000000000001,35.2,1.9000000000000001
6854,119650.0,False,98.7,34.4,1.4000000000000001
6855,119668.0,False,98.0,33.4,1.1
6856,119683.0,False,97.4,32.5,0.8
6857,119703.0,False,96.7,31.900000000000002,0.8
6858,119718.0,False,96.0,31.6,0.9
6859,119732.0,False,95.30000000000001,31.400000000000002,1.1
6860,119751.0,False,94.7,31.400000000000002,1.3
6861,119767.0,False,94.30000000000001,31.400000000000002,1.3
6862,119788.0,False,94.0,31.6,1.3
6863,119800.0,False,93.80000000000001,32.0,1.4000000000000001
6864,119816.0,False,93.60000000000001,32.800000000000004,1.9000000000000001
6865,119838.0,False,93.7,33.6,2.5
6866,119849.0,False,94.4,34.300000000000004,3.0
6867,119867.0,False,95.2,35.0,3.3000000000000003
6868,119883.0,False,96.0,35.6,3.5
6869,119899.0,False,96.80000000000001,36.0,3.6
6870,119921.0,False,97.4,36.4,3.7
6871,119932.0,False,97.9,36.800000000000004,3.9000000000000004
6872,119952.0,False,98.4,37.300000000000004,4.3
6873,119967.0,False,99.2,37.7,4.7
6874,119983.0,False,100.30000000000001,38.1,5.0
6875,119999.0,False,101.60000000000001,38.400000000000006,5.0
6876,120016.0,False,102.80000000000001,38.5,4.6000000000000005
6877,120032.0,False,104.0,38.5,3.8000000000000003
6878,120049.0,False,104.80000000000001,38.400000000000006,2.8000000000000003
6879,120065.0,False,105.30000000000001,38.300000000000004,1.7000000000000002
6880,120084.0,False,105.7,38.300000000000004,0.7000000000000001
6881,120273.0,False,110.9,36.6,-1.7000000000000002
6882,120283.0,False,112.4,38.0,-3.5
6883,120300.0,False,114.2,39.900000000000006,-5.7
6884,120349.0,False,120.0,45.7,-13.8
6885,120365.0,False,121.0,46.6,-16.1
6886,120382.0,False,121.2,46.900000000000006,-17.900000000000002
6887,120410.0,False,118.80000000000001,46.800000000000004,-18.5
6888,120432.0,False,116.7,46.7,-17.400000000000002
6889,120450.0,False,114.4,46.5,-15.700000000000001
6890,120466.0,False,112.10000000000001,46.0,-13.700000000000001
6891,120483.0,False,109.80000000000001,45.5,-11.8
6892,120499.0,False,107.4,44.7,-10.0
6893,120517.0,False,104.80000000000001,43.7,-8.5
6894,120532.0,False,102.10000000000001,42.7,-7.2
6895,120549.0,False,99.30000000000001,41.7,-6.1000000000000005
6896,120587.0,False,94.2,40.400000000000006,-4.0
6897,120599.0,False,92.10000000000001,40.0,-3.1
6898,120616.0,False,90.30000000000001,39.7,-2.3000000000000003
6899,120633.0,False,89.0,39.7,-1.9000000000000001
6900,120651.0,False,88.2,39.800000000000004,-1.9000000000000001
6901,120666.0,False,87.7,40.0,-2.4000000000000004
6902,120682.0,False,87.4,40.2,-3.3000000000000003
6903,120699.0,False,87.10000000000001,40.400000000000006,-4.4
6904,120721.0,False,86.5,40.5,-5.4
6905,120732.0,False,85.80000000000001,40.400000000000006,-6.4
6906,120749.0,False,84.9,40.300000000000004,-7.300000000000001
6907,120765.0,False,83.80000000000001,40.0,-8.0
6908,120782.0,False,82.7,39.6,-8.4
6909,120806.0,False,81.7,38.900000000000006,-8.8
6910,120815.0,False,80.60000000000001,38.1,-9.200000000000001
6911,120832.0,False,79.5,37.1,-9.700000000000001
6912,120849.0,False,78.30000000000001,36.2,-10.200000000000001
6913,120865.0,False,77.10000000000001,35.4,-10.600000000000001
6914,120884.0,False,76.0,34.7,-10.8
6915,120899.0,False,75.10000000000001,34.1,-10.9
6916,120920.0,False,74.3,33.7,-10.700000000000001
6917,120932.0,False,73.9,33.4,-10.4
6918,120949.0,False,73.7,33.300000000000004,-10.100000000000001
6919,120969.0,False,73.7,33.4,-9.9
6920,120983.0,False,73.8,33.7,-9.8
6921,120999.0,False,74.0,34.2,-9.700000000000001
6922,121015.0,False,74.3,34.800000000000004,-9.600000000000001
6923,121033.0,False,74.8,35.300000000000004,-9.5
6924,121049.0,False,75.5,35.800000000000004,-9.5
6925,121070.0,False,76.10000000000001,36.2,-9.5
6926,121083.0,False,76.5,36.4,-9.4
6927,121100.0,False,76.7,36.5,-9.200000000000001
6928,121123.0,False,76.7,36.6,-8.8
6929,121139.0,False,76.80000000000001,36.7,-8.0
6930,121149.0,False,77.10000000000001,37.0,-7.0
6931,121166.0,False,78.0,37.2,-6.1000000000000005
6932,121183.0,False,79.30000000000001,37.4,-5.300000000000001
6933,121201.0,False,80.9,37.5,-4.9
6934,121216.0,False,82.5,37.5,-4.800000000000001
6935,121233.0,False,84.0,37.4,-5.0
6936,121253.0,False,85.2,37.2,-5.2
6937,121266.0,False,86.2,36.9,-5.2
6938,121287.0,False,87.0,36.5,-4.9
6939,121299.0,False,87.7,35.9,-4.1000000000000005
6940,121317.0,False,88.4,35.1,-3.0
6941,121332.0,False,89.10000000000001,34.2,-1.7000000000000002
6942,121353.0,False,89.80000000000001,33.2,-0.4
6943,121385.0,False,91.5,31.5,2.1
6944,121400.0,False,92.4,30.8,2.9000000000000004
6945,121419.0,False,93.4,30.1,3.4000000000000004
6946,121432.0,False,94.4,29.6,3.5
6947,121449.0,False,95.4,29.1,3.0
6948,121467.0,False,96.30000000000001,28.900000000000002,2.2
6949,121482.0,False,97.2,29.0,1.1
6950,121499.0,False,98.0,29.400000000000002,-0.1
6951,121515.0,False,98.60000000000001,30.0,-1.2000000000000002
6952,121532.0,False,99.10000000000001,30.5,-2.2
6953,121549.0,False,99.30000000000001,30.900000000000002,-3.0
6954,121568.0,False,99.30000000000001,31.1,-3.5
6955,121582.0,False,99.0,31.1,-3.3000000000000003
6956,121599.0,False,98.60000000000001,30.8,-2.6
6957,121615.0,False,98.0,30.1,-1.6
6958,121632.0,False,97.30000000000001,28.900000000000002,-0.6000000000000001
6959,121649.0,False,96.60000000000001,27.5,0.1
6960,121666.0,False,96.2,26.200000000000003,0.4
6961,121683.0,False,95.80000000000001,25.3,0.1
6962,121699.0,False,95.5,24.700000000000003,-0.5
6963,121716.0,False,95.10000000000001,24.400000000000002,-1.4000000000000001
6964,121732.0,False,94.60000000000001,24.5,-2.4000000000000004
6965,121749.0,False,94.10000000000001,24.900000000000002,-3.5
6966,121768.0,False,93.7,25.5,-4.3
6967,121783.0,False,93.30000000000001,26.3,-4.9
6968,121815.0,False,92.30000000000001,27.8,-5.2
6969,121838.0,False,91.7,28.400000000000002,-5.1000000000000005
6970,121849.0,False,91.10000000000001,29.1,-4.9
6971,121866.0,False,90.4,29.8,-4.6000000000000005
6972,121883.0,False,89.60000000000001,30.5,-4.3
6973,121899.0,False,88.80000000000001,31.3,-4.0
6974,121918.0,False,87.9,32.1,-3.7
6975,121932.0,False,86.9,32.9,-3.3000000000000003
6976,121951.0,False,85.80000000000001,33.6,-2.8000000000000003
6977,121965.0,False,84.7,34.2,-2.2
6978,121986.0,False,83.60000000000001,34.5,-1.7000000000000002
6979,121999.0,False,82.5,34.7,-1.2000000000000002
6980,122018.0,False,81.60000000000001,34.800000000000004,-0.8
6981,122032.0,False,80.80000000000001,34.9,-0.6000000000000001
6982,122051.0,False,80.30000000000001,35.1,-0.7000000000000001
6983,122066.0,False,80.2,35.6,-1.2000000000000002
6984,122090.0,False,80.60000000000001,36.800000000000004,-2.1
6985,122099.0,False,81.4,38.400000000000006,-3.2
6986,122118.0,False,82.60000000000001,40.2,-4.4
6987,122132.0,False,84.5,41.800000000000004,-5.6000000000000005
6988,122149.0,False,87.10000000000001,42.800000000000004,-6.9
6989,122166.0,False,90.0,43.1,-8.200000000000001
6990,122183.0,False,92.80000000000001,43.1,-9.5
6991,122202.0,False,95.5,42.800000000000004,-10.8
6992,122215.0,False,97.5,42.2,-11.9
6993,122234.0,False,98.80000000000001,41.400000000000006,-12.600000000000001
6994,122249.0,False,99.30000000000001,40.0,-13.0
6995,122266.0,False,99.4,38.300000000000004,-13.100000000000001
6996,122283.0,False,98.9,36.7,-12.9
6997,122299.0,False,98.30000000000001,35.5,-12.3
6998,122318.0,False,98.0,34.9,-11.5
6999,122333.0,False,98.10000000000001,34.7,-10.4
7000,122352.0,False,98.5,34.7,-9.3
7001,122366.0,False,99.10000000000001,34.6,-8.5
7002,122389.0,False,99.60000000000001,34.4,-8.1
7003,122399.0,False,99.9,34.2,-8.0
7004,122416.0,False,100.0,34.1,-8.1
7005,122441.0,False,99.9,34.1,-8.3
7006,122450.0,False,99.60000000000001,34.1,-8.6
7007,122466.0,False,99.4,34.2,-9.0
7008,122483.0,False,99.0,34.4,-9.5
7009,122500.0,False,98.60000000000001,34.7,-10.0
7010,122515.0,False,98.10000000000001,35.1,-10.3
7011,122532.0,False,97.7,35.4,-10.3
7012,122551.0,False,97.4,35.800000000000004,-10.100000000000001
7013,122566.0,False,97.0,36.2,-9.8
7014,122588.0,False,96.5,37.0,-9.0
7015,122615.0,False,96.5,37.300000000000004,-8.9
7016,122632.0,False,96.60000000000001,37.7,-9.3
7017,122651.0,False,96.7,38.2,-10.100000000000001
7018,122666.0,False,96.80000000000001,38.7,-11.200000000000001
7019,122683.0,False,96.60000000000001,39.400000000000006,-12.3
7020,122699.0,False,96.10000000000001,40.0,-13.0
7021,122718.0,False,95.4,40.5,-13.200000000000001
7022,122733.0,False,94.60000000000001,40.7,-12.8
7023,122749.0,False,94.0,40.800000000000004,-12.0
7024,122766.0,False,93.80000000000001,40.6,-11.0
7025,122783.0,False,93.7,40.2,-10.0
7026,122807.0,False,93.0,38.6,-8.6
7027,122833.0,False,92.0,37.5,-8.200000000000001
7028,122850.0,False,90.5,36.2,-7.9
7029,122867.0,False,88.80000000000001,34.9,-7.7
7030,122886.0,False,87.0,33.800000000000004,-7.5
7031,122899.0,False,85.4,33.0,-7.2
7032,122918.0,False,83.9,32.5,-6.800000000000001
7033,122933.0,False,82.60000000000001,32.4,-6.1000000000000005
7034,122954.0,False,81.4,32.2,-5.300000000000001
7035,122983.0,False,79.10000000000001,31.3,-3.8000000000000003
7036,122999.0,False,78.0,30.6,-3.1
7037,123015.0,False,76.9,30.0,-2.4000000000000004
7038,123035.0,False,75.7,29.6,-1.6
7039,123049.0,False,74.5,29.3,-0.9
7040,123065.0,False,73.4,29.1,-0.30000000000000004
7041,123082.0,False,72.3,29.0,0.30000000000000004
7042,123100.0,False,71.2,28.900000000000002,0.8
7043,123115.0,False,70.0,28.8,1.3
7044,123132.0,False,68.8,28.5,1.8
7045,123151.0,False,67.5,27.900000000000002,2.2
7046,123166.0,False,66.2,27.0,2.7
7047,123185.0,False,64.9,25.8,3.2
7048,123200.0,False,63.6,24.400000000000002,4.1000000000000005
7049,123216.0,False,62.2,22.700000000000003,5.6000000000000005
7050,123233.0,False,60.800000000000004,20.6,7.9
7051,123249.0,False,59.5,18.0,11.100000000000001
7052,123268.0,False,58.900000000000006,15.100000000000001,14.700000000000001
7053,123283.0,False,58.900000000000006,12.100000000000001,17.900000000000002
7054,123300.0,False,59.5,9.600000000000001,20.3
7055,123318.0,False,60.400000000000006,8.1,21.900000000000002
7056,123349.0,False,62.0,9.4,23.6
7057,123370.0,False,62.800000000000004,11.8,24.200000000000003
7058,123382.0,False,64.0,14.200000000000001,24.3
7059,123400.0,False,65.4,16.1,23.700000000000003
7060,123415.0,False,66.7,17.3,22.6
7061,123432.0,False,67.9,18.1,21.200000000000003
7062,123449.0,False,68.9,18.900000000000002,19.8
7063,123466.0,False,69.9,20.1,18.7
7064,123489.0,False,71.0,21.700000000000003,17.8
7065,123499.0,False,72.2,23.3,17.0
7066,123516.0,False,73.5,24.700000000000003,16.2
7067,123537.0,False,74.8,25.700000000000003,15.0
7068,123549.0,False,76.0,26.1,13.5
7069,123578.0,False,77.9,26.3,9.4
7070,123599.0,False,78.60000000000001,26.5,7.2
7071,123624.0,False,79.10000000000001,26.8,5.0
7072,123633.0,False,79.60000000000001,27.3,3.0
7073,123649.0,False,80.2,27.900000000000002,1.2000000000000002
7074,123666.0,False,80.9,28.5,-0.5
7075,123683.0,False,81.7,29.1,-2.0
7076,123706.0,False,82.9,30.1,-3.9000000000000004
7077,123733.0,False,83.0,30.3,-4.3
7078,123749.0,False,82.80000000000001,30.3,-4.4
7079,123766.0,False,82.4,30.0,-4.2
7080,123783.0,False,82.0,29.5,-3.7
7081,123799.0,False,81.5,29.0,-2.8000000000000003
7082,123817.0,False,81.2,28.5,-1.9000000000000001
7083,123834.0,False,80.9,28.1,-0.8
7084,123849.0,False,80.80000000000001,27.700000000000003,0.1
7085,123865.0,False,80.7,27.400000000000002,0.7000000000000001
7086,123883.0,False,80.5,27.1,1.1
7087,123900.0,False,80.10000000000001,27.0,1.6
7088,123916.0,False,79.7,26.900000000000002,2.2
7089,123935.0,False,79.4,26.6,2.9000000000000004
7090,123949.0,False,79.10000000000001,26.0,3.6
7091,123966.0,False,78.7,24.900000000000002,4.3
7092,123982.0,False,78.10000000000001,23.700000000000003,5.2
7093,124004.0,False,77.5,22.5,6.2
7094,124016.0,False,76.9,21.5,7.2
7095,124032.0,False,76.60000000000001,20.900000000000002,8.1
7096,124049.0,False,76.4,20.6,8.8
7097,124066.0,False,76.5,20.700000000000003,9.200000000000001
7098,124083.0,False,76.60000000000001,21.0,9.3
7099,124101.0,False,76.80000000000001,21.5,9.200000000000001
7100,124116.0,False,76.80000000000001,21.900000000000002,8.9
7101,124132.0,False,76.80000000000001,22.3,8.6
7102,124149.0,False,76.80000000000001,22.5,8.3
7103,124166.0,False,76.80000000000001,22.700000000000003,8.1
7104,124184.0,False,76.80000000000001,23.0,7.800000000000001
7105,124199.0,False,76.7,23.3,7.6000000000000005
7106,124215.0,False,76.5,23.6,7.4
7107,124233.0,False,76.3,24.200000000000003,7.1000000000000005
7108,124249.0,False,75.7,24.900000000000002,6.7
7109,124267.0,False,74.5,25.900000000000002,6.4
7110,124283.0,False,72.4,26.8,6.2
7111,124327.0,False,61.0,25.400000000000002,10.700000000000001
7112,124349.0,False,57.2,22.5,14.5
7113,124365.0,False,54.7,18.7,18.6
7114,124382.0,False,53.2,15.200000000000001,22.6
7115,124408.0,False,52.6,9.9,28.3
7116,124432.0,False,53.1,8.4,29.3
7117,124449.0,False,53.800000000000004,7.9,28.8
7118,124466.0,False,54.7,8.0,27.1
7119,124483.0,False,55.2,8.6,24.900000000000002
7120,124499.0,False,55.800000000000004,9.600000000000001,22.900000000000002
7121,124519.0,False,56.6,10.9,21.1
7122,124533.0,False,57.800000000000004,12.0,19.200000000000003
7123,124550.0,False,59.1,12.700000000000001,17.3
7124,124569.0,False,60.5,12.8,15.700000000000001
7125,124583.0,False,61.7,12.700000000000001,14.700000000000001
7126,124599.0,False,62.800000000000004,12.8,14.3
7127,124632.0,False,65.2,13.8,15.200000000000001
7128,124650.0,False,66.60000000000001,14.8,15.8
7129,124666.0,False,68.0,15.8,16.3
7130,124682.0,False,69.3,16.8,16.3
7131,124700.0,False,70.5,17.7,15.700000000000001
7132,124715.0,False,71.5,18.5,14.700000000000001
7133,124733.0,False,72.3,19.1,13.3
7134,124752.0,False,72.9,19.6,11.9
7135,124766.0,False,73.4,20.1,10.5
7136,124783.0,False,73.8,20.700000000000003,9.4
7137,124799.0,False,74.2,21.400000000000002,8.5
7138,124817.0,False,74.7,22.3,7.7
7139,124833.0,False,75.2,23.400000000000002,6.9
7140,124849.0,False,75.8,24.6,6.300000000000001
7141,124865.0,False,76.5,25.900000000000002,5.6000000000000005
7142,124882.0,False,77.2,27.1,5.1000000000000005
7143,124901.0,False,77.9,28.200000000000003,4.5
7144,124920.0,False,78.5,29.0,3.9000000000000004
7145,124933.0,False,79.10000000000001,29.700000000000003,3.4000000000000004
7146,124952.0,False,79.60000000000001,30.200000000000003,2.9000000000000004
7147,124965.0,False,80.10000000000001,30.6,2.5
7148,124982.0,False,80.4,30.8,2.1
7149,125004.0,False,80.5,31.0,1.8
7150,125018.0,False,80.5,31.1,1.4000000000000001
7151,125034.0,False,80.5,31.400000000000002,1.0
7152,125049.0,False,80.4,31.700000000000003,0.7000000000000001
7153,125071.0,False,80.2,32.1,0.6000000000000001
7154,125082.0,False,80.0,32.4,0.7000000000000001
7155,125106.0,False,79.9,32.5,0.8
7156,125119.0,False,79.9,32.1,0.9
7157,125132.0,False,79.80000000000001,31.400000000000002,1.3
7158,125148.0,False,79.60000000000001,30.5,2.0
7159,125170.0,False,79.4,29.400000000000002,2.8000000000000003
7160,125182.0,False,79.30000000000001,28.5,3.6
7161,125199.0,False,79.4,27.900000000000002,4.1000000000000005
7162,125219.0,False,79.60000000000001,27.6,4.5
7163,125232.0,False,79.80000000000001,27.700000000000003,4.6000000000000005
7164,125249.0,False,80.0,28.1,4.6000000000000005
7165,125265.0,False,80.2,28.700000000000003,4.5
7166,125283.0,False,80.5,29.400000000000002,4.3
7167,125303.0,False,80.80000000000001,29.900000000000002,4.1000000000000005
7168,125334.0,False,81.4,30.6,3.2
7169,125354.0,False,81.5,30.900000000000002,2.1
7170,125383.0,False,81.30000000000001,30.900000000000002,1.6
7171,125404.0,False,80.9,30.900000000000002,1.2000000000000002
7172,125417.0,False,80.5,30.900000000000002,0.8
7173,125434.0,False,80.0,30.700000000000003,0.7000000000000001
7174,125449.0,False,79.30000000000001,30.5,0.7000000000000001
7175,125468.0,False,78.60000000000001,30.0,0.9
7176,125483.0,False,77.7,29.3,1.1
7177,125503.0,False,76.9,28.5,1.4000000000000001
7178,125516.0,False,75.9,27.6,1.6
7179,125532.0,False,75.10000000000001,26.700000000000003,1.9000000000000001
7180,125549.0,False,74.3,26.0,2.1
7181,125566.0,False,73.7,25.5,2.4000000000000004
7182,125582.0,False,73.2,25.3,2.8000000000000003
7183,125603.0,False,72.8,25.200000000000003,3.1
7184,125616.0,False,72.5,25.3,3.3000000000000003
7185,125632.0,False,72.4,25.400000000000002,3.3000000000000003
7186,125649.0,False,72.4,25.8,3.1
7187,125666.0,False,72.5,26.200000000000003,2.9000000000000004
7188,125683.0,False,72.7,26.8,2.9000000000000004
7189,125699.0,False,73.0,27.3,2.9000000000000004
7190,125720.0,False,73.3,27.700000000000003,2.9000000000000004
7191,125733.0,False,73.7,28.0,2.8000000000000003
7192,125749.0,False,74.10000000000001,28.3,2.8000000000000003
7193,125765.0,False,74.4,28.6,3.1
7194,125782.0,False,74.7,28.900000000000002,3.5
7195,125803.0,False,74.9,29.200000000000003,4.2
7196,125815.0,False,75.3,29.5,5.2
7197,125832.0,False,75.7,29.6,6.300000000000001
7198,125850.0,False,76.3,29.700000000000003,7.4
7199,125866.0,False,77.10000000000001,29.6,8.5
7200,125887.0,False,77.9,29.400000000000002,9.1
7201,125903.0,False,78.7,29.0,9.200000000000001
7202,125918.0,False,79.5,28.5,8.700000000000001
7203,125932.0,False,80.10000000000001,28.0,7.800000000000001
7204,125949.0,False,80.60000000000001,27.5,6.4
7205,125969.0,False,80.9,27.200000000000003,4.800000000000001
7206,125983.0,False,81.30000000000001,27.1,3.3000000000000003
7207,126002.0,False,81.80000000000001,27.1,1.8
7208,126016.0,False,82.5,27.3,0.5
7209,126034.0,False,83.2,27.5,-0.7000000000000001
7210,126049.0,False,83.80000000000001,27.6,-1.8
7211,126066.0,False,84.4,27.700000000000003,-2.6
7212,126083.0,False,84.9,27.700000000000003,-3.2
7213,126099.0,False,85.30000000000001,27.700000000000003,-3.7
7214,126120.0,False,85.60000000000001,27.6,-4.0
7215,126132.0,False,85.80000000000001,27.5,-4.2
7216,126183.0,False,86.0,27.700000000000003,-4.4
7217,126202.0,False,86.0,28.1,-4.5
7218,126215.0,False,86.0,28.5,-4.7
7219,126232.0,False,85.80000000000001,28.700000000000003,-5.0
7220,126249.0,False,85.5,28.8,-5.300000000000001
7221,126266.0,False,85.0,28.900000000000002,-5.5
7222,126282.0,False,84.30000000000001,29.0,-5.2
7223,126302.0,False,83.9,28.900000000000002,-4.7
7224,126315.0,False,83.60000000000001,28.200000000000003,-4.3
7225,126332.0,False,83.4,27.200000000000003,-4.0
7226,126350.0,False,83.0,26.1,-3.7
7227,126368.0,False,82.7,25.3,-3.3000000000000003
7228,126382.0,False,82.5,25.0,-2.7
7229,126398.0,False,82.4,24.900000000000002,-2.2
7230,126424.0,False,83.0,25.200000000000003,-1.6
7231,126449.0,False,83.4,25.6,-1.6
7232,126465.0,False,83.80000000000001,26.1,-1.7000000000000002
7233,126484.0,False,84.30000000000001,26.8,-1.8
7234,126503.0,False,84.80000000000001,27.400000000000002,-2.1
7235,126517.0,False,85.4,27.900000000000002,-2.5
7236,126532.0,False,85.9,28.3,-3.1
7237,126548.0,False,86.30000000000001,28.6,-3.6
7238,126573.0,False,86.30000000000001,28.8,-3.7
7239,126582.0,False,86.2,29.0,-3.5
7240,126599.0,False,86.0,29.1,-2.8000000000000003
7241,126616.0,False,85.80000000000001,28.900000000000002,-1.7000000000000002
7242,126632.0,False,85.80000000000001,28.400000000000002,-0.6000000000000001
7243,126650.0,False,85.80000000000001,27.700000000000003,0.6000000000000001
7244,126666.0,False,85.7,26.900000000000002,1.6
7245,126683.0,False,85.5,26.1,2.3000000000000003
7246,126702.0,False,85.2,25.3,2.8000000000000003
7247,126718.0,False,84.80000000000001,24.900000000000002,2.8000000000000003
7248,126732.0,False,84.5,24.8,2.2
7249,126749.0,False,84.30000000000001,25.1,1.1
7250,126766.0,False,84.2,25.900000000000002,-0.4
7251,126783.0,False,84.10000000000001,27.0,-2.1
7252,126799.0,False,84.10000000000001,28.1,-3.6
7253,126818.0,False,84.4,28.8,-4.5
7254,126833.0,False,85.30000000000001,29.0,-5.1000000000000005
7255,126849.0,False,86.60000000000001,29.0,-5.5
7256,126865.0,False,88.30000000000001,29.400000000000002,-5.7
7257,126883.0,False,90.30000000000001,30.3,-6.2
7258,126901.0,False,92.7,31.3,-7.0
7259,126915.0,False,95.30000000000001,32.0,-8.1
7260,126932.0,False,97.5,31.900000000000002,-9.200000000000001
7261,126949.0,False,99.4,30.900000000000002,-10.0
7262,126965.0,False,100.7,29.3,-10.600000000000001
7263,126982.0,False,101.2,27.8,-10.200000000000001
7264,127005.0,False,101.80000000000001,27.200000000000003,-10.100000000000001
7265,127016.0,False,102.4,27.3,-10.4
7266,127033.0,False,103.0,27.700000000000003,-11.4
7267,127050.0,False,103.60000000000001,28.400000000000002,-12.4
7268,127065.0,False,104.30000000000001,29.200000000000003,-13.5
7269,127082.0,False,105.2,30.200000000000003,-15.0
7270,127103.0,False,105.7,30.900000000000002,-16.3
7271,127117.0,False,105.7,31.200000000000003,-17.2
7272,127132.0,False,105.30000000000001,31.1,-17.6
7273,127148.0,False,104.60000000000001,30.6,-17.2
7274,127168.0,False,104.0,30.200000000000003,-16.6
7275,127182.0,False,103.7,29.8,-16.5
7276,127202.0,False,103.7,29.6,-16.5
7277,127222.0,False,104.2,29.1,-16.1
7278,127250.0,False,104.9,28.1,-16.0
7279,127266.0,False,106.0,26.8,-16.3
7280,127282.0,False,107.0,25.5,-17.0
7281,127320.0,False,110.0,22.400000000000002,-20.8
7282,127332.0,False,111.30000000000001,21.1,-24.3
7283,127352.0,False,111.30000000000001,20.1,-26.1
7284,127365.0,False,111.2,19.1,-26.8
7285,127382.0,False,110.80000000000001,18.1,-27.3
7286,127404.0,False,110.0,17.1,-27.3
7287,127417.0,False,109.0,16.400000000000002,-27.200000000000003
7288,127433.0,False,108.2,16.0,-27.3
7289,127450.0,False,107.60000000000001,15.600000000000001,-27.400000000000002
7290,127468.0,False,107.4,15.3,-27.400000000000002
7291,127483.0,False,107.5,15.100000000000001,-27.400000000000002
7292,127503.0,False,107.80000000000001,14.9,-27.5
7293,127520.0,False,108.10000000000001,14.5,-27.6
7294,127533.0,False,108.10000000000001,14.100000000000001,-27.5
7295,127550.0,False,108.2,13.700000000000001,-27.400000000000002
7296,127568.0,False,108.30000000000001,13.4,-27.3
7297,127583.0,False,108.60000000000001,13.200000000000001,-27.200000000000003
7298,127601.0,False,108.9,13.200000000000001,-26.900000000000002
7299,127619.0,False,109.30000000000001,13.5,-26.5
7300,127632.0,False,109.80000000000001,14.100000000000001,-26.3
7301,127650.0,False,110.4,14.9,-26.5
7302,127666.0,False,111.0,15.8,-27.1
7303,127683.0,False,111.5,16.6,-27.900000000000002
7304,127699.0,False,111.7,17.1,-28.5
7305,127726.0,False,111.7,17.3,-28.900000000000002
7306,127732.0,False,111.5,17.2,-28.8
7307,127754.0,False,111.30000000000001,16.900000000000002,-28.3
7308,127765.0,False,111.2,16.6,-27.5
7309,127788.0,False,111.30000000000001,16.400000000000002,-26.700000000000003
7310,127800.0,False,111.4,16.2,-26.1
7311,127821.0,False,111.60000000000001,16.1,-25.700000000000003
7312,127832.0,False,111.7,16.0,-25.5
7313,127865.0,False,111.60000000000001,16.2,-25.400000000000002
7314,127883.0,False,111.4,16.400000000000002,-25.400000000000002
7315,127899.0,False,111.30000000000001,16.5,-25.6
7316,127921.0,False,111.30000000000001,16.6,-25.900000000000002
7317,127933.0,False,111.30000000000001,16.6,-26.400000000000002
7318,127950.0,False,111.4,16.3,-27.0
7319,127966.0,False,111.30000000000001,15.8,-27.6
7320,127982.0,False,111.10000000000001,15.0,-27.8
7321,127999.0,False,110.9,14.100000000000001,-27.8
7322,128020.0,False,111.5,12.100000000000001,-27.400000000000002
7323,128050.0,False,112.4,11.100000000000001,-27.200000000000003
7324,128066.0,False,113.5,10.3,-26.900000000000002
7325,128082.0,False,114.60000000000001,9.8,-26.5
7326,128111.0,False,115.4,9.5,-26.0
7327,128116.0,False,115.7,9.600000000000001,-25.5
7328,128133.0,False,115.5,10.0,-24.700000000000003
7329,128148.0,False,114.5,10.600000000000001,-23.400000000000002
7330,128170.0,False,113.30000000000001,11.700000000000001,-21.5
7331,128182.0,False,112.30000000000001,13.3,-19.8
7332,128205.0,False,111.9,15.3,-18.5
7333,128219.0,False,111.60000000000001,17.400000000000002,-17.6
7334,128233.0,False,111.60000000000001,19.5,-17.1
7335,128248.0,False,111.5,21.400000000000002,-16.7
7336,128266.0,False,111.30000000000001,22.900000000000002,-16.3
7337,128282.0,False,111.0,24.1,-16.0
7338,128299.0,False,110.5,25.200000000000003,-15.8
7339,128318.0,False,110.10000000000001,26.200000000000003,-15.8
7340,128333.0,False,109.9,27.0,-15.700000000000001
7341,128349.0,False,109.80000000000001,27.5,-15.8
7342,128369.0,False,109.7,27.700000000000003,-15.9
7343,128382.0,False,109.80000000000001,27.700000000000003,-16.2
7344,128403.0,False,109.80000000000001,27.5,-16.5
7345,128419.0,False,109.60000000000001,27.0,-16.400000000000002
7346,128435.0,False,109.5,26.400000000000002,-16.1
7347,128451.0,False,109.4,25.700000000000003,-15.3
7348,128465.0,False,109.5,25.0,-14.4
7349,128482.0,False,110.0,24.400000000000002,-13.700000000000001
7350,128501.0,False,110.7,23.900000000000002,-13.4
7351,128517.0,False,111.4,23.3,-13.600000000000001
7352,128532.0,False,112.10000000000001,22.700000000000003,-14.3
7353,128549.0,False,112.4,22.0,-15.200000000000001
7354,128566.0,False,112.60000000000001,21.1,-16.1
7355,128582.0,False,112.4,20.1,-17.0
7356,128599.0,False,112.10000000000001,19.1,-17.5
7357,128620.0,False,111.7,18.3,-17.8
7358,128633.0,False,111.30000000000001,17.6,-18.0
7359,128648.0,False,110.80000000000001,17.3,-18.1
7360,128666.0,False,110.4,17.3,-18.0
7361,128683.0,False,110.10000000000001,17.6,-17.7
7362,128699.0,False,109.9,18.2,-17.5
7363,128725.0,False,110.4,19.5,-18.3
7364,128751.0,False,110.5,20.1,-18.8
7365,128765.0,False,110.30000000000001,20.6,-19.0
7366,128785.0,False,109.9,21.1,-18.900000000000002
7367,128802.0,False,109.60000000000001,21.8,-18.7
7368,128822.0,False,109.9,23.6,-18.7
7369,128849.0,False,110.4,24.5,-19.200000000000003
7370,128868.0,False,111.10000000000001,25.1,-20.0
7371,128882.0,False,111.7,25.400000000000002,-21.200000000000003
7372,128898.0,False,112.30000000000001,25.3,-22.400000000000002
7373,128916.0,False,112.9,24.900000000000002,-23.5
7374,128933.0,False,113.4,24.3,-24.3
7375,128949.0,False,113.80000000000001,23.700000000000003,-24.8
7376,128966.0,False,114.2,23.1,-24.900000000000002
7377,128983.0,False,114.7,22.6,-24.700000000000003
7378,128999.0,False,115.30000000000001,22.200000000000003,-24.400000000000002
7379,129019.0,False,116.0,21.8,-24.200000000000003
7380,129032.0,False,116.60000000000001,21.5,-24.200000000000003
7381,129048.0,False,117.10000000000001,21.1,-24.3
7382,129065.0,False,117.60000000000001,20.700000000000003,-24.5
7383,129083.0,False,117.9,20.1,-24.6
7384,129101.0,False,118.10000000000001,19.400000000000002,-24.700000000000003
7385,129119.0,False,118.4,18.6,-24.700000000000003
7386,129133.0,False,118.80000000000001,17.8,-24.6
7387,129148.0,False,119.30000000000001,16.8,-24.700000000000003
7388,129167.0,False,119.80000000000001,15.8,-24.8
7389,129182.0,False,120.5,14.9,-25.0
7390,129199.0,False,121.2,14.0,-25.1
7391,129220.0,False,121.80000000000001,13.3,-25.0
7392,129234.0,False,122.5,12.8,-24.900000000000002
7393,129269.0,False,123.10000000000001,12.600000000000001,-24.700000000000003
7394,129282.0,False,123.7,12.5,-24.6
7395,129300.0,False,125.30000000000001,12.5,-24.700000000000003
7396,129318.0,False,126.2,12.200000000000001,-24.900000000000002
7397,129332.0,False,127.2,11.700000000000001,-25.1
7398,129351.0,False,128.1,11.0,-24.900000000000002
7399,129366.0,False,128.8,10.3,-24.6
7400,129382.0,False,129.6,9.600000000000001,-24.200000000000003
7401,129399.0,False,130.4,9.0,-24.0
7402,129416.0,False,131.3,8.4,-24.1
7403,129434.0,False,132.5,7.7,-24.3
7404,129449.0,False,133.70000000000002,6.7,-24.6
7405,129469.0,False,135.0,5.7,-24.700000000000003
7406,129482.0,False,136.20000000000002,4.9,-24.700000000000003
7407,129499.0,False,137.3,4.5,-24.700000000000003
7408,129517.0,False,138.20000000000002,4.9,-24.8
7409,129533.0,False,138.70000000000002,5.800000000000001,-24.8
7410,129549.0,False,139.1,7.1000000000000005,-24.8
7411,129565.0,False,139.4,8.8,-24.6
7412,129585.0,False,139.8,10.700000000000001,-24.200000000000003
7413,129598.0,False,140.20000000000002,12.5,-23.3
7414,129615.0,False,140.8,14.100000000000001,-22.400000000000002
7415,129632.0,False,141.6,15.5,-21.700000000000003
7416,129648.0,False,142.20000000000002,16.6,-20.200000000000003
7417,129665.0,False,142.70000000000002,17.400000000000002,-18.2
7418,129682.0,False,143.4,17.900000000000002,-16.400000000000002
7419,129700.0,False,143.9,18.2,-15.200000000000001
7420,129721.0,False,145.1,18.3,-13.8
7421,129749.0,False,145.6,18.2,-13.600000000000001
7422,129765.0,False,146.0,17.8,-13.600000000000001
7423,129782.0,False,146.5,17.3,-13.700000000000001
7424,129799.0,False,147.0,16.5,-13.700000000000001
7425,129826.0,False,147.6,15.600000000000001,-13.700000000000001
7426,129848.0,False,149.0,13.700000000000001,-13.9
7427,129866.0,False,149.70000000000002,12.8,-14.0
7428,129892.0,False,150.9,11.4,-14.600000000000001
7429,129923.0,False,151.20000000000002,11.0,-15.100000000000001
7430,129934.0,False,151.4,10.600000000000001,-15.600000000000001
7431,129949.0,False,151.5,10.4,-15.9
7432,129972.0,False,151.5,10.200000000000001,-16.1
7433,129982.0,False,151.4,10.3,-16.400000000000002
7434,130000.0,False,151.1,10.5,-16.5
7435,130015.0,False,150.9,11.0,-16.5
7436,130032.0,False,150.9,11.4,-16.2
7437,130049.0,False,150.9,11.600000000000001,-15.5
7438,130066.0,False,151.1,11.600000000000001,-14.8
7439,130082.0,False,151.4,11.700000000000001,-14.100000000000001
7440,130099.0,False,151.8,12.0,-13.4
7441,130118.0,False,152.20000000000002,12.5,-12.700000000000001
7442,130133.0,False,152.4,13.200000000000001,-12.3
7443,130165.0,False,152.6,15.100000000000001,-13.600000000000001
7444,130183.0,False,152.4,16.1,-14.600000000000001
7445,130199.0,False,152.20000000000002,17.1,-15.3
7446,130220.0,False,151.6,17.900000000000002,-16.1
7447,130233.0,False,150.8,18.5,-16.400000000000002
7448,130255.0,False,149.5,19.400000000000002,-15.100000000000001
7449,130285.0,False,149.1,19.700000000000003,-14.200000000000001
7450,130299.0,False,148.8,19.900000000000002,-13.700000000000001
7451,130319.0,False,148.5,20.200000000000003,-13.8
7452,130336.0,False,148.1,20.5,-14.4
7453,130349.0,False,147.6,20.8,-15.200000000000001
7454,130367.0,False,146.9,21.0,-16.1
7455,130382.0,False,146.3,21.3,-16.900000000000002
7456,130398.0,False,145.70000000000002,21.5,-17.7
7457,130422.0,False,144.8,21.700000000000003,-18.7
7458,130452.0,False,144.5,21.700000000000003,-19.3
7459,130465.0,False,144.20000000000002,21.700000000000003,-19.900000000000002
7460,130482.0,False,144.1,21.6,-20.400000000000002
7461,130499.0,False,144.20000000000002,21.6,-20.8
7462,130517.0,False,144.3,21.6,-20.900000000000002
7463,130532.0,False,144.5,21.6,-20.900000000000002
7464,130549.0,False,144.8,21.400000000000002,-20.8
7465,130565.0,False,145.3,21.200000000000003,-20.900000000000002
7466,130582.0,False,145.9,20.700000000000003,-21.200000000000003
7467,130599.0,False,146.4,20.3,-21.700000000000003
7468,130620.0,False,146.70000000000002,19.8,-22.3
7469,130649.0,False,147.20000000000002,18.7,-22.8
7470,130665.0,False,147.9,18.2,-23.0
7471,130682.0,False,148.70000000000002,17.7,-23.200000000000003
7472,130699.0,False,149.8,17.1,-23.5
7473,130723.0,False,150.70000000000002,16.5,-23.8
7474,130732.0,False,151.3,16.0,-24.0
7475,130748.0,False,151.70000000000002,15.700000000000001,-24.0
7476,130766.0,False,151.9,15.8,-23.8
7477,130782.0,False,152.0,16.3,-23.400000000000002
7478,130802.0,False,152.20000000000002,17.2,-22.700000000000003
7479,130817.0,False,152.5,18.2,-21.8
7480,130839.0,False,153.70000000000002,19.700000000000003,-19.900000000000002
7481,130866.0,False,154.4,20.1,-19.0
7482,130882.0,False,155.10000000000002,20.1,-18.1
7483,130903.0,False,156.0,19.8,-17.5
7484,130917.0,False,156.70000000000002,19.3,-17.3
7485,130932.0,False,157.5,18.7,-17.5
7486,130966.0,False,159.20000000000002,17.1,-19.200000000000003
7487,130982.0,False,160.0,16.0,-20.400000000000002
7488,130999.0,False,160.70000000000002,14.600000000000001,-21.700000000000003
7489,131021.0,False,161.3,12.9,-23.200000000000003
7490,131037.0,False,161.9,11.100000000000001,-24.6
7491,131054.0,False,162.70000000000002,7.5,-28.0
7492,131082.0,False,162.60000000000002,6.2,-29.700000000000003
7493,131099.0,False,162.10000000000002,5.5,-30.8
7494,131121.0,False,161.4,5.2,-31.0
7495,131132.0,False,160.70000000000002,5.4,-30.200000000000003
7496,131149.0,False,160.3,6.300000000000001,-28.700000000000003
7497,131165.0,False,160.0,8.0,-27.3
7498,131182.0,False,159.8,10.200000000000001,-26.1
7499,131200.0,False,159.70000000000002,12.600000000000001,-25.200000000000003
7500,131216.0,False,159.60000000000002,14.9,-24.400000000000002
7501,131232.0,False,159.8,16.7,-23.6
7502,131250.0,False,160.20000000000002,18.0,-23.1
7503,131265.0,False,160.60000000000002,18.7,-22.900000000000002
7504,131282.0,False,160.9,18.8,-23.0
7505,131298.0,False,161.0,18.7,-23.3
7506,131316.0,False,160.8,18.5,-23.5
7507,131335.0,False,160.4,18.400000000000002,-23.5
7508,131348.0,False,160.0,18.3,-23.1
7509,131367.0,False,159.70000000000002,18.3,-22.5
7510,131382.0,False,159.5,18.400000000000002,-21.5
7511,131398.0,False,159.4,18.6,-20.5
7512,131423.0,False,159.4,18.7,-19.3
7513,131454.0,False,159.60000000000002,18.6,-17.5
7514,131465.0,False,159.60000000000002,18.1,-17.1
7515,131482.0,False,159.5,17.400000000000002,-16.8
7516,131499.0,False,159.10000000000002,16.3,-16.400000000000002
7517,131518.0,False,158.60000000000002,15.0,-15.9
7518,131533.0,False,158.10000000000002,13.5,-15.3
7519,131553.0,False,157.5,12.0,-14.700000000000001
7520,131565.0,False,156.9,10.700000000000001,-14.100000000000001
7521,131585.0,False,156.20000000000002,9.700000000000001,-13.600000000000001
7522,131598.0,False,155.4,9.3,-13.100000000000001
7523,131616.0,False,154.70000000000002,9.3,-12.8
7524,131632.0,False,154.20000000000002,9.700000000000001,-12.700000000000001
7525,131649.0,False,153.9,10.200000000000001,-12.8
7526,131665.0,False,153.70000000000002,10.700000000000001,-12.700000000000001
7527,131682.0,False,153.70000000000002,11.0,-12.8
7528,131699.0,False,153.8,11.100000000000001,-12.9
7529,131716.0,False,154.10000000000002,11.200000000000001,-13.200000000000001
7530,131732.0,False,154.4,11.200000000000001,-13.5
7531,131748.0,False,154.9,11.4,-13.9
7532,131765.0,False,155.20000000000002,11.8,-14.3
7533,131782.0,False,155.3,12.200000000000001,-14.5
7534,131802.0,False,155.4,12.600000000000001,-14.3
7535,131816.0,False,155.60000000000002,12.9,-13.700000000000001
7536,131834.0,False,155.9,13.200000000000001,-13.0
7537,131849.0,False,156.3,13.5,-12.4
7538,131868.0,False,156.9,13.9,-11.9
7539,131882.0,False,157.70000000000002,14.100000000000001,-11.600000000000001
7540,131899.0,False,158.5,14.5,-11.4
7541,131915.0,False,159.20000000000002,14.9,-11.3
7542,131938.0,False,159.9,15.5,-11.200000000000001
7543,131949.0,False,160.5,16.1,-11.200000000000001
7544,131977.0,False,161.8,17.400000000000002,-11.200000000000001
7545,131999.0,False,162.60000000000002,17.900000000000002,-11.200000000000001
7546,132019.0,False,163.4,18.3,-11.100000000000001
7547,132033.0,False,164.20000000000002,18.400000000000002,-10.9
7548,132049.0,False,165.0,18.400000000000002,-10.600000000000001
7549,132065.0,False,165.9,18.400000000000002,-10.4
7550,132086.0,False,166.70000000000002,18.3,-10.4
7551,132099.0,False,167.8,18.2,-10.600000000000001
7552,132123.0,False,170.10000000000002,17.6,-11.4
7553,132148.0,False,171.4,17.2,-11.9
7554,132166.0,False,172.70000000000002,16.7,-12.600000000000001
7555,132185.0,False,173.9,16.1,-13.200000000000001
7556,132198.0,False,175.10000000000002,15.5,-13.700000000000001
7557,132216.0,False,176.10000000000002,14.9,-14.100000000000001
7558,132234.0,False,177.0,14.4,-14.600000000000001
7559,132248.0,False,177.60000000000002,14.0,-15.0
7560,132265.0,False,178.0,13.600000000000001,-15.200000000000001
7561,132282.0,False,178.20000000000002,13.200000000000001,-15.200000000000001
7562,132299.0,False,178.20000000000002,12.8,-15.100000000000001
7563,132315.0,False,178.0,12.700000000000001,-15.3
7564,132337.0,False,177.3,13.0,-15.700000000000001
7565,132348.0,False,176.4,13.8,-16.2
7566,132365.0,False,175.5,14.700000000000001,-16.7
7567,132383.0,False,174.9,15.600000000000001,-17.0
7568,132398.0,False,174.60000000000002,16.5,-17.1
7569,132416.0,False,174.5,17.2,-17.2
7570,132432.0,False,174.3,18.0,-17.5
7571,132448.0,False,174.10000000000002,19.0,-17.900000000000002
7572,132466.0,False,173.60000000000002,20.0,-18.3
7573,132482.0,False,173.10000000000002,21.1,-18.5
7574,132498.0,False,172.5,22.1,-18.1
7575,132516.0,False,171.9,22.900000000000002,-17.1
7576,132532.0,False,171.3,23.6,-15.700000000000001
7577,132557.0,False,170.70000000000002,24.0,-14.200000000000001
7578,132565.0,False,170.20000000000002,24.3,-12.8
7579,132587.0,False,169.8,24.5,-11.600000000000001
7580,132599.0,False,169.3,24.6,-10.700000000000001
7581,132620.0,False,168.8,24.700000000000003,-10.0
7582,132633.0,False,168.4,24.6,-9.600000000000001
7583,132649.0,False,168.0,24.200000000000003,-9.5
7584,132666.0,False,167.70000000000002,23.700000000000003,-9.5
7585,132682.0,False,167.4,23.0,-9.5
7586,132699.0,False,167.10000000000002,22.3,-9.4
7587,132715.0,False,167.0,21.5,-9.3
7588,132732.0,False,167.10000000000002,20.900000000000002,-9.1
7589,132749.0,False,167.3,20.400000000000002,-8.9
7590,132766.0,False,167.60000000000002,20.0,-8.700000000000001
7591,132785.0,False,167.9,19.900000000000002,-8.6
7592,132799.0,False,168.20000000000002,19.900000000000002,-8.700000000000001
7593,132819.0,False,168.60000000000002,20.200000000000003,-8.8
7594,132837.0,False,169.20000000000002,20.5,-9.1
7595,132848.0,False,170.0,20.700000000000003,-9.600000000000001
7596,132865.0,False,171.10000000000002,20.6,-10.0
7597,132882.0,False,172.4,20.3,-10.600000000000001
7598,132899.0,False,173.4,19.900000000000002,-11.3
7599,132922.0,False,174.10000000000002,19.3,-12.0
7600,132932.0,False,174.60000000000002,18.5,-12.700000000000001
7601,132948.0,False,175.3,17.7,-13.200000000000001
7602,132965.0,False,176.10000000000002,17.0,-13.700000000000001
7603,132982.0,False,176.8,16.5,-13.9
7604,132999.0,False,177.4,16.1,-13.9
7605,133019.0,False,177.8,16.0,-13.700000000000001
7606,133033.0,False,178.10000000000002,16.3,-13.600000000000001
7607,133049.0,False,178.20000000000002,17.0,-13.5
7608,133065.0,False,178.20000000000002,17.900000000000002,-13.600000000000001
7609,133083.0,False,178.10000000000002,18.900000000000002,-13.5
7610,133099.0,False,178.10000000000002,19.8,-13.5
7611,133116.0,False,178.3,20.6,-13.4
7612,133132.0,False,178.60000000000002,21.1,-13.200000000000001
7613,133149.0,False,179.0,21.5,-12.9
7614,133166.0,False,179.5,21.6,-12.5
7615,133200.0,False,180.5,21.3,-11.9
7616,133236.0,False,181.70000000000002,20.5,-11.8
7617,133248.0,False,182.4,20.0,-12.0
7618,133265.0,False,183.20000000000002,19.3,-12.200000000000001
7619,133282.0,False,183.9,18.5,-12.5
7620,133300.0,False,184.60000000000002,17.5,-13.0
7621,133318.0,False,185.20000000000002,16.2,-13.600000000000001
7622,133338.0,False,185.9,14.700000000000001,-14.4
7623,133348.0,False,186.60000000000002,13.100000000000001,-15.8
7624,133366.0,False,187.20000000000002,11.600000000000001,-17.6
7625,133382.0,False,187.4,10.5,-19.6
7626,133401.0,False,187.4,9.8,-21.400000000000002
7627,133415.0,False,187.3,9.600000000000001,-22.8
7628,133432.0,False,187.20000000000002,9.700000000000001,-23.700000000000003
7629,133449.0,False,187.10000000000002,10.0,-24.200000000000003
7630,133466.0,False,187.0,10.700000000000001,-24.900000000000002
7631,133488.0,False,186.4,11.5,-25.6
7632,133499.0,False,185.4,12.5,-25.8
7633,133527.0,False,184.0,13.5,-25.0
7634,133532.0,False,182.8,14.4,-23.400000000000002
7635,133549.0,False,182.0,15.3,-21.400000000000002
7636,133570.0,False,181.3,16.3,-19.700000000000003
7637,133582.0,False,180.70000000000002,17.6,-18.7
7638,133608.0,False,180.20000000000002,19.1,-18.5
7639,133616.0,False,179.4,20.6,-19.0
7640,133637.0,False,178.3,22.0,-19.5
7641,133648.0,False,177.0,23.1,-19.900000000000002
7642,133666.0,False,175.70000000000002,23.900000000000002,-20.0
7643,133682.0,False,174.60000000000002,24.400000000000002,-19.700000000000003
7644,133702.0,False,173.70000000000002,24.6,-19.3
7645,133721.0,False,172.20000000000002,24.400000000000002,-18.3
7646,133748.0,False,171.3,24.200000000000003,-17.900000000000002
7647,133765.0,False,170.20000000000002,23.900000000000002,-17.7
7648,133782.0,False,168.9,23.6,-17.6
7649,133798.0,False,167.70000000000002,23.3,-17.400000000000002
7650,133821.0,False,166.5,22.8,-17.3
7651,133844.0,False,164.8,21.900000000000002,-17.0
7652,133867.0,False,164.4,21.6,-16.8
7653,133882.0,False,164.10000000000002,21.6,-16.7
7654,133898.0,False,163.9,21.700000000000003,-16.6
7655,133920.0,False,163.9,22.0,-16.5
7656,133933.0,False,164.0,22.3,-16.3
7657,133949.0,False,164.10000000000002,22.6,-16.3
7658,133966.0,False,164.4,22.8,-16.5
7659,133982.0,False,164.9,22.8,-17.1
7660,134003.0,False,165.5,22.700000000000003,-18.0
7661,134015.0,False,166.0,22.3,-19.0
7662,134036.0,False,166.5,22.0,-20.0
7663,134049.0,False,166.70000000000002,21.8,-20.900000000000002
7664,134065.0,False,166.8,21.8,-21.700000000000003
7665,134086.0,False,166.8,21.8,-22.200000000000003
7666,134098.0,False,167.0,21.6,-22.200000000000003
7667,134120.0,False,167.5,21.1,-21.6
7668,134136.0,False,168.60000000000002,20.400000000000002,-20.900000000000002
7669,134149.0,False,169.9,19.8,-20.6
7670,134165.0,False,171.20000000000002,19.3,-20.900000000000002
7671,134183.0,False,172.10000000000002,19.1,-21.400000000000002
7672,134200.0,False,172.60000000000002,19.1,-21.8
7673,134216.0,False,173.0,19.3,-22.1
7674,134233.0,False,173.4,19.6,-22.1
7675,134248.0,False,173.9,20.1,-21.8
7676,134266.0,False,174.70000000000002,20.700000000000003,-21.3
7677,134282.0,False,175.8,21.200000000000003,-20.8
7678,134301.0,False,176.9,21.5,-20.3
7679,134315.0,False,178.0,21.6,-19.700000000000003
7680,134331.0,False,179.10000000000002,21.5,-19.3
7681,134349.0,False,180.0,21.400000000000002,-19.0
7682,134366.0,False,180.8,21.1,-18.7
7683,134383.0,False,181.5,20.8,-18.5
7684,134398.0,False,182.10000000000002,20.5,-18.3
7685,134415.0,False,182.70000000000002,20.3,-18.3
7686,134432.0,False,183.5,20.1,-18.1
7687,134450.0,False,184.3,20.0,-17.900000000000002
7688,134465.0,False,185.10000000000002,20.0,-17.7
7689,134483.0,False,185.8,20.1,-17.6
7690,134499.0,False,186.3,20.200000000000003,-17.6
7691,134516.0,False,186.60000000000002,20.3,-17.7
7692,134532.0,False,186.8,20.3,-17.6
7693,134548.0,False,186.70000000000002,20.200000000000003,-17.3
7694,134565.0,False,186.70000000000002,20.200000000000003,-17.1
7695,134584.0,False,186.60000000000002,20.400000000000002,-17.1
7696,134599.0,False,186.60000000000002,20.8,-17.5
7697,134631.0,False,186.0,21.900000000000002,-18.6
7698,134649.0,False,185.70000000000002,22.3,-19.200000000000003
7699,134670.0,False,185.60000000000002,22.6,-19.5
7700,134683.0,False,185.5,22.8,-19.8
7701,134703.0,False,185.4,23.0,-20.200000000000003
7702,134715.0,False,185.20000000000002,23.3,-20.6
7703,134732.0,False,184.9,23.700000000000003,-20.900000000000002
7704,134752.0,False,184.4,24.200000000000003,-21.1
7705,134765.0,False,183.8,24.700000000000003,-21.0
7706,134782.0,False,183.20000000000002,25.0,-20.6
7707,134799.0,False,182.70000000000002,25.1,-19.900000000000002
7708,134816.0,False,182.20000000000002,25.1,-19.3
7709,134832.0,False,181.8,24.900000000000002,-18.7
7710,134849.0,False,181.4,24.5,-18.2
7711,134869.0,False,181.0,24.0,-18.0
7712,134883.0,False,180.5,23.3,-17.900000000000002
7713,134900.0,False,179.9,22.5,-17.8
7714,134915.0,False,179.3,21.5,-17.900000000000002
7715,134932.0,False,178.8,20.400000000000002,-18.2
7716,134953.0,False,178.5,19.1,-18.8
7717,134966.0,False,178.4,17.6,-19.700000000000003
7718,134989.0,False,178.4,16.0,-20.8
7719,134999.0,False,178.4,14.5,-22.3
7720,135018.0,False,178.4,13.3,-23.8
7721,135031.0,False,178.3,12.5,-25.400000000000002
7722,135049.0,False,178.0,12.3,-26.8
7723,135066.0,False,177.8,12.4,-27.900000000000002
7724,135083.0,False,178.0,12.8,-28.700000000000003
7725,135099.0,False,178.4,13.100000000000001,-29.1
7726,135130.0,False,179.0,13.4,-29.1
7727,135131.0,False,179.60000000000002,13.5,-28.900000000000002
7728,135152.0,False,180.3,13.600000000000001,-28.8
7729,135165.0,False,180.70000000000002,13.700000000000001,-28.900000000000002
7730,135185.0,False,180.8,14.200000000000001,-28.900000000000002
7731,135215.0,False,180.5,15.100000000000001,-28.8
7732,135232.0,False,180.4,17.2,-27.700000000000003
7733,135249.0,False,181.0,18.1,-26.8
7734,135265.0,False,182.0,18.7,-25.900000000000002
7735,135287.0,False,183.10000000000002,19.1,-25.200000000000003
7736,135299.0,False,184.20000000000002,19.3,-24.700000000000003
7737,135315.0,False,185.20000000000002,19.400000000000002,-24.400000000000002
7738,135338.0,False,186.0,19.700000000000003,-24.1
7739,135351.0,False,186.8,20.0,-23.900000000000002
7740,135365.0,False,187.8,20.400000000000002,-23.8
7741,135382.0,False,188.8,20.700000000000003,-23.8
7742,135399.0,False,189.9,20.900000000000002,-24.0
7743,135419.0,False,191.0,20.700000000000003,-24.1
7744,135431.0,False,192.0,20.200000000000003,-24.200000000000003
7745,135448.0,False,192.9,19.5,-24.0
7746,135465.0,False,193.8,18.6,-23.5
7747,135483.0,False,194.70000000000002,17.8,-22.8
7748,135499.0,False,195.60000000000002,17.3,-22.1
7749,135523.0,False,196.70000000000002,17.1,-21.6
7750,135532.0,False,197.70000000000002,17.0,-21.400000000000002
7751,135549.0,False,198.70000000000002,16.900000000000002,-21.6
7752,135566.0,False,199.60000000000002,16.6,-21.900000000000002
7753,135582.0,False,200.4,16.2,-22.3
7754,135599.0,False,201.10000000000002,15.8,-22.700000000000003
7755,135617.0,False,201.8,15.4,-23.1
7756,135632.0,False,202.5,15.0,-23.5
7757,135653.0,False,203.20000000000002,14.8,-24.0
7758,135665.0,False,203.8,14.8,-24.200000000000003
7759,135683.0,False,204.3,14.9,-24.3
7760,135699.0,False,204.70000000000002,14.9,-24.0
7761,135721.0,False,205.10000000000002,14.9,-23.6
7762,135731.0,False,205.4,14.8,-23.200000000000003
7763,135751.0,False,205.5,14.700000000000001,-22.8
7764,135766.0,False,205.5,14.700000000000001,-22.5
7765,135784.0,False,205.5,14.8,-22.1
7766,135799.0,False,205.5,15.100000000000001,-21.900000000000002
7767,135819.0,False,205.70000000000002,15.4,-22.1
7768,135832.0,False,205.9,15.700000000000001,-22.6
7769,135866.0,False,206.10000000000002,16.0,-24.3
7770,135882.0,False,206.10000000000002,15.9,-25.200000000000003
7771,135899.0,False,205.9,15.8,-25.8
7772,135917.0,False,205.70000000000002,15.600000000000001,-26.200000000000003
7773,135941.0,False,205.4,15.4,-26.3
7774,135949.0,False,205.10000000000002,15.3,-26.0
7775,135970.0,False,204.70000000000002,15.200000000000001,-25.700000000000003
7776,135982.0,False,204.10000000000002,15.200000000000001,-25.3
7777,135999.0,False,203.5,15.200000000000001,-25.200000000000003
7778,136018.0,False,202.8,15.200000000000001,-25.200000000000003
7779,136032.0,False,202.10000000000002,15.100000000000001,-25.400000000000002
7780,136048.0,False,201.20000000000002,14.700000000000001,-25.5
7781,136067.0,False,200.4,14.200000000000001,-25.400000000000002
7782,136082.0,False,199.5,13.5,-25.1
7783,136101.0,False,198.8,12.9,-24.5
7784,136115.0,False,198.5,12.4,-23.900000000000002
7785,136138.0,False,198.4,12.200000000000001,-23.5
7786,136149.0,False,198.5,12.100000000000001,-23.200000000000003
7787,136165.0,False,198.8,12.100000000000001,-23.0
7788,136181.0,False,199.10000000000002,12.3,-22.8
7789,136199.0,False,199.5,12.5,-22.700000000000003
7790,136220.0,False,199.8,12.9,-22.700000000000003
7791,136232.0,False,200.20000000000002,13.200000000000001,-22.8
7792,136248.0,False,200.60000000000002,13.5,-23.1
7793,136266.0,False,201.20000000000002,13.700000000000001,-23.700000000000003
7794,136286.0,False,201.9,13.8,-24.3
7795,136299.0,False,202.8,13.8,-25.200000000000003
7796,136318.0,False,203.5,13.700000000000001,-26.0
7797,136332.0,False,203.9,13.600000000000001,-26.8
7798,136350.0,False,204.3,13.4,-27.200000000000003
7799,136365.0,False,204.8,13.100000000000001,-27.3
7800,136382.0,False,205.60000000000002,12.5,-26.8
7801,136399.0,False,206.60000000000002,11.600000000000001,-25.5
7802,136418.0,False,207.9,10.700000000000001,-24.1
7803,136431.0,False,209.20000000000002,10.4,-23.0
7804,136449.0,False,210.4,10.700000000000001,-22.5
7805,136465.0,False,211.20000000000002,11.8,-22.5
7806,136481.0,False,211.9,13.200000000000001,-22.900000000000002
7807,136499.0,False,212.70000000000002,14.700000000000001,-23.400000000000002
7808,136518.0,False,213.5,16.0,-23.8
7809,136532.0,False,214.5,17.0,-24.200000000000003
7810,136553.0,False,215.5,17.8,-24.400000000000002
7811,136565.0,False,216.5,18.3,-24.400000000000002
7812,136582.0,False,217.60000000000002,18.7,-24.200000000000003
7813,136599.0,False,218.70000000000002,18.900000000000002,-23.900000000000002
7814,136625.0,False,219.70000000000002,18.900000000000002,-23.5
7815,136632.0,False,220.9,18.7,-23.3
7816,136649.0,False,222.0,18.1,-23.1
7817,136665.0,False,223.3,17.3,-22.8
7818,136682.0,False,224.70000000000002,16.400000000000002,-22.400000000000002
7819,136699.0,False,226.3,15.5,-21.8
7820,136715.0,False,228.0,14.8,-21.3
7821,136733.0,False,229.8,14.4,-21.0
7822,136748.0,False,231.3,14.100000000000001,-21.0
7823,136765.0,False,232.70000000000002,14.0,-21.3
7824,136782.0,False,233.8,13.9,-21.6
7825,136799.0,False,234.9,13.700000000000001,-21.900000000000002
7826,136815.0,False,235.9,13.200000000000001,-22.0
7827,136834.0,False,236.8,12.600000000000001,-22.200000000000003
7828,136849.0,False,237.60000000000002,11.9,-22.3
7829,136868.0,False,238.10000000000002,11.200000000000001,-22.5
7830,136882.0,False,238.5,10.5,-22.6
7831,136901.0,False,238.8,9.9,-22.5
7832,136917.0,False,238.9,9.5,-22.3
7833,136933.0,False,239.0,9.5,-21.900000000000002
7834,136948.0,False,239.0,9.8,-21.6
7835,136978.0,False,238.9,11.0,-21.8
7836,136999.0,False,238.5,11.700000000000001,-22.1
7837,137022.0,False,237.10000000000002,12.700000000000001,-21.900000000000002
7838,137051.0,False,236.20000000000002,13.0,-21.400000000000002
7839,137065.0,False,235.4,13.0,-20.700000000000003
7840,137081.0,False,234.70000000000002,12.9,-19.900000000000002
7841,137098.0,False,234.0,12.600000000000001,-19.400000000000002
7842,137115.0,False,233.3,12.200000000000001,-19.0
7843,137137.0,False,232.4,11.9,-18.8
7844,137148.0,False,231.3,11.600000000000001,-18.7
7845,137182.0,False,230.20000000000002,11.5,-18.5
7846,137199.0,False,228.20000000000002,11.9,-18.2
7847,137221.0,False,227.60000000000002,12.3,-17.900000000000002
7848,137231.0,False,227.20000000000002,12.8,-17.7
7849,137249.0,False,227.0,13.200000000000001,-17.7
7850,137266.0,False,226.70000000000002,13.600000000000001,-17.7
7851,137284.0,False,226.4,13.8,-17.8
7852,137298.0,False,226.20000000000002,13.9,-17.900000000000002
7853,137315.0,False,226.20000000000002,13.9,-18.2
7854,137333.0,False,226.5,14.0,-18.8
7855,137348.0,False,227.0,13.9,-19.6
7856,137365.0,False,227.60000000000002,13.600000000000001,-20.700000000000003
7857,137381.0,False,227.9,13.3,-21.700000000000003
7858,137399.0,False,228.10000000000002,13.0,-22.700000000000003
7859,137415.0,False,228.20000000000002,13.0,-23.8
7860,137433.0,False,228.20000000000002,13.200000000000001,-24.8
7861,137448.0,False,228.4,13.3,-25.700000000000003
7862,137467.0,False,228.70000000000002,13.100000000000001,-26.1
7863,137482.0,False,229.4,12.4,-25.700000000000003
7864,137499.0,False,230.3,11.5,-25.0
7865,137523.0,False,231.20000000000002,10.600000000000001,-24.3
7866,137531.0,False,231.9,10.100000000000001,-23.900000000000002
7867,137548.0,False,232.4,10.200000000000001,-23.700000000000003
7868,137566.0,False,232.60000000000002,10.8,-23.700000000000003
7869,137582.0,False,232.9,11.8,-23.6
7870,137599.0,False,233.3,13.0,-23.200000000000003
7871,137616.0,False,233.8,14.100000000000001,-22.5
7872,137631.0,False,234.3,15.100000000000001,-21.400000000000002
7873,137649.0,False,234.8,16.0,-19.8
7874,137666.0,False,235.3,16.8,-17.900000000000002
7875,137682.0,False,235.9,17.6,-15.8
7876,137700.0,False,236.5,18.400000000000002,-13.600000000000001
7877,137716.0,False,237.10000000000002,19.1,-11.3
7878,137742.0,False,237.8,19.700000000000003,-9.1
7879,137749.0,False,238.70000000000002,20.200000000000003,-7.2
7880,137766.0,False,239.9,20.700000000000003,-5.7
7881,137782.0,False,241.20000000000002,21.0,-4.7
7882,137799.0,False,242.4,21.1,-4.2
7883,137822.0,False,243.5,20.900000000000002,-4.3
7884,137832.0,False,244.60000000000002,20.6,-4.7
7885,137849.0,False,245.5,20.1,-5.5
7886,137865.0,False,246.3,19.400000000000002,-6.300000000000001
7887,137886.0,False,246.9,18.6,-6.800000000000001
7888,137899.0,False,247.4,17.900000000000002,-7.0
7889,137916.0,False,248.0,17.400000000000002,-7.2
7890,137932.0,False,248.4,17.2,-7.4
7891,137948.0,False,248.60000000000002,17.2,-7.800000000000001
7892,137967.0,False,248.5,17.2,-8.3
7893,137982.0,False,248.4,17.2,-8.9
7894,138001.0,False,248.10000000000002,16.900000000000002,-9.1
7895,138015.0,False,247.70000000000002,16.8,-9.1
7896,138034.0,False,247.3,16.8,-8.8
7897,138049.0,False,246.9,17.2,-8.200000000000001
7898,138065.0,False,246.60000000000002,17.900000000000002,-7.800000000000001
7899,138082.0,False,246.20000000000002,19.0,-7.800000000000001
7900,138098.0,False,245.70000000000002,20.0,-8.0
7901,138120.0,False,245.10000000000002,21.0,-8.4
7902,138137.0,False,244.4,21.8,-8.700000000000001
7903,138149.0,False,243.60000000000002,22.3,-8.8
7904,138165.0,False,242.8,22.6,-8.700000000000001
7905,138182.0,False,242.0,22.8,-8.4
7906,138199.0,False,241.5,22.900000000000002,-8.1
7907,138216.0,False,241.0,22.900000000000002,-7.800000000000001
7908,138233.0,False,240.70000000000002,22.8,-7.7
7909,138249.0,False,240.4,22.700000000000003,-7.800000000000001
7910,138267.0,False,240.0,22.400000000000002,-8.1
7911,138282.0,False,239.60000000000002,22.0,-8.4
7912,138302.0,False,239.3,21.6,-8.6
7913,138315.0,False,239.0,21.200000000000003,-8.700000000000001
7914,138332.0,False,238.8,21.0,-8.700000000000001
7915,138348.0,False,238.60000000000002,21.1,-8.6
7916,138365.0,False,238.70000000000002,21.200000000000003,-8.5
7917,138381.0,False,238.70000000000002,21.6,-8.200000000000001
7918,138398.0,False,238.8,22.3,-7.6000000000000005
7919,138417.0,False,238.9,23.200000000000003,-7.1000000000000005
7920,138431.0,False,239.20000000000002,24.200000000000003,-6.6000000000000005
7921,138451.0,False,239.5,25.200000000000003,-6.300000000000001
7922,138465.0,False,239.9,26.0,-6.1000000000000005
7923,138486.0,False,240.4,26.6,-6.1000000000000005
7924,138498.0,False,240.9,26.900000000000002,-6.1000000000000005
7925,138515.0,False,241.4,27.1,-6.0
7926,138533.0,False,241.9,27.3,-5.9
7927,138565.0,False,242.9,27.0,-5.0
7928,138582.0,False,243.3,26.400000000000002,-3.9000000000000004
7929,138598.0,False,243.8,25.8,-2.5
7930,138616.0,False,244.4,25.400000000000002,-1.1
7931,138631.0,False,245.20000000000002,25.5,0.1
7932,138649.0,False,245.9,26.1,0.8
7933,138666.0,False,246.5,26.700000000000003,0.9
7934,138682.0,False,247.0,27.200000000000003,0.7000000000000001
7935,138698.0,False,247.4,27.3,0.1
7936,138717.0,False,247.70000000000002,27.200000000000003,-0.7000000000000001
7937,138737.0,False,248.10000000000002,26.900000000000002,-1.5
7938,138748.0,False,248.5,26.5,-2.2
7939,138766.0,False,249.0,26.0,-2.6
7940,138782.0,False,249.60000000000002,25.6,-2.8000000000000003
7941,138798.0,False,250.4,25.200000000000003,-2.8000000000000003
7942,138815.0,False,251.10000000000002,25.1,-2.7
7943,138831.0,False,251.70000000000002,25.0,-2.7
7944,138848.0,False,252.20000000000002,25.0,-2.8000000000000003
7945,138865.0,False,252.70000000000002,25.0,-3.0
7946,138884.0,False,253.20000000000002,24.8,-3.3000000000000003
7947,138898.0,False,253.70000000000002,24.5,-3.7
7948,138919.0,False,254.20000000000002,24.0,-4.0
7949,138932.0,False,254.70000000000002,23.5,-4.2
7950,138949.0,False,255.0,22.900000000000002,-4.5
7951,138966.0,False,255.20000000000002,22.3,-4.6000000000000005
7952,138981.0,False,255.3,21.8,-4.6000000000000005
7953,138999.0,False,255.20000000000002,21.3,-4.4
7954,139015.0,False,255.10000000000002,20.900000000000002,-4.2
7955,139031.0,False,254.9,20.5,-3.9000000000000004
7956,139048.0,False,254.70000000000002,20.200000000000003,-3.6
7957,139065.0,False,254.4,19.900000000000002,-3.5
7958,139092.0,False,254.10000000000002,19.6,-3.4000000000000004
7959,139099.0,False,253.60000000000002,19.400000000000002,-3.4000000000000004
7960,139116.0,False,253.3,19.1,-3.1
7961,139134.0,False,253.0,19.0,-2.6
7962,139168.0,False,252.60000000000002,19.400000000000002,-1.9000000000000001
7963,139182.0,False,252.4,19.900000000000002,-1.8
7964,139199.0,False,252.10000000000002,20.400000000000002,-2.0
7965,139216.0,False,251.60000000000002,21.1,-2.5
7966,139231.0,False,251.0,21.8,-3.4000000000000004
7967,139249.0,False,250.5,22.400000000000002,-4.3
7968,139266.0,False,250.0,22.900000000000002,-5.2
7969,139283.0,False,249.60000000000002,23.1,-6.0
7970,139299.0,False,249.20000000000002,23.1,-6.5
7971,139315.0,False,248.8,23.1,-6.7
7972,139332.0,False,248.5,23.1,-6.6000000000000005
7973,139348.0,False,248.3,23.1,-6.5
7974,139366.0,False,248.20000000000002,23.200000000000003,-6.6000000000000005
7975,139384.0,False,248.0,23.200000000000003,-6.800000000000001
7976,139399.0,False,247.70000000000002,23.200000000000003,-7.2
7977,139417.0,False,247.4,23.0,-7.7
7978,139434.0,False,247.0,22.700000000000003,-8.200000000000001
7979,139449.0,False,246.70000000000002,22.3,-8.6
7980,139467.0,False,246.4,22.0,-8.8
7981,139482.0,False,246.3,21.8,-8.9
7982,139515.0,False,246.10000000000002,21.6,-8.9
7983,139532.0,False,246.0,21.700000000000003,-8.9
7984,139553.0,False,245.9,21.900000000000002,-9.0
7985,139565.0,False,245.8,22.1,-9.1
7986,139583.0,False,245.70000000000002,22.3,-9.4
7987,139599.0,False,245.60000000000002,22.400000000000002,-9.600000000000001
7988,139618.0,False,245.70000000000002,22.5,-10.0
7989,139632.0,False,246.10000000000002,22.5,-10.4
7990,139649.0,False,246.70000000000002,22.3,-10.9
7991,139666.0,False,247.4,21.900000000000002,-11.4
7992,139683.0,False,248.0,21.5,-11.9
7993,139703.0,False,248.3,21.1,-12.200000000000001
7994,139715.0,False,248.4,20.8,-12.100000000000001
7995,139734.0,False,248.70000000000002,20.6,-11.9
7996,139749.0,False,249.20000000000002,20.5,-11.8
7997,139765.0,False,249.9,20.400000000000002,-11.9
7998,139784.0,False,250.60000000000002,20.1,-12.100000000000001
7999,139799.0,False,251.3,19.6,-12.5
8000,139815.0,False,251.9,19.1,-12.9
8001,139831.0,False,252.5,18.6,-13.3
8002,139848.0,False,252.9,18.3,-13.8
8003,139865.0,False,253.3,18.2,-14.100000000000001
8004,139883.0,False,253.70000000000002,18.2,-14.4
8005,139898.0,False,254.10000000000002,18.3,-14.700000000000001
8006,139915.0,False,254.3,18.3,-14.8
8007,139935.0,False,254.5,18.2,-14.9
8008,139948.0,False,254.70000000000002,18.0,-14.700000000000001
8009,139966.0,False,254.9,17.7,-14.4
8010,139982.0,False,255.20000000000002,17.5,-14.0
8011,139999.0,False,255.5,17.3,-13.8
8012,140015.0,False,255.8,17.2,-13.600000000000001
8013,140031.0,False,256.2,17.1,-13.700000000000001
8014,140048.0,False,256.6,17.0,-13.9
8015,140065.0,False,257.2,16.8,-14.600000000000001
8016,140082.0,False,257.7,16.400000000000002,-15.3
8017,140102.0,False,258.1,15.600000000000001,-16.1
8018,140119.0,False,258.3,14.8,-16.6
8019,140132.0,False,258.40000000000003,14.100000000000001,-16.900000000000002
8020,140148.0,False,258.3,13.700000000000001,-17.1
8021,140165.0,False,258.2,13.5,-17.3
8022,140182.0,False,258.1,13.600000000000001,-17.400000000000002
8023,140200.0,False,257.8,13.700000000000001,-17.400000000000002
8024,140217.0,False,257.40000000000003,14.0,-17.400000000000002
8025,140233.0,False,257.0,14.200000000000001,-17.3
8026,140249.0,False,256.6,14.3,-17.3
8027,140268.0,False,256.2,14.4,-17.3
8028,140282.0,False,255.8,14.4,-17.400000000000002
8029,140298.0,False,255.4,14.3,-17.400000000000002
8030,140317.0,False,255.20000000000002,14.3,-17.0
8031,140331.0,False,255.10000000000002,14.5,-16.400000000000002
8032,140352.0,False,255.0,14.9,-15.700000000000001
8033,140366.0,False,254.8,15.600000000000001,-15.100000000000001
8034,140384.0,False,254.60000000000002,16.6,-14.600000000000001
8035,140398.0,False,254.4,17.7,-14.200000000000001
8036,140416.0,False,254.10000000000002,18.900000000000002,-14.0
8037,140432.0,False,253.9,19.8,-13.700000000000001
8038,140449.0,False,253.60000000000002,20.5,-13.200000000000001
8039,140465.0,False,253.4,21.0,-12.600000000000001
8040,140482.0,False,253.3,21.3,-11.8
8041,140499.0,False,253.10000000000002,21.6,-10.9
8042,140515.0,False,253.10000000000002,21.900000000000002,-9.8
8043,140535.0,False,253.0,22.200000000000003,-8.8
8044,140549.0,False,253.0,22.6,-8.1
8045,140565.0,False,252.9,23.1,-7.6000000000000005
8046,140582.0,False,252.9,23.400000000000002,-7.6000000000000005
8047,140601.0,False,252.9,23.6,-7.7
8048,140615.0,False,252.9,23.6,-8.0
8049,140632.0,False,253.10000000000002,23.6,-8.200000000000001
8050,140648.0,False,253.3,23.6,-8.4
8051,140665.0,False,253.60000000000002,23.6,-8.5
8052,140682.0,False,254.0,23.5,-8.6
8053,140699.0,False,254.5,23.5,-8.8
8054,140715.0,False,254.70000000000002,23.6,-9.1
8055,140732.0,False,254.8,23.900000000000002,-9.200000000000001
8056,140748.0,False,254.9,24.200000000000003,-9.3
8057,140766.0,False,255.10000000000002,24.6,-9.3
8058,140782.0,False,255.60000000000002,24.900000000000002,-9.3
8059,140799.0,False,256.1,25.1,-9.200000000000001
8060,140818.0,False,256.6,25.1,-8.9
8061,140832.0,False,257.2,24.900000000000002,-8.3
8062,140848.0,False,257.7,24.8,-7.4
8063,140865.0,False,258.2,24.8,-6.4
8064,140881.0,False,258.40000000000003,24.900000000000002,-5.4
8065,140899.0,False,258.3,25.0,-4.1000000000000005
8066,140917.0,False,258.1,25.200000000000003,-2.6
8067,140932.0,False,258.2,25.5,-1.1
8068,140948.0,False,258.7,26.1,-0.30000000000000004
8069,140965.0,False,259.7,26.900000000000002,-0.2
8070,140981.0,False,260.8,27.6,-0.9
8071,140998.0,False,261.90000000000003,28.0,-2.0
8072,141016.0,False,262.90000000000003,28.0,-3.5
8073,141031.0,False,263.8,27.700000000000003,-4.9
8074,141051.0,False,264.40000000000003,27.200000000000003,-6.1000000000000005
8075,141065.0,False,265.0,26.700000000000003,-7.0
8076,141083.0,False,265.6,26.200000000000003,-7.6000000000000005
8077,141098.0,False,266.1,25.8,-8.0
8078,141132.0,False,266.7,25.5,-8.3
8079,141150.0,False,267.7,24.6,-8.6
8080,141166.0,False,268.1,24.0,-8.6
8081,141181.0,False,268.5,23.200000000000003,-8.5
8082,141198.0,False,269.0,22.5,-8.200000000000001
8083,141215.0,False,269.6,21.900000000000002,-8.1
8084,141232.0,False,270.3,21.3,-8.1
8085,141248.0,False,271.1,20.700000000000003,-8.3
8086,141265.0,False,271.90000000000003,19.900000000000002,-8.9
8087,141282.0,False,272.5,19.1,-9.8
8088,141298.0,False,272.90000000000003,18.2,-11.0
8089,141315.0,False,273.1,17.5,-12.4
8090,141331.0,False,273.2,17.0,-13.9
8091,141350.0,False,273.2,16.5,-15.3
8092,141365.0,False,273.0,16.1,-16.400000000000002
8093,141382.0,False,272.90000000000003,15.8,-17.2
8094,141398.0,False,272.8,15.600000000000001,-17.8
8095,141417.0,False,272.7,15.3,-18.3
8096,141431.0,False,272.6,14.8,-18.7
8097,141448.0,False,272.40000000000003,14.3,-18.900000000000002
8098,141465.0,False,272.1,14.0,-18.900000000000002
8099,141481.0,False,271.6,14.100000000000001,-18.5
8100,141499.0,False,270.90000000000003,14.5,-17.6
8101,141514.0,False,270.2,15.100000000000001,-16.5
8102,141531.0,False,269.6,15.700000000000001,-15.3
8103,141548.0,False,269.1,16.400000000000002,-14.4
8104,141565.0,False,268.7,17.3,-13.700000000000001
8105,141582.0,False,268.3,18.3,-13.200000000000001
8106,141599.0,False,267.90000000000003,19.200000000000003,-12.8
8107,141617.0,False,267.40000000000003,20.0,-12.3
8108,141632.0,False,266.90000000000003,20.6,-11.8
8109,141648.0,False,266.5,21.1,-11.4
8110,141664.0,False,266.2,21.400000000000002,-11.200000000000001
8111,141682.0,False,265.90000000000003,21.5,-11.200000000000001
8112,141699.0,False,265.40000000000003,21.6,-11.3
8113,141715.0,False,264.8,21.700000000000003,-11.3
8114,141738.0,False,264.1,21.8,-11.200000000000001
8115,141749.0,False,263.40000000000003,22.1,-11.0
8116,141765.0,False,262.7,22.6,-10.600000000000001
8117,141782.0,False,262.0,23.200000000000003,-10.0
8118,141799.0,False,261.40000000000003,23.8,-9.4
8119,141815.0,False,260.7,24.400000000000002,-8.700000000000001
8120,141831.0,False,260.2,25.0,-7.9
8121,141848.0,False,260.0,25.5,-7.300000000000001
8122,141865.0,False,260.3,25.900000000000002,-7.0
8123,141882.0,False,260.8,26.0,-7.1000000000000005
8124,141899.0,False,261.6,25.700000000000003,-7.4
8125,141916.0,False,262.40000000000003,25.0,-8.1
8126,141932.0,False,263.3,24.200000000000003,-8.8
8127,141950.0,False,264.5,23.1,-9.700000000000001
8128,141965.0,False,265.8,21.900000000000002,-10.700000000000001
8129,141985.0,False,266.90000000000003,20.8,-11.700000000000001
8130,141999.0,False,267.6,19.700000000000003,-12.3
8131,142018.0,False,267.90000000000003,18.6,-12.3
8132,142032.0,False,268.2,17.900000000000002,-11.600000000000001
8133,142049.0,False,268.7,17.7,-10.4
8134,142065.0,False,269.5,18.0,-9.3
8135,142081.0,False,270.6,18.7,-8.700000000000001
8136,142098.0,False,271.6,19.5,-8.5
8137,142121.0,False,272.3,20.3,-8.8
8138,142132.0,False,272.90000000000003,21.0,-9.200000000000001
8139,142149.0,False,273.40000000000003,21.400000000000002,-9.700000000000001
8140,142165.0,False,273.90000000000003,21.700000000000003,-10.100000000000001
8141,142181.0,False,274.3,21.8,-10.3
8142,142198.0,False,274.8,21.700000000000003,-10.200000000000001
8143,142215.0,False,275.2,21.700000000000003,-9.8
8144,142231.0,False,275.6,21.6,-9.1
8145,142248.0,False,276.0,21.5,-8.200000000000001
8146,142265.0,False,276.40000000000003,21.5,-7.4
8147,142281.0,False,276.90000000000003,21.6,-6.800000000000001
8148,142298.0,False,277.3,21.6,-6.4
8149,142321.0,False,277.8,21.5,-6.2
8150,142332.0,False,278.3,21.200000000000003,-6.1000000000000005
8151,142348.0,False,278.90000000000003,20.700000000000003,-6.1000000000000005
8152,142365.0,False,279.6,20.1,-6.300000000000001
8153,142382.0,False,280.2,19.6,-6.5
8154,142398.0,False,280.8,19.200000000000003,-6.800000000000001
8155,142423.0,False,281.3,18.900000000000002,-7.1000000000000005
8156,142434.0,False,281.8,18.7,-7.4
8157,142450.0,False,282.1,18.7,-7.9
8158,142465.0,False,282.2,18.8,-8.3
8159,142481.0,False,282.1,18.7,-8.8
8160,142498.0,False,282.1,18.6,-9.200000000000001
8161,142523.0,False,282.0,18.3,-9.700000000000001
8162,142532.0,False,282.0,18.1,-10.5
8163,142549.0,False,281.8,18.0,-11.5
8164,142566.0,False,281.6,18.0,-12.5
8165,142586.0,False,281.6,18.1,-13.4
8166,142599.0,False,282.0,18.2,-14.3
8167,142618.0,False,282.8,18.400000000000002,-15.600000000000001
8168,142635.0,False,283.7,18.6,-17.1
8169,142649.0,False,284.3,19.0,-18.7
8170,142665.0,False,284.7,19.5,-20.1
8171,142682.0,False,284.90000000000003,20.200000000000003,-21.0
8172,142699.0,False,284.90000000000003,20.900000000000002,-21.3
8173,142719.0,False,285.0,21.5,-20.8
8174,142732.0,False,285.2,22.0,-19.8
8175,142748.0,False,285.3,22.3,-18.5
8176,142765.0,False,285.3,22.6,-17.400000000000002
8177,142783.0,False,284.8,22.8,-16.400000000000002
8178,142798.0,False,283.8,23.0,-15.700000000000001
8179,142816.0,False,282.6,23.200000000000003,-15.200000000000001
8180,142833.0,False,281.3,23.3,-14.700000000000001
8181,142848.0,False,279.8,23.5,-14.3
8182,142864.0,False,278.5,23.8,-13.8
8183,142882.0,False,277.40000000000003,24.200000000000003,-13.4
8184,142899.0,False,276.5,24.8,-13.200000000000001
8185,142915.0,False,275.8,25.5,-13.200000000000001
8186,142931.0,False,275.2,26.200000000000003,-13.4
8187,142950.0,False,274.6,26.8,-13.9
8188,142965.0,False,274.2,27.3,-14.3
8189,142984.0,False,273.90000000000003,27.700000000000003,-14.600000000000001
8190,142998.0,False,273.8,28.0,-14.9
8191,143015.0,False,273.7,28.200000000000003,-14.9
8192,143048.0,False,273.8,28.3,-14.700000000000001
8193,143067.0,False,273.8,28.5,-14.4
8194,143082.0,False,273.90000000000003,28.6,-14.0
8195,143115.0,False,274.2,29.0,-13.600000000000001
8196,143137.0,False,274.2,29.1,-13.4
8197,143148.0,False,274.1,29.1,-13.100000000000001
8198,143164.0,False,274.0,29.0,-12.4
8199,143182.0,False,274.0,29.0,-11.600000000000001
8200,143199.0,False,274.1,29.1,-10.9
8201,143219.0,False,274.2,29.400000000000002,-10.4
8202,143231.0,False,274.1,29.8,-10.200000000000001
8203,143249.0,False,274.0,29.900000000000002,-10.200000000000001
8204,143268.0,False,273.8,29.8,-10.200000000000001
8205,143282.0,False,273.8,29.5,-10.4
8206,143299.0,False,273.8,29.0,-10.700000000000001
8207,143315.0,False,273.90000000000003,28.6,-11.200000000000001
8208,143331.0,False,273.90000000000003,28.1,-12.100000000000001
8209,143348.0,False,274.0,27.700000000000003,-13.200000000000001
8210,143365.0,False,274.2,27.200000000000003,-14.3
8211,143382.0,False,274.3,26.6,-15.3
8212,143398.0,False,274.3,26.200000000000003,-16.0
8213,143415.0,False,274.3,26.0,-16.3
8214,143431.0,False,274.0,26.1,-16.3
8215,143448.0,False,273.7,26.400000000000002,-16.3
8216,143466.0,False,273.40000000000003,26.8,-16.1
8217,143486.0,False,273.1,27.200000000000003,-15.9
8218,143499.0,False,272.90000000000003,27.5,-15.5
8219,143515.0,False,272.90000000000003,27.700000000000003,-15.100000000000001
8220,143542.0,False,272.8,28.1,-14.9
8221,143550.0,False,272.7,28.5,-14.9
8222,143565.0,False,272.3,28.700000000000003,-15.0
8223,143585.0,False,272.0,28.6,-15.5
8224,143598.0,False,271.5,28.3,-15.9
8225,143618.0,False,270.90000000000003,27.8,-16.1
8226,143631.0,False,270.2,27.700000000000003,-15.9
8227,143648.0,False,269.6,27.900000000000002,-15.5
8228,143667.0,False,268.8,28.400000000000002,-15.100000000000001
8229,143681.0,False,267.7,28.8,-14.200000000000001
8230,143699.0,False,266.6,29.0,-12.600000000000001
8231,143717.0,False,265.3,29.0,-10.5
8232,143733.0,False,264.2,28.8,-8.200000000000001
8233,143748.0,False,263.3,28.400000000000002,-6.5
8234,143765.0,False,261.90000000000003,28.0,-4.9
8235,143782.0,False,260.7,27.700000000000003,-3.2
8236,143798.0,False,259.7,27.3,-1.2000000000000002
8237,143816.0,False,258.90000000000003,27.1,1.1
8238,143837.0,False,258.2,26.6,2.8000000000000003
8239,143850.0,False,257.0,26.0,4.4
8240,143864.0,False,255.9,25.1,5.9
8241,143882.0,False,254.8,23.8,7.5
8242,143900.0,False,253.10000000000002,22.1,9.9
8243,143917.0,False,251.60000000000002,20.3,12.600000000000001
8244,143931.0,False,250.8,18.5,14.3
8245,143951.0,False,250.5,17.2,14.8
8246,143964.0,False,249.9,16.6,15.5
8247,143982.0,False,249.10000000000002,16.5,16.7
8248,143998.0,False,248.3,16.7,18.0
8249,144023.0,False,247.60000000000002,17.2,18.900000000000002
8250,144031.0,False,246.9,17.8,18.6
8251,144054.0,False,246.3,18.2,17.1
8252,144065.0,False,245.5,17.6,15.700000000000001
8253,144087.0,False,244.70000000000002,16.400000000000002,14.3
8254,144099.0,False,244.0,14.9,12.200000000000001
8255,144118.0,False,243.4,12.8,9.4
8256,144135.0,False,243.0,10.4,6.4
8257,144148.0,False,243.10000000000002,8.1,4.2
8258,144166.0,False,243.8,6.4,3.8000000000000003
8259,144182.0,False,245.10000000000002,5.5,5.4
8260,144200.0,False,246.8,5.6000000000000005,7.0
8261,144214.0,False,248.0,6.0,7.9
8262,144231.0,False,247.4,6.1000000000000005,8.8
8263,144248.0,False,245.9,5.800000000000001,9.4
8264,144266.0,False,244.8,5.2,9.600000000000001
8265,144286.0,False,244.0,4.6000000000000005,9.5
8266,144299.0,False,243.3,4.4,9.200000000000001
8267,144316.0,False,242.60000000000002,5.0,9.200000000000001
8268,144331.0,False,241.70000000000002,6.4,9.1
8269,144348.0,False,240.60000000000002,8.4,8.9
8270,144365.0,False,239.60000000000002,10.5,8.700000000000001
8271,144386.0,False,238.70000000000002,12.5,8.0
8272,144398.0,False,238.0,14.200000000000001,6.9
8273,144417.0,False,237.60000000000002,15.4,5.2
8274,144431.0,False,237.5,16.7,3.0
8275,144448.0,False,237.4,18.0,0.9
8276,144464.0,False,237.0,19.3,-1.0
8277,144482.0,False,236.4,20.6,-3.0
8278,144499.0,False,235.5,21.8,-5.1000000000000005
8279,144514.0,False,233.9,22.6,-5.7
8280,144531.0,False,231.9,23.0,-4.5
8281,144551.0,False,230.10000000000002,22.8,-2.4000000000000004
8282,144565.0,False,228.70000000000002,22.1,0.2
8283,144583.0,False,227.5,20.8,2.7
8284,144599.0,False,226.3,19.400000000000002,4.7
8285,144615.0,False,225.20000000000002,18.1,6.4
8286,144635.0,False,224.3,17.2,7.6000000000000005
8287,144649.0,False,223.9,16.8,8.700000000000001
8288,144670.0,False,223.8,16.7,9.3
8289,144682.0,False,223.9,16.6,9.1
8290,144699.0,False,223.60000000000002,16.5,8.5
8291,144721.0,False,223.0,16.5,7.5
8292,144731.0,False,222.3,16.5,6.6000000000000005
8293,144752.0,False,221.60000000000002,16.5,5.9
8294,144765.0,False,220.8,16.5,5.5
8295,144784.0,False,220.0,16.2,5.4
8296,144799.0,False,219.3,15.5,5.800000000000001
8297,144819.0,False,218.9,14.3,6.300000000000001
8298,144832.0,False,218.8,12.8,7.0
8299,144849.0,False,218.8,11.4,7.6000000000000005
8300,144867.0,False,219.0,10.4,8.1
8301,144882.0,False,219.3,10.0,8.3
8302,144902.0,False,219.8,10.200000000000001,8.200000000000001
8303,144915.0,False,220.4,11.0,7.800000000000001
8304,144931.0,False,221.10000000000002,12.100000000000001,7.300000000000001
8305,144948.0,False,221.8,13.3,6.800000000000001
8306,144965.0,False,222.4,14.5,6.4
8307,144981.0,False,223.0,15.5,5.9
8308,144999.0,False,223.5,16.1,5.300000000000001
8309,145014.0,False,223.8,16.400000000000002,4.7
8310,145031.0,False,223.70000000000002,16.400000000000002,4.2
8311,145048.0,False,223.5,16.400000000000002,4.1000000000000005
8312,145065.0,False,223.10000000000002,16.3,4.3
8313,145118.0,False,222.10000000000002,16.1,5.800000000000001
8314,145132.0,False,221.9,15.9,6.4
8315,145148.0,False,221.8,15.9,7.0
8316,145166.0,False,221.70000000000002,15.9,7.300000000000001
8317,145182.0,False,221.8,15.9,7.2
8318,145198.0,False,222.20000000000002,16.2,6.5
8319,145215.0,False,222.8,17.0,5.2
8320,145231.0,False,223.8,18.5,3.2
8321,145248.0,False,224.9,20.700000000000003,0.5
8322,145267.0,False,226.20000000000002,23.1,-2.6
8323,145281.0,False,227.8,25.700000000000003,-6.2
8324,145300.0,False,230.20000000000002,28.0,-10.3
8325,145315.0,False,233.5,29.900000000000002,-15.100000000000001
8326,145335.0,False,237.3,31.5,-20.5
8327,145349.0,False,241.4,33.0,-26.1
8328,145364.0,False,245.20000000000002,34.300000000000004,-31.400000000000002
8329,145381.0,False,248.8,35.300000000000004,-36.1
8330,145398.0,False,251.8,35.9,-39.7
8331,145422.0,False,254.0,36.0,-41.900000000000006
8332,145431.0,False,255.4,35.7,-42.7
8333,145448.0,False,255.8,34.9,-42.400000000000006
8334,145465.0,False,255.5,33.800000000000004,-41.300000000000004
8335,145482.0,False,254.5,32.5,-39.7
8336,145500.0,False,253.3,31.200000000000003,-37.800000000000004
8337,145515.0,False,252.20000000000002,30.200000000000003,-35.800000000000004
8338,145535.0,False,251.5,29.400000000000002,-33.9
8339,145548.0,False,251.0,28.900000000000002,-32.2
8340,145565.0,False,250.8,28.400000000000002,-30.900000000000002
8341,145583.0,False,251.0,27.8,-30.1
8342,145598.0,False,251.5,27.200000000000003,-29.900000000000002
8343,145615.0,False,252.10000000000002,26.5,-30.1
8344,145632.0,False,252.60000000000002,25.900000000000002,-30.5
8345,145648.0,False,253.20000000000002,25.6,-30.8
8346,145664.0,False,253.60000000000002,25.400000000000002,-30.700000000000003
8347,145682.0,False,254.10000000000002,25.200000000000003,-30.200000000000003
8348,145703.0,False,254.5,25.0,-29.400000000000002
8349,145715.0,False,254.8,24.5,-28.200000000000003
8350,145736.0,False,254.9,23.6,-26.6
8351,145748.0,False,254.8,22.5,-24.900000000000002
8352,145766.0,False,254.5,21.3,-23.1
8353,145782.0,False,254.0,20.3,-21.6
8354,145799.0,False,253.5,19.6,-20.3
8355,145815.0,False,253.0,19.3,-19.3
8356,145832.0,False,252.70000000000002,19.400000000000002,-18.7
8357,145848.0,False,252.5,19.8,-18.400000000000002
8358,145865.0,False,252.3,20.3,-18.400000000000002
8359,145882.0,False,252.0,20.8,-18.8
8360,145898.0,False,251.70000000000002,21.200000000000003,-19.200000000000003
8361,145914.0,False,251.20000000000002,21.6,-19.5
8362,145931.0,False,250.60000000000002,22.0,-19.400000000000002
8363,145948.0,False,250.10000000000002,22.3,-18.900000000000002
8364,145965.0,False,249.8,22.400000000000002,-18.2
8365,145982.0,False,249.60000000000002,22.200000000000003,-17.400000000000002
8366,145999.0,False,249.3,21.700000000000003,-16.7
8367,146015.0,False,248.9,21.1,-16.3
8368,146031.0,False,248.5,20.700000000000003,-16.2
8369,146050.0,False,248.10000000000002,20.5,-16.400000000000002
8370,146064.0,False,247.9,20.700000000000003,-17.0
8371,146086.0,False,247.8,21.1,-17.6
8372,146098.0,False,247.8,21.700000000000003,-18.2
8373,146114.0,False,247.8,22.5,-18.6
8374,146135.0,False,247.8,23.1,-18.8
8375,146149.0,False,247.70000000000002,23.6,-18.8
8376,146165.0,False,247.4,23.8,-18.6
8377,146182.0,False,247.10000000000002,24.0,-18.3
8378,146199.0,False,246.5,24.1,-17.900000000000002
8379,146216.0,False,245.9,24.3,-17.5
8380,146231.0,False,245.20000000000002,24.6,-17.2
8381,146248.0,False,244.4,24.8,-16.8
8382,146265.0,False,243.70000000000002,25.0,-16.5
8383,146281.0,False,242.9,25.1,-16.2
8384,146298.0,False,242.10000000000002,25.0,-15.8
8385,146316.0,False,241.3,24.8,-15.4
8386,146331.0,False,240.3,24.200000000000003,-14.700000000000001
8387,146349.0,False,239.3,23.400000000000002,-13.9
8388,146365.0,False,238.10000000000002,22.3,-13.0
8389,146381.0,False,236.8,21.0,-12.100000000000001
8390,146399.0,False,235.60000000000002,19.700000000000003,-11.100000000000001
8391,146417.0,False,234.60000000000002,18.6,-10.3
8392,146431.0,False,233.9,17.7,-9.600000000000001
8393,146452.0,False,233.60000000000002,17.1,-9.3
8394,146465.0,False,233.8,16.900000000000002,-9.4
8395,146481.0,False,234.4,16.8,-10.200000000000001
8396,146498.0,False,235.10000000000002,17.0,-11.5
8397,146515.0,False,235.8,17.3,-13.100000000000001
8398,146532.0,False,236.60000000000002,17.8,-14.8
8399,146548.0,False,237.60000000000002,18.3,-16.5
8400,146565.0,False,238.8,18.8,-17.900000000000002
8401,146583.0,False,240.0,19.200000000000003,-19.0
8402,146599.0,False,241.0,19.5,-19.700000000000003
8403,146614.0,False,241.8,19.700000000000003,-19.8
8404,146631.0,False,242.5,20.0,-19.200000000000003
8405,146650.0,False,243.3,20.1,-18.0
8406,146665.0,False,244.10000000000002,20.1,-16.6
8407,146686.0,False,245.0,19.900000000000002,-15.3
8408,146698.0,False,245.8,19.3,-14.4
8409,146715.0,False,246.60000000000002,18.5,-13.9
8410,146734.0,False,247.10000000000002,17.7,-14.100000000000001
8411,146748.0,False,247.3,16.900000000000002,-14.700000000000001
8412,146764.0,False,247.3,16.5,-15.4
8413,146782.0,False,247.4,16.400000000000002,-15.9
8414,146798.0,False,247.60000000000002,16.5,-16.3
8415,146815.0,False,248.0,16.8,-16.400000000000002
8416,146831.0,False,248.5,17.2,-16.5
8417,146848.0,False,249.10000000000002,17.400000000000002,-16.5
8418,146865.0,False,249.5,17.6,-16.6
8419,146882.0,False,249.9,17.6,-16.6
8420,146900.0,False,250.10000000000002,17.6,-16.8
8421,146918.0,False,250.0,17.5,-17.0
8422,146935.0,False,249.8,17.5,-17.400000000000002
8423,146950.0,False,249.3,17.6,-17.8
8424,146964.0,False,248.8,17.900000000000002,-18.2
8425,146989.0,False,248.3,18.2,-18.5
8426,146999.0,False,247.8,18.400000000000002,-18.8
8427,147015.0,False,247.20000000000002,18.400000000000002,-19.1
8428,147033.0,False,246.5,18.3,-19.200000000000003
8429,147053.0,False,245.9,18.1,-19.200000000000003
8430,147065.0,False,245.20000000000002,18.0,-18.8
8431,147082.0,False,244.60000000000002,17.8,-18.1
8432,147098.0,False,244.20000000000002,17.400000000000002,-17.400000000000002
8433,147121.0,False,243.8,16.900000000000002,-16.7
8434,147133.0,False,243.3,16.400000000000002,-16.2
8435,147148.0,False,242.9,16.2,-16.0
8436,147165.0,False,242.60000000000002,16.2,-16.1
8437,147182.0,False,242.4,16.3,-16.400000000000002
8438,147198.0,False,242.3,16.5,-16.8
8439,147214.0,False,242.20000000000002,16.900000000000002,-17.2
8440,147244.0,False,242.5,17.900000000000002,-18.0
8441,147265.0,False,242.70000000000002,18.400000000000002,-18.400000000000002
8442,147281.0,False,242.9,19.0,-18.5
8443,147301.0,False,243.0,19.6,-18.400000000000002
8444,147316.0,False,243.10000000000002,20.1,-18.1
8445,147335.0,False,243.0,20.6,-17.6
8446,147348.0,False,242.8,20.900000000000002,-16.900000000000002
8447,147367.0,False,242.60000000000002,21.1,-16.0
8448,147382.0,False,242.3,21.200000000000003,-15.100000000000001
8449,147398.0,False,242.0,21.200000000000003,-14.100000000000001
8450,147415.0,False,241.8,21.1,-13.200000000000001
8451,147432.0,False,241.60000000000002,20.8,-12.4
8452,147448.0,False,241.5,20.5,-11.600000000000001
8453,147464.0,False,241.5,20.1,-10.9
8454,147482.0,False,241.3,19.6,-10.4
8455,147499.0,False,241.10000000000002,19.1,-10.100000000000001
8456,147515.0,False,240.8,18.7,-9.9
8457,147532.0,False,240.4,18.2,-9.8
8458,147550.0,False,240.20000000000002,17.7,-9.8
8459,147565.0,False,240.20000000000002,17.1,-10.100000000000001
8460,147586.0,False,240.3,16.8,-10.700000000000001
8461,147598.0,False,240.8,16.900000000000002,-11.700000000000001
8462,147618.0,False,241.5,17.6,-12.700000000000001
8463,147633.0,False,242.5,18.6,-13.600000000000001
8464,147648.0,False,243.8,19.5,-14.600000000000001
8465,147665.0,False,245.10000000000002,20.200000000000003,-15.5
8466,147685.0,False,246.4,20.700000000000003,-16.6
8467,147698.0,False,247.70000000000002,21.200000000000003,-17.7
8468,147717.0,False,248.8,21.8,-18.7
8469,147732.0,False,249.8,22.5,-19.3
8470,147751.0,False,250.70000000000002,23.200000000000003,-19.5
8471,147765.0,False,251.60000000000002,23.900000000000002,-19.200000000000003
8472,147787.0,False,252.20000000000002,24.400000000000002,-18.6
8473,147798.0,False,252.70000000000002,24.400000000000002,-17.900000000000002
8474,147814.0,False,253.10000000000002,24.0,-17.1
8475,147842.0,False,253.4,23.1,-16.400000000000002
8476,147849.0,False,253.5,22.200000000000003,-15.8
8477,147870.0,False,253.5,21.400000000000002,-15.600000000000001
8478,147882.0,False,253.20000000000002,20.900000000000002,-15.600000000000001
8479,147899.0,False,252.9,20.5,-15.700000000000001
8480,147922.0,False,252.60000000000002,20.3,-15.8
8481,147933.0,False,252.3,20.1,-15.700000000000001
8482,147948.0,False,252.10000000000002,19.900000000000002,-15.4
8483,147964.0,False,252.20000000000002,19.700000000000003,-15.100000000000001
8484,147983.0,False,252.20000000000002,19.700000000000003,-14.8
8485,147998.0,False,252.10000000000002,19.6,-14.5
8486,148018.0,False,252.0,19.400000000000002,-14.100000000000001
8487,148032.0,False,251.8,19.200000000000003,-13.8
8488,148048.0,False,251.4,19.1,-13.600000000000001
8489,148068.0,False,251.10000000000002,19.1,-13.4
8490,148081.0,False,250.8,19.5,-13.3
8491,148100.0,False,250.5,19.900000000000002,-13.3
8492,148115.0,False,250.20000000000002,20.3,-13.4
8493,148133.0,False,249.70000000000002,20.5,-13.5
8494,148152.0,False,249.0,20.8,-13.600000000000001
8495,148165.0,False,248.20000000000002,21.0,-13.600000000000001
8496,148182.0,False,247.3,21.200000000000003,-13.4
8497,148199.0,False,246.4,21.3,-12.9
8498,148217.0,False,245.5,21.200000000000003,-12.4
8499,148232.0,False,244.5,20.900000000000002,-11.8
8500,148249.0,False,243.60000000000002,20.5,-11.100000000000001
8501,148264.0,False,242.8,20.3,-10.600000000000001
8502,148282.0,False,242.20000000000002,20.3,-10.4
8503,148298.0,False,241.70000000000002,20.400000000000002,-10.5
8504,148321.0,False,241.4,20.700000000000003,-10.9
8505,148331.0,False,241.3,21.200000000000003,-11.5
8506,148348.0,False,241.4,21.900000000000002,-12.200000000000001
8507,148364.0,False,241.60000000000002,22.8,-12.9
8508,148383.0,False,241.8,23.700000000000003,-13.5
8509,148398.0,False,242.0,24.400000000000002,-13.9
8510,148414.0,False,242.10000000000002,25.0,-14.100000000000001
8511,148432.0,False,242.10000000000002,25.5,-14.100000000000001
8512,148448.0,False,242.0,25.900000000000002,-13.9
8513,148471.0,False,241.9,26.3,-13.600000000000001
8514,148482.0,False,241.70000000000002,26.700000000000003,-13.100000000000001
8515,148508.0,False,241.4,27.1,-12.700000000000001
8516,148519.0,False,241.0,27.5,-12.200000000000001
8517,148532.0,False,240.60000000000002,27.700000000000003,-11.700000000000001
8518,148550.0,False,240.0,27.8,-11.100000000000001
8519,148564.0,False,239.3,27.6,-10.5
8520,148581.0,False,238.5,27.0,-9.700000000000001
8521,148599.0,False,237.60000000000002,26.0,-9.0
8522,148614.0,False,236.60000000000002,24.700000000000003,-8.3
8523,148632.0,False,235.60000000000002,23.400000000000002,-7.9
8524,148648.0,False,234.60000000000002,22.3,-7.9
8525,148665.0,False,233.9,21.5,-8.1
8526,148682.0,False,233.3,21.0,-8.5
8527,148701.0,False,233.10000000000002,20.900000000000002,-9.1
8528,148720.0,False,233.10000000000002,20.900000000000002,-9.700000000000001
8529,148748.0,False,233.70000000000002,20.900000000000002,-11.3
8530,148764.0,False,234.0,21.0,-12.100000000000001
8531,148781.0,False,234.4,21.200000000000003,-12.700000000000001
8532,148798.0,False,234.70000000000002,21.6,-12.8
8533,148815.0,False,235.20000000000002,21.8,-12.8
8534,148832.0,False,235.8,21.8,-12.8
8535,148848.0,False,236.4,21.8,-12.9
8536,148864.0,False,237.0,21.8,-13.3
8537,148882.0,False,237.60000000000002,22.0,-13.8
8538,148898.0,False,238.10000000000002,22.5,-14.200000000000001
8539,148915.0,False,238.5,23.3,-14.200000000000001
8540,148932.0,False,239.0,24.0,-13.8
8541,148950.0,False,239.3,24.5,-13.200000000000001
8542,148966.0,False,239.8,24.6,-12.5
8543,148992.0,False,240.3,24.400000000000002,-11.9
8544,149002.0,False,240.8,24.1,-11.600000000000001
8545,149017.0,False,241.3,23.700000000000003,-11.700000000000001
8546,149033.0,False,241.60000000000002,23.400000000000002,-12.100000000000001
8547,149052.0,False,241.70000000000002,23.200000000000003,-12.600000000000001
8548,149066.0,False,241.70000000000002,23.0,-13.0
8549,149082.0,False,241.8,23.0,-13.3
8550,149104.0,False,242.0,23.0,-13.3
8551,149126.0,False,242.70000000000002,23.0,-12.600000000000001
8552,149150.0,False,243.0,22.900000000000002,-12.0
8553,149164.0,False,243.4,22.700000000000003,-11.4
8554,149183.0,False,243.60000000000002,22.400000000000002,-10.8
8555,149198.0,False,243.8,22.200000000000003,-10.200000000000001
8556,149219.0,False,243.9,22.3,-9.700000000000001
8557,149231.0,False,244.0,22.400000000000002,-9.4
8558,149248.0,False,244.20000000000002,22.700000000000003,-9.200000000000001
8559,149265.0,False,244.5,22.900000000000002,-9.4
8560,149285.0,False,244.70000000000002,23.200000000000003,-10.0
8561,149302.0,False,244.60000000000002,23.700000000000003,-10.8
8562,149320.0,False,244.3,24.400000000000002,-11.600000000000001
8563,149331.0,False,243.8,25.200000000000003,-12.200000000000001
8564,149350.0,False,243.20000000000002,26.1,-12.3
8565,149365.0,False,242.60000000000002,26.8,-11.9
8566,149385.0,False,242.0,27.1,-11.200000000000001
8567,149398.0,False,241.4,27.1,-10.4
8568,149418.0,False,240.70000000000002,26.900000000000002,-9.700000000000001
8569,149436.0,False,239.8,26.8,-9.0
8570,149448.0,False,239.0,26.8,-8.5
8571,149468.0,False,238.20000000000002,27.0,-8.1
8572,149482.0,False,237.60000000000002,27.200000000000003,-7.9
8573,149500.0,False,237.10000000000002,27.400000000000002,-7.7
8574,149520.0,False,236.70000000000002,27.5,-7.300000000000001
8575,149532.0,False,236.5,27.400000000000002,-6.9
8576,149548.0,False,236.3,27.1,-6.4
8577,149564.0,False,236.3,26.5,-6.1000000000000005
8578,149581.0,False,236.4,26.0,-6.1000000000000005
8579,149598.0,False,236.4,25.6,-6.300000000000001
8580,149629.0,False,236.5,25.400000000000002,-6.6000000000000005
8581,149639.0,False,236.5,25.400000000000002,-6.9
8582,149647.0,False,236.4,25.6,-7.300000000000001
8583,149664.0,False,236.10000000000002,25.700000000000003,-7.5
8584,149683.0,False,235.8,25.700000000000003,-7.4
8585,149702.0,False,235.3,25.5,-7.2
8586,149717.0,False,234.70000000000002,25.1,-6.800000000000001
8587,149731.0,False,234.0,24.400000000000002,-6.300000000000001
8588,149748.0,False,233.10000000000002,23.700000000000003,-5.7
8589,149765.0,False,232.3,22.900000000000002,-5.2
8590,149782.0,False,231.4,22.0,-4.7
8591,149797.0,False,230.5,21.1,-4.4
8592,149823.0,False,229.5,20.200000000000003,-4.2
8593,149832.0,False,228.4,19.200000000000003,-4.0
8594,149865.0,False,226.60000000000002,17.8,-4.2
8595,149881.0,False,226.10000000000002,17.3,-5.0
8596,149898.0,False,225.60000000000002,17.2,-5.9
8597,149922.0,False,225.3,17.6,-6.6000000000000005
8598,149931.0,False,225.3,18.1,-7.1000000000000005
8599,149948.0,False,225.5,18.400000000000002,-7.800000000000001
8600,149965.0,False,225.8,18.400000000000002,-8.5
8601,149981.0,False,226.3,18.3,-9.3
8602,150005.0,False,227.10000000000002,18.8,-9.8
8603,150031.0,False,227.5,19.5,-9.200000000000001
8604,150047.0,False,228.3,20.400000000000002,-8.200000000000001
8605,150064.0,False,229.4,21.400000000000002,-7.0
8606,150083.0,False,230.8,22.200000000000003,-5.9
8607,150101.0,False,232.20000000000002,22.8,-4.9
8608,150116.0,False,233.4,23.3,-4.2
8609,150133.0,False,234.4,23.6,-4.1000000000000005
8610,150148.0,False,235.20000000000002,23.900000000000002,-4.4
8611,150164.0,False,235.8,24.3,-5.1000000000000005
8612,150183.0,False,236.20000000000002,24.8,-5.9
8613,150198.0,False,236.70000000000002,25.3,-6.800000000000001
8614,150222.0,False,237.60000000000002,26.400000000000002,-8.4
8615,150250.0,False,238.0,26.8,-9.0
8616,150265.0,False,238.4,27.0,-9.4
8617,150286.0,False,238.8,27.0,-9.600000000000001
8618,150302.0,False,239.3,26.8,-9.700000000000001
8619,150315.0,False,239.8,26.400000000000002,-9.8
8620,150332.0,False,240.20000000000002,25.900000000000002,-9.9
8621,150348.0,False,240.5,25.400000000000002,-10.0
8622,150365.0,False,240.70000000000002,25.3,-10.100000000000001
8623,150399.0,False,241.20000000000002,25.700000000000003,-10.100000000000001
8624,150419.0,False,241.4,25.700000000000003,-9.9
8625,150435.0,False,241.5,25.6,-9.8
8626,150448.0,False,241.3,25.200000000000003,-9.8
8627,150467.0,False,241.0,24.900000000000002,-10.0
8628,150482.0,False,240.5,24.700000000000003,-10.100000000000001
8629,150503.0,False,240.0,24.6,-9.9
8630,150519.0,False,239.8,24.3,-9.700000000000001
8631,150532.0,False,239.70000000000002,23.8,-9.600000000000001
8632,150548.0,False,239.5,23.1,-9.600000000000001
8633,150568.0,False,239.3,22.5,-9.600000000000001
8634,150581.0,False,239.20000000000002,22.1,-9.8
8635,150599.0,False,239.10000000000002,21.900000000000002,-9.9
8636,150619.0,False,238.9,22.0,-10.100000000000001
8637,150631.0,False,238.60000000000002,22.200000000000003,-10.3
8638,150649.0,False,238.10000000000002,22.5,-10.200000000000001
8639,150664.0,False,237.4,22.700000000000003,-9.9
8640,150681.0,False,236.8,23.0,-9.4
8641,150698.0,False,236.20000000000002,23.1,-8.8
8642,150720.0,False,235.3,23.1,-8.0
8643,150731.0,False,234.3,23.0,-7.2
8644,150748.0,False,232.8,22.8,-6.300000000000001
8645,150764.0,False,230.9,22.200000000000003,-5.2
8646,150781.0,False,228.5,21.3,-4.2
8647,150804.0,False,225.8,20.200000000000003,-3.1
8648,150814.0,False,223.3,19.200000000000003,-2.0
8649,150832.0,False,221.20000000000002,18.3,-1.0
8650,150848.0,False,219.70000000000002,17.8,-0.1
8651,150864.0,False,218.60000000000002,17.400000000000002,0.8
8652,150882.0,False,217.9,17.3,1.7000000000000002
8653,150898.0,False,217.3,17.3,2.4000000000000004
8654,150918.0,False,216.8,17.0,2.8000000000000003
8655,150933.0,False,216.4,16.400000000000002,3.2
8656,150949.0,False,215.8,15.5,3.9000000000000004
8657,150964.0,False,215.10000000000002,14.4,5.1000000000000005
8658,150990.0,False,214.4,13.8,7.2
8659,151016.0,False,212.4,14.0,11.5
8660,151038.0,False,211.10000000000002,14.8,12.3
8661,151048.0,False,209.9,15.9,11.600000000000001
8662,151066.0,False,209.0,17.0,9.8
8663,151081.0,False,208.4,18.2,7.7
8664,151098.0,False,207.9,19.5,5.6000000000000005
8665,151116.0,False,207.5,20.6,3.6
8666,151133.0,False,207.4,21.3,2.2
8667,151151.0,False,207.9,21.400000000000002,1.5
8668,151167.0,False,208.70000000000002,20.900000000000002,1.1
8669,151181.0,False,209.4,19.900000000000002,0.9
8670,151198.0,False,210.0,18.7,1.0
8671,151214.0,False,210.8,17.6,1.0
8672,151235.0,False,211.5,16.8,1.1
8673,151247.0,False,212.3,16.400000000000002,1.0
8674,151264.0,False,213.5,16.3,0.5
8675,151281.0,False,214.9,16.400000000000002,-0.1
8676,151298.0,False,216.60000000000002,16.6,-1.2000000000000002
8677,151320.0,False,218.60000000000002,17.0,-2.8000000000000003
8678,151332.0,False,220.60000000000002,17.400000000000002,-4.9
8679,151348.0,False,222.5,18.0,-7.300000000000001
8680,151364.0,False,224.4,18.7,-9.3
8681,151381.0,False,226.10000000000002,19.6,-10.8
8682,151398.0,False,227.70000000000002,20.700000000000003,-11.700000000000001
8683,151417.0,False,229.20000000000002,21.900000000000002,-12.100000000000001
8684,151431.0,False,230.5,23.1,-12.3
8685,151448.0,False,231.8,24.1,-12.3
8686,151464.0,False,232.9,25.1,-12.3
8687,151481.0,False,233.8,26.0,-12.4
8688,151498.0,False,234.60000000000002,26.8,-12.5
8689,151519.0,False,235.20000000000002,27.6,-12.600000000000001
8690,151533.0,False,235.8,28.5,-12.700000000000001
8691,151564.0,False,236.60000000000002,30.200000000000003,-12.700000000000001
8692,151582.0,False,237.0,31.0,-12.700000000000001
8693,151598.0,False,237.20000000000002,31.700000000000003,-12.700000000000001
8694,151618.0,False,237.0,32.4,-12.4
8695,151632.0,False,236.5,32.800000000000004,-12.100000000000001
8696,151648.0,False,235.60000000000002,32.9,-11.600000000000001
8697,151669.0,False,234.3,32.7,-10.8
8698,151681.0,False,233.0,32.5,-9.5
8699,151697.0,False,231.9,32.2,-8.200000000000001
8700,151718.0,False,231.0,31.8,-7.1000000000000005
8701,151731.0,False,230.0,31.400000000000002,-6.1000000000000005
8702,151751.0,False,229.0,31.0,-5.2
8703,151765.0,False,228.10000000000002,30.700000000000003,-4.4
8704,151781.0,False,227.3,30.6,-3.7
8705,151798.0,False,226.70000000000002,30.6,-3.1
8706,151817.0,False,226.4,30.700000000000003,-2.7
8707,151832.0,False,226.20000000000002,31.0,-2.6
8708,151847.0,False,226.0,31.400000000000002,-2.7
8709,151865.0,False,225.70000000000002,31.900000000000002,-2.8000000000000003
8710,151881.0,False,225.4,32.2,-3.1
8711,151898.0,False,225.10000000000002,32.300000000000004,-3.4000000000000004
8712,151918.0,False,224.8,32.1,-3.7
8713,151932.0,False,224.5,31.900000000000002,-3.9000000000000004
8714,151949.0,False,224.20000000000002,31.900000000000002,-4.0
8715,151965.0,False,224.0,32.1,-3.7
8716,151987.0,False,223.70000000000002,32.4,-3.3000000000000003
8717,151998.0,False,223.5,32.7,-2.9000000000000004
8718,152024.0,False,223.3,32.9,-2.6
8719,152033.0,False,223.20000000000002,33.0,-2.4000000000000004
8720,152047.0,False,223.0,32.9,-2.4000000000000004
8721,152065.0,False,222.8,32.5,-2.7
8722,152084.0,False,222.4,31.700000000000003,-3.0
8723,152098.0,False,221.70000000000002,30.700000000000003,-3.4000000000000004
8724,152125.0,False,220.9,29.6,-3.7
8725,152137.0,False,220.0,28.5,-4.1000000000000005
8726,152148.0,False,219.0,27.400000000000002,-4.3
8727,152166.0,False,217.9,26.3,-4.4
8728,152181.0,False,216.8,25.200000000000003,-4.2
8729,152198.0,False,215.9,24.400000000000002,-3.7
8730,152221.0,False,215.10000000000002,23.8,-2.7
8731,152232.0,False,214.9,23.5,-1.7000000000000002
8732,152249.0,False,215.10000000000002,23.200000000000003,-1.2000000000000002
8733,152265.0,False,215.70000000000002,23.1,-1.5
8734,152281.0,False,216.5,23.5,-2.5
8735,152298.0,False,217.20000000000002,24.6,-3.7
8736,152319.0,False,218.20000000000002,26.1,-4.7
8737,152331.0,False,219.20000000000002,27.6,-5.4
8738,152348.0,False,220.5,28.400000000000002,-5.800000000000001
8739,152369.0,False,222.70000000000002,28.8,-6.800000000000001
8740,152382.0,False,224.60000000000002,29.200000000000003,-8.1
8741,152398.0,False,226.10000000000002,29.6,-9.3
8742,152418.0,False,227.0,30.400000000000002,-9.9
8743,152431.0,False,227.70000000000002,31.3,-9.9
8744,152459.0,False,228.60000000000002,32.2,-9.4
8745,152482.0,False,228.70000000000002,31.900000000000002,-9.1
8746,152498.0,False,228.5,31.3,-8.6
8747,152520.0,False,228.4,30.5,-8.1
8748,152531.0,False,228.10000000000002,29.6,-7.6000000000000005
8749,152548.0,False,227.70000000000002,28.700000000000003,-7.5
8750,152564.0,False,226.9,27.8,-7.5
8751,152582.0,False,225.8,26.8,-7.5
8752,152597.0,False,224.70000000000002,25.900000000000002,-7.4
8753,152618.0,False,224.0,25.1,-7.4
8754,152631.0,False,223.5,24.200000000000003,-6.6000000000000005
8755,152654.0,False,223.5,23.1,-5.2
8756,152665.0,False,223.9,22.0,-3.6
8757,152682.0,False,224.60000000000002,20.8,-1.9000000000000001
8758,152701.0,False,225.60000000000002,19.900000000000002,-0.30000000000000004
8759,152717.0,False,226.70000000000002,19.5,1.1
8760,152731.0,False,227.9,19.6,2.3000000000000003
8761,152751.0,False,229.20000000000002,20.1,2.8000000000000003
8762,152764.0,False,230.4,20.8,2.9000000000000004
8763,152782.0,False,231.4,21.700000000000003,2.9000000000000004
8764,152798.0,False,232.4,22.6,2.7
8765,152822.0,False,233.10000000000002,23.400000000000002,2.5
8766,152848.0,False,233.70000000000002,23.400000000000002,3.8000000000000003
8767,152868.0,False,234.3,23.0,4.3
8768,152882.0,False,234.8,22.900000000000002,4.5
8769,152898.0,False,235.4,23.0,4.0
8770,152920.0,False,236.20000000000002,23.3,3.2
8771,152932.0,False,236.9,23.700000000000003,2.6
8772,152948.0,False,237.60000000000002,24.0,2.4000000000000004
8773,152965.0,False,238.3,23.8,2.1
8774,152998.0,False,239.4,22.8,1.4000000000000001
8775,153021.0,False,240.10000000000002,22.3,0.5
8776,153032.0,False,240.70000000000002,22.0,-0.7000000000000001
8777,153047.0,False,241.5,21.900000000000002,-1.8
8778,153065.0,False,242.20000000000002,21.900000000000002,-2.4000000000000004
8779,153082.0,False,242.70000000000002,21.900000000000002,-2.8000000000000003
8780,153098.0,False,242.9,21.700000000000003,-3.0
8781,153132.0,False,242.8,20.900000000000002,-2.8000000000000003
8782,153159.0,False,243.0,19.700000000000003,-2.6
8783,153181.0,False,243.10000000000002,19.200000000000003,-2.4000000000000004
8784,153199.0,False,243.20000000000002,18.7,-2.2
8785,153217.0,False,243.4,18.2,-2.1
8786,153250.0,False,244.0,17.6,-2.7
8787,153265.0,False,244.3,17.5,-3.1
8788,153281.0,False,244.60000000000002,17.6,-3.2
8789,153299.0,False,244.8,17.900000000000002,-3.1
8790,153327.0,False,245.3,18.5,-2.8000000000000003
8791,153348.0,False,245.60000000000002,18.7,-2.8000000000000003
8792,153367.0,False,245.9,18.8,-3.0
8793,153382.0,False,246.4,18.7,-3.4000000000000004
8794,153398.0,False,246.8,18.6,-4.1000000000000005
8795,153418.0,False,247.20000000000002,18.7,-4.800000000000001
8796,153431.0,False,247.4,19.1,-5.5
8797,153465.0,False,247.8,19.8,-6.800000000000001
8798,153481.0,False,247.9,19.900000000000002,-7.4
8799,153497.0,False,247.9,19.700000000000003,-7.800000000000001
8800,153523.0,False,248.0,18.2,-8.3
8801,153548.0,False,247.70000000000002,17.0,-7.9
8802,153564.0,False,247.8,16.0,-7.9
8803,153583.0,False,248.10000000000002,15.5,-8.6
8804,153598.0,False,248.4,15.200000000000001,-9.9
8805,153618.0,False,248.5,15.200000000000001,-10.9
8806,153635.0,False,248.20000000000002,15.4,-11.4
8807,153660.0,False,247.8,15.700000000000001,-11.5
8808,153669.0,False,247.5,16.1,-11.5
8809,153682.0,False,247.3,16.5,-11.9
8810,153697.0,False,247.3,16.8,-12.5
8811,153718.0,False,247.10000000000002,17.0,-13.4
8812,153733.0,False,246.70000000000002,17.1,-14.4
8813,153751.0,False,246.20000000000002,17.400000000000002,-15.5
8814,153765.0,False,245.3,17.7,-16.400000000000002
8815,153782.0,False,244.3,18.2,-17.0
8816,153798.0,False,243.10000000000002,18.7,-17.1
8817,153817.0,False,242.10000000000002,19.200000000000003,-16.8
8818,153832.0,False,241.3,19.700000000000003,-15.9
8819,153848.0,False,240.4,20.0,-14.600000000000001
8820,153864.0,False,239.60000000000002,20.400000000000002,-13.100000000000001
8821,153881.0,False,238.8,20.900000000000002,-11.600000000000001
8822,153897.0,False,238.0,21.6,-10.3
8823,153918.0,False,237.10000000000002,22.400000000000002,-9.600000000000001
8824,153932.0,False,236.10000000000002,23.400000000000002,-9.4
8825,153949.0,False,235.0,24.400000000000002,-9.5
8826,153964.0,False,233.9,25.400000000000002,-10.0
8827,153981.0,False,233.10000000000002,26.8,-11.100000000000001
8828,153998.0,False,232.3,28.200000000000003,-12.4
8829,154015.0,False,231.10000000000002,29.3,-13.600000000000001
8830,154031.0,False,229.3,30.1,-14.3
8831,154047.0,False,227.10000000000002,30.700000000000003,-14.5
8832,154064.0,False,224.9,31.3,-14.4
8833,154081.0,False,222.9,31.900000000000002,-14.4
8834,154098.0,False,221.0,32.7,-14.200000000000001
8835,154124.0,False,219.10000000000002,33.6,-14.100000000000001
8836,154131.0,False,217.8,34.6,-14.200000000000001
8837,154147.0,False,216.9,35.5,-14.9
8838,154164.0,False,216.10000000000002,36.5,-15.8
8839,154182.0,False,214.9,36.0,-16.2
8840,154198.0,False,215.0,35.0,-17.0
8841,154218.0,False,215.3,35.0,-17.900000000000002
8842,154231.0,False,215.4,35.5,-18.900000000000002
8843,154248.0,False,214.9,36.1,-19.6
8844,154264.0,False,214.10000000000002,36.4,-19.900000000000002
8845,154281.0,False,213.20000000000002,36.4,-20.6
8846,154298.0,False,212.0,35.800000000000004,-21.200000000000003
8847,154324.0,False,209.60000000000002,32.800000000000004,-20.3
8848,154349.0,False,208.9,31.1,-19.1
8849,154365.0,False,208.8,29.8,-18.7
8850,154382.0,False,208.10000000000002,28.700000000000003,-17.8
8851,154400.0,False,207.70000000000002,27.8,-16.7
8852,154416.0,False,207.4,27.1,-15.5
8853,154431.0,False,207.5,26.400000000000002,-14.5
8854,154449.0,False,207.60000000000002,25.700000000000003,-13.0
8855,154465.0,False,207.70000000000002,24.8,-11.0
8856,154483.0,False,208.3,23.900000000000002,-9.9
8857,154498.0,False,208.5,23.1,-9.3
8858,154522.0,False,208.4,22.400000000000002,-9.1
8859,154547.0,False,207.8,21.6,-9.600000000000001
8860,154565.0,False,207.4,21.400000000000002,-10.100000000000001
8861,154581.0,False,206.8,21.3,-10.200000000000001
8862,154597.0,False,206.10000000000002,21.400000000000002,-10.100000000000001
8863,154620.0,False,205.60000000000002,21.6,-10.3
8864,154633.0,False,205.60000000000002,21.900000000000002,-10.700000000000001
8865,154648.0,False,205.70000000000002,22.400000000000002,-11.100000000000001
8866,154665.0,False,206.0,22.900000000000002,-11.4
8867,154682.0,False,206.3,23.6,-11.5
8868,154702.0,False,206.4,24.3,-11.600000000000001
8869,154717.0,False,206.4,25.0,-11.4
8870,154749.0,False,206.5,26.5,-10.9
8871,154765.0,False,206.8,27.200000000000003,-10.8
8872,154784.0,False,206.9,27.900000000000002,-11.100000000000001
8873,154799.0,False,206.9,28.5,-11.5
8874,154817.0,False,206.5,29.1,-11.600000000000001
8875,154831.0,False,206.3,29.6,-11.4
8876,154864.0,False,207.20000000000002,30.1,-11.700000000000001
8877,154882.0,False,207.8,30.1,-12.4
8878,154898.0,False,208.0,30.1,-13.3
8879,154920.0,False,207.9,30.0,-14.100000000000001
8880,154931.0,False,207.8,29.900000000000002,-14.700000000000001
8881,154982.0,False,208.20000000000002,29.400000000000002,-15.600000000000001
8882,154997.0,False,208.60000000000002,28.900000000000002,-16.1
8883,155023.0,False,208.10000000000002,28.200000000000003,-15.200000000000001
8884,155052.0,False,207.70000000000002,28.0,-14.3
8885,155064.0,False,207.5,27.8,-13.3
8886,155091.0,False,207.4,27.900000000000002,-12.5
8887,155098.0,False,207.3,28.1,-12.100000000000001
8888,155125.0,False,206.9,28.8,-12.600000000000001
8889,155147.0,False,206.60000000000002,29.1,-13.0
8890,155164.0,False,206.4,29.3,-13.3
8891,155182.0,False,206.20000000000002,29.5,-13.5
8892,155199.0,False,206.10000000000002,29.5,-13.8
8893,155223.0,False,205.60000000000002,29.5,-14.100000000000001
8894,155243.0,False,205.0,29.400000000000002,-13.9
8895,155264.0,False,204.4,29.400000000000002,-13.3
8896,155282.0,False,203.8,29.400000000000002,-12.4
8897,155298.0,False,203.3,29.400000000000002,-11.4
8898,155322.0,False,202.9,29.6,-10.200000000000001
8899,155349.0,False,202.3,30.0,-8.200000000000001
8900,155364.0,False,201.9,30.3,-7.4
8901,155382.0,False,201.20000000000002,30.8,-6.6000000000000005
8902,155397.0,False,200.60000000000002,31.200000000000003,-5.9
8903,155416.0,False,200.10000000000002,31.6,-5.1000000000000005
8904,155432.0,False,199.9,31.8,-4.3
8905,155447.0,False,199.9,31.8,-3.8000000000000003
8906,155465.0,False,199.9,31.6,-3.4000000000000004
8907,155481.0,False,199.9,31.0,-3.1
8908,155499.0,False,199.70000000000002,30.3,-2.9000000000000004
8909,155526.0,False,199.5,29.6,-2.9000000000000004
8910,155532.0,False,199.3,28.900000000000002,-3.1
8911,155547.0,False,199.10000000000002,28.200000000000003,-3.6
8912,155564.0,False,199.0,27.5,-4.2
8913,155581.0,False,199.10000000000002,26.8,-5.0
8914,155597.0,False,199.4,26.0,-5.7
8915,155615.0,False,199.60000000000002,25.200000000000003,-6.2
8916,155636.0,False,199.60000000000002,24.5,-6.5
8917,155648.0,False,199.4,23.900000000000002,-6.6000000000000005
8918,155666.0,False,199.20000000000002,23.5,-6.800000000000001
8919,155681.0,False,199.10000000000002,23.1,-7.0
8920,155698.0,False,199.0,22.900000000000002,-7.4
8921,155715.0,False,198.9,22.8,-7.800000000000001
8922,155733.0,False,198.70000000000002,22.700000000000003,-8.0
8923,155747.0,False,198.5,22.700000000000003,-7.9
8924,155764.0,False,198.3,22.900000000000002,-7.4
8925,155781.0,False,198.10000000000002,23.1,-6.5
8926,155802.0,False,198.20000000000002,23.900000000000002,-4.1000000000000005
8927,155831.0,False,198.5,24.5,-3.4000000000000004
8928,155864.0,False,198.70000000000002,25.5,-2.8000000000000003
8929,155881.0,False,198.70000000000002,25.8,-2.6
8930,155898.0,False,198.8,26.1,-2.4000000000000004
8931,155918.0,False,199.0,26.400000000000002,-2.3000000000000003
8932,155931.0,False,199.0,26.5,-2.1
8933,155947.0,False,199.10000000000002,26.700000000000003,-2.0
8934,155981.0,False,199.3,27.200000000000003,-2.0
8935,155998.0,False,199.5,27.6,-2.3000000000000003
8936,156014.0,False,199.60000000000002,28.0,-2.7
8937,156031.0,False,199.60000000000002,28.5,-3.1
8938,156047.0,False,199.5,28.900000000000002,-3.4000000000000004
8939,156065.0,False,199.3,29.200000000000003,-3.5
8940,156081.0,False,199.10000000000002,29.3,-3.2
8941,156100.0,False,198.9,29.5,-2.6
8942,156116.0,False,198.8,29.6,-1.8
8943,156148.0,False,199.20000000000002,30.0,-0.7000000000000001
8944,156165.0,False,199.60000000000002,30.5,-0.9
8945,156181.0,False,199.70000000000002,30.900000000000002,-1.4000000000000001
8946,156197.0,False,199.8,31.200000000000003,-1.9000000000000001
8947,156215.0,False,199.9,31.200000000000003,-2.3000000000000003
8948,156235.0,False,200.0,31.1,-2.3000000000000003
8949,156248.0,False,200.20000000000002,30.8,-2.3000000000000003
8950,156265.0,False,200.5,30.3,-2.3000000000000003
8951,156281.0,False,200.9,29.700000000000003,-2.5
8952,156298.0,False,201.3,28.900000000000002,-3.1
8953,156316.0,False,201.60000000000002,28.1,-4.1000000000000005
8954,156331.0,False,201.8,27.200000000000003,-5.300000000000001
8955,156347.0,False,201.70000000000002,26.1,-6.6000000000000005
8956,156369.0,False,201.60000000000002,24.8,-7.7
8957,156381.0,False,201.3,23.6,-8.4
8958,156402.0,False,200.9,22.400000000000002,-8.6
8959,156414.0,False,200.4,21.400000000000002,-8.6
8960,156431.0,False,200.10000000000002,20.6,-8.6
8961,156467.0,False,199.60000000000002,20.3,-9.1
8962,156481.0,False,199.4,20.700000000000003,-9.4
8963,156501.0,False,199.10000000000002,21.3,-9.4
8964,156515.0,False,199.0,21.900000000000002,-8.9
8965,156531.0,False,198.9,22.400000000000002,-8.1
8966,156550.0,False,198.9,23.0,-7.0
8967,156565.0,False,198.9,23.700000000000003,-6.0
8968,156581.0,False,198.5,24.3,-5.2
8969,156598.0,False,197.8,25.0,-4.800000000000001
8970,156614.0,False,197.0,25.5,-4.4
8971,156631.0,False,196.20000000000002,26.0,-4.0
8972,156649.0,False,195.5,26.400000000000002,-3.6
8973,156664.0,False,195.0,26.700000000000003,-3.0
8974,156684.0,False,194.9,27.1,-2.5
8975,156698.0,False,195.0,27.5,-2.3000000000000003
8976,156725.0,False,195.10000000000002,28.3,-2.9000000000000004
8977,156747.0,False,194.8,28.5,-3.6
8978,156766.0,False,194.4,28.5,-4.2
8979,156781.0,False,193.9,28.400000000000002,-4.7
8980,156797.0,False,193.3,28.200000000000003,-4.9
8981,156817.0,False,193.0,27.700000000000003,-4.800000000000001
8982,156831.0,False,192.9,27.3,-4.5
8983,156848.0,False,192.8,26.900000000000002,-4.4
8984,156865.0,False,192.70000000000002,26.8,-4.2
8985,156882.0,False,192.60000000000002,26.8,-4.5
8986,156898.0,False,193.0,26.8,-5.4
8987,156922.0,False,193.9,26.8,-6.800000000000001
8988,156947.0,False,196.0,26.5,-10.0
8989,156965.0,False,196.9,26.5,-11.4
8990,156986.0,False,197.60000000000002,26.6,-12.700000000000001
8991,156998.0,False,198.3,26.900000000000002,-13.700000000000001
8992,157016.0,False,198.9,27.400000000000002,-14.4
8993,157030.0,False,199.8,28.0,-15.100000000000001
8994,157050.0,False,200.8,28.8,-15.700000000000001
8995,157064.0,False,201.9,29.6,-16.1
8996,157081.0,False,203.0,30.5,-16.2
8997,157098.0,False,204.10000000000002,31.400000000000002,-16.3
8998,157114.0,False,205.3,32.1,-16.400000000000002
8999,157132.0,False,206.70000000000002,32.6,-16.5
9000,157148.0,False,208.10000000000002,32.800000000000004,-16.5
9001,157164.0,False,209.20000000000002,32.7,-16.1
9002,157181.0,False,209.9,32.4,-15.3
9003,157198.0,False,210.4,31.700000000000003,-14.4
9004,157217.0,False,211.0,31.0,-13.600000000000001
9005,157231.0,False,211.8,30.1,-13.0
9006,157250.0,False,212.4,29.3,-12.600000000000001
9007,157265.0,False,212.8,28.6,-11.9
9008,157281.0,False,213.20000000000002,27.900000000000002,-11.0
9009,157299.0,False,214.0,27.400000000000002,-10.0
9010,157322.0,False,215.20000000000002,27.1,-9.200000000000001
9011,157332.0,False,216.5,26.900000000000002,-9.0
9012,157347.0,False,217.9,26.900000000000002,-9.200000000000001
9013,157364.0,False,219.20000000000002,26.900000000000002,-9.8
9014,157383.0,False,220.4,26.900000000000002,-10.5
9015,157398.0,False,221.4,26.900000000000002,-11.3
9016,157416.0,False,222.3,26.700000000000003,-11.8
9017,157431.0,False,222.9,26.400000000000002,-11.8
9018,157448.0,False,223.5,26.1,-11.600000000000001
9019,157465.0,False,224.10000000000002,25.6,-11.100000000000001
9020,157482.0,False,224.70000000000002,25.200000000000003,-10.600000000000001
9021,157498.0,False,225.3,24.700000000000003,-10.3
9022,157519.0,False,226.10000000000002,24.3,-10.4
9023,157532.0,False,226.9,23.900000000000002,-10.600000000000001
9024,157547.0,False,227.70000000000002,23.5,-11.0
9025,157564.0,False,228.4,23.1,-11.100000000000001
9026,157582.0,False,229.0,22.700000000000003,-11.0
9027,157600.0,False,229.4,22.400000000000002,-10.600000000000001
9028,157614.0,False,229.8,22.3,-10.100000000000001
9029,157631.0,False,230.10000000000002,22.3,-9.700000000000001
9030,157647.0,False,230.5,22.700000000000003,-9.3
9031,157664.0,False,230.8,23.200000000000003,-9.200000000000001
9032,157681.0,False,231.0,23.900000000000002,-9.1
9033,157702.0,False,231.20000000000002,24.5,-9.1
9034,157716.0,False,231.4,25.0,-8.700000000000001
9035,157731.0,False,231.70000000000002,25.3,-8.0
9036,157747.0,False,232.20000000000002,25.6,-7.4
9037,157765.0,False,232.8,25.8,-7.1000000000000005
9038,157781.0,False,233.3,25.8,-7.0
9039,157798.0,False,233.60000000000002,25.700000000000003,-7.1000000000000005
9040,157816.0,False,233.8,25.3,-7.0
9041,157831.0,False,233.8,24.700000000000003,-6.7
9042,157847.0,False,233.9,24.1,-6.5
9043,157864.0,False,233.9,23.700000000000003,-6.6000000000000005
9044,157881.0,False,234.0,23.5,-7.300000000000001
9045,157899.0,False,234.10000000000002,23.5,-8.3
9046,157915.0,False,234.20000000000002,23.6,-9.3
9047,157951.0,False,234.20000000000002,24.0,-10.8
9048,157965.0,False,234.10000000000002,24.3,-11.0
9049,157986.0,False,234.0,24.6,-10.9
9050,157999.0,False,233.9,24.900000000000002,-10.700000000000001
9051,158017.0,False,233.8,25.3,-10.5
9052,158032.0,False,233.70000000000002,25.900000000000002,-10.4
9053,158048.0,False,233.60000000000002,26.700000000000003,-10.4
9054,158065.0,False,233.5,27.6,-10.5
9055,158081.0,False,233.20000000000002,28.6,-10.5
9056,158098.0,False,232.9,29.700000000000003,-10.600000000000001
9057,158115.0,False,232.60000000000002,30.8,-10.700000000000001
9058,158131.0,False,232.20000000000002,31.8,-10.600000000000001
9059,158164.0,False,231.60000000000002,33.7,-9.8
9060,158182.0,False,231.20000000000002,34.4,-9.3
9061,158198.0,False,230.9,35.0,-8.8
9062,158219.0,False,230.5,35.5,-8.4
9063,158231.0,False,230.10000000000002,35.800000000000004,-8.1
9064,158264.0,False,229.20000000000002,36.2,-7.800000000000001
9065,158282.0,False,228.9,36.4,-7.7
9066,158298.0,False,229.0,36.5,-7.5
9067,158318.0,False,229.20000000000002,36.6,-7.4
9068,158331.0,False,229.70000000000002,36.6,-7.4
9069,158349.0,False,230.4,36.4,-7.4
9070,158364.0,False,231.3,36.1,-7.5
9071,158393.0,False,233.0,35.4,-7.800000000000001
9072,158417.0,False,233.70000000000002,34.9,-7.800000000000001
9073,158434.0,False,234.20000000000002,34.6,-7.7
9074,158447.0,False,234.70000000000002,34.2,-7.5
9075,158466.0,False,235.4,33.9,-7.2
9076,158481.0,False,236.20000000000002,33.6,-7.0
9077,158501.0,False,237.0,33.300000000000004,-6.800000000000001
9078,158532.0,False,238.60000000000002,32.7,-6.7
9079,158549.0,False,239.3,32.4,-7.0
9080,158564.0,False,239.8,32.1,-7.5
9081,158581.0,False,240.4,31.8,-8.3
9082,158598.0,False,241.0,31.6,-9.200000000000001
9083,158617.0,False,241.60000000000002,31.400000000000002,-10.3
9084,158631.0,False,242.20000000000002,31.200000000000003,-11.3
9085,158651.0,False,242.70000000000002,31.0,-12.100000000000001
9086,158664.0,False,243.3,30.900000000000002,-12.8
9087,158682.0,False,243.9,30.700000000000003,-13.5
9088,158697.0,False,244.5,30.5,-14.100000000000001
9089,158714.0,False,245.10000000000002,30.400000000000002,-14.700000000000001
9090,158731.0,False,245.5,30.400000000000002,-15.3
9091,158748.0,False,245.9,30.400000000000002,-15.9
9092,158764.0,False,246.10000000000002,30.400000000000002,-16.5
9093,158782.0,False,246.4,30.5,-17.0
9094,158798.0,False,246.70000000000002,30.6,-17.5
9095,158820.0,False,247.0,30.8,-17.7
9096,158831.0,False,247.3,31.0,-17.7
9097,158847.0,False,247.60000000000002,31.3,-17.7
9098,158874.0,False,247.9,31.5,-17.900000000000002
9099,158881.0,False,248.20000000000002,31.6,-18.1
9100,158904.0,False,248.4,31.5,-18.400000000000002
9101,158948.0,False,248.3,30.3,-19.6
9102,158964.0,False,248.20000000000002,29.5,-20.1
9103,158981.0,False,248.0,28.6,-20.700000000000003
9104,159000.0,False,247.60000000000002,27.8,-21.0
9105,159014.0,False,246.9,27.1,-21.1
9106,159030.0,False,246.0,26.700000000000003,-20.900000000000002
9107,159048.0,False,245.10000000000002,26.5,-20.5
9108,159065.0,False,244.60000000000002,26.400000000000002,-20.1
9109,159081.0,False,244.4,26.400000000000002,-19.700000000000003
9110,159097.0,False,244.4,26.5,-19.200000000000003
9111,159125.0,False,244.20000000000002,27.0,-18.400000000000002
9112,159144.0,False,243.70000000000002,27.5,-18.1
9113,159164.0,False,243.10000000000002,28.1,-18.0
9114,159180.0,False,242.5,28.8,-18.2
9115,159198.0,False,241.9,29.400000000000002,-18.3
9116,159215.0,False,241.5,30.0,-18.3
9117,159233.0,False,241.20000000000002,30.3,-18.0
9118,159247.0,False,241.0,30.5,-17.6
9119,159267.0,False,240.9,30.5,-17.2
9120,159281.0,False,240.70000000000002,30.400000000000002,-16.7
9121,159298.0,False,240.5,30.1,-16.400000000000002
9122,159315.0,False,240.3,29.700000000000003,-16.3
9123,159330.0,False,239.9,29.1,-16.2
9124,159348.0,False,239.4,28.5,-15.9
9125,159373.0,False,238.20000000000002,27.5,-15.200000000000001
9126,159398.0,False,237.70000000000002,27.200000000000003,-14.8
9127,159415.0,False,237.3,27.1,-14.4
9128,159431.0,False,237.0,27.3,-14.200000000000001
9129,159454.0,False,236.70000000000002,27.8,-14.100000000000001
9130,159465.0,False,236.4,28.400000000000002,-14.100000000000001
9131,159487.0,False,236.10000000000002,29.1,-14.0
9132,159498.0,False,235.8,29.8,-13.9
9133,159514.0,False,235.4,30.5,-13.700000000000001
9134,159535.0,False,235.3,31.200000000000003,-13.4
9135,159548.0,False,235.5,31.8,-13.0
9136,159569.0,False,235.9,32.2,-12.700000000000001
9137,159581.0,False,236.5,32.4,-12.4
9138,159598.0,False,237.20000000000002,32.5,-12.3
9139,159619.0,False,237.8,32.5,-12.3
9140,159631.0,False,238.10000000000002,32.4,-12.5
9141,159649.0,False,238.3,32.2,-12.5
9142,159665.0,False,238.3,32.0,-12.4
9143,159681.0,False,238.4,31.900000000000002,-12.200000000000001
9144,159698.0,False,238.60000000000002,31.900000000000002,-11.9
9145,159721.0,False,238.70000000000002,31.8,-11.600000000000001
9146,159748.0,False,239.5,31.6,-11.3
9147,159765.0,False,240.20000000000002,31.6,-11.700000000000001
9148,159781.0,False,241.10000000000002,31.6,-12.700000000000001
9149,159798.0,False,242.0,31.5,-14.100000000000001
9150,159814.0,False,242.8,31.3,-15.8
9151,159831.0,False,243.70000000000002,31.0,-17.8
9152,159848.0,False,244.3,30.5,-19.8
9153,159865.0,False,244.70000000000002,30.0,-21.6
9154,159881.0,False,244.8,29.400000000000002,-23.0
9155,159902.0,False,244.8,28.900000000000002,-23.8
9156,159917.0,False,244.8,28.400000000000002,-24.3
9157,159931.0,False,244.9,28.200000000000003,-24.5
9158,159947.0,False,245.10000000000002,28.0,-24.6
9159,159964.0,False,245.20000000000002,28.0,-24.3
9160,159984.0,False,245.3,28.1,-23.6
9161,159998.0,False,245.3,28.3,-22.6
9162,160014.0,False,245.20000000000002,28.5,-21.5
9163,160031.0,False,245.0,28.8,-20.5
9164,160048.0,False,244.9,29.200000000000003,-20.0
9165,160065.0,False,244.60000000000002,29.700000000000003,-19.700000000000003
9166,160091.0,False,243.70000000000002,30.8,-19.400000000000002
9167,160116.0,False,243.10000000000002,31.400000000000002,-19.3
9168,160134.0,False,242.60000000000002,31.900000000000002,-19.1
9169,160148.0,False,242.10000000000002,32.5,-18.900000000000002
9170,160172.0,False,241.5,33.7,-18.8
9171,160197.0,False,241.10000000000002,34.5,-19.0
9172,160214.0,False,240.3,35.4,-19.200000000000003
9173,160231.0,False,239.3,36.2,-19.200000000000003
9174,160250.0,False,238.3,36.9,-19.1
9175,160265.0,False,237.5,37.5,-18.8
9176,160285.0,False,237.0,37.800000000000004,-18.5
9177,160298.0,False,236.70000000000002,37.9,-18.0
9178,160320.0,False,236.4,37.9,-17.400000000000002
9179,160331.0,False,235.8,37.9,-16.8
9180,160347.0,False,234.9,37.9,-16.7
9181,160364.0,False,233.9,37.9,-16.900000000000002
9182,160381.0,False,232.9,38.0,-17.3
9183,160398.0,False,231.9,38.0,-17.6
9184,160417.0,False,231.10000000000002,38.0,-17.6
9185,160431.0,False,230.5,37.9,-17.400000000000002
9186,160451.0,False,230.10000000000002,37.9,-17.1
9187,160465.0,False,229.8,37.800000000000004,-16.900000000000002
9188,160482.0,False,229.5,37.800000000000004,-16.900000000000002
9189,160500.0,False,229.10000000000002,37.7,-17.1
9190,160515.0,False,228.5,37.800000000000004,-17.3
9191,160537.0,False,227.9,37.9,-17.5
9192,160549.0,False,227.3,38.0,-17.7
9193,160565.0,False,226.70000000000002,38.1,-17.8
9194,160582.0,False,226.20000000000002,38.2,-17.900000000000002
9195,160598.0,False,225.8,38.2,-17.900000000000002
9196,160615.0,False,225.5,38.2,-17.900000000000002
9197,160630.0,False,225.3,38.2,-18.0
9198,160650.0,False,225.0,38.2,-18.0
9199,160664.0,False,224.8,38.2,-18.0
9200,160681.0,False,224.5,38.400000000000006,-18.0
9201,160714.0,False,224.4,38.400000000000006,-18.1
9202,160730.0,False,224.60000000000002,38.400000000000006,-18.1
9203,160748.0,False,224.9,38.300000000000004,-18.0
9204,160764.0,False,225.20000000000002,38.2,-17.900000000000002
9205,160782.0,False,225.3,38.300000000000004,-17.900000000000002
9206,160798.0,False,225.3,38.5,-17.8
9207,160820.0,False,225.3,38.6,-17.8
9208,160831.0,False,225.5,38.7,-17.900000000000002
9209,160849.0,False,226.0,38.6,-18.0
9210,160864.0,False,226.5,38.400000000000006,-18.0
9211,160881.0,False,226.8,38.1,-18.0
9212,160898.0,False,227.0,37.800000000000004,-17.900000000000002
9213,160916.0,False,227.20000000000002,37.5,-17.900000000000002
9214,160931.0,False,227.3,37.300000000000004,-17.900000000000002
9215,160948.0,False,227.4,37.1,-18.1
9216,160964.0,False,227.5,36.9,-18.400000000000002
9217,160980.0,False,227.8,36.800000000000004,-18.7
9218,160997.0,False,227.9,36.800000000000004,-19.1
9219,161016.0,False,228.0,36.800000000000004,-19.400000000000002
9220,161031.0,False,227.9,36.800000000000004,-19.6
9221,161054.0,False,227.70000000000002,36.9,-19.700000000000003
9222,161064.0,False,227.60000000000002,37.1,-19.700000000000003
9223,161083.0,False,227.70000000000002,37.300000000000004,-19.8
9224,161098.0,False,227.8,37.6,-19.900000000000002
9225,161124.0,False,227.9,38.0,-19.8
9226,161130.0,False,227.9,38.400000000000006,-19.5
9227,161148.0,False,227.8,38.900000000000006,-18.7
9228,161164.0,False,227.70000000000002,39.5,-17.5
9229,161181.0,False,227.9,40.0,-16.5
9230,161197.0,False,228.5,40.5,-15.8
9231,161214.0,False,229.4,40.900000000000006,-15.8
9232,161230.0,False,230.20000000000002,41.1,-16.1
9233,161247.0,False,230.4,41.1,-16.5
9234,161264.0,False,230.20000000000002,41.0,-16.7
9235,161281.0,False,229.5,40.800000000000004,-16.6
9236,161297.0,False,228.60000000000002,40.5,-16.3
9237,161314.0,False,227.9,40.2,-15.700000000000001
9238,161330.0,False,227.5,40.0,-15.200000000000001
9239,161347.0,False,227.10000000000002,40.0,-14.700000000000001
9240,161365.0,False,226.60000000000002,40.1,-14.3
9241,161381.0,False,226.20000000000002,40.2,-14.200000000000001
9242,161397.0,False,226.20000000000002,40.300000000000004,-14.600000000000001
9243,161415.0,False,226.4,40.0,-15.200000000000001
9244,161432.0,False,226.70000000000002,39.6,-15.8
9245,161448.0,False,226.60000000000002,38.900000000000006,-16.1
9246,161466.0,False,226.10000000000002,38.2,-16.1
9247,161481.0,False,225.10000000000002,37.6,-15.9
9248,161497.0,False,224.0,37.2,-15.9
9249,161516.0,False,223.10000000000002,37.0,-16.3
9250,161531.0,False,222.3,36.9,-16.900000000000002
9251,161547.0,False,221.8,36.800000000000004,-17.5
9252,161564.0,False,221.4,36.7,-17.8
9253,161583.0,False,221.0,36.5,-17.6
9254,161598.0,False,220.60000000000002,36.2,-17.1
9255,161615.0,False,220.10000000000002,35.9,-16.3
9256,161631.0,False,219.60000000000002,35.800000000000004,-15.600000000000001
9257,161648.0,False,218.9,35.800000000000004,-15.100000000000001
9258,161664.0,False,218.10000000000002,36.0,-15.0
9259,161681.0,False,217.20000000000002,36.2,-15.0
9260,161698.0,False,216.10000000000002,36.6,-14.8
9261,161714.0,False,215.10000000000002,37.1,-14.4
9262,161731.0,False,214.3,37.7,-13.9
9263,161753.0,False,213.70000000000002,38.2,-13.3
9264,161764.0,False,213.3,38.800000000000004,-12.600000000000001
9265,161784.0,False,213.10000000000002,39.300000000000004,-11.9
9266,161798.0,False,213.0,39.900000000000006,-11.4
9267,161821.0,False,213.3,41.0,-11.100000000000001
9268,161848.0,False,213.5,41.5,-11.200000000000001
9269,161864.0,False,213.70000000000002,41.900000000000006,-11.200000000000001
9270,161882.0,False,213.9,42.1,-11.100000000000001
9271,161898.0,False,214.20000000000002,42.1,-11.0
9272,161914.0,False,214.70000000000002,42.0,-11.100000000000001
9273,161931.0,False,215.20000000000002,41.800000000000004,-11.200000000000001
9274,161949.0,False,215.5,41.5,-11.200000000000001
9275,161965.0,False,216.0,41.0,-11.100000000000001
9276,161981.0,False,216.5,40.5,-10.9
9277,161999.0,False,217.10000000000002,39.800000000000004,-10.8
9278,162015.0,False,217.70000000000002,38.900000000000006,-10.8
9279,162030.0,False,218.5,37.9,-11.0
9280,162048.0,False,219.4,36.800000000000004,-11.4
9281,162064.0,False,220.0,35.6,-11.700000000000001
9282,162081.0,False,220.4,34.6,-12.200000000000001
9283,162098.0,False,220.5,33.800000000000004,-12.700000000000001
9284,162119.0,False,220.3,33.2,-13.3
9285,162132.0,False,220.0,32.7,-13.8
9286,162169.0,False,219.4,32.300000000000004,-14.700000000000001
9287,162181.0,False,219.10000000000002,32.300000000000004,-15.0
9288,162199.0,False,218.9,32.4,-15.3
9289,162216.0,False,218.70000000000002,32.5,-15.5
9290,162234.0,False,218.5,32.6,-15.3
9291,162248.0,False,218.10000000000002,32.6,-14.9
9292,162265.0,False,217.8,32.7,-14.4
9293,162281.0,False,217.60000000000002,32.9,-14.5
9294,162297.0,False,217.70000000000002,33.1,-15.200000000000001
9295,162319.0,False,217.9,33.2,-16.400000000000002
9296,162333.0,False,218.0,33.0,-17.3
9297,162347.0,False,217.9,32.7,-17.7
9298,162364.0,False,217.60000000000002,32.4,-17.3
9299,162381.0,False,217.4,32.0,-16.6
9300,162397.0,False,217.3,31.900000000000002,-15.8
9301,162414.0,False,217.20000000000002,32.0,-15.200000000000001
9302,162430.0,False,217.10000000000002,32.4,-14.700000000000001
9303,162447.0,False,217.0,33.0,-14.3
9304,162464.0,False,217.0,33.800000000000004,-14.100000000000001
9305,162480.0,False,217.20000000000002,34.6,-13.9
9306,162497.0,False,217.8,35.2,-13.9
9307,162515.0,False,218.3,35.7,-13.9
9308,162533.0,False,218.4,36.0,-13.600000000000001
9309,162548.0,False,218.0,36.0,-13.0
9310,162564.0,False,217.4,35.800000000000004,-12.100000000000001
9311,162583.0,False,217.0,35.5,-11.4
9312,162598.0,False,216.9,35.1,-11.100000000000001
9313,162622.0,False,217.10000000000002,34.7,-11.100000000000001
9314,162633.0,False,217.20000000000002,34.300000000000004,-11.3
9315,162654.0,False,217.10000000000002,33.9,-11.5
9316,162664.0,False,216.60000000000002,33.7,-11.700000000000001
9317,162684.0,False,216.0,33.6,-11.9
9318,162698.0,False,215.3,33.6,-12.100000000000001
9319,162714.0,False,214.60000000000002,33.6,-12.200000000000001
9320,162732.0,False,214.20000000000002,33.5,-12.200000000000001
9321,162752.0,False,213.9,33.4,-12.200000000000001
9322,162764.0,False,213.70000000000002,33.300000000000004,-12.3
9323,162781.0,False,213.4,33.2,-12.5
9324,162798.0,False,212.8,33.0,-12.700000000000001
9325,162816.0,False,211.9,32.800000000000004,-12.8
9326,162831.0,False,210.8,32.800000000000004,-12.600000000000001
9327,162848.0,False,209.5,32.800000000000004,-12.100000000000001
9328,162881.0,False,207.10000000000002,33.2,-10.5
9329,162897.0,False,206.3,33.7,-9.600000000000001
9330,162919.0,False,205.8,34.2,-8.700000000000001
9331,162930.0,False,205.4,34.9,-7.800000000000001
9332,162948.0,False,205.20000000000002,35.5,-7.0
9333,162964.0,False,205.10000000000002,36.2,-6.4
9334,162981.0,False,205.0,36.7,-5.800000000000001
9335,163000.0,False,205.0,37.2,-5.300000000000001
9336,163016.0,False,205.10000000000002,37.7,-4.9
9337,163033.0,False,205.4,37.9,-4.800000000000001
9338,163048.0,False,206.0,38.0,-4.9
9339,163068.0,False,206.8,37.9,-5.2
9340,163081.0,False,207.70000000000002,37.6,-5.7
9341,163097.0,False,208.5,37.1,-6.1000000000000005
9342,163122.0,False,209.20000000000002,36.6,-6.300000000000001
9343,163131.0,False,209.9,36.0,-6.4
9344,163153.0,False,211.4,34.9,-6.4
9345,163182.0,False,212.3,34.4,-6.6000000000000005
9346,163197.0,False,213.3,33.9,-7.2
9347,163216.0,False,214.3,33.5,-7.9
9348,163230.0,False,215.20000000000002,33.2,-8.6
9349,163250.0,False,215.8,33.1,-9.200000000000001
9350,163264.0,False,216.20000000000002,33.1,-9.700000000000001
9351,163280.0,False,216.60000000000002,33.2,-10.100000000000001
9352,163298.0,False,217.10000000000002,33.300000000000004,-10.4
9353,163314.0,False,217.8,33.2,-10.600000000000001
9354,163331.0,False,218.5,33.0,-10.8
9355,163350.0,False,219.20000000000002,32.6,-10.9
9356,163364.0,False,219.8,32.2,-10.8
9357,163381.0,False,220.20000000000002,31.700000000000003,-10.8
9358,163398.0,False,220.4,31.400000000000002,-10.9
9359,163415.0,False,220.60000000000002,31.1,-11.200000000000001
9360,163431.0,False,220.60000000000002,30.8,-11.600000000000001
9361,163451.0,False,220.70000000000002,30.6,-12.100000000000001
9362,163464.0,False,220.8,30.3,-12.4
9363,163483.0,False,221.0,30.0,-12.4
9364,163498.0,False,221.3,29.8,-12.200000000000001
9365,163519.0,False,221.5,29.6,-11.9
9366,163531.0,False,221.70000000000002,29.6,-11.600000000000001
9367,163550.0,False,221.70000000000002,29.8,-11.3
9368,163564.0,False,221.60000000000002,30.1,-11.0
9369,163581.0,False,221.5,30.700000000000003,-10.700000000000001
9370,163597.0,False,221.5,31.400000000000002,-10.4
9371,163619.0,False,221.60000000000002,32.2,-10.100000000000001
9372,163630.0,False,221.8,32.9,-9.9
9373,163648.0,False,222.3,33.5,-9.9
9374,163664.0,False,222.60000000000002,33.9,-9.9
9375,163681.0,False,222.60000000000002,34.2,-9.9
9376,163698.0,False,222.20000000000002,34.300000000000004,-9.5
9377,163714.0,False,221.60000000000002,34.300000000000004,-8.9
9378,163730.0,False,221.10000000000002,34.2,-8.200000000000001
9379,163748.0,False,221.10000000000002,33.9,-7.7
9380,163764.0,False,221.20000000000002,33.6,-7.5
9381,163781.0,False,221.5,33.300000000000004,-7.7
9382,163799.0,False,221.60000000000002,32.9,-8.5
9383,163814.0,False,221.4,32.6,-9.4
9384,163832.0,False,220.9,32.2,-10.3
9385,163847.0,False,220.3,31.8,-10.8
9386,163867.0,False,219.70000000000002,31.5,-11.0
9387,163881.0,False,219.3,31.3,-11.0
9388,163898.0,False,219.10000000000002,31.1,-10.8
9389,163914.0,False,219.20000000000002,31.0,-10.600000000000001
9390,163935.0,False,219.3,31.0,-10.3
9391,163948.0,False,219.3,31.1,-10.100000000000001
9392,163970.0,False,219.20000000000002,31.3,-10.100000000000001
9393,163981.0,False,219.0,31.5,-10.100000000000001
9394,163998.0,False,218.8,31.8,-10.200000000000001
9395,164014.0,False,218.60000000000002,32.1,-10.200000000000001
9396,164030.0,False,218.3,32.4,-10.0
9397,164047.0,False,218.20000000000002,32.6,-9.9
9398,164064.0,False,218.10000000000002,32.9,-9.8
9399,164082.0,False,218.20000000000002,33.2,-9.600000000000001
9400,164097.0,False,218.3,33.5,-9.4
9401,164114.0,False,218.4,33.9,-9.1
9402,164131.0,False,218.70000000000002,34.300000000000004,-8.6
9403,164147.0,False,219.0,34.7,-8.200000000000001
9404,164164.0,False,219.5,35.2,-8.0
9405,164180.0,False,220.10000000000002,35.6,-7.800000000000001
9406,164197.0,False,220.70000000000002,35.800000000000004,-7.6000000000000005
9407,164216.0,False,221.3,35.9,-7.300000000000001
9408,164230.0,False,221.9,35.9,-7.0
9409,164249.0,False,222.5,35.7,-6.7
9410,164265.0,False,223.0,35.4,-6.5
9411,164283.0,False,223.4,35.1,-6.300000000000001
9412,164298.0,False,223.8,34.800000000000004,-6.300000000000001
9413,164316.0,False,224.10000000000002,34.5,-6.4
9414,164333.0,False,224.4,34.2,-6.6000000000000005
9415,164348.0,False,224.60000000000002,34.0,-6.800000000000001
9416,164364.0,False,224.9,33.7,-6.9
9417,164381.0,False,225.10000000000002,33.6,-7.0
9418,164398.0,False,225.4,33.6,-7.2
9419,164414.0,False,225.8,33.800000000000004,-7.6000000000000005
9420,164444.0,False,226.8,34.1,-8.9
9421,164464.0,False,227.4,34.2,-9.600000000000001
9422,164484.0,False,228.0,34.2,-10.3
9423,164498.0,False,228.5,34.1,-11.0
9424,164517.0,False,228.8,33.800000000000004,-11.4
9425,164530.0,False,228.8,33.4,-11.600000000000001
9426,164550.0,False,228.70000000000002,33.0,-11.700000000000001
9427,164564.0,False,228.60000000000002,32.7,-11.9
9428,164582.0,False,228.3,32.4,-12.100000000000001
9429,164598.0,False,228.10000000000002,32.300000000000004,-12.3
9430,164618.0,False,227.8,32.2,-12.5
9431,164631.0,False,227.5,32.4,-12.5
9432,164647.0,False,227.20000000000002,32.6,-12.4
9433,164664.0,False,226.8,33.0,-12.200000000000001
9434,164682.0,False,226.4,33.5,-11.8
9435,164702.0,False,225.8,34.1,-11.100000000000001
9436,164715.0,False,225.10000000000002,34.7,-10.4
9437,164733.0,False,224.5,35.5,-9.700000000000001
9438,164748.0,False,223.8,36.300000000000004,-9.1
9439,164764.0,False,223.3,36.9,-8.700000000000001
9440,164781.0,False,222.8,37.4,-8.4
9441,164798.0,False,222.3,37.5,-8.0
9442,164814.0,False,222.0,37.4,-7.7
9443,164849.0,False,222.0,36.6,-7.1000000000000005
9444,164864.0,False,222.20000000000002,36.0,-7.1000000000000005
9445,164880.0,False,222.20000000000002,35.6,-7.1000000000000005
9446,164898.0,False,221.8,35.300000000000004,-6.9
9447,164916.0,False,221.5,35.2,-6.6000000000000005
9448,164930.0,False,221.3,35.4,-6.6000000000000005
9449,164948.0,False,221.60000000000002,35.7,-6.800000000000001
9450,164966.0,False,222.3,36.0,-7.4
9451,164981.0,False,223.10000000000002,36.300000000000004,-8.0
9452,164998.0,False,223.9,36.4,-8.8
9453,165016.0,False,224.5,36.5,-9.700000000000001
9454,165030.0,False,224.70000000000002,36.5,-10.8
9455,165049.0,False,224.60000000000002,36.4,-11.8
9456,165064.0,False,224.10000000000002,36.4,-12.8
9457,165080.0,False,223.20000000000002,36.4,-13.600000000000001
9458,165101.0,False,222.20000000000002,36.300000000000004,-14.100000000000001
9459,165118.0,False,221.3,36.0,-14.3
9460,165132.0,False,220.60000000000002,35.6,-14.3
9461,165147.0,False,220.3,35.0,-14.100000000000001
9462,165164.0,False,220.3,34.4,-13.9
9463,165180.0,False,220.20000000000002,33.800000000000004,-13.700000000000001
9464,165197.0,False,220.10000000000002,33.2,-13.600000000000001
9465,165215.0,False,219.9,32.7,-13.4
9466,165231.0,False,219.5,32.4,-13.200000000000001
9467,165247.0,False,219.0,32.2,-13.0
9468,165265.0,False,218.4,32.300000000000004,-12.5
9469,165285.0,False,217.9,32.5,-12.0
9470,165298.0,False,217.60000000000002,32.9,-11.5
9471,165322.0,False,217.4,33.4,-11.100000000000001
9472,165331.0,False,217.10000000000002,34.1,-10.700000000000001
9473,165347.0,False,216.9,34.9,-10.4
9474,165366.0,False,216.8,35.7,-10.200000000000001
9475,165381.0,False,216.8,36.4,-10.0
9476,165400.0,False,216.8,36.9,-9.700000000000001
9477,165416.0,False,217.10000000000002,37.2,-9.4
9478,165431.0,False,217.4,37.300000000000004,-9.1
9479,165447.0,False,217.9,37.0,-9.1
9480,165465.0,False,218.60000000000002,36.5,-9.200000000000001
9481,165481.0,False,219.20000000000002,35.800000000000004,-9.4
9482,165497.0,False,219.8,35.0,-9.700000000000001
9483,165516.0,False,220.3,34.0,-9.9
9484,165530.0,False,220.9,33.1,-10.200000000000001
9485,165548.0,False,221.60000000000002,32.0,-10.4
9486,165564.0,False,222.3,30.900000000000002,-10.600000000000001
9487,165584.0,False,223.0,29.8,-10.5
9488,165598.0,False,223.60000000000002,28.400000000000002,-10.100000000000001
9489,165614.0,False,224.60000000000002,27.200000000000003,-9.9
9490,165630.0,False,225.8,26.3,-9.9
9491,165647.0,False,227.20000000000002,25.400000000000002,-10.100000000000001
9492,165664.0,False,228.3,24.6,-10.600000000000001
9493,165681.0,False,228.9,24.1,-11.3
9494,165697.0,False,229.20000000000002,24.0,-12.100000000000001
9495,165715.0,False,229.5,24.0,-12.8
9496,165734.0,False,229.9,24.1,-13.100000000000001
9497,165748.0,False,230.60000000000002,24.200000000000003,-13.0
9498,165764.0,False,231.5,24.5,-12.600000000000001
9499,165781.0,False,232.4,24.700000000000003,-12.100000000000001
9500,165801.0,False,233.20000000000002,25.0,-11.700000000000001
9501,165815.0,False,233.9,25.200000000000003,-11.200000000000001
9502,165831.0,False,234.5,25.5,-10.700000000000001
9503,165847.0,False,235.10000000000002,25.700000000000003,-10.5
9504,165865.0,False,235.60000000000002,26.0,-10.8
9505,165881.0,False,235.70000000000002,26.200000000000003,-11.700000000000001
9506,165898.0,False,235.20000000000002,26.200000000000003,-12.8
9507,165914.0,False,233.8,25.5,-13.200000000000001
9508,165935.0,False,233.0,24.3,-13.5
9509,165948.0,False,233.0,22.8,-13.9
9510,165964.0,False,233.3,21.1,-14.200000000000001
9511,165985.0,False,233.60000000000002,19.200000000000003,-15.3
9512,165997.0,False,233.4,17.1,-16.3
9513,166014.0,False,233.0,15.200000000000001,-17.2
9514,166031.0,False,232.4,13.8,-17.3
9515,166047.0,False,232.3,13.4,-16.900000000000002
9516,166064.0,False,232.8,14.200000000000001,-16.0
9517,166081.0,False,233.8,16.1,-14.5
9518,166097.0,False,234.70000000000002,19.0,-12.3
9519,166114.0,False,235.5,22.5,-9.1
9520,166130.0,False,236.20000000000002,26.3,-4.800000000000001
9521,166147.0,False,237.70000000000002,29.400000000000002,-2.1
9522,166164.0,False,239.0,28.8,-1.7000000000000002
9523,166185.0,False,237.5,27.700000000000003,0.5
9524,166197.0,False,237.70000000000002,26.700000000000003,1.8
9525,166214.0,False,238.20000000000002,26.0,2.4000000000000004
9526,166230.0,False,238.8,25.5,2.8000000000000003
9527,166247.0,False,239.4,25.1,3.1
9528,166264.0,False,239.9,24.700000000000003,3.1
9529,166283.0,False,240.20000000000002,24.200000000000003,2.6
9530,166298.0,False,240.0,24.0,1.5
9531,166315.0,False,239.70000000000002,24.0,0.0
9532,166330.0,False,239.3,24.400000000000002,-1.3
9533,166347.0,False,238.60000000000002,24.6,-0.8
9534,166364.0,False,238.8,25.0,-0.4
9535,166385.0,False,239.10000000000002,25.6,0.4
9536,166398.0,False,239.20000000000002,26.1,1.3
9537,166415.0,False,239.20000000000002,26.400000000000002,2.2
9538,166430.0,False,239.4,26.700000000000003,3.0
9539,166447.0,False,239.70000000000002,26.900000000000002,3.5
9540,166464.0,False,239.9,27.0,3.6
9541,166481.0,False,240.0,27.1,3.4000000000000004
9542,166498.0,False,240.10000000000002,27.1,3.0
9543,166514.0,False,240.10000000000002,27.1,2.6
9544,166530.0,False,240.3,27.1,2.1
9545,166547.0,False,240.4,27.200000000000003,1.8
9546,166581.0,False,241.10000000000002,27.6,1.0
9547,166599.0,False,241.60000000000002,27.900000000000002,0.5
9548,166614.0,False,242.20000000000002,28.200000000000003,-0.1
9549,166631.0,False,242.8,28.5,-0.6000000000000001
9550,166649.0,False,243.0,28.8,-1.1
9551,166667.0,False,243.10000000000002,28.900000000000002,-1.4000000000000001
9552,166681.0,False,242.8,28.900000000000002,-1.3
9553,166701.0,False,242.60000000000002,28.700000000000003,-0.7000000000000001
9554,166714.0,False,242.4,28.6,0.30000000000000004
9555,166732.0,False,242.20000000000002,28.400000000000002,1.6
9556,166748.0,False,241.9,28.0,2.8000000000000003
9557,166764.0,False,241.5,27.400000000000002,4.0
9558,166781.0,False,241.10000000000002,26.8,5.1000000000000005
9559,166798.0,False,240.70000000000002,26.200000000000003,6.4
9560,166831.0,False,240.0,25.5,9.4
9561,166854.0,False,239.8,25.3,11.200000000000001
9562,166864.0,False,239.8,25.3,12.8
9563,166883.0,False,240.0,25.200000000000003,14.200000000000001
9564,166897.0,False,240.3,25.200000000000003,15.4
9565,166919.0,False,240.60000000000002,24.900000000000002,16.5
9566,166931.0,False,241.20000000000002,24.6,17.400000000000002
9567,166947.0,False,241.8,24.1,18.1
9568,166966.0,False,242.3,23.6,18.6
9569,166981.0,False,242.5,23.200000000000003,19.0
9570,166997.0,False,242.70000000000002,23.200000000000003,19.400000000000002
9571,167014.0,False,243.0,23.400000000000002,19.700000000000003
9572,167030.0,False,243.4,23.900000000000002,20.0
9573,167047.0,False,244.0,24.8,20.200000000000003
9574,167065.0,False,244.70000000000002,25.900000000000002,20.3
9575,167081.0,False,245.60000000000002,27.200000000000003,20.0
9576,167104.0,False,246.60000000000002,28.5,19.3
9577,167127.0,False,247.60000000000002,29.8,18.2
9578,167130.0,False,248.5,31.0,16.900000000000002
9579,167150.0,False,249.10000000000002,32.0,15.8
9580,167164.0,False,249.70000000000002,32.9,15.100000000000001
9581,167182.0,False,250.3,33.800000000000004,14.700000000000001
9582,167198.0,False,251.0,34.5,14.600000000000001
9583,167215.0,False,251.60000000000002,35.1,14.600000000000001
9584,167232.0,False,252.10000000000002,35.300000000000004,14.8
9585,167247.0,False,252.20000000000002,35.300000000000004,15.100000000000001
9586,167264.0,False,251.8,35.0,15.9
9587,167281.0,False,251.3,34.5,16.900000000000002
9588,167298.0,False,250.9,33.7,18.2
9589,167314.0,False,250.5,32.800000000000004,19.400000000000002
9590,167330.0,False,250.3,31.8,20.3
9591,167347.0,False,249.8,30.900000000000002,21.0
9592,167365.0,False,249.20000000000002,30.3,21.700000000000003
9593,167381.0,False,248.4,29.900000000000002,22.5
9594,167402.0,False,247.9,29.8,23.1
9595,167416.0,False,247.8,29.900000000000002,23.5
9596,167431.0,False,248.10000000000002,30.3,23.3
9597,167448.0,False,248.60000000000002,31.0,22.700000000000003
9598,167464.0,False,249.0,31.8,21.700000000000003
9599,167480.0,False,249.3,32.800000000000004,20.8
9600,167497.0,False,249.4,33.7,19.900000000000002
9601,167513.0,False,249.3,34.5,19.3
9602,167530.0,False,249.10000000000002,35.1,18.900000000000002
9603,167547.0,False,248.70000000000002,35.5,18.7
9604,167563.0,False,248.4,35.6,18.7
9605,167580.0,False,248.0,35.5,18.900000000000002
9606,167597.0,False,247.5,35.300000000000004,19.200000000000003
9607,167614.0,False,247.0,35.1,19.700000000000003
9608,167630.0,False,246.4,34.7,20.3
9609,167648.0,False,245.70000000000002,34.300000000000004,20.900000000000002
9610,167664.0,False,244.70000000000002,33.800000000000004,21.700000000000003
9611,167680.0,False,243.60000000000002,33.0,22.700000000000003
9612,167698.0,False,242.60000000000002,32.1,23.900000000000002
9613,167714.0,False,241.8,30.900000000000002,25.0
9614,167731.0,False,241.5,29.6,25.5
9615,167747.0,False,241.5,28.3,25.0
9616,167763.0,False,241.60000000000002,27.1,23.700000000000003
9617,167781.0,False,241.9,26.1,21.900000000000002
9618,167798.0,False,242.20000000000002,25.3,20.3
9619,167814.0,False,242.70000000000002,24.700000000000003,18.900000000000002
9620,167835.0,False,243.4,24.400000000000002,17.900000000000002
9621,167847.0,False,244.3,24.3,17.3
9622,167863.0,False,245.3,24.5,17.3
9623,167881.0,False,246.3,24.700000000000003,17.8
9624,167898.0,False,247.3,25.0,18.5
9625,167916.0,False,248.20000000000002,25.0,19.3
9626,167931.0,False,249.0,24.700000000000003,20.1
9627,167948.0,False,249.5,24.200000000000003,20.900000000000002
9628,167964.0,False,249.8,23.400000000000002,21.900000000000002
9629,167986.0,False,250.0,22.700000000000003,23.400000000000002
9630,167998.0,False,250.4,22.200000000000003,25.3
9631,168016.0,False,251.3,22.0,27.3
9632,168030.0,False,252.60000000000002,22.3,29.0
9633,168048.0,False,254.3,22.8,30.200000000000003
9634,168065.0,False,256.2,23.400000000000002,30.400000000000002
9635,168086.0,False,258.1,24.200000000000003,29.700000000000003
9636,168097.0,False,259.90000000000003,24.900000000000002,28.200000000000003
9637,168116.0,False,261.7,25.6,26.200000000000003
9638,168131.0,False,263.5,26.400000000000002,24.200000000000003
9639,168147.0,False,265.40000000000003,27.400000000000002,22.400000000000002
9640,168164.0,False,267.6,28.5,20.700000000000003
9641,168180.0,False,270.0,29.700000000000003,19.3
9642,168199.0,False,272.40000000000003,31.0,18.3
9643,168214.0,False,274.8,32.2,17.5
9644,168230.0,False,277.2,33.300000000000004,16.7
9645,168247.0,False,279.3,34.2,16.1
9646,168265.0,False,281.2,34.9,15.4
9647,168281.0,False,282.8,35.300000000000004,14.600000000000001
9648,168301.0,False,284.1,35.5,13.9
9649,168315.0,False,285.2,35.7,13.200000000000001
9650,168330.0,False,286.2,35.800000000000004,12.8
9651,168347.0,False,287.2,36.0,12.3
9652,168365.0,False,288.3,36.300000000000004,11.9
9653,168380.0,False,289.3,36.7,11.4
9654,168397.0,False,290.2,37.1,10.9
9655,168413.0,False,291.0,37.5,10.4
9656,168433.0,False,291.5,37.800000000000004,9.8
9657,168448.0,False,292.0,37.800000000000004,9.200000000000001
9658,168468.0,False,292.40000000000003,37.300000000000004,8.6
9659,168480.0,False,292.7,36.300000000000004,8.0
9660,168498.0,False,292.5,35.1,7.4
9661,168522.0,False,292.1,33.9,7.300000000000001
9662,168530.0,False,291.40000000000003,33.0,7.800000000000001
9663,168548.0,False,290.8,32.6,8.8
9664,168564.0,False,290.5,32.4,10.0
9665,168585.0,False,290.6,32.300000000000004,10.9
9666,168597.0,False,290.8,32.5,11.600000000000001
9667,168614.0,False,291.1,32.6,12.0
9668,168634.0,False,291.5,32.7,12.100000000000001
9669,168648.0,False,291.8,32.800000000000004,11.9
9670,168666.0,False,292.2,32.6,11.4
9671,168681.0,False,292.6,32.300000000000004,10.700000000000001
9672,168703.0,False,293.0,31.900000000000002,9.700000000000001
9673,168720.0,False,293.5,31.6,8.6
9674,168732.0,False,293.90000000000003,31.400000000000002,7.4
9675,168747.0,False,294.40000000000003,31.5,6.300000000000001
9676,168771.0,False,294.90000000000003,31.700000000000003,5.2
9677,168797.0,False,295.3,32.0,4.2
9678,168815.0,False,295.6,32.5,3.1
9679,168831.0,False,295.6,32.5,2.9000000000000004
9680,168847.0,False,295.5,32.2,2.9000000000000004
9681,168868.0,False,295.3,31.700000000000003,3.2
9682,168881.0,False,294.90000000000003,31.0,3.9000000000000004
9683,168904.0,False,293.90000000000003,29.700000000000003,6.7
9684,168931.0,False,293.7,29.3,8.1
9685,168947.0,False,293.90000000000003,29.200000000000003,9.0
9686,168964.0,False,294.3,29.400000000000002,9.4
9687,168981.0,False,295.0,29.6,9.1
9688,168997.0,False,295.8,29.8,8.4
9689,169013.0,False,296.90000000000003,30.0,7.5
9690,169034.0,False,298.0,30.3,7.0
9691,169047.0,False,299.3,30.6,6.9
9692,169064.0,False,300.8,30.900000000000002,6.9
9693,169081.0,False,302.5,30.900000000000002,6.800000000000001
9694,169105.0,False,304.3,30.700000000000003,6.300000000000001
9695,169113.0,False,305.90000000000003,30.3,5.4
9696,169131.0,False,307.1,29.8,4.800000000000001
9697,169147.0,False,307.90000000000003,29.5,5.0
9698,169164.0,False,308.70000000000005,29.5,6.2
9699,169181.0,False,309.6,29.700000000000003,8.200000000000001
9700,169197.0,False,311.0,30.1,10.4
9701,169217.0,False,312.70000000000005,30.5,12.3
9702,169231.0,False,314.6,30.900000000000002,13.700000000000001
9703,169254.0,False,316.8,31.200000000000003,14.0
9704,169264.0,False,318.8,31.400000000000002,13.4
9705,169282.0,False,320.40000000000003,31.3,12.3
9706,169298.0,False,321.70000000000005,31.1,11.3
9707,169315.0,False,323.0,30.8,10.4
9708,169331.0,False,324.3,30.700000000000003,9.8
9709,169347.0,False,325.8,30.8,9.600000000000001
9710,169364.0,False,327.3,31.200000000000003,9.700000000000001
9711,169383.0,False,328.8,31.700000000000003,10.0
9712,169397.0,False,330.5,32.300000000000004,10.0
9713,169426.0,False,332.1,33.0,9.700000000000001
9714,169436.0,False,333.6,33.6,9.200000000000001
9715,169447.0,False,335.0,34.1,8.4
9716,169466.0,False,336.20000000000005,34.7,7.6000000000000005
9717,169481.0,False,337.20000000000005,35.4,6.800000000000001
9718,169498.0,False,338.20000000000005,36.0,6.300000000000001
9719,169518.0,False,339.1,36.7,6.0
9720,169535.0,False,339.5,37.6,6.1000000000000005
9721,169548.0,False,340.0,38.300000000000004,6.2
9722,169564.0,False,340.20000000000005,38.900000000000006,6.2
9723,169580.0,False,340.3,39.400000000000006,6.4
9724,169598.0,False,340.40000000000003,39.800000000000004,6.6000000000000005
9725,169616.0,False,340.40000000000003,40.0,7.0
9726,169632.0,False,340.1,39.900000000000006,7.6000000000000005
9727,169647.0,False,339.40000000000003,39.800000000000004,8.3
9728,169665.0,False,338.40000000000003,39.5,9.4
9729,169684.0,False,337.1,39.300000000000004,10.600000000000001
9730,169697.0,False,335.8,39.2,12.0
9731,169724.0,False,333.3,38.7,14.5
9732,169753.0,False,332.3,38.2,15.5
9733,169763.0,False,331.5,37.7,16.0
9734,169781.0,False,331.1,37.1,16.1
9735,169798.0,False,330.70000000000005,36.5,15.8
9736,169814.0,False,330.5,36.0,15.4
9737,169832.0,False,330.1,35.7,14.8
9738,169847.0,False,329.8,35.6,14.3
9739,169867.0,False,329.40000000000003,35.6,13.9
9740,169881.0,False,329.0,35.7,13.9
9741,169899.0,False,328.70000000000005,35.9,14.100000000000001
9742,169915.0,False,328.3,36.2,14.5
9743,169931.0,False,327.90000000000003,36.4,15.100000000000001
9744,169950.0,False,327.3,36.5,15.700000000000001
9745,169964.0,False,326.6,36.300000000000004,16.5
9746,169981.0,False,325.8,36.0,17.1
9747,169997.0,False,325.0,35.4,17.8
9748,170014.0,False,324.20000000000005,34.7,18.400000000000002
9749,170030.0,False,323.5,34.1,19.0
9750,170047.0,False,323.0,33.5,19.3
9751,170064.0,False,322.70000000000005,33.2,19.5
9752,170080.0,False,322.5,33.0,19.6
9753,170097.0,False,322.5,32.9,19.5
9754,170114.0,False,322.70000000000005,32.9,19.400000000000002
9755,170131.0,False,323.1,33.0,19.200000000000003
9756,170148.0,False,323.8,33.1,18.900000000000002
9757,170166.0,False,324.70000000000005,33.300000000000004,18.5
9758,170181.0,False,325.70000000000005,33.6,17.900000000000002
9759,170197.0,False,326.6,34.0,17.6
9760,170214.0,False,327.40000000000003,34.800000000000004,17.7
9761,170230.0,False,328.40000000000003,35.7,18.1
9762,170247.0,False,329.5,36.800000000000004,18.5
9763,170264.0,False,330.8,37.7,18.6
9764,170281.0,False,332.1,38.2,18.1
9765,170298.0,False,333.3,38.300000000000004,17.0
9766,170313.0,False,334.1,38.0,15.700000000000001
9767,170331.0,False,334.90000000000003,37.2,14.5
9768,170351.0,False,336.1,36.1,13.100000000000001
9769,170365.0,False,337.3,35.1,11.8
9770,170382.0,False,338.3,34.300000000000004,10.600000000000001
9771,170397.0,False,339.0,34.0,9.600000000000001
9772,170417.0,False,339.5,34.2,8.4
9773,170431.0,False,339.8,34.5,7.1000000000000005
9774,170447.0,False,340.1,34.9,5.800000000000001
9775,170464.0,False,340.40000000000003,35.2,4.3
9776,170481.0,False,340.6,35.4,2.6
9777,170505.0,False,339.8,35.5,-1.2000000000000002
9778,170531.0,False,338.40000000000003,35.6,-2.0
9779,170547.0,False,337.0,35.5,-2.1
9780,170564.0,False,336.0,35.0,-2.0
9781,170580.0,False,334.8,34.4,-1.4000000000000001
9782,170598.0,False,334.0,33.9,-1.3
9783,170615.0,False,333.40000000000003,33.5,-1.2000000000000002
9784,170631.0,False,332.40000000000003,33.4,-0.2
9785,170647.0,False,331.3,33.5,0.5
9786,170665.0,False,330.20000000000005,33.2,-0.30000000000000004
9787,170680.0,False,327.5,32.7,0.0
9788,170697.0,False,323.90000000000003,31.900000000000002,1.8
9789,170714.0,False,320.3,30.700000000000003,4.2
9790,170731.0,False,317.40000000000003,29.3,7.0
9791,170747.0,False,315.6,27.6,9.700000000000001
9792,170797.0,False,317.3,22.0,10.0
9793,170816.0,False,318.40000000000003,20.700000000000003,9.0
9794,170833.0,False,319.5,19.900000000000002,7.800000000000001
9795,170847.0,False,320.1,19.8,6.800000000000001
9796,170864.0,False,320.40000000000003,20.1,6.1000000000000005
9797,170883.0,False,320.3,20.900000000000002,5.800000000000001
9798,170898.0,False,320.0,22.0,5.800000000000001
9799,170917.0,False,319.8,23.200000000000003,5.9
9800,170931.0,False,319.8,24.3,6.2
9801,170947.0,False,319.8,25.3,6.6000000000000005
9802,170964.0,False,319.90000000000003,26.1,7.1000000000000005
9803,170981.0,False,320.1,26.6,7.7
9804,170997.0,False,320.40000000000003,26.900000000000002,8.1
9805,171016.0,False,320.6,27.0,8.5
9806,171031.0,False,320.70000000000005,26.900000000000002,8.6
9807,171047.0,False,320.8,26.5,8.5
9808,171064.0,False,320.6,25.900000000000002,8.4
9809,171083.0,False,320.40000000000003,25.1,8.3
9810,171097.0,False,320.20000000000005,24.3,8.4
9811,171113.0,False,320.1,23.5,8.4
9812,171131.0,False,319.90000000000003,22.700000000000003,8.5
9813,171148.0,False,319.8,21.900000000000002,8.6
9814,171164.0,False,320.0,21.200000000000003,8.6
9815,171182.0,False,320.6,20.700000000000003,8.1
9816,171197.0,False,321.5,20.5,7.300000000000001
9817,171224.0,False,322.5,20.700000000000003,6.6000000000000005
9818,171233.0,False,323.40000000000003,21.200000000000003,6.300000000000001
9819,171247.0,False,324.40000000000003,21.8,6.2
9820,171268.0,False,325.5,22.400000000000002,6.2
9821,171280.0,False,326.6,22.8,6.2
9822,171300.0,False,327.8,23.0,6.2
9823,171314.0,False,328.8,23.1,6.2
9824,171330.0,False,329.8,23.400000000000002,6.4
9825,171348.0,False,331.0,24.200000000000003,6.9
9826,171365.0,False,332.40000000000003,25.5,7.6000000000000005
9827,171381.0,False,334.70000000000005,27.0,7.1000000000000005
9828,171400.0,False,337.1,28.400000000000002,5.9
9829,171414.0,False,338.70000000000005,29.6,4.5
9830,171430.0,False,339.70000000000005,30.6,3.4000000000000004
9831,171447.0,False,340.20000000000005,31.400000000000002,2.3000000000000003
9832,171463.0,False,340.40000000000003,31.900000000000002,1.3
9833,171481.0,False,340.40000000000003,32.1,0.5
9834,171497.0,False,340.5,31.900000000000002,0.2
9835,171514.0,False,340.8,31.5,0.4
9836,171530.0,False,341.40000000000003,30.900000000000002,1.2000000000000002
9837,171552.0,False,342.1,30.3,2.3000000000000003
9838,171564.0,False,342.8,29.6,3.5
9839,171581.0,False,343.5,28.900000000000002,4.5
9840,171597.0,False,344.1,28.400000000000002,5.1000000000000005
9841,171615.0,False,344.6,28.0,5.300000000000001
9842,171631.0,False,345.1,27.700000000000003,4.800000000000001
9843,171649.0,False,345.3,27.700000000000003,3.8000000000000003
9844,171665.0,False,345.3,28.0,2.3000000000000003
9845,171681.0,False,345.1,28.5,0.5
9846,171700.0,False,344.8,29.200000000000003,-1.4000000000000001
9847,171714.0,False,344.20000000000005,30.1,-3.0
9848,171730.0,False,343.40000000000003,31.1,-3.9000000000000004
9849,171747.0,False,342.8,31.900000000000002,-3.9000000000000004
9850,171764.0,False,342.70000000000005,32.5,-3.6
9851,171780.0,False,342.90000000000003,32.7,-3.2
9852,171797.0,False,343.20000000000005,32.7,-2.6
9853,171821.0,False,343.3,32.800000000000004,-2.1
9854,171831.0,False,343.20000000000005,32.9,-1.6
9855,171852.0,False,342.8,33.1,-1.2000000000000002
9856,171864.0,False,342.40000000000003,33.2,-1.0
9857,171884.0,False,341.90000000000003,33.2,-0.9
9858,171897.0,False,341.6,33.0,-0.8
9859,171914.0,False,341.40000000000003,32.800000000000004,-0.7000000000000001
9860,171932.0,False,341.3,32.5,-0.7000000000000001
9861,171947.0,False,341.40000000000003,32.2,-0.8
9862,171964.0,False,341.5,31.8,-1.1
9863,171985.0,False,341.6,31.5,-1.6
9864,172001.0,False,341.5,31.200000000000003,-2.2
9865,172014.0,False,341.40000000000003,31.0,-2.8000000000000003
9866,172030.0,False,341.1,30.8,-3.2
9867,172055.0,False,340.1,30.400000000000002,-4.0
9868,172080.0,False,339.5,30.1,-4.2
9869,172100.0,False,338.90000000000003,29.8,-4.5
9870,172119.0,False,338.1,29.5,-4.6000000000000005
9871,172131.0,False,337.1,29.200000000000003,-4.5
9872,172147.0,False,336.0,28.900000000000002,-4.4
9873,172163.0,False,334.70000000000005,28.6,-4.0
9874,172184.0,False,333.20000000000005,28.1,-3.6
9875,172201.0,False,331.8,27.5,-3.1
9876,172213.0,False,330.3,26.700000000000003,-2.6
9877,172230.0,False,328.90000000000003,25.700000000000003,-2.0
9878,172247.0,False,327.6,24.700000000000003,-1.3
9879,172264.0,False,326.40000000000003,23.700000000000003,-0.6000000000000001
9880,172285.0,False,325.5,22.700000000000003,0.0
9881,172301.0,False,324.90000000000003,21.8,0.4
9882,172318.0,False,324.40000000000003,21.1,0.7000000000000001
9883,172332.0,False,324.20000000000005,20.3,0.6000000000000001
9884,172349.0,False,324.20000000000005,19.6,0.2
9885,172364.0,False,324.40000000000003,19.0,-0.6000000000000001
9886,172382.0,False,324.8,18.6,-1.7000000000000002
9887,172400.0,False,325.1,18.400000000000002,-2.9000000000000004
9888,172415.0,False,325.3,18.3,-4.0
9889,172430.0,False,325.40000000000003,18.1,-5.1000000000000005
9890,172447.0,False,325.70000000000005,18.1,-5.800000000000001
9891,172463.0,False,326.20000000000005,18.3,-6.1000000000000005
9892,172480.0,False,327.1,18.900000000000002,-6.0
9893,172502.0,False,328.20000000000005,19.700000000000003,-5.800000000000001
9894,172514.0,False,329.40000000000003,20.5,-5.800000000000001
9895,172531.0,False,330.5,21.200000000000003,-6.1000000000000005
9896,172549.0,False,331.5,21.700000000000003,-6.9
9897,172563.0,False,332.3,22.1,-8.200000000000001
9898,172581.0,False,333.0,22.400000000000002,-9.700000000000001
9899,172597.0,False,333.6,22.8,-11.3
9900,172614.0,False,334.40000000000003,23.400000000000002,-12.9
9901,172647.0,False,336.40000000000003,25.0,-15.5
9902,172664.0,False,337.6,25.8,-16.400000000000002
9903,172681.0,False,338.70000000000005,26.5,-17.0
9904,172699.0,False,339.8,27.0,-17.3
9905,172714.0,False,340.70000000000005,27.200000000000003,-17.3
9906,172730.0,False,341.5,27.200000000000003,-17.1
9907,172753.0,False,342.1,27.1,-16.8
9908,172764.0,False,342.5,27.1,-16.400000000000002
9909,172780.0,False,342.90000000000003,27.3,-15.9
9910,172798.0,False,343.0,27.6,-15.200000000000001
9911,172821.0,False,343.0,27.8,-14.5
9912,172831.0,False,343.1,28.0,-13.8
9913,172869.0,False,343.0,28.0,-12.9
9914,172880.0,False,342.70000000000005,28.1,-12.5
9915,172899.0,False,342.20000000000005,28.3,-11.9
9916,172917.0,False,341.70000000000005,28.400000000000002,-11.200000000000001
9917,172931.0,False,341.40000000000003,28.6,-10.4
9918,172949.0,False,341.20000000000005,28.700000000000003,-9.8
9919,172963.0,False,341.1,28.700000000000003,-9.200000000000001
9920,172982.0,False,340.90000000000003,28.8,-8.6
9921,173004.0,False,340.3,29.0,-7.300000000000001
9922,173032.0,False,339.90000000000003,29.1,-6.6000000000000005
9923,173047.0,False,339.5,29.400000000000002,-6.0
9924,173071.0,False,339.0,29.8,-5.4
9925,173081.0,False,338.5,30.200000000000003,-4.7
9926,173097.0,False,337.90000000000003,30.6,-3.9000000000000004
9927,173121.0,False,337.5,31.0,-3.2
9928,173134.0,False,337.20000000000005,31.200000000000003,-2.6
9929,173153.0,False,336.8,31.3,-2.1
9930,173164.0,False,336.6,31.5,-1.5
9931,173184.0,False,336.3,31.6,-0.9
9932,173198.0,False,335.90000000000003,31.8,-0.1
9933,173219.0,False,335.40000000000003,31.8,0.9
9934,173231.0,False,334.8,31.6,2.2
9935,173248.0,False,334.0,31.0,3.7
9936,173263.0,False,333.1,30.0,5.4
9937,173281.0,False,332.0,28.400000000000002,7.5
9938,173301.0,False,330.6,26.3,10.100000000000001
9939,173314.0,False,329.20000000000005,23.8,13.0
9940,173331.0,False,328.20000000000005,21.3,15.9
9941,173350.0,False,327.70000000000005,19.3,18.3
9942,173363.0,False,327.6,17.900000000000002,20.0
9943,173383.0,False,327.70000000000005,17.3,21.200000000000003
9944,173397.0,False,328.0,17.3,21.5
9945,173421.0,False,328.3,18.1,20.6
9946,173448.0,False,329.0,21.6,15.3
9947,173465.0,False,329.0,24.3,12.100000000000001
9948,173481.0,False,328.6,27.3,10.0
9949,173498.0,False,328.1,30.200000000000003,8.3
9950,173517.0,False,327.5,32.7,7.4
9951,173530.0,False,326.8,34.6,7.300000000000001
9952,173547.0,False,326.20000000000005,35.7,7.800000000000001
9953,173563.0,False,325.8,36.0,8.9
9954,173581.0,False,325.8,35.7,10.200000000000001
9955,173597.0,False,326.40000000000003,35.0,11.0
9956,173614.0,False,327.5,34.1,11.100000000000001
9957,173638.0,False,328.8,32.5,10.0
9958,173664.0,False,328.8,32.300000000000004,9.4
9959,173698.0,False,328.8,33.0,9.5
9960,173714.0,False,328.90000000000003,33.6,9.8
9961,173731.0,False,329.1,34.2,10.100000000000001
9962,173747.0,False,329.20000000000005,34.4,10.100000000000001
9963,173763.0,False,329.0,34.2,10.100000000000001
9964,173781.0,False,328.8,33.9,10.200000000000001
9965,173797.0,False,328.6,33.4,10.3
9966,173821.0,False,328.70000000000005,33.1,10.4
9967,173831.0,False,329.1,32.9,10.5
9968,173847.0,False,329.70000000000005,32.9,10.4
9969,173863.0,False,330.5,33.2,10.4
9970,173883.0,False,331.20000000000005,33.800000000000004,10.3
9971,173897.0,False,331.90000000000003,34.5,10.100000000000001
9972,173918.0,False,332.40000000000003,35.4,9.9
9973,173930.0,False,332.70000000000005,36.300000000000004,9.600000000000001
9974,173947.0,False,332.8,37.1,9.3
9975,173963.0,False,332.70000000000005,37.5,9.0
9976,173981.0,False,332.20000000000005,37.6,8.6
9977,173997.0,False,331.8,37.300000000000004,8.1
9978,174016.0,False,331.1,36.5,7.800000000000001
9979,174031.0,False,330.20000000000005,35.4,7.800000000000001
9980,174047.0,False,329.3,34.0,7.800000000000001
9981,174067.0,False,328.3,32.9,8.4
9982,174080.0,False,327.40000000000003,32.2,9.600000000000001
9983,174103.0,False,326.6,31.900000000000002,11.3
9984,174121.0,False,326.0,31.8,13.4
9985,174130.0,False,325.70000000000005,31.5,15.5
9986,174148.0,False,325.40000000000003,30.6,17.8
9987,174165.0,False,325.1,29.200000000000003,20.200000000000003
9988,174180.0,False,324.90000000000003,27.400000000000002,22.6
9989,174199.0,False,324.8,25.1,25.0
9990,174213.0,False,325.0,22.5,27.1
9991,174231.0,False,325.5,19.700000000000003,28.8
9992,174247.0,False,326.20000000000005,17.1,30.0
9993,174263.0,False,326.90000000000003,14.8,30.8
9994,174280.0,False,327.5,12.9,31.1
9995,174297.0,False,328.0,11.600000000000001,31.0
9996,174318.0,False,328.3,10.700000000000001,30.5
9997,174330.0,False,328.6,10.3,29.5
9998,174347.0,False,328.90000000000003,10.200000000000001,27.8
9999,174364.0,False,329.1,10.3,25.900000000000002
10000,174383.0,False,329.3,10.8,24.0
10001,174397.0,False,329.3,11.4,22.3
10002,174417.0,False,329.3,12.4,21.1
10003,174431.0,False,329.3,13.5,20.400000000000002
10004,174447.0,False,329.20000000000005,14.5,20.1
10005,174463.0,False,329.0,15.4,20.1
10006,174481.0,False,328.70000000000005,15.9,20.400000000000002
10007,174498.0,False,328.3,16.1,21.1
10008,174517.0,False,327.70000000000005,16.0,22.200000000000003
10009,174532.0,False,327.20000000000005,15.8,23.6
10010,174564.0,False,326.0,14.600000000000001,27.3
10011,174588.0,False,325.5,13.600000000000001,29.5
10012,174597.0,False,325.20000000000005,12.3,31.6
10013,174618.0,False,325.20000000000005,10.9,33.5
10014,174632.0,False,325.3,9.5,34.800000000000004
10015,174665.0,False,325.6,7.300000000000001,35.300000000000004
10016,174681.0,False,325.8,6.9,34.6
10017,174700.0,False,326.0,7.1000000000000005,33.7
10018,174748.0,False,326.90000000000003,11.200000000000001,31.700000000000003
10019,174763.0,False,327.40000000000003,12.8,30.700000000000003
10020,174781.0,False,327.8,14.100000000000001,29.700000000000003
10021,174797.0,False,328.1,15.100000000000001,28.8
10022,174818.0,False,328.3,15.700000000000001,28.5
10023,174831.0,False,328.6,16.2,28.6
10024,174847.0,False,329.0,16.7,29.1
10025,174866.0,False,329.6,17.400000000000002,29.700000000000003
10026,174880.0,False,330.20000000000005,18.400000000000002,30.400000000000002
10027,174897.0,False,330.8,19.5,31.1
10028,174918.0,False,331.20000000000005,20.700000000000003,31.5
10029,174931.0,False,331.6,21.700000000000003,31.5
10030,174968.0,False,332.6,23.3,28.1
10031,174997.0,False,332.70000000000005,23.400000000000002,26.200000000000003
10032,175018.0,False,332.20000000000005,24.3,23.700000000000003
10033,175046.0,False,332.1,25.200000000000003,23.5
10034,175063.0,False,332.1,26.400000000000002,23.8
10035,175086.0,False,332.40000000000003,27.6,24.400000000000002
10036,175097.0,False,332.8,28.700000000000003,25.200000000000003
10037,175125.0,False,333.3,29.6,26.1
10038,175131.0,False,333.8,30.5,26.8
10039,175151.0,False,334.40000000000003,31.200000000000003,27.400000000000002
10040,175164.0,False,334.8,31.700000000000003,27.700000000000003
10041,175180.0,False,335.1,32.300000000000004,27.6
10042,175199.0,False,335.3,32.7,27.3
10043,175215.0,False,335.3,33.1,26.8
10044,175231.0,False,335.3,33.5,25.900000000000002
10045,175246.0,False,335.20000000000005,34.0,24.700000000000003
10046,175263.0,False,335.1,34.6,23.200000000000003
10047,175287.0,False,333.90000000000003,35.4,19.5
10048,175319.0,False,333.0,35.5,17.900000000000002
10049,175331.0,False,332.1,35.6,17.0
10050,175366.0,False,330.90000000000003,35.800000000000004,16.6
10051,175381.0,False,330.20000000000005,35.800000000000004,17.0
10052,175397.0,False,329.20000000000005,35.7,17.7
10053,175416.0,False,328.20000000000005,35.5,18.7
10054,175431.0,False,327.3,35.1,19.700000000000003
10055,175446.0,False,326.6,34.800000000000004,20.6
10056,175463.0,False,326.0,34.4,21.1
10057,175480.0,False,325.5,34.0,21.3
10058,175496.0,False,324.70000000000005,33.800000000000004,21.400000000000002
10059,175518.0,False,324.0,33.6,21.400000000000002
10060,175532.0,False,323.3,33.6,21.6
10061,175546.0,False,322.8,33.6,21.8
10062,175568.0,False,322.5,33.6,21.900000000000002
10063,175581.0,False,322.40000000000003,33.7,21.8
10064,175597.0,False,322.40000000000003,33.7,21.6
10065,175616.0,False,322.5,33.800000000000004,21.200000000000003
10066,175630.0,False,322.5,33.9,20.700000000000003
10067,175647.0,False,322.5,34.0,20.200000000000003
10068,175664.0,False,322.40000000000003,34.2,19.8
10069,175681.0,False,322.1,34.300000000000004,19.700000000000003
10070,175700.0,False,321.8,34.4,19.700000000000003
10071,175716.0,False,321.40000000000003,34.300000000000004,19.900000000000002
10072,175731.0,False,321.0,33.9,20.3
10073,175746.0,False,320.6,33.1,20.8
10074,175764.0,False,320.20000000000005,32.0,21.3
10075,175780.0,False,319.8,30.700000000000003,21.700000000000003
10076,175799.0,False,319.40000000000003,29.200000000000003,21.900000000000002
10077,175816.0,False,319.20000000000005,27.700000000000003,21.900000000000002
10078,175830.0,False,319.1,26.200000000000003,21.700000000000003
10079,175847.0,False,319.20000000000005,24.6,21.200000000000003
10080,175864.0,False,319.20000000000005,22.900000000000002,20.900000000000002
10081,175881.0,False,319.20000000000005,21.200000000000003,20.8
10082,175897.0,False,319.5,19.5,20.700000000000003
10083,175921.0,False,320.0,18.2,20.400000000000002
10084,175931.0,False,320.8,17.6,19.700000000000003
10085,175949.0,False,321.5,17.6,18.6
10086,175964.0,False,322.3,18.2,17.3
10087,175982.0,False,323.0,19.200000000000003,15.8
10088,175997.0,False,323.70000000000005,20.3,14.200000000000001
10089,176022.0,False,324.40000000000003,21.3,12.9
10090,176030.0,False,325.3,22.3,11.700000000000001
10091,176046.0,False,326.1,23.200000000000003,10.700000000000001
10092,176063.0,False,326.8,24.0,10.100000000000001
10093,176087.0,False,327.90000000000003,24.8,9.8
10094,176120.0,False,328.20000000000005,24.8,10.3
10095,176147.0,False,328.3,24.400000000000002,11.5
10096,176163.0,False,329.5,23.200000000000003,15.100000000000001
10097,176180.0,False,330.8,22.3,16.2
10098,176197.0,False,332.3,21.400000000000002,16.3
10099,176219.0,False,333.70000000000005,20.3,15.5
10100,176231.0,False,334.8,19.1,14.100000000000001
10101,176247.0,False,335.70000000000005,17.8,12.100000000000001
10102,176264.0,False,336.40000000000003,16.400000000000002,9.9
10103,176282.0,False,336.90000000000003,15.0,8.0
10104,176323.0,False,337.5,13.5,6.5
10105,176333.0,False,338.20000000000005,12.200000000000001,5.6000000000000005
10106,176347.0,False,339.8,10.8,4.5
10107,176363.0,False,340.3,11.200000000000001,4.2
10108,176385.0,False,340.5,12.600000000000001,4.4
10109,176397.0,False,340.6,15.0,5.1000000000000005
10110,176421.0,False,340.70000000000005,18.0,6.2
10111,176447.0,False,341.1,21.3,7.6000000000000005
10112,176463.0,False,342.6,27.5,10.600000000000001
10113,176481.0,False,342.8,29.700000000000003,11.9
10114,176497.0,False,342.5,31.1,12.600000000000001
10115,176515.0,False,341.70000000000005,31.700000000000003,12.700000000000001
10116,176531.0,False,340.70000000000005,31.400000000000002,12.4
10117,176547.0,False,339.90000000000003,30.3,12.0
10118,176565.0,False,339.5,28.8,11.5
10119,176580.0,False,339.90000000000003,27.200000000000003,10.5
10120,176597.0,False,341.40000000000003,25.8,8.700000000000001
10121,176615.0,False,343.20000000000005,25.1,6.300000000000001
10122,176631.0,False,344.90000000000003,25.200000000000003,3.6
10123,176648.0,False,345.90000000000003,25.900000000000002,1.4000000000000001
10124,176663.0,False,346.20000000000005,26.900000000000002,-0.30000000000000004
10125,176681.0,False,345.8,27.700000000000003,-1.4000000000000001
10126,176717.0,False,343.20000000000005,27.8,-1.7000000000000002
10127,176730.0,False,341.3,27.1,-0.5
10128,176748.0,False,339.40000000000003,26.200000000000003,1.3
10129,176765.0,False,337.8,25.1,3.4000000000000004
10130,176780.0,False,336.6,23.900000000000002,5.6000000000000005
10131,176796.0,False,336.0,22.8,7.300000000000001
10132,176814.0,False,335.6,21.8,8.6
10133,176837.0,False,335.20000000000005,21.0,9.4
10134,176863.0,False,334.70000000000005,21.1,9.3
10135,176886.0,False,332.90000000000003,21.700000000000003,9.3
10136,176924.0,False,332.0,21.8,9.3
10137,176931.0,False,331.1,21.8,9.5
10138,176947.0,False,330.5,21.6,9.8
10139,176963.0,False,330.1,21.200000000000003,10.100000000000001
10140,176980.0,False,329.90000000000003,20.8,10.4
10141,176997.0,False,329.70000000000005,20.3,10.700000000000001
10142,177016.0,False,329.40000000000003,19.900000000000002,11.0
10143,177030.0,False,329.20000000000005,19.5,11.3
10144,177047.0,False,328.90000000000003,19.1,11.4
10145,177065.0,False,328.5,18.8,11.3
10146,177080.0,False,328.1,18.7,11.100000000000001
10147,177100.0,False,327.70000000000005,18.7,11.0
10148,177116.0,False,327.40000000000003,18.7,10.9
10149,177130.0,False,327.3,18.7,11.0
10150,177163.0,False,327.20000000000005,18.8,11.600000000000001
10151,177180.0,False,327.70000000000005,19.0,11.700000000000001
10152,177197.0,False,328.6,19.5,11.4
10153,177214.0,False,329.90000000000003,20.6,10.4
10154,177232.0,False,331.20000000000005,22.200000000000003,8.4
10155,177246.0,False,331.90000000000003,23.900000000000002,5.9
10156,177266.0,False,331.90000000000003,25.700000000000003,3.3000000000000003
10157,177280.0,False,331.6,27.200000000000003,1.4000000000000001
10158,177304.0,False,331.20000000000005,28.400000000000002,0.2
10159,177316.0,False,330.6,29.3,-0.2
10160,177333.0,False,329.90000000000003,29.8,0.2
10161,177347.0,False,329.3,30.0,1.1
10162,177363.0,False,328.70000000000005,30.0,2.5
10163,177380.0,False,328.20000000000005,29.8,4.3
10164,177397.0,False,327.8,29.6,6.4
10165,177418.0,False,327.5,29.200000000000003,8.6
10166,177430.0,False,327.40000000000003,28.700000000000003,10.600000000000001
10167,177446.0,False,327.6,28.1,12.3
10168,177463.0,False,328.1,27.5,13.700000000000001
10169,177482.0,False,328.70000000000005,27.1,14.5
10170,177497.0,False,329.3,26.900000000000002,14.700000000000001
10171,177519.0,False,329.90000000000003,26.700000000000003,14.5
10172,177547.0,False,330.70000000000005,26.700000000000003,12.8
10173,177563.0,False,330.90000000000003,26.8,11.600000000000001
10174,177581.0,False,331.3,27.200000000000003,10.5
10175,177600.0,False,331.8,27.900000000000002,9.200000000000001
10176,177616.0,False,332.40000000000003,29.1,7.7
10177,177634.0,False,333.0,30.6,5.800000000000001
10178,177649.0,False,333.5,32.2,3.8000000000000003
10179,177664.0,False,333.8,33.4,2.1
10180,177691.0,False,334.20000000000005,34.0,0.0
10181,177716.0,False,334.3,33.6,-0.30000000000000004
10182,177748.0,False,334.3,32.5,0.4
10183,177769.0,False,334.3,32.0,1.1
10184,177780.0,False,334.3,31.700000000000003,1.9000000000000001
10185,177821.0,False,334.40000000000003,31.8,3.0
10186,177847.0,False,334.40000000000003,32.1,3.3000000000000003
10187,177863.0,False,333.90000000000003,33.5,4.0
10188,177880.0,False,333.5,34.2,4.6000000000000005
10189,177897.0,False,333.1,34.800000000000004,5.4
10190,177916.0,False,332.8,35.2,6.2
10191,177935.0,False,332.6,35.300000000000004,6.9
10192,177946.0,False,332.5,35.1,7.6000000000000005
10193,177963.0,False,332.5,34.800000000000004,8.1
10194,177981.0,False,332.5,34.5,8.700000000000001
10195,177997.0,False,332.3,34.300000000000004,9.3
10196,178022.0,False,331.40000000000003,34.0,11.0
10197,178048.0,False,330.8,33.800000000000004,11.9
10198,178063.0,False,330.1,33.5,12.9
10199,178083.0,False,329.5,33.0,13.8
10200,178097.0,False,328.8,32.5,14.600000000000001
10201,178124.0,False,327.40000000000003,31.0,15.600000000000001
10202,178147.0,False,326.8,30.400000000000002,15.9
10203,178168.0,False,326.40000000000003,30.0,16.2
10204,178181.0,False,326.1,30.1,16.5
10205,178197.0,False,326.20000000000005,30.3,16.6
10206,178218.0,False,326.6,30.700000000000003,16.5
10207,178231.0,False,327.20000000000005,31.3,16.1
10208,178251.0,False,327.8,31.900000000000002,15.600000000000001
10209,178263.0,False,328.40000000000003,32.5,14.9
10210,178281.0,False,328.90000000000003,33.1,14.200000000000001
10211,178297.0,False,329.20000000000005,33.6,13.700000000000001
10212,178316.0,False,329.8,34.0,13.4
10213,178334.0,False,330.70000000000005,34.2,13.0
10214,178348.0,False,332.20000000000005,34.300000000000004,12.100000000000001
10215,178364.0,False,333.8,34.4,10.600000000000001
10216,178380.0,False,335.1,34.4,8.6
10217,178400.0,False,335.90000000000003,34.300000000000004,6.6000000000000005
10218,178416.0,False,335.90000000000003,34.300000000000004,5.1000000000000005
10219,178432.0,False,335.5,34.5,4.5
10220,178448.0,False,335.0,34.800000000000004,4.9
10221,178465.0,False,334.8,35.300000000000004,5.800000000000001
10222,178481.0,False,334.8,35.7,7.2
10223,178498.0,False,334.8,36.1,8.8
10224,178516.0,False,334.40000000000003,36.300000000000004,10.600000000000001
10225,178533.0,False,333.70000000000005,36.2,12.700000000000001
10226,178546.0,False,332.70000000000005,35.800000000000004,15.0
10227,178563.0,False,331.8,35.0,17.2
10228,178581.0,False,331.20000000000005,34.1,19.3
10229,178599.0,False,330.90000000000003,33.2,20.900000000000002
10230,178616.0,False,331.1,32.5,22.200000000000003
10231,178636.0,False,331.6,32.0,22.900000000000002
10232,178665.0,False,333.1,32.0,22.5
10233,178697.0,False,334.70000000000005,32.7,20.3
10234,178722.0,False,335.3,32.9,18.8
10235,178731.0,False,335.6,33.1,17.5
10236,178763.0,False,336.0,32.7,16.1
10237,178781.0,False,336.1,32.2,16.0
10238,178798.0,False,336.1,31.5,16.400000000000002
10239,178816.0,False,335.8,30.6,17.2
10240,178830.0,False,335.20000000000005,29.400000000000002,18.400000000000002
10241,178851.0,False,334.6,28.1,19.900000000000002
10242,178863.0,False,334.20000000000005,26.700000000000003,21.400000000000002
10243,178880.0,False,334.20000000000005,25.5,22.6
10244,178898.0,False,334.40000000000003,24.8,23.3
10245,178915.0,False,335.0,24.700000000000003,23.6
10246,178930.0,False,335.5,25.200000000000003,23.3
10247,178948.0,False,336.0,26.1,22.700000000000003
10248,178963.0,False,336.40000000000003,27.400000000000002,21.700000000000003
10249,178980.0,False,336.8,28.900000000000002,20.8
10250,178998.0,False,337.1,30.6,19.900000000000002
10251,179015.0,False,337.1,32.4,19.400000000000002
10252,179030.0,False,337.0,34.1,19.200000000000003
10253,179046.0,False,336.5,35.5,19.6
10254,179063.0,False,335.8,36.7,20.5
10255,179081.0,False,334.70000000000005,37.300000000000004,21.8
10256,179096.0,False,333.6,37.300000000000004,23.6
10257,179115.0,False,332.5,36.7,25.5
10258,179134.0,False,331.70000000000005,35.5,27.3
10259,179146.0,False,331.3,34.0,28.900000000000002
10260,179163.0,False,331.3,32.5,30.1
10261,179180.0,False,331.5,31.5,31.0
10262,179197.0,False,331.5,30.8,31.5
10263,179214.0,False,331.3,30.6,31.900000000000002
10264,179247.0,False,330.3,30.900000000000002,32.2
10265,179263.0,False,329.70000000000005,31.1,32.2
10266,179281.0,False,329.0,31.3,32.300000000000004
10267,179297.0,False,328.3,31.3,32.5
10268,179321.0,False,327.5,31.0,32.9
10269,179330.0,False,326.90000000000003,30.400000000000002,33.4
10270,179354.0,False,326.6,29.700000000000003,33.800000000000004
10271,179364.0,False,326.5,28.900000000000002,34.300000000000004
10272,179383.0,False,326.40000000000003,28.3,34.9
10273,179397.0,False,326.3,27.8,35.800000000000004
10274,179416.0,False,326.3,27.400000000000002,36.9
10275,179430.0,False,326.5,27.1,37.9
10276,179448.0,False,326.8,27.0,38.6
10277,179464.0,False,327.0,27.200000000000003,39.0
10278,179480.0,False,327.0,27.6,39.5
10279,179496.0,False,326.90000000000003,28.3,40.0
10280,179521.0,False,326.90000000000003,29.200000000000003,40.5
10281,179530.0,False,327.20000000000005,30.200000000000003,40.7
10282,179553.0,False,328.1,31.6,39.5
10283,179584.0,False,328.40000000000003,31.900000000000002,38.2
10284,179596.0,False,328.40000000000003,31.900000000000002,36.9
10285,179619.0,False,328.5,32.0,36.2
10286,179634.0,False,328.70000000000005,32.300000000000004,35.9
10287,179649.0,False,329.3,32.800000000000004,35.800000000000004
10288,179663.0,False,330.1,33.300000000000004,35.6
10289,179680.0,False,330.90000000000003,33.800000000000004,35.1
10290,179697.0,False,331.5,34.1,34.4
10291,179718.0,False,331.90000000000003,34.2,33.4
10292,179731.0,False,332.20000000000005,33.9,32.5
10293,179752.0,False,332.40000000000003,33.300000000000004,31.8
10294,179764.0,False,332.70000000000005,32.4,31.3
10295,179780.0,False,332.90000000000003,31.400000000000002,31.200000000000003
10296,179797.0,False,333.20000000000005,30.200000000000003,31.200000000000003
10297,179817.0,False,333.6,29.0,31.3
10298,179833.0,False,334.1,27.8,31.200000000000003
10299,179848.0,False,334.70000000000005,26.900000000000002,30.8
10300,179864.0,False,335.5,26.200000000000003,30.200000000000003
10301,179881.0,False,336.40000000000003,25.700000000000003,29.200000000000003
10302,179899.0,False,337.20000000000005,25.5,27.900000000000002
10303,179914.0,False,338.0,25.6,26.3
10304,179930.0,False,338.70000000000005,25.900000000000002,24.6
10305,179950.0,False,339.3,26.400000000000002,23.0
10306,179963.0,False,339.70000000000005,26.900000000000002,21.6
10307,179981.0,False,339.8,27.5,20.6
10308,179997.0,False,339.5,27.8,20.200000000000003
10309,180016.0,False,338.90000000000003,27.900000000000002,20.200000000000003
10310,180031.0,False,338.20000000000005,27.5,20.700000000000003
10311,180048.0,False,337.6,26.700000000000003,21.400000000000002
10312,180064.0,False,337.20000000000005,25.700000000000003,22.1
10313,180080.0,False,336.90000000000003,24.700000000000003,22.6
10314,180278.0,False,335.3,27.6,24.1
10315,180297.0,False,334.90000000000003,27.400000000000002,24.400000000000002
10316,180313.0,False,334.5,27.200000000000003,24.700000000000003
10317,180330.0,False,334.1,26.700000000000003,25.0
10318,180346.0,False,333.70000000000005,26.200000000000003,25.0
10319,180363.0,False,333.40000000000003,25.700000000000003,24.6
10320,180380.0,False,333.20000000000005,25.400000000000002,23.900000000000002
10321,180396.0,False,333.1,25.1,22.900000000000002
10322,180415.0,False,332.90000000000003,25.1,21.8
10323,180430.0,False,332.6,25.3,20.900000000000002
10324,180446.0,False,332.20000000000005,25.700000000000003,20.5
10325,180463.0,False,331.90000000000003,26.1,20.400000000000002
10326,180481.0,False,331.6,26.5,20.5
10327,180499.0,False,331.20000000000005,26.700000000000003,20.6
10328,180517.0,False,330.90000000000003,26.700000000000003,20.700000000000003
10329,180533.0,False,330.70000000000005,26.700000000000003,20.5
10330,180546.0,False,330.6,26.8,20.200000000000003
10331,180563.0,False,330.6,26.900000000000002,19.900000000000002
10332,180580.0,False,330.70000000000005,27.1,19.400000000000002
10333,180596.0,False,331.0,27.200000000000003,18.6
10334,180627.0,False,331.40000000000003,27.400000000000002,16.5
10335,180647.0,False,331.5,27.3,15.5
10336,180664.0,False,331.6,27.3,14.9
10337,180685.0,False,331.8,27.3,14.600000000000001
10338,180697.0,False,332.40000000000003,27.200000000000003,14.4
10339,180727.0,False,334.0,26.700000000000003,13.8
10340,180747.0,False,334.8,26.400000000000002,13.200000000000001
10341,180763.0,False,335.5,26.200000000000003,12.700000000000001
10342,180780.0,False,336.1,26.3,12.5
10343,180797.0,False,336.90000000000003,26.5,12.5
10344,180817.0,False,337.70000000000005,26.8,12.600000000000001
10345,180832.0,False,338.6,27.1,12.8
10346,180846.0,False,339.6,27.400000000000002,12.8
10347,180864.0,False,340.40000000000003,27.5,12.5
10348,180880.0,False,341.20000000000005,27.3,12.100000000000001
10349,180897.0,False,341.70000000000005,27.1,11.600000000000001
10350,180921.0,False,342.20000000000005,26.700000000000003,11.0
10351,180930.0,False,342.5,26.400000000000002,10.600000000000001
10352,180946.0,False,342.8,26.200000000000003,10.3
10353,180964.0,False,343.0,26.1,10.3
10354,180980.0,False,343.20000000000005,26.1,10.5
10355,180997.0,False,343.5,26.1,10.8
10356,181014.0,False,343.90000000000003,26.1,11.100000000000001
10357,181030.0,False,344.20000000000005,26.0,11.200000000000001
10358,181051.0,False,344.6,26.0,11.200000000000001
10359,181064.0,False,344.90000000000003,25.900000000000002,11.100000000000001
10360,181081.0,False,345.1,25.900000000000002,10.700000000000001
10361,181098.0,False,345.3,26.0,10.200000000000001
10362,181120.0,False,345.40000000000003,26.1,9.600000000000001
10363,181135.0,False,345.5,26.400000000000002,8.9
10364,181146.0,False,345.5,26.8,8.200000000000001
10365,181163.0,False,345.5,27.3,7.5
10366,181180.0,False,345.20000000000005,27.6,6.9
10367,181197.0,False,344.90000000000003,27.8,6.4
10368,181213.0,False,344.5,27.8,6.0
10369,181231.0,False,344.0,27.6,5.7
10370,181246.0,False,343.6,27.400000000000002,5.5
10371,181264.0,False,343.40000000000003,27.3,5.2
10372,181284.0,False,343.1,27.400000000000002,4.9
10373,181296.0,False,342.70000000000005,27.5,4.6000000000000005
10374,181318.0,False,342.20000000000005,27.700000000000003,4.3
10375,181330.0,False,341.70000000000005,27.700000000000003,3.9000000000000004
10376,181346.0,False,341.20000000000005,27.6,3.4000000000000004
10377,181364.0,False,340.5,27.400000000000002,2.9000000000000004
10378,181380.0,False,339.6,27.200000000000003,2.5
10379,181397.0,False,338.6,26.900000000000002,2.4000000000000004
10380,181413.0,False,337.40000000000003,26.6,2.5
10381,181433.0,False,336.1,26.200000000000003,2.8000000000000003
10382,181447.0,False,335.1,25.700000000000003,3.1
10383,181465.0,False,334.20000000000005,25.0,3.3000000000000003
10384,181480.0,False,333.6,24.400000000000002,3.2
10385,181497.0,False,332.90000000000003,23.900000000000002,3.0
10386,181516.0,False,332.1,23.5,2.9000000000000004
10387,181530.0,False,331.1,23.200000000000003,2.7
10388,181546.0,False,330.1,22.8,2.5
10389,181563.0,False,329.20000000000005,22.3,2.0
10390,181580.0,False,328.40000000000003,21.8,1.4000000000000001
10391,181597.0,False,327.8,21.6,0.5
10392,181624.0,False,326.90000000000003,21.8,-1.5
10393,181647.0,False,326.6,22.3,-2.4000000000000004
10394,181664.0,False,326.20000000000005,23.0,-3.3000000000000003
10395,181680.0,False,325.90000000000003,23.6,-4.0
10396,181696.0,False,325.5,24.200000000000003,-4.4
10397,181713.0,False,325.20000000000005,24.5,-4.6000000000000005
10398,181735.0,False,325.0,24.700000000000003,-4.7
10399,181747.0,False,324.8,24.900000000000002,-4.6000000000000005
10400,181763.0,False,324.70000000000005,25.1,-4.4
10401,181780.0,False,324.6,25.3,-4.3
10402,181797.0,False,324.6,25.400000000000002,-4.1000000000000005
10403,181815.0,False,324.5,25.400000000000002,-4.1000000000000005
10404,181830.0,False,324.5,25.200000000000003,-4.1000000000000005
10405,181849.0,False,324.6,24.900000000000002,-4.2
10406,181864.0,False,324.8,24.6,-4.6000000000000005
10407,181880.0,False,325.1,24.400000000000002,-5.2
10408,181896.0,False,325.3,24.400000000000002,-5.9
10409,181919.0,False,325.40000000000003,24.5,-6.6000000000000005
10410,181930.0,False,325.20000000000005,24.700000000000003,-7.1000000000000005
10411,181947.0,False,324.90000000000003,25.1,-7.2
10412,181968.0,False,324.8,25.5,-6.9
10413,181980.0,False,325.0,26.0,-6.300000000000001
10414,181997.0,False,325.40000000000003,26.3,-5.7
10415,182017.0,False,326.1,26.5,-5.2
10416,182029.0,False,326.90000000000003,26.700000000000003,-5.0
10417,182046.0,False,327.70000000000005,26.900000000000002,-5.2
10418,182068.0,False,328.3,27.0,-5.7
10419,182080.0,False,328.70000000000005,27.0,-6.5
10420,182096.0,False,328.90000000000003,27.0,-7.4
10421,182119.0,False,329.20000000000005,26.900000000000002,-8.4
10422,182130.0,False,329.5,26.900000000000002,-9.3
10423,182146.0,False,329.8,26.8,-10.100000000000001
10424,182165.0,False,330.40000000000003,26.900000000000002,-10.9
10425,182180.0,False,331.1,26.900000000000002,-11.600000000000001
10426,182197.0,False,331.90000000000003,26.900000000000002,-12.3
10427,182219.0,False,333.6,26.200000000000003,-14.0
10428,182253.0,False,334.3,25.700000000000003,-14.8
10429,182263.0,False,334.8,25.1,-15.5
10430,182281.0,False,335.1,24.6,-15.9
10431,182296.0,False,335.40000000000003,24.200000000000003,-16.1
10432,182321.0,False,335.6,23.5,-16.1
10433,182348.0,False,335.8,23.3,-16.5
10434,182363.0,False,335.70000000000005,23.200000000000003,-17.1
10435,182380.0,False,335.40000000000003,23.3,-17.8
10436,182396.0,False,335.0,23.400000000000002,-18.3
10437,182422.0,False,334.3,23.1,-18.2
10438,182447.0,False,334.1,22.5,-17.8
10439,182466.0,False,333.90000000000003,21.700000000000003,-17.2
10440,182480.0,False,333.70000000000005,21.0,-16.6
10441,182498.0,False,333.5,20.5,-16.1
10442,182515.0,False,333.3,20.3,-15.700000000000001
10443,182529.0,False,333.0,20.400000000000002,-15.4
10444,182546.0,False,332.70000000000005,20.700000000000003,-14.8
10445,182563.0,False,332.40000000000003,21.200000000000003,-14.100000000000001
10446,182580.0,False,332.1,21.700000000000003,-13.200000000000001
10447,182596.0,False,331.8,22.200000000000003,-12.3
10448,182630.0,False,331.5,22.400000000000002,-11.5
10449,182648.0,False,330.90000000000003,22.3,-10.4
10450,182664.0,False,330.40000000000003,22.1,-10.100000000000001
10451,182681.0,False,329.8,21.900000000000002,-9.9
10452,182696.0,False,329.20000000000005,21.8,-9.700000000000001
10453,182721.0,False,328.5,21.700000000000003,-9.700000000000001
10454,182730.0,False,327.90000000000003,21.8,-9.700000000000001
10455,182748.0,False,327.5,22.0,-9.8
10456,182764.0,False,327.1,22.3,-9.8
10457,182781.0,False,326.70000000000005,22.6,-9.700000000000001
10458,182797.0,False,326.20000000000005,22.8,-9.5
10459,182813.0,False,325.6,22.8,-9.200000000000001
10460,182830.0,False,324.90000000000003,22.5,-8.9
10461,182848.0,False,324.20000000000005,22.0,-8.6
10462,182863.0,False,323.70000000000005,21.3,-8.200000000000001
10463,182883.0,False,323.20000000000005,20.5,-7.9
10464,182896.0,False,322.90000000000003,19.700000000000003,-7.5
10465,182914.0,False,322.5,19.0,-7.1000000000000005
10466,182930.0,False,322.1,18.3,-6.6000000000000005
10467,182947.0,False,321.70000000000005,17.5,-6.2
10468,182963.0,False,321.1,16.6,-5.9
10469,182982.0,False,320.5,15.600000000000001,-5.9
10470,182996.0,False,319.90000000000003,14.8,-5.9
10471,183015.0,False,319.40000000000003,14.100000000000001,-6.1000000000000005
10472,183030.0,False,319.1,13.700000000000001,-6.5
10473,183047.0,False,319.1,13.600000000000001,-7.2
10474,183063.0,False,319.20000000000005,13.8,-8.200000000000001
10475,183080.0,False,319.3,14.200000000000001,-9.1
10476,183097.0,False,319.6,14.8,-9.9
10477,183120.0,False,320.0,15.5,-10.100000000000001
10478,183132.0,False,320.70000000000005,16.400000000000002,-9.700000000000001
10479,183148.0,False,321.8,17.5,-8.8
10480,183168.0,False,323.20000000000005,18.5,-7.5
10481,183180.0,False,324.8,19.5,-6.300000000000001
10482,183199.0,False,326.5,20.3,-5.300000000000001
10483,183215.0,False,328.20000000000005,20.900000000000002,-4.800000000000001
10484,183230.0,False,329.70000000000005,21.200000000000003,-4.800000000000001
10485,183247.0,False,330.90000000000003,21.400000000000002,-5.4
10486,183268.0,False,331.8,21.400000000000002,-6.300000000000001
10487,183281.0,False,332.40000000000003,21.5,-7.2
10488,183300.0,False,333.0,21.6,-8.0
10489,183313.0,False,333.70000000000005,21.700000000000003,-8.5
10490,183330.0,False,334.6,22.0,-8.700000000000001
10491,183346.0,False,335.8,22.400000000000002,-8.700000000000001
10492,183363.0,False,337.0,22.900000000000002,-8.5
10493,183381.0,False,338.20000000000005,23.5,-8.3
10494,183400.0,False,339.3,24.0,-8.200000000000001
10495,183415.0,False,340.20000000000005,24.5,-8.200000000000001
10496,183430.0,False,340.8,24.8,-8.3
10497,183451.0,False,341.1,25.1,-8.4
10498,183481.0,False,341.6,25.3,-8.6
10499,183496.0,False,341.70000000000005,25.400000000000002,-9.0
10500,183514.0,False,341.5,25.400000000000002,-9.4
10501,183535.0,False,341.1,25.400000000000002,-9.8
10502,183549.0,False,340.3,25.400000000000002,-9.8
10503,183564.0,False,339.40000000000003,25.400000000000002,-9.5
10504,183581.0,False,338.40000000000003,25.1,-8.8
10505,183596.0,False,337.3,24.700000000000003,-7.9
10506,183619.0,False,336.3,24.0,-6.9
10507,183630.0,False,335.1,23.3,-6.0
10508,183646.0,False,334.0,22.6,-5.4
10509,183663.0,False,333.0,22.1,-5.1000000000000005
10510,183680.0,False,332.1,21.900000000000002,-5.0
10511,183696.0,False,331.40000000000003,21.900000000000002,-5.1000000000000005
10512,183714.0,False,330.90000000000003,22.3,-5.1000000000000005
10513,183734.0,False,330.70000000000005,23.0,-5.0
10514,183747.0,False,330.90000000000003,23.8,-4.9
10515,183763.0,False,331.3,24.6,-4.9
10516,183785.0,False,331.90000000000003,25.5,-4.9
10517,183814.0,False,333.1,27.1,-4.9
10518,183837.0,False,333.5,27.900000000000002,-4.9
10519,183847.0,False,333.6,28.700000000000003,-4.800000000000001
10520,183863.0,False,333.5,29.400000000000002,-4.4
10521,183880.0,False,333.0,30.0,-3.9000000000000004
10522,183896.0,False,332.3,30.400000000000002,-3.3000000000000003
10523,183914.0,False,331.40000000000003,30.5,-2.6
10524,183934.0,False,330.3,30.3,-1.9000000000000001
10525,183947.0,False,329.3,30.0,-1.1
10526,183980.0,False,327.6,29.0,0.6000000000000001
10527,183996.0,False,326.90000000000003,28.5,1.3
10528,184017.0,False,326.1,27.6,1.6
10529,184047.0,False,325.8,27.400000000000002,1.3
10530,184063.0,False,325.70000000000005,27.5,0.6000000000000001
10531,184081.0,False,325.8,27.700000000000003,-0.2
10532,184096.0,False,326.1,27.900000000000002,-1.1
10533,184113.0,False,326.5,28.200000000000003,-2.2
10534,184130.0,False,327.0,28.3,-3.5
10535,184146.0,False,327.6,28.5,-5.0
10536,184163.0,False,327.90000000000003,28.6,-6.5
10537,184182.0,False,328.1,28.900000000000002,-7.7
10538,184197.0,False,328.3,29.400000000000002,-8.8
10539,184219.0,False,328.5,29.900000000000002,-9.600000000000001
10540,184230.0,False,328.90000000000003,30.6,-10.4
10541,184246.0,False,329.1,31.3,-11.0
10542,184270.0,False,329.0,32.1,-11.4
10543,184281.0,False,328.5,32.9,-11.3
10544,184301.0,False,327.6,33.6,-10.600000000000001
10545,184317.0,False,326.70000000000005,34.1,-9.4
10546,184330.0,False,325.8,34.2,-7.800000000000001
10547,184346.0,False,324.90000000000003,34.0,-6.1000000000000005
10548,184365.0,False,324.3,33.4,-4.4
10549,184380.0,False,323.90000000000003,32.7,-3.0
10550,184396.0,False,323.90000000000003,31.8,-2.1
10551,184415.0,False,324.3,31.1,-1.6
10552,184431.0,False,325.0,30.5,-1.5
10553,184446.0,False,325.90000000000003,30.0,-1.7000000000000002
10554,184463.0,False,327.1,29.6,-2.0
10555,184481.0,False,328.5,29.400000000000002,-2.6
10556,184496.0,False,330.0,29.200000000000003,-3.2
10557,184517.0,False,331.8,29.1,-3.8000000000000003
10558,184533.0,False,333.8,29.200000000000003,-4.6000000000000005
10559,184548.0,False,335.8,29.3,-5.4
10560,184564.0,False,337.6,29.5,-6.300000000000001
10561,184580.0,False,339.20000000000005,29.8,-7.1000000000000005
10562,184614.0,False,341.70000000000005,30.200000000000003,-8.5
10563,184630.0,False,342.8,30.200000000000003,-9.1
10564,184649.0,False,343.8,30.1,-10.0
10565,184663.0,False,344.5,29.900000000000002,-10.9
10566,184682.0,False,344.6,29.6,-11.5
10567,184696.0,False,344.40000000000003,29.3,-11.8
10568,184720.0,False,343.90000000000003,28.8,-11.600000000000001
10569,184732.0,False,343.20000000000005,28.1,-10.9
10570,184747.0,False,342.5,27.200000000000003,-9.600000000000001
10571,184764.0,False,342.1,26.400000000000002,-8.0
10572,184781.0,False,342.0,25.6,-6.4
10573,184796.0,False,342.5,25.0,-5.2
10574,184816.0,False,343.5,24.6,-4.6000000000000005
10575,184832.0,False,345.0,24.6,-4.7
10576,184847.0,False,346.70000000000005,25.0,-5.2
10577,184864.0,False,348.6,25.700000000000003,-6.0
10578,184880.0,False,350.70000000000005,26.700000000000003,-6.9
10579,184897.0,False,352.8,27.8,-7.7
10580,184916.0,False,354.8,29.0,-8.3
10581,184929.0,False,356.6,30.200000000000003,-8.5
10582,184947.0,False,358.20000000000005,31.1,-8.200000000000001
10583,184964.0,False,359.5,32.0,-7.7
10584,184981.0,False,0.6000000000000001,32.6,-6.9
10585,184997.0,False,1.4000000000000001,33.1,-6.1000000000000005
10586,185013.0,False,1.8,33.4,-5.4
10587,185031.0,False,1.8,33.5,-4.800000000000001
10588,185046.0,False,1.4000000000000001,33.300000000000004,-4.3
10589,185064.0,False,0.5,32.7,-3.7
10590,185084.0,False,359.3,31.900000000000002,-3.2
10591,185097.0,False,358.0,30.900000000000002,-2.6
10592,185128.0,False,355.0,28.700000000000003,-0.8
10593,185147.0,False,353.70000000000005,27.700000000000003,0.2
10594,185164.0,False,352.5,26.8,1.4000000000000001
10595,185181.0,False,351.6,26.1,2.8000000000000003
10596,185199.0,False,350.90000000000003,25.400000000000002,4.4
10597,185217.0,False,350.6,24.8,6.0
10598,185230.0,False,350.8,24.1,7.2
10599,185248.0,False,351.40000000000003,23.400000000000002,7.800000000000001
10600,185264.0,False,352.20000000000005,22.700000000000003,7.5
10601,185281.0,False,353.0,22.0,6.5
10602,185296.0,False,353.70000000000005,21.6,4.9
10603,185314.0,False,354.1,21.400000000000002,3.2
10604,185330.0,False,354.20000000000005,21.400000000000002,1.9000000000000001
10605,185346.0,False,354.1,21.6,1.2000000000000002
10606,185363.0,False,353.90000000000003,21.6,1.0
10607,185381.0,False,353.5,21.400000000000002,0.9
10608,185396.0,False,352.8,20.900000000000002,1.0
10609,185417.0,False,351.90000000000003,20.400000000000002,1.1
10610,185432.0,False,350.90000000000003,20.1,1.2000000000000002
10611,185447.0,False,350.0,19.900000000000002,1.3
10612,185463.0,False,349.40000000000003,20.1,1.1
10613,185486.0,False,348.8,20.5,1.0
10614,185497.0,False,348.3,21.1,1.0
10615,185513.0,False,348.1,21.700000000000003,1.0
10616,185532.0,False,348.1,22.3,1.0
10617,185546.0,False,348.40000000000003,22.8,0.8
10618,185567.0,False,348.8,23.400000000000002,0.30000000000000004
10619,185581.0,False,349.0,23.900000000000002,-0.6000000000000001
10620,185596.0,False,349.20000000000005,24.6,-1.8
10621,185622.0,False,349.1,25.3,-3.6
10622,185630.0,False,348.90000000000003,26.1,-5.6000000000000005
10623,185655.0,False,348.70000000000005,27.3,-7.9
10624,185664.0,False,348.70000000000005,28.900000000000002,-10.600000000000001
10625,185685.0,False,348.90000000000003,31.0,-13.5
10626,185697.0,False,349.1,33.5,-16.5
10627,185718.0,False,348.8,38.1,-21.900000000000002
10628,185747.0,False,348.1,39.7,-23.700000000000003
10629,185763.0,False,346.8,40.7,-24.6
10630,185780.0,False,345.0,41.2,-24.400000000000002
10631,185796.0,False,342.70000000000005,41.1,-23.200000000000003
10632,185813.0,False,340.0,40.7,-21.0
10633,185829.0,False,337.3,40.0,-18.2
10634,185846.0,False,335.0,38.900000000000006,-15.3
10635,185865.0,False,333.3,37.4,-12.5
10636,185880.0,False,332.40000000000003,35.7,-10.3
10637,185900.0,False,332.0,33.800000000000004,-8.700000000000001
10638,185916.0,False,331.90000000000003,32.0,-7.9
10639,185931.0,False,331.70000000000005,30.200000000000003,-7.800000000000001
10640,185964.0,False,330.90000000000003,26.8,-8.4
10641,185980.0,False,330.5,25.400000000000002,-8.8
10642,185997.0,False,330.3,24.200000000000003,-9.3
10643,186016.0,False,330.1,23.3,-9.9
10644,186030.0,False,329.8,22.6,-10.600000000000001
10645,186046.0,False,329.5,22.0,-11.4
10646,186063.0,False,329.1,21.400000000000002,-12.0
10647,186080.0,False,328.70000000000005,20.900000000000002,-12.5
10648,186097.0,False,328.3,20.6,-12.8
10649,186120.0,False,328.1,20.6,-12.9
10650,186130.0,False,328.0,20.8,-12.8
10651,186151.0,False,328.0,21.200000000000003,-12.600000000000001
10652,186163.0,False,328.20000000000005,21.6,-12.3
10653,186179.0,False,328.40000000000003,21.900000000000002,-12.100000000000001
10654,186197.0,False,328.6,22.3,-12.0
10655,186216.0,False,328.70000000000005,22.6,-11.9
10656,186230.0,False,328.70000000000005,22.900000000000002,-11.8
10657,186247.0,False,328.5,23.1,-11.600000000000001
10658,186263.0,False,328.1,23.200000000000003,-11.3
10659,186281.0,False,327.6,23.1,-10.8
10660,186297.0,False,327.1,22.700000000000003,-10.5
10661,186313.0,False,326.70000000000005,22.1,-10.4
10662,186330.0,False,326.40000000000003,21.5,-10.4
10663,186347.0,False,326.1,20.900000000000002,-10.5
10664,186363.0,False,325.70000000000005,20.3,-10.600000000000001
10665,186383.0,False,325.3,19.700000000000003,-10.700000000000001
10666,186396.0,False,325.0,19.0,-11.0
10667,186420.0,False,324.70000000000005,17.7,-12.100000000000001
10668,186447.0,False,324.70000000000005,17.3,-12.8
10669,186463.0,False,324.90000000000003,17.2,-13.3
10670,186480.0,False,325.20000000000005,17.5,-13.600000000000001
10671,186497.0,False,325.70000000000005,18.1,-13.8
10672,186515.0,False,326.20000000000005,18.7,-14.0
10673,186531.0,False,326.5,19.200000000000003,-14.3
10674,186549.0,False,326.8,19.5,-14.5
10675,186581.0,False,326.6,19.400000000000002,-14.600000000000001
10676,186597.0,False,326.40000000000003,19.5,-14.3
10677,186617.0,False,326.40000000000003,19.6,-13.9
10678,186630.0,False,326.6,19.6,-13.700000000000001
10679,186647.0,False,326.90000000000003,19.5,-13.8
10680,186663.0,False,327.1,19.3,-14.3
10681,186680.0,False,327.20000000000005,19.200000000000003,-14.8
10682,186698.0,False,327.1,19.5,-14.9
10683,186730.0,False,327.8,21.1,-12.8
10684,186747.0,False,328.8,22.1,-11.100000000000001
10685,186768.0,False,330.20000000000005,22.900000000000002,-9.5
10686,186780.0,False,331.8,23.400000000000002,-8.1
10687,186797.0,False,333.40000000000003,23.6,-7.1000000000000005
10688,186815.0,False,335.0,23.700000000000003,-6.5
10689,186831.0,False,336.5,23.700000000000003,-6.4
10690,186847.0,False,337.90000000000003,23.8,-6.6000000000000005
10691,186863.0,False,339.3,24.0,-6.800000000000001
10692,186883.0,False,340.70000000000005,24.200000000000003,-6.9
10693,186897.0,False,342.20000000000005,24.5,-7.0
10694,186913.0,False,343.70000000000005,24.8,-7.1000000000000005
10695,186929.0,False,345.3,25.1,-7.1000000000000005
10696,186947.0,False,346.8,25.3,-7.1000000000000005
10697,186966.0,False,348.1,25.6,-7.0
10698,186980.0,False,349.3,25.900000000000002,-6.9
10699,186998.0,False,350.3,26.200000000000003,-7.0
10700,187013.0,False,351.20000000000005,26.6,-7.2
10701,187032.0,False,351.90000000000003,27.0,-7.4
10702,187047.0,False,352.70000000000005,27.5,-7.6000000000000005
10703,187063.0,False,353.5,28.0,-8.0
10704,187080.0,False,354.20000000000005,28.6,-8.4
10705,187098.0,False,354.70000000000005,29.1,-9.1
10706,187119.0,False,355.0,29.5,-9.9
10707,187130.0,False,355.20000000000005,29.900000000000002,-10.8
10708,187146.0,False,355.3,30.3,-11.600000000000001
10709,187163.0,False,355.6,30.6,-12.200000000000001
10710,187179.0,False,355.90000000000003,30.700000000000003,-12.3
10711,187197.0,False,356.1,30.6,-11.8
10712,187220.0,False,356.1,30.200000000000003,-10.9
10713,187232.0,False,355.90000000000003,29.700000000000003,-9.9
10714,187246.0,False,355.70000000000005,29.1,-8.9
10715,187263.0,False,355.6,28.6,-7.9
10716,187280.0,False,355.70000000000005,28.400000000000002,-7.0
10717,187297.0,False,355.8,28.400000000000002,-6.300000000000001
10718,187315.0,False,355.8,28.5,-5.6000000000000005
10719,187329.0,False,355.8,28.6,-5.0
10720,187349.0,False,355.6,28.5,-4.3
10721,187363.0,False,355.3,28.3,-3.6
10722,187380.0,False,354.90000000000003,27.8,-2.8000000000000003
10723,187397.0,False,354.3,27.1,-1.7000000000000002
10724,187419.0,False,353.5,26.400000000000002,-0.4
10725,187430.0,False,352.5,25.400000000000002,0.9
10726,187448.0,False,350.90000000000003,24.400000000000002,2.5
10727,187463.0,False,348.8,23.0,4.2
10728,187481.0,False,346.90000000000003,21.6,5.5
10729,187498.0,False,345.0,20.1,6.5
10730,187514.0,False,342.8,18.7,7.300000000000001
10731,187538.0,False,337.8,16.2,9.0
10732,187564.0,False,335.5,14.9,9.700000000000001
10733,187580.0,False,333.5,13.600000000000001,10.200000000000001
10734,187596.0,False,332.0,12.3,10.600000000000001
10735,187616.0,False,331.20000000000005,11.5,10.700000000000001
10736,187630.0,False,331.0,11.4,10.9
10737,187646.0,False,331.1,11.600000000000001,11.200000000000001
10738,187663.0,False,331.20000000000005,11.9,10.600000000000001
10739,187680.0,False,331.5,12.600000000000001,9.200000000000001
10740,187714.0,False,332.70000000000005,14.100000000000001,7.800000000000001
10741,187730.0,False,333.6,14.9,8.5
10742,187750.0,False,334.40000000000003,15.700000000000001,9.4
10743,187764.0,False,335.40000000000003,16.7,10.200000000000001
10744,187783.0,False,336.6,17.5,10.700000000000001
10745,187797.0,False,338.0,18.2,10.9
10746,187815.0,False,339.40000000000003,19.0,11.3
10747,187831.0,False,340.90000000000003,19.8,11.600000000000001
10748,187846.0,False,342.5,20.700000000000003,11.600000000000001
10749,187864.0,False,344.3,21.700000000000003,11.3
10750,187882.0,False,346.40000000000003,22.8,10.9
10751,187896.0,False,348.8,23.8,10.3
10752,187920.0,False,351.5,24.6,9.700000000000001
10753,187931.0,False,354.40000000000003,25.200000000000003,9.0
10754,187946.0,False,357.3,25.6,8.3
10755,187963.0,False,0.2,25.8,7.4
10756,187980.0,False,3.0,25.700000000000003,6.300000000000001
10757,188003.0,False,6.1000000000000005,25.3,4.800000000000001
10758,188016.0,False,8.9,24.700000000000003,3.5
10759,188033.0,False,11.200000000000001,23.8,2.7
10760,188047.0,False,13.0,22.700000000000003,2.0
10761,188063.0,False,14.9,21.5,1.0
10762,188080.0,False,16.8,20.1,-0.30000000000000004
10763,188100.0,False,18.8,18.2,-1.7000000000000002
10764,188129.0,False,20.900000000000002,12.5,-1.3
10765,188147.0,False,21.900000000000002,10.700000000000001,0.2
10766,188164.0,False,22.8,9.8,0.7000000000000001
10767,188179.0,False,23.3,9.3,-0.2
10768,188198.0,False,23.5,9.5,-1.6
10769,188213.0,False,23.6,9.8,-2.9000000000000004
10770,188230.0,False,23.8,10.0,-3.8000000000000003
10771,188247.0,False,24.0,9.8,-4.1000000000000005
10772,188264.0,False,24.1,9.4,-3.9000000000000004
10773,188280.0,False,24.200000000000003,9.0,-4.0
10774,188296.0,False,23.900000000000002,8.9,-4.4
10775,188316.0,False,23.6,9.200000000000001,-4.9
10776,188329.0,False,23.400000000000002,9.8,-5.2
10777,188348.0,False,23.700000000000003,10.3,-5.6000000000000005
10778,188364.0,False,24.400000000000002,10.4,-6.1000000000000005
10779,188381.0,False,25.400000000000002,10.100000000000001,-6.2
10780,188397.0,False,26.1,9.4,-5.7
10781,188413.0,False,26.6,8.4,-4.5
10782,188438.0,False,27.200000000000003,7.0,-2.8000000000000003
10783,188448.0,False,27.700000000000003,5.7,-1.3
10784,188463.0,False,28.0,4.9,-0.5
10785,188482.0,False,28.3,4.5,0.1
10786,188498.0,False,28.6,4.7,0.7000000000000001
10787,188519.0,False,28.900000000000002,5.1000000000000005,1.5
10788,188529.0,False,29.3,5.5,2.3000000000000003
10789,188565.0,False,29.700000000000003,5.800000000000001,3.1
10790,188580.0,False,30.0,6.1000000000000005,5.1000000000000005
10791,188596.0,False,29.900000000000002,6.1000000000000005,6.300000000000001
10792,188617.0,False,29.900000000000002,6.0,7.800000000000001
10793,188630.0,False,29.900000000000002,5.7,9.4
10794,188649.0,False,30.1,5.300000000000001,11.0
10795,188664.0,False,30.200000000000003,5.0,12.3
10796,188680.0,False,30.200000000000003,4.9,13.100000000000001
10797,188698.0,False,29.900000000000002,4.9,13.700000000000001
10798,188720.0,False,29.400000000000002,5.0,14.3
10799,188729.0,False,28.700000000000003,5.1000000000000005,14.9
10800,188755.0,False,27.5,5.0,16.7
10801,188780.0,False,27.1,4.800000000000001,17.400000000000002
10802,188796.0,False,26.6,4.6000000000000005,18.2
10803,188818.0,False,26.1,4.3,19.0
10804,188835.0,False,25.5,4.0,19.6
10805,188847.0,False,25.0,3.5,20.0
10806,188864.0,False,24.400000000000002,2.9000000000000004,20.1
10807,188879.0,False,23.8,2.2,20.0
10808,188897.0,False,23.1,1.5,19.700000000000003
10809,188915.0,False,22.3,1.1,19.6
10810,188929.0,False,21.5,0.9,19.700000000000003
10811,188947.0,False,21.0,0.7000000000000001,20.3
10812,188963.0,False,20.8,0.4,20.900000000000002
10813,188980.0,False,20.900000000000002,-0.2,21.3
10814,188998.0,False,21.1,-0.7000000000000001,21.5
10815,189013.0,False,21.3,-1.1,21.3
10816,189029.0,False,21.400000000000002,-1.2000000000000002,20.900000000000002
10817,189048.0,False,21.5,-1.1,20.400000000000002
10818,189063.0,False,21.5,-0.7000000000000001,20.200000000000003
10819,189080.0,False,21.6,0.2,20.3
10820,189098.0,False,21.900000000000002,1.3,20.700000000000003
10821,189116.0,False,22.3,2.5,21.1
10822,189129.0,False,22.700000000000003,3.7,21.5
10823,189148.0,False,23.200000000000003,4.800000000000001,21.700000000000003
10824,189163.0,False,23.8,5.5,21.6
10825,189182.0,False,24.400000000000002,6.0,21.400000000000002
10826,189196.0,False,25.0,6.300000000000001,21.1
10827,189217.0,False,25.6,6.4,21.0
10828,189230.0,False,26.200000000000003,6.4,20.900000000000002
10829,189246.0,False,26.900000000000002,6.2,21.0
10830,189266.0,False,27.5,6.0,21.1
10831,189280.0,False,28.200000000000003,5.7,21.3
10832,189298.0,False,28.900000000000002,5.4,21.3
10833,189313.0,False,29.6,5.0,21.200000000000003
10834,189337.0,False,30.200000000000003,4.6000000000000005,20.8
10835,189346.0,False,30.8,4.1000000000000005,20.200000000000003
10836,189369.0,False,31.3,3.8000000000000003,19.3
10837,189380.0,False,31.8,3.7,18.3
10838,189397.0,False,32.4,3.8000000000000003,17.1
10839,189413.0,False,32.9,4.1000000000000005,15.8
10840,189429.0,False,33.300000000000004,4.6000000000000005,14.4
10841,189446.0,False,33.7,5.2,13.0
10842,189463.0,False,34.0,6.1000000000000005,12.0
10843,189480.0,False,34.300000000000004,7.1000000000000005,11.5
10844,189496.0,False,34.9,7.9,11.100000000000001
10845,189521.0,False,35.6,8.5,10.600000000000001
10846,189529.0,False,36.5,8.8,10.100000000000001
10847,189546.0,False,37.4,8.9,9.600000000000001
10848,189565.0,False,38.300000000000004,8.9,9.1
10849,189580.0,False,39.300000000000004,9.200000000000001,8.700000000000001
10850,189602.0,False,40.300000000000004,9.600000000000001,8.4
10851,189614.0,False,41.300000000000004,10.0,8.1
10852,189629.0,False,42.400000000000006,10.600000000000001,7.800000000000001
10853,189647.0,False,43.400000000000006,11.3,7.4
10854,189667.0,False,44.2,12.3,7.0
10855,189680.0,False,45.1,13.4,6.6000000000000005
10856,189705.0,False,45.900000000000006,14.700000000000001,6.0
10857,189713.0,False,46.800000000000004,15.9,5.1000000000000005
10858,189736.0,False,47.6,17.1,4.0
10859,189746.0,False,48.400000000000006,18.3,2.7
10860,189763.0,False,49.1,19.400000000000002,1.1
10861,189781.0,False,49.7,20.200000000000003,-0.5
10862,189806.0,False,50.1,20.900000000000002,-2.0
10863,189814.0,False,50.5,21.5,-3.1
10864,189829.0,False,50.7,21.8,-3.9000000000000004
10865,189846.0,False,50.900000000000006,21.900000000000002,-4.4
10866,189863.0,False,51.1,21.900000000000002,-4.7
10867,189879.0,False,51.300000000000004,21.900000000000002,-4.800000000000001
10868,189914.0,False,51.2,22.200000000000003,-4.6000000000000005
10869,189929.0,False,51.2,22.200000000000003,-4.2
10870,189946.0,False,51.400000000000006,22.1,-3.7
10871,189963.0,False,51.7,22.0,-3.0
10872,189982.0,False,52.2,21.8,-2.3000000000000003
10873,189997.0,False,52.800000000000004,21.700000000000003,-1.5
10874,190018.0,False,53.400000000000006,21.5,-0.5
10875,190029.0,False,53.800000000000004,21.200000000000003,0.8
10876,190046.0,False,54.5,20.700000000000003,1.9000000000000001
10877,190064.0,False,55.2,20.400000000000002,3.0
10878,190085.0,False,55.6,20.3,4.0
10879,190096.0,False,55.7,20.400000000000002,4.7
10880,190113.0,False,55.5,20.5,5.6000000000000005
10881,190129.0,False,55.1,20.5,6.6000000000000005
10882,190148.0,False,54.7,20.400000000000002,7.800000000000001
10883,190164.0,False,54.400000000000006,20.1,9.0
10884,190180.0,False,54.1,19.8,10.0
10885,190200.0,False,54.0,19.3,10.9
10886,190214.0,False,53.900000000000006,18.900000000000002,11.600000000000001
10887,190230.0,False,53.800000000000004,18.5,12.100000000000001
10888,190248.0,False,53.800000000000004,18.2,12.3
10889,190263.0,False,53.7,18.1,12.4
10890,190283.0,False,53.6,18.3,12.4
10891,190296.0,False,53.6,18.8,12.4
10892,190313.0,False,53.800000000000004,19.5,12.3
10893,190329.0,False,54.2,20.400000000000002,12.100000000000001
10894,190346.0,False,54.800000000000004,21.200000000000003,11.700000000000001
10895,190363.0,False,55.6,22.0,11.0
10896,190379.0,False,56.5,22.5,9.9
10897,190396.0,False,57.400000000000006,22.900000000000002,8.5
10898,190421.0,False,58.2,23.0,7.1000000000000005
10899,190429.0,False,59.0,22.900000000000002,5.5
10900,190455.0,False,59.7,22.8,4.1000000000000005
10901,190464.0,False,60.400000000000006,22.700000000000003,2.8000000000000003
10902,190480.0,False,61.1,22.700000000000003,1.6
10903,190496.0,False,61.7,23.0,0.6000000000000001
10904,190534.0,False,62.400000000000006,23.3,-0.2
10905,190547.0,False,63.6,24.3,-1.2000000000000002
10906,190566.0,False,64.10000000000001,24.8,-1.5
10907,190580.0,False,64.5,25.400000000000002,-1.9000000000000001
10908,190597.0,False,64.9,26.0,-2.4000000000000004
10909,190613.0,False,65.3,26.6,-3.0
10910,190629.0,False,65.7,27.1,-3.8000000000000003
10911,190648.0,False,66.0,27.700000000000003,-4.6000000000000005
10912,190664.0,False,66.3,28.3,-5.4
10913,190681.0,False,66.4,28.700000000000003,-6.0
10914,190697.0,False,66.60000000000001,28.900000000000002,-6.7
10915,190715.0,False,66.8,28.900000000000002,-7.4
10916,190734.0,False,67.0,28.700000000000003,-8.200000000000001
10917,190747.0,False,67.2,28.700000000000003,-8.8
10918,190765.0,False,67.60000000000001,28.700000000000003,-9.4
10919,190780.0,False,68.10000000000001,28.8,-9.9
10920,190796.0,False,68.5,28.700000000000003,-10.100000000000001
10921,190823.0,False,68.7,28.6,-9.9
10922,190829.0,False,68.7,28.6,-9.5
10923,190846.0,False,68.7,28.6,-8.9
10924,190863.0,False,68.7,28.700000000000003,-8.1
10925,190879.0,False,68.60000000000001,28.900000000000002,-7.5
10926,190896.0,False,68.5,29.200000000000003,-7.2
10927,190917.0,False,68.5,29.5,-7.1000000000000005
10928,190929.0,False,68.3,30.0,-7.2
10929,190950.0,False,68.0,30.6,-7.4
10930,190963.0,False,67.7,31.200000000000003,-7.7
10931,190979.0,False,67.3,31.8,-7.9
10932,190996.0,False,66.8,32.300000000000004,-8.1
10933,191013.0,False,66.10000000000001,32.4,-8.3
10934,191030.0,False,65.2,32.300000000000004,-8.3
10935,191046.0,False,64.10000000000001,31.900000000000002,-8.1
10936,191064.0,False,62.800000000000004,31.400000000000002,-7.800000000000001
10937,191080.0,False,61.300000000000004,30.700000000000003,-7.2
10938,191105.0,False,58.1,29.200000000000003,-5.9
10939,191130.0,False,56.7,28.400000000000002,-5.4
10940,191146.0,False,55.6,27.700000000000003,-5.2
10941,191163.0,False,54.800000000000004,27.200000000000003,-5.5
10942,191180.0,False,54.0,26.8,-6.0
10943,191197.0,False,53.300000000000004,26.700000000000003,-6.7
10944,191219.0,False,52.800000000000004,26.8,-7.9
10945,191230.0,False,52.7,27.200000000000003,-9.4
10946,191248.0,False,52.7,27.900000000000002,-11.100000000000001
10947,191263.0,False,53.0,28.700000000000003,-12.8
10948,191282.0,False,53.300000000000004,29.400000000000002,-14.5
10949,191296.0,False,53.5,29.700000000000003,-15.9
10950,191314.0,False,53.5,29.700000000000003,-17.1
10951,191330.0,False,53.300000000000004,29.5,-18.1
10952,191354.0,False,52.6,29.3,-18.7
10953,191363.0,False,51.800000000000004,29.3,-19.0
10954,191379.0,False,51.0,29.5,-18.900000000000002
10955,191397.0,False,50.300000000000004,29.900000000000002,-18.400000000000002
10956,191413.0,False,49.6,30.3,-17.7
10957,191430.0,False,48.900000000000006,30.5,-16.900000000000002
10958,191447.0,False,48.1,30.5,-15.9
10959,191464.0,False,47.2,30.5,-14.8
10960,191480.0,False,46.5,30.400000000000002,-13.5
10961,191519.0,False,45.2,30.5,-10.3
10962,191529.0,False,45.0,30.5,-8.6
10963,191546.0,False,45.1,30.5,-7.2
10964,191563.0,False,45.400000000000006,30.5,-6.1000000000000005
10965,191580.0,False,46.1,30.400000000000002,-5.300000000000001
10966,191597.0,False,46.900000000000006,30.200000000000003,-5.2
10967,191613.0,False,47.900000000000006,29.900000000000002,-5.6000000000000005
10968,191629.0,False,49.0,29.700000000000003,-6.4
10969,191648.0,False,50.0,29.5,-7.4
10970,191663.0,False,51.1,29.5,-8.4
10971,191679.0,False,52.2,29.400000000000002,-9.4
10972,191700.0,False,53.300000000000004,29.3,-10.100000000000001
10973,191713.0,False,54.2,29.0,-10.4
10974,191730.0,False,54.900000000000006,28.5,-10.4
10975,191746.0,False,55.6,27.8,-10.100000000000001
10976,191763.0,False,56.1,27.0,-9.5
10977,191781.0,False,56.6,26.3,-9.0
10978,191797.0,False,57.0,25.700000000000003,-8.6
10979,191817.0,False,57.300000000000004,25.5,-8.4
10980,191830.0,False,57.5,25.400000000000002,-8.1
10981,191846.0,False,57.7,25.5,-7.9
10982,191863.0,False,57.900000000000006,25.5,-7.7
10983,191880.0,False,58.1,25.5,-7.5
10984,191896.0,False,58.300000000000004,25.400000000000002,-7.5
10985,191914.0,False,58.2,25.200000000000003,-7.4
10986,191930.0,False,57.900000000000006,25.0,-7.1000000000000005
10987,191946.0,False,57.7,24.8,-6.7
10988,191968.0,False,57.400000000000006,24.400000000000002,-6.1000000000000005
10989,191980.0,False,57.2,23.8,-5.4
10990,191999.0,False,56.900000000000006,23.0,-4.6000000000000005
10991,192013.0,False,56.5,22.200000000000003,-3.8000000000000003
10992,192031.0,False,56.1,21.6,-3.1
10993,192046.0,False,55.7,21.3,-2.7
10994,192067.0,False,55.400000000000006,21.200000000000003,-2.5
10995,192080.0,False,55.2,21.400000000000002,-2.7
10996,192098.0,False,55.300000000000004,21.900000000000002,-3.1
10997,192113.0,False,55.400000000000006,22.5,-3.8000000000000003
10998,192129.0,False,55.5,23.200000000000003,-4.5
10999,192147.0,False,55.7,23.8,-5.300000000000001
11000,192163.0,False,55.7,24.200000000000003,-6.1000000000000005
11001,192179.0,False,55.7,24.6,-6.7
11002,192196.0,False,55.6,24.700000000000003,-7.300000000000001
11003,192213.0,False,55.400000000000006,24.8,-7.9
11004,192229.0,False,55.2,24.700000000000003,-8.5
11005,192246.0,False,54.800000000000004,24.5,-9.200000000000001
11006,192263.0,False,54.400000000000006,24.200000000000003,-10.0
11007,192279.0,False,53.800000000000004,23.900000000000002,-10.8
11008,192296.0,False,53.2,23.5,-11.700000000000001
11009,192313.0,False,52.5,23.1,-12.4
11010,192336.0,False,51.6,22.700000000000003,-12.8
11011,192347.0,False,50.7,22.200000000000003,-13.100000000000001
11012,192363.0,False,49.7,21.700000000000003,-13.100000000000001
11013,192379.0,False,48.800000000000004,21.0,-12.9
11014,192396.0,False,47.800000000000004,20.1,-12.5
11015,192413.0,False,46.900000000000006,19.1,-11.700000000000001
11016,192429.0,False,46.1,18.3,-10.8
11017,192448.0,False,45.300000000000004,17.6,-9.600000000000001
11018,192466.0,False,44.5,17.2,-8.3
11019,192480.0,False,43.900000000000006,17.1,-7.1000000000000005
11020,192496.0,False,43.6,17.2,-6.4
11021,192517.0,False,43.400000000000006,17.400000000000002,-6.2
11022,192529.0,False,43.300000000000004,17.8,-6.300000000000001
11023,192546.0,False,43.400000000000006,18.400000000000002,-6.6000000000000005
11024,192563.0,False,43.7,19.200000000000003,-6.9
11025,192580.0,False,44.2,20.0,-7.4
11026,192596.0,False,44.800000000000004,20.8,-8.0
11027,192613.0,False,45.400000000000006,21.400000000000002,-8.5
11028,192629.0,False,45.800000000000004,21.900000000000002,-8.9
11029,192646.0,False,46.0,22.6,-9.0
11030,192667.0,False,46.1,23.3,-8.700000000000001
11031,192680.0,False,46.400000000000006,24.200000000000003,-8.1
11032,192698.0,False,46.800000000000004,25.0,-7.4
11033,192713.0,False,47.2,25.6,-6.6000000000000005
11034,192731.0,False,47.7,25.900000000000002,-5.9
11035,192750.0,False,48.2,25.700000000000003,-5.5
11036,192762.0,False,48.6,25.3,-5.300000000000001
11037,192779.0,False,49.0,24.8,-5.4
11038,192796.0,False,49.300000000000004,24.3,-5.5
11039,192813.0,False,49.7,24.0,-5.7
11040,192829.0,False,50.0,23.8,-5.9
11041,192846.0,False,50.5,23.700000000000003,-6.1000000000000005
11042,192863.0,False,51.1,23.700000000000003,-6.1000000000000005
11043,192880.0,False,51.7,23.6,-6.2
11044,192900.0,False,52.300000000000004,23.5,-6.2
11045,192914.0,False,52.800000000000004,23.200000000000003,-6.2
11046,192932.0,False,53.300000000000004,22.900000000000002,-6.5
11047,192948.0,False,53.7,22.700000000000003,-7.1000000000000005
11048,192963.0,False,53.900000000000006,22.700000000000003,-7.7
11049,192983.0,False,54.0,23.3,-8.0
11050,192996.0,False,54.300000000000004,24.5,-8.200000000000001
11051,193013.0,False,54.900000000000006,25.8,-8.3
11052,193030.0,False,55.6,26.900000000000002,-8.3
11053,193047.0,False,56.2,27.6,-8.0
11054,193062.0,False,56.800000000000004,27.900000000000002,-7.6000000000000005
11055,193079.0,False,57.1,28.1,-7.300000000000001
11056,193110.0,False,57.300000000000004,28.0,-6.9
11057,193131.0,False,57.400000000000006,27.5,-6.5
11058,193147.0,False,57.5,26.700000000000003,-6.2
11059,193163.0,False,57.7,25.700000000000003,-5.9
11060,193179.0,False,57.800000000000004,24.8,-5.7
11061,193197.0,False,57.800000000000004,24.0,-5.5
11062,193213.0,False,57.800000000000004,23.6,-5.6000000000000005
11063,193231.0,False,57.800000000000004,23.400000000000002,-5.9
11064,193246.0,False,57.900000000000006,23.3,-6.5
11065,193264.0,False,58.0,23.400000000000002,-7.4
11066,193302.0,False,58.5,24.3,-9.1
11067,193314.0,False,58.6,24.900000000000002,-9.600000000000001
11068,193329.0,False,58.7,25.3,-9.600000000000001
11069,193347.0,False,58.7,25.6,-9.200000000000001
11070,193363.0,False,58.6,25.6,-8.5
11071,193381.0,False,58.300000000000004,25.5,-7.5
11072,193396.0,False,58.0,25.200000000000003,-6.4
11073,193413.0,False,57.5,24.8,-5.300000000000001
11074,193429.0,False,56.900000000000006,24.5,-4.0
11075,193447.0,False,56.1,24.200000000000003,-2.6
11076,193463.0,False,55.2,24.0,-1.2000000000000002
11077,193481.0,False,54.0,24.0,-0.1
11078,193496.0,False,52.400000000000006,24.3,0.9
11079,193514.0,False,50.7,24.6,1.8
11080,193530.0,False,49.0,24.700000000000003,2.6
11081,193546.0,False,47.5,24.5,3.2
11082,193563.0,False,46.2,24.1,3.6
11083,193580.0,False,45.0,23.700000000000003,3.8000000000000003
11084,193596.0,False,43.900000000000006,23.3,3.8000000000000003
11085,193615.0,False,42.900000000000006,22.900000000000002,3.8000000000000003
11086,193630.0,False,42.1,22.6,3.8000000000000003
11087,193646.0,False,41.6,22.3,3.7
11088,193663.0,False,41.400000000000006,21.900000000000002,3.6
11089,193680.0,False,41.5,21.6,3.2
11090,193697.0,False,41.6,21.6,2.7
11091,193716.0,False,41.6,21.700000000000003,2.1
11092,193730.0,False,41.7,22.0,1.7000000000000002
11093,193746.0,False,42.0,22.200000000000003,1.4000000000000001
11094,193763.0,False,42.5,22.200000000000003,1.1
11095,193780.0,False,43.1,22.1,0.9
11096,193796.0,False,43.6,22.1,0.7000000000000001
11097,193813.0,False,43.900000000000006,22.1,0.8
11098,193831.0,False,44.2,22.1,1.3
11099,193847.0,False,44.5,22.200000000000003,2.2
11100,193866.0,False,45.0,22.200000000000003,3.5
11101,193880.0,False,45.6,22.200000000000003,5.0
11102,193898.0,False,46.400000000000006,22.0,6.4
11103,193914.0,False,47.300000000000004,21.700000000000003,7.5
11104,193930.0,False,48.1,21.1,8.200000000000001
11105,193947.0,False,49.1,20.5,8.200000000000001
11106,193964.0,False,50.1,19.900000000000002,7.5
11107,193981.0,False,51.0,19.400000000000002,6.300000000000001
11108,193996.0,False,52.0,19.3,4.6000000000000005
11109,194013.0,False,53.1,19.400000000000002,2.7
11110,194030.0,False,54.300000000000004,19.8,0.9
11111,194047.0,False,55.5,20.3,-0.9
11112,194065.0,False,56.800000000000004,20.900000000000002,-2.4000000000000004
11113,194080.0,False,58.1,21.400000000000002,-3.8000000000000003
11114,194097.0,False,59.400000000000006,21.900000000000002,-5.0
11115,194113.0,False,60.6,22.200000000000003,-6.1000000000000005
11116,194129.0,False,61.7,22.6,-7.0
11117,194147.0,False,62.7,23.1,-7.9
11118,194163.0,False,63.5,23.8,-8.6
11119,194180.0,False,64.3,24.400000000000002,-9.1
11120,194196.0,False,65.0,25.0,-9.600000000000001
11121,194214.0,False,65.7,25.3,-10.0
11122,194230.0,False,66.2,25.400000000000002,-10.600000000000001
11123,194247.0,False,66.4,25.400000000000002,-11.200000000000001
11124,194263.0,False,66.4,25.6,-11.8
11125,194280.0,False,66.2,26.1,-12.4
11126,194297.0,False,66.10000000000001,26.700000000000003,-12.8
11127,194313.0,False,66.0,27.200000000000003,-13.100000000000001
11128,194333.0,False,66.2,27.5,-13.4
11129,194346.0,False,66.3,27.700000000000003,-13.700000000000001
11130,194396.0,False,66.0,28.0,-13.8
11131,194413.0,False,66.0,28.3,-13.9
11132,194431.0,False,66.2,28.900000000000002,-14.3
11133,194449.0,False,66.5,29.6,-15.0
11134,194463.0,False,66.9,30.3,-15.700000000000001
11135,194496.0,False,67.3,31.5,-17.400000000000002
11136,194513.0,False,67.3,31.900000000000002,-18.1
11137,194534.0,False,67.3,32.300000000000004,-18.7
11138,194547.0,False,67.3,32.6,-19.3
11139,194565.0,False,67.3,32.800000000000004,-19.6
11140,194580.0,False,67.3,33.1,-19.8
11141,194599.0,False,67.2,33.300000000000004,-19.8
11142,194630.0,False,66.9,33.5,-19.200000000000003
11143,194651.0,False,66.60000000000001,33.4,-18.7
11144,194663.0,False,66.10000000000001,33.2,-17.8
11145,194681.0,False,65.4,32.9,-16.6
11146,194696.0,False,64.3,32.300000000000004,-15.200000000000001
11147,194714.0,False,62.800000000000004,31.400000000000002,-13.600000000000001
11148,194731.0,False,60.900000000000006,30.200000000000003,-11.8
11149,194747.0,False,59.0,28.6,-10.100000000000001
11150,194765.0,False,57.2,27.1,-8.8
11151,194779.0,False,55.900000000000006,25.900000000000002,-8.0
11152,194800.0,False,55.1,25.5,-7.800000000000001
11153,194813.0,False,54.900000000000006,25.900000000000002,-8.200000000000001
11154,194829.0,False,55.400000000000006,26.900000000000002,-9.200000000000001
11155,194846.0,False,56.400000000000006,28.1,-10.4
11156,194866.0,False,57.6,29.1,-11.700000000000001
11157,194880.0,False,58.5,29.700000000000003,-12.8
11158,194896.0,False,59.2,30.1,-13.4
11159,194913.0,False,59.7,30.200000000000003,-13.4
11160,194930.0,False,60.300000000000004,30.1,-13.0
11161,194946.0,False,61.1,29.900000000000002,-12.600000000000001
11162,194962.0,False,62.0,29.6,-12.5
11163,194980.0,False,62.7,29.200000000000003,-12.600000000000001
11164,194996.0,False,63.1,28.700000000000003,-13.0
11165,195013.0,False,63.2,28.200000000000003,-13.5
11166,195032.0,False,63.400000000000006,28.0,-13.8
11167,195046.0,False,63.7,27.900000000000002,-13.8
11168,195064.0,False,64.3,28.1,-13.5
11169,195079.0,False,64.9,28.3,-13.100000000000001
11170,195098.0,False,65.5,28.400000000000002,-12.600000000000001
11171,195113.0,False,65.9,28.3,-12.200000000000001
11172,195136.0,False,66.3,28.1,-12.0
11173,195146.0,False,66.7,27.900000000000002,-12.100000000000001
11174,195163.0,False,67.0,27.700000000000003,-12.5
11175,195180.0,False,67.2,27.700000000000003,-13.100000000000001
11176,195200.0,False,67.5,27.700000000000003,-13.700000000000001
11177,195213.0,False,67.7,27.8,-14.100000000000001
11178,195234.0,False,68.10000000000001,28.0,-14.4
11179,195247.0,False,68.60000000000001,28.200000000000003,-14.5
11180,195264.0,False,68.9,28.3,-14.3
11181,195283.0,False,69.2,28.3,-13.8
11182,195297.0,False,69.4,28.200000000000003,-13.3
11183,195313.0,False,69.5,28.0,-12.8
11184,195330.0,False,69.60000000000001,27.900000000000002,-12.4
11185,195355.0,False,69.60000000000001,27.900000000000002,-12.200000000000001
11186,195379.0,False,69.7,28.1,-12.4
11187,195397.0,False,69.9,28.200000000000003,-12.8
11188,195414.0,False,70.10000000000001,28.3,-13.4
11189,195433.0,False,70.4,28.400000000000002,-14.4
11190,195446.0,False,71.0,28.8,-15.700000000000001
11191,195469.0,False,71.5,29.400000000000002,-17.1
11192,195480.0,False,72.0,30.0,-18.3
11193,195496.0,False,72.4,30.5,-19.0
11194,195513.0,False,72.7,30.6,-19.3
11195,195529.0,False,73.10000000000001,30.400000000000002,-19.400000000000002
11196,195556.0,False,73.4,30.200000000000003,-19.6
11197,195563.0,False,73.60000000000001,30.200000000000003,-20.0
11198,195586.0,False,73.7,30.6,-20.6
11199,195596.0,False,73.5,31.1,-21.1
11200,195613.0,False,73.3,31.700000000000003,-21.400000000000002
11201,195629.0,False,72.8,32.2,-21.6
11202,195646.0,False,72.3,32.800000000000004,-21.5
11203,195662.0,False,71.8,33.4,-21.200000000000003
11204,195680.0,False,71.2,34.0,-20.700000000000003
11205,195699.0,False,70.60000000000001,34.5,-20.1
11206,195713.0,False,70.10000000000001,34.9,-19.5
11207,195751.0,False,69.10000000000001,35.2,-18.3
11208,195763.0,False,68.7,35.300000000000004,-17.8
11209,195780.0,False,68.3,35.4,-17.400000000000002
11210,195796.0,False,67.9,35.5,-17.0
11211,195819.0,False,67.4,35.5,-16.5
11212,195846.0,False,66.3,35.1,-15.100000000000001
11213,195863.0,False,65.60000000000001,34.7,-14.100000000000001
11214,195880.0,False,65.10000000000001,34.1,-13.0
11215,195896.0,False,64.7,33.4,-12.0
11216,195913.0,False,64.5,33.0,-11.200000000000001
11217,195929.0,False,64.60000000000001,32.800000000000004,-10.700000000000001
11218,195946.0,False,64.8,32.9,-10.5
11219,195965.0,False,65.3,33.300000000000004,-10.4
11220,195980.0,False,65.9,34.0,-10.4
11221,195999.0,False,66.8,35.1,-10.5
11222,196013.0,False,67.8,36.300000000000004,-10.700000000000001
11223,196033.0,False,68.9,37.6,-11.0
11224,196047.0,False,70.0,38.900000000000006,-11.4
11225,196067.0,False,70.9,40.1,-11.9
11226,196080.0,False,71.5,41.0,-12.5
11227,196098.0,False,71.7,41.800000000000004,-12.9
11228,196113.0,False,71.5,42.400000000000006,-12.9
11229,196130.0,False,70.9,42.900000000000006,-12.4
11230,196147.0,False,70.4,43.2,-11.700000000000001
11231,196163.0,False,70.0,43.300000000000004,-10.9
11232,196183.0,False,69.9,43.2,-10.100000000000001
11233,196196.0,False,69.8,43.0,-9.5
11234,196226.0,False,69.60000000000001,41.900000000000006,-8.700000000000001
11235,196247.0,False,69.5,40.900000000000006,-8.4
11236,196263.0,False,69.3,39.900000000000006,-8.1
11237,196281.0,False,69.4,39.1,-7.800000000000001
11238,196296.0,False,69.60000000000001,38.5,-7.5
11239,196317.0,False,70.2,38.2,-7.4
11240,196332.0,False,70.7,37.800000000000004,-7.300000000000001
11241,196346.0,False,71.3,37.300000000000004,-7.300000000000001
11242,196363.0,False,71.8,36.6,-7.4
11243,196381.0,False,72.3,35.7,-7.6000000000000005
11244,196396.0,False,72.7,34.7,-7.800000000000001
11245,196418.0,False,72.9,33.2,-8.3
11246,196463.0,False,72.60000000000001,32.6,-8.1
11247,196480.0,False,72.0,31.5,-7.300000000000001
11248,196496.0,False,71.9,31.0,-6.9
11249,196513.0,False,71.8,30.6,-6.800000000000001
11250,196531.0,False,71.9,30.400000000000002,-7.0
11251,196546.0,False,71.9,30.5,-7.4
11252,196562.0,False,71.8,30.900000000000002,-7.9
11253,196580.0,False,71.9,31.400000000000002,-8.3
11254,196596.0,False,72.0,31.900000000000002,-8.700000000000001
11255,196613.0,False,72.3,32.5,-9.0
11256,196629.0,False,72.8,33.0,-9.3
11257,196646.0,False,73.3,33.5,-9.9
11258,196665.0,False,73.9,34.0,-10.600000000000001
11259,196680.0,False,74.5,34.5,-11.5
11260,196698.0,False,75.2,34.9,-12.600000000000001
11261,196713.0,False,75.7,35.2,-13.9
11262,196748.0,False,76.7,35.6,-16.5
11263,196762.0,False,77.0,35.7,-17.6
11264,196780.0,False,76.9,35.9,-18.5
11265,196798.0,False,76.3,35.9,-18.7
11266,196813.0,False,75.5,35.9,-18.400000000000002
11267,196830.0,False,74.3,36.0,-17.5
11268,196846.0,False,73.0,36.2,-16.3
11269,196862.0,False,71.7,36.6,-14.8
11270,196880.0,False,70.5,37.2,-13.4
11271,196896.0,False,69.5,37.800000000000004,-12.200000000000001
11272,196917.0,False,68.9,38.5,-11.4
11273,196931.0,False,68.60000000000001,38.900000000000006,-11.0
11274,196946.0,False,68.5,39.2,-11.200000000000001
11275,196974.0,False,69.0,39.7,-12.8
11276,197002.0,False,69.5,39.900000000000006,-13.8
11277,197019.0,False,70.3,40.2,-14.9
11278,197029.0,False,71.10000000000001,40.300000000000004,-15.9
11279,197045.0,False,71.8,40.300000000000004,-16.7
11280,197062.0,False,72.4,40.1,-17.2
11281,197079.0,False,73.0,39.7,-17.7
11282,197097.0,False,73.60000000000001,39.300000000000004,-18.0
11283,197113.0,False,74.10000000000001,38.900000000000006,-18.0
11284,197130.0,False,74.4,38.400000000000006,-17.8
11285,197146.0,False,74.7,37.800000000000004,-17.5
11286,197165.0,False,74.8,37.2,-17.3
11287,197179.0,False,74.9,36.800000000000004,-17.1
11288,197199.0,False,75.10000000000001,36.7,-17.2
11289,197217.0,False,75.5,36.800000000000004,-17.5
11290,197229.0,False,75.9,37.1,-17.7
11291,197246.0,False,76.5,37.300000000000004,-17.8
11292,197262.0,False,77.10000000000001,37.5,-17.7
11293,197279.0,False,77.7,37.4,-17.7
11294,197296.0,False,78.4,37.4,-18.0
11295,197317.0,False,78.9,37.4,-18.7
11296,197330.0,False,79.4,37.6,-19.8
11297,197349.0,False,79.9,37.9,-20.900000000000002
11298,197363.0,False,80.30000000000001,38.400000000000006,-21.700000000000003
11299,197380.0,False,80.80000000000001,38.900000000000006,-22.0
11300,197396.0,False,81.30000000000001,39.300000000000004,-21.700000000000003
11301,197416.0,False,81.80000000000001,39.400000000000006,-20.900000000000002
11302,197430.0,False,82.0,39.0,-19.700000000000003
11303,197446.0,False,82.10000000000001,38.6,-18.400000000000002
11304,197462.0,False,82.10000000000001,38.1,-17.3
11305,197479.0,False,81.9,37.5,-16.400000000000002
11306,197496.0,False,81.5,36.800000000000004,-15.600000000000001
11307,197520.0,False,80.80000000000001,36.0,-14.8
11308,197532.0,False,79.9,35.2,-13.8
11309,197546.0,False,79.0,34.7,-12.700000000000001
11310,197563.0,False,78.30000000000001,34.4,-11.4
11311,197584.0,False,77.60000000000001,34.300000000000004,-10.0
11312,197596.0,False,77.0,34.1,-8.3
11313,197618.0,False,76.2,33.7,-6.4
11314,197630.0,False,75.7,32.9,-4.3
11315,197646.0,False,75.60000000000001,32.2,-2.6
11316,197662.0,False,75.3,31.700000000000003,-0.9
11317,197679.0,False,74.8,31.400000000000002,0.7000000000000001
11318,197696.0,False,74.2,31.3,2.2
11319,197722.0,False,73.60000000000001,31.1,3.4000000000000004
11320,197730.0,False,72.8,30.900000000000002,4.5
11321,197746.0,False,71.7,30.5,5.7
11322,197764.0,False,70.60000000000001,29.8,7.0
11323,197780.0,False,69.7,28.700000000000003,8.0
11324,197796.0,False,69.0,27.200000000000003,8.3
11325,197813.0,False,68.5,25.700000000000003,8.0
11326,197832.0,False,67.8,24.6,7.2
11327,197846.0,False,67.10000000000001,24.400000000000002,6.1000000000000005
11328,197866.0,False,66.10000000000001,25.1,5.4
11329,197880.0,False,65.3,26.3,4.800000000000001
11330,197898.0,False,65.10000000000001,27.6,3.9000000000000004
11331,197930.0,False,66.0,28.900000000000002,0.9
11332,197951.0,False,66.7,28.400000000000002,-0.8
11333,197962.0,False,66.9,27.3,-1.2000000000000002
11334,197982.0,False,67.10000000000001,26.200000000000003,-1.1
11335,197996.0,False,67.0,25.5,-1.0
11336,198018.0,False,66.60000000000001,24.700000000000003,-1.4000000000000001
11337,198046.0,False,66.10000000000001,24.6,-1.5
11338,198062.0,False,65.60000000000001,24.6,-1.4000000000000001
11339,198079.0,False,65.2,24.8,-1.2000000000000002
11340,198096.0,False,65.0,25.200000000000003,-1.1
11341,198117.0,False,64.7,25.8,-1.0
11342,198147.0,False,63.900000000000006,27.1,-1.0
11343,198165.0,False,63.5,27.900000000000002,-0.9
11344,198180.0,False,63.2,28.8,-0.8
11345,198200.0,False,63.0,29.5,-0.7000000000000001
11346,198216.0,False,63.1,30.1,-1.5
11347,198246.0,False,63.900000000000006,30.400000000000002,-5.1000000000000005
11348,198262.0,False,63.900000000000006,30.200000000000003,-6.800000000000001
11349,198280.0,False,63.5,29.700000000000003,-8.200000000000001
11350,198297.0,False,63.0,28.900000000000002,-9.200000000000001
11351,198315.0,False,62.7,27.8,-9.5
11352,198330.0,False,62.800000000000004,26.6,-9.0
11353,198346.0,False,63.300000000000004,25.400000000000002,-8.3
11354,198364.0,False,63.800000000000004,24.3,-7.9
11355,198379.0,False,64.3,23.400000000000002,-7.800000000000001
11356,198396.0,False,64.60000000000001,22.8,-8.3
11357,198416.0,False,64.8,22.400000000000002,-9.0
11358,198446.0,False,65.9,22.1,-11.100000000000001
11359,198463.0,False,66.60000000000001,21.700000000000003,-11.8
11360,198480.0,False,67.3,21.200000000000003,-11.8
11361,198497.0,False,68.10000000000001,20.400000000000002,-11.5
11362,198518.0,False,69.10000000000001,19.6,-11.600000000000001
11363,198529.0,False,69.7,18.7,-11.700000000000001
11364,198564.0,False,71.0,17.1,-11.8
11365,198580.0,False,71.5,16.5,-11.8
11366,198599.0,False,72.0,16.1,-11.700000000000001
11367,198617.0,False,72.4,16.2,-11.600000000000001
11368,198630.0,False,72.7,16.5,-11.4
11369,198646.0,False,73.2,16.900000000000002,-11.0
11370,198665.0,False,73.9,17.3,-10.5
11371,198679.0,False,74.8,17.6,-10.100000000000001
11372,198705.0,False,75.7,17.8,-9.8
11373,198715.0,False,76.7,17.900000000000002,-9.700000000000001
11374,198730.0,False,77.60000000000001,18.2,-9.9
11375,198745.0,False,78.30000000000001,18.6,-10.200000000000001
11376,198762.0,False,78.9,19.200000000000003,-10.3
11377,198781.0,False,79.5,19.900000000000002,-10.0
11378,198797.0,False,80.0,20.8,-9.4
11379,198817.0,False,80.60000000000001,21.6,-8.6
11380,198829.0,False,81.10000000000001,22.400000000000002,-7.9
11381,198846.0,False,81.80000000000001,23.1,-7.4
11382,198865.0,False,82.60000000000001,23.5,-7.2
11383,198880.0,False,83.5,23.700000000000003,-7.300000000000001
11384,198899.0,False,84.2,23.5,-7.6000000000000005
11385,198916.0,False,84.9,23.200000000000003,-8.0
11386,198946.0,False,85.9,22.700000000000003,-8.5
11387,198962.0,False,86.30000000000001,22.900000000000002,-8.700000000000001
11388,198981.0,False,86.7,23.3,-9.0
11389,198997.0,False,87.10000000000001,23.700000000000003,-9.200000000000001
11390,199014.0,False,87.5,23.900000000000002,-9.1
11391,199031.0,False,87.60000000000001,24.0,-8.8
11392,199046.0,False,87.60000000000001,23.900000000000002,-8.4
11393,199062.0,False,87.5,23.700000000000003,-7.9
11394,199082.0,False,87.30000000000001,23.6,-7.1000000000000005
11395,199097.0,False,86.9,23.6,-6.0
11396,199120.0,False,86.4,23.6,-4.5
11397,199140.0,False,85.7,23.6,-1.6
11398,199162.0,False,85.60000000000001,23.3,-0.9
11399,199179.0,False,85.30000000000001,22.700000000000003,-0.5
11400,199196.0,False,84.9,22.1,-0.4
11401,199221.0,False,84.7,21.5,-0.2
11402,199230.0,False,84.5,21.0,-0.1
11403,199246.0,False,84.4,20.700000000000003,0.0
11404,199262.0,False,84.2,20.6,0.0
11405,199279.0,False,84.0,20.900000000000002,-0.1
11406,199298.0,False,83.7,21.5,-0.4
11407,199315.0,False,83.4,22.3,-0.6000000000000001
11408,199330.0,False,83.10000000000001,23.0,-0.6000000000000001
11409,199348.0,False,82.60000000000001,23.5,0.0
11410,199363.0,False,82.0,23.8,1.3
11411,199380.0,False,81.10000000000001,24.200000000000003,3.2
11412,199400.0,False,80.30000000000001,24.6,5.2
11413,199415.0,False,79.7,25.1,7.0
11414,199429.0,False,79.30000000000001,25.5,8.1
11415,199446.0,False,79.2,25.700000000000003,8.200000000000001
11416,199463.0,False,79.30000000000001,25.6,7.2
11417,199482.0,False,79.2,25.5,5.7
11418,199496.0,False,78.7,25.8,4.3
11419,199525.0,False,76.60000000000001,27.900000000000002,3.5
11420,199546.0,False,75.60000000000001,29.5,4.4
11421,199563.0,False,74.8,31.200000000000003,5.9
11422,199579.0,False,74.60000000000001,32.6,7.1000000000000005
11423,199596.0,False,74.8,33.7,7.5
11424,199617.0,False,75.2,34.4,7.0
11425,199629.0,False,75.7,34.7,5.7
11426,199650.0,False,76.3,34.7,4.1000000000000005
11427,199662.0,False,76.9,34.6,2.1
11428,199680.0,False,77.4,34.300000000000004,0.4
11429,199696.0,False,77.80000000000001,33.800000000000004,-1.0
11430,199720.0,False,78.7,32.300000000000004,-2.7
11431,199746.0,False,79.4,31.200000000000003,-3.3000000000000003
11432,199764.0,False,79.80000000000001,30.3,-3.9000000000000004
11433,199780.0,False,79.9,29.6,-4.4
11434,199798.0,False,79.60000000000001,29.400000000000002,-4.9
11435,199817.0,False,79.4,29.6,-5.300000000000001
11436,199831.0,False,79.30000000000001,30.0,-5.800000000000001
11437,199847.0,False,79.30000000000001,30.400000000000002,-6.1000000000000005
11438,199862.0,False,79.4,30.700000000000003,-6.4
11439,199880.0,False,79.60000000000001,30.8,-6.6000000000000005
11440,199896.0,False,79.80000000000001,30.900000000000002,-7.0
11441,199916.0,False,80.10000000000001,31.0,-7.5
11442,199931.0,False,80.5,31.0,-8.1
11443,199946.0,False,80.80000000000001,31.1,-8.8
11444,199964.0,False,81.0,31.200000000000003,-9.5
11445,199980.0,False,81.10000000000001,31.400000000000002,-10.100000000000001
11446,199996.0,False,81.0,31.6,-10.4
11447,200014.0,False,80.9,31.700000000000003,-10.5
11448,200029.0,False,80.80000000000001,31.8,-10.3
11449,200046.0,False,80.7,31.8,-10.0
11450,200063.0,False,80.60000000000001,31.900000000000002,-9.4
11451,200080.0,False,80.60000000000001,31.900000000000002,-8.9
11452,200097.0,False,80.60000000000001,32.0,-8.5
11453,200128.0,False,80.4,32.4,-7.6000000000000005
11454,200146.0,False,80.4,32.7,-7.300000000000001
11455,200162.0,False,80.5,32.9,-7.1000000000000005
11456,200179.0,False,80.7,33.1,-6.9
11457,200196.0,False,80.9,33.2,-7.0
11458,200222.0,False,81.2,33.0,-7.6000000000000005
11459,200247.0,False,81.2,32.9,-7.800000000000001
11460,200263.0,False,81.10000000000001,32.7,-7.9
11461,200279.0,False,81.0,32.5,-7.9
11462,200296.0,False,81.0,32.4,-8.0
11463,200315.0,False,81.0,32.1,-8.0
11464,200330.0,False,81.0,31.8,-8.200000000000001
11465,200345.0,False,81.0,31.3,-8.6
11466,200362.0,False,81.0,30.6,-9.200000000000001
11467,200380.0,False,81.10000000000001,29.6,-10.200000000000001
11468,200414.0,False,81.30000000000001,28.400000000000002,-11.4
11469,200433.0,False,81.60000000000001,26.1,-13.200000000000001
11470,200446.0,False,81.5,25.5,-13.3
11471,200463.0,False,81.0,25.400000000000002,-12.8
11472,200480.0,False,80.2,25.900000000000002,-11.700000000000001
11473,200496.0,False,79.4,26.8,-10.100000000000001
11474,200514.0,False,78.7,28.1,-8.4
11475,200529.0,False,78.30000000000001,29.5,-6.9
11476,200546.0,False,78.0,30.900000000000002,-5.9
11477,200562.0,False,77.5,32.1,-5.2
11478,200580.0,False,77.0,33.2,-4.7
11479,200601.0,False,76.5,33.9,-4.4
11480,200617.0,False,76.2,34.300000000000004,-4.3
11481,200630.0,False,76.0,34.4,-4.4
11482,200646.0,False,76.10000000000001,34.4,-4.800000000000001
11483,200662.0,False,76.3,34.300000000000004,-5.4
11484,200679.0,False,76.60000000000001,34.1,-6.4
11485,200696.0,False,76.9,33.9,-7.4
11486,200725.0,False,77.2,33.6,-8.6
11487,200746.0,False,77.7,32.6,-10.9
11488,200763.0,False,77.9,31.900000000000002,-11.9
11489,200780.0,False,78.0,31.1,-12.8
11490,200797.0,False,78.0,30.200000000000003,-13.4
11491,200816.0,False,78.10000000000001,29.1,-13.9
11492,200830.0,False,78.10000000000001,28.200000000000003,-14.3
11493,200846.0,False,78.10000000000001,27.400000000000002,-14.700000000000001
11494,200863.0,False,78.0,26.700000000000003,-15.100000000000001
11495,200880.0,False,77.80000000000001,26.3,-15.100000000000001
11496,200896.0,False,77.7,25.900000000000002,-14.9
11497,200913.0,False,77.9,25.5,-14.600000000000001
11498,200929.0,False,78.4,24.900000000000002,-14.4
11499,200946.0,False,79.0,24.3,-14.700000000000001
11500,200966.0,False,79.2,23.8,-15.3
11501,200979.0,False,79.10000000000001,23.400000000000002,-15.8
11502,201002.0,False,78.5,23.1,-15.700000000000001
11503,201034.0,False,78.4,23.200000000000003,-14.9
11504,201045.0,False,78.5,23.400000000000002,-13.8
11505,201063.0,False,78.7,23.8,-12.8
11506,201079.0,False,79.0,24.5,-12.0
11507,201096.0,False,79.30000000000001,25.6,-11.700000000000001
11508,201123.0,False,79.9,28.5,-12.0
11509,201162.0,False,80.7,31.0,-12.3
11510,201181.0,False,81.2,31.8,-12.100000000000001
11511,201196.0,False,81.9,32.1,-11.9
11512,201219.0,False,83.10000000000001,31.700000000000003,-11.5
11513,201245.0,False,83.5,31.200000000000003,-11.200000000000001
11514,201263.0,False,83.80000000000001,30.8,-10.700000000000001
11515,201280.0,False,84.2,30.400000000000002,-10.0
11516,201296.0,False,84.7,30.200000000000003,-9.4
11517,201313.0,False,85.2,30.1,-9.0
11518,201334.0,False,85.80000000000001,30.0,-8.700000000000001
11519,201345.0,False,86.30000000000001,29.900000000000002,-8.5
11520,201367.0,False,86.80000000000001,29.8,-8.5
11521,201379.0,False,87.10000000000001,29.400000000000002,-8.5
11522,201402.0,False,87.30000000000001,28.8,-8.6
11523,201414.0,False,87.5,28.1,-8.8
11524,201429.0,False,87.4,27.400000000000002,-8.9
11525,201447.0,False,87.4,26.900000000000002,-8.9
11526,201463.0,False,87.5,26.700000000000003,-8.6
11527,201479.0,False,87.7,26.8,-8.4
11528,201495.0,False,88.0,27.0,-8.0
11529,201513.0,False,88.2,27.3,-7.6000000000000005
11530,201529.0,False,88.5,27.6,-7.2
11531,201548.0,False,88.7,27.900000000000002,-6.800000000000001
11532,201563.0,False,88.80000000000001,28.1,-6.6000000000000005
11533,201580.0,False,88.9,28.3,-6.4
11534,201596.0,False,88.7,28.400000000000002,-6.1000000000000005
11535,201623.0,False,88.5,28.400000000000002,-5.7
11536,201631.0,False,88.0,28.400000000000002,-5.0
11537,201646.0,False,87.60000000000001,28.6,-4.1000000000000005
11538,201665.0,False,87.10000000000001,28.900000000000002,-3.3000000000000003
11539,201679.0,False,87.0,29.5,-2.8000000000000003
11540,201697.0,False,87.0,30.1,-2.7
11541,201714.0,False,87.30000000000001,30.6,-3.0
11542,201729.0,False,87.60000000000001,31.1,-3.8000000000000003
11543,201762.0,False,88.2,31.6,-5.800000000000001
11544,201779.0,False,88.4,31.6,-6.800000000000001
11545,201796.0,False,88.7,31.400000000000002,-7.5
11546,201821.0,False,89.10000000000001,31.1,-8.0
11547,201830.0,False,89.7,30.700000000000003,-8.3
11548,201846.0,False,90.30000000000001,30.3,-8.700000000000001
11549,201862.0,False,91.0,29.900000000000002,-9.3
11550,201880.0,False,91.5,29.5,-10.100000000000001
11551,201896.0,False,91.9,29.0,-11.100000000000001
11552,201926.0,False,92.10000000000001,27.900000000000002,-13.4
11553,201946.0,False,91.9,27.400000000000002,-14.5
11554,201963.0,False,91.5,26.900000000000002,-15.3
11555,201979.0,False,91.10000000000001,26.5,-16.1
11556,201997.0,False,90.80000000000001,26.3,-16.7
11557,202014.0,False,90.60000000000001,26.1,-17.400000000000002
11558,202030.0,False,90.4,25.8,-18.2
11559,202045.0,False,90.30000000000001,25.5,-19.0
11560,202063.0,False,90.10000000000001,25.200000000000003,-19.900000000000002
11561,202079.0,False,89.9,25.0,-20.5
11562,202099.0,False,89.60000000000001,24.700000000000003,-20.900000000000002
11563,202116.0,False,89.4,24.5,-21.200000000000003
11564,202129.0,False,89.4,24.3,-21.3
11565,202146.0,False,89.5,24.0,-21.5
11566,202167.0,False,89.7,23.5,-21.900000000000002
11567,202180.0,False,90.0,22.6,-22.5
11568,202199.0,False,90.10000000000001,21.6,-23.5
11569,202213.0,False,89.9,20.5,-24.400000000000002
11570,202232.0,False,89.60000000000001,19.6,-25.0
11571,202246.0,False,89.30000000000001,19.0,-25.400000000000002
11572,202264.0,False,89.4,18.7,-25.400000000000002
11573,202279.0,False,89.7,18.7,-25.200000000000003
11574,202296.0,False,90.4,18.900000000000002,-25.1
11575,202312.0,False,91.10000000000001,19.3,-24.900000000000002
11576,202330.0,False,91.9,19.8,-24.8
11577,202345.0,False,92.7,20.5,-24.6
11578,202363.0,False,93.4,21.200000000000003,-24.5
11579,202395.0,False,94.60000000000001,23.1,-24.1
11580,202416.0,False,95.30000000000001,24.0,-23.6
11581,202429.0,False,95.9,24.6,-23.0
11582,202446.0,False,96.60000000000001,24.900000000000002,-22.200000000000003
11583,202463.0,False,97.10000000000001,24.900000000000002,-21.3
11584,202479.0,False,97.7,24.700000000000003,-20.3
11585,202496.0,False,98.30000000000001,24.3,-19.400000000000002
11586,202512.0,False,98.9,23.700000000000003,-18.5
11587,202534.0,False,99.5,23.1,-17.8
11588,202546.0,False,100.2,22.5,-17.2
11589,202562.0,False,100.9,22.1,-17.0
11590,202579.0,False,101.7,21.8,-17.1
11591,202595.0,False,102.5,21.5,-17.400000000000002
11592,202613.0,False,103.2,21.200000000000003,-17.8
11593,202629.0,False,103.9,20.700000000000003,-18.2
11594,202645.0,False,104.4,20.0,-18.2
11595,202662.0,False,105.0,19.1,-18.1
11596,202680.0,False,105.60000000000001,18.2,-18.0
11597,202698.0,False,106.10000000000001,17.6,-17.900000000000002
11598,202715.0,False,106.5,17.2,-17.900000000000002
11599,202729.0,False,106.80000000000001,17.2,-17.7
11600,202746.0,False,107.10000000000001,17.400000000000002,-17.5
11601,202762.0,False,107.4,17.7,-17.1
11602,202779.0,False,107.7,18.1,-16.6
11603,202797.0,False,107.9,18.6,-16.3
11604,202813.0,False,107.80000000000001,19.0,-16.0
11605,202830.0,False,107.5,19.6,-15.600000000000001
11606,202845.0,False,107.0,20.1,-15.200000000000001
11607,202863.0,False,106.5,20.5,-14.700000000000001
11608,202879.0,False,105.9,21.0,-14.0
11609,202898.0,False,105.30000000000001,21.5,-13.3
11610,202912.0,False,104.80000000000001,22.200000000000003,-12.700000000000001
11611,202929.0,False,104.30000000000001,23.200000000000003,-12.4
11612,202946.0,False,103.9,24.400000000000002,-12.3
11613,202962.0,False,103.60000000000001,25.900000000000002,-12.4
11614,202979.0,False,103.4,27.5,-12.600000000000001
11615,203000.0,False,103.2,29.200000000000003,-12.8
11616,203012.0,False,102.9,30.700000000000003,-12.8
11617,203031.0,False,102.7,31.900000000000002,-12.5
11618,203046.0,False,102.4,32.9,-11.9
11619,203062.0,False,102.2,33.6,-11.3
11620,203082.0,False,102.0,34.1,-10.700000000000001
11621,203095.0,False,101.80000000000001,34.5,-10.200000000000001
11622,203113.0,False,101.60000000000001,34.7,-9.8
11623,203129.0,False,101.2,34.9,-9.5
11624,203146.0,False,100.9,35.1,-9.3
11625,203162.0,False,100.7,35.1,-9.0
11626,203179.0,False,100.60000000000001,35.1,-8.8
11627,203195.0,False,100.5,35.0,-8.6
11628,203214.0,False,100.5,34.800000000000004,-8.4
11629,203247.0,False,100.60000000000001,34.300000000000004,-8.5
11630,203268.0,False,100.60000000000001,34.1,-8.5
11631,203280.0,False,100.60000000000001,34.1,-8.700000000000001
11632,203296.0,False,100.5,34.2,-8.8
11633,203312.0,False,100.30000000000001,34.5,-8.8
11634,203330.0,False,100.30000000000001,34.800000000000004,-8.6
11635,203345.0,False,100.4,35.1,-8.200000000000001
11636,203362.0,False,100.7,35.4,-7.9
11637,203379.0,False,101.0,35.6,-7.6000000000000005
11638,203397.0,False,101.2,35.800000000000004,-7.300000000000001
11639,203423.0,False,101.30000000000001,35.9,-6.9
11640,203430.0,False,101.10000000000001,36.1,-6.300000000000001
11641,203462.0,False,100.0,36.7,-4.4
11642,203480.0,False,99.5,37.1,-3.3000000000000003
11643,203497.0,False,99.30000000000001,37.5,-2.2
11644,203513.0,False,99.30000000000001,37.9,-1.5
11645,203540.0,False,99.60000000000001,38.0,-1.3
11646,203546.0,False,100.0,37.9,-1.5
11647,203562.0,False,100.30000000000001,37.6,-2.0
11648,203579.0,False,100.60000000000001,37.2,-2.4000000000000004
11649,203596.0,False,100.80000000000001,36.6,-2.7
11650,203622.0,False,101.30000000000001,35.4,-2.7
11651,203646.0,False,101.80000000000001,34.7,-2.6
11652,203662.0,False,102.5,34.1,-2.6
11653,203680.0,False,103.4,33.6,-2.8000000000000003
11654,203700.0,False,104.30000000000001,33.0,-3.1
11655,203714.0,False,105.10000000000001,32.5,-3.5
11656,203729.0,False,105.80000000000001,32.1,-3.8000000000000003
11657,203748.0,False,106.5,31.900000000000002,-4.0
11658,203763.0,False,107.10000000000001,31.900000000000002,-4.2
11659,203781.0,False,107.7,32.0,-4.4
11660,203796.0,False,108.30000000000001,32.2,-4.800000000000001
11661,203821.0,False,109.30000000000001,32.7,-5.7
11662,203846.0,False,109.7,32.9,-6.2
11663,203863.0,False,110.2,33.0,-7.0
11664,203880.0,False,110.60000000000001,33.2,-7.9
11665,203899.0,False,111.0,33.300000000000004,-8.8
11666,203913.0,False,111.2,33.5,-9.700000000000001
11667,203931.0,False,111.4,33.5,-10.4
11668,203950.0,False,111.5,33.300000000000004,-11.100000000000001
11669,203962.0,False,111.60000000000001,32.9,-11.600000000000001
11670,203982.0,False,111.7,32.2,-12.100000000000001
11671,203997.0,False,111.7,31.700000000000003,-12.5
11672,204012.0,False,111.5,31.400000000000002,-12.9
11673,204032.0,False,111.10000000000001,31.3,-12.9
11674,204048.0,False,110.4,31.3,-12.0
11675,204063.0,False,109.80000000000001,31.200000000000003,-10.3
11676,204079.0,False,108.7,30.8,-7.9
11677,204098.0,False,107.7,30.1,-5.1000000000000005
11678,204115.0,False,106.9,29.200000000000003,-2.8000000000000003
11679,204129.0,False,106.10000000000001,28.5,-1.2000000000000002
11680,204149.0,False,105.5,28.400000000000002,-0.30000000000000004
11681,204163.0,False,105.10000000000001,28.900000000000002,0.5
11682,204179.0,False,104.9,30.1,1.6
11683,204199.0,False,105.0,32.0,2.9000000000000004
11684,204218.0,False,105.80000000000001,34.1,4.2
11685,204229.0,False,107.7,36.0,4.5
11686,204245.0,False,109.60000000000001,37.300000000000004,4.1000000000000005
11687,204262.0,False,112.0,37.800000000000004,2.7
11688,204284.0,False,114.7,37.5,0.1
11689,204295.0,False,117.0,36.300000000000004,-3.4000000000000004
11690,204321.0,False,118.9,34.2,-7.7
11691,204329.0,False,120.0,31.200000000000003,-12.4
11692,204362.0,False,120.80000000000001,23.6,-21.900000000000002
11693,204380.0,False,119.60000000000001,20.400000000000002,-24.3
11694,204395.0,False,119.10000000000001,18.6,-26.400000000000002
11695,204428.0,False,120.30000000000001,19.200000000000003,-30.6
11696,204445.0,False,121.5,21.400000000000002,-32.300000000000004
11697,204465.0,False,123.30000000000001,24.1,-34.0
11698,204480.0,False,125.5,27.1,-36.2
11699,204498.0,False,127.9,29.900000000000002,-38.800000000000004
11700,204513.0,False,129.8,32.5,-41.400000000000006
11701,204530.0,False,131.0,34.800000000000004,-43.400000000000006
11702,204550.0,False,131.70000000000002,36.6,-44.900000000000006
11703,204563.0,False,131.8,37.9,-45.800000000000004
11704,204579.0,False,131.6,38.800000000000004,-46.6
11705,204596.0,False,131.4,39.5,-47.300000000000004
11706,204612.0,False,131.1,39.800000000000004,-47.7
11707,204633.0,False,130.70000000000002,39.900000000000006,-47.900000000000006
11708,204645.0,False,129.9,39.800000000000004,-47.800000000000004
11709,204662.0,False,128.8,39.6,-46.900000000000006
11710,204679.0,False,127.60000000000001,39.2,-45.1
11711,204695.0,False,126.60000000000001,38.7,-42.6
11712,204713.0,False,126.10000000000001,38.2,-39.800000000000004
11713,204729.0,False,126.5,37.800000000000004,-37.0
11714,204745.0,False,127.7,37.4,-34.4
11715,204764.0,False,129.3,36.9,-32.0
11716,204779.0,False,131.0,36.4,-29.900000000000002
11717,204796.0,False,132.20000000000002,35.7,-28.6
11718,204814.0,False,132.4,34.9,-27.900000000000002
11719,204829.0,False,131.9,34.1,-27.5
11720,204845.0,False,131.0,33.5,-27.1
11721,204862.0,False,130.0,33.1,-26.400000000000002
11722,204880.0,False,129.20000000000002,32.7,-25.3
11723,204895.0,False,128.8,32.300000000000004,-23.900000000000002
11724,204913.0,False,128.70000000000002,32.1,-22.700000000000003
11725,204929.0,False,128.5,32.300000000000004,-21.700000000000003
11726,204945.0,False,128.20000000000002,32.6,-20.700000000000003
11727,204963.0,False,127.9,33.0,-19.8
11728,204979.0,False,127.60000000000001,33.2,-18.900000000000002
11729,204996.0,False,127.4,33.300000000000004,-18.0
11730,205012.0,False,127.2,33.300000000000004,-17.1
11731,205029.0,False,127.10000000000001,33.300000000000004,-16.400000000000002
11732,205045.0,False,127.0,33.1,-15.8
11733,205062.0,False,126.9,32.9,-15.4
11734,205079.0,False,126.60000000000001,32.6,-14.9
11735,205100.0,False,126.2,32.300000000000004,-14.4
11736,205117.0,False,125.9,32.0,-14.0
11737,205133.0,False,125.5,31.6,-13.8
11738,205146.0,False,125.10000000000001,31.200000000000003,-13.5
11739,205162.0,False,125.0,31.0,-13.5
11740,205179.0,False,125.0,30.8,-13.700000000000001
11741,205195.0,False,125.10000000000001,30.6,-14.0
11742,205213.0,False,125.2,30.400000000000002,-14.600000000000001
11743,205231.0,False,125.10000000000001,30.400000000000002,-15.200000000000001
11744,205246.0,False,124.60000000000001,30.5,-15.700000000000001
11745,205266.0,False,123.80000000000001,30.700000000000003,-15.9
11746,205279.0,False,123.10000000000001,31.200000000000003,-16.1
11747,205296.0,False,122.60000000000001,31.700000000000003,-16.3
11748,205313.0,False,122.30000000000001,32.300000000000004,-16.400000000000002
11749,205331.0,False,122.4,32.800000000000004,-16.3
11750,205345.0,False,122.80000000000001,33.1,-16.3
11751,205362.0,False,123.0,33.2,-16.2
11752,205379.0,False,123.0,33.300000000000004,-16.1
11753,205395.0,False,122.80000000000001,33.5,-15.8
11754,205414.0,False,122.4,33.7,-15.3
11755,205429.0,False,121.9,34.0,-14.600000000000001
11756,205445.0,False,121.30000000000001,34.2,-13.5
11757,205463.0,False,120.7,34.1,-12.3
11758,205479.0,False,119.9,33.9,-11.0
11759,205495.0,False,119.10000000000001,33.300000000000004,-9.9
11760,205518.0,False,118.2,32.5,-9.1
11761,205529.0,False,117.4,31.700000000000003,-8.6
11762,205546.0,False,116.80000000000001,30.900000000000002,-8.4
11763,205562.0,False,116.4,30.200000000000003,-8.3
11764,205579.0,False,116.10000000000001,29.6,-8.1
11765,205596.0,False,115.80000000000001,29.1,-7.7
11766,205616.0,False,115.7,28.900000000000002,-7.2
11767,205629.0,False,115.60000000000001,28.900000000000002,-6.7
11768,205650.0,False,115.60000000000001,29.1,-6.4
11769,205662.0,False,115.9,29.400000000000002,-6.5
11770,205679.0,False,116.2,29.700000000000003,-7.1000000000000005
11771,205696.0,False,116.5,30.200000000000003,-7.9
11772,205714.0,False,116.7,30.5,-8.9
11773,205729.0,False,116.9,30.5,-9.9
11774,205745.0,False,117.2,30.1,-10.9
11775,205762.0,False,117.5,29.400000000000002,-11.8
11776,205780.0,False,117.9,28.6,-12.600000000000001
11777,205795.0,False,118.30000000000001,27.6,-13.200000000000001
11778,205812.0,False,118.7,26.700000000000003,-14.100000000000001
11779,205831.0,False,118.7,26.0,-14.8
11780,205845.0,False,118.4,25.5,-15.3
11781,205862.0,False,118.10000000000001,25.200000000000003,-15.5
11782,205879.0,False,118.0,25.0,-15.4
11783,205896.0,False,118.2,24.900000000000002,-15.4
11784,205917.0,False,118.7,24.900000000000002,-15.600000000000001
11785,205929.0,False,119.2,24.6,-16.2
11786,205945.0,False,119.60000000000001,24.0,-16.900000000000002
11787,205965.0,False,119.7,23.200000000000003,-17.7
11788,205979.0,False,119.60000000000001,22.200000000000003,-18.400000000000002
11789,205995.0,False,119.5,21.3,-18.900000000000002
11790,206012.0,False,119.30000000000001,20.5,-19.3
11791,206030.0,False,119.30000000000001,19.900000000000002,-19.5
11792,206045.0,False,119.2,19.6,-19.6
11793,206062.0,False,119.30000000000001,19.5,-19.700000000000003
11794,206078.0,False,119.5,19.5,-19.700000000000003
11795,206097.0,False,119.80000000000001,19.700000000000003,-19.700000000000003
11796,206131.0,False,120.5,20.6,-19.5
11797,206148.0,False,120.9,21.400000000000002,-19.5
11798,206162.0,False,121.4,22.5,-19.400000000000002
11799,206182.0,False,121.9,23.5,-19.0
11800,206196.0,False,122.5,24.400000000000002,-18.5
11801,206213.0,False,123.0,25.1,-17.900000000000002
11802,206233.0,False,123.60000000000001,25.6,-17.5
11803,206245.0,False,124.10000000000001,25.900000000000002,-17.2
11804,206264.0,False,124.4,26.3,-16.900000000000002
11805,206279.0,False,124.60000000000001,27.0,-16.5
11806,206295.0,False,124.5,27.6,-15.700000000000001
11807,206312.0,False,124.4,28.1,-14.700000000000001
11808,206331.0,False,124.60000000000001,28.3,-13.9
11809,206345.0,False,124.9,28.400000000000002,-13.5
11810,206362.0,False,125.30000000000001,28.400000000000002,-13.5
11811,206378.0,False,125.80000000000001,28.200000000000003,-13.8
11812,206398.0,False,126.30000000000001,28.0,-14.200000000000001
11813,206412.0,False,126.4,27.8,-14.600000000000001
11814,206430.0,False,126.30000000000001,27.3,-14.700000000000001
11815,206445.0,False,126.2,26.6,-14.8
11816,206462.0,False,126.2,25.8,-15.0
11817,206480.0,False,126.10000000000001,25.0,-15.200000000000001
11818,206495.0,False,125.9,24.400000000000002,-15.3
11819,206513.0,False,125.60000000000001,24.200000000000003,-15.200000000000001
11820,206531.0,False,125.30000000000001,24.400000000000002,-15.0
11821,206547.0,False,125.0,25.0,-14.600000000000001
11822,206562.0,False,124.60000000000001,25.700000000000003,-14.0
11823,206584.0,False,124.4,26.3,-12.4
11824,206612.0,False,124.2,26.3,-11.600000000000001
11825,206629.0,False,124.10000000000001,26.1,-11.0
11826,206647.0,False,123.80000000000001,26.0,-10.600000000000001
11827,206662.0,False,123.5,26.1,-10.200000000000001
11828,206682.0,False,122.9,26.6,-9.700000000000001
11829,206696.0,False,122.30000000000001,27.200000000000003,-9.0
11830,206712.0,False,121.80000000000001,27.900000000000002,-8.200000000000001
11831,206728.0,False,121.30000000000001,28.5,-7.300000000000001
11832,206745.0,False,121.0,28.900000000000002,-6.6000000000000005
11833,206762.0,False,120.9,29.200000000000003,-6.1000000000000005
11834,206779.0,False,120.9,29.400000000000002,-5.6000000000000005
11835,206797.0,False,120.9,29.5,-5.4
11836,206813.0,False,121.10000000000001,29.5,-5.4
11837,206829.0,False,121.30000000000001,29.5,-5.7
11838,206848.0,False,121.5,29.700000000000003,-6.1000000000000005
11839,206862.0,False,121.5,29.900000000000002,-6.5
11840,206879.0,False,121.60000000000001,30.200000000000003,-6.800000000000001
11841,206896.0,False,121.7,30.6,-7.0
11842,206912.0,False,121.80000000000001,30.900000000000002,-7.1000000000000005
11843,206929.0,False,122.10000000000001,31.1,-7.4
11844,206945.0,False,122.60000000000001,31.3,-7.9
11845,206962.0,False,123.10000000000001,31.200000000000003,-8.3
11846,206978.0,False,123.4,31.0,-8.6
11847,206995.0,False,123.80000000000001,30.6,-8.8
11848,207012.0,False,124.0,30.1,-8.9
11849,207029.0,False,124.0,29.6,-8.8
11850,207045.0,False,124.2,29.0,-8.6
11851,207062.0,False,124.60000000000001,28.400000000000002,-8.200000000000001
11852,207079.0,False,125.2,27.900000000000002,-7.7
11853,207099.0,False,126.0,27.6,-7.4
11854,207118.0,False,126.9,27.5,-7.6000000000000005
11855,207129.0,False,127.5,27.5,-8.200000000000001
11856,207145.0,False,128.0,27.400000000000002,-8.9
11857,207164.0,False,128.4,27.400000000000002,-9.600000000000001
11858,207179.0,False,128.70000000000002,27.3,-10.200000000000001
11859,207195.0,False,129.0,27.1,-10.600000000000001
11860,207214.0,False,129.4,27.0,-10.8
11861,207229.0,False,129.70000000000002,26.8,-10.700000000000001
11862,207245.0,False,130.1,26.700000000000003,-10.3
11863,207263.0,False,130.6,26.5,-9.700000000000001
11864,207279.0,False,131.3,26.3,-9.0
11865,207298.0,False,132.0,26.200000000000003,-8.200000000000001
11866,207312.0,False,132.9,26.0,-7.800000000000001
11867,207328.0,False,133.6,25.8,-7.6000000000000005
11868,207345.0,False,134.1,25.6,-7.9
11869,207362.0,False,134.5,25.200000000000003,-8.5
11870,207379.0,False,134.8,24.700000000000003,-9.3
11871,207398.0,False,134.9,24.200000000000003,-10.3
11872,207414.0,False,135.0,23.700000000000003,-11.3
11873,207431.0,False,135.1,23.3,-12.200000000000001
11874,207445.0,False,135.20000000000002,23.200000000000003,-12.9
11875,207462.0,False,135.3,23.3,-13.3
11876,207479.0,False,135.4,23.6,-13.4
11877,207498.0,False,135.4,24.0,-13.200000000000001
11878,207515.0,False,135.5,24.400000000000002,-12.700000000000001
11879,207531.0,False,135.6,24.900000000000002,-12.100000000000001
11880,207545.0,False,135.8,25.200000000000003,-11.4
11881,207564.0,False,136.0,25.5,-10.8
11882,207580.0,False,136.3,25.700000000000003,-10.5
11883,207596.0,False,136.4,26.0,-10.3
11884,207624.0,False,135.8,26.700000000000003,-9.9
11885,207645.0,False,135.5,27.1,-9.600000000000001
11886,207662.0,False,135.4,27.700000000000003,-9.5
11887,207679.0,False,135.4,28.3,-9.5
11888,207696.0,False,135.3,28.900000000000002,-9.600000000000001
11889,207716.0,False,135.1,29.3,-9.700000000000001
11890,207729.0,False,134.8,29.6,-10.0
11891,207745.0,False,134.3,29.900000000000002,-10.4
11892,207762.0,False,133.8,30.0,-10.8
11893,207780.0,False,133.20000000000002,29.900000000000002,-11.200000000000001
11894,207801.0,False,132.5,29.6,-11.4
11895,207812.0,False,131.9,29.200000000000003,-11.4
11896,207829.0,False,131.20000000000002,28.6,-11.100000000000001
11897,207847.0,False,130.70000000000002,28.0,-10.700000000000001
11898,207863.0,False,130.4,27.5,-10.5
11899,207883.0,False,130.1,27.0,-10.5
11900,207896.0,False,129.70000000000002,26.400000000000002,-10.700000000000001
11901,207914.0,False,129.0,25.8,-11.200000000000001
11902,207930.0,False,128.0,25.0,-11.8
11903,207945.0,False,126.7,24.200000000000003,-12.3
11904,207967.0,False,125.4,23.400000000000002,-12.8
11905,207979.0,False,124.10000000000001,22.8,-13.100000000000001
11906,207999.0,False,123.10000000000001,22.3,-13.5
11907,208015.0,False,122.4,22.1,-13.8
11908,208029.0,False,122.0,21.900000000000002,-14.0
11909,208045.0,False,121.80000000000001,21.900000000000002,-14.100000000000001
11910,208063.0,False,122.0,22.0,-14.5
11911,208079.0,False,122.2,22.1,-15.0
11912,208095.0,False,122.60000000000001,22.1,-15.700000000000001
11913,208113.0,False,123.0,22.1,-16.400000000000002
11914,208132.0,False,123.4,22.3,-17.0
11915,208146.0,False,123.9,22.900000000000002,-17.6
11916,208162.0,False,124.4,23.6,-18.2
11917,208180.0,False,124.7,24.200000000000003,-18.400000000000002
11918,208196.0,False,125.0,24.8,-18.400000000000002
11919,208213.0,False,125.30000000000001,25.1,-18.2
11920,208229.0,False,125.80000000000001,25.200000000000003,-18.1
11921,208245.0,False,126.5,25.0,-18.2
11922,208262.0,False,127.30000000000001,24.5,-18.400000000000002
11923,208279.0,False,128.1,23.8,-18.7
11924,208329.0,False,130.1,22.3,-19.5
11925,208353.0,False,131.1,22.5,-19.400000000000002
11926,208382.0,False,131.8,22.8,-19.3
11927,208396.0,False,132.6,23.0,-19.200000000000003
11928,208426.0,False,134.4,23.0,-18.8
11929,208446.0,False,135.4,22.700000000000003,-18.3
11930,208470.0,False,136.6,22.200000000000003,-17.5
11931,208479.0,False,137.70000000000002,21.8,-16.6
11932,208496.0,False,138.9,21.700000000000003,-16.0
11933,208517.0,False,140.20000000000002,22.0,-15.700000000000001
11934,208530.0,False,141.3,22.400000000000002,-15.600000000000001
11935,208545.0,False,142.20000000000002,22.8,-15.700000000000001
11936,208562.0,False,143.0,23.0,-15.8
11937,208580.0,False,143.8,22.900000000000002,-16.1
11938,208598.0,False,144.5,22.700000000000003,-16.5
11939,208617.0,False,145.20000000000002,22.5,-17.0
11940,208629.0,False,146.0,22.3,-17.7
11941,208645.0,False,146.5,22.200000000000003,-18.400000000000002
11942,208663.0,False,146.70000000000002,22.200000000000003,-19.0
11943,208682.0,False,146.6,22.3,-19.3
11944,208695.0,False,146.20000000000002,22.400000000000002,-19.1
11945,208715.0,False,145.70000000000002,22.5,-18.7
11946,208730.0,False,145.3,22.700000000000003,-18.0
11947,208745.0,False,144.9,23.1,-17.5
11948,208768.0,False,144.5,23.700000000000003,-17.0
11949,208779.0,False,143.8,24.5,-16.5
11950,208795.0,False,143.0,25.3,-15.9
11951,208824.0,False,142.3,26.0,-15.100000000000001
11952,208831.0,False,141.8,26.400000000000002,-14.3
11953,208846.0,False,141.6,26.6,-13.5
11954,208862.0,False,141.4,26.700000000000003,-12.9
11955,208879.0,False,141.1,26.700000000000003,-12.4
11956,208896.0,False,140.6,26.8,-12.200000000000001
11957,208917.0,False,139.9,27.0,-12.100000000000001
11958,208929.0,False,139.0,27.3,-12.200000000000001
11959,208946.0,False,138.0,27.6,-12.0
11960,208972.0,False,136.9,27.8,-11.600000000000001
11961,208980.0,False,135.70000000000002,27.6,-10.8
11962,208995.0,False,134.4,27.3,-9.8
11963,209016.0,False,132.6,26.700000000000003,-8.6
11964,209029.0,False,130.6,26.200000000000003,-7.4
11965,209045.0,False,128.5,26.0,-6.2
11966,209063.0,False,126.9,26.200000000000003,-5.4
11967,209079.0,False,125.60000000000001,26.6,-5.2
11968,209095.0,False,124.5,27.1,-5.2
11969,209112.0,False,123.30000000000001,27.5,-5.300000000000001
11970,209136.0,False,122.0,27.700000000000003,-5.4
11971,209146.0,False,120.9,27.700000000000003,-5.6000000000000005
11972,209162.0,False,120.0,27.700000000000003,-5.9
11973,209181.0,False,119.4,27.5,-6.4
11974,209196.0,False,119.0,27.400000000000002,-7.2
11975,209214.0,False,118.60000000000001,27.3,-7.800000000000001
11976,209230.0,False,118.4,27.1,-8.4
11977,209245.0,False,118.30000000000001,26.8,-8.9
11978,209262.0,False,118.30000000000001,26.5,-9.200000000000001
11979,209279.0,False,118.5,26.200000000000003,-9.5
11980,209295.0,False,119.0,25.900000000000002,-9.8
11981,209315.0,False,119.5,25.8,-10.0
11982,209329.0,False,119.9,25.700000000000003,-10.0
11983,209345.0,False,120.4,25.700000000000003,-9.700000000000001
11984,209362.0,False,120.9,25.6,-9.3
11985,209380.0,False,121.7,25.3,-8.9
11986,209396.0,False,122.60000000000001,24.8,-8.6
11987,209416.0,False,123.80000000000001,24.200000000000003,-8.6
11988,209430.0,False,125.10000000000001,23.6,-8.700000000000001
11989,209450.0,False,126.5,22.900000000000002,-9.0
11990,209463.0,False,127.9,22.0,-9.3
11991,209480.0,False,129.3,21.1,-9.600000000000001
11992,209495.0,False,130.70000000000002,20.3,-9.700000000000001
11993,209513.0,False,131.9,19.6,-9.700000000000001
11994,209530.0,False,133.0,19.1,-9.600000000000001
11995,209546.0,False,133.9,18.8,-9.3
11996,209567.0,False,134.70000000000002,18.6,-8.9
11997,209579.0,False,135.5,18.7,-8.5
11998,209601.0,False,136.20000000000002,19.0,-7.9
11999,209613.0,False,136.9,19.3,-7.4
12000,209629.0,False,137.6,19.700000000000003,-7.0
12001,209649.0,False,138.3,20.0,-6.5
12002,209663.0,False,139.0,20.200000000000003,-6.2
12003,209684.0,False,139.8,20.3,-6.0
12004,209695.0,False,140.70000000000002,20.400000000000002,-5.800000000000001
12005,209722.0,False,141.6,20.3,-5.800000000000001
12006,209734.0,False,142.70000000000002,20.0,-5.800000000000001
12007,209746.0,False,143.70000000000002,19.700000000000003,-5.9
12008,209762.0,False,144.8,19.400000000000002,-6.0
12009,209780.0,False,145.8,19.3,-6.300000000000001
12010,209799.0,False,146.70000000000002,19.1,-6.800000000000001
12011,209817.0,False,147.5,18.900000000000002,-7.5
12012,209829.0,False,147.9,18.6,-8.1
12013,209846.0,False,148.1,18.1,-8.4
12014,209863.0,False,148.0,17.400000000000002,-8.0
12015,209882.0,False,147.9,16.8,-6.800000000000001
12016,209896.0,False,147.6,16.6,-5.2
12017,209912.0,False,147.1,16.900000000000002,-3.1
12018,209930.0,False,146.4,17.8,-0.9
12019,209945.0,False,145.70000000000002,19.1,1.1
12020,209966.0,False,145.1,20.700000000000003,2.6
12021,209979.0,False,144.5,22.200000000000003,3.3000000000000003
12022,209996.0,False,144.20000000000002,23.400000000000002,3.3000000000000003
12023,210015.0,False,144.1,24.1,2.7
12024,210028.0,False,143.8,24.400000000000002,1.8
12025,210046.0,False,143.4,24.700000000000003,0.7000000000000001
12026,210062.0,False,142.8,24.900000000000002,-0.4
12027,210079.0,False,141.9,25.200000000000003,-1.3
12028,210096.0,False,140.8,25.5,-1.8
12029,210113.0,False,139.4,25.900000000000002,-1.9000000000000001
12030,210128.0,False,137.8,26.200000000000003,-1.6
12031,210145.0,False,136.20000000000002,26.5,-1.2000000000000002
12032,210162.0,False,134.70000000000002,26.700000000000003,-0.8
12033,210179.0,False,133.3,26.8,-0.5
12034,210195.0,False,132.1,26.6,-0.4
12035,210221.0,False,130.9,26.3,-0.5
12036,210229.0,False,129.70000000000002,25.700000000000003,-1.0
12037,210250.0,False,128.6,25.0,-1.7000000000000002
12038,210263.0,False,127.60000000000001,24.1,-2.5
12039,210280.0,False,126.7,23.1,-3.5
12040,210295.0,False,125.80000000000001,22.200000000000003,-4.5
12041,210317.0,False,125.10000000000001,21.5,-5.4
12042,210329.0,False,124.4,21.0,-6.2
12043,210346.0,False,123.7,20.700000000000003,-6.7
12044,210364.0,False,123.10000000000001,20.700000000000003,-6.9
12045,210379.0,False,122.5,21.0,-6.9
12046,210395.0,False,122.0,21.3,-6.7
12047,210421.0,False,121.5,21.8,-5.5
12048,210446.0,False,121.4,22.1,-4.800000000000001
12049,210462.0,False,121.60000000000001,22.1,-4.3
12050,210479.0,False,122.2,21.700000000000003,-4.3
12051,210495.0,False,123.2,21.200000000000003,-5.0
12052,210520.0,False,124.2,20.6,-6.1000000000000005
12053,210529.0,False,125.0,19.900000000000002,-7.1000000000000005
12054,210547.0,False,125.9,19.5,-7.6000000000000005
12055,210562.0,False,126.9,19.200000000000003,-7.6000000000000005
12056,210579.0,False,128.1,19.200000000000003,-7.300000000000001
12057,210598.0,False,129.6,19.6,-6.9
12058,210613.0,False,131.3,20.3,-6.7
12059,210630.0,False,132.9,21.3,-6.800000000000001
12060,210647.0,False,134.20000000000002,22.200000000000003,-7.0
12061,210662.0,False,135.5,23.0,-7.2
12062,210682.0,False,136.5,23.6,-7.4
12063,210695.0,False,137.5,24.3,-7.5
12064,210714.0,False,138.3,24.900000000000002,-7.7
12065,210729.0,False,139.1,25.5,-7.7
12066,210745.0,False,139.8,26.1,-7.5
12067,210763.0,False,140.4,26.5,-7.1000000000000005
12068,210779.0,False,141.1,26.900000000000002,-6.7
12069,210798.0,False,141.70000000000002,27.1,-6.300000000000001
12070,210815.0,False,142.20000000000002,27.3,-6.1000000000000005
12071,210829.0,False,142.8,27.400000000000002,-6.0
12072,210848.0,False,143.3,27.3,-6.1000000000000005
12073,210863.0,False,143.9,27.0,-6.300000000000001
12074,210879.0,False,144.4,26.400000000000002,-6.6000000000000005
12075,210897.0,False,144.8,25.700000000000003,-6.800000000000001
12076,210913.0,False,145.0,25.1,-6.800000000000001
12077,210935.0,False,145.1,24.700000000000003,-6.5
12078,210945.0,False,145.0,24.700000000000003,-5.800000000000001
12079,210963.0,False,144.70000000000002,24.900000000000002,-4.800000000000001
12080,210978.0,False,144.20000000000002,25.200000000000003,-3.4000000000000004
12081,210995.0,False,143.6,25.3,-1.7000000000000002
12082,211012.0,False,143.20000000000002,25.200000000000003,0.2
12083,211029.0,False,142.9,24.900000000000002,1.8
12084,211045.0,False,142.70000000000002,24.700000000000003,2.8000000000000003
12085,211062.0,False,142.5,24.6,3.1
12086,211079.0,False,142.0,24.5,3.0
12087,211095.0,False,141.5,24.400000000000002,2.5
12088,211112.0,False,141.0,24.200000000000003,1.9000000000000001
12089,211129.0,False,140.6,24.1,1.3
12090,211145.0,False,140.20000000000002,24.0,0.9
12091,211162.0,False,139.8,24.200000000000003,0.5
12092,211182.0,False,139.5,24.8,0.0
12093,211196.0,False,139.0,25.5,-0.5
12094,211214.0,False,138.4,26.400000000000002,-1.0
12095,211230.0,False,137.8,27.200000000000003,-1.4000000000000001
12096,211246.0,False,137.1,27.8,-1.7000000000000002
12097,211262.0,False,136.3,28.3,-1.8
12098,211279.0,False,135.6,28.700000000000003,-1.9000000000000001
12099,211295.0,False,135.0,29.0,-2.0
12100,211314.0,False,134.4,29.3,-2.3000000000000003
12101,211330.0,False,134.0,29.400000000000002,-2.8000000000000003
12102,211346.0,False,133.5,29.3,-3.4000000000000004
12103,211363.0,False,133.0,29.1,-4.1000000000000005
12104,211379.0,False,132.3,28.8,-4.800000000000001
12105,211395.0,False,131.6,28.400000000000002,-5.5
12106,211414.0,False,130.9,28.0,-6.1000000000000005
12107,211430.0,False,130.20000000000002,27.700000000000003,-6.7
12108,211446.0,False,129.8,27.400000000000002,-7.1000000000000005
12109,211463.0,False,129.5,27.1,-7.300000000000001
12110,211479.0,False,129.3,26.900000000000002,-7.4
12111,211498.0,False,129.1,26.700000000000003,-7.300000000000001
12112,211512.0,False,128.9,26.700000000000003,-7.1000000000000005
12113,211530.0,False,128.8,26.900000000000002,-6.9
12114,211548.0,False,128.70000000000002,27.1,-6.7
12115,211563.0,False,128.6,27.200000000000003,-6.5
12116,211579.0,False,128.70000000000002,27.1,-6.300000000000001
12117,211595.0,False,128.9,26.8,-6.1000000000000005
12118,211617.0,False,129.20000000000002,26.3,-5.9
12119,211629.0,False,129.5,25.700000000000003,-5.6000000000000005
12120,211654.0,False,130.3,24.700000000000003,-5.1000000000000005
12121,211682.0,False,130.70000000000002,24.3,-4.9
12122,211696.0,False,131.4,23.8,-4.9
12123,211712.0,False,132.1,23.3,-5.2
12124,211733.0,False,132.8,22.900000000000002,-5.800000000000001
12125,211746.0,False,133.3,22.5,-6.7
12126,211769.0,False,133.70000000000002,22.200000000000003,-7.800000000000001
12127,211779.0,False,133.8,21.8,-8.700000000000001
12128,211798.0,False,133.8,21.400000000000002,-9.3
12129,211814.0,False,133.70000000000002,21.3,-9.8
12130,211828.0,False,133.6,21.3,-10.200000000000001
12131,211846.0,False,133.5,21.5,-10.600000000000001
12132,211863.0,False,133.5,21.6,-10.9
12133,211879.0,False,133.5,21.5,-11.0
12134,211898.0,False,133.5,21.200000000000003,-11.0
12135,211929.0,False,133.70000000000002,20.400000000000002,-10.600000000000001
12136,211945.0,False,133.8,20.0,-10.5
12137,211963.0,False,134.0,19.700000000000003,-10.4
12138,211980.0,False,134.20000000000002,19.6,-10.5
12139,211995.0,False,134.20000000000002,19.5,-10.600000000000001
12140,212020.0,False,134.20000000000002,19.200000000000003,-11.200000000000001
12141,212051.0,False,134.0,18.900000000000002,-11.600000000000001
12142,212062.0,False,133.70000000000002,18.6,-12.100000000000001
12143,212081.0,False,133.3,18.3,-12.5
12144,212095.0,False,132.9,18.1,-13.0
12145,212118.0,False,132.4,17.900000000000002,-13.200000000000001
12146,212129.0,False,131.8,17.7,-13.3
12147,212146.0,False,131.1,17.400000000000002,-13.100000000000001
12148,212162.0,False,130.5,16.8,-12.8
12149,212180.0,False,130.1,16.3,-12.600000000000001
12150,212196.0,False,130.0,15.8,-13.0
12151,212216.0,False,129.8,15.5,-14.0
12152,212229.0,False,129.1,15.200000000000001,-15.200000000000001
12153,212246.0,False,128.1,15.0,-16.0
12154,212278.0,False,126.2,15.5,-16.6
12155,212296.0,False,125.5,16.3,-16.3
12156,212313.0,False,124.80000000000001,17.3,-15.8
12157,212329.0,False,124.10000000000001,18.6,-15.3
12158,212345.0,False,123.4,19.8,-15.0
12159,212363.0,False,122.60000000000001,21.0,-14.8
12160,212379.0,False,121.80000000000001,22.0,-14.600000000000001
12161,212415.0,False,119.9,23.0,-13.8
12162,212428.0,False,118.9,23.3,-13.100000000000001
12163,212446.0,False,117.9,23.400000000000002,-12.100000000000001
12164,212462.0,False,117.2,23.6,-11.100000000000001
12165,212478.0,False,116.5,24.0,-10.200000000000001
12166,212495.0,False,115.80000000000001,24.400000000000002,-9.5
12167,212512.0,False,115.10000000000001,24.900000000000002,-9.0
12168,212528.0,False,114.2,25.1,-8.9
12169,212546.0,False,113.30000000000001,25.1,-8.9
12170,212562.0,False,112.30000000000001,24.900000000000002,-9.1
12171,212580.0,False,111.4,24.5,-9.4
12172,212596.0,False,110.5,24.0,-9.700000000000001
12173,212612.0,False,109.80000000000001,23.6,-10.0
12174,212629.0,False,109.10000000000001,23.200000000000003,-10.3
12175,212646.0,False,108.60000000000001,23.0,-10.5
12176,212667.0,False,108.2,23.0,-10.600000000000001
12177,212679.0,False,107.9,23.1,-10.700000000000001
12178,212697.0,False,107.7,23.200000000000003,-10.8
12179,212712.0,False,107.5,23.5,-10.8
12180,212728.0,False,107.5,23.8,-10.9
12181,212748.0,False,107.60000000000001,24.1,-11.100000000000001
12182,212762.0,False,107.9,24.3,-11.5
12183,212778.0,False,108.10000000000001,24.400000000000002,-11.9
12184,212795.0,False,108.4,24.6,-12.100000000000001
12185,212822.0,False,109.10000000000001,24.6,-12.0
12186,212845.0,False,109.7,24.5,-11.600000000000001
12187,212873.0,False,111.7,24.200000000000003,-11.200000000000001
12188,212902.0,False,112.80000000000001,24.200000000000003,-11.3
12189,212916.0,False,114.0,24.400000000000002,-11.700000000000001
12190,212929.0,False,114.9,24.6,-12.100000000000001
12191,212950.0,False,115.5,24.900000000000002,-12.3
12192,212962.0,False,115.9,25.200000000000003,-12.5
12193,212980.0,False,116.2,25.400000000000002,-12.5
12194,212995.0,False,116.4,25.700000000000003,-12.3
12195,213012.0,False,116.60000000000001,26.0,-12.100000000000001
12196,213030.0,False,116.80000000000001,26.3,-11.8
12197,213046.0,False,117.10000000000001,26.400000000000002,-11.5
12198,213062.0,False,117.4,26.3,-11.3
12199,213079.0,False,117.80000000000001,26.1,-11.200000000000001
12200,213100.0,False,118.2,25.8,-11.3
12201,213116.0,False,118.7,25.400000000000002,-11.4
12202,213129.0,False,119.30000000000001,24.900000000000002,-11.600000000000001
12203,213148.0,False,120.0,24.400000000000002,-11.8
12204,213163.0,False,120.7,23.900000000000002,-12.100000000000001
12205,213183.0,False,121.30000000000001,23.6,-12.200000000000001
12206,213196.0,False,121.9,23.400000000000002,-12.3
12207,213214.0,False,122.5,23.3,-12.4
12208,213234.0,False,123.10000000000001,23.3,-12.600000000000001
12209,213246.0,False,123.4,23.3,-12.9
12210,213266.0,False,123.60000000000001,23.200000000000003,-13.3
12211,213280.0,False,123.4,23.200000000000003,-13.700000000000001
12212,213295.0,False,123.10000000000001,23.0,-13.9
12213,213314.0,False,122.7,22.700000000000003,-13.9
12214,213329.0,False,122.4,22.5,-13.700000000000001
12215,213346.0,False,122.0,22.5,-13.600000000000001
12216,213362.0,False,121.4,23.0,-13.600000000000001
12217,213381.0,False,120.5,23.700000000000003,-13.600000000000001
12218,213396.0,False,119.60000000000001,24.400000000000002,-13.600000000000001
12219,213416.0,False,118.9,24.8,-13.700000000000001
12220,213428.0,False,118.30000000000001,25.0,-13.700000000000001
12221,213446.0,False,117.9,25.200000000000003,-14.0
12222,213463.0,False,117.4,25.3,-14.4
12223,213478.0,False,116.80000000000001,25.5,-15.0
12224,213496.0,False,116.10000000000001,25.8,-15.700000000000001
12225,213512.0,False,115.2,26.0,-16.400000000000002
12226,213529.0,False,114.30000000000001,26.1,-16.7
12227,213548.0,False,113.30000000000001,26.1,-16.5
12228,213565.0,False,112.30000000000001,26.0,-16.0
12229,213579.0,False,111.4,25.900000000000002,-15.200000000000001
12230,213597.0,False,110.60000000000001,25.900000000000002,-14.3
12231,213617.0,False,109.80000000000001,25.900000000000002,-13.5
12232,213630.0,False,109.10000000000001,25.900000000000002,-13.0
12233,213647.0,False,108.30000000000001,25.8,-12.600000000000001
12234,213662.0,False,107.30000000000001,25.700000000000003,-12.3
12235,213681.0,False,106.30000000000001,25.6,-12.0
12236,213695.0,False,105.2,25.5,-11.8
12237,213713.0,False,104.2,25.400000000000002,-11.600000000000001
12238,213729.0,False,103.5,25.3,-11.5
12239,213746.0,False,103.0,25.400000000000002,-11.3
12240,213779.0,False,103.2,25.400000000000002,-11.200000000000001
12241,213805.0,False,103.7,25.3,-11.4
12242,213813.0,False,104.2,25.1,-11.5
12243,213830.0,False,104.80000000000001,24.8,-11.600000000000001
12244,213853.0,False,105.30000000000001,24.6,-11.5
12245,213862.0,False,106.0,24.400000000000002,-11.3
12246,213882.0,False,106.7,24.400000000000002,-11.100000000000001
12247,213895.0,False,107.5,24.3,-11.0
12248,213915.0,False,108.30000000000001,24.200000000000003,-11.100000000000001
12249,213929.0,False,108.9,24.1,-11.3
12250,213946.0,False,109.2,23.900000000000002,-11.600000000000001
12251,213962.0,False,109.4,23.400000000000002,-11.8
12252,213979.0,False,109.5,22.8,-11.8
12253,213996.0,False,109.7,22.1,-11.8
12254,214018.0,False,110.0,21.5,-11.8
12255,214028.0,False,110.4,21.200000000000003,-11.9
12256,214046.0,False,110.7,21.200000000000003,-12.0
12257,214062.0,False,110.80000000000001,21.3,-12.100000000000001
12258,214079.0,False,110.7,21.6,-12.0
12259,214097.0,False,110.4,22.1,-11.9
12260,214116.0,False,110.0,22.8,-11.700000000000001
12261,214129.0,False,109.60000000000001,23.6,-11.3
12262,214149.0,False,109.2,24.400000000000002,-10.9
12263,214163.0,False,108.9,25.3,-10.4
12264,214182.0,False,108.5,26.0,-9.8
12265,214196.0,False,108.30000000000001,26.6,-9.1
12266,214214.0,False,108.30000000000001,26.900000000000002,-8.6
12267,214264.0,False,109.4,26.6,-8.1
12268,214283.0,False,110.10000000000001,26.1,-8.5
12269,214295.0,False,110.7,25.6,-9.0
12270,214313.0,False,111.2,24.900000000000002,-9.4
12271,214328.0,False,111.7,24.0,-9.9
12272,214350.0,False,112.10000000000001,23.1,-10.3
12273,214362.0,False,112.4,22.200000000000003,-10.600000000000001
12274,214378.0,False,112.7,21.5,-10.700000000000001
12275,214400.0,False,113.0,21.1,-10.9
12276,214412.0,False,113.30000000000001,20.700000000000003,-11.200000000000001
12277,214433.0,False,113.4,20.400000000000002,-11.4
12278,214445.0,False,113.2,20.1,-11.600000000000001
12279,214462.0,False,112.9,19.8,-11.600000000000001
12280,214484.0,False,112.60000000000001,19.700000000000003,-11.5
12281,214495.0,False,112.30000000000001,20.0,-11.5
12282,214512.0,False,111.9,20.5,-11.600000000000001
12283,214531.0,False,111.4,21.0,-11.600000000000001
12284,214546.0,False,110.7,21.5,-11.3
12285,214563.0,False,110.10000000000001,21.900000000000002,-10.9
12286,214595.0,False,109.60000000000001,22.700000000000003,-10.4
12287,214616.0,False,109.5,23.200000000000003,-10.700000000000001
12288,214633.0,False,109.30000000000001,23.700000000000003,-11.3
12289,214646.0,False,108.9,24.200000000000003,-12.0
12290,214666.0,False,108.30000000000001,24.700000000000003,-12.4
12291,214678.0,False,107.5,25.3,-12.5
12292,214703.0,False,106.5,26.1,-12.200000000000001
12293,214713.0,False,105.7,27.200000000000003,-11.8
12294,214739.0,False,104.7,29.900000000000002,-10.600000000000001
12295,214762.0,False,104.5,31.0,-9.9
12296,214784.0,False,104.4,31.8,-9.3
12297,214796.0,False,104.2,32.1,-8.9
12298,214812.0,False,103.9,32.1,-8.700000000000001
12299,214829.0,False,103.5,31.8,-8.9
12300,214845.0,False,103.2,31.400000000000002,-9.3
12301,214864.0,False,103.0,30.700000000000003,-9.8
12302,214879.0,False,102.9,30.0,-10.4
12303,214896.0,False,102.9,29.0,-10.9
12304,214913.0,False,103.10000000000001,28.200000000000003,-11.3
12305,214932.0,False,103.4,27.6,-11.4
12306,214946.0,False,103.7,27.400000000000002,-11.4
12307,214962.0,False,104.0,27.700000000000003,-11.200000000000001
12308,214979.0,False,104.2,28.3,-10.9
12309,214995.0,False,104.60000000000001,28.900000000000002,-10.600000000000001
12310,215012.0,False,105.2,29.400000000000002,-10.600000000000001
12311,215029.0,False,105.9,29.5,-11.100000000000001
12312,215045.0,False,106.7,29.3,-11.700000000000001
12313,215065.0,False,107.4,28.900000000000002,-12.5
12314,215079.0,False,107.9,28.5,-13.100000000000001
12315,215097.0,False,108.30000000000001,28.1,-13.5
12316,215113.0,False,108.7,27.8,-13.700000000000001
12317,215129.0,False,109.10000000000001,27.6,-13.5
12318,215146.0,False,109.80000000000001,27.5,-13.200000000000001
12319,215163.0,False,110.80000000000001,27.400000000000002,-12.9
12320,215182.0,False,111.80000000000001,27.3,-12.600000000000001
12321,215195.0,False,112.80000000000001,27.1,-12.3
12322,215212.0,False,113.60000000000001,27.0,-12.100000000000001
12323,215229.0,False,114.10000000000001,27.0,-11.9
12324,215246.0,False,114.5,27.400000000000002,-11.8
12325,215265.0,False,114.7,28.1,-11.8
12326,215280.0,False,114.9,28.900000000000002,-11.9
12327,215296.0,False,115.10000000000001,29.8,-12.0
12328,215312.0,False,115.30000000000001,30.5,-12.200000000000001
12329,215328.0,False,115.5,31.1,-12.3
12330,215353.0,False,115.80000000000001,31.6,-12.4
12331,215363.0,False,116.0,32.1,-12.4
12332,215379.0,False,116.30000000000001,32.5,-12.200000000000001
12333,215395.0,False,116.7,32.7,-12.100000000000001
12334,215414.0,False,117.30000000000001,32.7,-12.100000000000001
12335,215434.0,False,118.10000000000001,32.4,-12.200000000000001
12336,215446.0,False,118.9,31.6,-12.5
12337,215463.0,False,119.80000000000001,30.5,-13.100000000000001
12338,215480.0,False,120.7,29.1,-13.9
12339,215496.0,False,121.60000000000001,27.6,-15.100000000000001
12340,215516.0,False,122.2,26.1,-16.5
12341,215528.0,False,122.60000000000001,24.700000000000003,-18.1
12342,215548.0,False,122.60000000000001,23.5,-19.700000000000003
12343,215563.0,False,122.2,22.6,-20.900000000000002
12344,215582.0,False,121.60000000000001,21.700000000000003,-21.6
12345,215596.0,False,121.0,21.0,-21.8
12346,215613.0,False,120.4,20.5,-21.700000000000003
12347,215629.0,False,119.7,20.5,-21.5
12348,215646.0,False,118.80000000000001,21.0,-21.3
12349,215664.0,False,117.9,21.6,-21.400000000000002
12350,215679.0,False,117.10000000000001,22.3,-21.700000000000003
12351,215701.0,False,116.5,23.0,-22.400000000000002
12352,215713.0,False,115.80000000000001,23.700000000000003,-23.3
12353,215730.0,False,115.0,24.6,-24.3
12354,215748.0,False,113.9,25.6,-25.200000000000003
12355,215763.0,False,112.60000000000001,26.6,-25.900000000000002
12356,215779.0,False,111.2,27.5,-26.1
12357,215796.0,False,109.80000000000001,28.400000000000002,-25.900000000000002
12358,215813.0,False,108.4,29.200000000000003,-25.200000000000003
12359,215833.0,False,107.10000000000001,29.900000000000002,-24.3
12360,215845.0,False,105.7,30.5,-23.3
12361,215862.0,False,104.4,31.1,-22.400000000000002
12362,215881.0,False,103.0,31.6,-21.6
12363,215895.0,False,101.7,31.8,-21.1
12364,215912.0,False,100.4,31.900000000000002,-20.8
12365,215933.0,False,99.0,31.6,-20.6
12366,215946.0,False,97.60000000000001,31.1,-20.3
12367,215963.0,False,96.4,30.3,-20.1
12368,215978.0,False,95.5,29.400000000000002,-20.0
12369,215998.0,False,94.80000000000001,28.5,-20.0
12370,216012.0,False,94.4,27.700000000000003,-20.1
12371,216029.0,False,94.0,27.1,-20.1
12372,216045.0,False,93.60000000000001,26.6,-20.200000000000003
12373,216065.0,False,93.30000000000001,26.3,-20.1
12374,216078.0,False,93.0,26.1,-20.0
12375,216100.0,False,92.80000000000001,26.0,-19.8
12376,216112.0,False,92.7,26.0,-19.6
12377,216130.0,False,92.9,26.1,-19.6
12378,216145.0,False,93.10000000000001,26.1,-19.8
12379,216168.0,False,93.5,26.1,-20.0
12380,216179.0,False,94.0,25.900000000000002,-20.3
12381,216203.0,False,94.30000000000001,25.6,-20.3
12382,216212.0,False,94.30000000000001,25.200000000000003,-19.900000000000002
12383,216228.0,False,94.10000000000001,24.6,-19.3
12384,216245.0,False,93.9,23.900000000000002,-18.400000000000002
12385,216262.0,False,94.0,23.3,-17.400000000000002
12386,216280.0,False,94.4,22.900000000000002,-16.3
12387,216295.0,False,95.10000000000001,22.6,-15.4
12388,216312.0,False,96.0,22.6,-14.5
12389,216329.0,False,97.0,22.6,-13.8
12390,216346.0,False,97.9,22.8,-13.4
12391,216362.0,False,98.7,23.0,-13.200000000000001
12392,216378.0,False,99.4,23.200000000000003,-13.200000000000001
12393,216395.0,False,100.10000000000001,23.3,-13.5
12394,216414.0,False,100.7,23.3,-13.8
12395,216429.0,False,101.2,23.200000000000003,-14.100000000000001
12396,216445.0,False,101.80000000000001,22.8,-14.3
12397,216462.0,False,102.5,22.400000000000002,-14.4
12398,216479.0,False,103.2,21.8,-14.3
12399,216495.0,False,104.10000000000001,21.1,-14.3
12400,216512.0,False,105.0,20.6,-14.3
12401,216531.0,False,105.80000000000001,20.1,-14.4
12402,216545.0,False,106.4,19.8,-14.4
12403,216562.0,False,106.9,19.6,-14.5
12404,216578.0,False,107.30000000000001,19.400000000000002,-14.600000000000001
12405,216596.0,False,107.80000000000001,19.1,-14.700000000000001
12406,216622.0,False,108.2,18.7,-14.8
12407,216629.0,False,108.60000000000001,18.2,-14.9
12408,216647.0,False,109.10000000000001,17.7,-15.0
12409,216662.0,False,109.5,17.3,-15.200000000000001
12410,216678.0,False,109.80000000000001,16.900000000000002,-15.4
12411,216695.0,False,110.0,16.6,-15.600000000000001
12412,216712.0,False,110.2,16.400000000000002,-15.8
12413,216731.0,False,110.4,16.3,-15.9
12414,216746.0,False,110.5,16.3,-16.1
12415,216762.0,False,110.7,16.5,-16.5
12416,216778.0,False,110.9,16.8,-17.3
12417,216798.0,False,111.0,17.1,-18.3
12418,216812.0,False,110.9,17.400000000000002,-19.3
12419,216831.0,False,110.60000000000001,17.6,-20.200000000000003
12420,216845.0,False,110.30000000000001,17.6,-20.8
12421,216866.0,False,110.2,17.5,-21.3
12422,216879.0,False,110.10000000000001,17.7,-21.900000000000002
12423,216896.0,False,110.10000000000001,18.1,-22.6
12424,216936.0,False,109.80000000000001,20.0,-25.0
12425,216945.0,False,109.30000000000001,21.1,-26.3
12426,216962.0,False,108.60000000000001,22.3,-27.5
12427,216981.0,False,107.5,23.5,-28.200000000000003
12428,216995.0,False,106.10000000000001,24.6,-28.3
12429,217013.0,False,104.60000000000001,25.900000000000002,-27.6
12430,217028.0,False,103.0,27.3,-26.0
12431,217045.0,False,101.4,28.8,-24.200000000000003
12432,217063.0,False,100.0,30.400000000000002,-22.6
12433,217078.0,False,98.7,32.1,-21.3
12434,217096.0,False,97.30000000000001,33.7,-20.0
12435,217115.0,False,95.9,34.9,-18.900000000000002
12436,217129.0,False,94.4,35.7,-17.900000000000002
12437,217146.0,False,92.9,36.0,-17.1
12438,217164.0,False,91.2,36.0,-16.400000000000002
12439,217178.0,False,89.4,35.7,-15.8
12440,217195.0,False,87.7,35.1,-15.200000000000001
12441,217216.0,False,86.10000000000001,34.300000000000004,-14.8
12442,217229.0,False,84.5,33.300000000000004,-14.3
12443,217249.0,False,83.10000000000001,32.1,-13.9
12444,217262.0,False,81.7,31.200000000000003,-13.5
12445,217278.0,False,80.5,30.700000000000003,-12.9
12446,217295.0,False,79.7,30.6,-12.4
12447,217313.0,False,79.5,30.5,-12.200000000000001
12448,217330.0,False,79.7,30.3,-12.4
12449,217345.0,False,80.2,29.900000000000002,-12.9
12450,217362.0,False,80.7,29.200000000000003,-13.5
12451,217379.0,False,81.2,28.3,-14.200000000000001
12452,217395.0,False,81.60000000000001,27.400000000000002,-15.100000000000001
12453,217412.0,False,82.10000000000001,26.3,-16.1
12454,217430.0,False,82.80000000000001,25.1,-17.1
12455,217447.0,False,83.5,23.900000000000002,-18.0
12456,217462.0,False,84.2,23.0,-18.7
12457,217479.0,False,84.80000000000001,22.400000000000002,-19.0
12458,217495.0,False,85.4,22.200000000000003,-19.0
12459,217517.0,False,85.9,22.400000000000002,-18.900000000000002
12460,217529.0,False,86.30000000000001,22.900000000000002,-18.6
12461,217545.0,False,86.60000000000001,23.5,-18.2
12462,217562.0,False,86.9,23.900000000000002,-17.8
12463,217579.0,False,87.2,24.1,-17.400000000000002
12464,217595.0,False,87.60000000000001,24.0,-16.900000000000002
12465,217612.0,False,88.0,23.700000000000003,-16.5
12466,217631.0,False,88.5,23.3,-16.2
12467,217647.0,False,89.10000000000001,22.900000000000002,-16.0
12468,217662.0,False,89.7,22.5,-15.9
12469,217679.0,False,90.30000000000001,22.3,-15.9
12470,217695.0,False,90.80000000000001,22.1,-16.1
12471,217712.0,False,91.4,21.900000000000002,-16.3
12472,217728.0,False,91.9,21.700000000000003,-16.5
12473,217745.0,False,92.4,21.400000000000002,-16.7
12474,217762.0,False,92.9,21.0,-16.900000000000002
12475,217781.0,False,93.30000000000001,20.6,-17.1
12476,217796.0,False,93.80000000000001,20.0,-17.2
12477,217813.0,False,94.30000000000001,19.3,-17.2
12478,217828.0,False,94.9,18.8,-17.3
12479,217845.0,False,95.4,18.6,-17.2
12480,217864.0,False,95.80000000000001,18.6,-17.0
12481,217878.0,False,96.2,18.8,-16.8
12482,217896.0,False,96.4,19.0,-16.7
12483,217912.0,False,96.7,19.200000000000003,-16.7
12484,217929.0,False,97.0,19.200000000000003,-16.900000000000002
12485,217950.0,False,97.2,19.1,-17.3
12486,217962.0,False,97.4,18.900000000000002,-17.900000000000002
12487,217980.0,False,97.30000000000001,18.900000000000002,-18.5
12488,217996.0,False,97.0,19.0,-19.0
12489,218012.0,False,96.7,19.200000000000003,-19.3
12490,218028.0,False,96.5,19.400000000000002,-19.3
12491,218045.0,False,96.2,19.5,-19.200000000000003
12492,218062.0,False,96.0,19.400000000000002,-19.0
12493,218079.0,False,95.80000000000001,19.3,-18.6
12494,218095.0,False,95.60000000000001,19.3,-18.3
12495,218112.0,False,95.30000000000001,19.5,-18.1
12496,218135.0,False,95.0,20.0,-17.900000000000002
12497,218146.0,False,94.5,20.6,-17.900000000000002
12498,218169.0,False,93.80000000000001,21.1,-17.8
12499,218179.0,False,93.0,21.5,-17.7
12500,218212.0,False,91.30000000000001,21.400000000000002,-16.900000000000002
12501,218228.0,False,90.5,21.1,-16.1
12502,218253.0,False,89.9,20.700000000000003,-15.200000000000001
12503,218262.0,False,89.30000000000001,20.3,-14.3
12504,218280.0,False,88.7,19.900000000000002,-13.600000000000001
12505,218295.0,False,88.2,19.6,-13.200000000000001
12506,218312.0,False,87.7,19.1,-13.100000000000001
12507,218328.0,False,87.0,18.6,-13.200000000000001
12508,218356.0,False,85.9,17.1,-13.700000000000001
12509,218379.0,False,85.4,16.3,-14.0
12510,218399.0,False,85.10000000000001,15.700000000000001,-14.4
12511,218412.0,False,85.0,15.200000000000001,-14.700000000000001
12512,218433.0,False,85.10000000000001,15.0,-15.100000000000001
12513,218445.0,False,85.30000000000001,14.9,-15.5
12514,218467.0,False,85.7,14.8,-16.0
12515,218480.0,False,86.10000000000001,14.8,-16.900000000000002
12516,218499.0,False,86.60000000000001,14.700000000000001,-18.0
12517,218513.0,False,87.0,14.600000000000001,-19.400000000000002
12518,218529.0,False,87.4,14.4,-20.700000000000003
12519,218554.0,False,87.80000000000001,14.200000000000001,-22.0
12520,218563.0,False,88.10000000000001,14.100000000000001,-23.0
12521,218580.0,False,88.5,14.100000000000001,-23.400000000000002
12522,218595.0,False,88.7,14.5,-23.1
12523,218612.0,False,89.0,15.100000000000001,-22.1
12524,218632.0,False,89.30000000000001,15.9,-20.6
12525,218646.0,False,89.9,16.7,-19.0
12526,218665.0,False,90.7,17.6,-17.5
12527,218679.0,False,91.80000000000001,18.5,-16.5
12528,218695.0,False,93.10000000000001,19.5,-15.8
12529,218712.0,False,94.4,20.5,-15.200000000000001
12530,218728.0,False,95.60000000000001,21.5,-14.8
12531,218745.0,False,96.7,22.3,-14.4
12532,218762.0,False,97.80000000000001,22.900000000000002,-14.200000000000001
12533,218780.0,False,98.80000000000001,23.3,-14.0
12534,218795.0,False,99.80000000000001,23.5,-14.0
12535,218813.0,False,100.7,23.400000000000002,-14.0
12536,218834.0,False,101.60000000000001,23.1,-14.100000000000001
12537,218845.0,False,102.5,22.700000000000003,-14.200000000000001
12538,218861.0,False,103.4,22.1,-14.4
12539,218879.0,False,104.30000000000001,21.400000000000002,-14.600000000000001
12540,218896.0,False,105.2,20.700000000000003,-14.8
12541,218912.0,False,106.10000000000001,20.1,-14.9
12542,218928.0,False,106.9,19.5,-15.100000000000001
12543,218945.0,False,107.7,19.0,-15.3
12544,218966.0,False,108.4,18.7,-15.700000000000001
12545,218986.0,False,109.10000000000001,18.400000000000002,-16.1
12546,218995.0,False,109.80000000000001,18.0,-16.400000000000002
12547,219015.0,False,110.30000000000001,17.5,-16.8
12548,219029.0,False,110.80000000000001,17.1,-17.2
12549,219048.0,False,111.2,16.7,-17.5
12550,219062.0,False,111.30000000000001,16.5,-17.8
12551,219084.0,False,111.4,16.5,-18.0
12552,219098.0,False,111.4,16.7,-18.3
12553,219119.0,False,111.2,17.0,-18.5
12554,219134.0,False,111.0,17.5,-18.6
12555,219145.0,False,110.80000000000001,18.1,-18.7
12556,219161.0,False,110.30000000000001,18.900000000000002,-18.6
12557,219179.0,False,109.80000000000001,19.700000000000003,-18.3
12558,219195.0,False,109.2,20.400000000000002,-17.900000000000002
12559,219212.0,False,108.80000000000001,20.900000000000002,-17.5
12560,219232.0,False,108.60000000000001,21.200000000000003,-17.3
12561,219246.0,False,108.4,21.400000000000002,-17.3
12562,219262.0,False,108.10000000000001,21.5,-17.6
12563,219280.0,False,107.7,21.700000000000003,-18.0
12564,219302.0,False,107.10000000000001,22.0,-18.6
12565,219312.0,False,106.30000000000001,22.400000000000002,-19.1
12566,219328.0,False,105.5,22.8,-19.6
12567,219346.0,False,104.5,23.1,-19.900000000000002
12568,219365.0,False,103.5,23.200000000000003,-19.900000000000002
12569,219379.0,False,102.4,23.200000000000003,-19.6
12570,219403.0,False,101.30000000000001,23.1,-19.0
12571,219412.0,False,100.4,22.900000000000002,-18.3
12572,219428.0,False,99.60000000000001,22.6,-17.6
12573,219446.0,False,98.9,22.3,-17.0
12574,219462.0,False,98.2,22.0,-16.6
12575,219479.0,False,97.4,21.700000000000003,-16.2
12576,219496.0,False,96.5,21.5,-15.8
12577,219511.0,False,95.7,21.400000000000002,-15.5
12578,219545.0,False,93.9,21.5,-14.600000000000001
12579,219562.0,False,93.0,21.900000000000002,-13.9
12580,219581.0,False,92.4,22.400000000000002,-13.3
12581,219595.0,False,92.10000000000001,23.0,-12.8
12582,219620.0,False,91.9,23.400000000000002,-12.5
12583,219628.0,False,91.80000000000001,23.700000000000003,-12.200000000000001
12584,219645.0,False,91.60000000000001,23.8,-11.9
12585,219663.0,False,91.60000000000001,23.8,-11.600000000000001
12586,219679.0,False,91.7,23.700000000000003,-11.4
12587,219699.0,False,92.10000000000001,23.6,-11.200000000000001
12588,219728.0,False,93.10000000000001,23.1,-10.8
12589,219745.0,False,93.5,22.900000000000002,-10.700000000000001
12590,219762.0,False,93.80000000000001,22.5,-10.5
12591,219779.0,False,94.2,22.0,-10.5
12592,219799.0,False,94.80000000000001,21.200000000000003,-10.700000000000001
12593,219812.0,False,95.5,20.400000000000002,-11.100000000000001
12594,219828.0,False,96.4,19.400000000000002,-11.700000000000001
12595,219845.0,False,97.5,18.400000000000002,-12.3
12596,219862.0,False,98.5,17.3,-12.8
12597,219878.0,False,99.5,16.2,-12.9
12598,219895.0,False,100.5,15.200000000000001,-12.700000000000001
12599,219926.0,False,102.4,14.200000000000001,-11.9
12600,219946.0,False,103.30000000000001,14.0,-11.3
12601,219969.0,False,104.10000000000001,14.100000000000001,-10.700000000000001
12602,219978.0,False,104.80000000000001,14.4,-9.9
12603,219995.0,False,105.5,14.9,-9.0
12604,220016.0,False,106.30000000000001,15.600000000000001,-8.3
12605,220028.0,False,107.10000000000001,16.400000000000002,-7.7
12606,220045.0,False,107.9,17.2,-7.4
12607,220062.0,False,108.60000000000001,18.0,-7.2
12608,220079.0,False,109.4,18.6,-7.4
12609,220099.0,False,110.2,19.0,-7.800000000000001
12610,220115.0,False,111.2,19.200000000000003,-8.5
12611,220129.0,False,112.2,19.200000000000003,-9.3
12612,220145.0,False,113.30000000000001,19.1,-10.100000000000001
12613,220179.0,False,115.60000000000001,18.900000000000002,-12.100000000000001
12614,220195.0,False,116.80000000000001,18.5,-13.3
12615,220217.0,False,118.0,18.0,-14.600000000000001
12616,220228.0,False,119.10000000000001,17.2,-16.0
12617,220245.0,False,120.0,16.2,-17.1
12618,220261.0,False,120.7,15.100000000000001,-18.1
12619,220278.0,False,121.30000000000001,14.100000000000001,-18.900000000000002
12620,220299.0,False,121.9,13.3,-19.6
12621,220312.0,False,122.10000000000001,12.9,-20.1
12622,220331.0,False,121.80000000000001,13.0,-20.400000000000002
12623,220348.0,False,121.30000000000001,13.5,-20.5
12624,220363.0,False,120.80000000000001,14.0,-20.400000000000002
12625,220378.0,False,120.5,14.600000000000001,-20.3
12626,220395.0,False,120.4,15.0,-20.3
12627,220411.0,False,120.4,15.100000000000001,-20.400000000000002
12628,220430.0,False,120.30000000000001,15.0,-20.400000000000002
12629,220445.0,False,120.30000000000001,14.600000000000001,-20.5
12630,220461.0,False,120.10000000000001,14.200000000000001,-20.6
12631,220479.0,False,120.0,13.700000000000001,-20.6
12632,220495.0,False,120.0,13.100000000000001,-20.3
12633,220512.0,False,120.0,12.4,-19.6
12634,220528.0,False,120.2,11.5,-18.6
12635,220545.0,False,120.4,10.5,-17.5
12636,220562.0,False,120.80000000000001,9.5,-16.3
12637,220579.0,False,121.30000000000001,8.5,-15.3
12638,220597.0,False,122.0,7.800000000000001,-14.600000000000001
12639,220617.0,False,122.7,7.1000000000000005,-14.100000000000001
12640,220629.0,False,123.30000000000001,6.5,-13.9
12641,220651.0,False,123.7,6.1000000000000005,-13.9
12642,220662.0,False,123.9,5.7,-14.0
12643,220680.0,False,124.0,5.5,-14.100000000000001
12644,220696.0,False,123.9,5.5,-14.3
12645,220720.0,False,123.80000000000001,5.800000000000001,-14.5
12646,220734.0,False,123.7,6.2,-14.700000000000001
12647,220749.0,False,123.60000000000001,6.7,-15.0
12648,220761.0,False,123.60000000000001,7.2,-15.200000000000001
12649,220779.0,False,123.7,7.800000000000001,-15.5
12650,220795.0,False,123.80000000000001,8.200000000000001,-15.700000000000001
12651,220812.0,False,123.80000000000001,8.6,-15.700000000000001
12652,220828.0,False,123.80000000000001,8.8,-15.600000000000001
12653,220845.0,False,123.7,8.9,-15.3
12654,220861.0,False,123.80000000000001,8.8,-14.8
12655,220879.0,False,124.10000000000001,8.700000000000001,-14.3
12656,220895.0,False,124.5,8.4,-14.0
12657,220932.0,False,125.60000000000001,7.7,-13.700000000000001
12658,220945.0,False,126.10000000000001,7.300000000000001,-14.100000000000001
12659,220961.0,False,126.5,6.9,-14.700000000000001
12660,220979.0,False,126.9,6.2,-15.3
12661,220995.0,False,127.2,5.300000000000001,-15.5
12662,221015.0,False,127.5,4.3,-15.5
12663,221028.0,False,127.9,3.3000000000000003,-15.200000000000001
12664,221045.0,False,128.3,2.7,-14.8
12665,221061.0,False,128.9,2.6,-14.5
12666,221078.0,False,129.8,3.1,-14.4
12667,221098.0,False,130.9,3.8000000000000003,-14.5
12668,221112.0,False,131.9,4.7,-14.600000000000001
12669,221130.0,False,132.9,5.4,-14.600000000000001
12670,221145.0,False,133.8,6.1000000000000005,-14.4
12671,221166.0,False,134.8,6.5,-14.200000000000001
12672,221179.0,False,135.9,6.7,-14.0
12673,221198.0,False,137.3,6.9,-13.8
12674,221215.0,False,138.9,7.0,-13.600000000000001
12675,221231.0,False,140.6,7.2,-13.5
12676,221245.0,False,142.3,7.5,-13.4
12677,221263.0,False,143.9,7.800000000000001,-13.3
12678,221279.0,False,145.5,8.1,-13.3
12679,221295.0,False,147.0,8.3,-13.4
12680,221315.0,False,148.6,8.5,-13.600000000000001
12681,221328.0,False,150.20000000000002,8.6,-13.8
12682,221345.0,False,152.0,8.700000000000001,-14.100000000000001
12683,221361.0,False,153.9,8.8,-14.600000000000001
12684,221379.0,False,155.9,9.0,-15.200000000000001
12685,221395.0,False,157.8,9.1,-16.0
12686,221415.0,False,159.70000000000002,9.1,-16.900000000000002
12687,221430.0,False,161.3,9.0,-17.6
12688,221445.0,False,162.70000000000002,9.1,-18.2
12689,221464.0,False,164.10000000000002,9.4,-18.8
12690,221479.0,False,165.4,10.0,-19.200000000000003
12691,221518.0,False,168.10000000000002,11.100000000000001,-20.3
12692,221535.0,False,168.8,11.3,-21.3
12693,221545.0,False,168.9,11.100000000000001,-22.200000000000003
12694,221561.0,False,168.3,10.3,-22.700000000000003
12695,221578.0,False,167.3,9.200000000000001,-23.0
12696,221595.0,False,166.20000000000002,8.0,-23.1
12697,221615.0,False,165.20000000000002,7.0,-23.3
12698,221630.0,False,164.4,6.5,-23.900000000000002
12699,221645.0,False,163.70000000000002,6.6000000000000005,-25.0
12700,221661.0,False,163.10000000000002,7.0,-26.6
12701,221678.0,False,162.60000000000002,7.6000000000000005,-28.1
12702,221703.0,False,162.10000000000002,8.0,-29.400000000000002
12703,221715.0,False,161.60000000000002,8.1,-30.1
12704,221732.0,False,161.3,7.9,-30.0
12705,221746.0,False,160.8,7.5,-29.3
12706,221762.0,False,160.3,7.1000000000000005,-28.3
12707,221778.0,False,159.60000000000002,6.7,-27.400000000000002
12708,221805.0,False,158.8,6.6000000000000005,-26.6
12709,221829.0,False,157.10000000000002,6.800000000000001,-25.8
12710,221846.0,False,156.4,6.7,-25.5
12711,221865.0,False,155.8,6.5,-25.0
12712,221878.0,False,155.3,6.1000000000000005,-24.400000000000002
12713,221896.0,False,154.70000000000002,5.7,-23.700000000000003
12714,221916.0,False,154.20000000000002,5.2,-23.0
12715,221929.0,False,153.70000000000002,4.9,-22.400000000000002
12716,221945.0,False,153.3,4.7,-21.900000000000002
12717,221962.0,False,153.20000000000002,4.6000000000000005,-21.5
12718,221978.0,False,153.20000000000002,4.6000000000000005,-21.3
12719,222012.0,False,153.3,4.9,-21.400000000000002
12720,222045.0,False,153.60000000000002,5.0,-21.5
12721,222061.0,False,153.9,4.800000000000001,-21.200000000000003
12722,222078.0,False,154.20000000000002,4.3,-20.700000000000003
12723,222095.0,False,154.8,3.7,-20.1
12724,222116.0,False,155.60000000000002,3.2,-20.0
12725,222149.0,False,157.8,2.9000000000000004,-20.400000000000002
12726,222162.0,False,159.10000000000002,3.0,-20.200000000000003
12727,222178.0,False,160.60000000000002,2.9000000000000004,-19.400000000000002
12728,222202.0,False,162.20000000000002,2.8000000000000003,-18.1
12729,222215.0,False,163.70000000000002,2.9000000000000004,-16.7
12730,222230.0,False,165.20000000000002,3.4000000000000004,-15.600000000000001
12731,222245.0,False,166.60000000000002,4.3,-14.9
12732,222271.0,False,167.8,5.4,-14.8
12733,222278.0,False,168.9,6.5,-15.0
12734,222297.0,False,170.0,7.300000000000001,-15.4
12735,222314.0,False,170.8,7.9,-15.8
12736,222328.0,False,171.4,8.200000000000001,-16.0
12737,222345.0,False,171.8,8.3,-16.0
12738,222361.0,False,172.20000000000002,8.6,-15.700000000000001
12739,222379.0,False,172.60000000000002,8.9,-15.4
12740,222395.0,False,173.20000000000002,9.4,-15.100000000000001
12741,222416.0,False,173.9,10.0,-15.0
12742,222428.0,False,174.70000000000002,10.4,-15.100000000000001
12743,222450.0,False,175.9,10.9,-16.2
12744,222478.0,False,176.4,11.0,-17.1
12745,222495.0,False,176.70000000000002,10.8,-17.900000000000002
12746,222515.0,False,177.10000000000002,10.4,-18.5
12747,222528.0,False,177.4,10.0,-18.8
12748,222545.0,False,177.70000000000002,9.600000000000001,-18.7
12749,222564.0,False,177.9,9.4,-18.400000000000002
12750,222579.0,False,177.9,9.600000000000001,-18.0
12751,222595.0,False,177.70000000000002,10.200000000000001,-17.7
12752,222616.0,False,177.20000000000002,11.0,-17.400000000000002
12753,222628.0,False,176.60000000000002,11.9,-17.3
12754,222645.0,False,176.0,12.8,-17.400000000000002
12755,222671.0,False,174.8,14.200000000000001,-18.6
12756,222695.0,False,174.0,14.700000000000001,-19.700000000000003
12757,222716.0,False,173.0,15.3,-21.1
12758,222729.0,False,171.60000000000002,16.1,-22.5
12759,222745.0,False,170.0,17.0,-23.6
12760,222762.0,False,168.3,17.900000000000002,-24.200000000000003
12761,222778.0,False,166.70000000000002,18.7,-24.400000000000002
12762,222795.0,False,165.5,19.5,-24.3
12763,222812.0,False,164.60000000000002,20.3,-24.0
12764,222828.0,False,163.8,21.0,-23.6
12765,222846.0,False,163.10000000000002,21.5,-23.200000000000003
12766,222864.0,False,162.3,21.900000000000002,-22.900000000000002
12767,222880.0,False,161.3,22.1,-22.5
12768,222899.0,False,160.20000000000002,22.0,-22.0
12769,222913.0,False,159.3,21.6,-21.3
12770,222929.0,False,158.4,20.900000000000002,-20.5
12771,222945.0,False,157.60000000000002,20.0,-19.6
12772,222962.0,False,156.8,19.3,-18.7
12773,222982.0,False,156.10000000000002,18.8,-17.8
12774,222995.0,False,155.4,18.6,-17.2
12775,223012.0,False,154.70000000000002,18.8,-16.7
12776,223028.0,False,153.8,19.400000000000002,-16.2
12777,223045.0,False,152.9,20.1,-15.9
12778,223061.0,False,152.0,20.900000000000002,-15.5
12779,223078.0,False,151.20000000000002,21.400000000000002,-15.0
12780,223112.0,False,150.3,22.0,-14.100000000000001
12781,223135.0,False,150.3,21.900000000000002,-13.8
12782,223162.0,False,150.70000000000002,21.6,-13.700000000000001
12783,223179.0,False,151.0,21.3,-13.700000000000001
12784,223195.0,False,151.20000000000002,21.1,-13.8
12785,223218.0,False,151.3,21.0,-13.9
12786,223228.0,False,151.6,21.1,-14.100000000000001
12787,223247.0,False,151.9,21.3,-14.5
12788,223262.0,False,152.4,21.400000000000002,-14.9
12789,223281.0,False,152.9,21.400000000000002,-15.3
12790,223295.0,False,153.3,21.200000000000003,-15.600000000000001
12791,223315.0,False,153.60000000000002,20.700000000000003,-15.5
12792,223330.0,False,154.10000000000002,20.1,-15.4
12793,223344.0,False,154.60000000000002,19.400000000000002,-15.0
12794,223366.0,False,155.20000000000002,18.8,-14.3
12795,223379.0,False,156.0,18.3,-13.600000000000001
12796,223400.0,False,156.8,18.1,-12.8
12797,223429.0,False,158.10000000000002,18.6,-11.4
12798,223445.0,False,158.3,19.3,-10.8
12799,223462.0,False,158.3,20.1,-10.200000000000001
12800,223479.0,False,158.20000000000002,21.0,-9.600000000000001
12801,223495.0,False,158.10000000000002,21.900000000000002,-9.1
12802,223519.0,False,158.4,23.6,-8.5
12803,223545.0,False,158.8,24.3,-8.3
12804,223562.0,False,159.4,24.8,-8.1
12805,223579.0,False,160.10000000000002,25.1,-8.0
12806,223595.0,False,160.8,25.200000000000003,-7.9
12807,223619.0,False,162.60000000000002,24.900000000000002,-8.200000000000001
12808,223645.0,False,163.60000000000002,24.5,-8.700000000000001
12809,223662.0,False,164.5,24.1,-9.3
12810,223679.0,False,165.5,23.5,-9.9
12811,223696.0,False,166.5,22.700000000000003,-10.4
12812,223718.0,False,167.60000000000002,21.700000000000003,-11.200000000000001
12813,223732.0,False,168.4,20.700000000000003,-12.200000000000001
12814,223745.0,False,169.0,19.700000000000003,-13.5
12815,223762.0,False,169.4,18.6,-15.200000000000001
12816,223779.0,False,169.60000000000002,17.3,-17.2
12817,223801.0,False,169.70000000000002,15.9,-19.3
12818,223816.0,False,169.5,14.5,-21.0
12819,223846.0,False,168.5,13.600000000000001,-22.3
12820,223863.0,False,167.8,14.3,-21.5
12821,223882.0,False,167.20000000000002,15.700000000000001,-20.200000000000003
12822,223895.0,False,166.70000000000002,17.5,-18.7
12823,223923.0,False,166.4,19.3,-17.400000000000002
12824,223929.0,False,166.10000000000002,20.700000000000003,-16.3
12825,223962.0,False,165.70000000000002,21.700000000000003,-15.3
12826,223979.0,False,165.3,21.700000000000003,-15.100000000000001
12827,223998.0,False,164.70000000000002,21.5,-15.100000000000001
12828,224013.0,False,164.0,21.3,-15.100000000000001
12829,224029.0,False,163.0,21.1,-15.0
12830,224045.0,False,161.9,21.0,-14.700000000000001
12831,224061.0,False,160.8,20.900000000000002,-14.200000000000001
12832,224079.0,False,159.8,20.8,-13.600000000000001
12833,224098.0,False,158.8,20.8,-13.0
12834,224116.0,False,157.9,20.700000000000003,-12.4
12835,224130.0,False,157.20000000000002,20.6,-11.8
12836,224145.0,False,156.4,20.5,-11.3
12837,224162.0,False,155.60000000000002,20.3,-10.9
12838,224186.0,False,154.9,20.0,-10.600000000000001
12839,224195.0,False,154.10000000000002,19.6,-10.3
12840,224217.0,False,153.3,19.1,-9.9
12841,224228.0,False,152.8,18.7,-9.5
12842,224246.0,False,152.5,18.3,-9.1
12843,224262.0,False,152.4,18.0,-8.9
12844,224279.0,False,152.70000000000002,17.7,-8.9
12845,224296.0,False,153.0,17.5,-9.1
12846,224313.0,False,153.20000000000002,17.5,-9.4
12847,224331.0,False,153.4,17.7,-9.8
12848,224345.0,False,153.4,18.0,-10.200000000000001
12849,224361.0,False,153.60000000000002,18.400000000000002,-10.600000000000001
12850,224382.0,False,154.0,18.900000000000002,-11.0
12851,224395.0,False,154.60000000000002,19.200000000000003,-11.4
12852,224414.0,False,155.4,19.3,-11.700000000000001
12853,224429.0,False,156.20000000000002,19.400000000000002,-12.100000000000001
12854,224444.0,False,156.9,19.400000000000002,-12.4
12855,224463.0,False,157.4,19.3,-12.600000000000001
12856,224478.0,False,157.8,19.3,-12.8
12857,224496.0,False,158.20000000000002,19.1,-13.100000000000001
12858,224512.0,False,158.8,19.0,-13.3
12859,224528.0,False,159.5,18.7,-13.5
12860,224545.0,False,160.20000000000002,18.5,-13.600000000000001
12861,224571.0,False,161.0,18.3,-13.9
12862,224579.0,False,161.8,18.400000000000002,-14.200000000000001
12863,224595.0,False,162.5,18.6,-14.4
12864,224612.0,False,163.0,18.900000000000002,-14.5
12865,224628.0,False,163.3,19.1,-14.5
12866,224645.0,False,163.5,19.3,-14.3
12867,224665.0,False,163.70000000000002,19.400000000000002,-14.0
12868,224679.0,False,163.8,19.400000000000002,-13.600000000000001
12869,224695.0,False,164.10000000000002,19.3,-13.3
12870,224714.0,False,164.5,19.0,-13.200000000000001
12871,224729.0,False,164.9,18.8,-13.100000000000001
12872,224762.0,False,165.70000000000002,18.2,-13.0
12873,224780.0,False,166.10000000000002,18.0,-12.9
12874,224795.0,False,166.60000000000002,17.8,-12.8
12875,224828.0,False,167.8,17.2,-12.5
12876,224861.0,False,169.4,16.1,-11.8
12877,224878.0,False,170.20000000000002,15.3,-11.100000000000001
12878,224896.0,False,171.10000000000002,14.5,-10.3
12879,224918.0,False,172.0,13.9,-9.4
12880,224929.0,False,172.9,13.700000000000001,-8.8
12881,224961.0,False,174.0,14.8,-8.700000000000001
12882,224979.0,False,174.0,15.4,-9.1
12883,224998.0,False,173.8,15.8,-9.5
12884,225013.0,False,173.5,16.0,-10.0
12885,225028.0,False,173.20000000000002,16.1,-10.600000000000001
12886,225045.0,False,173.0,16.0,-11.3
12887,225061.0,False,172.9,15.9,-11.8
12888,225079.0,False,173.0,15.600000000000001,-12.100000000000001
12889,225095.0,False,173.20000000000002,15.200000000000001,-12.200000000000001
12890,225114.0,False,173.4,14.8,-12.0
12891,225128.0,False,173.60000000000002,14.4,-11.5
12892,225145.0,False,173.8,14.100000000000001,-10.8
12893,225161.0,False,174.10000000000002,14.200000000000001,-10.200000000000001
12894,225180.0,False,174.3,14.600000000000001,-9.8
12895,225195.0,False,174.4,15.600000000000001,-9.200000000000001
12896,225216.0,False,174.3,17.0,-8.6
12897,225228.0,False,174.20000000000002,18.8,-7.800000000000001
12898,225251.0,False,174.10000000000002,20.8,-7.1000000000000005
12899,225262.0,False,173.9,22.700000000000003,-6.5
12900,225279.0,False,173.9,24.5,-6.1000000000000005
12901,225296.0,False,174.0,25.900000000000002,-5.9
12902,225318.0,False,174.20000000000002,27.1,-5.800000000000001
12903,225332.0,False,174.3,27.900000000000002,-5.7
12904,225345.0,False,174.20000000000002,28.700000000000003,-5.7
12905,225361.0,False,173.9,29.3,-5.7
12906,225378.0,False,173.4,29.900000000000002,-5.6000000000000005
12907,225395.0,False,172.70000000000002,30.400000000000002,-5.4
12908,225418.0,False,172.0,30.8,-5.1000000000000005
12909,225429.0,False,171.3,31.1,-4.6000000000000005
12910,225445.0,False,170.9,31.200000000000003,-4.2
12911,225462.0,False,170.60000000000002,31.0,-3.6
12912,225478.0,False,170.5,30.6,-3.1
12913,225495.0,False,170.60000000000002,30.0,-2.6
12914,225517.0,False,170.8,29.5,-2.2
12915,225531.0,False,171.0,28.900000000000002,-1.9000000000000001
12916,225546.0,False,171.5,28.200000000000003,-1.7000000000000002
12917,225565.0,False,172.20000000000002,27.5,-1.7000000000000002
12918,225579.0,False,173.10000000000002,26.700000000000003,-2.0
12919,225598.0,False,174.20000000000002,25.900000000000002,-2.4000000000000004
12920,225611.0,False,175.3,25.0,-3.1
12921,225628.0,False,176.4,24.1,-3.8000000000000003
12922,225645.0,False,177.20000000000002,23.0,-4.4
12923,225678.0,False,178.5,19.900000000000002,-5.0
12924,225695.0,False,179.3,18.3,-5.1000000000000005
12925,225723.0,False,181.4,15.700000000000001,-5.4
12926,225750.0,False,184.0,14.5,-6.0
12927,225778.0,False,185.20000000000002,14.600000000000001,-6.4
12928,225796.0,False,186.4,14.9,-6.800000000000001
12929,225815.0,False,187.60000000000002,15.200000000000001,-7.1000000000000005
12930,225828.0,False,188.8,15.4,-7.4
12931,225845.0,False,190.0,15.3,-7.800000000000001
12932,225864.0,False,191.3,15.0,-8.3
12933,225879.0,False,192.60000000000002,14.4,-8.9
12934,225896.0,False,193.8,13.700000000000001,-9.700000000000001
12935,225914.0,False,195.0,13.0,-10.600000000000001
12936,225928.0,False,195.9,12.600000000000001,-11.3
12937,225945.0,False,196.70000000000002,12.4,-11.9
12938,225962.0,False,197.4,12.4,-12.3
12939,225987.0,False,198.0,12.600000000000001,-12.3
12940,225995.0,False,198.60000000000002,12.9,-11.9
12941,226014.0,False,199.20000000000002,13.3,-11.3
12942,226029.0,False,199.9,13.8,-10.5
12943,226045.0,False,200.5,14.5,-9.8
12944,226062.0,False,201.10000000000002,15.3,-9.1
12945,226078.0,False,201.4,16.1,-8.5
12946,226095.0,False,201.60000000000002,17.0,-8.0
12947,226111.0,False,201.60000000000002,17.7,-7.7
12948,226132.0,False,201.5,18.3,-7.6000000000000005
12949,226145.0,False,201.3,18.7,-7.6000000000000005
12950,226162.0,False,201.20000000000002,18.900000000000002,-7.800000000000001
12951,226178.0,False,201.20000000000002,18.900000000000002,-8.1
12952,226196.0,False,201.10000000000002,18.900000000000002,-8.5
12953,226212.0,False,201.0,18.900000000000002,-9.0
12954,226245.0,False,200.10000000000002,18.8,-9.700000000000001
12955,226262.0,False,199.60000000000002,18.6,-10.0
12956,226278.0,False,199.20000000000002,18.2,-10.3
12957,226296.0,False,199.10000000000002,17.6,-10.5
12958,226311.0,False,199.3,16.900000000000002,-10.600000000000001
12959,226329.0,False,199.5,16.3,-10.700000000000001
12960,226344.0,False,199.70000000000002,15.9,-10.8
12961,226362.0,False,199.70000000000002,15.700000000000001,-11.100000000000001
12962,226381.0,False,199.60000000000002,15.700000000000001,-11.4
12963,226395.0,False,199.4,15.700000000000001,-11.5
12964,226416.0,False,199.20000000000002,15.4,-11.200000000000001
12965,226428.0,False,199.0,14.9,-10.4
12966,226461.0,False,198.60000000000002,12.8,-8.0
12967,226478.0,False,198.4,11.100000000000001,-6.800000000000001
12968,226495.0,False,198.20000000000002,9.0,-5.5
12969,226513.0,False,198.0,6.6000000000000005,-4.3
12970,226528.0,False,197.9,4.0,-3.2
12971,226546.0,False,197.8,1.3,-2.2
12972,226562.0,False,198.0,-1.7000000000000002,-1.4000000000000001
12973,226579.0,False,198.20000000000002,-4.800000000000001,-0.5
12974,226596.0,False,198.8,-7.2,0.30000000000000004
12975,226613.0,False,199.5,-8.4,0.5
12976,226631.0,False,200.0,-8.4,0.1
12977,226645.0,False,200.5,-7.4,-0.7000000000000001
12978,226667.0,False,201.20000000000002,-5.7,-1.4000000000000001
12979,226679.0,False,201.70000000000002,-3.9000000000000004,-1.9000000000000001
12980,226696.0,False,202.10000000000002,-2.2,-2.3000000000000003
12981,226711.0,False,202.20000000000002,-1.1,-1.9000000000000001
12982,226728.0,False,202.0,-0.6000000000000001,-2.1
12983,226745.0,False,201.9,-0.6000000000000001,-3.4000000000000004
12984,226761.0,False,202.20000000000002,-1.0,-5.4
12985,226778.0,False,202.8,-1.6,-7.5
12986,226795.0,False,203.9,-2.0,-9.600000000000001
12987,226814.0,False,204.9,-2.1,-11.200000000000001
12988,226828.0,False,205.8,-2.1,-12.0
12989,226845.0,False,206.8,-1.7000000000000002,-11.8
12990,226861.0,False,207.60000000000002,-1.0,-10.600000000000001
12991,226878.0,False,208.4,0.1,-8.5
12992,226895.0,False,209.0,1.3,-6.300000000000001
12993,226912.0,False,209.70000000000002,2.6,-4.6000000000000005
12994,226928.0,False,210.4,3.6,-3.9000000000000004
12995,226949.0,False,211.3,4.5,-3.9000000000000004
12996,226962.0,False,212.20000000000002,5.300000000000001,-4.9
12997,226988.0,False,213.10000000000002,6.2,-6.7
12998,226995.0,False,213.8,7.300000000000001,-8.8
12999,227014.0,False,214.10000000000002,8.700000000000001,-11.100000000000001
13000,227028.0,False,214.3,10.200000000000001,-13.200000000000001
13001,227045.0,False,214.5,11.4,-14.8
13002,227063.0,False,214.8,12.100000000000001,-15.8
13003,227078.0,False,215.4,12.5,-16.3
13004,227097.0,False,216.3,12.5,-16.5
13005,227111.0,False,217.3,12.4,-16.6
13006,227128.0,False,218.5,12.0,-16.5
13007,227148.0,False,219.5,11.600000000000001,-16.1
13008,227162.0,False,220.4,11.200000000000001,-15.5
13009,227178.0,False,220.9,10.700000000000001,-14.9
13010,227195.0,False,221.3,10.5,-14.0
13011,227211.0,False,221.5,10.4,-13.100000000000001
13012,227228.0,False,221.8,10.5,-12.100000000000001
13013,227245.0,False,222.20000000000002,10.5,-11.3
13014,227262.0,False,222.8,10.4,-10.9
13015,227278.0,False,223.3,10.3,-10.9
13016,227295.0,False,223.9,10.100000000000001,-11.200000000000001
13017,227313.0,False,224.4,9.9,-11.600000000000001
13018,227328.0,False,224.8,10.0,-12.200000000000001
13019,227345.0,False,225.10000000000002,10.3,-12.8
13020,227362.0,False,225.3,10.600000000000001,-13.4
13021,227380.0,False,225.5,10.8,-14.0
13022,227395.0,False,225.70000000000002,10.9,-14.5
13023,227419.0,False,225.9,10.9,-15.100000000000001
13024,227428.0,False,225.9,11.100000000000001,-15.8
13025,227445.0,False,225.8,11.600000000000001,-16.3
13026,227461.0,False,225.5,12.4,-16.7
13027,227478.0,False,225.10000000000002,13.4,-16.8
13028,227494.0,False,224.9,14.5,-16.900000000000002
13029,227512.0,False,225.10000000000002,15.200000000000001,-17.0
13030,227529.0,False,225.5,15.600000000000001,-17.0
13031,227545.0,False,226.0,15.8,-17.0
13032,227561.0,False,226.5,15.9,-17.1
13033,227579.0,False,227.0,16.2,-17.2
13034,227594.0,False,227.4,16.7,-17.3
13035,227612.0,False,227.70000000000002,17.2,-17.400000000000002
13036,227628.0,False,227.9,17.6,-17.5
13037,227646.0,False,228.10000000000002,17.7,-17.3
13038,227667.0,False,228.4,17.400000000000002,-16.8
13039,227678.0,False,228.70000000000002,16.900000000000002,-16.1
13040,227694.0,False,229.10000000000002,16.2,-15.5
13041,227711.0,False,229.5,15.5,-14.8
13042,227728.0,False,229.9,14.8,-14.3
13043,227748.0,False,230.10000000000002,14.3,-14.0
13044,227762.0,False,230.10000000000002,13.9,-13.600000000000001
13045,227779.0,False,229.8,13.600000000000001,-13.3
13046,227795.0,False,229.3,13.5,-13.0
13047,227822.0,False,228.70000000000002,13.4,-12.600000000000001
13048,227828.0,False,228.0,13.5,-11.9
13049,227847.0,False,227.60000000000002,13.5,-11.200000000000001
13050,227862.0,False,227.60000000000002,13.700000000000001,-10.5
13051,227879.0,False,227.8,14.100000000000001,-10.100000000000001
13052,227901.0,False,228.20000000000002,14.8,-10.200000000000001
13053,227912.0,False,228.60000000000002,15.700000000000001,-10.700000000000001
13054,227928.0,False,228.8,16.3,-11.3
13055,227945.0,False,228.9,16.8,-12.0
13056,227962.0,False,229.0,17.0,-12.600000000000001
13057,227979.0,False,229.3,17.1,-13.3
13058,227995.0,False,229.8,17.2,-14.0
13059,228019.0,False,230.20000000000002,17.2,-14.5
13060,228030.0,False,230.5,17.3,-14.8
13061,228045.0,False,230.3,17.6,-14.8
13062,228082.0,False,229.8,17.900000000000002,-14.4
13063,228095.0,False,228.9,18.3,-12.5
13064,228121.0,False,229.0,18.3,-11.4
13065,228128.0,False,229.4,18.400000000000002,-10.600000000000001
13066,228144.0,False,229.9,18.7,-10.200000000000001
13067,228161.0,False,230.4,19.0,-10.200000000000001
13068,228179.0,False,230.60000000000002,19.3,-10.700000000000001
13069,228194.0,False,230.70000000000002,19.6,-11.4
13070,228216.0,False,230.70000000000002,19.900000000000002,-12.4
13071,228228.0,False,230.70000000000002,20.200000000000003,-13.3
13072,228247.0,False,230.70000000000002,20.3,-13.9
13073,228261.0,False,230.70000000000002,20.3,-14.200000000000001
13074,228286.0,False,230.9,20.400000000000002,-14.0
13075,228294.0,False,231.10000000000002,20.6,-13.600000000000001
13076,228312.0,False,231.60000000000002,21.0,-12.9
13077,228329.0,False,232.10000000000002,21.400000000000002,-12.4
13078,228345.0,False,232.70000000000002,21.700000000000003,-12.0
13079,228362.0,False,233.20000000000002,21.900000000000002,-11.8
13080,228378.0,False,233.60000000000002,22.0,-11.8
13081,228395.0,False,233.9,22.1,-11.9
13082,228412.0,False,234.0,22.0,-12.0
13083,228430.0,False,234.10000000000002,22.0,-12.100000000000001
13084,228445.0,False,234.3,22.1,-12.100000000000001
13085,228465.0,False,234.4,22.0,-12.100000000000001
13086,228479.0,False,234.60000000000002,21.900000000000002,-12.200000000000001
13087,228499.0,False,234.60000000000002,21.900000000000002,-12.4
13088,228511.0,False,234.3,21.8,-12.4
13089,228531.0,False,234.0,21.5,-12.4
13090,228545.0,False,233.70000000000002,21.200000000000003,-12.3
13091,228562.0,False,233.5,20.8,-12.4
13092,228579.0,False,233.3,20.400000000000002,-12.8
13093,228597.0,False,233.0,19.900000000000002,-13.0
13094,228613.0,False,232.3,19.5,-13.100000000000001
13095,228645.0,False,230.8,18.7,-12.600000000000001
13096,228662.0,False,230.3,18.6,-12.3
13097,228678.0,False,229.9,18.7,-12.0
13098,228694.0,False,229.5,18.900000000000002,-11.700000000000001
13099,228712.0,False,229.0,19.200000000000003,-11.200000000000001
13100,228729.0,False,228.5,19.700000000000003,-10.700000000000001
13101,228744.0,False,228.10000000000002,20.1,-10.4
13102,228762.0,False,227.8,20.3,-10.4
13103,228781.0,False,227.70000000000002,20.400000000000002,-10.600000000000001
13104,228794.0,False,227.60000000000002,20.200000000000003,-11.0
13105,228816.0,False,227.60000000000002,20.0,-11.5
13106,228829.0,False,227.5,19.700000000000003,-12.200000000000001
13107,228844.0,False,227.4,19.400000000000002,-12.8
13108,228861.0,False,227.10000000000002,19.1,-13.4
13109,228878.0,False,226.4,19.0,-13.9
13110,228894.0,False,225.60000000000002,19.0,-14.200000000000001
13111,228911.0,False,224.70000000000002,19.1,-14.4
13112,228932.0,False,223.9,19.3,-14.600000000000001
13113,228945.0,False,223.0,19.5,-14.700000000000001
13114,228966.0,False,222.20000000000002,19.700000000000003,-14.700000000000001
13115,228986.0,False,221.4,19.6,-14.700000000000001
13116,228995.0,False,220.70000000000002,19.400000000000002,-14.700000000000001
13117,229013.0,False,219.8,19.200000000000003,-14.700000000000001
13118,229030.0,False,218.9,19.1,-14.600000000000001
13119,229048.0,False,218.0,19.1,-14.3
13120,229061.0,False,217.3,19.0,-13.9
13121,229078.0,False,216.8,18.900000000000002,-13.4
13122,229095.0,False,216.60000000000002,18.7,-13.200000000000001
13123,229121.0,False,216.5,18.3,-13.200000000000001
13124,229128.0,False,216.4,18.0,-13.4
13125,229149.0,False,216.0,17.7,-13.5
13126,229162.0,False,215.3,17.400000000000002,-13.4
13127,229179.0,False,214.8,17.1,-13.0
13128,229194.0,False,214.5,16.8,-12.4
13129,229211.0,False,214.4,16.7,-11.8
13130,229231.0,False,214.4,16.7,-11.200000000000001
13131,229265.0,False,214.3,17.3,-10.3
13132,229278.0,False,214.3,17.900000000000002,-10.100000000000001
13133,229298.0,False,214.3,18.5,-10.100000000000001
13134,229312.0,False,214.4,19.1,-10.3
13135,229328.0,False,214.70000000000002,19.6,-10.9
13136,229345.0,False,215.0,20.200000000000003,-11.600000000000001
13137,229364.0,False,215.4,20.6,-12.5
13138,229378.0,False,215.70000000000002,21.0,-13.4
13139,229398.0,False,216.0,21.3,-14.4
13140,229415.0,False,216.4,21.5,-15.4
13141,229429.0,False,216.70000000000002,21.400000000000002,-16.3
13142,229445.0,False,217.20000000000002,21.1,-16.900000000000002
13143,229462.0,False,217.70000000000002,20.700000000000003,-17.400000000000002
13144,229479.0,False,218.20000000000002,20.200000000000003,-17.7
13145,229494.0,False,218.70000000000002,19.8,-18.0
13146,229511.0,False,219.0,19.400000000000002,-18.3
13147,229530.0,False,219.10000000000002,18.900000000000002,-18.400000000000002
13148,229544.0,False,219.20000000000002,18.5,-18.6
13149,229561.0,False,219.20000000000002,18.1,-18.6
13150,229581.0,False,219.10000000000002,17.8,-18.400000000000002
13151,229596.0,False,219.10000000000002,17.6,-18.2
13152,229612.0,False,219.0,17.6,-17.8
13153,229628.0,False,218.9,17.7,-17.5
13154,229645.0,False,218.8,17.8,-17.2
13155,229662.0,False,218.70000000000002,17.900000000000002,-16.900000000000002
13156,229679.0,False,218.8,17.7,-16.8
13157,229697.0,False,218.9,17.5,-16.900000000000002
13158,229715.0,False,219.0,17.1,-17.2
13159,229728.0,False,219.0,16.7,-17.5
13160,229745.0,False,218.9,16.3,-17.7
13161,229762.0,False,218.60000000000002,16.1,-17.7
13162,229779.0,False,218.0,16.0,-17.1
13163,229794.0,False,217.4,16.2,-16.1
13164,229817.0,False,217.0,16.7,-15.100000000000001
13165,229828.0,False,216.8,17.5,-14.200000000000001
13166,229848.0,False,216.70000000000002,18.400000000000002,-13.8
13167,229862.0,False,216.60000000000002,19.200000000000003,-14.0
13168,229879.0,False,216.5,19.8,-14.5
13169,229894.0,False,216.4,20.1,-15.3
13170,229911.0,False,216.5,20.200000000000003,-16.1
13171,229932.0,False,216.60000000000002,20.400000000000002,-16.900000000000002
13172,229945.0,False,216.60000000000002,20.6,-17.7
13173,229963.0,False,216.60000000000002,20.900000000000002,-18.2
13174,229978.0,False,216.5,21.1,-18.5
13175,229996.0,False,216.4,21.3,-18.6
13176,230013.0,False,216.3,21.400000000000002,-18.8
13177,230029.0,False,216.20000000000002,21.400000000000002,-19.1
13178,230061.0,False,215.9,21.1,-20.400000000000002
13179,230078.0,False,215.60000000000002,20.900000000000002,-21.200000000000003
13180,230094.0,False,215.3,20.6,-21.900000000000002
13181,230117.0,False,214.9,20.200000000000003,-22.6
13182,230130.0,False,214.60000000000002,19.8,-23.1
13183,230144.0,False,214.3,19.400000000000002,-23.400000000000002
13184,230163.0,False,213.9,18.900000000000002,-23.5
13185,230178.0,False,213.70000000000002,18.5,-23.5
13186,230196.0,False,213.5,18.2,-23.400000000000002
13187,230211.0,False,213.3,17.900000000000002,-23.3
13188,230228.0,False,213.10000000000002,17.5,-23.1
13189,230264.0,False,212.60000000000002,16.900000000000002,-22.5
13190,230278.0,False,212.5,16.8,-22.400000000000002
13191,230301.0,False,212.3,16.8,-22.400000000000002
13192,230317.0,False,212.0,16.7,-22.400000000000002
13193,230330.0,False,211.70000000000002,16.400000000000002,-22.200000000000003
13194,230345.0,False,211.60000000000002,16.0,-21.900000000000002
13195,230361.0,False,211.60000000000002,15.600000000000001,-21.6
13196,230379.0,False,211.8,15.3,-21.3
13197,230394.0,False,211.8,15.4,-20.6
13198,230411.0,False,211.60000000000002,15.700000000000001,-19.6
13199,230430.0,False,211.70000000000002,16.2,-18.7
13200,230445.0,False,212.10000000000002,16.6,-18.0
13201,230461.0,False,212.60000000000002,17.0,-17.8
13202,230478.0,False,213.20000000000002,17.400000000000002,-18.0
13203,230495.0,False,213.8,17.7,-18.5
13204,230512.0,False,214.3,17.900000000000002,-19.0
13205,230529.0,False,214.9,18.1,-19.3
13206,230545.0,False,215.60000000000002,18.2,-19.400000000000002
13207,230561.0,False,216.4,18.2,-19.5
13208,230579.0,False,217.4,18.2,-19.8
13209,230595.0,False,218.4,18.3,-20.200000000000003
13210,230611.0,False,219.4,18.400000000000002,-21.0
13211,230627.0,False,220.3,18.5,-21.900000000000002
13212,230644.0,False,221.3,18.7,-23.0
13213,230661.0,False,222.4,18.8,-24.200000000000003
13214,230678.0,False,223.5,18.8,-25.400000000000002
13215,230694.0,False,224.60000000000002,18.7,-26.5
13216,230716.0,False,225.60000000000002,18.6,-27.400000000000002
13217,230728.0,False,226.5,18.7,-28.200000000000003
13218,230746.0,False,227.3,18.7,-28.700000000000003
13219,230762.0,False,228.20000000000002,18.8,-28.900000000000002
13220,230778.0,False,229.10000000000002,18.7,-28.700000000000003
13221,230794.0,False,229.8,18.7,-28.1
13222,230817.0,False,230.20000000000002,18.8,-27.200000000000003
13223,230828.0,False,230.5,18.900000000000002,-26.0
13224,230845.0,False,230.70000000000002,19.1,-24.900000000000002
13225,230861.0,False,231.0,19.200000000000003,-24.400000000000002
13226,230879.0,False,231.3,19.200000000000003,-24.200000000000003
13227,230894.0,False,231.5,19.200000000000003,-24.400000000000002
13228,230929.0,False,231.20000000000002,19.0,-25.200000000000003
13229,230945.0,False,230.9,18.900000000000002,-25.6
13230,230962.0,False,230.70000000000002,18.900000000000002,-25.900000000000002
13231,230995.0,False,230.4,19.1,-26.1
13232,231013.0,False,230.20000000000002,19.400000000000002,-26.1
13233,231028.0,False,230.20000000000002,19.700000000000003,-26.3
13234,231045.0,False,230.10000000000002,20.0,-26.700000000000003
13235,231061.0,False,230.0,20.3,-27.0
13236,231078.0,False,229.9,20.700000000000003,-27.3
13237,231097.0,False,229.8,21.200000000000003,-27.400000000000002
13238,231118.0,False,229.60000000000002,21.8,-27.5
13239,231129.0,False,229.5,22.3,-27.400000000000002
13240,231145.0,False,229.5,22.8,-27.200000000000003
13241,231161.0,False,229.4,23.200000000000003,-26.900000000000002
13242,231178.0,False,229.4,23.5,-26.700000000000003
13243,231195.0,False,229.3,23.700000000000003,-26.6
13244,231211.0,False,229.3,23.8,-26.700000000000003
13245,231231.0,False,229.4,23.700000000000003,-27.0
13246,231244.0,False,229.3,23.5,-27.5
13247,231263.0,False,229.0,23.200000000000003,-28.0
13248,231278.0,False,228.5,23.0,-28.400000000000002
13249,231296.0,False,227.70000000000002,22.900000000000002,-28.5
13250,231315.0,False,226.9,22.8,-28.3
13251,231330.0,False,226.20000000000002,22.900000000000002,-28.1
13252,231345.0,False,225.60000000000002,22.900000000000002,-27.900000000000002
13253,231362.0,False,224.9,22.8,-27.900000000000002
13254,231378.0,False,224.20000000000002,22.6,-27.900000000000002
13255,231395.0,False,223.5,22.6,-27.900000000000002
13256,231414.0,False,222.8,22.700000000000003,-27.8
13257,231435.0,False,222.20000000000002,23.200000000000003,-27.700000000000003
13258,231449.0,False,221.70000000000002,23.900000000000002,-27.6
13259,231461.0,False,221.20000000000002,24.5,-27.5
13260,231478.0,False,220.9,24.900000000000002,-27.0
13261,231495.0,False,220.5,25.3,-26.1
13262,231514.0,False,220.3,25.8,-24.6
13263,231528.0,False,220.20000000000002,26.6,-23.1
13264,231546.0,False,220.3,27.8,-21.700000000000003
13265,231562.0,False,220.5,29.3,-20.700000000000003
13266,231583.0,False,220.8,30.6,-20.1
13267,231595.0,False,221.3,31.6,-19.8
13268,231613.0,False,222.10000000000002,32.1,-19.700000000000003
13269,231630.0,False,223.10000000000002,32.0,-19.700000000000003
13270,231645.0,False,224.4,31.6,-19.8
13271,231661.0,False,225.9,31.0,-20.0
13272,231678.0,False,227.4,30.400000000000002,-20.400000000000002
13273,231694.0,False,228.9,30.0,-20.900000000000002
13274,231711.0,False,230.4,29.6,-21.6
13275,231733.0,False,231.70000000000002,29.200000000000003,-22.200000000000003
13276,231745.0,False,233.10000000000002,28.8,-22.8
13277,231762.0,False,234.4,28.1,-23.400000000000002
13278,231778.0,False,235.70000000000002,27.3,-23.900000000000002
13279,231794.0,False,236.9,26.3,-24.200000000000003
13280,231813.0,False,238.20000000000002,25.0,-24.400000000000002
13281,231833.0,False,239.5,23.700000000000003,-24.3
13282,231845.0,False,240.9,22.3,-24.0
13283,231862.0,False,242.3,21.200000000000003,-23.5
13284,231878.0,False,243.60000000000002,20.400000000000002,-22.900000000000002
13285,231895.0,False,244.9,19.8,-22.3
13286,231918.0,False,246.20000000000002,19.400000000000002,-22.1
13287,231928.0,False,247.3,18.900000000000002,-22.3
13288,231945.0,False,248.3,18.400000000000002,-22.8
13289,231961.0,False,249.20000000000002,17.7,-23.3
13290,231978.0,False,249.8,17.0,-23.900000000000002
13291,231994.0,False,250.3,16.2,-24.3
13292,232032.0,False,251.0,15.0,-24.700000000000003
13293,232047.0,False,251.20000000000002,14.5,-24.6
13294,232061.0,False,251.3,14.100000000000001,-24.3
13295,232078.0,False,251.20000000000002,13.700000000000001,-23.8
13296,232095.0,False,250.9,13.4,-23.3
13297,232118.0,False,250.5,13.3,-22.900000000000002
13298,232128.0,False,249.9,13.3,-22.400000000000002
13299,232144.0,False,249.20000000000002,13.3,-21.8
13300,232162.0,False,248.5,13.3,-21.1
13301,232178.0,False,248.0,13.100000000000001,-20.400000000000002
13302,232194.0,False,247.60000000000002,12.9,-19.700000000000003
13303,232211.0,False,247.10000000000002,12.9,-19.200000000000003
13304,232228.0,False,246.70000000000002,13.0,-19.1
13305,232245.0,False,246.3,13.3,-19.3
13306,232261.0,False,245.70000000000002,13.5,-19.8
13307,232288.0,False,245.0,13.8,-20.400000000000002
13308,232295.0,False,244.20000000000002,14.0,-20.8
13309,232311.0,False,243.20000000000002,14.100000000000001,-21.0
13310,232328.0,False,242.10000000000002,14.200000000000001,-20.900000000000002
13311,232345.0,False,241.10000000000002,14.4,-20.6
13312,232361.0,False,240.10000000000002,14.5,-20.200000000000003
13313,232379.0,False,239.3,14.600000000000001,-19.8
13314,232395.0,False,238.4,14.700000000000001,-19.5
13315,232415.0,False,237.5,14.8,-19.400000000000002
13316,232428.0,False,236.5,14.8,-19.200000000000003
13317,232452.0,False,235.3,14.9,-19.0
13318,232462.0,False,234.0,15.100000000000001,-18.7
13319,232479.0,False,232.9,15.3,-18.3
13320,232495.0,False,231.8,15.600000000000001,-18.0
13321,232515.0,False,230.8,15.9,-17.8
13322,232529.0,False,229.8,16.2,-17.6
13323,232545.0,False,228.8,16.3,-17.5
13324,232562.0,False,227.8,16.400000000000002,-17.400000000000002
13325,232579.0,False,227.0,16.400000000000002,-17.2
13326,232597.0,False,226.3,16.5,-17.2
13327,232611.0,False,225.9,16.6,-17.2
13328,232629.0,False,225.60000000000002,16.6,-17.2
13329,232645.0,False,225.4,16.6,-17.400000000000002
13330,232662.0,False,225.4,16.5,-17.7
13331,232678.0,False,225.4,16.2,-17.900000000000002
13332,232695.0,False,225.60000000000002,15.8,-18.2
13333,232711.0,False,225.9,15.200000000000001,-18.6
13334,232728.0,False,226.20000000000002,14.5,-19.1
13335,232750.0,False,226.60000000000002,13.8,-19.700000000000003
13336,232762.0,False,226.9,13.200000000000001,-20.400000000000002
13337,232779.0,False,227.20000000000002,12.8,-21.1
13338,232796.0,False,227.5,12.5,-21.900000000000002
13339,232813.0,False,227.70000000000002,12.5,-22.5
13340,232829.0,False,227.8,12.700000000000001,-23.0
13341,232845.0,False,227.9,13.200000000000001,-23.400000000000002
13342,232861.0,False,228.10000000000002,13.9,-23.700000000000003
13343,232878.0,False,228.20000000000002,14.600000000000001,-24.1
13344,232894.0,False,228.4,15.200000000000001,-24.5
13345,232912.0,False,228.70000000000002,15.600000000000001,-24.8
13346,232928.0,False,229.0,15.9,-24.8
13347,232946.0,False,229.3,16.1,-24.5
13348,232962.0,False,229.70000000000002,16.400000000000002,-23.8
13349,232987.0,False,230.20000000000002,16.900000000000002,-22.8
13350,232995.0,False,230.9,17.6,-21.6
13351,233013.0,False,231.60000000000002,18.400000000000002,-20.3
13352,233030.0,False,232.3,19.3,-19.200000000000003
13353,233044.0,False,233.20000000000002,20.0,-18.3
13354,233061.0,False,234.0,20.5,-17.7
13355,233078.0,False,234.8,20.700000000000003,-17.1
13356,233097.0,False,235.70000000000002,20.700000000000003,-16.7
13357,233115.0,False,236.70000000000002,20.6,-16.1
13358,233130.0,False,237.8,20.6,-15.5
13359,233145.0,False,239.0,20.700000000000003,-14.700000000000001
13360,233161.0,False,240.20000000000002,20.900000000000002,-13.9
13361,233178.0,False,241.60000000000002,21.1,-13.3
13362,233194.0,False,242.9,21.3,-13.100000000000001
13363,233215.0,False,244.20000000000002,21.400000000000002,-12.9
13364,233228.0,False,245.4,21.5,-12.9
13365,233244.0,False,246.60000000000002,21.6,-12.9
13366,233261.0,False,247.4,21.6,-13.0
13367,233278.0,False,248.0,21.6,-13.0
13368,233296.0,False,248.20000000000002,21.3,-12.700000000000001
13369,233313.0,False,248.4,21.1,-12.100000000000001
13370,233329.0,False,248.70000000000002,21.200000000000003,-11.3
13371,233348.0,False,248.9,21.700000000000003,-10.5
13372,233361.0,False,249.10000000000002,22.5,-9.9
13373,233379.0,False,249.10000000000002,23.3,-9.4
13374,233395.0,False,248.9,24.1,-9.0
13375,233431.0,False,248.0,25.200000000000003,-8.200000000000001
13376,233446.0,False,247.60000000000002,25.6,-7.7
13377,233468.0,False,247.0,26.3,-6.800000000000001
13378,233494.0,False,246.8,26.8,-6.300000000000001
13379,233511.0,False,246.60000000000002,27.3,-5.9
13380,233528.0,False,246.5,27.900000000000002,-5.5
13381,233552.0,False,246.4,28.3,-5.300000000000001
13382,233562.0,False,246.20000000000002,28.6,-5.1000000000000005
13383,233579.0,False,246.0,28.6,-5.0
13384,233594.0,False,245.8,28.6,-5.2
13385,233615.0,False,245.60000000000002,28.5,-5.4
13386,233640.0,False,245.20000000000002,28.3,-6.2
13387,233662.0,False,245.20000000000002,28.1,-6.7
13388,233679.0,False,245.20000000000002,28.0,-7.300000000000001
13389,233694.0,False,245.10000000000002,27.8,-8.1
13390,233713.0,False,244.9,27.5,-8.8
13391,233730.0,False,244.70000000000002,27.200000000000003,-9.5
13392,233744.0,False,244.4,26.900000000000002,-10.100000000000001
13393,233762.0,False,244.20000000000002,26.400000000000002,-10.700000000000001
13394,233779.0,False,244.10000000000002,25.900000000000002,-11.3
13395,233794.0,False,244.10000000000002,25.3,-11.9
13396,233816.0,False,244.0,24.8,-12.5
13397,233829.0,False,243.8,24.5,-12.9
13398,233851.0,False,243.5,24.1,-13.100000000000001
13399,233861.0,False,243.10000000000002,23.8,-13.100000000000001
13400,233878.0,False,242.9,23.400000000000002,-12.8
13401,233894.0,False,242.8,22.8,-12.3
13402,233915.0,False,242.9,22.3,-11.700000000000001
13403,233930.0,False,243.3,21.8,-11.0
13404,233945.0,False,243.8,21.400000000000002,-10.4
13405,233962.0,False,244.3,21.400000000000002,-10.0
13406,233977.0,False,244.8,21.700000000000003,-9.8
13407,234016.0,False,245.60000000000002,22.400000000000002,-10.4
13408,234028.0,False,246.0,22.6,-11.200000000000001
13409,234044.0,False,246.5,22.700000000000003,-12.100000000000001
13410,234061.0,False,246.9,22.8,-13.0
13411,234079.0,False,247.20000000000002,22.900000000000002,-13.9
13412,234097.0,False,247.5,23.1,-14.600000000000001
13413,234124.0,False,248.10000000000002,23.700000000000003,-15.9
13414,234156.0,False,248.4,24.0,-16.5
13415,234161.0,False,248.70000000000002,24.0,-17.2
13416,234179.0,False,248.9,23.700000000000003,-17.7
13417,234198.0,False,249.10000000000002,23.0,-17.900000000000002
13418,234212.0,False,249.10000000000002,22.0,-17.900000000000002
13419,234228.0,False,249.20000000000002,20.8,-17.5
13420,234244.0,False,249.3,19.8,-16.900000000000002
13421,234262.0,False,249.5,19.0,-16.400000000000002
13422,234280.0,False,249.70000000000002,18.7,-15.9
13423,234294.0,False,249.8,18.8,-15.5
13424,234315.0,False,250.0,19.0,-15.4
13425,234330.0,False,250.10000000000002,19.200000000000003,-15.4
13426,234362.0,False,249.8,19.200000000000003,-15.4
13427,234382.0,False,249.5,18.900000000000002,-15.4
13428,234394.0,False,249.20000000000002,18.7,-15.3
13429,234413.0,False,248.70000000000002,18.7,-14.9
13430,234430.0,False,248.0,18.900000000000002,-14.100000000000001
13431,234445.0,False,247.3,19.1,-12.8
13432,234462.0,False,246.9,19.3,-11.4
13433,234485.0,False,246.8,19.900000000000002,-9.600000000000001
13434,234521.0,False,246.8,20.200000000000003,-9.3
13435,234528.0,False,246.70000000000002,20.6,-9.3
13436,234544.0,False,246.5,21.0,-9.700000000000001
13437,234569.0,False,246.10000000000002,21.6,-10.3
13438,234578.0,False,245.60000000000002,22.200000000000003,-11.0
13439,234595.0,False,245.0,22.900000000000002,-11.600000000000001
13440,234619.0,False,244.3,23.5,-12.100000000000001
13441,234629.0,False,243.70000000000002,23.900000000000002,-12.4
13442,234644.0,False,243.10000000000002,24.200000000000003,-12.5
13443,234664.0,False,242.70000000000002,24.3,-12.600000000000001
13444,234679.0,False,242.3,24.200000000000003,-12.8
13445,234698.0,False,241.9,24.0,-12.9
13446,234712.0,False,241.4,23.6,-13.0
13447,234728.0,False,240.8,23.200000000000003,-13.200000000000001
13448,234746.0,False,240.10000000000002,22.700000000000003,-13.200000000000001
13449,234762.0,False,239.20000000000002,22.200000000000003,-13.200000000000001
13450,234782.0,False,238.3,21.8,-13.100000000000001
13451,234794.0,False,237.3,21.3,-13.0
13452,234815.0,False,236.4,20.700000000000003,-13.200000000000001
13453,234828.0,False,235.5,20.1,-13.600000000000001
13454,234845.0,False,234.70000000000002,19.3,-14.3
13455,234864.0,False,233.9,18.6,-15.3
13456,234879.0,False,233.3,18.1,-16.3
13457,234896.0,False,232.70000000000002,17.900000000000002,-17.3
13458,234914.0,False,232.20000000000002,18.0,-18.0
13459,234928.0,False,232.0,18.3,-18.5
13460,234948.0,False,232.0,18.7,-18.8
13461,234961.0,False,232.20000000000002,19.1,-19.0
13462,234981.0,False,232.60000000000002,19.5,-19.3
13463,234995.0,False,233.0,19.8,-19.5
13464,235011.0,False,233.4,19.900000000000002,-19.700000000000003
13465,235028.0,False,233.8,19.900000000000002,-19.900000000000002
13466,235048.0,False,234.4,19.700000000000003,-19.8
13467,235062.0,False,235.10000000000002,19.5,-19.6
13468,235078.0,False,236.0,19.200000000000003,-19.1
13469,235096.0,False,237.0,18.900000000000002,-18.5
13470,235111.0,False,238.10000000000002,18.7,-17.900000000000002
13471,235132.0,False,239.20000000000002,18.7,-17.3
13472,235146.0,False,240.20000000000002,19.0,-16.900000000000002
13473,235162.0,False,241.10000000000002,19.6,-16.6
13474,235178.0,False,241.8,20.200000000000003,-16.7
13475,235196.0,False,242.5,20.8,-17.1
13476,235220.0,False,243.20000000000002,21.3,-17.7
13477,235231.0,False,243.8,21.6,-18.400000000000002
13478,235245.0,False,244.4,21.6,-19.1
13479,235265.0,False,244.9,21.6,-19.6
13480,235278.0,False,245.4,21.6,-20.0
13481,235294.0,False,245.9,21.700000000000003,-20.3
13482,235314.0,False,246.4,21.900000000000002,-20.5
13483,235329.0,False,246.9,21.900000000000002,-20.8
13484,235348.0,False,247.5,21.8,-21.3
13485,235362.0,False,248.0,21.3,-21.900000000000002
13486,235379.0,False,248.5,20.200000000000003,-22.5
13487,235397.0,False,249.0,18.8,-23.200000000000003
13488,235414.0,False,249.5,17.5,-23.8
13489,235427.0,False,250.10000000000002,16.6,-24.400000000000002
13490,235446.0,False,250.8,16.400000000000002,-24.900000000000002
13491,235461.0,False,251.5,16.6,-25.3
13492,235483.0,False,252.10000000000002,17.0,-25.700000000000003
13493,235494.0,False,252.4,17.400000000000002,-25.900000000000002
13494,235512.0,False,252.4,17.8,-25.900000000000002
13495,235530.0,False,252.20000000000002,18.0,-25.700000000000003
13496,235545.0,False,252.0,18.1,-25.3
13497,235565.0,False,252.0,18.2,-25.0
13498,235579.0,False,251.9,18.6,-24.6
13499,235598.0,False,251.5,19.6,-24.1
13500,235612.0,False,250.70000000000002,20.700000000000003,-23.400000000000002
13501,235628.0,False,249.9,21.6,-22.6
13502,235644.0,False,249.5,22.3,-21.8
13503,235661.0,False,249.3,22.700000000000003,-21.400000000000002
13504,235678.0,False,249.3,22.900000000000002,-21.200000000000003
13505,235715.0,False,249.3,22.8,-21.8
13506,235732.0,False,249.10000000000002,22.700000000000003,-22.5
13507,235744.0,False,248.60000000000002,22.6,-23.200000000000003
13508,235761.0,False,247.8,22.3,-23.6
13509,235779.0,False,246.8,21.8,-23.400000000000002
13510,235794.0,False,245.9,21.200000000000003,-22.700000000000003
13511,235814.0,False,245.3,20.8,-21.700000000000003
13512,235828.0,False,245.0,20.5,-20.8
13513,235845.0,False,244.9,20.5,-20.200000000000003
13514,235862.0,False,244.60000000000002,20.5,-20.1
13515,235879.0,False,244.0,20.6,-20.200000000000003
13516,235894.0,False,243.10000000000002,20.5,-20.5
13517,235923.0,False,240.3,20.1,-21.400000000000002
13518,235945.0,False,238.9,19.8,-21.8
13519,235962.0,False,237.70000000000002,19.6,-22.200000000000003
13520,235978.0,False,236.8,19.5,-22.8
13521,235994.0,False,236.20000000000002,19.5,-23.3
13522,236012.0,False,235.9,19.400000000000002,-23.900000000000002
13523,236027.0,False,235.70000000000002,19.200000000000003,-24.700000000000003
13524,236044.0,False,235.5,18.900000000000002,-25.3
13525,236067.0,False,235.20000000000002,18.5,-25.700000000000003
13526,236079.0,False,235.0,18.2,-25.900000000000002
13527,236096.0,False,234.70000000000002,18.0,-25.900000000000002
13528,236112.0,False,234.4,17.900000000000002,-25.8
13529,236130.0,False,234.3,18.2,-25.8
13530,236144.0,False,234.4,18.5,-25.900000000000002
13531,236162.0,False,234.5,18.7,-25.900000000000002
13532,236179.0,False,234.60000000000002,18.8,-25.900000000000002
13533,236196.0,False,234.8,18.900000000000002,-25.8
13534,236212.0,False,234.8,18.900000000000002,-25.5
13535,236227.0,False,235.0,19.0,-25.3
13536,236246.0,False,235.4,19.0,-25.200000000000003
13537,236262.0,False,236.0,19.0,-25.200000000000003
13538,236283.0,False,236.70000000000002,19.1,-25.5
13539,236294.0,False,237.4,19.400000000000002,-25.700000000000003
13540,236313.0,False,237.9,19.8,-26.0
13541,236329.0,False,238.4,20.5,-26.200000000000003
13542,236344.0,False,238.9,21.200000000000003,-26.5
13543,236361.0,False,239.60000000000002,21.8,-27.1
13544,236378.0,False,240.3,22.200000000000003,-28.0
13545,236399.0,False,241.0,22.3,-29.200000000000003
13546,236412.0,False,241.60000000000002,21.900000000000002,-30.400000000000002
13547,236429.0,False,241.9,21.1,-31.200000000000003
13548,236444.0,False,242.0,20.1,-31.700000000000003
13549,236462.0,False,242.20000000000002,19.200000000000003,-31.700000000000003
13550,236481.0,False,242.5,18.6,-31.400000000000002
13551,236495.0,False,243.0,18.3,-30.900000000000002
13552,236515.0,False,243.70000000000002,18.1,-30.400000000000002
13553,236527.0,False,244.3,17.900000000000002,-29.900000000000002
13554,236545.0,False,244.9,17.6,-29.400000000000002
13555,236562.0,False,245.3,17.2,-28.700000000000003
13556,236578.0,False,245.70000000000002,16.7,-27.8
13557,236595.0,False,246.10000000000002,16.2,-26.8
13558,236612.0,False,246.5,16.0,-25.700000000000003
13559,236629.0,False,247.10000000000002,16.2,-24.5
13560,236645.0,False,247.60000000000002,16.6,-23.400000000000002
13561,236662.0,False,248.10000000000002,17.2,-22.400000000000002
13562,236678.0,False,248.5,17.900000000000002,-21.400000000000002
13563,236700.0,False,248.60000000000002,18.400000000000002,-20.6
13564,236712.0,False,248.70000000000002,18.900000000000002,-20.0
13565,236729.0,False,248.60000000000002,19.3,-19.400000000000002
13566,236748.0,False,248.5,19.5,-18.900000000000002
13567,236761.0,False,248.4,19.700000000000003,-18.5
13568,236781.0,False,248.20000000000002,19.8,-18.0
13569,236794.0,False,247.8,19.900000000000002,-17.400000000000002
13570,236815.0,False,247.3,19.900000000000002,-16.6
13571,236838.0,False,246.8,20.1,-15.700000000000001
13572,236845.0,False,246.4,20.400000000000002,-14.600000000000001
13573,236862.0,False,246.0,21.0,-13.5
13574,236878.0,False,245.70000000000002,21.6,-12.3
13575,236894.0,False,245.3,22.200000000000003,-11.100000000000001
13576,236912.0,False,244.70000000000002,22.700000000000003,-9.700000000000001
13577,236929.0,False,244.20000000000002,23.200000000000003,-8.1
13578,236944.0,False,243.70000000000002,23.5,-6.4
13579,236970.0,False,243.3,24.0,-4.7
13580,236979.0,False,243.10000000000002,24.6,-3.2
13581,236995.0,False,242.9,25.400000000000002,-1.9000000000000001
13582,237011.0,False,242.8,26.200000000000003,-0.8
13583,237028.0,False,242.70000000000002,26.900000000000002,-0.2
13584,237044.0,False,242.8,27.3,-0.30000000000000004
13585,237061.0,False,242.9,27.5,-0.6000000000000001
13586,237080.0,False,242.8,27.5,-0.9
13587,237095.0,False,242.4,27.3,-1.2000000000000002
13588,237111.0,False,241.9,26.8,-1.2000000000000002
13589,237131.0,False,241.5,26.0,-1.2000000000000002
13590,237145.0,False,241.4,25.3,-1.2000000000000002
13591,237162.0,False,241.70000000000002,24.700000000000003,-1.0
13592,237177.0,False,242.20000000000002,24.400000000000002,-1.0
13593,237194.0,False,242.60000000000002,24.3,-1.3
13594,237213.0,False,242.8,24.1,-1.6
13595,237229.0,False,242.8,23.900000000000002,-1.9000000000000001
13596,237247.0,False,242.60000000000002,23.6,-2.1
13597,237261.0,False,242.3,23.400000000000002,-2.1
13598,237278.0,False,242.10000000000002,23.400000000000002,-1.9000000000000001
13599,237297.0,False,241.9,23.5,-1.6
13600,237312.0,False,241.8,23.700000000000003,-1.4000000000000001
13601,237332.0,False,241.60000000000002,24.1,-1.3
13602,237344.0,False,241.3,24.400000000000002,-1.3
13603,237361.0,False,240.9,24.700000000000003,-1.3
13604,237378.0,False,240.5,24.8,-1.3
13605,237394.0,False,240.3,24.700000000000003,-1.4000000000000001
13606,237415.0,False,240.20000000000002,24.5,-1.5
13607,237431.0,False,240.3,24.3,-1.8
13608,237444.0,False,240.5,24.200000000000003,-2.1
13609,237464.0,False,240.8,24.1,-2.5
13610,237478.0,False,241.0,23.900000000000002,-2.9000000000000004
13611,237500.0,False,241.10000000000002,23.8,-3.3000000000000003
13612,237512.0,False,241.10000000000002,23.700000000000003,-3.7
13613,237529.0,False,241.20000000000002,23.700000000000003,-4.3
13614,237544.0,False,241.20000000000002,23.6,-5.0
13615,237562.0,False,241.20000000000002,23.5,-5.6000000000000005
13616,237583.0,False,241.10000000000002,23.3,-6.1000000000000005
13617,237594.0,False,240.9,23.1,-6.5
13618,237612.0,False,240.70000000000002,22.8,-6.7
13619,237633.0,False,240.4,22.5,-6.800000000000001
13620,237645.0,False,240.10000000000002,22.200000000000003,-6.9
13621,237663.0,False,239.9,21.8,-6.9
13622,237679.0,False,239.70000000000002,21.5,-7.0
13623,237695.0,False,239.60000000000002,21.1,-7.2
13624,237717.0,False,239.5,20.700000000000003,-7.6000000000000005
13625,237729.0,False,239.5,20.3,-8.0
13626,237747.0,False,239.60000000000002,19.8,-8.5
13627,237762.0,False,239.70000000000002,19.1,-9.1
13628,237779.0,False,239.9,18.3,-9.8
13629,237794.0,False,240.10000000000002,17.6,-10.5
13630,237812.0,False,240.20000000000002,17.2,-11.200000000000001
13631,237828.0,False,240.3,17.0,-12.0
13632,237844.0,False,240.10000000000002,16.900000000000002,-13.0
13633,237862.0,False,239.70000000000002,16.8,-14.0
13634,237878.0,False,239.20000000000002,16.7,-14.8
13635,237895.0,False,238.70000000000002,16.6,-15.5
13636,237912.0,False,238.0,16.2,-16.0
13637,237931.0,False,237.5,15.8,-16.2
13638,237962.0,False,236.3,15.3,-16.0
13639,237978.0,False,235.3,15.3,-15.4
13640,237994.0,False,234.20000000000002,15.5,-14.5
13641,238011.0,False,233.10000000000002,15.8,-13.4
13642,238027.0,False,232.3,16.2,-12.600000000000001
13643,238044.0,False,231.5,16.7,-12.0
13644,238063.0,False,230.70000000000002,17.400000000000002,-11.700000000000001
13645,238078.0,False,229.70000000000002,18.3,-11.700000000000001
13646,238097.0,False,228.70000000000002,19.400000000000002,-12.0
13647,238111.0,False,227.4,20.700000000000003,-12.600000000000001
13648,238127.0,False,226.10000000000002,21.8,-13.100000000000001
13649,238148.0,False,224.8,22.700000000000003,-13.3
13650,238161.0,False,223.60000000000002,23.400000000000002,-13.3
13651,238178.0,False,222.5,24.0,-12.9
13652,238194.0,False,221.60000000000002,24.5,-12.5
13653,238211.0,False,221.0,24.8,-12.0
13654,238228.0,False,220.70000000000002,24.900000000000002,-11.8
13655,238244.0,False,220.8,24.700000000000003,-11.9
13656,238261.0,False,220.9,24.1,-12.4
13657,238278.0,False,221.0,23.400000000000002,-13.100000000000001
13658,238294.0,False,221.0,22.6,-13.8
13659,238312.0,False,220.9,21.900000000000002,-14.600000000000001
13660,238327.0,False,220.9,21.3,-15.3
13661,238344.0,False,220.8,20.8,-16.0
13662,238366.0,False,220.9,20.200000000000003,-16.6
13663,238377.0,False,220.9,19.6,-17.2
13664,238394.0,False,221.10000000000002,19.0,-17.900000000000002
13665,238411.0,False,221.20000000000002,18.2,-18.5
13666,238428.0,False,221.20000000000002,17.6,-19.0
13667,238447.0,False,221.20000000000002,17.0,-19.1
13668,238461.0,False,221.3,16.7,-19.0
13669,238477.0,False,221.4,16.5,-18.7
13670,238495.0,False,221.60000000000002,16.400000000000002,-18.5
13671,238513.0,False,221.8,16.400000000000002,-18.3
13672,238529.0,False,222.10000000000002,16.5,-18.1
13673,238547.0,False,222.5,16.900000000000002,-17.900000000000002
13674,238561.0,False,222.9,17.6,-17.6
13675,238579.0,False,223.3,18.400000000000002,-17.3
13676,238594.0,False,223.8,19.200000000000003,-16.900000000000002
13677,238625.0,False,224.4,19.6,-16.5
13678,238629.0,False,225.10000000000002,19.700000000000003,-16.0
13679,238646.0,False,225.9,19.8,-15.3
13680,238661.0,False,226.70000000000002,20.0,-14.3
13681,238678.0,False,227.60000000000002,20.700000000000003,-12.9
13682,238695.0,False,228.5,22.0,-11.0
13683,238711.0,False,229.4,23.8,-9.1
13684,238728.0,False,230.4,25.6,-7.1000000000000005
13685,238744.0,False,231.4,27.3,-5.5
13686,238761.0,False,232.5,28.6,-4.4
13687,238778.0,False,233.60000000000002,29.3,-4.1000000000000005
13688,238794.0,False,234.8,29.400000000000002,-4.3
13689,238811.0,False,235.8,29.0,-4.800000000000001
13690,238832.0,False,236.60000000000002,28.3,-5.4
13691,238844.0,False,237.20000000000002,27.700000000000003,-5.9
13692,238862.0,False,237.70000000000002,27.1,-6.300000000000001
13693,238878.0,False,238.10000000000002,26.6,-6.6000000000000005
13694,238896.0,False,238.5,26.3,-6.7
13695,238911.0,False,238.8,26.200000000000003,-6.7
13696,238932.0,False,239.20000000000002,26.3,-6.4
13697,238944.0,False,239.70000000000002,26.3,-6.0
13698,238971.0,False,240.10000000000002,26.400000000000002,-5.6000000000000005
13699,238978.0,False,240.60000000000002,26.3,-5.4
13700,238995.0,False,241.10000000000002,26.3,-5.2
13701,239011.0,False,241.5,26.200000000000003,-5.1000000000000005
13702,239028.0,False,241.9,26.200000000000003,-5.300000000000001
13703,239044.0,False,242.10000000000002,26.200000000000003,-5.5
13704,239062.0,False,242.20000000000002,26.1,-5.800000000000001
13705,239078.0,False,242.3,26.0,-6.0
13706,239224.0,False,240.5,25.0,-8.8
13707,239235.0,False,239.8,24.900000000000002,-8.4
13708,239246.0,False,239.3,25.0,-7.9
13709,239265.0,False,238.9,25.1,-7.4
13710,239278.0,False,238.70000000000002,25.400000000000002,-7.1000000000000005
13711,239294.0,False,238.4,25.8,-7.1000000000000005
13712,239314.0,False,238.0,26.3,-7.300000000000001
13713,239328.0,False,237.5,26.8,-7.5
13714,239344.0,False,237.0,27.3,-7.4
13715,239361.0,False,236.5,27.900000000000002,-7.1000000000000005
13716,239379.0,False,236.20000000000002,28.5,-6.7
13717,239394.0,False,236.10000000000002,29.200000000000003,-6.1000000000000005
13718,239411.0,False,236.10000000000002,29.8,-5.6000000000000005
13719,239430.0,False,236.10000000000002,30.5,-5.1000000000000005
13720,239445.0,False,236.10000000000002,31.0,-4.6000000000000005
13721,239461.0,False,236.10000000000002,31.3,-4.3
13722,239478.0,False,236.0,31.400000000000002,-4.0
13723,239494.0,False,235.9,31.200000000000003,-3.9000000000000004
13724,239511.0,False,235.60000000000002,30.900000000000002,-3.7
13725,239527.0,False,235.4,30.5,-3.5
13726,239544.0,False,235.20000000000002,30.3,-3.3000000000000003
13727,239561.0,False,235.0,30.200000000000003,-3.0
13728,239577.0,False,234.8,30.200000000000003,-2.7
13729,239598.0,False,234.60000000000002,30.200000000000003,-2.3000000000000003
13730,239611.0,False,234.4,30.200000000000003,-2.0
13731,239629.0,False,234.3,30.200000000000003,-1.7000000000000002
13732,239645.0,False,234.10000000000002,30.200000000000003,-1.5
13733,239661.0,False,233.9,30.3,-1.4000000000000001
13734,239681.0,False,233.8,30.3,-1.2000000000000002
13735,239695.0,False,233.8,30.200000000000003,-1.0
13736,239711.0,False,233.9,30.0,-0.9
13737,239728.0,False,234.10000000000002,29.8,-0.7000000000000001
13738,239747.0,False,234.4,29.6,-0.7000000000000001
13739,239760.0,False,234.9,29.400000000000002,-0.8
13740,239777.0,False,235.3,29.3,-1.0
13741,239794.0,False,235.8,29.0,-1.4000000000000001
13742,239811.0,False,236.20000000000002,28.6,-1.7000000000000002
13743,239828.0,False,236.60000000000002,28.0,-2.0
13744,239848.0,False,237.10000000000002,27.6,-2.3000000000000003
13745,239861.0,False,237.5,27.200000000000003,-2.5
13746,239878.0,False,238.0,26.900000000000002,-2.7
13747,239898.0,False,238.4,26.900000000000002,-3.0
13748,239946.0,False,239.3,28.1,-3.9000000000000004
13749,239961.0,False,239.60000000000002,28.5,-4.3
13750,239985.0,False,240.10000000000002,28.8,-4.7
13751,239994.0,False,240.60000000000002,29.1,-5.1000000000000005
13752,240011.0,False,241.10000000000002,29.200000000000003,-5.4
13753,240028.0,False,241.5,29.200000000000003,-5.6000000000000005
13754,240044.0,False,241.8,29.1,-5.6000000000000005
13755,240060.0,False,242.10000000000002,29.200000000000003,-5.4
13756,240077.0,False,242.3,29.3,-5.1000000000000005
13757,240097.0,False,242.60000000000002,29.400000000000002,-5.0
13758,240114.0,False,242.9,29.5,-4.9
13759,240127.0,False,243.20000000000002,29.6,-5.1000000000000005
13760,240144.0,False,243.5,29.5,-5.4
13761,240161.0,False,243.8,29.3,-5.7
13762,240177.0,False,244.0,29.200000000000003,-5.9
13763,240198.0,False,244.10000000000002,29.200000000000003,-6.1000000000000005
13764,240211.0,False,244.3,29.400000000000002,-6.2
13765,240228.0,False,244.4,29.700000000000003,-6.4
13766,240246.0,False,244.4,30.1,-6.5
13767,240262.0,False,244.3,30.400000000000002,-6.6000000000000005
13768,240284.0,False,244.10000000000002,30.5,-6.7
13769,240318.0,False,244.10000000000002,30.6,-7.0
13770,240329.0,False,244.20000000000002,30.700000000000003,-7.4
13771,240344.0,False,244.10000000000002,30.8,-7.9
13772,240361.0,False,243.70000000000002,30.700000000000003,-8.3
13773,240380.0,False,243.0,30.5,-8.5
13774,240395.0,False,242.3,30.0,-8.3
13775,240417.0,False,241.70000000000002,29.5,-7.800000000000001
13776,240430.0,False,241.20000000000002,29.1,-7.5
13777,240444.0,False,241.0,28.900000000000002,-7.5
13778,240462.0,False,240.70000000000002,28.900000000000002,-7.9
13779,240478.0,False,240.0,29.0,-8.5
13780,240494.0,False,239.0,29.3,-9.1
13781,240512.0,False,237.9,29.6,-9.600000000000001
13782,240530.0,False,236.8,29.900000000000002,-10.0
13783,240547.0,False,235.9,30.3,-10.4
13784,240561.0,False,235.0,30.5,-10.600000000000001
13785,240579.0,False,234.20000000000002,30.6,-10.700000000000001
13786,240594.0,False,233.4,30.6,-10.600000000000001
13787,240612.0,False,232.70000000000002,30.400000000000002,-10.4
13788,240632.0,False,232.0,30.0,-10.100000000000001
13789,240646.0,False,231.10000000000002,29.700000000000003,-9.5
13790,240661.0,False,230.3,29.3,-8.9
13791,240678.0,False,229.60000000000002,29.1,-8.3
13792,240694.0,False,229.0,28.8,-7.800000000000001
13793,240712.0,False,228.5,28.6,-7.5
13794,240738.0,False,228.0,28.5,-7.5
13795,240753.0,False,227.60000000000002,28.3,-7.800000000000001
13796,240762.0,False,227.20000000000002,28.1,-8.3
13797,240779.0,False,226.70000000000002,28.0,-8.9
13798,240795.0,False,226.3,27.8,-9.5
13799,240811.0,False,225.70000000000002,27.700000000000003,-10.200000000000001
13800,240832.0,False,225.20000000000002,27.5,-10.700000000000001
13801,240844.0,False,224.70000000000002,27.400000000000002,-10.9
13802,240866.0,False,224.3,27.200000000000003,-10.8
13803,240877.0,False,224.10000000000002,27.0,-10.4
13804,240894.0,False,224.20000000000002,26.900000000000002,-9.700000000000001
13805,240920.0,False,224.4,26.8,-9.1
13806,240929.0,False,224.8,26.8,-8.8
13807,240944.0,False,225.20000000000002,26.900000000000002,-8.700000000000001
13808,240963.0,False,225.60000000000002,27.200000000000003,-8.9
13809,240978.0,False,225.9,27.5,-9.3
13810,240998.0,False,226.20000000000002,28.0,-9.9
13811,241012.0,False,226.3,28.6,-10.700000000000001
13812,241027.0,False,226.3,29.200000000000003,-11.600000000000001
13813,241044.0,False,226.3,29.8,-12.3
13814,241061.0,False,226.20000000000002,30.200000000000003,-12.9
13815,241085.0,False,226.3,31.0,-13.600000000000001
