,ms,abs,alpha,beta,gamma
0,137.0,False,0.0,0.0,0.0
1,160.0,False,84.2,30.900000000000002,11.0
2,188.0,False,84.30000000000001,30.8,10.9
3,228.0,False,84.4,30.900000000000002,10.8
4,276.0,False,84.5,31.1,10.700000000000001
5,288.0,False,84.60000000000001,31.3,10.5
6,324.0,False,84.60000000000001,31.8,10.4
7,341.0,False,84.60000000000001,31.900000000000002,10.4
8,357.0,False,84.60000000000001,32.0,10.200000000000001
9,373.0,False,84.60000000000001,32.2,10.200000000000001
10,386.0,False,84.5,32.2,10.100000000000001
11,404.0,False,84.4,32.4,10.0
12,420.0,False,84.4,32.5,10.0
13,440.0,False,84.30000000000001,32.6,9.9
14,455.0,False,84.2,32.7,9.9
15,486.0,False,84.2,32.800000000000004,9.9
16,655.0,False,84.2,33.0,9.8
17,686.0,False,84.2,33.2,9.700000000000001
18,706.0,False,84.30000000000001,33.2,9.600000000000001
19,720.0,False,84.30000000000001,33.300000000000004,9.600000000000001
20,792.0,False,84.5,33.4,9.600000000000001
21,803.0,False,84.5,33.300000000000004,9.5
22,820.0,False,84.60000000000001,33.300000000000004,9.5
23,857.0,False,84.9,33.4,9.4
24,890.0,False,85.10000000000001,33.4,9.3
25,903.0,False,85.2,33.5,9.3
26,921.0,False,85.5,33.5,9.200000000000001
27,936.0,False,85.7,33.5,9.1
28,955.0,False,85.80000000000001,33.5,9.0
29,970.0,False,86.10000000000001,33.5,9.0
30,987.0,False,86.4,33.300000000000004,8.9
31,1022.0,False,86.9,33.1,8.8
32,1054.0,False,87.4,33.0,8.700000000000001
33,1072.0,False,87.7,33.0,8.5
34,1090.0,False,88.0,32.9,8.4
35,1105.0,False,88.2,32.9,8.3
36,1120.0,False,88.5,32.800000000000004,8.200000000000001
37,1140.0,False,88.80000000000001,32.6,8.200000000000001
38,1161.0,False,89.2,32.5,8.1
39,1170.0,False,89.4,32.4,8.0
40,1187.0,False,89.7,32.300000000000004,7.9
41,1203.0,False,90.10000000000001,32.2,7.7
42,1226.0,False,90.4,32.0,7.6000000000000005
43,1238.0,False,90.60000000000001,32.0,7.6000000000000005
44,1253.0,False,90.9,32.0,7.800000000000001
45,1270.0,False,91.4,31.900000000000002,7.800000000000001
46,1287.0,False,91.60000000000001,31.900000000000002,7.800000000000001
47,1303.0,False,92.10000000000001,31.8,7.800000000000001
48,1323.0,False,92.7,31.6,7.7
49,1338.0,False,93.0,31.5,7.7
50,1354.0,False,93.80000000000001,31.400000000000002,7.7
51,1370.0,False,94.80000000000001,31.3,7.7
52,1386.0,False,95.30000000000001,31.3,7.7
53,1407.0,False,96.60000000000001,31.400000000000002,7.800000000000001
54,1421.0,False,98.10000000000001,31.700000000000003,8.0
55,1436.0,False,99.0,31.900000000000002,8.1
56,1453.0,False,101.10000000000001,32.4,8.4
57,1471.0,False,103.7,33.2,8.4
58,1486.0,False,105.2,33.800000000000004,8.3
59,1503.0,False,108.10000000000001,34.9,7.9
60,1523.0,False,111.0,36.0,7.2
61,1538.0,False,112.5,36.5,6.800000000000001
62,1556.0,False,115.2,37.4,5.800000000000001
63,1570.0,False,116.4,37.7,5.300000000000001
64,1586.0,False,118.7,38.300000000000004,4.1000000000000005
65,1607.0,False,120.60000000000001,38.6,3.2
66,1620.0,False,121.5,38.7,2.9000000000000004
67,1640.0,False,123.2,38.7,2.5
68,1654.0,False,124.9,38.400000000000006,2.3000000000000003
69,1670.0,False,125.80000000000001,38.2,2.2
70,1687.0,False,127.9,37.7,2.0
71,1703.0,False,130.20000000000002,37.300000000000004,1.5
72,1723.0,False,132.6,37.1,1.0
73,1738.0,False,133.8,37.1,0.6000000000000001
74,1753.0,False,136.1,37.0,0.0
75,1770.0,False,137.1,37.0,-0.2
76,1788.0,False,139.20000000000002,36.9,-0.6000000000000001
77,1803.0,False,141.0,36.7,-0.5
78,1820.0,False,141.9,36.6,-0.5
79,1839.0,False,144.0,36.2,-0.7000000000000001
80,1853.0,False,145.20000000000002,36.1,-0.9
81,1878.0,False,149.0,36.0,-1.6
82,1886.0,False,150.20000000000002,36.2,-1.9000000000000001
83,1906.0,False,152.5,36.6,-2.5
84,1920.0,False,153.5,36.800000000000004,-2.7
85,1936.0,False,155.0,37.300000000000004,-3.1
86,1955.0,False,156.20000000000002,37.7,-3.3000000000000003
87,1970.0,False,156.70000000000002,37.800000000000004,-3.2
88,1986.0,False,157.60000000000002,37.800000000000004,-3.0
89,2003.0,False,158.0,37.7,-2.7
90,2020.0,False,158.70000000000002,37.5,-2.2
91,2036.0,False,159.3,37.1,-1.7000000000000002
92,2054.0,False,159.60000000000002,36.9,-1.4000000000000001
93,2070.0,False,160.3,36.4,-0.8
94,2086.0,False,161.10000000000002,35.9,-0.2
95,2104.0,False,161.5,35.7,0.1
96,2121.0,False,162.3,35.4,0.7000000000000001
97,2139.0,False,163.0,35.2,1.3
98,2156.0,False,163.3,35.1,1.6
99,2170.0,False,164.0,35.0,2.1
100,2188.0,False,164.4,34.9,2.4000000000000004
101,2204.0,False,165.3,34.800000000000004,2.8000000000000003
102,2220.0,False,166.3,34.5,3.2
103,2236.0,False,166.8,34.4,3.4000000000000004
104,2268.0,False,169.20000000000002,33.7,3.4000000000000004
105,2290.0,False,170.5,33.5,3.1
106,2309.0,False,171.70000000000002,33.300000000000004,2.7
107,2320.0,False,172.4,33.2,2.1
108,2351.0,False,173.9,33.1,0.7000000000000001
109,2373.0,False,174.70000000000002,33.2,-0.30000000000000004
110,2387.0,False,175.10000000000002,33.2,-0.8
111,2403.0,False,175.8,33.1,-1.7000000000000002
112,2420.0,False,176.3,33.0,-2.2
113,2440.0,False,176.5,33.0,-2.4000000000000004
114,2460.0,False,176.9,32.5,-2.9000000000000004
115,2472.0,False,176.9,32.2,-3.0
116,2486.0,False,177.0,32.0,-3.1
117,2503.0,False,177.0,31.3,-3.2
118,2525.0,False,177.0,30.5,-3.3000000000000003
119,2544.0,False,177.0,29.400000000000002,-3.6
120,2559.0,False,176.9,28.900000000000002,-3.7
121,2571.0,False,176.9,28.400000000000002,-3.8000000000000003
122,2588.0,False,176.70000000000002,27.3,-4.1000000000000005
123,2606.0,False,176.4,26.5,-4.1000000000000005
124,2622.0,False,176.10000000000002,25.8,-4.0
125,2639.0,False,175.9,25.400000000000002,-4.0
126,2654.0,False,175.60000000000002,24.8,-3.9000000000000004
127,2672.0,False,175.4,24.5,-3.8000000000000003
128,2686.0,False,175.10000000000002,24.1,-3.8000000000000003
129,2703.0,False,174.70000000000002,23.8,-3.8000000000000003
130,2720.0,False,174.5,23.700000000000003,-3.9000000000000004
131,2737.0,False,174.20000000000002,23.5,-4.1000000000000005
132,2759.0,False,173.9,23.3,-4.2
133,2790.0,False,173.70000000000002,23.0,-4.6000000000000005
134,2806.0,False,173.60000000000002,22.8,-4.9
135,2841.0,False,173.70000000000002,22.5,-5.4
136,2859.0,False,173.8,22.3,-5.800000000000001
137,2874.0,False,173.9,22.3,-6.0
138,2905.0,False,173.9,22.3,-6.2
139,2938.0,False,174.0,22.200000000000003,-6.300000000000001
140,2967.0,False,174.10000000000002,21.8,-6.4
141,2990.0,False,174.20000000000002,21.5,-6.4
142,3004.0,False,174.20000000000002,21.200000000000003,-6.4
143,3020.0,False,174.3,21.0,-6.4
144,3038.0,False,174.4,20.700000000000003,-6.4
145,3053.0,False,174.4,20.6,-6.4
146,3071.0,False,174.60000000000002,20.3,-6.300000000000001
147,3088.0,False,174.60000000000002,20.1,-6.0
148,3105.0,False,174.60000000000002,20.200000000000003,-5.6000000000000005
149,3120.0,False,174.70000000000002,20.3,-5.5
150,3145.0,False,174.8,20.400000000000002,-5.4
151,3165.0,False,175.0,20.400000000000002,-5.5
152,3177.0,False,175.3,20.5,-5.7
153,3187.0,False,175.4,20.6,-5.800000000000001
154,3203.0,False,175.60000000000002,20.6,-5.9
155,3220.0,False,175.8,20.700000000000003,-6.0
156,3237.0,False,175.9,20.8,-6.300000000000001
157,3258.0,False,176.0,20.8,-6.5
158,3270.0,False,175.9,20.8,-6.6000000000000005
159,3287.0,False,175.8,20.8,-7.0
160,3304.0,False,175.70000000000002,20.8,-7.1000000000000005
161,3327.0,False,175.10000000000002,20.700000000000003,-7.300000000000001
162,3338.0,False,174.9,20.700000000000003,-7.2
163,3354.0,False,174.60000000000002,20.700000000000003,-7.2
164,3375.0,False,174.10000000000002,20.8,-7.1000000000000005
165,3388.0,False,173.60000000000002,20.900000000000002,-6.9
166,3403.0,False,173.4,21.0,-6.9
167,3423.0,False,172.9,21.3,-6.800000000000001
168,3440.0,False,172.5,21.6,-6.800000000000001
169,3454.0,False,172.3,21.700000000000003,-6.800000000000001
170,3470.0,False,171.8,22.1,-6.6000000000000005
171,3486.0,False,171.60000000000002,22.3,-6.5
172,3506.0,False,171.10000000000002,22.700000000000003,-6.4
173,3523.0,False,170.70000000000002,23.200000000000003,-6.300000000000001
174,3536.0,False,170.5,23.3,-6.300000000000001
175,3566.0,False,170.0,23.8,-6.5
176,3571.0,False,169.8,23.900000000000002,-6.6000000000000005
177,3591.0,False,169.4,24.0,-6.7
178,3607.0,False,169.20000000000002,24.1,-6.7
179,3627.0,False,168.8,24.200000000000003,-6.800000000000001
180,3636.0,False,168.60000000000002,24.400000000000002,-6.9
181,3660.0,False,168.10000000000002,24.6,-6.9
182,3670.0,False,167.5,24.900000000000002,-6.9
183,3686.0,False,167.20000000000002,25.1,-6.9
184,3709.0,False,166.5,25.3,-6.800000000000001
185,3720.0,False,165.8,25.400000000000002,-6.6000000000000005
186,3736.0,False,165.5,25.400000000000002,-6.5
187,3757.0,False,164.70000000000002,25.400000000000002,-6.4
188,3772.0,False,164.0,25.200000000000003,-6.300000000000001
189,3793.0,False,163.3,25.1,-6.1000000000000005
190,3816.0,False,162.70000000000002,25.1,-6.0
191,3822.0,False,162.4,25.1,-6.0
192,3843.0,False,161.8,25.1,-5.800000000000001
193,3855.0,False,161.5,25.200000000000003,-5.800000000000001
194,3870.0,False,161.20000000000002,25.3,-5.7
195,3886.0,False,160.70000000000002,25.5,-5.6000000000000005
196,3909.0,False,160.20000000000002,25.700000000000003,-5.6000000000000005
197,3921.0,False,160.0,25.700000000000003,-5.6000000000000005
198,3937.0,False,159.60000000000002,25.900000000000002,-5.6000000000000005
199,3966.0,False,159.0,26.0,-5.6000000000000005
200,3987.0,False,158.60000000000002,26.1,-5.7
201,4009.0,False,158.20000000000002,26.200000000000003,-5.800000000000001
202,4025.0,False,157.9,26.3,-5.9
203,4041.0,False,157.70000000000002,26.3,-6.0
204,4057.0,False,157.20000000000002,26.3,-6.2
205,4071.0,False,157.0,26.3,-6.300000000000001
206,4087.0,False,156.60000000000002,26.1,-6.7
207,4107.0,False,156.10000000000002,25.900000000000002,-7.4
208,4127.0,False,155.70000000000002,25.6,-8.3
209,4140.0,False,155.4,25.400000000000002,-8.700000000000001
210,4153.0,False,155.10000000000002,25.400000000000002,-9.1
211,4172.0,False,154.60000000000002,25.400000000000002,-9.600000000000001
212,4186.0,False,154.10000000000002,25.5,-9.8
213,4206.0,False,153.70000000000002,25.8,-9.8
214,4220.0,False,153.5,25.900000000000002,-9.8
215,4240.0,False,153.20000000000002,26.1,-9.600000000000001
216,4256.0,False,152.9,26.200000000000003,-9.600000000000001
217,4271.0,False,152.70000000000002,26.200000000000003,-9.600000000000001
218,4290.0,False,152.4,26.0,-9.600000000000001
219,4305.0,False,152.0,25.900000000000002,-9.5
220,4320.0,False,151.8,25.8,-9.4
221,4340.0,False,151.4,25.6,-9.3
222,4362.0,False,151.0,25.6,-9.1
223,4386.0,False,150.6,25.700000000000003,-9.0
224,4404.0,False,150.4,25.700000000000003,-9.0
225,4424.0,False,150.20000000000002,25.8,-8.8
226,4442.0,False,149.9,25.900000000000002,-8.700000000000001
227,4455.0,False,149.8,26.0,-8.6
228,4469.0,False,149.70000000000002,26.1,-8.6
229,4486.0,False,149.70000000000002,26.200000000000003,-8.700000000000001
230,4503.0,False,149.6,26.3,-8.8
231,4522.0,False,149.4,26.6,-9.0
232,4537.0,False,149.3,26.700000000000003,-9.1
233,4557.0,False,148.70000000000002,27.200000000000003,-9.0
234,4576.0,False,148.6,27.400000000000002,-8.9
235,4587.0,False,148.5,27.6,-8.9
236,4603.0,False,148.4,27.900000000000002,-8.700000000000001
237,4622.0,False,148.5,28.3,-8.5
238,4648.0,False,148.70000000000002,28.8,-8.4
239,4671.0,False,148.8,29.0,-8.5
240,4689.0,False,149.0,29.0,-8.5
241,4727.0,False,149.20000000000002,28.900000000000002,-8.6
242,4756.0,False,149.5,28.900000000000002,-8.6
243,4770.0,False,149.70000000000002,28.900000000000002,-8.700000000000001
244,4804.0,False,150.20000000000002,29.0,-9.200000000000001
245,4824.0,False,150.4,29.200000000000003,-9.600000000000001
246,4840.0,False,150.5,29.400000000000002,-9.8
247,4866.0,False,150.70000000000002,29.6,-10.0
248,4870.0,False,150.8,29.700000000000003,-10.100000000000001
249,4891.0,False,150.9,29.900000000000002,-10.3
250,4923.0,False,151.1,30.0,-10.3
251,4937.0,False,151.1,30.1,-10.3
252,4957.0,False,151.0,30.1,-10.100000000000001
253,4972.0,False,151.0,30.1,-9.8
254,4987.0,False,151.0,30.0,-9.700000000000001
255,5003.0,False,151.0,30.0,-9.5
256,5042.0,False,151.20000000000002,29.8,-9.3
257,5087.0,False,151.4,29.5,-9.0
258,5103.0,False,151.6,29.3,-8.8
259,5120.0,False,151.70000000000002,29.3,-8.8
260,5136.0,False,152.0,29.3,-8.8
261,5158.0,False,152.4,29.400000000000002,-8.9
262,5187.0,False,153.0,29.5,-9.200000000000001
263,5207.0,False,153.4,29.5,-9.5
264,5221.0,False,153.60000000000002,29.6,-9.5
265,5240.0,False,153.9,29.6,-9.600000000000001
266,5269.0,False,154.3,29.8,-9.700000000000001
267,5287.0,False,154.5,30.0,-9.9
268,5304.0,False,154.70000000000002,30.1,-10.0
269,5320.0,False,154.70000000000002,30.200000000000003,-10.100000000000001
270,5339.0,False,154.70000000000002,30.200000000000003,-10.0
271,5370.0,False,154.5,30.200000000000003,-9.9
272,5390.0,False,154.4,30.200000000000003,-9.700000000000001
273,5406.0,False,154.3,30.200000000000003,-9.4
274,5421.0,False,154.20000000000002,30.1,-9.3
275,5441.0,False,154.0,29.900000000000002,-8.9
276,5453.0,False,154.0,29.900000000000002,-8.700000000000001
277,5475.0,False,154.3,30.200000000000003,-8.6
278,5486.0,False,154.60000000000002,30.400000000000002,-8.8
279,5503.0,False,155.0,30.6,-9.200000000000001
280,5520.0,False,155.8,31.3,-10.100000000000001
281,5540.0,False,156.60000000000002,31.900000000000002,-11.100000000000001
282,5554.0,False,156.9,32.2,-11.5
283,5570.0,False,157.60000000000002,32.7,-12.100000000000001
284,5589.0,False,158.3,33.0,-12.5
285,5606.0,False,158.9,33.1,-12.8
286,5625.0,False,159.10000000000002,33.1,-12.9
287,5641.0,False,159.5,33.1,-13.100000000000001
288,5654.0,False,159.60000000000002,33.0,-13.100000000000001
289,5671.0,False,159.70000000000002,32.800000000000004,-13.3
290,5687.0,False,159.8,32.7,-13.3
291,5703.0,False,159.70000000000002,32.4,-13.3
292,5723.0,False,159.4,32.1,-13.3
293,5740.0,False,159.10000000000002,31.900000000000002,-13.200000000000001
294,5756.0,False,159.0,31.700000000000003,-13.100000000000001
295,5772.0,False,158.5,31.5,-12.9
296,5786.0,False,158.3,31.3,-12.8
297,5803.0,False,157.8,31.1,-12.600000000000001
298,5820.0,False,157.3,31.0,-12.4
299,5838.0,False,156.8,30.900000000000002,-12.100000000000001
300,5860.0,False,156.4,30.900000000000002,-11.9
301,5869.0,False,156.20000000000002,30.900000000000002,-11.8
302,5888.0,False,155.9,30.900000000000002,-11.700000000000001
303,5904.0,False,155.70000000000002,30.900000000000002,-11.700000000000001
304,5970.0,False,155.5,30.900000000000002,-11.700000000000001
305,5987.0,False,155.5,30.8,-11.700000000000001
306,6003.0,False,155.60000000000002,30.8,-11.700000000000001
307,6071.0,False,155.60000000000002,30.6,-11.700000000000001
308,6088.0,False,155.5,30.6,-11.700000000000001
309,6109.0,False,155.5,30.5,-11.8
310,6170.0,False,155.3,30.400000000000002,-11.700000000000001
311,6221.0,False,155.10000000000002,30.400000000000002,-11.8
312,6236.0,False,155.0,30.3,-11.700000000000001
313,6258.0,False,154.8,30.200000000000003,-11.600000000000001
314,6272.0,False,154.60000000000002,30.1,-11.4
315,6286.0,False,154.5,30.0,-11.3
316,6303.0,False,154.3,29.900000000000002,-11.100000000000001
317,6322.0,False,154.0,29.700000000000003,-10.9
318,6336.0,False,153.9,29.6,-10.8
319,6355.0,False,153.60000000000002,29.5,-10.5
320,6372.0,False,153.4,29.3,-10.4
321,6407.0,False,153.1,29.3,-10.200000000000001
322,6439.0,False,153.0,29.400000000000002,-10.100000000000001
323,6486.0,False,152.9,29.6,-10.200000000000001
324,6504.0,False,152.9,29.5,-10.200000000000001
325,6563.0,False,152.9,29.3,-10.200000000000001
326,6604.0,False,152.9,29.1,-10.3
327,6658.0,False,152.9,29.200000000000003,-10.4
328,6756.0,False,153.1,29.200000000000003,-10.5
329,6772.0,False,153.20000000000002,29.200000000000003,-10.600000000000001
330,6787.0,False,153.3,29.1,-10.8
331,6803.0,False,153.4,29.0,-10.9
332,6839.0,False,153.5,28.8,-11.0
333,6866.0,False,153.3,28.700000000000003,-10.600000000000001
334,6887.0,False,153.20000000000002,28.400000000000002,-10.5
335,6903.0,False,153.20000000000002,28.3,-10.4
336,6926.0,False,153.3,28.0,-10.4
337,6937.0,False,153.4,27.8,-10.4
338,6976.0,False,153.60000000000002,27.900000000000002,-10.4
339,7006.0,False,153.8,28.200000000000003,-10.600000000000001
340,7039.0,False,154.10000000000002,28.400000000000002,-10.8
341,7087.0,False,154.10000000000002,28.700000000000003,-10.8
342,7122.0,False,154.10000000000002,28.900000000000002,-10.9
343,7169.0,False,154.20000000000002,29.1,-11.100000000000001
344,7187.0,False,154.10000000000002,29.0,-11.100000000000001
345,7220.0,False,154.0,28.8,-10.9
346,7239.0,False,153.9,28.6,-10.8
347,7270.0,False,153.8,28.3,-10.700000000000001
348,7346.0,False,153.70000000000002,28.5,-10.600000000000001
349,7372.0,False,153.70000000000002,28.6,-10.5
350,7403.0,False,153.70000000000002,28.5,-10.5
351,7458.0,False,153.60000000000002,28.400000000000002,-10.3
352,7525.0,False,153.8,28.5,-10.5
353,7622.0,False,154.0,28.400000000000002,-10.600000000000001
354,7703.0,False,154.10000000000002,28.3,-10.8
355,7775.0,False,154.20000000000002,28.400000000000002,-10.9
356,7803.0,False,154.3,28.6,-11.0
357,7822.0,False,154.3,28.700000000000003,-11.0
358,7859.0,False,154.3,28.8,-11.100000000000001
359,7869.0,False,154.3,28.900000000000002,-11.100000000000001
360,7886.0,False,154.20000000000002,28.900000000000002,-11.0
361,7908.0,False,154.20000000000002,28.900000000000002,-11.100000000000001
362,7941.0,False,154.10000000000002,28.8,-11.100000000000001
363,7953.0,False,154.0,28.700000000000003,-11.100000000000001
364,7970.0,False,154.0,28.6,-11.100000000000001
365,7986.0,False,153.9,28.6,-11.0
366,8005.0,False,153.8,28.5,-11.0
367,8054.0,False,153.60000000000002,28.5,-10.9
368,8090.0,False,153.5,28.5,-10.8
369,8136.0,False,153.3,28.400000000000002,-10.600000000000001
370,8153.0,False,153.3,28.400000000000002,-10.5
371,8190.0,False,153.1,28.6,-10.5
372,8203.0,False,153.1,28.700000000000003,-10.5
373,8238.0,False,152.9,28.900000000000002,-10.4
374,8354.0,False,152.70000000000002,28.900000000000002,-10.3
375,8388.0,False,152.70000000000002,28.8,-10.3
376,8425.0,False,152.70000000000002,28.6,-10.3
377,8469.0,False,152.70000000000002,28.700000000000003,-10.3
378,8520.0,False,152.8,28.900000000000002,-10.3
379,8605.0,False,152.6,29.0,-10.100000000000001
380,8621.0,False,152.5,29.0,-10.0
381,8691.0,False,152.3,29.0,-9.9
382,8722.0,False,152.20000000000002,29.1,-9.9
383,8770.0,False,152.20000000000002,29.0,-9.9
384,8787.0,False,152.1,29.0,-10.0
385,8836.0,False,152.0,29.0,-10.100000000000001
386,8872.0,False,151.9,29.200000000000003,-10.200000000000001
387,8888.0,False,151.70000000000002,29.200000000000003,-10.3
388,8905.0,False,151.70000000000002,29.0,-10.4
389,8938.0,False,151.6,28.700000000000003,-10.5
390,8986.0,False,151.4,28.8,-10.4
391,9004.0,False,151.4,28.900000000000002,-10.4
392,9075.0,False,151.3,29.0,-10.200000000000001
393,9162.0,False,151.4,29.0,-10.4
394,9205.0,False,151.4,28.8,-10.5
395,9236.0,False,151.5,28.6,-10.600000000000001
396,9323.0,False,151.6,28.700000000000003,-10.700000000000001
397,9338.0,False,151.70000000000002,28.700000000000003,-10.700000000000001
398,9408.0,False,151.8,28.900000000000002,-10.700000000000001
399,9460.0,False,151.8,28.8,-10.8
400,9540.0,False,151.9,28.6,-10.8
401,9572.0,False,151.8,28.5,-10.8
402,9621.0,False,151.9,28.3,-10.9
403,9669.0,False,152.0,28.3,-11.100000000000001
404,9687.0,False,152.1,28.400000000000002,-11.200000000000001
405,9708.0,False,152.1,28.400000000000002,-11.4
406,9737.0,False,152.20000000000002,28.3,-11.600000000000001
407,9759.0,False,152.1,28.1,-11.8
408,9769.0,False,152.0,28.0,-11.9
409,9804.0,False,151.9,27.700000000000003,-11.9
410,9822.0,False,151.70000000000002,27.6,-11.9
411,9837.0,False,151.6,27.6,-11.9
412,9863.0,False,151.3,27.6,-11.8
413,9870.0,False,151.1,27.6,-11.8
414,9903.0,False,150.8,27.700000000000003,-11.700000000000001
415,9939.0,False,150.5,27.700000000000003,-11.700000000000001
416,9953.0,False,150.20000000000002,27.6,-11.700000000000001
417,9986.0,False,149.9,27.3,-11.600000000000001
418,10006.0,False,149.8,27.1,-11.600000000000001
419,10022.0,False,149.70000000000002,27.0,-11.600000000000001
420,10053.0,False,149.6,27.0,-11.8
421,10086.0,False,149.6,27.0,-12.100000000000001
422,10104.0,False,149.6,27.1,-12.100000000000001
423,10127.0,False,149.4,27.1,-12.200000000000001
424,10154.0,False,149.20000000000002,27.200000000000003,-12.200000000000001
425,10186.0,False,149.1,27.3,-12.3
426,10222.0,False,149.0,27.200000000000003,-12.5
427,10257.0,False,148.9,27.1,-12.4
428,10286.0,False,148.9,27.1,-12.200000000000001
429,10328.0,False,149.0,27.200000000000003,-12.3
430,10354.0,False,149.20000000000002,27.200000000000003,-12.600000000000001
431,10388.0,False,149.1,27.1,-12.8
432,10403.0,False,149.1,27.0,-12.8
433,10419.0,False,148.9,26.8,-12.8
434,10437.0,False,148.70000000000002,26.5,-12.8
435,10453.0,False,148.6,26.3,-12.8
436,10472.0,False,148.4,26.0,-12.700000000000001
437,10486.0,False,148.1,25.700000000000003,-12.600000000000001
438,10507.0,False,147.9,25.5,-12.600000000000001
439,10562.0,False,147.70000000000002,25.3,-13.0
440,10569.0,False,147.70000000000002,25.200000000000003,-13.200000000000001
441,10589.0,False,147.70000000000002,25.0,-13.600000000000001
442,10603.0,False,147.6,24.900000000000002,-13.8
443,10623.0,False,147.70000000000002,24.700000000000003,-14.200000000000001
444,10640.0,False,147.8,24.700000000000003,-14.600000000000001
445,10665.0,False,148.0,24.8,-14.9
446,10673.0,False,148.1,25.0,-15.0
447,10686.0,False,148.5,25.3,-15.3
448,10707.0,False,148.8,25.5,-15.600000000000001
449,10719.0,False,149.0,25.6,-15.700000000000001
450,10736.0,False,149.20000000000002,25.700000000000003,-15.700000000000001
451,10754.0,False,149.5,25.900000000000002,-15.9
452,10770.0,False,149.6,25.900000000000002,-16.1
453,10788.0,False,149.3,25.900000000000002,-16.0
454,10804.0,False,149.1,25.900000000000002,-15.9
455,10824.0,False,148.70000000000002,25.6,-15.4
456,10846.0,False,148.20000000000002,25.400000000000002,-14.600000000000001
457,10853.0,False,148.0,25.3,-14.100000000000001
458,10869.0,False,147.70000000000002,25.200000000000003,-13.5
459,10888.0,False,147.6,25.200000000000003,-13.3
460,10920.0,False,147.9,25.400000000000002,-13.700000000000001
461,10936.0,False,148.1,25.5,-14.100000000000001
462,10965.0,False,148.5,26.1,-15.0
463,10969.0,False,148.6,26.5,-15.200000000000001
464,10986.0,False,148.6,26.8,-15.4
465,11003.0,False,148.5,27.8,-15.5
466,11022.0,False,148.4,28.900000000000002,-15.4
467,11040.0,False,148.3,30.0,-15.3
468,11070.0,False,148.20000000000002,31.6,-15.100000000000001
469,11086.0,False,148.1,32.0,-15.0
470,11103.0,False,148.1,32.7,-14.8
471,11119.0,False,148.1,32.9,-14.8
472,11136.0,False,148.3,33.1,-14.8
473,11153.0,False,148.5,33.1,-14.8
474,11171.0,False,148.6,33.0,-14.8
475,11206.0,False,148.4,32.800000000000004,-14.600000000000001
476,11220.0,False,148.20000000000002,32.6,-14.4
477,11241.0,False,147.6,31.900000000000002,-13.600000000000001
478,11253.0,False,147.5,31.6,-13.4
479,11269.0,False,147.3,31.3,-13.200000000000001
480,11286.0,False,147.1,30.8,-12.700000000000001
481,11307.0,False,147.0,30.400000000000002,-12.3
482,11320.0,False,146.9,30.3,-12.200000000000001
483,11336.0,False,146.9,30.1,-11.9
484,11356.0,False,146.70000000000002,29.900000000000002,-11.600000000000001
485,11373.0,False,146.4,29.8,-11.200000000000001
486,11391.0,False,146.3,29.8,-11.0
487,11403.0,False,146.0,29.700000000000003,-10.4
488,11424.0,False,145.6,29.6,-9.9
489,11436.0,False,145.5,29.6,-9.700000000000001
490,11460.0,False,145.20000000000002,29.400000000000002,-9.200000000000001
491,11469.0,False,145.0,29.3,-9.1
492,11486.0,False,144.8,29.0,-9.1
493,11503.0,False,144.6,28.6,-9.3
494,11520.0,False,144.5,28.400000000000002,-9.4
495,11540.0,False,144.20000000000002,28.0,-9.700000000000001
496,11560.0,False,143.8,27.6,-9.9
497,11580.0,False,143.4,27.3,-9.9
498,11588.0,False,143.20000000000002,27.3,-9.8
499,11604.0,False,143.0,27.3,-9.700000000000001
500,11620.0,False,142.70000000000002,27.5,-9.5
501,11637.0,False,142.5,28.1,-9.5
502,11656.0,False,142.4,29.0,-9.5
503,11673.0,False,142.4,29.6,-9.600000000000001
504,11686.0,False,142.5,30.6,-10.100000000000001
505,11703.0,False,142.6,31.0,-10.5
506,11720.0,False,142.6,31.5,-11.600000000000001
507,11741.0,False,142.5,31.400000000000002,-12.600000000000001
508,11753.0,False,142.3,31.0,-13.100000000000001
509,11769.0,False,141.70000000000002,29.900000000000002,-13.9
510,11788.0,False,140.70000000000002,28.5,-14.3
511,11803.0,False,140.20000000000002,27.900000000000002,-14.200000000000001
512,11819.0,False,139.1,27.1,-13.5
513,11836.0,False,138.0,27.3,-12.3
514,11857.0,False,137.1,28.200000000000003,-11.0
515,11872.0,False,136.70000000000002,28.8,-10.4
516,11887.0,False,136.1,30.3,-9.5
517,11906.0,False,135.9,31.700000000000003,-9.0
518,11920.0,False,135.9,32.300000000000004,-9.1
519,11938.0,False,136.0,33.1,-9.600000000000001
520,11971.0,False,136.6,33.5,-11.100000000000001
521,11989.0,False,136.8,33.1,-12.100000000000001
522,12006.0,False,136.9,32.5,-12.9
523,12020.0,False,136.9,32.1,-13.100000000000001
524,12037.0,False,136.70000000000002,31.400000000000002,-13.3
525,12054.0,False,136.5,31.1,-13.3
526,12070.0,False,136.1,30.6,-13.0
527,12087.0,False,135.9,30.5,-12.9
528,12105.0,False,135.5,30.3,-12.700000000000001
529,12119.0,False,135.0,30.1,-12.600000000000001
530,12138.0,False,134.6,29.900000000000002,-12.600000000000001
531,12159.0,False,134.3,29.6,-12.5
532,12170.0,False,134.1,29.400000000000002,-12.4
533,12186.0,False,133.9,29.200000000000003,-12.3
534,12208.0,False,133.5,28.8,-12.0
535,12220.0,False,133.1,28.400000000000002,-11.700000000000001
536,12236.0,False,133.0,28.200000000000003,-11.600000000000001
537,12254.0,False,133.0,27.8,-11.4
538,12270.0,False,133.20000000000002,27.400000000000002,-11.200000000000001
539,12286.0,False,133.4,27.200000000000003,-11.100000000000001
540,12307.0,False,133.9,26.8,-11.0
541,12322.0,False,134.4,26.6,-10.600000000000001
542,12341.0,False,134.8,26.700000000000003,-10.0
543,12357.0,False,135.1,26.900000000000002,-9.700000000000001
544,12376.0,False,135.5,27.3,-9.1
545,12386.0,False,135.8,27.5,-8.9
546,12408.0,False,136.5,27.900000000000002,-9.0
547,12419.0,False,136.9,28.0,-9.200000000000001
548,12436.0,False,137.70000000000002,28.3,-9.8
549,12455.0,False,138.5,28.8,-10.5
550,12474.0,False,139.20000000000002,29.400000000000002,-11.100000000000001
551,12490.0,False,140.0,30.3,-11.200000000000001
552,12503.0,False,140.4,30.900000000000002,-11.200000000000001
553,12520.0,False,140.70000000000002,31.400000000000002,-11.0
554,12536.0,False,141.5,32.5,-10.700000000000001
555,12560.0,False,142.3,33.5,-10.600000000000001
556,12570.0,False,142.9,33.9,-10.8
557,12589.0,False,144.1,34.4,-11.5
558,12605.0,False,145.70000000000002,34.6,-12.600000000000001
559,12619.0,False,146.6,34.6,-13.3
560,12640.0,False,148.3,34.4,-14.700000000000001
561,12654.0,False,149.8,34.1,-15.9
562,12670.0,False,150.3,33.9,-16.3
563,12686.0,False,151.20000000000002,33.4,-16.7
564,12705.0,False,151.6,33.1,-16.400000000000002
565,12720.0,False,151.8,32.9,-16.1
566,12740.0,False,152.0,32.800000000000004,-15.3
567,12760.0,False,152.20000000000002,32.9,-14.5
568,12769.0,False,152.3,32.9,-14.100000000000001
569,12786.0,False,152.4,33.2,-13.200000000000001
570,12804.0,False,152.5,33.300000000000004,-12.4
571,12820.0,False,152.5,33.4,-12.0
572,12843.0,False,152.5,33.5,-11.5
573,12856.0,False,152.70000000000002,33.6,-11.200000000000001
574,12875.0,False,153.1,33.800000000000004,-11.0
575,12886.0,False,153.3,33.9,-11.0
576,12904.0,False,153.5,33.9,-11.0
577,12919.0,False,153.9,34.1,-11.0
578,12938.0,False,154.10000000000002,34.2,-10.700000000000001
579,12953.0,False,154.0,34.1,-10.5
580,12970.0,False,153.70000000000002,33.800000000000004,-9.9
581,12987.0,False,153.3,33.0,-9.1
582,13005.0,False,152.9,31.900000000000002,-8.200000000000001
583,13034.0,False,152.6,30.5,-7.5
584,13039.0,False,152.5,29.700000000000003,-7.2
585,13052.0,False,152.5,28.900000000000002,-7.1000000000000005
586,13072.0,False,152.70000000000002,27.200000000000003,-7.2
587,13086.0,False,153.5,25.5,-8.1
588,13106.0,False,154.70000000000002,24.0,-9.5
589,13119.0,False,155.4,23.3,-10.3
590,13140.0,False,156.8,22.400000000000002,-11.8
591,13160.0,False,157.70000000000002,22.1,-13.0
592,13169.0,False,157.8,22.3,-13.4
593,13188.0,False,157.70000000000002,23.5,-13.5
594,13203.0,False,157.60000000000002,24.200000000000003,-13.4
595,13219.0,False,157.3,26.0,-13.200000000000001
596,13236.0,False,157.20000000000002,26.900000000000002,-13.100000000000001
597,13267.0,False,156.9,29.6,-12.9
598,13270.0,False,156.8,30.400000000000002,-12.9
599,13286.0,False,156.8,31.1,-12.8
600,13306.0,False,156.9,32.2,-12.700000000000001
601,13320.0,False,157.3,33.1,-12.9
602,13336.0,False,157.9,33.5,-13.100000000000001
603,13364.0,False,160.5,35.300000000000004,-14.4
604,13371.0,False,161.5,36.1,-15.0
605,13386.0,False,162.4,37.0,-15.600000000000001
606,13403.0,False,164.10000000000002,39.0,-17.2
607,13419.0,False,165.70000000000002,40.7,-18.900000000000002
608,13437.0,False,166.4,41.400000000000006,-19.700000000000003
609,13453.0,False,167.8,42.400000000000006,-20.900000000000002
610,13471.0,False,169.0,43.0,-21.700000000000003
611,13486.0,False,169.60000000000002,43.2,-22.0
612,13503.0,False,170.8,43.400000000000006,-22.6
613,13523.0,False,171.60000000000002,43.5,-22.900000000000002
614,13537.0,False,171.9,43.5,-22.700000000000003
615,13553.0,False,172.20000000000002,43.6,-21.8
616,13570.0,False,172.10000000000002,43.800000000000004,-20.900000000000002
617,13590.0,False,171.3,44.0,-17.2
618,13606.0,False,170.8,44.0,-15.600000000000001
619,13622.0,False,169.5,43.300000000000004,-12.4
620,13637.0,False,169.0,42.6,-10.9
621,13662.0,False,167.70000000000002,39.6,-6.9
622,13692.0,False,167.5,37.300000000000004,-5.0
623,13703.0,False,167.70000000000002,36.800000000000004,-4.800000000000001
624,13721.0,False,168.0,36.5,-4.800000000000001
625,13736.0,False,168.9,36.2,-5.1000000000000005
626,13755.0,False,170.4,36.0,-6.1000000000000005
627,13769.0,False,171.3,35.9,-6.800000000000001
628,13786.0,False,173.20000000000002,35.6,-8.200000000000001
629,13806.0,False,175.10000000000002,35.4,-9.600000000000001
630,13824.0,False,176.8,35.300000000000004,-10.8
631,13863.0,False,178.70000000000002,35.2,-12.0
632,13874.0,False,179.5,35.2,-12.3
633,13890.0,False,179.9,35.4,-12.4
634,13903.0,False,180.5,35.6,-12.3
635,13919.0,False,180.9,35.800000000000004,-12.0
636,13940.0,False,181.4,35.9,-11.0
637,13962.0,False,181.70000000000002,35.9,-9.3
638,13972.0,False,181.8,35.9,-8.4
639,13986.0,False,181.70000000000002,36.0,-6.5
640,14004.0,False,181.8,36.300000000000004,-5.1000000000000005
641,14024.0,False,182.0,36.800000000000004,-4.6000000000000005
642,14036.0,False,182.20000000000002,37.1,-4.6000000000000005
643,14062.0,False,182.9,37.9,-5.6000000000000005
644,14071.0,False,183.4,38.400000000000006,-6.4
645,14086.0,False,184.0,39.2,-7.7
646,14103.0,False,184.0,39.6,-7.9
647,14119.0,False,183.60000000000002,39.7,-7.5
648,14146.0,False,182.0,38.2,-6.0
649,14167.0,False,181.20000000000002,37.5,-5.300000000000001
650,14171.0,False,180.3,36.7,-4.4
651,14188.0,False,178.20000000000002,35.1,-2.5
652,14203.0,False,177.20000000000002,34.4,-1.5
653,14222.0,False,175.5,33.1,0.1
654,14241.0,False,174.3,32.300000000000004,1.3
655,14268.0,False,173.60000000000002,31.700000000000003,2.0
656,14278.0,False,173.4,31.400000000000002,2.0
657,14303.0,False,173.60000000000002,31.3,1.5
658,14320.0,False,173.9,31.3,0.8
659,14336.0,False,174.20000000000002,31.400000000000002,0.5
660,14357.0,False,175.10000000000002,31.8,-0.7000000000000001
661,14369.0,False,175.4,31.900000000000002,-1.1
662,14386.0,False,175.70000000000002,32.0,-1.5
663,14408.0,False,176.4,32.4,-2.9000000000000004
664,14426.0,False,176.60000000000002,32.6,-3.4000000000000004
665,14436.0,False,176.9,32.9,-3.9000000000000004
666,14463.0,False,177.8,34.0,-5.9
667,14478.0,False,178.70000000000002,35.2,-8.200000000000001
668,14489.0,False,179.20000000000002,36.1,-9.9
669,14503.0,False,179.8,37.0,-11.700000000000001
670,14520.0,False,181.20000000000002,39.1,-15.700000000000001
671,14536.0,False,181.9,40.2,-17.6
672,14555.0,False,182.9,42.0,-20.5
673,14573.0,False,183.0,43.1,-21.400000000000002
674,14589.0,False,182.70000000000002,43.300000000000004,-21.0
675,14606.0,False,181.8,42.900000000000006,-18.900000000000002
676,14622.0,False,181.10000000000002,41.400000000000006,-15.9
677,14640.0,False,181.0,39.300000000000004,-13.3
678,14658.0,False,181.0,38.300000000000004,-12.4
679,14671.0,False,181.3,36.9,-10.9
680,14693.0,False,181.8,36.5,-9.9
681,14706.0,False,182.4,36.5,-9.600000000000001
682,14719.0,False,184.10000000000002,36.7,-9.700000000000001
683,14736.0,False,185.3,36.9,-10.3
684,14765.0,False,189.4,37.9,-13.600000000000001
685,14786.0,False,192.4,38.7,-16.7
686,14803.0,False,195.4,39.7,-19.3
687,14820.0,False,196.8,40.2,-20.3
688,14839.0,False,199.5,41.1,-21.400000000000002
689,14855.0,False,202.10000000000002,41.7,-21.8
690,14870.0,False,203.20000000000002,42.0,-21.8
691,14889.0,False,205.5,42.300000000000004,-21.5
692,14902.0,False,207.70000000000002,42.2,-21.200000000000003
693,14920.0,False,208.70000000000002,42.2,-21.0
694,14939.0,False,210.70000000000002,41.900000000000006,-20.6
695,14955.0,False,212.4,41.5,-20.200000000000003
696,14970.0,False,213.10000000000002,41.300000000000004,-20.0
697,14992.0,False,214.60000000000002,40.900000000000006,-19.0
698,15006.0,False,214.9,40.800000000000004,-18.6
699,15019.0,False,215.20000000000002,40.7,-18.0
700,15042.0,False,216.4,40.5,-15.9
701,15054.0,False,217.0,40.5,-15.3
702,15074.0,False,218.5,40.6,-14.700000000000001
703,15086.0,False,219.3,40.7,-14.8
704,15103.0,False,220.8,41.2,-15.700000000000001
705,15120.0,False,221.3,41.5,-16.2
706,15140.0,False,221.9,41.6,-17.0
707,15163.0,False,222.4,41.5,-17.2
708,15203.0,False,222.9,42.0,-16.2
709,15220.0,False,222.9,42.0,-15.700000000000001
710,15236.0,False,222.5,41.800000000000004,-14.200000000000001
711,15265.0,False,221.9,40.5,-12.200000000000001
712,15286.0,False,221.20000000000002,39.2,-11.200000000000001
713,15302.0,False,220.9,38.5,-10.700000000000001
714,15321.0,False,220.0,37.0,-9.8
715,15336.0,False,219.3,35.7,-9.0
716,15357.0,False,219.0,34.800000000000004,-8.6
717,15372.0,False,219.10000000000002,34.5,-8.5
718,15388.0,False,219.8,34.6,-8.9
719,15402.0,False,220.3,34.800000000000004,-9.4
720,15420.0,False,221.70000000000002,35.6,-10.9
721,15436.0,False,223.3,36.4,-12.9
722,15456.0,False,224.60000000000002,37.1,-15.0
723,15471.0,False,225.20000000000002,37.4,-15.8
724,15486.0,False,225.9,37.6,-16.900000000000002
725,15504.0,False,226.0,37.5,-17.2
726,15520.0,False,226.10000000000002,37.1,-17.5
727,15536.0,False,225.8,36.6,-17.3
728,15555.0,False,225.5,36.2,-17.0
729,15570.0,False,224.60000000000002,35.7,-16.400000000000002
730,15586.0,False,223.8,35.300000000000004,-15.600000000000001
731,15603.0,False,223.5,35.1,-15.200000000000001
732,15622.0,False,223.0,34.9,-14.8
733,15637.0,False,222.5,34.7,-14.8
734,15655.0,False,222.20000000000002,34.6,-14.9
735,15672.0,False,221.60000000000002,34.4,-15.100000000000001
736,15688.0,False,221.10000000000002,34.2,-14.9
737,15703.0,False,221.0,34.2,-14.8
738,15723.0,False,221.10000000000002,34.2,-14.5
739,15736.0,False,221.3,34.2,-14.3
740,15757.0,False,221.8,34.5,-14.4
741,15771.0,False,222.4,34.800000000000004,-14.8
742,15787.0,False,222.5,34.9,-15.0
743,15802.0,False,222.60000000000002,34.9,-14.8
744,15819.0,False,222.5,34.7,-13.4
745,15836.0,False,222.8,34.5,-12.600000000000001
746,15856.0,False,224.60000000000002,33.9,-13.100000000000001
747,15869.0,False,226.70000000000002,34.2,-14.200000000000001
748,15886.0,False,227.20000000000002,34.5,-13.200000000000001
749,15902.0,False,228.3,33.5,-9.9
750,15920.0,False,231.10000000000002,31.8,-9.0
751,15941.0,False,230.70000000000002,32.800000000000004,-5.4
752,15956.0,False,229.10000000000002,33.800000000000004,-2.1
753,15970.0,False,225.8,35.0,4.800000000000001
754,15998.0,False,224.9,35.6,8.4
755,16007.0,False,224.8,36.2,9.0
756,16024.0,False,224.20000000000002,38.2,9.700000000000001
757,16036.0,False,223.60000000000002,39.1,10.200000000000001
758,16053.0,False,222.5,40.5,11.100000000000001
759,16069.0,False,222.20000000000002,41.0,11.4
760,16086.0,False,221.8,42.2,11.3
761,16109.0,False,221.5,43.2,10.100000000000001
762,16122.0,False,220.9,43.800000000000004,7.9
763,16137.0,False,220.4,43.900000000000006,6.800000000000001
764,16153.0,False,218.9,43.7,5.6000000000000005
765,16170.0,False,218.10000000000002,43.6,5.7
766,16187.0,False,216.60000000000002,43.7,6.800000000000001
767,16202.0,False,215.5,44.400000000000006,8.0
768,16221.0,False,215.10000000000002,44.800000000000004,8.3
769,16236.0,False,214.3,45.7,8.5
770,16255.0,False,213.20000000000002,46.300000000000004,9.0
771,16269.0,False,212.60000000000002,46.300000000000004,9.4
772,16286.0,False,211.9,45.7,9.9
773,16303.0,False,211.5,44.300000000000004,9.5
774,16320.0,False,211.3,43.400000000000006,8.8
775,16337.0,False,210.4,41.5,6.7
776,16358.0,False,208.70000000000002,40.1,5.0
777,16372.0,False,206.4,39.5,4.9
778,16389.0,False,205.3,39.300000000000004,5.300000000000001
779,16402.0,False,204.5,39.2,5.800000000000001
780,16419.0,False,203.20000000000002,38.7,6.6000000000000005
781,16436.0,False,202.4,37.7,6.6000000000000005
782,16453.0,False,202.0,37.2,6.2
783,16469.0,False,201.4,36.1,5.1000000000000005
784,16488.0,False,200.70000000000002,35.5,4.0
785,16505.0,False,200.20000000000002,35.2,3.0
786,16519.0,False,199.9,35.2,2.5
787,16536.0,False,199.60000000000002,35.300000000000004,1.7000000000000002
788,16555.0,False,199.5,35.6,1.0
789,16569.0,False,199.5,35.800000000000004,0.8
790,16589.0,False,199.8,36.2,0.4
791,16606.0,False,200.0,36.7,0.30000000000000004
792,16622.0,False,200.10000000000002,36.9,0.4
793,16642.0,False,200.20000000000002,37.5,0.9
794,16653.0,False,200.4,37.7,1.2000000000000002
795,16669.0,False,200.8,38.300000000000004,2.2
796,16686.0,False,201.5,38.800000000000004,3.3000000000000003
797,16703.0,False,202.0,39.0,3.8000000000000003
798,16719.0,False,203.0,39.400000000000006,4.6000000000000005
799,16736.0,False,203.60000000000002,39.6,4.9
800,16753.0,False,205.20000000000002,40.0,5.6000000000000005
801,16769.0,False,207.0,40.5,6.1000000000000005
802,16786.0,False,208.10000000000002,40.7,6.0
803,16807.0,False,210.4,41.300000000000004,5.800000000000001
804,16821.0,False,211.20000000000002,41.400000000000006,5.9
805,16841.0,False,212.8,41.400000000000006,6.4
806,16856.0,False,213.60000000000002,41.400000000000006,6.800000000000001
807,16871.0,False,215.4,41.300000000000004,8.1
808,16886.0,False,216.3,41.2,8.8
809,16902.0,False,218.4,41.1,9.9
810,16923.0,False,220.60000000000002,41.1,10.4
811,16936.0,False,221.8,41.1,10.4
812,16959.0,False,224.3,41.300000000000004,9.8
813,16969.0,False,225.60000000000002,41.400000000000006,9.200000000000001
814,16986.0,False,227.8,41.6,7.9
815,17003.0,False,229.5,41.800000000000004,6.7
816,17019.0,False,230.8,42.0,6.300000000000001
817,17039.0,False,231.9,41.900000000000006,6.7
818,17062.0,False,233.0,41.7,7.4
819,17071.0,False,233.60000000000002,41.5,7.7
820,17086.0,False,234.20000000000002,41.5,8.1
821,17104.0,False,235.3,41.5,8.700000000000001
822,17119.0,False,236.20000000000002,41.7,9.200000000000001
823,17136.0,False,236.70000000000002,41.800000000000004,9.4
824,17166.0,False,237.8,42.2,10.200000000000001
825,17186.0,False,238.5,42.400000000000006,11.100000000000001
826,17202.0,False,239.10000000000002,42.6,12.200000000000001
827,17219.0,False,239.5,42.7,12.700000000000001
828,17236.0,False,240.3,42.800000000000004,13.4
829,17257.0,False,241.4,42.800000000000004,13.600000000000001
830,17269.0,False,241.9,42.7,13.600000000000001
831,17288.0,False,243.20000000000002,42.400000000000006,13.4
832,17306.0,False,244.4,41.800000000000004,12.9
833,17322.0,False,245.3,40.6,12.600000000000001
834,17336.0,False,245.70000000000002,40.0,12.5
835,17362.0,False,246.3,38.0,13.0
836,17386.0,False,246.8,37.0,13.4
837,17402.0,False,247.60000000000002,36.300000000000004,13.4
838,17419.0,False,248.20000000000002,36.0,13.0
839,17437.0,False,249.5,35.800000000000004,11.8
840,17453.0,False,250.8,35.9,10.4
841,17473.0,False,252.0,36.4,9.200000000000001
842,17487.0,False,252.60000000000002,36.7,8.8
843,17503.0,False,253.70000000000002,37.300000000000004,7.9
844,17520.0,False,254.20000000000002,37.6,7.5
845,17536.0,False,255.20000000000002,38.2,6.7
846,17555.0,False,256.2,38.900000000000006,5.800000000000001
847,17573.0,False,257.1,39.7,5.1000000000000005
848,17590.0,False,257.5,40.1,4.800000000000001
849,17607.0,False,258.0,41.0,4.5
850,17624.0,False,258.5,41.7,4.5
851,17645.0,False,259.0,42.1,4.5
852,17654.0,False,259.3,42.2,4.4
853,17669.0,False,259.6,42.300000000000004,4.3
854,17686.0,False,260.5,42.2,3.7
855,17705.0,False,261.40000000000003,41.900000000000006,3.0
856,17720.0,False,261.90000000000003,41.800000000000004,2.6
857,17736.0,False,263.1,41.5,1.8
858,17756.0,False,264.7,41.2,1.1
859,17776.0,False,265.5,41.0,0.6000000000000001
860,17790.0,False,267.0,40.800000000000004,-0.30000000000000004
861,17805.0,False,268.6,40.6,-1.6
862,17821.0,False,269.1,40.6,-2.0
863,17840.0,False,269.90000000000003,40.6,-1.7000000000000002
864,17855.0,False,270.7,40.7,-0.6000000000000001
865,17873.0,False,271.1,40.800000000000004,0.0
866,17889.0,False,272.2,40.900000000000006,1.2000000000000002
867,17906.0,False,273.7,41.1,1.7000000000000002
868,17919.0,False,274.6,41.2,1.6
869,17936.0,False,276.5,41.400000000000006,1.1
870,17954.0,False,277.40000000000003,41.6,0.8
871,17969.0,False,279.3,42.0,0.30000000000000004
872,17988.0,False,281.1,42.5,0.1
873,18003.0,False,281.90000000000003,42.7,0.2
874,18019.0,False,283.40000000000003,43.0,0.6000000000000001
875,18038.0,False,284.7,43.1,1.3
876,18053.0,False,285.40000000000003,43.0,1.6
877,18069.0,False,286.7,42.7,1.9000000000000001
878,18087.0,False,287.8,42.5,1.8
879,18103.0,False,288.2,42.400000000000006,1.6
880,18120.0,False,289.1,42.2,1.0
881,18140.0,False,289.8,41.900000000000006,0.4
882,18163.0,False,290.5,41.7,-0.2
883,18169.0,False,290.90000000000003,41.7,-0.6000000000000001
884,18186.0,False,291.40000000000003,41.6,-0.9
885,18203.0,False,292.3,41.7,-1.6
886,18219.0,False,293.3,42.1,-2.0
887,18236.0,False,293.90000000000003,42.400000000000006,-2.2
888,18257.0,False,295.2,43.1,-2.7
889,18269.0,False,296.5,43.7,-3.5
890,18291.0,False,297.6,44.400000000000006,-4.4
891,18304.0,False,298.0,44.7,-4.800000000000001
892,18320.0,False,298.7,45.7,-5.300000000000001
893,18336.0,False,299.0,46.2,-5.4
894,18364.0,False,300.1,47.7,-5.4
895,18370.0,False,300.40000000000003,48.1,-5.300000000000001
896,18386.0,False,300.6,48.400000000000006,-5.300000000000001
897,18405.0,False,300.7,48.6,-5.1000000000000005
898,18420.0,False,300.3,48.400000000000006,-4.7
899,18442.0,False,299.6,47.800000000000004,-3.9000000000000004
900,18456.0,False,299.1,47.400000000000006,-3.3000000000000003
901,18472.0,False,298.2,46.300000000000004,-1.9000000000000001
902,18487.0,False,297.8,45.800000000000004,-1.1
903,18502.0,False,297.1,44.5,0.4
904,18520.0,False,296.8,43.800000000000004,1.0
905,18536.0,False,296.3,42.5,1.7000000000000002
906,18555.0,False,296.0,41.5,1.7000000000000002
907,18574.0,False,296.1,41.1,1.0
908,18588.0,False,296.2,41.2,0.5
909,18605.0,False,296.5,41.900000000000006,-0.5
910,18619.0,False,296.7,42.400000000000006,-1.0
911,18636.0,False,297.1,43.5,-2.0
912,18652.0,False,297.5,44.400000000000006,-2.7
913,18669.0,False,297.5,44.800000000000004,-2.9000000000000004
914,18686.0,False,297.5,45.300000000000004,-3.0
915,18705.0,False,297.3,45.5,-2.8000000000000003
916,18729.0,False,297.2,45.6,-2.3000000000000003
917,18736.0,False,297.0,45.6,-2.1
918,18764.0,False,296.5,45.7,-1.8
919,18786.0,False,296.1,45.7,-2.0
920,18807.0,False,295.7,45.5,-2.5
921,18822.0,False,295.3,45.300000000000004,-3.1
922,18836.0,False,295.1,45.2,-3.4000000000000004
923,18852.0,False,294.5,44.800000000000004,-4.0
924,18871.0,False,294.2,44.6,-4.3
925,18886.0,False,293.40000000000003,44.2,-4.7
926,18902.0,False,293.1,44.1,-4.7
927,18929.0,False,293.1,43.7,-4.7
928,18937.0,False,293.3,43.5,-4.7
929,18962.0,False,293.8,43.2,-5.1000000000000005
930,18969.0,False,294.0,43.0,-5.4
931,18986.0,False,294.3,43.0,-5.6000000000000005
932,19004.0,False,294.6,43.1,-5.300000000000001
933,19020.0,False,294.8,43.2,-5.0
934,19044.0,False,295.6,43.5,-3.9000000000000004
935,19069.0,False,296.2,43.6,-3.4000000000000004
936,19089.0,False,296.90000000000003,43.6,-3.5
937,19102.0,False,297.3,43.6,-3.8000000000000003
938,19119.0,False,297.90000000000003,43.6,-4.7
939,19138.0,False,298.2,43.900000000000006,-5.5
940,19152.0,False,298.3,44.2,-5.6000000000000005
941,19172.0,False,298.3,44.800000000000004,-5.4
942,19187.0,False,298.3,45.1,-4.7
943,19202.0,False,298.3,45.0,-4.4
944,19219.0,False,298.5,44.7,-3.6
945,19239.0,False,298.8,44.1,-2.9000000000000004
946,19258.0,False,299.40000000000003,43.1,-2.5
947,19269.0,False,299.8,42.5,-2.6
948,19286.0,False,300.6,41.300000000000004,-3.0
949,19310.0,False,301.1,40.300000000000004,-3.6
950,19325.0,False,301.2,39.800000000000004,-3.9000000000000004
951,19340.0,False,301.40000000000003,39.2,-4.0
952,19359.0,False,301.40000000000003,39.0,-4.0
953,19380.0,False,301.7,38.6,-3.2
954,19387.0,False,301.90000000000003,38.5,-2.8000000000000003
955,19402.0,False,302.0,38.6,-2.4000000000000004
956,19428.0,False,302.40000000000003,38.800000000000004,-1.8
957,19436.0,False,302.6,38.900000000000006,-1.6
958,19471.0,False,303.40000000000003,39.7,-1.1
959,19486.0,False,303.6,39.900000000000006,-1.1
960,19503.0,False,304.0,40.400000000000006,-1.2000000000000002
961,19522.0,False,304.40000000000003,40.900000000000006,-1.3
962,19544.0,False,304.6,41.2,-1.2000000000000002
963,19560.0,False,304.5,41.300000000000004,-0.9
964,19571.0,False,304.1,41.1,0.30000000000000004
965,19586.0,False,303.90000000000003,40.800000000000004,1.1
966,19605.0,False,303.3,39.800000000000004,2.9000000000000004
967,19622.0,False,302.40000000000003,38.5,4.9
968,19637.0,False,301.7,37.800000000000004,5.9
969,19656.0,False,300.1,36.5,8.3
970,19669.0,False,298.5,35.6,10.9
971,19688.0,False,297.90000000000003,35.300000000000004,12.100000000000001
972,19702.0,False,297.2,35.0,14.0
973,19720.0,False,297.0,35.1,14.9
974,19743.0,False,297.0,35.6,14.9
975,19773.0,False,297.40000000000003,37.0,13.5
976,19786.0,False,297.6,37.5,13.0
977,19802.0,False,298.40000000000003,38.400000000000006,11.700000000000001
978,19821.0,False,299.5,39.1,10.3
979,19836.0,False,300.2,39.300000000000004,9.4
980,19866.0,False,302.5,39.6,6.1000000000000005
981,19886.0,False,304.1,39.7,3.7
982,19902.0,False,305.40000000000003,40.2,1.6
983,19919.0,False,305.90000000000003,40.6,0.9
984,19936.0,False,306.5,41.5,0.0
985,19956.0,False,306.6,42.1,-0.2
986,19974.0,False,306.7,42.0,-0.1
987,19986.0,False,306.8,41.800000000000004,0.0
988,20006.0,False,307.20000000000005,41.0,0.0
989,20023.0,False,307.70000000000005,40.1,0.0
990,20038.0,False,307.90000000000003,39.800000000000004,0.0
991,20057.0,False,308.5,39.5,-0.1
992,20071.0,False,308.90000000000003,39.400000000000006,-0.30000000000000004
993,20086.0,False,310.0,39.5,-0.9
994,20105.0,False,311.40000000000003,39.7,-2.0
995,20121.0,False,312.20000000000005,39.7,-2.6
996,20136.0,False,313.40000000000003,39.800000000000004,-3.4000000000000004
997,20156.0,False,314.5,40.1,-3.4000000000000004
998,20170.0,False,314.90000000000003,40.2,-3.1
999,20187.0,False,315.90000000000003,40.2,-2.4000000000000004
1000,20202.0,False,316.40000000000003,40.1,-2.0
1001,20225.0,False,318.0,39.400000000000006,-1.2000000000000002
1002,20238.0,False,318.5,39.2,-1.1
1003,20265.0,False,319.0,39.0,-1.0
1004,20286.0,False,320.70000000000005,39.0,-0.1
1005,20304.0,False,321.6,38.800000000000004,0.4
1006,20322.0,False,322.1,38.5,0.5
1007,20338.0,False,323.0,37.6,0.30000000000000004
1008,20352.0,False,323.40000000000003,37.1,0.1
1009,20370.0,False,324.1,35.9,-0.4
1010,20387.0,False,324.6,35.0,-0.6000000000000001
1011,20402.0,False,324.90000000000003,34.6,-0.5
1012,20419.0,False,325.40000000000003,34.0,0.0
1013,20438.0,False,326.20000000000005,33.7,0.4
1014,20454.0,False,326.70000000000005,33.6,0.5
1015,20469.0,False,327.90000000000003,33.5,0.4
1016,20486.0,False,329.1,33.7,0.2
1017,20503.0,False,329.70000000000005,33.9,0.1
1018,20520.0,False,330.90000000000003,34.5,-0.1
1019,20536.0,False,331.40000000000003,34.800000000000004,-0.2
1020,20552.0,False,332.3,35.5,-0.2
1021,20569.0,False,333.1,35.9,-0.4
1022,20587.0,False,333.6,36.2,-0.4
1023,20602.0,False,333.8,36.300000000000004,-0.4
1024,20623.0,False,334.1,36.6,0.0
1025,20638.0,False,334.3,37.0,0.6000000000000001
1026,20655.0,False,334.40000000000003,37.1,1.0
1027,20672.0,False,334.6,37.1,1.4000000000000001
1028,20688.0,False,334.6,37.0,1.4000000000000001
1029,20702.0,False,334.5,36.5,1.3
1030,20719.0,False,334.1,35.9,1.5
1031,20738.0,False,333.70000000000005,35.5,2.2
1032,20762.0,False,333.20000000000005,35.300000000000004,3.6
1033,20769.0,False,333.0,35.300000000000004,4.4
1034,20788.0,False,332.8,35.5,5.2
1035,20804.0,False,332.8,35.9,6.4
1036,20822.0,False,333.40000000000003,36.4,6.5
1037,20839.0,False,334.20000000000005,36.9,5.4
1038,20852.0,False,334.6,37.2,4.5
1039,20869.0,False,335.40000000000003,37.7,2.7
1040,20886.0,False,335.6,37.9,2.0
1041,20902.0,False,336.0,38.400000000000006,0.8
1042,20923.0,False,336.3,38.6,0.1
1043,20936.0,False,336.5,38.6,-0.1
1044,20953.0,False,336.6,38.400000000000006,-0.2
1045,20973.0,False,336.6,38.400000000000006,0.0
1046,20986.0,False,336.6,38.400000000000006,0.1
1047,21002.0,False,336.6,38.6,0.30000000000000004
1048,21019.0,False,336.6,38.800000000000004,0.4
1049,21036.0,False,336.6,39.400000000000006,0.4
1050,21052.0,False,336.5,40.0,0.2
1051,21069.0,False,336.40000000000003,40.2,0.1
1052,21086.0,False,336.1,40.6,-0.30000000000000004
1053,21106.0,False,335.6,40.7,-0.7000000000000001
1054,21124.0,False,335.0,40.5,-1.1
1055,21136.0,False,334.70000000000005,40.2,-1.2000000000000002
1056,21161.0,False,333.70000000000005,39.5,-1.6
1057,21189.0,False,333.20000000000005,39.2,-1.6
1058,21224.0,False,333.70000000000005,39.300000000000004,-2.1
1059,21237.0,False,334.1,39.5,-2.5
1060,21253.0,False,334.8,40.0,-3.3000000000000003
1061,21271.0,False,335.1,40.400000000000006,-3.5
1062,21286.0,False,335.5,41.300000000000004,-3.2
1063,21304.0,False,336.40000000000003,42.1,-2.7
1064,21319.0,False,337.0,42.5,-2.5
1065,21340.0,False,338.20000000000005,43.1,-2.2
1066,21359.0,False,339.70000000000005,43.7,-2.2
1067,21369.0,False,340.40000000000003,44.1,-2.3000000000000003
1068,21386.0,False,341.90000000000003,44.7,-2.9000000000000004
1069,21405.0,False,343.20000000000005,45.1,-3.5
1070,21424.0,False,344.1,45.400000000000006,-3.8000000000000003
1071,21436.0,False,344.3,45.5,-3.8000000000000003
1072,21455.0,False,344.8,45.5,-3.5
1073,21469.0,False,345.0,45.400000000000006,-3.3000000000000003
1074,21486.0,False,345.5,45.0,-3.0
1075,21503.0,False,345.70000000000005,44.7,-2.9000000000000004
1076,21525.0,False,346.20000000000005,43.7,-2.8000000000000003
1077,21536.0,False,346.3,43.400000000000006,-2.8000000000000003
1078,21559.0,False,346.20000000000005,42.7,-2.6
1079,21569.0,False,346.20000000000005,42.5,-2.3000000000000003
1080,21586.0,False,346.20000000000005,42.0,-1.5
1081,21602.0,False,346.20000000000005,41.800000000000004,-1.1
1082,21619.0,False,346.40000000000003,41.5,0.1
1083,21639.0,False,347.0,41.300000000000004,1.3
1084,21653.0,False,347.40000000000003,41.300000000000004,1.8
1085,21669.0,False,348.20000000000005,41.2,2.6
1086,21688.0,False,348.90000000000003,41.2,3.1
1087,21703.0,False,349.20000000000005,41.300000000000004,3.3000000000000003
1088,21719.0,False,349.90000000000003,41.300000000000004,3.4000000000000004
1089,21739.0,False,350.70000000000005,41.5,3.2
1090,21759.0,False,351.70000000000005,41.7,2.6
1091,21769.0,False,352.20000000000005,41.900000000000006,2.0
1092,21786.0,False,352.8,42.1,1.3
1093,21802.0,False,353.8,42.300000000000004,-0.6000000000000001
1094,21820.0,False,354.40000000000003,42.400000000000006,-2.4000000000000004
1095,21836.0,False,354.5,42.5,-3.0
1096,21853.0,False,354.20000000000005,42.900000000000006,-3.5
1097,21872.0,False,353.6,43.2,-3.1
1098,21890.0,False,352.90000000000003,43.0,-2.2
1099,21906.0,False,352.40000000000003,42.800000000000004,-1.6
1100,21919.0,False,351.5,42.0,-0.4
1101,21936.0,False,350.90000000000003,41.6,0.2
1102,21955.0,False,349.90000000000003,40.7,1.4000000000000001
1103,21969.0,False,349.0,40.0,2.4000000000000004
1104,21988.0,False,348.40000000000003,39.5,3.1
1105,22002.0,False,348.3,39.400000000000006,3.3000000000000003
1106,22019.0,False,348.3,39.2,3.5
1107,22036.0,False,348.5,39.2,3.6
1108,22055.0,False,348.70000000000005,39.1,3.6
1109,22072.0,False,348.90000000000003,38.900000000000006,4.0
1110,22092.0,False,348.8,38.7,4.6000000000000005
1111,22103.0,False,348.70000000000005,38.5,5.0
1112,22120.0,False,348.6,38.1,5.7
1113,22136.0,False,348.5,38.0,6.0
1114,22152.0,False,348.40000000000003,37.800000000000004,6.2
1115,22170.0,False,348.20000000000005,38.0,6.0
1116,22191.0,False,347.90000000000003,38.400000000000006,5.6000000000000005
1117,22203.0,False,347.70000000000005,38.6,5.4
1118,22222.0,False,347.6,38.900000000000006,4.9
1119,22237.0,False,347.6,39.0,4.7
1120,22271.0,False,348.3,38.900000000000006,3.4000000000000004
1121,22286.0,False,348.6,38.800000000000004,3.1
1122,22302.0,False,349.40000000000003,39.0,2.5
1123,22323.0,False,350.5,39.400000000000006,1.7000000000000002
1124,22336.0,False,351.20000000000005,39.7,1.3
1125,22352.0,False,352.6,40.2,0.30000000000000004
1126,22369.0,False,353.20000000000005,40.400000000000006,0.0
1127,22386.0,False,354.20000000000005,40.800000000000004,0.0
1128,22404.0,False,355.20000000000005,41.0,0.2
1129,22424.0,False,356.3,40.800000000000004,0.30000000000000004
1130,22444.0,False,357.5,40.6,-0.1
1131,22455.0,False,358.20000000000005,40.6,-0.6000000000000001
1132,22469.0,False,358.90000000000003,40.7,-1.1
1133,22488.0,False,0.30000000000000004,40.900000000000006,-2.3000000000000003
1134,22507.0,False,1.4000000000000001,41.400000000000006,-3.2
1135,22521.0,False,1.9000000000000001,41.7,-3.4000000000000004
1136,22536.0,False,2.8000000000000003,42.2,-3.5
1137,22569.0,False,4.6000000000000005,42.400000000000006,-3.6
1138,22586.0,False,5.800000000000001,42.2,-3.8000000000000003
1139,22603.0,False,6.9,42.0,-4.0
1140,22628.0,False,7.7,42.0,-4.1000000000000005
1141,22636.0,False,8.0,42.0,-3.9000000000000004
1142,22672.0,False,8.9,42.300000000000004,-3.0
1143,22686.0,False,9.600000000000001,42.5,-2.1
1144,22705.0,False,10.5,42.7,-1.3
1145,22721.0,False,11.0,42.900000000000006,-0.9
1146,22735.0,False,12.200000000000001,43.300000000000004,-0.5
1147,22752.0,False,12.8,43.5,-0.30000000000000004
1148,22772.0,False,14.0,44.0,-0.1
1149,22787.0,False,15.200000000000001,44.6,-0.1
1150,22802.0,False,15.700000000000001,44.800000000000004,0.0
1151,22829.0,False,17.3,45.400000000000006,0.0
1152,22837.0,False,17.8,45.5,0.1
1153,22865.0,False,19.1,45.7,0.5
1154,22886.0,False,19.400000000000002,45.7,0.8
1155,22902.0,False,19.900000000000002,45.5,1.4000000000000001
1156,22933.0,False,20.0,44.6,2.6
1157,22937.0,False,19.900000000000002,44.0,2.9000000000000004
1158,22965.0,False,19.900000000000002,42.7,3.4000000000000004
1159,22969.0,False,19.900000000000002,42.1,3.6
1160,22987.0,False,19.900000000000002,41.0,4.1000000000000005
1161,23004.0,False,19.900000000000002,40.5,4.3
1162,23022.0,False,20.0,39.900000000000006,4.7
1163,23039.0,False,20.400000000000002,39.6,5.1000000000000005
1164,23053.0,False,20.700000000000003,39.6,5.1000000000000005
1165,23071.0,False,21.700000000000003,39.800000000000004,4.800000000000001
1166,23087.0,False,22.200000000000003,40.1,4.4
1167,23102.0,False,23.400000000000002,40.800000000000004,3.3000000000000003
1168,23124.0,False,24.5,41.7,2.2
1169,23144.0,False,25.400000000000002,42.5,1.4000000000000001
1170,23168.0,False,26.400000000000002,43.300000000000004,1.1
1171,23186.0,False,26.700000000000003,43.400000000000006,1.2000000000000002
1172,23203.0,False,27.1,43.6,1.5
1173,23220.0,False,27.5,43.7,1.9000000000000001
1174,23237.0,False,27.700000000000003,43.800000000000004,2.0
1175,23254.0,False,28.1,43.7,2.2
1176,23269.0,False,28.3,43.400000000000006,2.1
1177,23286.0,False,28.8,42.800000000000004,1.7000000000000002
1178,23309.0,False,29.5,41.800000000000004,0.8
1179,23320.0,False,29.700000000000003,41.6,0.5
1180,23336.0,False,29.8,41.400000000000006,0.30000000000000004
1181,23354.0,False,29.900000000000002,41.1,-0.1
1182,23371.0,False,29.900000000000002,40.800000000000004,-0.30000000000000004
1183,23387.0,False,29.8,40.6,-0.30000000000000004
1184,23402.0,False,29.900000000000002,40.6,-0.4
1185,23419.0,False,30.1,40.6,-0.4
1186,23436.0,False,30.700000000000003,40.7,-0.7000000000000001
1187,23454.0,False,31.5,40.6,-1.4000000000000001
1188,23469.0,False,32.4,40.300000000000004,-2.4000000000000004
1189,23486.0,False,32.800000000000004,40.1,-2.9000000000000004
1190,23502.0,False,33.2,39.800000000000004,-3.0
1191,23519.0,False,33.4,39.7,-2.6
1192,23536.0,False,33.9,39.400000000000006,-1.5
1193,23560.0,False,34.800000000000004,38.900000000000006,-0.4
1194,23570.0,False,35.300000000000004,38.6,-0.1
1195,23586.0,False,36.7,38.1,-0.1
1196,23606.0,False,38.1,37.800000000000004,-1.0
1197,23620.0,False,38.6,37.800000000000004,-1.5
1198,23636.0,False,39.400000000000006,38.300000000000004,-2.1
1199,23656.0,False,40.0,39.0,-2.1
1200,23669.0,False,40.2,39.300000000000004,-2.0
1201,23687.0,False,40.800000000000004,39.900000000000006,-1.5
1202,23705.0,False,41.7,40.2,-1.1
1203,23720.0,False,42.300000000000004,40.2,-1.0
1204,23737.0,False,43.5,40.2,-1.1
1205,23754.0,False,44.800000000000004,40.0,-1.6
1206,23769.0,False,45.400000000000006,39.900000000000006,-2.1
1207,23790.0,False,46.400000000000006,39.7,-3.0
1208,23802.0,False,47.300000000000004,39.5,-4.0
1209,23820.0,False,47.7,39.400000000000006,-4.4
1210,23837.0,False,48.400000000000006,39.400000000000006,-5.0
1211,23852.0,False,48.7,39.5,-5.1000000000000005
1212,23869.0,False,49.400000000000006,39.900000000000006,-5.1000000000000005
1213,23887.0,False,50.300000000000004,40.5,-4.6000000000000005
1214,23902.0,False,50.7,40.800000000000004,-4.2
1215,23920.0,False,51.6,41.5,-3.3000000000000003
1216,23937.0,False,52.400000000000006,41.900000000000006,-2.3000000000000003
1217,23970.0,False,53.800000000000004,42.300000000000004,-1.2000000000000002
1218,23986.0,False,54.800000000000004,42.300000000000004,-0.9
1219,24002.0,False,55.300000000000004,42.300000000000004,-0.9
1220,24019.0,False,56.300000000000004,42.300000000000004,-1.1
1221,24038.0,False,57.2,42.400000000000006,-1.4000000000000001
1222,24053.0,False,57.5,42.5,-1.4000000000000001
1223,24073.0,False,57.900000000000006,42.5,-1.3
1224,24088.0,False,58.1,42.1,-0.7000000000000001
1225,24102.0,False,58.1,41.800000000000004,-0.30000000000000004
1226,24119.0,False,57.800000000000004,40.900000000000006,0.7000000000000001
1227,24153.0,False,56.900000000000006,39.1,2.7
1228,24170.0,False,56.5,38.0,3.9000000000000004
1229,24187.0,False,56.800000000000004,37.300000000000004,4.6000000000000005
1230,24203.0,False,57.2,37.2,4.5
1231,24223.0,False,58.1,37.6,3.8000000000000003
1232,24237.0,False,58.900000000000006,38.6,2.7
1233,24263.0,False,59.7,39.800000000000004,1.3
1234,24269.0,False,60.1,40.5,0.6000000000000001
1235,24289.0,False,60.900000000000006,41.7,-0.4
1236,24302.0,False,61.2,42.1,-0.8
1237,24321.0,False,61.400000000000006,42.900000000000006,-1.0
1238,24339.0,False,61.400000000000006,43.400000000000006,-0.7000000000000001
1239,24352.0,False,61.300000000000004,43.6,-0.4
1240,24369.0,False,61.300000000000004,43.900000000000006,0.0
1241,24385.0,False,61.400000000000006,44.1,0.0
1242,24408.0,False,62.5,45.400000000000006,-0.5
1243,24419.0,False,63.0,46.1,-1.0
1244,24438.0,False,64.0,47.7,-1.8
1245,24455.0,False,64.3,48.5,-2.2
1246,24469.0,False,64.8,49.800000000000004,-2.6
1247,24485.0,False,64.9,50.2,-2.8000000000000003
1248,24502.0,False,65.0,50.400000000000006,-2.9000000000000004
1249,24519.0,False,64.9,49.7,-2.8000000000000003
1250,24536.0,False,64.8,49.2,-2.8000000000000003
1251,24553.0,False,64.9,48.0,-2.9000000000000004
1252,24571.0,False,65.3,47.0,-3.3000000000000003
1253,24585.0,False,65.5,46.6,-3.5
1254,24603.0,False,66.3,45.900000000000006,-3.9000000000000004
1255,24619.0,False,67.4,45.2,-4.2
1256,24636.0,False,68.0,44.900000000000006,-4.4
1257,24660.0,False,70.5,44.300000000000004,-4.9
1258,24672.0,False,71.5,44.2,-4.9
1259,24687.0,False,72.60000000000001,44.1,-4.9
1260,24705.0,False,74.8,43.800000000000004,-5.0
1261,24726.0,False,77.0,43.2,-5.5
1262,24736.0,False,78.0,42.900000000000006,-5.9
1263,24764.0,False,80.60000000000001,42.7,-6.9
1264,24772.0,False,81.2,42.900000000000006,-7.0
1265,24787.0,False,81.9,43.2,-6.9
1266,24802.0,False,83.30000000000001,43.800000000000004,-6.2
1267,24819.0,False,84.10000000000001,44.1,-5.7
1268,24836.0,False,85.7,44.5,-4.5
1269,24854.0,False,87.5,44.6,-3.5
1270,24869.0,False,88.5,44.5,-3.3000000000000003
1271,24885.0,False,90.4,44.2,-3.5
1272,24903.0,False,92.30000000000001,44.1,-4.4
1273,24924.0,False,93.9,44.400000000000006,-5.5
1274,24937.0,False,94.5,44.800000000000004,-5.9
1275,24955.0,False,95.60000000000001,45.900000000000006,-6.0
1276,24969.0,False,96.0,46.400000000000006,-5.9
1277,24986.0,False,96.60000000000001,47.300000000000004,-5.1000000000000005
1278,25003.0,False,97.2,47.800000000000004,-4.0
1279,25021.0,False,97.5,48.0,-3.3000000000000003
1280,25043.0,False,98.10000000000001,48.2,-1.6
1281,25060.0,False,98.2,48.2,-1.1
1282,25069.0,False,98.2,48.1,-0.6000000000000001
1283,25086.0,False,98.0,47.900000000000006,0.1
1284,25105.0,False,97.60000000000001,47.7,0.8
1285,25126.0,False,96.80000000000001,47.2,1.9000000000000001
1286,25141.0,False,96.2,46.900000000000006,2.7
1287,25167.0,False,93.5,45.800000000000004,6.1000000000000005
1288,25186.0,False,91.80000000000001,45.1,9.0
1289,25206.0,False,90.80000000000001,44.6,11.600000000000001
1290,25219.0,False,90.60000000000001,44.400000000000006,12.700000000000001
1291,25238.0,False,90.7,44.1,14.3
1292,25258.0,False,91.30000000000001,44.1,14.9
1293,25269.0,False,91.7,44.1,14.9
1294,25285.0,False,92.7,44.400000000000006,14.4
1295,25302.0,False,93.30000000000001,44.5,14.0
1296,25340.0,False,96.4,44.400000000000006,11.3
1297,25369.0,False,98.9,43.1,8.200000000000001
1298,25388.0,False,99.7,41.800000000000004,6.300000000000001
1299,25405.0,False,99.80000000000001,41.2,5.5
1300,25419.0,False,99.5,40.400000000000006,4.4
1301,25436.0,False,99.10000000000001,39.900000000000006,3.6
1302,25453.0,False,98.9,39.800000000000004,3.2
1303,25470.0,False,98.30000000000001,39.7,2.7
1304,25486.0,False,97.5,39.7,2.4000000000000004
1305,25504.0,False,96.9,39.800000000000004,2.4000000000000004
1306,25522.0,False,95.5,39.800000000000004,2.6
1307,25542.0,False,93.7,39.400000000000006,3.1
1308,25566.0,False,91.80000000000001,39.1,3.9000000000000004
1309,25573.0,False,90.80000000000001,38.900000000000006,4.3
1310,25587.0,False,88.9,38.900000000000006,5.5
1311,25602.0,False,87.9,38.900000000000006,6.1000000000000005
1312,25620.0,False,86.2,39.1,7.4
1313,25638.0,False,84.60000000000001,39.300000000000004,8.3
1314,25654.0,False,83.80000000000001,39.300000000000004,8.700000000000001
1315,25670.0,False,82.2,39.1,9.4
1316,25689.0,False,80.7,38.5,10.0
1317,25702.0,False,80.10000000000001,38.1,10.200000000000001
1318,25719.0,False,79.4,37.1,10.3
1319,25735.0,False,79.2,36.7,10.200000000000001
1320,25755.0,False,79.10000000000001,36.1,10.0
1321,25771.0,False,78.9,36.1,9.9
1322,25785.0,False,78.7,36.300000000000004,10.0
1323,25802.0,False,78.7,36.5,10.0
1324,25819.0,False,79.0,36.4,9.8
1325,25839.0,False,79.4,36.0,9.4
1326,25854.0,False,79.60000000000001,35.7,9.200000000000001
1327,25869.0,False,79.9,35.300000000000004,9.3
1328,25886.0,False,80.0,35.2,9.5
1329,25907.0,False,80.60000000000001,35.1,9.9
1330,25921.0,False,81.7,35.0,10.0
1331,25942.0,False,82.7,35.0,9.9
1332,25959.0,False,83.2,35.0,9.8
1333,25969.0,False,83.7,34.9,9.700000000000001
1334,25985.0,False,84.80000000000001,34.5,9.1
1335,26002.0,False,85.80000000000001,34.0,8.3
1336,26019.0,False,86.30000000000001,33.800000000000004,7.9
1337,26038.0,False,87.2,33.6,7.4
1338,26054.0,False,88.30000000000001,33.7,6.9
1339,26069.0,False,88.9,33.800000000000004,6.7
1340,26089.0,False,90.4,33.800000000000004,6.0
1341,26103.0,False,92.0,33.300000000000004,5.300000000000001
1342,26119.0,False,92.80000000000001,33.0,5.0
1343,26137.0,False,94.4,32.1,4.800000000000001
1344,26154.0,False,95.7,31.200000000000003,4.9
1345,26171.0,False,96.2,30.700000000000003,5.1000000000000005
1346,26187.0,False,97.10000000000001,29.900000000000002,5.6000000000000005
1347,26202.0,False,97.9,29.0,6.0
1348,26219.0,False,98.30000000000001,28.5,6.1000000000000005
1349,26236.0,False,99.2,27.700000000000003,6.2
1350,26259.0,False,100.2,27.3,6.2
1351,26269.0,False,100.80000000000001,27.200000000000003,6.300000000000001
1352,26285.0,False,102.0,27.200000000000003,6.2
1353,26302.0,False,102.60000000000001,27.3,6.2
1354,26319.0,False,103.9,27.400000000000002,6.300000000000001
1355,26338.0,False,105.0,27.6,6.6000000000000005
1356,26352.0,False,105.60000000000001,27.6,6.9
1357,26369.0,False,106.7,27.5,7.7
1358,26386.0,False,107.9,27.0,8.700000000000001
1359,26402.0,False,108.4,26.700000000000003,9.200000000000001
1360,26419.0,False,109.4,25.8,9.9
1361,26440.0,False,110.10000000000001,24.900000000000002,10.0
1362,26461.0,False,110.5,24.3,9.3
1363,26469.0,False,110.5,24.1,8.6
1364,26489.0,False,110.2,23.8,7.0
1365,26503.0,False,109.9,23.8,6.0
1366,26519.0,False,109.0,23.5,4.2
1367,26536.0,False,108.0,23.200000000000003,2.6
1368,26556.0,False,107.0,23.0,1.3
1369,26576.0,False,106.10000000000001,23.200000000000003,0.30000000000000004
1370,26589.0,False,105.80000000000001,23.5,0.0
1371,26602.0,False,105.5,23.900000000000002,-0.30000000000000004
1372,26619.0,False,105.0,24.900000000000002,-0.4
1373,26637.0,False,104.7,26.3,-0.2
1374,26652.0,False,104.60000000000001,26.900000000000002,0.0
1375,26669.0,False,104.4,28.200000000000003,0.6000000000000001
1376,26686.0,False,104.4,29.1,1.1
1377,26707.0,False,104.4,29.6,1.4000000000000001
1378,26719.0,False,104.5,29.700000000000003,1.5
1379,26735.0,False,104.5,29.8,1.6
1380,26754.0,False,104.4,29.900000000000002,1.7000000000000002
1381,26790.0,False,104.10000000000001,30.1,1.9000000000000001
1382,26804.0,False,104.0,30.200000000000003,2.0
1383,26835.0,False,103.7,30.200000000000003,2.5
1384,26901.0,False,104.0,28.700000000000003,3.0
1385,26909.0,False,104.2,28.400000000000002,2.8000000000000003
1386,26919.0,False,104.4,28.1,2.6
1387,26937.0,False,104.7,27.900000000000002,2.3000000000000003
1388,26954.0,False,105.5,27.6,1.8
1389,26969.0,False,106.4,27.6,1.3
1390,26986.0,False,106.80000000000001,27.700000000000003,1.2000000000000002
1391,27006.0,False,107.80000000000001,27.900000000000002,0.9
1392,27019.0,False,108.7,28.0,0.9
1393,27041.0,False,109.60000000000001,28.0,1.1
1394,27056.0,False,110.10000000000001,28.0,1.3
1395,27072.0,False,111.0,28.1,1.8
1396,27085.0,False,111.5,28.1,2.1
1397,27102.0,False,112.5,28.1,2.6
1398,27120.0,False,113.10000000000001,28.1,2.7
1399,27146.0,False,114.60000000000001,27.700000000000003,2.4000000000000004
1400,27152.0,False,115.10000000000001,27.6,2.2
1401,27185.0,False,116.30000000000001,28.0,1.8
1402,27203.0,False,117.4,29.400000000000002,1.3
1403,27219.0,False,117.9,29.8,1.1
1404,27235.0,False,119.10000000000001,30.200000000000003,1.3
1405,27252.0,False,120.60000000000001,30.6,0.9
1406,27272.0,False,122.0,30.400000000000002,0.5
1407,27287.0,False,122.7,30.0,0.4
1408,27302.0,False,124.0,29.0,0.6000000000000001
1409,27322.0,False,125.0,27.700000000000003,1.2000000000000002
1410,27337.0,False,125.4,27.1,1.6
1411,27354.0,False,125.9,26.1,2.6
1412,27369.0,False,126.10000000000001,25.700000000000003,3.2
1413,27385.0,False,126.60000000000001,25.0,4.4
1414,27403.0,False,127.2,24.6,5.4
1415,27441.0,False,128.70000000000002,24.700000000000003,6.4
1416,27460.0,False,129.8,25.200000000000003,6.6000000000000005
1417,27470.0,False,130.4,25.400000000000002,6.6000000000000005
1418,27485.0,False,131.6,26.1,6.4
1419,27502.0,False,132.70000000000002,26.700000000000003,6.1000000000000005
1420,27519.0,False,133.20000000000002,26.900000000000002,5.9
1421,27539.0,False,134.3,27.400000000000002,5.6000000000000005
1422,27564.0,False,135.9,28.1,5.2
1423,27585.0,False,136.9,28.700000000000003,4.7
1424,27606.0,False,137.70000000000002,29.1,4.2
1425,27625.0,False,138.20000000000002,29.200000000000003,3.5
1426,27642.0,False,138.4,29.200000000000003,3.2
1427,27655.0,False,138.5,28.900000000000002,2.7
1428,27670.0,False,138.5,28.700000000000003,2.6
1429,27685.0,False,138.3,28.200000000000003,2.6
1430,27702.0,False,138.20000000000002,27.900000000000002,2.7
1431,27720.0,False,137.9,27.1,3.0
1432,27735.0,False,137.6,26.400000000000002,3.2
1433,27752.0,False,137.4,26.1,3.2
1434,27769.0,False,137.20000000000002,25.6,3.1
1435,27789.0,False,137.0,25.5,2.7
1436,27802.0,False,137.0,25.6,2.5
1437,27820.0,False,136.9,26.0,2.2
1438,27843.0,False,136.6,26.5,2.2
1439,27853.0,False,136.5,26.8,2.4000000000000004
1440,27875.0,False,136.20000000000002,27.400000000000002,2.9000000000000004
1441,27885.0,False,136.0,27.700000000000003,3.2
1442,27903.0,False,135.8,28.1,3.7
1443,27921.0,False,135.5,28.200000000000003,4.1000000000000005
1444,27943.0,False,135.20000000000002,28.200000000000003,4.3
1445,27953.0,False,135.1,28.3,4.4
1446,27982.0,False,134.6,28.5,4.7
1447,28004.0,False,134.4,28.8,4.800000000000001
1448,28019.0,False,134.20000000000002,29.1,5.0
1449,28036.0,False,134.1,29.3,5.2
1450,28052.0,False,133.9,29.6,5.6000000000000005
1451,28069.0,False,133.70000000000002,29.8,5.9
1452,28085.0,False,133.6,29.8,6.0
1453,28102.0,False,133.5,29.5,6.0
1454,28123.0,False,133.5,29.200000000000003,6.0
1455,28141.0,False,133.70000000000002,29.0,6.0
1456,28171.0,False,134.5,29.0,5.7
1457,28189.0,False,135.3,29.1,5.300000000000001
1458,28202.0,False,135.70000000000002,29.1,5.0
1459,28219.0,False,136.5,29.0,4.5
1460,28236.0,False,136.8,29.0,4.4
1461,28253.0,False,137.4,29.1,4.6000000000000005
1462,28275.0,False,138.1,29.200000000000003,5.4
1463,28291.0,False,138.8,29.200000000000003,6.2
1464,28309.0,False,139.20000000000002,29.1,6.5
1465,28323.0,False,140.1,28.900000000000002,6.7
1466,28339.0,False,140.6,28.900000000000002,6.5
1467,28352.0,False,141.5,28.900000000000002,5.9
1468,28369.0,False,142.0,29.0,5.6000000000000005
1469,28386.0,False,142.9,29.200000000000003,5.1000000000000005
1470,28403.0,False,143.70000000000002,29.6,4.9
1471,28419.0,False,144.0,29.8,4.9
1472,28436.0,False,144.70000000000002,29.900000000000002,5.300000000000001
1473,28453.0,False,145.4,29.900000000000002,5.800000000000001
1474,28469.0,False,145.8,29.8,6.0
1475,28485.0,False,146.6,29.5,6.300000000000001
1476,28503.0,False,147.5,29.0,6.4
1477,28519.0,False,148.1,28.8,6.300000000000001
1478,28535.0,False,149.20000000000002,28.400000000000002,6.0
1479,28553.0,False,150.20000000000002,28.400000000000002,5.6000000000000005
1480,28569.0,False,150.6,28.400000000000002,5.4
1481,28585.0,False,151.5,28.6,5.300000000000001
1482,28603.0,False,152.5,28.700000000000003,5.1000000000000005
1483,28622.0,False,153.0,28.700000000000003,4.9
1484,28636.0,False,154.0,28.700000000000003,4.6000000000000005
1485,28666.0,False,155.20000000000002,29.0,4.2
1486,28685.0,False,155.8,29.3,4.1000000000000005
1487,28704.0,False,156.5,29.5,4.1000000000000005
1488,28719.0,False,156.8,29.5,4.0
1489,28735.0,False,157.5,29.5,3.6
1490,28754.0,False,158.10000000000002,29.5,3.1
1491,28769.0,False,158.4,29.6,2.7
1492,28789.0,False,159.0,30.0,2.1
1493,28803.0,False,159.5,30.6,1.6
1494,28819.0,False,159.70000000000002,30.900000000000002,1.4000000000000001
1495,28835.0,False,160.0,31.400000000000002,1.0
1496,28855.0,False,160.3,31.6,0.6000000000000001
1497,28870.0,False,160.4,31.5,0.4
1498,28887.0,False,160.60000000000002,31.3,-0.1
1499,28902.0,False,160.60000000000002,31.1,-0.2
1500,28919.0,False,160.5,30.700000000000003,-0.30000000000000004
1501,28937.0,False,160.20000000000002,30.1,-0.2
1502,28960.0,False,159.8,29.3,0.1
1503,28969.0,False,159.60000000000002,28.8,0.2
1504,28989.0,False,159.20000000000002,27.8,0.5
1505,29007.0,False,158.9,27.0,0.7000000000000001
1506,29027.0,False,158.8,26.5,0.5
1507,29038.0,False,158.8,26.3,0.30000000000000004
1508,29052.0,False,158.8,26.3,0.1
1509,29069.0,False,158.8,26.6,-0.1
1510,29089.0,False,158.9,27.3,-0.2
1511,29102.0,False,159.0,27.6,-0.1
1512,29120.0,False,159.10000000000002,28.200000000000003,0.2
1513,29136.0,False,159.3,28.400000000000002,0.5
1514,29152.0,False,159.4,28.400000000000002,0.7000000000000001
1515,29169.0,False,159.70000000000002,28.400000000000002,1.1
1516,29189.0,False,160.10000000000002,28.400000000000002,1.3
1517,29202.0,False,160.3,28.6,1.4000000000000001
1518,29219.0,False,160.8,29.0,1.4000000000000001
1519,29238.0,False,161.3,29.5,1.3
1520,29253.0,False,161.5,29.700000000000003,1.3
1521,29269.0,False,162.10000000000002,30.1,1.3
1522,29290.0,False,162.60000000000002,30.3,1.4000000000000001
1523,29303.0,False,162.8,30.3,1.4000000000000001
1524,29319.0,False,163.3,30.200000000000003,1.2000000000000002
1525,29335.0,False,163.5,30.1,1.1
1526,29353.0,False,163.9,30.200000000000003,0.9
1527,29370.0,False,164.4,30.400000000000002,0.7000000000000001
1528,29389.0,False,164.70000000000002,30.5,0.5
1529,29407.0,False,165.70000000000002,30.8,0.2
1530,29420.0,False,166.9,31.0,-0.30000000000000004
1531,29437.0,False,167.60000000000002,31.200000000000003,-0.6000000000000001
1532,29455.0,False,168.8,31.400000000000002,-1.1
1533,29471.0,False,169.9,31.6,-1.4000000000000001
1534,29485.0,False,170.4,31.700000000000003,-1.4000000000000001
1535,29502.0,False,171.20000000000002,31.900000000000002,-0.9
1536,29528.0,False,172.10000000000002,32.1,-0.2
1537,29535.0,False,172.5,32.1,0.2
1538,29552.0,False,173.3,32.0,1.0
1539,29573.0,False,174.0,31.900000000000002,1.6
1540,29585.0,False,174.3,31.900000000000002,1.9000000000000001
1541,29605.0,False,175.0,31.8,2.0
1542,29626.0,False,175.70000000000002,31.700000000000003,1.9000000000000001
1543,29635.0,False,176.0,31.700000000000003,1.9000000000000001
1544,29661.0,False,176.70000000000002,31.700000000000003,2.0
1545,29669.0,False,177.0,31.8,2.1
1546,29686.0,False,177.70000000000002,32.0,2.5
1547,29706.0,False,178.60000000000002,32.300000000000004,2.7
1548,29726.0,False,179.70000000000002,32.5,2.7
1549,29735.0,False,180.20000000000002,32.6,2.5
1550,29762.0,False,181.8,32.5,2.0
1551,29786.0,False,182.60000000000002,32.300000000000004,1.7000000000000002
1552,29803.0,False,183.3,32.1,1.6
1553,29825.0,False,183.70000000000002,32.1,1.9000000000000001
1554,29836.0,False,184.0,32.1,2.1
1555,29862.0,False,184.9,32.0,2.6
1556,29886.0,False,185.5,31.900000000000002,2.8000000000000003
1557,29903.0,False,186.20000000000002,32.0,2.8000000000000003
1558,29922.0,False,186.5,32.1,2.8000000000000003
1559,29936.0,False,187.3,32.300000000000004,2.5
1560,29954.0,False,188.10000000000002,32.4,2.0
1561,29969.0,False,188.5,32.4,1.7000000000000002
1562,29985.0,False,189.10000000000002,32.5,1.3
1563,30004.0,False,189.5,32.7,1.2000000000000002
1564,30020.0,False,190.0,33.0,0.9
1565,30036.0,False,190.5,33.4,0.8
1566,30054.0,False,190.8,33.7,0.8
1567,30069.0,False,190.9,33.800000000000004,0.8
1568,30085.0,False,191.20000000000002,33.7,0.8
1569,30102.0,False,191.3,33.5,0.7000000000000001
1570,30119.0,False,191.4,33.0,0.5
1571,30142.0,False,191.4,32.4,0.5
1572,30153.0,False,191.4,32.2,0.5
1573,30171.0,False,191.4,31.8,0.6000000000000001
1574,30189.0,False,191.60000000000002,31.400000000000002,0.6000000000000001
1575,30202.0,False,191.60000000000002,31.1,0.6000000000000001
1576,30219.0,False,191.8,30.5,0.5
1577,30247.0,False,192.10000000000002,29.3,0.0
1578,30278.0,False,192.10000000000002,28.700000000000003,-0.2
1579,30286.0,False,192.10000000000002,28.6,-0.30000000000000004
1580,30302.0,False,192.10000000000002,28.5,-0.30000000000000004
1581,30320.0,False,192.0,28.400000000000002,-0.1
1582,30339.0,False,191.70000000000002,28.400000000000002,0.2
1583,30354.0,False,191.60000000000002,28.400000000000002,0.4
1584,30369.0,False,191.4,28.400000000000002,0.7000000000000001
1585,30386.0,False,191.0,28.400000000000002,1.4000000000000001
1586,30402.0,False,190.9,28.400000000000002,1.6
1587,30419.0,False,190.8,28.400000000000002,1.9000000000000001
1588,30453.0,False,190.60000000000002,28.6,2.2
1589,30471.0,False,190.5,28.8,2.4000000000000004
1590,30490.0,False,190.5,29.0,2.6
1591,30508.0,False,190.4,29.1,2.7
1592,30535.0,False,190.4,29.0,2.7
1593,30561.0,False,190.4,28.6,2.5
1594,30569.0,False,190.4,28.400000000000002,2.4000000000000004
1595,30589.0,False,190.4,27.900000000000002,2.3000000000000003
1596,30604.0,False,190.5,27.700000000000003,2.3000000000000003
1597,30622.0,False,190.60000000000002,27.400000000000002,2.5
1598,30640.0,False,190.8,27.3,2.8000000000000003
1599,30652.0,False,191.0,27.3,2.9000000000000004
1600,30669.0,False,191.60000000000002,27.5,3.1
1601,30689.0,False,192.3,27.900000000000002,3.2
1602,30705.0,False,192.60000000000002,28.0,3.2
1603,30719.0,False,193.3,28.400000000000002,3.2
1604,30736.0,False,193.70000000000002,28.700000000000003,3.3000000000000003
1605,30752.0,False,194.4,29.1,3.6
1606,30771.0,False,195.20000000000002,29.5,3.8000000000000003
1607,30785.0,False,195.60000000000002,29.5,4.0
1608,30804.0,False,196.3,29.700000000000003,4.3
1609,30824.0,False,196.9,29.900000000000002,4.5
1610,30839.0,False,197.3,30.0,4.5
1611,30854.0,False,197.9,30.400000000000002,4.2
1612,30868.0,False,198.20000000000002,30.6,4.2
1613,30885.0,False,198.60000000000002,31.1,4.3
1614,30906.0,False,199.0,31.700000000000003,4.800000000000001
1615,30919.0,False,199.20000000000002,32.0,5.1000000000000005
1616,30935.0,False,199.60000000000002,32.5,5.800000000000001
1617,30956.0,False,200.20000000000002,32.800000000000004,6.2
1618,30968.0,False,200.5,32.9,6.300000000000001
1619,30986.0,False,201.20000000000002,32.9,6.2
1620,31003.0,False,202.0,32.800000000000004,5.800000000000001
1621,31023.0,False,202.5,32.4,5.300000000000001
1622,31041.0,False,202.8,32.2,5.1000000000000005
1623,31052.0,False,203.0,31.900000000000002,5.1000000000000005
1624,31069.0,False,203.10000000000002,31.8,5.2
1625,31085.0,False,203.3,31.6,5.800000000000001
1626,31103.0,False,203.70000000000002,31.400000000000002,6.4
1627,31119.0,False,203.9,31.3,6.7
1628,31135.0,False,204.3,31.200000000000003,7.300000000000001
1629,31154.0,False,204.60000000000002,31.1,7.800000000000001
1630,31174.0,False,205.0,31.0,8.1
1631,31186.0,False,205.10000000000002,30.8,8.1
1632,31203.0,False,205.5,30.400000000000002,8.0
1633,31219.0,False,205.60000000000002,30.200000000000003,7.9
1634,31240.0,False,206.0,29.700000000000003,7.800000000000001
1635,31264.0,False,206.3,29.400000000000002,7.7
1636,31287.0,False,206.60000000000002,29.6,7.9
1637,31302.0,False,206.8,29.8,8.0
1638,31319.0,False,207.0,30.0,8.0
1639,31335.0,False,207.20000000000002,30.200000000000003,8.1
1640,31371.0,False,207.60000000000002,30.3,8.1
1641,31390.0,False,207.9,30.200000000000003,7.800000000000001
1642,31407.0,False,208.20000000000002,29.900000000000002,7.4
1643,31421.0,False,208.3,29.900000000000002,7.2
1644,31435.0,False,208.60000000000002,29.8,6.9
1645,31452.0,False,208.70000000000002,29.700000000000003,6.7
1646,31471.0,False,209.10000000000002,29.400000000000002,6.2
1647,31485.0,False,209.5,28.900000000000002,5.4
1648,31507.0,False,210.0,28.400000000000002,4.5
1649,31519.0,False,210.20000000000002,28.200000000000003,3.9000000000000004
1650,31538.0,False,210.5,28.1,3.0
1651,31553.0,False,210.5,28.200000000000003,2.6
1652,31569.0,False,210.60000000000002,28.5,2.1
1653,31586.0,False,210.5,29.0,2.0
1654,31603.0,False,210.3,29.3,2.2
1655,31620.0,False,210.0,29.8,2.7
1656,31636.0,False,209.70000000000002,30.3,3.5
1657,31654.0,False,209.60000000000002,30.5,3.9000000000000004
1658,31670.0,False,209.5,30.900000000000002,4.5
1659,31685.0,False,209.5,31.0,4.7
1660,31704.0,False,209.4,31.3,5.1000000000000005
1661,31725.0,False,209.3,31.5,5.2
1662,31736.0,False,209.3,31.6,5.2
1663,31763.0,False,209.0,31.700000000000003,5.2
1664,31786.0,False,208.8,31.6,5.1000000000000005
1665,31803.0,False,208.60000000000002,31.3,5.1000000000000005
1666,31822.0,False,208.4,30.900000000000002,4.9
1667,31841.0,False,208.20000000000002,30.200000000000003,4.7
1668,31853.0,False,208.10000000000002,29.900000000000002,4.6000000000000005
1669,31871.0,False,207.9,29.0,4.3
1670,31888.0,False,207.9,28.6,4.1000000000000005
1671,31907.0,False,208.0,27.700000000000003,3.8000000000000003
1672,31921.0,False,208.4,27.1,3.3000000000000003
1673,31941.0,False,209.10000000000002,26.900000000000002,2.9000000000000004
1674,31969.0,False,210.0,27.1,2.4000000000000004
1675,31986.0,False,210.9,27.700000000000003,2.0
1676,32002.0,False,211.70000000000002,28.5,1.8
1677,32019.0,False,212.60000000000002,29.6,1.9000000000000001
1678,32035.0,False,213.10000000000002,30.200000000000003,1.9000000000000001
1679,32061.0,False,214.4,31.8,2.4000000000000004
1680,32070.0,False,214.8,32.2,2.5
1681,32085.0,False,215.3,32.6,2.6
1682,32102.0,False,216.0,33.0,2.5
1683,32119.0,False,216.4,33.1,2.3000000000000003
1684,32136.0,False,217.0,33.300000000000004,1.6
1685,32166.0,False,218.10000000000002,34.1,-0.8
1686,32185.0,False,218.9,35.2,-2.8000000000000003
1687,32203.0,False,219.9,36.4,-4.6000000000000005
1688,32218.0,False,220.4,36.9,-5.2
1689,32236.0,False,221.20000000000002,37.4,-5.800000000000001
1690,32252.0,False,221.9,37.4,-5.4
1691,32270.0,False,222.20000000000002,37.300000000000004,-5.0
1692,32288.0,False,222.70000000000002,36.800000000000004,-4.2
1693,32304.0,False,223.3,36.300000000000004,-3.4000000000000004
1694,32318.0,False,223.60000000000002,36.0,-3.0
1695,32336.0,False,224.20000000000002,35.6,-2.5
1696,32352.0,False,224.5,35.4,-2.2
1697,32369.0,False,225.0,35.0,-1.5
1698,32387.0,False,225.4,34.800000000000004,-0.7000000000000001
1699,32402.0,False,225.70000000000002,34.6,-0.2
1700,32424.0,False,226.8,34.2,1.2000000000000002
1701,32439.0,False,227.20000000000002,34.2,1.6
1702,32459.0,False,228.10000000000002,34.1,2.2
1703,32469.0,False,228.60000000000002,34.1,2.3000000000000003
1704,32485.0,False,229.70000000000002,34.2,2.5
1705,32505.0,False,230.70000000000002,34.300000000000004,2.6
1706,32525.0,False,231.70000000000002,34.5,2.5
1707,32535.0,False,232.20000000000002,34.6,2.4000000000000004
1708,32553.0,False,232.70000000000002,34.7,2.3000000000000003
1709,32570.0,False,233.8,35.0,2.0
1710,32586.0,False,234.9,35.2,1.5
1711,32605.0,False,235.9,35.300000000000004,0.8
1712,32619.0,False,236.3,35.300000000000004,0.5
1713,32637.0,False,236.8,35.300000000000004,0.30000000000000004
1714,32656.0,False,237.5,35.2,-0.30000000000000004
1715,32668.0,False,238.20000000000002,35.0,-0.8
1716,32686.0,False,238.8,34.7,-1.3
1717,32703.0,False,239.10000000000002,34.5,-1.5
1718,32719.0,False,239.60000000000002,34.2,-1.7000000000000002
1719,32736.0,False,239.9,33.800000000000004,-1.7000000000000002
1720,32762.0,False,240.20000000000002,33.2,-1.5
1721,32768.0,False,240.4,32.800000000000004,-1.5
1722,32789.0,False,240.70000000000002,31.900000000000002,-1.6
1723,32802.0,False,240.8,31.400000000000002,-1.7000000000000002
1724,32823.0,False,240.9,30.700000000000003,-1.8
1725,32839.0,False,241.0,30.400000000000002,-1.8
1726,32853.0,False,241.0,30.3,-1.9000000000000001
1727,32870.0,False,241.20000000000002,30.400000000000002,-2.1
1728,32887.0,False,241.3,30.5,-2.3000000000000003
1729,32905.0,False,241.4,30.700000000000003,-2.7
1730,32918.0,False,241.5,31.0,-3.0
1731,32935.0,False,241.5,31.200000000000003,-3.1
1732,32953.0,False,241.3,31.700000000000003,-3.1
1733,32968.0,False,241.0,32.300000000000004,-3.1
1734,32985.0,False,240.8,32.6,-3.0
1735,33002.0,False,240.4,33.1,-2.8000000000000003
1736,33018.0,False,239.9,33.5,-2.5
1737,33035.0,False,239.70000000000002,33.800000000000004,-2.4000000000000004
1738,33053.0,False,239.4,34.1,-2.0
1739,33071.0,False,239.20000000000002,34.4,-1.7000000000000002
1740,33088.0,False,239.10000000000002,34.5,-1.6
1741,33102.0,False,238.9,34.4,-1.5
1742,33119.0,False,238.5,34.1,-1.4000000000000001
1743,33136.0,False,238.3,33.9,-1.3
1744,33152.0,False,237.9,33.2,-1.1
1745,33169.0,False,237.5,32.300000000000004,-0.8
1746,33185.0,False,237.3,31.900000000000002,-0.6000000000000001
1747,33208.0,False,237.10000000000002,31.400000000000002,-0.2
1748,33220.0,False,237.20000000000002,31.200000000000003,-0.1
1749,33235.0,False,237.8,31.1,-0.1
1750,33254.0,False,238.70000000000002,30.900000000000002,-0.5
1751,33269.0,False,239.10000000000002,30.900000000000002,-0.8
1752,33285.0,False,239.9,30.8,-1.3
1753,33305.0,False,240.4,30.900000000000002,-1.3
1754,33328.0,False,241.10000000000002,31.400000000000002,-0.8
1755,33335.0,False,241.5,31.6,-0.6000000000000001
1756,33353.0,False,241.9,31.700000000000003,-0.30000000000000004
1757,33369.0,False,242.60000000000002,31.700000000000003,0.30000000000000004
1758,33386.0,False,243.20000000000002,31.700000000000003,0.9
1759,33402.0,False,243.8,31.900000000000002,1.3
1760,33419.0,False,244.10000000000002,32.0,1.5
1761,33440.0,False,244.70000000000002,32.0,1.5
1762,33460.0,False,245.20000000000002,31.900000000000002,1.6
1763,33468.0,False,245.3,31.8,1.7000000000000002
1764,33488.0,False,245.5,31.700000000000003,2.1
1765,33505.0,False,245.8,31.400000000000002,2.7
1766,33524.0,False,246.3,30.900000000000002,3.1
1767,33546.0,False,247.0,30.400000000000002,3.3000000000000003
1768,33568.0,False,247.70000000000002,30.0,3.2
1769,33585.0,False,248.4,29.700000000000003,3.0
1770,33605.0,False,249.20000000000002,29.3,2.7
1771,33620.0,False,249.60000000000002,29.0,2.5
1772,33639.0,False,250.3,28.400000000000002,2.4000000000000004
1773,33660.0,False,251.10000000000002,28.200000000000003,2.8000000000000003
1774,33670.0,False,251.5,28.1,3.0
1775,33689.0,False,252.60000000000002,28.3,3.4000000000000004
1776,33704.0,False,253.8,28.5,3.5
1777,33722.0,False,254.5,28.700000000000003,3.5
1778,33741.0,False,255.70000000000002,29.1,3.2
1779,33755.0,False,256.2,29.3,3.1
1780,33769.0,False,257.40000000000003,29.8,2.7
1781,33785.0,False,258.5,30.200000000000003,2.2
1782,33802.0,False,259.0,30.3,1.9000000000000001
1783,33819.0,False,260.0,30.400000000000002,1.4000000000000001
1784,33852.0,False,261.2,30.8,0.4
1785,33868.0,False,261.8,31.200000000000003,-0.2
1786,33890.0,False,262.1,31.700000000000003,-0.4
1787,33911.0,False,262.40000000000003,32.1,-0.4
1788,33919.0,False,262.40000000000003,32.300000000000004,-0.4
1789,33938.0,False,262.6,32.4,-0.4
1790,33965.0,False,262.5,32.300000000000004,-0.6000000000000001
1791,33985.0,False,262.3,32.0,-0.8
1792,34002.0,False,262.1,31.8,-0.8
1793,34018.0,False,261.8,31.1,-0.7000000000000001
1794,34037.0,False,261.40000000000003,30.200000000000003,-0.6000000000000001
1795,34052.0,False,261.2,29.6,-0.5
1796,34070.0,False,260.90000000000003,28.3,-0.4
1797,34088.0,False,260.5,27.0,-0.4
1798,34102.0,False,260.40000000000003,26.6,-0.30000000000000004
1799,34122.0,False,260.1,26.200000000000003,-0.1
1800,34138.0,False,260.0,26.200000000000003,0.2
1801,34161.0,False,259.90000000000003,26.6,0.5
1802,34173.0,False,259.90000000000003,26.900000000000002,0.7000000000000001
1803,34191.0,False,260.0,27.5,1.1
1804,34205.0,False,260.0,27.900000000000002,1.2000000000000002
1805,34219.0,False,260.3,28.400000000000002,1.2000000000000002
1806,34235.0,False,260.40000000000003,28.6,1.1
1807,34263.0,False,260.7,28.8,0.6000000000000001
1808,34269.0,False,260.8,28.8,0.5
1809,34305.0,False,260.8,28.900000000000002,0.30000000000000004
1810,34335.0,False,260.90000000000003,28.900000000000002,0.30000000000000004
1811,34364.0,False,261.0,28.700000000000003,0.0
1812,34370.0,False,261.1,28.6,-0.2
1813,34385.0,False,261.1,28.400000000000002,-0.30000000000000004
1814,34402.0,False,261.0,28.1,-0.6000000000000001
1815,34420.0,False,260.90000000000003,27.6,-0.7000000000000001
1816,34437.0,False,260.8,27.400000000000002,-0.7000000000000001
1817,34470.0,False,260.90000000000003,27.1,-0.5
1818,34475.0,False,261.1,27.200000000000003,-0.5
1819,34485.0,False,261.40000000000003,27.200000000000003,-0.5
1820,34502.0,False,262.1,27.5,-0.7000000000000001
1821,34519.0,False,262.5,27.700000000000003,-1.0
1822,34540.0,False,263.40000000000003,28.0,-1.6
1823,34563.0,False,264.40000000000003,28.3,-2.3000000000000003
1824,34578.0,False,264.7,28.400000000000002,-2.2
1825,34591.0,False,265.3,28.700000000000003,-1.7000000000000002
1826,34602.0,False,265.7,28.8,-1.5
1827,34625.0,False,266.5,28.8,-1.1
1828,34639.0,False,266.90000000000003,28.8,-1.0
1829,34653.0,False,267.8,28.8,-0.8
1830,34674.0,False,268.6,28.700000000000003,-0.8
1831,34690.0,False,269.1,28.700000000000003,-0.8
1832,34705.0,False,269.8,28.700000000000003,-0.9
1833,34723.0,False,270.5,28.8,-0.4
1834,34743.0,False,271.2,29.0,0.30000000000000004
1835,34770.0,False,271.90000000000003,29.3,1.2000000000000002
1836,34785.0,False,272.90000000000003,29.6,1.8
1837,34802.0,False,274.1,29.700000000000003,2.1
1838,34823.0,False,275.40000000000003,29.8,2.1
1839,34835.0,False,276.0,29.8,2.1
1840,34853.0,False,277.2,29.6,1.9000000000000001
1841,34868.0,False,277.8,29.5,1.9000000000000001
1842,34890.0,False,278.8,29.0,2.1
1843,34905.0,False,279.6,28.6,2.6
1844,34918.0,False,280.0,28.400000000000002,2.9000000000000004
1845,34939.0,False,280.90000000000003,28.400000000000002,3.7
1846,34974.0,False,282.6,28.6,4.6000000000000005
1847,34985.0,False,283.8,28.900000000000002,4.9
1848,35002.0,False,284.5,29.0,4.9
1849,35021.0,False,285.7,29.400000000000002,4.800000000000001
1850,35037.0,False,287.1,29.900000000000002,4.4
1851,35068.0,False,289.0,30.700000000000003,3.3000000000000003
1852,35090.0,False,290.2,31.3,2.3000000000000003
1853,35103.0,False,290.7,31.700000000000003,1.9000000000000001
1854,35120.0,False,291.5,32.300000000000004,1.1
1855,35136.0,False,292.0,32.7,0.4
1856,35153.0,False,292.1,32.800000000000004,0.2
1857,35168.0,False,292.2,32.800000000000004,0.0
1858,35185.0,False,292.1,32.4,0.1
1859,35205.0,False,292.0,32.1,0.2
1860,35219.0,False,291.90000000000003,31.3,0.4
1861,35239.0,False,291.6,30.400000000000002,0.7000000000000001
1862,35252.0,False,291.40000000000003,30.0,0.9
1863,35268.0,False,291.1,29.1,1.3
1864,35285.0,False,290.90000000000003,28.3,1.6
1865,35305.0,False,290.90000000000003,28.0,1.7000000000000002
1866,35318.0,False,291.0,27.900000000000002,2.0
1867,35337.0,False,291.5,28.3,2.1
1868,35353.0,False,291.8,28.700000000000003,1.9000000000000001
1869,35368.0,False,292.40000000000003,29.6,1.6
1870,35385.0,False,292.7,29.900000000000002,1.4000000000000001
1871,35405.0,False,293.1,30.5,1.0
1872,35419.0,False,293.3,30.700000000000003,0.8
1873,35436.0,False,293.5,31.0,0.5
1874,35471.0,False,293.7,30.900000000000002,0.1
1875,35485.0,False,293.7,30.8,0.0
1876,35504.0,False,293.5,30.6,0.0
1877,35519.0,False,293.1,30.5,0.2
1878,35535.0,False,292.90000000000003,30.5,0.4
1879,35553.0,False,292.5,30.5,0.7000000000000001
1880,35568.0,False,292.0,30.3,1.0
1881,35585.0,False,291.8,30.200000000000003,1.0
1882,35608.0,False,291.5,29.900000000000002,1.1
1883,35619.0,False,291.1,29.5,1.1
1884,35635.0,False,290.90000000000003,29.400000000000002,1.2000000000000002
1885,35652.0,False,290.6,29.200000000000003,1.3
1886,35669.0,False,290.6,29.200000000000003,1.5
1887,35685.0,False,290.8,29.200000000000003,1.5
1888,35703.0,False,291.40000000000003,29.3,1.2000000000000002
1889,35719.0,False,292.2,29.8,0.9
1890,35735.0,False,292.7,30.0,0.7000000000000001
1891,35754.0,False,293.5,30.5,0.4
1892,35768.0,False,293.8,30.700000000000003,0.5
1893,35785.0,False,294.6,30.700000000000003,0.7000000000000001
1894,35803.0,False,295.2,30.5,1.0
1895,35818.0,False,295.5,30.400000000000002,1.1
1896,35835.0,False,296.1,30.3,1.4000000000000001
1897,35852.0,False,297.0,30.400000000000002,1.4000000000000001
1898,35873.0,False,297.90000000000003,30.6,1.2000000000000002
1899,35885.0,False,298.40000000000003,30.700000000000003,1.1
1900,35902.0,False,299.2,31.1,1.2000000000000002
1901,35924.0,False,300.0,31.400000000000002,1.4000000000000001
1902,35939.0,False,300.40000000000003,31.6,1.6
1903,35968.0,False,301.8,31.6,1.9000000000000001
1904,35986.0,False,302.7,31.5,2.2
1905,36005.0,False,303.6,31.5,2.5
1906,36021.0,False,304.5,31.5,2.9000000000000004
1907,36035.0,False,304.90000000000003,31.5,3.2
1908,36061.0,False,305.90000000000003,31.5,3.7
1909,36071.0,False,306.3,31.5,4.0
1910,36085.0,False,307.3,31.5,4.6000000000000005
1911,36106.0,False,308.3,31.400000000000002,5.0
1912,36124.0,False,309.40000000000003,31.5,5.300000000000001
1913,36141.0,False,310.0,31.5,5.300000000000001
1914,36161.0,False,311.3,31.700000000000003,5.300000000000001
1915,36173.0,False,312.5,31.900000000000002,5.2
1916,36190.0,False,313.20000000000005,31.900000000000002,5.0
1917,36207.0,False,314.3,31.900000000000002,4.7
1918,36225.0,False,315.5,31.900000000000002,4.1000000000000005
1919,36235.0,False,316.0,32.0,3.9000000000000004
1920,36254.0,False,316.6,32.2,3.6
1921,36284.0,False,318.6,33.1,2.6
1922,36302.0,False,319.0,33.300000000000004,2.4000000000000004
1923,36319.0,False,319.70000000000005,33.5,1.9000000000000001
1924,36338.0,False,320.1,33.4,1.6
1925,36369.0,False,320.1,33.1,1.7000000000000002
1926,36385.0,False,320.1,33.0,1.7000000000000002
1927,36402.0,False,320.0,32.5,1.7000000000000002
1928,36418.0,False,320.0,31.900000000000002,1.7000000000000002
1929,36435.0,False,319.90000000000003,31.1,1.6
1930,36452.0,False,319.8,30.6,1.6
1931,36469.0,False,319.70000000000005,29.6,1.5
1932,36486.0,False,319.70000000000005,28.700000000000003,1.3
1933,36502.0,False,319.8,28.3,1.1
1934,36518.0,False,319.90000000000003,27.700000000000003,0.5
1935,36535.0,False,320.0,27.5,0.2
1936,36552.0,False,320.1,27.5,0.1
1937,36568.0,False,320.40000000000003,27.900000000000002,0.30000000000000004
1938,36585.0,False,320.6,28.3,0.5
1939,36605.0,False,321.20000000000005,29.0,0.8
1940,36618.0,False,322.0,29.8,1.1
1941,36635.0,False,322.5,30.200000000000003,1.1
1942,36653.0,False,323.40000000000003,30.900000000000002,0.9
1943,36668.0,False,324.3,31.5,0.6000000000000001
1944,36685.0,False,324.8,31.700000000000003,0.4
1945,36702.0,False,325.6,32.0,0.0
1946,36722.0,False,326.3,32.2,-0.30000000000000004
1947,36738.0,False,326.90000000000003,32.2,-0.6000000000000001
1948,36760.0,False,327.3,32.1,-0.8
1949,36775.0,False,327.40000000000003,32.0,-0.9
1950,36786.0,False,327.40000000000003,31.8,-1.0
1951,36804.0,False,327.20000000000005,31.3,-1.1
1952,36819.0,False,326.90000000000003,30.8,-1.0
1953,36835.0,False,326.70000000000005,30.6,-0.9
1954,36861.0,False,326.40000000000003,30.400000000000002,0.1
1955,36869.0,False,326.5,30.3,0.4
1956,36890.0,False,327.0,30.3,0.7000000000000001
1957,36902.0,False,327.40000000000003,30.200000000000003,0.8
1958,36920.0,False,328.40000000000003,30.200000000000003,0.7000000000000001
1959,36937.0,False,328.8,30.3,0.8
1960,36960.0,False,330.1,30.8,1.3
1961,36987.0,False,331.20000000000005,31.1,1.7000000000000002
1962,37002.0,False,332.3,31.200000000000003,2.1
1963,37019.0,False,332.90000000000003,31.0,2.2
1964,37038.0,False,333.90000000000003,30.5,1.9000000000000001
1965,37056.0,False,334.6,30.3,1.5
1966,37072.0,False,335.1,30.700000000000003,1.5
1967,37085.0,False,335.3,31.1,1.6
1968,37102.0,False,336.0,32.2,1.9000000000000001
1969,37124.0,False,337.1,33.1,1.9000000000000001
1970,37142.0,False,338.1,33.5,1.6
1971,37153.0,False,338.6,33.7,1.3
1972,37168.0,False,338.90000000000003,33.800000000000004,1.2000000000000002
1973,37189.0,False,339.40000000000003,33.9,1.0
1974,37206.0,False,339.5,34.1,1.2000000000000002
1975,37219.0,False,339.40000000000003,34.1,1.4000000000000001
1976,37254.0,False,339.0,34.0,2.4000000000000004
1977,37269.0,False,338.70000000000005,33.800000000000004,3.3000000000000003
1978,37285.0,False,338.6,33.6,4.2
1979,37301.0,False,338.6,33.5,4.6000000000000005
1980,37320.0,False,338.70000000000005,33.6,5.300000000000001
1981,37336.0,False,339.0,33.800000000000004,5.6000000000000005
1982,37352.0,False,339.3,33.9,5.7
1983,37375.0,False,339.6,34.1,5.6000000000000005
1984,37389.0,False,339.90000000000003,34.1,5.300000000000001
1985,37402.0,False,340.20000000000005,34.1,4.800000000000001
1986,37419.0,False,340.70000000000005,34.0,3.8000000000000003
1987,37440.0,False,340.90000000000003,34.0,3.1
1988,37452.0,False,340.90000000000003,34.1,2.9000000000000004
1989,37470.0,False,340.90000000000003,34.2,2.9000000000000004
1990,37485.0,False,341.0,34.1,2.6
1991,37503.0,False,341.3,33.9,2.2
1992,37519.0,False,341.40000000000003,33.800000000000004,2.0
1993,37537.0,False,341.6,33.800000000000004,1.8
1994,37552.0,False,341.70000000000005,33.9,1.7000000000000002
1995,37570.0,False,341.90000000000003,34.0,1.5
1996,37588.0,False,342.1,33.6,1.1
1997,37606.0,False,342.40000000000003,32.6,0.5
1998,37626.0,False,342.70000000000005,31.200000000000003,-0.1
1999,37637.0,False,342.8,30.5,-0.5
2000,37652.0,False,342.8,29.900000000000002,-0.7000000000000001
2001,37685.0,False,342.40000000000003,29.5,0.30000000000000004
2002,37705.0,False,342.40000000000003,29.6,0.7000000000000001
2003,37718.0,False,342.5,29.8,1.4000000000000001
2004,37741.0,False,342.70000000000005,30.0,1.9000000000000001
2005,37752.0,False,342.90000000000003,30.0,2.1
2006,37768.0,False,343.20000000000005,30.1,2.3000000000000003
2007,37789.0,False,343.40000000000003,30.1,2.2
2008,37802.0,False,343.6,30.0,2.0
2009,37823.0,False,343.8,29.700000000000003,1.7000000000000002
2010,37839.0,False,343.8,29.6,1.6
2011,37866.0,False,343.90000000000003,29.5,1.5
2012,37888.0,False,344.3,29.6,1.1
2013,37902.0,False,344.5,29.700000000000003,0.9
2014,37918.0,False,344.8,29.8,0.4
2015,37939.0,False,345.20000000000005,30.0,-0.1
2016,37952.0,False,345.40000000000003,30.1,-0.4
2017,37969.0,False,346.0,30.400000000000002,-1.0
2018,37985.0,False,346.40000000000003,30.6,-1.4000000000000001
2019,38004.0,False,347.20000000000005,30.900000000000002,-2.1
2020,38019.0,False,348.3,31.200000000000003,-2.6
2021,38035.0,False,349.0,31.400000000000002,-2.9000000000000004
2022,38066.0,False,351.0,31.900000000000002,-3.5
2023,38069.0,False,351.70000000000005,32.1,-3.6
2024,38086.0,False,352.3,32.2,-3.7
2025,38102.0,False,353.40000000000003,32.300000000000004,-3.4000000000000004
2026,38125.0,False,354.20000000000005,32.1,-3.0
2027,38139.0,False,354.6,31.8,-2.7
2028,38163.0,False,355.5,30.700000000000003,-2.0
2029,38174.0,False,355.70000000000005,30.3,-1.8
2030,38189.0,False,356.3,30.0,-1.4000000000000001
2031,38202.0,False,356.6,30.0,-1.1
2032,38218.0,False,357.1,30.200000000000003,-0.8
2033,38235.0,False,358.1,30.6,0.1
2034,38267.0,False,0.0,31.0,1.5
2035,38285.0,False,1.4000000000000001,31.1,2.3000000000000003
2036,38304.0,False,3.0,31.0,2.8000000000000003
2037,38329.0,False,4.7,30.700000000000003,2.9000000000000004
2038,38335.0,False,5.6000000000000005,30.5,2.8000000000000003
2039,38360.0,False,7.300000000000001,29.900000000000002,2.5
2040,38369.0,False,8.0,29.700000000000003,2.4000000000000004
2041,38389.0,False,9.3,29.200000000000003,2.4000000000000004
2042,38404.0,False,10.600000000000001,28.700000000000003,2.7
2043,38419.0,False,11.3,28.5,2.9000000000000004
2044,38435.0,False,12.8,28.200000000000003,3.2
2045,38452.0,False,14.600000000000001,28.1,3.4000000000000004
2046,38473.0,False,16.400000000000002,28.200000000000003,3.5
2047,38486.0,False,17.400000000000002,28.3,3.4000000000000004
2048,38503.0,False,19.400000000000002,28.700000000000003,2.9000000000000004
2049,38518.0,False,20.3,28.8,2.5
2050,38537.0,False,22.1,29.200000000000003,1.6
2051,38561.0,False,23.6,29.5,0.8
2052,38569.0,False,24.200000000000003,29.6,0.6000000000000001
2053,38591.0,False,25.3,29.900000000000002,0.8
2054,38603.0,False,25.8,30.1,1.0
2055,38624.0,False,27.5,30.5,1.9000000000000001
2056,38637.0,False,28.200000000000003,30.5,2.2
2057,38652.0,False,28.8,30.5,2.3000000000000003
2058,38668.0,False,29.8,30.3,2.2
2059,38689.0,False,30.400000000000002,30.1,1.9000000000000001
2060,38702.0,False,30.700000000000003,30.1,1.8
2061,38720.0,False,31.0,29.8,1.7000000000000002
2062,38736.0,False,30.8,29.400000000000002,1.9000000000000001
2063,38756.0,False,30.6,29.200000000000003,2.2
2064,38768.0,False,30.0,28.3,2.8000000000000003
2065,38788.0,False,29.3,27.200000000000003,3.4000000000000004
2066,38805.0,False,28.900000000000002,26.6,3.8000000000000003
2067,38823.0,False,28.1,25.700000000000003,4.5
2068,38838.0,False,27.6,25.3,5.2
2069,38852.0,False,27.5,25.3,5.5
2070,38871.0,False,28.0,25.5,5.4
2071,38886.0,False,28.8,25.900000000000002,4.9
2072,38905.0,False,29.6,26.6,4.1000000000000005
2073,38918.0,False,30.0,26.900000000000002,3.7
2074,38939.0,False,30.6,27.5,2.8000000000000003
2075,38952.0,False,30.900000000000002,27.700000000000003,2.4000000000000004
2076,38968.0,False,31.5,28.0,1.5
2077,38987.0,False,31.8,28.200000000000003,0.7000000000000001
2078,39004.0,False,31.900000000000002,28.3,0.30000000000000004
2079,39018.0,False,31.8,28.5,-0.5
2080,39040.0,False,31.400000000000002,28.700000000000003,-1.0
2081,39058.0,False,31.1,28.8,-1.5
2082,39072.0,False,30.8,28.8,-1.7000000000000002
2083,39091.0,False,30.400000000000002,28.700000000000003,-2.1
2084,39107.0,False,29.8,28.400000000000002,-2.7
2085,39119.0,False,29.5,28.3,-2.9000000000000004
2086,39135.0,False,29.1,28.1,-3.1
2087,39152.0,False,28.200000000000003,27.900000000000002,-3.2
2088,39168.0,False,27.400000000000002,27.8,-2.8000000000000003
2089,39185.0,False,27.1,27.8,-2.4000000000000004
2090,39202.0,False,26.8,27.6,-1.6
2091,39220.0,False,26.700000000000003,27.6,-0.9
2092,39235.0,False,26.8,27.8,-0.5
2093,39251.0,False,27.400000000000002,28.400000000000002,0.2
2094,39268.0,False,28.6,28.900000000000002,0.30000000000000004
2095,39285.0,False,29.3,29.0,0.1
2096,39303.0,False,30.8,28.900000000000002,-0.7000000000000001
2097,39319.0,False,32.1,28.5,-1.6
2098,39335.0,False,32.6,28.3,-1.9000000000000001
2099,39355.0,False,33.300000000000004,28.3,-1.6
2100,39372.0,False,34.1,28.8,-0.6000000000000001
2101,39389.0,False,34.7,29.200000000000003,-0.1
2102,39406.0,False,36.1,30.0,0.9
2103,39418.0,False,37.0,30.400000000000002,1.3
2104,39435.0,False,38.800000000000004,31.200000000000003,1.7000000000000002
2105,39452.0,False,40.7,31.8,1.6
2106,39478.0,False,42.6,32.300000000000004,1.1
2107,39489.0,False,43.5,32.4,0.8
2108,39505.0,False,44.900000000000006,32.5,0.0
2109,39526.0,False,45.800000000000004,32.5,-0.30000000000000004
2110,39538.0,False,46.1,32.5,-0.30000000000000004
2111,39552.0,False,46.6,32.4,0.30000000000000004
2112,39579.0,False,47.0,32.4,1.3
2113,39586.0,False,47.400000000000006,32.4,1.9000000000000001
2114,39606.0,False,48.2,32.7,2.8000000000000003
2115,39618.0,False,48.7,32.9,3.2
2116,39637.0,False,49.7,33.5,3.7
2117,39657.0,False,50.900000000000006,34.2,3.9000000000000004
2118,39683.0,False,52.0,34.6,3.8000000000000003
2119,39692.0,False,52.900000000000006,35.0,3.8000000000000003
2120,39708.0,False,53.400000000000006,35.2,3.8000000000000003
2121,39723.0,False,54.300000000000004,35.6,3.8000000000000003
2122,39735.0,False,54.800000000000004,35.7,3.7
2123,39764.0,False,55.900000000000006,36.1,3.1
2124,39786.0,False,56.300000000000004,36.300000000000004,2.6
2125,39802.0,False,56.300000000000004,36.2,2.4000000000000004
2126,39819.0,False,56.2,35.800000000000004,2.1
2127,39838.0,False,56.1,34.800000000000004,1.8
2128,39858.0,False,55.800000000000004,33.300000000000004,1.4000000000000001
2129,39868.0,False,55.6,32.5,1.2000000000000002
2130,39888.0,False,55.1,30.900000000000002,1.0
2131,39905.0,False,54.6,29.5,1.0
2132,39919.0,False,54.400000000000006,28.8,1.1
2133,39940.0,False,54.300000000000004,27.900000000000002,1.2000000000000002
2134,39952.0,False,54.400000000000006,27.700000000000003,1.3
2135,39975.0,False,55.1,28.1,1.3
2136,39988.0,False,55.400000000000006,28.5,1.1
2137,40004.0,False,56.0,29.6,0.5
2138,40020.0,False,56.300000000000004,30.1,0.1
2139,40035.0,False,56.6,31.1,-0.5
2140,40057.0,False,56.800000000000004,31.900000000000002,-0.9
2141,40068.0,False,56.800000000000004,32.300000000000004,-1.1
2142,40090.0,False,56.7,33.0,-1.3
2143,40106.0,False,56.5,33.5,-1.4000000000000001
2144,40120.0,False,56.300000000000004,33.7,-1.4000000000000001
2145,40141.0,False,55.900000000000006,33.9,-1.2000000000000002
2146,40155.0,False,55.300000000000004,34.0,-0.9
2147,40172.0,False,55.0,34.0,-0.7000000000000001
2148,40188.0,False,54.5,33.800000000000004,-0.30000000000000004
2149,40204.0,False,54.2,33.7,-0.2
2150,40226.0,False,53.900000000000006,33.300000000000004,-0.30000000000000004
2151,40237.0,False,53.7,33.0,-0.5
2152,40257.0,False,53.300000000000004,32.1,-1.5
2153,40268.0,False,53.1,31.700000000000003,-1.8
2154,40286.0,False,52.800000000000004,31.400000000000002,-2.1
2155,40302.0,False,52.400000000000006,30.6,-2.3000000000000003
2156,40318.0,False,52.2,30.0,-2.1
2157,40335.0,False,52.2,29.8,-2.0
2158,40356.0,False,52.7,29.400000000000002,-2.0
2159,40369.0,False,53.300000000000004,29.1,-2.1
2160,40387.0,False,53.6,29.0,-2.2
2161,40401.0,False,54.2,29.0,-2.2
2162,40424.0,False,54.7,29.200000000000003,-1.8
2163,40436.0,False,55.0,29.400000000000002,-1.6
2164,40455.0,False,55.7,29.6,-1.0
2165,40468.0,False,56.1,29.700000000000003,-0.7000000000000001
2166,40492.0,False,57.5,29.6,-0.2
2167,40503.0,False,58.1,29.6,-0.30000000000000004
2168,40521.0,False,59.300000000000004,29.8,-0.9
2169,40535.0,False,59.800000000000004,29.900000000000002,-1.2000000000000002
2170,40552.0,False,61.0,30.400000000000002,-1.5
2171,40568.0,False,61.5,30.700000000000003,-1.4000000000000001
2172,40585.0,False,62.800000000000004,31.400000000000002,-1.0
2173,40603.0,False,64.3,31.8,-0.7000000000000001
2174,40618.0,False,65.2,32.0,-0.6000000000000001
2175,40641.0,False,67.8,32.9,-0.6000000000000001
2176,40652.0,False,68.7,33.2,-0.6000000000000001
2177,40668.0,False,69.60000000000001,33.7,-0.6000000000000001
2178,40687.0,False,71.4,34.6,-0.6000000000000001
2179,40703.0,False,73.10000000000001,35.6,-0.5
2180,40720.0,False,74.7,36.6,-0.2
2181,40735.0,False,75.5,37.0,0.0
2182,40753.0,False,77.10000000000001,37.800000000000004,0.5
2183,40769.0,False,77.9,38.1,0.7000000000000001
2184,40785.0,False,79.5,38.7,1.1
2185,40808.0,False,81.0,39.300000000000004,1.5
2186,40818.0,False,81.7,39.6,1.6
2187,40835.0,False,83.10000000000001,40.2,1.8
2188,40852.0,False,83.7,40.5,1.8
2189,40874.0,False,85.7,41.400000000000006,1.7000000000000002
2190,40890.0,False,86.30000000000001,41.800000000000004,1.5
2191,40908.0,False,87.4,42.400000000000006,1.3
2192,40922.0,False,88.10000000000001,42.900000000000006,1.2000000000000002
2193,40938.0,False,88.5,43.0,1.1
2194,40956.0,False,89.0,42.900000000000006,1.0
2195,40970.0,False,89.2,42.7,1.0
2196,40985.0,False,89.30000000000001,42.2,1.0
2197,41002.0,False,89.30000000000001,42.0,1.2000000000000002
2198,41018.0,False,89.30000000000001,41.5,1.5
2199,41035.0,False,89.0,40.6,2.0
2200,41052.0,False,88.9,40.0,2.2
2201,41068.0,False,89.0,38.5,2.4000000000000004
2202,41089.0,False,89.5,36.9,1.9000000000000001
2203,41106.0,False,90.2,35.4,0.7000000000000001
2204,41118.0,False,90.60000000000001,34.7,-0.2
2205,41138.0,False,91.4,33.7,-2.1
2206,41158.0,False,91.80000000000001,33.2,-3.8000000000000003
2207,41171.0,False,92.0,33.1,-4.4
2208,41190.0,False,92.30000000000001,33.2,-5.2
2209,41206.0,False,92.60000000000001,33.4,-5.5
2210,41221.0,False,92.7,33.6,-5.5
2211,41238.0,False,93.0,34.0,-5.5
2212,41251.0,False,93.2,34.2,-5.5
2213,41270.0,False,93.5,34.7,-5.800000000000001
2214,41288.0,False,93.7,35.1,-6.300000000000001
2215,41304.0,False,93.80000000000001,35.2,-6.5
2216,41319.0,False,93.7,35.4,-6.9
2217,41338.0,False,93.30000000000001,35.4,-7.0
2218,41353.0,False,93.0,35.300000000000004,-6.9
2219,41372.0,False,92.2,34.800000000000004,-6.6000000000000005
2220,41385.0,False,91.7,34.5,-6.4
2221,41407.0,False,90.7,33.6,-6.0
2222,41427.0,False,89.30000000000001,32.0,-6.0
2223,41452.0,False,88.30000000000001,31.0,-6.1000000000000005
2224,41471.0,False,87.30000000000001,30.400000000000002,-5.7
2225,41485.0,False,86.9,30.3,-5.4
2226,41501.0,False,86.60000000000001,30.1,-4.800000000000001
2227,41519.0,False,86.80000000000001,29.900000000000002,-4.5
2228,41537.0,False,87.10000000000001,29.900000000000002,-4.5
2229,41552.0,False,87.7,30.1,-4.7
2230,41571.0,False,88.4,30.5,-5.1000000000000005
2231,41592.0,False,88.9,30.900000000000002,-5.2
2232,41601.0,False,89.2,31.1,-5.300000000000001
2233,41618.0,False,89.9,31.200000000000003,-5.300000000000001
2234,41647.0,False,90.80000000000001,30.900000000000002,-5.6000000000000005
2235,41652.0,False,91.30000000000001,30.700000000000003,-5.800000000000001
2236,41668.0,False,92.4,30.3,-6.5
2237,41685.0,False,92.9,30.200000000000003,-7.0
2238,41702.0,False,94.0,29.900000000000002,-8.0
2239,41718.0,False,94.9,30.0,-8.5
2240,41735.0,False,95.30000000000001,30.1,-8.4
2241,41761.0,False,96.9,30.700000000000003,-7.2
2242,41787.0,False,98.10000000000001,31.1,-6.2
2243,41803.0,False,99.60000000000001,31.400000000000002,-5.4
2244,41821.0,False,101.30000000000001,31.8,-4.9
2245,41841.0,False,103.10000000000001,32.2,-5.0
2246,41869.0,False,104.80000000000001,32.7,-5.4
2247,41885.0,False,106.4,33.2,-5.7
2248,41902.0,False,107.80000000000001,33.7,-5.6000000000000005
2249,41919.0,False,108.4,33.9,-5.4
2250,41935.0,False,109.60000000000001,34.4,-4.7
2251,41954.0,False,110.80000000000001,35.0,-4.0
2252,41968.0,False,111.5,35.2,-3.7
2253,41985.0,False,112.80000000000001,35.800000000000004,-3.1
2254,42002.0,False,114.10000000000001,36.4,-2.7
2255,42022.0,False,115.2,37.0,-2.3000000000000003
2256,42037.0,False,115.7,37.300000000000004,-2.2
2257,42051.0,False,116.7,37.800000000000004,-2.1
2258,42068.0,False,117.10000000000001,38.0,-2.0
2259,42088.0,False,117.60000000000001,38.300000000000004,-1.7000000000000002
2260,42102.0,False,118.0,38.5,-1.1
2261,42118.0,False,118.2,38.5,-0.8
2262,42137.0,False,118.5,38.400000000000006,-0.30000000000000004
2263,42153.0,False,118.9,38.300000000000004,0.0
2264,42173.0,False,119.5,37.9,-0.1
2265,42188.0,False,119.7,37.5,-0.2
2266,42202.0,False,120.10000000000001,36.6,-0.5
2267,42223.0,False,120.4,35.4,-0.9
2268,42239.0,False,120.4,34.800000000000004,-1.0
2269,42266.0,False,120.60000000000001,32.4,-1.2000000000000002
2270,42285.0,False,120.80000000000001,30.6,-1.3
2271,42302.0,False,120.9,29.700000000000003,-1.3
2272,42318.0,False,121.10000000000001,28.1,-1.3
2273,42336.0,False,121.30000000000001,27.0,-1.2000000000000002
2274,42364.0,False,122.2,26.5,-1.5
2275,42385.0,False,123.0,27.200000000000003,-2.3000000000000003
2276,42402.0,False,123.5,27.8,-2.8000000000000003
2277,42423.0,False,125.30000000000001,30.700000000000003,-4.5
2278,42437.0,False,126.10000000000001,31.8,-5.2
2279,42451.0,False,126.80000000000001,32.9,-5.9
2280,42469.0,False,128.20000000000002,34.800000000000004,-7.2
2281,42485.0,False,129.3,36.4,-8.3
2282,42501.0,False,129.70000000000002,36.9,-8.700000000000001
2283,42522.0,False,130.1,37.800000000000004,-9.1
2284,42538.0,False,130.3,38.400000000000006,-9.3
2285,42552.0,False,130.3,38.6,-9.3
2286,42573.0,False,130.20000000000002,38.800000000000004,-9.600000000000001
2287,42588.0,False,130.4,38.900000000000006,-10.3
2288,42602.0,False,130.6,38.900000000000006,-10.8
2289,42620.0,False,130.9,38.900000000000006,-12.100000000000001
2290,42643.0,False,131.0,39.2,-13.5
2291,42652.0,False,130.9,39.300000000000004,-14.100000000000001
2292,42687.0,False,130.0,39.5,-15.100000000000001
2293,42701.0,False,129.1,39.2,-15.0
2294,42718.0,False,128.3,38.7,-14.600000000000001
2295,42739.0,False,127.7,38.1,-14.4
2296,42752.0,False,127.5,37.9,-14.4
2297,42771.0,False,127.0,37.5,-14.5
2298,42791.0,False,126.60000000000001,37.300000000000004,-14.600000000000001
2299,42802.0,False,126.4,37.300000000000004,-14.600000000000001
2300,42819.0,False,126.2,37.300000000000004,-14.5
2301,42835.0,False,126.10000000000001,37.4,-14.200000000000001
2302,42860.0,False,125.80000000000001,37.4,-12.5
2303,42870.0,False,125.80000000000001,37.300000000000004,-11.700000000000001
2304,42889.0,False,125.7,36.800000000000004,-10.100000000000001
2305,42903.0,False,125.80000000000001,36.5,-9.5
2306,42920.0,False,126.10000000000001,35.6,-8.9
2307,42941.0,False,126.30000000000001,34.7,-9.3
2308,42959.0,False,126.5,34.1,-9.9
2309,42985.0,False,126.60000000000001,34.1,-10.0
2310,43001.0,False,127.0,34.4,-9.700000000000001
2311,43022.0,False,127.60000000000001,34.6,-8.700000000000001
2312,43041.0,False,128.5,34.7,-7.300000000000001
2313,43054.0,False,129.0,34.7,-6.6000000000000005
2314,43069.0,False,129.6,34.7,-5.9
2315,43089.0,False,130.9,34.6,-4.6000000000000005
2316,43102.0,False,132.4,34.300000000000004,-3.6
2317,43120.0,False,133.20000000000002,34.1,-3.2
2318,43136.0,False,134.9,33.9,-2.7
2319,43152.0,False,136.70000000000002,34.0,-2.7
2320,43184.0,False,139.5,34.6,-3.2
2321,43205.0,False,141.5,35.1,-3.5
2322,43218.0,False,142.6,35.300000000000004,-3.6
2323,43235.0,False,144.6,35.7,-3.9000000000000004
2324,43253.0,False,145.5,35.9,-4.0
2325,43277.0,False,148.0,36.5,-4.0
2326,43286.0,False,148.8,36.7,-3.9000000000000004
2327,43303.0,False,150.1,37.0,-3.8000000000000003
2328,43318.0,False,150.70000000000002,37.0,-3.7
2329,43338.0,False,151.8,36.9,-3.7
2330,43353.0,False,152.3,36.800000000000004,-3.6
2331,43377.0,False,153.20000000000002,36.6,-3.5
2332,43403.0,False,153.5,36.7,-3.0
2333,43419.0,False,153.5,36.7,-2.8000000000000003
2334,43438.0,False,153.5,36.4,-2.4000000000000004
2335,43473.0,False,153.70000000000002,35.5,-2.0
2336,43486.0,False,153.9,34.800000000000004,-1.9000000000000001
2337,43502.0,False,153.9,34.5,-1.7000000000000002
2338,43518.0,False,154.0,34.0,-1.3
2339,43537.0,False,153.9,33.4,-0.7000000000000001
2340,43558.0,False,153.70000000000002,32.6,0.0
2341,43568.0,False,153.60000000000002,32.300000000000004,0.4
2342,43589.0,False,153.5,31.6,1.1
2343,43602.0,False,153.5,31.3,1.3
2344,43624.0,False,153.8,30.8,1.5
2345,43640.0,False,154.3,30.700000000000003,1.2000000000000002
2346,43662.0,False,154.9,30.8,0.8
2347,43669.0,False,155.10000000000002,30.900000000000002,0.6000000000000001
2348,43687.0,False,155.5,31.0,0.4
2349,43704.0,False,155.70000000000002,31.0,0.4
2350,43718.0,False,156.10000000000002,30.8,0.5
2351,43736.0,False,156.4,30.6,0.5
2352,43752.0,False,156.5,30.5,0.5
2353,43773.0,False,156.70000000000002,30.700000000000003,0.30000000000000004
2354,43793.0,False,157.0,31.200000000000003,-0.4
2355,43802.0,False,157.20000000000002,31.6,-0.9
2356,43819.0,False,157.70000000000002,32.5,-2.2
2357,43836.0,False,158.4,33.6,-3.9000000000000004
2358,43852.0,False,158.9,34.2,-5.0
2359,43873.0,False,160.10000000000002,35.4,-7.300000000000001
2360,43887.0,False,161.4,36.300000000000004,-9.8
2361,43901.0,False,162.0,36.6,-11.0
2362,43918.0,False,163.10000000000002,36.800000000000004,-13.100000000000001
2363,43937.0,False,164.0,36.5,-14.4
2364,43952.0,False,164.3,36.2,-14.700000000000001
2365,43977.0,False,164.8,35.6,-14.8
2366,43986.0,False,165.10000000000002,35.2,-14.600000000000001
2367,44001.0,False,165.5,34.4,-14.100000000000001
2368,44019.0,False,165.8,33.300000000000004,-13.4
2369,44035.0,False,165.9,32.800000000000004,-13.100000000000001
2370,44052.0,False,165.9,32.1,-12.100000000000001
2371,44069.0,False,165.70000000000002,31.8,-10.9
2372,44089.0,False,165.70000000000002,31.8,-9.600000000000001
2373,44102.0,False,165.70000000000002,31.700000000000003,-9.0
2374,44119.0,False,165.8,31.400000000000002,-7.800000000000001
2375,44138.0,False,166.0,31.200000000000003,-7.2
2376,44152.0,False,166.60000000000002,30.8,-6.300000000000001
2377,44171.0,False,167.3,30.6,-5.9
2378,44185.0,False,167.70000000000002,30.5,-5.800000000000001
2379,44202.0,False,168.5,30.6,-5.6000000000000005
2380,44220.0,False,169.10000000000002,30.900000000000002,-5.1000000000000005
2381,44240.0,False,169.60000000000002,31.200000000000003,-4.4
2382,44252.0,False,169.9,31.400000000000002,-4.0
2383,44270.0,False,170.10000000000002,31.5,-3.5
2384,44285.0,False,170.70000000000002,31.5,-2.6
2385,44305.0,False,171.5,31.0,-1.9000000000000001
2386,44323.0,False,172.5,30.1,-1.6
2387,44345.0,False,173.8,29.0,-1.7000000000000002
2388,44361.0,False,175.0,28.200000000000003,-2.3000000000000003
2389,44376.0,False,175.5,28.0,-2.6
2390,44391.0,False,176.4,27.8,-3.3000000000000003
2391,44406.0,False,176.70000000000002,27.900000000000002,-3.6
2392,44418.0,False,177.10000000000002,27.900000000000002,-3.8000000000000003
2393,44439.0,False,177.9,28.0,-4.1000000000000005
2394,44452.0,False,178.8,28.0,-4.4
2395,44468.0,False,179.3,28.0,-4.6000000000000005
2396,44485.0,False,180.10000000000002,28.1,-5.0
2397,44502.0,False,180.9,28.5,-5.5
2398,44522.0,False,181.70000000000002,28.900000000000002,-6.2
2399,44538.0,False,182.0,29.200000000000003,-6.6000000000000005
2400,44563.0,False,183.10000000000002,29.900000000000002,-7.6000000000000005
2401,44585.0,False,183.70000000000002,30.5,-8.200000000000001
2402,44603.0,False,184.3,31.0,-8.6
2403,44623.0,False,184.8,31.5,-8.8
2404,44635.0,False,185.0,31.8,-8.9
2405,44655.0,False,185.20000000000002,32.2,-9.3
2406,44671.0,False,185.3,32.300000000000004,-9.5
2407,44686.0,False,185.4,32.300000000000004,-9.9
2408,44702.0,False,185.4,32.2,-10.100000000000001
2409,44718.0,False,185.4,32.0,-10.5
2410,44738.0,False,185.5,31.400000000000002,-11.100000000000001
2411,44770.0,False,185.4,29.900000000000002,-12.700000000000001
2412,44787.0,False,184.8,28.700000000000003,-13.9
2413,44804.0,False,184.10000000000002,27.6,-14.4
2414,44818.0,False,183.9,27.1,-14.4
2415,44837.0,False,183.70000000000002,26.1,-14.100000000000001
2416,44852.0,False,183.70000000000002,25.700000000000003,-13.8
2417,44868.0,False,183.70000000000002,25.400000000000002,-13.5
2418,44885.0,False,183.60000000000002,25.5,-13.3
2419,44902.0,False,183.5,25.8,-13.200000000000001
2420,44921.0,False,183.4,26.3,-13.100000000000001
2421,44936.0,False,183.20000000000002,26.700000000000003,-13.0
2422,44953.0,False,183.20000000000002,26.900000000000002,-12.9
2423,44981.0,False,182.9,27.5,-12.600000000000001
2424,44986.0,False,182.70000000000002,27.6,-12.4
2425,45002.0,False,182.60000000000002,27.8,-12.200000000000001
2426,45018.0,False,182.10000000000002,28.0,-11.8
2427,45040.0,False,181.60000000000002,28.0,-10.9
2428,45052.0,False,181.3,27.900000000000002,-10.200000000000001
2429,45075.0,False,180.70000000000002,27.400000000000002,-8.8
2430,45085.0,False,180.4,27.1,-8.1
2431,45103.0,False,179.9,26.3,-7.0
2432,45126.0,False,179.10000000000002,25.5,-6.5
2433,45140.0,False,178.8,25.5,-6.6000000000000005
2434,45153.0,False,178.4,25.700000000000003,-6.7
2435,45183.0,False,178.0,26.700000000000003,-6.9
2436,45202.0,False,178.5,27.700000000000003,-7.1000000000000005
2437,45218.0,False,179.70000000000002,28.700000000000003,-7.7
2438,45239.0,False,180.8,29.700000000000003,-8.4
2439,45252.0,False,181.4,30.1,-8.700000000000001
2440,45293.0,False,183.20000000000002,31.3,-8.3
2441,45303.0,False,183.8,31.400000000000002,-8.0
2442,45321.0,False,185.20000000000002,31.1,-7.4
2443,45342.0,False,186.8,30.6,-7.2
2444,45352.0,False,187.60000000000002,30.5,-7.4
2445,45374.0,False,189.10000000000002,30.200000000000003,-8.3
2446,45392.0,False,190.3,29.8,-9.5
2447,45422.0,False,191.3,29.1,-10.4
2448,45437.0,False,191.5,29.1,-10.200000000000001
2449,45451.0,False,191.8,29.5,-9.4
2450,45473.0,False,192.3,30.1,-8.1
2451,45485.0,False,192.70000000000002,30.400000000000002,-7.6000000000000005
2452,45502.0,False,193.5,30.900000000000002,-6.7
2453,45519.0,False,194.0,31.0,-6.5
2454,45551.0,False,196.5,30.8,-7.0
2455,45573.0,False,197.70000000000002,30.8,-7.800000000000001
2456,45586.0,False,198.3,30.900000000000002,-8.200000000000001
2457,45601.0,False,199.3,31.3,-8.9
2458,45618.0,False,199.9,31.6,-9.1
2459,45640.0,False,201.70000000000002,32.7,-9.600000000000001
2460,45652.0,False,202.4,33.0,-9.700000000000001
2461,45668.0,False,203.10000000000002,33.4,-9.8
2462,45685.0,False,204.4,34.0,-9.8
2463,45706.0,False,205.5,34.7,-9.5
2464,45718.0,False,205.9,35.1,-9.4
2465,45735.0,False,206.5,35.800000000000004,-8.8
2466,45752.0,False,206.9,36.6,-8.200000000000001
2467,45769.0,False,207.10000000000002,36.9,-7.9
2468,45787.0,False,207.60000000000002,37.6,-7.300000000000001
2469,45802.0,False,208.10000000000002,38.2,-7.1000000000000005
2470,45818.0,False,208.3,38.400000000000006,-7.0
2471,45844.0,False,208.4,38.7,-6.9
2472,45868.0,False,208.10000000000002,38.7,-6.7
2473,45885.0,False,207.60000000000002,38.5,-6.2
2474,45902.0,False,207.4,38.2,-6.0
2475,45920.0,False,207.0,37.300000000000004,-5.7
2476,45939.0,False,206.60000000000002,35.9,-5.7
2477,45959.0,False,205.9,34.2,-5.800000000000001
2478,45974.0,False,205.20000000000002,32.4,-5.7
2479,45985.0,False,204.9,31.700000000000003,-5.6000000000000005
2480,46003.0,False,204.5,30.700000000000003,-5.300000000000001
2481,46019.0,False,204.5,30.5,-5.2
2482,46035.0,False,205.0,30.3,-5.300000000000001
2483,46054.0,False,205.3,30.3,-5.5
2484,46075.0,False,206.20000000000002,30.5,-6.6000000000000005
2485,46088.0,False,206.5,30.6,-6.9
2486,46108.0,False,206.9,30.6,-7.7
2487,46119.0,False,207.10000000000002,30.5,-8.1
2488,46139.0,False,207.3,30.200000000000003,-8.9
2489,46152.0,False,207.4,30.0,-9.3
2490,46168.0,False,207.4,29.6,-10.0
2491,46188.0,False,207.20000000000002,29.0,-10.4
2492,46201.0,False,207.10000000000002,28.700000000000003,-10.600000000000001
2493,46222.0,False,206.8,27.900000000000002,-10.700000000000001
2494,46239.0,False,206.5,26.900000000000002,-10.700000000000001
2495,46252.0,False,206.3,26.3,-10.700000000000001
2496,46268.0,False,205.9,25.200000000000003,-10.700000000000001
2497,46285.0,False,205.70000000000002,24.700000000000003,-10.8
2498,46302.0,False,205.20000000000002,23.6,-10.9
2499,46321.0,False,204.70000000000002,22.6,-10.9
2500,46338.0,False,204.4,21.8,-10.600000000000001
2501,46357.0,False,204.20000000000002,21.0,-10.3
2502,46372.0,False,204.3,20.700000000000003,-10.100000000000001
2503,46386.0,False,204.5,20.5,-9.9
2504,46402.0,False,205.0,20.3,-9.600000000000001
2505,46418.0,False,205.8,20.400000000000002,-9.4
2506,46435.0,False,206.3,20.400000000000002,-9.5
2507,46452.0,False,207.4,20.700000000000003,-9.600000000000001
2508,46478.0,False,209.20000000000002,21.1,-9.9
2509,46501.0,False,210.5,21.6,-10.100000000000001
2510,46518.0,False,211.20000000000002,21.900000000000002,-10.100000000000001
2511,46542.0,False,213.20000000000002,22.900000000000002,-9.700000000000001
2512,46552.0,False,213.8,23.200000000000003,-9.5
2513,46570.0,False,215.10000000000002,23.5,-9.4
2514,46585.0,False,215.9,23.400000000000002,-9.5
2515,46601.0,False,217.3,23.0,-10.200000000000001
2516,46618.0,False,217.9,22.900000000000002,-10.600000000000001
2517,46643.0,False,219.70000000000002,23.900000000000002,-11.3
2518,46652.0,False,220.5,24.5,-11.4
2519,46674.0,False,222.0,25.8,-11.4
2520,46689.0,False,222.8,26.400000000000002,-11.3
2521,46704.0,False,224.3,27.5,-11.0
2522,46720.0,False,225.8,28.700000000000003,-10.5
2523,46735.0,False,226.5,29.200000000000003,-10.4
2524,46752.0,False,227.9,30.200000000000003,-10.3
2525,46772.0,False,229.20000000000002,30.900000000000002,-10.5
2526,46786.0,False,229.8,31.200000000000003,-10.600000000000001
2527,46802.0,False,230.70000000000002,31.6,-10.9
2528,46818.0,False,231.10000000000002,31.900000000000002,-10.9
2529,46835.0,False,231.60000000000002,32.6,-10.600000000000001
2530,46851.0,False,232.0,33.2,-10.0
2531,46871.0,False,232.4,33.6,-9.4
2532,46884.0,False,232.5,33.800000000000004,-9.1
2533,46905.0,False,232.70000000000002,33.9,-8.5
2534,46919.0,False,232.70000000000002,33.9,-8.200000000000001
2535,46935.0,False,232.70000000000002,33.7,-7.7
2536,46952.0,False,232.70000000000002,33.6,-7.4
2537,46970.0,False,232.60000000000002,33.300000000000004,-7.0
2538,46987.0,False,232.70000000000002,33.0,-6.9
2539,47002.0,False,232.9,32.6,-7.0
2540,47018.0,False,233.10000000000002,32.6,-7.0
2541,47038.0,False,233.4,32.7,-6.9
2542,47056.0,False,233.9,33.2,-6.800000000000001
2543,47069.0,False,234.3,33.6,-6.9
2544,47087.0,False,235.10000000000002,34.300000000000004,-7.2
2545,47102.0,False,235.70000000000002,34.7,-7.4
2546,47118.0,False,236.70000000000002,35.4,-8.0
2547,47136.0,False,237.8,36.0,-8.8
2548,47153.0,False,238.3,36.300000000000004,-9.3
2549,47179.0,False,239.60000000000002,36.7,-10.9
2550,47186.0,False,240.10000000000002,36.800000000000004,-11.4
2551,47201.0,False,240.5,36.9,-11.9
2552,47218.0,False,241.3,37.0,-13.100000000000001
2553,47237.0,False,242.0,37.0,-14.3
2554,47252.0,False,242.3,36.9,-14.9
2555,47269.0,False,242.70000000000002,36.7,-15.8
2556,47285.0,False,243.0,36.5,-16.3
2557,47301.0,False,243.10000000000002,36.4,-16.5
2558,47337.0,False,243.20000000000002,36.2,-16.3
2559,47352.0,False,243.20000000000002,36.300000000000004,-16.1
2560,47371.0,False,243.0,36.300000000000004,-15.600000000000001
2561,47385.0,False,242.8,36.4,-15.200000000000001
2562,47406.0,False,242.3,36.300000000000004,-13.9
2563,47436.0,False,242.0,35.6,-12.700000000000001
2564,47454.0,False,242.0,35.2,-12.4
2565,47476.0,False,241.9,33.9,-11.8
2566,47504.0,False,242.0,33.4,-11.5
2567,47520.0,False,242.0,33.0,-11.4
2568,47538.0,False,242.20000000000002,32.9,-11.3
2569,47557.0,False,242.5,33.0,-11.100000000000001
2570,47576.0,False,242.8,33.1,-11.0
2571,47590.0,False,243.0,33.0,-11.0
2572,47603.0,False,243.20000000000002,32.9,-11.100000000000001
2573,47620.0,False,243.5,32.5,-11.100000000000001
2574,47639.0,False,243.70000000000002,32.0,-11.200000000000001
2575,47677.0,False,243.9,32.0,-10.3
2576,47688.0,False,244.10000000000002,32.1,-10.100000000000001
2577,47708.0,False,244.70000000000002,32.4,-9.9
2578,47718.0,False,245.20000000000002,32.5,-9.9
2579,47738.0,False,246.10000000000002,32.800000000000004,-10.0
2580,47751.0,False,246.5,33.0,-10.100000000000001
2581,47768.0,False,247.10000000000002,33.2,-10.3
2582,47785.0,False,248.20000000000002,33.800000000000004,-10.600000000000001
2583,47806.0,False,249.4,34.7,-10.8
2584,47820.0,False,250.9,35.6,-11.100000000000001
2585,47835.0,False,251.60000000000002,36.0,-11.200000000000001
2586,47856.0,False,252.9,36.800000000000004,-11.3
2587,47871.0,False,254.3,37.4,-11.600000000000001
2588,47890.0,False,255.4,37.800000000000004,-12.0
2589,47902.0,False,255.9,38.0,-12.3
2590,47919.0,False,256.8,38.300000000000004,-12.5
2591,47934.0,False,257.2,38.5,-12.5
2592,47951.0,False,257.90000000000003,38.6,-12.4
2593,47980.0,False,259.1,38.400000000000006,-11.9
2594,48002.0,False,260.0,38.300000000000004,-11.700000000000001
2595,48019.0,False,260.90000000000003,38.1,-11.700000000000001
2596,48037.0,False,261.3,38.0,-11.600000000000001
2597,48057.0,False,262.0,37.5,-11.4
2598,48077.0,False,262.5,37.0,-10.9
2599,48085.0,False,262.6,36.7,-10.4
2600,48101.0,False,262.6,36.300000000000004,-9.1
2601,48118.0,False,262.6,36.2,-8.3
2602,48136.0,False,262.8,36.1,-6.7
2603,48157.0,False,263.2,36.2,-5.2
2604,48171.0,False,263.90000000000003,36.4,-4.2
2605,48185.0,False,264.3,36.6,-3.7
2606,48201.0,False,264.7,36.800000000000004,-3.4000000000000004
2607,48223.0,False,265.7,37.300000000000004,-2.6
2608,48236.0,False,266.0,37.4,-2.4000000000000004
2609,48256.0,False,266.3,37.5,-2.1
2610,48270.0,False,266.40000000000003,37.5,-1.8
2611,48290.0,False,266.3,37.5,-1.1
2612,48306.0,False,266.2,37.5,-0.2
2613,48324.0,False,266.2,37.5,0.5
2614,48335.0,False,266.2,37.4,0.7000000000000001
2615,48356.0,False,266.3,37.300000000000004,1.0
2616,48370.0,False,266.3,37.2,1.2000000000000002
2617,48385.0,False,266.2,37.300000000000004,1.3
2618,48418.0,False,266.2,37.300000000000004,1.0
2619,48435.0,False,266.6,37.300000000000004,0.5
2620,48454.0,False,267.2,37.300000000000004,-0.2
2621,48468.0,False,267.5,37.4,-0.5
2622,48485.0,False,268.40000000000003,37.7,-1.2000000000000002
2623,48505.0,False,269.3,38.0,-2.0
2624,48518.0,False,269.8,38.1,-2.4000000000000004
2625,48535.0,False,270.7,37.9,-3.1
2626,48560.0,False,271.3,37.4,-3.8000000000000003
2627,48570.0,False,271.6,37.1,-4.2
2628,48585.0,False,271.90000000000003,36.800000000000004,-4.6000000000000005
2629,48601.0,False,272.3,36.4,-5.800000000000001
2630,48622.0,False,272.5,36.300000000000004,-7.2
2631,48640.0,False,272.5,36.5,-8.700000000000001
2632,48655.0,False,272.5,37.0,-10.0
2633,48668.0,False,272.40000000000003,37.2,-10.4
2634,48685.0,False,272.40000000000003,37.4,-10.8
2635,48701.0,False,272.2,37.6,-10.9
2636,48726.0,False,271.5,37.7,-9.9
2637,48755.0,False,270.8,37.4,-9.1
2638,48770.0,False,270.0,36.800000000000004,-8.4
2639,48786.0,False,269.1,36.300000000000004,-7.7
2640,48801.0,False,268.6,36.2,-7.4
2641,48818.0,False,267.7,35.9,-6.800000000000001
2642,48835.0,False,267.3,35.7,-6.5
2643,48858.0,False,266.5,34.800000000000004,-6.0
2644,48876.0,False,266.40000000000003,34.4,-6.0
2645,48887.0,False,266.40000000000003,34.0,-6.2
2646,48901.0,False,266.40000000000003,33.2,-6.800000000000001
2647,48919.0,False,266.7,32.5,-7.800000000000001
2648,48940.0,False,266.90000000000003,32.0,-8.5
2649,48952.0,False,267.1,31.900000000000002,-8.8
2650,48973.0,False,267.40000000000003,32.0,-9.0
2651,48985.0,False,267.7,32.0,-8.9
2652,49001.0,False,268.3,32.1,-8.9
2653,49018.0,False,269.1,32.0,-8.8
2654,49034.0,False,269.5,32.0,-8.9
2655,49058.0,False,270.90000000000003,32.0,-9.1
2656,49073.0,False,271.40000000000003,32.1,-9.3
2657,49085.0,False,271.90000000000003,32.300000000000004,-9.4
2658,49102.0,False,273.0,32.7,-9.600000000000001
2659,49119.0,False,273.90000000000003,33.0,-9.600000000000001
2660,49135.0,False,274.40000000000003,33.2,-9.5
2661,49159.0,False,275.5,33.5,-9.1
2662,49169.0,False,275.8,33.6,-9.0
2663,49186.0,False,276.1,33.7,-8.8
2664,49201.0,False,276.5,34.0,-8.4
2665,49218.0,False,276.7,34.2,-8.1
2666,49234.0,False,277.0,34.7,-7.4
2667,49256.0,False,277.5,35.0,-6.4
2668,49281.0,False,278.1,35.0,-5.6000000000000005
2669,49285.0,False,278.6,34.9,-5.2
2670,49301.0,False,279.6,34.4,-4.9
2671,49327.0,False,280.8,33.800000000000004,-5.0
2672,49336.0,False,281.40000000000003,33.4,-5.2
2673,49358.0,False,282.6,32.7,-6.0
2674,49369.0,False,283.2,32.4,-6.5
2675,49388.0,False,284.2,31.900000000000002,-7.300000000000001
2676,49404.0,False,285.1,31.700000000000003,-7.7
2677,49420.0,False,285.5,31.700000000000003,-7.6000000000000005
2678,49438.0,False,286.40000000000003,31.700000000000003,-7.1000000000000005
2679,49452.0,False,286.90000000000003,31.700000000000003,-6.7
2680,49470.0,False,287.90000000000003,31.5,-6.1000000000000005
2681,49488.0,False,289.0,31.5,-5.6000000000000005
2682,49504.0,False,290.1,31.5,-5.5
2683,49518.0,False,290.5,31.6,-5.5
2684,49540.0,False,291.40000000000003,31.700000000000003,-5.800000000000001
2685,49552.0,False,291.8,31.700000000000003,-5.9
2686,49569.0,False,292.5,31.8,-6.1000000000000005
2687,49586.0,False,293.1,31.900000000000002,-6.1000000000000005
2688,49601.0,False,293.40000000000003,32.1,-6.1000000000000005
2689,49618.0,False,294.0,32.5,-6.1000000000000005
2690,49637.0,False,294.6,33.0,-6.2
2691,49652.0,False,294.90000000000003,33.300000000000004,-6.300000000000001
2692,49672.0,False,295.3,33.7,-6.2
2693,49686.0,False,295.5,34.0,-5.9
2694,49706.0,False,295.8,34.1,-5.6000000000000005
2695,49722.0,False,295.90000000000003,34.1,-5.6000000000000005
2696,49740.0,False,296.3,34.0,-5.6000000000000005
2697,49752.0,False,296.5,34.0,-5.800000000000001
2698,49768.0,False,296.90000000000003,34.0,-6.0
2699,49787.0,False,297.2,33.800000000000004,-6.1000000000000005
2700,49801.0,False,297.40000000000003,33.6,-6.1000000000000005
2701,49820.0,False,297.7,32.9,-6.1000000000000005
2702,49838.0,False,297.90000000000003,31.900000000000002,-6.1000000000000005
2703,49852.0,False,298.0,31.400000000000002,-6.1000000000000005
2704,49876.0,False,298.3,30.3,-6.2
2705,49888.0,False,298.40000000000003,30.200000000000003,-6.2
2706,49905.0,False,298.6,30.0,-6.300000000000001
2707,49934.0,False,298.8,29.8,-6.4
2708,49956.0,False,298.90000000000003,29.8,-6.2
2709,49972.0,False,299.0,30.0,-5.800000000000001
2710,49987.0,False,299.3,30.1,-5.4
2711,50002.0,False,299.5,30.1,-5.300000000000001
2712,50018.0,False,299.90000000000003,30.0,-5.2
2713,50034.0,False,300.1,30.0,-5.2
2714,50080.0,False,300.7,29.900000000000002,-5.1000000000000005
2715,50101.0,False,300.90000000000003,29.900000000000002,-5.0
2716,50118.0,False,301.1,29.6,-5.0
2717,50138.0,False,301.2,29.3,-5.1000000000000005
2718,50159.0,False,301.3,28.8,-5.300000000000001
2719,50178.0,False,301.40000000000003,28.200000000000003,-5.6000000000000005
2720,50201.0,False,301.40000000000003,27.6,-6.0
2721,50218.0,False,301.3,27.200000000000003,-6.1000000000000005
2722,50243.0,False,301.3,27.200000000000003,-6.0
2723,50260.0,False,301.5,27.400000000000002,-5.9
2724,50275.0,False,301.7,27.5,-5.9
2725,50288.0,False,301.90000000000003,27.6,-5.9
2726,50301.0,False,302.5,27.900000000000002,-6.300000000000001
2727,50320.0,False,303.0,28.3,-6.800000000000001
2728,50335.0,False,303.2,28.5,-7.1000000000000005
2729,50354.0,False,303.6,29.1,-7.5
2730,50371.0,False,303.90000000000003,29.700000000000003,-7.300000000000001
2731,50385.0,False,304.0,30.0,-7.2
2732,50401.0,False,304.2,30.3,-6.800000000000001
2733,50420.0,False,304.2,30.5,-6.300000000000001
2734,50436.0,False,304.1,30.6,-6.1000000000000005
2735,50453.0,False,304.1,30.700000000000003,-6.0
2736,50505.0,False,303.90000000000003,31.0,-5.6000000000000005
2737,50518.0,False,303.7,31.200000000000003,-5.300000000000001
2738,50541.0,False,303.6,31.5,-4.0
2739,50575.0,False,304.0,31.200000000000003,-3.5
2740,50601.0,False,305.0,30.900000000000002,-4.0
2741,50620.0,False,305.3,30.8,-4.3
2742,50635.0,False,305.8,30.8,-5.0
2743,50657.0,False,306.1,31.1,-5.1000000000000005
2744,50668.0,False,306.1,31.3,-4.9
2745,50685.0,False,306.0,31.3,-3.8000000000000003
2746,50702.0,False,305.90000000000003,30.400000000000002,-2.3000000000000003
2747,50718.0,False,305.8,29.6,-1.5
2748,50738.0,False,305.5,28.3,0.0
2749,50754.0,False,305.40000000000003,27.700000000000003,1.2000000000000002
2750,50771.0,False,305.3,27.8,1.7000000000000002
2751,50788.0,False,305.2,28.700000000000003,1.9000000000000001
2752,50801.0,False,305.2,29.200000000000003,1.7000000000000002
2753,50821.0,False,305.2,30.400000000000002,0.6000000000000001
2754,50834.0,False,304.90000000000003,31.700000000000003,-0.8
2755,50855.0,False,304.6,33.300000000000004,-1.9000000000000001
2756,50869.0,False,304.5,34.2,-2.4000000000000004
2757,50887.0,False,304.2,35.800000000000004,-3.0
2758,50901.0,False,304.1,36.6,-3.1
2759,50920.0,False,303.7,37.800000000000004,-3.4000000000000004
2760,50935.0,False,303.1,38.7,-3.5
2761,50955.0,False,302.2,39.2,-3.5
2762,50970.0,False,301.8,39.400000000000006,-3.5
2763,50988.0,False,301.0,39.7,-3.5
2764,51001.0,False,300.7,39.7,-3.7
2765,51019.0,False,300.2,39.5,-3.9000000000000004
2766,51035.0,False,299.8,39.1,-3.8000000000000003
2767,51055.0,False,299.3,38.5,-3.5
2768,51073.0,False,299.0,38.2,-3.4000000000000004
2769,51086.0,False,298.5,37.300000000000004,-3.3000000000000003
2770,51104.0,False,298.3,36.9,-3.3000000000000003
2771,51118.0,False,297.7,36.1,-3.5
2772,51136.0,False,297.0,35.300000000000004,-3.8000000000000003
2773,51161.0,False,296.2,34.6,-4.3
2774,51175.0,False,295.40000000000003,34.2,-4.6000000000000005
2775,51186.0,False,295.0,34.1,-4.7
2776,51201.0,False,294.6,33.9,-4.7
2777,51218.0,False,293.8,33.5,-4.6000000000000005
2778,51239.0,False,293.1,32.7,-4.4
2779,51261.0,False,292.5,31.8,-4.3
2780,51281.0,False,292.0,30.900000000000002,-4.2
2781,51286.0,False,291.7,30.6,-4.2
2782,51301.0,False,291.5,30.400000000000002,-4.2
2783,51318.0,False,291.1,30.200000000000003,-4.3
2784,51334.0,False,290.90000000000003,30.3,-4.4
2785,51357.0,False,290.7,30.400000000000002,-4.7
2786,51370.0,False,290.6,30.400000000000002,-5.2
2787,51387.0,False,290.40000000000003,30.3,-5.5
2788,51403.0,False,290.3,30.200000000000003,-5.6000000000000005
2789,51422.0,False,290.1,30.1,-5.800000000000001
2790,51434.0,False,290.0,30.0,-5.800000000000001
2791,51459.0,False,289.40000000000003,29.6,-5.9
2792,51468.0,False,289.2,29.5,-5.800000000000001
2793,51490.0,False,288.7,29.700000000000003,-5.6000000000000005
2794,51502.0,False,288.5,29.8,-5.4
2795,51518.0,False,288.40000000000003,30.3,-5.2
2796,51535.0,False,288.40000000000003,30.5,-5.0
2797,51555.0,False,288.5,30.900000000000002,-4.9
2798,51568.0,False,288.6,31.0,-4.9
2799,51584.0,False,288.7,31.1,-4.9
2800,51605.0,False,288.90000000000003,31.3,-4.800000000000001
2801,51621.0,False,289.3,31.3,-4.7
2802,51636.0,False,289.5,31.200000000000003,-4.7
2803,51660.0,False,290.2,30.400000000000002,-4.6000000000000005
2804,51675.0,False,290.5,30.1,-4.6000000000000005
2805,51688.0,False,290.7,29.700000000000003,-4.6000000000000005
2806,51702.0,False,291.1,29.1,-4.4
2807,51718.0,False,291.2,28.8,-4.2
2808,51735.0,False,291.6,28.5,-3.4000000000000004
2809,51756.0,False,292.3,28.900000000000002,-2.6
2810,51780.0,False,293.5,29.8,-2.0
2811,51785.0,False,294.40000000000003,30.3,-2.0
2812,51801.0,False,296.40000000000003,31.200000000000003,-2.6
2813,51818.0,False,297.5,31.700000000000003,-3.2
2814,51838.0,False,299.6,32.4,-4.3
2815,51861.0,False,301.40000000000003,33.4,-5.2
2816,51874.0,False,302.8,34.4,-5.4
2817,51890.0,False,303.3,34.9,-5.2
2818,51906.0,False,304.3,35.7,-4.6000000000000005
2819,51919.0,False,304.7,36.0,-4.2
2820,51936.0,False,305.7,36.300000000000004,-3.2
2821,51964.0,False,307.5,36.1,-2.0
2822,51989.0,False,308.6,35.9,-1.6
2823,52003.0,False,309.70000000000005,35.7,-1.6
2824,52024.0,False,310.5,35.6,-1.9000000000000001
2825,52040.0,False,310.70000000000005,35.6,-2.0
2826,52058.0,False,311.3,36.0,-1.9000000000000001
2827,52076.0,False,311.6,36.2,-1.9000000000000001
2828,52085.0,False,312.3,36.6,-1.6
2829,52101.0,False,312.6,36.7,-1.4000000000000001
2830,52118.0,False,313.20000000000005,36.9,-1.1
2831,52141.0,False,313.5,36.800000000000004,-0.7000000000000001
2832,52173.0,False,313.70000000000005,36.2,-0.30000000000000004
2833,52185.0,False,313.8,35.7,-0.2
2834,52201.0,False,313.8,35.5,0.0
2835,52218.0,False,313.90000000000003,35.0,0.30000000000000004
2836,52236.0,False,314.1,34.5,0.5
2837,52256.0,False,314.3,33.7,0.7000000000000001
2838,52270.0,False,314.40000000000003,33.2,0.7000000000000001
2839,52286.0,False,314.70000000000005,32.0,0.4
2840,52301.0,False,314.90000000000003,31.3,0.2
2841,52318.0,False,315.1,30.0,-0.30000000000000004
2842,52336.0,False,315.3,28.8,-0.6000000000000001
2843,52356.0,False,315.5,28.1,-0.6000000000000001
2844,52384.0,False,315.8,27.700000000000003,-0.4
2845,52401.0,False,316.3,27.3,-0.1
2846,52419.0,False,316.8,27.0,0.2
2847,52447.0,False,317.8,26.700000000000003,0.30000000000000004
2848,52460.0,False,318.20000000000005,26.700000000000003,0.2
2849,52468.0,False,318.6,26.700000000000003,0.0
2850,52485.0,False,318.90000000000003,26.700000000000003,-0.30000000000000004
2851,52502.0,False,319.6,26.8,-0.8
2852,52525.0,False,320.1,26.700000000000003,-1.4000000000000001
2853,52534.0,False,320.3,26.700000000000003,-1.7000000000000002
2854,52560.0,False,321.0,26.400000000000002,-2.3000000000000003
2855,52571.0,False,321.1,26.200000000000003,-2.4000000000000004
2856,52590.0,False,321.5,25.900000000000002,-2.7
2857,52605.0,False,321.6,25.700000000000003,-2.9000000000000004
2858,52618.0,False,322.0,25.3,-3.3000000000000003
2859,52634.0,False,322.20000000000005,25.200000000000003,-3.5
2860,52659.0,False,323.0,25.5,-4.3
2861,52670.0,False,323.40000000000003,25.700000000000003,-4.6000000000000005
2862,52685.0,False,323.8,25.900000000000002,-4.800000000000001
2863,52701.0,False,324.70000000000005,26.5,-5.300000000000001
2864,52728.0,False,326.40000000000003,27.0,-5.800000000000001
2865,52753.0,False,327.5,27.3,-6.1000000000000005
2866,52769.0,False,328.70000000000005,27.900000000000002,-6.0
2867,52784.0,False,329.3,28.3,-5.9
2868,52803.0,False,330.8,29.200000000000003,-5.5
2869,52819.0,False,332.40000000000003,29.900000000000002,-5.1000000000000005
2870,52841.0,False,334.0,30.200000000000003,-5.0
2871,52861.0,False,335.6,30.0,-5.300000000000001
2872,52884.0,False,336.90000000000003,29.400000000000002,-5.7
2873,52903.0,False,338.1,28.900000000000002,-5.800000000000001
2874,52920.0,False,339.1,28.6,-5.2
2875,52935.0,False,339.6,28.700000000000003,-4.7
2876,52954.0,False,340.8,28.900000000000002,-3.6
2877,52971.0,False,342.20000000000005,29.3,-2.7
2878,52985.0,False,343.1,29.400000000000002,-2.5
2879,53001.0,False,344.90000000000003,29.6,-2.4000000000000004
2880,53021.0,False,346.70000000000005,29.5,-2.8000000000000003
2881,53037.0,False,347.5,29.5,-3.2
2882,53060.0,False,348.8,29.400000000000002,-3.7
2883,53073.0,False,349.70000000000005,29.400000000000002,-3.7
2884,53085.0,False,350.1,29.5,-3.5
2885,53101.0,False,350.90000000000003,29.6,-2.8000000000000003
2886,53121.0,False,351.3,29.6,-2.4000000000000004
2887,53145.0,False,352.90000000000003,29.6,-1.3
2888,53181.0,False,354.6,29.700000000000003,-0.5
2889,53184.0,False,355.1,29.8,-0.30000000000000004
2890,53201.0,False,355.6,29.900000000000002,-0.2
2891,53218.0,False,356.70000000000005,30.0,0.0
2892,53235.0,False,357.70000000000005,30.0,-0.2
2893,53266.0,False,358.70000000000005,30.200000000000003,-0.6000000000000001
2894,53286.0,False,0.1,31.1,-1.1
2895,53302.0,False,1.1,31.900000000000002,-1.4000000000000001
2896,53318.0,False,1.5,32.300000000000004,-1.5
2897,53336.0,False,2.5,32.9,-1.8
2898,53358.0,False,3.4000000000000004,33.2,-2.3000000000000003
2899,53368.0,False,3.7,33.2,-2.6
2900,53385.0,False,4.2,33.0,-3.3000000000000003
2901,53401.0,False,4.4,32.9,-3.6
2902,53418.0,False,4.7,32.6,-4.2
2903,53435.0,False,5.0,32.1,-4.6000000000000005
2904,53458.0,False,5.2,31.1,-5.0
2905,53469.0,False,5.2,30.5,-5.1000000000000005
2906,53485.0,False,5.2,29.200000000000003,-5.0
2907,53507.0,False,5.0,27.900000000000002,-4.9
2908,53519.0,False,4.9,27.400000000000002,-4.800000000000001
2909,53538.0,False,5.0,26.900000000000002,-4.4
2910,53558.0,False,5.2,26.900000000000002,-3.9000000000000004
2911,53572.0,False,5.4,27.1,-3.7
2912,53586.0,False,5.6000000000000005,27.400000000000002,-3.4000000000000004
2913,53601.0,False,6.1000000000000005,28.1,-2.9000000000000004
2914,53618.0,False,6.7,28.900000000000002,-2.4000000000000004
2915,53636.0,False,7.4,29.6,-2.3000000000000003
2916,53665.0,False,8.1,30.1,-2.4000000000000004
2917,53676.0,False,8.3,30.3,-2.4000000000000004
2918,53692.0,False,8.8,30.6,-2.6
2919,53701.0,False,8.9,30.700000000000003,-2.6
2920,53718.0,False,9.200000000000001,30.900000000000002,-2.7
2921,53768.0,False,9.9,31.200000000000003,-2.6
2922,53791.0,False,10.4,31.1,-2.7
2923,53801.0,False,10.600000000000001,31.0,-2.8000000000000003
2924,53818.0,False,10.8,30.6,-2.9000000000000004
2925,53835.0,False,10.9,30.400000000000002,-3.0
2926,53870.0,False,11.200000000000001,29.1,-3.1
2927,53884.0,False,11.4,28.8,-3.0
2928,53901.0,False,12.0,28.6,-3.0
2929,53921.0,False,13.0,28.6,-3.3000000000000003
2930,53940.0,False,14.3,28.8,-3.8000000000000003
2931,53959.0,False,15.700000000000001,29.1,-4.4
2932,53970.0,False,16.400000000000002,29.200000000000003,-4.7
2933,53985.0,False,17.0,29.400000000000002,-5.0
2934,54002.0,False,18.3,29.6,-5.2
2935,54018.0,False,19.5,29.6,-5.1000000000000005
2936,54035.0,False,20.0,29.6,-5.0
2937,54053.0,False,21.200000000000003,29.3,-5.0
2938,54070.0,False,22.400000000000002,29.0,-5.2
2939,54084.0,False,22.900000000000002,28.8,-5.5
2940,54110.0,False,24.400000000000002,28.700000000000003,-6.5
2941,54120.0,False,24.900000000000002,28.8,-6.7
2942,54143.0,False,26.0,29.200000000000003,-6.6000000000000005
2943,54160.0,False,27.1,29.400000000000002,-6.0
2944,54173.0,False,27.700000000000003,29.5,-5.6000000000000005
2945,54186.0,False,28.3,29.5,-5.1000000000000005
2946,54202.0,False,29.6,29.5,-4.1000000000000005
2947,54223.0,False,31.0,29.3,-3.4000000000000004
2948,54236.0,False,31.8,29.0,-3.3000000000000003
2949,54264.0,False,34.2,28.5,-3.9000000000000004
2950,54293.0,False,36.300000000000004,28.400000000000002,-4.6000000000000005
2951,54301.0,False,36.9,28.5,-4.6000000000000005
2952,54318.0,False,37.5,28.5,-4.5
2953,54338.0,False,38.7,28.6,-4.1000000000000005
2954,54361.0,False,40.0,28.400000000000002,-3.6
2955,54373.0,False,40.6,28.400000000000002,-3.4000000000000004
2956,54387.0,False,41.900000000000006,28.3,-2.9000000000000004
2957,54404.0,False,42.5,28.3,-2.8000000000000003
2958,54419.0,False,43.7,28.400000000000002,-2.7
2959,54435.0,False,44.900000000000006,28.6,-2.9000000000000004
2960,54470.0,False,46.5,28.8,-3.5
2961,54486.0,False,47.5,29.200000000000003,-3.8000000000000003
2962,54501.0,False,48.0,29.5,-4.0
2963,54520.0,False,48.800000000000004,30.1,-4.1000000000000005
2964,54536.0,False,49.400000000000006,30.6,-4.3
2965,54557.0,False,49.900000000000006,30.8,-4.5
2966,54568.0,False,50.0,30.900000000000002,-4.5
2967,54588.0,False,50.1,30.900000000000002,-4.5
2968,54618.0,False,50.0,30.700000000000003,-4.5
2969,54636.0,False,49.900000000000006,30.3,-4.6000000000000005
2970,54661.0,False,50.0,29.8,-4.9
2971,54670.0,False,50.0,29.5,-5.1000000000000005
2972,54686.0,False,50.1,28.8,-5.5
2973,54701.0,False,50.1,28.5,-5.7
2974,54718.0,False,50.0,27.8,-5.9
2975,54738.0,False,49.800000000000004,27.1,-5.9
2976,54759.0,False,49.6,26.700000000000003,-5.5
2977,54768.0,False,49.6,26.6,-5.300000000000001
2978,54786.0,False,49.800000000000004,26.900000000000002,-5.0
2979,54802.0,False,50.0,27.1,-5.0
2980,54821.0,False,50.6,27.700000000000003,-5.2
2981,54842.0,False,51.300000000000004,28.400000000000002,-5.800000000000001
2982,54859.0,False,51.900000000000006,29.200000000000003,-6.5
2983,54871.0,False,52.2,29.5,-6.800000000000001
2984,54887.0,False,52.7,30.200000000000003,-7.4
2985,54902.0,False,52.900000000000006,30.5,-7.6000000000000005
2986,54919.0,False,53.1,31.0,-7.800000000000001
2987,54943.0,False,53.1,31.200000000000003,-7.6000000000000005
2988,54958.0,False,53.0,31.400000000000002,-7.300000000000001
2989,54970.0,False,52.900000000000006,31.400000000000002,-7.1000000000000005
2990,54987.0,False,52.7,31.3,-6.7
2991,55008.0,False,52.400000000000006,31.0,-6.4
2992,55018.0,False,52.300000000000004,30.8,-6.300000000000001
2993,55037.0,False,52.1,30.400000000000002,-6.300000000000001
2994,55057.0,False,51.900000000000006,30.1,-6.300000000000001
2995,55070.0,False,51.800000000000004,29.900000000000002,-6.300000000000001
2996,55084.0,False,51.6,29.8,-6.300000000000001
2997,55103.0,False,51.400000000000006,29.8,-5.9
2998,55118.0,False,51.5,29.6,-5.4
2999,55135.0,False,51.6,29.5,-5.1000000000000005
3000,55156.0,False,52.2,29.400000000000002,-4.7
3001,55171.0,False,53.2,29.3,-4.6000000000000005
3002,55184.0,False,53.7,29.400000000000002,-4.6000000000000005
3003,55201.0,False,54.800000000000004,29.400000000000002,-4.7
3004,55221.0,False,56.1,29.400000000000002,-4.9
3005,55241.0,False,57.400000000000006,29.1,-5.300000000000001
3006,55261.0,False,58.800000000000004,28.8,-5.800000000000001
3007,55275.0,False,59.300000000000004,28.700000000000003,-6.1000000000000005
3008,55291.0,False,60.400000000000006,28.8,-6.5
3009,55302.0,False,61.0,29.0,-6.5
3010,55319.0,False,62.1,29.5,-6.4
3011,55334.0,False,62.7,29.8,-6.2
3012,55361.0,False,64.60000000000001,30.5,-5.0
3013,55372.0,False,65.2,30.6,-4.6000000000000005
3014,55390.0,False,65.8,30.6,-4.2
3015,55404.0,False,67.10000000000001,30.400000000000002,-3.7
3016,55427.0,False,68.4,30.1,-3.6
3017,55438.0,False,69.10000000000001,29.8,-3.8000000000000003
3018,55452.0,False,70.2,29.3,-4.4
3019,55471.0,False,71.2,28.8,-4.9
3020,55484.0,False,71.5,28.6,-5.0
3021,55504.0,False,72.10000000000001,28.5,-4.6000000000000005
3022,55518.0,False,72.5,28.6,-4.2
3023,55535.0,False,73.3,28.900000000000002,-3.4000000000000004
3024,55555.0,False,74.3,29.400000000000002,-2.8000000000000003
3025,55568.0,False,74.9,29.8,-2.5
3026,55586.0,False,76.0,30.6,-2.2
3027,55602.0,False,77.10000000000001,31.5,-2.1
3028,55618.0,False,77.60000000000001,31.900000000000002,-2.1
3029,55634.0,False,78.0,32.300000000000004,-2.1
3030,55657.0,False,79.30000000000001,33.2,-2.1
3031,55671.0,False,79.60000000000001,33.5,-2.1
3032,55686.0,False,80.30000000000001,34.0,-2.1
3033,55701.0,False,80.7,34.4,-2.1
3034,55719.0,False,81.4,35.2,-2.2
3035,55734.0,False,82.0,36.0,-2.3000000000000003
3036,55754.0,False,82.5,36.5,-2.3000000000000003
3037,55773.0,False,82.80000000000001,36.5,-2.3000000000000003
3038,55784.0,False,83.0,36.300000000000004,-2.4000000000000004
3039,55805.0,False,83.0,35.7,-2.4000000000000004
3040,55818.0,False,82.9,35.5,-2.2
3041,55835.0,False,82.5,35.1,-1.8
3042,55858.0,False,82.2,34.6,-1.3
3043,55874.0,False,81.9,33.9,-1.0
3044,55907.0,False,81.7,32.800000000000004,-0.8
3045,55926.0,False,81.7,32.1,-1.0
3046,55940.0,False,81.7,31.8,-1.3
3047,55957.0,False,81.80000000000001,31.200000000000003,-2.0
3048,55969.0,False,81.80000000000001,31.0,-2.4000000000000004
3049,55987.0,False,81.5,30.900000000000002,-3.0
3050,56004.0,False,80.80000000000001,31.400000000000002,-2.9000000000000004
3051,56019.0,False,80.5,31.700000000000003,-2.5
3052,56037.0,False,79.9,32.4,-1.7000000000000002
3053,56054.0,False,79.7,32.7,-1.4000000000000001
3054,56074.0,False,79.5,33.2,-0.9
3055,56084.0,False,79.5,33.5,-1.1
3056,56101.0,False,79.60000000000001,33.6,-1.3
3057,56122.0,False,79.60000000000001,33.9,-2.1
3058,56139.0,False,79.60000000000001,34.1,-2.9000000000000004
3059,56157.0,False,79.4,34.2,-3.5
3060,56172.0,False,79.2,34.300000000000004,-3.7
3061,56184.0,False,79.0,34.2,-3.7
3062,56203.0,False,78.60000000000001,34.1,-3.7
3063,56219.0,False,78.10000000000001,33.7,-3.5
3064,56235.0,False,77.9,33.4,-3.5
3065,56254.0,False,77.60000000000001,32.9,-3.7
3066,56268.0,False,77.5,32.7,-3.9000000000000004
3067,56284.0,False,77.2,32.4,-4.3
3068,56301.0,False,76.9,32.4,-4.4
3069,56318.0,False,76.9,32.300000000000004,-4.3
3070,56338.0,False,77.30000000000001,32.1,-4.4
3071,56353.0,False,77.60000000000001,32.0,-4.5
3072,56370.0,False,78.30000000000001,31.900000000000002,-5.0
3073,56385.0,False,78.60000000000001,31.900000000000002,-5.2
3074,56401.0,False,79.2,31.900000000000002,-5.300000000000001
3075,56418.0,False,79.4,32.0,-5.2
3076,56434.0,False,80.0,31.900000000000002,-4.6000000000000005
3077,56454.0,False,80.9,31.6,-4.2
3078,56468.0,False,81.4,31.400000000000002,-4.0
3079,56487.0,False,82.5,31.200000000000003,-4.0
3080,56506.0,False,83.9,31.3,-4.4
3081,56523.0,False,85.4,31.700000000000003,-5.2
3082,56538.0,False,86.30000000000001,31.900000000000002,-5.800000000000001
3083,56554.0,False,87.9,32.300000000000004,-6.800000000000001
3084,56571.0,False,89.30000000000001,32.7,-7.2
3085,56588.0,False,90.0,32.9,-7.2
3086,56602.0,False,91.10000000000001,33.2,-6.9
3087,56623.0,False,92.2,33.4,-6.2
3088,56640.0,False,93.4,33.5,-5.6000000000000005
3089,56660.0,False,94.60000000000001,33.5,-5.300000000000001
3090,56688.0,False,95.80000000000001,33.7,-5.300000000000001
3091,56701.0,False,96.7,34.0,-5.1000000000000005
3092,56720.0,False,97.0,34.300000000000004,-4.9
3093,56742.0,False,98.0,35.0,-3.5
3094,56758.0,False,98.4,35.300000000000004,-2.9000000000000004
3095,56769.0,False,98.80000000000001,35.5,-2.4000000000000004
3096,56784.0,False,99.80000000000001,36.0,-1.6
3097,56801.0,False,100.30000000000001,36.2,-1.3
3098,56818.0,False,101.2,36.7,-0.8
3099,56834.0,False,102.2,37.2,-0.2
3100,56856.0,False,103.10000000000001,37.6,0.4
3101,56868.0,False,103.5,37.7,0.8
3102,56887.0,False,104.30000000000001,38.0,1.6
3103,56904.0,False,105.30000000000001,38.0,2.2
3104,56920.0,False,105.80000000000001,38.0,2.2
3105,56939.0,False,107.0,37.9,2.1
3106,56964.0,False,108.80000000000001,38.0,1.8
3107,56987.0,False,109.80000000000001,38.300000000000004,1.9000000000000001
3108,57008.0,False,111.0,38.6,2.1
3109,57018.0,False,111.7,38.6,2.2
3110,57034.0,False,113.10000000000001,38.7,2.3000000000000003
3111,57056.0,False,114.60000000000001,38.900000000000006,2.2
3112,57075.0,False,116.2,39.2,1.8
3113,57086.0,False,117.0,39.400000000000006,1.5
3114,57104.0,False,118.5,39.5,0.9
3115,57121.0,False,119.2,39.300000000000004,0.6000000000000001
3116,57141.0,False,120.5,38.7,0.0
3117,57161.0,False,121.7,37.7,-0.6000000000000001
3118,57173.0,False,122.2,37.1,-0.9
3119,57185.0,False,122.9,35.9,-1.5
3120,57203.0,False,123.0,35.5,-1.6
3121,57218.0,False,123.10000000000001,34.9,-1.2000000000000002
3122,57235.0,False,123.10000000000001,34.7,-0.8
3123,57256.0,False,123.10000000000001,34.4,0.4
3124,57268.0,False,123.10000000000001,34.4,1.1
3125,57285.0,False,123.4,34.6,2.3000000000000003
3126,57301.0,False,123.9,34.800000000000004,3.1
3127,57324.0,False,124.60000000000001,34.800000000000004,3.0
3128,57335.0,False,124.9,34.800000000000004,2.8000000000000003
3129,57354.0,False,125.30000000000001,34.800000000000004,2.3000000000000003
3130,57368.0,False,125.4,34.800000000000004,2.1
3131,57386.0,False,125.30000000000001,34.6,1.9000000000000001
3132,57408.0,False,125.10000000000001,34.300000000000004,2.2
3133,57435.0,False,124.80000000000001,33.9,2.7
3134,57457.0,False,124.2,33.0,3.6
3135,57468.0,False,124.0,32.7,3.8000000000000003
3136,57484.0,False,123.80000000000001,32.4,4.1000000000000005
3137,57501.0,False,123.4,31.900000000000002,4.6000000000000005
3138,57525.0,False,123.30000000000001,31.400000000000002,4.9
3139,57534.0,False,123.30000000000001,31.1,4.9
3140,57557.0,False,123.7,30.200000000000003,4.7
3141,57571.0,False,124.0,30.1,4.5
3142,57584.0,False,124.30000000000001,29.900000000000002,4.3
3143,57601.0,False,124.9,29.8,3.8000000000000003
3144,57620.0,False,125.60000000000001,29.8,3.2
3145,57634.0,False,125.9,29.8,3.0
3146,57657.0,False,127.0,30.0,2.5
3147,57667.0,False,127.30000000000001,30.1,2.5
3148,57686.0,False,127.60000000000001,30.200000000000003,2.4000000000000004
3149,57701.0,False,128.1,30.200000000000003,2.5
3150,57721.0,False,128.5,30.1,2.6
3151,57734.0,False,128.70000000000002,30.1,2.7
3152,57756.0,False,129.1,30.0,2.8000000000000003
3153,57769.0,False,129.70000000000002,30.1,2.5
3154,57784.0,False,130.0,30.1,2.2
3155,57803.0,False,130.5,30.3,1.8
3156,57818.0,False,130.8,30.400000000000002,1.7000000000000002
3157,57840.0,False,131.5,30.900000000000002,1.8
3158,57861.0,False,132.1,31.200000000000003,1.8
3159,57873.0,False,132.4,31.3,1.8
3160,57884.0,False,132.8,31.400000000000002,1.8
3161,57901.0,False,133.5,31.700000000000003,1.6
3162,57920.0,False,134.1,31.8,1.3
3163,57940.0,False,134.6,31.8,1.1
3164,57958.0,False,134.8,31.700000000000003,1.0
3165,57968.0,False,135.0,31.700000000000003,1.0
3166,57984.0,False,135.20000000000002,31.700000000000003,1.1
3167,58001.0,False,135.5,31.700000000000003,1.7000000000000002
3168,58018.0,False,135.6,31.6,1.9000000000000001
3169,58037.0,False,136.1,31.3,2.5
3170,58054.0,False,136.6,31.1,3.0
3171,58068.0,False,136.8,31.1,3.2
3172,58085.0,False,137.4,31.1,3.7
3173,58103.0,False,137.9,31.3,4.2
3174,58117.0,False,138.20000000000002,31.5,4.5
3175,58137.0,False,138.9,31.8,5.300000000000001
3176,58157.0,False,139.70000000000002,32.0,5.800000000000001
3177,58171.0,False,140.1,32.1,5.9
3178,58185.0,False,141.0,32.300000000000004,6.1000000000000005
3179,58201.0,False,141.4,32.4,6.0
3180,58220.0,False,142.3,32.5,5.9
3181,58234.0,False,143.1,32.7,5.9
3182,58260.0,False,143.70000000000002,33.1,5.9
3183,58270.0,False,144.0,33.300000000000004,5.9
3184,58285.0,False,144.5,33.6,6.1000000000000005
3185,58306.0,False,145.1,33.9,6.1000000000000005
3186,58317.0,False,145.5,34.0,6.0
3187,58336.0,False,146.20000000000002,34.2,5.5
3188,58354.0,False,147.1,34.300000000000004,4.7
3189,58371.0,False,147.5,34.300000000000004,4.3
3190,58387.0,False,148.0,34.0,3.4000000000000004
3191,58401.0,False,148.20000000000002,33.9,3.2
3192,58417.0,False,148.4,33.300000000000004,2.7
3193,58434.0,False,148.4,32.2,2.4000000000000004
3194,58461.0,False,148.5,30.700000000000003,1.9000000000000001
3195,58475.0,False,148.4,29.1,1.0
3196,58501.0,False,148.1,27.900000000000002,0.0
3197,58518.0,False,147.5,27.400000000000002,-0.6000000000000001
3198,58535.0,False,146.8,27.5,-0.30000000000000004
3199,58561.0,False,145.8,28.0,0.6000000000000001
3200,58569.0,False,145.3,28.400000000000002,1.3
3201,58584.0,False,144.9,28.8,1.9000000000000001
3202,58603.0,False,144.3,29.6,3.1
3203,58621.0,False,143.9,30.400000000000002,3.7
3204,58637.0,False,143.70000000000002,30.900000000000002,3.6
3205,58654.0,False,143.5,31.1,3.3000000000000003
3206,58670.0,False,143.4,31.200000000000003,3.0
3207,58689.0,False,142.5,31.400000000000002,1.9000000000000001
3208,58705.0,False,142.0,31.400000000000002,1.7000000000000002
3209,58718.0,False,140.9,31.400000000000002,1.5
3210,58735.0,False,140.3,31.3,1.5
3211,58753.0,False,139.20000000000002,31.1,1.7000000000000002
3212,58775.0,False,138.1,30.5,1.6
3213,58788.0,False,137.70000000000002,30.200000000000003,1.5
3214,58801.0,False,136.8,29.700000000000003,1.0
3215,58818.0,False,136.0,29.200000000000003,0.4
3216,58840.0,False,135.5,28.900000000000002,-0.30000000000000004
3217,58862.0,False,135.20000000000002,28.700000000000003,-1.1
3218,58873.0,False,135.20000000000002,28.700000000000003,-1.4000000000000001
3219,58888.0,False,135.3,28.8,-1.8
3220,58902.0,False,135.6,29.200000000000003,-2.5
3221,58918.0,False,135.9,29.5,-2.9000000000000004
3222,58934.0,False,136.6,30.0,-3.7
3223,58953.0,False,137.3,30.5,-4.4
3224,58974.0,False,138.0,30.8,-4.800000000000001
3225,58990.0,False,138.6,31.1,-4.7
3226,59001.0,False,139.0,31.200000000000003,-4.5
3227,59018.0,False,139.3,31.200000000000003,-4.3
3228,59034.0,False,140.1,31.0,-3.9000000000000004
3229,59056.0,False,140.9,30.400000000000002,-3.8000000000000003
3230,59074.0,False,141.70000000000002,29.5,-4.2
3231,59084.0,False,142.1,29.200000000000003,-4.4
3232,59104.0,False,142.70000000000002,28.700000000000003,-4.5
3233,59117.0,False,143.0,28.6,-4.3
3234,59138.0,False,143.70000000000002,28.5,-3.5
3235,59171.0,False,145.4,28.1,-1.6
3236,59184.0,False,145.9,28.0,-1.2000000000000002
3237,59201.0,False,147.0,27.8,-0.9
3238,59218.0,False,147.5,27.6,-0.9
3239,59236.0,False,148.5,27.400000000000002,-1.0
3240,59253.0,False,149.3,27.0,-1.1
3241,59268.0,False,149.6,26.900000000000002,-1.1
3242,59284.0,False,149.9,26.5,-0.6000000000000001
3243,59303.0,False,150.1,26.400000000000002,0.4
3244,59320.0,False,150.20000000000002,26.3,1.0
3245,59335.0,False,150.70000000000002,26.1,2.0
3246,59355.0,False,151.4,26.0,2.8000000000000003
3247,59368.0,False,151.9,26.0,3.1
3248,59384.0,False,152.8,26.0,3.4000000000000004
3249,59402.0,False,153.9,26.3,3.3000000000000003
3250,59426.0,False,155.10000000000002,26.8,2.9000000000000004
3251,59434.0,False,155.70000000000002,27.1,2.5
3252,59451.0,False,156.4,27.400000000000002,2.0
3253,59469.0,False,157.60000000000002,28.1,0.9
3254,59487.0,False,158.70000000000002,28.900000000000002,-0.2
3255,59501.0,False,159.10000000000002,29.400000000000002,-0.7000000000000001
3256,59523.0,False,160.20000000000002,31.0,-1.8
3257,59534.0,False,160.5,31.400000000000002,-2.0
3258,59559.0,False,160.9,32.300000000000004,-2.3000000000000003
3259,59570.0,False,161.0,32.7,-2.4000000000000004
3260,59585.0,False,161.20000000000002,33.2,-2.3000000000000003
3261,59601.0,False,161.4,33.4,-2.4000000000000004
3262,59617.0,False,161.70000000000002,33.300000000000004,-2.7
3263,59635.0,False,161.9,32.9,-3.4000000000000004
3264,59679.0,False,161.9,32.300000000000004,-4.2
3265,59687.0,False,161.9,32.2,-4.2
3266,59704.0,False,162.0,31.700000000000003,-4.3
3267,59718.0,False,162.10000000000002,31.3,-4.3
3268,59734.0,False,162.3,30.3,-4.1000000000000005
3269,59759.0,False,162.20000000000002,29.0,-3.4000000000000004
3270,59769.0,False,162.10000000000002,28.3,-3.0
3271,59790.0,False,161.9,27.1,-2.1
3272,59808.0,False,161.4,26.3,-1.5
3273,59822.0,False,161.0,26.3,-1.2000000000000002
3274,59834.0,False,160.60000000000002,26.400000000000002,-1.0
3275,59865.0,False,159.60000000000002,27.400000000000002,0.1
3276,59870.0,False,159.4,27.8,0.5
3277,59894.0,False,159.10000000000002,28.700000000000003,1.4000000000000001
3278,59901.0,False,159.10000000000002,29.200000000000003,1.8
3279,59919.0,False,159.20000000000002,29.8,2.3000000000000003
3280,59941.0,False,159.4,29.900000000000002,2.2
3281,59953.0,False,159.5,29.900000000000002,2.1
3282,59971.0,False,159.4,29.8,1.8
3283,60001.0,False,159.20000000000002,29.700000000000003,1.8
3284,60017.0,False,159.20000000000002,29.5,1.9000000000000001
3285,60065.0,False,159.60000000000002,29.5,1.9000000000000001
3286,60076.0,False,159.8,29.5,1.7000000000000002
3287,60084.0,False,160.10000000000002,29.5,1.4000000000000001
3288,60101.0,False,160.60000000000002,29.400000000000002,0.7000000000000001
3289,60117.0,False,160.9,29.400000000000002,0.4
3290,60293.0,False,169.5,32.2,-0.2
3291,60302.0,False,170.0,32.4,0.0
3292,60320.0,False,170.8,32.5,0.4
3293,60334.0,False,171.0,32.5,0.5
3294,60362.0,False,171.60000000000002,32.300000000000004,0.5
3295,60386.0,False,171.9,32.2,0.1
3296,60401.0,False,172.20000000000002,32.2,-0.4
3297,60417.0,False,172.4,32.300000000000004,-0.6000000000000001
3298,60437.0,False,172.70000000000002,32.6,-0.8
3299,60452.0,False,173.10000000000002,33.0,-0.6000000000000001
3300,60472.0,False,173.5,33.2,-0.2
3301,60485.0,False,173.9,33.300000000000004,0.1
3302,60504.0,False,174.5,33.4,0.4
3303,60517.0,False,174.9,33.4,0.4
3304,60537.0,False,175.70000000000002,33.300000000000004,0.1
3305,60576.0,False,177.0,32.800000000000004,-0.9
3306,60587.0,False,177.20000000000002,32.7,-0.9
3307,60602.0,False,177.60000000000002,32.6,-0.5
3308,60617.0,False,177.8,32.5,-0.2
3309,60637.0,False,178.4,32.300000000000004,0.4
3310,60653.0,False,179.20000000000002,31.900000000000002,0.9
3311,60669.0,False,179.60000000000002,31.700000000000003,1.1
3312,60684.0,False,180.10000000000002,31.5,1.2000000000000002
3313,60718.0,False,181.70000000000002,31.0,1.7000000000000002
3314,60734.0,False,182.60000000000002,30.8,1.8
3315,60755.0,False,183.5,30.5,1.8
3316,60770.0,False,183.9,30.3,1.8
3317,60784.0,False,184.8,30.200000000000003,1.6
3318,60801.0,False,185.20000000000002,30.200000000000003,1.6
3319,60817.0,False,185.9,30.400000000000002,1.5
3320,60836.0,False,186.60000000000002,30.6,1.6
3321,60857.0,False,187.3,30.700000000000003,1.7000000000000002
3322,60868.0,False,187.60000000000002,30.700000000000003,1.7000000000000002
3323,60887.0,False,188.3,30.6,1.7000000000000002
3324,60901.0,False,188.60000000000002,30.6,1.7000000000000002
3325,60918.0,False,189.20000000000002,30.5,1.6
3326,60938.0,False,189.8,30.3,1.4000000000000001
3327,60964.0,False,190.3,29.900000000000002,1.2000000000000002
3328,60972.0,False,190.60000000000002,29.700000000000003,1.1
3329,60988.0,False,191.10000000000002,29.1,1.0
3330,61001.0,False,191.4,28.8,1.0
3331,61018.0,False,191.8,28.200000000000003,1.1
3332,61035.0,False,192.3,28.1,1.5
3333,61058.0,False,192.70000000000002,28.5,2.0
3334,61070.0,False,193.0,28.900000000000002,2.3000000000000003
3335,61088.0,False,193.70000000000002,30.0,2.7
3336,61101.0,False,194.10000000000002,30.700000000000003,2.7
3337,61117.0,False,195.0,32.1,2.6
3338,61138.0,False,195.60000000000002,33.4,2.3000000000000003
3339,61160.0,False,196.20000000000002,34.4,2.0
3340,61176.0,False,196.5,34.9,1.8
3341,61201.0,False,196.60000000000002,35.1,1.7000000000000002
3342,61218.0,False,196.5,34.9,2.0
3343,61238.0,False,196.20000000000002,34.6,2.6
3344,61257.0,False,195.9,34.2,3.3000000000000003
3345,61273.0,False,195.8,34.1,3.7
3346,61284.0,False,195.70000000000002,33.9,4.0
3347,61301.0,False,195.60000000000002,33.4,4.5
3348,61319.0,False,195.70000000000002,33.0,4.6000000000000005
3349,61341.0,False,195.9,32.5,4.4
3350,61362.0,False,196.20000000000002,32.300000000000004,3.9000000000000004
3351,61369.0,False,196.4,32.2,3.6
3352,61385.0,False,196.60000000000002,32.1,3.3000000000000003
3353,61402.0,False,197.20000000000002,31.900000000000002,2.8000000000000003
3354,61428.0,False,198.20000000000002,31.400000000000002,2.2
3355,61457.0,False,199.0,31.1,2.0
3356,61467.0,False,199.3,31.0,1.9000000000000001
3357,61484.0,False,200.0,30.900000000000002,1.8
3358,61501.0,False,200.60000000000002,30.900000000000002,1.9000000000000001
3359,61518.0,False,200.9,30.900000000000002,2.0
3360,61541.0,False,201.8,31.0,2.6
3361,61552.0,False,202.10000000000002,31.1,2.9000000000000004
3362,61568.0,False,202.4,31.3,3.1
3363,61584.0,False,202.9,31.900000000000002,3.6
3364,61601.0,False,203.4,32.7,4.1000000000000005
3365,61617.0,False,203.60000000000002,33.1,4.4
3366,61634.0,False,204.20000000000002,33.6,4.6000000000000005
3367,61658.0,False,204.70000000000002,33.6,4.3
3368,61668.0,False,205.0,33.6,3.8000000000000003
3369,61689.0,False,204.9,33.5,2.9000000000000004
3370,61701.0,False,204.10000000000002,33.800000000000004,2.5
3371,61718.0,False,203.70000000000002,34.1,2.6
3372,61737.0,False,203.0,34.5,3.2
3373,61752.0,False,202.60000000000002,34.6,3.9000000000000004
3374,61767.0,False,202.60000000000002,34.5,4.2
3375,61784.0,False,202.60000000000002,34.5,4.5
3376,61808.0,False,202.70000000000002,34.6,4.5
3377,61817.0,False,202.8,34.800000000000004,4.4
3378,61838.0,False,203.10000000000002,35.1,4.0
3379,61860.0,False,203.4,35.2,3.4000000000000004
3380,61875.0,False,203.60000000000002,35.2,3.0
3381,61885.0,False,203.70000000000002,35.0,2.9000000000000004
3382,61901.0,False,203.8,34.9,2.9000000000000004
3383,61917.0,False,204.0,34.4,2.8000000000000003
3384,61935.0,False,204.20000000000002,33.9,2.8000000000000003
3385,61952.0,False,204.3,33.6,2.7
3386,61968.0,False,204.60000000000002,33.2,2.6
3387,61984.0,False,205.10000000000002,32.800000000000004,2.6
3388,62003.0,False,205.60000000000002,32.4,2.6
3389,62017.0,False,205.8,32.2,2.7
3390,62036.0,False,206.4,31.700000000000003,2.8000000000000003
3391,62058.0,False,206.8,31.0,2.9000000000000004
3392,62068.0,False,207.0,30.6,2.8000000000000003
3393,62085.0,False,207.3,29.900000000000002,2.5
3394,62101.0,False,207.4,29.6,2.4000000000000004
3395,62121.0,False,207.4,29.3,2.3000000000000003
3396,62137.0,False,207.4,29.1,2.6
3397,62155.0,False,207.5,29.0,2.8000000000000003
3398,62169.0,False,207.70000000000002,29.1,3.3000000000000003
3399,62187.0,False,208.0,29.3,3.7
3400,62201.0,False,208.20000000000002,29.400000000000002,4.0
3401,62217.0,False,208.60000000000002,29.700000000000003,4.4
3402,62238.0,False,209.10000000000002,29.900000000000002,4.7
3403,62257.0,False,209.8,29.8,4.800000000000001
3404,62276.0,False,210.60000000000002,29.6,4.6000000000000005
3405,62304.0,False,211.5,29.3,4.2
3406,62318.0,False,212.4,29.1,3.7
3407,62334.0,False,212.9,29.1,3.5
3408,62356.0,False,214.3,28.700000000000003,2.6
3409,62368.0,False,214.70000000000002,28.400000000000002,2.3000000000000003
3410,62391.0,False,215.5,27.900000000000002,1.8
3411,62401.0,False,215.9,27.5,1.7000000000000002
3412,62423.0,False,216.5,26.5,1.7000000000000002
3413,62435.0,False,216.70000000000002,26.0,1.8
3414,62452.0,False,217.20000000000002,24.900000000000002,2.1
3415,62468.0,False,217.5,24.3,2.6
3416,62486.0,False,217.60000000000002,24.200000000000003,3.0
3417,62503.0,False,217.9,24.5,4.0
3418,62522.0,False,218.20000000000002,25.400000000000002,5.1000000000000005
3419,62534.0,False,218.4,26.0,5.6000000000000005
3420,62569.0,False,219.60000000000002,29.1,6.5
3421,62584.0,False,219.9,29.900000000000002,6.5
3422,62601.0,False,220.5,31.200000000000003,6.2
3423,62618.0,False,220.8,32.2,5.800000000000001
3424,62637.0,False,220.9,32.5,5.7
3425,62654.0,False,220.9,32.7,5.6000000000000005
3426,62673.0,False,220.8,32.6,5.7
3427,62684.0,False,220.8,32.6,5.9
3428,62706.0,False,221.0,32.5,6.1000000000000005
3429,62719.0,False,221.20000000000002,32.4,6.0
3430,62736.0,False,221.3,32.300000000000004,5.800000000000001
3431,62771.0,False,221.60000000000002,31.8,5.2
3432,62784.0,False,221.9,31.400000000000002,4.7
3433,62801.0,False,222.3,30.900000000000002,4.2
3434,62817.0,False,222.5,30.700000000000003,4.0
3435,62835.0,False,223.20000000000002,30.400000000000002,3.5
3436,62875.0,False,224.5,30.6,2.4000000000000004
3437,62886.0,False,224.8,30.700000000000003,2.0
3438,62902.0,False,225.5,31.0,1.2000000000000002
3439,62926.0,False,226.10000000000002,31.3,0.5
3440,62937.0,False,226.4,31.400000000000002,0.2
3441,62957.0,False,226.9,31.700000000000003,-0.1
3442,62984.0,False,227.20000000000002,31.900000000000002,0.1
3443,63001.0,False,227.3,31.900000000000002,0.4
3444,63018.0,False,227.60000000000002,31.900000000000002,0.9
3445,63034.0,False,228.0,31.900000000000002,1.3
3446,63057.0,False,228.4,32.0,1.5
3447,63068.0,False,228.60000000000002,32.0,1.6
3448,63085.0,False,228.8,32.1,1.6
3449,63101.0,False,229.0,32.2,1.7000000000000002
3450,63117.0,False,229.20000000000002,32.4,2.0
3451,63138.0,False,229.60000000000002,32.5,2.6
3452,63159.0,False,230.0,32.5,3.1
3453,63167.0,False,230.3,32.5,3.3000000000000003
3454,63185.0,False,231.10000000000002,32.6,3.7
3455,63201.0,False,231.5,32.6,3.7
3456,63218.0,False,232.5,32.7,3.6
3457,63237.0,False,233.60000000000002,32.5,3.1
3458,63255.0,False,234.70000000000002,32.300000000000004,2.7
3459,63290.0,False,235.9,32.1,2.8000000000000003
3460,63305.0,False,236.60000000000002,32.2,3.3000000000000003
3461,63318.0,False,237.10000000000002,32.300000000000004,3.6
3462,63336.0,False,238.3,32.7,3.9000000000000004
3463,63365.0,False,239.70000000000002,33.300000000000004,3.9000000000000004
3464,63384.0,False,241.8,34.2,3.5
3465,63401.0,False,242.5,34.4,3.2
3466,63418.0,False,243.70000000000002,34.9,2.5
3467,63436.0,False,244.70000000000002,35.4,2.1
3468,63453.0,False,245.20000000000002,35.6,1.9000000000000001
3469,63471.0,False,246.0,36.2,1.6
3470,63484.0,False,246.3,36.5,1.5
3471,63501.0,False,246.9,37.1,1.4000000000000001
3472,63520.0,False,247.4,37.6,1.4000000000000001
3473,63539.0,False,247.70000000000002,38.1,1.5
3474,63556.0,False,247.8,38.2,1.6
3475,63577.0,False,248.0,38.400000000000006,2.2
3476,63588.0,False,248.0,38.400000000000006,2.4000000000000004
3477,63601.0,False,248.10000000000002,38.2,2.5
3478,63622.0,False,248.20000000000002,37.9,2.5
3479,63639.0,False,248.3,37.6,2.5
3480,63659.0,False,248.4,37.300000000000004,2.6
3481,63668.0,False,248.5,37.2,2.7
3482,63684.0,False,248.70000000000002,37.1,2.6
3483,63701.0,False,249.5,36.6,2.3000000000000003
3484,63718.0,False,250.3,35.800000000000004,1.6
3485,63734.0,False,250.8,35.300000000000004,1.1
3486,63754.0,False,251.60000000000002,34.2,0.0
3487,63774.0,False,252.10000000000002,33.4,-0.8
3488,63785.0,False,252.20000000000002,33.2,-1.0
3489,63803.0,False,252.3,33.1,-0.9
3490,63822.0,False,252.3,33.5,-0.4
3491,63836.0,False,252.3,33.7,-0.1
3492,63855.0,False,252.4,34.2,0.6000000000000001
3493,63868.0,False,252.4,34.800000000000004,1.3
3494,63890.0,False,252.4,35.2,1.8
3495,63902.0,False,252.4,35.300000000000004,2.0
3496,63918.0,False,252.3,35.2,1.9000000000000001
3497,63934.0,False,252.20000000000002,35.0,1.8
3498,63959.0,False,251.70000000000002,34.4,1.6
3499,63970.0,False,251.4,34.1,1.6
3500,63987.0,False,251.10000000000002,33.9,1.7000000000000002
3501,64006.0,False,250.5,33.5,2.1
3502,64024.0,False,249.9,33.300000000000004,2.6
3503,64034.0,False,249.70000000000002,33.1,2.8000000000000003
3504,64063.0,False,249.20000000000002,32.6,3.0
3505,64084.0,False,249.0,32.1,3.0
3506,64103.0,False,248.8,31.6,2.9000000000000004
3507,64124.0,False,248.9,31.3,2.7
3508,64135.0,False,249.10000000000002,31.200000000000003,2.6
3509,64153.0,False,249.5,31.200000000000003,2.3000000000000003
3510,64170.0,False,250.20000000000002,31.3,1.8
3511,64184.0,False,250.5,31.400000000000002,1.5
3512,64202.0,False,251.3,31.700000000000003,0.8
3513,64218.0,False,251.60000000000002,31.900000000000002,0.5
3514,64234.0,False,252.3,32.1,-0.1
3515,64253.0,False,252.9,32.1,-0.4
3516,64274.0,False,253.20000000000002,32.0,-0.5
3517,64286.0,False,253.5,31.900000000000002,-0.4
3518,64301.0,False,253.60000000000002,31.900000000000002,-0.2
3519,64317.0,False,254.0,31.900000000000002,0.2
3520,64335.0,False,254.4,31.900000000000002,0.5
3521,64367.0,False,254.9,31.8,1.0
3522,64387.0,False,255.3,31.6,1.3
3523,64414.0,False,255.8,31.0,1.5
3524,64434.0,False,255.9,30.5,1.8
3525,64456.0,False,255.9,30.200000000000003,2.5
3526,64473.0,False,256.2,30.0,3.3000000000000003
3527,64484.0,False,256.5,29.900000000000002,3.6
3528,64501.0,False,256.8,30.0,3.8000000000000003
3529,64517.0,False,257.8,30.200000000000003,3.8000000000000003
3530,64534.0,False,258.40000000000003,30.400000000000002,3.6
3531,64553.0,False,259.7,30.700000000000003,2.9000000000000004
3532,64569.0,False,261.1,30.8,1.9000000000000001
3533,64587.0,False,262.2,30.700000000000003,1.1
3534,64600.0,False,262.7,30.700000000000003,0.8
3535,64617.0,False,263.40000000000003,30.700000000000003,1.0
3536,64635.0,False,264.0,30.900000000000002,1.7000000000000002
3537,64663.0,False,264.90000000000003,30.900000000000002,2.5
3538,64673.0,False,265.40000000000003,31.0,2.9000000000000004
3539,64686.0,False,266.40000000000003,31.0,3.4000000000000004
3540,64701.0,False,267.0,31.0,3.5
3541,64719.0,False,268.1,31.0,3.5
3542,64734.0,False,268.6,31.0,3.3000000000000003
3543,64750.0,False,269.5,30.8,2.8000000000000003
3544,64772.0,False,270.3,30.6,2.2
3545,64789.0,False,271.1,30.6,1.6
3546,64802.0,False,271.6,30.700000000000003,1.3
3547,64817.0,False,272.5,30.900000000000002,0.7000000000000001
3548,64835.0,False,272.90000000000003,31.0,0.4
3549,64853.0,False,273.6,31.3,-0.2
3550,64871.0,False,274.2,31.6,-0.4
3551,64884.0,False,274.3,31.8,-0.4
3552,64901.0,False,274.7,32.1,-0.30000000000000004
3553,64917.0,False,275.0,32.2,-0.30000000000000004
3554,64934.0,False,275.2,32.2,-0.4
3555,64955.0,False,275.3,32.2,-0.7000000000000001
3556,64972.0,False,275.40000000000003,32.300000000000004,-1.1
3557,64990.0,False,275.6,32.4,-1.4000000000000001
3558,65001.0,False,275.8,32.4,-1.6
3559,65019.0,False,276.0,32.2,-1.9000000000000001
3560,65034.0,False,276.1,32.0,-2.1
3561,65051.0,False,276.2,31.3,-2.7
3562,65071.0,False,276.3,30.3,-3.4000000000000004
3563,65084.0,False,276.3,29.8,-3.8000000000000003
3564,65100.0,False,276.1,29.200000000000003,-4.4
3565,65121.0,False,275.6,29.1,-4.5
3566,65142.0,False,275.2,29.6,-4.3
3567,65161.0,False,274.8,30.200000000000003,-4.1000000000000005
3568,65170.0,False,274.6,30.6,-4.0
3569,65184.0,False,274.40000000000003,31.0,-3.8000000000000003
3570,65200.0,False,273.90000000000003,31.700000000000003,-3.5
3571,65219.0,False,273.1,32.2,-3.2
3572,65235.0,False,272.7,32.300000000000004,-3.1
3573,65255.0,False,271.6,32.2,-2.7
3574,65275.0,False,270.3,31.900000000000002,-2.2
3575,65288.0,False,269.6,31.700000000000003,-1.9000000000000001
3576,65304.0,False,268.40000000000003,31.400000000000002,-1.4000000000000001
3577,65323.0,False,267.3,31.3,-0.9
3578,65341.0,False,266.3,31.3,-0.6000000000000001
3579,65359.0,False,265.8,31.200000000000003,-0.6000000000000001
3580,65368.0,False,265.3,31.200000000000003,-0.6000000000000001
3581,65388.0,False,264.3,30.900000000000002,-0.6000000000000001
3582,65403.0,False,263.90000000000003,30.700000000000003,-0.7000000000000001
3583,65417.0,False,263.0,30.400000000000002,-0.8
3584,65435.0,False,262.2,30.0,-1.0
3585,65478.0,False,261.0,30.1,-1.3
3586,65484.0,False,260.8,30.400000000000002,-1.3
3587,65501.0,False,260.8,30.700000000000003,-1.3
3588,65522.0,False,260.8,31.400000000000002,-1.5
3589,65534.0,False,260.90000000000003,32.1,-1.8
3590,65556.0,False,261.0,32.9,-2.0
3591,65569.0,False,261.0,33.300000000000004,-2.0
3592,65584.0,False,261.0,33.9,-2.0
3593,65601.0,False,261.0,34.2,-1.8
3594,65617.0,False,261.0,34.6,-1.4000000000000001
3595,65636.0,False,260.90000000000003,34.9,-0.8
3596,65658.0,False,260.90000000000003,35.2,-0.2
3597,65672.0,False,260.90000000000003,35.300000000000004,0.0
3598,65685.0,False,261.0,35.5,0.5
3599,65703.0,False,261.0,35.5,0.7000000000000001
3600,65719.0,False,261.0,35.1,1.1
3601,65740.0,False,260.8,34.300000000000004,1.7000000000000002
3602,65773.0,False,260.40000000000003,33.6,3.3000000000000003
3603,65784.0,False,260.6,33.5,4.1000000000000005
3604,65804.0,False,261.0,33.5,4.7
3605,65820.0,False,261.3,33.6,4.9
3606,65834.0,False,262.0,33.7,5.2
3607,65851.0,False,262.5,33.800000000000004,5.2
3608,65867.0,False,263.6,33.800000000000004,4.9
3609,65884.0,False,264.1,33.7,4.7
3610,65900.0,False,265.2,33.5,4.3
3611,65917.0,False,266.1,33.2,4.1000000000000005
3612,65937.0,False,267.1,33.2,4.3
3613,65956.0,False,268.3,33.300000000000004,4.5
3614,65969.0,False,269.0,33.300000000000004,4.5
3615,65988.0,False,270.40000000000003,33.5,4.4
3616,66004.0,False,271.2,33.6,4.3
3617,66018.0,False,272.6,33.800000000000004,3.9000000000000004
3618,66035.0,False,273.90000000000003,34.1,3.2
3619,66051.0,False,274.5,34.300000000000004,2.8000000000000003
3620,66068.0,False,275.6,34.5,2.0
3621,66084.0,False,276.0,34.6,1.6
3622,66101.0,False,276.7,34.800000000000004,1.2000000000000002
3623,66122.0,False,277.0,35.0,1.0
3624,66139.0,False,277.2,35.300000000000004,1.0
3625,66161.0,False,277.3,35.5,0.9
3626,66170.0,False,277.3,35.6,0.9
3627,66184.0,False,277.2,35.800000000000004,0.9
3628,66201.0,False,276.90000000000003,36.1,1.1
3629,66219.0,False,276.5,36.300000000000004,1.4000000000000001
3630,66235.0,False,276.3,36.4,1.6
3631,66252.0,False,276.0,36.300000000000004,1.9000000000000001
3632,66274.0,False,275.7,35.800000000000004,2.0
3633,66284.0,False,275.5,35.5,2.1
3634,66301.0,False,275.2,34.6,2.4000000000000004
3635,66324.0,False,275.0,33.5,2.6
3636,66338.0,False,275.1,32.1,2.7
3637,66351.0,False,275.1,31.3,2.6
3638,66369.0,False,275.2,30.700000000000003,2.6
3639,66384.0,False,275.5,29.8,2.7
3640,66405.0,False,276.1,29.6,2.8000000000000003
3641,66426.0,False,277.0,29.900000000000002,2.5
3642,66438.0,False,277.5,30.200000000000003,2.3000000000000003
3643,66457.0,False,278.6,30.700000000000003,2.0
3644,66471.0,False,279.6,31.200000000000003,1.6
3645,66484.0,False,280.1,31.3,1.5
3646,66501.0,False,280.90000000000003,31.400000000000002,1.1
3647,66518.0,False,281.3,31.3,1.0
3648,66538.0,False,282.0,31.0,0.6000000000000001
3649,66562.0,False,282.8,30.700000000000003,0.0
3650,66587.0,False,283.40000000000003,30.5,-0.30000000000000004
3651,66600.0,False,283.6,30.400000000000002,-0.4
3652,66621.0,False,284.2,29.900000000000002,-0.7000000000000001
3653,66635.0,False,284.3,29.6,-0.8
3654,66653.0,False,284.40000000000003,28.900000000000002,-0.8
3655,66673.0,False,284.5,28.0,-0.6000000000000001
3656,66684.0,False,284.6,27.6,-0.5
3657,66702.0,False,284.8,26.900000000000002,-0.2
3658,66717.0,False,284.90000000000003,26.700000000000003,-0.1
3659,66734.0,False,285.6,26.3,0.1
3660,66757.0,False,286.40000000000003,26.200000000000003,0.0
3661,66767.0,False,286.90000000000003,26.200000000000003,-0.1
3662,66784.0,False,288.0,26.5,-0.5
3663,66801.0,False,288.6,26.700000000000003,-0.7000000000000001
3664,66821.0,False,289.90000000000003,27.200000000000003,-1.0
3665,66837.0,False,291.1,27.700000000000003,-1.1
3666,66859.0,False,292.2,28.200000000000003,-0.9
3667,66870.0,False,292.8,28.5,-0.8
3668,66887.0,False,293.90000000000003,29.0,-0.6000000000000001
3669,66903.0,False,295.0,29.5,-0.4
3670,66917.0,False,295.5,29.8,-0.2
3671,66936.0,False,296.40000000000003,30.200000000000003,0.0
3672,66966.0,False,297.5,30.5,0.1
3673,66985.0,False,298.0,30.6,0.1
3674,67008.0,False,298.3,30.900000000000002,0.4
3675,67017.0,False,298.40000000000003,31.0,0.7000000000000001
3676,67038.0,False,298.7,31.200000000000003,1.5
3677,67051.0,False,298.90000000000003,31.3,1.9000000000000001
3678,67072.0,False,299.40000000000003,31.200000000000003,2.7
3679,67086.0,False,300.1,31.3,3.2
3680,67101.0,False,300.5,31.400000000000002,3.3000000000000003
3681,67119.0,False,301.40000000000003,31.400000000000002,3.2
3682,67136.0,False,302.3,31.200000000000003,2.7
3683,67151.0,False,302.8,31.200000000000003,2.5
3684,67172.0,False,303.6,31.0,2.3000000000000003
3685,67188.0,False,304.0,31.0,2.4000000000000004
3686,67200.0,False,304.8,31.0,2.9000000000000004
3687,67220.0,False,305.6,31.1,3.5
3688,67234.0,False,306.1,31.200000000000003,3.8000000000000003
3689,67250.0,False,307.3,31.200000000000003,4.2
3690,67268.0,False,308.40000000000003,31.0,4.4
3691,67284.0,False,309.0,30.900000000000002,4.4
3692,67301.0,False,309.90000000000003,30.700000000000003,4.1000000000000005
3693,67320.0,False,310.70000000000005,30.5,3.7
3694,67339.0,False,311.5,30.400000000000002,3.1
3695,67359.0,False,312.20000000000005,30.400000000000002,2.4000000000000004
3696,67388.0,False,312.70000000000005,30.5,1.8
3697,67405.0,False,313.1,30.6,1.4000000000000001
3698,67423.0,False,313.3,30.700000000000003,1.1
3699,67434.0,False,313.3,30.8,1.2000000000000002
3700,67451.0,False,313.20000000000005,30.900000000000002,1.5
3701,67472.0,False,313.1,31.0,2.1
3702,67484.0,False,313.1,30.900000000000002,2.3000000000000003
3703,67501.0,False,313.1,30.8,2.4000000000000004
3704,67517.0,False,313.1,30.700000000000003,2.3000000000000003
3705,67534.0,False,313.0,30.400000000000002,2.0
3706,67552.0,False,312.8,30.3,1.7000000000000002
3707,67567.0,False,312.70000000000005,30.200000000000003,1.6
3708,67584.0,False,312.6,30.1,1.6
3709,67605.0,False,312.6,29.700000000000003,1.6
3710,67621.0,False,312.8,29.1,1.4000000000000001
3711,67636.0,False,313.0,28.8,1.2000000000000002
3712,67654.0,False,313.40000000000003,28.200000000000003,0.7000000000000001
3713,67675.0,False,313.6,27.8,0.1
3714,67689.0,False,313.70000000000005,27.8,-0.1
3715,67704.0,False,313.70000000000005,27.900000000000002,-0.1
3716,67717.0,False,313.70000000000005,28.0,0.0
3717,67737.0,False,313.8,28.3,0.2
3718,67755.0,False,313.90000000000003,28.400000000000002,0.2
3719,67773.0,False,314.0,28.400000000000002,0.1
3720,67805.0,False,313.70000000000005,28.0,0.0
3721,67822.0,False,313.6,27.8,0.0
3722,67836.0,False,313.20000000000005,27.3,0.2
3723,67855.0,False,312.8,27.0,0.5
3724,67878.0,False,312.5,26.900000000000002,0.8
3725,67884.0,False,312.40000000000003,26.900000000000002,1.0
3726,67901.0,False,312.40000000000003,26.900000000000002,1.1
3727,67917.0,False,312.3,27.1,1.1
3728,67935.0,False,312.40000000000003,27.3,0.8
3729,67960.0,False,312.5,27.3,0.4
3730,67967.0,False,312.5,27.3,0.1
3731,67984.0,False,312.3,27.1,-0.2
3732,68002.0,False,312.1,26.8,-0.4
3733,68017.0,False,312.0,26.700000000000003,-0.4
3734,68034.0,False,312.0,26.5,-0.2
3735,68055.0,False,312.1,26.6,-0.1
3736,68072.0,False,312.5,26.900000000000002,-0.2
3737,68085.0,False,312.8,27.200000000000003,-0.4
3738,68100.0,False,313.1,27.5,-0.7000000000000001
3739,68117.0,False,313.70000000000005,28.1,-1.2000000000000002
3740,68136.0,False,314.40000000000003,28.8,-1.5
3741,68161.0,False,314.90000000000003,29.5,-1.4000000000000001
3742,68167.0,False,315.20000000000005,29.8,-1.2000000000000002
3743,68185.0,False,315.6,30.400000000000002,-0.7000000000000001
3744,68200.0,False,315.90000000000003,30.6,-0.4
3745,68217.0,False,316.20000000000005,30.8,0.0
3746,68236.0,False,316.5,30.900000000000002,0.4
3747,68255.0,False,316.8,30.8,0.30000000000000004
3748,68269.0,False,317.0,30.700000000000003,0.1
3749,68284.0,False,317.0,30.700000000000003,0.0
3750,68301.0,False,316.90000000000003,30.900000000000002,0.1
3751,68317.0,False,316.8,31.700000000000003,0.9
3752,68338.0,False,317.1,32.4,1.7000000000000002
3753,68355.0,False,317.40000000000003,32.5,1.9000000000000001
3754,68368.0,False,318.20000000000005,32.5,2.0
3755,68384.0,False,318.6,32.300000000000004,1.8
3756,68400.0,False,319.3,32.2,1.6
3757,68417.0,False,319.8,32.4,2.1
3758,68436.0,False,320.3,32.7,3.1
3759,68459.0,False,320.8,32.9,3.9000000000000004
3760,68469.0,False,321.0,32.9,4.1000000000000005
3761,68484.0,False,321.3,32.9,4.1000000000000005
3762,68502.0,False,322.0,32.9,3.8000000000000003
3763,68517.0,False,322.8,33.300000000000004,3.0
3764,68535.0,False,323.20000000000005,33.6,2.5
3765,68553.0,False,324.3,34.7,1.5
3766,68568.0,False,325.3,35.9,0.6000000000000001
3767,68584.0,False,325.8,36.4,0.2
3768,68600.0,False,326.40000000000003,37.2,-0.4
3769,68618.0,False,326.70000000000005,37.5,-0.6000000000000001
3770,68639.0,False,326.8,37.6,-0.6000000000000001
3771,68659.0,False,326.8,37.6,-0.5
3772,68669.0,False,326.6,37.7,-0.30000000000000004
3773,68685.0,False,326.40000000000003,37.800000000000004,-0.1
3774,68703.0,False,325.90000000000003,38.1,0.2
3775,68718.0,False,325.6,38.2,0.2
3776,68743.0,False,324.6,38.0,0.2
3777,68753.0,False,324.20000000000005,37.800000000000004,0.2
3778,68774.0,False,323.20000000000005,37.5,0.30000000000000004
3779,68788.0,False,322.70000000000005,37.4,0.4
3780,68804.0,False,321.70000000000005,37.0,0.7000000000000001
3781,68819.0,False,321.20000000000005,36.7,0.9
3782,68837.0,False,320.3,36.0,1.0
3783,68854.0,False,319.40000000000003,35.2,0.9
3784,68870.0,False,318.6,34.5,0.9
3785,68884.0,False,318.20000000000005,34.2,0.8
3786,68902.0,False,317.5,33.9,0.7000000000000001
3787,68917.0,False,317.20000000000005,33.800000000000004,0.7000000000000001
3788,68937.0,False,316.70000000000005,33.800000000000004,0.7000000000000001
3789,68955.0,False,316.40000000000003,34.0,0.7000000000000001
3790,68971.0,False,316.1,34.1,0.6000000000000001
3791,68986.0,False,316.0,34.1,0.7000000000000001
3792,69002.0,False,315.70000000000005,33.9,1.0
3793,69017.0,False,315.5,33.7,1.3
3794,69040.0,False,315.40000000000003,33.0,1.8
3795,69053.0,False,315.5,32.800000000000004,1.9000000000000001
3796,69070.0,False,315.90000000000003,32.6,1.9000000000000001
3797,69084.0,False,316.20000000000005,32.5,1.8
3798,69101.0,False,316.6,32.6,1.7000000000000002
3799,69117.0,False,317.40000000000003,32.800000000000004,1.6
3800,69137.0,False,318.5,33.1,1.2000000000000002
3801,69171.0,False,320.1,33.6,0.5
3802,69184.0,False,321.0,34.0,0.5
3803,69200.0,False,321.40000000000003,34.1,0.5
3804,69217.0,False,322.0,34.2,0.8
3805,69234.0,False,322.6,34.1,1.1
3806,69255.0,False,323.20000000000005,33.9,1.3
3807,69267.0,False,323.5,33.800000000000004,1.4000000000000001
3808,69284.0,False,324.20000000000005,33.6,1.5
3809,69300.0,False,324.5,33.6,1.7000000000000002
3810,69317.0,False,325.5,33.9,2.1
3811,69337.0,False,326.70000000000005,34.300000000000004,2.2
3812,69367.0,False,328.8,35.0,2.2
3813,69384.0,False,329.5,35.2,2.2
3814,69408.0,False,331.70000000000005,35.9,2.4000000000000004
3815,69421.0,False,332.40000000000003,36.2,2.5
3816,69434.0,False,333.1,36.5,2.7
3817,69454.0,False,334.6,36.7,3.1
3818,69469.0,False,336.0,36.6,3.4000000000000004
3819,69485.0,False,337.3,36.1,3.5
3820,69500.0,False,337.8,35.9,3.6
3821,69518.0,False,338.90000000000003,35.6,3.9000000000000004
3822,69537.0,False,339.40000000000003,35.5,4.2
3823,69573.0,False,341.90000000000003,35.2,5.7
3824,69584.0,False,342.6,35.0,6.1000000000000005
3825,69601.0,False,344.20000000000005,34.5,6.5
3826,69621.0,False,346.0,33.9,6.4
3827,69642.0,False,348.0,33.2,5.7
3828,69659.0,False,350.0,32.800000000000004,5.0
3829,69674.0,False,350.90000000000003,32.6,4.800000000000001
3830,69684.0,False,351.8,32.5,4.6000000000000005
3831,69702.0,False,353.6,32.300000000000004,4.4
3832,69717.0,False,355.5,32.1,4.3
3833,69736.0,False,356.5,32.0,4.2
3834,69757.0,False,359.6,32.1,3.7
3835,69770.0,False,0.6000000000000001,32.2,3.5
3836,69787.0,False,2.6,32.5,3.0
3837,69800.0,False,3.6,32.7,2.7
3838,69819.0,False,5.5,33.1,2.2
3839,69839.0,False,7.300000000000001,33.4,1.6
3840,69855.0,False,8.1,33.6,1.3
3841,69871.0,False,9.600000000000001,34.1,0.9
3842,69884.0,False,10.3,34.4,0.7000000000000001
3843,69903.0,False,11.600000000000001,34.9,0.30000000000000004
3844,69919.0,False,12.700000000000001,35.4,-0.1
3845,69939.0,False,13.200000000000001,35.5,-0.30000000000000004
3846,69953.0,False,13.9,35.6,-0.6000000000000001
3847,69975.0,False,14.100000000000001,35.6,-0.7000000000000001
3848,70001.0,False,14.100000000000001,35.5,-0.2
3849,70018.0,False,14.100000000000001,35.300000000000004,0.2
3850,70036.0,False,14.100000000000001,35.2,0.4
3851,70070.0,False,14.3,34.2,0.8
3852,70084.0,False,14.4,34.0,0.9
3853,70101.0,False,14.5,33.300000000000004,1.1
3854,70118.0,False,14.600000000000001,32.9,1.2000000000000002
3855,70137.0,False,14.8,31.8,1.1
3856,70155.0,False,15.0,30.700000000000003,0.9
3857,70176.0,False,14.9,29.900000000000002,1.3
3858,70189.0,False,14.9,29.400000000000002,2.1
3859,70201.0,False,15.100000000000001,29.3,2.5
3860,70217.0,False,15.5,29.400000000000002,2.9000000000000004
3861,70244.0,False,17.2,30.1,3.2
3862,70255.0,False,17.900000000000002,30.6,3.1
3863,70274.0,False,19.3,31.6,2.4000000000000004
3864,70295.0,False,20.6,32.6,1.5
3865,70301.0,False,21.200000000000003,33.1,1.0
3866,70319.0,False,21.8,33.4,0.6000000000000001
3867,70336.0,False,22.700000000000003,33.9,-0.2
3868,70354.0,False,23.200000000000003,34.1,-0.5
3869,70384.0,False,23.200000000000003,34.0,-0.4
3870,70401.0,False,23.200000000000003,33.800000000000004,-0.2
3871,70418.0,False,22.900000000000002,33.2,0.0
3872,70435.0,False,22.8,32.5,0.1
3873,70461.0,False,22.6,32.0,0.1
3874,70468.0,False,22.6,31.8,0.2
3875,70484.0,False,22.700000000000003,31.5,0.30000000000000004
3876,70500.0,False,22.900000000000002,31.5,0.4
3877,70519.0,False,23.6,31.3,0.30000000000000004
3878,70540.0,False,24.700000000000003,31.1,-0.2
3879,70567.0,False,26.400000000000002,31.1,-1.3
3880,70586.0,False,27.200000000000003,31.400000000000002,-1.5
3881,70605.0,False,28.0,31.700000000000003,-1.3
3882,70625.0,False,28.700000000000003,31.700000000000003,-0.9
3883,70637.0,False,29.0,31.700000000000003,-0.8
3884,70651.0,False,29.3,31.6,-0.6000000000000001
3885,70672.0,False,29.700000000000003,31.5,-0.1
3886,70684.0,False,30.1,31.6,0.4
3887,70708.0,False,30.6,31.700000000000003,0.7000000000000001
3888,70718.0,False,31.0,31.8,0.8
3889,70737.0,False,31.8,32.1,1.0
3890,70767.0,False,33.4,32.300000000000004,1.1
3891,70784.0,False,34.0,32.4,1.1
3892,70801.0,False,35.2,32.300000000000004,0.9
3893,70834.0,False,37.2,31.900000000000002,0.1
3894,70859.0,False,39.0,31.0,-0.8
3895,70871.0,False,39.400000000000006,30.8,-0.9
3896,70884.0,False,39.800000000000004,30.6,-0.9
3897,70901.0,False,40.5,30.400000000000002,-0.5
3898,70919.0,False,41.400000000000006,30.400000000000002,0.1
3899,70939.0,False,42.6,30.5,0.5
3900,70957.0,False,43.900000000000006,30.8,0.8
3901,70968.0,False,44.6,31.0,0.9
3902,70984.0,False,45.2,31.200000000000003,1.0
3903,71000.0,False,46.6,31.6,0.8
3904,71017.0,False,48.0,32.0,0.30000000000000004
3905,71036.0,False,49.400000000000006,32.4,-0.5
3906,71056.0,False,49.900000000000006,32.7,-1.1
3907,71071.0,False,50.900000000000006,33.300000000000004,-2.2
3908,71084.0,False,51.400000000000006,33.6,-2.7
3909,71101.0,False,52.0,34.1,-3.6
3910,71118.0,False,52.300000000000004,34.4,-4.0
3911,71135.0,False,52.400000000000006,34.800000000000004,-4.4
3912,71171.0,False,51.400000000000006,34.9,-3.9000000000000004
3913,71184.0,False,51.0,34.800000000000004,-3.6
3914,71201.0,False,50.2,34.2,-3.0
3915,71217.0,False,49.800000000000004,33.9,-2.8000000000000003
3916,71234.0,False,49.0,33.1,-2.4000000000000004
3917,71264.0,False,47.800000000000004,31.700000000000003,-1.8
3918,71284.0,False,47.2,30.6,-1.5
3919,71300.0,False,46.800000000000004,29.700000000000003,-1.5
3920,71318.0,False,46.7,29.400000000000002,-1.5
3921,71334.0,False,46.7,29.400000000000002,-1.6
3922,71350.0,False,47.0,29.8,-1.9000000000000001
3923,71371.0,False,47.400000000000006,30.3,-2.3000000000000003
3924,71384.0,False,47.6,30.5,-2.5
3925,71401.0,False,47.900000000000006,31.0,-2.7
3926,71423.0,False,48.2,31.3,-2.7
3927,71435.0,False,48.300000000000004,31.400000000000002,-2.7
3928,71450.0,False,48.6,31.5,-2.7
3929,71467.0,False,48.7,31.5,-2.8000000000000003
3930,71484.0,False,48.900000000000006,31.6,-3.0
3931,71503.0,False,49.0,31.6,-3.4000000000000004
3932,71522.0,False,48.800000000000004,31.5,-3.7
3933,71536.0,False,48.7,31.5,-3.7
3934,71560.0,False,48.400000000000006,31.3,-3.9000000000000004
3935,71567.0,False,48.300000000000004,31.3,-4.0
3936,71584.0,False,48.1,31.1,-4.2
3937,71600.0,False,48.0,30.900000000000002,-4.3
3938,71622.0,False,47.300000000000004,30.5,-4.2
3939,71635.0,False,47.1,30.3,-4.0
3940,71650.0,False,46.800000000000004,30.200000000000003,-3.8000000000000003
3941,71668.0,False,46.6,30.0,-3.0
3942,71683.0,False,46.800000000000004,29.700000000000003,-2.4000000000000004
3943,71702.0,False,47.6,29.400000000000002,-2.1
3944,71717.0,False,48.0,29.3,-2.1
3945,71736.0,False,49.0,29.400000000000002,-2.0
3946,71754.0,False,50.0,29.8,-1.8
3947,71767.0,False,50.7,30.0,-1.7000000000000002
3948,71784.0,False,51.900000000000006,30.200000000000003,-1.4000000000000001
3949,71805.0,False,53.2,30.200000000000003,-0.9
3950,71819.0,False,54.0,30.1,-0.8
3951,71834.0,False,55.400000000000006,29.700000000000003,-0.8
3952,71860.0,False,56.7,29.6,-1.0
3953,71871.0,False,57.300000000000004,29.700000000000003,-1.1
3954,71888.0,False,58.6,30.200000000000003,-0.9
3955,71902.0,False,59.300000000000004,30.5,-0.8
3956,71917.0,False,60.800000000000004,30.900000000000002,-0.4
3957,71935.0,False,62.6,31.0,-0.2
3958,71953.0,False,63.5,31.0,-0.1
3959,71967.0,False,64.4,31.0,-0.2
3960,71984.0,False,67.0,31.1,-0.5
3961,72000.0,False,67.8,31.1,-0.5
3962,72017.0,False,69.3,31.0,-0.5
3963,72034.0,False,70.0,31.0,-0.4
3964,72052.0,False,71.3,30.900000000000002,0.0
3965,72075.0,False,72.60000000000001,31.0,0.5
3966,72091.0,False,74.10000000000001,31.200000000000003,0.9
3967,72101.0,False,74.9,31.400000000000002,1.0
3968,72117.0,False,76.4,31.8,1.1
3969,72137.0,False,77.9,32.300000000000004,1.1
3970,72167.0,False,79.30000000000001,32.800000000000004,1.1
3971,72184.0,False,80.60000000000001,33.1,1.1
3972,72200.0,False,81.9,33.4,0.9
3973,72221.0,False,83.10000000000001,33.800000000000004,0.6000000000000001
3974,72235.0,False,83.60000000000001,34.1,0.30000000000000004
3975,72255.0,False,84.5,34.5,-0.2
3976,72270.0,False,85.2,34.800000000000004,-0.6000000000000001
3977,72284.0,False,85.4,34.800000000000004,-0.8
3978,72303.0,False,85.60000000000001,34.6,-0.9
3979,72322.0,False,85.7,34.0,-0.8
3980,72339.0,False,85.80000000000001,33.0,-0.8
3981,72359.0,False,85.80000000000001,31.700000000000003,-0.9
3982,72368.0,False,85.9,31.1,-1.0
3983,72386.0,False,85.9,30.5,-1.1
3984,72400.0,False,85.80000000000001,29.3,-1.2000000000000002
3985,72417.0,False,85.80000000000001,28.900000000000002,-1.2000000000000002
3986,72439.0,False,85.80000000000001,28.400000000000002,-1.1
3987,72458.0,False,86.10000000000001,28.400000000000002,-1.4000000000000001
3988,72468.0,False,86.30000000000001,28.400000000000002,-1.7000000000000002
3989,72484.0,False,86.80000000000001,28.900000000000002,-2.4000000000000004
3990,72501.0,False,87.10000000000001,29.200000000000003,-2.7
3991,72520.0,False,87.4,30.5,-3.2
3992,72536.0,False,87.4,30.900000000000002,-3.2
3993,72558.0,False,87.30000000000001,31.6,-3.1
3994,72569.0,False,87.2,31.900000000000002,-3.0
3995,72584.0,False,86.9,32.2,-2.7
3996,72600.0,False,86.4,32.4,-2.4000000000000004
3997,72617.0,False,86.2,32.5,-2.2
3998,72637.0,False,85.60000000000001,32.6,-1.9000000000000001
3999,72665.0,False,84.9,32.800000000000004,-1.6
4000,72677.0,False,84.7,32.9,-1.5
4001,72702.0,False,84.2,32.9,-1.7000000000000002
4002,72721.0,False,83.9,32.800000000000004,-1.9000000000000001
4003,72733.0,False,83.7,32.800000000000004,-2.1
4004,72759.0,False,83.5,32.7,-2.3000000000000003
4005,72773.0,False,83.30000000000001,32.4,-2.4000000000000004
4006,72787.0,False,83.2,32.1,-2.4000000000000004
4007,72802.0,False,83.2,31.700000000000003,-2.1
4008,72817.0,False,83.30000000000001,31.6,-1.9000000000000001
4009,72838.0,False,83.9,31.400000000000002,-1.6
4010,72857.0,False,84.4,31.3,-1.6
4011,72875.0,False,86.10000000000001,31.200000000000003,-1.8
4012,72887.0,False,86.60000000000001,31.200000000000003,-1.8
4013,72903.0,False,87.7,31.400000000000002,-1.6
4014,72921.0,False,88.30000000000001,31.3,-1.5
4015,72943.0,False,90.30000000000001,30.8,-1.4000000000000001
4016,72975.0,False,92.0,30.400000000000002,-1.6
4017,72984.0,False,92.5,30.400000000000002,-1.6
4018,73001.0,False,93.0,30.5,-1.4000000000000001
4019,73017.0,False,94.10000000000001,30.700000000000003,-0.8
4020,73035.0,False,95.30000000000001,31.0,0.30000000000000004
4021,73061.0,False,96.80000000000001,31.200000000000003,1.3
4022,73068.0,False,97.7,31.200000000000003,1.6
4023,73090.0,False,99.4,31.1,2.0
4024,73101.0,False,100.4,31.0,2.0
4025,73123.0,False,102.10000000000001,30.8,1.7000000000000002
4026,73137.0,False,103.60000000000001,30.8,1.2000000000000002
4027,73154.0,False,104.2,30.8,1.1
4028,73181.0,False,105.7,30.6,1.4000000000000001
4029,73200.0,False,106.60000000000001,30.3,2.0
4030,73217.0,False,107.60000000000001,30.0,2.6
4031,73236.0,False,108.10000000000001,29.900000000000002,2.8000000000000003
4032,73272.0,False,110.2,29.700000000000003,3.3000000000000003
4033,73285.0,False,110.60000000000001,29.8,3.3000000000000003
4034,73301.0,False,111.5,30.0,3.4000000000000004
4035,73325.0,False,112.4,30.200000000000003,3.5
4036,73338.0,False,113.4,30.5,3.5
4037,73365.0,False,114.30000000000001,31.0,3.3000000000000003
4038,73367.0,False,114.80000000000001,31.200000000000003,3.0
4039,73384.0,False,115.30000000000001,31.5,2.7
4040,73401.0,False,116.2,32.0,1.7000000000000002
4041,73418.0,False,116.9,32.6,0.8
4042,73434.0,False,117.2,32.800000000000004,0.30000000000000004
4043,73453.0,False,117.4,33.2,-0.5
4044,73472.0,False,117.4,33.4,-0.9
4045,73486.0,False,117.30000000000001,33.4,-1.1
4046,73501.0,False,117.30000000000001,33.0,-1.4000000000000001
4047,73517.0,False,117.2,32.6,-1.6
4048,73533.0,False,117.10000000000001,31.8,-1.8
4049,73552.0,False,116.9,30.900000000000002,-2.0
4050,73568.0,False,116.80000000000001,30.5,-2.1
4051,73584.0,False,116.5,30.0,-2.1
4052,73600.0,False,116.30000000000001,29.900000000000002,-2.2
4053,73620.0,False,116.2,30.200000000000003,-2.3000000000000003
4054,73634.0,False,116.10000000000001,30.5,-2.3000000000000003
4055,73654.0,False,116.10000000000001,31.3,-2.2
4056,73670.0,False,116.2,31.700000000000003,-2.1
4057,73683.0,False,116.2,32.4,-1.9000000000000001
4058,73701.0,False,116.2,32.800000000000004,-1.8
4059,73717.0,False,116.30000000000001,32.9,-1.8
4060,73739.0,False,116.2,32.7,-2.4000000000000004
4061,73760.0,False,115.7,32.2,-2.7
4062,73770.0,False,115.30000000000001,31.900000000000002,-2.7
4063,73787.0,False,114.9,31.6,-2.6
4064,73803.0,False,114.0,31.0,-2.2
4065,73820.0,False,113.2,30.6,-1.6
4066,73835.0,False,112.9,30.5,-1.4000000000000001
4067,73854.0,False,112.60000000000001,30.400000000000002,-1.2000000000000002
4068,73867.0,False,112.4,30.3,-1.2000000000000002
4069,73905.0,False,111.80000000000001,29.700000000000003,-1.3
4070,73918.0,False,111.7,29.400000000000002,-1.3
4071,73938.0,False,111.5,28.900000000000002,-1.1
4072,73955.0,False,111.60000000000001,28.400000000000002,-1.0
4073,73967.0,False,111.9,28.3,-1.0
4074,73993.0,False,113.10000000000001,28.400000000000002,-2.0
4075,74001.0,False,113.60000000000001,28.5,-2.5
4076,74021.0,False,114.0,28.6,-3.0
4077,74036.0,False,114.7,28.700000000000003,-3.5
4078,74055.0,False,115.2,28.6,-3.1
4079,74071.0,False,115.5,28.6,-2.8000000000000003
4080,74084.0,False,116.30000000000001,28.5,-2.1
4081,74100.0,False,116.80000000000001,28.400000000000002,-1.8
4082,74119.0,False,117.7,28.200000000000003,-1.5
4083,74153.0,False,119.80000000000001,27.6,-1.9000000000000001
4084,74170.0,False,120.4,27.5,-2.1
4085,74187.0,False,121.30000000000001,27.5,-2.1
4086,74201.0,False,121.80000000000001,27.6,-1.9000000000000001
4087,74217.0,False,122.7,27.8,-1.2000000000000002
4088,74236.0,False,123.80000000000001,28.1,-0.30000000000000004
4089,74262.0,False,125.10000000000001,28.3,0.4
4090,74268.0,False,125.80000000000001,28.3,0.7000000000000001
4091,74284.0,False,127.30000000000001,28.5,0.9
4092,74303.0,False,128.1,28.6,0.9
4093,74317.0,False,129.70000000000002,28.8,0.4
4094,74338.0,False,131.1,28.900000000000002,-0.1
4095,74351.0,False,131.8,28.900000000000002,-0.30000000000000004
4096,74367.0,False,132.8,29.0,-0.2
4097,74385.0,False,133.8,29.200000000000003,0.4
4098,74408.0,False,135.1,29.5,1.0
4099,74417.0,False,135.8,29.700000000000003,1.3
4100,74436.0,False,137.20000000000002,30.400000000000002,1.6
4101,74452.0,False,137.9,30.8,1.7000000000000002
4102,74468.0,False,139.4,31.6,1.8
4103,74486.0,False,140.9,32.300000000000004,1.8
4104,74500.0,False,141.6,32.6,1.7000000000000002
4105,74519.0,False,143.0,33.1,1.7000000000000002
4106,74537.0,False,144.3,33.300000000000004,1.7000000000000002
4107,74550.0,False,144.8,33.4,1.7000000000000002
4108,74572.0,False,145.9,33.6,1.5
4109,74590.0,False,147.1,33.7,1.1
4110,74601.0,False,147.6,33.800000000000004,0.8
4111,74617.0,False,148.5,33.9,0.30000000000000004
4112,74635.0,False,148.9,34.0,0.0
4113,74652.0,False,149.4,33.9,-0.4
4114,74669.0,False,149.9,33.5,-0.7000000000000001
4115,74684.0,False,150.1,33.1,-0.8
4116,74701.0,False,150.4,32.1,-1.1
4117,74720.0,False,150.5,30.900000000000002,-1.1
4118,74734.0,False,150.6,30.200000000000003,-1.0
4119,74753.0,False,150.8,28.8,-0.9
4120,74767.0,False,151.3,27.700000000000003,-0.9
4121,74789.0,False,152.1,27.200000000000003,-1.1
4122,74800.0,False,152.6,27.200000000000003,-1.3
4123,74820.0,False,153.5,27.700000000000003,-2.1
4124,74840.0,False,154.3,28.5,-3.1
4125,74859.0,False,154.70000000000002,29.400000000000002,-3.9000000000000004
4126,74869.0,False,154.8,29.8,-4.1000000000000005
4127,74885.0,False,154.8,30.200000000000003,-4.2
4128,74906.0,False,154.70000000000002,30.8,-4.1000000000000005
4129,74921.0,False,154.3,31.1,-3.7
4130,74936.0,False,154.10000000000002,31.200000000000003,-3.6
4131,74959.0,False,153.4,31.1,-3.2
4132,74970.0,False,153.0,31.1,-3.0
4133,74984.0,False,152.0,30.900000000000002,-2.6
4134,75004.0,False,151.0,30.900000000000002,-2.0
4135,75018.0,False,150.5,31.0,-1.7000000000000002
4136,75039.0,False,149.20000000000002,31.1,-1.0
4137,75051.0,False,148.8,31.1,-0.8
4138,75070.0,False,147.9,31.200000000000003,-0.4
4139,75084.0,False,147.5,31.200000000000003,-0.2
4140,75103.0,False,146.70000000000002,31.1,0.2
4141,75118.0,False,146.3,31.0,0.5
4142,75134.0,False,145.70000000000002,30.8,1.1
4143,75153.0,False,145.3,30.6,1.5
4144,75171.0,False,145.4,30.400000000000002,1.7000000000000002
4145,75184.0,False,145.5,30.400000000000002,1.6
4146,75203.0,False,145.9,30.5,1.2000000000000002
4147,75217.0,False,146.1,30.5,0.9
4148,75234.0,False,146.5,30.6,0.5
4149,75269.0,False,146.70000000000002,30.6,0.8
4150,75283.0,False,146.8,30.5,1.7000000000000002
4151,75305.0,False,147.1,30.400000000000002,2.6
4152,75322.0,False,147.70000000000002,30.5,3.1
4153,75336.0,False,148.1,30.6,3.1
4154,75356.0,False,149.1,31.0,2.6
4155,75369.0,False,149.70000000000002,31.1,2.1
4156,75383.0,False,150.8,31.3,0.8
4157,75400.0,False,151.3,31.400000000000002,0.30000000000000004
4158,75420.0,False,152.0,31.6,-0.2
4159,75434.0,False,152.6,31.900000000000002,0.2
4160,75482.0,False,154.4,32.0,1.3
4161,75487.0,False,154.9,31.900000000000002,1.5
4162,75504.0,False,156.3,31.900000000000002,1.6
4163,75542.0,False,158.5,31.8,1.2000000000000002
4164,75550.0,False,159.20000000000002,31.700000000000003,0.8
4165,75569.0,False,160.60000000000002,31.8,0.30000000000000004
4166,75585.0,False,161.60000000000002,32.0,0.1
4167,75600.0,False,162.20000000000002,32.1,0.2
4168,75617.0,False,163.3,32.300000000000004,0.4
4169,75639.0,False,164.4,32.5,0.6000000000000001
4170,75654.0,False,165.0,32.7,0.6000000000000001
4171,75667.0,False,166.10000000000002,32.9,0.6000000000000001
4172,75687.0,False,167.20000000000002,33.2,0.6000000000000001
4173,75700.0,False,167.70000000000002,33.4,0.6000000000000001
4174,75718.0,False,168.60000000000002,33.5,0.5
4175,75736.0,False,169.60000000000002,33.5,0.4
4176,75753.0,False,170.0,33.5,0.2
4177,75767.0,False,170.8,33.4,-0.2
4178,75784.0,False,171.20000000000002,33.300000000000004,-0.4
4179,75801.0,False,171.70000000000002,33.4,-0.9
4180,75821.0,False,172.20000000000002,33.7,-1.1
4181,75840.0,False,172.9,34.0,-1.3
4182,75856.0,False,173.10000000000002,34.2,-1.5
4183,75883.0,False,173.60000000000002,34.300000000000004,-1.9000000000000001
4184,75900.0,False,173.70000000000002,34.0,-2.2
4185,75917.0,False,173.8,33.2,-2.5
4186,75937.0,False,173.8,32.0,-2.7
4187,75954.0,False,173.70000000000002,31.3,-2.7
4188,75969.0,False,173.70000000000002,29.8,-2.7
4189,75990.0,False,173.9,28.400000000000002,-2.8000000000000003
4190,76001.0,False,174.10000000000002,27.8,-3.1
4191,76018.0,False,174.8,27.1,-3.8000000000000003
4192,76039.0,False,175.70000000000002,27.1,-4.800000000000001
4193,76055.0,False,176.10000000000002,27.3,-5.2
4194,76068.0,False,177.0,28.1,-6.0
4195,76083.0,False,177.4,28.5,-6.300000000000001
4196,76106.0,False,178.20000000000002,29.6,-6.4
4197,76117.0,False,178.5,30.0,-6.300000000000001
4198,76136.0,False,179.0,30.8,-6.0
4199,76152.0,False,179.4,31.3,-5.7
4200,76172.0,False,179.70000000000002,31.6,-5.5
4201,76184.0,False,179.70000000000002,31.8,-5.4
4202,76200.0,False,179.60000000000002,32.0,-5.1000000000000005
4203,76217.0,False,179.5,32.0,-4.9
4204,76238.0,False,179.3,32.1,-4.3
4205,76256.0,False,179.10000000000002,32.1,-3.7
4206,76271.0,False,178.9,32.0,-3.1
4207,76286.0,False,178.8,31.900000000000002,-2.9000000000000004
4208,76302.0,False,178.60000000000002,31.700000000000003,-2.5
4209,76319.0,False,178.5,31.400000000000002,-2.4000000000000004
4210,76334.0,False,178.20000000000002,30.8,-2.1
4211,76354.0,False,178.10000000000002,30.1,-1.8
4212,76367.0,False,178.10000000000002,29.8,-1.7000000000000002
4213,76383.0,False,178.60000000000002,29.200000000000003,-1.6
4214,76401.0,False,179.4,28.900000000000002,-1.8
4215,76420.0,False,180.0,28.900000000000002,-2.0
4216,76439.0,False,181.10000000000002,28.900000000000002,-2.7
4217,76455.0,False,182.20000000000002,29.200000000000003,-3.4000000000000004
4218,76472.0,False,183.3,29.400000000000002,-4.0
4219,76485.0,False,183.8,29.6,-4.1000000000000005
4220,76500.0,False,184.20000000000002,29.700000000000003,-4.2
4221,76520.0,False,184.9,30.0,-3.8000000000000003
4222,76534.0,False,185.60000000000002,30.200000000000003,-3.4000000000000004
4223,76550.0,False,185.9,30.200000000000003,-3.3000000000000003
4224,76567.0,False,186.60000000000002,30.200000000000003,-3.1
4225,76587.0,False,187.20000000000002,30.1,-3.2
4226,76600.0,False,187.5,30.0,-3.3000000000000003
4227,76617.0,False,188.0,29.8,-3.3000000000000003
4228,76634.0,False,188.3,29.700000000000003,-2.7
4229,76652.0,False,188.4,29.700000000000003,-2.1
4230,76667.0,False,188.70000000000002,30.0,-0.9
4231,76683.0,False,189.3,30.400000000000002,0.2
4232,76700.0,False,189.70000000000002,30.6,0.7000000000000001
4233,76717.0,False,190.60000000000002,30.900000000000002,1.2000000000000002
4234,76734.0,False,191.8,31.200000000000003,1.2000000000000002
4235,76753.0,False,193.20000000000002,31.400000000000002,0.7000000000000001
4236,76770.0,False,193.8,31.400000000000002,0.30000000000000004
4237,76784.0,False,194.4,31.400000000000002,-0.1
4238,76800.0,False,195.3,31.200000000000003,-0.8
4239,76820.0,False,195.9,31.1,-0.9
4240,76835.0,False,196.3,31.0,-0.30000000000000004
4241,76857.0,False,196.8,30.8,0.6000000000000001
4242,76870.0,False,197.10000000000002,30.8,1.0
4243,76885.0,False,197.5,30.700000000000003,1.4000000000000001
4244,76904.0,False,198.4,30.700000000000003,1.8
4245,76918.0,False,199.3,30.900000000000002,1.9000000000000001
4246,76935.0,False,200.20000000000002,31.0,1.7000000000000002
4247,76952.0,False,200.60000000000002,31.1,1.6
4248,76980.0,False,201.8,31.0,1.2000000000000002
4249,76988.0,False,202.20000000000002,31.0,1.1
4250,77000.0,False,202.60000000000002,31.0,1.0
4251,77017.0,False,203.3,31.200000000000003,0.8
4252,77034.0,False,203.70000000000002,31.400000000000002,0.7000000000000001
4253,77053.0,False,204.4,31.900000000000002,0.30000000000000004
4254,77067.0,False,205.10000000000002,32.2,-0.2
4255,77087.0,False,205.60000000000002,32.4,-0.6000000000000001
4256,77101.0,False,205.8,32.300000000000004,-0.8
4257,77117.0,False,206.10000000000002,32.0,-1.3
4258,77135.0,False,206.20000000000002,31.8,-1.5
4259,77157.0,False,206.10000000000002,31.200000000000003,-2.0
4260,77170.0,False,206.10000000000002,31.0,-2.1
4261,77186.0,False,206.20000000000002,30.400000000000002,-2.4000000000000004
4262,77200.0,False,206.3,30.0,-2.6
4263,77217.0,False,206.4,29.1,-3.1
4264,77235.0,False,206.5,28.6,-3.3000000000000003
4265,77255.0,False,206.60000000000002,27.900000000000002,-3.9000000000000004
4266,77267.0,False,206.70000000000002,27.8,-4.2
4267,77283.0,False,206.70000000000002,27.900000000000002,-4.6000000000000005
4268,77304.0,False,206.9,28.5,-5.0
4269,77322.0,False,207.10000000000002,29.3,-5.4
4270,77335.0,False,207.20000000000002,29.700000000000003,-5.6000000000000005
4271,77351.0,False,207.4,30.6,-5.7
4272,77369.0,False,207.60000000000002,31.400000000000002,-5.7
4273,77385.0,False,207.70000000000002,31.8,-5.6000000000000005
4274,77400.0,False,207.9,32.4,-5.4
4275,77417.0,False,208.0,32.5,-5.300000000000001
4276,77434.0,False,208.20000000000002,32.6,-5.1000000000000005
4277,77456.0,False,208.3,32.6,-4.9
4278,77476.0,False,208.3,32.5,-4.6000000000000005
4279,77484.0,False,208.3,32.5,-4.4
4280,77502.0,False,208.20000000000002,32.300000000000004,-4.0
4281,77521.0,False,208.0,32.1,-3.5
4282,77537.0,False,207.9,32.0,-3.1
4283,77557.0,False,207.70000000000002,31.6,-2.2
4284,77570.0,False,207.60000000000002,31.3,-1.8
4285,77583.0,False,207.5,30.5,-1.0
4286,77603.0,False,207.5,29.6,-0.1
4287,77617.0,False,207.5,29.3,0.2
4288,77637.0,False,207.9,28.700000000000003,0.7000000000000001
4289,77654.0,False,208.8,28.3,0.8
4290,77669.0,False,209.4,28.200000000000003,0.6000000000000001
4291,77684.0,False,210.70000000000002,28.0,0.0
4292,77701.0,False,211.3,28.0,-0.4
4293,77723.0,False,213.20000000000002,28.3,-1.1
4294,77736.0,False,213.9,28.5,-1.3
4295,77755.0,False,215.4,28.8,-1.5
4296,77767.0,False,216.10000000000002,29.0,-1.4000000000000001
4297,77783.0,False,217.4,29.3,-1.3
4298,77802.0,False,218.10000000000002,29.3,-1.3
4299,77823.0,False,219.3,29.1,-1.8
4300,77840.0,False,220.20000000000002,28.8,-2.5
4301,77856.0,False,220.9,28.6,-3.3000000000000003
4302,77867.0,False,221.20000000000002,28.6,-3.6
4303,77884.0,False,221.70000000000002,29.0,-3.8000000000000003
4304,77900.0,False,222.0,29.200000000000003,-3.7
4305,77917.0,False,222.60000000000002,29.700000000000003,-3.1
4306,77937.0,False,223.3,29.8,-2.2
4307,77970.0,False,224.20000000000002,29.400000000000002,-0.8
4308,77984.0,False,225.10000000000002,28.6,-0.30000000000000004
4309,78001.0,False,225.60000000000002,28.200000000000003,-0.4
4310,78022.0,False,226.70000000000002,27.400000000000002,-0.9
4311,78035.0,False,227.9,27.0,-1.9000000000000001
4312,78055.0,False,229.0,27.0,-2.7
4313,78067.0,False,229.4,27.1,-2.9000000000000004
4314,78088.0,False,230.4,27.200000000000003,-2.9000000000000004
4315,78103.0,False,230.8,27.200000000000003,-2.8000000000000003
4316,78120.0,False,231.70000000000002,27.1,-2.3000000000000003
4317,78141.0,False,232.60000000000002,27.0,-1.8
4318,78159.0,False,233.4,26.900000000000002,-1.4000000000000001
4319,78168.0,False,233.8,27.0,-1.2000000000000002
4320,78183.0,False,234.10000000000002,27.0,-1.1
4321,78200.0,False,234.70000000000002,27.1,-0.8
4322,78217.0,False,235.20000000000002,27.3,-0.5
4323,78236.0,False,235.70000000000002,27.6,-0.1
4324,78259.0,False,236.20000000000002,27.8,0.30000000000000004
4325,78268.0,False,236.4,27.900000000000002,0.4
4326,78283.0,False,236.70000000000002,28.0,0.5
4327,78300.0,False,237.10000000000002,28.400000000000002,0.5
4328,78317.0,False,237.4,28.8,0.6000000000000001
4329,78336.0,False,237.5,29.0,0.7000000000000001
4330,78356.0,False,237.8,30.0,1.3
4331,78372.0,False,237.9,30.5,1.6
4332,78387.0,False,238.10000000000002,30.900000000000002,1.8
4333,78401.0,False,238.60000000000002,31.900000000000002,2.0
4334,78419.0,False,239.20000000000002,33.0,2.1
4335,78434.0,False,239.5,33.6,2.0
4336,78454.0,False,240.20000000000002,34.5,1.7000000000000002
4337,78469.0,False,240.70000000000002,35.2,1.4000000000000001
4338,78483.0,False,240.8,35.4,1.3
4339,78500.0,False,241.10000000000002,35.800000000000004,1.1
4340,78518.0,False,241.5,35.9,0.6000000000000001
4341,78535.0,False,241.70000000000002,35.9,0.2
4342,78557.0,False,242.0,35.5,-0.9
4343,78568.0,False,242.10000000000002,35.2,-1.6
4344,78583.0,False,241.8,34.1,-2.8000000000000003
4345,78602.0,False,240.9,32.800000000000004,-3.4000000000000004
4346,78617.0,False,240.3,32.300000000000004,-3.4000000000000004
4347,78634.0,False,239.3,31.700000000000003,-2.7
4348,78652.0,False,238.70000000000002,31.400000000000002,-1.9000000000000001
4349,78669.0,False,238.60000000000002,31.6,-1.3
4350,78683.0,False,238.60000000000002,31.8,-1.1
4351,78703.0,False,238.8,32.4,-0.7000000000000001
4352,78717.0,False,238.9,32.7,-0.6000000000000001
4353,78734.0,False,239.10000000000002,33.300000000000004,-0.5
4354,78756.0,False,239.4,33.5,-0.6000000000000001
4355,78767.0,False,239.60000000000002,33.5,-0.7000000000000001
4356,78783.0,False,239.8,33.300000000000004,-0.9
4357,78803.0,False,239.8,33.0,-1.0
4358,78817.0,False,239.70000000000002,32.800000000000004,-1.0
4359,78834.0,False,239.4,32.5,-0.9
4360,78854.0,False,239.0,31.900000000000002,-0.7000000000000001
4361,78870.0,False,238.9,31.700000000000003,-0.6000000000000001
4362,78885.0,False,238.8,31.3,-0.4
4363,78901.0,False,239.0,31.0,-0.2
4364,78918.0,False,239.20000000000002,30.900000000000002,-0.2
4365,78938.0,False,239.70000000000002,31.0,-0.4
4366,78950.0,False,240.0,31.200000000000003,-0.5
4367,78973.0,False,241.3,31.900000000000002,-0.9
4368,78983.0,False,241.8,32.2,-1.1
4369,79000.0,False,242.3,32.300000000000004,-1.4000000000000001
4370,79017.0,False,243.3,32.5,-2.1
4371,79034.0,False,244.10000000000002,32.6,-2.6
4372,79052.0,False,244.70000000000002,32.5,-2.7
4373,79075.0,False,245.3,32.4,-2.2
4374,79085.0,False,245.70000000000002,32.4,-1.8
4375,79100.0,False,246.10000000000002,32.300000000000004,-1.5
4376,79120.0,False,247.0,32.300000000000004,-0.7000000000000001
4377,79137.0,False,248.10000000000002,32.5,-0.2
4378,79154.0,False,249.3,33.0,0.1
4379,79167.0,False,249.9,33.4,0.2
4380,79186.0,False,251.20000000000002,34.2,0.4
4381,79200.0,False,251.8,34.5,0.6000000000000001
4382,79219.0,False,252.9,35.0,1.0
4383,79235.0,False,254.0,35.2,1.2000000000000002
4384,79252.0,False,254.60000000000002,35.1,1.3
4385,79268.0,False,255.70000000000002,34.800000000000004,1.3
4386,79284.0,False,257.0,34.4,1.1
4387,79300.0,False,257.6,34.1,0.9
4388,79319.0,False,259.1,33.5,0.4
4389,79337.0,False,260.40000000000003,32.9,-0.2
4390,79354.0,False,261.0,32.800000000000004,-0.4
4391,79371.0,False,262.0,33.1,-0.30000000000000004
4392,79387.0,False,263.1,33.6,0.1
4393,79400.0,False,263.6,33.9,0.4
4394,79418.0,False,264.90000000000003,34.4,0.9
4395,79434.0,False,265.5,34.6,1.1
4396,79452.0,False,266.8,35.0,1.3
4397,79466.0,False,268.1,35.4,1.3
4398,79486.0,False,269.3,35.800000000000004,1.1
4399,79500.0,False,269.90000000000003,35.9,1.0
4400,79517.0,False,271.0,36.1,0.6000000000000001
4401,79538.0,False,272.1,36.5,0.2
4402,79550.0,False,272.7,36.9,0.1
4403,79568.0,False,273.90000000000003,37.800000000000004,-0.30000000000000004
4404,79583.0,False,274.6,38.300000000000004,-0.6000000000000001
4405,79601.0,False,275.90000000000003,39.2,-1.3
4406,79623.0,False,277.2,39.800000000000004,-2.2
4407,79639.0,False,278.1,40.0,-3.2
4408,79658.0,False,278.40000000000003,39.7,-3.9000000000000004
4409,79670.0,False,278.2,39.5,-4.0
4410,79683.0,False,277.90000000000003,39.1,-3.9000000000000004
4411,79700.0,False,276.8,37.9,-3.0
4412,79719.0,False,275.6,36.2,-1.5
4413,79734.0,False,275.0,35.300000000000004,-0.7000000000000001
4414,79753.0,False,274.0,33.4,0.6000000000000001
4415,79767.0,False,273.7,32.5,1.1
4416,79784.0,False,273.5,31.200000000000003,1.3
4417,79805.0,False,273.40000000000003,30.700000000000003,0.7000000000000001
4418,79819.0,False,273.2,30.700000000000003,0.2
4419,79838.0,False,273.1,31.1,-0.7000000000000001
4420,79856.0,False,273.1,31.900000000000002,-1.5
4421,79871.0,False,273.3,32.800000000000004,-2.1
4422,79885.0,False,273.3,33.2,-2.3000000000000003
4423,79900.0,False,273.40000000000003,34.1,-2.6
4424,79918.0,False,273.40000000000003,34.4,-2.8000000000000003
4425,79934.0,False,273.2,35.0,-3.0
4426,79954.0,False,272.8,35.300000000000004,-3.1
4427,79974.0,False,272.2,35.300000000000004,-3.1
4428,79983.0,False,271.8,35.300000000000004,-3.0
4429,80000.0,False,270.90000000000003,35.300000000000004,-2.7
4430,80017.0,False,270.3,35.2,-2.5
4431,80034.0,False,269.2,35.1,-2.0
4432,80056.0,False,268.1,35.0,-1.6
4433,80068.0,False,267.6,34.9,-1.4000000000000001
4434,80083.0,False,266.5,34.7,-1.1
4435,80102.0,False,265.40000000000003,34.4,-0.8
4436,80119.0,False,264.90000000000003,34.1,-0.6000000000000001
4437,80135.0,False,264.0,33.7,-0.5
4438,80152.0,False,263.5,33.300000000000004,-0.5
4439,80170.0,False,263.5,33.2,-0.6000000000000001
4440,80184.0,False,263.8,33.300000000000004,-1.2000000000000002
4441,80200.0,False,264.2,33.4,-1.6
4442,80220.0,False,264.8,34.0,-2.8000000000000003
4443,80234.0,False,265.3,34.6,-4.0
4444,80250.0,False,265.5,34.800000000000004,-4.4
4445,80267.0,False,265.5,35.1,-4.7
4446,80286.0,False,265.3,35.1,-4.4
4447,80306.0,False,265.0,34.9,-3.6
4448,80320.0,False,264.90000000000003,34.800000000000004,-3.2
4449,80344.0,False,265.0,34.5,-2.1
4450,80376.0,False,265.7,34.2,-2.4000000000000004
4451,80387.0,False,266.0,34.300000000000004,-2.6
4452,80400.0,False,266.2,34.4,-2.6
4453,80417.0,False,266.5,34.9,-2.3000000000000003
4454,80435.0,False,266.90000000000003,35.300000000000004,-1.7000000000000002
4455,80453.0,False,267.1,35.5,-1.3
4456,80467.0,False,267.7,35.6,-0.5
4457,80489.0,False,268.40000000000003,35.5,0.1
4458,80507.0,False,269.3,35.300000000000004,0.4
4459,80524.0,False,270.2,35.1,0.6000000000000001
4460,80537.0,False,270.7,35.1,0.6000000000000001
4461,80553.0,False,271.1,35.0,0.5
4462,80567.0,False,271.6,34.9,0.4
4463,80584.0,False,272.40000000000003,34.9,0.6000000000000001
4464,80601.0,False,273.1,35.0,1.0
4465,80617.0,False,273.90000000000003,35.300000000000004,1.5
4466,80636.0,False,274.7,35.800000000000004,1.8
4467,80655.0,False,275.3,36.4,2.0
4468,80671.0,False,275.5,36.800000000000004,2.1
4469,80684.0,False,275.7,37.1,2.2
4470,80700.0,False,275.90000000000003,37.6,2.3000000000000003
4471,80719.0,False,276.1,37.800000000000004,2.2
4472,80734.0,False,276.2,37.9,2.1
4473,80758.0,False,276.3,38.300000000000004,1.5
4474,80767.0,False,276.3,38.400000000000006,1.2000000000000002
4475,80783.0,False,276.3,38.5,0.9
4476,80800.0,False,276.3,38.7,0.2
4477,80819.0,False,276.40000000000003,38.7,-0.5
4478,80848.0,False,276.3,38.400000000000006,-1.4000000000000001
4479,80881.0,False,275.90000000000003,37.800000000000004,-2.1
4480,80905.0,False,275.6,37.0,-2.5
4481,80921.0,False,275.5,36.5,-2.7
4482,80937.0,False,275.1,34.7,-3.4000000000000004
4483,80956.0,False,275.0,34.0,-3.6
4484,80967.0,False,274.6,32.5,-3.8000000000000003
4485,80987.0,False,274.1,31.0,-4.0
4486,81000.0,False,273.90000000000003,30.400000000000002,-4.1000000000000005
4487,81019.0,False,273.7,29.700000000000003,-4.2
4488,81034.0,False,273.40000000000003,28.8,-4.2
4489,81050.0,False,273.2,28.1,-4.2
4490,81067.0,False,273.2,27.900000000000002,-4.2
4491,81085.0,False,273.40000000000003,27.900000000000002,-4.1000000000000005
4492,81101.0,False,273.8,28.400000000000002,-4.0
4493,81117.0,False,274.1,28.8,-3.9000000000000004
4494,81135.0,False,274.8,29.5,-4.0
4495,81157.0,False,275.5,30.200000000000003,-4.1000000000000005
4496,81171.0,False,276.3,30.900000000000002,-4.1000000000000005
4497,81183.0,False,276.6,31.3,-4.1000000000000005
4498,81200.0,False,277.3,31.900000000000002,-3.9000000000000004
4499,81217.0,False,277.7,32.1,-3.9000000000000004
4500,81235.0,False,278.40000000000003,32.4,-3.7
4501,81250.0,False,278.7,32.4,-3.7
4502,81266.0,False,279.2,32.300000000000004,-3.7
4503,81286.0,False,279.5,31.700000000000003,-3.8000000000000003
4504,81300.0,False,279.6,31.400000000000002,-3.8000000000000003
4505,81317.0,False,279.6,30.400000000000002,-3.7
4506,81335.0,False,279.3,29.3,-3.5
4507,81350.0,False,279.1,28.8,-3.2
4508,81368.0,False,278.8,27.900000000000002,-2.3000000000000003
4509,81386.0,False,278.90000000000003,27.200000000000003,-1.3
4510,81400.0,False,279.1,26.900000000000002,-1.0
4511,81423.0,False,280.40000000000003,26.3,-0.8
4512,81435.0,False,280.90000000000003,26.3,-1.0
4513,81455.0,False,281.8,26.5,-1.3
4514,81469.0,False,282.2,26.700000000000003,-1.3
4515,81485.0,False,283.2,27.1,-0.9
4516,81500.0,False,283.7,27.200000000000003,-0.7000000000000001
4517,81517.0,False,284.7,27.1,-0.2
4518,81537.0,False,285.7,27.1,0.2
4519,81556.0,False,286.8,27.0,0.4
4520,81571.0,False,287.40000000000003,27.0,0.30000000000000004
4521,81585.0,False,288.6,27.1,-0.1
4522,81600.0,False,289.2,27.200000000000003,-0.2
4523,81618.0,False,290.3,27.700000000000003,0.0
4524,81637.0,False,291.6,28.400000000000002,0.4
4525,81668.0,False,293.7,29.400000000000002,0.7000000000000001
4526,81684.0,False,295.3,29.8,0.6000000000000001
4527,81700.0,False,296.0,30.1,0.5
4528,81719.0,False,297.40000000000003,30.6,0.4
4529,81734.0,False,298.5,31.200000000000003,0.4
4530,81759.0,False,299.5,31.700000000000003,0.8
4531,81768.0,False,300.0,32.0,1.1
4532,81783.0,False,300.5,32.4,1.4000000000000001
4533,81800.0,False,301.40000000000003,33.0,2.2
4534,81821.0,False,302.5,33.7,2.9000000000000004
4535,81837.0,False,303.7,34.5,3.5
4536,81857.0,False,304.90000000000003,35.4,4.0
4537,81867.0,False,305.5,35.800000000000004,4.2
4538,81888.0,False,306.0,36.2,4.4
4539,81905.0,False,307.5,36.800000000000004,5.0
4540,81919.0,False,307.90000000000003,36.800000000000004,5.2
4541,81939.0,False,308.6,37.0,5.5
4542,81965.0,False,309.20000000000005,37.300000000000004,5.6000000000000005
4543,81968.0,False,309.5,37.5,5.6000000000000005
4544,81984.0,False,309.70000000000005,37.7,5.5
4545,82007.0,False,310.20000000000005,38.5,5.1000000000000005
4546,82017.0,False,310.3,38.6,5.0
4547,82035.0,False,310.40000000000003,38.6,4.9
4548,82055.0,False,310.5,38.400000000000006,4.9
4549,82071.0,False,310.6,37.7,4.800000000000001
4550,82089.0,False,310.6,36.5,4.4
4551,82101.0,False,310.6,35.800000000000004,4.0
4552,82117.0,False,310.6,35.0,3.7
4553,82137.0,False,310.6,32.7,2.5
4554,82152.0,False,310.6,31.900000000000002,2.2
4555,82169.0,False,310.6,30.5,1.5
4556,82183.0,False,310.6,29.900000000000002,1.1
4557,82200.0,False,310.70000000000005,28.900000000000002,0.4
4558,82220.0,False,310.8,28.200000000000003,-0.4
4559,82235.0,False,310.8,28.1,-0.8
4560,82253.0,False,310.90000000000003,28.3,-1.3
4561,82269.0,False,310.90000000000003,28.900000000000002,-1.4000000000000001
4562,82283.0,False,310.90000000000003,29.200000000000003,-1.4000000000000001
4563,82300.0,False,311.0,29.900000000000002,-1.4000000000000001
4564,82319.0,False,311.1,30.400000000000002,-1.4000000000000001
4565,82340.0,False,311.1,31.0,-1.3
4566,82363.0,False,311.0,31.400000000000002,-1.3
4567,82383.0,False,310.90000000000003,31.700000000000003,-1.3
4568,82403.0,False,310.8,31.900000000000002,-1.3
4569,82434.0,False,310.6,32.1,-1.3
4570,82452.0,False,310.40000000000003,32.0,-1.4000000000000001
4571,82470.0,False,310.20000000000005,31.700000000000003,-1.6
4572,82483.0,False,310.1,31.5,-1.6
4573,82501.0,False,309.70000000000005,31.0,-1.8
4574,82520.0,False,309.5,30.700000000000003,-1.8
4575,82534.0,False,309.1,30.3,-1.7000000000000002
4576,82552.0,False,309.1,30.0,-1.4000000000000001
4577,82567.0,False,309.40000000000003,30.0,-1.4000000000000001
4578,82583.0,False,310.1,30.0,-1.6
4579,82600.0,False,310.6,30.1,-1.9000000000000001
4580,82620.0,False,311.6,30.200000000000003,-2.7
4581,82637.0,False,312.5,30.400000000000002,-3.4000000000000004
4582,82652.0,False,313.1,30.400000000000002,-3.6
4583,82668.0,False,313.3,30.5,-3.3000000000000003
4584,82686.0,False,314.0,30.8,-2.4000000000000004
4585,82700.0,False,314.40000000000003,31.0,-1.9000000000000001
4586,82716.0,False,315.20000000000005,31.1,-0.9
4587,82734.0,False,315.90000000000003,30.900000000000002,-0.2
4588,82756.0,False,316.6,30.700000000000003,0.1
4589,82768.0,False,317.0,30.5,0.0
4590,82789.0,False,317.8,30.1,-0.30000000000000004
4591,82801.0,False,318.1,30.0,-0.30000000000000004
4592,82816.0,False,318.5,29.8,0.1
4593,82835.0,False,318.90000000000003,29.900000000000002,1.4000000000000001
4594,82853.0,False,319.40000000000003,30.0,2.9000000000000004
4595,82867.0,False,319.8,29.900000000000002,3.5
4596,82883.0,False,320.3,29.900000000000002,4.0
4597,82900.0,False,321.5,29.700000000000003,4.4
4598,82917.0,False,322.90000000000003,29.6,4.0
4599,82938.0,False,324.3,29.6,3.1
4600,82950.0,False,324.90000000000003,29.6,2.7
4601,82968.0,False,325.90000000000003,29.5,1.9000000000000001
4602,82986.0,False,326.5,29.400000000000002,1.7000000000000002
4603,83000.0,False,326.70000000000005,29.400000000000002,2.0
4604,83017.0,False,327.1,29.5,2.8000000000000003
4605,83036.0,False,327.70000000000005,29.700000000000003,3.7
4606,83060.0,False,328.6,30.200000000000003,4.3
4607,83069.0,False,329.0,30.5,4.4
4608,83085.0,False,330.0,31.200000000000003,4.4
4609,83100.0,False,330.5,31.6,4.2
4610,83122.0,False,331.40000000000003,32.300000000000004,3.8000000000000003
4611,83138.0,False,331.8,32.7,3.6
4612,83166.0,False,333.3,33.5,2.7
4613,83183.0,False,334.3,34.0,1.8
4614,83200.0,False,335.20000000000005,34.5,0.5
4615,83216.0,False,335.70000000000005,34.9,-0.9
4616,83237.0,False,335.90000000000003,35.300000000000004,-2.0
4617,83250.0,False,335.8,35.4,-2.4000000000000004
4618,83271.0,False,335.40000000000003,35.2,-3.1
4619,83284.0,False,335.1,35.1,-3.2
4620,83307.0,False,333.8,34.300000000000004,-3.3000000000000003
4621,83327.0,False,333.20000000000005,34.0,-3.2
4622,83338.0,False,332.1,33.2,-2.8000000000000003
4623,83362.0,False,330.8,32.1,-2.6
4624,83370.0,False,330.1,31.6,-2.4000000000000004
4625,83385.0,False,329.40000000000003,31.0,-2.2
4626,83400.0,False,328.0,30.0,-1.7000000000000002
4627,83416.0,False,327.3,29.6,-1.4000000000000001
4628,83436.0,False,326.1,29.3,-0.9
4629,83450.0,False,325.3,29.3,-0.6000000000000001
4630,83470.0,False,324.8,29.400000000000002,-0.7000000000000001
4631,83488.0,False,324.40000000000003,29.5,-1.1
4632,83501.0,False,324.20000000000005,29.5,-1.2000000000000002
4633,83516.0,False,323.90000000000003,29.5,-1.3
4634,83534.0,False,323.40000000000003,29.400000000000002,-1.4000000000000001
4635,83557.0,False,322.90000000000003,29.3,-1.4000000000000001
4636,83567.0,False,322.6,29.200000000000003,-1.4000000000000001
4637,83583.0,False,322.1,29.1,-1.5
4638,83602.0,False,321.6,29.200000000000003,-1.7000000000000002
4639,83624.0,False,321.0,29.200000000000003,-2.0
4640,83636.0,False,320.8,29.3,-2.3000000000000003
4641,83653.0,False,320.40000000000003,29.3,-3.0
4642,83667.0,False,320.20000000000005,29.400000000000002,-3.4000000000000004
4643,83684.0,False,319.8,29.6,-4.3
4644,83700.0,False,319.70000000000005,29.700000000000003,-4.7
4645,83717.0,False,319.70000000000005,29.8,-5.6000000000000005
4646,83735.0,False,319.70000000000005,29.8,-6.1000000000000005
4647,83759.0,False,319.70000000000005,29.5,-6.300000000000001
4648,83767.0,False,319.8,29.3,-6.2
4649,83783.0,False,320.0,28.700000000000003,-5.800000000000001
4650,83801.0,False,320.1,28.400000000000002,-5.6000000000000005
4651,83818.0,False,320.5,27.8,-5.1000000000000005
4652,83834.0,False,321.0,27.6,-4.3
4653,83874.0,False,323.1,27.400000000000002,-3.4000000000000004
4654,83885.0,False,323.8,27.200000000000003,-3.4000000000000004
4655,83908.0,False,325.5,27.0,-3.6
4656,83917.0,False,326.3,26.900000000000002,-3.9000000000000004
4657,83936.0,False,328.0,26.900000000000002,-4.800000000000001
4658,83954.0,False,329.70000000000005,27.200000000000003,-5.5
4659,83967.0,False,330.5,27.5,-5.6000000000000005
4660,83990.0,False,332.20000000000005,28.1,-5.5
4661,84000.0,False,333.1,28.400000000000002,-5.300000000000001
4662,84017.0,False,334.90000000000003,28.8,-4.7
4663,84034.0,False,336.6,29.0,-4.1000000000000005
4664,84062.0,False,338.40000000000003,29.0,-3.8000000000000003
4665,84069.0,False,339.40000000000003,28.900000000000002,-3.8000000000000003
4666,84086.0,False,341.1,28.8,-4.1000000000000005
4667,84108.0,False,342.70000000000005,28.700000000000003,-4.3
4668,84117.0,False,343.5,28.700000000000003,-4.3
4669,84138.0,False,344.90000000000003,28.8,-4.0
4670,84151.0,False,345.6,29.0,-3.7
4671,84181.0,False,347.90000000000003,29.5,-2.7
4672,84205.0,False,350.20000000000005,30.200000000000003,-1.5
4673,84217.0,False,350.90000000000003,30.400000000000002,-1.2000000000000002
4674,84238.0,False,352.3,30.8,-0.5
4675,84268.0,False,354.3,31.5,0.5
4676,84287.0,False,355.6,31.900000000000002,0.9
4677,84301.0,False,356.20000000000005,32.1,1.0
4678,84317.0,False,357.20000000000005,32.5,1.2000000000000002
4679,84338.0,False,358.1,33.1,1.2000000000000002
4680,84351.0,False,358.6,33.4,1.2000000000000002
4681,84370.0,False,359.3,34.0,1.4000000000000001
4682,84384.0,False,359.6,34.2,1.6
4683,84400.0,False,0.1,34.4,2.0
4684,84416.0,False,0.5,34.1,2.1
4685,84433.0,False,0.7000000000000001,33.9,2.1
4686,84450.0,False,1.0,33.2,1.9000000000000001
4687,84469.0,False,1.1,32.5,2.1
4688,84485.0,False,1.2000000000000002,32.1,2.3000000000000003
4689,84500.0,False,1.4000000000000001,31.3,2.8000000000000003
4690,84522.0,False,1.9000000000000001,30.3,3.2
4691,84538.0,False,2.7,29.200000000000003,3.3000000000000003
4692,84570.0,False,4.3,28.200000000000003,2.6
4693,84583.0,False,4.9,28.0,2.2
4694,84611.0,False,6.800000000000001,28.200000000000003,0.9
4695,84618.0,False,7.300000000000001,28.3,0.7000000000000001
4696,84634.0,False,7.800000000000001,28.5,0.6000000000000001
4697,84657.0,False,8.5,28.900000000000002,0.8
4698,84666.0,False,8.8,29.1,1.0
4699,84684.0,False,9.5,29.700000000000003,1.5
4700,84701.0,False,10.3,30.200000000000003,1.6
4701,84718.0,False,11.0,30.6,1.4000000000000001
4702,84737.0,False,11.3,30.700000000000003,1.1
4703,84752.0,False,11.600000000000001,30.900000000000002,0.7000000000000001
4704,84768.0,False,11.600000000000001,31.0,0.5
4705,84801.0,False,11.200000000000001,30.8,0.7000000000000001
4706,84817.0,False,11.0,30.700000000000003,0.9
4707,84840.0,False,10.5,30.0,1.2000000000000002
4708,84850.0,False,10.3,29.700000000000003,1.3
4709,84868.0,False,10.100000000000001,29.400000000000002,1.2000000000000002
4710,84886.0,False,9.600000000000001,28.700000000000003,1.2000000000000002
4711,84900.0,False,9.1,28.0,1.2000000000000002
4712,84924.0,False,8.8,27.3,1.2000000000000002
4713,84934.0,False,8.8,27.0,1.1
4714,84964.0,False,9.200000000000001,26.5,0.8
4715,84984.0,False,9.8,26.6,0.6000000000000001
4716,85000.0,False,10.5,27.200000000000003,0.2
4717,85020.0,False,10.9,27.6,0.0
4718,85035.0,False,11.600000000000001,28.3,-0.4
4719,85055.0,False,12.200000000000001,28.8,-0.4
4720,85067.0,False,12.5,28.900000000000002,-0.30000000000000004
4721,85084.0,False,13.100000000000001,29.0,0.30000000000000004
4722,85101.0,False,13.4,28.900000000000002,0.5
4723,85127.0,False,14.5,28.200000000000003,0.7000000000000001
4724,85138.0,False,15.0,27.900000000000002,0.5
4725,85154.0,False,15.5,27.6,0.0
4726,85168.0,False,16.6,27.1,-1.2000000000000002
4727,85188.0,False,17.5,26.8,-2.6
4728,85200.0,False,18.0,26.900000000000002,-3.1
4729,85217.0,False,19.200000000000003,27.3,-4.0
4730,85234.0,False,20.6,27.900000000000002,-4.4
4731,85256.0,False,22.200000000000003,28.3,-4.5
4732,85269.0,False,23.1,28.5,-4.5
4733,85286.0,False,24.8,28.8,-4.5
4734,85306.0,False,26.5,29.200000000000003,-4.7
4735,85317.0,False,27.3,29.3,-4.800000000000001
4736,85340.0,False,28.700000000000003,29.8,-5.0
4737,85352.0,False,29.3,30.0,-5.1000000000000005
4738,85367.0,False,30.400000000000002,30.700000000000003,-5.0
4739,85385.0,False,31.400000000000002,31.700000000000003,-4.4
4740,85404.0,False,31.900000000000002,32.1,-4.1000000000000005
4741,85417.0,False,32.9,33.1,-3.3000000000000003
4742,85435.0,False,34.0,34.2,-2.6
4743,85461.0,False,35.1,35.2,-2.2
4744,85467.0,False,35.7,35.7,-2.1
4745,85489.0,False,36.800000000000004,36.6,-1.9000000000000001
4746,85500.0,False,37.4,37.0,-1.8
4747,85520.0,False,38.5,37.7,-1.8
4748,85539.0,False,39.6,38.2,-1.9000000000000001
4749,85560.0,False,40.6,38.400000000000006,-2.3000000000000003
4750,85574.0,False,41.1,38.5,-2.5
4751,85583.0,False,41.6,38.7,-2.8000000000000003
4752,85600.0,False,42.400000000000006,39.2,-3.5
4753,85623.0,False,43.2,39.5,-4.3
4754,85637.0,False,43.6,39.6,-4.800000000000001
4755,85664.0,False,44.400000000000006,39.5,-6.2
4756,85683.0,False,44.7,39.1,-7.1000000000000005
4757,85700.0,False,45.0,38.400000000000006,-8.1
4758,85720.0,False,45.1,37.1,-8.9
4759,85734.0,False,45.1,36.4,-9.200000000000001
4760,85750.0,False,44.800000000000004,34.6,-9.5
4761,85767.0,False,44.6,33.6,-9.4
4762,85783.0,False,44.1,31.8,-8.8
4763,85800.0,False,43.800000000000004,30.3,-8.3
4764,85821.0,False,43.900000000000006,29.6,-8.200000000000001
4765,85834.0,False,44.1,29.6,-8.4
4766,85852.0,False,44.5,30.0,-9.0
4767,85868.0,False,45.0,30.8,-9.9
4768,85883.0,False,45.300000000000004,31.200000000000003,-10.3
4769,85905.0,False,45.7,32.1,-10.9
4770,85922.0,False,45.900000000000006,32.7,-11.4
4771,85936.0,False,46.0,32.800000000000004,-11.5
4772,85961.0,False,45.6,32.7,-11.100000000000001
4773,85984.0,False,45.1,32.5,-10.3
4774,86000.0,False,44.800000000000004,32.4,-9.9
4775,86017.0,False,44.2,32.300000000000004,-8.9
4776,86034.0,False,43.800000000000004,32.300000000000004,-8.1
4777,86050.0,False,43.5,32.4,-7.6000000000000005
4778,86069.0,False,43.5,32.5,-7.5
4779,86083.0,False,43.6,32.6,-7.5
4780,86102.0,False,43.800000000000004,32.5,-7.9
4781,86116.0,False,43.900000000000006,32.300000000000004,-8.1
4782,86136.0,False,43.900000000000006,31.900000000000002,-8.3
4783,86150.0,False,43.900000000000006,31.5,-8.3
4784,86166.0,False,44.0,31.3,-8.200000000000001
4785,86186.0,False,44.300000000000004,31.200000000000003,-8.200000000000001
4786,86200.0,False,45.0,31.3,-8.4
4787,86216.0,False,45.300000000000004,31.3,-8.6
4788,86235.0,False,46.0,31.400000000000002,-8.9
4789,86263.0,False,47.5,31.6,-8.700000000000001
4790,86283.0,False,48.900000000000006,31.700000000000003,-8.6
4791,86300.0,False,49.6,31.8,-8.6
4792,86316.0,False,51.2,31.6,-8.8
4793,86334.0,False,52.800000000000004,31.3,-9.4
4794,86356.0,False,54.300000000000004,30.900000000000002,-10.200000000000001
4795,86369.0,False,55.0,30.8,-10.5
4796,86385.0,False,56.300000000000004,30.8,-11.0
4797,86400.0,False,57.0,31.0,-11.0
4798,86417.0,False,58.400000000000006,31.700000000000003,-10.8
4799,86433.0,False,59.900000000000006,32.4,-10.700000000000001
4800,86450.0,False,60.7,32.7,-10.700000000000001
4801,86466.0,False,62.2,33.300000000000004,-10.700000000000001
4802,86486.0,False,63.800000000000004,33.7,-11.0
4803,86500.0,False,64.5,33.800000000000004,-11.100000000000001
4804,86516.0,False,65.9,34.0,-11.5
4805,86534.0,False,66.9,34.2,-11.5
4806,86550.0,False,67.3,34.2,-11.3
4807,86569.0,False,67.8,34.300000000000004,-10.4
4808,86584.0,False,68.10000000000001,34.4,-8.9
4809,86601.0,False,68.3,34.4,-8.1
4810,86616.0,False,68.60000000000001,34.7,-6.2
4811,86634.0,False,69.10000000000001,35.0,-4.4
4812,86650.0,False,69.5,35.1,-3.7
4813,86668.0,False,70.5,35.4,-2.6
4814,86685.0,False,71.60000000000001,35.7,-2.0
4815,86700.0,False,72.2,35.9,-1.8
4816,86716.0,False,73.3,36.300000000000004,-1.6
4817,86733.0,False,73.9,36.5,-1.5
4818,86750.0,False,75.0,36.800000000000004,-1.4000000000000001
4819,86768.0,False,76.10000000000001,37.2,-1.3
4820,86783.0,False,76.80000000000001,37.4,-1.4000000000000001
4821,86802.0,False,78.10000000000001,38.0,-2.0
4822,86817.0,False,79.80000000000001,39.1,-2.8000000000000003
4823,86834.0,False,80.7,39.5,-3.4000000000000004
4824,86856.0,False,82.5,40.2,-4.9
4825,86868.0,False,84.2,40.400000000000006,-6.4
4826,86883.0,False,84.80000000000001,40.400000000000006,-7.0
4827,86902.0,False,85.60000000000001,40.0,-8.0
4828,86918.0,False,86.0,39.400000000000006,-8.3
4829,86934.0,False,86.2,39.0,-8.200000000000001
4830,86961.0,False,86.60000000000001,37.6,-7.1000000000000005
4831,86968.0,False,86.7,37.2,-6.6000000000000005
4832,86983.0,False,86.80000000000001,36.800000000000004,-6.1000000000000005
4833,87002.0,False,87.0,36.300000000000004,-5.1000000000000005
4834,87017.0,False,87.30000000000001,35.9,-4.4
4835,87034.0,False,87.60000000000001,35.9,-4.2
4836,87053.0,False,88.2,35.800000000000004,-4.0
4837,87069.0,False,88.7,35.7,-4.0
4838,87085.0,False,89.0,35.6,-4.0
4839,87100.0,False,89.30000000000001,35.2,-4.2
4840,87117.0,False,89.4,34.9,-4.4
4841,87138.0,False,89.60000000000001,34.300000000000004,-4.7
4842,87151.0,False,89.9,33.7,-5.1000000000000005
4843,87167.0,False,90.0,33.4,-5.300000000000001
4844,87185.0,False,90.30000000000001,32.9,-5.800000000000001
4845,87202.0,False,90.5,32.300000000000004,-6.4
4846,87218.0,False,90.60000000000001,31.900000000000002,-6.7
4847,87236.0,False,90.80000000000001,31.1,-7.2
4848,87254.0,False,91.0,30.0,-7.300000000000001
4849,87266.0,False,91.2,29.5,-7.4
4850,87287.0,False,91.80000000000001,28.5,-7.6000000000000005
4851,87301.0,False,92.5,27.900000000000002,-7.7
4852,87317.0,False,92.80000000000001,27.8,-7.4
4853,87335.0,False,93.5,27.700000000000003,-6.4
4854,87350.0,False,93.9,27.700000000000003,-5.800000000000001
4855,87371.0,False,95.60000000000001,28.200000000000003,-5.1000000000000005
4856,87383.0,False,96.5,28.400000000000002,-5.300000000000001
4857,87400.0,False,98.30000000000001,29.0,-6.300000000000001
4858,87417.0,False,99.0,29.3,-6.800000000000001
4859,87434.0,False,100.0,30.3,-7.0
4860,87455.0,False,100.4,31.5,-6.0
4861,87469.0,False,100.60000000000001,32.0,-5.300000000000001
4862,87490.0,False,101.5,32.4,-3.7
4863,87502.0,False,101.60000000000001,32.4,-3.3000000000000003
4864,87524.0,False,101.9,32.6,-2.4000000000000004
4865,87536.0,False,102.0,32.9,-2.0
4866,87550.0,False,102.10000000000001,33.2,-1.5
4867,87571.0,False,102.80000000000001,33.800000000000004,-0.7000000000000001
4868,87583.0,False,103.9,34.1,-0.2
4869,87601.0,False,104.5,34.2,0.0
4870,87617.0,False,105.80000000000001,34.2,0.1
4871,87635.0,False,107.10000000000001,34.2,0.30000000000000004
4872,87656.0,False,108.2,34.1,0.6000000000000001
4873,87671.0,False,108.7,34.0,0.8
4874,87687.0,False,109.30000000000001,33.5,1.2000000000000002
4875,87700.0,False,109.7,33.2,1.3
4876,87716.0,False,110.80000000000001,32.5,1.1
4877,87737.0,False,112.30000000000001,32.300000000000004,0.5
4878,87759.0,False,113.80000000000001,32.300000000000004,-0.4
4879,87767.0,False,114.5,32.300000000000004,-0.9
4880,87783.0,False,115.5,32.300000000000004,-1.7000000000000002
4881,87801.0,False,115.9,32.2,-2.0
4882,87820.0,False,116.60000000000001,32.0,-2.2
4883,87845.0,False,117.30000000000001,31.8,-1.6
4884,87885.0,False,117.7,31.3,-0.8
4885,87903.0,False,117.80000000000001,30.8,-0.6000000000000001
4886,87917.0,False,118.10000000000001,30.700000000000003,-0.4
4887,87933.0,False,118.4,30.900000000000002,-0.30000000000000004
4888,87951.0,False,119.2,31.700000000000003,0.0
4889,87969.0,False,120.0,32.5,0.1
4890,87986.0,False,120.9,33.2,0.2
4891,88000.0,False,121.30000000000001,33.4,0.30000000000000004
4892,88018.0,False,122.10000000000001,33.800000000000004,0.4
4893,88034.0,False,122.4,33.9,0.4
4894,88051.0,False,122.80000000000001,33.9,0.30000000000000004
4895,88068.0,False,123.0,33.800000000000004,0.4
4896,88083.0,False,123.0,33.6,0.4
4897,88107.0,False,122.80000000000001,32.9,1.4000000000000001
4898,88117.0,False,122.80000000000001,32.800000000000004,1.9000000000000001
4899,88138.0,False,123.10000000000001,32.4,2.6
4900,88161.0,False,123.80000000000001,31.8,2.7
4901,88174.0,False,124.30000000000001,31.5,2.4000000000000004
4902,88183.0,False,124.80000000000001,31.200000000000003,2.0
4903,88200.0,False,126.10000000000001,30.5,0.9
4904,88218.0,False,126.9,30.0,-0.1
4905,88236.0,False,127.10000000000001,30.0,-0.30000000000000004
4906,88254.0,False,127.30000000000001,30.1,-0.1
4907,88267.0,False,127.60000000000001,30.1,0.4
4908,88283.0,False,127.80000000000001,30.1,0.6000000000000001
4909,88300.0,False,128.0,30.0,1.1
4910,88316.0,False,128.1,30.0,1.4000000000000001
4911,88336.0,False,128.3,29.8,1.6
4912,88353.0,False,128.5,29.8,1.8
4913,88370.0,False,128.9,29.700000000000003,1.8
4914,88383.0,False,129.1,29.700000000000003,1.7000000000000002
4915,88402.0,False,129.20000000000002,29.5,1.4000000000000001
4916,88420.0,False,128.9,29.1,1.4000000000000001
4917,88441.0,False,128.4,28.700000000000003,1.8
4918,88464.0,False,128.20000000000002,28.3,2.4000000000000004
4919,88483.0,False,128.5,28.1,2.8000000000000003
4920,88503.0,False,129.1,28.3,2.7
4921,88516.0,False,129.6,28.6,2.5
4922,88536.0,False,130.4,29.700000000000003,1.9000000000000001
4923,88553.0,False,131.4,31.1,1.4000000000000001
4924,88569.0,False,132.4,32.5,1.1
4925,88583.0,False,133.0,33.1,0.9
4926,88600.0,False,134.20000000000002,33.9,0.6000000000000001
4927,88623.0,False,135.4,34.4,0.1
4928,88635.0,False,136.0,34.5,-0.2
4929,88664.0,False,137.6,34.2,-1.0
4930,88683.0,False,138.20000000000002,33.7,-1.1
4931,88701.0,False,138.5,32.7,-0.9
4932,88718.0,False,138.5,32.0,-0.8
4933,88734.0,False,138.4,30.5,-0.30000000000000004
4934,88754.0,False,138.1,29.1,0.5
4935,88767.0,False,137.9,28.6,1.1
4936,88783.0,False,137.8,27.900000000000002,2.2
4937,88800.0,False,137.8,27.700000000000003,2.6
4938,88817.0,False,138.1,27.6,2.9000000000000004
4939,88837.0,False,138.6,27.400000000000002,2.5
4940,88854.0,False,139.0,27.400000000000002,2.0
4941,88869.0,False,139.20000000000002,27.3,1.8
4942,88884.0,False,139.6,27.400000000000002,1.9000000000000001
4943,88900.0,False,139.70000000000002,27.400000000000002,2.2
4944,88919.0,False,139.70000000000002,27.3,3.0
4945,88938.0,False,139.70000000000002,26.8,3.9000000000000004
4946,88953.0,False,139.70000000000002,26.400000000000002,4.4
4947,88966.0,False,139.70000000000002,25.6,5.300000000000001
4948,88989.0,False,140.0,24.700000000000003,5.800000000000001
4949,89000.0,False,140.20000000000002,24.3,5.9
4950,89017.0,False,140.70000000000002,23.6,6.0
4951,89036.0,False,141.20000000000002,23.3,5.9
4952,89059.0,False,141.8,23.200000000000003,5.5
4953,89072.0,False,142.20000000000002,23.3,5.4
4954,89085.0,False,143.20000000000002,23.8,5.1000000000000005
4955,89100.0,False,143.8,24.1,4.9
4956,89123.0,False,145.3,24.700000000000003,4.4
4957,89140.0,False,146.8,25.5,3.9000000000000004
4958,89155.0,False,147.5,25.900000000000002,3.6
4959,89185.0,False,149.6,27.0,2.4000000000000004
4960,89199.0,False,150.70000000000002,27.6,1.2000000000000002
4961,89216.0,False,151.4,27.700000000000003,0.1
4962,89235.0,False,151.6,27.6,-0.2
4963,89250.0,False,151.6,26.900000000000002,-0.5
4964,89272.0,False,151.3,25.8,0.1
4965,89284.0,False,151.0,25.200000000000003,0.5
4966,89300.0,False,150.6,24.1,1.6
4967,89317.0,False,150.20000000000002,23.1,2.6
4968,89338.0,False,150.3,22.6,3.4000000000000004
4969,89350.0,False,150.5,22.5,3.5
4970,89371.0,False,151.0,22.900000000000002,3.3000000000000003
4971,89388.0,False,151.4,23.8,2.9000000000000004
4972,89409.0,False,151.6,25.0,2.4000000000000004
4973,89436.0,False,151.6,25.900000000000002,2.1
4974,89452.0,False,151.6,26.5,1.9000000000000001
4975,89468.0,False,151.70000000000002,26.6,1.6
4976,89485.0,False,151.70000000000002,26.6,1.4000000000000001
4977,89500.0,False,151.70000000000002,26.5,1.2000000000000002
4978,89520.0,False,151.6,26.6,1.1
4979,89534.0,False,151.4,26.6,1.2000000000000002
4980,89552.0,False,151.20000000000002,26.6,1.3
4981,89570.0,False,151.1,26.700000000000003,1.4000000000000001
4982,89626.0,False,150.9,26.900000000000002,1.5
4983,89666.0,False,151.0,27.200000000000003,0.9
4984,89683.0,False,151.20000000000002,27.700000000000003,0.6000000000000001
4985,89700.0,False,151.5,28.3,0.2
4986,89717.0,False,151.70000000000002,28.700000000000003,0.1
4987,89735.0,False,152.3,29.5,-0.30000000000000004
4988,89753.0,False,153.0,30.3,-0.7000000000000001
4989,89771.0,False,154.0,30.900000000000002,-1.2000000000000002
4990,89783.0,False,154.5,31.200000000000003,-1.4000000000000001
4991,89801.0,False,155.5,31.700000000000003,-1.5
4992,89816.0,False,156.0,31.900000000000002,-1.5
4993,89839.0,False,157.0,32.2,-1.5
4994,89852.0,False,157.5,32.300000000000004,-1.5
4995,89869.0,False,158.4,32.4,-1.4000000000000001
4996,89885.0,False,159.20000000000002,32.300000000000004,-1.3
4997,89903.0,False,159.5,32.1,-0.9
4998,89916.0,False,159.60000000000002,32.0,-0.7000000000000001
4999,89935.0,False,159.5,31.700000000000003,0.1
5000,89955.0,False,159.3,31.400000000000002,1.0
5001,89969.0,False,159.3,31.200000000000003,1.5
5002,89983.0,False,159.20000000000002,30.8,2.0
5003,90001.0,False,159.3,30.3,2.1
5004,90017.0,False,159.5,30.0,2.0
5005,90035.0,False,159.9,29.400000000000002,1.6
5006,90056.0,False,160.4,28.700000000000003,0.8
5007,90066.0,False,160.70000000000002,28.400000000000002,0.4
5008,90083.0,False,161.0,27.700000000000003,-0.1
5009,90108.0,False,161.10000000000002,27.200000000000003,0.0
5010,90116.0,False,161.10000000000002,27.1,0.4
5011,90138.0,False,161.20000000000002,27.0,1.4000000000000001
5012,90165.0,False,161.8,27.1,2.7
5013,90183.0,False,162.4,27.3,3.2
5014,90200.0,False,162.8,27.400000000000002,3.4000000000000004
5015,90216.0,False,163.5,27.700000000000003,3.4000000000000004
5016,90237.0,False,164.0,27.700000000000003,3.2
5017,90256.0,False,164.3,27.700000000000003,3.1
5018,90268.0,False,164.70000000000002,27.6,2.9000000000000004
5019,90283.0,False,165.20000000000002,27.400000000000002,2.7
5020,90300.0,False,165.5,27.400000000000002,2.6
5021,90320.0,False,166.10000000000002,27.700000000000003,2.3000000000000003
5022,90338.0,False,166.70000000000002,28.200000000000003,2.0
5023,90355.0,False,167.10000000000002,28.8,1.8
5024,90374.0,False,167.3,29.200000000000003,1.7000000000000002
5025,90392.0,False,167.5,29.6,1.7000000000000002
5026,90403.0,False,167.60000000000002,29.8,1.6
5027,90419.0,False,167.5,29.700000000000003,1.4000000000000001
5028,90436.0,False,167.3,29.5,1.4000000000000001
5029,90459.0,False,167.0,29.3,1.6
5030,90468.0,False,166.8,29.3,1.7000000000000002
5031,90500.0,False,166.5,29.200000000000003,2.0
5032,90522.0,False,166.3,29.1,2.1
5033,90535.0,False,166.20000000000002,29.0,2.0
5034,90560.0,False,166.20000000000002,28.8,1.2000000000000002
5035,90583.0,False,166.20000000000002,28.900000000000002,0.30000000000000004
5036,90600.0,False,166.20000000000002,29.6,-0.6000000000000001
5037,90618.0,False,166.3,31.0,-1.6
5038,90634.0,False,166.4,31.8,-2.1
5039,90660.0,False,167.0,34.5,-3.4000000000000004
5040,90684.0,False,167.70000000000002,36.2,-3.9000000000000004
5041,90700.0,False,168.4,37.5,-4.2
5042,90716.0,False,168.8,37.9,-4.2
5043,90734.0,False,169.3,38.0,-4.4
5044,90752.0,False,169.70000000000002,37.6,-4.7
5045,90766.0,False,169.70000000000002,37.300000000000004,-4.800000000000001
5046,90784.0,False,169.4,36.7,-4.9
5047,90804.0,False,168.9,36.2,-4.7
5048,90819.0,False,168.4,36.0,-4.5
5049,90834.0,False,168.10000000000002,35.9,-4.3
5050,90853.0,False,167.8,36.0,-4.2
5051,90866.0,False,167.60000000000002,36.0,-4.2
5052,90883.0,False,167.5,35.800000000000004,-4.4
5053,90903.0,False,167.4,35.300000000000004,-4.800000000000001
5054,90920.0,False,167.3,34.6,-5.1000000000000005
5055,90933.0,False,167.20000000000002,34.2,-5.1000000000000005
5056,90951.0,False,167.10000000000002,33.7,-5.1000000000000005
5057,90967.0,False,167.10000000000002,33.6,-5.0
5058,90989.0,False,167.4,33.9,-4.5
5059,91000.0,False,167.70000000000002,34.2,-4.5
5060,91018.0,False,168.0,34.6,-4.5
5061,91034.0,False,168.8,35.4,-4.800000000000001
5062,91052.0,False,169.20000000000002,35.800000000000004,-5.1000000000000005
5063,91083.0,False,171.10000000000002,37.300000000000004,-6.1000000000000005
5064,91102.0,False,172.10000000000002,37.9,-6.5
5065,91119.0,False,172.60000000000002,38.1,-6.6000000000000005
5066,91136.0,False,173.60000000000002,38.400000000000006,-6.6000000000000005
5067,91153.0,False,174.60000000000002,38.400000000000006,-6.800000000000001
5068,91166.0,False,175.20000000000002,38.400000000000006,-7.0
5069,91183.0,False,176.4,38.5,-7.9
5070,91201.0,False,177.60000000000002,38.7,-8.9
5071,91216.0,False,178.10000000000002,39.0,-9.3
5072,91237.0,False,179.0,39.7,-9.700000000000001
5073,91250.0,False,179.3,40.0,-9.600000000000001
5074,91276.0,False,180.20000000000002,40.2,-9.0
5075,91303.0,False,180.9,39.800000000000004,-7.9
5076,91316.0,False,181.10000000000002,39.5,-7.5
5077,91335.0,False,181.60000000000002,38.800000000000004,-6.6000000000000005
5078,91349.0,False,181.9,38.300000000000004,-6.2
5079,91369.0,False,182.60000000000002,37.2,-5.4
5080,91385.0,False,183.10000000000002,36.0,-4.2
5081,91399.0,False,183.3,35.300000000000004,-3.5
5082,91416.0,False,183.5,34.6,-2.6
5083,91442.0,False,183.9,32.1,1.5
5084,91466.0,False,183.9,31.8,3.4000000000000004
5085,91486.0,False,183.9,32.0,5.1000000000000005
5086,91500.0,False,183.9,32.2,5.7
5087,91516.0,False,183.9,32.7,6.7
5088,91535.0,False,183.9,33.1,7.2
5089,91551.0,False,183.9,33.4,7.4
5090,91569.0,False,184.0,34.0,7.4
5091,91584.0,False,184.10000000000002,34.4,7.300000000000001
5092,91605.0,False,184.5,35.800000000000004,6.7
5093,91616.0,False,184.70000000000002,36.4,6.4
5094,91637.0,False,185.20000000000002,37.4,5.7
5095,91650.0,False,185.5,37.7,5.300000000000001
5096,91685.0,False,186.60000000000002,38.1,3.3000000000000003
5097,91700.0,False,186.70000000000002,38.1,2.9000000000000004
5098,91717.0,False,187.0,37.9,2.6
5099,91737.0,False,186.9,37.4,3.0
5100,91749.0,False,186.70000000000002,37.0,3.5
5101,91768.0,False,186.10000000000002,35.9,5.2
5102,91783.0,False,185.8,35.300000000000004,6.300000000000001
5103,91800.0,False,185.20000000000002,33.9,8.6
5104,91816.0,False,184.8,32.5,10.5
5105,91833.0,False,184.8,32.0,11.100000000000001
5106,91852.0,False,184.9,31.5,11.4
5107,91868.0,False,185.10000000000002,31.6,10.100000000000001
5108,91883.0,False,185.3,31.8,9.1
5109,91900.0,False,185.60000000000002,32.4,6.5
5110,91917.0,False,185.8,33.0,4.2
5111,91937.0,False,185.8,33.300000000000004,3.4000000000000004
5112,91962.0,False,186.3,33.6,1.7000000000000002
5113,91970.0,False,186.5,33.4,1.2000000000000002
5114,91985.0,False,186.70000000000002,33.0,0.6000000000000001
5115,92000.0,False,186.9,32.0,-0.9
5116,92018.0,False,186.4,31.400000000000002,-1.9000000000000001
5117,92034.0,False,185.9,31.1,-2.2
5118,92051.0,False,184.8,30.700000000000003,-2.2
5119,92066.0,False,184.20000000000002,30.3,-2.0
5120,92083.0,False,183.3,29.200000000000003,-1.4000000000000001
5121,92103.0,False,182.70000000000002,27.700000000000003,-0.8
5122,92116.0,False,182.60000000000002,26.900000000000002,-0.6000000000000001
5123,92135.0,False,182.8,25.6,-0.5
5124,92151.0,False,183.4,24.900000000000002,-1.1
5125,92166.0,False,183.9,24.8,-1.7000000000000002
5126,92183.0,False,184.8,24.6,-3.2
5127,92200.0,False,185.8,24.400000000000002,-4.7
5128,92221.0,False,186.70000000000002,24.400000000000002,-5.7
5129,92235.0,False,187.20000000000002,24.5,-5.9
5130,92253.0,False,188.10000000000002,24.8,-5.6000000000000005
5131,92268.0,False,188.60000000000002,24.900000000000002,-5.1000000000000005
5132,92283.0,False,189.4,25.200000000000003,-4.0
5133,92301.0,False,190.0,25.6,-2.6
5134,92318.0,False,190.3,25.900000000000002,-1.8
5135,92342.0,False,191.3,26.5,0.30000000000000004
5136,92353.0,False,191.70000000000002,26.6,0.7000000000000001
5137,92367.0,False,192.0,26.6,1.1
5138,92383.0,False,192.60000000000002,26.8,1.9000000000000001
5139,92400.0,False,192.9,26.8,2.3000000000000003
5140,92420.0,False,193.5,26.8,3.2
5141,92437.0,False,194.20000000000002,26.6,3.9000000000000004
5142,92453.0,False,195.0,26.400000000000002,4.5
5143,92484.0,False,196.4,26.8,5.4
5144,92500.0,False,196.9,27.200000000000003,5.800000000000001
5145,92516.0,False,197.8,27.900000000000002,6.6000000000000005
5146,92535.0,False,199.0,28.400000000000002,7.1000000000000005
5147,92553.0,False,200.3,28.400000000000002,7.1000000000000005
5148,92573.0,False,201.5,28.200000000000003,6.7
5149,92588.0,False,202.0,28.0,6.4
5150,92604.0,False,202.9,28.1,6.1000000000000005
5151,92618.0,False,203.3,28.200000000000003,6.2
5152,92636.0,False,204.20000000000002,28.5,6.800000000000001
5153,92656.0,False,205.3,28.900000000000002,7.5
5154,92666.0,False,205.9,29.0,7.800000000000001
5155,92684.0,False,207.20000000000002,29.200000000000003,8.200000000000001
5156,92700.0,False,207.9,29.400000000000002,8.3
5157,92720.0,False,209.20000000000002,29.700000000000003,8.4
5158,92739.0,False,210.60000000000002,30.200000000000003,8.6
5159,92750.0,False,211.3,30.400000000000002,8.8
5160,92769.0,False,212.60000000000002,30.900000000000002,9.0
5161,92785.0,False,213.70000000000002,31.200000000000003,9.1
5162,92809.0,False,214.5,31.5,9.1
5163,92819.0,False,214.8,31.8,9.1
5164,92839.0,False,215.4,32.5,9.200000000000001
5165,92857.0,False,216.0,33.300000000000004,9.3
5166,92872.0,False,216.3,33.7,9.3
5167,92883.0,False,216.60000000000002,34.1,9.3
5168,92900.0,False,217.20000000000002,34.7,9.0
5169,92916.0,False,217.60000000000002,35.0,8.6
5170,92936.0,False,217.9,35.1,8.3
5171,92952.0,False,218.10000000000002,35.2,8.200000000000001
5172,92973.0,False,218.4,35.0,8.1
5173,92983.0,False,218.5,34.800000000000004,8.0
5174,93006.0,False,218.9,34.1,8.1
5175,93023.0,False,219.0,33.800000000000004,8.200000000000001
5176,93036.0,False,219.3,33.2,8.6
5177,93049.0,False,219.5,32.800000000000004,8.8
5178,93066.0,False,220.0,32.2,9.1
5179,93089.0,False,220.4,31.700000000000003,9.4
5180,93100.0,False,220.70000000000002,31.5,9.4
5181,93117.0,False,221.10000000000002,31.3,9.4
5182,93162.0,False,221.5,31.1,9.8
5183,93183.0,False,221.60000000000002,31.0,10.4
5184,93200.0,False,221.70000000000002,30.900000000000002,11.100000000000001
5185,93218.0,False,221.8,30.900000000000002,11.700000000000001
5186,93237.0,False,221.9,30.900000000000002,12.0
5187,93250.0,False,222.0,31.0,12.5
5188,93274.0,False,222.0,31.200000000000003,12.8
5189,93291.0,False,222.0,31.5,13.0
5190,93299.0,False,222.0,31.6,13.100000000000001
5191,93319.0,False,221.8,31.8,13.4
5192,93333.0,False,221.70000000000002,31.900000000000002,13.5
5193,93349.0,False,221.5,31.900000000000002,13.8
5194,93383.0,False,221.20000000000002,31.700000000000003,14.0
5195,93399.0,False,221.0,31.400000000000002,13.9
5196,93416.0,False,220.9,31.3,13.9
5197,93436.0,False,220.70000000000002,31.3,13.9
5198,93450.0,False,220.8,31.5,13.9
5199,93466.0,False,221.0,31.700000000000003,13.8
5200,93486.0,False,221.60000000000002,32.1,13.5
5201,93500.0,False,222.4,32.4,13.100000000000001
5202,93519.0,False,222.9,32.4,12.8
5203,93533.0,False,223.8,32.6,12.3
5204,93551.0,False,224.70000000000002,32.800000000000004,11.9
5205,93568.0,False,225.10000000000002,33.0,11.700000000000001
5206,93585.0,False,226.20000000000002,33.2,11.100000000000001
5207,93599.0,False,226.70000000000002,33.300000000000004,10.8
5208,93616.0,False,227.60000000000002,33.4,10.3
5209,93634.0,False,228.20000000000002,33.300000000000004,9.9
5210,93652.0,False,228.70000000000002,33.0,9.8
5211,93673.0,False,229.10000000000002,32.7,9.8
5212,93684.0,False,229.20000000000002,32.6,9.8
5213,93699.0,False,229.4,32.5,9.9
5214,93716.0,False,229.8,32.5,10.0
5215,93737.0,False,230.20000000000002,32.6,10.3
5216,93749.0,False,230.4,32.7,10.4
5217,93767.0,False,230.70000000000002,32.800000000000004,10.8
5218,93785.0,False,231.0,32.6,11.100000000000001
5219,93799.0,False,231.10000000000002,32.5,11.200000000000001
5220,93818.0,False,231.4,32.0,11.200000000000001
5221,93834.0,False,231.5,31.400000000000002,11.3
5222,93850.0,False,231.5,31.0,11.4
5223,93866.0,False,231.4,30.400000000000002,11.700000000000001
5224,93883.0,False,231.3,29.8,12.200000000000001
5225,93900.0,False,231.3,29.6,12.4
5226,93916.0,False,231.4,29.0,12.700000000000001
5227,93937.0,False,231.60000000000002,28.6,12.9
5228,93961.0,False,231.8,28.3,12.9
5229,93986.0,False,232.0,28.1,12.9
5230,94005.0,False,232.10000000000002,28.0,13.0
5231,94034.0,False,232.3,27.900000000000002,13.100000000000001
5232,94058.0,False,232.70000000000002,27.900000000000002,13.100000000000001
5233,94066.0,False,233.0,27.900000000000002,12.9
5234,94084.0,False,233.3,27.8,12.8
5235,94100.0,False,233.8,27.8,12.200000000000001
5236,94116.0,False,234.3,28.1,11.700000000000001
5237,94137.0,False,234.60000000000002,28.6,11.3
5238,94150.0,False,234.8,29.0,11.200000000000001
5239,94166.0,False,235.0,29.200000000000003,11.200000000000001
5240,94187.0,False,235.70000000000002,29.700000000000003,10.9
5241,94200.0,False,235.9,29.8,10.700000000000001
5242,94216.0,False,236.10000000000002,29.8,10.200000000000001
5243,94254.0,False,236.0,30.0,10.3
5244,94269.0,False,235.9,30.400000000000002,10.8
5245,94285.0,False,235.9,30.6,11.0
5246,94303.0,False,235.60000000000002,31.1,11.5
5247,94318.0,False,235.10000000000002,31.900000000000002,12.100000000000001
5248,94334.0,False,234.70000000000002,32.300000000000004,12.4
5249,94349.0,False,233.8,33.0,13.200000000000001
5250,94367.0,False,233.0,33.2,13.600000000000001
5251,94383.0,False,232.70000000000002,32.9,13.5
5252,94405.0,False,232.4,32.0,13.0
5253,94416.0,False,232.3,31.400000000000002,12.700000000000001
5254,94433.0,False,231.9,30.200000000000003,12.4
5255,94456.0,False,231.10000000000002,29.400000000000002,12.8
5256,94466.0,False,230.70000000000002,29.0,13.3
5257,94483.0,False,230.0,28.3,14.4
5258,94500.0,False,229.4,27.700000000000003,15.5
5259,94519.0,False,229.0,27.3,16.3
5260,94533.0,False,228.9,27.3,16.5
5261,94549.0,False,228.8,27.5,16.3
5262,94566.0,False,228.8,27.700000000000003,16.1
5263,94584.0,False,228.8,28.3,15.5
5264,94601.0,False,228.60000000000002,29.0,15.100000000000001
5265,94624.0,False,228.4,29.8,14.9
5266,94634.0,False,228.4,30.1,14.9
5267,94668.0,False,228.5,30.900000000000002,15.100000000000001
5268,94683.0,False,228.70000000000002,31.200000000000003,15.200000000000001
5269,94700.0,False,229.0,31.400000000000002,15.3
5270,94716.0,False,229.20000000000002,31.5,15.4
5271,94734.0,False,229.70000000000002,31.5,15.3
5272,94757.0,False,230.20000000000002,31.5,15.0
5273,94773.0,False,230.8,31.400000000000002,14.8
5274,94783.0,False,231.10000000000002,31.400000000000002,14.700000000000001
5275,94800.0,False,231.8,31.3,14.4
5276,94816.0,False,232.20000000000002,31.1,14.4
5277,94837.0,False,233.0,30.700000000000003,14.3
5278,94851.0,False,233.8,30.400000000000002,14.5
5279,94868.0,False,234.3,30.400000000000002,14.600000000000001
5280,94886.0,False,235.3,30.6,14.4
5281,94905.0,False,236.10000000000002,31.1,13.600000000000001
5282,94917.0,False,236.3,31.5,13.100000000000001
5283,94944.0,False,236.8,33.4,11.8
5284,94980.0,False,237.60000000000002,35.300000000000004,11.200000000000001
5285,94984.0,False,238.0,35.7,11.0
5286,95000.0,False,238.5,36.1,10.9
5287,95020.0,False,239.5,36.6,10.8
5288,95040.0,False,240.4,36.800000000000004,10.700000000000001
5289,95058.0,False,241.4,36.800000000000004,10.600000000000001
5290,95080.0,False,242.3,36.6,10.4
5291,95083.0,False,242.60000000000002,36.4,10.3
5292,95103.0,False,243.0,36.1,10.200000000000001
5293,95116.0,False,243.3,35.6,10.0
5294,95139.0,False,243.3,35.0,10.100000000000001
5295,95155.0,False,243.3,34.6,10.5
5296,95166.0,False,243.3,34.5,10.8
5297,95185.0,False,243.5,34.2,11.200000000000001
5298,95199.0,False,243.70000000000002,34.1,11.3
5299,95218.0,False,244.20000000000002,34.0,11.200000000000001
5300,95235.0,False,244.70000000000002,33.9,10.8
5301,95250.0,False,244.9,33.800000000000004,10.600000000000001
5302,95266.0,False,245.4,33.800000000000004,9.9
5303,95283.0,False,245.60000000000002,33.7,9.600000000000001
5304,95305.0,False,246.0,34.1,8.700000000000001
5305,95317.0,False,246.10000000000002,34.4,8.5
5306,95342.0,False,246.60000000000002,35.0,8.0
5307,95350.0,False,246.8,35.300000000000004,7.7
5308,95389.0,False,247.20000000000002,35.9,6.6000000000000005
5309,95401.0,False,247.20000000000002,35.800000000000004,6.5
5310,95416.0,False,246.70000000000002,35.5,6.5
5311,95435.0,False,246.4,35.300000000000004,6.7
5312,95463.0,False,245.3,34.0,7.6000000000000005
5313,95466.0,False,245.0,33.5,7.9
5314,95483.0,False,244.60000000000002,32.9,8.200000000000001
5315,95499.0,False,243.60000000000002,31.6,8.700000000000001
5316,95518.0,False,242.4,30.1,9.5
5317,95538.0,False,241.70000000000002,29.400000000000002,10.0
5318,95549.0,False,240.70000000000002,28.1,11.100000000000001
5319,95583.0,False,240.5,26.900000000000002,12.100000000000001
5320,95599.0,False,240.9,26.900000000000002,11.9
5321,95616.0,False,241.20000000000002,27.200000000000003,11.5
5322,95634.0,False,241.60000000000002,28.0,10.5
5323,95652.0,False,241.9,29.0,9.600000000000001
5324,95672.0,False,242.20000000000002,29.8,8.9
5325,95686.0,False,242.4,30.1,8.700000000000001
5326,95699.0,False,242.8,30.400000000000002,8.4
5327,95736.0,False,243.10000000000002,30.700000000000003,8.200000000000001
5328,95752.0,False,243.20000000000002,31.0,8.3
5329,95766.0,False,243.20000000000002,31.200000000000003,8.3
5330,95783.0,False,243.0,31.6,8.5
5331,95800.0,False,242.9,32.1,8.6
5332,95816.0,False,242.8,32.2,8.6
5333,95844.0,False,242.60000000000002,32.4,8.4
5334,95884.0,False,242.3,31.900000000000002,6.9
5335,95900.0,False,241.9,31.5,5.6000000000000005
5336,95916.0,False,241.60000000000002,31.400000000000002,5.0
5337,95935.0,False,241.10000000000002,31.6,4.3
5338,95950.0,False,240.9,32.0,4.1000000000000005
5339,95966.0,False,240.9,32.2,4.0
5340,95984.0,False,241.20000000000002,32.2,3.5
5341,96000.0,False,241.5,32.0,3.2
5342,96016.0,False,241.60000000000002,31.900000000000002,3.1
5343,96033.0,False,241.9,32.1,3.5
5344,96059.0,False,242.3,32.6,4.0
5345,96066.0,False,242.60000000000002,32.800000000000004,4.1000000000000005
5346,96087.0,False,243.3,33.1,4.4
5347,96100.0,False,243.60000000000002,33.2,4.5
5348,96118.0,False,243.9,33.2,4.7
5349,96141.0,False,244.8,32.9,5.1000000000000005
5350,96149.0,False,245.3,32.7,5.2
5351,96173.0,False,246.4,32.2,5.6000000000000005
5352,96183.0,False,246.8,32.1,5.800000000000001
5353,96202.0,False,247.70000000000002,32.0,6.4
5354,96217.0,False,248.3,32.0,6.7
5355,96235.0,False,249.60000000000002,31.700000000000003,6.9
5356,96249.0,False,250.3,31.5,6.800000000000001
5357,96280.0,False,252.8,30.700000000000003,6.0
5358,96284.0,False,253.70000000000002,30.400000000000002,5.6000000000000005
5359,96309.0,False,255.5,30.0,4.9
5360,96316.0,False,256.5,29.900000000000002,4.6000000000000005
5361,96333.0,False,258.2,29.8,3.9000000000000004
5362,96349.0,False,259.1,29.8,3.5
5363,96366.0,False,260.7,29.900000000000002,3.0
5364,96384.0,False,262.3,30.400000000000002,2.6
5365,96399.0,False,263.1,30.700000000000003,2.4000000000000004
5366,96426.0,False,265.90000000000003,31.8,1.8
5367,96449.0,False,267.7,32.4,1.3
5368,96467.0,False,269.2,33.1,1.0
5369,96488.0,False,270.5,33.7,0.9
5370,96500.0,False,271.0,34.0,0.9
5371,96516.0,False,272.0,34.5,0.9
5372,96533.0,False,272.5,34.7,0.9
5373,96564.0,False,273.90000000000003,35.5,0.6000000000000001
5374,96572.0,False,274.3,35.9,0.5
5375,96583.0,False,274.6,36.2,0.4
5376,96602.0,False,275.1,36.7,0.30000000000000004
5377,96618.0,False,275.2,37.1,0.4
5378,96633.0,False,275.1,37.2,0.5
5379,96649.0,False,274.8,36.9,0.9
5380,96666.0,False,274.2,36.1,1.3
5381,96683.0,False,273.8,35.7,1.6
5382,96700.0,False,272.8,34.7,2.5
5383,96719.0,False,271.6,33.5,3.5
5384,96733.0,False,271.0,32.9,4.1000000000000005
5385,96752.0,False,269.90000000000003,31.5,5.1000000000000005
5386,96766.0,False,268.90000000000003,30.3,6.0
5387,96783.0,False,268.6,29.8,6.4
5388,96804.0,False,268.40000000000003,29.1,6.800000000000001
5389,96818.0,False,268.5,29.200000000000003,6.7
5390,96833.0,False,268.7,29.400000000000002,6.5
5391,96850.0,False,268.90000000000003,30.0,6.1000000000000005
5392,96868.0,False,269.0,30.5,5.7
5393,96884.0,False,269.0,30.6,5.6000000000000005
5394,96901.0,False,269.1,30.6,5.1000000000000005
5395,96916.0,False,269.2,30.5,4.9
5396,96933.0,False,269.3,30.200000000000003,4.4
5397,96954.0,False,269.3,30.200000000000003,3.7
5398,96966.0,False,269.3,30.200000000000003,3.4000000000000004
5399,96983.0,False,269.2,30.5,2.7
5400,96999.0,False,269.1,30.700000000000003,1.9000000000000001
5401,97016.0,False,269.0,30.8,1.6
5402,97033.0,False,268.8,31.0,1.1
5403,97052.0,False,268.40000000000003,30.900000000000002,0.7000000000000001
5404,97069.0,False,267.8,30.900000000000002,0.6000000000000001
5405,97084.0,False,267.5,30.900000000000002,0.5
5406,97099.0,False,267.2,30.8,0.2
5407,97116.0,False,267.1,30.700000000000003,0.1
5408,97133.0,False,267.2,30.400000000000002,-0.2
5409,97159.0,False,268.1,29.900000000000002,-0.4
5410,97183.0,False,269.2,29.6,-0.7000000000000001
5411,97202.0,False,270.40000000000003,29.3,-1.2000000000000002
5412,97217.0,False,270.90000000000003,29.200000000000003,-1.3
5413,97233.0,False,272.1,29.1,-1.4000000000000001
5414,97251.0,False,273.3,28.900000000000002,-1.2000000000000002
5415,97266.0,False,273.90000000000003,28.8,-1.1
5416,97286.0,False,274.90000000000003,28.6,-0.6000000000000001
5417,97304.0,False,275.7,28.400000000000002,0.1
5418,97321.0,False,276.6,28.1,0.6000000000000001
5419,97339.0,False,277.0,27.900000000000002,0.7000000000000001
5420,97350.0,False,277.40000000000003,27.700000000000003,0.8
5421,97367.0,False,278.3,27.6,1.1
5422,97385.0,False,279.1,27.8,1.4000000000000001
5423,97406.0,False,280.2,28.3,2.0
5424,97416.0,False,280.8,28.5,2.3000000000000003
5425,97432.0,False,282.2,28.700000000000003,3.0
5426,97456.0,False,283.8,28.6,3.6
5427,97468.0,False,284.6,28.5,3.8000000000000003
5428,97487.0,False,286.40000000000003,28.200000000000003,3.9000000000000004
5429,97499.0,False,287.3,28.1,3.9000000000000004
5430,97516.0,False,289.0,27.8,3.9000000000000004
5431,97533.0,False,290.7,27.700000000000003,4.1000000000000005
5432,97554.0,False,291.5,27.700000000000003,4.3
5433,97566.0,False,293.1,27.8,5.0
5434,97583.0,False,293.90000000000003,27.900000000000002,5.4
5435,97600.0,False,295.8,28.200000000000003,6.0
5436,97621.0,False,297.7,28.700000000000003,6.5
5437,97638.0,False,299.8,29.200000000000003,6.7
5438,97661.0,False,301.8,29.900000000000002,6.7
5439,97672.0,False,302.8,30.200000000000003,6.7
5440,97683.0,False,303.8,30.5,6.6000000000000005
5441,97699.0,False,305.6,31.0,6.300000000000001
5442,97716.0,False,307.3,31.3,6.1000000000000005
5443,97733.0,False,308.0,31.3,5.9
5444,97749.0,False,309.3,31.3,5.7
5445,97773.0,False,310.3,31.5,5.6000000000000005
5446,97783.0,False,310.8,31.700000000000003,5.6000000000000005
5447,97800.0,False,311.8,32.1,5.6000000000000005
5448,97816.0,False,312.8,32.300000000000004,5.4
5449,97833.0,False,313.3,32.2,5.1000000000000005
5450,97849.0,False,314.0,31.6,4.6000000000000005
5451,97874.0,False,314.40000000000003,30.700000000000003,4.2
5452,97890.0,False,314.6,29.700000000000003,4.2
5453,97903.0,False,314.6,29.1,4.3
5454,97917.0,False,314.40000000000003,28.0,4.800000000000001
5455,97932.0,False,314.3,27.400000000000002,5.2
5456,97962.0,False,314.3,26.400000000000002,5.800000000000001
5457,97966.0,False,314.3,26.0,6.0
5458,97987.0,False,314.70000000000005,25.5,6.4
5459,98006.0,False,315.20000000000005,25.700000000000003,6.1000000000000005
5460,98039.0,False,315.8,26.1,5.800000000000001
5461,98049.0,False,315.8,26.3,5.9
5462,98068.0,False,315.8,26.400000000000002,6.2
5463,98082.0,False,315.8,26.400000000000002,6.4
5464,98102.0,False,315.70000000000005,26.1,6.9
5465,98116.0,False,315.70000000000005,26.0,7.1000000000000005
5466,98134.0,False,315.5,25.6,7.4
5467,98151.0,False,315.3,25.400000000000002,7.800000000000001
5468,98172.0,False,315.1,25.3,8.1
5469,98183.0,False,315.0,25.200000000000003,8.200000000000001
5470,98199.0,False,314.90000000000003,24.8,8.4
5471,98216.0,False,315.0,24.5,8.3
5472,98233.0,False,315.20000000000005,23.900000000000002,7.9
5473,98259.0,False,316.0,23.1,6.9
5474,98272.0,False,316.20000000000005,22.8,6.5
5475,98284.0,False,316.5,22.700000000000003,6.2
5476,98299.0,False,316.90000000000003,22.400000000000002,5.6000000000000005
5477,98316.0,False,317.3,22.3,5.4
5478,98337.0,False,318.1,22.0,5.2
5479,98349.0,False,318.70000000000005,21.8,5.1000000000000005
5480,98367.0,False,320.1,21.5,4.800000000000001
5481,98384.0,False,321.8,21.400000000000002,4.4
5482,98401.0,False,322.70000000000005,21.400000000000002,4.2
5483,98416.0,False,324.5,21.3,3.6
5484,98434.0,False,326.20000000000005,21.200000000000003,3.0
5485,98452.0,False,327.90000000000003,21.0,2.4000000000000004
5486,98472.0,False,328.70000000000005,20.900000000000002,2.2
5487,98482.0,False,330.3,20.8,2.0
5488,98500.0,False,331.1,20.8,1.9000000000000001
5489,98517.0,False,332.6,21.0,1.7000000000000002
5490,98534.0,False,334.0,21.5,1.2000000000000002
5491,98553.0,False,335.1,22.0,0.8
5492,98566.0,False,335.70000000000005,22.3,0.6000000000000001
5493,98584.0,False,336.8,22.900000000000002,0.4
5494,98600.0,False,337.3,23.200000000000003,0.5
5495,98616.0,False,338.40000000000003,23.8,0.6000000000000001
5496,98633.0,False,339.5,24.3,0.30000000000000004
5497,98659.0,False,340.6,24.700000000000003,-0.4
5498,98671.0,False,341.1,25.0,-0.7000000000000001
5499,98684.0,False,341.90000000000003,25.900000000000002,-1.3
5500,98700.0,False,342.20000000000005,26.5,-1.5
5501,98720.0,False,342.90000000000003,27.8,-1.6
5502,98733.0,False,343.70000000000005,28.900000000000002,-1.8
5503,98750.0,False,344.20000000000005,29.400000000000002,-1.9000000000000001
5504,98769.0,False,345.20000000000005,30.0,-2.2
5505,98787.0,False,346.3,30.6,-2.6
5506,98800.0,False,346.90000000000003,30.900000000000002,-2.7
5507,98816.0,False,348.20000000000005,31.3,-3.1
5508,98833.0,False,349.0,31.5,-3.3000000000000003
5509,98856.0,False,351.90000000000003,32.0,-4.3
5510,98872.0,False,352.8,32.2,-4.800000000000001
5511,98883.0,False,354.70000000000005,32.7,-5.7
5512,98900.0,False,355.5,32.9,-6.0
5513,98917.0,False,357.1,33.2,-6.5
5514,98937.0,False,358.6,33.6,-7.0
5515,98958.0,False,0.0,33.800000000000004,-7.7
5516,98974.0,False,1.1,34.0,-8.4
5517,99000.0,False,1.7000000000000002,33.9,-8.700000000000001
5518,99018.0,False,1.8,33.7,-8.5
5519,99033.0,False,1.8,33.6,-8.200000000000001
5520,99050.0,False,1.5,33.2,-7.4
5521,99067.0,False,1.2000000000000002,32.6,-6.5
5522,99083.0,False,1.0,32.300000000000004,-6.1000000000000005
5523,99100.0,False,0.7000000000000001,31.5,-5.2
5524,99119.0,False,0.4,30.6,-4.5
5525,99141.0,False,0.2,29.700000000000003,-4.2
5526,99150.0,False,0.1,29.200000000000003,-4.2
5527,99173.0,False,0.1,28.1,-4.4
5528,99183.0,False,360.0,27.700000000000003,-4.5
5529,99200.0,False,359.70000000000005,27.200000000000003,-4.5
5530,99219.0,False,359.3,27.200000000000003,-4.5
5531,99233.0,False,359.0,27.200000000000003,-4.5
5532,99255.0,False,358.5,27.3,-4.6000000000000005
5533,99268.0,False,357.90000000000003,27.1,-4.7
5534,99283.0,False,357.6,27.0,-4.6000000000000005
5535,99309.0,False,356.5,26.700000000000003,-4.2
5536,99339.0,False,355.5,26.200000000000003,-3.7
5537,99349.0,False,355.1,25.900000000000002,-3.6
5538,99366.0,False,354.70000000000005,25.6,-3.5
5539,99392.0,False,353.70000000000005,24.900000000000002,-3.1
5540,99399.0,False,353.40000000000003,24.700000000000003,-3.0
5541,99418.0,False,353.20000000000005,24.5,-2.9000000000000004
5542,99434.0,False,352.8,24.3,-3.0
5543,99450.0,False,352.5,24.0,-3.3000000000000003
5544,99467.0,False,352.40000000000003,23.900000000000002,-3.6
5545,99483.0,False,352.20000000000005,23.6,-4.1000000000000005
5546,99500.0,False,352.0,23.400000000000002,-4.4
5547,99516.0,False,351.90000000000003,23.200000000000003,-4.5
5548,99543.0,False,351.90000000000003,22.5,-4.6000000000000005
5549,99567.0,False,351.90000000000003,22.1,-4.5
5550,99585.0,False,352.1,22.1,-4.4
5551,99599.0,False,352.70000000000005,22.6,-4.6000000000000005
5552,99616.0,False,353.1,23.0,-5.0
5553,99633.0,False,353.90000000000003,24.1,-6.1000000000000005
5554,99649.0,False,354.1,24.8,-6.7
5555,99666.0,False,354.40000000000003,26.1,-7.6000000000000005
5556,99682.0,False,354.70000000000005,27.5,-8.3
5557,99701.0,False,354.90000000000003,28.6,-8.6
5558,99718.0,False,355.0,29.1,-8.700000000000001
5559,99732.0,False,355.0,30.1,-8.6
5560,99749.0,False,355.0,30.6,-8.4
5561,99768.0,False,354.90000000000003,31.6,-8.1
5562,99784.0,False,355.0,32.300000000000004,-8.0
5563,99799.0,False,355.1,32.5,-8.200000000000001
5564,99816.0,False,355.3,32.7,-8.6
5565,99832.0,False,355.5,32.7,-8.9
5566,99871.0,False,355.70000000000005,32.9,-8.9
5567,99884.0,False,355.8,33.0,-8.6
5568,99902.0,False,355.90000000000003,33.2,-8.4
5569,99920.0,False,356.0,33.7,-7.7
5570,99944.0,False,356.20000000000005,34.5,-6.4
5571,99966.0,False,356.40000000000003,35.0,-5.5
5572,99985.0,False,356.8,35.5,-4.7
5573,100000.0,False,357.1,35.7,-4.3
5574,100017.0,False,357.70000000000005,36.2,-3.9000000000000004
5575,100033.0,False,358.5,36.7,-3.4000000000000004
5576,100049.0,False,358.90000000000003,37.0,-3.1
5577,100076.0,False,0.4,37.9,-2.4000000000000004
5578,100085.0,False,1.0,38.1,-2.3000000000000003
5579,100104.0,False,2.3000000000000003,38.2,-2.0
5580,100116.0,False,2.9000000000000004,38.1,-2.0
5581,100138.0,False,3.8000000000000003,37.800000000000004,-1.9000000000000001
5582,100149.0,False,4.1000000000000005,37.6,-1.9000000000000001
5583,100180.0,False,4.5,36.5,-1.6
5584,100200.0,False,4.1000000000000005,34.800000000000004,-1.1
5585,100217.0,False,3.3000000000000003,32.6,0.0
5586,100233.0,False,2.8000000000000003,31.3,0.9
5587,100249.0,False,1.8,28.6,3.1
5588,100266.0,False,1.1,26.400000000000002,5.4
5589,100284.0,False,1.0,25.6,6.300000000000001
5590,100306.0,False,1.3,24.6,7.9
5591,100321.0,False,1.5,24.8,8.0
5592,100333.0,False,1.8,25.3,7.800000000000001
5593,100362.0,False,3.0,27.400000000000002,5.4
5594,100380.0,False,3.8000000000000003,28.700000000000003,2.7
5595,100391.0,False,4.1000000000000005,29.3,1.4000000000000001
5596,100399.0,False,4.3,29.900000000000002,0.30000000000000004
5597,100418.0,False,4.3,30.900000000000002,-1.5
5598,100435.0,False,4.2,31.400000000000002,-2.2
5599,100456.0,False,3.6,32.300000000000004,-3.4000000000000004
5600,100472.0,False,3.4000000000000004,32.4,-3.6
5601,100484.0,False,3.1,32.5,-3.7
5602,100501.0,False,2.5,32.7,-3.9000000000000004
5603,100517.0,False,1.8,32.800000000000004,-4.0
5604,100534.0,False,1.5,32.9,-4.1000000000000005
5605,100549.0,False,0.8,32.9,-4.3
5606,100579.0,False,0.1,32.800000000000004,-4.7
5607,100584.0,False,359.8,32.6,-5.0
5608,100601.0,False,359.3,32.4,-5.5
5609,100620.0,False,358.90000000000003,32.6,-6.0
5610,100633.0,False,358.70000000000005,32.800000000000004,-6.1000000000000005
5611,100650.0,False,358.6,33.2,-6.1000000000000005
5612,100674.0,False,358.6,33.5,-5.9
5613,100683.0,False,358.70000000000005,33.7,-5.800000000000001
5614,100706.0,False,359.1,33.7,-5.4
5615,100716.0,False,359.3,33.7,-5.4
5616,100732.0,False,359.90000000000003,33.4,-5.300000000000001
5617,100750.0,False,0.5,33.0,-5.4
5618,100766.0,False,0.7000000000000001,32.7,-5.5
5619,100787.0,False,1.3,32.2,-5.6000000000000005
5620,100799.0,False,1.8,31.700000000000003,-5.4
5621,100819.0,False,2.0,31.6,-5.1000000000000005
5622,100838.0,False,2.5,31.6,-4.1000000000000005
5623,100850.0,False,3.3000000000000003,31.900000000000002,-3.1
5624,100873.0,False,4.4,32.300000000000004,-2.3000000000000003
5625,100883.0,False,5.1000000000000005,32.6,-2.2
5626,100899.0,False,5.800000000000001,32.800000000000004,-2.1
5627,100918.0,False,7.2,33.2,-2.3000000000000003
5628,100933.0,False,8.9,33.7,-2.7
5629,100957.0,False,10.600000000000001,34.1,-3.1
5630,100968.0,False,11.4,34.300000000000004,-3.4000000000000004
5631,100983.0,False,13.100000000000001,34.300000000000004,-3.8000000000000003
5632,101003.0,False,14.600000000000001,34.2,-4.1000000000000005
5633,101019.0,False,15.3,34.2,-4.3
5634,101034.0,False,16.5,34.1,-4.5
5635,101049.0,False,17.1,34.1,-4.5
5636,101066.0,False,18.0,34.2,-4.4
5637,101082.0,False,18.900000000000002,34.5,-4.1000000000000005
5638,101100.0,False,19.400000000000002,34.7,-4.0
5639,101116.0,False,20.3,35.1,-3.7
5640,101135.0,False,21.200000000000003,35.6,-3.6
5641,101149.0,False,21.6,35.800000000000004,-3.6
5642,101176.0,False,22.6,36.7,-3.4000000000000004
5643,101201.0,False,23.3,37.4,-3.3000000000000003
5644,101216.0,False,23.900000000000002,38.2,-3.4000000000000004
5645,101233.0,False,24.400000000000002,38.800000000000004,-3.5
5646,101249.0,False,24.6,39.0,-3.6
5647,101266.0,False,24.900000000000002,39.2,-3.6
5648,101285.0,False,25.0,38.900000000000006,-3.6
5649,101299.0,False,25.0,38.6,-3.7
5650,101321.0,False,24.8,37.800000000000004,-3.7
5651,101336.0,False,24.3,36.6,-3.4000000000000004
5652,101349.0,False,24.0,36.0,-3.1
5653,101366.0,False,23.200000000000003,34.5,-2.3000000000000003
5654,101387.0,False,22.6,32.9,-1.6
5655,101400.0,False,22.400000000000002,32.1,-1.4000000000000001
5656,101417.0,False,22.3,31.3,-1.2000000000000002
5657,101439.0,False,22.1,29.6,-1.3
5658,101450.0,False,22.1,29.3,-1.3
5659,101482.0,False,22.200000000000003,29.3,-1.2000000000000002
5660,101499.0,False,22.6,29.6,-1.1
5661,101516.0,False,23.1,30.0,-1.1
5662,101532.0,False,23.5,30.200000000000003,-1.2000000000000002
5663,101549.0,False,24.1,30.5,-1.5
5664,101568.0,False,24.6,30.900000000000002,-1.8
5665,101584.0,False,24.900000000000002,31.0,-2.1
5666,101599.0,False,25.3,31.3,-2.4000000000000004
5667,101618.0,False,25.700000000000003,31.400000000000002,-2.8000000000000003
5668,101632.0,False,25.8,31.5,-3.0
5669,101649.0,False,26.200000000000003,31.700000000000003,-3.2
5670,101666.0,False,26.400000000000002,31.8,-3.4000000000000004
5671,101682.0,False,26.5,31.900000000000002,-3.5
5672,101702.0,False,26.700000000000003,31.8,-3.6
5673,101716.0,False,26.700000000000003,31.5,-3.7
5674,101732.0,False,26.700000000000003,31.400000000000002,-3.8000000000000003
5675,101749.0,False,26.6,31.1,-3.7
5676,101771.0,False,26.700000000000003,31.0,-3.3000000000000003
5677,101783.0,False,26.900000000000002,31.1,-3.1
5678,101799.0,False,27.700000000000003,31.400000000000002,-2.8000000000000003
5679,101818.0,False,28.8,31.700000000000003,-3.0
5680,101832.0,False,29.5,31.900000000000002,-3.2
5681,101849.0,False,31.1,32.4,-3.8000000000000003
5682,101866.0,False,32.0,32.7,-4.1000000000000005
5683,101886.0,False,33.9,33.0,-5.0
5684,101902.0,False,35.7,32.800000000000004,-5.9
5685,101917.0,False,36.6,32.6,-6.4
5686,101932.0,False,37.9,31.700000000000003,-7.1000000000000005
5687,101952.0,False,38.900000000000006,30.5,-7.300000000000001
5688,101970.0,False,39.300000000000004,30.0,-7.1000000000000005
5689,101983.0,False,40.0,29.200000000000003,-6.4
5690,101999.0,False,40.900000000000006,28.900000000000002,-5.6000000000000005
5691,102016.0,False,41.400000000000006,28.8,-5.300000000000001
5692,102032.0,False,42.6,28.900000000000002,-4.800000000000001
5693,102051.0,False,44.0,29.200000000000003,-4.6000000000000005
5694,102066.0,False,44.800000000000004,29.400000000000002,-4.7
5695,102083.0,False,46.5,29.700000000000003,-5.4
5696,102103.0,False,48.1,30.0,-6.4
5697,102119.0,False,48.800000000000004,30.0,-7.0
5698,102132.0,False,49.900000000000006,29.8,-8.1
5699,102156.0,False,50.300000000000004,29.6,-8.3
5700,102166.0,False,50.300000000000004,29.5,-8.1
5701,102182.0,False,50.0,29.3,-6.800000000000001
5702,102201.0,False,49.800000000000004,29.200000000000003,-5.1000000000000005
5703,102216.0,False,49.800000000000004,29.3,-4.3
5704,102232.0,False,49.800000000000004,29.400000000000002,-2.9000000000000004
5705,102257.0,False,50.0,29.8,-1.9000000000000001
5706,102268.0,False,50.0,30.0,-1.6
5707,102282.0,False,50.1,30.6,-1.1
5708,102299.0,False,50.2,30.900000000000002,-0.9
5709,102322.0,False,50.400000000000006,31.6,-0.30000000000000004
5710,102335.0,False,50.5,31.900000000000002,-0.1
5711,102350.0,False,50.7,32.1,0.1
5712,102376.0,False,51.2,32.9,0.5
5713,102385.0,False,51.400000000000006,33.1,0.5
5714,102399.0,False,51.6,33.2,0.6000000000000001
5715,102416.0,False,51.900000000000006,33.5,0.6000000000000001
5716,102433.0,False,52.1,33.4,0.6000000000000001
5717,102466.0,False,52.0,32.7,0.9
5718,102483.0,False,51.900000000000006,31.8,1.3
5719,102499.0,False,51.800000000000004,31.200000000000003,1.5
5720,102516.0,False,51.900000000000006,30.1,1.6
5721,102534.0,False,52.2,29.0,1.5
5722,102549.0,False,52.400000000000006,28.5,1.3
5723,102574.0,False,53.300000000000004,27.5,0.2
5724,102599.0,False,54.1,27.400000000000002,-0.7000000000000001
5725,102616.0,False,54.7,27.700000000000003,-1.8
5726,102636.0,False,55.0,28.400000000000002,-2.7
5727,102652.0,False,55.1,28.8,-3.1
5728,102666.0,False,54.900000000000006,29.6,-3.8000000000000003
5729,102685.0,False,54.7,30.0,-4.1000000000000005
5730,102704.0,False,54.2,30.5,-4.4
5731,102719.0,False,53.5,30.700000000000003,-4.6000000000000005
5732,102736.0,False,52.6,30.6,-4.800000000000001
5733,102753.0,False,52.1,30.5,-4.800000000000001
5734,102771.0,False,51.1,30.400000000000002,-4.800000000000001
5735,102782.0,False,50.6,30.400000000000002,-4.800000000000001
5736,102800.0,False,49.800000000000004,30.5,-4.9
5737,102817.0,False,49.5,30.700000000000003,-5.1000000000000005
5738,102834.0,False,49.300000000000004,31.1,-5.800000000000001
5739,102850.0,False,49.800000000000004,32.0,-7.1000000000000005
5740,102872.0,False,50.7,33.4,-9.200000000000001
5741,102883.0,False,51.1,34.300000000000004,-10.4
5742,102899.0,False,51.800000000000004,35.800000000000004,-12.700000000000001
5743,102916.0,False,51.900000000000006,36.300000000000004,-13.700000000000001
5744,102936.0,False,51.7,36.800000000000004,-14.9
5745,102956.0,False,50.7,36.800000000000004,-15.100000000000001
5746,102968.0,False,49.5,36.4,-14.4
5747,102984.0,False,48.900000000000006,36.2,-14.0
5748,103003.0,False,48.0,35.800000000000004,-13.200000000000001
5749,103020.0,False,47.6,35.6,-12.700000000000001
5750,103032.0,False,47.6,35.6,-12.5
5751,103049.0,False,47.900000000000006,35.7,-12.5
5752,103066.0,False,48.400000000000006,35.7,-12.5
5753,103083.0,False,49.400000000000006,35.5,-12.5
5754,103100.0,False,50.7,35.4,-12.4
5755,103116.0,False,51.300000000000004,35.300000000000004,-12.3
5756,103133.0,False,52.400000000000006,35.300000000000004,-12.200000000000001
5757,103160.0,False,53.6,35.1,-12.100000000000001
5758,103183.0,False,53.800000000000004,35.2,-11.4
5759,103199.0,False,53.900000000000006,35.7,-10.3
5760,103217.0,False,53.900000000000006,35.9,-9.700000000000001
5761,103234.0,False,54.1,36.4,-8.4
5762,103251.0,False,54.5,36.7,-7.300000000000001
5763,103281.0,False,55.800000000000004,36.9,-6.7
5764,103299.0,False,56.300000000000004,36.9,-6.800000000000001
5765,103316.0,False,57.400000000000006,36.800000000000004,-7.0
5766,103332.0,False,58.300000000000004,36.7,-6.9
5767,103350.0,False,58.7,36.800000000000004,-6.7
5768,103374.0,False,59.900000000000006,36.7,-5.300000000000001
5769,103382.0,False,60.400000000000006,36.6,-4.800000000000001
5770,103399.0,False,60.900000000000006,36.5,-4.2
5771,103416.0,False,62.1,36.0,-3.3000000000000003
5772,103442.0,False,64.0,35.6,-2.3000000000000003
5773,103466.0,False,65.5,35.5,-1.7000000000000002
5774,103482.0,False,67.0,35.4,-1.2000000000000002
5775,103499.0,False,67.7,35.300000000000004,-1.0
5776,103516.0,False,69.0,35.1,-0.6000000000000001
5777,103533.0,False,70.2,34.9,-0.4
5778,103556.0,False,71.3,34.800000000000004,-0.2
5779,103566.0,False,71.8,34.800000000000004,-0.1
5780,103584.0,False,72.4,34.9,-0.1
5781,103599.0,False,73.8,35.300000000000004,0.1
5782,103616.0,False,75.10000000000001,35.6,0.1
5783,103633.0,False,75.8,35.7,0.1
5784,103654.0,False,76.80000000000001,35.4,0.1
5785,103672.0,False,77.60000000000001,34.7,0.5
5786,103684.0,False,77.9,34.1,0.9
5787,103701.0,False,78.4,32.5,1.7000000000000002
5788,103721.0,False,79.0,30.700000000000003,2.5
5789,103733.0,False,79.2,29.900000000000002,2.8000000000000003
5790,103751.0,False,79.5,28.6,3.6
5791,103773.0,False,79.80000000000001,27.700000000000003,4.2
5792,103783.0,False,79.9,27.5,4.5
5793,103800.0,False,80.4,27.6,4.7
5794,103816.0,False,80.80000000000001,28.3,4.6000000000000005
5795,103832.0,False,80.9,28.700000000000003,4.5
5796,103852.0,False,81.10000000000001,29.8,4.2
5797,103874.0,False,80.9,30.900000000000002,3.9000000000000004
5798,103882.0,False,80.80000000000001,31.400000000000002,3.8000000000000003
5799,103899.0,False,80.5,32.1,3.4000000000000004
5800,103921.0,False,80.0,32.5,3.0
5801,103933.0,False,79.80000000000001,32.6,2.9000000000000004
5802,103950.0,False,79.4,32.800000000000004,2.7
5803,103984.0,False,79.0,33.1,2.6
5804,103999.0,False,78.9,33.4,2.5
5805,104021.0,False,78.80000000000001,33.800000000000004,2.2
5806,104032.0,False,78.80000000000001,34.0,1.9000000000000001
5807,104049.0,False,78.9,34.5,1.1
5808,104076.0,False,79.30000000000001,35.0,-0.6000000000000001
5809,104108.0,False,79.60000000000001,35.1,-2.2
5810,104133.0,False,79.9,35.0,-2.9000000000000004
5811,104149.0,False,80.2,34.7,-3.4000000000000004
5812,104174.0,False,80.80000000000001,34.300000000000004,-3.7
5813,104182.0,False,81.10000000000001,34.0,-3.7
5814,104199.0,False,81.60000000000001,33.6,-3.4000000000000004
5815,104216.0,False,81.9,33.4,-3.0
5816,104235.0,False,82.80000000000001,33.2,-2.1
5817,104256.0,False,84.10000000000001,33.0,-1.4000000000000001
5818,104276.0,False,85.60000000000001,33.0,-1.0
5819,104285.0,False,86.5,33.0,-0.8
5820,104303.0,False,88.4,33.1,-0.8
5821,104321.0,False,90.4,33.300000000000004,-0.8
5822,104333.0,False,91.4,33.5,-0.8
5823,104350.0,False,93.5,34.0,-0.7000000000000001
5824,104377.0,False,95.60000000000001,34.6,-0.8
5825,104390.0,False,98.0,35.0,-1.4000000000000001
5826,104406.0,False,99.30000000000001,35.2,-1.9000000000000001
5827,104416.0,False,100.5,35.4,-2.5
5828,104432.0,False,102.9,35.800000000000004,-3.7
5829,104459.0,False,106.0,36.7,-5.0
5830,104487.0,False,107.80000000000001,37.300000000000004,-5.4
5831,104502.0,False,109.4,37.800000000000004,-5.300000000000001
5832,104517.0,False,110.10000000000001,38.0,-5.2
5833,104536.0,False,111.5,38.2,-4.7
5834,104551.0,False,112.2,38.2,-4.5
5835,104573.0,False,113.5,38.400000000000006,-4.0
5836,104591.0,False,115.30000000000001,38.6,-3.1
5837,104603.0,False,115.9,38.7,-2.8000000000000003
5838,104617.0,False,116.4,38.800000000000004,-2.5
5839,104636.0,False,117.4,38.900000000000006,-2.0
5840,104650.0,False,117.9,38.800000000000004,-1.8
5841,104681.0,False,119.4,38.6,-1.5
5842,104700.0,False,120.5,38.900000000000006,-1.2000000000000002
5843,104716.0,False,121.7,39.2,-0.9
5844,104732.0,False,123.0,39.5,-0.8
5845,104751.0,False,124.4,39.6,-0.9
5846,104766.0,False,125.10000000000001,39.7,-1.1
5847,104785.0,False,126.2,39.6,-1.1
5848,104800.0,False,126.5,39.6,-0.9
5849,104819.0,False,127.0,39.1,0.1
5850,104834.0,False,127.4,38.1,1.3
5851,104853.0,False,127.60000000000001,37.4,1.9000000000000001
5852,104866.0,False,128.1,36.1,2.8000000000000003
5853,104884.0,False,128.70000000000002,35.5,3.0
5854,104900.0,False,129.0,35.4,2.9000000000000004
5855,104916.0,False,129.70000000000002,35.6,2.4000000000000004
5856,104933.0,False,130.4,35.9,1.7000000000000002
5857,104949.0,False,130.8,36.0,1.3
5858,104966.0,False,131.6,36.1,0.5
5859,104984.0,False,132.4,36.0,-0.5
5860,104999.0,False,132.9,35.800000000000004,-1.0
5861,105018.0,False,133.6,35.5,-2.2
5862,105036.0,False,134.0,35.0,-3.1
5863,105050.0,False,134.1,34.7,-3.4000000000000004
5864,105066.0,False,134.0,34.0,-3.3000000000000003
5865,105082.0,False,133.9,33.6,-3.0
5866,105101.0,False,133.8,32.800000000000004,-2.2
5867,105116.0,False,133.8,32.0,-1.4000000000000001
5868,105135.0,False,133.9,31.5,-0.9
5869,105150.0,False,134.0,31.3,-0.7000000000000001
5870,105178.0,False,134.4,31.5,-0.7000000000000001
5871,105200.0,False,134.9,31.8,-0.9
5872,105216.0,False,135.4,32.0,-1.4000000000000001
5873,105232.0,False,135.6,32.2,-1.6
5874,105250.0,False,136.1,32.300000000000004,-2.0
5875,105269.0,False,136.5,32.5,-2.3000000000000003
5876,105282.0,False,136.70000000000002,32.5,-2.3000000000000003
5877,105299.0,False,137.0,32.300000000000004,-2.4000000000000004
5878,105321.0,False,137.0,32.2,-2.4000000000000004
5879,105339.0,False,136.9,32.4,-1.8
5880,105350.0,False,137.0,32.6,-1.4000000000000001
5881,105370.0,False,137.20000000000002,32.7,-0.6000000000000001
5882,105382.0,False,137.3,32.7,-0.2
5883,105403.0,False,137.70000000000002,32.6,0.4
5884,105420.0,False,138.0,32.4,0.7000000000000001
5885,105451.0,False,138.4,32.1,0.8
5886,105474.0,False,138.70000000000002,31.700000000000003,0.9
5887,105485.0,False,138.9,31.6,1.1
5888,105502.0,False,139.20000000000002,31.8,1.6
5889,105516.0,False,139.4,31.900000000000002,1.8
5890,105532.0,False,140.1,32.4,2.1
5891,105549.0,False,141.0,32.800000000000004,1.9000000000000001
5892,105566.0,False,141.5,32.9,1.6
5893,105584.0,False,142.70000000000002,33.0,0.7000000000000001
5894,105601.0,False,143.9,33.0,-0.4
5895,105616.0,False,144.4,33.0,-1.0
5896,105633.0,False,145.4,33.1,-1.9000000000000001
5897,105650.0,False,146.20000000000002,33.0,-2.5
5898,105666.0,False,146.6,32.9,-2.8000000000000003
5899,105683.0,False,147.5,32.5,-3.3000000000000003
5900,105700.0,False,148.3,32.0,-3.8000000000000003
5901,105716.0,False,148.6,31.900000000000002,-4.1000000000000005
5902,105732.0,False,149.3,31.700000000000003,-4.4
5903,105751.0,False,149.9,31.900000000000002,-4.6000000000000005
5904,105767.0,False,150.1,32.1,-4.6000000000000005
5905,105782.0,False,150.70000000000002,32.5,-4.6000000000000005
5906,105800.0,False,151.20000000000002,32.9,-4.6000000000000005
5907,105816.0,False,151.4,33.300000000000004,-4.7
5908,105833.0,False,151.9,34.2,-4.6000000000000005
5909,105849.0,False,152.1,34.9,-4.6000000000000005
5910,105866.0,False,152.6,36.2,-4.3
5911,105882.0,False,153.3,37.5,-4.2
5912,105901.0,False,153.5,38.0,-4.2
5913,105915.0,False,153.9,38.6,-4.4
5914,105940.0,False,153.8,38.900000000000006,-4.6000000000000005
5915,105949.0,False,153.60000000000002,39.0,-4.6000000000000005
5916,105970.0,False,153.0,38.900000000000006,-4.2
5917,105985.0,False,152.1,38.400000000000006,-3.3000000000000003
5918,106002.0,False,151.4,37.5,-2.2
5919,106016.0,False,151.1,37.0,-1.7000000000000002
5920,106036.0,False,150.5,35.800000000000004,-1.0
5921,106053.0,False,150.20000000000002,34.800000000000004,-0.7000000000000001
5922,106074.0,False,150.3,34.1,-1.1
5923,106082.0,False,150.5,34.0,-1.5
5924,106100.0,False,150.70000000000002,33.9,-2.0
5925,106120.0,False,151.20000000000002,34.1,-3.0
5926,106136.0,False,151.6,34.5,-3.9000000000000004
5927,106164.0,False,151.6,35.2,-4.3
5928,106182.0,False,151.5,35.300000000000004,-4.2
5929,106199.0,False,151.3,35.4,-4.3
5930,106222.0,False,151.1,35.4,-4.6000000000000005
5931,106249.0,False,150.1,36.0,-5.4
5932,106282.0,False,148.70000000000002,37.4,-5.9
5933,106301.0,False,147.70000000000002,38.2,-5.800000000000001
5934,106316.0,False,146.9,38.6,-5.4
5935,106334.0,False,146.20000000000002,38.5,-4.9
5936,106351.0,False,146.0,38.400000000000006,-4.6000000000000005
5937,106370.0,False,145.6,38.0,-4.3
5938,106385.0,False,145.4,37.800000000000004,-4.2
5939,106399.0,False,145.0,37.4,-4.0
5940,106416.0,False,144.70000000000002,37.0,-3.7
5941,106434.0,False,144.6,36.800000000000004,-3.6
5942,106449.0,False,144.70000000000002,36.2,-3.6
5943,106465.0,False,145.20000000000002,35.5,-4.0
5944,106484.0,False,145.6,35.1,-4.5
5945,106499.0,False,146.3,34.5,-5.6000000000000005
5946,106518.0,False,146.8,34.5,-5.9
5947,106532.0,False,147.1,34.7,-5.800000000000001
5948,106550.0,False,147.70000000000002,35.2,-5.2
5949,106566.0,False,148.4,35.6,-4.5
5950,106582.0,False,148.9,35.6,-4.2
5951,106603.0,False,149.70000000000002,35.0,-4.2
5952,106616.0,False,150.1,34.5,-4.4
5953,106632.0,False,150.6,33.4,-4.800000000000001
5954,106649.0,False,150.8,32.7,-4.7
5955,106666.0,False,150.9,32.6,-4.4
5956,106682.0,False,151.20000000000002,32.800000000000004,-3.2
5957,106702.0,False,151.70000000000002,33.300000000000004,-1.9000000000000001
5958,106715.0,False,152.20000000000002,33.6,-1.3
5959,106732.0,False,153.3,34.1,-0.6000000000000001
5960,106749.0,False,154.70000000000002,34.300000000000004,-0.6000000000000001
5961,106766.0,False,155.5,34.4,-0.9
5962,106782.0,False,157.10000000000002,34.5,-1.8
5963,106804.0,False,158.70000000000002,34.800000000000004,-2.8000000000000003
5964,106820.0,False,160.10000000000002,35.4,-3.8000000000000003
5965,106835.0,False,160.70000000000002,35.7,-4.1000000000000005
5966,106850.0,False,161.70000000000002,36.4,-4.4
5967,106871.0,False,162.5,37.2,-4.4
5968,106882.0,False,162.8,37.5,-4.3
5969,106899.0,False,163.10000000000002,37.800000000000004,-4.1000000000000005
5970,106918.0,False,163.70000000000002,38.300000000000004,-3.4000000000000004
5971,106935.0,False,164.3,38.7,-2.6
5972,106949.0,False,164.60000000000002,38.800000000000004,-2.3000000000000003
5973,106968.0,False,165.3,39.1,-1.9000000000000001
5974,106983.0,False,166.10000000000002,39.400000000000006,-2.2
5975,107001.0,False,166.8,39.800000000000004,-2.7
5976,107016.0,False,167.20000000000002,40.0,-3.0
5977,107033.0,False,167.9,40.5,-3.5
5978,107050.0,False,168.60000000000002,40.900000000000006,-3.8000000000000003
5979,107066.0,False,169.0,40.900000000000006,-4.0
5980,107084.0,False,169.70000000000002,40.900000000000006,-4.2
5981,107103.0,False,170.20000000000002,40.6,-4.3
5982,107116.0,False,170.3,40.400000000000006,-4.2
5983,107132.0,False,170.20000000000002,39.800000000000004,-3.7
5984,107149.0,False,170.0,39.400000000000006,-3.3000000000000003
5985,107171.0,False,169.20000000000002,37.2,-1.6
5986,107187.0,False,168.8,36.2,-1.0
5987,107199.0,False,168.5,35.2,-0.4
5988,107215.0,False,168.0,33.1,0.7000000000000001
5989,107235.0,False,167.8,31.400000000000002,1.4000000000000001
5990,107249.0,False,167.9,30.700000000000003,1.4000000000000001
5991,107266.0,False,168.4,29.700000000000003,0.7000000000000001
5992,107283.0,False,169.10000000000002,29.0,-0.8
5993,107299.0,False,169.5,28.900000000000002,-1.6
5994,107315.0,False,170.0,28.900000000000002,-2.8000000000000003
5995,107335.0,False,170.4,29.200000000000003,-3.4000000000000004
5996,107349.0,False,170.5,29.400000000000002,-3.5
5997,107371.0,False,170.60000000000002,29.900000000000002,-3.4000000000000004
5998,107383.0,False,170.70000000000002,30.400000000000002,-3.2
5999,107399.0,False,170.70000000000002,30.6,-3.1
6000,107416.0,False,170.60000000000002,31.0,-3.0
6001,107435.0,False,170.5,31.3,-3.0
6002,107452.0,False,170.4,31.400000000000002,-2.9000000000000004
6003,107472.0,False,170.10000000000002,31.400000000000002,-2.8000000000000003
6004,107483.0,False,169.9,31.3,-2.7
6005,107505.0,False,169.3,30.900000000000002,-2.3000000000000003
6006,107522.0,False,169.10000000000002,30.8,-2.1
6007,107533.0,False,169.0,30.700000000000003,-2.0
6008,107549.0,False,168.60000000000002,30.200000000000003,-2.0
6009,107567.0,False,168.10000000000002,29.6,-2.1
6010,107582.0,False,167.9,29.200000000000003,-2.1
6011,107599.0,False,167.4,28.400000000000002,-2.0
6012,107617.0,False,167.10000000000002,27.700000000000003,-1.7000000000000002
6013,107633.0,False,167.10000000000002,27.400000000000002,-1.6
6014,107649.0,False,167.3,26.900000000000002,-1.4000000000000001
6015,107667.0,False,167.9,26.700000000000003,-1.4000000000000001
6016,107685.0,False,168.4,26.6,-1.4000000000000001
6017,107699.0,False,169.5,26.700000000000003,-1.4000000000000001
6018,107717.0,False,170.9,26.8,-1.7000000000000002
6019,107733.0,False,171.60000000000002,26.900000000000002,-2.0
6020,107749.0,False,173.10000000000002,27.1,-3.0
6021,107770.0,False,174.60000000000002,27.200000000000003,-4.2
6022,107782.0,False,175.3,27.200000000000003,-4.7
6023,107799.0,False,176.60000000000002,27.200000000000003,-5.300000000000001
6024,107817.0,False,177.10000000000002,27.200000000000003,-5.300000000000001
6025,107832.0,False,178.0,27.5,-4.9
6026,107849.0,False,178.9,28.0,-4.2
6027,107872.0,False,179.9,28.400000000000002,-3.6
6028,107882.0,False,180.4,28.5,-3.3000000000000003
6029,107899.0,False,181.60000000000002,28.5,-3.1
6030,107920.0,False,182.8,28.3,-3.2
6031,107933.0,False,183.4,28.200000000000003,-3.4000000000000004
6032,107964.0,False,184.8,27.900000000000002,-4.2
6033,107982.0,False,185.10000000000002,27.900000000000002,-4.2
6034,107999.0,False,185.10000000000002,28.3,-3.5
6035,108018.0,False,184.70000000000002,28.900000000000002,-2.1
6036,108034.0,False,184.5,29.400000000000002,-1.1
6037,108055.0,False,184.0,30.400000000000002,1.4000000000000001
6038,108067.0,False,183.70000000000002,31.0,2.7
6039,108082.0,False,183.5,32.0,5.2
6040,108099.0,False,183.70000000000002,32.800000000000004,6.9
6041,108116.0,False,184.0,33.1,7.4
6042,108133.0,False,184.8,33.800000000000004,7.5
6043,108149.0,False,185.20000000000002,34.2,7.4
6044,108174.0,False,186.10000000000002,35.7,6.9
6045,108199.0,False,186.70000000000002,36.6,6.5
6046,108220.0,False,187.70000000000002,37.0,5.9
6047,108234.0,False,187.9,36.9,5.7
6048,108249.0,False,188.10000000000002,36.800000000000004,5.7
6049,108269.0,False,188.4,36.300000000000004,5.6000000000000005
6050,108282.0,False,188.70000000000002,35.300000000000004,5.4
6051,108305.0,False,189.0,33.7,4.9
6052,108316.0,False,189.10000000000002,32.800000000000004,4.6000000000000005
6053,108333.0,False,189.20000000000002,31.0,4.3
6054,108349.0,False,189.10000000000002,30.3,4.4
6055,108365.0,False,188.8,29.400000000000002,5.1000000000000005
6056,108383.0,False,188.70000000000002,28.6,6.1000000000000005
6057,108400.0,False,188.8,28.200000000000003,6.5
6058,108423.0,False,188.8,27.3,7.7
6059,108433.0,False,188.70000000000002,27.200000000000003,8.1
6060,108449.0,False,188.60000000000002,27.200000000000003,8.5
6061,108466.0,False,188.10000000000002,27.5,9.3
6062,108485.0,False,187.70000000000002,27.8,10.100000000000001
6063,108502.0,False,187.4,28.0,10.5
6064,108516.0,False,187.0,28.400000000000002,11.0
6065,108532.0,False,186.8,28.700000000000003,11.200000000000001
6066,108549.0,False,186.5,29.1,11.3
6067,108567.0,False,186.4,29.8,11.100000000000001
6068,108584.0,False,186.4,30.900000000000002,10.600000000000001
6069,108599.0,False,186.5,31.5,10.3
6070,108616.0,False,186.9,33.1,9.5
6071,108633.0,False,187.20000000000002,34.0,9.0
6072,108649.0,False,188.0,35.6,7.9
6073,108665.0,False,189.0,36.800000000000004,6.6000000000000005
6074,108685.0,False,189.5,37.300000000000004,5.800000000000001
6075,108699.0,False,190.4,38.0,4.2
6076,108719.0,False,191.20000000000002,38.7,2.7
6077,108735.0,False,192.0,39.300000000000004,1.3
6078,108750.0,False,192.4,39.5,0.6000000000000001
6079,108771.0,False,193.4,39.6,-1.0
6080,108788.0,False,194.4,39.2,-2.6
6081,108801.0,False,194.8,39.0,-3.2
6082,108820.0,False,195.4,38.5,-3.9000000000000004
6083,108837.0,False,196.10000000000002,38.0,-3.8000000000000003
6084,108856.0,False,196.8,37.300000000000004,-3.4000000000000004
6085,108882.0,False,197.9,36.5,-3.2
6086,108899.0,False,199.20000000000002,35.9,-3.6
6087,108916.0,False,200.5,35.4,-4.6000000000000005
6088,108932.0,False,201.10000000000002,35.300000000000004,-5.1000000000000005
6089,108949.0,False,202.4,35.2,-5.9
6090,108968.0,False,203.60000000000002,35.2,-6.1000000000000005
6091,108982.0,False,204.20000000000002,35.1,-6.0
6092,108999.0,False,205.3,34.7,-5.5
6093,109017.0,False,206.4,34.0,-5.0
6094,109032.0,False,206.9,33.6,-4.7
6095,109052.0,False,207.9,32.7,-4.3
6096,109066.0,False,208.4,32.300000000000004,-4.2
6097,109085.0,False,209.20000000000002,31.6,-4.0
6098,109099.0,False,210.0,31.0,-3.8000000000000003
6099,109119.0,False,210.60000000000002,30.5,-3.4000000000000004
6100,109133.0,False,210.9,30.200000000000003,-3.1
6101,109149.0,False,211.60000000000002,29.700000000000003,-2.4000000000000004
6102,109178.0,False,213.0,29.1,-1.1
6103,109199.0,False,214.0,28.6,-0.4
6104,109216.0,False,214.5,28.400000000000002,-0.1
6105,109233.0,False,215.60000000000002,28.200000000000003,0.30000000000000004
6106,109249.0,False,216.5,28.1,0.4
6107,109273.0,False,217.4,28.0,0.2
6108,109283.0,False,217.8,28.0,0.0
6109,109299.0,False,218.5,28.0,-0.5
6110,109316.0,False,218.8,28.0,-0.7000000000000001
6111,109333.0,False,219.60000000000002,27.900000000000002,-1.1
6112,109349.0,False,219.9,27.700000000000003,-1.4000000000000001
6113,109367.0,False,220.4,27.1,-1.9000000000000001
6114,109385.0,False,220.60000000000002,26.5,-2.2
6115,109401.0,False,220.5,26.1,-2.1
6116,109417.0,False,220.3,25.5,-1.4000000000000001
6117,109433.0,False,220.0,24.8,-0.2
6118,109449.0,False,219.8,23.8,1.1
6119,109472.0,False,219.8,22.8,2.3000000000000003
6120,109484.0,False,219.9,22.3,2.9000000000000004
6121,109499.0,False,220.0,22.0,3.4000000000000004
6122,109515.0,False,220.70000000000002,21.8,4.1000000000000005
6123,109532.0,False,221.9,22.3,3.8000000000000003
6124,109551.0,False,222.5,22.8,3.4000000000000004
6125,109567.0,False,223.9,24.1,1.9000000000000001
6126,109582.0,False,225.3,25.6,0.1
6127,109599.0,False,226.0,26.400000000000002,-0.8
6128,109616.0,False,227.20000000000002,27.8,-2.5
6129,109635.0,False,228.3,29.1,-3.8000000000000003
6130,109655.0,False,229.3,30.400000000000002,-4.800000000000001
6131,109666.0,False,229.8,31.0,-5.2
6132,109682.0,False,230.70000000000002,32.2,-5.9
6133,109701.0,False,231.70000000000002,33.2,-6.6000000000000005
6134,109719.0,False,232.3,33.6,-7.0
6135,109732.0,False,233.70000000000002,34.6,-8.1
6136,109753.0,False,235.4,35.800000000000004,-9.5
6137,109766.0,False,236.4,36.5,-10.3
6138,109782.0,False,237.9,38.1,-12.200000000000001
6139,109803.0,False,238.70000000000002,39.800000000000004,-14.100000000000001
6140,109817.0,False,238.9,40.5,-14.9
6141,109833.0,False,238.70000000000002,41.800000000000004,-16.0
6142,109850.0,False,238.3,42.1,-16.2
6143,109865.0,False,237.4,42.1,-16.0
6144,109886.0,False,236.10000000000002,41.300000000000004,-15.0
6145,109899.0,False,235.5,40.800000000000004,-14.3
6146,109919.0,False,234.4,39.400000000000006,-13.100000000000001
6147,109937.0,False,233.9,38.0,-12.4
6148,109950.0,False,233.8,37.300000000000004,-12.4
6149,109966.0,False,234.20000000000002,36.4,-12.9
6150,109987.0,False,235.10000000000002,35.9,-13.8
6151,110002.0,False,235.70000000000002,35.9,-14.200000000000001
6152,110017.0,False,237.10000000000002,36.1,-14.8
6153,110032.0,False,238.0,36.300000000000004,-14.9
6154,110051.0,False,239.9,36.4,-14.9
6155,110067.0,False,242.0,36.4,-14.700000000000001
6156,110082.0,False,243.20000000000002,36.300000000000004,-14.8
6157,110101.0,False,245.8,36.300000000000004,-15.5
6158,110116.0,False,248.20000000000002,36.5,-17.0
6159,110132.0,False,249.4,36.9,-17.8
6160,110151.0,False,251.9,37.9,-19.400000000000002
6161,110166.0,False,254.3,39.2,-20.200000000000003
6162,110182.0,False,255.5,39.900000000000006,-20.3
6163,110201.0,False,257.5,41.2,-19.8
6164,110218.0,False,259.1,42.1,-18.400000000000002
6165,110232.0,False,259.7,42.400000000000006,-17.6
6166,110253.0,False,260.8,42.7,-15.5
6167,110270.0,False,261.8,42.6,-13.600000000000001
6168,110282.0,False,262.3,42.5,-12.8
6169,110299.0,False,263.2,42.0,-11.600000000000001
6170,110316.0,False,263.7,41.800000000000004,-11.200000000000001
6171,110332.0,False,264.7,41.400000000000006,-10.9
6172,110351.0,False,265.8,41.400000000000006,-11.0
6173,110372.0,False,267.0,41.7,-11.3
6174,110382.0,False,267.6,41.900000000000006,-11.4
6175,110399.0,False,269.0,42.2,-11.4
6176,110416.0,False,269.7,42.400000000000006,-11.4
6177,110434.0,False,271.1,42.7,-11.3
6178,110449.0,False,272.5,43.1,-11.200000000000001
6179,110466.0,False,273.1,43.300000000000004,-11.200000000000001
6180,110483.0,False,274.2,43.7,-11.0
6181,110499.0,False,274.7,43.7,-10.4
6182,110519.0,False,274.3,43.300000000000004,-8.9
6183,110532.0,False,273.8,43.0,-7.800000000000001
6184,110550.0,False,272.5,42.6,-4.800000000000001
6185,110579.0,False,270.7,41.7,0.4
6186,110603.0,False,269.6,40.6,3.8000000000000003
6187,110616.0,False,269.0,39.900000000000006,5.300000000000001
6188,110632.0,False,267.7,38.400000000000006,7.6000000000000005
6189,110649.0,False,266.8,37.7,8.5
6190,110665.0,False,264.90000000000003,36.4,10.100000000000001
6191,110682.0,False,263.2,35.4,11.3
6192,110699.0,False,262.5,35.0,11.8
6193,110722.0,False,261.6,34.300000000000004,12.3
6194,110733.0,False,261.7,34.2,11.9
6195,110749.0,False,261.90000000000003,34.1,11.4
6196,110776.0,False,262.40000000000003,34.0,9.0
6197,110786.0,False,262.3,34.1,8.1
6198,110799.0,False,262.2,34.300000000000004,7.300000000000001
6199,110815.0,False,261.90000000000003,34.6,5.6000000000000005
6200,110835.0,False,261.5,35.0,3.9000000000000004
6201,110849.0,False,261.40000000000003,35.2,3.1
6202,110866.0,False,261.0,35.6,1.4000000000000001
6203,110882.0,False,260.7,36.2,-0.2
6204,110901.0,False,260.5,36.4,-0.9
6205,110918.0,False,259.8,37.0,-1.9000000000000001
6206,110934.0,False,259.0,37.5,-2.6
6207,110973.0,False,256.8,38.0,-3.5
6208,111000.0,False,255.70000000000002,38.1,-3.9000000000000004
6209,111018.0,False,254.60000000000002,38.1,-4.6000000000000005
6210,111033.0,False,254.20000000000002,38.1,-5.1000000000000005
6211,111049.0,False,253.3,38.0,-6.2
6212,111065.0,False,252.5,37.800000000000004,-7.2
6213,111084.0,False,251.9,37.6,-7.6000000000000005
6214,111099.0,False,251.70000000000002,37.4,-7.6000000000000005
6215,111115.0,False,251.4,37.0,-7.300000000000001
6216,111133.0,False,251.4,36.800000000000004,-7.1000000000000005
6217,111149.0,False,251.60000000000002,36.0,-6.7
6218,111166.0,False,251.9,35.0,-6.4
6219,111183.0,False,252.10000000000002,34.6,-6.300000000000001
6220,111207.0,False,252.9,33.5,-6.1000000000000005
6221,111216.0,False,253.4,33.300000000000004,-6.1000000000000005
6222,111237.0,False,254.60000000000002,33.0,-6.4
6223,111249.0,False,255.20000000000002,33.0,-6.6000000000000005
6224,111266.0,False,256.7,33.4,-7.0
6225,111283.0,False,257.5,33.800000000000004,-7.2
6226,111299.0,False,259.3,34.800000000000004,-7.4
6227,111335.0,False,263.40000000000003,35.6,-7.5
6228,111349.0,False,264.5,35.5,-7.5
6229,111373.0,False,266.8,35.4,-7.9
6230,111387.0,False,268.90000000000003,35.6,-8.6
6231,111401.0,False,270.0,35.7,-9.0
6232,111416.0,False,272.0,36.300000000000004,-9.9
6233,111441.0,False,273.90000000000003,37.2,-10.600000000000001
6234,111449.0,False,274.8,37.800000000000004,-10.9
6235,111465.0,False,275.8,38.5,-11.100000000000001
6236,111482.0,False,277.7,40.1,-11.4
6237,111503.0,False,279.6,41.5,-11.8
6238,111517.0,False,281.40000000000003,42.6,-12.100000000000001
6239,111532.0,False,282.1,42.900000000000006,-12.0
6240,111549.0,False,283.3,43.5,-11.600000000000001
6241,111565.0,False,283.7,43.6,-11.3
6242,111582.0,False,284.40000000000003,43.5,-10.600000000000001
6243,111599.0,False,285.1,43.1,-10.4
6244,111618.0,False,285.7,42.7,-10.600000000000001
6245,111639.0,False,286.0,42.6,-10.8
6246,111649.0,False,286.6,42.5,-11.5
6247,111674.0,False,286.90000000000003,42.400000000000006,-12.200000000000001
6248,111682.0,False,287.0,42.2,-12.4
6249,111699.0,False,287.0,41.900000000000006,-12.200000000000001
6250,111716.0,False,287.0,41.800000000000004,-11.8
6251,111732.0,False,286.90000000000003,41.2,-10.3
6252,111753.0,False,286.90000000000003,40.2,-8.5
6253,111766.0,False,286.90000000000003,39.6,-7.5
6254,111788.0,False,286.90000000000003,38.2,-5.6000000000000005
6255,111799.0,False,286.8,36.6,-4.0
6256,111816.0,False,286.7,35.9,-3.3000000000000003
6257,111835.0,False,286.5,34.300000000000004,-2.2
6258,111851.0,False,286.3,33.1,-1.2000000000000002
6259,111865.0,False,286.2,32.7,-0.7000000000000001
6260,111882.0,False,286.40000000000003,32.4,0.4
6261,111901.0,False,286.8,32.5,1.2000000000000002
6262,111918.0,False,287.1,32.7,1.4000000000000001
6263,111933.0,False,287.90000000000003,33.300000000000004,1.6
6264,111950.0,False,288.3,33.7,1.6
6265,111967.0,False,289.0,34.5,1.5
6266,111986.0,False,289.7,35.300000000000004,1.2000000000000002
6267,111999.0,False,290.1,35.6,1.0
6268,112023.0,False,290.7,35.800000000000004,0.5
6269,112032.0,False,290.8,35.7,0.2
6270,112052.0,False,290.90000000000003,35.4,-0.1
6271,112077.0,False,290.8,35.300000000000004,-0.4
6272,112087.0,False,290.7,35.4,-0.4
6273,112103.0,False,290.7,35.6,-0.7000000000000001
6274,112117.0,False,290.7,35.800000000000004,-0.8
6275,112133.0,False,290.8,36.0,-1.2000000000000002
6276,112150.0,False,290.8,36.0,-1.4000000000000001
6277,112183.0,False,290.7,35.5,-1.8
6278,112205.0,False,289.5,33.2,-2.6
6279,112217.0,False,288.90000000000003,32.2,-2.8000000000000003
6280,112235.0,False,288.3,30.200000000000003,-2.4000000000000004
6281,112249.0,False,288.7,29.200000000000003,-1.9000000000000001
6282,112266.0,False,290.6,28.0,-0.9
6283,112282.0,False,292.2,27.700000000000003,-0.6000000000000001
6284,112304.0,False,297.1,28.700000000000003,-0.7000000000000001
6285,112316.0,False,298.5,29.5,-1.0
6286,112332.0,False,299.6,30.400000000000002,-1.2000000000000002
6287,112349.0,False,301.2,31.900000000000002,-1.8
6288,112365.0,False,302.2,32.6,-2.3000000000000003
6289,112382.0,False,302.5,32.5,-2.6
6290,112401.0,False,302.6,32.1,-3.2
6291,112418.0,False,302.1,31.5,-3.7
6292,112436.0,False,301.2,30.900000000000002,-3.8000000000000003
6293,112455.0,False,300.8,30.700000000000003,-3.7
6294,112470.0,False,300.0,30.3,-3.2
6295,112482.0,False,299.8,30.1,-2.9000000000000004
6296,112499.0,False,299.40000000000003,29.700000000000003,-2.5
6297,112516.0,False,299.40000000000003,29.200000000000003,-2.5
6298,112533.0,False,299.40000000000003,28.900000000000002,-2.7
6299,112550.0,False,299.5,28.1,-3.3000000000000003
6300,112566.0,False,299.40000000000003,27.0,-4.0
6301,112582.0,False,299.40000000000003,26.400000000000002,-4.2
6302,112599.0,False,299.2,25.200000000000003,-4.4
6303,112615.0,False,299.2,24.6,-4.4
6304,112632.0,False,299.1,23.700000000000003,-4.2
6305,112649.0,False,299.1,23.1,-4.0
6306,112668.0,False,299.2,22.900000000000002,-3.8000000000000003
6307,112682.0,False,299.6,22.700000000000003,-3.7
6308,112699.0,False,300.2,22.8,-3.7
6309,112716.0,False,300.7,22.900000000000002,-3.8000000000000003
6310,112736.0,False,301.7,23.3,-4.1000000000000005
6311,112753.0,False,302.90000000000003,23.900000000000002,-4.6000000000000005
6312,112769.0,False,304.3,24.8,-5.800000000000001
6313,112783.0,False,305.2,25.400000000000002,-6.7
6314,112799.0,False,307.1,27.1,-9.3
6315,112820.0,False,309.5,29.400000000000002,-12.5
6316,112835.0,False,310.8,30.6,-14.3
6317,112854.0,False,313.3,32.7,-17.5
6318,112873.0,False,315.5,34.300000000000004,-19.900000000000002
6319,112885.0,False,316.40000000000003,35.1,-20.700000000000003
6320,112903.0,False,317.40000000000003,36.300000000000004,-21.3
6321,112920.0,False,317.40000000000003,37.1,-20.8
6322,112935.0,False,317.1,37.4,-20.3
6323,112977.0,False,314.1,37.2,-15.700000000000001
6324,112984.0,False,313.20000000000005,36.9,-14.100000000000001
6325,113000.0,False,311.5,36.2,-10.700000000000001
6326,113016.0,False,310.8,35.7,-9.1
6327,113035.0,False,309.8,34.9,-6.4
6328,113048.0,False,309.6,34.5,-5.4
6329,113065.0,False,309.8,34.0,-4.4
6330,113085.0,False,310.5,33.9,-4.2
6331,113101.0,False,311.5,34.2,-4.5
6332,113115.0,False,311.90000000000003,34.4,-4.800000000000001
6333,113135.0,False,312.8,34.6,-5.5
6334,113156.0,False,313.70000000000005,34.6,-6.300000000000001
6335,113179.0,False,314.5,34.300000000000004,-7.0
6336,113182.0,False,315.0,34.2,-7.4
6337,113199.0,False,315.40000000000003,34.0,-7.7
6338,113216.0,False,316.20000000000005,33.6,-8.3
6339,113235.0,False,316.8,33.300000000000004,-8.8
6340,113254.0,False,317.0,33.1,-9.200000000000001
6341,113268.0,False,317.0,33.1,-9.5
6342,113283.0,False,316.90000000000003,33.0,-9.9
6343,113299.0,False,316.8,33.0,-10.100000000000001
6344,113315.0,False,316.70000000000005,32.800000000000004,-10.600000000000001
6345,113332.0,False,316.40000000000003,32.300000000000004,-10.9
6346,113349.0,False,316.1,31.900000000000002,-11.0
6347,113368.0,False,315.6,31.1,-11.100000000000001
6348,113382.0,False,315.0,30.1,-11.0
6349,113402.0,False,314.70000000000005,29.6,-11.0
6350,113416.0,False,314.20000000000005,28.700000000000003,-10.8
6351,113432.0,False,313.8,27.8,-10.600000000000001
6352,113451.0,False,313.70000000000005,27.5,-10.5
6353,113466.0,False,313.6,27.3,-10.100000000000001
6354,113485.0,False,314.0,27.700000000000003,-9.3
6355,113499.0,False,314.40000000000003,28.1,-9.1
6356,113520.0,False,315.70000000000005,28.900000000000002,-8.9
6357,113540.0,False,317.20000000000005,29.700000000000003,-9.200000000000001
6358,113549.0,False,318.0,30.0,-9.5
6359,113568.0,False,319.5,30.5,-10.3
6360,113583.0,False,320.1,30.6,-10.700000000000001
6361,113598.0,False,321.20000000000005,30.900000000000002,-11.200000000000001
6362,113615.0,False,322.1,31.6,-11.100000000000001
6363,113632.0,False,322.5,32.0,-10.9
6364,113653.0,False,323.5,32.9,-10.4
6365,113671.0,False,324.6,33.5,-9.9
6366,113682.0,False,325.20000000000005,33.7,-9.700000000000001
6367,113700.0,False,326.5,33.6,-9.600000000000001
6368,113715.0,False,327.70000000000005,33.2,-9.5
6369,113735.0,False,328.70000000000005,32.6,-9.4
6370,113749.0,False,329.0,32.1,-9.200000000000001
6371,113771.0,False,329.20000000000005,31.200000000000003,-8.200000000000001
6372,113782.0,False,329.1,30.8,-7.300000000000001
6373,113799.0,False,328.5,29.900000000000002,-4.800000000000001
6374,113816.0,False,327.70000000000005,29.0,-1.5
6375,113832.0,False,327.3,28.6,0.2
6376,113849.0,False,326.8,27.8,3.6
6377,113869.0,False,326.8,27.400000000000002,6.300000000000001
6378,113884.0,False,326.8,27.400000000000002,7.5
6379,113899.0,False,327.1,27.8,9.0
6380,113917.0,False,327.3,28.3,9.5
6381,113934.0,False,327.70000000000005,29.5,9.9
6382,113955.0,False,328.1,30.700000000000003,9.600000000000001
6383,113972.0,False,328.5,31.700000000000003,8.6
6384,113986.0,False,328.70000000000005,32.1,8.1
6385,114004.0,False,329.1,32.5,6.7
6386,114017.0,False,329.40000000000003,32.6,5.2
6387,114033.0,False,329.40000000000003,32.5,4.5
6388,114049.0,False,329.40000000000003,32.1,3.2
6389,114069.0,False,329.0,31.5,2.4000000000000004
6390,114083.0,False,328.8,31.200000000000003,2.1
6391,114103.0,False,328.3,30.400000000000002,1.7000000000000002
6392,114119.0,False,327.90000000000003,29.3,1.3
6393,114136.0,False,327.8,28.5,1.2000000000000002
6394,114150.0,False,327.70000000000005,27.8,0.9
6395,114171.0,False,327.3,25.400000000000002,0.0
6396,114187.0,False,327.1,24.700000000000003,-0.4
6397,114200.0,False,326.6,23.5,-1.2000000000000002
6398,114215.0,False,326.3,23.0,-1.5
6399,114233.0,False,325.6,22.5,-2.0
6400,114254.0,False,324.90000000000003,22.700000000000003,-2.2
6401,114271.0,False,324.6,22.900000000000002,-2.3000000000000003
6402,114286.0,False,324.0,23.5,-2.2
6403,114301.0,False,323.5,24.200000000000003,-2.0
6404,114315.0,False,323.3,24.700000000000003,-1.9000000000000001
6405,114332.0,False,322.8,25.700000000000003,-1.8
6406,114351.0,False,322.6,26.3,-1.7000000000000002
6407,114366.0,False,322.20000000000005,27.5,-1.7000000000000002
6408,114391.0,False,321.6,29.200000000000003,-2.0
6409,114416.0,False,321.1,30.1,-2.2
6410,114432.0,False,320.5,30.8,-2.4000000000000004
6411,114464.0,False,319.5,31.1,-2.7
6412,114485.0,False,318.70000000000005,31.1,-2.9000000000000004
6413,114499.0,False,318.3,31.1,-3.0
6414,114517.0,False,317.5,30.900000000000002,-3.2
6415,114535.0,False,317.0,30.700000000000003,-3.4000000000000004
6416,114549.0,False,316.8,30.6,-3.5
6417,114573.0,False,317.20000000000005,30.3,-4.2
6418,114590.0,False,317.6,30.200000000000003,-4.5
6419,114600.0,False,318.1,30.200000000000003,-4.9
6420,114617.0,False,319.0,30.1,-5.6000000000000005
6421,114633.0,False,319.8,30.1,-5.800000000000001
6422,114657.0,False,321.0,30.3,-5.7
6423,114667.0,False,321.8,30.400000000000002,-5.6000000000000005
6424,114687.0,False,323.40000000000003,30.5,-5.6000000000000005
6425,114700.0,False,324.3,30.6,-5.5
6426,114715.0,False,326.3,30.700000000000003,-5.6000000000000005
6427,114732.0,False,327.40000000000003,30.8,-5.800000000000001
6428,114749.0,False,329.5,30.8,-6.6000000000000005
6429,114775.0,False,332.3,30.3,-8.1
6430,114785.0,False,333.1,30.3,-8.4
6431,114799.0,False,333.90000000000003,30.3,-8.700000000000001
6432,114818.0,False,335.40000000000003,30.5,-9.0
6433,114835.0,False,337.1,30.8,-9.4
6434,114861.0,False,338.8,31.0,-9.700000000000001
6435,114873.0,False,339.6,31.3,-9.700000000000001
6436,114883.0,False,340.3,31.6,-9.8
6437,114900.0,False,341.70000000000005,32.6,-9.8
6438,114918.0,False,342.90000000000003,33.800000000000004,-9.8
6439,114937.0,False,343.90000000000003,35.0,-9.8
6440,114961.0,False,344.3,35.6,-9.8
6441,114983.0,False,345.3,37.6,-9.0
6442,114999.0,False,345.90000000000003,38.800000000000004,-7.800000000000001
6443,115015.0,False,346.6,39.7,-6.5
6444,115034.0,False,346.90000000000003,40.2,-5.9
6445,115051.0,False,347.70000000000005,40.900000000000006,-4.800000000000001
6446,115067.0,False,348.0,41.2,-4.3
6447,115083.0,False,348.6,41.800000000000004,-3.5
6448,115099.0,False,349.0,42.300000000000004,-3.0
6449,115116.0,False,349.20000000000005,42.5,-2.8000000000000003
6450,115133.0,False,349.1,42.800000000000004,-2.4000000000000004
6451,115153.0,False,348.70000000000005,43.1,-1.9000000000000001
6452,115172.0,False,348.5,43.1,-1.6
6453,115182.0,False,348.1,42.6,-1.2000000000000002
6454,115198.0,False,347.8,41.300000000000004,-1.3
6455,115215.0,False,347.6,40.300000000000004,-1.5
6456,115232.0,False,346.70000000000005,38.0,-2.1
6457,115258.0,False,344.6,35.2,-1.8
6458,115280.0,False,343.6,33.800000000000004,-1.2000000000000002
6459,115299.0,False,343.40000000000003,32.9,-0.9
6460,115316.0,False,343.5,32.7,-0.8
6461,115332.0,False,344.0,32.7,-0.9
6462,115351.0,False,344.3,33.2,-1.3
6463,115365.0,False,344.3,33.5,-1.5
6464,115383.0,False,344.0,34.300000000000004,-1.8
6465,115400.0,False,343.5,34.9,-2.0
6466,115425.0,False,342.8,35.300000000000004,-2.3000000000000003
6467,115439.0,False,341.90000000000003,35.4,-2.6
6468,115448.0,False,341.5,35.300000000000004,-2.7
6469,115465.0,False,341.0,35.300000000000004,-2.8000000000000003
6470,115485.0,False,340.0,35.1,-3.1
6471,115500.0,False,339.0,34.800000000000004,-3.4000000000000004
6472,115515.0,False,338.5,34.7,-3.5
6473,115533.0,False,337.5,34.4,-3.8000000000000003
6474,115559.0,False,336.70000000000005,34.2,-4.2
6475,115572.0,False,336.40000000000003,33.800000000000004,-4.7
6476,115588.0,False,336.40000000000003,33.6,-5.2
6477,115603.0,False,336.40000000000003,32.9,-6.2
6478,115616.0,False,336.40000000000003,32.5,-6.800000000000001
6479,115632.0,False,336.6,31.900000000000002,-8.200000000000001
6480,115665.0,False,336.5,31.400000000000002,-9.200000000000001
6481,115686.0,False,336.70000000000005,30.700000000000003,-9.700000000000001
6482,115699.0,False,336.90000000000003,30.5,-9.5
6483,115717.0,False,337.70000000000005,30.1,-8.5
6484,115732.0,False,338.90000000000003,29.900000000000002,-7.2
6485,115751.0,False,340.5,29.700000000000003,-6.1000000000000005
6486,115769.0,False,341.5,29.6,-5.7
6487,115783.0,False,343.6,29.700000000000003,-5.300000000000001
6488,115798.0,False,344.70000000000005,29.900000000000002,-5.4
6489,115819.0,False,347.0,30.400000000000002,-5.9
6490,115836.0,False,349.3,31.0,-6.7
6491,115860.0,False,351.6,31.8,-7.2
6492,115870.0,False,352.8,32.300000000000004,-7.4
6493,115882.0,False,355.1,33.4,-7.5
6494,115898.0,False,356.3,33.9,-7.6000000000000005
6495,115915.0,False,358.70000000000005,34.7,-7.7
6496,115935.0,False,1.0,35.1,-7.800000000000001
6497,115950.0,False,2.2,35.300000000000004,-7.9
6498,115983.0,False,6.300000000000001,35.5,-8.8
6499,115999.0,False,7.2,35.6,-9.1
6500,116016.0,False,8.9,36.2,-9.5
6501,116032.0,False,9.700000000000001,36.6,-9.600000000000001
6502,116048.0,False,11.200000000000001,37.300000000000004,-9.600000000000001
6503,116065.0,False,12.8,37.9,-9.5
6504,116084.0,False,13.5,38.2,-9.3
6505,116099.0,False,15.0,38.7,-8.8
6506,116116.0,False,16.3,39.0,-8.200000000000001
6507,116132.0,False,16.900000000000002,39.2,-7.800000000000001
6508,116160.0,False,18.5,39.6,-6.7
6509,116185.0,False,19.400000000000002,39.7,-6.2
6510,116198.0,False,20.3,39.6,-5.9
6511,116215.0,False,21.0,39.5,-5.800000000000001
6512,116232.0,False,21.3,39.5,-5.800000000000001
6513,116249.0,False,21.900000000000002,39.6,-6.0
6514,116267.0,False,22.200000000000003,39.900000000000006,-6.6000000000000005
6515,116282.0,False,22.3,40.1,-7.2
6516,116298.0,False,22.6,40.300000000000004,-8.3
6517,116317.0,False,23.200000000000003,40.1,-9.5
6518,116332.0,False,23.5,39.7,-9.9
6519,116348.0,False,24.200000000000003,38.5,-10.5
6520,116365.0,False,24.5,37.7,-10.5
6521,116399.0,False,24.6,34.300000000000004,-8.9
6522,116416.0,False,24.400000000000002,33.300000000000004,-8.200000000000001
6523,116435.0,False,24.1,31.3,-6.800000000000001
6524,116448.0,False,23.8,29.5,-5.4
6525,116465.0,False,23.8,28.8,-4.7
6526,116482.0,False,23.8,27.900000000000002,-3.8000000000000003
6527,116498.0,False,24.0,27.6,-3.7
6528,116515.0,False,24.1,27.8,-3.9000000000000004
6529,116532.0,False,24.1,28.400000000000002,-4.6000000000000005
6530,116551.0,False,24.0,29.400000000000002,-5.4
6531,116574.0,False,24.0,30.5,-6.300000000000001
6532,116582.0,False,24.0,31.0,-6.7
6533,116602.0,False,23.900000000000002,32.0,-7.6000000000000005
6534,116619.0,False,23.8,32.800000000000004,-8.5
6535,116637.0,False,23.8,33.1,-9.0
6536,116650.0,False,23.5,33.7,-9.9
6537,116665.0,False,23.3,33.9,-10.3
6538,116682.0,False,22.900000000000002,34.300000000000004,-11.200000000000001
6539,116699.0,False,22.200000000000003,34.5,-12.0
6540,116715.0,False,21.8,34.6,-12.3
6541,116732.0,False,20.8,34.4,-13.0
6542,116748.0,False,20.3,34.2,-13.200000000000001
6543,116765.0,False,18.900000000000002,33.7,-13.3
6544,116782.0,False,17.400000000000002,33.2,-13.0
6545,116798.0,False,16.6,33.0,-12.600000000000001
6546,116821.0,False,14.8,32.7,-11.3
6547,116836.0,False,14.5,32.7,-10.8
6548,116854.0,False,14.100000000000001,32.5,-10.200000000000001
6549,116871.0,False,14.0,32.1,-10.200000000000001
6550,116884.0,False,13.9,31.900000000000002,-10.3
6551,116903.0,False,13.8,31.6,-10.5
6552,116918.0,False,13.600000000000001,31.6,-10.5
6553,116936.0,False,13.3,31.8,-10.200000000000001
6554,116957.0,False,13.100000000000001,31.8,-9.9
6555,116965.0,False,13.100000000000001,31.6,-9.8
6556,116982.0,False,13.100000000000001,31.0,-9.600000000000001
6557,116998.0,False,13.100000000000001,30.5,-9.700000000000001
6558,117015.0,False,13.200000000000001,29.200000000000003,-10.200000000000001
6559,117032.0,False,13.100000000000001,28.0,-10.600000000000001
6560,117049.0,False,13.100000000000001,27.6,-10.700000000000001
6561,117065.0,False,13.4,27.400000000000002,-10.8
6562,117086.0,False,14.3,27.6,-11.100000000000001
6563,117098.0,False,15.0,27.8,-11.4
6564,117115.0,False,16.8,28.5,-12.700000000000001
6565,117134.0,False,18.8,29.200000000000003,-14.5
6566,117148.0,False,19.900000000000002,29.6,-15.5
6567,117177.0,False,23.1,30.5,-18.6
6568,117184.0,False,24.1,30.700000000000003,-19.5
6569,117198.0,False,25.1,30.900000000000002,-20.200000000000003
6570,117215.0,False,26.700000000000003,31.3,-21.3
6571,117234.0,False,27.5,31.400000000000002,-21.6
6572,117249.0,False,28.700000000000003,31.6,-21.700000000000003
6573,117265.0,False,29.8,31.8,-21.200000000000003
6574,117282.0,False,30.3,31.8,-20.900000000000002
6575,117298.0,False,31.400000000000002,31.8,-20.1
6576,117315.0,False,32.6,32.0,-19.400000000000002
6577,117332.0,False,33.300000000000004,32.0,-19.200000000000003
6578,117348.0,False,34.9,32.2,-19.1
6579,117370.0,False,36.4,32.2,-19.5
6580,117384.0,False,37.1,32.2,-19.900000000000002
6581,117398.0,False,38.5,32.4,-21.0
6582,117415.0,False,40.0,32.7,-22.400000000000002
6583,117432.0,False,40.7,32.800000000000004,-23.0
6584,117459.0,False,41.800000000000004,32.2,-23.0
6585,117472.0,False,41.7,31.700000000000003,-22.3
6586,117483.0,False,41.400000000000006,31.1,-21.3
6587,117499.0,False,40.6,29.700000000000003,-18.900000000000002
6588,117516.0,False,39.5,27.900000000000002,-16.400000000000002
6589,117532.0,False,39.0,27.0,-15.200000000000001
6590,117548.0,False,37.9,25.0,-12.600000000000001
6591,117569.0,False,37.4,23.900000000000002,-11.3
6592,117582.0,False,36.7,21.8,-9.200000000000001
6593,117598.0,False,36.300000000000004,20.1,-7.800000000000001
6594,117616.0,False,36.2,19.6,-7.4
6595,117632.0,False,36.2,18.900000000000002,-7.2
6596,117649.0,False,36.2,18.8,-7.5
6597,117678.0,False,36.4,19.200000000000003,-8.4
6598,117700.0,False,36.300000000000004,19.6,-9.0
6599,117715.0,False,36.300000000000004,19.8,-9.3
6600,117732.0,False,36.0,20.1,-9.5
6601,117749.0,False,35.7,20.3,-9.4
6602,117765.0,False,35.5,20.400000000000002,-9.3
6603,117787.0,False,34.9,20.3,-8.700000000000001
6604,117798.0,False,34.7,20.3,-8.4
6605,117819.0,False,34.300000000000004,20.1,-8.0
6606,117832.0,False,34.1,20.0,-7.7
6607,117850.0,False,33.7,19.6,-7.2
6608,117866.0,False,33.5,19.400000000000002,-6.9
6609,117882.0,False,33.1,18.6,-6.5
6610,117899.0,False,32.4,17.7,-6.5
6611,117915.0,False,32.1,17.3,-6.6000000000000005
6612,117935.0,False,31.3,16.8,-6.9
6613,117974.0,False,30.200000000000003,16.400000000000002,-7.5
6614,117982.0,False,30.1,16.400000000000002,-7.6000000000000005
6615,117999.0,False,30.1,16.3,-7.9
6616,118015.0,False,30.200000000000003,16.400000000000002,-8.0
6617,118032.0,False,30.700000000000003,16.6,-8.1
6618,118053.0,False,31.5,17.2,-8.0
6619,118070.0,False,32.6,17.7,-8.200000000000001
6620,118082.0,False,33.2,18.0,-8.3
6621,118100.0,False,33.9,18.2,-8.6
6622,118115.0,False,35.4,18.6,-9.200000000000001
6623,118132.0,False,36.9,18.900000000000002,-9.9
6624,118149.0,False,37.6,19.0,-10.200000000000001
6625,118166.0,False,38.900000000000006,19.5,-10.5
6626,118182.0,False,40.1,20.1,-10.4
6627,118198.0,False,40.7,20.5,-10.200000000000001
6628,118218.0,False,42.1,21.3,-9.8
6629,118235.0,False,43.6,22.200000000000003,-9.5
6630,118249.0,False,44.5,22.5,-9.5
6631,118276.0,False,47.2,23.6,-9.9
6632,118283.0,False,48.2,24.0,-10.100000000000001
6633,118299.0,False,49.1,24.3,-10.3
6634,118316.0,False,50.800000000000004,24.8,-10.600000000000001
6635,118334.0,False,52.300000000000004,25.200000000000003,-10.5
6636,118352.0,False,52.900000000000006,25.400000000000002,-10.200000000000001
6637,118372.0,False,54.0,25.700000000000003,-9.3
6638,118384.0,False,55.1,26.200000000000003,-8.0
6639,118399.0,False,55.7,26.5,-7.300000000000001
6640,118415.0,False,56.900000000000006,27.200000000000003,-5.800000000000001
6641,118432.0,False,57.6,27.5,-4.9
6642,118449.0,False,58.6,28.0,-2.6
6643,118470.0,False,59.300000000000004,27.8,0.6000000000000001
6644,118485.0,False,60.1,26.900000000000002,4.1000000000000005
6645,118499.0,False,60.5,26.3,5.800000000000001
6646,118517.0,False,61.5,25.400000000000002,8.4
6647,118536.0,False,62.6,25.400000000000002,9.9
6648,118558.0,False,63.7,26.1,10.200000000000001
6649,118565.0,False,64.0,26.700000000000003,10.0
6650,118585.0,False,64.60000000000001,27.900000000000002,9.1
6651,118598.0,False,64.8,28.400000000000002,8.6
6652,118616.0,False,65.2,28.900000000000002,7.6000000000000005
6653,118632.0,False,65.4,28.8,7.1000000000000005
6654,118655.0,False,65.8,27.400000000000002,6.0
6655,118671.0,False,65.7,26.700000000000003,5.9
6656,118683.0,False,65.60000000000001,26.0,5.9
6657,118699.0,False,65.3,24.6,6.5
6658,118727.0,False,65.10000000000001,22.6,7.4
6659,118756.0,False,65.9,21.200000000000003,7.300000000000001
6660,118768.0,False,66.5,21.1,6.800000000000001
6661,118782.0,False,67.10000000000001,21.200000000000003,6.2
6662,118799.0,False,68.60000000000001,21.900000000000002,4.4
6663,118816.0,False,69.8,22.900000000000002,2.3000000000000003
6664,118836.0,False,70.5,24.200000000000003,0.5
6665,118849.0,False,70.7,24.900000000000002,-0.2
6666,118874.0,False,70.8,26.5,-0.9
6667,118885.0,False,70.7,27.3,-1.0
6668,118900.0,False,70.5,28.5,-1.0
6669,118915.0,False,70.4,28.900000000000002,-0.9
6670,118932.0,False,70.0,29.3,-0.30000000000000004
6671,118955.0,False,69.60000000000001,29.400000000000002,0.4
6672,118969.0,False,69.4,29.400000000000002,0.7000000000000001
6673,118984.0,False,68.9,29.3,1.2000000000000002
6674,118999.0,False,68.5,29.1,1.3
6675,119015.0,False,68.3,29.1,1.2000000000000002
6676,119032.0,False,67.9,29.0,0.5
6677,119049.0,False,67.8,29.1,-0.4
6678,119066.0,False,67.9,29.400000000000002,-0.9
6679,119084.0,False,68.60000000000001,30.3,-1.6
6680,119098.0,False,70.2,31.6,-2.1
6681,119119.0,False,72.60000000000001,32.7,-2.8000000000000003
6682,119132.0,False,74.0,33.1,-3.4000000000000004
6683,119149.0,False,75.5,33.300000000000004,-4.2
6684,119166.0,False,78.4,34.1,-6.1000000000000005
6685,119185.0,False,80.5,35.800000000000004,-7.300000000000001
6686,119199.0,False,82.4,37.7,-7.9
6687,119216.0,False,83.4,38.5,-8.1
6688,119232.0,False,85.2,39.6,-7.800000000000001
6689,119251.0,False,87.2,40.5,-7.0
6690,119266.0,False,88.2,40.900000000000006,-6.5
6691,119283.0,False,90.30000000000001,41.400000000000006,-5.4
6692,119300.0,False,91.30000000000001,41.5,-5.0
6693,119315.0,False,93.2,41.400000000000006,-4.2
6694,119332.0,False,95.0,41.2,-3.5
6695,119353.0,False,96.80000000000001,40.800000000000004,-3.2
6696,119365.0,False,97.80000000000001,40.5,-3.1
6697,119387.0,False,99.80000000000001,39.400000000000006,-3.3000000000000003
6698,119400.0,False,100.80000000000001,38.7,-3.5
6699,119422.0,False,103.10000000000001,36.4,-4.0
6700,119433.0,False,103.7,35.9,-3.9000000000000004
6701,119449.0,False,104.10000000000001,35.5,-3.6
6702,119465.0,False,104.9,35.1,-2.5
6703,119483.0,False,105.7,35.0,-1.0
6704,119498.0,False,106.2,35.0,-0.2
6705,119515.0,False,107.30000000000001,35.300000000000004,0.9
6706,119532.0,False,108.4,36.2,1.6
6707,119550.0,False,108.80000000000001,36.800000000000004,1.7000000000000002
6708,119577.0,False,109.80000000000001,39.5,1.2000000000000002
6709,119599.0,False,110.7,41.300000000000004,0.4
6710,119615.0,False,111.80000000000001,42.800000000000004,-0.4
6711,119632.0,False,112.5,43.400000000000006,-0.7000000000000001
6712,119649.0,False,113.7,44.2,-0.9
6713,119665.0,False,114.60000000000001,44.300000000000004,-0.4
6714,119684.0,False,115.30000000000001,43.7,0.5
6715,119698.0,False,115.7,43.2,1.0
6716,119716.0,False,116.5,41.900000000000006,1.7000000000000002
6717,119732.0,False,116.9,41.2,1.9000000000000001
6718,119761.0,False,118.0,39.400000000000006,1.3
6719,119766.0,False,118.2,39.0,1.0
6720,119782.0,False,118.2,38.7,0.7000000000000001
6721,119800.0,False,118.0,38.1,0.5
6722,119817.0,False,117.9,37.1,0.6000000000000001
6723,119836.0,False,118.0,35.5,0.5
6724,119854.0,False,118.10000000000001,34.5,0.30000000000000004
6725,119868.0,False,118.30000000000001,32.300000000000004,-0.4
6726,119884.0,False,118.4,31.3,-0.9
6727,119899.0,False,118.30000000000001,29.900000000000002,-1.6
6728,119915.0,False,118.10000000000001,29.5,-1.7000000000000002
6729,119936.0,False,118.10000000000001,29.6,-1.6
6730,119956.0,False,118.2,29.8,-1.5
6731,119966.0,False,118.30000000000001,30.0,-1.4000000000000001
6732,119984.0,False,118.80000000000001,30.5,-1.6
6733,119999.0,False,119.30000000000001,31.200000000000003,-2.5
6734,120016.0,False,119.60000000000001,31.900000000000002,-4.0
6735,120032.0,False,119.60000000000001,32.2,-4.9
6736,120063.0,False,118.5,32.7,-7.7
6737,120084.0,False,117.5,32.5,-9.1
6738,120101.0,False,116.60000000000001,32.1,-10.0
6739,120118.0,False,116.0,31.6,-10.200000000000001
6740,120132.0,False,115.9,31.400000000000002,-10.200000000000001
6741,120289.0,False,119.4,31.400000000000002,-15.0
6742,120315.0,False,120.60000000000001,32.1,-15.700000000000001
6743,120333.0,False,122.0,32.2,-16.1
6744,120348.0,False,122.80000000000001,32.1,-16.3
6745,120372.0,False,125.2,32.6,-17.400000000000002
6746,120385.0,False,126.2,33.1,-18.0
6747,120398.0,False,128.70000000000002,34.4,-19.8
6748,120415.0,False,130.1,35.0,-20.8
6749,120432.0,False,132.9,35.9,-22.900000000000002
6750,120455.0,False,135.20000000000002,36.6,-24.5
6751,120469.0,False,136.1,37.0,-24.8
6752,120483.0,False,137.70000000000002,37.6,-24.700000000000003
6753,120500.0,False,138.8,38.1,-23.900000000000002
6754,120518.0,False,139.70000000000002,38.400000000000006,-22.700000000000003
6755,120534.0,False,140.1,38.5,-22.0
6756,120549.0,False,140.6,38.5,-21.200000000000003
6757,120566.0,False,141.5,38.400000000000006,-19.900000000000002
6758,120584.0,False,142.6,38.0,-18.7
6759,120602.0,False,143.6,37.0,-17.8
6760,120617.0,False,143.9,36.300000000000004,-17.3
6761,120634.0,False,143.6,34.7,-15.600000000000001
6762,120649.0,False,143.0,33.800000000000004,-14.3
6763,120665.0,False,141.3,32.2,-10.5
6764,120682.0,False,139.6,30.700000000000003,-5.800000000000001
6765,120704.0,False,138.70000000000002,29.200000000000003,-1.2000000000000002
6766,120715.0,False,138.6,28.5,0.7000000000000001
6767,120732.0,False,138.70000000000002,27.900000000000002,2.4000000000000004
6768,120751.0,False,139.1,27.200000000000003,4.9
6769,120765.0,False,139.9,26.900000000000002,6.4
6770,120782.0,False,140.3,27.0,6.800000000000001
6771,120799.0,False,141.3,27.200000000000003,7.1000000000000005
6772,120815.0,False,142.4,27.5,7.1000000000000005
6773,120833.0,False,143.20000000000002,27.900000000000002,7.1000000000000005
6774,120850.0,False,143.4,28.200000000000003,7.2
6775,120877.0,False,143.8,29.6,7.9
6776,120884.0,False,144.0,30.200000000000003,8.1
6777,120899.0,False,144.4,30.900000000000002,8.200000000000001
6778,120915.0,False,145.4,32.300000000000004,7.800000000000001
6779,120933.0,False,146.0,33.0,7.300000000000001
6780,120977.0,False,150.1,35.2,2.6
6781,120999.0,False,151.8,35.6,0.8
6782,121017.0,False,153.4,35.6,-0.30000000000000004
6783,121032.0,False,154.20000000000002,35.5,-0.7000000000000001
6784,121048.0,False,155.9,34.9,-1.3
6785,121068.0,False,157.70000000000002,33.9,-2.0
6786,121086.0,False,159.70000000000002,32.7,-3.0
6787,121098.0,False,160.70000000000002,32.0,-3.7
6788,121115.0,False,162.60000000000002,30.700000000000003,-5.4
6789,121136.0,False,163.8,29.700000000000003,-7.4
6790,121153.0,False,164.20000000000002,29.400000000000002,-8.200000000000001
6791,121172.0,False,164.60000000000002,29.200000000000003,-9.4
6792,121185.0,False,164.70000000000002,29.5,-9.8
6793,121198.0,False,164.70000000000002,29.6,-9.8
6794,121216.0,False,164.70000000000002,30.0,-9.5
6795,121233.0,False,164.70000000000002,30.200000000000003,-9.3
6796,121249.0,False,164.60000000000002,30.5,-8.9
6797,121271.0,False,164.5,30.5,-8.9
6798,121298.0,False,164.10000000000002,30.200000000000003,-9.1
6799,121315.0,False,163.8,30.0,-9.0
6800,121334.0,False,163.0,29.3,-8.700000000000001
6801,121350.0,False,161.70000000000002,28.5,-7.800000000000001
6802,121378.0,False,159.3,27.200000000000003,-5.7
6803,121387.0,False,158.5,26.8,-4.9
6804,121400.0,False,157.70000000000002,26.5,-4.2
6805,121425.0,False,157.10000000000002,26.200000000000003,-3.4000000000000004
6806,121449.0,False,155.10000000000002,25.5,-1.8
6807,121465.0,False,154.70000000000002,25.400000000000002,-1.6
6808,121481.0,False,154.3,25.200000000000003,-1.6
6809,121499.0,False,154.20000000000002,25.1,-1.7000000000000002
6810,121515.0,False,154.3,25.0,-1.8
6811,121534.0,False,154.70000000000002,24.900000000000002,-2.1
6812,121549.0,False,155.20000000000002,24.8,-2.7
6813,121567.0,False,155.5,24.8,-2.9000000000000004
6814,121584.0,False,156.0,25.1,-3.0
6815,121601.0,False,156.60000000000002,25.8,-2.7
6816,121619.0,False,157.20000000000002,26.6,-2.4000000000000004
6817,121638.0,False,157.60000000000002,26.900000000000002,-2.2
6818,121650.0,False,157.9,27.200000000000003,-2.1
6819,121668.0,False,158.9,28.200000000000003,-1.8
6820,121687.0,False,159.10000000000002,28.400000000000002,-1.8
6821,121700.0,False,159.5,28.700000000000003,-1.9000000000000001
6822,121716.0,False,159.70000000000002,28.8,-1.9000000000000001
6823,121732.0,False,160.0,29.0,-1.6
6824,121750.0,False,160.10000000000002,29.3,-1.1
6825,121766.0,False,160.20000000000002,29.5,-0.9
6826,121784.0,False,160.5,29.5,-0.4
6827,121798.0,False,160.70000000000002,29.3,-0.30000000000000004
6828,121815.0,False,161.20000000000002,28.6,-0.30000000000000004
6829,121835.0,False,162.10000000000002,27.6,-0.8
6830,121855.0,False,163.3,26.6,-1.8
6831,121866.0,False,163.9,26.3,-2.4000000000000004
6832,121884.0,False,165.10000000000002,26.1,-3.6
6833,121927.0,False,167.5,27.1,-5.4
6834,121934.0,False,168.10000000000002,27.400000000000002,-5.6000000000000005
6835,121975.0,False,170.60000000000002,29.1,-6.1000000000000005
6836,121982.0,False,171.3,29.6,-6.300000000000001
6837,122000.0,False,172.0,30.1,-6.5
6838,122015.0,False,173.4,31.5,-7.1000000000000005
6839,122034.0,False,174.9,33.0,-8.0
6840,122048.0,False,175.60000000000002,33.800000000000004,-8.5
6841,122065.0,False,176.8,35.1,-9.600000000000001
6842,122083.0,False,177.3,36.2,-10.3
6843,122101.0,False,177.10000000000002,36.6,-10.200000000000001
6844,122120.0,False,176.20000000000002,37.1,-9.1
6845,122135.0,False,174.8,37.0,-6.7
6846,122154.0,False,173.20000000000002,36.300000000000004,-3.6
6847,122171.0,False,172.5,35.9,-2.2
6848,122182.0,False,172.0,35.300000000000004,-0.9
6849,122201.0,False,171.4,34.0,1.1
6850,122215.0,False,171.3,32.800000000000004,2.2
6851,122235.0,False,171.3,32.4,2.9000000000000004
6852,122248.0,False,171.3,32.4,3.2
6853,122265.0,False,171.4,32.6,3.4000000000000004
6854,122282.0,False,171.70000000000002,33.1,3.4000000000000004
6855,122298.0,False,172.10000000000002,33.4,2.8000000000000003
6856,122315.0,False,172.9,33.300000000000004,1.4000000000000001
6857,122332.0,False,173.4,33.2,0.4
6858,122348.0,False,174.4,32.7,-2.1
6859,122371.0,False,175.0,32.300000000000004,-4.6000000000000005
6860,122382.0,False,175.10000000000002,32.1,-5.6000000000000005
6861,122398.0,False,175.0,31.700000000000003,-6.9
6862,122419.0,False,174.70000000000002,30.8,-7.4
6863,122436.0,False,174.20000000000002,29.5,-7.4
6864,122454.0,False,174.0,28.8,-7.4
6865,122470.0,False,173.5,27.200000000000003,-7.2
6866,122488.0,False,173.20000000000002,25.5,-7.1000000000000005
6867,122498.0,False,173.0,24.6,-7.1000000000000005
6868,122517.0,False,172.8,22.900000000000002,-7.300000000000001
6869,122532.0,False,172.8,22.200000000000003,-7.6000000000000005
6870,122552.0,False,172.70000000000002,21.0,-8.3
6871,122574.0,False,172.60000000000002,20.1,-9.200000000000001
6872,122589.0,False,172.4,19.3,-10.200000000000001
6873,122603.0,False,172.3,18.900000000000002,-10.8
6874,122620.0,False,171.8,17.900000000000002,-11.9
6875,122633.0,False,171.5,17.400000000000002,-12.4
6876,122649.0,False,170.8,16.400000000000002,-13.3
6877,122668.0,False,170.10000000000002,15.700000000000001,-13.8
6878,122684.0,False,169.8,15.4,-14.0
6879,122699.0,False,169.20000000000002,14.9,-14.4
6880,122715.0,False,169.0,14.8,-14.600000000000001
6881,122732.0,False,168.5,14.700000000000001,-14.8
6882,122752.0,False,168.10000000000002,15.0,-14.8
6883,122772.0,False,167.9,15.700000000000001,-14.4
6884,122783.0,False,168.0,16.2,-14.100000000000001
6885,122798.0,False,168.70000000000002,17.6,-13.3
6886,122819.0,False,169.9,19.1,-12.600000000000001
6887,122831.0,False,170.70000000000002,19.900000000000002,-12.5
6888,122854.0,False,172.4,21.200000000000003,-12.600000000000001
6889,122867.0,False,173.3,21.700000000000003,-12.8
6890,122882.0,False,175.10000000000002,22.5,-13.3
6891,122901.0,False,176.60000000000002,22.900000000000002,-13.700000000000001
6892,122915.0,False,177.20000000000002,23.1,-13.8
6893,122932.0,False,178.20000000000002,23.400000000000002,-13.8
6894,122972.0,False,179.0,25.0,-12.8
6895,122982.0,False,179.20000000000002,25.5,-12.4
6896,122998.0,False,179.3,26.0,-12.0
6897,123015.0,False,179.5,26.6,-11.100000000000001
6898,123032.0,False,180.0,26.8,-10.200000000000001
6899,123051.0,False,181.10000000000002,26.400000000000002,-9.600000000000001
6900,123065.0,False,181.9,26.1,-9.5
6901,123081.0,False,183.9,25.400000000000002,-9.8
6902,123100.0,False,185.0,25.1,-10.100000000000001
6903,123120.0,False,187.20000000000002,25.0,-10.8
6904,123136.0,False,189.4,25.200000000000003,-11.3
6905,123150.0,False,190.4,25.400000000000002,-11.5
6906,123172.0,False,193.20000000000002,25.900000000000002,-11.5
6907,123184.0,False,194.10000000000002,26.0,-11.200000000000001
6908,123199.0,False,194.9,26.1,-11.0
6909,123215.0,False,196.5,26.400000000000002,-10.3
6910,123232.0,False,198.20000000000002,27.0,-9.700000000000001
6911,123249.0,False,199.10000000000002,27.400000000000002,-9.600000000000001
6912,123265.0,False,201.10000000000002,28.3,-9.600000000000001
6913,123288.0,False,202.9,29.6,-10.100000000000001
6914,123308.0,False,204.60000000000002,31.200000000000003,-10.5
6915,123315.0,False,205.3,32.1,-10.600000000000001
6916,123331.0,False,206.4,33.5,-10.5
6917,123352.0,False,207.5,34.2,-9.700000000000001
6918,123365.0,False,208.10000000000002,34.2,-9.1
6919,123383.0,False,208.8,34.1,-8.5
6920,123406.0,False,211.20000000000002,33.300000000000004,-6.800000000000001
6921,123416.0,False,212.10000000000002,33.0,-6.5
6922,123431.0,False,212.9,32.6,-6.2
6923,123449.0,False,214.5,31.8,-5.6000000000000005
6924,123465.0,False,215.60000000000002,31.0,-4.800000000000001
6925,123481.0,False,215.9,30.6,-4.2
6926,123501.0,False,216.3,29.8,-2.9000000000000004
6927,123515.0,False,216.8,28.900000000000002,-1.9000000000000001
6928,123532.0,False,217.10000000000002,28.5,-1.7000000000000002
6929,123555.0,False,218.0,27.700000000000003,-3.0
6930,123586.0,False,218.5,28.200000000000003,-5.6000000000000005
6931,123598.0,False,218.5,28.700000000000003,-6.4
6932,123615.0,False,218.60000000000002,29.400000000000002,-7.1000000000000005
6933,123632.0,False,218.60000000000002,31.0,-8.200000000000001
6934,123650.0,False,218.4,32.4,-8.700000000000001
6935,123669.0,False,218.0,33.4,-9.0
6936,123688.0,False,217.60000000000002,33.7,-9.1
6937,123701.0,False,217.3,33.6,-9.1
6938,123715.0,False,216.70000000000002,33.2,-9.1
6939,123733.0,False,216.4,32.9,-9.1
6940,123761.0,False,215.20000000000002,31.900000000000002,-9.3
6941,123783.0,False,214.10000000000002,31.200000000000003,-9.4
6942,123798.0,False,212.9,30.6,-9.600000000000001
6943,123816.0,False,212.20000000000002,30.3,-9.600000000000001
6944,123832.0,False,211.0,29.700000000000003,-9.600000000000001
6945,123849.0,False,209.8,28.900000000000002,-9.5
6946,123865.0,False,209.3,28.400000000000002,-9.5
6947,123882.0,False,208.4,27.400000000000002,-9.700000000000001
6948,123899.0,False,207.60000000000002,26.5,-10.0
6949,123915.0,False,207.3,26.200000000000003,-10.200000000000001
6950,123932.0,False,206.9,25.900000000000002,-10.4
6951,123958.0,False,206.9,25.900000000000002,-10.600000000000001
6952,123974.0,False,207.0,25.8,-10.700000000000001
6953,123982.0,False,207.10000000000002,25.700000000000003,-10.9
6954,124003.0,False,207.4,25.6,-11.200000000000001
6955,124032.0,False,207.5,25.8,-11.5
6956,124056.0,False,207.70000000000002,25.8,-11.600000000000001
6957,124082.0,False,208.20000000000002,25.6,-11.5
6958,124100.0,False,208.5,25.5,-11.4
6959,124116.0,False,208.70000000000002,25.5,-11.4
6960,124134.0,False,209.10000000000002,25.6,-11.4
6961,124167.0,False,209.9,26.1,-11.4
6962,124183.0,False,210.5,26.5,-11.600000000000001
6963,124199.0,False,210.8,26.6,-11.8
6964,124218.0,False,211.60000000000002,26.900000000000002,-12.200000000000001
6965,124232.0,False,212.0,27.0,-12.5
6966,124256.0,False,213.4,27.1,-13.700000000000001
6967,124275.0,False,214.3,27.200000000000003,-14.5
6968,124289.0,False,214.70000000000002,27.3,-14.8
6969,124304.0,False,215.3,27.700000000000003,-15.200000000000001
6970,124316.0,False,215.5,28.1,-15.200000000000001
6971,124332.0,False,215.70000000000002,28.900000000000002,-14.700000000000001
6972,124352.0,False,215.9,29.700000000000003,-13.8
6973,124365.0,False,215.9,30.0,-13.200000000000001
6974,124382.0,False,216.0,30.400000000000002,-11.9
6975,124402.0,False,216.10000000000002,30.5,-11.3
6976,124415.0,False,216.3,30.5,-10.200000000000001
6977,124434.0,False,216.4,30.3,-9.4
6978,124453.0,False,216.4,30.200000000000003,-8.9
6979,124472.0,False,216.3,30.200000000000003,-8.700000000000001
6980,124483.0,False,216.0,30.3,-8.1
6981,124499.0,False,215.9,30.200000000000003,-7.800000000000001
6982,124515.0,False,215.5,29.900000000000002,-7.1000000000000005
6983,124532.0,False,215.3,29.6,-6.800000000000001
6984,124563.0,False,214.60000000000002,28.700000000000003,-5.7
6985,124565.0,False,214.3,28.400000000000002,-5.300000000000001
6986,124583.0,False,213.70000000000002,28.0,-4.6000000000000005
6987,124601.0,False,213.3,27.8,-4.2
6988,124615.0,False,212.60000000000002,27.400000000000002,-3.4000000000000004
6989,124635.0,False,212.0,27.0,-2.5
6990,124649.0,False,211.8,26.900000000000002,-2.0
6991,124669.0,False,211.5,26.700000000000003,-1.1
6992,124682.0,False,211.4,26.6,-0.8
6993,124698.0,False,211.4,26.400000000000002,-0.30000000000000004
6994,124716.0,False,211.4,26.200000000000003,-0.1
6995,124732.0,False,211.4,26.1,-0.1
6996,124753.0,False,211.5,26.0,0.0
6997,124765.0,False,211.70000000000002,26.3,-0.1
6998,124781.0,False,211.8,26.5,-0.2
6999,124801.0,False,212.0,27.0,-0.2
7000,124815.0,False,212.10000000000002,27.5,0.0
7001,124833.0,False,212.10000000000002,27.8,0.30000000000000004
7002,124854.0,False,211.9,28.0,0.9
7003,124866.0,False,211.8,28.0,1.3
7004,124886.0,False,211.60000000000002,27.400000000000002,2.1
7005,124899.0,False,211.5,27.1,2.4000000000000004
7006,124915.0,False,211.4,26.8,2.6
7007,124932.0,False,211.20000000000002,26.200000000000003,3.0
7008,124955.0,False,210.9,25.700000000000003,3.6
7009,124982.0,False,210.70000000000002,25.5,4.0
7010,125000.0,False,210.5,25.1,4.3
7011,125019.0,False,210.4,24.700000000000003,4.5
7012,125032.0,False,210.4,24.5,4.6000000000000005
7013,125055.0,False,210.3,24.3,4.800000000000001
7014,125068.0,False,210.5,24.200000000000003,4.800000000000001
7015,125084.0,False,210.60000000000002,24.1,4.800000000000001
7016,125100.0,False,211.10000000000002,24.1,4.7
7017,125115.0,False,211.4,24.200000000000003,4.6000000000000005
7018,125134.0,False,212.10000000000002,24.700000000000003,4.4
7019,125176.0,False,213.70000000000002,25.6,4.0
7020,125185.0,False,214.0,25.700000000000003,4.0
7021,125202.0,False,214.5,25.8,4.1000000000000005
7022,125215.0,False,214.70000000000002,25.8,4.2
7023,125234.0,False,214.9,26.3,5.1000000000000005
7024,125251.0,False,215.20000000000002,26.900000000000002,6.4
7025,125270.0,False,215.5,27.1,6.9
7026,125282.0,False,216.4,27.3,7.300000000000001
7027,125300.0,False,217.5,27.200000000000003,7.1000000000000005
7028,125318.0,False,218.20000000000002,27.200000000000003,6.5
7029,125332.0,False,218.5,27.400000000000002,6.300000000000001
7030,125353.0,False,219.0,27.700000000000003,6.1000000000000005
7031,125374.0,False,219.8,28.0,6.2
7032,125383.0,False,220.3,28.0,6.4
7033,125409.0,False,221.60000000000002,27.900000000000002,6.9
7034,125432.0,False,224.0,27.0,7.2
7035,125448.0,False,224.8,26.6,7.300000000000001
7036,125466.0,False,226.5,25.700000000000003,7.0
7037,125485.0,False,228.3,24.5,6.6000000000000005
7038,125498.0,False,229.10000000000002,24.0,6.4
7039,125515.0,False,230.70000000000002,22.900000000000002,6.1000000000000005
7040,125532.0,False,232.20000000000002,22.1,6.2
7041,125549.0,False,232.9,21.900000000000002,6.300000000000001
7042,125565.0,False,234.4,21.700000000000003,6.7
7043,125584.0,False,236.0,21.6,7.0
7044,125598.0,False,236.8,21.6,7.0
7045,125618.0,False,238.5,21.700000000000003,6.9
7046,125633.0,False,240.10000000000002,22.0,6.7
7047,125651.0,False,240.9,22.3,6.5
7048,125666.0,False,241.60000000000002,22.6,6.1000000000000005
7049,125682.0,False,243.20000000000002,23.700000000000003,4.800000000000001
7050,125698.0,False,243.70000000000002,24.0,4.2
7051,125715.0,False,244.4,24.900000000000002,3.0
7052,125732.0,False,245.0,26.0,1.6
7053,125748.0,False,245.20000000000002,26.6,0.9
7054,125773.0,False,245.60000000000002,27.700000000000003,-0.5
7055,125785.0,False,245.8,28.5,-2.0
7056,125798.0,False,245.70000000000002,28.8,-2.7
7057,125816.0,False,245.3,29.200000000000003,-3.9000000000000004
7058,125832.0,False,245.0,29.3,-4.4
7059,125849.0,False,244.4,29.0,-5.4
7060,125875.0,False,242.9,27.8,-6.300000000000001
7061,125898.0,False,241.8,26.700000000000003,-6.4
7062,125920.0,False,240.5,25.8,-6.1000000000000005
7063,125932.0,False,239.9,25.3,-5.9
7064,125948.0,False,238.8,24.6,-5.5
7065,125965.0,False,238.4,24.3,-5.5
7066,125982.0,False,237.9,23.900000000000002,-5.7
7067,125999.0,False,237.60000000000002,23.900000000000002,-6.1000000000000005
7068,126018.0,False,237.5,24.400000000000002,-6.4
7069,126036.0,False,237.60000000000002,25.0,-6.5
7070,126073.0,False,238.10000000000002,26.0,-6.7
7071,126082.0,False,238.3,26.200000000000003,-6.7
7072,126098.0,False,238.8,26.700000000000003,-6.6000000000000005
7073,126115.0,False,239.20000000000002,27.0,-6.6000000000000005
7074,126137.0,False,239.5,27.200000000000003,-6.6000000000000005
7075,126155.0,False,239.60000000000002,27.3,-6.6000000000000005
7076,126166.0,False,239.60000000000002,27.3,-6.5
7077,126199.0,False,239.60000000000002,26.8,-6.4
7078,126217.0,False,239.5,26.1,-6.300000000000001
7079,126235.0,False,239.5,25.6,-6.4
7080,126253.0,False,239.5,24.6,-6.5
7081,126271.0,False,239.60000000000002,23.700000000000003,-6.800000000000001
7082,126284.0,False,239.60000000000002,23.3,-6.9
7083,126300.0,False,239.70000000000002,23.0,-6.800000000000001
7084,126324.0,False,240.10000000000002,22.900000000000002,-6.4
7085,126332.0,False,240.4,22.8,-6.2
7086,126355.0,False,241.10000000000002,22.8,-6.0
7087,126369.0,False,241.5,22.900000000000002,-6.0
7088,126382.0,False,242.10000000000002,23.3,-5.800000000000001
7089,126399.0,False,242.8,24.0,-5.4
7090,126416.0,False,243.3,24.400000000000002,-5.2
7091,126432.0,False,244.5,25.1,-4.800000000000001
7092,126453.0,False,246.0,25.400000000000002,-4.6000000000000005
7093,126474.0,False,246.8,25.400000000000002,-4.6000000000000005
7094,126498.0,False,249.70000000000002,25.1,-5.7
7095,126515.0,False,250.3,25.1,-6.2
7096,126533.0,False,251.5,25.6,-6.9
7097,126555.0,False,252.5,26.5,-6.9
7098,126567.0,False,253.0,27.0,-6.800000000000001
7099,126584.0,False,254.10000000000002,27.700000000000003,-6.1000000000000005
7100,126598.0,False,254.70000000000002,28.0,-5.7
7101,126615.0,False,255.9,28.200000000000003,-5.0
7102,126632.0,False,257.3,28.1,-4.4
7103,126654.0,False,258.7,27.8,-4.3
7104,126667.0,False,259.5,27.6,-4.4
7105,126684.0,False,261.0,27.3,-4.7
7106,126702.0,False,262.5,27.0,-5.0
7107,126717.0,False,263.2,26.900000000000002,-5.1000000000000005
7108,126734.0,False,264.7,26.8,-5.1000000000000005
7109,126749.0,False,265.5,26.900000000000002,-5.0
7110,126765.0,False,267.1,27.0,-4.7
7111,126781.0,False,268.0,27.1,-4.5
7112,126798.0,False,269.6,27.200000000000003,-4.2
7113,126815.0,False,271.3,27.200000000000003,-4.0
7114,126832.0,False,272.90000000000003,27.200000000000003,-4.2
7115,126854.0,False,274.40000000000003,27.3,-4.6000000000000005
7116,126867.0,False,275.2,27.400000000000002,-4.9
7117,126882.0,False,275.90000000000003,27.5,-5.4
7118,126898.0,False,277.1,27.8,-6.6000000000000005
7119,126915.0,False,278.0,28.200000000000003,-7.9
7120,126933.0,False,278.7,28.5,-9.1
7121,126953.0,False,279.0,28.5,-10.200000000000001
7122,126965.0,False,279.0,28.400000000000002,-10.700000000000001
7123,126985.0,False,278.90000000000003,27.900000000000002,-11.3
7124,126998.0,False,278.6,27.6,-11.5
7125,127015.0,False,277.90000000000003,26.6,-11.8
7126,127033.0,False,276.90000000000003,25.200000000000003,-11.9
7127,127053.0,False,275.6,23.700000000000003,-11.5
7128,127067.0,False,274.90000000000003,22.900000000000002,-11.200000000000001
7129,127082.0,False,274.2,22.1,-10.9
7130,127104.0,False,272.3,20.6,-9.5
7131,127115.0,False,271.8,20.400000000000002,-9.0
7132,127132.0,False,271.40000000000003,20.400000000000002,-8.700000000000001
7133,127153.0,False,270.8,20.8,-8.3
7134,127172.0,False,270.40000000000003,21.8,-8.200000000000001
7135,127187.0,False,270.0,23.1,-8.3
7136,127200.0,False,269.8,23.700000000000003,-8.4
7137,127217.0,False,269.40000000000003,25.0,-8.8
7138,127235.0,False,269.0,26.200000000000003,-9.3
7139,127259.0,False,268.40000000000003,27.1,-9.700000000000001
7140,127281.0,False,267.5,27.900000000000002,-9.9
7141,127298.0,False,266.5,28.3,-9.9
7142,127316.0,False,265.3,28.6,-9.5
7143,127332.0,False,264.7,28.6,-9.200000000000001
7144,127348.0,False,263.6,28.6,-8.5
7145,127367.0,False,263.0,28.5,-8.200000000000001
7146,127382.0,False,262.0,28.0,-7.5
7147,127398.0,False,261.1,27.0,-7.1000000000000005
7148,127417.0,False,260.5,25.8,-6.9
7149,127431.0,False,260.3,25.200000000000003,-6.800000000000001
7150,127452.0,False,260.1,24.400000000000002,-6.5
7151,127469.0,False,260.2,24.0,-6.1000000000000005
7152,127483.0,False,260.40000000000003,23.900000000000002,-5.800000000000001
7153,127498.0,False,261.0,23.700000000000003,-5.4
7154,127515.0,False,261.40000000000003,23.6,-5.2
7155,127531.0,False,262.2,23.700000000000003,-4.800000000000001
7156,127553.0,False,263.0,24.0,-4.1000000000000005
7157,127567.0,False,263.6,24.200000000000003,-3.8000000000000003
7158,127582.0,False,264.8,24.5,-3.1
7159,127599.0,False,265.5,24.700000000000003,-2.8000000000000003
7160,127615.0,False,266.90000000000003,24.8,-2.7
7161,127633.0,False,268.3,24.700000000000003,-3.2
7162,127662.0,False,270.1,24.700000000000003,-4.7
7163,127682.0,False,271.1,25.3,-5.800000000000001
7164,127698.0,False,271.6,25.700000000000003,-6.2
7165,127717.0,False,272.5,26.8,-6.7
7166,127738.0,False,273.6,27.8,-7.0
7167,127748.0,False,274.1,28.1,-7.1000000000000005
7168,127775.0,False,275.90000000000003,28.5,-7.5
7169,127787.0,False,276.5,28.5,-7.6000000000000005
7170,127798.0,False,277.1,28.5,-7.7
7171,127817.0,False,278.2,28.6,-8.0
7172,127834.0,False,279.40000000000003,28.8,-8.4
7173,127851.0,False,280.8,29.0,-8.700000000000001
7174,127867.0,False,281.5,29.200000000000003,-8.8
7175,127882.0,False,282.2,29.400000000000002,-8.9
7176,127906.0,False,284.1,30.5,-9.0
7177,127915.0,False,284.7,30.900000000000002,-8.9
7178,127932.0,False,285.7,31.8,-8.9
7179,127955.0,False,286.5,32.4,-8.9
7180,127979.0,False,286.90000000000003,32.800000000000004,-8.9
7181,127998.0,False,287.0,33.0,-8.9
7182,128032.0,False,286.5,33.0,-8.8
7183,128052.0,False,286.2,33.0,-8.9
7184,128066.0,False,286.0,32.9,-8.9
7185,128098.0,False,285.90000000000003,32.5,-9.3
7186,128121.0,False,286.0,31.8,-9.600000000000001
7187,128136.0,False,286.1,30.700000000000003,-10.0
7188,128156.0,False,286.1,29.0,-10.5
7189,128167.0,False,286.1,28.1,-10.700000000000001
7190,128188.0,False,285.90000000000003,26.0,-10.8
7191,128199.0,False,285.8,24.900000000000002,-10.8
7192,128216.0,False,285.5,22.700000000000003,-10.600000000000001
7193,128231.0,False,285.40000000000003,21.700000000000003,-10.3
7194,128251.0,False,285.3,19.8,-9.700000000000001
7195,128267.0,False,285.40000000000003,18.3,-9.1
7196,128284.0,False,285.40000000000003,17.8,-8.8
7197,128305.0,False,285.5,17.400000000000002,-8.200000000000001
7198,128315.0,False,285.6,17.6,-8.0
7199,128331.0,False,285.6,18.0,-8.0
7200,128363.0,False,286.0,19.5,-8.1
7201,128372.0,False,286.1,20.1,-8.200000000000001
7202,128382.0,False,286.2,20.700000000000003,-8.3
7203,128398.0,False,286.5,21.700000000000003,-8.6
7204,128416.0,False,286.6,22.700000000000003,-8.700000000000001
7205,128431.0,False,286.7,23.200000000000003,-8.8
7206,128451.0,False,286.7,24.0,-8.9
7207,128465.0,False,286.8,24.8,-9.0
7208,128482.0,False,286.8,25.1,-9.1
7209,128499.0,False,286.90000000000003,25.400000000000002,-9.4
7210,128515.0,False,286.8,25.3,-9.9
7211,128532.0,False,286.8,25.0,-10.0
7212,128557.0,False,287.2,23.700000000000003,-10.5
7213,128581.0,False,288.1,22.8,-10.8
7214,128603.0,False,289.40000000000003,22.1,-11.200000000000001
7215,128617.0,False,291.1,21.900000000000002,-12.0
7216,128631.0,False,292.1,21.8,-12.600000000000001
7217,128654.0,False,294.1,21.900000000000002,-14.0
7218,128666.0,False,295.1,22.0,-14.9
7219,128683.0,False,297.1,22.200000000000003,-16.6
7220,128698.0,False,298.8,22.6,-18.2
7221,128715.0,False,299.5,22.700000000000003,-18.900000000000002
7222,128732.0,False,300.7,22.8,-19.8
7223,128753.0,False,301.5,22.700000000000003,-20.1
7224,128765.0,False,301.90000000000003,22.5,-20.0
7225,128783.0,False,302.3,22.1,-19.5
7226,128798.0,False,302.8,22.0,-18.5
7227,128816.0,False,303.0,22.1,-18.0
7228,128833.0,False,303.7,22.700000000000003,-16.8
7229,128848.0,False,304.1,23.0,-16.2
7230,128867.0,False,305.2,23.700000000000003,-15.3
7231,128882.0,False,306.5,24.0,-14.700000000000001
7232,128898.0,False,307.20000000000005,23.900000000000002,-14.5
7233,128915.0,False,308.8,23.700000000000003,-14.200000000000001
7234,128931.0,False,310.40000000000003,23.200000000000003,-13.9
7235,128962.0,False,312.8,22.700000000000003,-13.5
7236,128982.0,False,313.6,22.6,-13.3
7237,128998.0,False,315.20000000000005,22.6,-12.8
7238,129017.0,False,316.90000000000003,22.8,-12.100000000000001
7239,129035.0,False,318.70000000000005,23.3,-11.200000000000001
7240,129062.0,False,321.70000000000005,24.5,-10.100000000000001
7241,129082.0,False,322.8,24.900000000000002,-9.8
7242,129101.0,False,325.90000000000003,26.5,-9.3
7243,129115.0,False,326.90000000000003,27.1,-9.3
7244,129132.0,False,328.8,28.1,-9.5
7245,129154.0,False,330.5,29.1,-9.9
7246,129170.0,False,331.90000000000003,29.900000000000002,-10.5
7247,129182.0,False,332.5,30.200000000000003,-10.9
7248,129198.0,False,333.0,30.3,-11.3
7249,129219.0,False,333.8,30.3,-11.9
7250,129236.0,False,334.1,30.0,-12.3
7251,129258.0,False,334.1,29.6,-12.5
7252,129271.0,False,334.0,29.400000000000002,-12.600000000000001
7253,129282.0,False,333.8,28.700000000000003,-12.8
7254,129302.0,False,333.70000000000005,28.200000000000003,-12.9
7255,129317.0,False,333.5,27.1,-12.8
7256,129333.0,False,333.1,25.900000000000002,-12.600000000000001
7257,129357.0,False,332.6,24.700000000000003,-12.0
7258,129367.0,False,332.40000000000003,24.0,-11.8
7259,129388.0,False,332.0,22.8,-11.4
7260,129401.0,False,331.8,22.1,-11.3
7261,129417.0,False,331.5,20.900000000000002,-11.3
7262,129437.0,False,331.3,20.0,-11.5
7263,129459.0,False,330.90000000000003,19.6,-11.600000000000001
7264,129474.0,False,330.70000000000005,19.5,-11.600000000000001
7265,129482.0,False,330.5,19.5,-11.600000000000001
7266,129498.0,False,330.1,19.6,-11.4
7267,129515.0,False,329.8,19.8,-11.200000000000001
7268,129532.0,False,329.70000000000005,19.900000000000002,-11.100000000000001
7269,129554.0,False,329.5,20.400000000000002,-11.100000000000001
7270,129565.0,False,329.40000000000003,20.6,-11.200000000000001
7271,129585.0,False,329.3,21.5,-11.8
7272,129598.0,False,329.3,21.700000000000003,-12.0
7273,129622.0,False,329.3,22.200000000000003,-12.600000000000001
7274,129633.0,False,329.3,22.3,-12.9
7275,129656.0,False,329.0,22.5,-13.600000000000001
7276,129676.0,False,328.70000000000005,22.200000000000003,-14.200000000000001
7277,129703.0,False,328.3,21.700000000000003,-14.8
7278,129718.0,False,327.8,21.200000000000003,-15.200000000000001
7279,129734.0,False,327.5,20.900000000000002,-15.3
7280,129756.0,False,326.90000000000003,20.400000000000002,-14.9
7281,129769.0,False,326.8,20.400000000000002,-14.600000000000001
7282,129783.0,False,326.8,20.3,-14.3
7283,129798.0,False,327.1,20.3,-13.700000000000001
7284,129817.0,False,327.8,20.5,-13.200000000000001
7285,129832.0,False,328.3,20.6,-13.0
7286,129856.0,False,329.5,20.900000000000002,-12.8
7287,129867.0,False,330.20000000000005,21.1,-12.8
7288,129881.0,False,331.5,21.3,-12.9
7289,129898.0,False,332.90000000000003,21.400000000000002,-12.9
7290,129917.0,False,334.40000000000003,21.400000000000002,-12.9
7291,129931.0,False,335.1,21.400000000000002,-12.9
7292,129952.0,False,336.6,21.5,-12.8
7293,129966.0,False,337.3,21.700000000000003,-12.600000000000001
7294,129984.0,False,338.8,22.200000000000003,-12.200000000000001
7295,130003.0,False,340.40000000000003,22.700000000000003,-11.700000000000001
7296,130018.0,False,342.20000000000005,23.0,-11.4
7297,130035.0,False,343.1,23.0,-11.4
7298,130061.0,False,345.70000000000005,22.8,-11.9
7299,130076.0,False,346.5,22.8,-12.200000000000001
7300,130082.0,False,347.20000000000005,23.0,-12.600000000000001
7301,130105.0,False,348.40000000000003,23.5,-13.0
7302,130115.0,False,348.90000000000003,23.900000000000002,-13.200000000000001
7303,130136.0,False,349.8,24.8,-13.100000000000001
7304,130165.0,False,351.0,26.0,-12.4
7305,130181.0,False,351.90000000000003,26.900000000000002,-11.700000000000001
7306,130199.0,False,352.40000000000003,27.3,-11.4
7307,130218.0,False,353.40000000000003,28.400000000000002,-10.9
7308,130232.0,False,354.5,29.5,-10.5
7309,130255.0,False,355.6,30.700000000000003,-10.5
7310,130274.0,False,356.70000000000005,31.8,-10.700000000000001
7311,130282.0,False,357.20000000000005,32.2,-11.0
7312,130302.0,False,357.90000000000003,32.800000000000004,-11.600000000000001
7313,130318.0,False,358.20000000000005,33.0,-11.8
7314,130332.0,False,358.5,33.0,-12.3
7315,130352.0,False,358.5,32.7,-12.700000000000001
7316,130369.0,False,358.40000000000003,32.4,-12.9
7317,130384.0,False,358.0,31.3,-13.200000000000001
7318,130402.0,False,357.40000000000003,29.5,-13.5
7319,130415.0,False,357.0,28.5,-13.700000000000001
7320,130438.0,False,356.20000000000005,26.400000000000002,-13.8
7321,130449.0,False,355.8,25.400000000000002,-13.9
7322,130465.0,False,354.90000000000003,23.6,-13.9
7323,130482.0,False,354.0,22.0,-13.9
7324,130508.0,False,353.1,21.0,-14.200000000000001
7325,130515.0,False,352.70000000000005,20.700000000000003,-14.3
7326,130532.0,False,351.90000000000003,20.8,-14.5
7327,130553.0,False,351.1,21.400000000000002,-14.700000000000001
7328,130566.0,False,350.6,21.8,-14.9
7329,130584.0,False,349.70000000000005,22.8,-15.200000000000001
7330,130598.0,False,349.20000000000005,23.3,-15.3
7331,130618.0,False,348.1,24.400000000000002,-15.600000000000001
7332,130640.0,False,346.90000000000003,25.5,-16.0
7333,130653.0,False,346.3,25.900000000000002,-16.3
7334,130684.0,False,343.8,27.5,-17.3
7335,130698.0,False,343.20000000000005,27.6,-17.6
7336,130715.0,False,341.90000000000003,27.6,-18.400000000000002
7337,130736.0,False,340.6,27.1,-19.3
7338,130751.0,False,339.90000000000003,26.700000000000003,-19.900000000000002
7339,130766.0,False,338.5,25.700000000000003,-21.0
7340,130781.0,False,337.8,25.0,-21.6
7341,130801.0,False,336.3,23.400000000000002,-22.8
7342,130822.0,False,334.8,21.900000000000002,-23.8
7343,130833.0,False,334.0,21.3,-24.1
7344,130850.0,False,332.70000000000005,20.6,-24.3
7345,130865.0,False,332.20000000000005,20.3,-24.200000000000003
7346,130886.0,False,331.6,19.400000000000002,-23.700000000000003
7347,130900.0,False,331.6,18.8,-23.6
7348,130916.0,False,331.70000000000005,17.5,-23.3
7349,130934.0,False,331.8,16.7,-23.200000000000003
7350,130956.0,False,332.40000000000003,15.4,-23.0
7351,130974.0,False,333.40000000000003,14.100000000000001,-23.1
7352,130986.0,False,334.0,13.5,-23.3
7353,130998.0,False,335.3,12.200000000000001,-23.8
7354,131015.0,False,336.0,11.8,-23.900000000000002
7355,131031.0,False,337.3,11.9,-23.5
7356,131054.0,False,338.6,13.0,-22.700000000000003
7357,131065.0,False,339.20000000000005,13.9,-22.200000000000003
7358,131087.0,False,341.3,17.0,-20.400000000000002
7359,131099.0,False,342.0,18.0,-19.900000000000002
7360,131115.0,False,342.6,19.0,-19.3
7361,131132.0,False,344.0,20.900000000000002,-18.2
7362,131157.0,False,345.6,22.700000000000003,-17.2
7363,131178.0,False,347.3,24.3,-16.3
7364,131182.0,False,348.20000000000005,25.1,-15.9
7365,131198.0,False,349.90000000000003,26.700000000000003,-15.100000000000001
7366,131215.0,False,350.8,27.5,-14.700000000000001
7367,131232.0,False,352.6,29.200000000000003,-13.8
7368,131254.0,False,354.3,30.900000000000002,-12.700000000000001
7369,131266.0,False,355.20000000000005,31.700000000000003,-12.3
7370,131283.0,False,357.1,33.6,-11.3
7371,131305.0,False,358.90000000000003,35.4,-10.5
7372,131316.0,False,359.70000000000005,36.300000000000004,-10.100000000000001
7373,131331.0,False,1.0,38.0,-9.200000000000001
7374,131354.0,False,2.1,39.5,-7.9
7375,131375.0,False,2.6,40.900000000000006,-6.300000000000001
7376,131382.0,False,2.7,41.5,-5.4
7377,131399.0,False,2.6,42.5,-3.9000000000000004
7378,131415.0,False,2.6,42.900000000000006,-3.3000000000000003
7379,131433.0,False,2.6,43.1,-2.3000000000000003
7380,131454.0,False,2.7,42.800000000000004,-1.6
7381,131467.0,False,2.8000000000000003,42.5,-1.3
7382,131481.0,False,3.0,41.5,-0.7000000000000001
7383,131501.0,False,3.3000000000000003,40.1,-0.4
7384,131531.0,False,3.7,37.0,-0.30000000000000004
7385,131548.0,False,3.8000000000000003,35.6,-0.2
7386,131569.0,False,3.9000000000000004,32.6,0.2
7387,131581.0,False,4.1000000000000005,29.3,0.9
7388,131600.0,False,4.3,26.1,1.9000000000000001
7389,131614.0,False,4.6000000000000005,24.700000000000003,2.4000000000000004
7390,131633.0,False,5.300000000000001,22.6,3.1
7391,131653.0,False,6.2,21.5,2.9000000000000004
7392,131665.0,False,6.7,21.400000000000002,2.6
7393,131682.0,False,7.6000000000000005,22.0,1.4000000000000001
7394,131702.0,False,8.6,23.400000000000002,-0.2
7395,131714.0,False,9.1,24.200000000000003,-1.2000000000000002
7396,131732.0,False,10.100000000000001,25.900000000000002,-3.3000000000000003
7397,131765.0,False,11.200000000000001,28.3,-6.6000000000000005
7398,131784.0,False,11.600000000000001,29.5,-8.4
7399,131801.0,False,11.8,30.5,-9.700000000000001
7400,131814.0,False,11.8,30.900000000000002,-10.200000000000001
7401,131832.0,False,11.8,31.200000000000003,-10.9
7402,131851.0,False,11.600000000000001,31.3,-11.200000000000001
7403,131865.0,False,11.200000000000001,31.0,-11.600000000000001
7404,131885.0,False,10.3,30.200000000000003,-11.9
7405,131898.0,False,9.700000000000001,29.700000000000003,-11.9
7406,131914.0,False,8.1,28.200000000000003,-11.700000000000001
7407,131932.0,False,7.2,27.400000000000002,-11.3
7408,131953.0,False,5.4,25.6,-10.200000000000001
7409,131965.0,False,3.8000000000000003,23.700000000000003,-8.700000000000001
7410,131985.0,False,2.7,21.900000000000002,-7.2
7411,131999.0,False,2.2,21.1,-6.5
7412,132018.0,False,1.6,19.8,-5.4
7413,132031.0,False,1.5,19.3,-5.2
7414,132051.0,False,1.6,18.7,-5.1000000000000005
7415,132065.0,False,2.0,18.5,-5.4
7416,132086.0,False,2.7,18.6,-6.0
7417,132098.0,False,3.1,18.7,-6.300000000000001
7418,132115.0,False,3.9000000000000004,19.1,-6.9
7419,132132.0,False,4.3,19.3,-7.2
7420,132150.0,False,5.2,19.5,-7.6000000000000005
7421,132170.0,False,5.9,19.200000000000003,-7.2
7422,132186.0,False,6.5,19.0,-6.1000000000000005
7423,132198.0,False,6.9,19.0,-5.4
7424,132215.0,False,7.300000000000001,19.200000000000003,-4.7
7425,132232.0,False,8.3,19.900000000000002,-3.9000000000000004
7426,132251.0,False,9.600000000000001,20.8,-3.8000000000000003
7427,132264.0,False,10.3,21.3,-3.9000000000000004
7428,132281.0,False,11.700000000000001,22.1,-4.5
7429,132298.0,False,13.100000000000001,22.700000000000003,-4.9
7430,132320.0,False,14.700000000000001,23.1,-5.0
7431,132331.0,False,15.4,23.200000000000003,-4.9
7432,132351.0,False,16.8,23.5,-4.5
7433,132374.0,False,18.0,23.900000000000002,-3.7
7434,132385.0,False,18.6,24.200000000000003,-3.1
7435,132402.0,False,19.900000000000002,25.0,-1.9000000000000001
7436,132421.0,False,21.3,26.0,-0.7000000000000001
7437,132432.0,False,22.0,26.5,-0.2
7438,132448.0,False,23.5,27.5,0.8
7439,132475.0,False,25.200000000000003,28.6,1.7000000000000002
7440,132482.0,False,26.0,29.1,2.1
7441,132498.0,False,26.8,29.6,2.4000000000000004
7442,132515.0,False,28.400000000000002,30.400000000000002,3.1
7443,132531.0,False,30.0,30.900000000000002,3.7
7444,132551.0,False,31.6,30.8,4.6000000000000005
7445,132565.0,False,32.4,30.400000000000002,5.0
7446,132581.0,False,34.0,29.3,5.9
7447,132598.0,False,34.7,28.6,6.300000000000001
7448,132615.0,False,36.0,27.200000000000003,6.800000000000001
7449,132631.0,False,37.0,26.0,6.6000000000000005
7450,132661.0,False,38.0,23.900000000000002,5.1000000000000005
7451,132687.0,False,38.2,22.6,4.1000000000000005
7452,132698.0,False,38.300000000000004,22.0,3.8000000000000003
7453,132715.0,False,38.6,21.1,3.7
7454,132731.0,False,39.300000000000004,20.6,3.6
7455,132752.0,False,40.2,20.3,3.3000000000000003
7456,132770.0,False,41.400000000000006,20.3,2.7
7457,132784.0,False,42.0,20.400000000000002,2.3000000000000003
7458,132798.0,False,42.6,20.6,2.0
7459,132814.0,False,43.5,21.3,1.6
7460,132831.0,False,44.2,22.3,1.4000000000000001
7461,132871.0,False,44.800000000000004,23.900000000000002,1.0
7462,132882.0,False,45.1,24.8,0.5
7463,132898.0,False,45.2,25.1,0.2
7464,132914.0,False,45.5,25.6,-0.8
7465,132932.0,False,45.6,26.0,-1.9000000000000001
7466,132954.0,False,45.6,26.400000000000002,-2.9000000000000004
7467,132986.0,False,45.2,26.8,-4.4
7468,132998.0,False,45.0,26.900000000000002,-4.800000000000001
7469,133015.0,False,44.5,26.900000000000002,-5.6000000000000005
7470,133032.0,False,44.2,26.700000000000003,-5.9
7471,133049.0,False,43.6,26.3,-6.6000000000000005
7472,133068.0,False,42.900000000000006,25.8,-7.1000000000000005
7473,133081.0,False,42.5,25.5,-7.4
7474,133098.0,False,41.900000000000006,25.0,-7.800000000000001
7475,133115.0,False,41.2,24.5,-8.1
7476,133132.0,False,41.0,24.3,-8.200000000000001
7477,133151.0,False,40.6,23.700000000000003,-8.4
7478,133168.0,False,40.5,23.400000000000002,-8.4
7479,133181.0,False,40.7,22.700000000000003,-8.4
7480,133198.0,False,41.300000000000004,21.900000000000002,-8.4
7481,133215.0,False,42.2,21.200000000000003,-8.4
7482,133235.0,False,43.5,20.700000000000003,-8.700000000000001
7483,133256.0,False,44.800000000000004,20.1,-9.1
7484,133273.0,False,45.400000000000006,19.8,-9.200000000000001
7485,133281.0,False,46.1,19.5,-9.4
7486,133298.0,False,47.400000000000006,18.8,-9.600000000000001
7487,133314.0,False,48.1,18.6,-9.700000000000001
7488,133331.0,False,49.5,18.400000000000002,-9.700000000000001
7489,133351.0,False,51.2,18.8,-9.8
7490,133365.0,False,53.2,19.700000000000003,-10.200000000000001
7491,133382.0,False,54.300000000000004,20.3,-10.600000000000001
7492,133398.0,False,56.6,21.400000000000002,-11.5
7493,133417.0,False,58.900000000000006,22.5,-12.4
7494,133433.0,False,60.0,23.0,-12.700000000000001
7495,133449.0,False,62.0,23.900000000000002,-13.100000000000001
7496,133469.0,False,63.6,24.900000000000002,-12.9
7497,133481.0,False,64.3,25.5,-12.600000000000001
7498,133499.0,False,65.5,26.8,-11.700000000000001
7499,133521.0,False,66.5,28.1,-10.600000000000001
7500,133537.0,False,67.0,28.8,-10.0
7501,133555.0,False,67.9,30.3,-9.0
7502,133571.0,False,68.9,31.700000000000003,-8.1
7503,133582.0,False,69.4,32.5,-7.800000000000001
7504,133598.0,False,70.5,33.800000000000004,-7.1000000000000005
7505,133615.0,False,71.0,34.5,-6.7
7506,133631.0,False,72.10000000000001,35.7,-6.0
7507,133655.0,False,73.10000000000001,36.9,-5.2
7508,133668.0,False,74.10000000000001,38.0,-4.7
7509,133682.0,False,74.60000000000001,38.5,-4.5
7510,133698.0,False,75.5,39.2,-4.3
7511,133718.0,False,75.8,39.400000000000006,-4.1000000000000005
7512,133732.0,False,76.3,39.6,-3.7
7513,133758.0,False,76.5,39.1,-3.4000000000000004
7514,133767.0,False,76.60000000000001,38.5,-3.4000000000000004
7515,133781.0,False,76.7,36.9,-3.3000000000000003
7516,133798.0,False,76.80000000000001,35.9,-3.2
7517,133815.0,False,77.10000000000001,33.800000000000004,-3.2
7518,133832.0,False,77.60000000000001,31.700000000000003,-3.5
7519,133856.0,False,78.10000000000001,29.5,-4.1000000000000005
7520,133874.0,False,78.60000000000001,27.3,-5.0
7521,133902.0,False,79.30000000000001,24.3,-6.4
7522,133919.0,False,79.5,23.5,-6.800000000000001
7523,133931.0,False,79.9,22.3,-7.9
7524,133953.0,False,79.9,21.400000000000002,-9.0
7525,133975.0,False,79.5,20.8,-9.8
7526,133982.0,False,79.10000000000001,20.6,-10.0
7527,134000.0,False,78.60000000000001,20.400000000000002,-10.0
7528,134015.0,False,77.5,20.1,-9.9
7529,134031.0,False,76.10000000000001,20.0,-9.600000000000001
7530,134056.0,False,74.60000000000001,19.900000000000002,-9.3
7531,134065.0,False,73.9,19.900000000000002,-9.200000000000001
7532,134082.0,False,72.5,20.0,-9.200000000000001
7533,134104.0,False,71.2,20.1,-9.4
7534,134115.0,False,70.60000000000001,20.200000000000003,-9.600000000000001
7535,134132.0,False,69.5,20.400000000000002,-10.3
7536,134161.0,False,68.60000000000001,20.5,-11.4
7537,134187.0,False,67.9,20.200000000000003,-13.9
7538,134198.0,False,67.9,20.1,-14.9
7539,134218.0,False,68.3,19.8,-17.1
7540,134240.0,False,69.10000000000001,19.5,-19.200000000000003
7541,134252.0,False,69.60000000000001,19.400000000000002,-20.3
7542,134267.0,False,71.0,19.3,-22.700000000000003
7543,134283.0,False,72.5,20.0,-25.3
7544,134298.0,False,73.3,20.700000000000003,-26.6
7545,134323.0,False,75.4,23.1,-29.200000000000003
7546,134353.0,False,76.4,24.200000000000003,-29.3
7547,134365.0,False,77.2,24.900000000000002,-28.3
7548,134381.0,False,77.60000000000001,25.400000000000002,-27.5
7549,134398.0,False,78.4,26.400000000000002,-25.900000000000002
7550,134415.0,False,79.2,27.700000000000003,-24.700000000000003
7551,134435.0,False,80.10000000000001,29.1,-24.0
7552,134456.0,False,81.0,30.3,-23.5
7553,134469.0,False,81.5,30.8,-23.3
7554,134484.0,False,82.0,31.1,-23.0
7555,134498.0,False,83.0,31.6,-22.3
7556,134515.0,False,83.5,31.700000000000003,-21.900000000000002
7557,134535.0,False,84.60000000000001,31.8,-20.700000000000003
7558,134558.0,False,87.0,32.4,-18.6
7559,134570.0,False,88.10000000000001,32.9,-17.900000000000002
7560,134587.0,False,90.7,34.7,-16.900000000000002
7561,134598.0,False,92.10000000000001,36.0,-16.6
7562,134616.0,False,94.7,39.1,-16.3
7563,134633.0,False,96.0,40.900000000000006,-16.3
7564,134665.0,False,99.0,46.0,-16.400000000000002
7565,134682.0,False,100.30000000000001,48.900000000000006,-16.1
7566,134698.0,False,100.80000000000001,51.1,-14.9
7567,134717.0,False,100.7,52.6,-13.0
7568,134734.0,False,100.60000000000001,53.0,-11.9
7569,134753.0,False,100.4,53.300000000000004,-9.700000000000001
7570,134766.0,False,100.4,53.1,-8.8
7571,134788.0,False,100.80000000000001,51.300000000000004,-6.800000000000001
7572,134798.0,False,101.2,50.6,-6.4
7573,134823.0,False,102.80000000000001,49.300000000000004,-6.0
7574,134832.0,False,103.9,48.800000000000004,-5.9
7575,134860.0,False,107.7,47.800000000000004,-7.0
7576,134881.0,False,109.7,47.2,-8.5
7577,134898.0,False,111.2,46.1,-10.3
7578,134916.0,False,111.80000000000001,45.2,-11.200000000000001
7579,134932.0,False,112.60000000000001,43.0,-12.700000000000001
7580,134948.0,False,112.80000000000001,41.800000000000004,-13.100000000000001
7581,134971.0,False,112.9,37.800000000000004,-12.9
7582,134982.0,False,112.80000000000001,36.5,-12.600000000000001
7583,135000.0,False,112.7,34.2,-12.5
7584,135014.0,False,112.60000000000001,33.2,-12.600000000000001
7585,135036.0,False,112.60000000000001,31.8,-13.3
7586,135052.0,False,112.9,31.0,-14.3
7587,135065.0,False,113.0,30.900000000000002,-14.8
7588,135089.0,False,113.10000000000001,31.0,-15.9
7589,135099.0,False,112.7,31.5,-16.7
7590,135115.0,False,112.30000000000001,31.8,-17.0
7591,135131.0,False,111.4,32.5,-17.400000000000002
7592,135153.0,False,110.30000000000001,33.2,-17.5
7593,135167.0,False,109.80000000000001,33.4,-17.5
7594,135181.0,False,108.80000000000001,33.800000000000004,-17.3
7595,135199.0,False,107.7,34.0,-17.2
7596,135214.0,False,107.10000000000001,34.0,-17.1
7597,135231.0,False,106.0,33.800000000000004,-17.3
7598,135266.0,False,104.4,33.0,-17.6
7599,135285.0,False,103.5,32.4,-17.8
7600,135298.0,False,103.0,32.0,-17.8
7601,135315.0,False,102.10000000000001,31.3,-17.7
7602,135332.0,False,101.10000000000001,30.900000000000002,-17.5
7603,135358.0,False,100.2,30.5,-17.2
7604,135370.0,False,99.9,30.400000000000002,-17.1
7605,135381.0,False,99.5,30.200000000000003,-17.0
7606,135398.0,False,99.4,30.1,-17.0
7607,135414.0,False,99.2,30.0,-16.8
7608,135431.0,False,99.10000000000001,29.8,-16.400000000000002
7609,135452.0,False,99.30000000000001,29.700000000000003,-16.3
7610,135465.0,False,99.9,29.700000000000003,-16.5
7611,135487.0,False,100.60000000000001,29.900000000000002,-17.1
7612,135498.0,False,100.9,30.0,-17.400000000000002
7613,135516.0,False,101.5,29.900000000000002,-18.0
7614,135531.0,False,101.80000000000001,29.6,-18.3
7615,135567.0,False,103.30000000000001,28.0,-18.8
7616,135585.0,False,104.80000000000001,27.5,-18.5
7617,135602.0,False,105.7,27.400000000000002,-18.3
7618,135620.0,False,107.9,27.5,-18.2
7619,135632.0,False,109.10000000000001,27.6,-18.3
7620,135651.0,False,111.60000000000001,27.8,-18.5
7621,135672.0,False,114.2,28.0,-18.8
7622,135682.0,False,115.5,28.1,-19.0
7623,135698.0,False,118.10000000000001,28.200000000000003,-19.200000000000003
7624,135715.0,False,120.5,28.200000000000003,-19.3
7625,135739.0,False,122.4,28.0,-19.1
7626,135748.0,False,123.10000000000001,27.900000000000002,-18.8
7627,135770.0,False,124.2,27.900000000000002,-17.900000000000002
7628,135782.0,False,124.60000000000001,28.1,-17.3
7629,135798.0,False,125.5,28.6,-16.1
7630,135814.0,False,126.0,29.1,-15.5
7631,135836.0,False,128.0,30.8,-14.600000000000001
7632,135848.0,False,128.70000000000002,31.5,-14.5
7633,135872.0,False,130.3,32.9,-14.700000000000001
7634,135881.0,False,131.1,33.7,-14.9
7635,135900.0,False,132.4,34.9,-15.4
7636,135919.0,False,133.5,35.9,-15.700000000000001
7637,135931.0,False,133.9,36.300000000000004,-15.700000000000001
7638,135954.0,False,134.5,36.9,-15.5
7639,135965.0,False,134.70000000000002,37.1,-15.3
7640,135982.0,False,135.1,37.6,-14.9
7641,135999.0,False,135.5,38.0,-14.600000000000001
7642,136018.0,False,135.6,38.1,-14.5
7643,136031.0,False,135.70000000000002,38.1,-14.200000000000001
7644,136058.0,False,135.3,37.6,-13.5
7645,136082.0,False,135.0,36.7,-13.0
7646,136098.0,False,134.70000000000002,35.1,-12.8
7647,136118.0,False,134.4,33.0,-12.600000000000001
7648,136131.0,False,134.20000000000002,31.8,-12.5
7649,136156.0,False,133.8,29.400000000000002,-11.9
7650,136165.0,False,133.70000000000002,28.3,-11.5
7651,136184.0,False,133.6,26.5,-10.700000000000001
7652,136198.0,False,133.8,25.5,-10.200000000000001
7653,136215.0,False,134.0,25.3,-10.100000000000001
7654,136231.0,False,134.5,25.5,-10.4
7655,136257.0,False,135.1,26.3,-10.9
7656,136271.0,False,135.6,27.5,-11.5
7657,136282.0,False,135.9,28.1,-11.9
7658,136299.0,False,136.20000000000002,29.3,-12.700000000000001
7659,136315.0,False,136.4,29.700000000000003,-13.0
7660,136331.0,False,136.4,30.5,-13.700000000000001
7661,136369.0,False,136.20000000000002,31.0,-13.9
7662,136382.0,False,135.4,31.5,-13.5
7663,136400.0,False,135.1,31.700000000000003,-13.3
7664,136415.0,False,134.6,32.0,-12.9
7665,136431.0,False,134.1,32.300000000000004,-12.600000000000001
7666,136452.0,False,133.8,32.6,-12.5
7667,136471.0,False,133.70000000000002,32.9,-12.8
7668,136485.0,False,133.70000000000002,33.0,-13.100000000000001
7669,136498.0,False,133.70000000000002,33.0,-13.600000000000001
7670,136515.0,False,133.9,32.800000000000004,-14.700000000000001
7671,136533.0,False,134.1,32.4,-15.5
7672,136551.0,False,134.5,32.1,-15.700000000000001
7673,136569.0,False,134.9,32.0,-15.8
7674,136598.0,False,136.5,31.700000000000003,-15.8
7675,136614.0,False,137.70000000000002,31.1,-16.0
7676,136633.0,False,138.70000000000002,30.6,-16.2
7677,136658.0,False,139.6,30.5,-16.2
7678,136666.0,False,139.9,30.5,-16.1
7679,136687.0,False,140.1,30.3,-15.8
7680,136704.0,False,139.6,29.5,-15.200000000000001
7681,136718.0,False,139.3,28.8,-14.8
7682,136732.0,False,139.1,28.0,-14.4
7683,136750.0,False,138.9,26.3,-13.200000000000001
7684,136768.0,False,139.3,24.8,-11.9
7685,136781.0,False,139.70000000000002,24.3,-11.200000000000001
7686,136800.0,False,140.5,23.6,-10.0
7687,136817.0,False,141.5,23.6,-9.200000000000001
7688,136832.0,False,142.1,23.8,-8.9
7689,136857.0,False,144.5,24.8,-8.6
7690,136872.0,False,145.5,25.200000000000003,-8.8
7691,136881.0,False,146.4,25.5,-9.200000000000001
7692,136898.0,False,148.20000000000002,25.8,-10.200000000000001
7693,136917.0,False,149.5,25.900000000000002,-11.100000000000001
7694,136937.0,False,150.20000000000002,25.8,-11.0
7695,136955.0,False,150.4,25.900000000000002,-10.5
7696,136969.0,False,150.5,26.3,-8.8
7697,136981.0,False,150.5,26.6,-7.800000000000001
7698,137000.0,False,150.8,27.5,-5.800000000000001
7699,137014.0,False,151.3,28.700000000000003,-4.2
7700,137031.0,False,151.6,29.400000000000002,-3.6
7701,137051.0,False,152.4,30.900000000000002,-2.8000000000000003
7702,137065.0,False,152.9,31.700000000000003,-2.5
7703,137081.0,False,153.70000000000002,33.2,-2.2
7704,137098.0,False,154.3,34.5,-2.1
7705,137114.0,False,154.5,35.0,-2.1
7706,137131.0,False,154.70000000000002,35.800000000000004,-2.1
7707,137151.0,False,154.8,36.2,-1.9000000000000001
7708,137166.0,False,154.8,36.300000000000004,-1.8
7709,137181.0,False,154.9,36.5,-1.6
7710,137198.0,False,155.0,36.800000000000004,-1.5
7711,137218.0,False,155.4,37.1,-1.8
7712,137231.0,False,155.70000000000002,37.1,-2.3000000000000003
7713,137251.0,False,156.3,37.0,-3.5
7714,137269.0,False,156.70000000000002,36.7,-5.1000000000000005
7715,137284.0,False,156.8,36.5,-5.800000000000001
7716,137298.0,False,156.5,36.0,-7.0
7717,137316.0,False,156.20000000000002,35.7,-7.4
7718,137332.0,False,155.8,35.1,-8.3
7719,137356.0,False,155.60000000000002,34.300000000000004,-9.3
7720,137370.0,False,155.60000000000002,33.4,-10.200000000000001
7721,137381.0,False,155.60000000000002,33.0,-10.600000000000001
7722,137398.0,False,155.70000000000002,32.4,-11.5
7723,137414.0,False,155.8,32.300000000000004,-12.0
7724,137431.0,False,156.10000000000002,32.2,-12.9
7725,137451.0,False,156.4,32.4,-13.8
7726,137470.0,False,156.70000000000002,32.9,-14.5
7727,137481.0,False,156.70000000000002,33.2,-14.700000000000001
7728,137503.0,False,156.8,33.6,-14.9
7729,137521.0,False,156.8,33.800000000000004,-14.9
7730,137553.0,False,156.5,33.800000000000004,-14.9
7731,137564.0,False,156.4,33.7,-14.8
7732,137582.0,False,156.20000000000002,33.5,-14.700000000000001
7733,137598.0,False,155.8,33.1,-14.3
7734,137617.0,False,155.4,32.7,-13.8
7735,137634.0,False,154.9,32.2,-13.3
7736,137660.0,False,154.5,31.700000000000003,-12.9
7737,137664.0,False,154.3,31.400000000000002,-12.9
7738,137684.0,False,154.0,30.900000000000002,-12.9
7739,137703.0,False,153.8,30.200000000000003,-13.0
7740,137720.0,False,153.70000000000002,29.8,-13.100000000000001
7741,137732.0,False,153.60000000000002,29.1,-13.200000000000001
7742,137749.0,False,153.70000000000002,28.700000000000003,-13.100000000000001
7743,137771.0,False,154.4,28.0,-13.0
7744,137783.0,False,154.8,27.8,-13.0
7745,137803.0,False,155.9,27.700000000000003,-13.4
7746,137818.0,False,156.60000000000002,27.6,-13.600000000000001
7747,137835.0,False,157.9,27.6,-14.100000000000001
7748,137858.0,False,159.10000000000002,27.5,-14.200000000000001
7749,137869.0,False,159.70000000000002,27.5,-14.100000000000001
7750,137881.0,False,160.3,27.6,-14.0
7751,137906.0,False,162.10000000000002,27.8,-13.4
7752,137914.0,False,162.70000000000002,27.900000000000002,-13.200000000000001
7753,137931.0,False,163.3,27.900000000000002,-12.9
7754,137949.0,False,164.3,27.8,-12.5
7755,137972.0,False,165.3,27.5,-12.100000000000001
7756,137981.0,False,165.70000000000002,27.400000000000002,-11.9
7757,137998.0,False,166.5,27.400000000000002,-11.4
7758,138018.0,False,167.4,27.700000000000003,-10.8
7759,138035.0,False,168.3,28.3,-10.4
7760,138056.0,False,169.4,29.0,-10.3
7761,138065.0,False,170.0,29.3,-10.4
7762,138081.0,False,170.70000000000002,29.6,-10.5
7763,138098.0,False,172.0,30.0,-10.9
7764,138115.0,False,173.4,30.200000000000003,-11.4
7765,138131.0,False,174.10000000000002,30.200000000000003,-11.700000000000001
7766,138150.0,False,175.4,30.200000000000003,-12.0
7767,138166.0,False,176.4,30.0,-11.9
7768,138181.0,False,176.9,30.0,-11.8
7769,138197.0,False,177.70000000000002,30.0,-11.200000000000001
7770,138218.0,False,178.70000000000002,30.200000000000003,-10.700000000000001
7771,138236.0,False,179.9,30.700000000000003,-10.4
7772,138257.0,False,181.3,31.3,-10.3
7773,138272.0,False,181.9,31.5,-10.3
7774,138283.0,False,182.60000000000002,31.8,-10.4
7775,138298.0,False,183.8,32.2,-10.600000000000001
7776,138316.0,False,184.9,32.5,-10.700000000000001
7777,138332.0,False,185.3,32.5,-10.8
7778,138351.0,False,186.3,32.6,-10.8
7779,138367.0,False,187.20000000000002,32.800000000000004,-10.9
7780,138381.0,False,187.70000000000002,32.9,-10.9
7781,138398.0,False,188.20000000000002,33.0,-11.100000000000001
7782,138417.0,False,189.9,32.9,-11.9
7783,138433.0,False,190.3,32.7,-12.200000000000001
7784,138448.0,False,190.9,32.0,-12.700000000000001
7785,138468.0,False,190.9,31.0,-12.8
7786,138481.0,False,190.8,30.3,-12.600000000000001
7787,138500.0,False,190.4,28.8,-12.0
7788,138514.0,False,190.10000000000002,28.0,-11.600000000000001
7789,138537.0,False,189.5,25.900000000000002,-10.4
7790,138551.0,False,189.4,25.400000000000002,-10.0
7791,138572.0,False,189.20000000000002,24.5,-9.600000000000001
7792,138581.0,False,189.10000000000002,24.3,-9.5
7793,138601.0,False,189.10000000000002,24.1,-9.3
7794,138614.0,False,189.20000000000002,24.200000000000003,-9.3
7795,138631.0,False,189.3,24.6,-9.200000000000001
7796,138653.0,False,189.5,25.5,-9.200000000000001
7797,138668.0,False,189.70000000000002,26.6,-9.3
7798,138681.0,False,189.70000000000002,27.1,-9.4
7799,138698.0,False,189.8,28.200000000000003,-9.700000000000001
7800,138715.0,False,189.8,28.700000000000003,-9.8
7801,138737.0,False,189.8,29.6,-10.100000000000001
7802,138753.0,False,189.70000000000002,30.3,-10.4
7803,138771.0,False,189.5,30.900000000000002,-10.5
7804,138781.0,False,189.4,31.3,-10.600000000000001
7805,138797.0,False,189.20000000000002,31.700000000000003,-10.600000000000001
7806,138815.0,False,188.70000000000002,32.4,-10.600000000000001
7807,138831.0,False,188.10000000000002,32.9,-10.600000000000001
7808,138851.0,False,187.5,33.0,-10.8
7809,138871.0,False,186.8,32.5,-11.200000000000001
7810,138886.0,False,186.4,32.0,-11.4
7811,138902.0,False,185.3,30.900000000000002,-11.8
7812,138918.0,False,184.70000000000002,30.400000000000002,-11.9
7813,138935.0,False,183.5,29.5,-11.9
7814,138957.0,False,182.5,28.700000000000003,-11.9
7815,138967.0,False,182.10000000000002,28.400000000000002,-11.9
7816,138985.0,False,181.70000000000002,27.6,-12.200000000000001
7817,138998.0,False,181.60000000000002,27.3,-12.5
7818,139018.0,False,181.5,26.8,-13.100000000000001
7819,139035.0,False,181.5,26.700000000000003,-13.5
7820,139057.0,False,181.5,26.6,-13.9
7821,139064.0,False,181.5,26.5,-14.0
7822,139087.0,False,181.5,26.0,-14.200000000000001
7823,139104.0,False,181.5,25.6,-14.100000000000001
7824,139115.0,False,181.5,25.3,-14.100000000000001
7825,139135.0,False,181.60000000000002,24.900000000000002,-14.100000000000001
7826,139154.0,False,181.8,24.6,-14.200000000000001
7827,139165.0,False,182.0,24.6,-14.200000000000001
7828,139186.0,False,182.5,24.900000000000002,-14.200000000000001
7829,139199.0,False,182.9,25.1,-14.200000000000001
7830,139214.0,False,183.9,25.6,-14.3
7831,139235.0,False,185.10000000000002,26.0,-14.600000000000001
7832,139253.0,False,186.5,26.200000000000003,-14.8
7833,139270.0,False,187.20000000000002,26.400000000000002,-15.0
7834,139281.0,False,188.0,26.5,-15.100000000000001
7835,139304.0,False,189.5,26.700000000000003,-15.200000000000001
7836,139314.0,False,191.0,26.900000000000002,-15.100000000000001
7837,139336.0,False,192.4,27.200000000000003,-14.8
7838,139352.0,False,193.10000000000002,27.400000000000002,-14.5
7839,139365.0,False,194.4,28.1,-14.0
7840,139385.0,False,195.8,28.8,-13.5
7841,139398.0,False,196.60000000000002,29.200000000000003,-13.3
7842,139415.0,False,198.10000000000002,30.1,-13.0
7843,139431.0,False,198.8,30.5,-13.0
7844,139450.0,False,200.3,31.200000000000003,-12.9
7845,139468.0,False,201.70000000000002,31.8,-12.8
7846,139481.0,False,202.3,32.2,-12.600000000000001
7847,139498.0,False,203.60000000000002,32.800000000000004,-12.200000000000001
7848,139518.0,False,204.8,33.1,-11.600000000000001
7849,139536.0,False,205.9,33.1,-11.0
7850,139551.0,False,206.5,33.0,-10.700000000000001
7851,139571.0,False,207.5,32.6,-10.100000000000001
7852,139585.0,False,208.0,32.2,-9.8
7853,139597.0,False,208.8,31.200000000000003,-8.9
7854,139616.0,False,209.0,30.6,-8.3
7855,139631.0,False,209.5,29.8,-6.4
7856,139648.0,False,210.20000000000002,29.5,-4.4
7857,139667.0,False,211.20000000000002,29.6,-2.9000000000000004
7858,139687.0,False,212.4,29.700000000000003,-2.4000000000000004
7859,139699.0,False,212.9,29.700000000000003,-2.5
7860,139714.0,False,213.4,29.6,-2.8000000000000003
7861,139734.0,False,214.10000000000002,29.3,-3.6
7862,139753.0,False,214.5,29.0,-4.6000000000000005
7863,139768.0,False,214.70000000000002,28.8,-5.5
7864,139785.0,False,214.8,28.700000000000003,-6.0
7865,139799.0,False,214.9,28.700000000000003,-6.4
7866,139818.0,False,214.8,29.0,-6.9
7867,139832.0,False,214.8,29.3,-6.9
7868,139857.0,False,214.60000000000002,30.0,-6.800000000000001
7869,139864.0,False,214.4,30.5,-6.7
7870,139881.0,False,214.3,31.0,-6.6000000000000005
7871,139898.0,False,214.10000000000002,32.300000000000004,-6.9
7872,139919.0,False,213.8,32.9,-7.5
7873,139934.0,False,213.60000000000002,33.1,-7.800000000000001
7874,139959.0,False,212.60000000000002,33.300000000000004,-9.0
7875,139981.0,False,211.70000000000002,32.9,-9.5
7876,139998.0,False,211.10000000000002,32.6,-9.700000000000001
7877,140015.0,False,209.8,31.8,-9.9
7878,140031.0,False,208.5,30.900000000000002,-10.0
7879,140052.0,False,207.20000000000002,29.900000000000002,-9.9
7880,140065.0,False,206.60000000000002,29.5,-9.700000000000001
7881,140081.0,False,205.4,28.700000000000003,-9.3
7882,140101.0,False,204.20000000000002,27.900000000000002,-8.700000000000001
7883,140114.0,False,203.70000000000002,27.6,-8.4
7884,140131.0,False,202.9,26.6,-7.9
7885,140154.0,False,202.5,25.400000000000002,-7.4
7886,140165.0,False,202.5,24.700000000000003,-7.300000000000001
7887,140181.0,False,202.5,24.200000000000003,-7.1000000000000005
7888,140201.0,False,203.0,23.3,-6.7
7889,140214.0,False,203.3,23.3,-6.7
7890,140233.0,False,204.4,23.6,-6.7
7891,140259.0,False,205.8,24.0,-6.9
7892,140281.0,False,208.20000000000002,25.200000000000003,-7.4
7893,140298.0,False,209.0,25.6,-7.5
7894,140317.0,False,210.70000000000002,26.1,-7.800000000000001
7895,140333.0,False,212.20000000000002,26.5,-7.800000000000001
7896,140359.0,False,213.60000000000002,26.700000000000003,-7.7
7897,140366.0,False,214.3,26.700000000000003,-7.7
7898,140387.0,False,215.5,26.5,-7.6000000000000005
7899,140402.0,False,216.4,26.400000000000002,-7.4
7900,140424.0,False,217.4,26.8,-6.7
7901,140449.0,False,218.60000000000002,27.700000000000003,-6.1000000000000005
7902,140468.0,False,220.20000000000002,28.900000000000002,-5.6000000000000005
7903,140481.0,False,221.0,29.6,-5.5
7904,140499.0,False,222.8,31.0,-5.300000000000001
7905,140517.0,False,224.60000000000002,32.300000000000004,-5.1000000000000005
7906,140532.0,False,225.4,32.9,-5.0
7907,140555.0,False,227.60000000000002,34.4,-4.4
7908,140569.0,False,228.20000000000002,34.800000000000004,-4.1000000000000005
7909,140581.0,False,228.8,35.2,-3.7
7910,140598.0,False,229.8,35.9,-2.7
7911,140616.0,False,230.70000000000002,36.4,-1.7000000000000002
7912,140632.0,False,231.10000000000002,36.6,-1.2000000000000002
7913,140649.0,False,232.10000000000002,36.9,-0.4
7914,140673.0,False,233.10000000000002,37.1,0.30000000000000004
7915,140681.0,False,233.70000000000002,37.2,0.6000000000000001
7916,140698.0,False,234.70000000000002,37.300000000000004,1.0
7917,140714.0,False,235.9,37.2,1.0
7918,140733.0,False,236.5,37.1,0.8
7919,140755.0,False,238.3,36.800000000000004,-0.2
7920,140766.0,False,238.8,36.9,-0.4
7921,140781.0,False,239.3,37.0,-0.6000000000000001
7922,140801.0,False,240.20000000000002,37.300000000000004,-1.0
7923,140815.0,False,240.70000000000002,37.4,-1.2000000000000002
7924,140831.0,False,241.8,37.2,-2.2
7925,140870.0,False,243.70000000000002,34.9,-5.5
7926,140881.0,False,243.70000000000002,34.0,-6.1000000000000005
7927,140898.0,False,243.4,32.5,-6.5
7928,140917.0,False,243.0,31.0,-6.0
7929,140932.0,False,242.8,30.3,-5.7
7930,140960.0,False,242.60000000000002,28.900000000000002,-5.2
7931,140966.0,False,242.5,28.200000000000003,-5.2
7932,140982.0,False,242.5,26.700000000000003,-5.5
7933,141000.0,False,242.5,25.200000000000003,-6.2
7934,141016.0,False,242.5,24.6,-6.5
7935,141031.0,False,242.60000000000002,23.6,-7.1000000000000005
7936,141053.0,False,242.60000000000002,22.900000000000002,-7.6000000000000005
7937,141068.0,False,242.4,22.3,-7.9
7938,141081.0,False,242.3,22.1,-7.9
7939,141101.0,False,242.10000000000002,21.700000000000003,-7.6000000000000005
7940,141114.0,False,242.10000000000002,21.6,-7.4
7941,141134.0,False,242.3,21.700000000000003,-6.800000000000001
7942,141151.0,False,242.60000000000002,22.5,-6.7
7943,141170.0,False,242.9,24.0,-7.2
7944,141182.0,False,243.10000000000002,25.0,-7.6000000000000005
7945,141201.0,False,243.5,26.900000000000002,-8.8
7946,141214.0,False,243.70000000000002,27.700000000000003,-9.5
7947,141231.0,False,244.3,29.1,-10.9
7948,141258.0,False,244.8,30.0,-11.9
7949,141264.0,False,245.0,30.3,-12.200000000000001
7950,141281.0,False,245.4,30.3,-12.200000000000001
7951,141300.0,False,245.9,29.700000000000003,-12.200000000000001
7952,141314.0,False,246.10000000000002,29.3,-12.3
7953,141333.0,False,246.70000000000002,28.6,-13.4
7954,141353.0,False,247.10000000000002,27.900000000000002,-15.100000000000001
7955,141370.0,False,247.10000000000002,27.3,-16.8
7956,141385.0,False,246.9,27.1,-17.400000000000002
7957,141399.0,False,246.70000000000002,26.900000000000002,-17.7
7958,141416.0,False,246.20000000000002,26.6,-17.3
7959,141436.0,False,245.8,26.5,-15.8
7960,141454.0,False,245.9,26.700000000000003,-14.100000000000001
7961,141465.0,False,246.10000000000002,26.8,-13.4
7962,141481.0,False,246.5,26.900000000000002,-12.8
7963,141498.0,False,247.4,27.5,-12.0
7964,141514.0,False,248.70000000000002,28.400000000000002,-12.0
7965,141535.0,False,250.10000000000002,29.3,-12.5
7966,141555.0,False,251.60000000000002,30.400000000000002,-13.100000000000001
7967,141567.0,False,252.4,31.0,-13.3
7968,141584.0,False,253.8,32.2,-13.700000000000001
7969,141597.0,False,254.60000000000002,32.800000000000004,-13.8
7970,141615.0,False,255.3,33.4,-13.8
7971,141655.0,False,259.0,34.800000000000004,-14.0
7972,141666.0,False,259.7,34.9,-14.0
7973,141681.0,False,260.40000000000003,35.0,-14.0
7974,141698.0,False,261.7,35.1,-13.9
7975,141719.0,False,262.90000000000003,35.4,-13.700000000000001
7976,141732.0,False,263.5,35.7,-13.5
7977,141750.0,False,264.7,36.300000000000004,-13.0
7978,141771.0,False,266.0,37.1,-12.4
7979,141781.0,False,266.7,37.5,-12.200000000000001
7980,141801.0,False,268.2,38.300000000000004,-11.8
7981,141815.0,False,269.7,39.0,-11.700000000000001
7982,141831.0,False,270.5,39.300000000000004,-11.700000000000001
7983,141854.0,False,272.3,39.800000000000004,-11.700000000000001
7984,141866.0,False,272.8,39.900000000000006,-11.700000000000001
7985,141881.0,False,273.3,39.900000000000006,-11.8
7986,141897.0,False,273.8,39.800000000000004,-11.700000000000001
7987,141917.0,False,274.1,39.5,-11.4
7988,141931.0,False,274.2,39.300000000000004,-11.200000000000001
7989,141948.0,False,274.3,38.900000000000006,-10.8
7990,141969.0,False,274.5,38.6,-10.4
7991,141981.0,False,274.5,38.400000000000006,-10.3
7992,141997.0,False,274.6,37.800000000000004,-10.100000000000001
7993,142015.0,False,274.40000000000003,36.9,-10.0
7994,142031.0,False,274.3,36.2,-9.9
7995,142059.0,False,273.8,33.4,-9.5
7996,142081.0,False,273.40000000000003,31.1,-9.1
7997,142097.0,False,272.90000000000003,28.8,-8.5
7998,142115.0,False,272.6,27.6,-8.200000000000001
7999,142137.0,False,272.0,24.400000000000002,-7.2
8000,142156.0,False,271.90000000000003,23.5,-6.9
8001,142169.0,False,272.0,22.3,-6.4
8002,142187.0,False,272.40000000000003,21.900000000000002,-6.300000000000001
8003,142202.0,False,272.6,22.1,-6.4
8004,142218.0,False,273.2,22.8,-6.7
8005,142232.0,False,273.40000000000003,23.400000000000002,-6.9
8006,142255.0,False,273.90000000000003,24.400000000000002,-7.5
8007,142267.0,False,274.1,24.900000000000002,-7.7
8008,142281.0,False,274.40000000000003,25.6,-8.3
8009,142298.0,False,274.6,26.0,-8.8
8010,142319.0,False,274.6,26.3,-9.0
8011,142336.0,False,274.5,26.400000000000002,-9.1
8012,142353.0,False,274.2,26.6,-9.0
8013,142365.0,False,274.1,26.700000000000003,-8.9
8014,142381.0,False,273.7,26.700000000000003,-8.700000000000001
8015,142400.0,False,273.40000000000003,26.6,-8.700000000000001
8016,142416.0,False,273.3,26.5,-8.700000000000001
8017,142436.0,False,273.1,26.3,-8.9
8018,142448.0,False,273.0,26.200000000000003,-9.0
8019,142469.0,False,272.8,26.1,-9.200000000000001
8020,142481.0,False,272.7,26.0,-9.4
8021,142515.0,False,272.90000000000003,26.0,-9.600000000000001
8022,142533.0,False,273.40000000000003,26.1,-9.9
8023,142551.0,False,274.1,26.200000000000003,-10.5
8024,142564.0,False,274.5,26.3,-10.9
8025,142583.0,False,275.3,26.6,-11.600000000000001
8026,142598.0,False,275.6,26.8,-11.700000000000001
8027,142614.0,False,276.5,27.5,-11.8
8028,142632.0,False,277.6,28.200000000000003,-11.9
8029,142652.0,False,279.0,28.400000000000002,-12.0
8030,142665.0,False,279.7,28.400000000000002,-12.100000000000001
8031,142681.0,False,280.5,28.400000000000002,-12.3
8032,142699.0,False,282.0,28.200000000000003,-12.8
8033,142716.0,False,283.5,28.1,-13.3
8034,142732.0,False,284.7,28.1,-13.700000000000001
8035,142754.0,False,285.7,28.200000000000003,-13.600000000000001
8036,142769.0,False,286.1,28.3,-13.5
8037,142781.0,False,286.5,28.400000000000002,-13.4
8038,142797.0,False,287.5,28.400000000000002,-13.3
8039,142814.0,False,288.6,28.400000000000002,-13.200000000000001
8040,142832.0,False,289.1,28.400000000000002,-13.100000000000001
8041,142848.0,False,290.1,28.400000000000002,-13.100000000000001
8042,142864.0,False,291.1,28.6,-13.100000000000001
8043,142881.0,False,291.40000000000003,28.700000000000003,-13.0
8044,142901.0,False,292.0,29.0,-12.600000000000001
8045,142916.0,False,292.3,29.6,-11.600000000000001
8046,142931.0,False,292.40000000000003,30.0,-11.100000000000001
8047,142953.0,False,292.7,30.900000000000002,-9.9
8048,142965.0,False,293.1,32.0,-8.700000000000001
8049,142986.0,False,293.5,33.300000000000004,-7.6000000000000005
8050,142998.0,False,293.7,33.9,-7.1000000000000005
8051,143014.0,False,294.1,35.0,-6.300000000000001
8052,143035.0,False,294.5,35.800000000000004,-5.6000000000000005
8053,143049.0,False,294.6,36.1,-5.300000000000001
8054,143066.0,False,295.0,36.5,-5.0
8055,143081.0,False,295.2,36.5,-4.9
8056,143100.0,False,295.6,36.6,-4.9
8057,143117.0,False,296.1,36.7,-4.9
8058,143131.0,False,296.3,36.800000000000004,-5.0
8059,143152.0,False,297.1,37.2,-5.300000000000001
8060,143169.0,False,297.8,37.4,-6.0
8061,143181.0,False,298.2,37.4,-6.300000000000001
8062,143197.0,False,298.7,37.300000000000004,-7.0
8063,143217.0,False,299.2,36.800000000000004,-7.7
8064,143236.0,False,299.6,35.9,-8.5
8065,143252.0,False,299.90000000000003,35.300000000000004,-8.9
8066,143268.0,False,300.2,33.800000000000004,-9.700000000000001
8067,143288.0,False,300.1,32.300000000000004,-10.100000000000001
8068,143305.0,False,299.90000000000003,31.5,-10.200000000000001
8069,143315.0,False,299.7,30.700000000000003,-10.100000000000001
8070,143331.0,False,299.3,29.3,-9.8
8071,143349.0,False,298.90000000000003,28.400000000000002,-9.3
8072,143364.0,False,298.8,28.1,-9.1
8073,143381.0,False,298.8,28.1,-8.6
8074,143397.0,False,299.0,28.6,-8.4
8075,143416.0,False,299.0,29.1,-8.3
8076,143431.0,False,299.1,30.1,-8.3
8077,143452.0,False,299.2,30.900000000000002,-8.4
8078,143467.0,False,299.2,31.1,-8.6
8079,143481.0,False,299.2,31.0,-9.1
8080,143499.0,False,299.0,30.5,-9.700000000000001
8081,143517.0,False,298.7,29.900000000000002,-10.200000000000001
8082,143531.0,False,298.5,29.700000000000003,-10.4
8083,143550.0,False,298.1,29.700000000000003,-10.600000000000001
8084,143564.0,False,298.0,29.900000000000002,-10.700000000000001
8085,143581.0,False,297.90000000000003,30.5,-11.200000000000001
8086,143600.0,False,298.1,31.3,-11.8
8087,143614.0,False,298.3,31.700000000000003,-12.3
8088,143631.0,False,298.90000000000003,32.2,-13.4
8089,143655.0,False,299.6,32.5,-14.600000000000001
8090,143665.0,False,299.90000000000003,32.6,-15.200000000000001
8091,143681.0,False,300.3,32.7,-16.3
8092,143702.0,False,300.7,32.800000000000004,-17.1
8093,143718.0,False,301.0,32.7,-17.400000000000002
8094,143732.0,False,301.8,32.5,-18.0
8095,143747.0,False,302.3,32.2,-18.400000000000002
8096,143767.0,False,303.40000000000003,31.900000000000002,-19.5
8097,143781.0,False,304.6,31.700000000000003,-20.700000000000003
8098,143797.0,False,305.1,31.6,-21.200000000000003
8099,143816.0,False,306.5,31.700000000000003,-22.1
8100,143831.0,False,307.8,31.700000000000003,-22.900000000000002
8101,143849.0,False,308.40000000000003,31.6,-23.200000000000003
8102,143869.0,False,309.6,31.400000000000002,-23.8
8103,143881.0,False,310.6,31.1,-24.5
8104,143898.0,False,311.1,30.900000000000002,-25.0
8105,143916.0,False,312.0,30.5,-25.700000000000003
8106,143931.0,False,312.3,30.5,-26.0
8107,143947.0,False,313.0,30.700000000000003,-26.200000000000003
8108,143966.0,False,313.8,30.6,-26.0
8109,143981.0,False,314.20000000000005,30.400000000000002,-26.0
8110,143998.0,False,315.0,29.8,-26.0
8111,144017.0,False,315.70000000000005,29.200000000000003,-26.1
8112,144036.0,False,316.5,29.0,-26.1
8113,144055.0,False,317.3,29.0,-26.1
8114,144072.0,False,317.8,29.1,-26.1
8115,144082.0,False,318.20000000000005,29.200000000000003,-25.900000000000002
8116,144098.0,False,318.90000000000003,29.6,-25.3
8117,144115.0,False,319.40000000000003,30.400000000000002,-24.3
8118,144135.0,False,320.0,31.5,-22.8
8119,144149.0,False,320.3,32.1,-22.0
8120,144171.0,False,320.90000000000003,33.300000000000004,-20.3
8121,144181.0,False,321.20000000000005,34.0,-19.400000000000002
8122,144197.0,False,322.0,35.2,-17.900000000000002
8123,144214.0,False,322.8,36.4,-16.6
8124,144231.0,False,323.20000000000005,36.9,-16.1
8125,144251.0,False,324.1,38.0,-15.4
8126,144267.0,False,324.8,39.0,-15.0
8127,144283.0,False,325.0,39.400000000000006,-14.9
8128,144302.0,False,325.3,40.1,-14.600000000000001
8129,144316.0,False,325.40000000000003,40.6,-14.4
8130,144331.0,False,325.40000000000003,40.7,-14.3
8131,144371.0,False,325.20000000000005,40.1,-14.4
8132,144384.0,False,325.0,39.6,-14.600000000000001
8133,144397.0,False,324.6,38.5,-14.8
8134,144415.0,False,324.40000000000003,37.9,-14.8
8135,144431.0,False,324.1,36.800000000000004,-14.3
8136,144464.0,False,324.20000000000005,34.800000000000004,-13.8
8137,144481.0,False,324.40000000000003,33.0,-13.8
8138,144501.0,False,324.70000000000005,31.200000000000003,-13.9
8139,144518.0,False,324.90000000000003,29.8,-14.0
8140,144537.0,False,325.0,29.1,-14.100000000000001
8141,144562.0,False,325.0,28.900000000000002,-14.200000000000001
8142,144583.0,False,324.90000000000003,29.1,-14.100000000000001
8143,144598.0,False,324.70000000000005,29.6,-13.8
8144,144614.0,False,324.6,29.900000000000002,-13.700000000000001
8145,144631.0,False,324.40000000000003,30.6,-13.4
8146,144648.0,False,324.3,31.3,-13.4
8147,144667.0,False,324.20000000000005,31.700000000000003,-13.5
8148,144681.0,False,324.1,32.4,-13.8
8149,144698.0,False,324.0,33.1,-14.3
8150,144714.0,False,323.90000000000003,33.4,-14.600000000000001
8151,144732.0,False,323.6,34.0,-15.100000000000001
8152,144762.0,False,323.0,34.6,-15.9
8153,144781.0,False,322.3,34.800000000000004,-16.3
8154,144798.0,False,321.90000000000003,34.7,-16.400000000000002
8155,144822.0,False,320.3,34.2,-16.7
8156,144832.0,False,319.70000000000005,33.800000000000004,-16.900000000000002
8157,144861.0,False,318.0,32.5,-17.0
8158,144881.0,False,316.90000000000003,31.400000000000002,-16.8
8159,144897.0,False,316.40000000000003,30.8,-16.6
8160,144914.0,False,315.40000000000003,29.8,-16.1
8161,144931.0,False,314.8,28.900000000000002,-15.600000000000001
8162,144956.0,False,314.70000000000005,28.400000000000002,-15.200000000000001
8163,144967.0,False,314.70000000000005,28.3,-15.0
8164,144981.0,False,314.8,28.3,-14.600000000000001
8165,145003.0,False,316.0,29.1,-13.700000000000001
8166,145016.0,False,316.6,29.400000000000002,-13.700000000000001
8167,145036.0,False,318.0,29.700000000000003,-13.9
8168,145049.0,False,318.90000000000003,29.8,-14.3
8169,145068.0,False,320.5,30.0,-15.100000000000001
8170,145086.0,False,322.0,30.200000000000003,-16.1
8171,145102.0,False,323.5,30.8,-17.0
8172,145124.0,False,324.90000000000003,31.700000000000003,-17.7
8173,145134.0,False,325.6,32.1,-17.900000000000002
8174,145148.0,False,326.3,32.5,-18.1
8175,145169.0,False,327.70000000000005,33.0,-18.5
8176,145189.0,False,329.1,33.1,-18.900000000000002
8177,145197.0,False,329.70000000000005,33.1,-19.0
8178,145214.0,False,330.8,33.1,-19.200000000000003
8179,145233.0,False,331.20000000000005,33.1,-19.200000000000003
8180,145255.0,False,331.90000000000003,33.6,-18.1
8181,145264.0,False,332.1,33.9,-17.5
8182,145285.0,False,332.40000000000003,34.7,-15.9
8183,145298.0,False,332.6,35.1,-15.0
8184,145314.0,False,333.1,36.0,-13.100000000000001
8185,145331.0,False,333.5,36.5,-12.200000000000001
8186,145358.0,False,334.20000000000005,37.5,-10.600000000000001
8187,145368.0,False,335.1,38.6,-9.200000000000001
8188,145381.0,False,335.6,39.0,-8.5
8189,145397.0,False,336.5,39.800000000000004,-7.1000000000000005
8190,145415.0,False,337.0,40.0,-6.4
8191,145431.0,False,338.1,40.1,-5.1000000000000005
8192,145458.0,False,339.90000000000003,40.300000000000004,-3.6
8193,145465.0,False,340.6,40.400000000000006,-3.4000000000000004
8194,145484.0,False,342.0,40.5,-3.5
8195,145497.0,False,342.6,40.6,-3.9000000000000004
8196,145515.0,False,343.6,40.7,-5.0
8197,145536.0,False,344.3,40.400000000000006,-6.4
8198,145554.0,False,344.6,40.1,-7.0
8199,145564.0,False,344.70000000000005,39.7,-7.6000000000000005
8200,145580.0,False,344.5,38.5,-8.1
8201,145597.0,False,343.90000000000003,37.0,-7.800000000000001
8202,145629.0,False,342.8,34.5,-6.4
8203,145668.0,False,343.0,32.1,-6.2
8204,145681.0,False,343.40000000000003,31.8,-6.7
8205,145698.0,False,344.3,31.8,-8.200000000000001
8206,145714.0,False,344.70000000000005,32.0,-9.0
8207,145731.0,False,345.3,32.7,-10.3
8208,145753.0,False,345.6,33.6,-11.0
8209,145766.0,False,345.5,34.6,-11.200000000000001
8210,145781.0,False,345.5,35.0,-11.100000000000001
8211,145797.0,False,345.3,35.800000000000004,-10.9
8212,145815.0,False,345.20000000000005,36.2,-10.700000000000001
8213,145834.0,False,345.20000000000005,36.7,-10.600000000000001
8214,145860.0,False,345.40000000000003,37.1,-10.9
8215,145873.0,False,345.5,37.2,-11.200000000000001
8216,145881.0,False,345.6,37.2,-11.5
8217,145898.0,False,345.70000000000005,37.1,-12.100000000000001
8218,145914.0,False,345.8,36.9,-12.5
8219,145933.0,False,345.90000000000003,36.5,-13.5
8220,145954.0,False,346.1,35.9,-14.5
8221,145969.0,False,346.1,35.1,-15.600000000000001
8222,145988.0,False,346.0,34.7,-16.2
8223,145999.0,False,345.70000000000005,34.1,-17.3
8224,146014.0,False,345.5,33.800000000000004,-17.8
8225,146031.0,False,345.20000000000005,33.2,-18.5
8226,146052.0,False,345.1,32.5,-18.7
8227,146064.0,False,345.20000000000005,32.1,-18.6
8228,146085.0,False,345.70000000000005,31.6,-17.900000000000002
8229,146102.0,False,346.90000000000003,31.6,-17.0
8230,146114.0,False,347.8,31.8,-16.6
8231,146131.0,False,349.90000000000003,32.1,-16.5
8232,146148.0,False,351.1,32.1,-16.8
8233,146166.0,False,353.6,31.700000000000003,-18.0
8234,146181.0,False,354.8,31.400000000000002,-18.7
8235,146204.0,False,357.6,31.0,-20.700000000000003
8236,146218.0,False,358.40000000000003,31.1,-21.0
8237,146233.0,False,0.2,31.700000000000003,-20.900000000000002
8238,146253.0,False,2.1,32.4,-20.400000000000002
8239,146267.0,False,3.2,32.7,-20.1
8240,146281.0,False,5.2,33.2,-19.5
8241,146297.0,False,6.2,33.4,-19.3
8242,146314.0,False,8.4,33.9,-19.0
8243,146331.0,False,10.600000000000001,34.300000000000004,-19.0
8244,146349.0,False,11.700000000000001,34.6,-19.1
8245,146368.0,False,13.8,35.0,-19.400000000000002
8246,146384.0,False,15.5,35.5,-19.6
8247,146398.0,False,16.3,35.7,-19.5
8248,146416.0,False,17.6,36.2,-19.0
8249,146438.0,False,18.8,36.7,-18.1
8250,146453.0,False,19.400000000000002,36.9,-17.6
8251,146467.0,False,20.5,37.300000000000004,-16.400000000000002
8252,146488.0,False,21.6,37.6,-15.3
8253,146498.0,False,22.1,37.800000000000004,-14.700000000000001
8254,146514.0,False,23.1,38.0,-13.600000000000001
8255,146530.0,False,23.6,38.1,-13.100000000000001
8256,146548.0,False,24.6,38.1,-12.3
8257,146568.0,False,25.5,37.800000000000004,-12.100000000000001
8258,146581.0,False,26.0,37.5,-12.200000000000001
8259,146598.0,False,27.0,36.800000000000004,-12.5
8260,146615.0,False,27.8,36.2,-12.700000000000001
8261,146631.0,False,28.200000000000003,36.2,-12.600000000000001
8262,146655.0,False,29.5,36.7,-11.700000000000001
8263,146669.0,False,30.1,36.9,-11.4
8264,146697.0,False,32.0,37.1,-11.3
8265,146715.0,False,33.4,36.4,-11.9
8266,146731.0,False,34.0,35.7,-12.4
8267,146757.0,False,35.300000000000004,32.800000000000004,-13.700000000000001
8268,146767.0,False,35.4,31.6,-13.9
8269,146781.0,False,35.4,30.400000000000002,-13.9
8270,146797.0,False,35.0,28.0,-13.5
8271,146817.0,False,34.1,25.6,-12.4
8272,146831.0,False,33.6,24.6,-11.700000000000001
8273,146861.0,False,32.1,22.5,-8.8
8274,146867.0,False,31.700000000000003,22.200000000000003,-8.0
8275,146881.0,False,31.5,22.0,-7.2
8276,146897.0,False,31.3,22.200000000000003,-6.4
8277,146914.0,False,31.200000000000003,22.6,-6.2
8278,146931.0,False,31.200000000000003,23.6,-6.5
8279,146949.0,False,31.200000000000003,24.1,-6.800000000000001
8280,146972.0,False,31.3,25.6,-8.3
8281,146981.0,False,31.200000000000003,26.0,-8.8
8282,146997.0,False,31.0,26.5,-9.600000000000001
8283,147014.0,False,30.900000000000002,26.8,-9.8
8284,147033.0,False,30.6,27.1,-10.100000000000001
8285,147050.0,False,30.400000000000002,27.400000000000002,-10.0
8286,147080.0,False,30.5,27.700000000000003,-9.8
8287,147101.0,False,30.8,27.8,-10.0
8288,147115.0,False,31.1,27.8,-10.200000000000001
8289,147132.0,False,31.6,27.900000000000002,-10.8
8290,147160.0,False,32.300000000000004,27.8,-11.600000000000001
8291,147169.0,False,32.4,27.700000000000003,-11.8
8292,147184.0,False,32.5,27.6,-12.0
8293,147200.0,False,32.800000000000004,27.6,-12.0
8294,147214.0,False,33.1,27.6,-11.9
8295,147231.0,False,33.800000000000004,27.700000000000003,-11.8
8296,147252.0,False,34.800000000000004,27.700000000000003,-11.8
8297,147269.0,False,35.800000000000004,27.700000000000003,-12.0
8298,147285.0,False,36.300000000000004,27.700000000000003,-12.0
8299,147303.0,False,37.1,27.900000000000002,-11.700000000000001
8300,147314.0,False,37.6,28.0,-11.5
8301,147331.0,False,38.400000000000006,28.1,-10.700000000000001
8302,147347.0,False,38.900000000000006,28.1,-10.200000000000001
8303,147366.0,False,39.7,28.0,-9.200000000000001
8304,147381.0,False,40.400000000000006,27.700000000000003,-8.3
8305,147397.0,False,40.7,27.6,-7.800000000000001
8306,147416.0,False,41.2,27.900000000000002,-6.9
8307,147431.0,False,41.800000000000004,28.6,-5.800000000000001
8308,147450.0,False,42.6,29.5,-4.800000000000001
8309,147468.0,False,43.0,29.900000000000002,-4.3
8310,147483.0,False,44.0,30.200000000000003,-3.7
8311,147497.0,False,44.6,30.200000000000003,-3.5
8312,147514.0,False,45.7,29.700000000000003,-3.5
8313,147531.0,False,46.900000000000006,28.900000000000002,-3.7
8314,147553.0,False,48.0,27.8,-4.2
8315,147566.0,False,48.6,27.3,-4.4
8316,147585.0,False,49.800000000000004,26.3,-4.800000000000001
8317,147597.0,False,50.400000000000006,25.900000000000002,-4.9
8318,147614.0,False,51.5,25.6,-4.7
8319,147635.0,False,52.5,25.700000000000003,-4.2
8320,147654.0,False,53.6,26.200000000000003,-3.5
8321,147666.0,False,54.2,26.5,-3.2
8322,147681.0,False,54.900000000000006,26.8,-3.0
8323,147697.0,False,56.2,27.6,-2.7
8324,147716.0,False,57.5,28.200000000000003,-2.7
8325,147734.0,False,58.5,28.8,-2.8000000000000003
8326,147756.0,False,59.400000000000006,29.3,-2.9000000000000004
8327,147766.0,False,59.7,29.5,-3.0
8328,147780.0,False,60.0,29.8,-3.1
8329,147799.0,False,60.6,30.400000000000002,-3.4000000000000004
8330,147817.0,False,61.2,31.3,-3.7
8331,147835.0,False,61.7,32.6,-4.1000000000000005
8332,147853.0,False,62.0,33.4,-4.3
8333,147865.0,False,62.2,34.1,-4.5
8334,147881.0,False,62.7,35.4,-4.9
8335,147897.0,False,63.1,36.6,-5.5
8336,147914.0,False,63.300000000000004,37.800000000000004,-5.9
8337,147931.0,False,63.400000000000006,38.400000000000006,-6.0
8338,147956.0,False,63.7,39.7,-6.2
8339,147989.0,False,63.800000000000004,40.5,-6.1000000000000005
8340,147998.0,False,63.800000000000004,40.6,-6.0
8341,148017.0,False,63.900000000000006,40.6,-5.800000000000001
8342,148030.0,False,63.900000000000006,40.5,-5.800000000000001
8343,148050.0,False,64.2,40.1,-5.800000000000001
8344,148065.0,False,64.60000000000001,39.5,-5.9
8345,148086.0,False,64.9,39.0,-6.1000000000000005
8346,148097.0,False,65.0,38.7,-6.2
8347,148114.0,False,65.10000000000001,38.5,-6.300000000000001
8348,148131.0,False,65.3,38.1,-6.4
8349,148149.0,False,65.4,37.5,-6.4
8350,148166.0,False,65.5,37.1,-6.4
8351,148184.0,False,65.4,36.300000000000004,-6.2
8352,148198.0,False,65.3,35.300000000000004,-5.9
8353,148214.0,False,65.4,34.9,-5.800000000000001
8354,148230.0,False,65.5,34.1,-5.800000000000001
8355,148255.0,False,65.60000000000001,33.5,-5.9
8356,148265.0,False,65.60000000000001,33.300000000000004,-6.1000000000000005
8357,148281.0,False,65.60000000000001,33.0,-6.300000000000001
8358,148301.0,False,65.3,32.800000000000004,-6.4
8359,148315.0,False,65.10000000000001,32.7,-6.4
8360,148331.0,False,64.7,32.1,-6.4
8361,148353.0,False,64.4,31.200000000000003,-6.6000000000000005
8362,148368.0,False,64.2,30.3,-7.0
8363,148383.0,False,64.2,29.8,-7.300000000000001
8364,148400.0,False,64.2,29.5,-7.7
8365,148414.0,False,64.3,29.1,-8.5
8366,148433.0,False,64.7,29.200000000000003,-9.5
8367,148450.0,False,65.3,29.400000000000002,-10.5
8368,148464.0,False,65.5,29.6,-10.9
8369,148484.0,False,65.8,29.900000000000002,-11.200000000000001
8370,148497.0,False,65.9,30.1,-11.0
8371,148514.0,False,66.2,30.200000000000003,-10.4
8372,148531.0,False,66.7,30.200000000000003,-9.9
8373,148552.0,False,67.5,30.400000000000002,-9.700000000000001
8374,148569.0,False,68.4,30.700000000000003,-9.5
8375,148584.0,False,68.9,30.900000000000002,-9.5
8376,148597.0,False,69.3,31.1,-9.5
8377,148614.0,False,70.2,31.400000000000002,-9.3
8378,148634.0,False,70.9,31.8,-8.9
8379,148648.0,False,71.2,32.0,-8.5
8380,148668.0,False,71.9,32.300000000000004,-8.0
8381,148682.0,False,72.7,32.5,-7.4
8382,148698.0,False,73.2,32.6,-7.2
8383,148714.0,False,74.3,32.5,-6.800000000000001
8384,148734.0,False,75.5,32.1,-6.800000000000001
8385,148756.0,False,76.80000000000001,31.5,-7.1000000000000005
8386,148766.0,False,77.5,31.200000000000003,-7.300000000000001
8387,148782.0,False,78.7,30.700000000000003,-7.800000000000001
8388,148797.0,False,79.30000000000001,30.5,-8.0
8389,148814.0,False,80.4,30.5,-8.1
8390,148834.0,False,81.5,30.6,-8.0
8391,148855.0,False,82.7,30.900000000000002,-7.7
8392,148868.0,False,83.30000000000001,31.0,-7.5
8393,148881.0,False,84.0,31.1,-7.4
8394,148899.0,False,85.30000000000001,31.400000000000002,-7.2
8395,148919.0,False,86.5,31.700000000000003,-7.1000000000000005
8396,148934.0,False,87.5,32.0,-7.1000000000000005
8397,148955.0,False,88.5,32.300000000000004,-7.1000000000000005
8398,148970.0,False,88.9,32.6,-7.1000000000000005
8399,148981.0,False,89.4,32.800000000000004,-7.1000000000000005
8400,148998.0,False,90.30000000000001,33.5,-7.2
8401,149014.0,False,91.2,34.300000000000004,-7.5
8402,149031.0,False,91.60000000000001,34.6,-7.800000000000001
8403,149054.0,False,93.0,35.6,-9.0
8404,149067.0,False,93.5,35.9,-9.700000000000001
8405,149080.0,False,93.9,36.300000000000004,-10.5
8406,149097.0,False,94.80000000000001,36.800000000000004,-12.200000000000001
8407,149117.0,False,95.60000000000001,37.0,-13.8
8408,149136.0,False,95.9,36.9,-14.700000000000001
8409,149152.0,False,96.0,36.6,-14.8
8410,149164.0,False,95.9,36.300000000000004,-14.600000000000001
8411,149183.0,False,95.60000000000001,35.2,-13.5
8412,149197.0,False,95.5,33.800000000000004,-12.3
8413,149218.0,False,95.60000000000001,32.300000000000004,-11.4
8414,149230.0,False,95.80000000000001,31.700000000000003,-11.200000000000001
8415,149248.0,False,96.5,31.0,-11.3
8416,149265.0,False,96.9,31.0,-11.5
8417,149280.0,False,97.80000000000001,31.5,-12.3
8418,149303.0,False,98.80000000000001,32.4,-13.0
8419,149318.0,False,99.60000000000001,33.5,-13.5
8420,149338.0,False,100.10000000000001,34.4,-13.700000000000001
8421,149357.0,False,100.30000000000001,35.0,-13.600000000000001
8422,149369.0,False,100.30000000000001,35.300000000000004,-13.5
8423,149386.0,False,100.0,35.6,-13.4
8424,149397.0,False,99.7,35.800000000000004,-13.3
8425,149414.0,False,99.2,35.9,-13.200000000000001
8426,149431.0,False,98.0,36.1,-12.8
8427,149464.0,False,95.5,36.1,-11.600000000000001
8428,149483.0,False,93.9,35.800000000000004,-10.5
8429,149497.0,False,92.5,35.300000000000004,-9.4
8430,149517.0,False,92.0,35.1,-9.0
8431,149531.0,False,91.10000000000001,34.4,-8.5
8432,149551.0,False,90.5,33.800000000000004,-8.3
8433,149571.0,False,90.2,33.2,-8.3
8434,149582.0,False,90.2,33.0,-8.3
8435,149598.0,False,90.2,32.7,-8.5
8436,149621.0,False,90.7,31.8,-9.1
8437,149634.0,False,90.9,31.5,-9.3
8438,149654.0,False,91.4,31.200000000000003,-9.9
8439,149665.0,False,91.60000000000001,31.0,-10.100000000000001
8440,149682.0,False,92.4,31.0,-10.3
8441,149698.0,False,92.80000000000001,31.200000000000003,-10.3
8442,149715.0,False,94.0,31.8,-10.100000000000001
8443,149735.0,False,95.4,32.4,-10.100000000000001
8444,149755.0,False,96.80000000000001,33.1,-10.4
8445,149766.0,False,97.5,33.4,-10.600000000000001
8446,149784.0,False,98.7,34.1,-11.0
8447,149800.0,False,99.30000000000001,34.5,-11.200000000000001
8448,149814.0,False,100.4,35.0,-11.8
8449,149831.0,False,101.4,35.300000000000004,-12.4
8450,149848.0,False,101.80000000000001,35.4,-12.600000000000001
8451,149866.0,False,102.30000000000001,35.6,-12.5
8452,149881.0,False,102.60000000000001,35.7,-11.9
8453,149898.0,False,102.7,35.800000000000004,-11.5
8454,149914.0,False,102.9,35.7,-10.5
8455,149932.0,False,103.2,35.6,-9.700000000000001
8456,149952.0,False,103.7,35.300000000000004,-9.200000000000001
8457,149969.0,False,104.10000000000001,35.2,-9.200000000000001
8458,149984.0,False,105.2,35.0,-9.4
8459,149999.0,False,105.80000000000001,34.9,-9.700000000000001
8460,150014.0,False,107.10000000000001,34.6,-10.4
8461,150034.0,False,108.2,34.6,-10.9
8462,150049.0,False,108.60000000000001,34.6,-10.9
8463,150068.0,False,109.10000000000001,34.800000000000004,-10.600000000000001
8464,150082.0,False,109.60000000000001,35.0,-9.700000000000001
8465,150097.0,False,109.80000000000001,35.1,-9.200000000000001
8466,150114.0,False,110.30000000000001,35.2,-8.1
8467,150135.0,False,110.80000000000001,35.4,-7.1000000000000005
8468,150148.0,False,111.10000000000001,35.5,-6.6000000000000005
8469,150167.0,False,111.60000000000001,35.7,-5.800000000000001
8470,150181.0,False,111.80000000000001,35.7,-5.4
8471,150197.0,False,112.30000000000001,35.5,-4.9
8472,150214.0,False,112.80000000000001,35.2,-4.800000000000001
8473,150230.0,False,113.10000000000001,34.9,-4.800000000000001
8474,150255.0,False,113.9,34.2,-5.2
8475,150265.0,False,114.2,34.1,-5.300000000000001
8476,150283.0,False,114.5,34.1,-5.4
8477,150297.0,False,115.2,34.4,-5.5
8478,150314.0,False,115.80000000000001,35.1,-5.5
8479,150335.0,False,116.4,36.1,-5.300000000000001
8480,150352.0,False,116.7,36.7,-5.2
8481,150365.0,False,117.2,37.4,-5.1000000000000005
8482,150381.0,False,118.10000000000001,38.7,-5.300000000000001
8483,150399.0,False,119.2,40.0,-5.800000000000001
8484,150416.0,False,119.7,40.6,-6.2
8485,150431.0,False,120.60000000000001,41.2,-7.0
8486,150447.0,False,121.0,41.2,-7.800000000000001
8487,150466.0,False,121.0,41.0,-8.200000000000001
8488,150483.0,False,120.80000000000001,39.900000000000006,-8.700000000000001
8489,150497.0,False,120.30000000000001,38.2,-9.1
8490,150518.0,False,119.80000000000001,36.5,-9.4
8491,150530.0,False,119.5,36.0,-9.4
8492,150547.0,False,119.0,35.7,-9.200000000000001
8493,150568.0,False,118.7,36.300000000000004,-8.700000000000001
8494,150583.0,False,118.5,36.7,-8.3
8495,150598.0,False,118.30000000000001,37.5,-7.6000000000000005
8496,150614.0,False,118.30000000000001,37.800000000000004,-7.1000000000000005
8497,150634.0,False,118.2,37.800000000000004,-6.4
8498,150664.0,False,118.2,36.5,-6.1000000000000005
8499,150681.0,False,117.9,35.300000000000004,-6.5
8500,150697.0,False,117.4,34.2,-7.2
8501,150714.0,False,116.9,33.7,-7.5
8502,150731.0,False,115.9,32.9,-7.9
8503,150752.0,False,114.80000000000001,32.2,-7.5
8504,150765.0,False,114.10000000000001,32.0,-7.0
8505,150780.0,False,112.9,31.400000000000002,-5.7
8506,150800.0,False,111.7,30.700000000000003,-4.1000000000000005
8507,150814.0,False,111.10000000000001,30.3,-3.3000000000000003
8508,150834.0,False,109.9,29.400000000000002,-2.1
8509,150862.0,False,108.5,28.5,-1.1
8510,150882.0,False,107.80000000000001,28.200000000000003,-1.0
8511,150900.0,False,107.5,28.0,-1.1
8512,150915.0,False,107.5,28.0,-1.3
8513,150937.0,False,108.0,28.0,-1.9000000000000001
8514,150949.0,False,108.4,28.1,-2.3000000000000003
8515,150970.0,False,110.10000000000001,28.400000000000002,-3.6
8516,150981.0,False,110.7,28.400000000000002,-4.0
8517,150998.0,False,112.2,28.5,-5.0
8518,151014.0,False,113.10000000000001,28.700000000000003,-5.7
8519,151031.0,False,115.0,29.3,-7.6000000000000005
8520,151061.0,False,118.4,30.5,-11.9
8521,151085.0,False,120.5,31.0,-14.8
8522,151101.0,False,122.10000000000001,31.400000000000002,-17.0
8523,151114.0,False,122.7,31.5,-17.8
8524,151132.0,False,123.4,31.900000000000002,-18.8
8525,151153.0,False,123.60000000000001,32.1,-19.1
8526,151168.0,False,124.10000000000001,32.9,-19.1
8527,151181.0,False,124.30000000000001,33.4,-18.900000000000002
8528,151201.0,False,125.80000000000001,35.300000000000004,-17.8
8529,151215.0,False,126.5,35.9,-17.6
8530,151234.0,False,128.4,36.9,-17.3
8531,151254.0,False,130.70000000000002,37.6,-17.400000000000002
8532,151265.0,False,132.0,37.9,-17.6
8533,151281.0,False,133.3,38.1,-17.900000000000002
8534,151299.0,False,136.1,38.6,-18.5
8535,151314.0,False,138.8,39.1,-19.400000000000002
8536,151332.0,False,140.1,39.400000000000006,-19.8
8537,151349.0,False,142.20000000000002,40.1,-20.200000000000003
8538,151365.0,False,144.0,40.900000000000006,-20.1
8539,151382.0,False,144.70000000000002,41.300000000000004,-19.900000000000002
8540,151398.0,False,146.1,41.900000000000006,-19.0
8541,151414.0,False,147.4,42.300000000000004,-17.8
8542,151430.0,False,147.9,42.400000000000006,-17.1
8543,151453.0,False,149.4,42.800000000000004,-14.8
8544,151467.0,False,149.9,42.900000000000006,-14.0
8545,151480.0,False,150.3,42.900000000000006,-13.3
8546,151500.0,False,151.0,42.6,-11.8
8547,151519.0,False,151.9,42.0,-10.700000000000001
8548,151531.0,False,152.4,41.6,-10.3
8549,151552.0,False,153.60000000000002,41.0,-9.700000000000001
8550,151572.0,False,154.70000000000002,40.800000000000004,-9.4
8551,151583.0,False,155.20000000000002,40.800000000000004,-9.200000000000001
8552,151607.0,False,156.4,41.1,-8.700000000000001
8553,151614.0,False,156.9,41.2,-8.5
8554,151631.0,False,157.3,41.300000000000004,-8.3
8555,151663.0,False,158.9,41.1,-8.0
8556,151666.0,False,159.4,41.0,-7.800000000000001
8557,151681.0,False,159.8,41.0,-7.7
8558,151697.0,False,160.5,40.800000000000004,-7.4
8559,151719.0,False,161.0,40.2,-6.9
8560,151732.0,False,161.10000000000002,39.7,-6.6000000000000005
8561,151754.0,False,161.3,38.2,-6.0
8562,151765.0,False,161.5,36.5,-5.6000000000000005
8563,151780.0,False,161.70000000000002,35.7,-5.6000000000000005
8564,151797.0,False,162.10000000000002,34.4,-6.1000000000000005
8565,151816.0,False,162.60000000000002,34.0,-7.0
8566,151830.0,False,162.9,34.1,-7.6000000000000005
8567,151851.0,False,163.20000000000002,34.9,-8.5
8568,151872.0,False,163.4,36.1,-9.1
8569,151881.0,False,163.4,36.7,-9.3
8570,151897.0,False,163.4,37.800000000000004,-9.200000000000001
8571,151917.0,False,163.3,38.300000000000004,-8.8
8572,151930.0,False,163.10000000000002,38.400000000000006,-8.5
8573,151947.0,False,163.0,38.400000000000006,-8.3
8574,151968.0,False,162.0,37.9,-7.5
8575,151980.0,False,161.60000000000002,37.6,-7.2
8576,151998.0,False,160.5,37.1,-6.9
8577,152014.0,False,159.9,36.800000000000004,-6.800000000000001
8578,152033.0,False,158.60000000000002,36.1,-6.6000000000000005
8579,152052.0,False,157.20000000000002,35.5,-6.5
8580,152064.0,False,156.60000000000002,35.2,-6.5
8581,152080.0,False,155.3,34.5,-6.6000000000000005
8582,152101.0,False,154.0,33.800000000000004,-6.800000000000001
8583,152115.0,False,153.3,33.4,-7.0
8584,152132.0,False,152.0,32.7,-7.4
8585,152155.0,False,150.6,32.2,-7.7
8586,152170.0,False,149.3,31.700000000000003,-7.7
8587,152183.0,False,148.8,31.5,-7.7
8588,152201.0,False,148.0,30.900000000000002,-7.6000000000000005
8589,152216.0,False,147.8,30.700000000000003,-7.6000000000000005
8590,152233.0,False,147.6,30.200000000000003,-8.0
8591,152254.0,False,147.70000000000002,29.900000000000002,-8.700000000000001
8592,152268.0,False,147.70000000000002,29.8,-9.0
8593,152283.0,False,147.6,29.900000000000002,-9.1
8594,152314.0,False,147.70000000000002,29.8,-8.700000000000001
8595,152331.0,False,147.9,29.6,-8.4
8596,152347.0,False,148.1,29.400000000000002,-8.3
8597,152365.0,False,148.3,29.200000000000003,-8.4
8598,152384.0,False,148.70000000000002,28.900000000000002,-8.9
8599,152405.0,False,149.3,28.700000000000003,-9.5
8600,152414.0,False,149.6,28.700000000000003,-9.700000000000001
8601,152434.0,False,150.4,28.8,-9.9
8602,152454.0,False,151.4,29.0,-10.0
8603,152465.0,False,151.9,29.200000000000003,-10.100000000000001
8604,152483.0,False,153.1,29.400000000000002,-10.200000000000001
8605,152497.0,False,153.70000000000002,29.400000000000002,-10.3
8606,152518.0,False,155.0,29.5,-10.9
8607,152534.0,False,156.4,29.8,-11.700000000000001
8608,152567.0,False,157.70000000000002,30.1,-12.5
8609,152567.0,False,158.3,30.5,-12.700000000000001
8610,152582.0,False,159.20000000000002,31.400000000000002,-12.700000000000001
8611,152603.0,False,159.9,32.5,-12.200000000000001
8612,152616.0,False,160.20000000000002,33.0,-11.700000000000001
8613,152631.0,False,160.5,33.4,-11.200000000000001
8614,152647.0,False,161.10000000000002,34.0,-10.100000000000001
8615,152665.0,False,161.70000000000002,34.2,-9.3
8616,152681.0,False,162.0,34.1,-9.0
8617,152700.0,False,162.70000000000002,34.0,-8.8
8618,152716.0,False,163.3,33.9,-9.1
8619,152730.0,False,163.60000000000002,34.0,-9.3
8620,152750.0,False,164.10000000000002,34.2,-10.0
8621,152768.0,False,164.60000000000002,34.5,-10.700000000000001
8622,152780.0,False,164.8,34.7,-10.9
8623,152797.0,False,165.20000000000002,35.2,-11.0
8624,152818.0,False,165.5,35.800000000000004,-10.8
8625,152831.0,False,165.70000000000002,36.1,-10.5
8626,152853.0,False,166.0,36.5,-10.0
8627,152865.0,False,166.20000000000002,36.7,-9.8
8628,152880.0,False,166.60000000000002,36.7,-9.600000000000001
8629,152899.0,False,167.10000000000002,36.4,-10.100000000000001
8630,152916.0,False,167.4,36.2,-10.8
8631,152930.0,False,167.70000000000002,36.1,-11.100000000000001
8632,152959.0,False,168.60000000000002,36.0,-11.8
8633,152981.0,False,169.4,35.6,-12.100000000000001
8634,153000.0,False,170.4,34.7,-12.600000000000001
8635,153016.0,False,171.4,33.300000000000004,-13.200000000000001
8636,153030.0,False,171.8,32.4,-13.600000000000001
8637,153050.0,False,172.5,31.0,-14.200000000000001
8638,153064.0,False,172.8,30.6,-14.5
8639,153080.0,False,173.3,30.0,-15.200000000000001
8640,153099.0,False,173.5,29.700000000000003,-15.600000000000001
8641,153114.0,False,173.4,29.6,-15.700000000000001
8642,153134.0,False,173.0,29.8,-15.100000000000001
8643,153151.0,False,172.3,30.0,-13.9
8644,153167.0,False,171.70000000000002,30.0,-12.5
8645,153182.0,False,171.4,30.0,-11.8
8646,153198.0,False,171.0,29.700000000000003,-10.600000000000001
8647,153218.0,False,170.60000000000002,29.3,-9.700000000000001
8648,153232.0,False,170.5,29.1,-9.4
8649,153253.0,False,170.4,29.0,-8.8
8650,153280.0,False,170.5,28.900000000000002,-8.5
8651,153300.0,False,170.9,28.700000000000003,-8.5
8652,153320.0,False,171.3,28.5,-8.700000000000001
8653,153336.0,False,171.60000000000002,28.400000000000002,-8.9
8654,153355.0,False,172.10000000000002,28.1,-9.3
8655,153365.0,False,172.3,28.0,-9.600000000000001
8656,153381.0,False,172.8,27.5,-10.200000000000001
8657,153399.0,False,173.20000000000002,26.8,-10.8
8658,153418.0,False,173.60000000000002,26.400000000000002,-11.100000000000001
8659,153430.0,False,173.8,26.3,-11.0
8660,153447.0,False,174.10000000000002,26.3,-10.9
8661,153464.0,False,174.70000000000002,26.5,-10.5
8662,153481.0,False,175.20000000000002,26.400000000000002,-9.9
8663,153502.0,False,175.5,26.5,-9.0
8664,153514.0,False,175.60000000000002,26.700000000000003,-8.3
8665,153532.0,False,175.8,27.400000000000002,-6.800000000000001
8666,153550.0,False,176.20000000000002,27.8,-5.6000000000000005
8667,153565.0,False,176.5,27.700000000000003,-5.300000000000001
8668,153581.0,False,176.70000000000002,27.400000000000002,-5.1000000000000005
8669,153597.0,False,176.9,26.6,-5.0
8670,153617.0,False,176.70000000000002,26.0,-5.0
8671,153634.0,False,176.4,25.8,-5.0
8672,153652.0,False,176.3,25.6,-5.2
8673,153667.0,False,176.3,25.5,-5.300000000000001
8674,153683.0,False,176.60000000000002,25.200000000000003,-5.7
8675,153697.0,False,176.70000000000002,25.1,-5.9
8676,153715.0,False,177.10000000000002,24.900000000000002,-6.5
8677,153730.0,False,177.3,24.700000000000003,-6.800000000000001
8678,153747.0,False,177.5,24.5,-7.5
8679,153766.0,False,177.70000000000002,24.3,-7.800000000000001
8680,153797.0,False,177.5,23.900000000000002,-7.7
8681,153817.0,False,177.3,23.6,-7.2
8682,153834.0,False,177.20000000000002,23.6,-6.300000000000001
8683,153851.0,False,177.10000000000002,23.700000000000003,-5.800000000000001
8684,153867.0,False,177.3,24.200000000000003,-4.9
8685,153881.0,False,177.5,24.5,-4.5
8686,153902.0,False,178.10000000000002,25.200000000000003,-4.2
8687,153915.0,False,178.3,25.400000000000002,-4.4
8688,153930.0,False,178.60000000000002,25.5,-4.800000000000001
8689,153949.0,False,179.10000000000002,25.700000000000003,-5.800000000000001
8690,153968.0,False,179.70000000000002,26.0,-7.1000000000000005
8691,153984.0,False,180.4,26.400000000000002,-8.4
8692,153999.0,False,180.70000000000002,26.700000000000003,-9.1
8693,154015.0,False,181.20000000000002,27.200000000000003,-10.5
8694,154030.0,False,181.4,27.400000000000002,-11.200000000000001
8695,154051.0,False,181.4,27.5,-12.3
8696,154065.0,False,181.20000000000002,27.400000000000002,-12.9
8697,154080.0,False,181.0,27.3,-13.0
8698,154100.0,False,180.5,26.900000000000002,-13.200000000000001
8699,154115.0,False,179.9,26.5,-13.3
8700,154130.0,False,179.60000000000002,26.3,-13.200000000000001
8701,154155.0,False,178.60000000000002,25.8,-12.8
8702,154166.0,False,178.3,25.700000000000003,-12.600000000000001
8703,154182.0,False,178.10000000000002,25.6,-12.5
8704,154197.0,False,177.9,25.400000000000002,-12.5
8705,154216.0,False,177.8,25.200000000000003,-13.0
8706,154231.0,False,177.70000000000002,25.1,-13.3
8707,154253.0,False,177.3,24.900000000000002,-14.200000000000001
8708,154266.0,False,176.5,24.8,-14.9
8709,154282.0,False,176.0,24.8,-15.100000000000001
8710,154297.0,False,175.0,25.1,-15.0
8711,154314.0,False,174.4,25.200000000000003,-14.700000000000001
8712,154333.0,False,173.4,25.700000000000003,-13.9
8713,154347.0,False,172.9,26.0,-13.4
8714,154364.0,False,172.0,26.5,-12.5
8715,154380.0,False,171.4,26.8,-11.9
8716,154397.0,False,170.8,26.700000000000003,-11.8
8717,154418.0,False,170.4,26.3,-12.0
8718,154435.0,False,170.10000000000002,26.1,-12.100000000000001
8719,154448.0,False,169.5,25.6,-11.9
8720,154468.0,False,168.9,25.400000000000002,-11.600000000000001
8721,154481.0,False,168.60000000000002,25.3,-11.4
8722,154499.0,False,168.20000000000002,25.1,-11.0
8723,154515.0,False,168.10000000000002,25.0,-10.9
8724,154533.0,False,168.10000000000002,24.8,-10.8
8725,154553.0,False,168.20000000000002,24.5,-11.100000000000001
8726,154564.0,False,168.20000000000002,24.200000000000003,-11.4
8727,154580.0,False,168.3,23.3,-11.9
8728,154597.0,False,168.3,22.8,-12.200000000000001
8729,154618.0,False,168.0,20.5,-12.9
8730,154638.0,False,167.60000000000002,19.0,-12.9
8731,154664.0,False,167.5,18.0,-12.600000000000001
8732,154684.0,False,167.8,17.6,-12.3
8733,154697.0,False,168.10000000000002,17.6,-12.100000000000001
8734,154714.0,False,168.9,18.0,-12.0
8735,154732.0,False,169.9,18.7,-11.9
8736,154756.0,False,171.10000000000002,19.6,-12.0
8737,154764.0,False,171.60000000000002,19.900000000000002,-12.100000000000001
8738,154780.0,False,172.10000000000002,20.1,-12.4
8739,154801.0,False,173.0,20.700000000000003,-13.100000000000001
8740,154815.0,False,173.10000000000002,20.8,-13.4
8741,154831.0,False,173.4,21.200000000000003,-13.9
8742,154849.0,False,173.5,21.5,-14.200000000000001
8743,154864.0,False,173.8,22.1,-14.4
8744,154880.0,False,174.10000000000002,22.5,-14.4
8745,154897.0,False,174.70000000000002,23.400000000000002,-14.4
8746,154914.0,False,175.5,24.3,-14.3
8747,154932.0,False,176.60000000000002,25.0,-14.4
8748,154949.0,False,177.10000000000002,25.3,-14.5
8749,154964.0,False,178.4,25.700000000000003,-14.8
8750,154982.0,False,179.4,25.700000000000003,-15.0
8751,154997.0,False,179.9,25.6,-15.0
8752,155014.0,False,180.4,25.5,-14.3
8753,155030.0,False,180.60000000000002,25.6,-13.700000000000001
8754,155053.0,False,181.10000000000002,26.5,-11.200000000000001
8755,155064.0,False,181.4,26.900000000000002,-10.3
8756,155082.0,False,182.10000000000002,27.6,-8.6
8757,155097.0,False,182.5,28.0,-7.7
8758,155117.0,False,183.3,28.6,-6.1000000000000005
8759,155134.0,False,184.10000000000002,28.900000000000002,-4.6000000000000005
8760,155150.0,False,184.60000000000002,29.1,-4.0
8761,155165.0,False,185.8,29.1,-3.0
8762,155180.0,False,186.3,29.200000000000003,-2.7
8763,155200.0,False,187.4,29.1,-2.1
8764,155214.0,False,188.4,29.1,-1.8
8765,155230.0,False,188.8,29.200000000000003,-1.7000000000000002
8766,155251.0,False,189.60000000000002,29.3,-1.6
8767,155266.0,False,190.3,29.700000000000003,-1.8
8768,155280.0,False,190.70000000000002,29.900000000000002,-2.0
8769,155301.0,False,191.20000000000002,30.1,-2.5
8770,155315.0,False,191.4,30.0,-2.9000000000000004
8771,155335.0,False,191.5,29.700000000000003,-3.1
8772,155358.0,False,191.4,29.1,-3.0
8773,155380.0,False,191.4,28.400000000000002,-2.9000000000000004
8774,155400.0,False,191.4,27.400000000000002,-3.0
8775,155425.0,False,191.70000000000002,25.900000000000002,-3.2
8776,155447.0,False,192.3,24.900000000000002,-3.6
8777,155464.0,False,192.70000000000002,24.400000000000002,-4.1000000000000005
8778,155483.0,False,193.60000000000002,23.3,-5.5
8779,155498.0,False,194.20000000000002,22.5,-6.9
8780,155513.0,False,194.5,22.200000000000003,-7.5
8781,155534.0,False,194.9,22.0,-8.3
8782,155552.0,False,195.3,22.200000000000003,-8.5
8783,155568.0,False,195.8,22.5,-8.5
8784,155581.0,False,196.0,22.700000000000003,-8.4
8785,155599.0,False,196.3,23.1,-8.1
8786,155613.0,False,196.3,23.3,-7.9
8787,155633.0,False,196.3,23.5,-7.6000000000000005
8788,155652.0,False,196.10000000000002,23.5,-7.1000000000000005
8789,155670.0,False,195.70000000000002,23.400000000000002,-6.5
8790,155683.0,False,195.4,23.400000000000002,-6.1000000000000005
8791,155699.0,False,194.9,23.400000000000002,-5.2
8792,155713.0,False,194.70000000000002,23.400000000000002,-4.7
8793,155731.0,False,194.3,23.400000000000002,-4.0
8794,155752.0,False,194.20000000000002,23.400000000000002,-3.7
8795,155766.0,False,194.3,23.3,-3.6
8796,155780.0,False,194.5,23.1,-3.9000000000000004
8797,155798.0,False,194.8,22.8,-4.6000000000000005
8798,155816.0,False,195.0,22.6,-5.0
8799,155833.0,False,195.4,22.400000000000002,-6.1000000000000005
8800,155851.0,False,196.0,22.200000000000003,-7.4
8801,155864.0,False,196.4,22.1,-8.1
8802,155884.0,False,197.20000000000002,21.900000000000002,-9.4
8803,155897.0,False,197.60000000000002,21.8,-10.0
8804,155914.0,False,198.4,21.6,-10.9
8805,155930.0,False,199.10000000000002,21.5,-11.5
8806,155962.0,False,200.3,21.5,-11.9
8807,155984.0,False,201.3,21.6,-12.0
8808,155997.0,False,202.0,21.700000000000003,-12.100000000000001
8809,156018.0,False,203.5,22.1,-12.3
8810,156032.0,False,205.20000000000002,22.400000000000002,-12.5
8811,156047.0,False,206.10000000000002,22.5,-12.700000000000001
8812,156071.0,False,209.4,22.1,-13.700000000000001
8813,156083.0,False,210.4,21.8,-14.200000000000001
8814,156097.0,False,211.4,21.400000000000002,-14.700000000000001
8815,156115.0,False,213.10000000000002,20.400000000000002,-15.700000000000001
8816,156131.0,False,214.5,19.400000000000002,-16.1
8817,156147.0,False,215.20000000000002,19.0,-16.1
8818,156164.0,False,217.0,18.6,-15.5
8819,156182.0,False,219.5,18.900000000000002,-14.9
8820,156199.0,False,221.0,19.1,-14.700000000000001
8821,156213.0,False,224.5,19.900000000000002,-15.0
8822,156230.0,False,226.4,20.3,-15.5
8823,156249.0,False,230.20000000000002,21.200000000000003,-16.8
8824,156270.0,False,233.70000000000002,22.0,-18.3
8825,156281.0,False,235.4,22.400000000000002,-19.0
8826,156301.0,False,238.10000000000002,23.1,-20.0
8827,156314.0,False,240.3,23.700000000000003,-20.1
8828,156340.0,False,242.0,24.3,-19.200000000000003
8829,156348.0,False,242.70000000000002,24.400000000000002,-18.5
8830,156385.0,False,245.60000000000002,24.400000000000002,-15.700000000000001
8831,156398.0,False,246.20000000000002,24.400000000000002,-15.100000000000001
8832,156414.0,False,247.5,24.400000000000002,-14.0
8833,156440.0,False,248.70000000000002,24.6,-13.0
8834,156447.0,False,249.3,24.700000000000003,-12.600000000000001
8835,156469.0,False,250.60000000000002,25.0,-11.8
8836,156481.0,False,251.20000000000002,25.200000000000003,-11.4
8837,156497.0,False,252.5,25.6,-10.600000000000001
8838,156516.0,False,253.9,26.3,-9.9
8839,156530.0,False,254.70000000000002,26.6,-9.600000000000001
8840,156559.0,False,257.2,27.200000000000003,-9.3
8841,156567.0,False,258.1,27.3,-9.3
8842,156586.0,False,259.90000000000003,27.200000000000003,-9.3
8843,156601.0,False,260.8,27.0,-9.4
8844,156618.0,False,262.5,26.200000000000003,-9.700000000000001
8845,156639.0,False,264.0,24.900000000000002,-10.200000000000001
8846,156647.0,False,264.5,24.1,-10.4
8847,156677.0,False,265.0,21.200000000000003,-10.200000000000001
8848,156701.0,False,264.7,18.8,-9.3
8849,156719.0,False,264.0,16.3,-7.4
8850,156730.0,False,263.7,15.200000000000001,-6.300000000000001
8851,156750.0,False,263.0,13.3,-3.9000000000000004
8852,156764.0,False,262.7,12.5,-2.8000000000000003
8853,156784.0,False,262.3,11.3,-1.2000000000000002
8854,156813.0,False,262.1,10.9,-0.7000000000000001
8855,156831.0,False,261.90000000000003,11.5,-1.6
8856,156848.0,False,261.6,12.3,-3.0
8857,156864.0,False,261.40000000000003,12.700000000000001,-3.8000000000000003
8858,156880.0,False,260.7,13.600000000000001,-5.1000000000000005
8859,156900.0,False,259.8,14.4,-6.0
8860,156913.0,False,259.2,14.9,-6.300000000000001
8861,156930.0,False,258.0,15.600000000000001,-6.6000000000000005
8862,156948.0,False,257.3,16.0,-6.7
8863,156969.0,False,255.3,17.1,-6.6000000000000005
8864,156986.0,False,254.60000000000002,17.5,-6.6000000000000005
8865,157003.0,False,253.4,18.1,-6.800000000000001
8866,157019.0,False,252.3,18.6,-7.2
8867,157035.0,False,251.8,18.900000000000002,-7.6000000000000005
8868,157047.0,False,251.4,19.0,-7.9
8869,157063.0,False,250.60000000000002,19.200000000000003,-8.8
8870,157080.0,False,249.9,19.200000000000003,-9.5
8871,157097.0,False,249.60000000000002,19.1,-9.8
8872,157114.0,False,249.0,19.0,-10.100000000000001
8873,157132.0,False,248.4,18.900000000000002,-10.3
8874,157157.0,False,247.9,18.7,-10.700000000000001
8875,157166.0,False,247.70000000000002,18.6,-11.0
8876,157180.0,False,247.5,18.5,-11.3
8877,157197.0,False,247.20000000000002,18.6,-11.600000000000001
8878,157218.0,False,247.10000000000002,18.900000000000002,-11.600000000000001
8879,157234.0,False,247.20000000000002,19.200000000000003,-11.5
8880,157254.0,False,247.4,19.400000000000002,-11.3
8881,157281.0,False,247.60000000000002,19.400000000000002,-11.100000000000001
8882,157298.0,False,247.9,19.400000000000002,-11.0
8883,157314.0,False,248.3,19.5,-11.0
8884,157330.0,False,248.60000000000002,19.700000000000003,-11.0
8885,157353.0,False,249.4,20.6,-10.8
8886,157364.0,False,249.70000000000002,21.0,-10.600000000000001
8887,157380.0,False,250.60000000000002,21.700000000000003,-10.4
8888,157397.0,False,251.10000000000002,22.0,-10.3
8889,157413.0,False,252.3,22.3,-10.3
8890,157433.0,False,253.60000000000002,22.3,-10.5
8891,157456.0,False,254.9,22.1,-10.700000000000001
8892,157463.0,False,255.5,22.0,-10.700000000000001
8893,157484.0,False,256.5,21.900000000000002,-10.4
8894,157501.0,False,256.90000000000003,22.0,-10.0
8895,157515.0,False,257.5,22.3,-8.6
8896,157530.0,False,257.7,22.5,-7.800000000000001
8897,157555.0,False,258.40000000000003,23.400000000000002,-5.1000000000000005
8898,157569.0,False,258.7,23.700000000000003,-4.2
8899,157585.0,False,259.40000000000003,24.400000000000002,-2.7
8900,157600.0,False,259.8,24.8,-2.1
8901,157617.0,False,260.6,25.6,-1.1
8902,157635.0,False,261.40000000000003,26.400000000000002,-0.4
8903,157651.0,False,261.8,26.8,-0.2
8904,157666.0,False,262.6,27.400000000000002,0.0
8905,157680.0,False,262.90000000000003,27.700000000000003,0.1
8906,157697.0,False,263.5,28.200000000000003,0.30000000000000004
8907,157715.0,False,264.1,28.700000000000003,0.5
8908,157730.0,False,264.40000000000003,29.0,0.5
8909,157748.0,False,265.0,29.6,0.6000000000000001
8910,157766.0,False,265.40000000000003,30.1,0.5
8911,157780.0,False,265.6,30.200000000000003,0.5
8912,157801.0,False,265.8,30.400000000000002,0.5
8913,157818.0,False,265.90000000000003,30.200000000000003,0.4
8914,157837.0,False,266.0,29.6,0.2
8915,157847.0,False,266.0,29.200000000000003,0.2
8916,157864.0,False,266.1,28.900000000000002,0.2
8917,157882.0,False,266.3,28.200000000000003,0.30000000000000004
8918,157897.0,False,266.5,27.900000000000002,0.30000000000000004
8919,157913.0,False,267.1,27.0,0.2
8920,157930.0,False,268.2,25.700000000000003,-0.4
8921,157949.0,False,269.2,24.200000000000003,-1.5
8922,157970.0,False,270.0,23.200000000000003,-2.4000000000000004
8923,157980.0,False,270.1,23.1,-2.7
8924,157999.0,False,270.40000000000003,23.400000000000002,-3.0
8925,158019.0,False,270.6,24.1,-3.2
8926,158036.0,False,270.90000000000003,24.900000000000002,-3.2
8927,158052.0,False,271.0,25.400000000000002,-3.2
8928,158081.0,False,271.6,26.5,-3.4000000000000004
8929,158099.0,False,271.90000000000003,26.8,-3.7
8930,158116.0,False,272.0,26.8,-3.9000000000000004
8931,158135.0,False,272.1,26.6,-4.2
8932,158149.0,False,271.90000000000003,26.3,-4.4
8933,158175.0,False,271.6,25.8,-4.4
8934,158184.0,False,271.5,25.700000000000003,-4.3
8935,158197.0,False,271.40000000000003,25.5,-4.3
8936,158214.0,False,271.1,25.3,-4.2
8937,158234.0,False,270.8,25.1,-4.1000000000000005
8938,158258.0,False,270.5,24.8,-4.0
8939,158265.0,False,270.2,24.6,-3.9000000000000004
8940,158281.0,False,269.7,23.900000000000002,-3.3000000000000003
8941,158297.0,False,269.40000000000003,23.5,-3.0
8942,158313.0,False,269.0,22.6,-2.1
8943,158331.0,False,269.1,22.0,-1.3
8944,158353.0,False,269.5,21.6,-0.6000000000000001
8945,158365.0,False,269.90000000000003,21.400000000000002,-0.4
8946,158380.0,False,270.8,21.200000000000003,-0.30000000000000004
8947,158397.0,False,271.3,21.1,-0.4
8948,158414.0,False,272.2,21.200000000000003,-0.7000000000000001
8949,158430.0,False,273.1,21.5,-0.9
8950,158447.0,False,273.5,21.8,-0.9
8951,158465.0,False,274.6,22.5,-0.6000000000000001
8952,158481.0,False,275.90000000000003,23.1,-0.4
8953,158497.0,False,276.5,23.400000000000002,-0.30000000000000004
8954,158515.0,False,277.90000000000003,23.8,-0.1
8955,158532.0,False,279.2,24.1,0.1
8956,158549.0,False,279.8,24.200000000000003,0.1
8957,158563.0,False,281.1,24.200000000000003,-0.1
8958,158580.0,False,281.6,24.200000000000003,-0.1
8959,158599.0,False,282.6,24.200000000000003,-0.2
8960,158618.0,False,283.3,24.5,0.0
8961,158637.0,False,283.90000000000003,24.900000000000002,0.4
8962,158648.0,False,284.3,25.1,0.6000000000000001
8963,158669.0,False,285.1,25.5,1.2000000000000002
8964,158680.0,False,285.6,25.6,1.5
8965,158697.0,False,286.8,25.8,2.0
8966,158718.0,False,288.3,25.8,2.2
8967,158730.0,False,289.0,25.700000000000003,2.2
8968,158752.0,False,291.40000000000003,25.5,2.0
8969,158766.0,False,292.1,25.400000000000002,1.9000000000000001
8970,158780.0,False,292.90000000000003,25.400000000000002,1.9000000000000001
8971,158797.0,False,294.40000000000003,25.400000000000002,1.8
8972,158817.0,False,296.0,25.400000000000002,1.7000000000000002
8973,158837.0,False,297.8,25.200000000000003,1.5
8974,158847.0,False,298.7,25.1,1.4000000000000001
8975,158869.0,False,300.7,24.900000000000002,1.2000000000000002
8976,158887.0,False,302.7,24.700000000000003,1.1
8977,158897.0,False,303.7,24.5,1.1
8978,158915.0,False,305.90000000000003,24.3,1.1
8979,158930.0,False,307.0,24.200000000000003,1.1
8980,158958.0,False,309.1,24.1,1.2000000000000002
8981,158964.0,False,310.20000000000005,24.1,1.2000000000000002
8982,158982.0,False,312.40000000000003,24.400000000000002,1.1
8983,159006.0,False,315.5,25.200000000000003,0.1
8984,159015.0,False,316.5,25.5,-0.4
8985,159036.0,False,318.40000000000003,26.0,-1.8
8986,159051.0,False,319.20000000000005,26.3,-2.5
8987,159066.0,False,319.90000000000003,26.6,-3.2
8988,159080.0,False,321.3,27.0,-4.7
8989,159099.0,False,322.40000000000003,27.6,-6.300000000000001
8990,159115.0,False,322.90000000000003,27.8,-7.1000000000000005
8991,159130.0,False,323.8,28.400000000000002,-8.6
8992,159148.0,False,324.6,28.900000000000002,-9.700000000000001
8993,159176.0,False,325.3,29.200000000000003,-10.4
8994,159188.0,False,326.0,29.1,-10.5
8995,159197.0,False,326.3,29.0,-10.4
8996,159213.0,False,326.6,28.900000000000002,-10.100000000000001
8997,159230.0,False,327.40000000000003,28.8,-9.5
8998,159255.0,False,328.40000000000003,28.700000000000003,-9.3
8999,159267.0,False,329.70000000000005,28.700000000000003,-9.600000000000001
9000,159280.0,False,330.5,28.8,-9.9
9001,159298.0,False,331.8,28.8,-10.9
9002,159314.0,False,332.5,28.700000000000003,-11.4
9003,159331.0,False,333.40000000000003,28.200000000000003,-12.200000000000001
9004,159347.0,False,333.70000000000005,27.900000000000002,-12.5
9005,159365.0,False,334.0,26.900000000000002,-12.8
9006,159384.0,False,333.8,25.700000000000003,-12.600000000000001
9007,159397.0,False,333.5,25.200000000000003,-12.200000000000001
9008,159417.0,False,333.0,24.3,-11.3
9009,159433.0,False,332.6,23.6,-10.3
9010,159457.0,False,332.3,23.0,-9.5
9011,159464.0,False,332.20000000000005,22.8,-9.3
9012,159481.0,False,332.1,22.3,-8.9
9013,159501.0,False,332.1,22.0,-8.8
9014,159514.0,False,332.20000000000005,21.8,-8.700000000000001
9015,159530.0,False,332.40000000000003,21.5,-8.4
9016,159556.0,False,332.90000000000003,21.200000000000003,-8.0
9017,159568.0,False,333.20000000000005,21.0,-7.7
9018,159581.0,False,334.0,20.6,-7.300000000000001
9019,159597.0,False,334.6,20.400000000000002,-7.300000000000001
9020,159614.0,False,335.90000000000003,20.200000000000003,-7.5
9021,159638.0,False,337.3,20.400000000000002,-7.9
9022,159648.0,False,338.1,20.8,-8.1
9023,159678.0,False,340.40000000000003,22.5,-8.200000000000001
9024,159683.0,False,341.1,23.1,-8.200000000000001
9025,159697.0,False,341.70000000000005,23.700000000000003,-8.1
9026,159718.0,False,342.8,24.700000000000003,-7.9
9027,159732.0,False,343.70000000000005,25.400000000000002,-7.7
9028,159747.0,False,344.0,25.6,-7.6000000000000005
9029,159766.0,False,344.40000000000003,25.900000000000002,-7.6000000000000005
9030,159797.0,False,344.40000000000003,25.8,-7.6000000000000005
9031,159814.0,False,343.6,25.6,-7.2
9032,159836.0,False,342.40000000000003,25.6,-6.0
9033,159847.0,False,341.70000000000005,25.6,-5.1000000000000005
9034,159875.0,False,340.5,25.700000000000003,-2.8000000000000003
9035,159880.0,False,340.20000000000005,25.6,-1.6
9036,159897.0,False,340.1,25.1,0.7000000000000001
9037,159915.0,False,340.70000000000005,24.3,2.3000000000000003
9038,159931.0,False,341.20000000000005,23.8,2.8000000000000003
9039,159948.0,False,342.70000000000005,23.0,3.0
9040,159972.0,False,344.5,22.5,2.1
9041,159980.0,False,345.3,22.400000000000002,1.3
9042,160002.0,False,347.0,22.8,-1.1
9043,160014.0,False,347.20000000000005,23.1,-1.5
9044,160030.0,False,347.3,23.400000000000002,-1.8
9045,160047.0,False,347.20000000000005,23.700000000000003,-1.6
9046,160063.0,False,347.1,23.700000000000003,-1.2000000000000002
9047,160080.0,False,347.0,23.6,-0.1
9048,160098.0,False,346.90000000000003,23.700000000000003,1.1
9049,160114.0,False,346.90000000000003,24.200000000000003,1.9000000000000001
9050,160130.0,False,346.8,24.6,2.1
9051,160157.0,False,346.40000000000003,26.200000000000003,2.2
9052,160167.0,False,346.3,26.8,2.1
9053,160180.0,False,346.1,27.200000000000003,1.9000000000000001
9054,160197.0,False,345.70000000000005,28.1,1.6
9055,160215.0,False,345.40000000000003,28.900000000000002,1.3
9056,160235.0,False,345.0,29.900000000000002,1.0
9057,160247.0,False,344.8,30.5,1.0
9058,160265.0,False,344.6,31.1,0.9
9059,160280.0,False,344.0,32.2,0.8
9060,160298.0,False,343.3,33.2,0.5
9061,160314.0,False,343.1,33.5,0.2
9062,160332.0,False,342.5,33.9,-0.6000000000000001
9063,160359.0,False,342.0,34.2,-1.7000000000000002
9064,160367.0,False,341.5,34.4,-2.9000000000000004
9065,160380.0,False,341.3,34.4,-3.6
9066,160397.0,False,340.70000000000005,34.4,-4.6000000000000005
9067,160414.0,False,340.3,34.300000000000004,-5.0
9068,160431.0,False,339.40000000000003,33.6,-5.6000000000000005
9069,160449.0,False,338.40000000000003,32.6,-5.9
9070,160466.0,False,337.20000000000005,31.3,-6.1000000000000005
9071,160480.0,False,336.6,30.700000000000003,-6.2
9072,160500.0,False,335.40000000000003,30.0,-6.4
9073,160513.0,False,334.8,29.900000000000002,-6.300000000000001
9074,160530.0,False,333.6,30.0,-5.9
9075,160549.0,False,332.40000000000003,30.1,-5.300000000000001
9076,160568.0,False,331.5,30.200000000000003,-4.6000000000000005
9077,160583.0,False,331.20000000000005,30.200000000000003,-4.2
9078,160598.0,False,330.6,30.1,-3.7
9079,160616.0,False,330.3,30.0,-3.5
9080,160630.0,False,329.90000000000003,29.900000000000002,-3.3000000000000003
9081,160648.0,False,329.3,29.900000000000002,-3.2
9082,160674.0,False,328.70000000000005,30.0,-3.1
9083,160682.0,False,328.40000000000003,30.0,-3.2
9084,160702.0,False,328.0,30.0,-3.5
9085,160713.0,False,327.8,30.0,-3.9000000000000004
9086,160733.0,False,327.6,30.3,-5.0
9087,160749.0,False,327.3,31.200000000000003,-6.4
9088,160765.0,False,327.1,31.8,-7.1000000000000005
9089,160780.0,False,326.6,32.800000000000004,-8.200000000000001
9090,160798.0,False,326.3,33.1,-8.4
9091,160814.0,False,325.90000000000003,33.300000000000004,-8.3
9092,160831.0,False,325.90000000000003,33.0,-7.5
9093,160861.0,False,326.70000000000005,32.0,-6.0
9094,160881.0,False,327.5,31.1,-5.4
9095,160897.0,False,328.0,30.8,-5.2
9096,160919.0,False,329.0,30.200000000000003,-5.0
9097,160933.0,False,330.3,30.0,-4.9
9098,160948.0,False,331.1,30.1,-4.800000000000001
9099,160974.0,False,332.70000000000005,30.700000000000003,-4.5
9100,160986.0,False,334.3,31.200000000000003,-4.1000000000000005
9101,160997.0,False,335.1,31.200000000000003,-3.9000000000000004
9102,161013.0,False,336.5,31.200000000000003,-3.3000000000000003
9103,161033.0,False,337.70000000000005,31.200000000000003,-2.6
9104,161057.0,False,338.8,31.200000000000003,-1.8
9105,161063.0,False,339.40000000000003,31.200000000000003,-1.5
9106,161080.0,False,340.1,31.3,-1.2000000000000002
9107,161100.0,False,341.40000000000003,31.8,-0.6000000000000001
9108,161114.0,False,342.90000000000003,32.5,0.0
9109,161133.0,False,344.5,33.300000000000004,0.5
9110,161166.0,False,347.20000000000005,34.5,0.5
9111,161181.0,False,348.20000000000005,34.800000000000004,0.4
9112,161197.0,False,350.40000000000003,35.300000000000004,-0.1
9113,161217.0,False,353.0,35.4,-0.9
9114,161231.0,False,354.40000000000003,35.2,-1.5
9115,161266.0,False,358.90000000000003,34.5,-4.4
9116,161280.0,False,359.70000000000005,34.6,-5.0
9117,161298.0,False,0.9,35.2,-5.7
9118,161320.0,False,1.7000000000000002,35.9,-5.800000000000001
9119,161331.0,False,2.1,36.2,-5.7
9120,161362.0,False,2.8000000000000003,36.7,-4.9
9121,161369.0,False,2.9000000000000004,36.7,-4.6000000000000005
9122,161382.0,False,3.0,36.800000000000004,-4.3
9123,161397.0,False,2.9000000000000004,37.0,-3.6
9124,161414.0,False,2.7,37.2,-3.1
9125,161431.0,False,2.5,37.300000000000004,-2.9000000000000004
9126,161447.0,False,2.2,37.5,-2.7
9127,161471.0,False,1.9000000000000001,37.6,-2.5
9128,161480.0,False,1.8,37.7,-2.3000000000000003
9129,161497.0,False,1.7000000000000002,37.9,-1.8
9130,161514.0,False,1.7000000000000002,38.0,-1.5
9131,161530.0,False,1.7000000000000002,38.300000000000004,-1.0
9132,161553.0,False,1.9000000000000001,38.5,-0.8
9133,161581.0,False,2.1,38.400000000000006,-1.0
9134,161600.0,False,2.4000000000000004,38.0,-2.2
9135,161621.0,False,2.6,37.7,-3.1
9136,161630.0,False,2.7,37.4,-3.6
9137,161651.0,False,2.7,36.7,-4.5
9138,161670.0,False,2.3000000000000003,35.5,-4.9
9139,161683.0,False,2.0,34.800000000000004,-5.0
9140,161698.0,False,1.1,33.4,-4.7
9141,161713.0,False,0.6000000000000001,32.800000000000004,-4.4
9142,161730.0,False,359.70000000000005,32.0,-3.8000000000000003
9143,161757.0,False,358.90000000000003,31.6,-3.1
9144,161764.0,False,358.5,31.6,-2.8000000000000003
9145,161781.0,False,357.90000000000003,31.8,-2.3000000000000003
9146,161797.0,False,357.40000000000003,32.1,-1.9000000000000001
9147,161813.0,False,357.1,32.300000000000004,-1.7000000000000002
9148,161830.0,False,356.8,32.4,-1.6
9149,161857.0,False,355.90000000000003,32.4,-1.2000000000000002
9150,161865.0,False,355.70000000000005,32.2,-1.2000000000000002
9151,161884.0,False,355.1,31.900000000000002,-1.2000000000000002
9152,161897.0,False,354.8,31.8,-1.3
9153,161913.0,False,354.20000000000005,31.700000000000003,-1.4000000000000001
9154,161934.0,False,353.5,31.700000000000003,-1.4000000000000001
9155,161948.0,False,352.70000000000005,31.6,-1.3
9156,161963.0,False,352.3,31.6,-1.2000000000000002
9157,161980.0,False,351.5,31.400000000000002,-0.9
9158,161999.0,False,350.8,31.1,-0.7000000000000001
9159,162015.0,False,350.40000000000003,30.900000000000002,-0.5
9160,162030.0,False,349.8,30.6,-0.30000000000000004
9161,162049.0,False,349.6,30.5,-0.1
9162,162066.0,False,349.3,30.200000000000003,0.1
9163,162082.0,False,349.20000000000005,29.900000000000002,0.2
9164,162097.0,False,349.20000000000005,29.700000000000003,0.30000000000000004
9165,162113.0,False,349.40000000000003,29.400000000000002,0.30000000000000004
9166,162131.0,False,349.90000000000003,29.0,0.2
9167,162147.0,False,350.1,28.8,0.2
9168,162184.0,False,351.70000000000005,29.0,0.8
9169,162198.0,False,352.3,29.1,1.0
9170,162214.0,False,353.70000000000005,29.200000000000003,1.3
9171,162231.0,False,354.40000000000003,29.0,1.3
9172,162249.0,False,355.70000000000005,28.6,0.9
9173,162265.0,False,356.70000000000005,28.5,0.4
9174,162282.0,False,357.5,28.900000000000002,0.0
9175,162297.0,False,357.90000000000003,29.3,-0.1
9176,162313.0,False,358.70000000000005,30.200000000000003,-0.1
9177,162333.0,False,359.5,31.1,0.2
9178,162348.0,False,360.0,31.6,0.30000000000000004
9179,162364.0,False,1.0,32.6,0.6000000000000001
9180,162382.0,False,1.6,33.1,0.6000000000000001
9181,162400.0,False,3.0,33.800000000000004,0.4
9182,162415.0,False,4.5,34.1,-0.4
9183,162430.0,False,5.2,34.1,-0.9
9184,162449.0,False,6.4,33.9,-2.3000000000000003
9185,162463.0,False,7.300000000000001,33.7,-3.6
9186,162483.0,False,7.800000000000001,33.6,-4.5
9187,162498.0,False,8.0,33.6,-4.7
9188,162514.0,False,8.1,33.5,-4.6000000000000005
9189,162530.0,False,8.200000000000001,33.4,-4.4
9190,162548.0,False,8.3,33.300000000000004,-3.8000000000000003
9191,162567.0,False,8.6,33.2,-3.0
9192,162582.0,False,8.700000000000001,33.300000000000004,-2.6
9193,162597.0,False,9.1,33.5,-2.0
9194,162614.0,False,9.5,33.800000000000004,-1.5
9195,162630.0,False,9.700000000000001,33.9,-1.4000000000000001
9196,162650.0,False,10.200000000000001,34.2,-1.4000000000000001
9197,162665.0,False,10.9,34.6,-1.5
9198,162685.0,False,11.700000000000001,35.2,-2.0
9199,162697.0,False,12.200000000000001,35.7,-2.3000000000000003
9200,162714.0,False,13.3,36.9,-3.1
9201,162734.0,False,13.9,37.6,-3.6
9202,162748.0,False,15.3,39.0,-4.5
9203,162763.0,False,16.1,39.6,-5.0
9204,162780.0,False,17.7,40.5,-6.1000000000000005
9205,162799.0,False,19.400000000000002,40.800000000000004,-7.5
9206,162813.0,False,20.1,40.7,-8.200000000000001
9207,162834.0,False,21.200000000000003,40.5,-9.5
9208,162849.0,False,21.8,40.2,-10.3
9209,162863.0,False,21.8,40.0,-10.3
9210,162880.0,False,21.700000000000003,39.2,-9.9
9211,162897.0,False,21.5,38.0,-9.0
9212,162920.0,False,21.400000000000002,36.5,-8.200000000000001
9213,162938.0,False,21.400000000000002,35.4,-7.9
9214,162974.0,False,21.5,34.800000000000004,-8.3
9215,162981.0,False,21.5,35.0,-8.4
9216,162997.0,False,21.400000000000002,35.9,-8.3
9217,163014.0,False,21.3,36.4,-8.1
9218,163033.0,False,20.900000000000002,37.4,-7.2
9219,163047.0,False,20.8,37.7,-6.7
9220,163063.0,False,20.5,38.0,-5.6000000000000005
9221,163080.0,False,20.200000000000003,37.9,-4.7
9222,163098.0,False,19.8,37.5,-4.2
9223,163114.0,False,19.6,37.4,-4.1000000000000005
9224,163134.0,False,19.1,37.1,-4.1000000000000005
9225,163152.0,False,18.5,36.9,-4.2
9226,163166.0,False,18.1,36.800000000000004,-4.3
9227,163180.0,False,17.400000000000002,36.5,-4.3
9228,163199.0,False,16.7,36.1,-4.3
9229,163215.0,False,16.3,35.800000000000004,-4.3
9230,163230.0,False,15.700000000000001,35.1,-4.4
9231,163254.0,False,15.200000000000001,34.6,-4.5
9232,163263.0,False,15.0,34.300000000000004,-4.6000000000000005
9233,163280.0,False,14.8,33.9,-4.800000000000001
9234,163297.0,False,14.8,33.7,-5.0
9235,163320.0,False,15.200000000000001,33.7,-5.6000000000000005
9236,163335.0,False,15.4,33.800000000000004,-5.800000000000001
9237,163352.0,False,16.1,34.1,-6.300000000000001
9238,163373.0,False,16.900000000000002,34.4,-6.800000000000001
9239,163380.0,False,17.2,34.5,-7.0
9240,163401.0,False,17.900000000000002,34.6,-7.300000000000001
9241,163414.0,False,18.2,34.7,-7.300000000000001
9242,163431.0,False,18.7,34.9,-7.300000000000001
9243,163451.0,False,18.8,35.0,-6.9
9244,163464.0,False,18.7,35.0,-6.5
9245,163481.0,False,18.5,34.7,-5.300000000000001
9246,163502.0,False,18.5,34.2,-3.9000000000000004
9247,163514.0,False,18.7,33.9,-3.1
9248,163530.0,False,18.900000000000002,33.6,-2.5
9249,163550.0,False,19.6,33.1,-1.5
9250,163563.0,False,20.400000000000002,32.800000000000004,-0.8
9251,163580.0,False,20.8,32.7,-0.5
9252,163597.0,False,21.700000000000003,32.5,0.2
9253,163613.0,False,22.6,32.300000000000004,0.9
9254,163630.0,False,23.1,32.2,1.2000000000000002
9255,163647.0,False,24.200000000000003,31.8,1.6
9256,163664.0,False,25.5,31.400000000000002,1.6
9257,163681.0,False,26.200000000000003,31.200000000000003,1.5
9258,163697.0,False,27.8,30.6,1.2000000000000002
9259,163713.0,False,29.700000000000003,29.900000000000002,0.6000000000000001
9260,163730.0,False,30.6,29.6,0.30000000000000004
9261,163751.0,False,32.5,29.0,-0.30000000000000004
9262,163767.0,False,34.1,28.900000000000002,-0.6000000000000001
9263,163781.0,False,34.800000000000004,28.900000000000002,-0.7000000000000001
9264,163800.0,False,36.0,29.3,-0.6000000000000001
9265,163818.0,False,37.2,29.700000000000003,-0.30000000000000004
9266,163830.0,False,37.9,29.900000000000002,-0.1
9267,163861.0,False,40.0,30.400000000000002,0.1
9268,163885.0,False,41.900000000000006,30.5,-0.30000000000000004
9269,163905.0,False,42.900000000000006,30.5,-0.8
9270,163930.0,False,43.7,30.400000000000002,-1.4000000000000001
9271,163958.0,False,44.5,30.6,-1.9000000000000001
9272,163964.0,False,44.900000000000006,30.8,-2.1
9273,163987.0,False,46.300000000000004,31.6,-3.0
9274,164000.0,False,46.800000000000004,31.8,-3.3000000000000003
9275,164013.0,False,47.400000000000006,31.8,-3.6
9276,164030.0,False,48.5,31.700000000000003,-4.3
9277,164050.0,False,49.300000000000004,31.1,-5.2
9278,164066.0,False,49.5,30.8,-5.6000000000000005
9279,164080.0,False,49.400000000000006,30.1,-6.300000000000001
9280,164097.0,False,48.800000000000004,29.8,-6.6000000000000005
9281,164119.0,False,48.0,29.5,-6.300000000000001
9282,164139.0,False,47.1,29.200000000000003,-5.6000000000000005
9283,164148.0,False,46.7,28.900000000000002,-5.300000000000001
9284,164180.0,False,45.7,27.900000000000002,-4.7
9285,164198.0,False,45.300000000000004,27.400000000000002,-4.9
9286,164216.0,False,45.2,27.3,-5.1000000000000005
9287,164230.0,False,44.900000000000006,27.400000000000002,-5.6000000000000005
9288,164248.0,False,44.6,27.6,-6.2
9289,164263.0,False,44.400000000000006,27.700000000000003,-6.4
9290,164281.0,False,44.0,27.900000000000002,-6.5
9291,164299.0,False,43.7,28.1,-6.5
9292,164313.0,False,43.6,28.200000000000003,-6.5
9293,164330.0,False,43.400000000000006,28.5,-6.4
9294,164353.0,False,43.300000000000004,28.8,-6.4
9295,164365.0,False,43.2,29.0,-6.4
9296,164380.0,False,43.1,29.400000000000002,-6.6000000000000005
9297,164397.0,False,43.1,29.5,-6.800000000000001
9298,164416.0,False,43.0,29.6,-6.9
9299,164432.0,False,42.900000000000006,29.6,-7.4
9300,164446.0,False,42.900000000000006,29.5,-7.6000000000000005
9301,164463.0,False,42.7,29.200000000000003,-8.0
9302,164480.0,False,42.5,28.900000000000002,-8.5
9303,164498.0,False,42.400000000000006,28.8,-8.700000000000001
9304,164517.0,False,42.1,28.8,-9.200000000000001
9305,164534.0,False,41.900000000000006,28.8,-9.600000000000001
9306,164551.0,False,41.800000000000004,28.6,-10.0
9307,164563.0,False,41.800000000000004,28.5,-10.200000000000001
9308,164581.0,False,41.900000000000006,28.1,-10.5
9309,164597.0,False,42.0,28.0,-10.5
9310,164624.0,False,42.6,28.200000000000003,-9.9
9311,164631.0,False,43.0,28.200000000000003,-9.700000000000001
9312,164666.0,False,44.400000000000006,27.700000000000003,-9.3
9313,164682.0,False,45.300000000000004,27.3,-9.5
9314,164700.0,False,45.7,27.1,-9.700000000000001
9315,164715.0,False,46.5,27.200000000000003,-10.0
9316,164735.0,False,47.400000000000006,27.5,-10.3
9317,164752.0,False,48.400000000000006,27.900000000000002,-10.3
9318,164763.0,False,48.900000000000006,28.1,-10.200000000000001
9319,164784.0,False,50.1,28.5,-10.100000000000001
9320,164800.0,False,50.800000000000004,28.6,-10.100000000000001
9321,164820.0,False,52.2,28.6,-10.3
9322,164830.0,False,52.900000000000006,28.6,-10.5
9323,164859.0,False,55.1,28.8,-11.100000000000001
9324,164869.0,False,55.800000000000004,29.0,-11.100000000000001
9325,164884.0,False,57.300000000000004,29.6,-11.100000000000001
9326,164898.0,False,58.0,30.0,-11.0
9327,164917.0,False,59.400000000000006,30.900000000000002,-10.700000000000001
9328,164934.0,False,60.900000000000006,31.900000000000002,-10.3
9329,164975.0,False,64.0,33.800000000000004,-9.9
9330,164997.0,False,65.5,34.7,-9.8
9331,165017.0,False,66.8,35.300000000000004,-9.700000000000001
9332,165030.0,False,67.5,35.5,-9.700000000000001
9333,165048.0,False,68.60000000000001,35.7,-9.9
9334,165064.0,False,69.60000000000001,35.800000000000004,-10.3
9335,165080.0,False,70.10000000000001,35.800000000000004,-10.600000000000001
9336,165100.0,False,70.8,35.800000000000004,-11.4
9337,165114.0,False,71.10000000000001,35.7,-11.8
9338,165132.0,False,71.5,35.6,-12.700000000000001
9339,165166.0,False,71.4,35.300000000000004,-13.600000000000001
9340,165186.0,False,71.0,34.800000000000004,-13.5
9341,165198.0,False,70.7,34.5,-13.3
9342,165213.0,False,70.4,34.0,-13.0
9343,165230.0,False,69.7,32.9,-12.0
9344,165247.0,False,68.8,31.400000000000002,-10.9
9345,165264.0,False,68.4,30.400000000000002,-10.3
9346,165280.0,False,67.60000000000001,28.3,-9.5
9347,165297.0,False,66.8,26.1,-8.8
9348,165314.0,False,66.4,25.1,-8.6
9349,165330.0,False,65.7,23.6,-8.1
9350,165349.0,False,65.2,22.700000000000003,-7.800000000000001
9351,165364.0,False,65.10000000000001,22.400000000000002,-7.6000000000000005
9352,165380.0,False,64.9,22.1,-7.300000000000001
9353,165398.0,False,64.7,22.1,-6.9
9354,165430.0,False,64.60000000000001,22.200000000000003,-6.7
9355,165449.0,False,64.4,22.6,-6.7
9356,165474.0,False,64.3,23.0,-7.0
9357,165483.0,False,64.10000000000001,23.6,-7.4
9358,165497.0,False,64.10000000000001,23.900000000000002,-7.7
9359,165516.0,False,64.0,24.400000000000002,-8.5
9360,165535.0,False,64.0,24.900000000000002,-9.4
9361,165551.0,False,64.0,25.3,-10.4
9362,165574.0,False,64.0,25.5,-11.600000000000001
9363,165580.0,False,64.0,25.700000000000003,-12.200000000000001
9364,165596.0,False,64.0,25.8,-12.8
9365,165613.0,False,63.900000000000006,26.0,-13.9
9366,165631.0,False,63.7,25.900000000000002,-14.4
9367,165649.0,False,63.6,25.8,-14.4
9368,165674.0,False,63.2,24.900000000000002,-13.600000000000001
9369,165681.0,False,63.2,24.5,-13.100000000000001
9370,165706.0,False,63.300000000000004,24.1,-12.100000000000001
9371,165714.0,False,63.400000000000006,24.1,-11.700000000000001
9372,165732.0,False,63.900000000000006,24.0,-10.9
9373,165752.0,False,64.60000000000001,24.0,-10.200000000000001
9374,165763.0,False,65.0,23.900000000000002,-10.0
9375,165780.0,False,65.8,23.400000000000002,-9.600000000000001
9376,165797.0,False,66.10000000000001,23.1,-9.5
9377,165814.0,False,66.3,22.3,-9.1
9378,165838.0,False,66.0,21.700000000000003,-8.200000000000001
9379,165847.0,False,65.7,21.5,-7.5
9380,165876.0,False,64.8,21.5,-4.9
9381,165897.0,False,64.5,21.6,-3.5
9382,165913.0,False,64.7,21.900000000000002,-2.5
9383,165932.0,False,64.9,22.200000000000003,-2.3000000000000003
9384,165972.0,False,66.7,23.8,-2.6
9385,166005.0,False,68.3,25.1,-2.8000000000000003
9386,166013.0,False,68.9,25.5,-2.7
9387,166030.0,False,69.5,26.0,-2.6
9388,166048.0,False,70.8,27.1,-2.2
9389,166064.0,False,71.5,27.6,-1.9000000000000001
9390,166084.0,False,74.0,29.3,-1.6
9391,166097.0,False,74.8,29.8,-1.6
9392,166115.0,False,76.5,30.700000000000003,-1.8
9393,166136.0,False,78.10000000000001,31.5,-2.2
9394,166148.0,False,78.9,31.900000000000002,-2.4000000000000004
9395,166181.0,False,80.60000000000001,33.2,-3.4000000000000004
9396,166197.0,False,81.10000000000001,33.800000000000004,-4.2
9397,166216.0,False,81.2,34.0,-4.5
9398,166231.0,False,81.10000000000001,34.0,-5.1000000000000005
9399,166248.0,False,80.7,33.6,-5.6000000000000005
9400,166269.0,False,80.0,32.9,-5.9
9401,166281.0,False,79.60000000000001,32.300000000000004,-6.1000000000000005
9402,166299.0,False,78.60000000000001,31.0,-6.300000000000001
9403,166315.0,False,77.30000000000001,29.5,-6.2
9404,166330.0,False,76.60000000000001,28.8,-5.9
9405,166357.0,False,74.8,26.900000000000002,-4.7
9406,166380.0,False,74.5,25.400000000000002,-4.3
9407,166397.0,False,74.60000000000001,24.1,-4.7
9408,166417.0,False,74.9,23.1,-5.5
9409,166436.0,False,74.8,22.8,-6.2
9410,166447.0,False,74.60000000000001,22.700000000000003,-6.4
9411,166480.0,False,74.10000000000001,22.900000000000002,-6.2
9412,166497.0,False,73.8,22.900000000000002,-5.800000000000001
9413,166513.0,False,73.8,22.900000000000002,-5.7
9414,166551.0,False,73.9,22.900000000000002,-5.9
9415,166566.0,False,74.0,23.1,-6.300000000000001
9416,166582.0,False,74.0,23.3,-6.6000000000000005
9417,166597.0,False,74.2,23.700000000000003,-7.1000000000000005
9418,166614.0,False,74.3,24.0,-7.4
9419,166631.0,False,74.60000000000001,24.3,-8.200000000000001
9420,166648.0,False,74.8,24.3,-9.1
9421,166663.0,False,74.9,24.200000000000003,-9.5
9422,166682.0,False,75.0,24.200000000000003,-10.200000000000001
9423,166701.0,False,75.0,24.200000000000003,-10.600000000000001
9424,166730.0,False,74.8,24.1,-10.5
9425,166748.0,False,74.8,23.700000000000003,-10.100000000000001
9426,166767.0,False,74.8,23.400000000000002,-9.9
9427,166782.0,False,75.10000000000001,22.700000000000003,-9.600000000000001
9428,166797.0,False,75.3,22.3,-9.5
9429,166813.0,False,75.9,21.5,-9.4
9430,166830.0,False,76.80000000000001,21.0,-9.200000000000001
9431,166847.0,False,77.2,20.900000000000002,-9.0
9432,166873.0,False,78.60000000000001,21.1,-8.200000000000001
9433,166913.0,False,80.30000000000001,21.6,-7.4
9434,166930.0,False,81.2,22.200000000000003,-7.1000000000000005
9435,166947.0,False,81.7,22.6,-6.9
9436,166963.0,False,82.80000000000001,23.400000000000002,-6.6000000000000005
9437,166981.0,False,84.0,24.0,-6.6000000000000005
9438,167003.0,False,85.30000000000001,24.400000000000002,-6.800000000000001
9439,167013.0,False,86.0,24.5,-6.9
9440,167033.0,False,87.60000000000001,24.700000000000003,-7.4
9441,167048.0,False,88.4,24.700000000000003,-7.800000000000001
9442,167063.0,False,90.0,24.6,-8.5
9443,167080.0,False,90.80000000000001,24.6,-8.8
9444,167098.0,False,92.30000000000001,24.5,-9.1
9445,167116.0,False,93.80000000000001,24.6,-8.9
9446,167130.0,False,94.60000000000001,24.8,-8.700000000000001
9447,167152.0,False,97.30000000000001,25.400000000000002,-7.800000000000001
9448,167166.0,False,98.30000000000001,25.6,-7.6000000000000005
9449,167184.0,False,100.30000000000001,26.1,-7.0
9450,167201.0,False,102.4,26.5,-6.6000000000000005
9451,167217.0,False,103.5,26.8,-6.6000000000000005
9452,167234.0,False,105.7,27.200000000000003,-6.7
9453,167257.0,False,107.9,27.8,-7.2
9454,167264.0,False,108.9,28.1,-7.6000000000000005
9455,167280.0,False,109.9,28.5,-8.1
9456,167296.0,False,111.80000000000001,29.200000000000003,-9.200000000000001
9457,167315.0,False,113.7,30.3,-10.3
9458,167331.0,False,114.60000000000001,31.0,-10.8
9459,167353.0,False,116.60000000000001,32.7,-11.9
9460,167364.0,False,117.7,33.5,-12.4
9461,167380.0,False,119.60000000000001,35.0,-13.5
9462,167396.0,False,121.2,36.1,-14.5
9463,167419.0,False,122.4,36.800000000000004,-15.200000000000001
9464,167430.0,False,122.80000000000001,36.9,-15.3
9465,167448.0,False,123.4,37.0,-15.100000000000001
9466,167464.0,False,123.60000000000001,36.9,-14.8
9467,167480.0,False,124.0,36.5,-13.8
9468,167502.0,False,124.5,35.7,-12.9
9469,167514.0,False,125.2,34.5,-12.3
9470,167532.0,False,125.60000000000001,33.800000000000004,-12.100000000000001
9471,167549.0,False,126.30000000000001,32.2,-12.0
9472,167566.0,False,127.10000000000001,30.3,-12.0
9473,167580.0,False,127.4,29.5,-12.100000000000001
9474,167596.0,False,128.0,28.0,-12.0
9475,167618.0,False,128.4,26.900000000000002,-11.8
9476,167630.0,False,128.70000000000002,26.5,-11.700000000000001
9477,167647.0,False,129.0,25.900000000000002,-11.4
9478,167672.0,False,129.3,25.700000000000003,-11.0
9479,167680.0,False,129.4,25.6,-10.700000000000001
9480,167696.0,False,129.8,25.6,-10.100000000000001
9481,167713.0,False,130.0,25.6,-9.9
9482,167730.0,False,130.4,25.400000000000002,-9.700000000000001
9483,167749.0,False,130.8,25.1,-9.600000000000001
9484,167763.0,False,131.0,24.8,-9.600000000000001
9485,167780.0,False,131.1,24.200000000000003,-9.600000000000001
9486,167796.0,False,131.20000000000002,23.6,-9.5
9487,167817.0,False,131.3,23.0,-9.5
9488,167833.0,False,131.3,22.700000000000003,-9.5
9489,167847.0,False,131.5,22.1,-9.600000000000001
9490,167864.0,False,131.6,21.8,-9.700000000000001
9491,167881.0,False,131.9,21.3,-10.0
9492,167897.0,False,132.3,20.8,-10.5
9493,167918.0,False,132.9,20.3,-10.9
9494,167932.0,False,133.1,20.1,-11.100000000000001
9495,167952.0,False,133.70000000000002,19.700000000000003,-11.3
9496,167963.0,False,134.0,19.6,-11.4
9497,167980.0,False,134.70000000000002,19.3,-11.600000000000001
9498,168003.0,False,135.4,19.3,-11.8
9499,168016.0,False,135.8,19.400000000000002,-11.8
9500,168030.0,False,136.70000000000002,19.700000000000003,-11.9
9501,168049.0,False,137.70000000000002,20.200000000000003,-11.9
9502,168063.0,False,138.20000000000002,20.5,-11.8
9503,168082.0,False,139.4,21.3,-11.700000000000001
9504,168096.0,False,140.1,21.700000000000003,-11.700000000000001
9505,168114.0,False,141.20000000000002,22.3,-11.8
9506,168131.0,False,142.1,22.5,-12.0
9507,168151.0,False,142.70000000000002,22.400000000000002,-12.100000000000001
9508,168164.0,False,142.8,22.3,-12.0
9509,168182.0,False,143.0,22.0,-11.600000000000001
9510,168196.0,False,142.9,21.900000000000002,-11.200000000000001
9511,168215.0,False,142.9,22.1,-10.0
9512,168231.0,False,143.0,22.6,-8.8
9513,168246.0,False,143.1,22.900000000000002,-8.200000000000001
9514,168263.0,False,143.5,23.5,-7.5
9515,168280.0,False,143.8,23.700000000000003,-7.300000000000001
9516,168298.0,False,144.5,24.1,-7.300000000000001
9517,168314.0,False,145.4,24.3,-7.6000000000000005
9518,168330.0,False,146.4,24.200000000000003,-8.1
9519,168347.0,False,146.8,24.0,-8.3
9520,168366.0,False,147.5,23.5,-8.6
9521,168381.0,False,148.0,23.200000000000003,-8.4
9522,168398.0,False,148.20000000000002,23.1,-8.0
9523,168413.0,False,148.6,23.3,-7.0
9524,168434.0,False,149.20000000000002,23.700000000000003,-5.9
9525,168448.0,False,149.5,24.0,-5.5
9526,168466.0,False,150.3,24.8,-4.7
9527,168480.0,False,150.70000000000002,25.200000000000003,-4.3
9528,168496.0,False,151.6,25.900000000000002,-3.8000000000000003
9529,168513.0,False,152.5,26.3,-3.4000000000000004
9530,168530.0,False,153.0,26.400000000000002,-3.3000000000000003
9531,168549.0,False,154.20000000000002,26.400000000000002,-3.3000000000000003
9532,168568.0,False,155.60000000000002,26.400000000000002,-3.4000000000000004
9533,168580.0,False,156.4,26.5,-3.4000000000000004
9534,168597.0,False,158.0,26.8,-3.8000000000000003
9535,168616.0,False,159.70000000000002,27.400000000000002,-4.3
9536,168639.0,False,161.3,28.0,-5.1000000000000005
9537,168647.0,False,162.10000000000002,28.200000000000003,-5.6000000000000005
9538,168672.0,False,163.3,28.6,-6.5
9539,168680.0,False,163.70000000000002,28.700000000000003,-6.800000000000001
9540,168701.0,False,164.20000000000002,28.8,-7.300000000000001
9541,168730.0,False,164.10000000000002,28.3,-7.1000000000000005
9542,168747.0,False,163.9,27.8,-6.6000000000000005
9543,168773.0,False,163.5,27.200000000000003,-6.1000000000000005
9544,168780.0,False,163.4,26.900000000000002,-5.9
9545,168796.0,False,163.20000000000002,25.900000000000002,-5.7
9546,168816.0,False,162.9,24.8,-5.800000000000001
9547,168834.0,False,162.70000000000002,23.700000000000003,-6.1000000000000005
9548,168854.0,False,162.70000000000002,23.3,-6.2
9549,168864.0,False,162.60000000000002,22.900000000000002,-6.4
9550,168885.0,False,162.5,22.3,-6.800000000000001
9551,168896.0,False,162.3,21.8,-7.0
9552,168913.0,False,162.10000000000002,21.6,-7.1000000000000005
9553,168931.0,False,161.8,21.5,-6.9
9554,168950.0,False,161.60000000000002,21.6,-6.7
9555,168963.0,False,161.3,22.0,-6.4
9556,168980.0,False,161.20000000000002,22.5,-6.300000000000001
9557,168996.0,False,161.20000000000002,23.1,-6.5
9558,169016.0,False,161.20000000000002,23.900000000000002,-6.800000000000001
9559,169030.0,False,161.20000000000002,24.3,-7.0
9560,169047.0,False,161.20000000000002,25.0,-7.5
9561,169069.0,False,161.20000000000002,25.6,-8.1
9562,169080.0,False,161.0,25.900000000000002,-8.4
9563,169097.0,False,160.60000000000002,26.1,-9.1
9564,169113.0,False,160.3,26.1,-9.4
9565,169130.0,False,159.4,25.8,-10.100000000000001
9566,169147.0,False,158.4,25.200000000000003,-10.600000000000001
9567,169166.0,False,157.9,24.900000000000002,-10.700000000000001
9568,169180.0,False,157.10000000000002,24.1,-10.700000000000001
9569,169196.0,False,156.9,23.700000000000003,-10.600000000000001
9570,169213.0,False,156.8,23.1,-10.4
9571,169234.0,False,157.10000000000002,22.8,-10.3
9572,169246.0,False,157.4,22.8,-10.4
9573,169263.0,False,158.10000000000002,22.900000000000002,-10.600000000000001
9574,169281.0,False,158.8,23.200000000000003,-10.8
9575,169296.0,False,159.20000000000002,23.3,-10.8
9576,169313.0,False,159.8,23.900000000000002,-10.600000000000001
9577,169333.0,False,160.70000000000002,24.400000000000002,-10.4
9578,169349.0,False,161.60000000000002,24.8,-10.4
9579,169369.0,False,162.10000000000002,24.900000000000002,-10.4
9580,169380.0,False,162.5,24.900000000000002,-10.4
9581,169397.0,False,163.3,24.8,-10.5
9582,169414.0,False,163.8,24.400000000000002,-10.700000000000001
9583,169430.0,False,164.0,24.0,-10.700000000000001
9584,169449.0,False,164.0,23.900000000000002,-10.5
9585,169463.0,False,163.70000000000002,24.0,-9.8
9586,169480.0,False,163.5,24.400000000000002,-9.0
9587,169496.0,False,163.4,24.6,-8.6
9588,169518.0,False,163.5,25.200000000000003,-8.0
9589,169533.0,False,164.0,25.900000000000002,-7.6000000000000005
9590,169549.0,False,164.3,26.200000000000003,-7.5
9591,169567.0,False,165.10000000000002,26.700000000000003,-7.4
9592,169587.0,False,166.0,26.8,-7.5
9593,169599.0,False,166.5,26.8,-7.6000000000000005
9594,169613.0,False,167.20000000000002,26.700000000000003,-7.5
9595,169630.0,False,167.5,26.700000000000003,-7.4
9596,169647.0,False,168.10000000000002,27.0,-7.0
9597,169665.0,False,168.8,27.3,-6.7
9598,169680.0,False,169.20000000000002,27.5,-6.5
9599,169696.0,False,170.0,27.700000000000003,-6.4
9600,169713.0,False,170.9,27.700000000000003,-6.300000000000001
9601,169733.0,False,171.60000000000002,27.8,-6.2
9602,169746.0,False,171.9,27.8,-6.1000000000000005
9603,169763.0,False,172.60000000000002,27.900000000000002,-5.9
9604,169780.0,False,173.0,27.900000000000002,-5.800000000000001
9605,169796.0,False,173.8,28.0,-6.1000000000000005
9606,169813.0,False,174.20000000000002,28.1,-6.4
9607,169831.0,False,175.20000000000002,28.400000000000002,-7.5
9608,169849.0,False,176.20000000000002,29.1,-8.8
9609,169863.0,False,177.3,30.0,-10.0
9610,169882.0,False,177.8,30.400000000000002,-10.600000000000001
9611,169896.0,False,178.8,31.0,-11.700000000000001
9612,169914.0,False,179.5,31.1,-12.4
9613,169935.0,False,180.0,30.8,-13.0
9614,169961.0,False,180.3,30.1,-13.3
9615,169966.0,False,180.4,29.6,-13.4
9616,170006.0,False,180.4,27.400000000000002,-13.4
9617,170019.0,False,180.3,26.8,-13.4
9618,170040.0,False,180.10000000000002,25.700000000000003,-13.4
9619,170046.0,False,180.0,25.3,-13.4
9620,170066.0,False,180.0,24.700000000000003,-13.3
9621,170080.0,False,180.10000000000002,24.6,-13.200000000000001
9622,170096.0,False,180.3,24.700000000000003,-13.200000000000001
9623,170113.0,False,180.4,25.0,-13.200000000000001
9624,170132.0,False,180.5,25.900000000000002,-13.100000000000001
9625,170149.0,False,180.5,27.0,-12.9
9626,170169.0,False,180.4,28.200000000000003,-12.600000000000001
9627,170183.0,False,180.3,28.8,-12.4
9628,170199.0,False,180.10000000000002,29.8,-12.0
9629,170213.0,False,179.9,30.200000000000003,-11.9
9630,170230.0,False,179.60000000000002,30.700000000000003,-11.600000000000001
9631,170247.0,False,179.10000000000002,31.0,-11.4
9632,170266.0,False,178.8,31.1,-11.4
9633,170283.0,False,178.20000000000002,31.200000000000003,-11.600000000000001
9634,170300.0,False,177.8,31.1,-12.4
9635,170319.0,False,177.5,30.8,-13.8
9636,170334.0,False,177.4,30.6,-14.600000000000001
9637,170352.0,False,176.60000000000002,30.400000000000002,-16.3
9638,170379.0,False,174.3,30.400000000000002,-18.1
9639,170397.0,False,172.5,30.3,-18.2
9640,170414.0,False,171.5,30.200000000000003,-17.8
9641,170430.0,False,169.60000000000002,29.700000000000003,-16.400000000000002
9642,170446.0,False,168.70000000000002,29.400000000000002,-15.5
9643,170466.0,False,167.10000000000002,28.8,-13.5
9644,170480.0,False,166.10000000000002,28.200000000000003,-11.9
9645,170496.0,False,165.8,28.0,-11.200000000000001
9646,170514.0,False,165.5,28.0,-10.5
9647,170532.0,False,165.70000000000002,28.400000000000002,-10.600000000000001
9648,170550.0,False,166.20000000000002,29.1,-11.5
9649,170567.0,False,166.60000000000002,29.400000000000002,-12.100000000000001
9650,170587.0,False,167.4,29.700000000000003,-13.200000000000001
9651,170597.0,False,167.8,29.700000000000003,-13.600000000000001
9652,170617.0,False,168.5,29.400000000000002,-14.200000000000001
9653,170637.0,False,169.0,28.900000000000002,-14.200000000000001
9654,170647.0,False,169.20000000000002,28.6,-14.0
9655,170668.0,False,169.5,28.200000000000003,-13.3
9656,170680.0,False,169.9,28.0,-12.5
9657,170696.0,False,170.3,28.0,-12.200000000000001
9658,170715.0,False,171.20000000000002,28.0,-11.8
9659,170735.0,False,172.5,27.8,-11.700000000000001
9660,170751.0,False,173.3,27.700000000000003,-11.8
9661,170768.0,False,174.8,27.3,-12.100000000000001
9662,170781.0,False,176.3,26.8,-12.3
9663,170797.0,False,177.0,26.5,-12.4
9664,170813.0,False,178.20000000000002,25.900000000000002,-12.0
9665,170834.0,False,179.0,25.400000000000002,-11.0
9666,170855.0,False,179.70000000000002,25.1,-9.700000000000001
9667,170869.0,False,180.0,25.1,-8.9
9668,170880.0,False,180.3,25.1,-8.1
9669,170898.0,False,180.9,25.1,-6.6000000000000005
9670,170913.0,False,181.60000000000002,25.200000000000003,-5.2
9671,170930.0,False,182.0,25.3,-4.6000000000000005
9672,170949.0,False,183.0,25.700000000000003,-3.9000000000000004
9673,170963.0,False,184.10000000000002,26.3,-3.8000000000000003
9674,170980.0,False,184.70000000000002,26.6,-4.0
9675,170999.0,False,185.8,27.200000000000003,-4.4
9676,171015.0,False,186.9,27.8,-4.9
9677,171030.0,False,187.3,28.0,-5.0
9678,171048.0,False,188.20000000000002,28.400000000000002,-5.1000000000000005
9679,171063.0,False,188.5,28.6,-5.1000000000000005
9680,171080.0,False,189.10000000000002,28.8,-5.0
9681,171097.0,False,189.70000000000002,28.900000000000002,-5.0
9682,171114.0,False,190.10000000000002,28.900000000000002,-5.1000000000000005
9683,171130.0,False,190.3,28.8,-5.1000000000000005
9684,171146.0,False,190.4,28.6,-4.800000000000001
9685,171178.0,False,190.4,28.0,-4.0
9686,171198.0,False,190.70000000000002,27.0,-4.1000000000000005
9687,171213.0,False,190.9,26.3,-4.3
9688,171230.0,False,191.20000000000002,24.700000000000003,-5.0
9689,171248.0,False,191.10000000000002,23.200000000000003,-5.2
9690,171278.0,False,190.70000000000002,21.700000000000003,-4.3
9691,171296.0,False,190.8,21.400000000000002,-3.6
9692,171313.0,False,191.10000000000002,21.400000000000002,-3.4000000000000004
9693,171333.0,False,191.70000000000002,21.900000000000002,-3.3000000000000003
9694,171348.0,False,192.3,22.8,-3.2
9695,171367.0,False,192.60000000000002,23.900000000000002,-2.8000000000000003
9696,171380.0,False,192.8,24.3,-2.6
9697,171396.0,False,192.9,24.700000000000003,-2.5
9698,171413.0,False,193.10000000000002,25.0,-2.4000000000000004
9699,171430.0,False,193.20000000000002,24.900000000000002,-2.2
9700,171448.0,False,193.10000000000002,24.8,-2.0
9701,171474.0,False,192.9,24.700000000000003,-1.8
9702,171480.0,False,192.8,24.6,-1.8
9703,171517.0,False,192.8,24.6,-1.9000000000000001
9704,171530.0,False,193.0,24.6,-2.5
9705,171548.0,False,193.4,24.400000000000002,-3.5
9706,171572.0,False,193.8,24.0,-4.6000000000000005
9707,171580.0,False,194.0,23.8,-5.1000000000000005
9708,171597.0,False,194.20000000000002,23.6,-5.5
9709,171615.0,False,194.5,23.200000000000003,-6.1000000000000005
9710,171633.0,False,194.9,22.8,-6.6000000000000005
9711,171648.0,False,195.4,22.6,-6.9
9712,171664.0,False,195.8,22.6,-7.1000000000000005
9713,171680.0,False,196.60000000000002,22.700000000000003,-7.4
9714,171701.0,False,197.5,22.900000000000002,-7.6000000000000005
9715,171713.0,False,197.9,23.0,-7.5
9716,171732.0,False,198.9,23.400000000000002,-6.9
9717,171746.0,False,199.4,23.6,-6.300000000000001
9718,171766.0,False,200.8,24.1,-5.0
9719,171783.0,False,202.4,24.6,-3.7
9720,171796.0,False,203.20000000000002,24.900000000000002,-3.1
9721,171813.0,False,205.10000000000002,25.5,-2.2
9722,171833.0,False,207.3,26.200000000000003,-1.9000000000000001
9723,171848.0,False,208.4,26.6,-2.0
9724,171864.0,False,210.70000000000002,27.0,-2.9000000000000004
9725,171880.0,False,212.60000000000002,27.400000000000002,-4.0
9726,171901.0,False,214.3,28.0,-4.6000000000000005
9727,171922.0,False,216.0,28.8,-4.800000000000001
9728,171932.0,False,216.9,29.1,-4.9
9729,171977.0,False,221.3,30.0,-4.6000000000000005
9730,171981.0,False,222.4,30.3,-4.4
9731,171996.0,False,223.5,30.700000000000003,-4.2
9732,172013.0,False,225.5,31.5,-3.9000000000000004
9733,172031.0,False,227.4,32.1,-3.7
9734,172047.0,False,228.3,32.4,-3.5
9735,172064.0,False,229.8,33.2,-2.8000000000000003
9736,172082.0,False,231.20000000000002,34.2,-1.9000000000000001
9737,172099.0,False,232.0,34.7,-1.5
9738,172113.0,False,233.5,35.6,-0.8
9739,172129.0,False,234.20000000000002,36.0,-0.6000000000000001
9740,172153.0,False,236.70000000000002,37.300000000000004,-0.5
9741,172177.0,False,238.60000000000002,38.400000000000006,-0.7000000000000001
9742,172202.0,False,241.9,40.400000000000006,-1.2000000000000002
9743,172216.0,False,243.0,41.1,-1.4000000000000001
9744,172234.0,False,245.10000000000002,42.300000000000004,-1.8
9745,172247.0,False,246.10000000000002,42.900000000000006,-2.0
9746,172264.0,False,247.8,43.7,-2.5
9747,172280.0,False,248.5,44.0,-2.6
9748,172296.0,False,249.70000000000002,44.6,-2.6
9749,172316.0,False,250.5,44.800000000000004,-2.2
9750,172336.0,False,251.0,44.7,-1.5
9751,172347.0,False,251.20000000000002,44.300000000000004,-1.2000000000000002
9752,172365.0,False,251.3,43.800000000000004,-0.9
9753,172381.0,False,251.20000000000002,42.1,-0.6000000000000001
9754,172397.0,False,251.0,40.0,-0.7000000000000001
9755,172413.0,False,250.9,38.900000000000006,-0.9
9756,172435.0,False,250.5,35.9,-1.1
9757,172446.0,False,250.3,35.1,-0.8
9758,172464.0,False,250.10000000000002,34.1,0.30000000000000004
9759,172480.0,False,250.20000000000002,33.7,0.9
9760,172498.0,False,251.0,33.2,1.6
9761,172513.0,False,251.60000000000002,33.1,1.7000000000000002
9762,172530.0,False,253.20000000000002,33.2,0.8
9763,172549.0,False,254.70000000000002,33.6,-0.8
9764,172567.0,False,255.60000000000002,34.1,-2.4000000000000004
9765,172587.0,False,255.70000000000002,34.2,-3.0
9766,172599.0,False,255.60000000000002,34.1,-3.7
9767,172617.0,False,255.10000000000002,33.5,-3.7
9768,172632.0,False,254.8,33.2,-3.5
9769,172651.0,False,254.0,32.5,-3.0
9770,172668.0,False,253.60000000000002,32.2,-2.8000000000000003
9771,172680.0,False,252.9,31.8,-2.3000000000000003
9772,172698.0,False,252.20000000000002,31.700000000000003,-1.9000000000000001
9773,172714.0,False,252.0,31.700000000000003,-1.8
9774,172730.0,False,251.70000000000002,31.700000000000003,-1.9000000000000001
9775,172747.0,False,251.5,31.700000000000003,-2.2
9776,172765.0,False,251.5,31.5,-2.6
9777,172780.0,False,251.3,31.1,-3.5
9778,172797.0,False,251.20000000000002,30.900000000000002,-4.0
9779,172813.0,False,251.0,30.5,-5.1000000000000005
9780,172830.0,False,250.8,30.5,-6.0
9781,172847.0,False,250.8,30.5,-6.300000000000001
9782,172864.0,False,250.9,30.700000000000003,-6.9
9783,172880.0,False,251.20000000000002,30.700000000000003,-7.300000000000001
9784,172896.0,False,251.4,30.8,-7.4
9785,172913.0,False,251.9,31.1,-7.5
9786,172930.0,False,252.4,31.5,-7.5
9787,172949.0,False,252.70000000000002,31.700000000000003,-7.4
9788,172963.0,False,253.5,31.900000000000002,-7.2
9789,172981.0,False,254.20000000000002,31.8,-7.2
9790,173000.0,False,254.9,31.700000000000003,-7.300000000000001
9791,173016.0,False,255.20000000000002,31.700000000000003,-7.4
9792,173033.0,False,255.9,31.8,-7.5
9793,173048.0,False,256.40000000000003,32.1,-7.5
9794,173064.0,False,257.3,32.9,-7.300000000000001
9795,173081.0,False,258.3,33.9,-6.800000000000001
9796,173101.0,False,259.40000000000003,34.800000000000004,-6.1000000000000005
9797,173113.0,False,260.1,35.2,-5.7
9798,173130.0,False,261.40000000000003,35.800000000000004,-5.2
9799,173146.0,False,262.2,36.1,-5.0
9800,173166.0,False,263.8,36.300000000000004,-4.6000000000000005
9801,173180.0,False,264.6,36.1,-4.5
9802,173196.0,False,265.8,35.300000000000004,-4.0
9803,173216.0,False,266.5,34.1,-3.2
9804,173230.0,False,266.7,33.6,-2.8000000000000003
9805,173248.0,False,266.8,33.4,-2.1
9806,173264.0,False,267.0,34.4,-1.4000000000000001
9807,173281.0,False,267.3,35.2,-1.0
9808,173296.0,False,268.2,37.300000000000004,-0.4
9809,173313.0,False,269.40000000000003,39.6,0.1
9810,173334.0,False,270.6,41.800000000000004,0.5
9811,173346.0,False,271.3,42.7,0.7000000000000001
9812,173368.0,False,272.5,44.400000000000006,1.0
9813,173380.0,False,273.0,45.0,1.0
9814,173398.0,False,274.0,46.2,1.1
9815,173416.0,False,274.8,47.1,1.2000000000000002
9816,173430.0,False,275.1,47.5,1.2000000000000002
9817,173446.0,False,275.7,48.2,1.5
9818,173463.0,False,276.3,48.7,1.9000000000000001
9819,173480.0,False,276.6,48.900000000000006,2.1
9820,173498.0,False,277.0,49.1,2.5
9821,173516.0,False,277.5,49.1,3.0
9822,173532.0,False,277.8,49.0,3.2
9823,173548.0,False,278.40000000000003,48.6,3.3000000000000003
9824,173577.0,False,279.3,47.400000000000006,3.2
9825,173599.0,False,279.7,46.300000000000004,3.1
9826,173613.0,False,279.8,45.800000000000004,3.1
9827,173630.0,False,280.1,44.900000000000006,3.2
9828,173652.0,False,280.6,43.900000000000006,3.0
9829,173664.0,False,281.0,43.400000000000006,2.9000000000000004
9830,173680.0,False,281.8,42.400000000000006,2.3000000000000003
9831,173696.0,False,282.6,41.900000000000006,1.5
9832,173715.0,False,282.8,41.800000000000004,1.2000000000000002
9833,173729.0,False,283.2,41.7,0.5
9834,173748.0,False,283.40000000000003,41.6,0.0
9835,173763.0,False,283.40000000000003,41.400000000000006,-0.30000000000000004
9836,173780.0,False,283.40000000000003,40.800000000000004,-0.9
9837,173797.0,False,283.5,39.800000000000004,-1.6
9838,173815.0,False,283.5,39.2,-2.1
9839,173830.0,False,283.40000000000003,38.1,-2.9000000000000004
9840,173846.0,False,283.2,37.1,-3.6
9841,173863.0,False,283.2,36.7,-3.9000000000000004
9842,173881.0,False,283.3,35.9,-4.7
9843,173897.0,False,283.8,35.0,-5.800000000000001
9844,173913.0,False,284.2,34.5,-6.4
9845,173931.0,False,285.0,33.7,-7.800000000000001
9846,173950.0,False,285.6,33.300000000000004,-9.1
9847,173968.0,False,285.90000000000003,33.2,-10.3
9848,173980.0,False,286.0,33.2,-10.700000000000001
9849,174001.0,False,286.0,33.2,-11.4
9850,174021.0,False,286.0,33.300000000000004,-11.8
9851,174030.0,False,286.1,33.5,-11.9
9852,174049.0,False,286.3,34.0,-11.9
9853,174067.0,False,286.5,34.300000000000004,-12.0
9854,174080.0,False,286.90000000000003,34.800000000000004,-12.100000000000001
9855,174100.0,False,287.2,35.2,-12.100000000000001
9856,174117.0,False,287.3,35.4,-12.100000000000001
9857,174146.0,False,287.2,35.4,-11.9
9858,174164.0,False,287.1,35.300000000000004,-11.600000000000001
9859,174180.0,False,287.1,35.2,-11.4
9860,174196.0,False,287.1,35.1,-11.3
9861,174214.0,False,287.3,34.800000000000004,-11.4
9862,174237.0,False,287.40000000000003,34.5,-11.5
9863,174247.0,False,287.5,34.4,-11.5
9864,174272.0,False,287.8,34.1,-11.100000000000001
9865,174301.0,False,288.2,33.300000000000004,-10.600000000000001
9866,174317.0,False,288.5,32.9,-10.5
9867,174331.0,False,289.2,31.900000000000002,-10.5
9868,174346.0,False,289.6,31.5,-10.5
9869,174364.0,False,290.6,30.700000000000003,-10.700000000000001
9870,174381.0,False,291.1,30.400000000000002,-10.8
9871,174396.0,False,292.2,30.3,-10.9
9872,174432.0,False,294.8,31.400000000000002,-10.600000000000001
9873,174451.0,False,295.6,31.8,-10.5
9874,174466.0,False,297.3,32.4,-10.3
9875,174486.0,False,299.0,32.800000000000004,-10.0
9876,174498.0,False,299.8,32.9,-9.700000000000001
9877,174513.0,False,301.40000000000003,32.9,-9.1
9878,174530.0,False,302.1,32.9,-8.8
9879,174551.0,False,303.7,32.9,-8.200000000000001
9880,174563.0,False,305.40000000000003,33.1,-7.800000000000001
9881,174580.0,False,306.2,33.2,-7.7
9882,174596.0,False,307.90000000000003,33.7,-7.7
9883,174613.0,False,309.5,34.4,-7.9
9884,174630.0,False,310.20000000000005,34.7,-8.200000000000001
9885,174646.0,False,311.40000000000003,35.2,-8.5
9886,174668.0,False,312.0,35.4,-8.6
9887,174680.0,False,312.8,35.6,-8.8
9888,174698.0,False,313.40000000000003,35.4,-9.1
9889,174716.0,False,313.70000000000005,34.7,-9.8
9890,174736.0,False,313.5,33.6,-10.5
9891,174747.0,False,313.3,33.1,-10.8
9892,174772.0,False,312.6,32.2,-11.100000000000001
9893,174780.0,False,312.20000000000005,31.900000000000002,-11.0
9894,174797.0,False,311.5,31.3,-10.4
9895,174814.0,False,311.1,30.8,-9.8
9896,174834.0,False,311.20000000000005,30.400000000000002,-9.600000000000001
9897,174849.0,False,311.3,30.3,-9.700000000000001
9898,174865.0,False,311.40000000000003,30.3,-10.0
9899,174882.0,False,311.3,30.5,-10.200000000000001
9900,174896.0,False,310.90000000000003,30.900000000000002,-10.200000000000001
9901,174916.0,False,310.0,31.400000000000002,-9.600000000000001
9902,174930.0,False,309.5,31.6,-9.1
9903,174946.0,False,308.40000000000003,31.8,-8.0
9904,174976.0,False,306.90000000000003,31.400000000000002,-6.4
9905,174999.0,False,306.0,31.0,-5.6000000000000005
9906,175013.0,False,305.6,30.900000000000002,-5.300000000000001
9907,175033.0,False,304.90000000000003,31.0,-4.800000000000001
9908,175047.0,False,304.2,31.400000000000002,-4.4
9909,175072.0,False,303.6,31.8,-4.2
9910,175086.0,False,303.0,31.900000000000002,-4.2
9911,175101.0,False,302.8,31.900000000000002,-4.3
9912,175119.0,False,302.2,31.8,-4.3
9913,175132.0,False,301.90000000000003,31.700000000000003,-4.2
9914,175151.0,False,301.3,31.6,-3.7
9915,175163.0,False,301.0,31.5,-3.3000000000000003
9916,175180.0,False,300.5,31.5,-2.3000000000000003
9917,175197.0,False,300.3,31.400000000000002,-1.8
9918,175218.0,False,300.40000000000003,31.0,-0.8
9919,175231.0,False,300.6,30.8,-0.6000000000000001
9920,175252.0,False,301.0,30.3,-0.2
9921,175265.0,False,301.3,30.200000000000003,0.0
9922,175280.0,False,301.8,30.1,0.9
9923,175296.0,False,302.1,30.200000000000003,1.4000000000000001
9924,175313.0,False,302.7,30.3,2.4000000000000004
9925,175331.0,False,303.40000000000003,30.200000000000003,3.3000000000000003
9926,175353.0,False,304.2,29.6,3.7
9927,175365.0,False,304.6,29.1,3.9000000000000004
9928,175380.0,False,305.2,28.5,4.0
9929,175396.0,False,305.5,28.3,4.1000000000000005
9930,175413.0,False,306.0,28.5,4.1000000000000005
9931,175441.0,False,307.0,29.5,3.6
9932,175465.0,False,308.0,29.900000000000002,3.0
9933,175480.0,False,309.0,30.0,2.5
9934,175500.0,False,310.1,29.700000000000003,2.2
9935,175516.0,False,310.70000000000005,29.5,2.1
9936,175531.0,False,311.70000000000005,29.200000000000003,2.2
9937,175552.0,False,312.5,28.900000000000002,2.4000000000000004
9938,175564.0,False,312.90000000000003,28.8,2.6
9939,175580.0,False,313.6,28.5,2.9000000000000004
9940,175597.0,False,314.1,28.400000000000002,3.1
9941,175615.0,False,315.1,28.200000000000003,3.3000000000000003
9942,175633.0,False,316.40000000000003,28.1,3.4000000000000004
9943,175646.0,False,317.1,28.1,3.4000000000000004
9944,175665.0,False,318.5,28.200000000000003,3.2
9945,175681.0,False,319.90000000000003,28.1,2.9000000000000004
9946,175696.0,False,320.6,28.0,2.6
9947,175713.0,False,321.90000000000003,27.8,1.8
9948,175730.0,False,322.6,27.8,1.3
9949,175749.0,False,323.8,27.8,0.4
9950,175764.0,False,324.90000000000003,28.1,-0.5
9951,175780.0,False,325.3,28.3,-1.0
9952,175798.0,False,325.90000000000003,28.5,-1.9000000000000001
9953,175815.0,False,326.0,28.5,-2.6
9954,175829.0,False,326.0,28.400000000000002,-2.8000000000000003
9955,175846.0,False,325.70000000000005,28.0,-3.1
9956,175870.0,False,325.20000000000005,27.400000000000002,-3.0
9957,175879.0,False,324.8,26.900000000000002,-2.8000000000000003
9958,175896.0,False,323.8,25.8,-2.4000000000000004
9959,175913.0,False,323.20000000000005,25.200000000000003,-2.2
9960,175930.0,False,322.20000000000005,23.6,-2.0
9961,175946.0,False,321.40000000000003,22.200000000000003,-2.1
9962,175979.0,False,320.90000000000003,21.200000000000003,-2.7
9963,175998.0,False,321.1,21.5,-3.5
9964,176013.0,False,321.6,22.400000000000002,-4.6000000000000005
9965,176030.0,False,321.8,23.0,-5.300000000000001
9966,176049.0,False,322.20000000000005,24.1,-6.800000000000001
9967,176063.0,False,322.20000000000005,24.6,-7.4
9968,176080.0,False,321.90000000000003,25.400000000000002,-8.4
9969,176097.0,False,321.0,26.1,-8.700000000000001
9970,176114.0,False,320.40000000000003,26.400000000000002,-8.700000000000001
9971,176130.0,False,319.1,26.700000000000003,-8.3
9972,176146.0,False,317.6,26.900000000000002,-7.7
9973,176178.0,False,316.1,26.900000000000002,-7.1000000000000005
9974,176180.0,False,315.3,26.8,-6.800000000000001
9975,176197.0,False,313.90000000000003,26.6,-6.5
9976,176218.0,False,312.6,26.200000000000003,-6.4
9977,176240.0,False,311.40000000000003,25.700000000000003,-6.6000000000000005
9978,176247.0,False,310.8,25.400000000000002,-6.800000000000001
9979,176271.0,False,309.6,24.900000000000002,-7.1000000000000005
9980,176284.0,False,309.0,24.6,-7.1000000000000005
9981,176297.0,False,307.90000000000003,23.900000000000002,-7.300000000000001
9982,176313.0,False,307.40000000000003,23.6,-7.5
9983,176330.0,False,306.40000000000003,23.1,-8.1
9984,176351.0,False,305.90000000000003,22.8,-8.9
9985,176367.0,False,305.8,22.6,-9.3
9986,176384.0,False,306.0,22.1,-10.100000000000001
9987,176398.0,False,306.5,21.6,-10.700000000000001
9988,176414.0,False,306.90000000000003,21.400000000000002,-10.9
9989,176431.0,False,308.0,21.200000000000003,-11.0
9990,176450.0,False,309.3,20.900000000000002,-11.100000000000001
9991,176468.0,False,310.0,20.700000000000003,-11.200000000000001
9992,176479.0,False,311.5,20.3,-11.3
9993,176496.0,False,312.3,20.3,-11.4
9994,176515.0,False,313.8,20.3,-11.700000000000001
9995,176531.0,False,315.3,20.400000000000002,-12.0
9996,176546.0,False,316.0,20.5,-12.100000000000001
9997,176563.0,False,317.3,20.900000000000002,-12.100000000000001
9998,176580.0,False,318.5,21.5,-11.600000000000001
9999,176596.0,False,319.20000000000005,21.8,-11.4
10000,176613.0,False,320.6,22.400000000000002,-10.8
10001,176633.0,False,322.0,22.900000000000002,-10.4
10002,176649.0,False,323.5,23.3,-10.4
10003,176668.0,False,324.3,23.400000000000002,-10.5
10004,176679.0,False,326.1,23.5,-11.0
10005,176701.0,False,327.8,23.6,-11.600000000000001
10006,176713.0,False,328.6,23.8,-11.9
10007,176731.0,False,330.20000000000005,24.3,-12.0
10008,176746.0,False,330.90000000000003,24.6,-11.9
10009,176766.0,False,332.1,25.6,-11.3
10010,176780.0,False,333.20000000000005,26.6,-10.600000000000001
10011,176800.0,False,334.40000000000003,27.6,-9.9
10012,176813.0,False,334.90000000000003,28.1,-9.600000000000001
10013,176830.0,False,335.5,28.6,-9.4
10014,176847.0,False,336.70000000000005,29.700000000000003,-9.0
10015,176881.0,False,338.20000000000005,31.1,-8.700000000000001
10016,176897.0,False,339.0,31.8,-8.6
10017,176913.0,False,339.6,32.2,-8.6
10018,176931.0,False,339.90000000000003,32.4,-8.6
10019,176946.0,False,340.3,32.4,-8.700000000000001
10020,176967.0,False,340.5,32.300000000000004,-8.700000000000001
10021,176980.0,False,340.5,32.2,-8.700000000000001
10022,177002.0,False,340.6,31.700000000000003,-8.700000000000001
10023,177029.0,False,340.5,30.200000000000003,-8.6
10024,177049.0,False,340.3,28.8,-8.4
10025,177063.0,False,340.0,27.3,-8.3
10026,177079.0,False,339.8,26.400000000000002,-8.3
10027,177098.0,False,339.3,24.8,-8.1
10028,177116.0,False,338.70000000000005,23.3,-7.9
10029,177134.0,False,338.3,22.6,-7.9
10030,177156.0,False,337.1,20.700000000000003,-8.200000000000001
10031,177168.0,False,336.6,20.3,-8.3
10032,177188.0,False,335.6,19.900000000000002,-8.700000000000001
10033,177196.0,False,335.1,20.0,-8.9
10034,177216.0,False,334.0,20.5,-9.4
10035,177229.0,False,333.40000000000003,20.8,-9.700000000000001
10036,177246.0,False,332.0,21.5,-10.4
10037,177264.0,False,331.3,21.8,-10.700000000000001
10038,177279.0,False,329.6,22.5,-11.100000000000001
10039,177298.0,False,327.8,23.200000000000003,-11.200000000000001
10040,177314.0,False,326.90000000000003,23.6,-11.3
10041,177335.0,False,324.3,24.6,-11.3
10042,177351.0,False,323.5,24.900000000000002,-11.4
10043,177368.0,False,322.20000000000005,25.6,-11.600000000000001
10044,177380.0,False,321.6,25.8,-11.8
10045,177396.0,False,320.70000000000005,26.200000000000003,-12.4
10046,177420.0,False,320.20000000000005,26.3,-13.4
10047,177430.0,False,320.20000000000005,26.200000000000003,-14.100000000000001
10048,177446.0,False,320.40000000000003,25.8,-15.9
10049,177468.0,False,321.0,25.200000000000003,-18.2
10050,177480.0,False,321.40000000000003,24.700000000000003,-19.400000000000002
10051,177496.0,False,321.90000000000003,23.700000000000003,-21.900000000000002
10052,177513.0,False,322.1,23.1,-22.900000000000002
10053,177532.0,False,322.1,21.8,-24.3
10054,177547.0,False,321.8,20.8,-24.1
10055,177570.0,False,321.70000000000005,20.3,-23.400000000000002
10056,177580.0,False,321.8,19.700000000000003,-21.200000000000003
10057,177596.0,False,322.1,19.400000000000002,-20.1
10058,177617.0,False,323.70000000000005,18.7,-18.0
10059,177629.0,False,324.40000000000003,18.5,-17.8
10060,177647.0,False,325.0,18.2,-17.8
10061,177677.0,False,326.5,17.2,-17.8
10062,177680.0,False,326.8,16.8,-17.6
10063,177696.0,False,327.1,16.5,-17.2
10064,177713.0,False,327.8,15.8,-15.8
10065,177729.0,False,328.8,15.3,-13.9
10066,177746.0,False,329.40000000000003,15.100000000000001,-12.9
10067,177763.0,False,330.70000000000005,14.9,-11.200000000000001
10068,177780.0,False,332.40000000000003,15.200000000000001,-9.9
10069,177798.0,False,333.3,15.4,-9.600000000000001
10070,177817.0,False,335.20000000000005,15.700000000000001,-9.3
10071,177834.0,False,337.3,15.9,-9.700000000000001
10072,177854.0,False,339.3,16.3,-11.100000000000001
10073,177863.0,False,340.1,16.8,-11.700000000000001
10074,177881.0,False,341.40000000000003,18.1,-12.100000000000001
10075,177898.0,False,341.90000000000003,19.0,-11.9
10076,177913.0,False,342.8,21.0,-10.8
10077,177931.0,False,343.90000000000003,23.200000000000003,-9.4
10078,177956.0,False,345.40000000000003,25.5,-8.3
10079,177963.0,False,346.3,26.6,-7.800000000000001
10080,177979.0,False,348.3,29.0,-6.9
10081,177996.0,False,349.5,30.200000000000003,-6.5
10082,178017.0,False,351.90000000000003,32.5,-6.0
10083,178034.0,False,354.40000000000003,34.6,-5.4
10084,178047.0,False,355.5,35.4,-5.1000000000000005
10085,178068.0,False,357.40000000000003,36.7,-4.5
10086,178080.0,False,358.0,37.1,-4.1000000000000005
10087,178096.0,False,358.70000000000005,37.7,-3.3000000000000003
10088,178115.0,False,358.8,37.9,-2.2
10089,178133.0,False,358.5,38.1,-0.9
10090,178147.0,False,358.40000000000003,38.2,-0.2
10091,178170.0,False,358.20000000000005,38.400000000000006,1.2000000000000002
10092,178180.0,False,358.1,38.400000000000006,1.7000000000000002
10093,178199.0,False,357.8,38.1,2.6
10094,178216.0,False,357.5,37.300000000000004,3.2
10095,178233.0,False,357.0,35.7,3.9000000000000004
10096,178247.0,False,356.8,34.7,4.3
10097,178273.0,False,356.5,31.0,5.800000000000001
10098,178301.0,False,357.1,28.400000000000002,6.800000000000001
10099,178316.0,False,358.40000000000003,25.900000000000002,7.0
10100,178330.0,False,359.20000000000005,24.700000000000003,6.9
10101,178346.0,False,0.4,22.900000000000002,6.800000000000001
10102,178366.0,False,1.6,21.8,7.4
10103,178380.0,False,2.3000000000000003,21.5,8.0
10104,178396.0,False,3.5,21.400000000000002,9.200000000000001
10105,178414.0,False,4.6000000000000005,21.8,10.100000000000001
10106,178430.0,False,5.2,22.200000000000003,10.5
10107,178447.0,False,6.1000000000000005,23.3,10.700000000000001
10108,178464.0,False,6.6000000000000005,24.8,10.4
10109,178481.0,False,6.800000000000001,25.5,10.100000000000001
10110,178497.0,False,7.0,26.900000000000002,9.4
10111,178513.0,False,7.1000000000000005,27.5,8.9
10112,178529.0,False,7.0,28.5,8.0
10113,178549.0,False,6.9,29.200000000000003,7.1000000000000005
10114,178566.0,False,6.800000000000001,29.400000000000002,6.7
10115,178580.0,False,6.5,29.400000000000002,6.2
10116,178599.0,False,5.9,28.900000000000002,5.800000000000001
10117,178613.0,False,5.5,28.5,5.6000000000000005
10118,178630.0,False,4.5,27.5,5.4
10119,178648.0,False,3.3000000000000003,26.1,5.4
10120,178663.0,False,2.6,25.400000000000002,5.5
10121,178680.0,False,1.3,23.8,5.7
10122,178702.0,False,0.2,22.1,5.9
10123,178713.0,False,359.90000000000003,21.3,5.9
10124,178730.0,False,359.6,19.700000000000003,5.5
10125,178746.0,False,359.90000000000003,18.0,4.7
10126,178763.0,False,0.30000000000000004,17.3,4.2
10127,178779.0,False,1.2000000000000002,16.2,3.4000000000000004
10128,178796.0,False,1.7000000000000002,16.0,3.2
10129,178813.0,False,2.9000000000000004,16.2,3.3000000000000003
10130,178830.0,False,4.2,17.0,3.5
10131,178847.0,False,4.9,17.400000000000002,3.6
10132,178866.0,False,6.300000000000001,18.2,3.5
10133,178880.0,False,7.800000000000001,18.900000000000002,2.9000000000000004
10134,178897.0,False,8.5,19.200000000000003,2.4000000000000004
10135,178913.0,False,9.700000000000001,19.8,1.6
10136,178931.0,False,10.9,20.5,1.1
10137,178946.0,False,11.4,20.8,1.0
10138,178980.0,False,12.700000000000001,21.6,1.1
10139,178981.0,False,13.100000000000001,21.900000000000002,1.2000000000000002
10140,178996.0,False,13.5,22.1,1.4000000000000001
10141,179013.0,False,14.5,22.5,1.6
10142,179029.0,False,15.700000000000001,22.900000000000002,1.7000000000000002
10143,179049.0,False,17.2,23.0,1.6
10144,179063.0,False,18.0,23.0,1.4000000000000001
10145,179080.0,False,19.8,22.700000000000003,1.1
10146,179096.0,False,20.6,22.5,0.8
10147,179113.0,False,22.400000000000002,22.200000000000003,0.4
10148,179129.0,False,24.1,22.5,0.0
10149,179146.0,False,24.900000000000002,22.8,-0.1
10150,179163.0,False,26.5,23.6,-0.1
10151,179179.0,False,28.0,24.6,0.0
10152,179196.0,False,28.900000000000002,25.200000000000003,0.2
10153,179215.0,False,30.5,26.200000000000003,0.5
10154,179234.0,False,32.2,27.1,0.8
10155,179246.0,False,33.1,27.5,1.0
10156,179263.0,False,34.6,28.3,1.2000000000000002
10157,179284.0,False,35.9,29.0,1.4000000000000001
10158,179296.0,False,36.5,29.3,1.5
10159,179313.0,False,37.7,29.8,1.6
10160,179334.0,False,38.7,30.1,1.6
10161,179352.0,False,39.7,30.200000000000003,1.5
10162,179368.0,False,40.0,30.400000000000002,1.5
10163,179379.0,False,40.300000000000004,30.5,1.5
10164,179396.0,False,40.7,30.8,1.4000000000000001
10165,179415.0,False,40.7,30.900000000000002,1.2000000000000002
10166,179434.0,False,40.5,30.6,1.0
10167,179446.0,False,40.300000000000004,30.3,1.0
10168,179465.0,False,39.7,29.200000000000003,1.1
10169,179484.0,False,39.2,28.0,1.5
10170,179496.0,False,38.900000000000006,27.3,1.8
10171,179515.0,False,38.5,25.900000000000002,2.4000000000000004
10172,179534.0,False,38.300000000000004,24.5,2.7
10173,179546.0,False,38.400000000000006,23.8,2.8000000000000003
10174,179565.0,False,39.2,23.0,2.4000000000000004
10175,179581.0,False,39.800000000000004,22.8,2.1
10176,179604.0,False,42.0,23.700000000000003,1.0
10177,179630.0,False,43.400000000000006,25.1,0.0
10178,179646.0,False,44.6,26.8,-1.0
10179,179669.0,False,45.6,28.3,-2.0
10180,179685.0,False,46.400000000000006,29.6,-2.8000000000000003
10181,179698.0,False,46.7,30.0,-3.1
10182,179713.0,False,47.2,30.700000000000003,-3.7
10183,179729.0,False,47.400000000000006,31.0,-4.0
10184,179749.0,False,47.5,31.400000000000002,-4.3
10185,179763.0,False,47.5,31.6,-4.5
10186,179784.0,False,46.7,31.6,-4.5
10187,179796.0,False,46.300000000000004,31.400000000000002,-4.4
10188,179813.0,False,45.900000000000006,31.200000000000003,-4.2
10189,179832.0,False,45.0,30.5,-3.8000000000000003
10190,179856.0,False,43.900000000000006,29.0,-3.3000000000000003
10191,179884.0,False,43.2,27.8,-3.2
10192,179901.0,False,42.800000000000004,26.6,-3.2
10193,179916.0,False,42.7,25.700000000000003,-3.3000000000000003
10194,179934.0,False,42.800000000000004,25.3,-3.4000000000000004
10195,179951.0,False,43.300000000000004,24.700000000000003,-3.7
10196,179965.0,False,43.7,24.5,-3.9000000000000004
10197,179979.0,False,44.800000000000004,24.200000000000003,-4.5
10198,179996.0,False,45.900000000000006,23.900000000000002,-5.300000000000001
10199,180014.0,False,46.5,23.900000000000002,-5.5
10200,180029.0,False,47.5,24.200000000000003,-5.7
10201,180046.0,False,48.0,24.5,-5.6000000000000005
10202,180073.0,False,49.5,25.400000000000002,-5.5
10203,180087.0,False,50.400000000000006,25.700000000000003,-5.5
10204,180100.0,False,50.800000000000004,25.900000000000002,-5.6000000000000005
10205,180113.0,False,51.1,26.0,-5.6000000000000005
10206,180129.0,False,51.7,26.200000000000003,-5.9
10207,180233.0,False,53.2,28.8,-4.9
10208,180249.0,False,53.400000000000006,29.0,-4.5
10209,180263.0,False,53.900000000000006,29.0,-3.7
10210,180279.0,False,54.6,28.8,-3.1
10211,180300.0,False,55.5,28.3,-2.8000000000000003
10212,180314.0,False,56.0,28.0,-2.7
10213,180329.0,False,56.900000000000006,27.5,-2.6
10214,180357.0,False,57.900000000000006,27.400000000000002,-2.5
10215,180362.0,False,58.400000000000006,27.6,-2.3000000000000003
10216,180381.0,False,59.5,28.0,-1.9000000000000001
10217,180396.0,False,60.1,28.200000000000003,-1.7000000000000002
10218,180413.0,False,61.400000000000006,28.700000000000003,-1.3
10219,180429.0,False,62.7,29.1,-0.9
10220,180456.0,False,63.900000000000006,29.700000000000003,-0.6000000000000001
10221,180464.0,False,64.5,29.900000000000002,-0.5
10222,180479.0,False,65.7,30.5,-0.4
10223,180498.0,False,66.3,30.700000000000003,-0.4
10224,180513.0,False,67.3,31.200000000000003,-0.5
10225,180531.0,False,68.3,31.5,-0.7000000000000001
10226,180546.0,False,68.8,31.6,-0.8
10227,180563.0,False,69.60000000000001,31.900000000000002,-1.2000000000000002
10228,180580.0,False,70.3,32.4,-1.8
10229,180597.0,False,70.7,32.7,-2.1
10230,180613.0,False,71.3,33.300000000000004,-3.1
10231,180633.0,False,71.9,33.6,-4.3
10232,180646.0,False,72.10000000000001,33.5,-4.9
10233,180665.0,False,72.2,33.0,-5.7
10234,180682.0,False,72.10000000000001,32.6,-6.0
10235,180696.0,False,71.7,31.700000000000003,-6.1000000000000005
10236,180713.0,False,71.10000000000001,30.700000000000003,-6.0
10237,180735.0,False,70.5,29.5,-5.9
10238,180750.0,False,70.2,28.8,-5.800000000000001
10239,180766.0,False,69.4,27.3,-5.800000000000001
10240,180779.0,False,68.9,26.5,-5.800000000000001
10241,180796.0,False,68.0,25.3,-5.7
10242,180814.0,False,67.2,24.5,-5.300000000000001
10243,180829.0,False,66.9,24.400000000000002,-5.0
10244,180846.0,False,66.4,24.5,-4.3
10245,180874.0,False,66.0,25.0,-3.4000000000000004
10246,180896.0,False,65.9,25.200000000000003,-3.1
10247,180930.0,False,65.9,25.3,-3.2
10248,180946.0,False,66.0,25.400000000000002,-3.5
10249,180968.0,False,66.10000000000001,25.5,-3.8000000000000003
10250,180983.0,False,66.2,25.6,-3.9000000000000004
10251,180996.0,False,66.2,25.8,-4.2
10252,181018.0,False,66.3,26.0,-4.2
10253,181030.0,False,66.3,26.1,-4.2
10254,181046.0,False,66.5,26.1,-4.3
10255,181062.0,False,66.7,26.0,-4.3
10256,181081.0,False,67.0,25.700000000000003,-4.6000000000000005
10257,181096.0,False,67.2,25.200000000000003,-4.800000000000001
10258,181114.0,False,67.4,24.5,-5.1000000000000005
10259,181131.0,False,67.5,24.200000000000003,-5.2
10260,181146.0,False,67.9,23.8,-5.300000000000001
10261,181169.0,False,68.5,23.8,-5.300000000000001
10262,181182.0,False,69.0,23.700000000000003,-5.300000000000001
10263,181197.0,False,70.10000000000001,23.700000000000003,-5.300000000000001
10264,181216.0,False,71.3,23.6,-5.2
10265,181233.0,False,71.8,23.6,-5.1000000000000005
10266,181247.0,False,72.9,23.8,-4.6000000000000005
10267,181263.0,False,73.5,23.8,-4.3
10268,181280.0,False,74.7,23.900000000000002,-3.7
10269,181296.0,False,75.9,24.1,-3.0
10270,181313.0,False,76.5,24.200000000000003,-2.8000000000000003
10271,181332.0,False,77.60000000000001,24.6,-2.5
10272,181348.0,False,78.7,25.1,-2.5
10273,181372.0,False,79.80000000000001,25.8,-2.5
10274,181380.0,False,80.30000000000001,26.200000000000003,-2.5
10275,181396.0,False,80.80000000000001,26.700000000000003,-2.5
10276,181412.0,False,81.80000000000001,27.400000000000002,-2.3000000000000003
10277,181437.0,False,83.4,27.700000000000003,-2.0
10278,181463.0,False,84.60000000000001,27.400000000000002,-2.1
10279,181480.0,False,85.80000000000001,27.0,-2.3000000000000003
10280,181499.0,False,87.0,26.700000000000003,-2.6
10281,181512.0,False,87.60000000000001,26.6,-2.8000000000000003
10282,181532.0,False,88.7,26.6,-3.1
10283,181546.0,False,89.2,26.700000000000003,-3.1
10284,181565.0,False,90.0,26.900000000000002,-2.7
10285,181580.0,False,90.7,27.200000000000003,-1.8
10286,181597.0,False,91.10000000000001,27.400000000000002,-1.2000000000000002
10287,181612.0,False,92.0,27.5,-0.2
10288,181630.0,False,93.0,27.6,0.7000000000000001
10289,181647.0,False,93.60000000000001,27.700000000000003,1.1
10290,181664.0,False,94.60000000000001,27.8,1.6
10291,181685.0,False,95.4,27.8,1.9000000000000001
10292,181696.0,False,95.80000000000001,27.8,2.1
10293,181719.0,False,96.5,27.900000000000002,3.2
10294,181732.0,False,96.60000000000001,27.900000000000002,3.8000000000000003
10295,181746.0,False,96.80000000000001,27.900000000000002,4.5
10296,181780.0,False,97.2,27.700000000000003,6.7
10297,181796.0,False,97.4,27.5,7.800000000000001
10298,181813.0,False,97.30000000000001,27.3,8.4
10299,181833.0,False,97.2,27.0,8.6
10300,181846.0,False,97.10000000000001,26.8,8.6
10301,181873.0,False,96.60000000000001,26.200000000000003,8.200000000000001
10302,181885.0,False,96.5,26.0,8.1
10303,181896.0,False,96.30000000000001,25.8,8.1
10304,181913.0,False,96.2,25.8,8.1
10305,181930.0,False,96.10000000000001,25.900000000000002,8.0
10306,181947.0,False,96.2,26.200000000000003,7.800000000000001
10307,181969.0,False,96.30000000000001,26.400000000000002,7.4
10308,181985.0,False,96.30000000000001,26.400000000000002,7.1000000000000005
10309,181996.0,False,96.4,26.3,6.2
10310,182012.0,False,96.30000000000001,26.1,5.2
10311,182034.0,False,95.80000000000001,25.900000000000002,4.3
10312,182070.0,False,94.7,26.3,3.6
10313,182083.0,False,93.80000000000001,27.1,3.6
10314,182097.0,False,93.30000000000001,27.5,3.7
10315,182113.0,False,92.5,28.200000000000003,4.1000000000000005
10316,182129.0,False,92.10000000000001,28.5,4.2
10317,182146.0,False,91.4,28.700000000000003,4.5
10318,182174.0,False,90.5,28.400000000000002,4.4
10319,182185.0,False,90.2,28.200000000000003,4.3
10320,182196.0,False,89.9,28.0,4.1000000000000005
10321,182214.0,False,89.2,27.700000000000003,3.8000000000000003
10322,182229.0,False,88.9,27.6,3.7
10323,182246.0,False,88.2,27.400000000000002,3.6
10324,182262.0,False,87.80000000000001,27.400000000000002,3.5
10325,182279.0,False,87.10000000000001,27.200000000000003,3.4000000000000004
10326,182296.0,False,86.7,27.0,3.1
10327,182316.0,False,86.4,26.5,2.7
10328,182332.0,False,86.30000000000001,26.200000000000003,2.4000000000000004
10329,182355.0,False,86.2,25.0,1.4000000000000001
10330,182368.0,False,86.30000000000001,24.700000000000003,0.9
10331,182379.0,False,86.4,24.400000000000002,0.4
10332,182396.0,False,86.60000000000001,24.200000000000003,-0.30000000000000004
10333,182413.0,False,87.2,24.200000000000003,-1.9000000000000001
10334,182429.0,False,87.9,24.5,-3.6
10335,182448.0,False,88.60000000000001,24.900000000000002,-4.9
10336,182462.0,False,88.9,25.1,-5.4
10337,182480.0,False,89.30000000000001,25.200000000000003,-5.7
10338,182496.0,False,89.4,25.200000000000003,-5.300000000000001
10339,182513.0,False,89.4,25.200000000000003,-4.800000000000001
10340,182532.0,False,89.30000000000001,25.3,-3.6
10341,182547.0,False,89.30000000000001,25.700000000000003,-2.2
10342,182570.0,False,89.5,25.900000000000002,-0.8
10343,182585.0,False,89.60000000000001,25.900000000000002,-0.30000000000000004
10344,182600.0,False,90.0,25.6,0.6000000000000001
10345,182614.0,False,90.2,25.400000000000002,0.9
10346,182633.0,False,90.60000000000001,24.8,0.9
10347,182646.0,False,90.80000000000001,24.5,0.9
10348,182682.0,False,91.0,24.6,1.1
10349,182702.0,False,91.30000000000001,25.0,0.8
10350,182717.0,False,91.5,25.3,0.5
10351,182729.0,False,92.4,26.200000000000003,-0.8
10352,182748.0,False,92.9,26.700000000000003,-1.6
10353,182767.0,False,94.10000000000001,27.8,-3.2
10354,182779.0,False,95.4,28.700000000000003,-4.6000000000000005
10355,182800.0,False,96.7,29.400000000000002,-5.6000000000000005
10356,182814.0,False,97.30000000000001,29.5,-5.9
10357,182830.0,False,98.4,29.6,-6.300000000000001
10358,182846.0,False,99.0,29.5,-6.4
10359,182872.0,False,100.4,28.700000000000003,-6.300000000000001
10360,182880.0,False,100.7,28.5,-6.2
10361,182896.0,False,101.0,28.200000000000003,-6.1000000000000005
10362,182913.0,False,101.5,28.0,-5.800000000000001
10363,182931.0,False,102.0,27.900000000000002,-5.5
10364,182947.0,False,102.30000000000001,27.900000000000002,-5.4
10365,182970.0,False,103.30000000000001,27.6,-5.300000000000001
10366,182981.0,False,103.60000000000001,27.400000000000002,-5.2
10367,182996.0,False,103.9,27.200000000000003,-5.300000000000001
10368,183012.0,False,104.60000000000001,26.700000000000003,-5.300000000000001
10369,183032.0,False,105.10000000000001,26.200000000000003,-5.300000000000001
10370,183046.0,False,105.30000000000001,25.900000000000002,-5.300000000000001
10371,183062.0,False,105.80000000000001,25.3,-5.4
10372,183079.0,False,106.0,25.0,-5.4
10373,183096.0,False,106.4,24.3,-5.5
10374,183113.0,False,107.10000000000001,23.8,-5.5
10375,183129.0,False,107.5,23.700000000000003,-5.6000000000000005
10376,183149.0,False,108.60000000000001,23.8,-6.0
10377,183173.0,False,110.4,25.1,-6.9
10378,183188.0,False,111.0,25.700000000000003,-7.2
10379,183197.0,False,111.60000000000001,26.400000000000002,-7.4
10380,183213.0,False,112.80000000000001,27.5,-7.800000000000001
10381,183229.0,False,113.4,28.0,-8.0
10382,183251.0,False,114.30000000000001,28.700000000000003,-8.1
10383,183272.0,False,114.80000000000001,29.1,-7.5
10384,183303.0,False,114.5,28.700000000000003,-6.1000000000000005
10385,183314.0,False,114.4,28.200000000000003,-5.7
10386,183330.0,False,114.4,27.700000000000003,-5.4
10387,183346.0,False,114.2,26.1,-5.1000000000000005
10388,183371.0,False,114.2,24.5,-4.800000000000001
10389,183380.0,False,114.10000000000001,23.900000000000002,-4.6000000000000005
10390,183396.0,False,114.0,22.900000000000002,-4.0
10391,183414.0,False,113.9,22.700000000000003,-3.1
10392,183431.0,False,114.0,22.8,-2.6
10393,183451.0,False,114.10000000000001,23.200000000000003,-1.9000000000000001
10394,183480.0,False,114.7,24.1,-0.9
10395,183496.0,False,115.4,24.8,-0.5
10396,183516.0,False,116.10000000000001,25.3,-0.5
10397,183538.0,False,116.80000000000001,25.700000000000003,-0.8
10398,183546.0,False,117.10000000000001,25.8,-0.9
10399,183570.0,False,117.30000000000001,25.900000000000002,-1.0
10400,183580.0,False,117.60000000000001,26.200000000000003,-1.1
10401,183596.0,False,117.80000000000001,26.400000000000002,-1.1
10402,183637.0,False,118.10000000000001,26.5,-1.3
10403,183650.0,False,118.10000000000001,26.3,-1.4000000000000001
10404,183672.0,False,118.2,25.700000000000003,-2.0
10405,183679.0,False,118.2,25.200000000000003,-2.3000000000000003
10406,183696.0,False,118.10000000000001,24.1,-3.0
10407,183712.0,False,117.9,23.5,-3.3000000000000003
10408,183734.0,False,117.60000000000001,22.1,-3.8000000000000003
10409,183747.0,False,117.4,21.5,-3.9000000000000004
10410,183762.0,False,117.10000000000001,20.6,-3.9000000000000004
10411,183780.0,False,117.2,20.3,-3.8000000000000003
10412,183796.0,False,117.30000000000001,20.200000000000003,-3.8000000000000003
10413,183813.0,False,117.7,20.1,-3.7
10414,183829.0,False,118.0,20.0,-3.7
10415,183847.0,False,118.0,20.1,-3.6
10416,183863.0,False,118.0,20.400000000000002,-3.3000000000000003
10417,183879.0,False,117.9,21.1,-2.9000000000000004
10418,183898.0,False,117.80000000000001,21.700000000000003,-2.5
10419,183913.0,False,117.80000000000001,21.900000000000002,-2.4000000000000004
10420,183937.0,False,117.9,22.8,-3.3000000000000003
10421,183951.0,False,117.9,23.200000000000003,-3.9000000000000004
10422,183962.0,False,117.80000000000001,23.6,-4.6000000000000005
10423,183980.0,False,117.60000000000001,24.5,-6.5
10424,183996.0,False,117.4,24.8,-7.5
10425,184016.0,False,116.7,25.3,-9.5
10426,184031.0,False,115.60000000000001,25.400000000000002,-10.9
10427,184046.0,False,115.0,25.400000000000002,-11.4
10428,184063.0,False,113.60000000000001,25.400000000000002,-11.700000000000001
10429,184087.0,False,112.4,25.6,-11.5
10430,184096.0,False,111.9,25.700000000000003,-11.200000000000001
10431,184115.0,False,111.2,25.900000000000002,-10.600000000000001
10432,184130.0,False,110.9,25.8,-9.700000000000001
10433,184146.0,False,110.9,25.700000000000003,-9.200000000000001
10434,184177.0,False,111.30000000000001,25.5,-7.7
10435,184182.0,False,111.60000000000001,25.6,-7.300000000000001
10436,184198.0,False,111.9,25.700000000000003,-6.9
10437,184212.0,False,112.60000000000001,26.1,-6.2
10438,184229.0,False,113.0,26.400000000000002,-5.9
10439,184247.0,False,113.80000000000001,27.1,-5.4
10440,184265.0,False,114.80000000000001,27.8,-5.0
10441,184280.0,False,115.4,28.200000000000003,-4.9
10442,184302.0,False,117.2,28.8,-4.6000000000000005
10443,184313.0,False,117.80000000000001,29.0,-4.4
10444,184332.0,False,118.4,29.200000000000003,-4.2
10445,184346.0,False,119.5,29.5,-3.8000000000000003
10446,184365.0,False,120.60000000000001,29.6,-3.5
10447,184379.0,False,121.2,29.700000000000003,-3.3000000000000003
10448,184396.0,False,122.30000000000001,29.700000000000003,-3.2
10449,184412.0,False,122.9,29.700000000000003,-3.2
10450,184429.0,False,124.10000000000001,29.8,-3.3000000000000003
10451,184448.0,False,125.2,29.8,-3.6
10452,184463.0,False,126.10000000000001,29.6,-3.8000000000000003
10453,184479.0,False,126.4,29.6,-3.8000000000000003
10454,184500.0,False,127.10000000000001,29.400000000000002,-3.4000000000000004
10455,184522.0,False,128.3,29.200000000000003,-2.7
10456,184546.0,False,129.4,28.8,-2.5
10457,184566.0,False,130.8,28.0,-2.8000000000000003
10458,184579.0,False,131.5,27.6,-3.0
10459,184596.0,False,132.8,26.6,-3.6
10460,184615.0,False,134.0,25.400000000000002,-4.0
10461,184629.0,False,134.4,24.8,-4.1000000000000005
10462,184646.0,False,135.20000000000002,23.5,-3.9000000000000004
10463,184664.0,False,135.5,22.8,-3.6
10464,184682.0,False,136.0,21.6,-2.6
10465,184696.0,False,136.5,20.8,-1.3
10466,184712.0,False,136.70000000000002,20.6,-0.6000000000000001
10467,184729.0,False,136.8,20.6,0.8
10468,184749.0,False,136.70000000000002,20.900000000000002,1.9000000000000001
10469,184770.0,False,136.5,21.5,2.6
10470,184782.0,False,136.3,21.8,2.8000000000000003
10471,184796.0,False,136.0,22.400000000000002,3.0
10472,184812.0,False,135.70000000000002,22.700000000000003,3.1
10473,184835.0,False,134.8,23.200000000000003,3.3000000000000003
10474,184849.0,False,134.5,23.3,3.5
10475,184863.0,False,134.20000000000002,23.3,3.6
10476,184881.0,False,133.8,23.5,3.9000000000000004
10477,184904.0,False,133.5,23.8,4.0
10478,184913.0,False,133.5,24.0,4.0
10479,184929.0,False,133.5,24.5,3.6
10480,184946.0,False,133.5,24.700000000000003,3.2
10481,184969.0,False,133.8,25.200000000000003,1.5
10482,184979.0,False,133.9,25.400000000000002,0.8
10483,184997.0,False,134.3,25.6,-0.5
10484,185012.0,False,134.5,25.700000000000003,-1.2000000000000002
10485,185029.0,False,135.20000000000002,25.6,-2.5
10486,185046.0,False,135.5,25.5,-3.2
10487,185075.0,False,136.9,25.700000000000003,-4.6000000000000005
10488,185085.0,False,137.4,25.900000000000002,-4.9
10489,185102.0,False,138.5,26.5,-5.6000000000000005
10490,185120.0,False,139.70000000000002,26.900000000000002,-6.5
10491,185131.0,False,140.20000000000002,27.1,-7.0
10492,185146.0,False,140.70000000000002,27.3,-7.5
10493,185162.0,False,141.5,28.0,-8.4
10494,185181.0,False,142.3,29.0,-9.4
10495,185197.0,False,142.8,29.400000000000002,-9.9
10496,185214.0,False,143.8,29.900000000000002,-11.0
10497,185230.0,False,144.9,30.0,-12.0
10498,185248.0,False,145.4,29.900000000000002,-12.5
10499,185264.0,False,146.4,29.5,-13.4
10500,185283.0,False,147.3,28.700000000000003,-14.200000000000001
10501,185301.0,False,147.8,27.8,-14.600000000000001
10502,185314.0,False,148.0,27.400000000000002,-14.700000000000001
10503,185331.0,False,148.4,26.8,-14.5
10504,185347.0,False,148.70000000000002,26.6,-14.3
10505,185367.0,False,149.5,26.400000000000002,-13.700000000000001
10506,185383.0,False,150.6,26.3,-13.0
10507,185400.0,False,151.20000000000002,26.400000000000002,-12.600000000000001
10508,185412.0,False,152.8,26.400000000000002,-11.9
10509,185431.0,False,154.70000000000002,26.400000000000002,-11.3
10510,185446.0,False,155.70000000000002,26.400000000000002,-11.100000000000001
10511,185463.0,False,157.70000000000002,26.6,-10.9
10512,185481.0,False,159.70000000000002,27.200000000000003,-10.9
10513,185497.0,False,160.60000000000002,27.700000000000003,-10.8
10514,185512.0,False,162.3,28.700000000000003,-10.700000000000001
10515,185530.0,False,163.20000000000002,29.1,-10.600000000000001
10516,185550.0,False,164.8,30.1,-10.100000000000001
10517,185562.0,False,166.3,31.0,-9.4
10518,185579.0,False,167.0,31.400000000000002,-9.0
10519,185596.0,False,168.4,32.1,-8.1
10520,185617.0,False,169.9,32.6,-7.5
10521,185634.0,False,171.20000000000002,33.2,-7.2
10522,185650.0,False,171.70000000000002,33.5,-7.1000000000000005
10523,185663.0,False,172.4,34.0,-7.1000000000000005
10524,185679.0,False,172.60000000000002,34.300000000000004,-7.1000000000000005
10525,185696.0,False,172.60000000000002,34.9,-7.0
10526,185713.0,False,172.20000000000002,35.6,-6.5
10527,185729.0,False,171.9,35.800000000000004,-6.1000000000000005
10528,185751.0,False,171.3,36.2,-5.0
10529,185772.0,False,171.0,36.300000000000004,-3.9000000000000004
10530,185779.0,False,170.9,36.2,-3.4000000000000004
10531,185798.0,False,171.0,35.800000000000004,-3.0
10532,185815.0,False,171.10000000000002,35.1,-3.0
10533,185830.0,False,171.20000000000002,34.7,-3.0
10534,185848.0,False,171.3,34.0,-3.1
10535,185869.0,False,171.3,33.5,-3.2
10536,185879.0,False,171.3,33.300000000000004,-3.1
10537,185896.0,False,171.3,33.0,-3.1
10538,185929.0,False,171.20000000000002,33.1,-3.1
10539,185946.0,False,171.10000000000002,33.6,-3.2
10540,185963.0,False,171.0,34.0,-3.2
10541,185979.0,False,170.8,34.800000000000004,-3.4000000000000004
10542,185999.0,False,170.5,35.7,-3.3000000000000003
10543,186012.0,False,170.4,36.1,-3.2
10544,186029.0,False,170.0,36.9,-3.0
10545,186050.0,False,169.5,37.300000000000004,-2.7
10546,186079.0,False,169.20000000000002,37.2,-3.0
10547,186096.0,False,169.70000000000002,36.9,-4.0
10548,186118.0,False,170.9,36.9,-6.0
10549,186131.0,False,171.70000000000002,37.0,-7.300000000000001
10550,186146.0,False,173.4,37.9,-10.4
10551,186162.0,False,174.20000000000002,38.5,-12.100000000000001
10552,186179.0,False,175.4,40.1,-15.9
10553,186197.0,False,176.20000000000002,41.6,-19.700000000000003
10554,186213.0,False,176.5,42.300000000000004,-21.5
10555,186233.0,False,176.9,43.2,-24.8
10556,186248.0,False,177.10000000000002,43.7,-27.5
10557,186264.0,False,177.20000000000002,43.800000000000004,-28.700000000000003
10558,186279.0,False,177.10000000000002,44.300000000000004,-31.200000000000003
10559,186296.0,False,176.8,44.7,-32.6
10560,186313.0,False,175.70000000000002,45.800000000000004,-35.1
10561,186329.0,False,173.60000000000002,47.0,-36.6
10562,186347.0,False,172.10000000000002,47.5,-36.6
10563,186371.0,False,166.8,48.1,-33.800000000000004
10564,186380.0,False,165.0,48.2,-32.2
10565,186397.0,False,161.9,48.300000000000004,-28.8
10566,186413.0,False,160.70000000000002,48.400000000000006,-27.200000000000003
10567,186429.0,False,158.9,48.800000000000004,-24.400000000000002
10568,186449.0,False,158.5,49.0,-23.400000000000002
10569,186462.0,False,158.4,49.5,-22.3
10570,186483.0,False,159.0,49.900000000000006,-22.200000000000003
10571,186496.0,False,159.4,50.0,-22.400000000000002
10572,186516.0,False,160.4,50.1,-23.1
10573,186530.0,False,161.5,49.7,-23.900000000000002
10574,186546.0,False,162.0,49.5,-24.3
10575,186570.0,False,163.4,48.5,-24.8
10576,186583.0,False,164.0,48.300000000000004,-24.700000000000003
10577,186601.0,False,165.8,48.1,-24.3
10578,186612.0,False,166.9,48.2,-24.1
10579,186629.0,False,169.60000000000002,48.5,-23.8
10580,186655.0,False,172.3,49.300000000000004,-23.400000000000002
10581,186663.0,False,173.60000000000002,49.7,-23.1
10582,186681.0,False,175.8,50.2,-21.900000000000002
10583,186696.0,False,176.70000000000002,50.2,-21.1
10584,186713.0,False,178.3,49.900000000000006,-19.200000000000003
10585,186729.0,False,178.8,49.6,-18.1
10586,186748.0,False,179.0,49.0,-15.4
10587,186765.0,False,178.5,48.2,-12.100000000000001
10588,186779.0,False,178.3,47.7,-10.3
10589,186796.0,False,178.3,46.6,-7.300000000000001
10590,186812.0,False,178.70000000000002,45.400000000000006,-4.9
10591,186830.0,False,179.10000000000002,44.800000000000004,-4.0
10592,186850.0,False,180.0,43.6,-2.6
10593,186873.0,False,181.4,42.300000000000004,-1.4000000000000001
10594,186896.0,False,182.3,41.5,-1.3
10595,186914.0,False,183.20000000000002,40.900000000000006,-1.4000000000000001
10596,186929.0,False,183.70000000000002,40.6,-1.6
10597,186952.0,False,185.20000000000002,40.5,-2.3000000000000003
10598,186979.0,False,186.0,40.7,-2.7
10599,186997.0,False,186.70000000000002,40.900000000000006,-2.8000000000000003
10600,187015.0,False,187.3,40.900000000000006,-2.8000000000000003
10601,187034.0,False,187.8,40.900000000000006,-2.5
10602,187048.0,False,188.0,40.800000000000004,-2.4000000000000004
10603,187068.0,False,188.5,40.6,-2.4000000000000004
10604,187082.0,False,188.70000000000002,40.5,-2.3000000000000003
10605,187096.0,False,189.3,40.0,-2.1
10606,187113.0,False,189.5,39.7,-2.0
10607,187150.0,False,190.8,37.6,-2.1
10608,187172.0,False,191.5,36.9,-2.4000000000000004
10609,187179.0,False,191.70000000000002,36.7,-2.5
10610,187198.0,False,192.4,36.800000000000004,-3.1
10611,187212.0,False,192.8,37.0,-3.5
10612,187229.0,False,193.70000000000002,37.7,-4.4
10613,187248.0,False,194.5,38.400000000000006,-5.2
10614,187263.0,False,194.8,38.7,-5.5
10615,187282.0,False,195.20000000000002,38.800000000000004,-5.9
10616,187296.0,False,195.5,38.5,-6.1000000000000005
10617,187316.0,False,195.60000000000002,37.9,-6.2
10618,187331.0,False,195.60000000000002,37.6,-6.2
10619,187346.0,False,195.70000000000002,37.1,-6.300000000000001
10620,187362.0,False,195.70000000000002,37.0,-6.5
10621,187379.0,False,195.8,36.9,-7.1000000000000005
10622,187398.0,False,195.70000000000002,36.9,-7.5
10623,187414.0,False,195.4,37.2,-8.200000000000001
10624,187429.0,False,195.0,37.6,-8.9
10625,187446.0,False,194.8,37.800000000000004,-9.200000000000001
10626,187469.0,False,194.10000000000002,37.9,-9.8
10627,187483.0,False,193.8,37.9,-9.8
10628,187498.0,False,193.20000000000002,37.7,-9.600000000000001
10629,187512.0,False,192.9,37.7,-9.4
10630,187531.0,False,192.4,37.7,-9.1
10631,187554.0,False,192.20000000000002,37.9,-8.8
10632,187566.0,False,192.20000000000002,38.0,-8.8
10633,187579.0,False,192.20000000000002,38.0,-9.0
10634,187613.0,False,192.20000000000002,37.7,-9.1
10635,187634.0,False,192.10000000000002,37.2,-8.8
10636,187646.0,False,192.10000000000002,36.9,-8.5
10637,187667.0,False,192.0,36.5,-7.7
10638,187682.0,False,192.10000000000002,36.6,-6.800000000000001
10639,187698.0,False,192.20000000000002,36.7,-6.300000000000001
10640,187712.0,False,192.60000000000002,37.300000000000004,-5.7
10641,187732.0,False,193.4,37.800000000000004,-5.300000000000001
10642,187748.0,False,193.9,38.0,-5.2
10643,187764.0,False,195.0,38.6,-5.4
10644,187781.0,False,195.60000000000002,38.900000000000006,-5.6000000000000005
10645,187796.0,False,196.70000000000002,39.5,-6.300000000000001
10646,187813.0,False,197.70000000000002,39.900000000000006,-7.300000000000001
10647,187834.0,False,198.5,40.1,-8.3
10648,187853.0,False,199.10000000000002,40.2,-9.1
10649,187865.0,False,199.4,40.2,-9.4
10650,187879.0,False,199.5,40.2,-9.700000000000001
10651,187896.0,False,199.8,40.1,-9.9
10652,187916.0,False,200.10000000000002,40.2,-10.0
10653,187930.0,False,200.3,40.1,-10.0
10654,187947.0,False,200.8,40.1,-10.100000000000001
10655,187962.0,False,201.70000000000002,40.1,-10.5
10656,187979.0,False,202.20000000000002,40.2,-10.8
10657,187996.0,False,203.60000000000002,40.5,-11.8
10658,188012.0,False,204.9,40.800000000000004,-13.100000000000001
10659,188032.0,False,205.9,40.900000000000006,-14.5
10660,188051.0,False,206.10000000000002,41.0,-15.100000000000001
10661,188065.0,False,205.9,41.1,-16.0
10662,188079.0,False,205.5,41.1,-16.2
10663,188099.0,False,204.5,41.0,-16.2
10664,188116.0,False,203.4,40.7,-15.8
10665,188130.0,False,202.9,40.5,-15.4
10666,188154.0,False,201.8,40.300000000000004,-14.4
10667,188170.0,False,201.60000000000002,40.2,-14.200000000000001
10668,188179.0,False,201.3,40.0,-14.100000000000001
10669,188199.0,False,200.8,39.300000000000004,-14.100000000000001
10670,188217.0,False,200.0,38.1,-14.0
10671,188234.0,False,199.5,37.5,-13.700000000000001
10672,188255.0,False,197.4,36.0,-11.5
10673,188281.0,False,195.8,35.5,-9.700000000000001
10674,188296.0,False,194.4,35.6,-8.3
10675,188315.0,False,193.4,36.1,-7.6000000000000005
10676,188329.0,False,193.20000000000002,36.6,-7.6000000000000005
10677,188347.0,False,193.10000000000002,37.5,-8.0
10678,188365.0,False,193.10000000000002,37.9,-8.3
10679,188385.0,False,193.0,38.900000000000006,-9.1
10680,188396.0,False,192.9,39.1,-9.200000000000001
10681,188424.0,False,192.8,39.400000000000006,-8.9
10682,188435.0,False,193.0,39.800000000000004,-8.200000000000001
10683,188451.0,False,193.20000000000002,40.1,-7.9
10684,188464.0,False,193.5,40.5,-7.6000000000000005
10685,188481.0,False,194.20000000000002,41.300000000000004,-7.2
10686,188495.0,False,194.9,42.300000000000004,-7.2
10687,188514.0,False,195.20000000000002,42.900000000000006,-7.2
10688,188529.0,False,195.70000000000002,43.800000000000004,-7.300000000000001
10689,188550.0,False,196.3,44.5,-7.6000000000000005
10690,188562.0,False,196.60000000000002,44.900000000000006,-7.9
10691,188579.0,False,197.3,45.7,-8.3
10692,188597.0,False,197.8,46.400000000000006,-8.3
10693,188615.0,False,198.10000000000002,46.6,-8.200000000000001
10694,188634.0,False,198.70000000000002,46.7,-7.9
10695,188652.0,False,199.10000000000002,46.5,-7.300000000000001
10696,188667.0,False,199.3,46.300000000000004,-6.800000000000001
10697,188679.0,False,199.4,46.2,-6.5
10698,188696.0,False,199.5,46.1,-6.300000000000001
10699,188712.0,False,200.0,46.0,-5.7
10700,188732.0,False,200.9,45.800000000000004,-5.4
10701,188747.0,False,201.4,45.7,-5.5
10702,188762.0,False,202.4,45.5,-6.1000000000000005
10703,188779.0,False,203.10000000000002,45.400000000000006,-6.6000000000000005
10704,188800.0,False,203.60000000000002,45.400000000000006,-6.9
10705,188814.0,False,203.8,45.5,-6.800000000000001
10706,188830.0,False,204.20000000000002,45.6,-6.4
10707,188846.0,False,204.4,45.7,-6.1000000000000005
10708,188862.0,False,205.10000000000002,45.800000000000004,-5.300000000000001
10709,188881.0,False,205.8,45.900000000000006,-4.4
10710,188896.0,False,206.20000000000002,45.800000000000004,-4.1000000000000005
10711,188912.0,False,207.0,45.6,-3.4000000000000004
10712,188932.0,False,207.8,45.0,-2.7
10713,188946.0,False,208.10000000000002,44.6,-2.4000000000000004
10714,188969.0,False,208.70000000000002,43.6,-1.7000000000000002
10715,188979.0,False,209.0,43.1,-1.3
10716,188996.0,False,209.60000000000002,42.1,-0.6000000000000001
10717,189017.0,False,210.3,41.300000000000004,-0.1
10718,189031.0,False,211.3,40.7,-0.1
10719,189060.0,False,213.70000000000002,40.7,-1.2000000000000002
10720,189082.0,False,214.5,40.900000000000006,-1.9000000000000001
10721,189096.0,False,216.0,41.2,-3.4000000000000004
10722,189112.0,False,217.4,41.5,-5.0
10723,189129.0,False,217.9,41.6,-5.800000000000001
10724,189147.0,False,218.8,41.800000000000004,-7.1000000000000005
10725,189164.0,False,219.5,41.900000000000006,-8.1
10726,189179.0,False,219.70000000000002,42.0,-8.6
10727,189197.0,False,219.8,42.2,-9.1
10728,189214.0,False,219.60000000000002,42.6,-9.1
10729,189232.0,False,219.3,42.7,-9.0
10730,189272.0,False,218.70000000000002,42.0,-9.1
10731,189296.0,False,218.4,41.5,-9.0
10732,189318.0,False,218.0,40.900000000000006,-8.8
10733,189330.0,False,217.8,40.5,-8.6
10734,189346.0,False,217.5,39.7,-8.0
10735,189374.0,False,217.3,38.400000000000006,-7.300000000000001
10736,189396.0,False,217.60000000000002,37.7,-7.4
10737,189412.0,False,217.8,37.300000000000004,-7.6000000000000005
10738,189431.0,False,218.60000000000002,36.800000000000004,-8.5
10739,189451.0,False,219.5,36.7,-9.700000000000001
10740,189464.0,False,219.8,36.7,-10.200000000000001
10741,189479.0,False,220.3,36.9,-10.8
10742,189496.0,False,220.4,37.1,-10.700000000000001
10743,189512.0,False,220.5,37.2,-10.5
10744,189531.0,False,220.60000000000002,37.2,-9.8
10745,189555.0,False,220.70000000000002,37.1,-9.0
10746,189576.0,False,221.10000000000002,37.0,-8.200000000000001
10747,189598.0,False,221.3,37.0,-8.1
10748,189615.0,False,221.70000000000002,37.2,-8.3
10749,189629.0,False,222.0,37.2,-8.6
10750,189645.0,False,222.5,37.1,-9.200000000000001
10751,189662.0,False,222.70000000000002,37.0,-9.5
10752,189679.0,False,223.0,36.7,-10.200000000000001
10753,189699.0,False,223.4,36.2,-10.9
10754,189713.0,False,223.60000000000002,36.0,-11.3
10755,189729.0,False,224.10000000000002,35.4,-12.0
10756,189748.0,False,224.70000000000002,34.9,-12.9
10757,189762.0,False,225.10000000000002,34.7,-13.200000000000001
10758,189779.0,False,226.0,34.5,-13.9
10759,189797.0,False,227.0,34.6,-14.700000000000001
10760,189812.0,False,227.5,34.7,-15.100000000000001
10761,189833.0,False,228.3,34.7,-16.0
10762,189847.0,False,228.70000000000002,34.7,-16.400000000000002
10763,189862.0,False,228.8,34.7,-16.3
10764,189879.0,False,229.20000000000002,35.0,-15.700000000000001
10765,189897.0,False,229.3,35.1,-15.3
10766,189913.0,False,229.70000000000002,35.300000000000004,-14.3
10767,189929.0,False,229.9,35.4,-13.4
10768,189946.0,False,230.10000000000002,35.4,-13.0
10769,189975.0,False,230.70000000000002,34.9,-12.3
10770,189979.0,False,231.10000000000002,34.7,-12.3
10771,190004.0,False,231.8,34.1,-12.600000000000001
10772,190016.0,False,232.20000000000002,33.9,-12.8
10773,190029.0,False,232.9,33.6,-13.3
10774,190048.0,False,233.3,33.6,-13.5
10775,190062.0,False,234.3,33.5,-14.0
10776,190081.0,False,235.60000000000002,33.5,-14.5
10777,190096.0,False,236.3,33.6,-14.700000000000001
10778,190113.0,False,237.8,33.800000000000004,-14.9
10779,190132.0,False,239.4,33.9,-14.8
10780,190145.0,False,240.10000000000002,34.0,-14.700000000000001
10781,190169.0,False,242.20000000000002,33.9,-13.600000000000001
10782,190184.0,False,242.70000000000002,33.800000000000004,-12.8
10783,190195.0,False,243.10000000000002,33.5,-11.700000000000001
10784,190212.0,False,243.8,32.5,-8.6
10785,190230.0,False,244.10000000000002,31.8,-6.9
10786,190246.0,False,244.9,30.5,-4.0
10787,190272.0,False,246.20000000000002,29.200000000000003,-1.0
10788,190297.0,False,247.20000000000002,28.700000000000003,0.0
10789,190312.0,False,248.3,28.6,0.30000000000000004
10790,190333.0,False,249.4,28.900000000000002,0.0
10791,190347.0,False,249.9,29.200000000000003,-0.30000000000000004
10792,190364.0,False,250.70000000000002,29.900000000000002,-0.9
10793,190384.0,False,251.10000000000002,30.3,-1.4000000000000001
10794,190396.0,False,251.10000000000002,30.5,-1.5
10795,190412.0,False,251.0,30.6,-1.4000000000000001
10796,190436.0,False,250.8,30.400000000000002,-1.2000000000000002
10797,190446.0,False,250.70000000000002,30.200000000000003,-1.2000000000000002
10798,190466.0,False,250.5,29.5,-1.1
10799,190482.0,False,250.20000000000002,28.900000000000002,-1.1
10800,190496.0,False,250.20000000000002,28.700000000000003,-1.3
10801,190515.0,False,250.20000000000002,28.400000000000002,-1.8
10802,190530.0,False,250.20000000000002,28.3,-2.2
10803,190558.0,False,250.60000000000002,27.8,-3.4000000000000004
10804,190573.0,False,251.0,27.3,-4.3
10805,190598.0,False,251.5,26.8,-5.1000000000000005
10806,190613.0,False,252.10000000000002,26.400000000000002,-5.6000000000000005
10807,190630.0,False,252.4,26.400000000000002,-5.9
10808,190646.0,False,253.0,26.6,-6.2
10809,190669.0,False,253.5,26.900000000000002,-6.4
10810,190679.0,False,253.70000000000002,27.0,-6.5
10811,190696.0,False,254.10000000000002,27.0,-6.5
10812,190712.0,False,254.3,27.1,-6.5
10813,190730.0,False,254.60000000000002,27.1,-6.6000000000000005
10814,190747.0,False,254.9,27.200000000000003,-6.7
10815,190764.0,False,255.3,27.5,-7.1000000000000005
10816,190779.0,False,255.4,27.700000000000003,-7.300000000000001
10817,190798.0,False,255.70000000000002,28.1,-7.9
10818,190812.0,False,255.9,28.400000000000002,-8.3
10819,190831.0,False,256.0,28.900000000000002,-9.200000000000001
10820,190850.0,False,256.1,29.5,-10.3
10821,190862.0,False,256.0,29.700000000000003,-10.8
10822,190879.0,False,256.1,29.8,-12.0
10823,190897.0,False,256.1,29.400000000000002,-13.200000000000001
10824,190917.0,False,256.2,28.8,-14.100000000000001
10825,190932.0,False,256.3,28.5,-14.4
10826,190949.0,False,256.7,28.200000000000003,-14.600000000000001
10827,190962.0,False,257.0,28.200000000000003,-14.600000000000001
10828,190980.0,False,257.8,28.3,-14.600000000000001
10829,190998.0,False,258.7,28.200000000000003,-14.8
10830,191013.0,False,259.2,28.1,-15.0
10831,191031.0,False,260.0,27.900000000000002,-15.200000000000001
10832,191056.0,False,261.2,28.0,-14.9
10833,191080.0,False,262.0,28.200000000000003,-14.200000000000001
10834,191096.0,False,262.8,28.1,-13.4
10835,191114.0,False,263.2,28.1,-12.9
10836,191132.0,False,264.1,27.900000000000002,-12.200000000000001
10837,191146.0,False,264.5,27.8,-11.8
10838,191163.0,False,265.5,27.700000000000003,-11.200000000000001
10839,191180.0,False,266.6,27.8,-10.700000000000001
10840,191196.0,False,267.2,27.900000000000002,-10.5
10841,191216.0,False,268.5,28.3,-10.100000000000001
10842,191231.0,False,269.8,28.700000000000003,-9.8
10843,191248.0,False,270.5,28.900000000000002,-9.700000000000001
10844,191263.0,False,272.1,29.200000000000003,-9.600000000000001
10845,191280.0,False,273.90000000000003,29.3,-9.5
10846,191297.0,False,274.8,29.3,-9.5
10847,191312.0,False,276.7,29.200000000000003,-9.4
10848,191331.0,False,278.5,29.0,-9.200000000000001
10849,191347.0,False,279.3,28.900000000000002,-9.0
10850,191368.0,False,281.0,28.900000000000002,-8.6
10851,191381.0,False,281.90000000000003,28.900000000000002,-8.3
10852,191400.0,False,283.7,28.900000000000002,-7.7
10853,191412.0,False,285.7,29.1,-7.2
10854,191430.0,False,286.8,29.1,-7.0
10855,191446.0,False,288.90000000000003,29.3,-6.800000000000001
10856,191469.0,False,290.8,29.400000000000002,-7.0
10857,191480.0,False,291.7,29.5,-7.2
10858,191496.0,False,293.2,29.6,-7.9
10859,191512.0,False,294.40000000000003,30.0,-8.6
10860,191529.0,False,294.90000000000003,30.400000000000002,-8.9
10861,191555.0,False,295.90000000000003,31.700000000000003,-9.600000000000001
10862,191563.0,False,296.0,32.0,-9.700000000000001
10863,191587.0,False,296.1,32.7,-9.9
10864,191601.0,False,296.0,33.0,-10.0
10865,191613.0,False,295.90000000000003,33.5,-10.200000000000001
10866,191629.0,False,295.8,33.800000000000004,-10.3
10867,191654.0,False,295.8,34.1,-11.3
10868,191667.0,False,295.90000000000003,34.0,-11.8
10869,191679.0,False,295.90000000000003,33.7,-12.3
10870,191696.0,False,295.90000000000003,32.7,-13.200000000000001
10871,191714.0,False,295.90000000000003,31.3,-13.8
10872,191729.0,False,295.90000000000003,30.5,-14.0
10873,191746.0,False,295.7,28.8,-13.9
10874,191764.0,False,295.6,28.0,-13.700000000000001
10875,191780.0,False,295.5,26.700000000000003,-12.9
10876,191800.0,False,295.3,26.0,-11.9
10877,191813.0,False,295.1,25.900000000000002,-11.3
10878,191829.0,False,294.8,25.900000000000002,-10.200000000000001
10879,191846.0,False,294.3,26.400000000000002,-9.200000000000001
10880,191863.0,False,294.0,26.6,-8.8
10881,191880.0,False,293.40000000000003,27.200000000000003,-8.1
10882,191899.0,False,292.8,27.8,-7.5
10883,191913.0,False,292.40000000000003,28.0,-7.300000000000001
10884,191929.0,False,291.8,28.400000000000002,-6.9
10885,191954.0,False,291.2,28.8,-6.5
10886,191968.0,False,291.0,29.0,-6.300000000000001
10887,191982.0,False,290.6,29.400000000000002,-6.2
10888,191996.0,False,290.2,29.8,-6.1000000000000005
10889,192012.0,False,290.0,30.0,-6.1000000000000005
10890,192029.0,False,289.6,30.3,-6.300000000000001
10891,192052.0,False,289.2,30.400000000000002,-6.5
10892,192070.0,False,289.0,30.3,-6.800000000000001
10893,192079.0,False,288.90000000000003,30.200000000000003,-7.0
10894,192099.0,False,288.8,29.900000000000002,-7.4
10895,192114.0,False,288.90000000000003,29.700000000000003,-7.5
10896,192131.0,False,289.0,29.5,-7.800000000000001
10897,192152.0,False,289.5,29.400000000000002,-8.0
10898,192166.0,False,289.8,29.200000000000003,-8.200000000000001
10899,192183.0,False,290.6,28.900000000000002,-8.6
10900,192200.0,False,291.40000000000003,28.400000000000002,-9.200000000000001
10901,192212.0,False,291.7,28.1,-9.4
10902,192229.0,False,292.3,28.0,-9.1
10903,192250.0,False,293.0,28.1,-8.5
10904,192263.0,False,293.3,28.200000000000003,-8.200000000000001
10905,192279.0,False,293.90000000000003,28.200000000000003,-7.6000000000000005
10906,192297.0,False,294.40000000000003,27.900000000000002,-7.0
10907,192312.0,False,294.7,27.6,-6.7
10908,192329.0,False,295.2,27.0,-6.2
10909,192348.0,False,295.5,26.8,-6.0
10910,192365.0,False,296.2,26.400000000000002,-5.4
10911,192381.0,False,297.0,26.3,-4.7
10912,192402.0,False,297.6,26.400000000000002,-4.4
10913,192421.0,False,299.6,26.5,-4.0
10914,192429.0,False,300.40000000000003,26.5,-4.0
10915,192451.0,False,302.0,26.3,-4.1000000000000005
10916,192464.0,False,302.8,26.1,-4.2
10917,192481.0,False,304.40000000000003,25.8,-4.1000000000000005
10918,192496.0,False,305.2,25.6,-4.0
10919,192512.0,False,306.7,25.3,-3.6
10920,192531.0,False,308.1,25.200000000000003,-2.9000000000000004
10921,192551.0,False,309.8,25.400000000000002,-2.1
10922,192565.0,False,310.70000000000005,25.6,-1.8
10923,192580.0,False,313.1,26.3,-1.2000000000000002
10924,192595.0,False,314.40000000000003,26.700000000000003,-1.1
10925,192614.0,False,317.3,27.700000000000003,-1.1
10926,192634.0,False,320.1,28.8,-1.4000000000000001
10927,192651.0,False,322.70000000000005,30.0,-2.0
10928,192672.0,False,324.70000000000005,31.1,-2.8000000000000003
10929,192681.0,False,325.6,31.6,-3.3000000000000003
10930,192696.0,False,326.40000000000003,31.900000000000002,-3.7
10931,192712.0,False,327.5,32.4,-4.6000000000000005
10932,192729.0,False,327.90000000000003,32.5,-4.9
10933,192758.0,False,328.20000000000005,32.800000000000004,-5.6000000000000005
10934,192779.0,False,328.0,32.9,-5.7
10935,192798.0,False,327.70000000000005,32.6,-6.0
10936,192816.0,False,327.20000000000005,32.0,-6.7
10937,192832.0,False,326.70000000000005,31.1,-7.7
10938,192846.0,False,326.3,30.700000000000003,-8.3
10939,192867.0,False,325.6,29.8,-9.700000000000001
10940,192884.0,False,325.3,29.1,-11.4
10941,192896.0,False,325.20000000000005,28.8,-12.4
10942,192915.0,False,325.3,28.5,-14.100000000000001
10943,192929.0,False,325.5,28.6,-14.9
10944,192945.0,False,325.90000000000003,29.1,-16.0
10945,192962.0,False,326.6,29.8,-16.7
10946,192983.0,False,327.40000000000003,30.700000000000003,-17.1
10947,192998.0,False,327.8,31.200000000000003,-17.2
10948,193014.0,False,328.6,32.300000000000004,-17.2
10949,193029.0,False,328.8,32.800000000000004,-17.2
10950,193045.0,False,329.20000000000005,33.6,-17.0
10951,193062.0,False,329.20000000000005,33.9,-16.900000000000002
10952,193084.0,False,328.6,34.300000000000004,-16.3
10953,193097.0,False,328.20000000000005,34.300000000000004,-16.0
10954,193112.0,False,327.8,34.2,-15.8
10955,193129.0,False,326.6,33.9,-15.3
10956,193145.0,False,325.1,33.2,-14.9
10957,193170.0,False,323.6,32.300000000000004,-15.0
10958,193186.0,False,322.3,31.400000000000002,-15.600000000000001
10959,193200.0,False,321.70000000000005,31.0,-16.1
10960,193219.0,False,320.70000000000005,30.6,-17.3
10961,193231.0,False,320.40000000000003,30.5,-17.900000000000002
10962,193249.0,False,319.8,30.700000000000003,-18.6
10963,193272.0,False,319.1,30.8,-18.3
10964,193284.0,False,318.8,30.8,-17.900000000000002
10965,193299.0,False,318.40000000000003,30.6,-16.7
10966,193317.0,False,318.20000000000005,30.400000000000002,-15.3
10967,193329.0,False,318.20000000000005,30.3,-14.8
10968,193346.0,False,318.3,30.200000000000003,-14.4
10969,193362.0,False,318.70000000000005,30.1,-13.8
10970,193382.0,False,319.20000000000005,30.3,-13.5
10971,193401.0,False,320.0,30.700000000000003,-13.200000000000001
10972,193418.0,False,320.70000000000005,30.900000000000002,-13.200000000000001
10973,193429.0,False,322.1,31.1,-13.3
10974,193449.0,False,323.6,31.0,-13.700000000000001
10975,193470.0,False,325.20000000000005,30.700000000000003,-14.3
10976,193481.0,False,325.90000000000003,30.6,-14.600000000000001
10977,193497.0,False,327.1,30.3,-15.0
10978,193512.0,False,327.70000000000005,30.200000000000003,-15.0
10979,193529.0,False,329.0,30.400000000000002,-14.5
10980,193548.0,False,330.6,30.8,-13.8
10981,193566.0,False,331.5,31.0,-13.4
10982,193579.0,False,333.70000000000005,31.3,-12.9
10983,193596.0,False,334.90000000000003,31.3,-12.8
10984,193612.0,False,337.6,31.6,-12.700000000000001
10985,193629.0,False,340.20000000000005,32.0,-12.9
10986,193645.0,False,341.5,32.2,-12.9
10987,193664.0,False,343.90000000000003,32.800000000000004,-12.8
10988,193681.0,False,346.0,33.2,-12.5
10989,193695.0,False,347.0,33.4,-12.200000000000001
10990,193716.0,False,348.6,33.7,-11.5
10991,193732.0,False,349.6,33.9,-10.700000000000001
10992,193745.0,False,349.8,33.800000000000004,-10.3
10993,193763.0,False,350.1,33.4,-9.600000000000001
10994,193779.0,False,350.6,32.9,-8.8
10995,193796.0,False,351.1,32.6,-8.5
10996,193814.0,False,352.1,32.2,-8.3
10997,193832.0,False,353.0,32.300000000000004,-8.200000000000001
10998,193853.0,False,353.5,33.2,-7.9
10999,193862.0,False,353.70000000000005,33.9,-7.7
11000,193880.0,False,353.8,34.7,-7.4
11001,193901.0,False,354.20000000000005,37.300000000000004,-6.7
11002,193915.0,False,354.3,38.1,-6.6000000000000005
11003,193929.0,False,354.5,38.800000000000004,-6.6000000000000005
11004,193946.0,False,354.8,39.7,-6.9
11005,193964.0,False,355.20000000000005,39.900000000000006,-7.7
11006,193979.0,False,355.40000000000003,39.800000000000004,-8.3
11007,193996.0,False,355.90000000000003,39.1,-9.700000000000001
11008,194014.0,False,356.3,37.9,-11.200000000000001
11009,194029.0,False,356.40000000000003,37.1,-11.8
11010,194048.0,False,356.3,35.4,-12.9
11011,194062.0,False,356.1,33.6,-13.600000000000001
11012,194083.0,False,356.1,31.900000000000002,-14.3
11013,194096.0,False,356.20000000000005,31.3,-14.600000000000001
11014,194114.0,False,356.40000000000003,30.3,-15.200000000000001
11015,194130.0,False,356.5,30.1,-15.3
11016,194156.0,False,356.90000000000003,30.700000000000003,-15.0
11017,194173.0,False,357.5,31.6,-14.4
11018,194198.0,False,358.20000000000005,32.6,-13.8
11019,194217.0,False,358.90000000000003,33.7,-13.200000000000001
11020,194229.0,False,359.20000000000005,34.2,-13.0
11021,194252.0,False,359.8,35.2,-12.600000000000001
11022,194264.0,False,0.1,35.6,-12.5
11023,194282.0,False,0.6000000000000001,36.4,-12.4
11024,194296.0,False,0.9,37.0,-12.5
11025,194313.0,False,1.0,37.2,-12.5
11026,194354.0,False,0.2,36.1,-12.3
11027,194368.0,False,359.8,35.5,-12.3
11028,194379.0,False,359.5,34.7,-12.3
11029,194398.0,False,358.90000000000003,33.2,-12.200000000000001
11030,194419.0,False,358.6,31.8,-11.9
11031,194438.0,False,358.70000000000005,30.700000000000003,-11.5
11032,194456.0,False,358.90000000000003,30.200000000000003,-11.3
11033,194462.0,False,359.20000000000005,29.700000000000003,-11.200000000000001
11034,194483.0,False,359.8,28.5,-11.200000000000001
11035,194497.0,False,0.6000000000000001,27.3,-11.3
11036,194513.0,False,1.1,26.8,-11.4
11037,194529.0,False,1.8,25.8,-11.4
11038,194546.0,False,2.1,25.400000000000002,-11.3
11039,194564.0,False,2.7,24.8,-10.8
11040,194580.0,False,3.1,24.3,-9.9
11041,194598.0,False,3.4000000000000004,23.900000000000002,-8.9
11042,194612.0,False,3.5,23.900000000000002,-8.3
11043,194629.0,False,3.9000000000000004,24.0,-7.0
11044,194650.0,False,4.4,24.8,-5.5
11045,194668.0,False,5.2,25.8,-4.2
11046,194679.0,False,5.7,26.200000000000003,-3.7
11047,194696.0,False,6.2,26.6,-3.3000000000000003
11048,194713.0,False,7.4,27.0,-2.8000000000000003
11049,194729.0,False,8.5,26.900000000000002,-2.5
11050,194747.0,False,9.1,26.700000000000003,-2.4000000000000004
11051,194762.0,False,10.3,26.1,-2.2
11052,194779.0,False,11.5,25.200000000000003,-2.1
11053,194797.0,False,12.100000000000001,24.8,-2.0
11054,194813.0,False,13.200000000000001,24.200000000000003,-2.0
11055,194831.0,False,14.200000000000001,24.0,-1.7000000000000002
11056,194851.0,False,15.200000000000001,24.400000000000002,-1.3
11057,194862.0,False,15.700000000000001,24.700000000000003,-1.0
11058,194881.0,False,17.0,25.8,-0.4
11059,194902.0,False,18.3,26.900000000000002,0.0
11060,194916.0,False,19.0,27.5,0.1
11061,194936.0,False,20.400000000000002,28.5,0.2
11062,194946.0,False,21.0,29.0,0.1
11063,194964.0,False,22.200000000000003,29.700000000000003,-0.2
11064,194981.0,False,23.5,30.3,-0.6000000000000001
11065,194998.0,False,24.700000000000003,30.700000000000003,-1.2000000000000002
11066,195012.0,False,25.400000000000002,30.700000000000003,-1.7000000000000002
11067,195029.0,False,26.5,30.6,-2.8000000000000003
11068,195050.0,False,27.5,30.1,-4.1000000000000005
11069,195063.0,False,27.900000000000002,29.8,-4.800000000000001
11070,195080.0,False,28.3,29.3,-5.7
11071,195096.0,False,29.1,28.1,-7.6000000000000005
11072,195112.0,False,29.700000000000003,26.8,-9.600000000000001
11073,195131.0,False,30.0,25.5,-11.200000000000001
11074,195157.0,False,29.900000000000002,24.3,-12.200000000000001
11075,195166.0,False,29.700000000000003,23.6,-12.600000000000001
11076,195180.0,False,29.5,22.8,-12.8
11077,195196.0,False,28.900000000000002,21.0,-12.9
11078,195212.0,False,28.0,19.400000000000002,-12.200000000000001
11079,195229.0,False,27.400000000000002,18.8,-11.4
11080,195246.0,False,26.3,18.1,-9.200000000000001
11081,195268.0,False,25.200000000000003,18.0,-6.800000000000001
11082,195285.0,False,24.3,18.400000000000002,-4.7
11083,195297.0,False,24.0,18.7,-3.9000000000000004
11084,195315.0,False,23.5,19.700000000000003,-3.0
11085,195329.0,False,23.400000000000002,20.3,-3.0
11086,195346.0,False,23.3,21.5,-3.4000000000000004
11087,195365.0,False,23.1,22.700000000000003,-4.4
11088,195383.0,False,22.900000000000002,23.8,-5.6000000000000005
11089,195396.0,False,22.8,24.200000000000003,-6.2
11090,195415.0,False,22.400000000000002,25.0,-7.4
11091,195429.0,False,22.200000000000003,25.3,-8.0
11092,195445.0,False,21.8,25.700000000000003,-8.9
11093,195467.0,False,21.3,26.0,-9.600000000000001
11094,195480.0,False,21.0,26.1,-9.8
11095,195502.0,False,20.400000000000002,26.200000000000003,-10.200000000000001
11096,195514.0,False,19.900000000000002,26.0,-10.5
11097,195529.0,False,19.700000000000003,25.8,-10.700000000000001
11098,195551.0,False,19.700000000000003,25.400000000000002,-11.3
11099,195564.0,False,19.8,25.1,-12.0
11100,195581.0,False,19.8,25.1,-12.200000000000001
11101,195599.0,False,19.8,25.5,-11.9
11102,195615.0,False,19.900000000000002,25.700000000000003,-10.8
11103,195630.0,False,20.0,25.700000000000003,-10.100000000000001
11104,195656.0,False,20.700000000000003,25.200000000000003,-7.6000000000000005
11105,195664.0,False,21.200000000000003,24.900000000000002,-6.9
11106,195681.0,False,21.700000000000003,24.6,-6.4
11107,195696.0,False,23.0,24.1,-5.6000000000000005
11108,195716.0,False,24.3,23.8,-5.2
11109,195731.0,False,24.900000000000002,23.700000000000003,-5.1000000000000005
11110,195756.0,False,26.0,23.5,-4.9
11111,195762.0,False,26.5,23.5,-4.7
11112,195779.0,False,27.6,23.6,-3.9000000000000004
11113,195796.0,False,28.8,23.900000000000002,-3.0
11114,195813.0,False,29.6,24.1,-2.6
11115,195829.0,False,31.1,24.400000000000002,-2.1
11116,195851.0,False,32.9,24.5,-2.1
11117,195868.0,False,34.6,24.400000000000002,-2.3000000000000003
11118,195879.0,False,35.5,24.3,-2.5
11119,195896.0,False,37.1,24.0,-2.8000000000000003
11120,195914.0,False,37.9,23.8,-2.8000000000000003
11121,195929.0,False,39.300000000000004,23.3,-2.8000000000000003
11122,195948.0,False,40.7,23.0,-2.6
11123,195983.0,False,42.6,23.0,-1.8
11124,195998.0,False,44.0,23.5,-1.1
11125,196013.0,False,44.7,23.900000000000002,-0.7000000000000001
11126,196029.0,False,46.2,24.900000000000002,-0.2
11127,196047.0,False,47.6,26.0,-0.1
11128,196065.0,False,48.300000000000004,26.5,-0.2
11129,196081.0,False,49.400000000000006,27.5,-0.5
11130,196096.0,False,49.900000000000006,28.0,-0.7000000000000001
11131,196112.0,False,50.400000000000006,28.900000000000002,-0.6000000000000001
11132,196129.0,False,50.7,29.8,0.0
11133,196146.0,False,50.6,30.200000000000003,0.4
11134,196175.0,False,50.2,31.200000000000003,1.5
11135,196181.0,False,50.1,31.400000000000002,1.6
11136,196196.0,False,50.0,31.400000000000002,1.6
11137,196212.0,False,50.0,31.1,1.1
11138,196229.0,False,50.0,30.400000000000002,-0.1
11139,196246.0,False,50.0,29.900000000000002,-0.9
11140,196272.0,False,49.800000000000004,28.8,-3.0
11141,196282.0,False,49.400000000000006,27.6,-5.1000000000000005
11142,196298.0,False,49.300000000000004,27.0,-6.1000000000000005
11143,196315.0,False,48.800000000000004,25.400000000000002,-7.9
11144,196334.0,False,48.1,23.400000000000002,-8.8
11145,196364.0,False,46.5,19.700000000000003,-8.3
11146,196382.0,False,45.400000000000006,17.6,-7.0
11147,196398.0,False,44.900000000000006,16.8,-6.1000000000000005
11148,196414.0,False,44.400000000000006,16.1,-4.4
11149,196433.0,False,44.300000000000004,16.400000000000002,-3.1
11150,196447.0,False,44.400000000000006,16.900000000000002,-2.7
11151,196472.0,False,44.7,19.400000000000002,-2.5
11152,196481.0,False,44.800000000000004,20.400000000000002,-2.7
11153,196496.0,False,45.0,21.400000000000002,-3.1
11154,196513.0,False,45.300000000000004,23.5,-4.1000000000000005
11155,196529.0,False,45.5,24.5,-4.7
11156,196546.0,False,45.800000000000004,26.400000000000002,-6.1000000000000005
11157,196566.0,False,46.0,28.0,-7.5
11158,196584.0,False,46.0,29.200000000000003,-8.700000000000001
11159,196596.0,False,45.800000000000004,29.5,-9.3
11160,196614.0,False,45.400000000000006,29.700000000000003,-10.5
11161,196636.0,False,44.900000000000006,29.400000000000002,-12.100000000000001
11162,196654.0,False,44.0,28.5,-13.8
11163,196677.0,False,42.5,27.400000000000002,-14.8
11164,196697.0,False,40.800000000000004,26.8,-14.8
11165,196717.0,False,39.6,26.8,-14.100000000000001
11166,196729.0,False,39.300000000000004,26.900000000000002,-13.8
11167,196755.0,False,39.7,26.5,-14.3
11168,196766.0,False,40.1,26.3,-14.8
11169,196779.0,False,40.400000000000006,26.200000000000003,-15.4
11170,196800.0,False,41.300000000000004,26.700000000000003,-16.5
11171,196814.0,False,42.5,27.700000000000003,-17.6
11172,196829.0,False,43.300000000000004,28.3,-18.3
11173,196852.0,False,45.1,29.400000000000002,-19.6
11174,196870.0,False,47.1,30.5,-20.8
11175,196880.0,False,48.1,31.0,-21.400000000000002
11176,196896.0,False,50.300000000000004,32.0,-22.5
11177,196912.0,False,51.300000000000004,32.4,-23.0
11178,196929.0,False,52.900000000000006,33.0,-23.400000000000002
11179,196946.0,False,53.5,33.4,-23.200000000000003
11180,196967.0,False,54.6,34.5,-21.3
11181,196980.0,False,54.900000000000006,34.800000000000004,-20.3
11182,196996.0,False,55.300000000000004,35.300000000000004,-18.1
11183,197013.0,False,55.6,35.4,-16.8
11184,197033.0,False,56.0,35.6,-14.100000000000001
11185,197052.0,False,56.6,35.6,-11.3
11186,197062.0,False,57.0,35.6,-9.9
11187,197079.0,False,57.800000000000004,35.5,-7.2
11188,197097.0,False,58.400000000000006,35.300000000000004,-4.6000000000000005
11189,197112.0,False,58.6,35.1,-3.3000000000000003
11190,197136.0,False,59.400000000000006,34.7,0.8
11191,197172.0,False,60.800000000000004,34.2,4.5
11192,197180.0,False,61.400000000000006,34.0,5.5
11193,197196.0,False,62.2,33.800000000000004,6.4
11194,197212.0,False,63.900000000000006,33.2,7.800000000000001
11195,197257.0,False,67.5,32.300000000000004,8.8
11196,197262.0,False,68.3,32.2,8.8
11197,197279.0,False,69.8,32.6,8.3
11198,197296.0,False,70.5,33.0,7.800000000000001
11199,197312.0,False,71.8,33.9,6.4
11200,197330.0,False,73.3,34.7,4.5
11201,197350.0,False,74.9,35.0,1.9000000000000001
11202,197381.0,False,77.5,34.4,-3.1
11203,197396.0,False,78.4,33.9,-4.9
11204,197412.0,False,80.0,32.300000000000004,-8.4
11205,197433.0,False,80.9,30.0,-11.200000000000001
11206,197450.0,False,81.2,28.700000000000003,-12.200000000000001
11207,197471.0,False,81.0,24.400000000000002,-13.4
11208,197484.0,False,80.60000000000001,23.1,-13.3
11209,197497.0,False,80.2,22.0,-13.0
11210,197512.0,False,79.30000000000001,20.1,-11.9
11211,197532.0,False,78.4,18.8,-10.9
11212,197546.0,False,77.9,18.400000000000002,-10.4
11213,197566.0,False,76.9,17.7,-9.700000000000001
11214,197580.0,False,76.3,17.5,-9.4
11215,197596.0,False,75.2,17.400000000000002,-9.1
11216,197612.0,False,74.2,17.5,-8.9
11217,197630.0,False,73.2,17.8,-8.9
11218,197646.0,False,72.8,18.0,-9.0
11219,197665.0,False,71.9,18.400000000000002,-9.1
11220,197682.0,False,71.4,18.6,-9.1
11221,197696.0,False,70.4,19.1,-9.1
11222,197715.0,False,69.10000000000001,19.400000000000002,-9.0
11223,197732.0,False,67.8,19.400000000000002,-8.8
11224,197750.0,False,67.10000000000001,19.3,-8.700000000000001
11225,197766.0,False,65.7,19.0,-8.6
11226,197782.0,False,65.0,18.7,-8.6
11227,197795.0,False,63.800000000000004,18.2,-8.6
11228,197812.0,False,62.800000000000004,17.7,-8.700000000000001
11229,197829.0,False,62.400000000000006,17.6,-8.9
11230,197847.0,False,61.900000000000006,17.6,-9.5
11231,197872.0,False,61.900000000000006,18.0,-10.4
11232,197879.0,False,62.1,18.3,-11.0
11233,197895.0,False,62.800000000000004,18.8,-12.3
11234,197912.0,False,63.300000000000004,19.1,-12.9
11235,197939.0,False,65.2,19.6,-14.600000000000001
11236,197952.0,False,66.10000000000001,19.700000000000003,-15.100000000000001
11237,197972.0,False,67.8,19.700000000000003,-16.1
11238,197979.0,False,68.7,19.700000000000003,-16.5
11239,197997.0,False,70.4,19.5,-17.400000000000002
11240,198012.0,False,71.0,19.400000000000002,-17.7
11241,198031.0,False,71.9,19.1,-17.900000000000002
11242,198048.0,False,72.5,19.200000000000003,-17.1
11243,198062.0,False,72.8,19.5,-16.400000000000002
11244,198082.0,False,73.4,20.200000000000003,-14.9
11245,198097.0,False,74.2,20.900000000000002,-13.700000000000001
11246,198112.0,False,74.7,21.3,-13.200000000000001
11247,198131.0,False,75.7,21.700000000000003,-12.5
11248,198151.0,False,76.9,22.0,-12.200000000000001
11249,198166.0,False,78.2,22.1,-11.9
11250,198183.0,False,78.9,22.0,-11.600000000000001
11251,198196.0,False,79.60000000000001,21.700000000000003,-11.200000000000001
11252,198221.0,False,81.9,20.8,-9.700000000000001
11253,198229.0,False,82.60000000000001,20.700000000000003,-9.3
11254,198252.0,False,84.0,21.3,-8.8
11255,198269.0,False,85.4,22.700000000000003,-8.5
11256,198280.0,False,86.2,23.5,-8.5
11257,198298.0,False,87.80000000000001,25.200000000000003,-8.4
11258,198312.0,False,88.7,26.0,-8.4
11259,198333.0,False,90.4,27.5,-8.200000000000001
11260,198351.0,False,91.9,28.8,-7.800000000000001
11261,198363.0,False,92.5,29.3,-7.5
11262,198379.0,False,93.4,30.3,-6.7
11263,198396.0,False,93.80000000000001,30.700000000000003,-6.1000000000000005
11264,198422.0,False,94.5,31.6,-4.4
11265,198431.0,False,94.60000000000001,31.700000000000003,-3.8000000000000003
11266,198448.0,False,94.80000000000001,31.900000000000002,-2.7
11267,198465.0,False,94.80000000000001,32.0,-2.3000000000000003
11268,198481.0,False,94.7,32.2,-1.5
11269,198495.0,False,94.60000000000001,32.300000000000004,-1.3
11270,198514.0,False,94.5,32.5,-1.0
11271,198528.0,False,94.30000000000001,32.300000000000004,-1.1
11272,198552.0,False,94.2,31.6,-1.6
11273,198563.0,False,94.30000000000001,31.0,-2.1
11274,198579.0,False,94.5,29.700000000000003,-3.5
11275,198596.0,False,94.80000000000001,29.0,-4.4
11276,198614.0,False,95.4,27.3,-6.2
11277,198630.0,False,96.10000000000001,25.400000000000002,-7.9
11278,198654.0,False,97.0,23.5,-9.200000000000001
11279,198668.0,False,97.4,22.8,-9.600000000000001
11280,198680.0,False,98.2,21.900000000000002,-9.600000000000001
11281,198697.0,False,98.5,21.900000000000002,-9.4
11282,198712.0,False,99.10000000000001,22.5,-8.700000000000001
11283,198732.0,False,99.80000000000001,23.6,-8.200000000000001
11284,198745.0,False,100.10000000000001,24.3,-8.0
11285,198762.0,False,100.5,25.700000000000003,-7.800000000000001
11286,198779.0,False,100.7,26.400000000000002,-7.7
11287,198801.0,False,100.60000000000001,28.200000000000003,-7.7
11288,198813.0,False,100.4,28.6,-7.7
11289,198829.0,False,100.10000000000001,29.0,-7.6000000000000005
11290,198846.0,False,99.4,29.400000000000002,-7.2
11291,198862.0,False,99.0,29.6,-6.800000000000001
11292,198879.0,False,98.2,29.900000000000002,-6.0
11293,198898.0,False,97.30000000000001,30.3,-5.2
11294,198913.0,False,96.5,30.8,-4.6000000000000005
11295,198928.0,False,96.10000000000001,31.1,-4.4
11296,198946.0,False,95.4,31.700000000000003,-4.4
11297,198965.0,False,94.60000000000001,32.1,-4.800000000000001
11298,198980.0,False,94.2,32.1,-5.2
11299,198995.0,False,93.5,31.8,-6.1000000000000005
11300,199012.0,False,92.9,31.1,-7.2
11301,199030.0,False,92.80000000000001,30.8,-7.7
11302,199046.0,False,92.9,30.0,-8.8
11303,199065.0,False,93.4,29.3,-10.0
11304,199082.0,False,94.2,29.0,-11.200000000000001
11305,199095.0,False,94.60000000000001,29.1,-11.8
11306,199112.0,False,95.10000000000001,29.200000000000003,-12.4
11307,199129.0,False,95.80000000000001,29.6,-13.4
11308,199156.0,False,96.60000000000001,30.1,-14.5
11309,199175.0,False,96.9,30.400000000000002,-14.600000000000001
11310,199195.0,False,97.10000000000001,30.700000000000003,-14.4
11311,199214.0,False,97.60000000000001,30.6,-14.100000000000001
11312,199228.0,False,97.80000000000001,30.400000000000002,-14.100000000000001
11313,199249.0,False,98.2,29.6,-14.3
11314,199262.0,False,98.4,29.0,-14.5
11315,199281.0,False,98.60000000000001,27.900000000000002,-15.3
11316,199297.0,False,98.80000000000001,26.900000000000002,-16.1
11317,199312.0,False,98.80000000000001,26.5,-16.6
11318,199329.0,False,98.9,26.200000000000003,-17.2
11319,199354.0,False,98.80000000000001,26.400000000000002,-17.3
11320,199379.0,False,98.4,26.5,-16.8
11321,199399.0,False,97.80000000000001,26.700000000000003,-15.8
11322,199412.0,False,97.7,26.8,-15.3
11323,199431.0,False,98.0,27.1,-14.3
11324,199452.0,False,98.7,27.200000000000003,-13.5
11325,199471.0,False,99.7,27.400000000000002,-12.700000000000001
11326,199484.0,False,100.30000000000001,27.5,-12.3
11327,199498.0,False,101.4,28.1,-11.4
11328,199512.0,False,102.0,28.400000000000002,-10.9
11329,199529.0,False,103.30000000000001,29.3,-10.100000000000001
11330,199548.0,False,104.7,30.200000000000003,-9.5
11331,199562.0,False,105.5,30.700000000000003,-9.3
11332,199581.0,False,107.0,31.700000000000003,-8.9
11333,199596.0,False,107.7,32.1,-8.700000000000001
11334,199612.0,False,109.2,32.9,-8.4
11335,199640.0,False,110.80000000000001,33.5,-7.9
11336,199660.0,False,111.60000000000001,33.5,-7.6000000000000005
11337,199673.0,False,111.9,33.5,-7.5
11338,199679.0,False,112.2,33.4,-7.300000000000001
11339,199695.0,False,112.4,33.300000000000004,-7.1000000000000005
11340,199714.0,False,112.7,33.0,-6.6000000000000005
11341,199735.0,False,112.9,32.800000000000004,-6.1000000000000005
11342,199746.0,False,112.9,32.7,-6.0
11343,199770.0,False,113.10000000000001,32.0,-6.300000000000001
11344,199781.0,False,113.2,31.6,-6.5
11345,199796.0,False,113.30000000000001,31.1,-6.7
11346,199813.0,False,113.60000000000001,30.1,-6.9
11347,199830.0,False,114.0,29.0,-6.800000000000001
11348,199851.0,False,114.60000000000001,28.1,-6.9
11349,199864.0,False,114.9,27.6,-7.1000000000000005
11350,199881.0,False,115.7,26.6,-8.0
11351,199895.0,False,116.10000000000001,26.200000000000003,-8.4
11352,199912.0,False,116.60000000000001,25.3,-9.3
11353,199931.0,False,116.80000000000001,24.700000000000003,-9.700000000000001
11354,199954.0,False,116.7,24.6,-9.3
11355,199991.0,False,116.2,25.900000000000002,-8.1
11356,200017.0,False,116.2,26.900000000000002,-7.9
11357,200030.0,False,116.30000000000001,27.8,-7.9
11358,200052.0,False,116.4,28.5,-8.3
11359,200068.0,False,116.4,28.700000000000003,-8.5
11360,200084.0,False,116.30000000000001,28.900000000000002,-8.8
11361,200098.0,False,116.10000000000001,28.900000000000002,-8.8
11362,200113.0,False,115.80000000000001,28.700000000000003,-8.6
11363,200129.0,False,115.5,28.5,-8.4
11364,200154.0,False,114.9,27.900000000000002,-7.800000000000001
11365,200169.0,False,114.7,27.700000000000003,-7.7
11366,200179.0,False,114.5,27.5,-7.6000000000000005
11367,200195.0,False,114.2,27.200000000000003,-7.7
11368,200212.0,False,113.9,26.8,-8.1
11369,200229.0,False,113.80000000000001,26.5,-8.3
11370,200245.0,False,113.7,25.8,-8.8
11371,200264.0,False,113.7,25.200000000000003,-9.200000000000001
11372,200280.0,False,113.80000000000001,24.900000000000002,-9.4
11373,200300.0,False,114.30000000000001,24.400000000000002,-9.700000000000001
11374,200317.0,False,115.10000000000001,24.1,-10.3
11375,200328.0,False,115.5,24.0,-10.700000000000001
11376,200350.0,False,116.60000000000001,24.0,-11.600000000000001
11377,200362.0,False,117.10000000000001,24.1,-12.100000000000001
11378,200387.0,False,118.5,24.400000000000002,-13.4
11379,200396.0,False,118.9,24.5,-13.8
11380,200413.0,False,119.80000000000001,25.0,-14.200000000000001
11381,200430.0,False,120.2,25.200000000000003,-14.3
11382,200447.0,False,121.0,25.3,-14.5
11383,200465.0,False,121.7,25.200000000000003,-14.4
11384,200480.0,False,121.9,25.0,-14.200000000000001
11385,200495.0,False,122.30000000000001,24.400000000000002,-13.700000000000001
11386,200512.0,False,122.5,24.0,-13.5
11387,200531.0,False,123.0,23.0,-13.0
11388,200545.0,False,123.10000000000001,22.5,-12.700000000000001
11389,200563.0,False,123.60000000000001,21.5,-12.0
11390,200581.0,False,124.10000000000001,21.0,-11.100000000000001
11391,200595.0,False,124.9,20.900000000000002,-10.3
11392,200612.0,False,125.30000000000001,21.0,-10.0
11393,200628.0,False,126.5,21.3,-9.9
11394,200650.0,False,127.80000000000001,21.700000000000003,-10.0
11395,200667.0,False,129.20000000000002,21.900000000000002,-10.200000000000001
11396,200678.0,False,129.9,22.0,-10.3
11397,200695.0,False,131.4,21.8,-10.3
11398,200714.0,False,132.1,21.700000000000003,-10.3
11399,200729.0,False,133.4,21.400000000000002,-9.8
11400,200749.0,False,134.6,21.400000000000002,-9.0
11401,200762.0,False,135.3,21.6,-8.5
11402,200787.0,False,137.6,22.400000000000002,-7.5
11403,200802.0,False,138.4,22.900000000000002,-7.4
11404,200819.0,False,139.8,24.0,-7.2
11405,200829.0,False,140.3,24.700000000000003,-7.1000000000000005
11406,200853.0,False,141.0,26.1,-6.6000000000000005
11407,200863.0,False,141.20000000000002,26.900000000000002,-6.300000000000001
11408,200879.0,False,141.5,28.3,-5.7
11409,200900.0,False,141.8,29.5,-5.1000000000000005
11410,200918.0,False,142.3,30.5,-4.6000000000000005
11411,200940.0,False,142.8,31.6,-4.3
11412,200964.0,False,143.5,32.6,-4.4
11413,200980.0,False,143.8,33.1,-4.7
11414,200999.0,False,144.8,33.4,-6.2
11415,201014.0,False,145.1,33.1,-6.800000000000001
11416,201029.0,False,145.6,32.2,-8.0
11417,201054.0,False,145.9,30.700000000000003,-8.8
11418,201062.0,False,146.0,29.900000000000002,-8.9
11419,201079.0,False,146.1,28.1,-9.0
11420,201095.0,False,146.1,27.200000000000003,-9.0
11421,201114.0,False,146.1,25.400000000000002,-8.9
11422,201131.0,False,146.0,23.5,-8.8
11423,201154.0,False,145.9,21.700000000000003,-8.5
11424,201171.0,False,145.9,20.3,-7.9
11425,201182.0,False,145.9,19.900000000000002,-7.5
11426,201195.0,False,145.9,19.5,-7.0
11427,201215.0,False,145.9,19.200000000000003,-6.2
11428,201229.0,False,145.9,19.3,-5.9
11429,201252.0,False,145.8,20.3,-5.4
11430,201263.0,False,145.8,20.8,-5.4
11431,201282.0,False,145.8,22.0,-5.5
11432,201297.0,False,145.70000000000002,22.6,-5.7
11433,201312.0,False,145.4,23.700000000000003,-6.1000000000000005
11434,201329.0,False,145.20000000000002,24.200000000000003,-6.4
11435,201349.0,False,144.70000000000002,24.900000000000002,-6.7
11436,201371.0,False,143.8,25.5,-6.9
11437,201401.0,False,142.70000000000002,25.5,-6.7
11438,201413.0,False,142.20000000000002,25.3,-6.6000000000000005
11439,201428.0,False,141.8,25.1,-6.6000000000000005
11440,201449.0,False,140.5,24.200000000000003,-6.4
11441,201466.0,False,139.0,22.8,-5.9
11442,201480.0,False,138.1,22.0,-5.5
11443,201496.0,False,136.5,20.1,-4.1000000000000005
11444,201513.0,False,135.1,18.3,-2.3000000000000003
11445,201529.0,False,134.5,17.400000000000002,-1.2000000000000002
11446,201566.0,False,133.70000000000002,14.8,2.2
11447,201579.0,False,133.8,14.4,2.6
11448,201595.0,False,134.3,13.700000000000001,2.5
11449,201612.0,False,134.6,13.5,2.2
11450,201629.0,False,135.3,13.4,1.4000000000000001
11451,201670.0,False,137.3,14.9,-0.6000000000000001
11452,201682.0,False,137.9,15.4,-1.3
11453,201695.0,False,139.4,16.3,-3.0
11454,201720.0,False,141.3,16.900000000000002,-4.6000000000000005
11455,201729.0,False,142.3,17.1,-5.4
11456,201758.0,False,144.6,17.3,-6.7
11457,201763.0,False,145.9,17.3,-7.300000000000001
11458,201779.0,False,148.5,17.7,-7.9
11459,201796.0,False,151.0,18.5,-8.200000000000001
11460,201815.0,False,152.3,19.0,-8.3
11461,201831.0,False,154.8,20.200000000000003,-8.4
11462,201849.0,False,157.5,21.400000000000002,-8.5
11463,201862.0,False,158.8,21.900000000000002,-8.6
11464,201881.0,False,161.60000000000002,22.8,-8.700000000000001
11465,201895.0,False,163.10000000000002,23.1,-8.700000000000001
11466,201912.0,False,165.9,23.400000000000002,-8.700000000000001
11467,201929.0,False,168.60000000000002,23.400000000000002,-8.6
11468,201946.0,False,169.8,23.400000000000002,-8.4
11469,201972.0,False,173.20000000000002,23.5,-7.5
11470,201980.0,False,174.3,23.6,-7.0
11471,201995.0,False,175.3,23.700000000000003,-6.5
11472,202018.0,False,178.4,23.900000000000002,-5.0
11473,202029.0,False,179.3,24.0,-4.6000000000000005
11474,202055.0,False,181.0,24.3,-3.8000000000000003
11475,202069.0,False,182.4,24.6,-3.1
11476,202081.0,False,182.9,24.8,-2.8000000000000003
11477,202095.0,False,183.3,25.0,-2.5
11478,202112.0,False,183.9,25.400000000000002,-2.1
11479,202129.0,False,184.60000000000002,25.900000000000002,-2.0
11480,202158.0,False,185.9,26.5,-2.1
11481,202178.0,False,186.4,26.6,-2.1
11482,202199.0,False,188.0,27.200000000000003,-2.2
11483,202213.0,False,188.60000000000002,27.400000000000002,-2.2
11484,202228.0,False,189.9,27.700000000000003,-2.4000000000000004
11485,202249.0,False,191.10000000000002,28.0,-3.1
11486,202262.0,False,191.70000000000002,28.0,-3.5
11487,202295.0,False,193.0,28.0,-5.300000000000001
11488,202313.0,False,193.60000000000002,27.900000000000002,-6.4
11489,202328.0,False,193.9,27.700000000000003,-7.2
11490,202351.0,False,194.20000000000002,27.400000000000002,-7.7
11491,202362.0,False,194.3,27.3,-8.0
11492,202378.0,False,194.5,27.3,-8.5
11493,202396.0,False,194.60000000000002,27.3,-8.8
11494,202413.0,False,195.0,27.6,-9.5
11495,202430.0,False,195.4,28.0,-10.100000000000001
11496,202446.0,False,195.70000000000002,28.3,-10.3
11497,202466.0,False,196.3,28.8,-10.700000000000001
11498,202480.0,False,197.0,29.3,-10.8
11499,202496.0,False,197.4,29.5,-10.9
11500,202512.0,False,198.0,29.900000000000002,-10.8
11501,202532.0,False,198.70000000000002,30.400000000000002,-10.9
11502,202548.0,False,199.0,30.700000000000003,-10.9
11503,202565.0,False,199.5,31.200000000000003,-11.100000000000001
11504,202578.0,False,199.70000000000002,31.400000000000002,-11.200000000000001
11505,202598.0,False,199.9,31.6,-11.4
11506,202615.0,False,199.8,31.3,-11.8
11507,202633.0,False,199.60000000000002,30.8,-12.200000000000001
11508,202654.0,False,199.3,30.1,-12.8
11509,202678.0,False,199.10000000000002,29.5,-13.600000000000001
11510,202695.0,False,199.20000000000002,29.400000000000002,-14.4
11511,202712.0,False,199.60000000000002,29.400000000000002,-15.100000000000001
11512,202729.0,False,199.9,29.3,-15.4
11513,202748.0,False,200.60000000000002,28.900000000000002,-15.9
11514,202763.0,False,201.3,28.5,-16.2
11515,202784.0,False,201.9,28.0,-16.2
11516,202797.0,False,202.20000000000002,27.700000000000003,-16.3
11517,202814.0,False,202.70000000000002,27.0,-16.5
11518,202831.0,False,202.9,26.5,-16.8
11519,202857.0,False,203.10000000000002,25.1,-17.400000000000002
11520,202867.0,False,203.0,24.900000000000002,-17.400000000000002
11521,202878.0,False,202.9,24.900000000000002,-17.3
11522,202897.0,False,202.8,25.400000000000002,-16.5
11523,202912.0,False,202.70000000000002,25.8,-16.0
11524,202929.0,False,202.8,26.6,-14.8
11525,202947.0,False,202.9,27.200000000000003,-13.700000000000001
11526,202962.0,False,203.0,27.3,-13.200000000000001
11527,202978.0,False,203.20000000000002,27.400000000000002,-12.5
11528,202995.0,False,203.60000000000002,27.200000000000003,-12.0
11529,203012.0,False,203.9,27.0,-11.9
11530,203030.0,False,204.5,26.5,-11.600000000000001
11531,203050.0,False,205.20000000000002,26.1,-11.4
11532,203062.0,False,205.60000000000002,26.0,-11.200000000000001
11533,203082.0,False,206.5,26.1,-10.700000000000001
11534,203097.0,False,207.4,26.400000000000002,-9.9
11535,203112.0,False,207.9,26.700000000000003,-9.5
11536,203128.0,False,209.0,27.1,-8.5
11537,203150.0,False,210.20000000000002,27.400000000000002,-7.6000000000000005
11538,203163.0,False,210.8,27.6,-7.2
11539,203179.0,False,211.9,27.900000000000002,-6.4
11540,203196.0,False,212.9,28.200000000000003,-5.6000000000000005
11541,203212.0,False,213.4,28.3,-5.300000000000001
11542,203233.0,False,214.3,28.3,-4.9
11543,203249.0,False,215.10000000000002,28.3,-4.7
11544,203262.0,False,215.60000000000002,28.3,-4.7
11545,203279.0,False,216.5,28.5,-5.0
11546,203299.0,False,217.4,29.200000000000003,-5.7
11547,203314.0,False,217.8,29.700000000000003,-6.1000000000000005
11548,203330.0,False,218.5,30.6,-7.0
11549,203351.0,False,219.0,31.5,-7.6000000000000005
11550,203362.0,False,219.20000000000002,32.0,-7.9
11551,203379.0,False,219.8,33.0,-8.1
11552,203399.0,False,220.4,33.5,-8.4
11553,203416.0,False,220.70000000000002,33.5,-8.5
11554,203433.0,False,221.0,32.800000000000004,-8.8
11555,203455.0,False,220.9,31.700000000000003,-9.0
11556,203462.0,False,220.70000000000002,31.0,-8.9
11557,203480.0,False,220.4,30.3,-8.700000000000001
11558,203499.0,False,219.8,28.200000000000003,-7.5
11559,203512.0,False,219.8,27.6,-6.9
11560,203530.0,False,219.9,26.6,-5.9
11561,203555.0,False,220.3,25.700000000000003,-5.2
11562,203563.0,False,220.60000000000002,25.3,-5.0
11563,203580.0,False,220.8,24.900000000000002,-4.800000000000001
11564,203595.0,False,221.20000000000002,24.200000000000003,-4.6000000000000005
11565,203612.0,False,221.4,23.6,-4.4
11566,203628.0,False,221.5,23.3,-4.3
11567,203648.0,False,221.60000000000002,22.900000000000002,-4.3
11568,203668.0,False,221.70000000000002,22.8,-4.3
11569,203680.0,False,222.0,23.1,-4.4
11570,203697.0,False,222.10000000000002,23.400000000000002,-4.6000000000000005
11571,203713.0,False,222.5,24.200000000000003,-5.0
11572,203732.0,False,222.8,25.1,-5.6000000000000005
11573,203751.0,False,223.0,25.900000000000002,-6.300000000000001
11574,203762.0,False,223.10000000000002,26.1,-6.7
11575,203778.0,False,223.20000000000002,26.3,-7.1000000000000005
11576,203795.0,False,223.4,26.200000000000003,-7.9
11577,203812.0,False,223.70000000000002,25.900000000000002,-8.8
11578,203831.0,False,224.0,25.5,-9.600000000000001
11579,203858.0,False,224.4,25.1,-10.5
11580,203865.0,False,224.70000000000002,24.900000000000002,-11.0
11581,203878.0,False,225.10000000000002,24.8,-11.4
11582,203896.0,False,226.0,24.8,-12.200000000000001
11583,203912.0,False,227.10000000000002,25.200000000000003,-12.5
11584,203928.0,False,227.70000000000002,25.5,-12.4
11585,203953.0,False,229.8,26.1,-12.100000000000001
11586,203962.0,False,230.4,26.1,-12.200000000000001
11587,203978.0,False,231.20000000000002,26.0,-12.4
11588,203995.0,False,232.5,25.8,-13.100000000000001
11589,204013.0,False,233.70000000000002,25.900000000000002,-13.8
11590,204030.0,False,234.20000000000002,26.1,-14.200000000000001
11591,204050.0,False,235.3,26.8,-14.600000000000001
11592,204063.0,False,235.8,27.200000000000003,-14.600000000000001
11593,204083.0,False,237.5,28.0,-14.5
11594,204096.0,False,238.0,28.200000000000003,-14.4
11595,204119.0,False,239.10000000000002,28.6,-14.200000000000001
11596,204132.0,False,239.70000000000002,28.8,-14.100000000000001
11597,204160.0,False,241.3,29.400000000000002,-14.100000000000001
11598,204168.0,False,241.8,29.6,-14.100000000000001
11599,204180.0,False,242.3,29.900000000000002,-14.100000000000001
11600,204195.0,False,243.20000000000002,30.6,-13.9
11601,204212.0,False,243.5,31.0,-13.8
11602,204228.0,False,244.3,31.900000000000002,-13.5
11603,204251.0,False,244.8,33.1,-13.100000000000001
11604,204266.0,False,245.20000000000002,34.5,-12.600000000000001
11605,204278.0,False,245.4,35.2,-12.4
11606,204295.0,False,245.8,36.6,-11.8
11607,204312.0,False,246.0,37.300000000000004,-11.5
11608,204328.0,False,246.4,38.300000000000004,-10.9
11609,204348.0,False,246.9,38.800000000000004,-10.5
11610,204362.0,False,247.10000000000002,38.900000000000006,-10.3
11611,204379.0,False,247.5,38.800000000000004,-10.4
11612,204396.0,False,247.9,38.400000000000006,-10.700000000000001
11613,204412.0,False,248.20000000000002,38.1,-10.9
11614,204432.0,False,248.5,37.5,-11.4
11615,204450.0,False,248.70000000000002,36.9,-12.0
11616,204462.0,False,248.8,36.7,-12.4
11617,204479.0,False,248.9,36.300000000000004,-13.0
11618,204495.0,False,249.0,36.1,-13.4
11619,204514.0,False,249.4,35.6,-14.4
11620,204534.0,False,249.8,34.800000000000004,-15.600000000000001
11621,204556.0,False,250.20000000000002,34.0,-17.0
11622,204569.0,False,250.20000000000002,33.1,-18.0
11623,204595.0,False,249.8,32.1,-18.400000000000002
11624,204612.0,False,249.20000000000002,31.3,-17.900000000000002
11625,204628.0,False,248.3,30.6,-16.900000000000002
11626,204651.0,False,247.4,30.3,-15.9
11627,204669.0,False,246.3,30.3,-14.9
11628,204680.0,False,245.70000000000002,30.400000000000002,-14.5
11629,204699.0,False,244.4,30.6,-13.700000000000001
11630,204715.0,False,243.70000000000002,30.700000000000003,-13.3
11631,204732.0,False,242.20000000000002,31.0,-12.600000000000001
11632,204753.0,False,240.60000000000002,31.0,-11.9
11633,204762.0,False,239.8,30.900000000000002,-11.700000000000001
11634,204779.0,False,239.0,30.8,-11.5
11635,204795.0,False,237.60000000000002,30.200000000000003,-11.4
11636,204812.0,False,236.20000000000002,29.6,-11.600000000000001
11637,204829.0,False,235.60000000000002,29.3,-11.8
11638,204851.0,False,233.70000000000002,28.6,-12.8
11639,204883.0,False,231.9,27.900000000000002,-13.700000000000001
11640,204904.0,False,230.8,27.200000000000003,-14.0
11641,204914.0,False,230.20000000000002,26.700000000000003,-13.9
11642,204928.0,False,229.60000000000002,26.1,-13.600000000000001
11643,204947.0,False,228.5,24.700000000000003,-12.4
11644,204963.0,False,227.3,23.200000000000003,-10.4
11645,204982.0,False,226.4,22.0,-8.4
11646,205002.0,False,225.9,21.1,-7.1000000000000005
11647,205014.0,False,225.9,20.8,-7.0
11648,205028.0,False,226.0,20.6,-7.1000000000000005
11649,205052.0,False,227.0,20.3,-8.700000000000001
11650,205063.0,False,227.5,20.3,-9.3
11651,205080.0,False,228.0,20.3,-9.9
11652,205096.0,False,229.20000000000002,20.5,-10.700000000000001
11653,205113.0,False,230.60000000000002,20.8,-11.0
11654,205128.0,False,231.3,21.1,-11.100000000000001
11655,205147.0,False,232.60000000000002,21.5,-10.9
11656,205164.0,False,233.9,21.900000000000002,-10.200000000000001
11657,205179.0,False,234.5,22.200000000000003,-9.8
11658,205195.0,False,236.0,23.0,-8.9
11659,205215.0,False,237.70000000000002,23.900000000000002,-8.1
11660,205234.0,False,239.60000000000002,24.8,-7.6000000000000005
11661,205248.0,False,240.60000000000002,25.3,-7.6000000000000005
11662,205262.0,False,241.70000000000002,25.700000000000003,-7.6000000000000005
11663,205278.0,False,244.0,26.400000000000002,-7.800000000000001
11664,205295.0,False,246.4,27.0,-8.200000000000001
11665,205316.0,False,248.70000000000002,27.700000000000003,-8.6
11666,205334.0,False,250.9,28.200000000000003,-8.700000000000001
11667,205356.0,False,253.0,28.8,-8.6
11668,205379.0,False,255.10000000000002,29.5,-8.4
11669,205395.0,False,257.2,30.3,-8.4
11670,205412.0,False,258.2,30.8,-8.4
11671,205428.0,False,260.2,32.0,-8.8
11672,205449.0,False,262.2,33.2,-9.4
11673,205465.0,False,264.3,34.300000000000004,-10.3
11674,205478.0,False,265.3,34.7,-10.9
11675,205495.0,False,267.2,35.300000000000004,-12.0
11676,205512.0,False,268.0,35.5,-12.5
11677,205534.0,False,269.1,35.6,-13.3
11678,205553.0,False,269.6,35.5,-13.700000000000001
11679,205583.0,False,269.8,35.300000000000004,-13.5
11680,205598.0,False,269.8,34.800000000000004,-13.3
11681,205616.0,False,269.90000000000003,33.800000000000004,-13.200000000000001
11682,205632.0,False,269.90000000000003,33.1,-13.200000000000001
11683,205653.0,False,269.8,31.6,-13.4
11684,205667.0,False,269.40000000000003,29.8,-13.5
11685,205679.0,False,269.0,28.900000000000002,-13.5
11686,205696.0,False,268.40000000000003,27.200000000000003,-13.200000000000001
11687,205712.0,False,268.0,26.400000000000002,-12.9
11688,205729.0,False,267.5,24.900000000000002,-12.4
11689,205747.0,False,267.3,23.900000000000002,-12.0
11690,205763.0,False,267.40000000000003,23.5,-12.0
11691,205782.0,False,267.5,23.1,-12.5
11692,205795.0,False,267.5,23.1,-13.0
11693,205815.0,False,267.5,23.400000000000002,-14.0
11694,205830.0,False,267.1,24.0,-14.9
11695,205858.0,False,266.2,25.0,-15.5
11696,205883.0,False,265.3,25.5,-15.3
11697,205895.0,False,264.8,25.700000000000003,-15.100000000000001
11698,205914.0,False,263.8,26.1,-14.600000000000001
11699,205928.0,False,262.8,26.400000000000002,-14.200000000000001
11700,205949.0,False,262.0,26.900000000000002,-13.8
11701,205963.0,False,261.6,27.200000000000003,-13.8
11702,205981.0,False,261.0,27.8,-13.8
11703,205995.0,False,260.7,28.0,-13.8
11704,206012.0,False,260.1,28.1,-13.9
11705,206032.0,False,259.40000000000003,27.900000000000002,-13.8
11706,206052.0,False,258.8,27.3,-13.600000000000001
11707,206065.0,False,258.5,27.0,-13.5
11708,206079.0,False,258.3,26.700000000000003,-13.4
11709,206096.0,False,258.0,26.3,-13.100000000000001
11710,206112.0,False,257.8,26.1,-13.0
11711,206133.0,False,258.1,26.1,-13.3
11712,206157.0,False,258.8,26.200000000000003,-14.200000000000001
11713,206171.0,False,260.1,26.3,-15.600000000000001
11714,206197.0,False,261.6,26.400000000000002,-17.2
11715,206214.0,False,263.3,26.400000000000002,-18.8
11716,206233.0,False,264.90000000000003,26.5,-20.200000000000003
11717,206257.0,False,266.3,26.5,-21.1
11718,206264.0,False,266.90000000000003,26.5,-21.3
11719,206280.0,False,267.40000000000003,26.400000000000002,-21.3
11720,206296.0,False,268.3,26.0,-20.8
11721,206313.0,False,268.90000000000003,25.700000000000003,-19.900000000000002
11722,206328.0,False,269.2,25.700000000000003,-19.3
11723,206353.0,False,269.8,26.0,-18.0
11724,206366.0,False,270.7,26.8,-16.7
11725,206383.0,False,271.7,27.5,-15.600000000000001
11726,206406.0,False,272.90000000000003,27.900000000000002,-14.700000000000001
11727,206414.0,False,273.5,27.900000000000002,-14.3
11728,206429.0,False,274.0,27.700000000000003,-13.8
11729,206450.0,False,275.1,27.200000000000003,-12.9
11730,206462.0,False,275.7,26.8,-12.3
11731,206478.0,False,276.8,26.1,-10.9
11732,206497.0,False,278.1,25.700000000000003,-9.3
11733,206512.0,False,278.7,25.700000000000003,-8.3
11734,206529.0,False,280.40000000000003,26.1,-6.5
11735,206552.0,False,282.40000000000003,27.0,-4.9
11736,206570.0,False,284.90000000000003,28.3,-3.8000000000000003
11737,206580.0,False,286.3,29.0,-3.4000000000000004
11738,206595.0,False,289.1,30.700000000000003,-2.9000000000000004
11739,206612.0,False,290.6,31.5,-2.7
11740,206628.0,False,293.40000000000003,33.1,-2.6
11741,206649.0,False,296.0,34.4,-2.5
11742,206663.0,False,297.1,35.0,-2.4000000000000004
11743,206682.0,False,298.90000000000003,35.7,-2.0
11744,206697.0,False,300.2,35.9,-1.2000000000000002
11745,206711.0,False,300.6,35.800000000000004,-0.7000000000000001
11746,206728.0,False,301.2,35.300000000000004,0.4
11747,206752.0,False,301.6,34.5,1.4000000000000001
11748,206763.0,False,301.7,34.1,1.7000000000000002
11749,206779.0,False,301.8,33.1,1.8
11750,206795.0,False,301.90000000000003,32.0,1.1
11751,206812.0,False,301.90000000000003,31.3,0.4
11752,206829.0,False,301.90000000000003,29.8,-1.3
11753,206858.0,False,301.5,27.700000000000003,-3.9000000000000004
11754,206866.0,False,301.3,27.200000000000003,-4.5
11755,206881.0,False,301.1,26.8,-5.0
11756,206899.0,False,300.90000000000003,26.3,-5.4
11757,206918.0,False,300.90000000000003,26.1,-5.4
11758,206933.0,False,301.0,26.200000000000003,-5.4
11759,206952.0,False,301.5,26.700000000000003,-5.5
11760,206973.0,False,301.90000000000003,27.6,-5.800000000000001
11761,206980.0,False,302.0,28.200000000000003,-5.9
11762,206998.0,False,302.0,29.5,-6.1000000000000005
11763,207012.0,False,301.90000000000003,30.200000000000003,-6.1000000000000005
11764,207030.0,False,301.40000000000003,31.400000000000002,-5.9
11765,207054.0,False,300.6,32.4,-5.6000000000000005
11766,207062.0,False,300.1,32.6,-5.4
11767,207081.0,False,299.1,32.800000000000004,-5.0
11768,207095.0,False,298.5,32.800000000000004,-4.7
11769,207112.0,False,297.40000000000003,32.6,-4.2
11770,207133.0,False,296.40000000000003,32.300000000000004,-3.8000000000000003
11771,207152.0,False,295.5,32.0,-3.5
11772,207163.0,False,295.0,31.8,-3.5
11773,207180.0,False,294.3,31.5,-3.7
11774,207195.0,False,294.0,31.200000000000003,-4.0
11775,207214.0,False,293.5,30.700000000000003,-4.9
11776,207229.0,False,293.2,30.400000000000002,-5.4
11777,207250.0,False,292.40000000000003,29.400000000000002,-6.9
11778,207266.0,False,292.0,29.1,-7.4
11779,207285.0,False,291.3,28.8,-8.3
11780,207302.0,False,290.8,28.700000000000003,-8.9
11781,207312.0,False,290.6,28.6,-9.1
11782,207358.0,False,290.40000000000003,28.1,-10.100000000000001
11783,207382.0,False,290.40000000000003,27.8,-10.5
11784,207414.0,False,290.40000000000003,28.0,-10.0
11785,207428.0,False,290.40000000000003,28.0,-9.8
11786,207448.0,False,290.6,27.8,-9.3
11787,207462.0,False,291.0,27.400000000000002,-9.0
11788,207478.0,False,291.2,27.1,-9.0
11789,207497.0,False,291.7,26.6,-9.0
11790,207515.0,False,292.40000000000003,26.3,-9.200000000000001
11791,207533.0,False,293.2,26.400000000000002,-9.200000000000001
11792,207556.0,False,294.1,26.8,-8.700000000000001
11793,207565.0,False,294.6,27.0,-8.4
11794,207578.0,False,295.1,27.3,-8.0
11795,207595.0,False,296.40000000000003,27.6,-7.1000000000000005
11796,207616.0,False,298.0,27.6,-6.300000000000001
11797,207630.0,False,298.90000000000003,27.5,-5.800000000000001
11798,207653.0,False,301.7,27.400000000000002,-4.6000000000000005
11799,207678.0,False,303.6,27.6,-3.7
11800,207695.0,False,305.6,28.1,-2.7
11801,207715.0,False,307.90000000000003,28.8,-1.8
11802,207728.0,False,309.20000000000005,29.200000000000003,-1.4000000000000001
11803,207749.0,False,312.20000000000005,30.200000000000003,-0.8
11804,207763.0,False,313.90000000000003,30.8,-0.7000000000000001
11805,207779.0,False,317.8,32.1,-0.7000000000000001
11806,207797.0,False,321.8,33.300000000000004,-0.8
11807,207814.0,False,325.70000000000005,34.0,-0.7000000000000001
11808,207834.0,False,329.0,34.2,0.1
11809,207849.0,False,330.3,34.0,0.8
11810,207861.0,False,331.3,33.5,1.8
11811,207878.0,False,332.40000000000003,32.2,4.2
11812,207899.0,False,332.5,30.700000000000003,6.800000000000001
11813,207911.0,False,332.3,30.0,8.0
11814,207930.0,False,331.6,29.0,10.200000000000001
11815,207951.0,False,331.0,28.6,11.8
11816,207963.0,False,330.8,28.6,12.3
11817,207978.0,False,330.6,28.8,12.5
11818,207995.0,False,330.5,28.900000000000002,11.4
11819,208015.0,False,330.5,28.5,9.5
11820,208029.0,False,330.40000000000003,28.200000000000003,8.200000000000001
11821,208057.0,False,330.0,26.8,3.7
11822,208069.0,False,329.8,26.3,2.2
11823,208080.0,False,329.70000000000005,25.8,0.8
11824,208097.0,False,329.5,25.0,-1.6
11825,208112.0,False,329.40000000000003,24.5,-2.6
11826,208129.0,False,329.3,23.8,-3.8000000000000003
11827,208152.0,False,329.20000000000005,23.3,-4.2
11828,208162.0,False,329.1,23.400000000000002,-4.3
11829,208178.0,False,328.90000000000003,23.8,-4.3
11830,208197.0,False,328.90000000000003,24.700000000000003,-4.3
11831,208217.0,False,328.90000000000003,25.900000000000002,-4.3
11832,208229.0,False,329.0,26.5,-4.4
11833,208250.0,False,329.3,27.700000000000003,-4.7
11834,208262.0,False,329.5,28.200000000000003,-4.800000000000001
11835,208279.0,False,329.90000000000003,29.3,-5.300000000000001
11836,208295.0,False,330.20000000000005,29.8,-5.5
11837,208315.0,False,330.8,30.900000000000002,-6.0
11838,208329.0,False,331.3,31.900000000000002,-6.5
11839,208354.0,False,331.8,32.6,-6.9
11840,208363.0,False,331.90000000000003,32.800000000000004,-7.0
11841,208380.0,False,332.1,32.800000000000004,-7.300000000000001
11842,208395.0,False,332.20000000000005,32.5,-7.300000000000001
11843,208424.0,False,332.1,31.1,-7.9
11844,208428.0,False,332.1,30.6,-8.200000000000001
11845,208449.0,False,332.3,29.6,-9.200000000000001
11846,208462.0,False,332.5,29.3,-9.8
11847,208479.0,False,333.20000000000005,28.6,-11.3
11848,208497.0,False,333.70000000000005,28.200000000000003,-12.0
11849,208513.0,False,334.70000000000005,27.3,-13.5
11850,208528.0,False,335.3,26.8,-14.100000000000001
11851,208551.0,False,337.0,25.400000000000002,-15.100000000000001
11852,208562.0,False,337.5,24.900000000000002,-15.100000000000001
11853,208578.0,False,338.0,24.5,-14.9
11854,208597.0,False,338.90000000000003,23.900000000000002,-14.200000000000001
11855,208615.0,False,339.8,23.5,-13.3
11856,208635.0,False,340.90000000000003,23.200000000000003,-12.5
11857,208656.0,False,342.1,23.1,-11.9
11858,208668.0,False,342.8,23.0,-11.600000000000001
11859,208681.0,False,343.40000000000003,23.0,-11.200000000000001
11860,208695.0,False,344.6,23.400000000000002,-10.200000000000001
11861,208711.0,False,345.70000000000005,24.1,-8.700000000000001
11862,208729.0,False,346.20000000000005,24.5,-7.9
11863,208751.0,False,347.20000000000005,25.1,-6.4
11864,208765.0,False,348.20000000000005,25.1,-5.2
11865,208778.0,False,348.8,24.900000000000002,-4.800000000000001
11866,208795.0,False,350.0,24.3,-4.5
11867,208813.0,False,351.3,24.0,-4.7
11868,208829.0,False,351.90000000000003,24.0,-4.800000000000001
11869,208847.0,False,353.1,24.3,-5.300000000000001
11870,208862.0,False,353.70000000000005,24.700000000000003,-5.5
11871,208878.0,False,355.20000000000005,25.700000000000003,-5.7
11872,208895.0,False,357.0,26.900000000000002,-5.7
11873,208914.0,False,359.1,28.1,-5.6000000000000005
11874,208929.0,False,0.30000000000000004,28.700000000000003,-5.5
11875,208965.0,False,5.4,31.1,-5.5
11876,208981.0,False,6.800000000000001,31.700000000000003,-5.800000000000001
11877,208995.0,False,9.600000000000001,32.7,-6.5
11878,209012.0,False,10.8,33.2,-7.0
11879,209029.0,False,13.200000000000001,34.2,-8.0
11880,209047.0,False,15.100000000000001,35.1,-9.1
11881,209070.0,False,16.7,35.7,-10.0
11882,209082.0,False,17.3,35.9,-10.4
11883,209095.0,False,18.2,35.800000000000004,-11.0
11884,209118.0,False,18.7,35.4,-11.600000000000001
11885,209128.0,False,18.8,35.1,-11.8
11886,209153.0,False,18.7,34.5,-11.8
11887,209165.0,False,18.6,34.1,-11.700000000000001
11888,209178.0,False,18.1,33.0,-11.200000000000001
11889,209197.0,False,17.5,31.400000000000002,-10.4
11890,209216.0,False,17.1,29.400000000000002,-9.600000000000001
11891,209229.0,False,17.1,28.400000000000002,-9.1
11892,209251.0,False,17.1,26.400000000000002,-8.4
11893,209266.0,False,17.2,24.6,-7.9
11894,209278.0,False,17.3,23.900000000000002,-7.800000000000001
11895,209296.0,False,17.400000000000002,22.900000000000002,-7.800000000000001
11896,209311.0,False,17.400000000000002,22.6,-7.9
11897,209328.0,False,17.3,22.6,-7.9
11898,209351.0,False,17.1,23.200000000000003,-7.6000000000000005
11899,209362.0,False,17.0,23.700000000000003,-7.4
11900,209380.0,False,16.7,24.700000000000003,-6.9
11901,209395.0,False,16.7,25.1,-6.800000000000001
11902,209412.0,False,16.5,25.6,-6.7
11903,209428.0,False,16.3,25.8,-6.7
11904,209450.0,False,16.0,25.6,-6.9
11905,209461.0,False,15.8,25.5,-6.9
11906,209479.0,False,15.4,25.1,-6.9
11907,209496.0,False,15.100000000000001,25.0,-6.800000000000001
11908,209511.0,False,14.5,24.6,-6.6000000000000005
11909,209531.0,False,13.9,24.3,-6.4
11910,209545.0,False,13.600000000000001,24.1,-6.300000000000001
11911,209564.0,False,13.100000000000001,23.8,-6.300000000000001
11912,209578.0,False,12.8,23.200000000000003,-6.6000000000000005
11913,209598.0,False,12.600000000000001,22.5,-7.300000000000001
11914,209616.0,False,12.700000000000001,22.3,-7.7
11915,209628.0,False,12.700000000000001,22.1,-8.1
11916,209651.0,False,13.3,22.200000000000003,-9.3
11917,209661.0,False,13.700000000000001,22.3,-9.600000000000001
11918,209678.0,False,14.100000000000001,22.400000000000002,-10.0
11919,209700.0,False,15.100000000000001,22.400000000000002,-10.700000000000001
11920,209718.0,False,15.4,22.400000000000002,-10.700000000000001
11921,209728.0,False,15.600000000000001,22.400000000000002,-10.600000000000001
11922,209758.0,False,16.0,22.5,-9.8
11923,209764.0,False,16.2,22.5,-9.4
11924,209784.0,False,16.7,22.400000000000002,-8.9
11925,209799.0,False,17.1,22.3,-8.700000000000001
11926,209816.0,False,17.7,22.1,-8.4
11927,209832.0,False,18.3,22.1,-8.4
11928,209857.0,False,18.8,22.400000000000002,-8.200000000000001
11929,209870.0,False,19.1,22.6,-8.1
11930,209882.0,False,19.5,23.0,-7.9
11931,209895.0,False,20.200000000000003,23.6,-7.300000000000001
11932,209912.0,False,21.1,24.0,-6.7
11933,209930.0,False,21.5,24.1,-6.4
11934,209963.0,False,22.900000000000002,23.200000000000003,-4.9
11935,209980.0,False,23.400000000000002,22.700000000000003,-4.6000000000000005
11936,209995.0,False,24.5,21.400000000000002,-4.3
11937,210012.0,False,26.0,20.1,-4.4
11938,210028.0,False,26.900000000000002,19.6,-4.7
11939,210047.0,False,28.6,18.900000000000002,-5.2
11940,210062.0,False,29.400000000000002,18.7,-5.5
11941,210078.0,False,31.1,18.7,-5.800000000000001
11942,210095.0,False,32.800000000000004,18.900000000000002,-5.800000000000001
11943,210114.0,False,34.5,19.1,-5.7
11944,210129.0,False,35.300000000000004,19.200000000000003,-5.6000000000000005
11945,210169.0,False,38.400000000000006,19.3,-5.6000000000000005
11946,210178.0,False,39.0,19.200000000000003,-5.6000000000000005
11947,210195.0,False,40.300000000000004,19.1,-5.7
11948,210212.0,False,41.0,19.0,-5.800000000000001
11949,210233.0,False,42.400000000000006,18.7,-6.1000000000000005
11950,210254.0,False,44.400000000000006,18.2,-7.300000000000001
11951,210279.0,False,45.5,18.0,-8.6
11952,210295.0,False,46.1,18.1,-10.100000000000001
11953,210313.0,False,46.1,18.3,-10.8
11954,210331.0,False,46.0,18.8,-11.700000000000001
11955,210352.0,False,45.7,19.0,-12.4
11956,210369.0,False,44.900000000000006,18.7,-12.8
11957,210378.0,False,44.300000000000004,18.3,-12.8
11958,210398.0,False,42.900000000000006,17.400000000000002,-12.3
11959,210413.0,False,42.2,16.8,-11.9
11960,210429.0,False,40.5,15.5,-10.9
11961,210461.0,False,38.5,13.9,-9.200000000000001
11962,210478.0,False,37.9,13.4,-8.5
11963,210498.0,False,37.6,13.4,-8.4
11964,210512.0,False,37.6,13.600000000000001,-8.4
11965,210529.0,False,37.7,14.3,-8.700000000000001
11966,210559.0,False,37.9,15.3,-9.1
11967,210562.0,False,38.1,15.700000000000001,-9.3
11968,210582.0,False,38.300000000000004,16.7,-9.700000000000001
11969,210598.0,False,38.5,17.6,-9.9
11970,210613.0,False,38.6,17.900000000000002,-10.0
11971,210629.0,False,38.6,18.7,-10.0
11972,210651.0,False,38.5,19.3,-9.8
11973,210666.0,False,38.400000000000006,19.6,-9.700000000000001
11974,210678.0,False,38.2,19.900000000000002,-9.600000000000001
11975,210700.0,False,37.800000000000004,20.400000000000002,-9.5
11976,210718.0,False,37.2,20.200000000000003,-9.5
11977,210728.0,False,36.9,19.8,-9.5
11978,210760.0,False,36.1,18.900000000000002,-9.700000000000001
11979,210778.0,False,35.0,17.5,-9.9
11980,210795.0,False,34.7,17.1,-10.0
11981,210812.0,False,34.4,16.6,-10.100000000000001
11982,210828.0,False,34.6,16.3,-10.200000000000001
11983,210845.0,False,34.800000000000004,16.1,-10.4
11984,210865.0,False,35.6,15.600000000000001,-10.9
11985,210878.0,False,36.6,15.200000000000001,-11.600000000000001
11986,210897.0,False,37.1,15.0,-11.8
11987,210914.0,False,38.0,14.8,-12.0
11988,210929.0,False,38.400000000000006,14.8,-12.0
11989,210948.0,False,39.300000000000004,14.5,-11.8
11990,210973.0,False,40.6,13.4,-12.0
11991,210981.0,False,40.900000000000006,13.100000000000001,-12.200000000000001
11992,210995.0,False,41.300000000000004,12.8,-12.4
11993,211015.0,False,41.900000000000006,12.600000000000001,-13.0
11994,211031.0,False,42.5,12.700000000000001,-13.700000000000001
11995,211049.0,False,42.800000000000004,12.9,-13.9
11996,211065.0,False,43.7,13.700000000000001,-14.200000000000001
11997,211082.0,False,44.7,14.600000000000001,-14.0
11998,211095.0,False,45.300000000000004,15.0,-13.9
11999,211114.0,False,46.6,15.600000000000001,-13.5
12000,211132.0,False,48.1,16.1,-13.0
12001,211153.0,False,49.7,16.7,-12.5
12002,211163.0,False,50.6,17.2,-12.3
12003,211182.0,False,52.300000000000004,18.2,-11.9
12004,211195.0,False,53.1,18.7,-11.700000000000001
12005,211211.0,False,54.800000000000004,20.1,-11.100000000000001
12006,211229.0,False,55.6,20.8,-10.8
12007,211250.0,False,57.2,22.400000000000002,-10.0
12008,211264.0,False,59.0,24.1,-9.200000000000001
12009,211278.0,False,59.900000000000006,24.900000000000002,-8.8
12010,211298.0,False,61.900000000000006,26.6,-8.1
12011,211313.0,False,63.900000000000006,28.200000000000003,-7.5
12012,211328.0,False,64.8,29.0,-7.300000000000001
12013,211356.0,False,67.5,31.1,-6.9
12014,211378.0,False,69.0,32.1,-6.9
12015,211395.0,False,69.7,32.5,-6.9
12016,211416.0,False,71.0,33.2,-6.7
12017,211430.0,False,71.3,33.4,-6.5
12018,211450.0,False,71.60000000000001,33.5,-5.9
12019,211467.0,False,71.8,33.300000000000004,-5.2
12020,211478.0,False,71.8,33.0,-4.800000000000001
12021,211495.0,False,72.0,31.900000000000002,-4.5
12022,211517.0,False,72.2,30.5,-4.800000000000001
12023,211528.0,False,72.3,29.6,-5.300000000000001
12024,211554.0,False,72.60000000000001,27.8,-6.9
12025,211567.0,False,72.9,25.700000000000003,-9.200000000000001
12026,211579.0,False,73.0,24.8,-10.4
12027,211596.0,False,73.10000000000001,23.200000000000003,-12.5
12028,211612.0,False,73.10000000000001,22.700000000000003,-13.100000000000001
12029,211638.0,False,73.0,22.1,-13.3
12030,211653.0,False,73.10000000000001,22.200000000000003,-13.100000000000001
12031,211664.0,False,73.2,22.3,-12.700000000000001
12032,211678.0,False,73.4,22.900000000000002,-12.100000000000001
12033,211698.0,False,73.5,23.700000000000003,-11.8
12034,211712.0,False,73.4,24.1,-11.8
12035,211728.0,False,73.10000000000001,24.700000000000003,-12.100000000000001
12036,211751.0,False,72.5,25.200000000000003,-12.600000000000001
12037,211766.0,False,72.2,25.3,-12.9
12038,211778.0,False,71.5,25.700000000000003,-13.4
12039,211800.0,False,70.8,25.900000000000002,-13.700000000000001
12040,211818.0,False,70.0,26.1,-13.9
12041,211828.0,False,69.60000000000001,26.200000000000003,-14.0
12042,211852.0,False,68.8,26.1,-13.9
12043,211862.0,False,68.3,26.0,-13.8
12044,211879.0,False,67.3,25.5,-13.600000000000001
12045,211895.0,False,66.8,25.200000000000003,-13.5
12046,211911.0,False,65.7,24.200000000000003,-13.200000000000001
12047,211929.0,False,64.5,22.900000000000002,-13.100000000000001
12048,211954.0,False,63.400000000000006,21.200000000000003,-13.4
12049,211964.0,False,62.800000000000004,20.3,-13.700000000000001
12050,211981.0,False,61.800000000000004,18.6,-14.600000000000001
12051,211995.0,False,61.300000000000004,17.8,-15.100000000000001
12052,212012.0,False,60.6,16.6,-15.8
12053,212028.0,False,60.2,15.9,-15.9
12054,212046.0,False,60.2,15.700000000000001,-15.700000000000001
12055,212065.0,False,60.800000000000004,15.3,-15.0
12056,212078.0,False,61.300000000000004,15.100000000000001,-14.5
12057,212098.0,False,62.800000000000004,14.700000000000001,-13.8
12058,212112.0,False,64.8,14.3,-13.600000000000001
12059,212128.0,False,65.8,14.200000000000001,-13.8
12060,212182.0,False,71.10000000000001,14.200000000000001,-16.2
12061,212205.0,False,72.2,14.600000000000001,-16.2
12062,212225.0,False,73.2,15.4,-15.600000000000001
12063,212246.0,False,74.3,16.5,-14.700000000000001
12064,212264.0,False,75.5,17.5,-14.0
12065,212278.0,False,76.10000000000001,18.0,-13.8
12066,212298.0,False,77.30000000000001,18.7,-13.5
12067,212311.0,False,78.30000000000001,19.400000000000002,-13.5
12068,212332.0,False,79.0,20.0,-13.4
12069,212348.0,False,79.4,20.400000000000002,-13.3
12070,212367.0,False,79.9,21.400000000000002,-13.0
12071,212378.0,False,80.2,22.0,-12.700000000000001
12072,212413.0,False,81.5,24.700000000000003,-11.600000000000001
12073,212433.0,False,82.5,26.200000000000003,-11.100000000000001
12074,212451.0,False,83.10000000000001,26.900000000000002,-10.9
12075,212464.0,False,84.10000000000001,28.3,-10.5
12076,212479.0,False,84.60000000000001,29.0,-10.200000000000001
12077,212499.0,False,85.5,30.1,-9.700000000000001
12078,212516.0,False,86.30000000000001,31.1,-9.200000000000001
12079,212535.0,False,86.9,32.0,-8.700000000000001
12080,212557.0,False,87.60000000000001,32.800000000000004,-8.4
12081,212566.0,False,87.9,33.2,-8.3
12082,212580.0,False,88.30000000000001,33.5,-8.200000000000001
12083,212597.0,False,89.0,34.1,-8.200000000000001
12084,212614.0,False,89.60000000000001,34.4,-8.3
12085,212630.0,False,89.9,34.4,-8.5
12086,212649.0,False,90.30000000000001,33.9,-9.1
12087,212667.0,False,90.60000000000001,33.0,-10.100000000000001
12088,212678.0,False,90.7,32.4,-10.600000000000001
12089,212695.0,False,90.80000000000001,31.0,-11.4
12090,212716.0,False,90.60000000000001,29.5,-11.700000000000001
12091,212728.0,False,90.5,28.700000000000003,-11.600000000000001
12092,212754.0,False,90.4,27.200000000000003,-11.0
12093,212767.0,False,90.4,26.0,-10.3
12094,212779.0,False,90.5,25.5,-9.9
12095,212795.0,False,90.9,24.8,-9.600000000000001
12096,212811.0,False,91.10000000000001,24.700000000000003,-9.700000000000001
12097,212828.0,False,91.5,24.900000000000002,-10.0
12098,212850.0,False,91.80000000000001,25.6,-10.5
12099,212867.0,False,91.9,26.5,-10.9
12100,212879.0,False,91.9,27.0,-11.0
12101,212895.0,False,91.9,28.0,-11.100000000000001
12102,212912.0,False,91.80000000000001,28.400000000000002,-11.100000000000001
12103,212928.0,False,91.60000000000001,29.200000000000003,-11.0
12104,212946.0,False,91.4,30.0,-11.0
12105,212968.0,False,91.10000000000001,30.700000000000003,-11.100000000000001
12106,212978.0,False,91.0,31.0,-11.200000000000001
12107,212996.0,False,90.60000000000001,31.700000000000003,-11.3
12108,213013.0,False,90.4,32.0,-11.4
12109,213028.0,False,89.80000000000001,32.4,-11.4
12110,213047.0,False,89.0,32.300000000000004,-11.5
12111,213061.0,False,88.60000000000001,32.0,-11.5
12112,213078.0,False,87.7,31.1,-11.700000000000001
12113,213098.0,False,86.80000000000001,30.0,-12.3
12114,213118.0,False,86.0,28.8,-13.3
12115,213164.0,False,85.80000000000001,26.8,-16.400000000000002
12116,213179.0,False,86.30000000000001,26.3,-17.7
12117,213195.0,False,86.7,26.200000000000003,-18.3
12118,213214.0,False,87.5,26.0,-18.7
12119,213228.0,False,88.30000000000001,26.1,-18.6
12120,213253.0,False,89.10000000000001,26.1,-18.3
12121,213280.0,False,90.2,25.8,-18.1
12122,213295.0,False,90.5,25.700000000000003,-18.1
12123,213311.0,False,90.9,25.5,-18.400000000000002
12124,213329.0,False,91.10000000000001,25.200000000000003,-18.6
12125,213357.0,False,91.10000000000001,25.0,-18.5
12126,213365.0,False,91.0,24.900000000000002,-18.3
12127,213379.0,False,90.9,25.0,-17.400000000000002
12128,213394.0,False,90.9,25.1,-16.8
12129,213423.0,False,91.0,25.900000000000002,-14.600000000000001
12130,213446.0,False,91.30000000000001,26.700000000000003,-12.9
12131,213463.0,False,91.80000000000001,27.400000000000002,-11.100000000000001
12132,213480.0,False,92.2,27.6,-10.4
12133,213495.0,False,93.2,27.8,-9.4
12134,213513.0,False,94.4,27.900000000000002,-8.9
12135,213533.0,False,95.60000000000001,28.400000000000002,-8.5
12136,213556.0,False,96.80000000000001,29.400000000000002,-8.1
12137,213564.0,False,97.4,29.900000000000002,-7.800000000000001
12138,213581.0,False,98.10000000000001,30.5,-7.5
12139,213601.0,False,100.30000000000001,32.0,-6.7
12140,213616.0,False,101.10000000000001,32.4,-6.5
12141,213630.0,False,101.9,32.800000000000004,-6.4
12142,213650.0,False,103.5,33.300000000000004,-6.300000000000001
12143,213661.0,False,104.2,33.5,-6.2
12144,213682.0,False,105.9,33.6,-6.4
12145,213694.0,False,106.4,33.6,-6.5
12146,213714.0,False,107.2,33.6,-6.9
12147,213728.0,False,107.60000000000001,33.7,-7.1000000000000005
12148,213751.0,False,108.30000000000001,34.300000000000004,-7.300000000000001
12149,213767.0,False,108.9,35.2,-7.5
12150,213778.0,False,109.30000000000001,35.7,-7.5
12151,213795.0,False,110.0,36.5,-7.800000000000001
12152,213811.0,False,110.30000000000001,36.800000000000004,-8.1
12153,213828.0,False,110.9,37.300000000000004,-8.6
12154,213848.0,False,111.5,37.6,-9.1
12155,213862.0,False,111.80000000000001,37.7,-9.4
12156,213878.0,False,112.30000000000001,37.5,-9.8
12157,213894.0,False,112.9,36.9,-10.200000000000001
12158,213916.0,False,113.4,35.9,-10.5
12159,213929.0,False,113.7,35.2,-10.700000000000001
12160,213949.0,False,114.0,33.6,-11.100000000000001
12161,213970.0,False,114.2,32.300000000000004,-11.200000000000001
12162,213978.0,False,114.30000000000001,31.900000000000002,-11.100000000000001
12163,213999.0,False,114.4,31.6,-10.5
12164,214013.0,False,114.60000000000001,31.6,-10.200000000000001
12165,214028.0,False,115.10000000000001,31.700000000000003,-9.700000000000001
12166,214053.0,False,115.7,32.0,-9.200000000000001
12167,214062.0,False,115.9,32.2,-9.0
12168,214078.0,False,116.30000000000001,32.4,-8.700000000000001
12169,214095.0,False,116.5,32.6,-8.4
12170,214112.0,False,116.5,32.5,-8.3
12171,214128.0,False,116.4,32.1,-8.0
12172,214159.0,False,115.80000000000001,31.3,-7.300000000000001
12173,214167.0,False,115.5,31.0,-6.9
12174,214178.0,False,115.2,30.700000000000003,-6.6000000000000005
12175,214196.0,False,114.9,30.400000000000002,-6.300000000000001
12176,214212.0,False,114.4,29.6,-5.6000000000000005
12177,214228.0,False,113.80000000000001,28.900000000000002,-5.2
12178,214258.0,False,113.5,28.5,-5.1000000000000005
12179,214263.0,False,113.4,28.3,-5.2
12180,214278.0,False,113.4,28.0,-5.5
12181,214295.0,False,113.5,27.8,-5.800000000000001
12182,214313.0,False,113.80000000000001,27.3,-6.4
12183,214328.0,False,114.30000000000001,26.900000000000002,-6.9
12184,214350.0,False,115.0,26.700000000000003,-7.5
12185,214363.0,False,115.4,26.6,-7.9
12186,214378.0,False,116.10000000000001,26.400000000000002,-8.700000000000001
12187,214400.0,False,116.7,26.1,-9.4
12188,214412.0,False,116.80000000000001,26.0,-9.700000000000001
12189,214453.0,False,116.60000000000001,26.0,-9.4
12190,214462.0,False,116.60000000000001,26.1,-9.1
12191,214480.0,False,116.7,26.200000000000003,-8.6
12192,214496.0,False,116.80000000000001,26.1,-8.4
12193,214515.0,False,117.0,25.8,-8.4
12194,214535.0,False,117.2,25.3,-8.6
12195,214551.0,False,117.2,24.6,-9.200000000000001
12196,214562.0,False,117.10000000000001,24.200000000000003,-9.600000000000001
12197,214581.0,False,116.7,23.700000000000003,-10.200000000000001
12198,214595.0,False,116.5,23.6,-10.4
12199,214616.0,False,116.10000000000001,23.700000000000003,-10.4
12200,214630.0,False,115.80000000000001,23.8,-10.100000000000001
12201,214652.0,False,115.7,23.8,-9.5
12202,214663.0,False,115.9,23.6,-9.200000000000001
12203,214678.0,False,116.2,23.400000000000002,-8.9
12204,214699.0,False,117.10000000000001,22.900000000000002,-8.4
12205,214713.0,False,118.4,22.200000000000003,-7.9
12206,214728.0,False,119.10000000000001,21.900000000000002,-7.6000000000000005
12207,214752.0,False,121.5,21.3,-6.5
12208,214762.0,False,122.4,21.3,-6.2
12209,214778.0,False,123.30000000000001,21.5,-5.9
12210,214798.0,False,125.30000000000001,22.200000000000003,-5.5
12211,214813.0,False,127.4,23.1,-5.7
12212,214828.0,False,128.5,23.6,-5.9
12213,214851.0,False,131.5,25.1,-6.800000000000001
12214,214863.0,False,132.4,25.6,-7.0
12215,214878.0,False,133.20000000000002,26.0,-7.300000000000001
12216,214897.0,False,134.5,26.6,-7.7
12217,214916.0,False,135.4,26.8,-8.1
12218,214935.0,False,135.9,26.8,-8.5
12219,214972.0,False,136.1,26.5,-8.9
12220,214995.0,False,135.5,26.400000000000002,-9.1
12221,215012.0,False,134.9,26.200000000000003,-9.3
12222,215031.0,False,134.5,26.1,-9.3
12223,215050.0,False,133.5,25.8,-9.4
12224,215062.0,False,133.0,25.700000000000003,-9.4
12225,215078.0,False,132.1,25.700000000000003,-9.4
12226,215098.0,False,131.4,25.5,-9.5
12227,215115.0,False,130.8,25.0,-9.700000000000001
12228,215135.0,False,130.5,23.900000000000002,-10.100000000000001
12229,215152.0,False,130.4,23.1,-10.200000000000001
12230,215169.0,False,130.1,21.400000000000002,-10.600000000000001
12231,215181.0,False,130.0,20.6,-10.700000000000001
12232,215194.0,False,129.6,19.3,-10.600000000000001
12233,215211.0,False,129.4,19.0,-10.4
12234,215229.0,False,129.1,18.900000000000002,-9.9
12235,215264.0,False,129.20000000000002,19.5,-9.1
12236,215278.0,False,129.6,20.1,-8.9
12237,215296.0,False,130.1,20.6,-9.1
12238,215311.0,False,130.3,20.8,-9.200000000000001
12239,215328.0,False,130.8,21.0,-9.600000000000001
12240,215355.0,False,131.1,21.1,-9.700000000000001
12241,215367.0,False,131.1,21.0,-9.600000000000001
12242,215380.0,False,131.20000000000002,20.900000000000002,-9.3
12243,215396.0,False,131.20000000000002,20.900000000000002,-8.9
12244,215412.0,False,131.20000000000002,20.900000000000002,-8.700000000000001
12245,215428.0,False,131.20000000000002,21.1,-8.3
12246,215446.0,False,131.20000000000002,21.1,-8.1
12247,215466.0,False,131.4,21.1,-7.9
12248,215486.0,False,131.6,21.0,-7.7
12249,215495.0,False,131.70000000000002,20.8,-7.5
12250,215511.0,False,132.1,20.3,-7.300000000000001
12251,215528.0,False,132.70000000000002,19.700000000000003,-7.2
12252,215545.0,False,133.1,19.5,-7.2
12253,215569.0,False,134.70000000000002,19.1,-7.800000000000001
12254,215595.0,False,136.0,19.1,-8.8
12255,215611.0,False,137.5,19.200000000000003,-10.0
12256,215631.0,False,138.9,19.3,-11.200000000000001
12257,215651.0,False,140.20000000000002,19.3,-11.9
12258,215661.0,False,140.70000000000002,19.200000000000003,-12.0
12259,215678.0,False,141.3,19.200000000000003,-11.9
12260,215699.0,False,143.0,19.200000000000003,-11.600000000000001
12261,215716.0,False,143.6,19.200000000000003,-11.4
12262,215730.0,False,144.8,19.3,-11.200000000000001
12263,215744.0,False,145.3,19.3,-11.100000000000001
12264,215773.0,False,147.0,19.3,-10.8
12265,215786.0,False,147.5,19.400000000000002,-10.700000000000001
12266,215795.0,False,148.0,19.5,-10.5
12267,215811.0,False,149.0,20.0,-10.0
12268,215828.0,False,149.6,20.3,-9.700000000000001
12269,215845.0,False,150.9,20.900000000000002,-9.1
12270,215865.0,False,152.5,21.3,-8.700000000000001
12271,215878.0,False,153.3,21.400000000000002,-8.6
12272,215895.0,False,155.20000000000002,21.400000000000002,-8.4
12273,215913.0,False,157.10000000000002,20.900000000000002,-8.200000000000001
12274,215934.0,False,159.10000000000002,20.0,-8.1
12275,215951.0,False,161.0,19.200000000000003,-8.1
12276,215965.0,False,161.9,19.1,-8.0
12277,215978.0,False,162.60000000000002,19.3,-7.9
12278,215996.0,False,163.9,20.6,-7.1000000000000005
12279,216013.0,False,165.20000000000002,22.3,-6.1000000000000005
12280,216033.0,False,166.70000000000002,24.200000000000003,-5.1000000000000005
12281,216045.0,False,167.5,25.1,-4.7
12282,216065.0,False,169.3,26.700000000000003,-3.9000000000000004
12283,216078.0,False,170.20000000000002,27.400000000000002,-3.6
12284,216097.0,False,171.9,28.6,-3.1
12285,216113.0,False,173.5,29.700000000000003,-3.0
12286,216128.0,False,174.20000000000002,30.1,-3.0
12287,216155.0,False,175.9,31.3,-3.2
12288,216162.0,False,176.3,31.6,-3.3000000000000003
12289,216178.0,False,176.70000000000002,31.8,-3.3000000000000003
12290,216198.0,False,177.5,32.2,-3.3000000000000003
12291,216213.0,False,178.3,32.4,-3.4000000000000004
12292,216228.0,False,178.60000000000002,32.300000000000004,-3.5
12293,216251.0,False,179.20000000000002,32.0,-3.8000000000000003
12294,216264.0,False,179.4,31.3,-4.3
12295,216279.0,False,179.4,30.8,-4.5
12296,216294.0,False,179.3,29.6,-5.1000000000000005
12297,216312.0,False,179.20000000000002,28.900000000000002,-5.300000000000001
12298,216330.0,False,179.10000000000002,27.200000000000003,-5.800000000000001
12299,216351.0,False,179.0,25.400000000000002,-6.2
12300,216366.0,False,179.10000000000002,23.8,-6.5
12301,216378.0,False,179.20000000000002,23.1,-6.6000000000000005
12302,216394.0,False,179.4,22.1,-7.1000000000000005
12303,216418.0,False,179.70000000000002,21.400000000000002,-7.6000000000000005
12304,216428.0,False,179.8,21.3,-7.800000000000001
12305,216450.0,False,180.10000000000002,21.400000000000002,-8.200000000000001
12306,216467.0,False,180.20000000000002,22.0,-8.5
12307,216481.0,False,180.20000000000002,22.400000000000002,-8.5
12308,216495.0,False,180.10000000000002,23.200000000000003,-8.6
12309,216511.0,False,180.0,23.6,-8.6
12310,216530.0,False,179.70000000000002,24.3,-8.700000000000001
12311,216553.0,False,179.3,24.700000000000003,-8.9
12312,216564.0,False,179.10000000000002,24.8,-9.1
12313,216587.0,False,178.20000000000002,24.5,-9.600000000000001
12314,216597.0,False,177.8,24.400000000000002,-9.700000000000001
12315,216612.0,False,177.4,24.200000000000003,-9.700000000000001
12316,216630.0,False,176.5,23.900000000000002,-9.700000000000001
12317,216653.0,False,175.5,23.700000000000003,-9.600000000000001
12318,216661.0,False,175.10000000000002,23.6,-9.600000000000001
12319,216688.0,False,173.9,23.1,-9.600000000000001
12320,216698.0,False,173.60000000000002,22.900000000000002,-9.600000000000001
12321,216711.0,False,173.3,22.6,-9.700000000000001
12322,216730.0,False,172.60000000000002,22.0,-10.0
12323,216753.0,False,172.0,21.200000000000003,-10.3
12324,216762.0,False,171.70000000000002,21.0,-10.5
12325,216780.0,False,171.3,20.6,-10.700000000000001
12326,216796.0,False,171.20000000000002,20.5,-10.8
12327,216815.0,False,171.3,20.200000000000003,-11.3
12328,216839.0,False,172.10000000000002,20.200000000000003,-14.200000000000001
12329,216871.0,False,173.8,22.900000000000002,-21.0
12330,216882.0,False,174.4,24.5,-23.3
12331,216896.0,False,175.20000000000002,26.200000000000003,-25.400000000000002
12332,216912.0,False,176.8,29.200000000000003,-28.6
12333,216935.0,False,178.3,31.0,-30.400000000000002
12334,216945.0,False,178.8,31.3,-30.700000000000003
12335,216981.0,False,179.4,31.1,-29.8
12336,216981.0,False,179.3,30.8,-29.0
12337,216994.0,False,179.10000000000002,30.5,-28.0
12338,217011.0,False,178.4,30.1,-25.6
12339,217035.0,False,177.60000000000002,29.700000000000003,-23.1
12340,217046.0,False,177.3,29.6,-21.900000000000002
12341,217063.0,False,177.10000000000002,29.400000000000002,-20.0
12342,217078.0,False,177.20000000000002,29.400000000000002,-19.400000000000002
12343,217097.0,False,177.70000000000002,29.5,-18.6
12344,217112.0,False,178.5,29.5,-18.5
12345,217128.0,False,179.0,29.5,-18.6
12346,217154.0,False,181.10000000000002,29.6,-19.3
12347,217167.0,False,181.8,29.700000000000003,-19.5
12348,217178.0,False,182.60000000000002,29.900000000000002,-19.700000000000003
12349,217197.0,False,184.10000000000002,30.3,-19.700000000000003
12350,217211.0,False,185.4,31.0,-19.3
12351,217229.0,False,186.10000000000002,31.3,-19.0
12352,217248.0,False,187.4,31.8,-18.2
12353,217267.0,False,188.70000000000002,32.2,-17.2
12354,217279.0,False,189.3,32.300000000000004,-16.8
12355,217297.0,False,190.70000000000002,32.4,-16.0
12356,217313.0,False,192.10000000000002,32.5,-15.5
12357,217328.0,False,192.8,32.6,-15.5
12358,217362.0,False,194.9,32.6,-15.5
12359,217378.0,False,195.3,32.5,-15.5
12360,217395.0,False,196.0,32.5,-15.4
12361,217413.0,False,196.3,32.5,-15.3
12362,217432.0,False,196.9,32.300000000000004,-15.200000000000001
12363,217448.0,False,197.10000000000002,32.1,-15.3
12364,217465.0,False,197.9,31.1,-16.1
12365,217482.0,False,198.10000000000002,30.700000000000003,-16.400000000000002
12366,217494.0,False,198.5,29.700000000000003,-17.2
12367,217514.0,False,198.70000000000002,28.5,-17.900000000000002
12368,217528.0,False,198.8,27.8,-18.3
12369,217553.0,False,198.5,25.3,-18.900000000000002
12370,217566.0,False,198.4,24.400000000000002,-18.900000000000002
12371,217580.0,False,198.20000000000002,23.6,-18.7
12372,217595.0,False,197.8,22.400000000000002,-17.900000000000002
12373,217611.0,False,197.60000000000002,22.0,-17.400000000000002
12374,217630.0,False,197.5,21.700000000000003,-16.1
12375,217655.0,False,197.8,22.0,-14.600000000000001
12376,217678.0,False,198.20000000000002,22.6,-14.0
12377,217695.0,False,198.5,23.200000000000003,-13.9
12378,217712.0,False,198.5,23.6,-13.9
12379,217733.0,False,198.5,24.1,-14.100000000000001
12380,217748.0,False,198.20000000000002,24.3,-14.3
12381,217766.0,False,197.60000000000002,24.200000000000003,-14.4
12382,217778.0,False,197.3,24.1,-14.4
12383,217795.0,False,196.9,24.0,-14.3
12384,217812.0,False,196.20000000000002,23.700000000000003,-13.9
12385,217828.0,False,195.5,23.5,-13.3
12386,217847.0,False,194.9,23.3,-12.8
12387,217866.0,False,194.60000000000002,23.0,-12.5
12388,217882.0,False,194.5,22.8,-12.5
12389,217898.0,False,194.5,22.200000000000003,-12.8
12390,217917.0,False,194.60000000000002,21.6,-13.4
12391,217929.0,False,194.60000000000002,21.3,-13.700000000000001
12392,217947.0,False,194.70000000000002,21.0,-14.0
12393,217970.0,False,195.0,19.900000000000002,-14.600000000000001
12394,217978.0,False,195.10000000000002,19.6,-14.700000000000001
12395,217998.0,False,195.5,19.3,-14.700000000000001
12396,218016.0,False,195.70000000000002,19.200000000000003,-14.700000000000001
12397,218035.0,False,196.3,19.3,-14.700000000000001
12398,218050.0,False,196.9,19.5,-14.700000000000001
12399,218061.0,False,197.20000000000002,19.6,-14.700000000000001
12400,218082.0,False,197.8,19.700000000000003,-14.600000000000001
12401,218094.0,False,198.10000000000002,19.8,-14.5
12402,218111.0,False,198.8,20.0,-14.0
12403,218132.0,False,199.5,20.3,-13.4
12404,218157.0,False,200.5,20.400000000000002,-13.0
12405,218166.0,False,201.20000000000002,20.200000000000003,-13.200000000000001
12406,218181.0,False,202.5,19.200000000000003,-14.3
12407,218194.0,False,203.10000000000002,18.5,-15.0
12408,218212.0,False,204.10000000000002,17.5,-16.0
12409,218228.0,False,204.5,17.5,-16.1
12410,218244.0,False,205.4,18.3,-15.4
12411,218266.0,False,206.70000000000002,19.6,-14.200000000000001
12412,218283.0,False,208.4,20.5,-13.100000000000001
12413,218297.0,False,209.20000000000002,20.8,-12.700000000000001
12414,218314.0,False,210.9,20.8,-12.0
12415,218333.0,False,212.3,20.6,-11.4
12416,218349.0,False,212.8,20.5,-11.100000000000001
12417,218361.0,False,213.4,20.400000000000002,-10.5
12418,218382.0,False,213.5,20.700000000000003,-9.5
12419,218394.0,False,213.5,21.0,-8.9
12420,218411.0,False,213.5,21.400000000000002,-8.3
12421,218428.0,False,213.60000000000002,22.200000000000003,-7.1000000000000005
12422,218445.0,False,213.9,23.1,-6.1000000000000005
12423,218461.0,False,214.10000000000002,23.400000000000002,-5.800000000000001
12424,218481.0,False,214.70000000000002,24.1,-5.2
12425,218496.0,False,215.10000000000002,24.8,-4.800000000000001
12426,218512.0,False,215.5,25.400000000000002,-4.3
12427,218528.0,False,215.60000000000002,25.700000000000003,-4.1000000000000005
12428,218550.0,False,215.9,26.1,-3.9000000000000004
12429,218564.0,False,216.3,26.200000000000003,-3.9000000000000004
12430,218578.0,False,216.60000000000002,26.200000000000003,-4.1000000000000005
12431,218595.0,False,217.60000000000002,26.1,-4.7
12432,218612.0,False,218.3,26.1,-5.0
12433,218630.0,False,219.8,26.400000000000002,-6.0
12434,218653.0,False,222.3,27.700000000000003,-8.3
12435,218664.0,False,223.10000000000002,28.3,-9.200000000000001
12436,218678.0,False,223.9,28.900000000000002,-10.200000000000001
12437,218694.0,False,225.4,30.200000000000003,-12.100000000000001
12438,218714.0,False,226.8,31.3,-13.9
12439,218728.0,False,227.4,31.700000000000003,-14.600000000000001
12440,218752.0,False,228.5,32.5,-15.9
12441,218762.0,False,228.9,32.7,-16.400000000000002
12442,218778.0,False,229.5,32.7,-17.400000000000002
12443,218796.0,False,229.60000000000002,32.0,-18.3
12444,218812.0,False,229.4,31.400000000000002,-18.7
12445,218831.0,False,228.5,29.6,-19.200000000000003
12446,218851.0,False,226.8,27.200000000000003,-19.200000000000003
12447,218863.0,False,225.60000000000002,25.900000000000002,-18.8
12448,218878.0,False,222.9,23.3,-17.1
12449,218895.0,False,220.10000000000002,21.400000000000002,-14.200000000000001
12450,218911.0,False,218.9,20.6,-12.600000000000001
12451,218928.0,False,216.9,19.5,-9.8
12452,218945.0,False,215.5,18.900000000000002,-7.800000000000001
12453,218964.0,False,215.10000000000002,18.8,-7.1000000000000005
12454,218979.0,False,214.4,18.8,-6.4
12455,218995.0,False,214.3,18.8,-6.2
12456,219012.0,False,214.10000000000002,18.900000000000002,-6.2
12457,219031.0,False,214.10000000000002,18.8,-6.5
12458,219052.0,False,214.3,18.5,-6.800000000000001
12459,219064.0,False,214.60000000000002,18.400000000000002,-7.0
12460,219078.0,False,215.10000000000002,18.0,-7.4
12461,219099.0,False,215.8,17.8,-8.0
12462,219112.0,False,216.10000000000002,17.7,-8.3
12463,219128.0,False,216.8,17.5,-9.0
12464,219147.0,False,217.3,17.3,-9.8
12465,219166.0,False,217.60000000000002,17.1,-10.3
12466,219178.0,False,217.8,16.900000000000002,-10.8
12467,219195.0,False,218.3,16.3,-11.8
12468,219214.0,False,218.70000000000002,15.8,-12.600000000000001
12469,219230.0,False,219.20000000000002,15.600000000000001,-13.4
12470,219245.0,False,219.5,15.600000000000001,-13.8
12471,219269.0,False,220.8,15.700000000000001,-15.5
12472,219278.0,False,221.3,15.600000000000001,-16.2
12473,219294.0,False,221.9,15.4,-16.900000000000002
12474,219311.0,False,223.4,14.700000000000001,-18.2
12475,219328.0,False,224.3,14.3,-18.8
12476,219351.0,False,228.0,12.4,-20.1
12477,219368.0,False,231.0,11.200000000000001,-21.0
12478,219381.0,False,232.3,10.700000000000001,-21.6
12479,219394.0,False,233.60000000000002,10.3,-22.3
12480,219415.0,False,235.60000000000002,9.600000000000001,-23.200000000000003
12481,219430.0,False,237.4,9.1,-23.0
12482,219452.0,False,239.0,9.1,-21.6
12483,219469.0,False,240.60000000000002,9.9,-20.1
12484,219481.0,False,241.3,10.8,-19.5
12485,219494.0,False,242.0,11.8,-19.0
12486,219511.0,False,243.4,14.4,-18.6
12487,219532.0,False,245.0,17.1,-18.6
12488,219555.0,False,246.8,19.8,-18.8
12489,219562.0,False,247.8,21.0,-19.0
12490,219582.0,False,249.8,23.1,-19.5
12491,219594.0,False,250.8,24.1,-19.900000000000002
12492,219611.0,False,252.5,25.8,-20.5
12493,219632.0,False,254.0,27.6,-20.700000000000003
12494,219650.0,False,255.20000000000002,29.3,-20.3
12495,219666.0,False,255.70000000000002,30.200000000000003,-19.900000000000002
12496,219678.0,False,256.2,31.1,-19.400000000000002
12497,219694.0,False,257.1,32.800000000000004,-18.2
12498,219715.0,False,258.2,34.300000000000004,-17.0
12499,219730.0,False,258.8,35.0,-16.5
12500,219749.0,False,260.0,36.4,-15.700000000000001
12501,219762.0,False,261.5,37.7,-15.3
12502,219778.0,False,262.2,38.300000000000004,-15.200000000000001
12503,219794.0,False,263.8,39.400000000000006,-15.0
12504,219812.0,False,265.3,40.2,-14.8
12505,219828.0,False,265.90000000000003,40.5,-14.8
12506,219844.0,False,266.90000000000003,40.900000000000006,-14.600000000000001
12507,219863.0,False,267.5,41.300000000000004,-14.4
12508,219883.0,False,267.7,41.7,-14.0
12509,219894.0,False,267.7,41.800000000000004,-13.8
12510,219914.0,False,267.40000000000003,41.7,-13.200000000000001
12511,219929.0,False,267.1,41.5,-12.700000000000001
12512,219951.0,False,266.40000000000003,40.6,-11.600000000000001
12513,219962.0,False,266.0,40.0,-11.0
12514,219989.0,False,264.7,37.2,-9.4
12515,219995.0,False,264.3,35.800000000000004,-8.9
12516,220012.0,False,263.90000000000003,34.300000000000004,-8.5
12517,220030.0,False,262.90000000000003,30.8,-7.7
12518,220060.0,False,261.7,25.5,-6.6000000000000005
12519,220078.0,False,261.3,22.8,-6.2
12520,220094.0,False,261.2,21.3,-6.1000000000000005
12521,220111.0,False,261.2,20.900000000000002,-6.2
12522,220128.0,False,261.40000000000003,20.1,-6.4
12523,220148.0,False,261.7,19.6,-6.4
12524,220163.0,False,261.7,19.400000000000002,-6.300000000000001
12525,220178.0,False,261.8,19.200000000000003,-6.0
12526,220195.0,False,261.8,19.200000000000003,-5.800000000000001
12527,220217.0,False,261.7,19.400000000000002,-5.800000000000001
12528,220253.0,False,261.5,19.900000000000002,-6.2
12529,220263.0,False,261.5,20.1,-6.4
12530,220278.0,False,261.5,20.400000000000002,-6.800000000000001
12531,220294.0,False,261.5,20.6,-7.0
12532,220311.0,False,261.5,20.8,-7.5
12533,220331.0,False,261.5,21.1,-7.800000000000001
12534,220353.0,False,261.6,21.3,-8.1
12535,220362.0,False,261.6,21.3,-8.3
12536,220380.0,False,261.5,21.200000000000003,-8.6
12537,220397.0,False,261.1,20.8,-8.6
12538,220411.0,False,260.8,20.6,-8.4
12539,220428.0,False,260.2,20.200000000000003,-7.4
12540,220444.0,False,260.0,20.1,-6.7
12541,220464.0,False,259.90000000000003,20.1,-5.2
12542,220485.0,False,260.40000000000003,20.200000000000003,-4.0
12543,220496.0,False,260.90000000000003,20.3,-3.6
12544,220511.0,False,262.1,20.6,-2.8000000000000003
12545,220528.0,False,263.3,21.200000000000003,-2.1
12546,220551.0,False,264.6,22.0,-1.6
12547,220564.0,False,265.2,22.200000000000003,-1.5
12548,220579.0,False,266.40000000000003,22.5,-1.5
12549,220594.0,False,267.0,22.5,-1.4000000000000001
12550,220616.0,False,268.0,22.200000000000003,-1.2000000000000002
12551,220633.0,False,268.90000000000003,21.900000000000002,-1.2000000000000002
12552,220651.0,False,269.8,21.700000000000003,-1.1
12553,220661.0,False,270.3,21.900000000000002,-1.0
12554,220679.0,False,271.5,22.700000000000003,-0.6000000000000001
12555,220694.0,False,272.2,23.3,-0.5
12556,220711.0,False,273.90000000000003,24.6,-0.2
12557,220728.0,False,274.8,25.3,-0.2
12558,220748.0,False,276.7,26.400000000000002,-0.2
12559,220765.0,False,278.7,27.200000000000003,-0.5
12560,220781.0,False,280.6,27.6,-0.9
12561,220794.0,False,281.40000000000003,27.700000000000003,-1.1
12562,220811.0,False,282.90000000000003,27.700000000000003,-1.5
12563,220831.0,False,283.90000000000003,27.8,-1.6
12564,220853.0,False,284.5,27.900000000000002,-1.3
12565,220861.0,False,284.7,28.0,-0.9
12566,220878.0,False,284.90000000000003,28.1,-0.5
12567,220894.0,False,285.3,28.200000000000003,0.4
12568,220911.0,False,285.7,28.400000000000002,1.2000000000000002
12569,220931.0,False,286.2,28.700000000000003,1.9000000000000001
12570,220952.0,False,286.8,29.200000000000003,2.2
12571,220978.0,False,287.40000000000003,29.700000000000003,2.2
12572,220996.0,False,288.0,30.0,1.8
12573,221011.0,False,288.7,30.1,1.0
12574,221028.0,False,289.0,30.1,0.6000000000000001
12575,221048.0,False,289.7,29.900000000000002,-0.5
12576,221063.0,False,290.2,29.700000000000003,-1.7000000000000002
12577,221080.0,False,290.5,29.5,-2.2
12578,221098.0,False,290.90000000000003,29.1,-3.0
12579,221111.0,False,291.0,28.8,-3.3000000000000003
12580,221131.0,False,291.0,28.1,-3.6
12581,221163.0,False,291.0,26.1,-3.9000000000000004
12582,221177.0,False,291.0,25.5,-4.0
12583,221194.0,False,290.90000000000003,24.400000000000002,-4.2
12584,221217.0,False,290.90000000000003,23.6,-4.4
12585,221234.0,False,290.90000000000003,22.900000000000002,-4.5
12586,221251.0,False,290.8,22.5,-4.6000000000000005
12587,221261.0,False,290.8,22.200000000000003,-4.6000000000000005
12588,221281.0,False,290.8,21.8,-4.5
12589,221295.0,False,290.90000000000003,21.5,-4.3
12590,221329.0,False,291.0,21.700000000000003,-4.4
12591,221356.0,False,290.7,22.3,-4.6000000000000005
12592,221367.0,False,290.5,22.6,-4.6000000000000005
12593,221381.0,False,290.2,22.700000000000003,-4.6000000000000005
12594,221395.0,False,289.90000000000003,22.8,-4.6000000000000005
12595,221417.0,False,288.6,22.5,-4.7
12596,221428.0,False,288.0,22.200000000000003,-4.6000000000000005
12597,221451.0,False,286.8,21.700000000000003,-4.4
12598,221463.0,False,286.1,21.5,-4.3
12599,221481.0,False,284.6,21.1,-4.0
12600,221494.0,False,283.90000000000003,20.900000000000002,-3.9000000000000004
12601,221511.0,False,282.5,20.6,-3.8000000000000003
12602,221528.0,False,281.2,20.3,-3.9000000000000004
12603,221545.0,False,280.6,20.1,-4.1000000000000005
12604,221567.0,False,279.2,19.400000000000002,-4.800000000000001
12605,221581.0,False,278.90000000000003,19.1,-5.2
12606,221595.0,False,278.6,18.8,-5.7
12607,221611.0,False,278.1,18.1,-6.9
12608,221630.0,False,277.6,17.3,-8.200000000000001
12609,221648.0,False,277.1,16.8,-9.1
12610,221663.0,False,276.8,16.8,-9.4
12611,221678.0,False,276.40000000000003,16.900000000000002,-9.700000000000001
12612,221694.0,False,276.3,16.900000000000002,-9.700000000000001
12613,221715.0,False,276.2,16.7,-9.8
12614,221728.0,False,276.40000000000003,16.5,-9.8
12615,221748.0,False,276.8,16.400000000000002,-9.700000000000001
12616,221764.0,False,277.1,16.5,-9.700000000000001
12617,221778.0,False,278.0,16.6,-9.8
12618,221794.0,False,278.5,16.7,-9.9
12619,221811.0,False,279.7,16.6,-10.100000000000001
12620,221830.0,False,280.90000000000003,16.5,-10.3
12621,221852.0,False,282.1,16.5,-10.3
12622,221861.0,False,282.7,16.7,-10.3
12623,221879.0,False,283.3,17.1,-10.200000000000001
12624,221895.0,False,284.6,18.1,-10.0
12625,221915.0,False,286.1,19.1,-9.9
12626,221932.0,False,287.6,19.900000000000002,-10.0
12627,221962.0,False,289.0,20.3,-10.100000000000001
12628,221980.0,False,291.0,20.700000000000003,-10.0
12629,221999.0,False,292.3,21.0,-9.8
12630,222014.0,False,292.8,21.200000000000003,-9.5
12631,222032.0,False,293.8,21.700000000000003,-8.9
12632,222054.0,False,294.8,22.3,-8.0
12633,222062.0,False,295.2,22.6,-7.6000000000000005
12634,222080.0,False,296.1,23.200000000000003,-6.800000000000001
12635,222096.0,False,296.6,23.5,-6.4
12636,222111.0,False,297.6,24.1,-5.7
12637,222131.0,False,298.7,24.6,-5.1000000000000005
12638,222153.0,False,299.8,25.0,-4.5
12639,222163.0,False,300.3,25.1,-4.2
12640,222178.0,False,300.7,25.200000000000003,-3.9000000000000004
12641,222196.0,False,301.7,25.400000000000002,-3.4000000000000004
12642,222214.0,False,302.6,25.5,-3.0
12643,222232.0,False,303.5,25.700000000000003,-2.9000000000000004
12644,222251.0,False,304.0,25.8,-3.0
12645,222262.0,False,304.5,25.900000000000002,-3.2
12646,222278.0,False,305.3,25.900000000000002,-3.7
12647,222294.0,False,305.8,25.8,-4.3
12648,222312.0,False,306.0,25.3,-4.7
12649,222331.0,False,306.0,24.900000000000002,-4.9
12650,222351.0,False,305.8,23.8,-5.300000000000001
12651,222361.0,False,305.7,23.1,-5.4
12652,222378.0,False,305.2,21.6,-5.300000000000001
12653,222394.0,False,304.8,20.0,-5.1000000000000005
12654,222412.0,False,304.6,19.1,-5.0
12655,222428.0,False,304.40000000000003,17.400000000000002,-5.1000000000000005
12656,222449.0,False,304.40000000000003,15.8,-5.4
12657,222462.0,False,304.40000000000003,15.3,-5.6000000000000005
12658,222482.0,False,304.5,14.8,-5.9
12659,222500.0,False,304.5,15.100000000000001,-6.5
12660,222529.0,False,304.3,16.2,-7.4
12661,222548.0,False,304.2,17.2,-8.0
12662,222562.0,False,304.2,17.6,-8.200000000000001
12663,222581.0,False,304.0,18.5,-8.8
12664,222597.0,False,303.8,19.1,-9.4
12665,222611.0,False,303.6,19.3,-9.700000000000001
12666,222633.0,False,303.2,19.6,-10.0
12667,222651.0,False,302.7,19.900000000000002,-10.0
12668,222665.0,False,302.40000000000003,20.0,-9.9
12669,222678.0,False,301.7,20.200000000000003,-9.700000000000001
12670,222694.0,False,301.40000000000003,20.200000000000003,-9.600000000000001
12671,222713.0,False,300.7,20.1,-9.5
12672,222728.0,False,300.1,19.700000000000003,-9.600000000000001
12673,222745.0,False,299.7,19.400000000000002,-9.700000000000001
12674,222764.0,False,299.1,18.400000000000002,-10.0
12675,222781.0,False,298.5,17.1,-10.4
12676,222794.0,False,298.2,16.400000000000002,-10.5
12677,222813.0,False,297.6,15.0,-10.5
12678,222831.0,False,297.3,14.0,-10.0
12679,222848.0,False,297.5,13.600000000000001,-9.3
12680,222861.0,False,297.8,13.5,-8.9
12681,222877.0,False,298.2,13.5,-8.4
12682,222897.0,False,299.7,13.9,-7.7
12683,222911.0,False,301.5,14.600000000000001,-7.4
12684,222928.0,False,303.3,15.8,-7.2
12685,222949.0,False,305.1,17.1,-7.1000000000000005
12686,222966.0,False,306.0,17.7,-7.1000000000000005
12687,222979.0,False,307.70000000000005,18.7,-7.2
12688,222996.0,False,308.5,19.0,-7.2
12689,223013.0,False,310.0,19.400000000000002,-7.5
12690,223029.0,False,311.20000000000005,19.5,-7.9
12691,223052.0,False,312.0,19.5,-8.4
12692,223065.0,False,312.20000000000005,19.5,-8.6
12693,223081.0,False,312.40000000000003,19.6,-8.4
12694,223100.0,False,312.3,20.3,-7.4
12695,223117.0,False,312.40000000000003,20.6,-6.800000000000001
12696,223128.0,False,312.6,20.900000000000002,-6.2
12697,223145.0,False,313.3,21.400000000000002,-5.1000000000000005
12698,223166.0,False,314.6,21.400000000000002,-4.3
12699,223183.0,False,316.40000000000003,21.200000000000003,-4.1000000000000005
12700,223197.0,False,317.5,21.1,-4.1000000000000005
12701,223211.0,False,319.90000000000003,21.1,-4.5
12702,223231.0,False,321.90000000000003,21.700000000000003,-5.1000000000000005
12703,223252.0,False,323.3,22.700000000000003,-5.4
12704,223266.0,False,323.8,23.3,-5.4
12705,223277.0,False,324.1,23.900000000000002,-5.300000000000001
12706,223294.0,False,324.8,24.900000000000002,-5.0
12707,223311.0,False,325.5,25.6,-4.5
12708,223328.0,False,325.90000000000003,25.8,-4.2
12709,223353.0,False,327.40000000000003,26.3,-3.7
12710,223367.0,False,327.8,26.3,-3.6
12711,223378.0,False,328.20000000000005,26.400000000000002,-3.7
12712,223394.0,False,328.8,26.400000000000002,-4.0
12713,223418.0,False,329.40000000000003,26.3,-4.6000000000000005
12714,223429.0,False,329.6,26.3,-4.9
12715,223454.0,False,330.20000000000005,26.3,-5.6000000000000005
12716,223478.0,False,330.40000000000003,26.200000000000003,-6.1000000000000005
12717,223496.0,False,330.6,25.700000000000003,-6.5
12718,223512.0,False,330.6,25.1,-6.9
12719,223528.0,False,330.5,24.6,-7.1000000000000005
12720,223554.0,False,330.5,23.0,-7.9
12721,223577.0,False,330.40000000000003,21.900000000000002,-8.5
12722,223594.0,False,330.20000000000005,21.0,-9.1
12723,223611.0,False,330.20000000000005,20.6,-9.4
12724,223632.0,False,330.1,19.900000000000002,-10.100000000000001
12725,223645.0,False,330.0,19.6,-10.5
12726,223666.0,False,329.5,18.3,-11.8
12727,223677.0,False,329.20000000000005,18.0,-12.100000000000001
12728,223696.0,False,328.70000000000005,18.2,-12.3
12729,223711.0,False,328.5,18.7,-12.200000000000001
12730,223731.0,False,328.0,20.1,-11.9
12731,223752.0,False,327.70000000000005,21.8,-11.700000000000001
12732,223763.0,False,327.5,22.700000000000003,-11.700000000000001
12733,223777.0,False,327.3,24.200000000000003,-12.0
12734,223794.0,False,326.90000000000003,25.5,-12.4
12735,223812.0,False,326.70000000000005,25.900000000000002,-12.600000000000001
12736,223828.0,False,326.20000000000005,26.6,-13.100000000000001
12737,223850.0,False,325.6,26.8,-13.5
12738,223861.0,False,325.20000000000005,26.900000000000002,-13.600000000000001
12739,223879.0,False,324.5,26.900000000000002,-13.8
12740,223895.0,False,323.8,26.8,-13.8
12741,223911.0,False,323.5,26.700000000000003,-13.8
12742,223929.0,False,322.70000000000005,26.400000000000002,-13.8
12743,223949.0,False,321.90000000000003,25.900000000000002,-13.9
12744,223965.0,False,321.6,25.5,-14.0
12745,223977.0,False,320.8,24.6,-14.200000000000001
12746,223994.0,False,320.5,24.1,-14.3
12747,224011.0,False,319.8,23.0,-14.5
12748,224030.0,False,319.3,22.3,-14.700000000000001
12749,224049.0,False,319.20000000000005,21.900000000000002,-14.9
12750,224064.0,False,319.3,21.8,-15.100000000000001
12751,224078.0,False,319.5,21.8,-15.3
12752,224094.0,False,320.0,21.700000000000003,-16.0
12753,224111.0,False,320.6,21.700000000000003,-16.6
12754,224129.0,False,321.1,21.700000000000003,-16.900000000000002
12755,224152.0,False,321.6,21.6,-17.0
12756,224166.0,False,321.90000000000003,21.5,-16.900000000000002
12757,224182.0,False,322.5,21.3,-16.6
12758,224194.0,False,322.8,21.200000000000003,-16.400000000000002
12759,224211.0,False,323.6,20.900000000000002,-16.1
12760,224229.0,False,324.3,20.3,-15.9
12761,224248.0,False,324.6,20.1,-15.700000000000001
12762,224265.0,False,325.20000000000005,20.1,-15.100000000000001
12763,224281.0,False,326.1,20.6,-14.3
12764,224295.0,False,326.6,21.0,-13.9
12765,224313.0,False,327.90000000000003,21.8,-13.3
12766,224333.0,False,329.5,22.3,-13.3
12767,224345.0,False,330.3,22.400000000000002,-13.4
12768,224366.0,False,332.0,22.400000000000002,-13.700000000000001
12769,224383.0,False,333.70000000000005,22.3,-13.9
12770,224397.0,False,334.5,22.3,-14.0
12771,224411.0,False,336.1,22.3,-14.0
12772,224430.0,False,337.70000000000005,22.700000000000003,-13.9
12773,224445.0,False,338.40000000000003,23.0,-13.8
12774,224461.0,False,340.0,23.8,-13.700000000000001
12775,224480.0,False,341.8,24.8,-13.5
12776,224495.0,False,342.8,25.3,-13.4
12777,224511.0,False,344.90000000000003,26.3,-13.4
12778,224536.0,False,347.3,27.200000000000003,-13.4
12779,224544.0,False,348.5,27.6,-13.4
12780,224569.0,False,350.8,28.400000000000002,-13.600000000000001
12781,224580.0,False,352.0,28.8,-13.700000000000001
12782,224594.0,False,354.0,29.400000000000002,-14.0
12783,224614.0,False,355.90000000000003,29.8,-14.4
12784,224628.0,False,356.70000000000005,30.0,-14.600000000000001
12785,224650.0,False,357.8,30.0,-14.8
12786,224663.0,False,358.3,29.900000000000002,-14.700000000000001
12787,224677.0,False,358.3,29.900000000000002,-14.5
12788,224694.0,False,358.3,29.900000000000002,-13.9
12789,224714.0,False,358.5,29.700000000000003,-13.600000000000001
12790,224728.0,False,358.6,29.5,-13.5
12791,224744.0,False,358.8,28.900000000000002,-13.700000000000001
12792,224761.0,False,358.90000000000003,28.5,-13.9
12793,224780.0,False,359.0,27.700000000000003,-14.3
12794,224794.0,False,358.90000000000003,26.700000000000003,-14.9
12795,224811.0,False,358.8,26.1,-15.200000000000001
12796,224830.0,False,358.6,24.700000000000003,-15.5
12797,224848.0,False,358.20000000000005,23.3,-15.5
12798,224862.0,False,358.1,22.8,-15.4
12799,224881.0,False,357.90000000000003,22.200000000000003,-15.0
12800,224896.0,False,357.70000000000005,22.3,-14.5
12801,224911.0,False,357.70000000000005,22.6,-14.4
12802,224927.0,False,357.8,23.6,-14.3
12803,224946.0,False,357.90000000000003,24.8,-14.600000000000001
12804,224965.0,False,358.20000000000005,25.900000000000002,-15.200000000000001
12805,224978.0,False,358.3,26.3,-15.5
12806,224999.0,False,358.5,26.900000000000002,-16.1
12807,225012.0,False,358.5,27.0,-16.3
12808,225031.0,False,358.40000000000003,26.900000000000002,-16.6
12809,225058.0,False,358.0,26.200000000000003,-16.5
12810,225081.0,False,357.6,25.8,-16.3
12811,225100.0,False,357.0,25.400000000000002,-15.9
12812,225117.0,False,356.5,25.0,-15.600000000000001
12813,225128.0,False,356.20000000000005,24.8,-15.5
12814,225160.0,False,355.90000000000003,23.900000000000002,-15.4
12815,225177.0,False,355.90000000000003,23.3,-15.5
12816,225194.0,False,356.0,23.0,-15.5
12817,225211.0,False,356.1,22.5,-15.5
12818,225228.0,False,356.20000000000005,22.0,-15.4
12819,225254.0,False,356.70000000000005,21.400000000000002,-15.4
12820,225261.0,False,357.1,21.1,-15.600000000000001
12821,225281.0,False,357.8,20.400000000000002,-16.0
12822,225298.0,False,358.40000000000003,19.700000000000003,-16.3
12823,225317.0,False,358.70000000000005,19.5,-16.3
12824,225329.0,False,359.40000000000003,19.5,-16.0
12825,225345.0,False,359.8,19.700000000000003,-15.8
12826,225369.0,False,1.4000000000000001,20.0,-15.3
12827,225381.0,False,2.0,19.900000000000002,-15.200000000000001
12828,225396.0,False,2.6,19.900000000000002,-15.200000000000001
12829,225411.0,False,3.6,19.900000000000002,-15.200000000000001
12830,225433.0,False,4.5,20.0,-15.100000000000001
12831,225445.0,False,5.0,20.1,-15.0
12832,225470.0,False,6.6000000000000005,20.6,-14.5
12833,225494.0,False,7.9,21.1,-14.100000000000001
12834,225511.0,False,9.3,21.5,-13.600000000000001
12835,225528.0,False,10.0,21.8,-13.4
12836,225544.0,False,11.600000000000001,22.3,-13.200000000000001
12837,225575.0,False,13.4,22.700000000000003,-13.3
12838,225586.0,False,15.3,22.8,-13.600000000000001
12839,225599.0,False,17.400000000000002,22.700000000000003,-14.100000000000001
12840,225616.0,False,18.400000000000002,22.6,-14.3
12841,225628.0,False,19.3,22.6,-14.4
12842,225644.0,False,21.200000000000003,22.900000000000002,-14.5
12843,225673.0,False,22.900000000000002,23.400000000000002,-14.3
12844,225679.0,False,23.8,23.8,-14.200000000000001
12845,225698.0,False,25.6,24.400000000000002,-14.0
12846,225711.0,False,27.400000000000002,25.1,-13.700000000000001
12847,225728.0,False,28.3,25.400000000000002,-13.600000000000001
12848,225753.0,False,30.900000000000002,26.3,-13.3
12849,225764.0,False,31.6,26.5,-13.200000000000001
12850,225784.0,False,32.800000000000004,26.5,-13.0
12851,225803.0,False,33.6,26.1,-12.5
12852,225828.0,False,34.4,25.3,-11.4
12853,225856.0,False,35.800000000000004,23.6,-8.6
12854,225865.0,False,36.300000000000004,22.8,-7.5
12855,225887.0,False,37.5,21.0,-5.1000000000000005
12856,225894.0,False,38.0,20.200000000000003,-4.0
12857,225913.0,False,38.6,19.400000000000002,-3.0
12858,225931.0,False,39.6,18.1,-1.8
12859,225944.0,False,40.400000000000006,17.3,-1.4000000000000001
12860,225986.0,False,41.6,16.3,-2.0
12861,225997.0,False,41.7,16.1,-2.3000000000000003
12862,226011.0,False,41.7,15.8,-2.5
12863,226028.0,False,41.400000000000006,15.100000000000001,-2.7
12864,226052.0,False,41.1,14.4,-2.8000000000000003
12865,226064.0,False,40.900000000000006,13.9,-2.8000000000000003
12866,226078.0,False,40.900000000000006,13.8,-2.9000000000000004
12867,226096.0,False,41.300000000000004,14.100000000000001,-3.2
12868,226125.0,False,42.1,15.700000000000001,-4.4
12869,226163.0,False,42.900000000000006,17.5,-6.1000000000000005
12870,226178.0,False,43.400000000000006,18.7,-7.4
12871,226194.0,False,43.800000000000004,19.700000000000003,-8.4
12872,226216.0,False,44.1,20.6,-9.200000000000001
12873,226228.0,False,44.2,20.900000000000002,-9.5
12874,226246.0,False,44.2,21.3,-9.700000000000001
12875,226271.0,False,44.1,22.200000000000003,-10.100000000000001
12876,226280.0,False,44.1,22.5,-10.100000000000001
12877,226295.0,False,44.0,22.8,-10.200000000000001
12878,226312.0,False,43.900000000000006,23.3,-10.4
12879,226329.0,False,43.800000000000004,23.8,-10.600000000000001
12880,226352.0,False,43.7,24.0,-10.700000000000001
12881,226366.0,False,43.7,24.1,-11.0
12882,226382.0,False,43.7,24.200000000000003,-11.3
12883,226400.0,False,43.6,24.400000000000002,-11.9
12884,226419.0,False,43.7,24.8,-12.3
12885,226429.0,False,43.800000000000004,25.200000000000003,-12.4
12886,226448.0,False,44.400000000000006,26.200000000000003,-12.4
12887,226461.0,False,44.900000000000006,26.700000000000003,-12.3
12888,226479.0,False,46.400000000000006,27.400000000000002,-12.5
12889,226494.0,False,47.300000000000004,27.700000000000003,-12.600000000000001
12890,226513.0,False,49.0,28.400000000000002,-13.0
12891,226528.0,False,49.800000000000004,28.8,-13.200000000000001
12892,226544.0,False,51.2,30.0,-13.3
12893,226578.0,False,53.0,31.6,-13.3
12894,226595.0,False,54.0,32.0,-13.100000000000001
12895,226611.0,False,54.5,32.1,-12.4
12896,226629.0,False,54.6,32.0,-11.100000000000001
12897,226656.0,False,54.5,31.900000000000002,-9.5
12898,226661.0,False,54.400000000000006,31.900000000000002,-8.700000000000001
12899,226678.0,False,54.1,31.8,-7.0
12900,226694.0,False,53.900000000000006,31.700000000000003,-6.300000000000001
12901,226719.0,False,53.400000000000006,31.0,-4.4
12902,226733.0,False,53.2,30.700000000000003,-3.8000000000000003
12903,226749.0,False,52.900000000000006,29.8,-2.7
12904,226762.0,False,52.900000000000006,29.200000000000003,-2.2
12905,226780.0,False,52.800000000000004,27.8,-1.4000000000000001
12906,226794.0,False,52.800000000000004,26.900000000000002,-0.9
12907,226814.0,False,52.900000000000006,25.200000000000003,0.0
12908,226827.0,False,53.0,24.3,0.4
12909,226846.0,False,53.400000000000006,22.8,1.4000000000000001
12910,226866.0,False,54.400000000000006,21.8,2.0
12911,226880.0,False,55.900000000000006,21.400000000000002,2.2
12912,226894.0,False,56.900000000000006,21.400000000000002,2.1
12913,226911.0,False,59.1,21.900000000000002,1.5
12914,226930.0,False,61.7,22.700000000000003,0.5
12915,226944.0,False,63.0,23.0,-0.1
12916,226961.0,False,65.60000000000001,23.6,-1.7000000000000002
12917,226977.0,False,66.8,23.700000000000003,-2.5
12918,226994.0,False,68.9,23.700000000000003,-4.2
12919,227013.0,False,70.60000000000001,23.700000000000003,-5.800000000000001
12920,227029.0,False,71.4,23.700000000000003,-6.6000000000000005
12921,227044.0,False,72.9,23.8,-8.1
12922,227065.0,False,74.10000000000001,23.900000000000002,-9.700000000000001
12923,227078.0,False,74.5,23.8,-10.600000000000001
12924,227094.0,False,75.2,23.700000000000003,-12.100000000000001
12925,227113.0,False,75.3,23.400000000000002,-13.200000000000001
12926,227133.0,False,75.0,22.8,-13.9
12927,227153.0,False,74.2,21.8,-14.5
12928,227168.0,False,73.7,21.0,-14.700000000000001
12929,227182.0,False,73.0,20.1,-14.9
12930,227203.0,False,70.2,16.900000000000002,-14.4
12931,227228.0,False,67.9,15.0,-13.200000000000001
12932,227248.0,False,65.8,13.9,-11.100000000000001
12933,227261.0,False,64.9,13.700000000000001,-9.9
12934,227281.0,False,63.5,14.100000000000001,-7.800000000000001
12935,227297.0,False,62.6,15.0,-6.300000000000001
12936,227315.0,False,62.2,15.9,-5.7
12937,227329.0,False,62.2,16.3,-5.7
12938,227350.0,False,62.2,17.0,-5.9
12939,227365.0,False,62.400000000000006,17.5,-6.2
12940,227377.0,False,62.400000000000006,17.8,-6.4
12941,227397.0,False,62.5,18.3,-6.800000000000001
12942,227416.0,False,62.6,18.900000000000002,-7.2
12943,227433.0,False,62.6,19.200000000000003,-7.5
12944,227447.0,False,62.6,19.6,-7.9
12945,227461.0,False,62.7,20.400000000000002,-8.6
12946,227477.0,False,62.800000000000004,21.1,-9.5
12947,227496.0,False,62.900000000000006,21.700000000000003,-10.5
12948,227514.0,False,62.900000000000006,21.900000000000002,-11.100000000000001
12949,227528.0,False,63.0,22.200000000000003,-12.4
12950,227547.0,False,62.800000000000004,22.1,-13.700000000000001
12951,227583.0,False,62.5,21.5,-15.200000000000001
12952,227600.0,False,62.800000000000004,21.200000000000003,-15.600000000000001
12953,227612.0,False,63.300000000000004,21.1,-15.8
12954,227628.0,False,65.10000000000001,21.200000000000003,-16.2
12955,227645.0,False,66.5,21.400000000000002,-16.5
12956,227664.0,False,70.0,21.8,-17.6
12957,227678.0,False,74.0,22.3,-19.200000000000003
12958,227696.0,False,78.0,22.6,-20.8
12959,227711.0,False,80.0,22.6,-21.6
12960,227731.0,False,83.80000000000001,22.3,-22.8
12961,227750.0,False,87.10000000000001,21.400000000000002,-23.700000000000003
12962,227765.0,False,88.5,20.900000000000002,-24.1
12963,227778.0,False,90.9,19.5,-24.700000000000003
12964,227794.0,False,91.7,18.8,-24.8
12965,227811.0,False,93.10000000000001,17.6,-24.3
12966,227828.0,False,94.60000000000001,17.2,-22.5
12967,227844.0,False,95.5,17.2,-21.3
12968,227861.0,False,97.9,17.6,-18.900000000000002
12969,227883.0,False,100.9,18.2,-17.5
12970,227894.0,False,102.60000000000001,18.7,-17.3
12971,227911.0,False,106.0,19.700000000000003,-17.900000000000002
12972,227929.0,False,109.60000000000001,21.0,-19.8
12973,227951.0,False,113.2,22.700000000000003,-22.0
12974,227978.0,False,118.5,25.400000000000002,-25.0
12975,227994.0,False,120.2,26.3,-25.900000000000002
12976,228011.0,False,123.7,28.0,-27.3
12977,228027.0,False,125.30000000000001,28.8,-27.900000000000002
12978,228044.0,False,128.4,30.5,-28.6
12979,228066.0,False,131.3,32.300000000000004,-28.8
12980,228078.0,False,132.70000000000002,33.2,-28.700000000000003
12981,228097.0,False,135.4,35.0,-28.400000000000002
12982,228115.0,False,137.8,36.7,-28.0
12983,228132.0,False,139.9,38.300000000000004,-27.400000000000002
12984,228151.0,False,141.3,39.800000000000004,-26.200000000000003
12985,228163.0,False,141.4,40.5,-25.3
12986,228181.0,False,140.70000000000002,41.900000000000006,-22.3
12987,228196.0,False,139.9,42.400000000000006,-20.200000000000003
12988,228212.0,False,138.0,43.300000000000004,-15.3
12989,228232.0,False,136.3,43.6,-10.0
12990,228248.0,False,135.70000000000002,43.5,-7.5
12991,228263.0,False,134.8,42.900000000000006,-3.0
12992,228277.0,False,134.4,42.5,-0.9
12993,228294.0,False,133.9,41.6,3.0
12994,228311.0,False,133.70000000000002,40.6,6.2
12995,228328.0,False,133.8,40.0,7.6000000000000005
12996,228347.0,False,134.1,39.0,9.8
12997,228362.0,False,134.8,38.1,11.100000000000001
12998,228377.0,False,135.5,37.6,11.4
12999,228394.0,False,137.8,36.4,11.0
13000,228411.0,False,139.5,35.7,10.3
13001,228428.0,False,143.1,34.0,8.1
13002,228444.0,False,146.6,32.5,5.300000000000001
13003,228465.0,False,149.0,31.3,2.5
13004,228478.0,False,149.8,30.8,1.2000000000000002
13005,228497.0,False,150.9,29.8,-1.4000000000000001
13006,228511.0,False,151.20000000000002,29.3,-2.6
13007,228528.0,False,151.6,28.3,-4.7
13008,228551.0,False,151.70000000000002,27.6,-6.5
13009,228567.0,False,151.6,27.0,-8.0
13010,228578.0,False,151.5,26.700000000000003,-8.8
13011,228596.0,False,151.20000000000002,25.8,-10.200000000000001
13012,228614.0,False,150.6,25.0,-11.600000000000001
13013,228627.0,False,150.20000000000002,24.6,-12.200000000000001
13014,228644.0,False,149.3,23.8,-13.4
13015,228661.0,False,148.70000000000002,23.400000000000002,-13.9
13016,228677.0,False,147.3,22.5,-14.600000000000001
13017,228697.0,False,145.8,21.700000000000003,-15.100000000000001
13018,228713.0,False,145.0,21.3,-15.200000000000001
13019,228727.0,False,143.5,20.700000000000003,-15.3
13020,228747.0,False,142.0,20.1,-15.200000000000001
13021,228768.0,False,140.70000000000002,19.6,-15.100000000000001
13022,228780.0,False,140.1,19.400000000000002,-15.0
13023,228796.0,False,139.1,19.1,-14.600000000000001
13024,228811.0,False,138.6,19.1,-14.3
13025,228830.0,False,137.9,19.400000000000002,-13.4
13026,228855.0,False,137.70000000000002,20.0,-12.3
13027,228861.0,False,137.8,20.3,-11.9
13028,228877.0,False,138.4,20.700000000000003,-11.5
13029,228894.0,False,138.8,20.8,-11.5
13030,228911.0,False,139.70000000000002,20.900000000000002,-12.100000000000001
13031,228931.0,False,140.6,21.0,-13.200000000000001
13032,228951.0,False,141.3,21.1,-14.4
13033,228967.0,False,141.5,21.3,-14.8
13034,228981.0,False,141.6,21.8,-15.200000000000001
13035,228995.0,False,141.6,22.1,-15.100000000000001
13036,229011.0,False,141.5,22.700000000000003,-14.600000000000001
13037,229027.0,False,141.4,23.1,-13.8
13038,229048.0,False,141.4,23.200000000000003,-13.200000000000001
13039,229061.0,False,141.4,23.0,-13.200000000000001
13040,229078.0,False,141.4,22.8,-13.5
13041,229094.0,False,141.5,22.200000000000003,-15.0
13042,229115.0,False,141.5,22.0,-17.400000000000002
13043,229131.0,False,141.4,22.400000000000002,-20.3
13044,229153.0,False,141.1,23.5,-22.8
13045,229163.0,False,141.0,24.200000000000003,-23.700000000000003
13046,229180.0,False,140.6,25.6,-24.8
13047,229194.0,False,140.4,26.3,-24.900000000000002
13048,229211.0,False,139.9,27.5,-24.400000000000002
13049,229236.0,False,139.3,28.6,-23.3
13050,229253.0,False,138.8,29.700000000000003,-21.900000000000002
13051,229261.0,False,138.5,30.200000000000003,-21.200000000000003
13052,229278.0,False,138.20000000000002,30.700000000000003,-20.5
13053,229295.0,False,137.6,31.5,-19.3
13054,229311.0,False,137.0,32.0,-18.2
13055,229329.0,False,136.4,32.300000000000004,-17.2
13056,229346.0,False,136.1,32.300000000000004,-16.8
13057,229363.0,False,135.6,32.300000000000004,-15.9
13058,229378.0,False,135.4,32.2,-15.4
13059,229396.0,False,135.0,32.0,-14.5
13060,229412.0,False,134.5,31.700000000000003,-13.4
13061,229433.0,False,133.9,31.200000000000003,-12.4
13062,229450.0,False,133.6,30.900000000000002,-12.0
13063,229461.0,False,133.20000000000002,30.5,-11.700000000000001
13064,229477.0,False,132.4,29.700000000000003,-11.3
13065,229496.0,False,131.8,29.3,-11.0
13066,229511.0,False,131.5,29.200000000000003,-10.9
13067,229529.0,False,131.5,29.1,-11.0
13068,229549.0,False,131.5,28.6,-11.4
13069,229563.0,False,131.6,27.6,-12.0
13070,229577.0,False,131.6,27.1,-12.4
13071,229594.0,False,131.4,26.0,-13.100000000000001
13072,229614.0,False,131.20000000000002,25.200000000000003,-13.600000000000001
13073,229634.0,False,131.0,25.1,-13.8
13074,229649.0,False,130.9,25.200000000000003,-13.8
13075,229664.0,False,130.70000000000002,25.900000000000002,-13.5
13076,229678.0,False,130.6,26.3,-13.200000000000001
13077,229695.0,False,130.4,27.1,-12.8
13078,229714.0,False,130.3,27.6,-12.600000000000001
13079,229745.0,False,130.0,27.400000000000002,-12.9
13080,229764.0,False,129.5,26.900000000000002,-13.3
13081,229781.0,False,129.0,26.6,-13.5
13082,229794.0,False,128.0,26.1,-13.700000000000001
13083,229812.0,False,127.5,25.900000000000002,-13.8
13084,229827.0,False,126.30000000000001,25.700000000000003,-13.8
13085,229845.0,False,125.10000000000001,25.6,-13.5
13086,229861.0,False,124.60000000000001,25.5,-13.4
13087,229877.0,False,123.80000000000001,25.5,-13.100000000000001
13088,229897.0,False,123.10000000000001,25.5,-12.9
13089,229913.0,False,122.80000000000001,25.5,-12.8
13090,229927.0,False,122.2,25.5,-12.600000000000001
13091,229951.0,False,121.60000000000001,25.3,-12.5
13092,229961.0,False,121.30000000000001,25.200000000000003,-12.5
13093,229982.0,False,120.9,24.700000000000003,-12.5
13094,229996.0,False,120.7,24.3,-12.700000000000001
13095,230012.0,False,120.7,24.1,-12.9
13096,230031.0,False,121.0,23.900000000000002,-13.3
13097,230049.0,False,121.7,24.0,-13.8
13098,230061.0,False,122.0,24.200000000000003,-14.0
13099,230077.0,False,122.9,24.700000000000003,-14.3
13100,230099.0,False,123.9,25.3,-14.700000000000001
13101,230119.0,False,125.0,25.8,-15.200000000000001
13102,230128.0,False,125.60000000000001,26.1,-15.700000000000001
13103,230144.0,False,126.10000000000001,26.400000000000002,-16.3
13104,230184.0,False,127.9,27.400000000000002,-19.200000000000003
13105,230198.0,False,128.5,27.900000000000002,-20.8
13106,230211.0,False,128.6,28.1,-21.400000000000002
13107,230228.0,False,128.70000000000002,28.700000000000003,-22.1
13108,230244.0,False,128.70000000000002,29.1,-22.200000000000003
13109,230279.0,False,128.4,29.900000000000002,-20.400000000000002
13110,230294.0,False,128.4,29.8,-19.6
13111,230312.0,False,128.4,29.1,-18.3
13112,230331.0,False,128.9,28.1,-17.8
13113,230350.0,False,129.8,27.0,-18.0
13114,230362.0,False,130.3,26.5,-18.400000000000002
13115,230377.0,False,130.9,26.200000000000003,-18.900000000000002
13116,230394.0,False,132.0,25.900000000000002,-19.700000000000003
13117,230411.0,False,132.9,26.1,-19.900000000000002
13118,230428.0,False,133.3,26.200000000000003,-19.8
13119,230445.0,False,134.0,26.400000000000002,-18.8
13120,230461.0,False,134.70000000000002,26.5,-17.400000000000002
13121,230479.0,False,135.0,26.5,-16.5
13122,230494.0,False,135.5,26.400000000000002,-14.8
13123,230516.0,False,135.8,26.200000000000003,-13.100000000000001
13124,230531.0,False,136.20000000000002,26.0,-11.9
13125,230545.0,False,136.5,26.0,-11.5
13126,230564.0,False,137.1,26.0,-11.3
13127,230578.0,False,137.5,26.200000000000003,-11.4
13128,230594.0,False,138.3,26.700000000000003,-11.9
13129,230613.0,False,139.3,27.400000000000002,-12.9
13130,230631.0,False,140.3,28.200000000000003,-14.0
13131,230651.0,False,141.20000000000002,28.900000000000002,-15.3
13132,230674.0,False,142.0,29.1,-16.8
13133,230694.0,False,142.5,28.5,-18.400000000000002
13134,230713.0,False,142.6,27.1,-19.5
13135,230727.0,False,142.5,26.3,-19.900000000000002
13136,230759.0,False,142.20000000000002,23.6,-20.0
13137,230778.0,False,142.0,21.900000000000002,-19.700000000000003
13138,230794.0,False,141.8,20.200000000000003,-19.1
13139,230814.0,False,141.70000000000002,18.900000000000002,-18.7
13140,230828.0,False,141.70000000000002,18.3,-18.6
13141,230844.0,False,141.70000000000002,17.7,-18.3
13142,230866.0,False,141.8,17.900000000000002,-18.1
13143,230881.0,False,141.9,18.3,-18.1
13144,230894.0,False,142.20000000000002,19.3,-18.2
13145,230911.0,False,142.4,19.8,-18.400000000000002
13146,230927.0,False,142.8,20.6,-19.0
13147,230946.0,False,143.1,21.0,-19.900000000000002
13148,230961.0,False,143.1,21.1,-20.400000000000002
13149,230978.0,False,143.1,21.0,-20.8
13150,230994.0,False,142.8,20.6,-22.200000000000003
13151,231010.0,False,142.6,20.400000000000002,-22.6
13152,231027.0,False,142.3,20.0,-23.400000000000002
13153,231046.0,False,142.0,19.700000000000003,-24.200000000000003
13154,231063.0,False,142.0,19.700000000000003,-24.6
13155,231078.0,False,141.9,19.8,-25.3
13156,231098.0,False,141.8,20.1,-26.0
13157,231111.0,False,141.70000000000002,20.200000000000003,-26.3
13158,231128.0,False,141.6,20.400000000000002,-26.700000000000003
13159,231146.0,False,141.5,20.5,-26.900000000000002
13160,231169.0,False,141.6,20.8,-27.1
13161,231182.0,False,141.70000000000002,21.0,-27.3
13162,231194.0,False,141.9,21.200000000000003,-27.700000000000003
13163,231213.0,False,142.4,21.700000000000003,-28.900000000000002
13164,231227.0,False,143.1,22.200000000000003,-30.200000000000003
13165,231246.0,False,143.9,22.8,-31.3
13166,231262.0,False,144.5,23.0,-31.8
13167,231277.0,False,145.6,23.6,-32.300000000000004
13168,231295.0,False,146.20000000000002,23.8,-32.4
13169,231310.0,False,147.3,24.0,-32.300000000000004
13170,231327.0,False,148.3,24.1,-31.8
13171,231344.0,False,148.70000000000002,24.1,-31.5
13172,231378.0,False,150.5,24.3,-30.400000000000002
13173,231398.0,False,151.20000000000002,24.400000000000002,-30.3
13174,231412.0,False,151.9,24.700000000000003,-30.400000000000002
13175,231427.0,False,155.20000000000002,25.6,-31.200000000000003
13176,231445.0,False,156.5,25.900000000000002,-31.8
13177,231460.0,False,159.5,26.3,-33.0
13178,231479.0,False,162.5,26.5,-34.1
13179,231495.0,False,164.0,26.6,-34.4
13180,231514.0,False,166.60000000000002,26.900000000000002,-34.5
13181,231530.0,False,169.0,27.700000000000003,-33.800000000000004
13182,231545.0,False,170.20000000000002,28.200000000000003,-33.2
13183,231568.0,False,172.60000000000002,29.3,-31.700000000000003
13184,231586.0,False,175.10000000000002,30.5,-30.3
13185,231594.0,False,176.3,31.200000000000003,-29.6
13186,231611.0,False,179.0,32.5,-28.400000000000002
13187,231632.0,False,181.60000000000002,34.0,-27.6
13188,231648.0,False,183.0,34.800000000000004,-27.3
13189,231661.0,False,185.5,36.4,-27.1
13190,231679.0,False,187.60000000000002,38.1,-27.400000000000002
13191,231694.0,False,188.4,38.900000000000006,-27.700000000000003
13192,231713.0,False,190.0,40.6,-28.700000000000003
13193,231727.0,False,190.70000000000002,41.400000000000006,-29.200000000000003
13194,231747.0,False,191.9,42.6,-29.900000000000002
13195,231760.0,False,193.0,43.2,-29.8
13196,231778.0,False,193.5,43.2,-29.3
13197,231795.0,False,194.0,42.900000000000006,-27.8
13198,231810.0,False,193.9,42.0,-25.5
13199,231831.0,False,193.3,40.7,-22.8
13200,231848.0,False,192.9,39.900000000000006,-21.400000000000002
13201,231862.0,False,191.60000000000002,37.800000000000004,-18.6
13202,231877.0,False,190.70000000000002,36.5,-17.2
13203,231894.0,False,188.5,33.4,-14.0
13204,231913.0,False,186.0,29.700000000000003,-10.5
13205,231928.0,False,184.9,27.8,-8.9
13206,231948.0,False,183.0,23.8,-6.300000000000001
13207,231965.0,False,181.70000000000002,20.200000000000003,-4.800000000000001
13208,231979.0,False,181.3,18.8,-4.5
13209,231994.0,False,180.9,16.900000000000002,-4.3
13210,232010.0,False,180.8,16.400000000000002,-4.5
13211,232030.0,False,180.70000000000002,16.3,-5.300000000000001
13212,232047.0,False,180.5,17.0,-6.7
13213,232066.0,False,179.9,18.2,-8.4
13214,232080.0,False,179.5,18.900000000000002,-9.3
13215,232094.0,False,178.70000000000002,20.400000000000002,-11.100000000000001
13216,232114.0,False,177.70000000000002,21.8,-12.600000000000001
13217,232127.0,False,177.20000000000002,22.400000000000002,-13.200000000000001
13218,232149.0,False,175.9,23.5,-14.0
13219,232164.0,False,174.4,24.3,-14.4
13220,232177.0,False,173.60000000000002,24.6,-14.5
13221,232195.0,False,171.70000000000002,24.900000000000002,-14.600000000000001
13222,232211.0,False,170.70000000000002,25.0,-14.600000000000001
13223,232229.0,False,168.70000000000002,24.8,-14.5
13224,232250.0,False,166.9,24.6,-14.600000000000001
13225,232264.0,False,166.0,24.5,-14.600000000000001
13226,232277.0,False,164.60000000000002,24.5,-14.8
13227,232294.0,False,164.0,24.5,-15.0
13228,232311.0,False,163.20000000000002,24.700000000000003,-15.5
13229,232327.0,False,162.8,24.8,-16.1
13230,232349.0,False,162.9,24.3,-16.8
13231,232368.0,False,163.4,23.3,-17.5
13232,232378.0,False,163.60000000000002,22.700000000000003,-17.8
13233,232396.0,False,164.20000000000002,21.700000000000003,-18.2
13234,232411.0,False,164.5,21.3,-18.3
13235,232427.0,False,165.3,20.700000000000003,-18.400000000000002
13236,232450.0,False,166.4,20.1,-18.3
13237,232471.0,False,167.60000000000002,19.700000000000003,-18.0
13238,232477.0,False,168.20000000000002,19.700000000000003,-17.7
13239,232496.0,False,168.9,19.8,-17.3
13240,232512.0,False,170.20000000000002,20.5,-16.2
13241,232529.0,False,171.60000000000002,21.8,-15.0
13242,232549.0,False,173.3,23.5,-14.0
13243,232569.0,False,175.20000000000002,25.200000000000003,-13.200000000000001
13244,232580.0,False,176.10000000000002,26.0,-12.8
13245,232594.0,False,177.10000000000002,26.6,-12.600000000000001
13246,232610.0,False,178.9,27.6,-12.0
13247,232652.0,False,182.0,29.0,-10.700000000000001
13248,232662.0,False,182.70000000000002,29.400000000000002,-10.3
13249,232678.0,False,183.9,30.0,-9.4
13250,232694.0,False,184.60000000000002,30.400000000000002,-8.9
13251,232714.0,False,185.8,30.900000000000002,-7.800000000000001
13252,232733.0,False,187.0,31.6,-6.6000000000000005
13253,232752.0,False,188.3,32.300000000000004,-5.300000000000001
13254,232763.0,False,189.10000000000002,32.6,-4.6000000000000005
13255,232780.0,False,190.70000000000002,33.1,-3.5
13256,232796.0,False,191.70000000000002,33.2,-3.0
13257,232813.0,False,193.5,33.1,-2.1
13258,232831.0,False,195.20000000000002,33.0,-1.5
13259,232852.0,False,196.5,33.1,-1.2000000000000002
13260,232861.0,False,197.10000000000002,33.2,-1.3
13261,232878.0,False,197.60000000000002,33.5,-1.5
13262,232894.0,False,198.60000000000002,34.2,-2.3000000000000003
13263,232914.0,False,199.4,34.9,-3.4000000000000004
13264,232930.0,False,200.10000000000002,35.2,-4.5
13265,232949.0,False,200.60000000000002,34.9,-5.4
13266,232961.0,False,200.70000000000002,34.4,-5.6000000000000005
13267,232983.0,False,200.70000000000002,32.9,-5.7
13268,232995.0,False,200.5,31.900000000000002,-5.5
13269,233010.0,False,200.0,29.5,-5.0
13270,233027.0,False,199.8,28.400000000000002,-4.7
13271,233048.0,False,199.5,26.1,-4.4
13272,233061.0,False,199.60000000000002,24.3,-4.800000000000001
13273,233077.0,False,199.8,23.6,-5.300000000000001
13274,233095.0,False,200.4,22.8,-6.6000000000000005
13275,233115.0,False,200.8,22.6,-8.0
13276,233133.0,False,200.8,23.1,-8.8
13277,233149.0,False,200.60000000000002,23.400000000000002,-8.9
13278,233162.0,False,199.9,24.400000000000002,-8.6
13279,233178.0,False,199.4,24.900000000000002,-8.3
13280,233194.0,False,198.4,26.0,-7.6000000000000005
13281,233211.0,False,198.0,26.6,-7.300000000000001
13282,233228.0,False,197.20000000000002,27.8,-7.0
13283,233246.0,False,196.60000000000002,29.0,-7.1000000000000005
13284,233264.0,False,196.20000000000002,30.400000000000002,-7.7
13285,233277.0,False,196.10000000000002,31.200000000000003,-8.1
13286,233297.0,False,196.0,32.7,-9.0
13287,233313.0,False,196.0,34.2,-9.5
13288,233327.0,False,196.10000000000002,34.9,-9.600000000000001
13289,233344.0,False,196.3,35.7,-9.9
13290,233361.0,False,196.4,35.9,-10.200000000000001
13291,233382.0,False,196.5,35.9,-10.9
13292,233397.0,False,196.60000000000002,35.7,-11.8
13293,233421.0,False,196.70000000000002,35.2,-12.9
13294,233427.0,False,196.8,34.800000000000004,-13.5
13295,233448.0,False,196.9,34.0,-14.5
13296,233463.0,False,197.0,33.5,-14.8
13297,233480.0,False,197.10000000000002,32.6,-14.9
13298,233494.0,False,197.20000000000002,32.0,-14.3
13299,233515.0,False,197.5,31.700000000000003,-13.200000000000001
13300,233528.0,False,197.70000000000002,31.6,-12.600000000000001
13301,233551.0,False,198.3,31.3,-11.5
13302,233561.0,False,198.60000000000002,31.200000000000003,-11.0
13303,233577.0,False,199.10000000000002,31.1,-10.200000000000001
13304,233594.0,False,199.3,31.200000000000003,-9.8
13305,233611.0,False,199.5,31.400000000000002,-8.9
13306,233629.0,False,199.70000000000002,32.0,-7.800000000000001
13307,233649.0,False,199.70000000000002,32.9,-6.4
13308,233662.0,False,199.8,33.4,-5.6000000000000005
13309,233679.0,False,200.0,34.5,-4.0
13310,233694.0,False,200.20000000000002,34.9,-3.3000000000000003
13311,233711.0,False,200.8,35.4,-2.2
13312,233730.0,False,201.60000000000002,35.300000000000004,-1.6
13313,233746.0,False,202.5,34.800000000000004,-1.6
13314,233763.0,False,203.0,34.6,-1.7000000000000002
13315,233778.0,False,204.0,34.300000000000004,-2.0
13316,233798.0,False,204.8,34.4,-2.1
13317,233811.0,False,205.20000000000002,34.5,-2.1
13318,233827.0,False,205.9,34.9,-1.7000000000000002
13319,233844.0,False,206.4,35.1,-1.4000000000000001
13320,233865.0,False,207.5,35.7,-0.7000000000000001
13321,233878.0,False,208.8,36.2,0.0
13322,233894.0,False,209.60000000000002,36.5,0.30000000000000004
13323,233910.0,False,211.10000000000002,37.1,0.9
13324,233932.0,False,212.5,37.7,1.6
13325,233952.0,False,213.60000000000002,38.1,2.2
13326,233964.0,False,214.0,38.400000000000006,2.5
13327,233978.0,False,214.5,38.800000000000004,3.1
13328,233994.0,False,214.60000000000002,39.0,3.3000000000000003
13329,234013.0,False,214.8,39.300000000000004,3.6
13330,234029.0,False,214.9,39.400000000000006,3.6
13331,234048.0,False,215.20000000000002,39.6,3.4000000000000004
13332,234062.0,False,215.3,39.7,3.2
13333,234077.0,False,215.5,39.800000000000004,3.0
13334,234096.0,False,215.70000000000002,40.2,2.5
13335,234116.0,False,215.70000000000002,40.400000000000006,2.2
13336,234147.0,False,215.60000000000002,40.2,2.4000000000000004
13337,234162.0,False,215.60000000000002,39.400000000000006,3.0
13338,234177.0,False,215.70000000000002,38.7,3.5
13339,234196.0,False,215.9,36.4,4.2
13340,234213.0,False,216.4,33.1,4.1000000000000005
13341,234230.0,False,216.8,29.3,3.4000000000000004
13342,234261.0,False,217.4,24.3,2.7
13343,234277.0,False,217.5,23.1,2.9000000000000004
13344,234294.0,False,217.5,21.6,4.1000000000000005
13345,234313.0,False,217.4,21.3,6.1000000000000005
13346,234333.0,False,217.3,22.1,8.0
13347,234352.0,False,217.3,23.6,9.0
13348,234364.0,False,217.3,24.400000000000002,9.1
13349,234377.0,False,217.4,25.3,8.9
13350,234394.0,False,217.70000000000002,26.900000000000002,7.7
13351,234412.0,False,218.10000000000002,28.400000000000002,6.0
13352,234433.0,False,218.70000000000002,29.700000000000003,4.1000000000000005
13353,234449.0,False,219.10000000000002,30.400000000000002,3.2
13354,234461.0,False,219.60000000000002,31.0,2.3000000000000003
13355,234477.0,False,220.60000000000002,32.300000000000004,0.8
13356,234494.0,False,221.70000000000002,33.4,-0.30000000000000004
13357,234510.0,False,222.20000000000002,33.9,-0.8
13358,234527.0,False,223.10000000000002,34.800000000000004,-1.6
13359,234556.0,False,224.3,35.300000000000004,-2.7
13360,234578.0,False,224.9,35.2,-3.1
13361,234594.0,False,225.70000000000002,35.300000000000004,-3.1
13362,234611.0,False,226.3,35.4,-3.0
13363,234627.0,False,227.5,35.6,-2.8000000000000003
13364,234644.0,False,228.8,35.800000000000004,-2.8000000000000003
13365,234668.0,False,229.9,36.0,-3.0
13366,234677.0,False,230.3,36.0,-3.0
13367,234694.0,False,230.60000000000002,36.1,-3.0
13368,234711.0,False,231.10000000000002,36.2,-2.4000000000000004
13369,234732.0,False,231.60000000000002,36.300000000000004,-1.6
13370,234749.0,False,232.20000000000002,36.300000000000004,-0.7000000000000001
13371,234767.0,False,232.9,36.2,0.1
13372,234780.0,False,233.20000000000002,36.2,0.30000000000000004
13373,234794.0,False,233.5,36.1,0.4
13374,234812.0,False,234.3,35.9,0.4
13375,234827.0,False,235.20000000000002,35.800000000000004,0.30000000000000004
13376,234847.0,False,236.3,35.9,0.30000000000000004
13377,234862.0,False,236.9,36.1,0.4
13378,234877.0,False,238.20000000000002,36.300000000000004,0.5
13379,234894.0,False,238.9,36.300000000000004,0.5
13380,234914.0,False,240.4,36.1,0.4
13381,234928.0,False,242.0,35.300000000000004,0.0
13382,234947.0,False,242.8,34.800000000000004,-0.2
13383,234964.0,False,244.3,33.7,-0.6000000000000001
13384,234978.0,False,245.8,32.7,-0.8
13385,234995.0,False,246.5,32.300000000000004,-0.8
13386,235014.0,False,247.9,31.8,-0.8
13387,235027.0,False,249.4,31.5,-0.9
13388,235049.0,False,251.10000000000002,31.400000000000002,-1.3
13389,235066.0,False,251.9,31.3,-1.5
13390,235080.0,False,253.70000000000002,31.400000000000002,-1.9000000000000001
13391,235094.0,False,254.60000000000002,31.400000000000002,-2.2
13392,235110.0,False,256.3,31.400000000000002,-2.8000000000000003
13393,235128.0,False,258.0,31.400000000000002,-3.5
13394,235144.0,False,258.8,31.400000000000002,-3.9000000000000004
13395,235164.0,False,260.2,31.5,-4.7
13396,235179.0,False,261.5,31.8,-5.300000000000001
13397,235194.0,False,262.0,32.1,-5.6000000000000005
13398,235220.0,False,263.5,33.0,-6.300000000000001
13399,235228.0,False,263.90000000000003,33.2,-6.4
13400,235244.0,False,264.3,33.5,-6.4
13401,235264.0,False,264.90000000000003,33.7,-6.5
13402,235277.0,False,265.1,33.7,-6.5
13403,235294.0,False,265.40000000000003,33.4,-6.4
13404,235314.0,False,265.6,32.7,-6.300000000000001
13405,235330.0,False,265.6,31.900000000000002,-6.0
13406,235349.0,False,265.7,31.400000000000002,-6.1000000000000005
13407,235363.0,False,265.7,31.1,-6.2
13408,235377.0,False,265.5,30.8,-6.2
13409,235395.0,False,265.1,29.900000000000002,-5.300000000000001
13410,235410.0,False,264.7,29.200000000000003,-3.9000000000000004
13411,235428.0,False,264.40000000000003,29.200000000000003,-3.2
13412,235444.0,False,264.2,29.8,-2.1
13413,235474.0,False,264.0,31.700000000000003,-1.5
13414,235494.0,False,263.8,33.2,-1.6
13415,235511.0,False,263.7,34.4,-2.1
13416,235527.0,False,263.6,34.9,-2.3000000000000003
13417,235545.0,False,263.40000000000003,35.7,-2.8000000000000003
13418,235576.0,False,263.5,36.5,-3.7
13419,235597.0,False,263.8,36.800000000000004,-4.5
13420,235613.0,False,264.3,37.2,-5.1000000000000005
13421,235633.0,False,265.0,37.5,-5.6000000000000005
13422,235649.0,False,265.40000000000003,37.7,-5.6000000000000005
13423,235660.0,False,265.90000000000003,37.800000000000004,-5.6000000000000005
13424,235677.0,False,267.1,37.9,-5.4
13425,235696.0,False,268.5,37.6,-5.0
13426,235718.0,False,269.90000000000003,37.0,-4.7
13427,235728.0,False,270.6,36.5,-4.4
13428,235745.0,False,271.8,35.5,-3.8000000000000003
13429,235767.0,False,273.0,34.300000000000004,-2.7
13430,235777.0,False,273.7,33.7,-2.1
13431,235794.0,False,274.5,33.2,-1.6
13432,235815.0,False,278.5,32.4,-1.6
13433,235830.0,False,280.3,32.4,-2.1
13434,235844.0,False,284.40000000000003,32.6,-3.2
13435,235861.0,False,286.6,32.6,-3.7
13436,235877.0,False,291.6,32.300000000000004,-4.3
13437,235896.0,False,296.8,31.8,-4.7
13438,235910.0,False,299.3,31.5,-4.800000000000001
13439,235930.0,False,303.6,30.900000000000002,-4.800000000000001
13440,235947.0,False,307.1,30.6,-4.5
13441,235960.0,False,308.6,30.5,-4.2
13442,235977.0,False,311.3,30.700000000000003,-3.4000000000000004
13443,235995.0,False,313.8,31.0,-2.6
13444,236011.0,False,315.1,31.200000000000003,-2.2
13445,236027.0,False,317.40000000000003,31.1,-1.5
13446,236046.0,False,319.5,30.5,-1.0
13447,236065.0,False,321.5,29.5,-0.8
13448,236081.0,False,322.3,28.900000000000002,-0.8
13449,236098.0,False,323.70000000000005,27.700000000000003,-0.7000000000000001
13450,236113.0,False,324.20000000000005,27.1,-0.6000000000000001
13451,236127.0,False,325.0,26.1,-0.1
13452,236148.0,False,325.8,25.200000000000003,0.5
13453,236162.0,False,326.20000000000005,24.900000000000002,0.8
13454,236178.0,False,327.3,24.5,1.4000000000000001
13455,236196.0,False,328.5,24.3,1.9000000000000001
13456,236212.0,False,329.1,24.3,2.1
13457,236227.0,False,330.3,24.400000000000002,2.4000000000000004
13458,236246.0,False,331.0,24.400000000000002,2.5
13459,236263.0,False,332.20000000000005,24.400000000000002,2.6
13460,236277.0,False,333.5,24.200000000000003,2.7
13461,236297.0,False,334.8,23.900000000000002,2.7
13462,236310.0,False,335.40000000000003,23.700000000000003,2.7
13463,236328.0,False,336.5,23.200000000000003,2.7
13464,236348.0,False,336.90000000000003,23.0,2.8000000000000003
13465,236363.0,False,337.70000000000005,22.6,3.0
13466,236377.0,False,338.0,22.400000000000002,3.2
13467,236394.0,False,338.6,22.1,3.6
13468,236411.0,False,339.3,21.900000000000002,3.9000000000000004
13469,236427.0,False,340.0,21.6,4.1000000000000005
13470,236448.0,False,340.70000000000005,21.400000000000002,4.2
13471,236464.0,False,341.1,21.3,4.2
13472,236478.0,False,341.90000000000003,21.0,4.2
13473,236494.0,False,342.3,20.900000000000002,4.2
13474,236514.0,False,343.1,20.6,4.2
13475,236533.0,False,343.8,20.200000000000003,4.1000000000000005
13476,236549.0,False,344.20000000000005,20.0,4.0
13477,236562.0,False,344.90000000000003,19.6,3.9000000000000004
13478,236577.0,False,345.20000000000005,19.5,3.8000000000000003
13479,236594.0,False,345.8,19.3,3.8000000000000003
13480,236610.0,False,346.3,19.3,3.8000000000000003
13481,236629.0,False,346.5,19.3,3.8000000000000003
13482,236645.0,False,346.90000000000003,19.5,3.7
13483,236673.0,False,347.20000000000005,19.6,3.7
13484,236677.0,False,347.20000000000005,19.6,3.6
13485,236695.0,False,347.40000000000003,19.700000000000003,3.7
13486,236712.0,False,347.40000000000003,19.700000000000003,3.8000000000000003
13487,236727.0,False,347.40000000000003,19.8,3.9000000000000004
13488,236746.0,False,347.3,19.900000000000002,4.3
13489,236764.0,False,347.3,20.1,4.7
13490,236782.0,False,347.40000000000003,20.3,4.800000000000001
13491,236794.0,False,347.5,20.400000000000002,4.800000000000001
13492,236812.0,False,347.6,20.6,4.7
13493,236827.0,False,347.70000000000005,20.700000000000003,4.7
13494,236862.0,False,347.90000000000003,20.6,4.4
13495,236877.0,False,348.0,20.5,4.3
13496,236894.0,False,348.0,20.3,4.0
13497,236928.0,False,347.90000000000003,19.900000000000002,3.8000000000000003
13498,236944.0,False,347.70000000000005,19.700000000000003,3.9000000000000004
13499,236960.0,False,347.6,19.6,3.9000000000000004
13500,236989.0,False,347.3,19.5,4.4
13501,237010.0,False,347.20000000000005,19.5,4.6000000000000005
13502,237027.0,False,347.1,19.5,4.800000000000001
13503,237044.0,False,347.20000000000005,19.5,4.800000000000001
13504,237077.0,False,347.3,19.3,4.7
13505,237094.0,False,347.40000000000003,19.1,4.7
13506,237112.0,False,347.5,19.0,4.7
13507,237129.0,False,347.6,18.8,4.7
13508,237145.0,False,347.8,18.7,4.6000000000000005
13509,237182.0,False,348.0,18.5,4.2
13510,237194.0,False,348.1,18.5,4.0
13511,237210.0,False,348.20000000000005,18.5,3.9000000000000004
13512,237231.0,False,348.3,18.6,3.9000000000000004
13513,237261.0,False,348.40000000000003,18.8,3.8000000000000003
13514,237282.0,False,348.5,18.8,3.7
13515,237295.0,False,348.6,18.8,3.6
13516,237310.0,False,348.70000000000005,18.8,3.6
13517,237328.0,False,348.8,18.7,3.5
13518,237344.0,False,348.90000000000003,18.6,3.4000000000000004
13519,237379.0,False,349.0,18.400000000000002,3.2
13520,237394.0,False,349.1,18.3,3.2
13521,237414.0,False,349.1,18.2,3.2
13522,237429.0,False,349.20000000000005,18.1,3.2
13523,237445.0,False,349.20000000000005,18.0,3.2
13524,237464.0,False,349.3,18.0,3.1
13525,237500.0,False,349.40000000000003,17.900000000000002,3.2
13526,237544.0,False,349.6,18.1,3.2
13527,237560.0,False,349.70000000000005,18.1,3.1
13528,237597.0,False,349.70000000000005,18.0,3.1
13529,237610.0,False,349.8,17.900000000000002,3.2
13530,237629.0,False,349.8,17.8,3.2
13531,237644.0,False,349.90000000000003,17.8,3.2
13532,237710.0,False,350.20000000000005,17.8,3.2
13533,237744.0,False,350.40000000000003,17.8,3.2
13534,237763.0,False,350.5,17.8,3.1
13535,237781.0,False,350.70000000000005,17.900000000000002,3.1
13536,237795.0,False,350.70000000000005,17.900000000000002,3.0
13537,237810.0,False,350.90000000000003,18.0,2.9000000000000004
13538,237845.0,False,351.20000000000005,18.0,2.7
13539,237865.0,False,351.40000000000003,18.1,2.6
13540,237878.0,False,351.40000000000003,18.1,2.5
13541,237894.0,False,351.6,18.1,2.5
13542,237910.0,False,351.70000000000005,18.2,2.4000000000000004
13543,237927.0,False,351.70000000000005,18.3,2.4000000000000004
13544,237962.0,False,351.8,18.400000000000002,2.4000000000000004
13545,237977.0,False,351.90000000000003,18.3,2.6
13546,237994.0,False,351.90000000000003,18.3,2.7
13547,238011.0,False,352.0,18.2,2.9000000000000004
13548,238044.0,False,351.90000000000003,18.0,3.3000000000000003
13549,238060.0,False,351.90000000000003,18.0,3.4000000000000004
13550,238081.0,False,351.90000000000003,17.900000000000002,3.7
13551,238094.0,False,351.90000000000003,17.900000000000002,3.8000000000000003
13552,238129.0,False,352.0,18.1,3.9000000000000004
13553,238162.0,False,352.1,18.1,3.8000000000000003
13554,238177.0,False,352.1,18.0,3.7
13555,238194.0,False,352.20000000000005,18.0,3.7
13556,238228.0,False,352.20000000000005,17.8,3.7
13557,238250.0,False,352.20000000000005,17.7,3.8000000000000003
13558,238282.0,False,352.20000000000005,17.5,4.0
13559,238300.0,False,352.20000000000005,17.400000000000002,4.1000000000000005
13560,238328.0,False,352.3,17.400000000000002,4.3
13561,238396.0,False,352.40000000000003,17.400000000000002,4.2
13562,238449.0,False,352.5,17.3,4.3
13563,238464.0,False,352.6,17.3,4.3
13564,238499.0,False,352.70000000000005,17.3,4.2
13565,238527.0,False,352.8,17.2,4.3
13566,238574.0,False,352.90000000000003,17.2,4.3
13567,238613.0,False,353.0,17.1,4.4
13568,238634.0,False,353.1,17.0,4.6000000000000005
13569,238644.0,False,353.20000000000005,16.900000000000002,4.7
13570,238662.0,False,353.3,17.0,5.0
13571,238677.0,False,353.5,17.1,5.1000000000000005
13572,238714.0,False,353.70000000000005,17.400000000000002,5.2
13573,238745.0,False,353.8,17.6,5.300000000000001
13574,238763.0,False,353.90000000000003,17.6,5.4
13575,238795.0,False,354.1,17.6,5.4
13576,238811.0,False,354.20000000000005,17.400000000000002,5.300000000000001
13577,238828.0,False,354.3,17.3,5.4
13578,238848.0,False,354.40000000000003,17.2,5.4
13579,238897.0,False,354.6,17.1,5.4
13580,238914.0,False,354.6,17.0,5.300000000000001
13581,238930.0,False,354.70000000000005,17.0,5.300000000000001
13582,238997.0,False,354.90000000000003,16.8,5.2
13583,239044.0,False,355.1,16.7,5.1000000000000005
13584,239078.0,False,355.20000000000005,16.7,5.0
13585,239132.0,False,355.20000000000005,16.8,5.0
13586,239244.0,False,354.70000000000005,17.0,5.0
13587,239264.0,False,354.6,17.1,5.1000000000000005
13588,239294.0,False,354.40000000000003,17.1,5.2
13589,239316.0,False,354.40000000000003,17.2,5.300000000000001
13590,239332.0,False,354.3,17.2,5.300000000000001
13591,239344.0,False,354.20000000000005,17.3,5.300000000000001
13592,239393.0,False,354.1,17.3,5.4
13593,239411.0,False,354.0,17.400000000000002,5.4
13594,239448.0,False,354.0,17.6,5.4
13595,239480.0,False,353.90000000000003,17.8,5.4
13596,239493.0,False,353.90000000000003,17.900000000000002,5.4
13597,239530.0,False,353.8,17.900000000000002,5.300000000000001
13598,239593.0,False,353.6,17.900000000000002,5.300000000000001
13599,239612.0,False,353.6,17.900000000000002,5.2
13600,239627.0,False,353.5,17.900000000000002,5.1000000000000005
13601,239664.0,False,353.40000000000003,17.8,5.2
13602,239694.0,False,353.40000000000003,17.7,5.1000000000000005
13603,239710.0,False,353.3,17.7,5.1000000000000005
13604,239747.0,False,353.3,17.5,5.0
13605,239772.0,False,353.40000000000003,17.400000000000002,4.9
13606,239779.0,False,353.5,17.3,4.800000000000001
13607,239794.0,False,353.5,17.3,4.7
13608,239813.0,False,353.6,17.400000000000002,4.5
13609,239828.0,False,353.70000000000005,17.5,4.4
13610,239844.0,False,353.70000000000005,17.6,4.4
13611,239876.0,False,353.90000000000003,17.7,4.2
13612,239914.0,False,354.0,17.8,4.1000000000000005
13613,239927.0,False,354.0,17.8,4.0
13614,239944.0,False,354.0,17.900000000000002,3.9000000000000004
13615,239969.0,False,354.0,18.0,3.7
13616,239981.0,False,354.0,18.1,3.7
13617,240011.0,False,353.90000000000003,18.1,3.6
13618,240028.0,False,353.8,18.2,3.5
13619,240079.0,False,353.6,18.2,3.4000000000000004
13620,240093.0,False,353.6,18.1,3.3000000000000003
13621,240115.0,False,353.6,17.900000000000002,3.0
13622,240131.0,False,353.5,17.8,2.8000000000000003
13623,240164.0,False,353.40000000000003,17.8,2.7
13624,240189.0,False,353.3,17.8,2.7
13625,240195.0,False,353.3,17.8,2.6
13626,240234.0,False,353.1,17.900000000000002,2.6
13627,240261.0,False,353.1,18.0,2.5
13628,240278.0,False,353.0,18.0,2.4000000000000004
13629,240294.0,False,353.0,18.2,2.3000000000000003
13630,240313.0,False,352.90000000000003,18.3,2.2
13631,240330.0,False,352.8,18.400000000000002,2.1
13632,240377.0,False,352.5,18.5,2.3000000000000003
13633,240396.0,False,352.40000000000003,18.5,2.4000000000000004
13634,240415.0,False,352.3,18.5,2.4000000000000004
13635,240427.0,False,352.20000000000005,18.6,2.4000000000000004
13636,240444.0,False,352.20000000000005,18.7,2.3000000000000003
13637,240473.0,False,352.1,18.900000000000002,2.2
13638,240511.0,False,352.1,19.1,2.2
13639,240527.0,False,352.1,19.200000000000003,2.1
13640,240549.0,False,352.20000000000005,19.3,2.0
13641,240630.0,False,352.3,19.1,1.8
13642,240646.0,False,352.3,19.0,1.7000000000000002
13643,240747.0,False,352.3,18.8,1.8
13644,240767.0,False,352.40000000000003,18.7,1.8
13645,240784.0,False,352.6,18.7,1.8
13646,240793.0,False,352.70000000000005,18.7,1.7000000000000002
13647,240810.0,False,352.90000000000003,18.8,1.7000000000000002
13648,240827.0,False,353.1,19.0,1.5
13649,240844.0,False,353.20000000000005,19.200000000000003,1.4000000000000001
13650,240879.0,False,353.40000000000003,19.400000000000002,1.2000000000000002
13651,240896.0,False,353.5,19.6,1.2000000000000002
13652,240916.0,False,353.6,19.700000000000003,1.1
13653,240981.0,False,353.70000000000005,20.200000000000003,1.1
13654,241048.0,False,353.90000000000003,20.1,1.1
13655,241066.0,False,354.1,20.1,1.0
13656,241078.0,False,354.20000000000005,20.0,0.9
13657,241095.0,False,354.5,19.900000000000002,0.7000000000000001
13658,241110.0,False,354.6,19.900000000000002,0.6000000000000001
13659,241127.0,False,354.70000000000005,19.8,0.30000000000000004
