,ms,abs,alpha,beta,gamma
0,110.0,False,94.60000000000001,21.5,-14.700000000000001
1,117.0,False,94.4,21.700000000000003,-14.700000000000001
2,151.0,False,93.9,21.900000000000002,-14.700000000000001
3,184.0,False,93.7,22.0,-14.600000000000001
4,201.0,False,93.10000000000001,22.1,-14.4
5,221.0,False,92.9,22.200000000000003,-14.3
6,251.0,False,92.30000000000001,22.1,-14.100000000000001
7,268.0,False,92.0,22.1,-13.9
8,285.0,False,91.7,22.0,-13.8
9,305.0,False,91.5,22.0,-13.600000000000001
10,318.0,False,91.2,22.0,-13.4
11,335.0,False,91.0,22.0,-13.3
12,370.0,False,90.5,22.0,-12.9
13,406.0,False,90.0,22.0,-12.600000000000001
14,418.0,False,89.9,22.0,-12.5
15,437.0,False,89.7,21.900000000000002,-12.5
16,452.0,False,89.5,21.900000000000002,-12.4
17,485.0,False,89.2,21.900000000000002,-12.100000000000001
18,521.0,False,88.9,21.8,-11.9
19,552.0,False,88.60000000000001,21.6,-11.600000000000001
20,585.0,False,88.30000000000001,21.400000000000002,-11.3
21,601.0,False,88.2,21.400000000000002,-11.200000000000001
22,634.0,False,88.0,21.400000000000002,-11.0
23,651.0,False,88.0,21.3,-10.9
24,668.0,False,87.9,21.3,-10.700000000000001
25,701.0,False,87.80000000000001,21.200000000000003,-10.4
26,720.0,False,87.80000000000001,21.1,-10.3
27,736.0,False,87.80000000000001,21.0,-10.200000000000001
28,801.0,False,88.0,21.0,-10.100000000000001
29,819.0,False,88.0,20.900000000000002,-10.0
30,851.0,False,88.10000000000001,20.8,-10.0
31,901.0,False,88.30000000000001,20.700000000000003,-10.0
32,921.0,False,88.4,20.6,-10.0
33,935.0,False,88.4,20.5,-9.9
34,967.0,False,88.5,20.3,-9.9
35,984.0,False,88.60000000000001,20.200000000000003,-9.9
36,1051.0,False,88.9,20.1,-9.8
37,1067.0,False,89.0,20.0,-9.700000000000001
38,1084.0,False,89.10000000000001,19.900000000000002,-9.700000000000001
39,1122.0,False,89.2,19.900000000000002,-9.5
40,1134.0,False,89.30000000000001,19.900000000000002,-9.4
41,1167.0,False,89.5,20.0,-9.200000000000001
42,1184.0,False,89.60000000000001,20.1,-9.1
43,1201.0,False,89.80000000000001,20.3,-9.0
44,1219.0,False,90.0,20.5,-8.9
45,1235.0,False,90.2,20.700000000000003,-8.700000000000001
46,1251.0,False,90.30000000000001,21.0,-8.5
47,1267.0,False,90.4,21.200000000000003,-8.4
48,1284.0,False,90.4,21.5,-8.200000000000001
49,1301.0,False,90.30000000000001,21.900000000000002,-7.800000000000001
50,1320.0,False,90.2,22.1,-7.4
51,1335.0,False,90.0,22.5,-6.9
52,1351.0,False,89.4,23.0,-6.1000000000000005
53,1386.0,False,88.4,23.1,-5.1000000000000005
54,1420.0,False,87.4,23.1,-4.0
55,1435.0,False,85.4,22.8,-1.4000000000000001
56,1453.0,False,84.5,22.6,0.0
57,1467.0,False,83.9,22.3,1.2000000000000002
58,1502.0,False,83.60000000000001,22.1,1.9000000000000001
59,1526.0,False,82.9,22.400000000000002,2.3000000000000003
60,1534.0,False,82.60000000000001,23.0,2.4000000000000004
61,1551.0,False,82.30000000000001,23.700000000000003,2.6
62,1567.0,False,82.2,24.200000000000003,2.5
63,1584.0,False,82.4,24.400000000000002,2.3000000000000003
64,1601.0,False,82.60000000000001,24.6,2.2
65,1619.0,False,82.7,24.6,2.3000000000000003
66,1635.0,False,82.80000000000001,24.6,2.5
67,1651.0,False,82.80000000000001,24.6,2.9000000000000004
68,1667.0,False,82.80000000000001,24.5,3.2
69,1686.0,False,82.80000000000001,24.3,3.7
70,1701.0,False,82.9,24.0,4.0
71,1725.0,False,83.0,23.6,4.3
72,1735.0,False,83.10000000000001,23.3,4.5
73,1751.0,False,83.10000000000001,23.0,4.7
74,1767.0,False,83.2,22.700000000000003,4.800000000000001
75,1784.0,False,83.2,22.3,4.800000000000001
76,1801.0,False,83.2,21.900000000000002,5.0
77,1819.0,False,83.2,21.700000000000003,5.2
78,1835.0,False,83.10000000000001,21.700000000000003,5.5
79,1851.0,False,83.10000000000001,21.8,5.7
80,1867.0,False,83.0,21.900000000000002,5.9
81,1884.0,False,83.0,22.1,6.1000000000000005
82,1901.0,False,83.10000000000001,22.3,6.2
83,1924.0,False,83.10000000000001,22.5,6.300000000000001
84,1934.0,False,83.10000000000001,22.700000000000003,6.4
85,1967.0,False,83.0,23.200000000000003,6.4
86,1984.0,False,82.80000000000001,23.3,6.4
87,2001.0,False,82.60000000000001,23.400000000000002,6.2
88,2018.0,False,82.4,23.400000000000002,5.9
89,2035.0,False,82.2,23.3,5.6000000000000005
90,2072.0,False,81.60000000000001,23.200000000000003,5.1000000000000005
91,2084.0,False,81.30000000000001,23.200000000000003,5.0
92,2101.0,False,81.10000000000001,23.1,4.9
93,2123.0,False,80.80000000000001,22.8,4.800000000000001
94,2135.0,False,80.4,22.6,4.9
95,2167.0,False,79.9,22.1,4.6000000000000005
96,2184.0,False,79.60000000000001,21.900000000000002,4.7
97,2201.0,False,79.4,21.8,4.6000000000000005
98,2227.0,False,79.30000000000001,21.6,4.7
99,2235.0,False,79.2,21.3,5.0
100,2253.0,False,79.10000000000001,20.900000000000002,5.5
101,2268.0,False,79.10000000000001,20.400000000000002,6.1000000000000005
102,2284.0,False,79.30000000000001,20.0,6.7
103,2301.0,False,79.4,19.5,7.300000000000001
104,2322.0,False,79.60000000000001,19.200000000000003,7.7
105,2335.0,False,79.80000000000001,19.1,7.9
106,2356.0,False,79.9,19.0,7.800000000000001
107,2368.0,False,80.0,19.0,7.4
108,2384.0,False,80.0,19.200000000000003,7.0
109,2401.0,False,79.9,19.6,6.6000000000000005
110,2422.0,False,79.9,19.900000000000002,6.1000000000000005
111,2436.0,False,80.0,20.200000000000003,5.5
112,2451.0,False,80.0,20.5,5.0
113,2475.0,False,79.9,20.6,4.6000000000000005
114,2501.0,False,79.9,20.6,4.0
115,2520.0,False,80.0,20.5,3.8000000000000003
116,2570.0,False,80.10000000000001,20.3,2.9000000000000004
117,2584.0,False,80.10000000000001,20.200000000000003,2.6
118,2602.0,False,80.2,20.0,2.4000000000000004
119,2623.0,False,80.30000000000001,19.900000000000002,2.2
120,2636.0,False,80.5,19.8,2.0
121,2651.0,False,80.60000000000001,19.6,1.9000000000000001
122,2667.0,False,80.60000000000001,19.400000000000002,1.7000000000000002
123,2685.0,False,80.60000000000001,19.1,1.7000000000000002
124,2701.0,False,80.60000000000001,18.8,1.9000000000000001
125,2720.0,False,80.7,18.400000000000002,2.3000000000000003
126,2736.0,False,80.7,18.0,2.7
127,2767.0,False,80.9,16.900000000000002,3.2
128,2784.0,False,80.9,16.1,3.2
129,2802.0,False,81.0,15.3,3.0
130,2826.0,False,81.0,14.600000000000001,2.8000000000000003
131,2836.0,False,81.0,14.3,2.7
132,2868.0,False,81.2,14.3,2.3000000000000003
133,2885.0,False,81.30000000000001,14.4,2.0
134,2904.0,False,81.5,14.3,1.8
135,2921.0,False,81.7,14.200000000000001,1.5
136,2935.0,False,81.9,14.100000000000001,1.3
137,2968.0,False,82.2,14.0,1.0
138,3035.0,False,82.2,13.9,1.2000000000000002
139,3051.0,False,82.2,13.8,1.7000000000000002
140,3085.0,False,82.4,13.700000000000001,2.2
141,3102.0,False,82.5,13.600000000000001,2.3000000000000003
142,3144.0,False,82.60000000000001,13.5,2.7
143,3151.0,False,82.7,13.4,2.8000000000000003
144,3169.0,False,82.80000000000001,13.3,3.1
145,3185.0,False,82.9,13.3,3.3000000000000003
146,3201.0,False,83.0,13.3,3.5
147,3234.0,False,83.2,13.200000000000001,3.8000000000000003
148,3252.0,False,83.30000000000001,13.100000000000001,3.8000000000000003
149,3268.0,False,83.30000000000001,12.9,3.9000000000000004
150,3302.0,False,83.30000000000001,12.600000000000001,4.1000000000000005
151,3326.0,False,83.30000000000001,12.4,4.2
152,3361.0,False,83.2,11.9,4.1000000000000005
153,3373.0,False,83.2,11.600000000000001,4.0
154,3385.0,False,83.2,11.3,3.9000000000000004
155,3403.0,False,83.10000000000001,10.9,3.7
156,3419.0,False,83.2,10.600000000000001,3.6
157,3435.0,False,83.2,10.4,3.3000000000000003
158,3451.0,False,83.2,10.3,3.2
159,3467.0,False,83.2,10.4,3.0
160,3501.0,False,83.2,10.5,2.8000000000000003
161,3521.0,False,83.2,10.5,2.7
162,3552.0,False,83.30000000000001,10.4,2.7
163,3569.0,False,83.4,10.5,2.6
164,3604.0,False,83.60000000000001,10.600000000000001,2.4000000000000004
165,3622.0,False,83.7,10.600000000000001,2.3000000000000003
166,3635.0,False,83.9,10.600000000000001,2.1
167,3669.0,False,84.2,10.600000000000001,1.9000000000000001
168,3702.0,False,84.60000000000001,10.700000000000001,1.9000000000000001
169,3723.0,False,84.80000000000001,10.9,1.6
170,3753.0,False,85.30000000000001,10.9,1.4000000000000001
171,3786.0,False,85.80000000000001,10.600000000000001,1.2000000000000002
172,3801.0,False,86.10000000000001,10.600000000000001,1.0
173,3822.0,False,86.30000000000001,10.700000000000001,0.7000000000000001
174,3834.0,False,86.5,10.700000000000001,0.30000000000000004
175,3852.0,False,86.80000000000001,10.700000000000001,-0.1
176,3885.0,False,87.2,10.5,-0.8
177,3901.0,False,87.30000000000001,10.4,-1.0
178,3924.0,False,87.5,10.3,-1.1
179,3951.0,False,87.7,10.3,-1.4000000000000001
180,3968.0,False,87.80000000000001,10.3,-1.5
181,3985.0,False,87.80000000000001,10.3,-1.6
182,4005.0,False,87.80000000000001,10.200000000000001,-1.7000000000000002
183,4020.0,False,87.7,10.200000000000001,-1.7000000000000002
184,4051.0,False,87.60000000000001,10.0,-1.6
185,4068.0,False,87.4,9.8,-1.5
186,4104.0,False,87.2,9.5,-1.1
187,4122.0,False,87.10000000000001,9.3,-0.8
188,4151.0,False,87.2,9.1,-0.7000000000000001
189,4201.0,False,87.4,9.200000000000001,-1.1
190,4222.0,False,87.5,9.200000000000001,-1.2000000000000002
191,4251.0,False,87.60000000000001,9.200000000000001,-1.2000000000000002
192,4301.0,False,87.80000000000001,9.200000000000001,-1.2000000000000002
193,4351.0,False,87.9,9.200000000000001,-1.4000000000000001
194,4385.0,False,87.7,9.200000000000001,-1.4000000000000001
195,4422.0,False,87.60000000000001,8.9,-1.3
196,4451.0,False,87.5,8.8,-1.2000000000000002
197,4468.0,False,87.60000000000001,8.9,-1.2000000000000002
198,4522.0,False,87.9,9.1,-1.3
199,4568.0,False,88.10000000000001,9.0,-1.2000000000000002
200,4653.0,False,88.30000000000001,9.0,-1.3
201,4685.0,False,88.5,9.1,-1.4000000000000001
202,4705.0,False,88.60000000000001,9.1,-1.5
203,4720.0,False,88.7,9.200000000000001,-1.6
204,4757.0,False,88.80000000000001,9.3,-1.7000000000000002
205,4784.0,False,89.0,9.5,-1.8
206,4801.0,False,89.2,9.5,-1.8
207,4818.0,False,89.30000000000001,9.600000000000001,-1.9000000000000001
208,4851.0,False,89.5,9.8,-2.1
209,4868.0,False,89.7,9.9,-2.2
210,4885.0,False,89.80000000000001,10.0,-2.3000000000000003
211,4901.0,False,89.9,10.0,-2.4000000000000004
212,4928.0,False,90.2,10.200000000000001,-2.6
213,4952.0,False,90.30000000000001,10.200000000000001,-2.7
214,4970.0,False,90.4,10.3,-2.8000000000000003
215,5005.0,False,90.5,10.3,-2.9000000000000004
216,5019.0,False,90.60000000000001,10.3,-3.0
217,5051.0,False,90.80000000000001,10.4,-3.1
218,5067.0,False,90.9,10.5,-3.3000000000000003
219,5101.0,False,91.10000000000001,10.8,-3.6
220,5121.0,False,91.30000000000001,11.0,-3.8000000000000003
221,5152.0,False,91.5,11.3,-4.1000000000000005
222,5168.0,False,91.60000000000001,11.5,-4.2
223,5184.0,False,91.80000000000001,11.700000000000001,-4.3
224,5203.0,False,91.9,11.8,-4.4
225,5251.0,False,92.0,11.8,-4.6000000000000005
226,5268.0,False,92.10000000000001,11.700000000000001,-4.7
227,5367.0,False,92.10000000000001,11.5,-4.7
228,5419.0,False,92.0,11.5,-4.6000000000000005
229,5451.0,False,91.9,11.4,-4.5
230,5501.0,False,91.9,11.5,-4.3
231,5586.0,False,91.7,11.3,-4.3
232,5635.0,False,91.60000000000001,11.100000000000001,-4.3
233,5668.0,False,91.60000000000001,11.0,-4.3
234,5685.0,False,91.5,10.8,-4.2
235,5744.0,False,91.4,10.700000000000001,-4.0
236,5768.0,False,91.30000000000001,10.700000000000001,-3.8000000000000003
237,5801.0,False,91.2,10.700000000000001,-3.7
238,5836.0,False,91.2,10.700000000000001,-3.6
239,5851.0,False,91.2,10.700000000000001,-3.5
240,5868.0,False,91.2,10.700000000000001,-3.6
241,5919.0,False,91.2,10.8,-3.7
242,5936.0,False,91.2,10.8,-3.8000000000000003
243,5967.0,False,91.2,10.600000000000001,-3.8000000000000003
244,6084.0,False,91.2,10.8,-3.8000000000000003
245,6170.0,False,91.10000000000001,10.8,-3.9000000000000004
246,6235.0,False,91.10000000000001,10.9,-4.1000000000000005
247,6284.0,False,91.10000000000001,10.8,-4.3
248,6318.0,False,91.0,10.8,-4.3
249,6384.0,False,91.0,11.0,-4.3
250,6400.0,False,90.9,11.100000000000001,-4.2
251,6434.0,False,91.0,11.3,-4.0
252,6484.0,False,91.10000000000001,11.5,-3.8000000000000003
253,6501.0,False,91.2,11.600000000000001,-3.7
254,6551.0,False,91.2,11.600000000000001,-3.8000000000000003
255,6584.0,False,91.2,11.5,-3.8000000000000003
256,6601.0,False,91.2,11.5,-3.9000000000000004
257,6667.0,False,91.10000000000001,11.4,-4.1000000000000005
258,6701.0,False,91.10000000000001,11.4,-4.0
259,6736.0,False,91.2,11.600000000000001,-4.1000000000000005
260,6784.0,False,91.30000000000001,11.600000000000001,-4.1000000000000005
261,6837.0,False,91.4,11.700000000000001,-4.3
262,6884.0,False,91.4,11.5,-4.2
263,6968.0,False,91.5,11.5,-4.4
264,7035.0,False,91.60000000000001,11.5,-4.3
265,7068.0,False,91.5,11.4,-4.1000000000000005
266,7085.0,False,91.5,11.3,-4.0
267,7117.0,False,91.4,11.100000000000001,-3.8000000000000003
268,7150.0,False,91.5,11.0,-3.8000000000000003
269,7184.0,False,91.5,10.9,-3.9000000000000004
270,7240.0,False,91.5,10.600000000000001,-4.1000000000000005
271,7272.0,False,91.5,10.5,-4.1000000000000005
272,7301.0,False,91.60000000000001,10.5,-4.1000000000000005
273,7340.0,False,91.60000000000001,10.600000000000001,-4.0
274,7385.0,False,91.7,10.8,-3.9000000000000004
275,7453.0,False,91.60000000000001,10.600000000000001,-3.9000000000000004
276,7471.0,False,91.5,10.600000000000001,-4.0
277,7506.0,False,91.5,10.5,-4.0
278,7520.0,False,91.60000000000001,10.4,-4.1000000000000005
279,7569.0,False,91.80000000000001,10.4,-4.3
280,7621.0,False,92.0,10.600000000000001,-4.2
281,7651.0,False,92.0,10.5,-4.0
282,7684.0,False,91.9,10.4,-3.8000000000000003
283,7735.0,False,92.0,10.5,-3.9000000000000004
284,7767.0,False,92.10000000000001,10.5,-3.7
285,7784.0,False,92.2,10.4,-3.6
286,7842.0,False,92.4,10.3,-3.4000000000000004
287,7867.0,False,92.60000000000001,10.700000000000001,-3.4000000000000004
288,7917.0,False,92.9,11.0,-3.3000000000000003
289,7935.0,False,93.0,11.0,-3.1
290,7951.0,False,93.10000000000001,11.0,-3.0
291,7986.0,False,93.2,10.8,-2.9000000000000004
292,8023.0,False,93.30000000000001,10.700000000000001,-2.9000000000000004
293,8035.0,False,93.5,10.600000000000001,-3.1
294,8053.0,False,93.60000000000001,10.600000000000001,-3.2
295,8084.0,False,93.80000000000001,10.4,-3.5
296,8100.0,False,93.9,10.3,-3.6
297,8121.0,False,94.0,10.3,-3.8000000000000003
298,8135.0,False,94.10000000000001,10.4,-4.0
299,8150.0,False,94.2,10.5,-4.3
300,8167.0,False,94.2,10.600000000000001,-4.4
301,8202.0,False,94.30000000000001,10.8,-4.5
302,8237.0,False,94.30000000000001,10.600000000000001,-4.2
303,8251.0,False,94.30000000000001,10.5,-4.1000000000000005
304,8268.0,False,94.30000000000001,10.5,-4.0
305,8300.0,False,94.4,10.600000000000001,-4.1000000000000005
306,8341.0,False,94.5,10.5,-4.2
307,8367.0,False,94.30000000000001,10.3,-4.2
308,8402.0,False,94.2,10.3,-4.1000000000000005
309,8417.0,False,94.2,10.3,-4.0
310,8458.0,False,94.2,10.4,-3.8000000000000003
311,8467.0,False,94.2,10.5,-3.7
312,8551.0,False,94.10000000000001,10.4,-3.8000000000000003
313,8568.0,False,94.10000000000001,10.5,-4.0
314,8585.0,False,94.10000000000001,10.600000000000001,-4.2
315,8605.0,False,94.10000000000001,10.700000000000001,-4.4
316,8684.0,False,94.2,10.8,-4.3
317,8769.0,False,94.10000000000001,10.8,-4.0
318,8903.0,False,94.10000000000001,10.600000000000001,-4.0
319,8985.0,False,94.2,10.700000000000001,-4.1000000000000005
320,9037.0,False,94.30000000000001,10.600000000000001,-4.2
321,9073.0,False,94.2,10.600000000000001,-4.2
322,9100.0,False,94.10000000000001,10.4,-4.2
323,9150.0,False,94.2,10.4,-4.6000000000000005
324,9201.0,False,94.30000000000001,10.5,-4.800000000000001
325,9251.0,False,94.4,10.600000000000001,-4.800000000000001
326,9301.0,False,94.60000000000001,10.8,-4.800000000000001
327,9335.0,False,94.7,11.0,-4.800000000000001
328,9367.0,False,94.80000000000001,11.0,-4.800000000000001
329,9484.0,False,94.80000000000001,10.8,-4.800000000000001
330,9504.0,False,94.80000000000001,10.600000000000001,-4.6000000000000005
331,9523.0,False,94.80000000000001,10.600000000000001,-4.4
332,9535.0,False,94.9,10.700000000000001,-4.2
333,9568.0,False,95.2,11.100000000000001,-4.2
334,9584.0,False,95.4,11.3,-4.3
335,9601.0,False,95.60000000000001,11.5,-4.6000000000000005
336,9619.0,False,95.80000000000001,11.700000000000001,-5.1000000000000005
337,9634.0,False,95.9,11.9,-5.7
338,9655.0,False,96.0,12.200000000000001,-6.300000000000001
339,9686.0,False,96.2,12.9,-7.7
340,9701.0,False,96.2,13.100000000000001,-8.3
341,9723.0,False,96.30000000000001,13.200000000000001,-8.6
342,9735.0,False,96.2,13.200000000000001,-8.8
343,9753.0,False,96.10000000000001,13.0,-8.8
344,9784.0,False,96.0,12.8,-8.700000000000001
345,9801.0,False,95.9,12.3,-8.4
346,9835.0,False,95.80000000000001,12.100000000000001,-8.4
347,9851.0,False,95.7,12.0,-8.4
348,9885.0,False,95.7,12.100000000000001,-8.4
349,9925.0,False,95.7,12.3,-8.3
350,9951.0,False,95.80000000000001,12.600000000000001,-8.200000000000001
351,9968.0,False,95.80000000000001,12.9,-8.1
352,10009.0,False,96.0,13.3,-7.9
353,10017.0,False,96.10000000000001,13.5,-7.9
354,10051.0,False,96.30000000000001,14.0,-7.9
355,10070.0,False,96.4,14.200000000000001,-7.9
356,10085.0,False,96.5,14.5,-8.0
357,10102.0,False,96.5,14.700000000000001,-8.0
358,10117.0,False,96.60000000000001,14.8,-8.0
359,10151.0,False,96.5,14.8,-8.0
360,10220.0,False,96.30000000000001,14.600000000000001,-8.0
361,10234.0,False,96.30000000000001,14.5,-8.0
362,10267.0,False,96.2,14.600000000000001,-7.9
363,10326.0,False,95.9,14.8,-7.5
364,10334.0,False,95.80000000000001,14.8,-7.2
365,10368.0,False,95.5,14.700000000000001,-6.7
366,10384.0,False,95.4,14.5,-6.5
367,10403.0,False,95.2,14.4,-6.4
368,10417.0,False,95.10000000000001,14.3,-6.2
369,10451.0,False,94.9,14.200000000000001,-6.1000000000000005
370,10540.0,False,94.7,14.3,-6.1000000000000005
371,10601.0,False,94.7,14.100000000000001,-6.1000000000000005
372,10634.0,False,94.60000000000001,14.100000000000001,-5.9
373,10651.0,False,94.60000000000001,14.200000000000001,-5.6000000000000005
374,10686.0,False,94.60000000000001,13.9,-5.300000000000001
375,10701.0,False,94.5,13.8,-5.1000000000000005
376,10722.0,False,94.4,13.600000000000001,-5.2
377,10752.0,False,94.2,13.3,-5.5
378,10768.0,False,94.10000000000001,13.200000000000001,-5.6000000000000005
379,10801.0,False,93.9,13.200000000000001,-5.7
380,10851.0,False,93.60000000000001,13.0,-5.5
381,10867.0,False,93.60000000000001,13.100000000000001,-5.4
382,10901.0,False,93.4,13.0,-5.300000000000001
383,10927.0,False,93.30000000000001,12.9,-5.2
384,10951.0,False,93.0,12.700000000000001,-4.9
385,10967.0,False,92.9,12.5,-4.800000000000001
386,10984.0,False,92.9,12.4,-4.6000000000000005
387,11018.0,False,92.80000000000001,12.3,-4.5
388,11068.0,False,92.80000000000001,12.0,-4.3
389,11106.0,False,92.80000000000001,11.8,-4.3
390,11118.0,False,92.80000000000001,11.700000000000001,-4.4
391,11172.0,False,92.80000000000001,11.5,-4.6000000000000005
392,11184.0,False,92.80000000000001,11.3,-4.6000000000000005
393,11222.0,False,92.7,11.200000000000001,-4.7
394,11235.0,False,92.7,11.100000000000001,-4.800000000000001
395,11251.0,False,92.7,11.0,-4.9
396,11289.0,False,92.5,10.9,-5.1000000000000005
397,11320.0,False,92.5,10.9,-5.300000000000001
398,11351.0,False,92.4,11.0,-5.5
399,11384.0,False,92.30000000000001,10.9,-5.6000000000000005
400,11402.0,False,92.2,10.8,-5.6000000000000005
401,11439.0,False,92.0,10.8,-5.7
402,11467.0,False,91.80000000000001,10.700000000000001,-5.800000000000001
403,11484.0,False,91.7,10.700000000000001,-5.800000000000001
404,11518.0,False,91.4,10.600000000000001,-5.9
405,11535.0,False,91.30000000000001,10.5,-5.9
406,11551.0,False,91.2,10.5,-5.9
407,11601.0,False,91.0,10.4,-6.0
408,11700.0,False,91.0,10.200000000000001,-6.0
409,11720.0,False,91.0,10.200000000000001,-6.1000000000000005
410,11751.0,False,91.10000000000001,10.200000000000001,-6.1000000000000005
411,11802.0,False,91.10000000000001,10.0,-6.1000000000000005
412,11838.0,False,91.10000000000001,9.9,-6.0
413,11867.0,False,91.0,9.9,-5.9
414,11968.0,False,91.0,9.8,-6.2
415,12009.0,False,90.9,9.600000000000001,-6.2
416,12035.0,False,90.7,9.5,-6.1000000000000005
417,12051.0,False,90.60000000000001,9.5,-6.0
418,12068.0,False,90.5,9.5,-5.9
419,12101.0,False,90.30000000000001,9.4,-5.6000000000000005
420,12129.0,False,90.30000000000001,9.3,-5.5
421,12136.0,False,90.2,9.3,-5.4
422,12184.0,False,90.0,9.3,-5.2
423,12253.0,False,89.9,9.3,-5.0
424,12318.0,False,89.7,9.3,-5.1000000000000005
425,12351.0,False,89.60000000000001,9.5,-5.0
426,12384.0,False,89.5,9.5,-5.0
427,12401.0,False,89.4,9.5,-4.800000000000001
428,12421.0,False,89.2,9.5,-4.7
429,12450.0,False,89.0,9.4,-4.7
430,12505.0,False,88.80000000000001,9.200000000000001,-4.5
431,12518.0,False,88.7,9.200000000000001,-4.4
432,12555.0,False,88.60000000000001,9.0,-4.3
433,12618.0,False,88.60000000000001,8.9,-4.4
434,12729.0,False,88.60000000000001,9.0,-4.3
435,12802.0,False,88.5,8.9,-4.4
436,12838.0,False,88.4,8.700000000000001,-4.3
437,12867.0,False,88.4,8.6,-4.1000000000000005
438,12884.0,False,88.4,8.6,-4.0
439,12919.0,False,88.5,8.700000000000001,-3.9000000000000004
440,12938.0,False,88.60000000000001,8.8,-4.0
441,12984.0,False,88.80000000000001,9.1,-4.0
442,13034.0,False,88.80000000000001,9.200000000000001,-3.8000000000000003
443,13087.0,False,88.7,9.3,-3.8000000000000003
444,13151.0,False,88.60000000000001,9.5,-3.9000000000000004
445,13184.0,False,88.7,9.700000000000001,-4.0
446,13218.0,False,88.7,10.0,-4.0
447,13250.0,False,88.7,10.3,-3.7
448,13268.0,False,88.80000000000001,10.4,-3.5
449,13286.0,False,88.9,10.5,-3.3000000000000003
450,13301.0,False,89.0,10.5,-2.9000000000000004
451,13317.0,False,88.9,10.700000000000001,-2.1
452,13338.0,False,88.9,10.8,-1.7000000000000002
453,13352.0,False,88.9,10.8,-1.4000000000000001
454,13371.0,False,88.80000000000001,10.8,-1.0
455,13405.0,False,88.4,11.0,-0.4
456,13452.0,False,88.10000000000001,11.0,-0.7000000000000001
457,13467.0,False,87.9,11.200000000000001,-1.0
458,13484.0,False,87.7,11.4,-1.2000000000000002
459,13534.0,False,87.5,11.700000000000001,-1.5
460,13555.0,False,86.9,12.4,-2.1
461,13567.0,False,86.9,12.700000000000001,-2.4000000000000004
462,13587.0,False,86.80000000000001,12.9,-2.8000000000000003
463,13618.0,False,86.2,13.100000000000001,-2.0
464,13637.0,False,85.9,12.8,-1.3
465,13668.0,False,85.7,12.5,-1.3
466,13684.0,False,85.60000000000001,12.700000000000001,-1.9000000000000001
467,13718.0,False,85.30000000000001,13.3,-3.2
468,13736.0,False,85.2,13.3,-3.3000000000000003
469,13753.0,False,85.2,13.0,-3.0
470,13784.0,False,85.60000000000001,13.0,-2.5
471,13802.0,False,85.5,13.200000000000001,-2.2
472,13822.0,False,85.4,13.3,-2.0
473,13875.0,False,85.60000000000001,13.600000000000001,-2.8000000000000003
474,13884.0,False,85.7,13.600000000000001,-3.3000000000000003
475,13917.0,False,85.7,13.3,-3.9000000000000004
476,13937.0,False,85.60000000000001,12.200000000000001,-4.7
477,13951.0,False,85.5,11.5,-4.800000000000001
478,13987.0,False,85.4,10.4,-3.4000000000000004
479,14034.0,False,85.9,9.200000000000001,-2.7
480,14050.0,False,86.10000000000001,8.700000000000001,-2.7
481,14067.0,False,86.30000000000001,9.0,-3.4000000000000004
482,14100.0,False,86.0,10.200000000000001,-4.7
483,14117.0,False,85.9,10.8,-5.300000000000001
484,14151.0,False,86.10000000000001,10.8,-7.7
485,14167.0,False,86.10000000000001,10.0,-9.9
486,14200.0,False,85.60000000000001,8.5,-13.9
487,14219.0,False,85.30000000000001,8.3,-15.100000000000001
488,14253.0,False,85.4,8.8,-16.5
489,14269.0,False,85.60000000000001,8.9,-16.8
490,14287.0,False,85.60000000000001,8.9,-17.1
491,14302.0,False,85.4,8.5,-17.0
492,14317.0,False,84.9,8.1,-15.200000000000001
493,14334.0,False,84.80000000000001,8.5,-13.200000000000001
494,14367.0,False,85.10000000000001,9.600000000000001,-11.700000000000001
495,14385.0,False,85.10000000000001,9.9,-11.100000000000001
496,14403.0,False,84.80000000000001,9.9,-10.8
497,14417.0,False,84.5,9.700000000000001,-10.700000000000001
498,14435.0,False,84.10000000000001,9.5,-10.9
499,14451.0,False,83.7,9.200000000000001,-11.100000000000001
500,14467.0,False,83.4,9.1,-11.200000000000001
501,14500.0,False,83.4,9.1,-10.9
502,14519.0,False,83.60000000000001,9.1,-10.5
503,14536.0,False,83.80000000000001,9.200000000000001,-10.100000000000001
504,14552.0,False,84.10000000000001,9.200000000000001,-9.600000000000001
505,14568.0,False,84.4,9.1,-9.200000000000001
506,14584.0,False,84.60000000000001,9.0,-8.8
507,14600.0,False,84.9,8.9,-8.5
508,14633.0,False,85.2,8.700000000000001,-8.8
509,14650.0,False,85.30000000000001,8.6,-9.0
510,14734.0,False,85.60000000000001,8.9,-8.4
511,14750.0,False,85.60000000000001,8.9,-8.1
512,14767.0,False,85.7,8.9,-7.9
513,14784.0,False,85.7,8.9,-7.7
514,14800.0,False,85.80000000000001,8.9,-7.6000000000000005
515,14817.0,False,85.80000000000001,9.0,-7.4
516,14850.0,False,86.0,9.1,-7.2
517,14903.0,False,85.80000000000001,8.700000000000001,-7.300000000000001
518,14917.0,False,85.7,8.6,-7.4
519,15000.0,False,85.2,8.6,-7.9
520,15019.0,False,85.10000000000001,8.6,-8.1
521,15057.0,False,84.80000000000001,8.6,-8.3
522,15067.0,False,84.7,8.700000000000001,-8.4
523,15100.0,False,84.5,8.8,-8.8
524,15117.0,False,84.30000000000001,8.9,-9.0
525,15136.0,False,84.0,8.9,-9.1
526,15167.0,False,83.60000000000001,9.0,-9.200000000000001
527,15183.0,False,83.4,9.1,-9.1
528,15217.0,False,82.9,9.1,-8.8
529,15233.0,False,82.7,9.200000000000001,-8.700000000000001
530,15268.0,False,82.4,9.3,-8.5
531,15289.0,False,82.2,9.3,-8.4
532,15350.0,False,81.9,9.4,-8.1
533,15383.0,False,81.80000000000001,9.5,-8.200000000000001
534,15401.0,False,81.60000000000001,9.5,-8.3
535,15434.0,False,81.4,9.200000000000001,-8.8
536,15450.0,False,81.30000000000001,8.9,-9.200000000000001
537,15483.0,False,81.0,8.3,-9.3
538,15500.0,False,80.9,7.9,-9.3
539,15533.0,False,80.7,7.1000000000000005,-9.4
540,15570.0,False,80.30000000000001,6.5,-10.100000000000001
541,15584.0,False,80.10000000000001,6.300000000000001,-10.4
542,15617.0,False,80.0,6.1000000000000005,-10.700000000000001
543,15641.0,False,80.0,6.0,-11.5
544,15651.0,False,80.0,6.1000000000000005,-12.0
545,15667.0,False,80.0,6.2,-12.4
546,15701.0,False,80.0,6.7,-13.200000000000001
547,15717.0,False,80.10000000000001,7.0,-13.4
548,15750.0,False,80.5,7.2,-13.5
549,15767.0,False,80.60000000000001,7.1000000000000005,-13.3
550,15801.0,False,80.9,6.7,-12.8
551,15819.0,False,81.0,6.6000000000000005,-12.5
552,15850.0,False,81.10000000000001,6.300000000000001,-12.4
553,15867.0,False,81.10000000000001,6.1000000000000005,-12.5
554,15904.0,False,81.0,5.800000000000001,-12.700000000000001
555,15917.0,False,81.10000000000001,5.6000000000000005,-12.8
556,15934.0,False,81.2,5.300000000000001,-12.9
557,15950.0,False,81.30000000000001,5.0,-13.200000000000001
558,15970.0,False,81.4,4.7,-13.4
559,16000.0,False,81.4,4.3,-13.600000000000001
560,16017.0,False,81.5,3.8000000000000003,-13.9
561,16033.0,False,81.5,3.6,-14.0
562,16068.0,False,81.60000000000001,3.2,-14.700000000000001
563,16083.0,False,81.60000000000001,2.9000000000000004,-15.100000000000001
564,16123.0,False,81.4,2.0,-15.4
565,16138.0,False,81.2,1.9000000000000001,-15.3
566,16153.0,False,81.0,1.9000000000000001,-15.200000000000001
567,16167.0,False,80.9,2.0,-15.0
568,16184.0,False,80.7,2.1,-14.9
569,16217.0,False,80.5,2.2,-14.700000000000001
570,16238.0,False,80.5,2.3000000000000003,-14.8
571,16251.0,False,80.60000000000001,2.5,-15.0
572,16284.0,False,81.0,2.8000000000000003,-15.4
573,16304.0,False,81.2,3.0,-15.700000000000001
574,16334.0,False,81.7,3.3000000000000003,-16.3
575,16350.0,False,81.9,3.4000000000000004,-16.400000000000002
576,16384.0,False,82.30000000000001,3.9000000000000004,-16.2
577,16401.0,False,82.5,4.3,-16.0
578,16419.0,False,82.7,4.800000000000001,-15.700000000000001
579,16434.0,False,82.80000000000001,5.4,-15.5
580,16453.0,False,83.0,5.9,-15.4
581,16468.0,False,83.10000000000001,6.5,-15.4
582,16491.0,False,83.30000000000001,7.1000000000000005,-15.4
583,16501.0,False,83.60000000000001,7.6000000000000005,-15.4
584,16534.0,False,83.80000000000001,7.9,-15.600000000000001
585,16550.0,False,84.10000000000001,7.9,-16.2
586,16567.0,False,84.10000000000001,7.800000000000001,-16.5
587,16603.0,False,84.2,7.5,-16.7
588,16618.0,False,84.2,7.300000000000001,-16.6
589,16638.0,False,84.2,7.2,-16.6
590,16650.0,False,84.10000000000001,6.9,-16.400000000000002
591,16667.0,False,84.10000000000001,6.6000000000000005,-16.3
592,16705.0,False,83.7,6.0,-15.600000000000001
593,16718.0,False,83.5,6.0,-15.200000000000001
594,16748.0,False,83.30000000000001,6.2,-14.9
595,16767.0,False,83.30000000000001,6.6000000000000005,-14.8
596,16785.0,False,83.5,6.9,-14.5
597,16818.0,False,84.30000000000001,7.6000000000000005,-14.200000000000001
598,16838.0,False,84.5,7.800000000000001,-13.9
599,16867.0,False,85.2,7.5,-13.700000000000001
600,16886.0,False,85.30000000000001,7.4,-13.100000000000001
601,16917.0,False,85.5,7.4,-11.100000000000001
602,16937.0,False,85.7,7.4,-10.3
603,16968.0,False,85.9,7.4,-7.800000000000001
604,16984.0,False,86.2,7.1000000000000005,-7.2
605,17004.0,False,86.60000000000001,6.9,-7.300000000000001
606,17018.0,False,86.9,6.800000000000001,-7.6000000000000005
607,17034.0,False,87.0,6.800000000000001,-7.9
608,17068.0,False,87.0,6.9,-8.200000000000001
609,17085.0,False,87.0,7.5,-8.9
610,17101.0,False,87.0,7.6000000000000005,-9.1
611,17134.0,False,86.7,7.7,-9.3
612,17167.0,False,86.4,7.5,-9.200000000000001
613,17184.0,False,85.7,6.800000000000001,-9.1
614,17207.0,False,85.30000000000001,6.5,-9.0
615,17234.0,False,85.0,6.0,-9.1
616,17250.0,False,85.0,6.0,-9.4
617,17269.0,False,85.0,6.0,-9.700000000000001
618,17284.0,False,85.2,6.1000000000000005,-10.100000000000001
619,17302.0,False,85.60000000000001,6.300000000000001,-10.4
620,17337.0,False,86.0,6.4,-10.700000000000001
621,17351.0,False,86.5,6.4,-11.3
622,17367.0,False,86.7,6.300000000000001,-11.5
623,17401.0,False,87.0,6.2,-11.3
624,17418.0,False,87.2,6.2,-11.0
625,17452.0,False,87.4,6.4,-9.9
626,17467.0,False,87.5,6.5,-9.3
627,17501.0,False,87.7,6.300000000000001,-8.200000000000001
628,17518.0,False,87.9,6.0,-7.800000000000001
629,17559.0,False,88.60000000000001,5.1000000000000005,-7.5
630,17567.0,False,88.80000000000001,4.7,-7.5
631,17585.0,False,89.0,4.4,-7.5
632,17601.0,False,89.2,4.1000000000000005,-7.4
633,17617.0,False,89.4,4.0,-7.300000000000001
634,17637.0,False,89.60000000000001,3.9000000000000004,-7.300000000000001
635,17668.0,False,89.80000000000001,4.1000000000000005,-7.1000000000000005
636,17686.0,False,89.9,4.3,-7.1000000000000005
637,17720.0,False,90.0,4.7,-6.9
638,17734.0,False,90.10000000000001,4.9,-6.800000000000001
639,17757.0,False,90.10000000000001,5.0,-6.7
640,17767.0,False,90.2,5.300000000000001,-6.4
641,17786.0,False,90.30000000000001,5.5,-6.1000000000000005
642,17802.0,False,90.4,5.7,-5.800000000000001
643,17821.0,False,90.5,5.800000000000001,-5.5
644,17837.0,False,90.7,5.800000000000001,-5.300000000000001
645,17856.0,False,90.80000000000001,5.6000000000000005,-5.300000000000001
646,17867.0,False,90.9,5.300000000000001,-5.300000000000001
647,17884.0,False,91.0,5.0,-5.300000000000001
648,17905.0,False,91.10000000000001,4.6000000000000005,-5.4
649,17936.0,False,91.0,4.0,-5.5
650,17984.0,False,90.4,4.2,-5.2
651,18001.0,False,90.10000000000001,4.5,-5.0
652,18037.0,False,89.5,5.2,-4.5
653,18052.0,False,89.30000000000001,5.4,-4.3
654,18067.0,False,89.10000000000001,5.6000000000000005,-4.1000000000000005
655,18084.0,False,89.0,5.800000000000001,-4.0
656,18167.0,False,89.10000000000001,5.9,-3.9000000000000004
657,18218.0,False,89.2,6.0,-4.2
658,18251.0,False,89.2,6.2,-4.5
659,18267.0,False,89.2,6.300000000000001,-4.7
660,18305.0,False,89.10000000000001,6.300000000000001,-4.800000000000001
661,18318.0,False,89.10000000000001,6.300000000000001,-4.7
662,18354.0,False,89.0,6.300000000000001,-4.6000000000000005
663,18384.0,False,89.0,6.6000000000000005,-4.6000000000000005
664,18421.0,False,89.0,6.9,-4.6000000000000005
665,18451.0,False,89.0,7.1000000000000005,-4.6000000000000005
666,18470.0,False,89.2,7.300000000000001,-4.7
667,18484.0,False,89.4,7.300000000000001,-4.800000000000001
668,18517.0,False,89.60000000000001,7.300000000000001,-4.800000000000001
669,18567.0,False,89.7,7.7,-4.7
670,18584.0,False,89.80000000000001,7.800000000000001,-4.7
671,18667.0,False,89.5,7.800000000000001,-4.2
672,18684.0,False,89.30000000000001,7.9,-4.0
673,18701.0,False,89.2,7.9,-3.8000000000000003
674,18734.0,False,89.2,7.7,-3.9000000000000004
675,18752.0,False,89.10000000000001,7.5,-4.0
676,18784.0,False,88.9,7.300000000000001,-4.1000000000000005
677,18801.0,False,88.80000000000001,7.300000000000001,-3.9000000000000004
678,18835.0,False,88.5,7.4,-3.4000000000000004
679,18850.0,False,88.4,7.5,-3.1
680,18885.0,False,88.2,7.6000000000000005,-3.0
681,18917.0,False,88.2,7.800000000000001,-3.0
682,18935.0,False,88.10000000000001,7.9,-3.3000000000000003
683,18950.0,False,88.10000000000001,7.9,-3.4000000000000004
684,18984.0,False,88.10000000000001,7.7,-3.4000000000000004
685,19050.0,False,87.9,7.300000000000001,-4.0
686,19067.0,False,87.9,7.2,-4.2
687,19089.0,False,87.9,7.1000000000000005,-4.4
688,19100.0,False,88.0,7.1000000000000005,-4.6000000000000005
689,19136.0,False,88.30000000000001,7.0,-4.9
690,19151.0,False,88.5,6.9,-5.0
691,19167.0,False,88.7,6.9,-5.1000000000000005
692,19202.0,False,89.2,6.800000000000001,-5.300000000000001
693,19217.0,False,89.4,6.7,-5.300000000000001
694,19250.0,False,89.9,6.5,-5.300000000000001
695,19267.0,False,90.2,6.4,-5.5
696,19288.0,False,90.4,6.4,-5.5
697,19318.0,False,90.80000000000001,6.2,-5.4
698,19367.0,False,91.10000000000001,6.0,-4.9
699,19383.0,False,91.10000000000001,6.0,-4.7
700,19417.0,False,91.0,6.2,-4.6000000000000005
701,19434.0,False,90.9,6.4,-4.5
702,19484.0,False,90.80000000000001,6.7,-4.4
703,19501.0,False,90.80000000000001,6.800000000000001,-4.5
704,19519.0,False,90.80000000000001,6.800000000000001,-4.6000000000000005
705,19535.0,False,90.80000000000001,6.800000000000001,-4.800000000000001
706,19585.0,False,91.0,6.7,-5.300000000000001
707,19601.0,False,91.10000000000001,6.7,-5.4
708,19634.0,False,91.30000000000001,6.6000000000000005,-5.7
709,19650.0,False,91.4,6.6000000000000005,-5.800000000000001
710,19684.0,False,91.4,6.800000000000001,-5.9
711,19737.0,False,91.5,7.0,-6.0
712,19750.0,False,91.60000000000001,7.0,-6.1000000000000005
713,19783.0,False,91.5,7.1000000000000005,-6.2
714,19850.0,False,91.5,7.1000000000000005,-5.800000000000001
715,19870.0,False,91.5,7.0,-5.6000000000000005
716,19903.0,False,91.5,7.0,-5.2
717,19917.0,False,91.60000000000001,7.0,-5.0
718,19951.0,False,91.80000000000001,6.9,-4.9
719,19967.0,False,92.0,6.9,-4.9
720,20001.0,False,92.2,7.0,-5.1000000000000005
721,20024.0,False,92.2,7.2,-5.1000000000000005
722,20034.0,False,92.30000000000001,7.4,-5.1000000000000005
723,20051.0,False,92.4,7.6000000000000005,-5.1000000000000005
724,20067.0,False,92.4,7.7,-5.0
725,20086.0,False,92.5,7.800000000000001,-4.9
726,20120.0,False,92.7,7.9,-4.800000000000001
727,20136.0,False,92.80000000000001,8.0,-4.7
728,20167.0,False,93.0,8.0,-4.6000000000000005
729,20184.0,False,93.10000000000001,8.0,-4.6000000000000005
730,20218.0,False,93.30000000000001,8.1,-4.6000000000000005
731,20258.0,False,93.30000000000001,8.200000000000001,-4.6000000000000005
732,20284.0,False,93.4,8.4,-4.6000000000000005
733,20386.0,False,93.60000000000001,8.5,-4.6000000000000005
734,20434.0,False,93.60000000000001,8.5,-4.800000000000001
735,20551.0,False,93.5,8.4,-5.0
736,20584.0,False,93.5,8.3,-4.800000000000001
737,20601.0,False,93.5,8.200000000000001,-4.6000000000000005
738,20624.0,False,93.5,8.200000000000001,-4.4
739,20633.0,False,93.60000000000001,8.0,-4.2
740,20667.0,False,93.9,7.800000000000001,-4.0
741,20689.0,False,94.10000000000001,7.7,-3.9000000000000004
742,20700.0,False,94.30000000000001,7.6000000000000005,-3.9000000000000004
743,20717.0,False,94.60000000000001,7.5,-3.9000000000000004
744,20735.0,False,94.80000000000001,7.300000000000001,-3.9000000000000004
745,20750.0,False,95.10000000000001,7.2,-3.9000000000000004
746,20767.0,False,95.4,7.2,-3.9000000000000004
747,20784.0,False,95.80000000000001,7.1000000000000005,-4.0
748,20800.0,False,96.2,7.0,-4.1000000000000005
749,20817.0,False,96.60000000000001,6.800000000000001,-4.1000000000000005
750,20851.0,False,97.4,6.6000000000000005,-4.4
751,20867.0,False,97.80000000000001,6.5,-4.5
752,20883.0,False,98.2,6.4,-4.6000000000000005
753,20901.0,False,98.60000000000001,6.300000000000001,-4.6000000000000005
754,20922.0,False,99.0,6.1000000000000005,-4.6000000000000005
755,20933.0,False,99.4,5.9,-4.4
756,20969.0,False,99.80000000000001,5.7,-4.2
757,20984.0,False,100.5,5.1000000000000005,-3.8000000000000003
758,21005.0,False,100.80000000000001,4.800000000000001,-3.6
759,21017.0,False,101.2,4.6000000000000005,-3.6
760,21034.0,False,101.60000000000001,4.5,-3.7
761,21067.0,False,102.2,4.7,-4.0
762,21084.0,False,102.5,4.9,-4.2
763,21101.0,False,102.80000000000001,5.1000000000000005,-4.4
764,21117.0,False,103.2,5.2,-4.6000000000000005
765,21137.0,False,103.5,5.300000000000001,-4.7
766,21150.0,False,104.0,5.5,-4.9
767,21167.0,False,104.4,5.6000000000000005,-5.0
768,21184.0,False,104.9,5.6000000000000005,-5.1000000000000005
769,21202.0,False,105.30000000000001,5.7,-5.300000000000001
770,21235.0,False,106.2,5.9,-5.7
771,21251.0,False,106.60000000000001,6.0,-5.7
772,21268.0,False,107.10000000000001,6.1000000000000005,-5.800000000000001
773,21284.0,False,107.5,6.2,-5.800000000000001
774,21300.0,False,108.0,6.300000000000001,-5.9
775,21335.0,False,109.0,6.4,-6.0
776,21351.0,False,109.5,6.300000000000001,-6.1000000000000005
777,21370.0,False,110.2,6.1000000000000005,-6.2
778,21384.0,False,110.80000000000001,5.800000000000001,-6.300000000000001
779,21401.0,False,111.60000000000001,5.4,-6.5
780,21418.0,False,112.30000000000001,5.0,-6.7
781,21435.0,False,113.0,4.7,-6.9
782,21451.0,False,113.7,4.4,-7.1000000000000005
783,21467.0,False,114.2,4.3,-7.300000000000001
784,21488.0,False,114.7,4.2,-7.4
785,21500.0,False,115.10000000000001,4.0,-7.5
786,21517.0,False,115.60000000000001,3.8000000000000003,-7.5
787,21550.0,False,116.4,2.9000000000000004,-7.6000000000000005
788,21567.0,False,116.7,2.5,-7.5
789,21601.0,False,117.4,1.8,-6.9
790,21617.0,False,117.80000000000001,1.6,-6.7
791,21638.0,False,118.2,1.5,-6.5
792,21651.0,False,118.60000000000001,1.4000000000000001,-6.5
793,21669.0,False,119.0,1.3,-6.7
794,21684.0,False,119.30000000000001,1.2000000000000002,-6.9
795,21700.0,False,119.60000000000001,1.1,-7.2
796,21718.0,False,119.9,1.1,-7.300000000000001
797,21733.0,False,120.0,1.2000000000000002,-7.4
798,21767.0,False,120.30000000000001,1.3,-7.300000000000001
799,21783.0,False,120.30000000000001,1.3,-7.2
800,21822.0,False,120.5,1.4000000000000001,-7.2
801,21837.0,False,120.5,1.3,-7.1000000000000005
802,21854.0,False,120.7,1.2000000000000002,-7.2
803,21867.0,False,120.9,0.9,-7.300000000000001
804,21886.0,False,121.10000000000001,0.6000000000000001,-7.4
805,21901.0,False,121.30000000000001,0.30000000000000004,-7.7
806,21918.0,False,121.5,0.0,-7.9
807,21943.0,False,121.7,-0.1,-8.200000000000001
808,21951.0,False,121.9,-0.2,-8.4
809,21967.0,False,122.0,-0.1,-8.5
810,21985.0,False,122.10000000000001,0.0,-8.6
811,22000.0,False,122.10000000000001,0.1,-8.6
812,22036.0,False,122.0,0.2,-8.5
813,22083.0,False,122.0,0.30000000000000004,-8.1
814,22100.0,False,121.9,0.4,-7.9
815,22134.0,False,121.7,0.8,-7.4
816,22154.0,False,121.60000000000001,1.0,-7.2
817,22168.0,False,121.4,1.2000000000000002,-7.2
818,22201.0,False,121.10000000000001,1.4000000000000001,-7.300000000000001
819,22219.0,False,121.0,1.5,-7.300000000000001
820,22251.0,False,120.9,1.5,-7.5
821,22268.0,False,120.80000000000001,1.5,-7.6000000000000005
822,22284.0,False,120.80000000000001,1.6,-7.7
823,22300.0,False,120.80000000000001,1.5,-7.9
824,22336.0,False,120.80000000000001,1.4000000000000001,-8.200000000000001
825,22367.0,False,120.9,1.3,-8.4
826,22401.0,False,120.9,1.2000000000000002,-8.700000000000001
827,22437.0,False,121.0,1.2000000000000002,-8.9
828,22452.0,False,121.10000000000001,1.1,-9.1
829,22467.0,False,121.10000000000001,1.1,-9.200000000000001
830,22484.0,False,121.2,1.0,-9.3
831,22520.0,False,121.30000000000001,1.0,-9.4
832,22551.0,False,121.4,1.2000000000000002,-9.5
833,22617.0,False,121.60000000000001,1.3,-9.4
834,22656.0,False,121.7,1.1,-9.3
835,22668.0,False,121.80000000000001,1.0,-9.3
836,22717.0,False,121.9,1.1,-9.1
837,22740.0,False,121.9,1.2000000000000002,-9.1
838,22770.0,False,121.9,1.1,-9.200000000000001
839,22784.0,False,121.9,1.2000000000000002,-9.1
840,22820.0,False,121.9,1.3,-8.8
841,22836.0,False,121.9,1.5,-8.6
842,22852.0,False,122.0,1.6,-8.4
843,22873.0,False,122.10000000000001,1.7000000000000002,-8.3
844,22902.0,False,122.4,1.7000000000000002,-8.200000000000001
845,22953.0,False,122.80000000000001,1.4000000000000001,-8.4
846,22983.0,False,123.10000000000001,1.2000000000000002,-8.5
847,23018.0,False,123.2,1.1,-8.5
848,23034.0,False,123.2,1.0,-8.3
849,23068.0,False,123.2,1.0,-8.0
850,23086.0,False,123.10000000000001,0.9,-7.6000000000000005
851,23100.0,False,123.0,0.8,-7.2
852,23138.0,False,122.9,0.30000000000000004,-6.4
853,23150.0,False,122.9,0.1,-6.2
854,23167.0,False,122.9,-0.1,-6.2
855,23204.0,False,122.7,0.0,-6.4
856,23220.0,False,122.7,0.2,-6.5
857,23255.0,False,122.60000000000001,0.5,-6.6000000000000005
858,23267.0,False,122.5,0.6000000000000001,-6.6000000000000005
859,23284.0,False,122.60000000000001,0.7000000000000001,-6.7
860,23334.0,False,122.80000000000001,0.6000000000000001,-6.6000000000000005
861,23355.0,False,122.9,0.5,-6.5
862,23367.0,False,123.10000000000001,0.4,-6.4
863,23383.0,False,123.2,0.4,-6.2
864,23420.0,False,123.5,0.4,-6.0
865,23454.0,False,123.7,0.5,-5.7
866,23468.0,False,123.9,0.5,-5.4
867,23485.0,False,124.10000000000001,0.4,-5.2
868,23501.0,False,124.30000000000001,0.30000000000000004,-4.9
869,23523.0,False,124.5,0.2,-4.800000000000001
870,23536.0,False,124.80000000000001,0.2,-4.7
871,23552.0,False,125.10000000000001,0.2,-4.800000000000001
872,23567.0,False,125.5,0.4,-4.9
873,23583.0,False,125.9,0.6000000000000001,-5.1000000000000005
874,23600.0,False,126.4,0.9,-5.300000000000001
875,23620.0,False,126.9,1.2000000000000002,-5.4
876,23635.0,False,127.4,1.5,-5.6000000000000005
877,23651.0,False,127.9,1.8,-5.9
878,23666.0,False,128.3,2.2,-6.2
879,23683.0,False,128.6,2.8000000000000003,-6.7
880,23717.0,False,128.9,3.6,-7.1000000000000005
881,23740.0,False,129.1,4.4,-7.4
882,23750.0,False,129.20000000000002,5.4,-7.7
883,23766.0,False,129.4,6.5,-7.800000000000001
884,23784.0,False,129.9,8.4,-7.9
885,23800.0,False,130.20000000000002,9.200000000000001,-7.800000000000001
886,23825.0,False,130.6,9.9,-7.800000000000001
887,23835.0,False,131.1,10.3,-7.6000000000000005
888,23851.0,False,131.6,10.600000000000001,-7.6000000000000005
889,23871.0,False,132.20000000000002,10.700000000000001,-7.5
890,23884.0,False,133.0,10.700000000000001,-7.7
891,23900.0,False,133.70000000000002,10.700000000000001,-7.9
892,23922.0,False,134.5,10.600000000000001,-8.3
893,23945.0,False,135.20000000000002,10.5,-8.700000000000001
894,23950.0,False,135.8,10.3,-9.1
895,23967.0,False,136.4,10.0,-9.4
896,24000.0,False,137.3,9.0,-9.5
897,24019.0,False,137.5,8.4,-9.5
898,24050.0,False,137.70000000000002,7.4,-8.9
899,24071.0,False,137.8,7.0,-8.5
900,24084.0,False,137.9,6.7,-8.0
901,24100.0,False,138.20000000000002,6.4,-7.5
902,24121.0,False,138.70000000000002,6.1000000000000005,-6.9
903,24135.0,False,139.3,5.5,-6.4
904,24150.0,False,140.1,4.6000000000000005,-5.7
905,24166.0,False,141.0,3.6,-5.1000000000000005
906,24184.0,False,141.9,2.4000000000000004,-4.6000000000000005
907,24201.0,False,142.70000000000002,1.2000000000000002,-4.3
908,24221.0,False,143.4,-0.1,-4.1000000000000005
909,24243.0,False,144.1,-1.3,-3.9000000000000004
910,24268.0,False,145.20000000000002,-3.8000000000000003,-3.8000000000000003
911,24284.0,False,145.6,-4.800000000000001,-3.7
912,24321.0,False,146.0,-6.300000000000001,-3.3000000000000003
913,24341.0,False,146.0,-6.6000000000000005,-3.0
914,24367.0,False,145.9,-6.7,-2.2
915,24384.0,False,145.70000000000002,-6.7,-1.9000000000000001
916,24401.0,False,145.4,-6.800000000000001,-1.6
917,24419.0,False,144.8,-6.800000000000001,-1.4000000000000001
918,24435.0,False,144.20000000000002,-6.800000000000001,-1.1
919,24451.0,False,143.8,-6.800000000000001,-0.9
920,24472.0,False,143.5,-6.9,-1.0
921,24484.0,False,143.4,-6.9,-1.3
922,24501.0,False,143.3,-6.800000000000001,-1.7000000000000002
923,24534.0,False,143.0,-5.6000000000000005,-2.4000000000000004
924,24551.0,False,142.8,-4.4,-2.7
925,24583.0,False,142.0,-0.8,-3.6
926,24600.0,False,141.5,1.3,-4.0
927,24634.0,False,140.6,5.1000000000000005,-4.2
928,24651.0,False,140.20000000000002,6.7,-4.1000000000000005
929,24688.0,False,139.5,8.700000000000001,-3.6
930,24701.0,False,139.3,9.1,-3.3000000000000003
931,24735.0,False,139.3,8.9,-3.4000000000000004
932,24750.0,False,139.6,8.3,-3.6
933,24767.0,False,139.8,7.5,-4.0
934,24801.0,False,140.20000000000002,5.7,-4.5
935,24823.0,False,140.4,5.2,-4.7
936,24850.0,False,140.5,4.9,-4.800000000000001
937,24867.0,False,140.6,4.800000000000001,-5.0
938,24884.0,False,140.6,4.9,-5.1000000000000005
939,24900.0,False,140.3,5.2,-5.5
940,24952.0,False,139.20000000000002,5.800000000000001,-6.1000000000000005
941,24968.0,False,138.9,5.9,-6.2
942,25000.0,False,138.5,5.7,-6.6000000000000005
943,25023.0,False,138.4,5.5,-7.2
944,25035.0,False,138.3,5.2,-8.1
945,25067.0,False,138.20000000000002,4.7,-9.5
946,25083.0,False,138.3,4.3,-9.8
947,25124.0,False,138.70000000000002,3.7,-10.3
948,25151.0,False,138.9,3.6,-10.700000000000001
949,25170.0,False,139.4,3.8000000000000003,-12.0
950,25183.0,False,139.70000000000002,3.9000000000000004,-12.600000000000001
951,25221.0,False,140.4,3.9000000000000004,-13.5
952,25238.0,False,140.8,4.2,-13.9
953,25267.0,False,141.5,5.300000000000001,-14.8
954,25284.0,False,141.9,6.2,-15.3
955,25303.0,False,142.3,7.0,-15.700000000000001
956,25321.0,False,142.8,7.9,-16.2
957,25336.0,False,143.5,8.5,-16.5
958,25377.0,False,144.8,9.0,-16.2
959,25384.0,False,145.4,8.8,-16.1
960,25401.0,False,145.9,8.6,-15.9
961,25426.0,False,146.3,8.700000000000001,-15.700000000000001
962,25434.0,False,146.9,9.1,-15.4
963,25451.0,False,147.5,9.8,-15.0
964,25485.0,False,148.6,11.600000000000001,-14.100000000000001
965,25500.0,False,148.9,12.600000000000001,-13.600000000000001
966,25536.0,False,149.1,14.4,-13.4
967,25551.0,False,149.0,15.100000000000001,-13.8
968,25571.0,False,149.1,15.700000000000001,-14.8
969,25584.0,False,149.20000000000002,16.3,-16.400000000000002
970,25609.0,False,149.20000000000002,16.7,-18.5
971,25621.0,False,149.0,17.1,-20.900000000000002
972,25650.0,False,148.9,17.6,-23.1
973,25670.0,False,149.0,18.0,-24.8
974,25684.0,False,149.20000000000002,18.400000000000002,-26.1
975,25700.0,False,149.5,19.3,-27.200000000000003
976,25725.0,False,149.4,19.700000000000003,-27.1
977,25750.0,False,149.1,20.5,-25.5
978,25767.0,False,149.20000000000002,20.8,-24.200000000000003
979,25784.0,False,149.4,21.1,-22.8
980,25800.0,False,149.70000000000002,21.400000000000002,-21.5
981,25820.0,False,149.9,21.400000000000002,-20.3
982,25851.0,False,149.9,21.1,-18.3
983,25867.0,False,149.9,21.0,-17.2
984,25883.0,False,149.9,21.0,-15.9
985,25917.0,False,149.70000000000002,21.1,-13.200000000000001
986,25933.0,False,149.4,21.200000000000003,-11.9
987,25967.0,False,149.20000000000002,21.5,-9.700000000000001
988,25985.0,False,149.1,21.900000000000002,-8.6
989,26019.0,False,148.0,23.400000000000002,-6.0
990,26035.0,False,147.20000000000002,24.400000000000002,-4.6000000000000005
991,26050.0,False,146.8,25.700000000000003,-4.1000000000000005
992,26067.0,False,146.8,27.200000000000003,-4.2
993,26086.0,False,147.1,28.400000000000002,-4.5
994,26101.0,False,147.70000000000002,29.3,-5.0
995,26127.0,False,148.5,30.0,-5.7
996,26136.0,False,149.20000000000002,30.5,-6.4
997,26167.0,False,149.3,31.0,-6.800000000000001
998,26183.0,False,148.6,31.5,-6.6000000000000005
999,26200.0,False,148.20000000000002,31.3,-6.300000000000001
1000,26222.0,False,147.5,30.8,-5.800000000000001
1001,26251.0,False,146.9,29.700000000000003,-5.2
1002,26266.0,False,146.1,28.1,-4.5
1003,26284.0,False,145.0,24.200000000000003,-4.5
1004,26301.0,False,144.20000000000002,22.5,-4.1000000000000005
1005,26320.0,False,143.4,21.200000000000003,-3.6
1006,26333.0,False,143.0,20.6,-4.2
1007,26367.0,False,142.8,20.3,-5.800000000000001
1008,26384.0,False,141.20000000000002,18.6,-6.7
1009,26403.0,False,139.8,16.1,-3.5
1010,26422.0,False,139.5,12.700000000000001,0.4
1011,26450.0,False,140.70000000000002,7.2,5.2
1012,26467.0,False,141.1,6.0,6.300000000000001
1013,26501.0,False,141.5,6.7,7.0
1014,26528.0,False,141.6,8.0,6.800000000000001
1015,26554.0,False,142.1,11.0,4.0
1016,26567.0,False,142.5,12.5,2.4000000000000004
1017,26600.0,False,143.5,15.100000000000001,0.6000000000000001
1018,26621.0,False,144.0,16.0,0.5
1019,26651.0,False,145.1,16.3,1.3
1020,26667.0,False,145.5,16.0,1.5
1021,26684.0,False,145.70000000000002,15.700000000000001,1.4000000000000001
1022,26701.0,False,145.70000000000002,15.700000000000001,0.9
1023,26727.0,False,145.4,15.700000000000001,0.0
1024,26750.0,False,145.0,15.600000000000001,-1.3
1025,26771.0,False,143.9,14.9,-4.4
1026,26784.0,False,143.6,14.200000000000001,-5.9
1027,26824.0,False,143.6,13.4,-9.9
1028,26857.0,False,143.3,13.9,-15.0
1029,26867.0,False,142.6,13.9,-17.900000000000002
1030,26884.0,False,142.1,13.700000000000001,-21.3
1031,26921.0,False,140.70000000000002,12.600000000000001,-29.0
1032,26951.0,False,139.0,11.8,-32.2
1033,26969.0,False,133.6,9.3,-36.5
1034,27008.0,False,126.60000000000001,6.4,-40.7
1035,27022.0,False,122.80000000000001,5.2,-42.900000000000006
1036,27033.0,False,119.30000000000001,4.4,-45.2
1037,27051.0,False,116.5,4.0,-47.800000000000004
1038,27083.0,False,112.60000000000001,3.6,-53.900000000000006
1039,27100.0,False,111.2,3.2,-57.400000000000006
1040,27126.0,False,110.10000000000001,2.6,-60.6
1041,27136.0,False,109.4,1.8,-63.2
1042,27150.0,False,109.2,0.7000000000000001,-65.4
1043,27183.0,False,109.7,-1.9000000000000001,-68.3
1044,27200.0,False,109.9,-3.2,-69.2
1045,27220.0,False,109.9,-4.7,-69.8
1046,27234.0,False,109.5,-6.300000000000001,-70.2
1047,27250.0,False,108.7,-7.800000000000001,-70.2
1048,27270.0,False,107.5,-9.200000000000001,-70.0
1049,27302.0,False,104.4,-10.9,-70.2
1050,27320.0,False,102.9,-10.8,-70.7
1051,27350.0,False,100.5,-10.3,-72.5
1052,27366.0,False,99.4,-10.4,-73.9
1053,27385.0,False,98.2,-10.8,-75.3
1054,27401.0,False,96.9,-11.5,-76.80000000000001
1055,27423.0,False,95.60000000000001,-12.3,-78.4
1056,27451.0,False,94.10000000000001,-14.5,-81.7
1057,27468.0,False,94.2,-15.700000000000001,-83.2
1058,27483.0,False,94.9,-16.7,-84.30000000000001
1059,27500.0,False,96.30000000000001,-17.6,-85.10000000000001
1060,27527.0,False,98.2,-18.5,-85.5
1061,27537.0,False,100.30000000000001,-19.400000000000002,-85.60000000000001
1062,27567.0,False,104.60000000000001,-20.1,-84.7
1063,27588.0,False,106.7,-20.200000000000003,-83.7
1064,27631.0,False,110.5,-19.3,-81.30000000000001
1065,27650.0,False,112.30000000000001,-18.3,-80.4
1066,27667.0,False,116.10000000000001,-15.9,-79.10000000000001
1067,27684.0,False,118.0,-14.700000000000001,-78.80000000000001
1068,27704.0,False,119.9,-13.5,-78.7
1069,27718.0,False,121.9,-12.4,-78.5
1070,27735.0,False,123.9,-11.200000000000001,-78.30000000000001
1071,27750.0,False,125.9,-10.0,-77.80000000000001
1072,27774.0,False,127.80000000000001,-8.9,-77.2
1073,27784.0,False,129.5,-7.800000000000001,-76.4
1074,27804.0,False,131.1,-6.9,-75.60000000000001
1075,27820.0,False,132.6,-6.0,-74.7
1076,27834.0,False,134.0,-5.2,-73.5
1077,27850.0,False,135.20000000000002,-4.6000000000000005,-71.9
1078,27884.0,False,136.9,-3.5,-67.9
1079,27908.0,False,137.5,-3.0,-66.2
1080,27933.0,False,138.4,-2.2,-63.7
1081,27951.0,False,138.8,-1.8,-63.0
1082,27969.0,False,139.20000000000002,-1.5,-62.5
1083,27984.0,False,139.6,-1.3,-62.2
1084,28000.0,False,140.0,-1.2000000000000002,-62.1
1085,28019.0,False,140.4,-1.2000000000000002,-62.300000000000004
1086,28033.0,False,140.5,-1.5,-62.900000000000006
1087,28050.0,False,140.5,-2.0,-63.800000000000004
1088,28070.0,False,140.1,-2.8000000000000003,-65.3
1089,28100.0,False,139.5,-4.0,-67.10000000000001
1090,28123.0,False,138.6,-5.300000000000001,-69.10000000000001
1091,28134.0,False,137.6,-6.800000000000001,-71.2
1092,28150.0,False,134.9,-9.9,-74.8
1093,28169.0,False,133.3,-11.600000000000001,-76.3
1094,28200.0,False,129.70000000000002,-15.200000000000001,-78.9
1095,28221.0,False,128.0,-16.8,-80.2
1096,28253.0,False,126.0,-19.400000000000002,-82.60000000000001
1097,28268.0,False,125.7,-20.400000000000002,-83.9
1098,28286.0,False,125.7,-21.400000000000002,-85.10000000000001
1099,28300.0,False,125.80000000000001,-22.3,-86.30000000000001
1100,28319.0,False,126.0,-23.1,-87.4
1101,28350.0,False,126.2,-24.900000000000002,-88.9
1102,28368.0,False,126.30000000000001,-25.6,-89.10000000000001
1103,28384.0,False,126.2,-26.3,-89.0
1104,28406.0,False,126.0,-26.8,-88.60000000000001
1105,28419.0,False,125.60000000000001,-27.200000000000003,-87.9
1106,28452.0,False,124.60000000000001,-28.0,-86.2
1107,28466.0,False,124.10000000000001,-28.5,-85.10000000000001
1108,28487.0,False,123.5,-29.1,-84.0
1109,28524.0,False,122.10000000000001,-30.0,-82.7
1110,28553.0,False,121.30000000000001,-31.1,-83.0
1111,28568.0,False,121.2,-31.8,-83.60000000000001
1112,28584.0,False,121.4,-32.6,-84.2
1113,28604.0,False,121.80000000000001,-33.1,-84.80000000000001
1114,28620.0,False,122.4,-33.5,-85.4
1115,28633.0,False,123.2,-33.7,-85.9
1116,28667.0,False,124.30000000000001,-33.6,-86.4
1117,28684.0,False,126.7,-33.0,-87.0
1118,28701.0,False,127.9,-32.5,-87.2
1119,28729.0,False,129.20000000000002,-31.900000000000002,-87.4
1120,28751.0,False,132.20000000000002,-30.200000000000003,-87.60000000000001
1121,28769.0,False,134.1,-29.0,-87.5
1122,28784.0,False,135.9,-27.5,-87.4
1123,28803.0,False,137.70000000000002,-25.900000000000002,-87.30000000000001
1124,28834.0,False,141.20000000000002,-22.700000000000003,-86.9
1125,28868.0,False,142.8,-21.400000000000002,-86.80000000000001
1126,28884.0,False,146.0,-19.8,-86.60000000000001
1127,28901.0,False,147.5,-19.400000000000002,-86.60000000000001
1128,28927.0,False,148.8,-19.1,-86.7
1129,28950.0,False,151.4,-18.400000000000002,-87.30000000000001
1130,28990.0,False,153.9,-17.7,-88.4
1131,29000.0,False,155.3,-17.3,-89.0
1132,29024.0,False,156.70000000000002,-16.900000000000002,-89.60000000000001
1133,29053.0,False,339.6,-164.0,89.0
1134,29066.0,False,341.1,-164.3,88.5
1135,29087.0,False,342.6,-164.4,88.30000000000001
1136,29100.0,False,344.0,-164.60000000000002,88.0
1137,29139.0,False,346.40000000000003,-164.8,87.10000000000001
1138,29150.0,False,347.40000000000003,-164.60000000000002,86.60000000000001
1139,29166.0,False,348.3,-164.0,86.4
1140,29184.0,False,349.0,-163.0,86.4
1141,29219.0,False,349.8,-160.10000000000002,87.2
1142,29235.0,False,350.0,-158.3,87.7
1143,29268.0,False,350.40000000000003,-153.9,89.30000000000001
1144,29283.0,False,170.5,-28.3,-89.7
1145,29319.0,False,169.8,-32.2,-88.2
1146,29338.0,False,168.8,-33.800000000000004,-87.80000000000001
1147,29371.0,False,165.3,-37.1,-87.5
1148,29384.0,False,162.8,-38.7,-87.7
1149,29400.0,False,160.20000000000002,-40.2,-88.2
1150,29420.0,False,157.5,-41.7,-89.2
1151,29433.0,False,335.0,-136.9,89.4
1152,29453.0,False,332.8,-135.5,87.80000000000001
1153,29484.0,False,330.1,-133.1,84.5
1154,29500.0,False,330.1,-132.0,83.5
1155,29525.0,False,330.90000000000003,-131.0,83.2
1156,29533.0,False,332.3,-130.20000000000002,83.60000000000001
1157,29551.0,False,334.0,-129.70000000000002,84.30000000000001
1158,29584.0,False,336.70000000000005,-129.9,86.0
1159,29602.0,False,337.20000000000005,-130.4,86.60000000000001
1160,29633.0,False,336.3,-131.9,87.5
1161,29668.0,False,333.40000000000003,-133.5,88.5
1162,29683.0,False,331.6,-134.20000000000002,89.10000000000001
1163,29721.0,False,148.20000000000002,-45.2,-89.2
1164,29751.0,False,145.6,-45.900000000000006,-87.4
1165,29768.0,False,144.8,-46.6,-86.7
1166,29803.0,False,144.5,-49.1,-86.10000000000001
1167,29818.0,False,145.20000000000002,-50.5,-86.4
1168,29851.0,False,149.3,-53.2,-86.60000000000001
1169,29867.0,False,153.1,-54.1,-86.0
1170,29900.0,False,163.0,-54.800000000000004,-83.2
1171,29917.0,False,167.60000000000002,-54.6,-81.5
1172,29950.0,False,173.0,-53.2,-79.2
1173,29967.0,False,173.60000000000002,-52.1,-78.80000000000001
1174,29990.0,False,173.5,-50.6,-79.0
1175,30001.0,False,172.9,-48.900000000000006,-79.60000000000001
1176,30017.0,False,172.0,-46.900000000000006,-80.7
1177,30034.0,False,171.0,-44.7,-82.30000000000001
1178,30066.0,False,168.9,-40.400000000000006,-86.2
1179,30085.0,False,167.8,-38.400000000000006,-88.10000000000001
1180,30121.0,False,345.70000000000005,-145.1,88.60000000000001
1181,30136.0,False,344.90000000000003,-146.5,87.5
1182,30167.0,False,344.20000000000005,-148.70000000000002,85.80000000000001
1183,30185.0,False,344.5,-149.5,85.4
1184,30200.0,False,345.20000000000005,-150.0,85.5
1185,30222.0,False,346.40000000000003,-150.4,86.0
1186,30233.0,False,347.8,-150.6,86.60000000000001
1187,30253.0,False,349.40000000000003,-150.70000000000002,87.2
1188,30267.0,False,351.20000000000005,-150.70000000000002,87.80000000000001
1189,30285.0,False,353.0,-150.5,88.2
1190,30300.0,False,354.8,-150.20000000000002,88.5
1191,30320.0,False,356.5,-149.70000000000002,88.4
1192,30351.0,False,358.90000000000003,-148.70000000000002,86.80000000000001
1193,30384.0,False,0.1,-148.1,84.4
1194,30400.0,False,0.4,-148.0,83.60000000000001
1195,30434.0,False,359.70000000000005,-148.70000000000002,83.10000000000001
1196,30450.0,False,358.3,-149.20000000000002,83.2
1197,30484.0,False,353.0,-149.0,83.9
1198,30500.0,False,349.8,-147.8,84.30000000000001
1199,30527.0,False,347.0,-146.1,84.7
1200,30534.0,False,344.90000000000003,-143.8,85.10000000000001
1201,30550.0,False,343.90000000000003,-141.20000000000002,85.5
1202,30570.0,False,343.8,-138.6,86.0
1203,30602.0,False,345.3,-133.70000000000002,87.2
1204,30617.0,False,346.0,-131.5,87.7
1205,30637.0,False,346.20000000000005,-129.5,88.0
1206,30650.0,False,346.0,-127.80000000000001,88.4
1207,30684.0,False,346.0,-126.4,89.0
1208,30700.0,False,166.60000000000002,-54.800000000000004,-88.9
1209,30717.0,False,166.60000000000002,-54.7,-88.10000000000001
1210,30750.0,False,164.5,-53.2,-87.7
1211,30766.0,False,162.5,-52.0,-88.30000000000001
1212,30784.0,False,159.9,-50.5,-89.2
1213,30802.0,False,337.0,-131.0,89.60000000000001
1214,30823.0,False,334.1,-132.4,88.30000000000001
1215,30836.0,False,331.3,-133.3,87.30000000000001
1216,30869.0,False,327.40000000000003,-132.6,86.5
1217,30885.0,False,326.90000000000003,-130.9,87.0
1218,30906.0,False,327.6,-128.6,88.4
1219,30922.0,False,149.5,-54.1,-89.4
1220,30934.0,False,152.6,-56.900000000000006,-86.5
1221,30967.0,False,161.4,-62.300000000000004,-78.9
1222,30983.0,False,166.4,-64.9,-74.60000000000001
1223,31005.0,False,171.5,-67.10000000000001,-70.3
1224,31017.0,False,176.5,-68.8,-66.0
1225,31038.0,False,180.9,-69.7,-62.400000000000006
1226,31050.0,False,184.3,-69.8,-60.1
1227,31066.0,False,185.9,-69.3,-59.5
1228,31083.0,False,185.5,-68.3,-60.900000000000006
1229,31116.0,False,183.60000000000002,-67.0,-63.400000000000006
1230,31133.0,False,177.60000000000002,-63.800000000000004,-69.5
1231,31152.0,False,174.5,-61.6,-72.4
1232,31183.0,False,168.0,-56.1,-79.0
1233,31201.0,False,164.8,-53.0,-82.7
1234,31219.0,False,161.8,-49.7,-86.7
1235,31233.0,False,339.1,-133.70000000000002,89.5
1236,31270.0,False,335.0,-140.20000000000002,83.10000000000001
1237,31284.0,False,333.8,-143.1,80.80000000000001
1238,31299.0,False,333.3,-145.6,79.0
1239,31319.0,False,333.40000000000003,-147.70000000000002,77.7
1240,31339.0,False,334.20000000000005,-149.4,77.0
1241,31350.0,False,335.40000000000003,-150.70000000000002,76.7
1242,31384.0,False,338.70000000000005,-152.3,77.0
1243,31400.0,False,340.5,-152.9,77.5
1244,31433.0,False,342.20000000000005,-153.20000000000002,78.0
1245,31452.0,False,345.1,-153.5,79.0
1246,31466.0,False,346.3,-153.5,79.30000000000001
1247,31500.0,False,347.8,-153.1,79.5
1248,31524.0,False,348.1,-152.9,79.60000000000001
1249,31539.0,False,348.3,-152.5,79.9
1250,31552.0,False,348.3,-151.9,80.7
1251,31566.0,False,348.0,-151.1,81.9
1252,31586.0,False,347.3,-149.8,82.9
1253,31600.0,False,346.3,-148.20000000000002,83.2
1254,31619.0,False,345.20000000000005,-145.8,82.60000000000001
1255,31635.0,False,344.5,-142.9,81.5
1256,31650.0,False,344.0,-139.5,80.30000000000001
1257,31666.0,False,343.70000000000005,-136.0,79.4
1258,31684.0,False,343.20000000000005,-132.6,79.2
1259,31707.0,False,342.70000000000005,-129.70000000000002,79.60000000000001
1260,31718.0,False,341.90000000000003,-127.30000000000001,80.9
1261,31734.0,False,341.20000000000005,-125.30000000000001,82.60000000000001
1262,31753.0,False,340.40000000000003,-123.7,84.4
1263,31768.0,False,339.40000000000003,-122.4,86.0
1264,31783.0,False,338.3,-121.60000000000001,87.2
1265,31817.0,False,335.6,-120.7,88.60000000000001
1266,31833.0,False,334.1,-120.60000000000001,88.9
1267,31867.0,False,332.5,-120.9,89.10000000000001
1268,31888.0,False,328.70000000000005,-122.2,88.60000000000001
1269,31901.0,False,326.5,-123.2,88.0
1270,31926.0,False,324.3,-124.5,87.30000000000001
1271,31941.0,False,322.1,-126.10000000000001,86.60000000000001
1272,31970.0,False,316.90000000000003,-129.6,84.5
1273,31983.0,False,313.90000000000003,-131.3,83.2
1274,32002.0,False,310.70000000000005,-132.70000000000002,81.7
1275,32033.0,False,303.7,-134.1,78.7
1276,32050.0,False,300.3,-133.9,77.5
1277,32084.0,False,295.40000000000003,-132.0,75.4
1278,32100.0,False,294.3,-130.4,74.60000000000001
1279,32136.0,False,295.6,-126.30000000000001,74.0
1280,32150.0,False,298.1,-124.30000000000001,74.5
1281,32167.0,False,301.90000000000003,-122.60000000000001,75.5
1282,32189.0,False,306.7,-121.5,77.2
1283,32200.0,False,312.40000000000003,-121.10000000000001,79.5
1284,32221.0,False,318.5,-121.60000000000001,82.30000000000001
1285,32250.0,False,329.0,-125.30000000000001,88.60000000000001
1286,32284.0,False,152.20000000000002,-51.800000000000004,-89.0
1287,32300.0,False,154.60000000000002,-45.2,-87.0
1288,32318.0,False,154.3,-42.0,-87.80000000000001
1289,32335.0,False,153.4,-39.0,-89.5
1290,32354.0,False,332.3,-143.8,88.0
1291,32366.0,False,331.1,-146.5,85.30000000000001
1292,32400.0,False,329.5,-151.3,80.30000000000001
1293,32419.0,False,329.0,-153.3,78.30000000000001
1294,32450.0,False,329.0,-156.9,75.60000000000001
1295,32467.0,False,329.6,-158.3,75.10000000000001
1296,32484.0,False,330.5,-159.5,75.10000000000001
1297,32517.0,False,333.3,-161.3,76.0
1298,32536.0,False,334.8,-162.10000000000002,76.60000000000001
1299,32568.0,False,337.8,-163.4,77.5
1300,32584.0,False,339.0,-163.8,77.80000000000001
1301,32601.0,False,339.90000000000003,-164.0,77.9
1302,32619.0,False,340.70000000000005,-164.20000000000002,77.7
1303,32649.0,False,341.6,-164.4,77.30000000000001
1304,32667.0,False,344.0,-164.5,75.8
1305,32684.0,False,345.40000000000003,-164.3,75.0
1306,32700.0,False,346.6,-163.9,74.5
1307,32716.0,False,347.5,-163.3,74.5
1308,32734.0,False,348.1,-162.4,74.9
1309,32768.0,False,348.3,-161.4,75.7
1310,32783.0,False,347.90000000000003,-158.5,78.7
1311,32801.0,False,347.20000000000005,-156.5,80.60000000000001
1312,32833.0,False,345.5,-151.9,84.9
1313,32850.0,False,344.6,-149.4,87.2
1314,32883.0,False,163.5,-35.5,-88.4
1315,32900.0,False,163.4,-37.6,-86.5
1316,32923.0,False,163.70000000000002,-39.6,-84.7
1317,32935.0,False,164.20000000000002,-41.300000000000004,-83.30000000000001
1318,32950.0,False,164.9,-43.0,-82.30000000000001
1319,32983.0,False,165.70000000000002,-46.300000000000004,-81.10000000000001
1320,33002.0,False,165.70000000000002,-48.0,-80.7
1321,33020.0,False,165.5,-49.6,-80.30000000000001
1322,33034.0,False,165.10000000000002,-51.0,-79.9
1323,33050.0,False,164.4,-52.2,-79.60000000000001
1324,33084.0,False,163.5,-53.2,-79.4
1325,33100.0,False,160.8,-54.900000000000006,-79.4
1326,33116.0,False,159.20000000000002,-55.6,-79.4
1327,33150.0,False,156.9,-57.800000000000004,-77.80000000000001
1328,33167.0,False,156.5,-59.300000000000004,-75.8
1329,33200.0,False,158.70000000000002,-62.7,-67.60000000000001
1330,33217.0,False,161.70000000000002,-64.10000000000001,-61.400000000000006
1331,33251.0,False,169.0,-65.2,-48.1
1332,33267.0,False,171.5,-65.2,-43.300000000000004
1333,33283.0,False,172.8,-65.0,-40.300000000000004
1334,33300.0,False,172.70000000000002,-64.8,-39.2
1335,33319.0,False,171.20000000000002,-64.60000000000001,-39.800000000000004
1336,33334.0,False,168.20000000000002,-64.10000000000001,-42.300000000000004
1337,33366.0,False,159.8,-62.2,-50.1
1338,33384.0,False,155.20000000000002,-61.1,-54.1
1339,33417.0,False,146.5,-58.300000000000004,-60.300000000000004
1340,33443.0,False,143.1,-56.5,-62.2
1341,33467.0,False,138.70000000000002,-51.800000000000004,-65.0
1342,33483.0,False,137.5,-49.0,-66.60000000000001
1343,33503.0,False,137.1,-46.1,-68.10000000000001
1344,33516.0,False,137.20000000000002,-43.300000000000004,-69.3
1345,33533.0,False,137.5,-40.5,-70.2
1346,33550.0,False,137.6,-38.0,-71.3
1347,33567.0,False,137.9,-35.7,-72.3
1348,33583.0,False,138.6,-33.7,-73.0
1349,33600.0,False,139.3,-32.1,-73.2
1350,33633.0,False,140.9,-29.3,-72.2
1351,33650.0,False,141.9,-28.1,-70.7
1352,33684.0,False,143.3,-25.400000000000002,-66.2
1353,33700.0,False,144.1,-23.5,-63.400000000000006
1354,33735.0,False,145.0,-18.0,-57.800000000000004
1355,33753.0,False,144.9,-14.600000000000001,-56.0
1356,33784.0,False,146.0,-7.300000000000001,-53.300000000000004
1357,33800.0,False,147.3,-4.1000000000000005,-51.0
1358,33822.0,False,148.4,-1.8,-48.7
1359,33835.0,False,149.1,0.2,-46.400000000000006
1360,33850.0,False,149.3,2.0,-43.6
1361,33868.0,False,148.8,3.7,-40.7
1362,33903.0,False,147.0,6.800000000000001,-34.6
1363,33935.0,False,146.0,8.200000000000001,-31.5
1364,33950.0,False,144.0,9.9,-26.0
1365,33968.0,False,142.9,9.600000000000001,-22.5
1366,34000.0,False,141.3,8.4,-17.3
1367,34017.0,False,141.0,8.6,-15.600000000000001
1368,34049.0,False,141.5,10.3,-13.200000000000001
1369,34066.0,False,142.20000000000002,11.5,-12.3
1370,34100.0,False,143.9,13.700000000000001,-10.4
1371,34119.0,False,144.5,14.700000000000001,-9.4
1372,34137.0,False,144.70000000000002,15.4,-8.5
1373,34155.0,False,144.70000000000002,15.9,-7.7
1374,34167.0,False,144.6,16.5,-7.1000000000000005
1375,34187.0,False,144.3,17.0,-6.5
1376,34217.0,False,144.0,17.5,-5.9
1377,34237.0,False,143.5,18.2,-5.2
1378,34252.0,False,143.6,18.5,-5.1000000000000005
1379,34267.0,False,143.8,18.8,-5.1000000000000005
1380,34283.0,False,143.9,19.0,-5.2
1381,34317.0,False,144.20000000000002,19.0,-5.5
1382,34333.0,False,144.3,19.0,-5.800000000000001
1383,34366.0,False,144.6,18.900000000000002,-6.6000000000000005
1384,34383.0,False,145.0,18.7,-7.300000000000001
1385,34399.0,False,145.4,18.400000000000002,-8.1
1386,34417.0,False,145.8,17.900000000000002,-9.1
1387,34434.0,False,146.3,17.5,-10.200000000000001
1388,34450.0,False,146.9,17.3,-11.4
1389,34470.0,False,147.5,17.3,-12.700000000000001
1390,34483.0,False,148.1,17.400000000000002,-13.9
1391,34500.0,False,148.6,17.2,-14.8
1392,34536.0,False,149.4,16.1,-16.3
1393,34553.0,False,149.70000000000002,15.3,-17.3
1394,34583.0,False,151.3,13.5,-21.6
1395,34600.0,False,152.4,12.4,-25.3
1396,34623.0,False,153.5,10.9,-29.400000000000002
1397,34634.0,False,154.4,9.0,-32.9
1398,34655.0,False,155.20000000000002,6.7,-35.4
1399,34686.0,False,157.3,1.5,-38.300000000000004
1400,34700.0,False,158.70000000000002,-1.6,-39.2
1401,34722.0,False,160.4,-5.0,-40.300000000000004
1402,34750.0,False,164.9,-11.9,-42.900000000000006
1403,34767.0,False,167.60000000000002,-15.200000000000001,-44.0
1404,34800.0,False,173.20000000000002,-21.200000000000003,-46.2
1405,34818.0,False,175.9,-24.200000000000003,-47.300000000000004
1406,34850.0,False,181.20000000000002,-30.6,-49.5
1407,34867.0,False,183.60000000000002,-33.5,-50.6
1408,34901.0,False,189.10000000000002,-39.1,-51.5
1409,34916.0,False,191.60000000000002,-41.6,-51.5
1410,34950.0,False,194.8,-46.300000000000004,-50.800000000000004
1411,34971.0,False,195.5,-48.300000000000004,-50.5
1412,35010.0,False,195.60000000000002,-51.1,-51.300000000000004
1413,35016.0,False,195.10000000000002,-52.2,-52.800000000000004
1414,35036.0,False,194.20000000000002,-53.400000000000006,-54.7
1415,35067.0,False,191.70000000000002,-56.2,-59.1
1416,35083.0,False,190.20000000000002,-57.7,-61.0
1417,35116.0,False,187.0,-61.1,-64.2
1418,35136.0,False,185.5,-63.300000000000004,-64.7
1419,35166.0,False,182.60000000000002,-67.7,-62.300000000000004
1420,35184.0,False,181.0,-69.2,-60.800000000000004
1421,35216.0,False,177.8,-71.0,-59.6
1422,35235.0,False,175.4,-71.3,-60.7
1423,35251.0,False,172.3,-71.2,-63.2
1424,35283.0,False,164.9,-70.2,-71.0
1425,35300.0,False,161.5,-69.3,-74.8
1426,35320.0,False,158.70000000000002,-68.2,-78.0
1427,35336.0,False,156.70000000000002,-66.9,-80.4
1428,35350.0,False,155.5,-65.4,-82.10000000000001
1429,35383.0,False,154.4,-62.1,-83.7
1430,35400.0,False,153.8,-60.300000000000004,-84.4
1431,35438.0,False,152.20000000000002,-55.900000000000006,-86.60000000000001
1432,35450.0,False,151.70000000000002,-53.400000000000006,-87.80000000000001
1433,35483.0,False,150.8,-49.6,-89.9
1434,35500.0,False,330.20000000000005,-131.5,89.2
1435,35533.0,False,329.70000000000005,-132.1,88.5
1436,35549.0,False,329.90000000000003,-132.20000000000002,88.30000000000001
1437,35567.0,False,331.1,-131.6,89.10000000000001
1438,35587.0,False,152.9,-49.300000000000004,-89.4
1439,35600.0,False,155.20000000000002,-50.300000000000004,-87.30000000000001
1440,35624.0,False,157.60000000000002,-51.400000000000006,-85.0
1441,35650.0,False,160.8,-53.6,-80.7
1442,35666.0,False,161.5,-54.5,-79.2
1443,35700.0,False,162.4,-55.5,-77.10000000000001
1444,35716.0,False,163.3,-55.400000000000006,-76.2
1445,35733.0,False,164.8,-55.1,-75.2
1446,35750.0,False,166.8,-54.800000000000004,-73.9
1447,35767.0,False,169.0,-54.6,-72.8
1448,35783.0,False,170.8,-54.2,-72.3
1449,35816.0,False,172.9,-53.0,-74.10000000000001
1450,35850.0,False,173.0,-52.2,-76.3
1451,35867.0,False,172.10000000000002,-50.0,-82.5
1452,35886.0,False,171.4,-48.7,-85.80000000000001
1453,35918.0,False,350.8,-133.70000000000002,88.9
1454,35934.0,False,350.70000000000005,-134.6,87.10000000000001
1455,35954.0,False,350.70000000000005,-135.6,85.80000000000001
1456,35967.0,False,351.1,-136.5,85.10000000000001
1457,35983.0,False,351.90000000000003,-137.4,84.9
1458,36007.0,False,352.8,-138.20000000000002,85.2
1459,36016.0,False,353.6,-139.1,85.80000000000001
1460,36035.0,False,354.3,-139.8,86.5
1461,36050.0,False,354.90000000000003,-140.5,87.4
1462,36068.0,False,355.20000000000005,-141.1,88.2
1463,36083.0,False,355.20000000000005,-141.6,88.80000000000001
1464,36099.0,False,355.0,-142.20000000000002,89.2
1465,36134.0,False,354.6,-143.5,89.4
1466,36150.0,False,354.40000000000003,-144.1,89.4
1467,36171.0,False,354.1,-144.5,89.5
1468,36184.0,False,353.70000000000005,-144.6,89.9
1469,36202.0,False,173.10000000000002,-35.6,-89.0
1470,36221.0,False,171.8,-36.1,-87.5
1471,36233.0,False,169.5,-36.5,-86.4
1472,36249.0,False,166.70000000000002,-36.9,-85.5
1473,36287.0,False,160.60000000000002,-38.2,-84.60000000000001
1474,36300.0,False,157.8,-39.1,-84.4
1475,36336.0,False,153.5,-41.400000000000006,-84.9
1476,36349.0,False,152.1,-42.800000000000004,-85.5
1477,36368.0,False,151.1,-44.1,-86.4
1478,36404.0,False,150.0,-46.300000000000004,-88.60000000000001
1479,36417.0,False,150.0,-47.300000000000004,-89.80000000000001
1480,36439.0,False,330.40000000000003,-131.8,89.4
1481,36450.0,False,331.20000000000005,-131.0,89.10000000000001
1482,36468.0,False,332.3,-130.3,89.30000000000001
1483,36489.0,False,153.5,-50.1,-89.9
1484,36500.0,False,154.5,-50.300000000000004,-88.60000000000001
1485,36517.0,False,155.20000000000002,-50.300000000000004,-86.9
1486,36540.0,False,155.3,-50.1,-85.0
1487,36550.0,False,154.8,-49.900000000000006,-83.10000000000001
1488,36567.0,False,153.60000000000002,-49.800000000000004,-81.2
1489,36601.0,False,150.0,-49.900000000000006,-77.5
1490,36617.0,False,147.8,-49.900000000000006,-75.8
1491,36652.0,False,142.9,-49.6,-73.5
1492,36667.0,False,140.4,-49.400000000000006,-73.10000000000001
1493,36685.0,False,138.0,-49.2,-73.3
1494,36721.0,False,133.3,-49.2,-75.5
1495,36735.0,False,131.3,-49.400000000000006,-77.30000000000001
1496,36766.0,False,128.70000000000002,-49.900000000000006,-81.2
1497,36784.0,False,128.4,-50.300000000000004,-82.7
1498,36817.0,False,130.20000000000002,-51.0,-83.9
1499,36834.0,False,132.3,-51.1,-83.30000000000001
1500,36866.0,False,137.5,-50.6,-80.80000000000001
1501,36885.0,False,140.5,-50.0,-79.30000000000001
1502,36901.0,False,143.9,-49.0,-77.4
1503,36940.0,False,150.4,-45.7,-73.5
1504,36951.0,False,152.6,-43.300000000000004,-72.2
1505,36984.0,False,153.60000000000002,-38.400000000000006,-71.9
1506,37016.0,False,152.6,-36.2,-72.60000000000001
1507,37033.0,False,148.6,-33.1,-73.8
1508,37052.0,False,146.3,-32.0,-74.10000000000001
1509,37072.0,False,144.20000000000002,-30.8,-74.10000000000001
1510,37083.0,False,142.70000000000002,-29.700000000000003,-74.10000000000001
1511,37100.0,False,141.8,-28.5,-74.0
1512,37121.0,False,141.70000000000002,-27.400000000000002,-73.8
1513,37133.0,False,142.20000000000002,-26.400000000000002,-73.4
1514,37149.0,False,143.0,-25.5,-73.0
1515,37184.0,False,143.9,-24.900000000000002,-72.60000000000001
1516,37200.0,False,145.0,-23.900000000000002,-71.9
1517,37235.0,False,145.5,-23.5,-71.7
1518,37251.0,False,146.4,-22.6,-72.2
1519,37285.0,False,147.4,-21.6,-73.7
1520,37300.0,False,147.9,-21.400000000000002,-74.4
1521,37316.0,False,148.4,-21.5,-74.8
1522,37338.0,False,148.9,-21.700000000000003,-75.0
1523,37353.0,False,149.3,-22.200000000000003,-75.10000000000001
1524,37366.0,False,149.6,-22.700000000000003,-75.10000000000001
1525,37400.0,False,150.20000000000002,-24.200000000000003,-75.10000000000001
1526,37420.0,False,150.4,-25.400000000000002,-74.5
1527,37437.0,False,150.3,-26.700000000000003,-73.60000000000001
1528,37453.0,False,149.4,-28.1,-72.60000000000001
1529,37466.0,False,147.8,-29.5,-71.7
1530,37484.0,False,145.6,-31.200000000000003,-71.0
1531,37508.0,False,142.8,-33.0,-70.7
1532,37517.0,False,139.9,-35.0,-70.9
1533,37534.0,False,136.9,-37.0,-71.8
1534,37568.0,False,132.20000000000002,-40.800000000000004,-75.5
1535,37583.0,False,131.1,-42.400000000000006,-77.7
1536,37617.0,False,132.6,-44.900000000000006,-80.7
1537,37639.0,False,134.70000000000002,-45.900000000000006,-81.5
1538,37666.0,False,139.8,-47.2,-81.7
1539,37683.0,False,141.9,-47.5,-81.4
1540,37704.0,False,143.20000000000002,-47.5,-81.10000000000001
1541,37717.0,False,143.70000000000002,-47.300000000000004,-80.7
1542,37736.0,False,143.3,-46.900000000000006,-80.4
1543,37751.0,False,142.1,-46.400000000000006,-80.2
1544,37784.0,False,138.3,-45.7,-79.7
1545,37801.0,False,136.20000000000002,-45.6,-79.30000000000001
1546,37833.0,False,132.0,-46.2,-78.4
1547,37850.0,False,130.20000000000002,-46.900000000000006,-78.10000000000001
1548,37870.0,False,128.8,-47.800000000000004,-78.10000000000001
1549,37883.0,False,127.7,-48.7,-78.30000000000001
1550,37901.0,False,127.0,-49.800000000000004,-78.9
1551,37935.0,False,126.60000000000001,-52.2,-81.0
1552,37949.0,False,127.10000000000001,-53.5,-81.9
1553,37983.0,False,130.3,-55.7,-81.80000000000001
1554,38000.0,False,132.9,-56.300000000000004,-80.5
1555,38028.0,False,135.6,-56.6,-78.80000000000001
1556,38049.0,False,139.70000000000002,-56.2,-75.60000000000001
1557,38067.0,False,140.6,-55.800000000000004,-74.5
1558,38100.0,False,140.8,-54.400000000000006,-73.3
1559,38118.0,False,140.70000000000002,-53.400000000000006,-73.5
1560,38155.0,False,140.70000000000002,-50.2,-76.2
1561,38167.0,False,140.9,-48.300000000000004,-78.5
1562,38200.0,False,141.3,-44.7,-84.10000000000001
1563,38217.0,False,141.6,-43.2,-86.60000000000001
1564,38244.0,False,142.0,-42.0,-88.7
1565,38252.0,False,322.70000000000005,-139.1,89.80000000000001
1566,38266.0,False,323.70000000000005,-140.0,88.7
1567,38284.0,False,325.3,-140.9,88.0
1568,38319.0,False,329.5,-142.8,88.0
1569,38335.0,False,331.8,-143.9,88.2
1570,38369.0,False,336.0,-146.20000000000002,89.10000000000001
1571,38384.0,False,337.40000000000003,-147.20000000000002,89.7
1572,38403.0,False,158.20000000000002,-31.8,-89.5
1573,38417.0,False,158.60000000000002,-30.900000000000002,-88.80000000000001
1574,38436.0,False,158.60000000000002,-30.0,-88.2
1575,38466.0,False,158.0,-28.700000000000003,-87.10000000000001
1576,38486.0,False,157.5,-28.400000000000002,-86.7
1577,38517.0,False,156.5,-28.700000000000003,-86.30000000000001
1578,38539.0,False,156.0,-29.3,-86.30000000000001
1579,38566.0,False,155.5,-30.1,-86.60000000000001
1580,38583.0,False,154.9,-32.4,-87.30000000000001
1581,38600.0,False,154.9,-33.9,-87.60000000000001
1582,38621.0,False,155.0,-35.800000000000004,-87.7
1583,38637.0,False,155.10000000000002,-37.7,-87.7
1584,38653.0,False,155.20000000000002,-39.7,-87.60000000000001
1585,38683.0,False,154.8,-43.400000000000006,-87.10000000000001
1586,38699.0,False,154.4,-44.900000000000006,-86.9
1587,38740.0,False,153.20000000000002,-47.2,-87.0
1588,38767.0,False,152.70000000000002,-48.7,-87.5
1589,38786.0,False,153.1,-49.1,-87.60000000000001
1590,38801.0,False,153.9,-49.300000000000004,-87.5
1591,38817.0,False,154.9,-49.2,-87.30000000000001
1592,38849.0,False,156.5,-48.5,-86.30000000000001
1593,38885.0,False,156.60000000000002,-48.0,-85.60000000000001
1594,38900.0,False,155.60000000000002,-47.1,-84.10000000000001
1595,38917.0,False,154.5,-46.7,-83.30000000000001
1596,38949.0,False,151.8,-46.2,-81.80000000000001
1597,38967.0,False,150.5,-46.2,-81.2
1598,39011.0,False,148.70000000000002,-46.7,-80.2
1599,39037.0,False,148.6,-47.6,-80.10000000000001
1600,39050.0,False,149.4,-48.2,-80.2
1601,39066.0,False,150.6,-48.900000000000006,-80.4
1602,39083.0,False,151.70000000000002,-49.7,-80.9
1603,39100.0,False,152.70000000000002,-50.400000000000006,-81.5
1604,39116.0,False,153.3,-50.900000000000006,-82.4
1605,39140.0,False,153.4,-51.300000000000004,-83.5
1606,39167.0,False,152.6,-51.800000000000004,-85.60000000000001
1607,39183.0,False,152.1,-52.0,-86.30000000000001
1608,39216.0,False,151.1,-52.1,-87.0
1609,39234.0,False,151.1,-51.900000000000006,-86.9
1610,39267.0,False,152.8,-50.7,-85.60000000000001
1611,39283.0,False,154.4,-49.7,-84.60000000000001
1612,39317.0,False,157.8,-46.800000000000004,-83.4
1613,39349.0,False,158.8,-44.800000000000004,-83.80000000000001
1614,39367.0,False,159.0,-40.5,-86.10000000000001
1615,39383.0,False,158.4,-38.2,-87.4
1616,39400.0,False,157.5,-36.1,-88.30000000000001
1617,39436.0,False,155.5,-32.2,-89.10000000000001
1618,39458.0,False,154.60000000000002,-30.5,-89.10000000000001
1619,39484.0,False,154.0,-27.6,-88.4
1620,39500.0,False,154.4,-26.6,-87.60000000000001
1621,39533.0,False,156.20000000000002,-25.200000000000003,-85.60000000000001
1622,39549.0,False,157.20000000000002,-24.8,-84.7
1623,39583.0,False,159.10000000000002,-24.8,-83.30000000000001
1624,39601.0,False,159.8,-25.0,-83.10000000000001
1625,39641.0,False,160.70000000000002,-25.5,-84.2
1626,39651.0,False,160.9,-25.8,-85.2
1627,39666.0,False,160.9,-26.200000000000003,-86.30000000000001
1628,39700.0,False,160.5,-27.400000000000002,-88.5
1629,39717.0,False,160.10000000000002,-28.200000000000003,-89.5
1630,39737.0,False,339.8,-150.9,89.80000000000001
1631,39749.0,False,339.70000000000005,-149.70000000000002,89.60000000000001
1632,39766.0,False,159.60000000000002,-31.8,-90.0
1633,39786.0,False,159.5,-33.5,-89.0
1634,39800.0,False,159.10000000000002,-35.4,-87.80000000000001
1635,39819.0,False,158.5,-37.4,-86.5
1636,39851.0,False,156.70000000000002,-41.0,-84.4
1637,39866.0,False,155.60000000000002,-42.300000000000004,-83.9
1638,39888.0,False,154.3,-43.300000000000004,-84.0
1639,39900.0,False,153.1,-43.900000000000006,-84.60000000000001
1640,39919.0,False,152.0,-44.300000000000004,-85.4
1641,39938.0,False,151.1,-44.400000000000006,-86.30000000000001
1642,39968.0,False,150.0,-44.0,-87.30000000000001
1643,39983.0,False,149.70000000000002,-43.5,-87.30000000000001
1644,40017.0,False,149.3,-42.400000000000006,-86.2
1645,40036.0,False,148.9,-41.900000000000006,-85.2
1646,40068.0,False,147.3,-41.2,-82.80000000000001
1647,40083.0,False,146.20000000000002,-41.1,-81.5
1648,40117.0,False,143.8,-41.400000000000006,-78.80000000000001
1649,40136.0,False,142.6,-41.800000000000004,-77.60000000000001
1650,40166.0,False,140.5,-43.6,-75.8
1651,40183.0,False,139.70000000000002,-44.900000000000006,-75.60000000000001
1652,40200.0,False,139.0,-46.300000000000004,-76.10000000000001
1653,40235.0,False,137.5,-49.800000000000004,-79.60000000000001
1654,40250.0,False,136.8,-51.900000000000006,-82.2
1655,40284.0,False,137.70000000000002,-56.5,-86.5
1656,40300.0,False,140.8,-58.5,-86.60000000000001
1657,40319.0,False,146.3,-60.0,-84.80000000000001
1658,40334.0,False,153.4,-60.900000000000006,-81.30000000000001
1659,40354.0,False,160.5,-61.2,-77.4
1660,40384.0,False,168.4,-60.300000000000004,-72.10000000000001
1661,40403.0,False,168.9,-59.300000000000004,-71.3
1662,40434.0,False,166.4,-55.900000000000006,-72.9
1663,40450.0,False,164.5,-53.6,-75.0
1664,40483.0,False,160.8,-47.7,-81.4
1665,40502.0,False,159.3,-44.6,-85.0
1666,40516.0,False,158.0,-41.5,-88.10000000000001
1667,40541.0,False,336.90000000000003,-141.5,89.4
1668,40550.0,False,336.20000000000005,-144.20000000000002,88.10000000000001
1669,40566.0,False,335.70000000000005,-146.5,88.0
1670,40600.0,False,155.60000000000002,-30.1,-89.30000000000001
1671,40616.0,False,156.0,-28.8,-87.4
1672,40635.0,False,156.70000000000002,-27.5,-85.30000000000001
1673,40649.0,False,157.60000000000002,-26.200000000000003,-83.2
1674,40666.0,False,158.70000000000002,-24.900000000000002,-81.4
1675,40686.0,False,159.70000000000002,-23.8,-79.7
1676,40700.0,False,160.5,-22.900000000000002,-78.30000000000001
1677,40718.0,False,161.0,-22.3,-77.10000000000001
1678,40754.0,False,161.4,-21.900000000000002,-76.0
1679,40766.0,False,161.4,-22.0,-76.3
1680,40783.0,False,161.3,-22.400000000000002,-77.10000000000001
1681,40816.0,False,161.4,-24.3,-80.0
1682,40833.0,False,161.4,-25.900000000000002,-81.5
1683,40866.0,False,161.8,-29.900000000000002,-84.4
1684,40900.0,False,162.4,-32.1,-85.30000000000001
1685,40917.0,False,164.0,-36.6,-85.10000000000001
1686,40941.0,False,164.70000000000002,-39.0,-84.2
1687,40978.0,False,164.3,-44.0,-81.4
1688,41000.0,False,162.10000000000002,-48.6,-78.30000000000001
1689,41016.0,False,160.8,-50.400000000000006,-77.2
1690,41033.0,False,159.60000000000002,-52.0,-76.4
1691,41068.0,False,158.60000000000002,-53.2,-76.0
1692,41083.0,False,158.10000000000002,-54.6,-75.9
1693,41099.0,False,158.3,-54.900000000000006,-76.10000000000001
1694,41133.0,False,158.70000000000002,-54.7,-77.0
1695,41149.0,False,158.5,-54.2,-77.7
1696,41183.0,False,156.9,-52.6,-79.30000000000001
1697,41200.0,False,155.60000000000002,-51.5,-79.9
1698,41242.0,False,152.0,-49.6,-80.5
1699,41250.0,False,149.6,-49.0,-80.2
1700,41283.0,False,144.5,-48.7,-78.60000000000001
1701,41300.0,False,142.0,-49.1,-77.30000000000001
1702,41336.0,False,139.70000000000002,-50.0,-75.9
1703,41352.0,False,135.9,-52.7,-73.9
1704,41367.0,False,134.6,-54.300000000000004,-73.7
1705,41400.0,False,134.1,-57.400000000000006,-75.10000000000001
1706,41417.0,False,135.6,-59.0,-75.7
1707,41449.0,False,143.5,-61.400000000000006,-74.60000000000001
1708,41466.0,False,149.4,-62.0,-72.7
1709,41500.0,False,160.20000000000002,-61.900000000000006,-68.8
1710,41534.0,False,163.5,-61.5,-67.60000000000001
1711,41549.0,False,165.3,-59.7,-67.60000000000001
1712,41566.0,False,164.3,-58.2,-69.10000000000001
1713,41585.0,False,162.8,-56.2,-71.60000000000001
1714,41616.0,False,158.60000000000002,-51.400000000000006,-78.30000000000001
1715,41649.0,False,156.5,-48.900000000000006,-81.9
1716,41666.0,False,152.8,-44.2,-87.60000000000001
1717,41685.0,False,151.6,-42.0,-89.5
1718,41719.0,False,331.20000000000005,-142.0,88.10000000000001
1719,41735.0,False,332.1,-143.8,87.5
1720,41767.0,False,335.40000000000003,-146.70000000000002,87.5
1721,41783.0,False,337.40000000000003,-147.8,88.0
1722,41800.0,False,339.40000000000003,-148.6,88.80000000000001
1723,41817.0,False,341.20000000000005,-149.3,89.9
1724,41833.0,False,162.60000000000002,-30.200000000000003,-89.10000000000001
1725,41849.0,False,163.60000000000002,-29.900000000000002,-88.0
1726,41883.0,False,165.10000000000002,-29.6,-86.30000000000001
1727,41899.0,False,165.60000000000002,-29.5,-86.10000000000001
1728,41940.0,False,166.20000000000002,-29.6,-86.80000000000001
1729,41949.0,False,166.4,-29.700000000000003,-87.60000000000001
1730,41970.0,False,166.5,-30.0,-88.4
1731,41983.0,False,166.70000000000002,-30.3,-89.10000000000001
1732,42018.0,False,167.3,-30.5,-89.80000000000001
1733,42033.0,False,167.70000000000002,-30.5,-89.60000000000001
1734,42050.0,False,167.70000000000002,-30.700000000000003,-88.9
1735,42068.0,False,167.3,-31.1,-87.80000000000001
1736,42083.0,False,166.3,-31.8,-86.5
1737,42100.0,False,164.8,-32.6,-85.0
1738,42117.0,False,162.9,-33.6,-83.60000000000001
1739,42133.0,False,161.10000000000002,-34.7,-82.2
1740,42149.0,False,159.20000000000002,-35.9,-81.0
1741,42166.0,False,157.60000000000002,-37.1,-80.10000000000001
1742,42199.0,False,155.4,-39.800000000000004,-79.10000000000001
1743,42216.0,False,154.8,-41.2,-79.0
1744,42250.0,False,154.5,-43.900000000000006,-79.5
1745,42266.0,False,154.60000000000002,-45.1,-80.0
1746,42283.0,False,154.70000000000002,-46.2,-80.5
1747,42301.0,False,154.70000000000002,-47.2,-81.0
1748,42316.0,False,154.5,-48.1,-81.5
1749,42350.0,False,153.20000000000002,-49.400000000000006,-82.2
1750,42368.0,False,151.9,-49.900000000000006,-82.5
1751,42383.0,False,150.20000000000002,-50.400000000000006,-82.9
1752,42400.0,False,148.3,-50.900000000000006,-83.2
1753,42417.0,False,146.1,-51.5,-83.5
1754,42434.0,False,143.8,-52.300000000000004,-83.60000000000001
1755,42466.0,False,139.70000000000002,-54.5,-83.30000000000001
1756,42482.0,False,138.0,-55.900000000000006,-83.0
1757,42504.0,False,136.6,-57.300000000000004,-82.9
1758,42516.0,False,135.70000000000002,-58.800000000000004,-83.10000000000001
1759,42539.0,False,135.3,-60.400000000000006,-83.5
1760,42566.0,False,136.70000000000002,-63.7,-84.0
1761,42582.0,False,139.20000000000002,-65.3,-83.2
1762,42617.0,False,148.8,-67.10000000000001,-77.5
1763,42640.0,False,154.3,-67.10000000000001,-73.8
1764,42666.0,False,161.20000000000002,-65.8,-68.60000000000001
1765,42685.0,False,162.10000000000002,-64.7,-67.60000000000001
1766,42699.0,False,161.8,-63.2,-67.4
1767,42732.0,False,159.0,-59.1,-69.7
1768,42749.0,False,157.10000000000002,-56.6,-72.3
1769,42770.0,False,155.10000000000002,-53.900000000000006,-75.8
1770,42783.0,False,153.4,-51.1,-79.7
1771,42801.0,False,152.20000000000002,-48.300000000000004,-83.60000000000001
1772,42842.0,False,331.20000000000005,-136.5,89.9
1773,42850.0,False,331.40000000000003,-138.6,87.4
1774,42886.0,False,333.8,-141.8,84.5
1775,42899.0,False,335.70000000000005,-143.0,84.0
1776,42933.0,False,340.40000000000003,-145.1,84.60000000000001
1777,42966.0,False,342.6,-146.20000000000002,85.60000000000001
1778,42983.0,False,344.6,-147.3,86.80000000000001
1779,43000.0,False,347.40000000000003,-149.6,89.9
1780,43017.0,False,168.10000000000002,-29.5,-88.5
1781,43052.0,False,168.4,-27.8,-86.10000000000001
1782,43066.0,False,168.10000000000002,-27.1,-85.60000000000001
1783,43100.0,False,167.10000000000002,-26.1,-86.10000000000001
1784,43118.0,False,166.5,-25.8,-86.9
1785,43142.0,False,165.8,-25.700000000000003,-87.9
1786,43151.0,False,165.4,-25.900000000000002,-88.60000000000001
1787,43166.0,False,165.10000000000002,-26.3,-89.10000000000001
1788,43189.0,False,165.0,-26.700000000000003,-89.2
1789,43199.0,False,165.10000000000002,-27.400000000000002,-88.9
1790,43217.0,False,165.20000000000002,-28.400000000000002,-88.10000000000001
1791,43234.0,False,165.10000000000002,-29.700000000000003,-86.7
1792,43266.0,False,163.9,-32.7,-83.30000000000001
1793,43284.0,False,162.70000000000002,-34.300000000000004,-81.7
1794,43316.0,False,159.4,-37.6,-79.30000000000001
1795,43332.0,False,157.60000000000002,-39.300000000000004,-78.80000000000001
1796,43366.0,False,154.4,-42.300000000000004,-79.60000000000001
1797,43383.0,False,153.3,-43.6,-80.7
1798,43417.0,False,152.4,-46.1,-83.10000000000001
1799,43433.0,False,152.6,-47.300000000000004,-84.10000000000001
1800,43449.0,False,153.1,-48.300000000000004,-84.9
1801,43466.0,False,153.70000000000002,-49.1,-85.30000000000001
1802,43484.0,False,154.10000000000002,-49.800000000000004,-85.60000000000001
1803,43502.0,False,154.20000000000002,-50.400000000000006,-85.7
1804,43517.0,False,153.9,-50.7,-85.60000000000001
1805,43535.0,False,153.3,-51.0,-85.5
1806,43549.0,False,152.3,-51.2,-85.30000000000001
1807,43587.0,False,149.1,-51.800000000000004,-84.80000000000001
1808,43600.0,False,147.1,-52.300000000000004,-84.4
1809,43632.0,False,143.1,-53.900000000000006,-83.2
1810,43649.0,False,141.4,-55.0,-82.60000000000001
1811,43668.0,False,140.0,-56.2,-81.9
1812,43683.0,False,139.1,-57.400000000000006,-81.4
1813,43702.0,False,138.6,-58.7,-81.2
1814,43718.0,False,138.6,-60.1,-81.10000000000001
1815,43733.0,False,139.3,-61.400000000000006,-81.0
1816,43749.0,False,141.20000000000002,-62.5,-80.30000000000001
1817,43766.0,False,144.20000000000002,-63.300000000000004,-78.80000000000001
1818,43783.0,False,148.3,-63.5,-76.7
1819,43800.0,False,152.5,-63.2,-74.5
1820,43816.0,False,155.70000000000002,-62.5,-72.9
1821,43849.0,False,157.10000000000002,-60.7,-71.9
1822,43866.0,False,155.60000000000002,-59.400000000000006,-72.4
1823,43900.0,False,151.70000000000002,-55.6,-74.7
1824,43916.0,False,149.70000000000002,-53.1,-76.80000000000001
1825,43933.0,False,148.0,-50.5,-79.60000000000001
1826,43949.0,False,146.4,-47.900000000000006,-82.80000000000001
1827,43966.0,False,145.20000000000002,-45.5,-86.0
1828,44000.0,False,323.90000000000003,-138.8,88.4
1829,44017.0,False,323.90000000000003,-140.6,86.2
1830,44049.0,False,325.8,-143.4,83.10000000000001
1831,44066.0,False,327.70000000000005,-144.3,82.5
1832,44083.0,False,330.1,-145.0,82.30000000000001
1833,44116.0,False,335.5,-146.20000000000002,83.5
1834,44132.0,False,338.1,-146.70000000000002,84.5
1835,44166.0,False,341.90000000000003,-147.6,86.9
1836,44182.0,False,343.1,-147.8,88.10000000000001
1837,44216.0,False,344.20000000000005,-148.1,89.9
1838,44236.0,False,164.4,-31.8,-89.9
1839,44266.0,False,344.5,-148.6,89.10000000000001
1840,44287.0,False,344.5,-148.8,88.30000000000001
1841,44300.0,False,344.6,-148.9,87.30000000000001
1842,44316.0,False,344.70000000000005,-148.9,86.5
1843,44333.0,False,344.8,-148.70000000000002,86.10000000000001
1844,44349.0,False,344.90000000000003,-148.6,86.0
1845,44383.0,False,345.20000000000005,-148.3,87.0
1846,44400.0,False,345.20000000000005,-147.8,88.2
1847,44425.0,False,344.70000000000005,-147.0,89.80000000000001
1848,44433.0,False,163.70000000000002,-34.0,-88.5
1849,44455.0,False,162.20000000000002,-35.1,-86.80000000000001
1850,44483.0,False,158.60000000000002,-37.300000000000004,-83.9
1851,44499.0,False,156.5,-38.5,-83.0
1852,44538.0,False,152.4,-40.900000000000006,-82.80000000000001
1853,44549.0,False,150.8,-42.0,-83.4
1854,44568.0,False,149.8,-43.1,-84.30000000000001
1855,44583.0,False,149.4,-44.0,-85.30000000000001
1856,44603.0,False,149.5,-44.7,-86.4
1857,44617.0,False,150.0,-45.400000000000006,-87.4
1858,44650.0,False,151.4,-46.2,-88.80000000000001
1859,44666.0,False,151.70000000000002,-46.400000000000006,-89.10000000000001
1860,44700.0,False,150.9,-46.1,-89.10000000000001
1861,44717.0,False,149.70000000000002,-45.7,-88.7
1862,44750.0,False,146.5,-45.2,-87.60000000000001
1863,44766.0,False,144.6,-45.1,-87.0
1864,44799.0,False,140.8,-45.6,-85.5
1865,44817.0,False,139.1,-46.300000000000004,-84.9
1866,44849.0,False,136.6,-48.2,-84.30000000000001
1867,44866.0,False,135.8,-49.6,-84.30000000000001
1868,44883.0,False,135.4,-51.1,-84.60000000000001
1869,44916.0,False,135.5,-52.800000000000004,-85.0
1870,44937.0,False,136.1,-54.5,-85.4
1871,44949.0,False,137.6,-56.300000000000004,-85.5
1872,44970.0,False,143.6,-59.2,-83.5
1873,44983.0,False,147.70000000000002,-60.1,-81.7
1874,45019.0,False,155.10000000000002,-61.0,-77.7
1875,45033.0,False,156.9,-61.1,-76.2
1876,45066.0,False,156.70000000000002,-60.0,-75.0
1877,45085.0,False,155.9,-58.7,-75.0
1878,45120.0,False,154.3,-55.0,-76.80000000000001
1879,45137.0,False,153.60000000000002,-52.7,-78.80000000000001
1880,45168.0,False,152.0,-48.1,-84.4
1881,45183.0,False,151.4,-46.0,-87.4
1882,45200.0,False,331.0,-135.9,89.9
1883,45233.0,False,331.1,-138.9,85.9
1884,45249.0,False,332.1,-140.1,84.80000000000001
1885,45282.0,False,335.6,-141.70000000000002,84.4
1886,45300.0,False,337.90000000000003,-142.4,84.9
1887,45333.0,False,342.40000000000003,-143.70000000000002,87.0
1888,45355.0,False,344.20000000000005,-144.3,88.2
1889,45383.0,False,166.5,-34.300000000000004,-89.5
1890,45402.0,False,167.10000000000002,-33.7,-88.60000000000001
1891,45433.0,False,167.20000000000002,-32.300000000000004,-88.30000000000001
1892,45450.0,False,167.10000000000002,-31.5,-88.9
1893,45483.0,False,167.0,-30.8,-89.7
1894,45499.0,False,346.90000000000003,-150.4,88.60000000000001
1895,45516.0,False,347.0,-150.8,87.9
1896,45547.0,False,347.5,-151.1,87.7
1897,45568.0,False,347.8,-151.1,88.2
1898,45600.0,False,168.5,-29.200000000000003,-89.60000000000001
1899,45616.0,False,168.4,-29.700000000000003,-88.10000000000001
1900,45638.0,False,167.9,-30.400000000000002,-86.4
1901,45649.0,False,166.9,-31.3,-84.80000000000001
1902,45667.0,False,165.5,-32.2,-83.30000000000001
1903,45684.0,False,163.8,-33.300000000000004,-82.30000000000001
1904,45700.0,False,161.8,-34.300000000000004,-81.60000000000001
1905,45716.0,False,159.8,-35.4,-81.4
1906,45735.0,False,157.8,-36.6,-81.7
1907,45766.0,False,154.5,-39.1,-83.4
1908,45784.0,False,153.4,-40.400000000000006,-84.5
1909,45826.0,False,153.1,-43.0,-86.4
1910,45836.0,False,153.8,-44.2,-87.0
1911,45866.0,False,155.70000000000002,-46.2,-87.5
1912,45883.0,False,156.4,-46.900000000000006,-87.5
1913,45916.0,False,156.60000000000002,-47.7,-87.30000000000001
1914,45951.0,False,155.20000000000002,-48.0,-86.7
1915,45966.0,False,154.10000000000002,-48.2,-86.30000000000001
1916,45982.0,False,152.9,-48.5,-85.60000000000001
1917,46004.0,False,151.6,-48.900000000000006,-84.9
1918,46034.0,False,149.4,-50.5,-83.2
1919,46050.0,False,148.6,-51.5,-82.4
1920,46083.0,False,147.8,-53.900000000000006,-81.60000000000001
1921,46099.0,False,147.8,-55.300000000000004,-81.5
1922,46139.0,False,148.8,-58.300000000000004,-81.9
1923,46150.0,False,150.20000000000002,-59.6,-81.9
1924,46183.0,False,154.8,-60.900000000000006,-80.80000000000001
1925,46204.0,False,157.8,-60.5,-79.9
1926,46234.0,False,162.10000000000002,-58.1,-78.7
1927,46250.0,False,162.5,-56.5,-78.80000000000001
1928,46266.0,False,161.8,-54.5,-79.10000000000001
1929,46300.0,False,159.3,-49.1,-79.9
1930,46323.0,False,158.20000000000002,-45.6,-80.5
1931,46350.0,False,157.0,-38.0,-82.30000000000001
1932,46369.0,False,156.70000000000002,-34.1,-83.10000000000001
1933,46403.0,False,156.70000000000002,-26.5,-83.10000000000001
1934,46416.0,False,156.9,-22.5,-82.2
1935,46450.0,False,157.60000000000002,-14.100000000000001,-78.60000000000001
1936,46466.0,False,158.10000000000002,-9.9,-75.9
1937,46500.0,False,159.3,-1.2000000000000002,-69.0
1938,46516.0,False,159.70000000000002,3.0,-65.2
1939,46550.0,False,159.9,7.0,-61.2
1940,46569.0,False,159.5,14.600000000000001,-53.5
1941,46583.0,False,159.10000000000002,17.900000000000002,-50.0
1942,46616.0,False,158.70000000000002,24.0,-43.900000000000006
1943,46633.0,False,158.5,26.8,-41.400000000000006
1944,46666.0,False,158.4,31.8,-37.1
1945,46682.0,False,158.3,33.9,-35.4
1946,46717.0,False,157.60000000000002,37.1,-32.300000000000004
1947,46733.0,False,157.0,38.300000000000004,-30.8
1948,46766.0,False,155.4,40.2,-27.5
1949,46782.0,False,154.5,40.800000000000004,-25.400000000000002
1950,46800.0,False,153.60000000000002,41.2,-23.200000000000003
1951,46827.0,False,153.0,41.5,-21.3
1952,46835.0,False,152.70000000000002,41.7,-19.900000000000002
1953,46867.0,False,152.70000000000002,42.0,-19.1
1954,46883.0,False,152.9,42.800000000000004,-18.400000000000002
1955,46916.0,False,152.70000000000002,42.900000000000006,-18.0
1956,46937.0,False,151.20000000000002,42.7,-16.2
1957,46966.0,False,150.0,42.300000000000004,-14.8
1958,46983.0,False,147.4,41.2,-11.600000000000001
1959,47003.0,False,146.20000000000002,40.5,-10.100000000000001
1960,47036.0,False,144.5,39.6,-7.4
1961,47049.0,False,143.9,39.300000000000004,-6.300000000000001
1962,47067.0,False,143.4,39.1,-5.4
1963,47083.0,False,143.1,38.900000000000006,-4.6000000000000005
1964,47100.0,False,142.70000000000002,38.7,-3.8000000000000003
1965,47137.0,False,142.3,38.400000000000006,-3.2
1966,47151.0,False,141.4,37.6,-2.2
1967,47172.0,False,140.9,37.1,-1.9000000000000001
1968,47202.0,False,139.8,35.7,-1.6
1969,47221.0,False,139.0,34.800000000000004,-1.7000000000000002
1970,47237.0,False,138.3,33.800000000000004,-1.9000000000000001
1971,47250.0,False,137.6,32.7,-2.4000000000000004
1972,47266.0,False,137.1,31.6,-3.0
1973,47283.0,False,136.70000000000002,30.5,-3.8000000000000003
1974,47300.0,False,136.5,29.5,-4.7
1975,47316.0,False,136.6,28.8,-5.800000000000001
1976,47333.0,False,136.9,28.200000000000003,-7.4
1977,47356.0,False,137.3,27.700000000000003,-9.1
1978,47366.0,False,137.70000000000002,27.1,-10.5
1979,47384.0,False,138.0,26.400000000000002,-11.4
1980,47421.0,False,138.4,24.3,-12.100000000000001
1981,47436.0,False,138.70000000000002,22.8,-12.4
1982,47466.0,False,138.70000000000002,19.400000000000002,-13.200000000000001
1983,47482.0,False,138.5,17.8,-13.8
1984,47502.0,False,138.20000000000002,16.3,-14.4
1985,47516.0,False,137.9,14.700000000000001,-14.700000000000001
1986,47553.0,False,137.20000000000002,11.100000000000001,-14.600000000000001
1987,47566.0,False,136.9,9.4,-14.600000000000001
1988,47583.0,False,136.5,7.9,-15.0
1989,47600.0,False,136.0,6.4,-15.700000000000001
1990,47617.0,False,135.5,4.9,-16.6
1991,47634.0,False,134.8,3.7,-17.5
1992,47666.0,False,134.3,3.0,-18.400000000000002
1993,47688.0,False,133.5,2.5,-19.8
1994,47700.0,False,133.20000000000002,2.6,-20.700000000000003
1995,47732.0,False,132.70000000000002,3.1,-22.5
1996,47768.0,False,132.6,3.5,-23.5
1997,47783.0,False,132.1,4.4,-25.900000000000002
1998,47802.0,False,131.8,4.9,-26.900000000000002
1999,47836.0,False,131.20000000000002,4.5,-27.0
2000,47849.0,False,131.0,3.9000000000000004,-26.6
2001,47887.0,False,130.4,2.6,-26.5
2002,47900.0,False,130.1,2.3000000000000003,-26.900000000000002
2003,47942.0,False,129.5,2.1,-29.200000000000003
2004,47951.0,False,129.3,1.7000000000000002,-30.6
2005,47982.0,False,128.9,0.9,-32.0
2006,48000.0,False,127.2,-2.5,-35.0
2007,48016.0,False,126.0,-4.7,-36.800000000000004
2008,48034.0,False,124.5,-7.1000000000000005,-38.900000000000006
2009,48055.0,False,123.10000000000001,-9.3,-41.5
2010,48066.0,False,121.80000000000001,-11.3,-44.400000000000006
2011,48100.0,False,119.80000000000001,-14.4,-49.800000000000004
2012,48117.0,False,119.0,-15.9,-52.400000000000006
2013,48149.0,False,117.0,-19.200000000000003,-57.0
2014,48166.0,False,115.9,-20.6,-58.900000000000006
2015,48183.0,False,114.80000000000001,-21.6,-60.5
2016,48200.0,False,113.9,-22.3,-61.5
2017,48221.0,False,113.2,-22.8,-62.2
2018,48249.0,False,112.60000000000001,-23.3,-62.5
2019,48267.0,False,110.60000000000001,-23.900000000000002,-62.900000000000006
2020,48301.0,False,107.2,-24.400000000000002,-63.300000000000004
2021,48319.0,False,105.30000000000001,-24.5,-63.6
2022,48335.0,False,103.5,-24.5,-63.7
2023,48371.0,False,99.60000000000001,-24.8,-64.10000000000001
2024,48383.0,False,97.4,-25.1,-64.8
2025,48420.0,False,93.0,-25.900000000000002,-66.9
2026,48438.0,False,91.2,-26.0,-68.10000000000001
2027,48466.0,False,88.2,-25.900000000000002,-70.5
2028,48483.0,False,87.0,-25.900000000000002,-71.5
2029,48500.0,False,85.80000000000001,-25.8,-72.5
2030,48520.0,False,84.7,-25.700000000000003,-73.2
2031,48532.0,False,83.80000000000001,-25.700000000000003,-73.4
2032,48552.0,False,83.30000000000001,-25.700000000000003,-73.3
2033,48582.0,False,83.30000000000001,-26.0,-73.3
2034,48600.0,False,83.80000000000001,-26.0,-73.9
2035,48639.0,False,86.9,-25.400000000000002,-74.9
2036,48666.0,False,89.5,-24.8,-74.0
2037,48688.0,False,94.80000000000001,-22.8,-70.9
2038,48699.0,False,96.9,-21.400000000000002,-70.0
2039,48735.0,False,100.10000000000001,-18.8,-70.0
2040,48751.0,False,101.4,-17.7,-70.0
2041,48768.0,False,102.60000000000001,-16.7,-69.5
2042,48802.0,False,105.10000000000001,-14.3,-67.3
2043,48816.0,False,106.4,-12.8,-66.3
2044,48845.0,False,109.2,-9.8,-64.9
2045,48869.0,False,110.4,-8.4,-64.3
2046,48925.0,False,114.0,-4.2,-62.2
2047,48935.0,False,115.2,-2.7,-61.300000000000004
2048,48954.0,False,116.5,-1.3,-60.300000000000004
2049,48966.0,False,117.60000000000001,0.2,-59.2
2050,49000.0,False,119.30000000000001,2.5,-56.6
2051,49022.0,False,119.7,3.3000000000000003,-54.900000000000006
2052,49034.0,False,120.0,3.9000000000000004,-53.2
2053,49066.0,False,120.4,4.7,-50.5
2054,49082.0,False,120.80000000000001,4.9,-49.7
2055,49116.0,False,121.30000000000001,4.4,-49.2
2056,49137.0,False,121.30000000000001,3.4000000000000004,-49.2
2057,49166.0,False,120.80000000000001,0.0,-50.5
2058,49182.0,False,120.2,-2.3000000000000003,-51.900000000000006
2059,49219.0,False,118.80000000000001,-7.800000000000001,-56.0
2060,49234.0,False,117.80000000000001,-10.8,-58.400000000000006
2061,49266.0,False,116.2,-17.0,-63.2
2062,49283.0,False,116.0,-19.700000000000003,-65.4
2063,49319.0,False,116.30000000000001,-22.1,-67.4
2064,49334.0,False,117.4,-26.1,-70.60000000000001
2065,49366.0,False,117.7,-28.0,-71.9
2066,49383.0,False,117.0,-31.3,-74.2
2067,49400.0,False,116.10000000000001,-32.6,-75.2
2068,49426.0,False,114.7,-33.7,-76.4
2069,49432.0,False,113.0,-34.6,-77.60000000000001
2070,49450.0,False,111.10000000000001,-35.2,-79.0
2071,49482.0,False,106.60000000000001,-36.300000000000004,-82.7
2072,49501.0,False,104.10000000000001,-36.9,-84.80000000000001
2073,49519.0,False,101.7,-37.6,-86.7
2074,49534.0,False,99.2,-38.400000000000006,-88.60000000000001
2075,49551.0,False,276.8,-140.8,89.60000000000001
2076,49582.0,False,272.6,-138.9,86.10000000000001
2077,49599.0,False,270.90000000000003,-137.70000000000002,84.5
2078,49620.0,False,269.5,-136.5,83.0
2079,49644.0,False,268.5,-135.3,81.7
2080,49649.0,False,268.0,-134.20000000000002,80.7
2081,49668.0,False,268.3,-133.3,80.10000000000001
2082,49703.0,False,270.40000000000003,-132.70000000000002,80.60000000000001
2083,49720.0,False,272.40000000000003,-132.9,81.80000000000001
2084,49749.0,False,277.3,-134.0,85.2
2085,49771.0,False,279.90000000000003,-134.8,87.10000000000001
2086,49801.0,False,105.7,-43.300000000000004,-89.60000000000001
2087,49819.0,False,109.10000000000001,-42.1,-88.4
2088,49850.0,False,118.10000000000001,-39.300000000000004,-87.5
2089,49868.0,False,123.80000000000001,-37.9,-87.9
2090,49899.0,False,130.3,-36.4,-88.80000000000001
2091,49921.0,False,325.40000000000003,-146.3,88.60000000000001
2092,49949.0,False,333.5,-147.4,87.0
2093,49966.0,False,349.20000000000005,-149.0,84.0
2094,49983.0,False,356.40000000000003,-149.8,82.7
2095,50016.0,False,7.800000000000001,-151.5,80.7
2096,50035.0,False,11.700000000000001,-152.6,79.9
2097,50065.0,False,15.4,-155.60000000000002,78.9
2098,50083.0,False,15.5,-157.4,78.9
2099,50101.0,False,14.700000000000001,-159.3,79.10000000000001
2100,50120.0,False,13.4,-161.20000000000002,79.60000000000001
2101,50132.0,False,11.600000000000001,-163.10000000000002,80.30000000000001
2102,50150.0,False,9.700000000000001,-164.8,80.9
2103,50182.0,False,5.800000000000001,-167.20000000000002,82.10000000000001
2104,50220.0,False,2.5,-168.3,82.9
2105,50233.0,False,1.3,-168.3,83.2
2106,50249.0,False,0.5,-168.10000000000002,83.4
2107,50283.0,False,359.70000000000005,-167.10000000000002,83.7
2108,50299.0,False,359.40000000000003,-166.20000000000002,83.9
2109,50318.0,False,358.90000000000003,-165.0,84.2
2110,50334.0,False,358.20000000000005,-163.60000000000002,84.4
2111,50349.0,False,357.1,-161.9,84.5
2112,50368.0,False,355.6,-160.0,84.5
2113,50383.0,False,353.70000000000005,-158.20000000000002,84.4
2114,50399.0,False,351.40000000000003,-156.3,84.10000000000001
2115,50419.0,False,349.0,-154.3,83.7
2116,50449.0,False,346.40000000000003,-152.3,83.5
2117,50466.0,False,341.6,-147.70000000000002,83.0
2118,50486.0,False,339.6,-145.3,82.80000000000001
2119,50500.0,False,338.0,-142.8,82.5
2120,50525.0,False,336.70000000000005,-140.5,82.2
2121,50549.0,False,334.5,-136.5,81.0
2122,50566.0,False,333.40000000000003,-135.1,80.30000000000001
2123,50600.0,False,331.0,-133.1,79.4
2124,50620.0,False,329.3,-132.5,79.2
2125,50650.0,False,325.6,-131.8,79.10000000000001
2126,50666.0,False,323.5,-131.6,79.2
2127,50683.0,False,321.3,-131.20000000000002,79.5
2128,50720.0,False,316.90000000000003,-130.3,80.10000000000001
2129,50749.0,False,314.6,-129.70000000000002,80.2
2130,50766.0,False,310.5,-128.0,79.9
2131,50782.0,False,308.70000000000005,-126.9,79.4
2132,50837.0,False,306.1,-124.0,78.10000000000001
2133,50882.0,False,308.1,-122.60000000000001,79.7
2134,50899.0,False,309.20000000000005,-122.60000000000001,80.60000000000001
2135,50922.0,False,310.0,-122.9,81.5
2136,50934.0,False,310.5,-123.30000000000001,82.5
2137,50967.0,False,310.90000000000003,-123.9,83.9
2138,50982.0,False,311.70000000000005,-124.80000000000001,85.7
2139,50999.0,False,315.0,-127.30000000000001,89.80000000000001
2140,51021.0,False,137.20000000000002,-51.0,-89.10000000000001
2141,51032.0,False,139.5,-49.0,-89.0
2142,51053.0,False,321.70000000000005,-133.20000000000002,89.80000000000001
2143,51082.0,False,325.8,-137.20000000000002,85.10000000000001
2144,51115.0,False,327.6,-138.9,82.4
2145,51132.0,False,331.20000000000005,-141.8,78.10000000000001
2146,51152.0,False,333.20000000000005,-143.1,76.9
2147,51182.0,False,337.6,-145.9,75.9
2148,51199.0,False,339.8,-147.4,76.10000000000001
2149,51217.0,False,341.70000000000005,-149.0,76.60000000000001
2150,51237.0,False,343.3,-150.5,77.4
2151,51249.0,False,344.40000000000003,-152.1,78.30000000000001
2152,51266.0,False,345.20000000000005,-153.70000000000002,79.4
2153,51299.0,False,345.5,-156.4,81.4
2154,51318.0,False,345.1,-157.60000000000002,82.0
2155,51350.0,False,343.90000000000003,-159.70000000000002,81.7
2156,51366.0,False,343.3,-160.60000000000002,81.10000000000001
2157,51401.0,False,342.3,-161.70000000000002,80.0
2158,51417.0,False,341.90000000000003,-162.10000000000002,79.7
2159,51449.0,False,341.1,-162.70000000000002,79.9
2160,51467.0,False,340.6,-162.60000000000002,80.80000000000001
2161,51483.0,False,339.90000000000003,-162.20000000000002,82.10000000000001
2162,51502.0,False,339.1,-161.4,83.80000000000001
2163,51519.0,False,337.90000000000003,-160.0,85.60000000000001
2164,51549.0,False,336.5,-158.3,87.30000000000001
2165,51569.0,False,333.1,-153.70000000000002,89.9
2166,51583.0,False,151.3,-28.8,-89.60000000000001
2167,51618.0,False,328.1,-146.4,89.4
2168,51653.0,False,326.1,-142.4,86.7
2169,51666.0,False,325.90000000000003,-140.6,85.4
2170,51684.0,False,326.3,-139.0,84.30000000000001
2171,51731.0,False,327.5,-136.5,83.0
2172,51749.0,False,327.8,-135.70000000000002,82.80000000000001
2173,51766.0,False,326.70000000000005,-135.5,82.80000000000001
2174,51783.0,False,325.20000000000005,-135.70000000000002,82.9
2175,51821.0,False,320.8,-136.5,83.2
2176,51837.0,False,318.0,-136.9,83.4
2177,51870.0,False,312.0,-137.20000000000002,83.60000000000001
2178,51882.0,False,309.1,-136.9,83.60000000000001
2179,51901.0,False,306.5,-136.20000000000002,83.4
2180,51919.0,False,304.40000000000003,-135.20000000000002,83.2
2181,51934.0,False,302.7,-133.8,82.80000000000001
2182,51950.0,False,301.6,-132.1,82.30000000000001
2183,51974.0,False,301.1,-130.1,81.7
2184,51983.0,False,301.2,-127.9,81.10000000000001
2185,52000.0,False,301.7,-125.7,80.7
2186,52033.0,False,305.2,-122.0,81.60000000000001
2187,52049.0,False,308.5,-120.7,83.30000000000001
2188,52066.0,False,312.70000000000005,-119.9,85.80000000000001
2189,52099.0,False,141.3,-60.1,-88.7
2190,52117.0,False,144.5,-59.5,-86.5
2191,52138.0,False,146.5,-58.400000000000006,-84.9
2192,52150.0,False,147.8,-56.800000000000004,-84.0
2193,52183.0,False,148.6,-54.800000000000004,-84.0
2194,52199.0,False,149.70000000000002,-49.6,-86.9
2195,52222.0,False,150.1,-46.7,-89.7
2196,52233.0,False,330.6,-136.0,87.2
2197,52249.0,False,331.20000000000005,-138.6,84.2
2198,52266.0,False,331.90000000000003,-140.8,81.60000000000001
2199,52287.0,False,332.8,-142.9,79.7
2200,52299.0,False,334.1,-144.8,78.4
2201,52337.0,False,337.6,-148.3,77.7
2202,52366.0,False,342.1,-151.6,78.7
2203,52399.0,False,344.3,-153.3,79.5
2204,52421.0,False,347.8,-156.4,81.60000000000001
2205,52449.0,False,348.90000000000003,-157.70000000000002,82.60000000000001
2206,52467.0,False,350.0,-160.10000000000002,84.10000000000001
2207,52483.0,False,350.20000000000005,-161.20000000000002,84.30000000000001
2208,52519.0,False,350.3,-163.20000000000002,83.9
2209,52552.0,False,350.0,-164.8,82.60000000000001
2210,52566.0,False,349.70000000000005,-165.5,82.10000000000001
2211,52585.0,False,349.40000000000003,-165.8,81.9
2212,52599.0,False,349.0,-165.9,82.2
2213,52623.0,False,348.70000000000005,-165.8,82.7
2214,52633.0,False,348.40000000000003,-165.3,83.5
2215,52669.0,False,347.70000000000005,-162.9,86.30000000000001
2216,52683.0,False,347.1,-161.0,87.9
2217,52701.0,False,346.20000000000005,-158.9,89.30000000000001
2218,52734.0,False,163.3,-25.700000000000003,-88.80000000000001
2219,52753.0,False,161.5,-28.1,-88.60000000000001
2220,52787.0,False,157.9,-32.9,-89.4
2221,52799.0,False,336.3,-144.9,89.5
2222,52824.0,False,334.90000000000003,-142.8,88.2
2223,52865.0,False,333.3,-139.20000000000002,85.80000000000001
2224,52884.0,False,333.0,-136.4,84.7
2225,52899.0,False,332.90000000000003,-135.4,84.7
2226,52919.0,False,332.5,-134.70000000000002,84.9
2227,52940.0,False,331.6,-134.20000000000002,85.2
2228,52949.0,False,330.20000000000005,-134.0,85.60000000000001
2229,52965.0,False,328.40000000000003,-133.8,85.9
2230,52999.0,False,323.5,-133.8,86.0
2231,53018.0,False,320.8,-133.70000000000002,85.80000000000001
2232,53033.0,False,318.1,-133.4,85.60000000000001
2233,53049.0,False,315.40000000000003,-132.8,85.4
2234,53066.0,False,312.90000000000003,-132.1,85.2
2235,53100.0,False,308.3,-130.20000000000002,84.10000000000001
2236,53119.0,False,306.5,-129.1,83.5
2237,53150.0,False,304.7,-126.5,82.2
2238,53166.0,False,304.8,-125.10000000000001,81.80000000000001
2239,53182.0,False,305.7,-123.60000000000001,81.80000000000001
2240,53217.0,False,309.70000000000005,-121.60000000000001,83.5
2241,53249.0,False,312.5,-121.10000000000001,84.9
2242,53266.0,False,317.5,-121.4,87.7
2243,53285.0,False,319.1,-122.10000000000001,88.7
2244,53323.0,False,141.4,-55.2,-90.0
2245,53336.0,False,142.70000000000002,-53.2,-89.9
2246,53349.0,False,324.1,-129.1,89.60000000000001
2247,53366.0,False,325.70000000000005,-131.6,88.30000000000001
2248,53383.0,False,327.5,-134.20000000000002,86.30000000000001
2249,53401.0,False,329.5,-136.6,83.9
2250,53416.0,False,331.5,-138.70000000000002,81.7
2251,53444.0,False,333.6,-140.6,79.80000000000001
2252,53466.0,False,335.8,-142.3,78.4
2253,53483.0,False,340.20000000000005,-145.1,77.0
2254,53500.0,False,342.5,-146.4,77.0
2255,53532.0,False,347.1,-149.1,77.80000000000001
2256,53549.0,False,349.3,-150.5,78.5
2257,53582.0,False,352.70000000000005,-153.20000000000002,80.2
2258,53617.0,False,353.90000000000003,-154.60000000000002,80.9
2259,53633.0,False,354.70000000000005,-155.9,81.5
2260,53653.0,False,355.3,-158.20000000000002,81.80000000000001
2261,53666.0,False,355.40000000000003,-159.4,81.60000000000001
2262,53685.0,False,355.40000000000003,-160.5,81.10000000000001
2263,53699.0,False,355.40000000000003,-161.60000000000002,80.4
2264,53725.0,False,355.3,-162.5,79.7
2265,53749.0,False,354.8,-163.8,79.10000000000001
2266,53766.0,False,354.5,-164.20000000000002,79.30000000000001
2267,53800.0,False,354.0,-164.8,80.80000000000001
2268,53833.0,False,353.6,-164.8,82.10000000000001
2269,53849.0,False,351.90000000000003,-163.9,85.9
2270,53866.0,False,350.20000000000005,-163.0,88.0
2271,53890.0,False,348.1,-161.8,89.80000000000001
2272,53900.0,False,165.60000000000002,-19.700000000000003,-88.9
2273,53917.0,False,162.9,-21.400000000000002,-88.0
2274,53949.0,False,157.60000000000002,-25.3,-88.2
2275,53966.0,False,155.20000000000002,-27.5,-89.0
2276,54000.0,False,333.3,-150.20000000000002,89.80000000000001
2277,54016.0,False,331.3,-145.8,87.4
2278,54049.0,False,331.3,-143.6,86.60000000000001
2279,54066.0,False,331.90000000000003,-139.8,85.60000000000001
2280,54083.0,False,331.90000000000003,-138.20000000000002,85.30000000000001
2281,54125.0,False,330.3,-135.70000000000002,84.7
2282,54152.0,False,326.6,-134.3,83.7
2283,54166.0,False,324.20000000000005,-133.8,83.10000000000001
2284,54186.0,False,321.6,-133.3,82.60000000000001
2285,54200.0,False,318.90000000000003,-132.70000000000002,82.2
2286,54221.0,False,316.1,-132.0,81.9
2287,54233.0,False,313.20000000000005,-131.1,81.60000000000001
2288,54252.0,False,310.3,-129.9,81.2
2289,54266.0,False,307.40000000000003,-128.6,80.7
2290,54282.0,False,304.7,-127.2,80.0
2291,54299.0,False,302.1,-125.60000000000001,79.10000000000001
2292,54328.0,False,299.90000000000003,-123.9,78.10000000000001
2293,54349.0,False,297.3,-120.7,76.4
2294,54383.0,False,298.2,-118.7,76.5
2295,54399.0,False,300.40000000000003,-118.5,77.7
2296,54432.0,False,306.8,-119.30000000000001,81.5
2297,54449.0,False,310.3,-120.30000000000001,83.7
2298,54469.0,False,313.8,-121.60000000000001,85.80000000000001
2299,54483.0,False,317.3,-123.4,87.80000000000001
2300,54499.0,False,320.70000000000005,-125.60000000000001,89.0
2301,54517.0,False,323.90000000000003,-128.1,88.9
2302,54532.0,False,327.0,-130.70000000000002,87.60000000000001
2303,54565.0,False,330.1,-133.4,85.5
2304,54584.0,False,333.3,-135.8,83.2
2305,54599.0,False,339.5,-139.8,79.0
2306,54619.0,False,342.3,-141.5,77.4
2307,54649.0,False,347.40000000000003,-144.70000000000002,75.4
2308,54666.0,False,349.70000000000005,-146.20000000000002,75.0
2309,54690.0,False,351.6,-147.70000000000002,74.9
2310,54699.0,False,353.20000000000005,-149.20000000000002,75.3
2311,54718.0,False,354.1,-150.70000000000002,76.10000000000001
2312,54749.0,False,353.8,-154.5,79.5
2313,54766.0,False,352.70000000000005,-156.70000000000002,81.80000000000001
2314,54799.0,False,351.40000000000003,-159.10000000000002,84.0
2315,54821.0,False,349.90000000000003,-161.70000000000002,86.10000000000001
2316,54834.0,False,166.4,-13.3,-90.0
2317,54865.0,False,163.10000000000002,-8.9,-85.9
2318,54883.0,False,161.70000000000002,-7.1000000000000005,-83.9
2319,54916.0,False,159.5,-4.3,-79.80000000000001
2320,54944.0,False,158.9,-3.6,-78.0
2321,54967.0,False,158.70000000000002,-3.3000000000000003,-75.5
2322,54983.0,False,158.8,-3.8000000000000003,-74.8
2323,54999.0,False,159.0,-4.800000000000001,-74.60000000000001
2324,55015.0,False,159.10000000000002,-6.300000000000001,-74.8
2325,55044.0,False,159.10000000000002,-8.1,-75.4
2326,55049.0,False,158.9,-10.3,-76.3
2327,55066.0,False,158.4,-12.600000000000001,-77.4
2328,55082.0,False,157.4,-15.100000000000001,-78.60000000000001
2329,55099.0,False,156.0,-17.5,-79.80000000000001
2330,55140.0,False,152.4,-22.400000000000002,-82.4
2331,55149.0,False,150.6,-24.900000000000002,-83.80000000000001
2332,55183.0,False,147.70000000000002,-29.700000000000003,-86.5
2333,55199.0,False,146.70000000000002,-31.900000000000002,-88.0
2334,55233.0,False,324.90000000000003,-144.1,89.2
2335,55249.0,False,324.0,-142.20000000000002,87.9
2336,55267.0,False,322.90000000000003,-140.4,86.7
2337,55283.0,False,321.70000000000005,-138.70000000000002,85.7
2338,55300.0,False,320.20000000000005,-137.0,84.7
2339,55317.0,False,318.5,-135.4,83.7
2340,55332.0,False,316.6,-133.9,82.80000000000001
2341,55349.0,False,314.5,-132.4,82.0
2342,55382.0,False,312.3,-131.0,81.4
2343,55399.0,False,307.40000000000003,-128.3,80.2
2344,55438.0,False,302.0,-126.0,78.30000000000001
2345,55449.0,False,299.40000000000003,-125.0,77.10000000000001
2346,55468.0,False,296.90000000000003,-124.0,75.60000000000001
2347,55501.0,False,293.5,-122.2,72.8
2348,55516.0,False,292.7,-121.5,71.8
2349,55536.0,False,293.0,-121.0,71.4
2350,55549.0,False,294.5,-120.60000000000001,72.10000000000001
2351,55565.0,False,297.0,-120.4,73.7
2352,55599.0,False,303.2,-121.2,78.5
2353,55624.0,False,306.7,-122.30000000000001,81.30000000000001
2354,55637.0,False,310.5,-123.7,84.4
2355,55649.0,False,314.5,-125.5,87.30000000000001
2356,55665.0,False,318.3,-127.80000000000001,89.2
2357,55683.0,False,321.70000000000005,-130.3,89.80000000000001
2358,55715.0,False,328.0,-135.9,87.30000000000001
2359,55735.0,False,331.1,-138.70000000000002,85.30000000000001
2360,55765.0,False,337.3,-143.4,81.5
2361,55783.0,False,340.20000000000005,-145.4,80.2
2362,55803.0,False,342.90000000000003,-147.1,79.30000000000001
2363,55816.0,False,345.3,-148.8,78.9
2364,55842.0,False,347.40000000000003,-150.4,78.80000000000001
2365,55854.0,False,349.1,-152.1,79.0
2366,55866.0,False,350.5,-153.60000000000002,79.30000000000001
2367,55887.0,False,351.6,-155.20000000000002,79.9
2368,55899.0,False,352.20000000000005,-156.60000000000002,80.5
2369,55916.0,False,352.6,-157.8,81.30000000000001
2370,55932.0,False,352.70000000000005,-158.9,82.0
2371,55951.0,False,352.8,-159.70000000000002,82.9
2372,55983.0,False,353.3,-160.60000000000002,84.2
2373,55999.0,False,353.70000000000005,-160.9,84.4
2374,56034.0,False,354.70000000000005,-161.20000000000002,83.60000000000001
2375,56049.0,False,355.1,-161.10000000000002,82.9
2376,56084.0,False,355.70000000000005,-160.5,81.80000000000001
2377,56099.0,False,355.8,-159.8,81.5
2378,56120.0,False,355.70000000000005,-158.9,81.4
2379,56132.0,False,355.6,-158.0,81.7
2380,56149.0,False,355.40000000000003,-156.9,82.30000000000001
2381,56183.0,False,354.20000000000005,-153.8,84.4
2382,56200.0,False,353.0,-151.8,85.5
2383,56220.0,False,351.20000000000005,-149.70000000000002,86.5
2384,56249.0,False,346.5,-145.0,88.0
2385,56265.0,False,343.90000000000003,-142.6,88.2
2386,56299.0,False,337.90000000000003,-137.8,87.0
2387,56318.0,False,334.90000000000003,-135.6,85.60000000000001
2388,56348.0,False,329.70000000000005,-131.8,82.2
2389,56366.0,False,328.0,-130.1,80.80000000000001
2390,56382.0,False,327.20000000000005,-128.70000000000002,79.80000000000001
2391,56399.0,False,327.0,-127.60000000000001,79.5
2392,56415.0,False,327.3,-126.7,79.60000000000001
2393,56438.0,False,327.8,-126.2,80.2
2394,56449.0,False,328.0,-126.10000000000001,80.80000000000001
2395,56465.0,False,327.70000000000005,-126.4,81.30000000000001
2396,56485.0,False,326.90000000000003,-126.9,81.60000000000001
2397,56525.0,False,324.20000000000005,-128.70000000000002,82.0
2398,56534.0,False,322.1,-129.6,82.0
2399,56566.0,False,317.1,-131.1,81.9
2400,56582.0,False,314.6,-131.5,82.2
2401,56602.0,False,312.20000000000005,-131.5,82.60000000000001
2402,56616.0,False,310.1,-131.1,83.10000000000001
2403,56632.0,False,308.5,-130.3,83.80000000000001
2404,56665.0,False,307.3,-127.5,85.4
2405,56683.0,False,308.3,-125.7,86.7
2406,56716.0,False,134.3,-58.1,-89.30000000000001
2407,56737.0,False,139.3,-59.800000000000004,-86.60000000000001
2408,56749.0,False,145.1,-61.1,-83.30000000000001
2409,56789.0,False,156.4,-62.5,-77.10000000000001
2410,56825.0,False,163.0,-62.400000000000006,-73.9
2411,56835.0,False,163.70000000000002,-62.0,-74.0
2412,56852.0,False,163.10000000000002,-61.400000000000006,-75.2
2413,56882.0,False,159.9,-59.7,-79.0
2414,56911.0,False,158.5,-58.400000000000006,-81.10000000000001
2415,56934.0,False,157.5,-54.800000000000004,-85.4
2416,56949.0,False,157.8,-52.5,-87.9
2417,56966.0,False,338.3,-129.8,89.2
2418,56983.0,False,338.90000000000003,-132.1,86.2
2419,56999.0,False,339.6,-134.20000000000002,83.30000000000001
2420,57018.0,False,340.3,-136.1,80.9
2421,57048.0,False,341.8,-139.4,77.30000000000001
2422,57067.0,False,342.90000000000003,-140.8,76.4
2423,57100.0,False,345.70000000000005,-143.5,75.9
2424,57115.0,False,347.40000000000003,-144.9,76.4
2425,57136.0,False,349.0,-146.4,77.10000000000001
2426,57149.0,False,350.40000000000003,-147.8,78.10000000000001
2427,57167.0,False,351.5,-149.20000000000002,79.10000000000001
2428,57200.0,False,352.5,-152.1,81.2
2429,57227.0,False,352.5,-153.5,82.10000000000001
2430,57236.0,False,352.20000000000005,-155.0,82.80000000000001
2431,57249.0,False,351.8,-156.3,83.30000000000001
2432,57265.0,False,351.3,-157.5,83.7
2433,57283.0,False,350.70000000000005,-158.60000000000002,84.0
2434,57299.0,False,350.1,-159.60000000000002,84.2
2435,57323.0,False,349.5,-160.20000000000002,84.60000000000001
2436,57336.0,False,349.0,-160.70000000000002,85.2
2437,57365.0,False,348.40000000000003,-160.70000000000002,86.80000000000001
2438,57383.0,False,348.20000000000005,-160.3,88.30000000000001
2439,57404.0,False,167.9,-20.5,-89.5
2440,57419.0,False,167.4,-21.3,-86.9
2441,57449.0,False,166.5,-22.1,-84.30000000000001
2442,57466.0,False,164.0,-23.400000000000002,-81.5
2443,57483.0,False,162.8,-23.8,-81.60000000000001
2444,57499.0,False,161.5,-23.900000000000002,-82.9
2445,57519.0,False,160.3,-23.6,-85.0
2446,57532.0,False,159.10000000000002,-22.900000000000002,-87.5
2447,57549.0,False,157.8,-21.8,-89.80000000000001
2448,57565.0,False,336.6,-159.60000000000002,88.2
2449,57583.0,False,335.40000000000003,-161.20000000000002,86.9
2450,57599.0,False,334.3,-162.9,86.30000000000001
2451,57640.0,False,331.3,-165.9,87.0
2452,57649.0,False,329.3,-167.20000000000002,88.10000000000001
2453,57668.0,False,327.0,-168.3,89.60000000000001
2454,57683.0,False,144.6,-10.5,-88.7
2455,57700.0,False,142.20000000000002,-9.3,-87.0
2456,57737.0,False,137.3,-6.800000000000001,-83.0
2457,57749.0,False,134.9,-5.4,-80.7
2458,57771.0,False,132.5,-4.1000000000000005,-78.2
2459,57783.0,False,130.1,-2.8000000000000003,-75.4
2460,57802.0,False,127.60000000000001,-1.5,-72.3
2461,57833.0,False,123.0,0.8,-65.8
2462,57851.0,False,121.0,2.0,-62.5
2463,57891.0,False,117.80000000000001,4.5,-56.0
2464,57899.0,False,116.7,5.7,-53.1
2465,57916.0,False,115.9,6.800000000000001,-50.300000000000004
2466,57949.0,False,114.5,8.1,-45.0
2467,57983.0,False,114.0,8.4,-42.5
2468,57999.0,False,114.0,9.200000000000001,-38.5
2469,58017.0,False,114.60000000000001,9.9,-37.2
2470,58049.0,False,116.4,11.4,-36.2
2471,58065.0,False,117.4,12.200000000000001,-36.300000000000004
2472,58082.0,False,118.4,13.100000000000001,-36.300000000000004
2473,58099.0,False,119.30000000000001,14.200000000000001,-36.0
2474,58117.0,False,120.5,15.5,-35.5
2475,58135.0,False,121.9,17.1,-34.800000000000004
2476,58166.0,False,125.10000000000001,20.700000000000003,-33.2
2477,58184.0,False,126.4,22.400000000000002,-32.2
2478,58218.0,False,128.20000000000002,25.0,-29.5
2479,58235.0,False,128.8,26.0,-27.8
2480,58265.0,False,129.5,28.1,-24.1
2481,58283.0,False,129.8,29.200000000000003,-22.1
2482,58316.0,False,130.3,31.1,-18.400000000000002
2483,58345.0,False,130.5,31.8,-16.5
2484,58365.0,False,130.5,32.5,-12.700000000000001
2485,58386.0,False,130.4,32.7,-10.8
2486,58399.0,False,130.3,32.9,-9.1
2487,58432.0,False,129.9,33.7,-6.800000000000001
2488,58449.0,False,129.6,34.2,-6.1000000000000005
2489,58482.0,False,129.3,35.300000000000004,-5.6000000000000005
2490,58499.0,False,129.5,35.800000000000004,-6.1000000000000005
2491,58534.0,False,130.3,37.0,-8.3
2492,58549.0,False,130.8,37.5,-10.0
2493,58583.0,False,132.1,38.400000000000006,-14.0
2494,58600.0,False,133.1,38.900000000000006,-16.1
2495,58632.0,False,134.9,39.7,-19.900000000000002
2496,58651.0,False,135.4,39.900000000000006,-21.400000000000002
2497,58683.0,False,135.70000000000002,39.6,-23.200000000000003
2498,58700.0,False,135.5,39.400000000000006,-23.5
2499,58716.0,False,135.20000000000002,39.300000000000004,-23.5
2500,58749.0,False,134.70000000000002,39.0,-23.1
2501,58766.0,False,134.1,38.7,-22.5
2502,58783.0,False,133.5,38.300000000000004,-21.8
2503,58800.0,False,132.3,37.300000000000004,-20.6
2504,58818.0,False,131.70000000000002,36.7,-20.1
2505,58849.0,False,130.9,35.5,-19.700000000000003
2506,58866.0,False,130.8,34.9,-19.700000000000003
2507,58900.0,False,130.6,33.7,-20.0
2508,58916.0,False,130.6,33.0,-20.1
2509,58936.0,False,130.4,32.1,-20.200000000000003
2510,58949.0,False,130.1,31.0,-20.0
2511,58965.0,False,129.5,29.6,-19.700000000000003
2512,58999.0,False,128.70000000000002,27.6,-19.200000000000003
2513,59021.0,False,126.5,22.5,-17.8
2514,59032.0,False,125.2,19.6,-16.900000000000002
2515,59066.0,False,122.30000000000001,12.4,-15.4
2516,59082.0,False,120.7,7.7,-15.100000000000001
2517,59115.0,False,116.30000000000001,-3.8000000000000003,-16.6
2518,59134.0,False,112.7,-10.5,-19.200000000000003
2519,59150.0,False,107.10000000000001,-17.5,-23.400000000000002
2520,59169.0,False,99.10000000000001,-24.3,-28.8
2521,59183.0,False,88.7,-30.400000000000002,-34.9
2522,59199.0,False,76.5,-35.0,-41.900000000000006
2523,59220.0,False,63.900000000000006,-37.5,-49.300000000000004
2524,59235.0,False,53.400000000000006,-38.1,-55.900000000000006
2525,59249.0,False,47.2,-36.9,-60.900000000000006
2526,59282.0,False,47.1,-32.2,-64.9
2527,59299.0,False,49.800000000000004,-30.1,-65.4
2528,59332.0,False,54.2,-27.6,-65.10000000000001
2529,59348.0,False,55.400000000000006,-27.0,-64.60000000000001
2530,59367.0,False,56.1,-26.700000000000003,-64.0
2531,59382.0,False,56.800000000000004,-26.5,-63.5
2532,59399.0,False,57.7,-26.200000000000003,-63.0
2533,59433.0,False,60.6,-24.8,-61.6
2534,59449.0,False,62.7,-23.6,-60.6
2535,59469.0,False,65.3,-22.3,-59.300000000000004
2536,59482.0,False,68.2,-20.900000000000002,-58.0
2537,59501.0,False,71.2,-19.6,-56.7
2538,59516.0,False,74.0,-18.5,-55.7
2539,59549.0,False,78.4,-17.2,-54.1
2540,59565.0,False,80.10000000000001,-17.0,-53.400000000000006
2541,59599.0,False,82.7,-17.2,-51.7
2542,59617.0,False,83.7,-17.8,-50.6
2543,59651.0,False,85.60000000000001,-19.400000000000002,-48.1
2544,59666.0,False,86.30000000000001,-20.3,-46.7
2545,59700.0,False,87.5,-21.700000000000003,-44.1
2546,59717.0,False,88.10000000000001,-22.3,-43.0
2547,59734.0,False,88.60000000000001,-22.700000000000003,-42.2
2548,59749.0,False,89.10000000000001,-22.900000000000002,-41.900000000000006
2549,59766.0,False,89.5,-23.1,-41.900000000000006
2550,59783.0,False,89.7,-23.3,-42.5
2551,59804.0,False,89.9,-23.8,-43.7
2552,59816.0,False,90.2,-24.6,-46.0
2553,59834.0,False,90.80000000000001,-25.8,-49.2
2554,59867.0,False,93.10000000000001,-28.0,-53.7
2555,59882.0,False,94.4,-28.900000000000002,-54.2
2556,59916.0,False,95.5,-30.8,-55.1
2557,59942.0,False,95.4,-31.6,-56.7
2558,59954.0,False,94.7,-32.1,-59.1
2559,59966.0,False,93.30000000000001,-32.300000000000004,-62.1
2560,59982.0,False,91.2,-32.2,-65.5
2561,59999.0,False,88.30000000000001,-31.900000000000002,-68.8
2562,60016.0,False,84.9,-31.3,-71.8
2563,60033.0,False,81.2,-30.700000000000003,-74.3
2564,60049.0,False,77.7,-30.0,-76.2
2565,60086.0,False,72.60000000000001,-29.0,-77.60000000000001
2566,60260.0,False,76.4,-30.900000000000002,-68.5
2567,60272.0,False,76.7,-31.700000000000003,-68.5
2568,60282.0,False,76.5,-32.6,-68.8
2569,60300.0,False,75.8,-33.7,-69.4
2570,60332.0,False,72.60000000000001,-36.1,-72.2
2571,60348.0,False,70.2,-37.300000000000004,-74.8
2572,60365.0,False,67.2,-38.400000000000006,-78.0
2573,60382.0,False,63.800000000000004,-39.5,-81.9
2574,60398.0,False,60.2,-40.400000000000006,-86.10000000000001
2575,60416.0,False,236.8,-138.9,89.80000000000001
2576,60435.0,False,233.9,-138.4,86.10000000000001
2577,60449.0,False,231.70000000000002,-138.1,83.30000000000001
2578,60466.0,False,230.3,-137.9,81.5
2579,60487.0,False,229.8,-137.6,80.60000000000001
2580,60499.0,False,229.9,-137.3,80.4
2581,60515.0,False,230.5,-137.0,80.60000000000001
2582,60535.0,False,231.3,-136.9,81.0
2583,60548.0,False,232.3,-136.9,81.80000000000001
2584,60565.0,False,233.8,-137.0,83.2
2585,60585.0,False,236.0,-137.20000000000002,85.10000000000001
2586,60599.0,False,239.20000000000002,-137.5,87.60000000000001
2587,60615.0,False,63.300000000000004,-41.900000000000006,-89.80000000000001
2588,60635.0,False,67.9,-40.7,-87.2
2589,60665.0,False,77.0,-36.800000000000004,-83.2
2590,60682.0,False,80.7,-34.6,-81.9
2591,60716.0,False,86.2,-30.8,-79.7
2592,60751.0,False,88.2,-29.200000000000003,-78.7
2593,60765.0,False,91.7,-26.700000000000003,-76.3
2594,60782.0,False,93.60000000000001,-25.700000000000003,-74.9
2595,60805.0,False,95.9,-24.900000000000002,-73.4
2596,60816.0,False,98.4,-24.1,-71.8
2597,60832.0,False,101.0,-23.5,-70.10000000000001
2598,60849.0,False,103.60000000000001,-22.900000000000002,-68.5
2599,60866.0,False,106.0,-22.5,-66.9
2600,60882.0,False,108.2,-22.1,-65.4
2601,60899.0,False,110.2,-21.6,-64.10000000000001
2602,60936.0,False,113.7,-20.400000000000002,-62.2
2603,60951.0,False,115.0,-19.700000000000003,-61.6
2604,60966.0,False,116.30000000000001,-19.0,-61.300000000000004
2605,60982.0,False,117.4,-18.400000000000002,-61.0
2606,60999.0,False,118.4,-17.8,-60.800000000000004
2607,61032.0,False,119.7,-17.3,-60.5
2608,61048.0,False,120.10000000000001,-17.400000000000002,-60.5
2609,61066.0,False,120.5,-17.8,-60.400000000000006
2610,61084.0,False,120.80000000000001,-18.3,-60.300000000000004
2611,61103.0,False,121.2,-19.0,-60.2
2612,61115.0,False,121.5,-20.1,-60.1
2613,61137.0,False,122.0,-21.3,-60.0
2614,61149.0,False,122.4,-22.8,-60.2
2615,61166.0,False,122.5,-24.400000000000002,-60.800000000000004
2616,61199.0,False,121.30000000000001,-28.3,-63.2
2617,61215.0,False,119.7,-30.5,-65.0
2618,61236.0,False,117.5,-32.5,-67.2
2619,61248.0,False,114.7,-34.300000000000004,-69.9
2620,61265.0,False,111.60000000000001,-35.800000000000004,-72.8
2621,61282.0,False,108.60000000000001,-37.0,-75.8
2622,61298.0,False,106.0,-37.800000000000004,-78.60000000000001
2623,61316.0,False,104.10000000000001,-38.5,-80.9
2624,61334.0,False,102.7,-39.0,-82.4
2625,61350.0,False,101.60000000000001,-39.5,-83.4
2626,61370.0,False,100.5,-39.900000000000006,-84.0
2627,61382.0,False,99.0,-40.2,-84.2
2628,61400.0,False,97.4,-40.400000000000006,-84.2
2629,61416.0,False,95.5,-40.5,-84.10000000000001
2630,61435.0,False,93.7,-40.400000000000006,-84.2
2631,61466.0,False,90.0,-40.0,-85.0
2632,61482.0,False,88.30000000000001,-39.7,-86.0
2633,61501.0,False,86.60000000000001,-39.400000000000006,-87.2
2634,61516.0,False,85.0,-39.300000000000004,-88.80000000000001
2635,61538.0,False,263.6,-140.5,89.4
2636,61569.0,False,261.8,-138.8,84.30000000000001
2637,61582.0,False,261.2,-137.6,81.0
2638,61602.0,False,260.8,-136.3,77.0
2639,61616.0,False,260.1,-135.3,72.60000000000001
2640,61634.0,False,259.3,-134.8,68.5
2641,61650.0,False,258.90000000000003,-135.0,65.5
2642,61666.0,False,258.90000000000003,-135.8,64.2
2643,61682.0,False,259.7,-137.1,64.7
2644,61699.0,False,261.40000000000003,-138.5,66.60000000000001
2645,61719.0,False,263.8,-139.9,69.7
2646,61738.0,False,266.7,-141.1,73.2
2647,61753.0,False,270.0,-142.20000000000002,77.2
2648,61766.0,False,273.6,-143.20000000000002,81.2
2649,61782.0,False,277.40000000000003,-144.3,85.2
2650,61800.0,False,281.5,-145.70000000000002,88.9
2651,61816.0,False,105.9,-32.5,-88.0
2652,61844.0,False,110.4,-30.3,-85.60000000000001
2653,61850.0,False,114.9,-27.8,-84.2
2654,61866.0,False,119.4,-25.0,-83.60000000000001
2655,61882.0,False,123.60000000000001,-22.200000000000003,-83.4
2656,61899.0,False,127.30000000000001,-19.5,-83.10000000000001
2657,61920.0,False,130.5,-17.1,-82.60000000000001
2658,61932.0,False,133.1,-15.100000000000001,-81.7
2659,61951.0,False,135.20000000000002,-13.3,-80.30000000000001
2660,61965.0,False,136.9,-11.9,-78.80000000000001
2661,61982.0,False,138.3,-10.5,-77.2
2662,62006.0,False,139.6,-9.3,-75.7
2663,62015.0,False,140.8,-8.1,-74.5
2664,62049.0,False,143.6,-6.0,-73.3
2665,62065.0,False,145.3,-5.2,-73.3
2666,62085.0,False,147.1,-4.6000000000000005,-73.5
2667,62098.0,False,149.0,-4.2,-73.9
2668,62116.0,False,151.0,-3.9000000000000004,-74.4
2669,62150.0,False,154.9,-3.8000000000000003,-75.5
2670,62165.0,False,156.70000000000002,-4.0,-76.0
2671,62182.0,False,158.20000000000002,-4.3,-76.5
2672,62198.0,False,159.3,-4.9,-76.80000000000001
2673,62216.0,False,159.9,-5.800000000000001,-77.10000000000001
2674,62249.0,False,159.5,-8.4,-77.60000000000001
2675,62266.0,False,158.60000000000002,-10.0,-78.10000000000001
2676,62282.0,False,157.4,-11.600000000000001,-78.80000000000001
2677,62302.0,False,156.10000000000002,-13.200000000000001,-79.60000000000001
2678,62316.0,False,154.5,-14.9,-80.5
2679,62334.0,False,152.70000000000002,-16.900000000000002,-81.4
2680,62366.0,False,147.3,-21.3,-83.2
2681,62382.0,False,143.8,-23.700000000000003,-84.0
2682,62401.0,False,140.0,-26.400000000000002,-84.60000000000001
2683,62415.0,False,136.0,-29.3,-85.30000000000001
2684,62441.0,False,131.9,-32.0,-86.30000000000001
2685,62449.0,False,127.80000000000001,-34.5,-87.7
2686,62465.0,False,123.80000000000001,-36.6,-89.7
2687,62482.0,False,300.0,-141.8,88.0
2688,62498.0,False,296.6,-140.5,85.5
2689,62515.0,False,293.6,-139.5,83.0
2690,62533.0,False,290.8,-138.8,80.80000000000001
2691,62550.0,False,288.3,-138.3,79.0
2692,62582.0,False,284.0,-138.20000000000002,76.80000000000001
2693,62604.0,False,282.2,-138.5,76.4
2694,62634.0,False,279.0,-139.5,76.5
2695,62648.0,False,277.6,-140.0,76.9
2696,62665.0,False,276.2,-140.5,77.5
2697,62682.0,False,275.0,-140.9,78.10000000000001
2698,62716.0,False,273.8,-141.20000000000002,78.80000000000001
2699,62749.0,False,270.8,-140.8,80.5
2700,62765.0,False,269.7,-140.1,80.7
2701,62782.0,False,268.7,-139.1,80.5
2702,62799.0,False,267.5,-138.0,79.80000000000001
2703,62816.0,False,266.2,-136.70000000000002,78.7
2704,62851.0,False,264.0,-134.1,75.9
2705,62866.0,False,263.6,-132.9,75.0
2706,62883.0,False,263.8,-131.8,74.7
2707,62899.0,False,265.0,-131.0,75.5
2708,62918.0,False,267.2,-130.6,77.4
2709,62953.0,False,274.0,-130.8,83.5
2710,62965.0,False,278.2,-131.4,87.2
2711,62982.0,False,102.7,-47.6,-89.30000000000001
2712,63000.0,False,107.4,-46.1,-86.4
2713,63015.0,False,111.80000000000001,-44.1,-84.9
2714,63033.0,False,115.7,-41.7,-84.60000000000001
2715,63049.0,False,118.9,-39.300000000000004,-85.60000000000001
2716,63065.0,False,121.30000000000001,-37.1,-87.30000000000001
2717,63082.0,False,122.9,-35.0,-89.5
2718,63115.0,False,304.7,-148.4,86.30000000000001
2719,63132.0,False,305.2,-149.8,84.60000000000001
2720,63166.0,False,306.8,-152.3,82.5
2721,63184.0,False,308.1,-153.3,82.2
2722,63216.0,False,311.90000000000003,-155.10000000000002,82.60000000000001
2723,63241.0,False,314.1,-155.8,83.10000000000001
2724,63267.0,False,318.3,-156.9,84.60000000000001
2725,63282.0,False,320.20000000000005,-157.20000000000002,85.4
2726,63301.0,False,322.0,-157.5,86.2
2727,63316.0,False,323.6,-157.9,86.7
2728,63335.0,False,325.0,-158.3,86.80000000000001
2729,63348.0,False,326.20000000000005,-158.8,86.60000000000001
2730,63370.0,False,327.3,-159.4,86.0
2731,63382.0,False,328.3,-160.0,85.30000000000001
2732,63402.0,False,329.3,-160.60000000000002,84.5
2733,63435.0,False,330.8,-161.10000000000002,83.4
2734,63449.0,False,331.3,-161.0,83.5
2735,63467.0,False,331.70000000000005,-160.9,83.80000000000001
2736,63482.0,False,332.20000000000005,-160.9,84.60000000000001
2737,63499.0,False,332.90000000000003,-160.9,86.0
2738,63516.0,False,333.90000000000003,-160.9,87.80000000000001
2739,63538.0,False,335.20000000000005,-160.70000000000002,89.80000000000001
2740,63548.0,False,156.4,-20.1,-88.2
2741,63565.0,False,157.3,-21.400000000000002,-86.60000000000001
2742,63582.0,False,157.8,-23.1,-85.7
2743,63598.0,False,157.70000000000002,-25.1,-85.5
2744,63636.0,False,156.3,-28.700000000000003,-87.30000000000001
2745,63648.0,False,155.0,-30.0,-88.7
2746,63665.0,False,333.20000000000005,-149.0,90.0
2747,63702.0,False,329.20000000000005,-148.4,88.5
2748,63716.0,False,327.1,-148.5,88.30000000000001
2749,63748.0,False,322.5,-149.1,89.10000000000001
2750,63765.0,False,320.20000000000005,-149.5,89.9
2751,63786.0,False,137.9,-30.1,-89.30000000000001
2752,63799.0,False,135.8,-29.700000000000003,-88.60000000000001
2753,63829.0,False,133.9,-29.400000000000002,-87.9
2754,63840.0,False,132.3,-29.200000000000003,-87.5
2755,63849.0,False,130.8,-29.200000000000003,-87.30000000000001
2756,63866.0,False,129.6,-29.400000000000002,-87.30000000000001
2757,63885.0,False,128.5,-29.8,-87.5
2758,63899.0,False,127.4,-30.5,-87.9
2759,63919.0,False,126.4,-31.3,-88.5
2760,63939.0,False,125.5,-32.300000000000004,-89.30000000000001
2761,63965.0,False,304.1,-145.70000000000002,88.80000000000001
2762,63982.0,False,304.0,-144.70000000000002,88.0
2763,64006.0,False,304.1,-143.6,87.4
2764,64016.0,False,304.6,-142.6,87.0
2765,64032.0,False,305.3,-141.70000000000002,86.9
2766,64050.0,False,306.2,-140.8,87.10000000000001
2767,64065.0,False,307.1,-140.1,87.5
2768,64082.0,False,308.1,-139.5,88.10000000000001
2769,64103.0,False,309.1,-139.0,88.7
2770,64116.0,False,310.1,-138.6,89.5
2771,64133.0,False,131.20000000000002,-41.900000000000006,-89.5
2772,64148.0,False,132.4,-42.5,-88.4
2773,64165.0,False,133.70000000000002,-43.2,-87.0
2774,64182.0,False,135.1,-44.0,-85.60000000000001
2775,64216.0,False,136.70000000000002,-44.800000000000004,-84.4
2776,64232.0,False,138.4,-45.300000000000004,-83.80000000000001
2777,64248.0,False,143.20000000000002,-45.400000000000006,-83.9
2778,64265.0,False,146.20000000000002,-45.0,-84.5
2779,64281.0,False,149.5,-44.300000000000004,-85.30000000000001
2780,64298.0,False,152.6,-43.400000000000006,-86.5
2781,64315.0,False,155.3,-42.1,-88.10000000000001
2782,64331.0,False,157.5,-40.6,-89.9
2783,64349.0,False,339.3,-141.3,88.5
2784,64367.0,False,340.6,-143.3,87.4
2785,64381.0,False,341.5,-145.4,86.9
2786,64398.0,False,342.1,-147.5,87.2
2787,64418.0,False,342.3,-149.70000000000002,88.0
2788,64432.0,False,342.40000000000003,-151.9,89.2
2789,64448.0,False,162.4,-26.0,-89.2
2790,64465.0,False,162.3,-23.900000000000002,-87.30000000000001
2791,64498.0,False,162.10000000000002,-20.0,-82.9
2792,64515.0,False,162.0,-18.3,-80.60000000000001
2793,64548.0,False,161.70000000000002,-15.4,-76.4
2794,64565.0,False,161.8,-14.4,-74.9
2795,64600.0,False,162.70000000000002,-13.0,-73.8
2796,64615.0,False,163.70000000000002,-12.600000000000001,-74.5
2797,64632.0,False,165.0,-12.5,-75.8
2798,64648.0,False,166.4,-12.8,-77.4
2799,64665.0,False,168.0,-13.5,-79.10000000000001
2800,64685.0,False,169.70000000000002,-14.600000000000001,-80.4
2801,64698.0,False,171.4,-15.9,-81.30000000000001
2802,64715.0,False,173.0,-17.400000000000002,-81.9
2803,64731.0,False,174.5,-18.8,-82.2
2804,64765.0,False,176.0,-21.8,-82.4
2805,64782.0,False,175.9,-23.5,-82.0
2806,64815.0,False,173.5,-27.0,-80.60000000000001
2807,64832.0,False,171.3,-28.900000000000002,-79.80000000000001
2808,64872.0,False,165.20000000000002,-32.9,-78.60000000000001
2809,64882.0,False,161.4,-34.9,-78.7
2810,64918.0,False,153.5,-38.2,-80.60000000000001
2811,64932.0,False,150.1,-39.300000000000004,-82.2
2812,64950.0,False,147.5,-40.1,-83.7
2813,64965.0,False,145.70000000000002,-40.6,-85.0
2814,64982.0,False,144.8,-40.900000000000006,-85.7
2815,64999.0,False,144.5,-41.0,-85.9
2816,65016.0,False,144.5,-40.800000000000004,-85.7
2817,65035.0,False,144.5,-40.5,-85.2
2818,65048.0,False,144.3,-40.0,-84.7
2819,65066.0,False,143.70000000000002,-39.400000000000006,-84.10000000000001
2820,65082.0,False,142.5,-38.800000000000004,-83.5
2821,65101.0,False,140.9,-38.2,-83.0
2822,65132.0,False,136.3,-37.6,-82.30000000000001
2823,65151.0,False,133.5,-37.6,-82.10000000000001
2824,65165.0,False,130.6,-37.800000000000004,-81.9
2825,65182.0,False,127.80000000000001,-38.2,-81.9
2826,65198.0,False,125.10000000000001,-39.0,-82.0
2827,65232.0,False,120.4,-41.6,-83.10000000000001
2828,65249.0,False,118.5,-43.5,-84.2
2829,65284.0,False,116.10000000000001,-47.900000000000006,-87.0
2830,65299.0,False,116.10000000000001,-50.300000000000004,-88.10000000000001
2831,65315.0,False,117.2,-52.7,-88.60000000000001
2832,65348.0,False,123.7,-56.5,-86.30000000000001
2833,65368.0,False,128.70000000000002,-57.7,-83.30000000000001
2834,65398.0,False,138.9,-58.6,-75.4
2835,65416.0,False,142.70000000000002,-58.300000000000004,-71.7
2836,65432.0,False,145.4,-57.5,-68.8
2837,65448.0,False,147.20000000000002,-56.400000000000006,-66.7
2838,65466.0,False,148.20000000000002,-55.1,-65.8
2839,65482.0,False,148.5,-53.7,-66.4
2840,65499.0,False,148.0,-52.300000000000004,-68.60000000000001
2841,65516.0,False,146.8,-50.900000000000006,-72.5
2842,65533.0,False,145.1,-49.300000000000004,-77.4
2843,65551.0,False,143.4,-47.800000000000004,-82.9
2844,65565.0,False,142.0,-46.400000000000006,-88.0
2845,65584.0,False,321.0,-135.1,87.5
2846,65615.0,False,320.90000000000003,-138.5,81.30000000000001
2847,65635.0,False,322.0,-140.20000000000002,79.60000000000001
2848,65666.0,False,325.8,-143.4,78.5
2849,65682.0,False,328.0,-145.0,78.9
2850,65716.0,False,331.8,-147.9,81.0
2851,65734.0,False,333.20000000000005,-149.1,82.4
2852,65749.0,False,334.1,-150.1,83.9
2853,65765.0,False,334.6,-151.0,85.4
2854,65782.0,False,334.70000000000005,-151.70000000000002,86.7
2855,65802.0,False,334.70000000000005,-152.4,87.60000000000001
2856,65816.0,False,334.70000000000005,-153.1,87.80000000000001
2857,65831.0,False,334.8,-153.8,87.60000000000001
2858,65848.0,False,334.8,-154.3,86.9
2859,65882.0,False,335.0,-155.10000000000002,85.4
2860,65899.0,False,335.5,-155.3,84.9
2861,65932.0,False,338.0,-155.5,83.30000000000001
2862,65949.0,False,340.40000000000003,-154.70000000000002,82.60000000000001
2863,65966.0,False,343.0,-153.20000000000002,82.4
2864,65983.0,False,345.6,-150.9,82.7
2865,65998.0,False,347.5,-148.0,83.7
2866,66015.0,False,349.0,-144.8,85.2
2867,66031.0,False,349.90000000000003,-141.6,86.80000000000001
2868,66051.0,False,350.20000000000005,-138.8,88.2
2869,66065.0,False,349.90000000000003,-136.4,89.2
2870,66082.0,False,348.90000000000003,-134.5,89.7
2871,66099.0,False,347.20000000000005,-133.0,89.7
2872,66115.0,False,345.1,-131.9,89.4
2873,66152.0,False,340.6,-131.0,88.2
2874,66165.0,False,338.6,-131.3,87.7
2875,66198.0,False,335.20000000000005,-132.8,87.2
2876,66224.0,False,333.40000000000003,-133.9,87.4
2877,66249.0,False,329.5,-136.70000000000002,88.30000000000001
2878,66266.0,False,327.3,-138.0,89.2
2879,66282.0,False,145.0,-40.800000000000004,-89.80000000000001
2880,66298.0,False,142.6,-40.0,-88.60000000000001
2881,66316.0,False,140.20000000000002,-39.5,-87.30000000000001
2882,66347.0,False,135.5,-39.800000000000004,-84.9
2883,66365.0,False,133.5,-40.800000000000004,-84.0
2884,66382.0,False,131.8,-42.300000000000004,-83.7
2885,66417.0,False,130.0,-46.7,-86.0
2886,66433.0,False,130.1,-49.6,-88.7
2887,66459.0,False,311.0,-127.30000000000001,88.4
2888,66466.0,False,313.3,-124.0,86.2
2889,66482.0,False,317.40000000000003,-121.0,85.60000000000001
2890,66516.0,False,330.5,-117.7,89.5
2891,66534.0,False,157.8,-62.300000000000004,-87.2
2892,66570.0,False,166.3,-59.800000000000004,-82.30000000000001
2893,66582.0,False,166.70000000000002,-57.800000000000004,-80.9
2894,66599.0,False,165.20000000000002,-55.400000000000006,-80.0
2895,66616.0,False,162.60000000000002,-52.7,-79.60000000000001
2896,66634.0,False,159.8,-49.6,-79.7
2897,66648.0,False,157.0,-46.5,-80.4
2898,66666.0,False,154.4,-43.300000000000004,-81.7
2899,66682.0,False,152.0,-40.2,-83.4
2900,66702.0,False,149.9,-37.300000000000004,-85.30000000000001
2901,66733.0,False,146.4,-32.0,-88.4
2902,66748.0,False,145.3,-29.5,-89.60000000000001
2903,66783.0,False,324.90000000000003,-154.70000000000002,89.10000000000001
2904,66799.0,False,325.6,-156.4,89.0
2905,66833.0,False,328.1,-159.3,89.5
2906,66858.0,False,329.6,-160.4,89.9
2907,66866.0,False,151.1,-18.5,-89.60000000000001
2908,66885.0,False,152.4,-17.6,-89.10000000000001
2909,66899.0,False,153.60000000000002,-16.8,-88.60000000000001
2910,66917.0,False,154.5,-16.400000000000002,-88.10000000000001
2911,66932.0,False,155.3,-16.1,-87.7
2912,66952.0,False,156.10000000000002,-15.9,-87.60000000000001
2913,66966.0,False,156.8,-15.9,-87.80000000000001
2914,66990.0,False,157.70000000000002,-15.9,-88.4
2915,67002.0,False,158.60000000000002,-16.1,-89.10000000000001
2916,67016.0,False,159.5,-16.5,-89.9
2917,67033.0,False,340.3,-163.0,89.60000000000001
2918,67049.0,False,340.90000000000003,-162.3,89.2
2919,67066.0,False,341.40000000000003,-161.60000000000002,89.0
2920,67082.0,False,341.70000000000005,-160.70000000000002,89.4
2921,67099.0,False,161.8,-20.400000000000002,-89.80000000000001
2922,67115.0,False,161.5,-21.8,-88.5
2923,67139.0,False,160.8,-23.5,-87.10000000000001
2924,67148.0,False,159.60000000000002,-25.5,-85.80000000000001
2925,67168.0,False,157.9,-27.5,-84.7
2926,67183.0,False,156.0,-29.700000000000003,-83.9
2927,67199.0,False,153.9,-31.700000000000003,-83.60000000000001
2928,67216.0,False,151.9,-33.5,-83.9
2929,67233.0,False,150.1,-35.1,-84.7
2930,67265.0,False,147.8,-37.5,-86.80000000000001
2931,67282.0,False,147.6,-38.300000000000004,-87.7
2932,67301.0,False,147.8,-38.800000000000004,-88.2
2933,67315.0,False,148.20000000000002,-39.1,-88.5
2934,67339.0,False,148.4,-39.1,-88.5
2935,67365.0,False,147.70000000000002,-38.400000000000006,-87.80000000000001
2936,67382.0,False,146.4,-37.800000000000004,-87.10000000000001
2937,67399.0,False,144.70000000000002,-37.300000000000004,-86.30000000000001
2938,67416.0,False,142.4,-36.800000000000004,-85.30000000000001
2939,67433.0,False,139.70000000000002,-36.6,-84.2
2940,67466.0,False,133.6,-36.9,-82.2
2941,67489.0,False,130.4,-37.5,-81.4
2942,67499.0,False,127.4,-38.5,-80.80000000000001
2943,67533.0,False,122.30000000000001,-41.400000000000006,-81.10000000000001
2944,67548.0,False,120.2,-43.1,-82.4
2945,67582.0,False,116.9,-47.0,-87.10000000000001
2946,67603.0,False,295.3,-130.9,89.80000000000001
2947,67634.0,False,291.40000000000003,-127.30000000000001,83.9
2948,67648.0,False,290.2,-126.0,82.60000000000001
2949,67669.0,False,290.40000000000003,-125.10000000000001,83.10000000000001
2950,67682.0,False,291.90000000000003,-124.10000000000001,85.30000000000001
2951,67699.0,False,294.1,-123.2,88.5
2952,67732.0,False,118.60000000000001,-58.1,-84.10000000000001
2953,67748.0,False,120.7,-57.900000000000006,-80.80000000000001
2954,67768.0,False,122.9,-57.0,-78.0
2955,67799.0,False,127.2,-53.5,-75.5
2956,67816.0,False,128.70000000000002,-51.2,-76.5
2957,67850.0,False,129.5,-45.7,-81.80000000000001
2958,67882.0,False,129.4,-42.800000000000004,-84.9
2959,67899.0,False,128.70000000000002,-37.300000000000004,-89.80000000000001
2960,67916.0,False,308.3,-145.4,88.5
2961,67938.0,False,308.1,-148.0,87.30000000000001
2962,67949.0,False,308.1,-150.5,86.60000000000001
2963,67967.0,False,308.3,-152.9,86.10000000000001
2964,67999.0,False,309.40000000000003,-157.20000000000002,86.10000000000001
2965,68015.0,False,310.1,-159.0,86.5
2966,68034.0,False,310.90000000000003,-160.60000000000002,87.30000000000001
2967,68050.0,False,311.6,-161.9,88.4
2968,68066.0,False,312.3,-162.9,89.80000000000001
2969,68082.0,False,132.8,-16.3,-88.60000000000001
2970,68102.0,False,133.1,-15.700000000000001,-87.0
2971,68115.0,False,133.3,-15.200000000000001,-85.2
2972,68132.0,False,133.4,-14.9,-83.7
2973,68167.0,False,133.20000000000002,-14.8,-81.9
2974,68182.0,False,133.20000000000002,-14.600000000000001,-81.7
2975,68202.0,False,133.6,-14.100000000000001,-81.7
2976,68216.0,False,134.3,-13.5,-81.80000000000001
2977,68261.0,False,138.1,-11.100000000000001,-80.5
2978,68284.0,False,139.4,-11.0,-79.0
2979,68299.0,False,140.5,-11.4,-77.10000000000001
2980,68317.0,False,141.4,-12.3,-75.10000000000001
2981,68332.0,False,142.4,-13.5,-73.3
2982,68348.0,False,143.3,-14.8,-71.9
2983,68369.0,False,144.4,-16.0,-71.3
2984,68382.0,False,145.3,-17.2,-71.5
2985,68402.0,False,146.20000000000002,-18.3,-72.2
2986,68442.0,False,147.1,-20.400000000000002,-74.5
2987,68449.0,False,147.20000000000002,-21.3,-75.7
2988,68483.0,False,146.9,-23.0,-77.80000000000001
2989,68499.0,False,146.70000000000002,-23.8,-78.60000000000001
2990,68532.0,False,146.0,-25.400000000000002,-79.60000000000001
2991,68550.0,False,145.5,-26.3,-79.80000000000001
2992,68572.0,False,144.70000000000002,-27.1,-79.9
2993,68582.0,False,143.70000000000002,-28.1,-79.9
2994,68599.0,False,142.3,-29.3,-79.9
2995,68616.0,False,140.6,-30.700000000000003,-80.0
2996,68648.0,False,136.3,-34.2,-81.0
2997,68665.0,False,133.70000000000002,-36.2,-81.9
2998,68699.0,False,128.5,-40.7,-84.80000000000001
2999,68715.0,False,126.10000000000001,-43.2,-86.7
3000,68751.0,False,301.90000000000003,-131.3,88.60000000000001
3001,68766.0,False,300.3,-128.1,85.9
3002,68782.0,False,299.3,-124.7,83.2
3003,68799.0,False,299.3,-121.2,80.80000000000001
3004,68816.0,False,300.8,-117.80000000000001,79.5
3005,68849.0,False,308.40000000000003,-112.0,81.9
3006,68865.0,False,313.8,-110.2,85.5
3007,68898.0,False,318.90000000000003,-108.9,89.80000000000001
3008,68915.0,False,143.8,-72.5,-82.7
3009,68933.0,False,144.3,-72.7,-79.30000000000001
3010,68968.0,False,146.20000000000002,-71.4,-71.0
3011,68982.0,False,147.70000000000002,-69.7,-67.3
3012,69003.0,False,148.3,-67.4,-65.60000000000001
3013,69015.0,False,147.8,-64.8,-66.4
3014,69031.0,False,145.9,-62.1,-69.8
3015,69052.0,False,143.1,-59.2,-75.10000000000001
3016,69066.0,False,139.70000000000002,-56.2,-81.7
3017,69082.0,False,136.4,-53.0,-88.4
3018,69100.0,False,313.5,-130.3,85.5
3019,69115.0,False,311.5,-133.9,80.5
3020,69132.0,False,310.5,-137.4,76.9
3021,69148.0,False,310.70000000000005,-140.8,74.60000000000001
3022,69182.0,False,313.3,-146.70000000000002,73.4
3023,69199.0,False,315.1,-149.3,74.10000000000001
3024,69233.0,False,317.0,-151.70000000000002,75.60000000000001
3025,69255.0,False,320.20000000000005,-156.10000000000002,80.2
3026,69282.0,False,322.40000000000003,-159.9,86.10000000000001
3027,69298.0,False,323.20000000000005,-161.5,88.9
3028,69332.0,False,144.4,-15.4,-86.9
3029,69349.0,False,144.9,-14.200000000000001,-85.9
3030,69366.0,False,145.3,-13.4,-85.60000000000001
3031,69383.0,False,145.70000000000002,-12.9,-85.9
3032,69398.0,False,146.0,-12.9,-86.10000000000001
3033,69435.0,False,146.4,-13.8,-86.2
3034,69448.0,False,146.3,-14.600000000000001,-86.10000000000001
3035,69465.0,False,146.0,-16.2,-85.9
3036,69487.0,False,145.8,-18.5,-85.80000000000001
3037,69499.0,False,145.8,-21.5,-85.9
3038,69520.0,False,146.20000000000002,-24.700000000000003,-86.0
3039,69542.0,False,147.1,-27.900000000000002,-86.2
3040,69549.0,False,148.20000000000002,-31.1,-86.5
3041,69565.0,False,149.1,-34.2,-86.9
3042,69599.0,False,149.9,-40.0,-88.2
3043,69619.0,False,149.8,-42.5,-88.9
3044,69649.0,False,329.1,-133.3,89.80000000000001
3045,69667.0,False,328.90000000000003,-131.5,89.4
3046,69701.0,False,328.70000000000005,-128.6,89.60000000000001
3047,69715.0,False,148.5,-52.7,-89.9
3048,69733.0,False,147.9,-53.800000000000004,-89.30000000000001
3049,69765.0,False,145.9,-55.6,-87.80000000000001
3050,69782.0,False,144.4,-56.2,-87.30000000000001
3051,69819.0,False,140.8,-57.2,-86.9
3052,69832.0,False,138.70000000000002,-57.5,-87.30000000000001
3053,69865.0,False,134.6,-58.0,-89.2
3054,69882.0,False,312.8,-121.60000000000001,89.60000000000001
3055,69915.0,False,310.20000000000005,-120.10000000000001,87.60000000000001
3056,69932.0,False,309.70000000000005,-119.0,86.9
3057,69949.0,False,309.70000000000005,-117.80000000000001,86.60000000000001
3058,69965.0,False,310.6,-116.5,86.80000000000001
3059,69982.0,False,312.40000000000003,-115.2,87.60000000000001
3060,70000.0,False,314.90000000000003,-114.0,88.9
3061,70033.0,False,142.6,-67.8,-86.60000000000001
3062,70049.0,False,147.4,-68.10000000000001,-83.5
3063,70084.0,False,156.60000000000002,-66.7,-77.5
3064,70099.0,False,159.60000000000002,-65.3,-75.4
3065,70121.0,False,161.20000000000002,-63.7,-73.9
3066,70166.0,False,160.0,-58.0,-72.60000000000001
3067,70181.0,False,158.70000000000002,-55.800000000000004,-73.3
3068,70198.0,False,157.3,-53.400000000000006,-75.0
3069,70232.0,False,154.20000000000002,-48.1,-81.5
3070,70266.0,False,331.5,-137.20000000000002,89.60000000000001
3071,70299.0,False,330.0,-142.9,80.60000000000001
3072,70325.0,False,330.0,-145.5,76.7
3073,70348.0,False,331.70000000000005,-149.6,71.0
3074,70365.0,False,333.20000000000005,-151.0,69.5
3075,70399.0,False,336.8,-153.1,69.0
3076,70415.0,False,338.5,-154.10000000000002,69.8
3077,70449.0,False,341.40000000000003,-155.70000000000002,72.9
3078,70465.0,False,342.20000000000005,-156.20000000000002,74.8
3079,70485.0,False,342.6,-156.70000000000002,76.5
3080,70499.0,False,342.70000000000005,-157.0,77.9
3081,70521.0,False,342.6,-157.4,78.80000000000001
3082,70549.0,False,342.5,-157.9,79.2
3083,70568.0,False,342.3,-158.60000000000002,78.5
3084,70581.0,False,341.90000000000003,-158.8,77.80000000000001
3085,70615.0,False,341.0,-158.4,76.9
3086,70634.0,False,340.5,-157.9,76.9
3087,70666.0,False,340.40000000000003,-156.4,78.0
3088,70681.0,False,340.5,-155.20000000000002,79.10000000000001
3089,70715.0,False,340.3,-151.8,81.9
3090,70734.0,False,339.6,-149.9,83.30000000000001
3091,70751.0,False,338.5,-148.0,84.4
3092,70765.0,False,337.0,-146.20000000000002,85.30000000000001
3093,70782.0,False,335.20000000000005,-144.6,85.80000000000001
3094,70800.0,False,333.1,-143.20000000000002,85.7
3095,70832.0,False,328.5,-140.8,83.80000000000001
3096,70865.0,False,326.20000000000005,-139.6,82.30000000000001
3097,70883.0,False,322.6,-137.4,79.7
3098,70929.0,False,320.20000000000005,-134.9,77.60000000000001
3099,70953.0,False,319.5,-134.70000000000002,77.4
3100,70982.0,False,317.5,-135.20000000000002,77.5
3101,70999.0,False,316.20000000000005,-135.8,77.80000000000001
3102,71031.0,False,312.90000000000003,-137.1,78.4
3103,71048.0,False,311.0,-137.6,78.80000000000001
3104,71065.0,False,309.1,-138.0,79.30000000000001
3105,71082.0,False,307.3,-138.3,79.80000000000001
3106,71101.0,False,305.40000000000003,-138.5,80.10000000000001
3107,71135.0,False,303.7,-138.5,80.30000000000001
3108,71148.0,False,301.1,-137.5,80.5
3109,71169.0,False,300.5,-136.6,80.60000000000001
3110,71199.0,False,300.8,-134.3,81.10000000000001
3111,71216.0,False,301.8,-133.20000000000002,81.5
3112,71237.0,False,303.3,-132.20000000000002,82.2
3113,71254.0,False,305.40000000000003,-131.4,83.10000000000001
3114,71265.0,False,307.8,-130.9,84.30000000000001
3115,71283.0,False,310.5,-130.6,86.0
3116,71304.0,False,313.3,-130.5,88.10000000000001
3117,71316.0,False,135.9,-49.1,-89.5
3118,71350.0,False,140.0,-46.7,-85.4
3119,71365.0,False,141.70000000000002,-45.0,-84.30000000000001
3120,71388.0,False,143.3,-43.1,-83.9
3121,71415.0,False,146.20000000000002,-39.6,-85.7
3122,71452.0,False,147.3,-38.0,-87.5
3123,71469.0,False,328.70000000000005,-145.20000000000002,88.0
3124,71483.0,False,329.1,-146.70000000000002,85.80000000000001
3125,71520.0,False,329.5,-149.70000000000002,82.80000000000001
3126,71548.0,False,329.6,-151.20000000000002,82.0
3127,71565.0,False,330.0,-153.9,81.7
3128,71583.0,False,330.40000000000003,-155.20000000000002,82.2
3129,71621.0,False,331.6,-157.5,84.10000000000001
3130,71633.0,False,332.20000000000005,-158.60000000000002,85.0
3131,71665.0,False,332.8,-159.60000000000002,85.9
3132,71682.0,False,333.8,-161.10000000000002,86.9
3133,71699.0,False,334.1,-161.60000000000002,86.80000000000001
3134,71732.0,False,334.5,-162.10000000000002,86.10000000000001
3135,71753.0,False,334.8,-162.10000000000002,85.80000000000001
3136,71784.0,False,335.3,-161.70000000000002,85.60000000000001
3137,71799.0,False,335.6,-161.4,86.10000000000001
3138,71823.0,False,335.8,-160.9,87.10000000000001
3139,71832.0,False,335.90000000000003,-160.3,88.5
3140,71852.0,False,155.70000000000002,-20.5,-89.7
3141,71866.0,False,155.20000000000002,-21.6,-87.9
3142,71882.0,False,154.5,-23.0,-86.2
3143,71899.0,False,153.60000000000002,-24.8,-85.0
3144,71931.0,False,152.5,-26.900000000000002,-84.30000000000001
3145,71949.0,False,149.70000000000002,-31.400000000000002,-84.60000000000001
3146,71983.0,False,148.0,-33.5,-85.30000000000001
3147,71998.0,False,144.5,-37.1,-87.30000000000001
3148,72015.0,False,143.0,-38.5,-88.30000000000001
3149,72048.0,False,141.0,-40.0,-89.5
3150,72065.0,False,140.8,-40.0,-89.4
3151,72099.0,False,141.5,-39.0,-88.10000000000001
3152,72148.0,False,141.3,-36.5,-84.9
3153,72168.0,False,140.5,-35.7,-83.80000000000001
3154,72182.0,False,139.3,-35.1,-82.7
3155,72221.0,False,136.20000000000002,-34.6,-80.5
3156,72234.0,False,134.4,-34.9,-79.4
3157,72265.0,False,130.5,-36.6,-77.5
3158,72282.0,False,128.6,-38.0,-76.80000000000001
3159,72303.0,False,126.80000000000001,-39.6,-76.4
3160,72322.0,False,125.30000000000001,-41.300000000000004,-76.3
3161,72357.0,False,122.7,-45.1,-77.2
3162,72366.0,False,121.4,-47.2,-77.9
3163,72382.0,False,120.10000000000001,-49.300000000000004,-78.60000000000001
3164,72419.0,False,118.4,-52.900000000000006,-79.7
3165,72432.0,False,118.5,-54.400000000000006,-79.60000000000001
3166,72466.0,False,121.5,-57.0,-77.30000000000001
3167,72482.0,False,124.10000000000001,-57.800000000000004,-75.4
3168,72499.0,False,127.30000000000001,-58.2,-73.3
3169,72522.0,False,130.6,-58.2,-71.4
3170,72532.0,False,133.8,-57.800000000000004,-69.8
3171,72566.0,False,136.70000000000002,-57.2,-68.60000000000001
3172,72585.0,False,141.3,-55.1,-67.7
3173,72598.0,False,142.8,-53.7,-68.4
3174,72618.0,False,143.8,-51.800000000000004,-69.60000000000001
3175,72631.0,False,144.70000000000002,-49.800000000000004,-71.10000000000001
3176,72648.0,False,145.8,-47.7,-72.4
3177,72672.0,False,147.1,-45.6,-73.4
3178,72681.0,False,148.5,-43.800000000000004,-74.2
3179,72700.0,False,150.1,-42.1,-74.7
3180,72718.0,False,151.70000000000002,-40.6,-74.9
3181,72736.0,False,153.20000000000002,-39.2,-75.10000000000001
3182,72749.0,False,154.60000000000002,-37.9,-75.3
3183,72765.0,False,155.9,-36.7,-75.4
3184,72798.0,False,158.3,-34.4,-75.8
3185,72826.0,False,159.20000000000002,-33.300000000000004,-76.10000000000001
3186,72849.0,False,160.8,-31.5,-76.7
3187,72865.0,False,161.20000000000002,-30.6,-77.0
3188,72899.0,False,161.5,-28.900000000000002,-78.30000000000001
3189,72924.0,False,161.60000000000002,-28.200000000000003,-79.30000000000001
3190,72933.0,False,161.70000000000002,-27.8,-80.2
3191,72949.0,False,161.70000000000002,-27.6,-81.10000000000001
3192,72966.0,False,161.70000000000002,-27.700000000000003,-81.80000000000001
3193,72999.0,False,162.10000000000002,-28.3,-82.4
3194,73020.0,False,162.4,-28.900000000000002,-82.4
3195,73033.0,False,162.9,-29.700000000000003,-82.10000000000001
3196,73054.0,False,163.3,-30.6,-81.7
3197,73065.0,False,163.5,-31.900000000000002,-81.30000000000001
3198,73081.0,False,163.3,-33.6,-80.9
3199,73115.0,False,162.60000000000002,-35.5,-80.60000000000001
3200,73131.0,False,161.4,-37.6,-80.60000000000001
3201,73152.0,False,158.10000000000002,-42.0,-81.0
3202,73165.0,False,156.4,-44.300000000000004,-81.30000000000001
3203,73181.0,False,154.70000000000002,-46.5,-81.7
3204,73220.0,False,151.6,-50.6,-82.80000000000001
3205,73233.0,False,150.3,-52.2,-83.5
3206,73253.0,False,149.4,-53.5,-84.10000000000001
3207,73265.0,False,148.9,-54.300000000000004,-84.5
3208,73282.0,False,148.8,-54.800000000000004,-84.80000000000001
3209,73299.0,False,148.9,-55.0,-85.0
3210,73326.0,False,148.8,-54.900000000000006,-85.10000000000001
3211,73332.0,False,148.3,-54.6,-85.2
3212,73365.0,False,147.3,-54.0,-85.2
3213,73381.0,False,144.20000000000002,-52.1,-84.9
3214,73400.0,False,142.20000000000002,-51.0,-84.5
3215,73419.0,False,140.0,-49.900000000000006,-83.9
3216,73434.0,False,137.5,-48.800000000000004,-83.30000000000001
3217,73470.0,False,131.9,-47.300000000000004,-82.5
3218,73482.0,False,129.1,-47.0,-82.2
3219,73502.0,False,126.4,-47.0,-82.10000000000001
3220,73519.0,False,123.9,-47.5,-82.30000000000001
3221,73532.0,False,122.10000000000001,-48.400000000000006,-82.5
3222,73553.0,False,120.9,-49.900000000000006,-82.7
3223,73565.0,False,120.5,-51.6,-83.0
3224,73599.0,False,123.10000000000001,-55.1,-83.2
3225,73620.0,False,126.5,-56.400000000000006,-82.7
3226,73636.0,False,131.20000000000002,-57.2,-81.80000000000001
3227,73648.0,False,136.4,-57.400000000000006,-80.60000000000001
3228,73668.0,False,141.6,-56.900000000000006,-79.5
3229,73699.0,False,148.70000000000002,-55.2,-77.9
3230,73719.0,False,149.3,-54.300000000000004,-77.7
3231,73732.0,False,147.8,-53.0,-77.9
3232,73750.0,False,145.20000000000002,-51.400000000000006,-78.30000000000001
3233,73765.0,False,142.3,-49.300000000000004,-78.7
3234,73782.0,False,139.5,-47.0,-79.30000000000001
3235,73798.0,False,137.20000000000002,-44.400000000000006,-80.2
3236,73817.0,False,135.5,-41.800000000000004,-81.4
3237,73848.0,False,134.1,-39.400000000000006,-82.80000000000001
3238,73865.0,False,133.20000000000002,-37.2,-84.5
3239,73882.0,False,131.70000000000002,-33.4,-87.60000000000001
3240,73919.0,False,311.3,-149.5,89.7
3241,73948.0,False,311.6,-150.5,88.60000000000001
3242,73965.0,False,313.6,-152.1,87.5
3243,73981.0,False,315.20000000000005,-152.70000000000002,87.5
3244,74006.0,False,317.3,-153.3,87.80000000000001
3245,74021.0,False,319.6,-154.0,88.30000000000001
3246,74031.0,False,321.90000000000003,-154.5,89.0
3247,74048.0,False,324.20000000000005,-155.10000000000002,89.9
3248,74065.0,False,146.20000000000002,-24.3,-89.0
3249,74081.0,False,148.1,-23.5,-88.10000000000001
3250,74099.0,False,149.8,-22.5,-87.5
3251,74118.0,False,151.20000000000002,-21.5,-87.30000000000001
3252,74133.0,False,152.5,-20.5,-87.5
3253,74149.0,False,153.4,-19.6,-87.9
3254,74167.0,False,154.10000000000002,-18.8,-88.4
3255,74184.0,False,154.60000000000002,-18.0,-88.60000000000001
3256,74198.0,False,154.9,-17.2,-88.4
3257,74231.0,False,155.4,-15.3,-87.5
3258,74248.0,False,155.4,-14.5,-86.4
3259,74284.0,False,154.5,-13.9,-83.30000000000001
3260,74298.0,False,153.60000000000002,-14.100000000000001,-81.9
3261,74316.0,False,152.4,-14.600000000000001,-80.9
3262,74333.0,False,151.1,-15.200000000000001,-80.60000000000001
3263,74348.0,False,149.70000000000002,-16.2,-81.10000000000001
3264,74365.0,False,148.4,-17.5,-82.30000000000001
3265,74381.0,False,147.20000000000002,-19.1,-84.2
3266,74401.0,False,146.20000000000002,-20.700000000000003,-86.9
3267,74417.0,False,325.5,-157.70000000000002,89.9
3268,74448.0,False,325.40000000000003,-155.10000000000002,84.5
3269,74467.0,False,325.70000000000005,-154.20000000000002,82.80000000000001
3270,74498.0,False,325.5,-153.0,81.7
3271,74517.0,False,324.3,-152.70000000000002,82.0
3272,74548.0,False,319.90000000000003,-152.0,84.10000000000001
3273,74565.0,False,316.8,-151.6,85.30000000000001
3274,74585.0,False,313.3,-151.20000000000002,86.30000000000001
3275,74598.0,False,309.40000000000003,-150.8,87.2
3276,74619.0,False,305.40000000000003,-150.3,87.9
3277,74633.0,False,301.2,-149.6,88.2
3278,74648.0,False,297.2,-148.8,88.10000000000001
3279,74669.0,False,293.3,-147.9,87.7
3280,74701.0,False,287.2,-146.1,86.5
3281,74718.0,False,285.1,-145.1,85.9
3282,74748.0,False,283.7,-143.9,85.4
3283,74765.0,False,282.7,-141.5,84.9
3284,74782.0,False,283.40000000000003,-140.3,85.10000000000001
3285,74817.0,False,287.8,-137.8,86.7
3286,74832.0,False,291.5,-136.70000000000002,87.9
3287,74865.0,False,121.2,-45.1,-88.5
3288,74883.0,False,126.5,-45.400000000000006,-86.60000000000001
3289,74926.0,False,136.0,-44.900000000000006,-83.7
3290,74950.0,False,142.5,-43.5,-83.0
3291,74982.0,False,145.9,-41.900000000000006,-83.4
3292,75017.0,False,146.6,-40.900000000000006,-83.7
3293,75033.0,False,147.3,-38.300000000000004,-84.30000000000001
3294,75048.0,False,147.4,-36.9,-84.4
3295,75086.0,False,147.70000000000002,-33.800000000000004,-84.0
3296,75098.0,False,147.6,-32.300000000000004,-83.5
3297,75120.0,False,147.3,-30.900000000000002,-82.80000000000001
3298,75132.0,False,146.70000000000002,-29.8,-82.0
3299,75150.0,False,145.8,-28.900000000000002,-80.9
3300,75165.0,False,144.8,-28.200000000000003,-79.7
3301,75182.0,False,143.8,-27.700000000000003,-78.5
3302,75198.0,False,142.9,-27.3,-77.60000000000001
3303,75217.0,False,142.20000000000002,-26.900000000000002,-77.10000000000001
3304,75249.0,False,141.20000000000002,-26.400000000000002,-77.10000000000001
3305,75282.0,False,140.70000000000002,-26.5,-77.30000000000001
3306,75298.0,False,139.6,-27.400000000000002,-77.7
3307,75319.0,False,138.8,-27.900000000000002,-77.9
3308,75348.0,False,137.9,-28.8,-78.10000000000001
3309,75365.0,False,135.20000000000002,-31.5,-77.9
3310,75399.0,False,130.70000000000002,-34.9,-77.80000000000001
3311,75426.0,False,127.80000000000001,-36.5,-78.2
3312,75448.0,False,120.4,-38.800000000000004,-79.80000000000001
3313,75468.0,False,116.30000000000001,-39.1,-80.7
3314,75481.0,False,112.7,-38.7,-81.2
3315,75517.0,False,107.60000000000001,-36.6,-80.60000000000001
3316,75533.0,False,105.9,-35.300000000000004,-79.5
3317,75566.0,False,102.9,-33.0,-76.80000000000001
3318,75581.0,False,101.4,-32.1,-75.3
3319,75617.0,False,98.0,-30.6,-72.3
3320,75648.0,False,96.0,-30.1,-71.10000000000001
3321,75665.0,False,91.7,-29.5,-69.2
3322,75682.0,False,89.4,-29.700000000000003,-68.60000000000001
3323,75719.0,False,84.5,-31.3,-68.5
3324,75732.0,False,82.0,-32.7,-69.2
3325,75765.0,False,77.0,-36.300000000000004,-72.3
3326,75781.0,False,74.9,-38.6,-74.4
3327,75822.0,False,72.5,-44.2,-78.80000000000001
3328,75849.0,False,76.10000000000001,-49.800000000000004,-80.80000000000001
3329,75881.0,False,86.80000000000001,-53.2,-79.2
3330,75899.0,False,93.2,-54.0,-77.80000000000001
3331,75922.0,False,99.30000000000001,-54.7,-76.4
3332,75932.0,False,104.4,-55.1,-75.3
3333,75948.0,False,108.2,-55.300000000000004,-74.7
3334,75966.0,False,110.7,-55.0,-75.0
3335,75982.0,False,112.2,-54.2,-76.0
3336,75998.0,False,112.7,-53.1,-77.80000000000001
3337,76015.0,False,112.4,-51.7,-80.10000000000001
3338,76034.0,False,111.5,-50.1,-82.7
3339,76048.0,False,110.2,-48.5,-85.0
3340,76082.0,False,108.60000000000001,-46.900000000000006,-86.9
3341,76098.0,False,105.10000000000001,-43.5,-89.10000000000001
3342,76119.0,False,103.60000000000001,-41.800000000000004,-89.30000000000001
3343,76148.0,False,102.2,-38.300000000000004,-88.2
3344,76164.0,False,102.2,-36.6,-87.10000000000001
3345,76198.0,False,102.9,-33.4,-84.9
3346,76223.0,False,103.5,-31.900000000000002,-83.80000000000001
3347,76232.0,False,103.9,-30.700000000000003,-83.0
3348,76250.0,False,104.30000000000001,-29.700000000000003,-82.30000000000001
3349,76264.0,False,104.4,-29.1,-81.9
3350,76283.0,False,104.30000000000001,-28.900000000000002,-81.7
3351,76299.0,False,104.0,-29.1,-81.80000000000001
3352,76325.0,False,103.4,-29.6,-82.0
3353,76334.0,False,102.7,-30.3,-82.4
3354,76365.0,False,101.4,-31.6,-83.5
3355,76382.0,False,101.4,-32.1,-83.9
3356,76418.0,False,102.5,-32.4,-84.5
3357,76432.0,False,103.30000000000001,-32.6,-84.2
3358,76466.0,False,104.10000000000001,-34.4,-81.9
3359,76482.0,False,104.0,-36.0,-80.5
3360,76519.0,False,102.5,-39.7,-78.30000000000001
3361,76531.0,False,101.10000000000001,-41.6,-78.2
3362,76566.0,False,98.0,-44.300000000000004,-80.0
3363,76582.0,False,96.5,-45.2,-81.5
3364,76602.0,False,95.4,-46.0,-83.0
3365,76641.0,False,93.80000000000001,-47.300000000000004,-85.30000000000001
3366,76666.0,False,93.2,-47.800000000000004,-85.80000000000001
3367,76685.0,False,92.4,-48.300000000000004,-85.7
3368,76699.0,False,91.60000000000001,-48.2,-85.30000000000001
3369,76719.0,False,90.60000000000001,-48.1,-84.80000000000001
3370,76732.0,False,89.10000000000001,-47.900000000000006,-84.4
3371,76748.0,False,87.30000000000001,-47.6,-84.10000000000001
3372,76772.0,False,85.10000000000001,-47.2,-84.0
3373,76782.0,False,82.9,-46.800000000000004,-84.10000000000001
3374,76801.0,False,80.5,-46.7,-84.4
3375,76850.0,False,76.0,-47.2,-85.0
3376,76866.0,False,74.0,-48.1,-85.30000000000001
3377,76881.0,False,72.3,-49.400000000000006,-85.5
3378,76899.0,False,70.4,-52.7,-86.0
3379,76918.0,False,70.4,-54.6,-86.10000000000001
3380,76951.0,False,73.4,-58.2,-85.30000000000001
3381,76964.0,False,76.5,-59.7,-84.2
3382,76998.0,False,84.7,-60.900000000000006,-80.60000000000001
3383,77017.0,False,88.9,-60.5,-78.9
3384,77031.0,False,91.9,-59.6,-77.9
3385,77048.0,False,93.5,-58.5,-77.7
3386,77065.0,False,93.4,-57.1,-78.10000000000001
3387,77098.0,False,89.9,-53.300000000000004,-79.5
3388,77124.0,False,87.5,-50.6,-80.4
3389,77148.0,False,83.4,-44.800000000000004,-82.80000000000001
3390,77165.0,False,81.7,-42.0,-84.2
3391,77198.0,False,80.2,-39.5,-85.80000000000001
3392,77217.0,False,77.80000000000001,-35.1,-88.80000000000001
3393,77232.0,False,257.3,-146.9,89.80000000000001
3394,77265.0,False,257.8,-150.5,87.5
3395,77284.0,False,258.90000000000003,-152.1,86.7
3396,77322.0,False,262.1,-154.9,85.9
3397,77334.0,False,263.8,-156.10000000000002,85.80000000000001
3398,77369.0,False,266.6,-158.20000000000002,86.7
3399,77381.0,False,267.6,-159.10000000000002,87.4
3400,77399.0,False,268.2,-159.8,88.30000000000001
3401,77416.0,False,268.7,-160.4,89.10000000000001
3402,77454.0,False,269.2,-161.0,89.80000000000001
3403,77482.0,False,269.2,-160.9,88.9
3404,77524.0,False,269.1,-160.8,87.2
3405,77535.0,False,269.2,-160.70000000000002,86.4
3406,77565.0,False,269.5,-160.70000000000002,85.9
3407,77582.0,False,270.1,-160.60000000000002,86.30000000000001
3408,77599.0,False,270.0,-160.20000000000002,87.4
3409,77621.0,False,269.7,-159.5,89.10000000000001
3410,77632.0,False,89.10000000000001,-21.6,-88.7
3411,77648.0,False,88.5,-23.0,-86.4
3412,77665.0,False,87.80000000000001,-24.700000000000003,-84.2
3413,77682.0,False,87.2,-26.5,-82.2
3414,77717.0,False,86.4,-30.1,-80.2
3415,77734.0,False,86.2,-31.6,-80.30000000000001
3416,77748.0,False,86.10000000000001,-33.0,-81.2
3417,77764.0,False,86.0,-34.2,-82.5
3418,77798.0,False,86.2,-36.1,-85.4
3419,77821.0,False,86.2,-36.800000000000004,-86.4
3420,77832.0,False,86.0,-37.2,-87.2
3421,77852.0,False,85.4,-37.300000000000004,-87.60000000000001
3422,77864.0,False,84.30000000000001,-37.2,-87.60000000000001
3423,77898.0,False,80.7,-36.4,-86.5
3424,77914.0,False,78.30000000000001,-36.1,-85.60000000000001
3425,77932.0,False,75.5,-35.9,-84.4
3426,77954.0,False,72.60000000000001,-35.9,-83.2
3427,77987.0,False,66.4,-36.6,-81.30000000000001
3428,78018.0,False,61.1,-38.5,-80.60000000000001
3429,78031.0,False,59.0,-40.0,-80.9
3430,78065.0,False,55.900000000000006,-43.7,-83.30000000000001
3431,78084.0,False,54.900000000000006,-45.7,-85.0
3432,78099.0,False,54.1,-47.7,-86.9
3433,78114.0,False,53.7,-49.300000000000004,-88.5
3434,78131.0,False,53.7,-50.5,-89.30000000000001
3435,78148.0,False,54.0,-51.400000000000006,-88.80000000000001
3436,78167.0,False,54.2,-51.7,-87.10000000000001
3437,78181.0,False,53.800000000000004,-51.7,-84.7
3438,78217.0,False,50.900000000000006,-50.400000000000006,-79.30000000000001
3439,78233.0,False,49.2,-49.2,-76.9
3440,78248.0,False,47.800000000000004,-47.400000000000006,-75.0
3441,78282.0,False,46.6,-42.800000000000004,-73.9
3442,78300.0,False,46.6,-40.1,-74.8
3443,78332.0,False,46.900000000000006,-34.800000000000004,-77.80000000000001
3444,78348.0,False,46.900000000000006,-32.4,-79.10000000000001
3445,78381.0,False,46.900000000000006,-28.0,-80.4
3446,78398.0,False,47.1,-26.1,-80.30000000000001
3447,78422.0,False,47.5,-24.3,-79.80000000000001
3448,78431.0,False,48.2,-22.900000000000002,-79.10000000000001
3449,78448.0,False,49.1,-21.700000000000003,-78.10000000000001
3450,78483.0,False,51.400000000000006,-20.200000000000003,-74.9
3451,78498.0,False,52.400000000000006,-19.8,-72.5
3452,78516.0,False,52.800000000000004,-19.6,-69.5
3453,78540.0,False,52.7,-19.6,-66.3
3454,78548.0,False,52.1,-19.5,-63.300000000000004
3455,78564.0,False,51.2,-19.400000000000002,-60.800000000000004
3456,78584.0,False,50.2,-19.200000000000003,-58.900000000000006
3457,78599.0,False,49.2,-18.900000000000002,-57.900000000000006
3458,78619.0,False,48.1,-18.7,-57.400000000000006
3459,78649.0,False,46.0,-18.6,-57.6
3460,78664.0,False,44.800000000000004,-19.1,-57.6
3461,78699.0,False,42.1,-21.200000000000003,-57.1
3462,78732.0,False,40.1,-24.3,-56.6
3463,78750.0,False,39.5,-26.200000000000003,-57.0
3464,78765.0,False,39.2,-28.5,-58.0
3465,78782.0,False,39.2,-31.1,-59.900000000000006
3466,78802.0,False,39.400000000000006,-33.800000000000004,-62.6
3467,78817.0,False,39.400000000000006,-36.5,-65.9
3468,78832.0,False,38.7,-39.1,-69.60000000000001
3469,78868.0,False,34.300000000000004,-43.400000000000006,-77.5
3470,78882.0,False,30.900000000000002,-44.800000000000004,-80.60000000000001
3471,78902.0,False,27.400000000000002,-45.5,-82.60000000000001
3472,78915.0,False,24.6,-45.6,-83.0
3473,78940.0,False,22.8,-45.300000000000004,-82.10000000000001
3474,78949.0,False,22.3,-44.800000000000004,-80.0
3475,78964.0,False,22.700000000000003,-44.1,-77.30000000000001
3476,78981.0,False,23.700000000000003,-43.5,-74.5
3477,79018.0,False,26.400000000000002,-42.300000000000004,-68.8
3478,79031.0,False,27.700000000000003,-41.800000000000004,-66.2
3479,79048.0,False,28.8,-41.400000000000006,-63.800000000000004
3480,79065.0,False,29.700000000000003,-41.2,-61.7
3481,79084.0,False,30.400000000000002,-41.0,-60.1
3482,79099.0,False,30.8,-40.900000000000006,-58.900000000000006
3483,79136.0,False,30.900000000000002,-41.0,-58.300000000000004
3484,79170.0,False,29.5,-42.2,-60.2
3485,79182.0,False,28.400000000000002,-43.1,-62.0
3486,79203.0,False,26.900000000000002,-44.1,-64.3
3487,79234.0,False,23.400000000000002,-46.1,-70.3
3488,79248.0,False,21.5,-46.800000000000004,-73.5
3489,79265.0,False,19.900000000000002,-47.1,-76.3
3490,79281.0,False,18.900000000000002,-47.300000000000004,-78.2
3491,79299.0,False,18.900000000000002,-47.300000000000004,-78.80000000000001
3492,79315.0,False,19.8,-47.6,-78.2
3493,79332.0,False,21.5,-48.1,-76.7
3494,79351.0,False,23.6,-48.800000000000004,-74.8
3495,79364.0,False,25.700000000000003,-49.400000000000006,-72.8
3496,79398.0,False,30.0,-49.900000000000006,-69.3
3497,79415.0,False,32.5,-49.7,-67.8
3498,79448.0,False,39.0,-47.900000000000006,-65.5
3499,79468.0,False,42.7,-46.400000000000006,-65.0
3500,79498.0,False,48.800000000000004,-43.0,-65.3
3501,79515.0,False,50.7,-41.400000000000006,-65.9
3502,79539.0,False,52.1,-39.800000000000004,-66.4
3503,79548.0,False,53.300000000000004,-38.2,-66.8
3504,79564.0,False,54.400000000000006,-36.6,-67.0
3505,79582.0,False,55.5,-35.1,-66.8
3506,79598.0,False,56.7,-33.7,-66.4
3507,79614.0,False,58.0,-32.300000000000004,-65.7
3508,79634.0,False,59.300000000000004,-31.1,-64.8
3509,79668.0,False,62.1,-29.200000000000003,-62.900000000000006
3510,79682.0,False,63.5,-28.3,-62.0
3511,79702.0,False,64.8,-27.6,-61.300000000000004
3512,79715.0,False,65.9,-27.1,-60.7
3513,79744.0,False,66.9,-26.700000000000003,-60.5
3514,79755.0,False,67.60000000000001,-26.5,-60.6
3515,79765.0,False,68.10000000000001,-26.5,-61.0
3516,79785.0,False,68.3,-26.5,-61.6
3517,79814.0,False,67.9,-26.8,-63.2
3518,79831.0,False,67.3,-27.1,-64.10000000000001
3519,79849.0,False,67.0,-27.3,-65.10000000000001
3520,79864.0,False,66.8,-27.1,-66.3
3521,79882.0,False,66.8,-26.900000000000002,-67.8
3522,79929.0,False,66.8,-28.6,-71.60000000000001
3523,79949.0,False,66.7,-30.0,-72.5
3524,79982.0,False,66.2,-33.2,-75.3
3525,79998.0,False,65.8,-34.6,-77.30000000000001
3526,80032.0,False,64.10000000000001,-36.300000000000004,-82.10000000000001
3527,80050.0,False,62.400000000000006,-36.6,-84.5
3528,80065.0,False,60.300000000000004,-36.6,-86.60000000000001
3529,80082.0,False,57.900000000000006,-36.4,-88.2
3530,80101.0,False,55.5,-36.1,-89.2
3531,80141.0,False,51.300000000000004,-35.4,-89.5
3532,80148.0,False,49.7,-35.0,-88.9
3533,80169.0,False,48.5,-34.5,-88.0
3534,80199.0,False,47.1,-33.6,-85.80000000000001
3535,80215.0,False,46.900000000000006,-33.2,-84.5
3536,80248.0,False,46.5,-32.4,-82.30000000000001
3537,80264.0,False,46.1,-32.2,-81.4
3538,80298.0,False,44.800000000000004,-32.6,-80.2
3539,80319.0,False,44.0,-33.300000000000004,-80.2
3540,80348.0,False,42.300000000000004,-35.300000000000004,-81.7
3541,80364.0,False,41.800000000000004,-36.800000000000004,-83.30000000000001
3542,80382.0,False,41.800000000000004,-38.5,-85.30000000000001
3543,80398.0,False,42.300000000000004,-40.5,-87.60000000000001
3544,80415.0,False,43.2,-42.7,-89.9
3545,80445.0,False,224.3,-135.1,87.9
3546,80448.0,False,225.20000000000002,-132.9,86.10000000000001
3547,80466.0,False,226.20000000000002,-130.9,84.60000000000001
3548,80484.0,False,227.20000000000002,-129.20000000000002,83.7
3549,80517.0,False,229.4,-127.0,83.4
3550,80531.0,False,230.8,-126.5,83.9
3551,80565.0,False,234.4,-126.9,85.7
3552,80588.0,False,236.3,-127.80000000000001,86.60000000000001
3553,80621.0,False,239.20000000000002,-130.70000000000002,86.9
3554,80631.0,False,240.0,-132.5,86.4
3555,80664.0,False,240.9,-136.5,84.7
3556,80682.0,False,241.20000000000002,-138.4,83.9
3557,80699.0,False,241.4,-140.20000000000002,83.30000000000001
3558,80716.0,False,241.70000000000002,-141.9,82.80000000000001
3559,80740.0,False,242.0,-143.3,82.7
3560,80750.0,False,242.5,-144.6,82.80000000000001
3561,80782.0,False,244.60000000000002,-146.6,83.80000000000001
3562,80800.0,False,246.0,-147.5,84.5
3563,80831.0,False,249.3,-148.9,85.7
3564,80848.0,False,250.9,-149.4,86.2
3565,80882.0,False,253.8,-150.1,86.80000000000001
3566,80898.0,False,255.10000000000002,-150.3,86.80000000000001
3567,80918.0,False,256.2,-150.5,86.5
3568,80933.0,False,257.2,-150.6,86.0
3569,80950.0,False,258.1,-150.70000000000002,85.4
3570,80964.0,False,258.8,-150.70000000000002,84.80000000000001
3571,80981.0,False,259.3,-150.6,84.2
3572,80998.0,False,259.6,-150.3,83.80000000000001
3573,81020.0,False,259.8,-149.9,83.60000000000001
3574,81035.0,False,259.90000000000003,-149.4,83.7
3575,81048.0,False,260.1,-148.70000000000002,84.2
3576,81068.0,False,260.3,-147.9,84.9
3577,81098.0,False,261.0,-146.0,86.80000000000001
3578,81117.0,False,261.3,-144.70000000000002,87.80000000000001
3579,81137.0,False,261.2,-143.4,88.60000000000001
3580,81152.0,False,260.8,-141.9,89.4
3581,81181.0,False,78.7,-41.1,-89.7
3582,81198.0,False,77.2,-42.5,-89.60000000000001
3583,81214.0,False,75.7,-43.7,-89.7
3584,81235.0,False,254.3,-135.4,90.0
3585,81248.0,False,253.20000000000002,-134.70000000000002,89.60000000000001
3586,81266.0,False,252.5,-134.3,89.30000000000001
3587,81281.0,False,252.3,-134.20000000000002,89.0
3588,81316.0,False,252.60000000000002,-134.9,88.80000000000001
3589,81348.0,False,252.8,-135.5,88.9
3590,81371.0,False,252.9,-137.20000000000002,89.60000000000001
3591,81402.0,False,71.8,-40.7,-88.80000000000001
3592,81415.0,False,70.9,-39.6,-87.60000000000001
3593,81431.0,False,70.0,-38.5,-86.30000000000001
3594,81464.0,False,67.9,-37.0,-83.2
3595,81482.0,False,66.7,-36.6,-81.60000000000001
3596,81499.0,False,65.60000000000001,-36.5,-80.0
3597,81519.0,False,64.60000000000001,-36.9,-78.5
3598,81532.0,False,63.7,-37.7,-77.2
3599,81565.0,False,63.0,-38.900000000000006,-76.10000000000001
3600,81581.0,False,62.6,-41.7,-75.0
3601,81602.0,False,63.1,-43.2,-75.10000000000001
3602,81643.0,False,65.2,-46.2,-76.80000000000001
3603,81653.0,False,66.7,-47.800000000000004,-77.9
3604,81683.0,False,70.0,-50.7,-79.80000000000001
3605,81698.0,False,71.4,-51.400000000000006,-80.4
3606,81735.0,False,74.3,-51.7,-80.80000000000001
3607,81748.0,False,75.2,-51.5,-80.7
3608,81768.0,False,75.4,-51.400000000000006,-80.5
3609,81782.0,False,74.7,-51.300000000000004,-80.5
3610,81799.0,False,73.60000000000001,-51.0,-80.60000000000001
3611,81815.0,False,72.5,-50.5,-80.9
3612,81854.0,False,71.3,-49.0,-82.2
3613,81882.0,False,71.2,-48.2,-83.5
3614,81898.0,False,71.7,-46.800000000000004,-86.7
3615,81916.0,False,72.3,-46.2,-88.30000000000001
3616,81948.0,False,254.0,-134.70000000000002,88.9
3617,81964.0,False,255.3,-135.3,87.9
3618,81985.0,False,256.90000000000003,-136.0,87.2
3619,81998.0,False,258.7,-136.9,86.80000000000001
3620,82031.0,False,262.2,-139.20000000000002,87.0
3621,82048.0,False,263.7,-140.6,87.4
3622,82065.0,False,264.8,-142.20000000000002,87.80000000000001
3623,82099.0,False,265.6,-145.6,88.60000000000001
3624,82115.0,False,265.3,-147.0,89.10000000000001
3625,82148.0,False,264.6,-148.20000000000002,89.60000000000001
3626,82164.0,False,82.5,-30.200000000000003,-90.0
3627,82181.0,False,261.40000000000003,-150.5,89.7
3628,82201.0,False,260.40000000000003,-151.1,89.2
3629,82215.0,False,259.7,-151.5,88.60000000000001
3630,82236.0,False,259.2,-151.6,88.2
3631,82265.0,False,258.3,-151.0,87.60000000000001
3632,82281.0,False,257.7,-150.6,87.30000000000001
3633,82299.0,False,257.2,-149.8,87.30000000000001
3634,82315.0,False,256.6,-148.70000000000002,87.80000000000001
3635,82332.0,False,256.1,-147.3,88.7
3636,82366.0,False,75.5,-36.1,-88.60000000000001
3637,82381.0,False,75.4,-37.800000000000004,-87.30000000000001
3638,82400.0,False,75.5,-39.2,-86.2
3639,82434.0,False,75.9,-41.400000000000006,-85.30000000000001
3640,82448.0,False,76.10000000000001,-42.300000000000004,-85.4
3641,82482.0,False,76.0,-44.0,-86.0
3642,82498.0,False,75.9,-44.6,-86.10000000000001
3643,82535.0,False,75.0,-45.300000000000004,-86.0
3644,82548.0,False,74.10000000000001,-45.300000000000004,-85.60000000000001
3645,82565.0,False,73.0,-45.1,-85.2
3646,82582.0,False,71.4,-44.900000000000006,-84.7
3647,82598.0,False,69.5,-44.5,-84.4
3648,82620.0,False,67.2,-44.2,-84.30000000000001
3649,82631.0,False,64.7,-44.1,-84.2
3650,82652.0,False,62.1,-44.1,-84.2
3651,82665.0,False,59.6,-44.300000000000004,-84.30000000000001
3652,82685.0,False,57.2,-44.800000000000004,-84.5
3653,82699.0,False,55.1,-45.5,-84.60000000000001
3654,82717.0,False,53.400000000000006,-46.6,-84.9
3655,82748.0,False,51.800000000000004,-49.7,-85.5
3656,82765.0,False,52.2,-51.7,-85.4
3657,82783.0,False,53.400000000000006,-53.900000000000006,-84.9
3658,82798.0,False,55.5,-56.1,-83.80000000000001
3659,82814.0,False,58.0,-57.7,-82.4
3660,82833.0,False,60.400000000000006,-58.800000000000004,-80.80000000000001
3661,82848.0,False,62.1,-59.400000000000006,-79.5
3662,82865.0,False,62.400000000000006,-59.800000000000004,-78.7
3663,82882.0,False,61.2,-60.1,-78.10000000000001
3664,82899.0,False,58.7,-60.300000000000004,-77.60000000000001
3665,82915.0,False,55.800000000000004,-60.2,-77.0
3666,82935.0,False,53.300000000000004,-59.7,-76.2
3667,82965.0,False,50.400000000000006,-57.300000000000004,-75.2
3668,82998.0,False,50.0,-55.5,-75.4
3669,83015.0,False,50.7,-51.7,-77.5
3670,83035.0,False,51.5,-50.1,-78.9
3671,83064.0,False,53.6,-47.6,-81.9
3672,83082.0,False,54.900000000000006,-46.5,-83.30000000000001
3673,83115.0,False,58.300000000000004,-44.300000000000004,-85.9
3674,83146.0,False,60.400000000000006,-43.1,-87.2
3675,83150.0,False,62.400000000000006,-41.900000000000006,-88.4
3676,83164.0,False,64.2,-40.800000000000004,-89.60000000000001
3677,83186.0,False,245.70000000000002,-140.3,89.4
3678,83199.0,False,246.8,-141.4,88.60000000000001
3679,83233.0,False,247.9,-143.6,87.60000000000001
3680,83248.0,False,248.20000000000002,-144.8,87.4
3681,83268.0,False,248.4,-146.0,87.4
3682,83281.0,False,248.5,-147.3,87.60000000000001
3683,83300.0,False,248.4,-148.6,88.10000000000001
3684,83331.0,False,67.8,-28.5,-89.9
3685,83349.0,False,67.60000000000001,-27.0,-88.2
3686,83366.0,False,67.5,-25.3,-86.4
3687,83381.0,False,67.5,-23.400000000000002,-84.4
3688,83399.0,False,67.8,-21.8,-82.0
3689,83419.0,False,68.2,-20.8,-79.0
3690,83435.0,False,68.8,-20.6,-75.7
3691,83452.0,False,69.60000000000001,-21.0,-72.7
3692,83481.0,False,72.0,-22.5,-69.60000000000001
3693,83498.0,False,73.4,-23.0,-70.2
3694,83515.0,False,74.8,-23.3,-72.10000000000001
3695,83540.0,False,76.2,-23.5,-74.9
3696,83548.0,False,77.5,-23.8,-77.7
3697,83564.0,False,78.60000000000001,-24.3,-79.9
3698,83598.0,False,80.0,-25.1,-81.7
3699,83615.0,False,80.0,-24.700000000000003,-81.5
3700,83633.0,False,79.80000000000001,-23.700000000000003,-80.7
3701,83648.0,False,79.30000000000001,-22.1,-79.30000000000001
3702,83665.0,False,78.7,-19.8,-77.5
3703,83698.0,False,76.80000000000001,-14.200000000000001,-72.3
3704,83717.0,False,75.4,-11.200000000000001,-68.7
3705,83747.0,False,71.5,-5.300000000000001,-59.800000000000004
3706,83767.0,False,69.2,-2.6,-54.5
3707,83782.0,False,66.8,-0.2,-48.900000000000006
3708,83815.0,False,62.0,4.2,-38.400000000000006
3709,83840.0,False,60.1,6.7,-33.9
3710,83867.0,False,57.400000000000006,12.200000000000001,-26.5
3711,83881.0,False,56.5,15.0,-23.8
3712,83915.0,False,55.6,19.900000000000002,-19.900000000000002
3713,83936.0,False,55.5,22.200000000000003,-18.5
3714,83948.0,False,55.7,24.3,-17.400000000000002
3715,83964.0,False,56.0,26.200000000000003,-16.5
3716,83993.0,False,56.6,27.8,-16.1
3717,83998.0,False,57.400000000000006,28.900000000000002,-16.0
3718,84015.0,False,58.300000000000004,29.8,-16.3
3719,84036.0,False,59.2,30.5,-17.0
3720,84065.0,False,60.1,31.200000000000003,-17.8
3721,84085.0,False,61.7,32.7,-18.7
3722,84120.0,False,62.900000000000006,34.1,-18.5
3723,84131.0,False,63.1,34.300000000000004,-18.0
3724,84148.0,False,62.900000000000006,34.1,-17.1
3725,84167.0,False,62.5,33.6,-16.0
3726,84185.0,False,62.1,33.2,-15.0
3727,84198.0,False,61.800000000000004,33.0,-14.3
3728,84216.0,False,61.6,33.0,-13.700000000000001
3729,84232.0,False,61.5,33.1,-13.4
3730,84264.0,False,62.1,33.5,-13.3
3731,84281.0,False,62.5,33.300000000000004,-13.600000000000001
3732,84300.0,False,63.0,33.1,-13.700000000000001
3733,84316.0,False,63.300000000000004,32.800000000000004,-13.600000000000001
3734,84347.0,False,63.400000000000006,32.6,-13.8
3735,84365.0,False,63.2,32.6,-13.9
3736,84399.0,False,62.800000000000004,32.5,-14.4
3737,84414.0,False,62.5,32.300000000000004,-14.9
3738,84434.0,False,62.300000000000004,32.1,-15.5
3739,84448.0,False,62.0,31.700000000000003,-16.2
3740,84466.0,False,61.5,31.1,-17.1
3741,84498.0,False,59.900000000000006,29.1,-18.8
3742,84515.0,False,59.2,27.900000000000002,-19.900000000000002
3743,84535.0,False,58.6,26.6,-20.900000000000002
3744,84548.0,False,58.400000000000006,25.1,-22.200000000000003
3745,84566.0,False,58.1,23.200000000000003,-23.700000000000003
3746,84581.0,False,57.2,20.900000000000002,-25.1
3747,84615.0,False,54.0,15.8,-27.700000000000003
3748,84637.0,False,52.400000000000006,13.200000000000001,-28.900000000000002
3749,84665.0,False,49.7,8.200000000000001,-31.200000000000003
3750,84681.0,False,48.6,5.9,-32.7
3751,84717.0,False,47.400000000000006,2.6,-38.300000000000004
3752,84731.0,False,47.400000000000006,1.5,-41.7
3753,84747.0,False,47.5,0.4,-45.0
3754,84764.0,False,47.6,-0.8,-47.900000000000006
3755,84781.0,False,47.5,-2.2,-50.6
3756,84817.0,False,46.900000000000006,-5.5,-55.2
3757,84831.0,False,46.5,-7.300000000000001,-57.300000000000004
3758,84848.0,False,46.1,-9.1,-59.6
3759,84867.0,False,45.800000000000004,-10.9,-62.1
3760,84882.0,False,45.6,-12.8,-64.5
3761,84900.0,False,45.400000000000006,-14.9,-66.8
3762,84935.0,False,44.6,-20.0,-71.0
3763,84948.0,False,44.300000000000004,-22.8,-73.0
3764,84981.0,False,44.2,-28.200000000000003,-76.7
3765,85014.0,False,44.0,-30.900000000000002,-78.5
3766,85031.0,False,42.6,-36.5,-82.0
3767,85048.0,False,41.7,-39.0,-83.5
3768,85065.0,False,41.2,-41.1,-84.4
3769,85081.0,False,41.5,-42.7,-84.4
3770,85098.0,False,42.400000000000006,-44.0,-83.80000000000001
3771,85115.0,False,43.6,-45.2,-83.0
3772,85135.0,False,45.1,-46.2,-82.0
3773,85148.0,False,46.5,-47.1,-80.9
3774,85165.0,False,47.6,-47.800000000000004,-80.0
3775,85198.0,False,50.1,-48.2,-78.2
3776,85216.0,False,51.900000000000006,-47.6,-77.30000000000001
3777,85249.0,False,57.5,-45.1,-76.3
3778,85265.0,False,60.900000000000006,-43.300000000000004,-76.4
3779,85282.0,False,64.2,-41.400000000000006,-76.9
3780,85298.0,False,67.5,-39.6,-77.60000000000001
3781,85314.0,False,70.4,-37.800000000000004,-78.30000000000001
3782,85333.0,False,73.0,-36.0,-78.9
3783,85352.0,False,75.4,-34.2,-79.5
3784,85365.0,False,77.7,-32.300000000000004,-79.80000000000001
3785,85382.0,False,80.10000000000001,-30.400000000000002,-80.0
3786,85398.0,False,82.5,-28.5,-80.10000000000001
3787,85415.0,False,84.9,-26.700000000000003,-80.10000000000001
3788,85432.0,False,87.2,-25.0,-80.2
3789,85468.0,False,91.10000000000001,-21.900000000000002,-80.7
3790,85481.0,False,92.4,-20.700000000000003,-81.0
3791,85515.0,False,93.9,-19.1,-81.9
3792,85531.0,False,94.10000000000001,-18.6,-82.7
3793,85548.0,False,94.2,-18.3,-83.7
3794,85565.0,False,94.2,-18.0,-85.10000000000001
3795,85582.0,False,94.10000000000001,-17.8,-86.80000000000001
3796,85616.0,False,273.6,-162.5,89.9
3797,85632.0,False,273.3,-162.60000000000002,88.60000000000001
3798,85649.0,False,272.90000000000003,-162.60000000000002,87.9
3799,85665.0,False,272.40000000000003,-162.60000000000002,87.60000000000001
3800,85681.0,False,271.8,-162.8,87.60000000000001
3801,85699.0,False,271.1,-163.10000000000002,88.0
3802,85733.0,False,88.9,-17.0,-89.30000000000001
3803,85748.0,False,87.4,-17.7,-87.5
3804,85782.0,False,84.4,-20.3,-84.0
3805,85798.0,False,82.80000000000001,-22.1,-82.80000000000001
3806,85824.0,False,81.30000000000001,-24.1,-82.10000000000001
3807,85831.0,False,80.0,-26.5,-82.0
3808,85848.0,False,79.10000000000001,-29.1,-82.2
3809,85882.0,False,79.30000000000001,-34.6,-83.0
3810,85898.0,False,80.60000000000001,-37.1,-83.2
3811,85915.0,False,82.5,-39.300000000000004,-83.10000000000001
3812,85939.0,False,84.60000000000001,-41.1,-82.80000000000001
3813,85964.0,False,86.5,-42.7,-82.4
3814,85981.0,False,87.80000000000001,-43.900000000000006,-82.10000000000001
3815,85999.0,False,87.5,-45.300000000000004,-81.60000000000001
3816,86015.0,False,85.9,-45.400000000000006,-81.7
3817,86034.0,False,83.5,-45.400000000000006,-81.9
3818,86048.0,False,80.5,-45.2,-82.2
3819,86064.0,False,77.2,-45.0,-82.4
3820,86097.0,False,70.2,-44.900000000000006,-82.5
3821,86114.0,False,67.10000000000001,-45.0,-82.2
3822,86147.0,False,62.2,-46.1,-81.9
3823,86164.0,False,60.6,-46.900000000000006,-82.10000000000001
3824,86184.0,False,59.800000000000004,-48.0,-82.5
3825,86198.0,False,59.7,-49.2,-83.10000000000001
3826,86214.0,False,60.300000000000004,-50.5,-83.7
3827,86232.0,False,61.6,-51.800000000000004,-84.2
3828,86265.0,False,66.8,-53.800000000000004,-83.30000000000001
3829,86281.0,False,70.3,-54.2,-82.10000000000001
3830,86318.0,False,77.10000000000001,-53.800000000000004,-79.4
3831,86335.0,False,79.30000000000001,-53.400000000000006,-78.2
3832,86365.0,False,80.5,-51.800000000000004,-76.2
3833,86381.0,False,80.2,-50.6,-75.60000000000001
3834,86415.0,False,79.4,-47.300000000000004,-76.3
3835,86439.0,False,79.30000000000001,-45.400000000000006,-78.2
3836,86449.0,False,79.30000000000001,-43.400000000000006,-81.0
3837,86467.0,False,79.5,-41.400000000000006,-84.5
3838,86481.0,False,79.9,-39.400000000000006,-88.10000000000001
3839,86498.0,False,260.5,-142.5,88.80000000000001
3840,86534.0,False,262.1,-146.5,84.10000000000001
3841,86548.0,False,263.3,-148.70000000000002,82.4
3842,86581.0,False,266.3,-153.0,81.2
3843,86598.0,False,267.6,-154.8,81.80000000000001
3844,86618.0,False,268.6,-156.3,82.9
3845,86633.0,False,269.5,-157.4,84.2
3846,86648.0,False,270.1,-158.3,85.7
3847,86668.0,False,270.6,-158.8,87.10000000000001
3848,86682.0,False,271.1,-159.20000000000002,88.2
3849,86702.0,False,271.6,-159.4,88.9
3850,86731.0,False,273.0,-159.4,88.5
3851,86751.0,False,273.90000000000003,-159.20000000000002,87.4
3852,86782.0,False,275.7,-158.60000000000002,84.10000000000001
3853,86798.0,False,276.6,-158.3,82.4
3854,86815.0,False,277.5,-158.0,81.0
3855,86849.0,False,278.90000000000003,-157.5,80.4
3856,86864.0,False,279.1,-157.5,80.9
3857,86898.0,False,278.3,-157.60000000000002,83.0
3858,86915.0,False,277.1,-157.3,84.60000000000001
3859,86935.0,False,275.3,-156.60000000000002,86.5
3860,86948.0,False,273.2,-155.4,88.60000000000001
3861,86966.0,False,90.80000000000001,-26.200000000000003,-89.5
3862,86998.0,False,85.5,-30.200000000000003,-86.5
3863,87015.0,False,82.9,-32.6,-85.60000000000001
3864,87034.0,False,80.4,-35.2,-85.2
3865,87048.0,False,78.2,-38.1,-85.5
3866,87064.0,False,76.0,-41.300000000000004,-86.30000000000001
3867,87081.0,False,73.9,-44.7,-87.7
3868,87115.0,False,250.4,-128.4,88.4
3869,87142.0,False,249.60000000000002,-125.7,86.60000000000001
3870,87167.0,False,249.8,-122.60000000000001,84.0
3871,87181.0,False,249.70000000000002,-121.80000000000001,83.0
3872,87203.0,False,249.0,-121.5,82.0
3873,87215.0,False,247.5,-121.60000000000001,81.10000000000001
3874,87237.0,False,245.3,-122.10000000000001,80.10000000000001
3875,87248.0,False,242.5,-122.80000000000001,79.2
3876,87267.0,False,239.60000000000002,-123.7,78.60000000000001
3877,87281.0,False,236.8,-124.5,78.30000000000001
3878,87318.0,False,232.20000000000002,-125.60000000000001,79.2
3879,87333.0,False,230.3,-125.60000000000001,80.2
3880,87352.0,False,228.9,-125.2,81.4
3881,87381.0,False,227.4,-123.80000000000001,84.10000000000001
3882,87415.0,False,227.0,-122.9,84.9
3883,87433.0,False,226.70000000000002,-121.2,84.7
3884,87448.0,False,227.60000000000002,-120.4,84.5
3885,87481.0,False,233.3,-118.7,86.5
3886,87497.0,False,238.0,-118.0,89.0
3887,87532.0,False,68.2,-62.5,-84.5
3888,87548.0,False,72.3,-62.0,-81.5
3889,87581.0,False,77.9,-59.900000000000006,-78.2
3890,87598.0,False,79.0,-58.5,-78.80000000000001
3891,87615.0,False,79.2,-56.900000000000006,-81.10000000000001
3892,87636.0,False,78.5,-55.0,-84.9
3893,87647.0,False,77.2,-52.900000000000006,-89.7
3894,87664.0,False,255.8,-129.4,85.2
3895,87684.0,False,254.60000000000002,-131.9,80.30000000000001
3896,87698.0,False,253.8,-134.4,76.3
3897,87714.0,False,253.4,-136.9,73.10000000000001
3898,87733.0,False,253.4,-139.3,70.8
3899,87749.0,False,253.9,-141.5,69.5
3900,87765.0,False,254.8,-143.4,69.0
3901,87786.0,False,256.0,-145.0,69.4
3902,87798.0,False,257.40000000000003,-146.4,70.3
3903,87816.0,False,258.7,-147.5,71.60000000000001
3904,87834.0,False,260.0,-148.5,73.10000000000001
3905,87848.0,False,261.1,-149.20000000000002,74.8
3906,87869.0,False,262.0,-149.9,76.4
3907,87881.0,False,262.90000000000003,-150.3,78.0
3908,87915.0,False,264.40000000000003,-150.6,79.80000000000001
3909,87952.0,False,265.7,-150.6,79.4
3910,87964.0,False,266.0,-150.5,78.5
3911,87983.0,False,266.1,-150.5,77.30000000000001
3912,88019.0,False,265.90000000000003,-150.0,75.60000000000001
3913,88033.0,False,265.6,-149.70000000000002,75.2
3914,88048.0,False,265.2,-149.20000000000002,75.3
3915,88105.0,False,264.40000000000003,-145.4,79.5
3916,88125.0,False,264.1,-142.8,81.9
3917,88161.0,False,263.8,-135.6,86.2
3918,88184.0,False,265.1,-128.8,89.30000000000001
3919,88198.0,False,265.6,-126.2,89.9
3920,88231.0,False,264.90000000000003,-122.30000000000001,88.60000000000001
3921,88250.0,False,263.7,-121.10000000000001,87.10000000000001
3922,88266.0,False,262.2,-120.30000000000001,85.60000000000001
3923,88282.0,False,260.6,-119.9,84.4
3924,88298.0,False,259.0,-119.80000000000001,83.4
3925,88332.0,False,255.8,-120.9,82.60000000000001
3926,88350.0,False,254.0,-121.9,82.4
3927,88365.0,False,252.20000000000002,-123.10000000000001,82.4
3928,88381.0,False,250.3,-124.30000000000001,82.5
3929,88399.0,False,248.3,-125.5,82.5
3930,88415.0,False,246.0,-126.7,82.60000000000001
3931,88431.0,False,243.5,-127.7,82.5
3932,88448.0,False,240.8,-128.6,82.30000000000001
3933,88465.0,False,238.10000000000002,-129.20000000000002,82.2
3934,88498.0,False,233.20000000000002,-128.70000000000002,82.5
3935,88516.0,False,231.20000000000002,-127.5,82.9
3936,88553.0,False,229.20000000000002,-123.80000000000001,84.4
3937,88565.0,False,229.60000000000002,-121.5,85.5
3938,88582.0,False,231.20000000000002,-119.2,86.60000000000001
3939,88598.0,False,233.9,-116.9,87.9
3940,88615.0,False,237.8,-114.80000000000001,89.60000000000001
3941,88632.0,False,62.900000000000006,-66.9,-88.2
3942,88647.0,False,69.0,-68.2,-85.5
3943,88664.0,False,75.10000000000001,-68.9,-82.60000000000001
3944,88682.0,False,80.10000000000001,-69.2,-80.30000000000001
3945,88698.0,False,83.0,-69.10000000000001,-79.2
3946,88715.0,False,83.60000000000001,-68.60000000000001,-79.4
3947,88748.0,False,82.7,-67.60000000000001,-80.7
3948,88764.0,False,78.80000000000001,-64.2,-85.5
3949,88781.0,False,76.4,-61.900000000000006,-89.0
3950,88814.0,False,252.0,-123.5,82.9
3951,88835.0,False,250.5,-126.30000000000001,79.10000000000001
3952,88851.0,False,249.5,-129.1,75.8
3953,88865.0,False,249.10000000000002,-131.8,73.2
3954,88881.0,False,249.20000000000002,-134.4,71.3
3955,88898.0,False,249.70000000000002,-136.70000000000002,70.0
3956,88916.0,False,250.70000000000002,-138.70000000000002,69.2
3957,88932.0,False,251.9,-140.4,69.0
3958,88951.0,False,253.3,-141.8,69.2
3959,88965.0,False,254.8,-143.0,69.7
3960,88982.0,False,256.40000000000003,-144.1,70.4
3961,89005.0,False,257.8,-145.0,71.4
3962,89031.0,False,260.40000000000003,-146.70000000000002,73.3
3963,89048.0,False,261.40000000000003,-147.4,74.0
3964,89081.0,False,262.7,-148.3,74.5
3965,89101.0,False,263.0,-148.6,74.2
3966,89138.0,False,263.3,-148.8,73.0
3967,89148.0,False,263.3,-148.9,72.10000000000001
3968,89181.0,False,263.5,-148.8,71.10000000000001
3969,89198.0,False,263.6,-148.4,71.2
3970,89232.0,False,263.7,-147.4,72.8
3971,89252.0,False,263.6,-146.5,74.3
3972,89264.0,False,263.3,-145.3,76.3
3973,89298.0,False,262.0,-142.5,81.0
3974,89317.0,False,260.90000000000003,-141.0,83.5
3975,89349.0,False,257.1,-138.3,88.5
3976,89364.0,False,74.2,-43.1,-89.7
3977,89384.0,False,70.9,-44.6,-88.5
3978,89398.0,False,67.5,-46.0,-88.0
3979,89415.0,False,64.5,-47.300000000000004,-88.10000000000001
3980,89432.0,False,62.1,-48.5,-88.7
3981,89448.0,False,60.6,-49.400000000000006,-89.5
3982,89464.0,False,240.0,-129.8,89.5
3983,89482.0,False,239.9,-129.1,88.60000000000001
3984,89498.0,False,240.10000000000002,-128.4,87.7
3985,89515.0,False,240.3,-127.9,86.9
3986,89531.0,False,240.20000000000002,-127.5,86.30000000000001
3987,89564.0,False,239.10000000000002,-126.9,85.4
3988,89581.0,False,238.10000000000002,-126.7,85.2
3989,89600.0,False,236.9,-126.5,84.9
3990,89615.0,False,235.3,-126.30000000000001,84.60000000000001
3991,89631.0,False,233.4,-126.0,84.10000000000001
3992,89664.0,False,229.3,-124.9,82.80000000000001
3993,89681.0,False,227.20000000000002,-123.9,82.10000000000001
3994,89701.0,False,225.4,-122.7,81.30000000000001
3995,89715.0,False,224.0,-121.30000000000001,80.4
3996,89731.0,False,223.20000000000002,-119.80000000000001,79.60000000000001
3997,89765.0,False,224.0,-117.4,78.4
3998,89783.0,False,225.0,-116.5,77.9
3999,89798.0,False,225.9,-115.80000000000001,77.5
4000,89817.0,False,226.8,-115.5,77.7
4001,89833.0,False,228.0,-115.7,79.0
4002,89850.0,False,229.5,-116.10000000000001,81.60000000000001
4003,89882.0,False,231.9,-117.9,89.2
4004,89915.0,False,53.2,-60.900000000000006,-86.30000000000001
4005,89931.0,False,56.6,-57.0,-79.30000000000001
4006,89949.0,False,58.400000000000006,-54.1,-78.30000000000001
4007,89970.0,False,60.0,-50.900000000000006,-79.30000000000001
4008,89981.0,False,61.0,-47.7,-81.80000000000001
4009,89998.0,False,61.5,-44.7,-85.2
4010,90031.0,False,240.8,-140.6,88.2
4011,90047.0,False,239.9,-143.1,85.60000000000001
4012,90069.0,False,239.10000000000002,-145.70000000000002,83.80000000000001
4013,90081.0,False,238.60000000000002,-148.5,82.7
4014,90100.0,False,238.60000000000002,-151.20000000000002,82.10000000000001
4015,90115.0,False,239.10000000000002,-153.70000000000002,82.10000000000001
4016,90148.0,False,241.0,-158.10000000000002,83.0
4017,90164.0,False,242.10000000000002,-159.9,83.9
4018,90198.0,False,244.3,-162.3,86.10000000000001
4019,90214.0,False,245.3,-163.0,87.0
4020,90253.0,False,247.4,-163.8,88.10000000000001
4021,90264.0,False,248.5,-163.70000000000002,87.9
4022,90298.0,False,250.60000000000002,-162.60000000000002,86.5
4023,90317.0,False,251.4,-161.5,85.30000000000001
4024,90332.0,False,252.0,-160.20000000000002,84.10000000000001
4025,90347.0,False,252.5,-158.60000000000002,83.0
4026,90364.0,False,253.20000000000002,-156.8,82.2
4027,90381.0,False,253.9,-155.0,81.7
4028,90415.0,False,255.5,-151.70000000000002,81.7
4029,90436.0,False,256.1,-149.9,82.60000000000001
4030,90465.0,False,256.8,-146.3,85.80000000000001
4031,90481.0,False,256.8,-144.6,87.80000000000001
4032,90514.0,False,76.0,-38.900000000000006,-88.5
4033,90531.0,False,75.3,-40.800000000000004,-87.2
4034,90549.0,False,74.5,-42.7,-86.5
4035,90565.0,False,73.8,-44.400000000000006,-86.4
4036,90581.0,False,73.4,-45.800000000000004,-86.7
4037,90598.0,False,73.7,-46.800000000000004,-87.0
4038,90615.0,False,74.7,-47.5,-87.0
4039,90632.0,False,76.0,-48.0,-86.80000000000001
4040,90647.0,False,77.4,-48.400000000000006,-86.4
4041,90683.0,False,78.80000000000001,-48.800000000000004,-85.4
4042,90698.0,False,78.5,-48.800000000000004,-85.0
4043,90733.0,False,75.9,-48.6,-84.9
4044,90747.0,False,73.9,-48.400000000000006,-85.30000000000001
4045,90768.0,False,71.4,-48.2,-85.9
4046,90781.0,False,68.8,-48.1,-86.60000000000001
4047,90801.0,False,66.2,-48.0,-87.5
4048,90815.0,False,63.7,-48.0,-88.4
4049,90837.0,False,61.5,-48.300000000000004,-89.2
4050,90848.0,False,59.7,-48.900000000000006,-89.80000000000001
4051,90866.0,False,238.4,-130.20000000000002,89.7
4052,90881.0,False,237.70000000000002,-129.1,89.4
4053,90898.0,False,237.5,-127.9,89.10000000000001
4054,90931.0,False,237.9,-126.7,88.7
4055,90947.0,False,241.0,-124.60000000000001,88.4
4056,90964.0,False,243.9,-123.80000000000001,88.9
4057,90998.0,False,72.5,-57.0,-88.10000000000001
4058,91015.0,False,77.2,-57.1,-85.9
4059,91048.0,False,84.30000000000001,-56.400000000000006,-81.5
4060,91064.0,False,86.10000000000001,-55.5,-80.2
4061,91082.0,False,87.10000000000001,-53.900000000000006,-80.10000000000001
4062,91097.0,False,87.2,-51.6,-81.7
4063,91114.0,False,87.0,-48.800000000000004,-85.0
4064,91135.0,False,87.0,-45.900000000000006,-89.30000000000001
4065,91147.0,False,267.2,-136.8,85.9
4066,91164.0,False,267.6,-139.4,81.4
4067,91181.0,False,268.2,-142.0,77.2
4068,91215.0,False,269.6,-147.6,71.5
4069,91230.0,False,270.3,-150.6,70.5
4070,91264.0,False,270.6,-156.4,71.5
4071,91280.0,False,270.2,-159.0,73.0
4072,91314.0,False,268.40000000000003,-163.4,76.3
4073,91333.0,False,267.40000000000003,-165.20000000000002,77.80000000000001
4074,91367.0,False,265.8,-167.8,79.60000000000001
4075,91381.0,False,265.3,-168.60000000000002,79.7
4076,91414.0,False,265.1,-168.9,78.4
4077,91431.0,False,265.2,-168.60000000000002,77.2
4078,91449.0,False,265.40000000000003,-168.0,76.0
4079,91464.0,False,265.8,-167.3,74.8
4080,91481.0,False,266.1,-166.3,73.8
4081,91499.0,False,266.40000000000003,-165.3,73.3
4082,91533.0,False,266.5,-162.9,73.10000000000001
4083,91551.0,False,266.1,-161.5,73.60000000000001
4084,91582.0,False,265.3,-157.8,76.4
4085,91598.0,False,265.1,-155.20000000000002,78.2
4086,91632.0,False,265.2,-149.1,81.60000000000001
4087,91652.0,False,265.2,-145.8,82.9
4088,91681.0,False,264.8,-139.6,84.10000000000001
4089,91707.0,False,264.40000000000003,-136.8,84.0
4090,91715.0,False,264.1,-134.4,83.9
4091,91731.0,False,264.0,-132.4,83.80000000000001
4092,91747.0,False,264.0,-130.9,84.10000000000001
4093,91765.0,False,264.1,-129.9,84.60000000000001
4094,91798.0,False,263.2,-129.4,85.7
4095,91815.0,False,261.90000000000003,-129.8,86.10000000000001
4096,91850.0,False,257.6,-131.4,86.4
4097,91880.0,False,254.9,-132.4,86.30000000000001
4098,91917.0,False,245.4,-135.1,84.9
4099,91931.0,False,242.4,-135.70000000000002,84.30000000000001
4100,91949.0,False,239.5,-135.9,83.9
4101,91964.0,False,237.10000000000002,-135.6,83.7
4102,91981.0,False,235.20000000000002,-134.8,83.80000000000001
4103,91998.0,False,233.9,-133.4,84.0
4104,92014.0,False,233.10000000000002,-131.70000000000002,84.10000000000001
4105,92031.0,False,233.0,-129.70000000000002,84.30000000000001
4106,92064.0,False,235.4,-125.10000000000001,85.0
4107,92084.0,False,238.60000000000002,-122.80000000000001,86.10000000000001
4108,92116.0,False,69.4,-61.0,-89.0
4109,92133.0,False,76.7,-62.0,-85.4
4110,92168.0,False,90.5,-62.2,-77.7
4111,92182.0,False,95.2,-61.800000000000004,-74.5
4112,92215.0,False,98.5,-60.2,-71.60000000000001
4113,92231.0,False,97.80000000000001,-59.0,-72.60000000000001
4114,92254.0,False,96.10000000000001,-57.6,-75.2
4115,92265.0,False,93.7,-55.900000000000006,-79.2
4116,92281.0,False,91.0,-54.0,-84.0
4117,92315.0,False,88.4,-51.800000000000004,-89.30000000000001
4118,92335.0,False,264.8,-132.9,81.0
4119,92347.0,False,264.0,-135.4,77.0
4120,92382.0,False,264.8,-140.4,71.3
4121,92400.0,False,266.2,-142.8,69.8
4122,92435.0,False,269.7,-147.3,69.0
4123,92448.0,False,271.1,-149.3,69.60000000000001
4124,92468.0,False,272.2,-151.3,70.7
4125,92482.0,False,272.8,-153.1,72.0
4126,92498.0,False,273.0,-154.9,73.60000000000001
4127,92532.0,False,272.6,-157.70000000000002,77.0
4128,92554.0,False,272.2,-158.8,78.30000000000001
4129,92564.0,False,271.90000000000003,-159.8,79.0
4130,92598.0,False,271.3,-161.60000000000002,79.4
4131,92622.0,False,271.1,-162.20000000000002,79.2
4132,92647.0,False,271.2,-162.5,79.0
4133,92667.0,False,271.8,-161.9,79.30000000000001
4134,92683.0,False,272.7,-161.10000000000002,79.80000000000001
4135,92698.0,False,273.8,-160.0,80.60000000000001
4136,92715.0,False,274.7,-158.60000000000002,81.7
4137,92734.0,False,275.2,-156.9,82.9
4138,92750.0,False,275.0,-154.70000000000002,84.30000000000001
4139,92766.0,False,274.40000000000003,-152.1,86.10000000000001
4140,92780.0,False,273.40000000000003,-149.20000000000002,88.10000000000001
4141,92797.0,False,92.4,-34.1,-89.9
4142,92814.0,False,91.60000000000001,-37.4,-88.10000000000001
4143,92834.0,False,91.10000000000001,-40.6,-86.60000000000001
4144,92864.0,False,90.60000000000001,-45.900000000000006,-85.9
4145,92881.0,False,90.30000000000001,-48.2,-86.7
4146,92901.0,False,89.60000000000001,-50.2,-88.10000000000001
4147,92914.0,False,88.7,-52.1,-89.80000000000001
4148,92932.0,False,267.7,-126.2,88.5
4149,92966.0,False,265.1,-123.5,85.7
4150,92981.0,False,263.8,-122.80000000000001,84.7
4151,93015.0,False,261.2,-122.7,83.7
4152,93031.0,False,259.90000000000003,-123.10000000000001,83.60000000000001
4153,93065.0,False,257.40000000000003,-124.2,84.5
4154,93081.0,False,256.0,-124.7,85.4
4155,93122.0,False,252.5,-125.30000000000001,87.4
4156,93131.0,False,250.5,-125.0,88.5
4157,93154.0,False,248.8,-124.30000000000001,90.0
4158,93181.0,False,67.4,-58.6,-85.5
4159,93198.0,False,68.7,-60.2,-82.2
4160,93221.0,False,71.5,-61.7,-78.5
4161,93231.0,False,75.8,-62.900000000000006,-74.3
4162,93248.0,False,81.10000000000001,-63.6,-70.10000000000001
4163,93267.0,False,86.60000000000001,-63.800000000000004,-66.4
4164,93281.0,False,91.5,-63.6,-63.900000000000006
4165,93303.0,False,95.2,-63.300000000000004,-62.800000000000004
4166,93319.0,False,97.2,-63.0,-62.900000000000006
4167,93332.0,False,97.7,-62.900000000000006,-64.10000000000001
4168,93351.0,False,96.9,-62.7,-65.8
4169,93365.0,False,95.2,-62.300000000000004,-67.9
4170,93381.0,False,93.10000000000001,-61.400000000000006,-70.0
4171,93398.0,False,90.80000000000001,-60.0,-72.4
4172,93421.0,False,88.80000000000001,-58.300000000000004,-75.10000000000001
4173,93448.0,False,85.7,-54.800000000000004,-80.7
4174,93470.0,False,84.4,-53.2,-83.7
4175,93497.0,False,82.2,-50.300000000000004,-89.30000000000001
4176,93514.0,False,261.7,-131.0,88.30000000000001
4177,93549.0,False,262.0,-133.1,84.30000000000001
4178,93566.0,False,262.90000000000003,-133.8,82.80000000000001
4179,93582.0,False,264.2,-134.3,81.80000000000001
4180,93598.0,False,265.8,-134.8,81.2
4181,93619.0,False,267.6,-135.3,80.9
4182,93633.0,False,269.40000000000003,-135.8,80.80000000000001
4183,93647.0,False,271.1,-136.20000000000002,80.9
4184,93664.0,False,272.6,-136.8,81.10000000000001
4185,93683.0,False,273.7,-137.3,81.30000000000001
4186,93720.0,False,275.0,-138.6,81.4
4187,93734.0,False,275.3,-139.5,81.10000000000001
4188,93752.0,False,275.2,-140.4,80.7
4189,93765.0,False,275.0,-141.5,80.2
4190,93789.0,False,274.5,-142.70000000000002,79.60000000000001
4191,93815.0,False,273.1,-145.0,79.10000000000001
4192,93832.0,False,272.2,-146.0,79.2
4193,93872.0,False,270.1,-147.6,80.5
4194,93881.0,False,268.90000000000003,-147.9,81.60000000000001
4195,93901.0,False,267.6,-147.70000000000002,83.0
4196,93914.0,False,266.2,-147.20000000000002,84.60000000000001
4197,93931.0,False,264.8,-146.4,86.2
4198,93947.0,False,263.3,-145.3,87.7
4199,93986.0,False,260.1,-142.70000000000002,89.9
4200,94014.0,False,78.5,-39.0,-89.60000000000001
4201,94032.0,False,76.0,-42.800000000000004,-89.5
4202,94048.0,False,75.4,-44.800000000000004,-89.9
4203,94065.0,False,255.5,-133.20000000000002,89.7
4204,94081.0,False,256.3,-131.4,89.30000000000001
4205,94098.0,False,257.8,-129.70000000000002,89.10000000000001
4206,94130.0,False,261.1,-126.9,89.2
4207,94148.0,False,262.2,-125.80000000000001,89.4
4208,94164.0,False,262.6,-124.9,89.4
4209,94185.0,False,262.0,-124.2,89.30000000000001
4210,94197.0,False,260.6,-123.80000000000001,89.10000000000001
4211,94230.0,False,258.6,-123.60000000000001,88.80000000000001
4212,94250.0,False,253.60000000000002,-123.2,88.30000000000001
4213,94267.0,False,250.8,-122.9,88.10000000000001
4214,94298.0,False,246.0,-122.0,87.9
4215,94319.0,False,244.4,-121.30000000000001,88.0
4216,94350.0,False,243.3,-119.4,88.30000000000001
4217,94364.0,False,243.70000000000002,-118.30000000000001,88.5
4218,94398.0,False,246.20000000000002,-116.30000000000001,89.0
4219,94414.0,False,247.70000000000002,-115.60000000000001,88.9
4220,94447.0,False,249.70000000000002,-115.10000000000001,87.60000000000001
4221,94467.0,False,250.10000000000002,-115.30000000000001,86.80000000000001
4222,94480.0,False,250.10000000000002,-115.80000000000001,86.0
4223,94514.0,False,249.3,-117.7,85.5
4224,94548.0,False,249.0,-119.30000000000001,85.9
4225,94565.0,False,249.0,-123.7,86.60000000000001
4226,94581.0,False,249.20000000000002,-126.30000000000001,86.0
4227,94600.0,False,249.5,-129.1,84.4
4228,94614.0,False,249.8,-131.9,81.80000000000001
4229,94631.0,False,250.3,-134.8,78.5
4230,94664.0,False,252.0,-140.70000000000002,71.5
4231,94682.0,False,253.3,-143.6,68.7
4232,94699.0,False,254.70000000000002,-146.4,66.8
4233,94714.0,False,256.2,-149.1,65.8
4234,94733.0,False,257.7,-151.6,65.60000000000001
4235,94747.0,False,259.0,-153.9,66.2
4236,94764.0,False,260.2,-156.10000000000002,67.4
4237,94781.0,False,261.0,-158.0,68.9
4238,94801.0,False,261.6,-159.70000000000002,70.60000000000001
4239,94831.0,False,262.6,-162.3,74.0
4240,94850.0,False,263.1,-163.10000000000002,75.4
4241,94883.0,False,264.40000000000003,-163.5,76.60000000000001
4242,94898.0,False,265.40000000000003,-163.20000000000002,76.2
4243,94932.0,False,267.6,-161.8,73.9
4244,94948.0,False,268.6,-160.70000000000002,72.4
4245,94981.0,False,270.8,-157.9,69.7
4246,95009.0,False,271.7,-156.3,69.10000000000001
4247,95015.0,False,272.5,-154.9,69.0
4248,95035.0,False,273.1,-153.60000000000002,69.7
4249,95047.0,False,273.40000000000003,-152.4,71.4
4250,95065.0,False,273.2,-151.1,73.9
4251,95098.0,False,271.1,-148.1,80.30000000000001
4252,95137.0,False,266.90000000000003,-144.5,86.7
4253,95149.0,False,264.6,-142.6,89.4
4254,95165.0,False,82.30000000000001,-39.5,-88.60000000000001
4255,95198.0,False,78.30000000000001,-43.7,-87.30000000000001
4256,95214.0,False,76.7,-45.7,-88.10000000000001
4257,95247.0,False,255.3,-130.5,89.30000000000001
4258,95264.0,False,255.70000000000002,-128.9,88.10000000000001
4259,95282.0,False,256.8,-127.4,87.30000000000001
4260,95298.0,False,258.1,-126.2,86.7
4261,95327.0,False,259.40000000000003,-125.30000000000001,86.5
4262,95355.0,False,260.7,-124.60000000000001,86.30000000000001
4263,95381.0,False,259.3,-124.80000000000001,86.10000000000001
4264,95414.0,False,255.3,-125.2,86.0
4265,95433.0,False,252.60000000000002,-125.30000000000001,86.10000000000001
4266,95464.0,False,247.20000000000002,-125.0,86.80000000000001
4267,95481.0,False,244.9,-124.5,87.4
4268,95500.0,False,243.0,-123.7,87.9
4269,95518.0,False,241.60000000000002,-122.60000000000001,88.30000000000001
4270,95533.0,False,240.9,-121.30000000000001,88.7
4271,95570.0,False,242.3,-118.5,89.2
4272,95581.0,False,64.9,-62.800000000000004,-89.9
4273,95600.0,False,69.2,-63.7,-88.10000000000001
4274,95634.0,False,81.10000000000001,-63.7,-83.30000000000001
4275,95664.0,False,86.80000000000001,-63.0,-81.30000000000001
4276,95681.0,False,93.0,-61.300000000000004,-80.2
4277,95698.0,False,92.9,-60.300000000000004,-80.9
4278,95725.0,False,91.4,-58.900000000000006,-82.5
4279,95731.0,False,89.2,-57.1,-84.80000000000001
4280,95751.0,False,86.9,-54.900000000000006,-87.80000000000001
4281,95784.0,False,263.0,-130.20000000000002,84.5
4282,95798.0,False,261.7,-132.9,80.60000000000001
4283,95821.0,False,261.0,-135.5,77.10000000000001
4284,95831.0,False,260.7,-138.0,74.3
4285,95882.0,False,261.7,-142.6,70.7
4286,95898.0,False,264.6,-146.3,69.9
4287,95920.0,False,266.2,-147.9,70.2
4288,95951.0,False,269.2,-150.6,71.7
4289,95981.0,False,270.40000000000003,-151.8,72.60000000000001
4290,95997.0,False,271.90000000000003,-153.70000000000002,74.4
4291,96017.0,False,272.40000000000003,-154.5,75.0
4292,96033.0,False,272.8,-155.20000000000002,75.3
4293,96049.0,False,273.1,-155.70000000000002,75.0
4294,96066.0,False,273.40000000000003,-156.20000000000002,74.3
4295,96081.0,False,273.90000000000003,-156.60000000000002,73.4
4296,96097.0,False,274.3,-157.0,72.2
4297,96141.0,False,275.0,-157.3,70.3
4298,96164.0,False,275.40000000000003,-157.0,70.4
4299,96182.0,False,275.40000000000003,-156.70000000000002,71.10000000000001
4300,96216.0,False,275.2,-155.8,74.0
4301,96231.0,False,274.6,-154.9,76.0
4302,96251.0,False,273.7,-153.70000000000002,78.2
4303,96264.0,False,272.40000000000003,-152.3,80.30000000000001
4304,96280.0,False,270.6,-150.70000000000002,82.10000000000001
4305,96317.0,False,266.5,-147.4,84.7
4306,96348.0,False,264.5,-145.6,85.5
4307,96367.0,False,261.40000000000003,-141.70000000000002,86.4
4308,96380.0,False,260.6,-139.70000000000002,86.5
4309,96417.0,False,260.7,-135.8,87.0
4310,96432.0,False,261.6,-134.1,87.5
4311,96466.0,False,262.7,-132.6,88.10000000000001
4312,96480.0,False,264.1,-130.20000000000002,89.30000000000001
4313,96499.0,False,263.90000000000003,-129.4,89.7
4314,96520.0,False,263.0,-128.8,89.9
4315,96533.0,False,261.3,-128.4,89.9
4316,96548.0,False,259.1,-128.1,89.7
4317,96580.0,False,253.8,-127.5,88.9
4318,96601.0,False,250.9,-127.0,88.5
4319,96618.0,False,248.20000000000002,-126.5,88.10000000000001
4320,96631.0,False,245.70000000000002,-125.7,87.9
4321,96664.0,False,242.10000000000002,-123.4,87.5
4322,96681.0,False,240.9,-122.0,87.30000000000001
4323,96698.0,False,240.20000000000002,-120.7,87.30000000000001
4324,96716.0,False,240.10000000000002,-119.60000000000001,87.4
4325,96740.0,False,240.5,-118.9,87.60000000000001
4326,96764.0,False,241.20000000000002,-118.60000000000001,87.80000000000001
4327,96781.0,False,242.3,-118.9,88.0
4328,96798.0,False,244.8,-120.4,88.80000000000001
4329,96815.0,False,246.10000000000002,-121.5,89.4
4330,96833.0,False,67.2,-57.1,-89.9
4331,96848.0,False,68.3,-55.5,-89.10000000000001
4332,96881.0,False,70.4,-51.300000000000004,-87.9
4333,96898.0,False,71.9,-48.800000000000004,-88.10000000000001
4334,96921.0,False,73.7,-46.2,-89.0
4335,96948.0,False,258.2,-138.8,87.4
4336,96965.0,False,260.6,-141.0,85.4
4337,97003.0,False,264.90000000000003,-144.70000000000002,81.80000000000001
4338,97023.0,False,266.7,-146.4,80.4
4339,97032.0,False,268.5,-148.1,79.30000000000001
4340,97064.0,False,271.7,-151.4,78.2
4341,97081.0,False,273.2,-152.9,77.9
4342,97119.0,False,275.3,-155.8,77.5
4343,97134.0,False,276.1,-157.0,77.5
4344,97164.0,False,276.90000000000003,-158.9,77.5
4345,97182.0,False,277.0,-159.5,77.4
4346,97224.0,False,277.5,-160.20000000000002,76.5
4347,97247.0,False,277.8,-160.3,75.4
4348,97265.0,False,278.3,-160.4,74.0
4349,97281.0,False,279.5,-160.60000000000002,71.10000000000001
4350,97297.0,False,280.1,-160.70000000000002,70.4
4351,97319.0,False,280.6,-160.8,70.2
4352,97330.0,False,280.90000000000003,-161.0,70.60000000000001
4353,97348.0,False,280.90000000000003,-161.20000000000002,71.8
4354,97381.0,False,280.0,-161.20000000000002,76.2
4355,97399.0,False,278.90000000000003,-160.70000000000002,78.80000000000001
4356,97419.0,False,277.2,-159.8,81.30000000000001
4357,97433.0,False,275.0,-158.70000000000002,83.4
4358,97448.0,False,272.5,-157.4,85.10000000000001
4359,97482.0,False,267.3,-154.20000000000002,86.80000000000001
4360,97498.0,False,264.8,-152.4,87.10000000000001
4361,97522.0,False,262.5,-150.3,87.2
4362,97547.0,False,259.8,-146.1,87.60000000000001
4363,97564.0,False,259.5,-144.1,88.0
4364,97600.0,False,260.2,-140.5,88.7
4365,97617.0,False,260.40000000000003,-138.8,89.0
4366,97637.0,False,260.3,-137.3,89.10000000000001
4367,97664.0,False,258.0,-134.6,89.2
4368,97681.0,False,256.2,-133.5,89.10000000000001
4369,97698.0,False,254.0,-132.6,89.0
4370,97726.0,False,251.8,-131.6,88.9
4371,97735.0,False,249.5,-130.6,88.9
4372,97747.0,False,247.3,-129.5,88.80000000000001
4373,97766.0,False,245.20000000000002,-128.20000000000002,88.7
4374,97781.0,False,243.20000000000002,-126.80000000000001,88.7
4375,97818.0,False,240.10000000000002,-123.9,88.30000000000001
4376,97831.0,False,239.0,-122.4,87.9
4377,97865.0,False,238.3,-119.4,87.10000000000001
4378,97880.0,False,239.20000000000002,-118.10000000000001,87.5
4379,97921.0,False,64.0,-63.300000000000004,-89.0
4380,97934.0,False,67.5,-63.300000000000004,-86.4
4381,97964.0,False,73.10000000000001,-62.400000000000006,-81.4
4382,97986.0,False,74.60000000000001,-61.300000000000004,-79.10000000000001
4383,98019.0,False,76.2,-57.800000000000004,-76.3
4384,98031.0,False,76.7,-55.6,-76.4
4385,98048.0,False,77.30000000000001,-53.2,-77.7
4386,98065.0,False,77.7,-50.7,-80.30000000000001
4387,98080.0,False,78.2,-48.300000000000004,-83.80000000000001
4388,98098.0,False,78.80000000000001,-45.900000000000006,-87.80000000000001
4389,98122.0,False,259.3,-136.4,88.2
4390,98132.0,False,259.7,-138.70000000000002,84.7
4391,98165.0,False,260.1,-141.1,81.80000000000001
4392,98181.0,False,260.7,-146.0,78.4
4393,98198.0,False,261.1,-148.6,77.7
4394,98218.0,False,261.6,-151.20000000000002,77.4
4395,98231.0,False,262.0,-153.70000000000002,77.60000000000001
4396,98265.0,False,262.40000000000003,-156.0,78.2
4397,98280.0,False,262.5,-159.9,79.7
4398,98298.0,False,262.40000000000003,-161.4,80.60000000000001
4399,98317.0,False,262.2,-162.5,81.7
4400,98332.0,False,261.90000000000003,-163.20000000000002,82.7
4401,98354.0,False,261.8,-163.60000000000002,83.5
4402,98365.0,False,261.90000000000003,-163.70000000000002,84.0
4403,98398.0,False,262.8,-163.70000000000002,84.0
4404,98427.0,False,263.6,-163.60000000000002,83.7
4405,98447.0,False,265.0,-163.5,83.30000000000001
4406,98467.0,False,265.40000000000003,-163.5,83.60000000000001
4407,98498.0,False,264.6,-162.5,85.30000000000001
4408,98517.0,False,263.40000000000003,-161.20000000000002,86.30000000000001
4409,98532.0,False,261.8,-159.5,87.4
4410,98550.0,False,260.0,-157.5,88.80000000000001
4411,98564.0,False,77.80000000000001,-24.8,-89.9
4412,98597.0,False,73.5,-30.400000000000002,-88.60000000000001
4413,98620.0,False,71.9,-33.4,-88.7
4414,98631.0,False,71.3,-36.4,-89.2
4415,98668.0,False,252.8,-138.4,89.2
4416,98697.0,False,254.5,-136.3,88.5
4417,98716.0,False,258.8,-132.70000000000002,88.0
4418,98731.0,False,260.6,-131.20000000000002,88.4
4419,98770.0,False,262.5,-129.1,89.5
4420,98781.0,False,82.2,-51.6,-89.9
4421,98816.0,False,79.0,-52.7,-89.0
4422,98831.0,False,76.3,-53.2,-88.60000000000001
4423,98851.0,False,73.10000000000001,-53.7,-88.5
4424,98865.0,False,69.5,-54.300000000000004,-88.7
4425,98883.0,False,65.9,-55.0,-89.0
4426,98922.0,False,239.20000000000002,-123.10000000000001,90.0
4427,98933.0,False,236.3,-122.0,89.2
4428,98964.0,False,233.5,-120.80000000000001,88.0
4429,98981.0,False,229.60000000000002,-118.60000000000001,85.30000000000001
4430,99014.0,False,229.60000000000002,-117.9,84.9
4431,99032.0,False,235.5,-117.9,87.10000000000001
4432,99047.0,False,240.5,-118.60000000000001,89.30000000000001
4433,99064.0,False,65.5,-60.400000000000006,-88.2
4434,99080.0,False,69.7,-59.2,-85.7
4435,99101.0,False,72.3,-57.800000000000004,-83.60000000000001
4436,99144.0,False,74.10000000000001,-53.900000000000006,-81.60000000000001
4437,99149.0,False,74.2,-51.400000000000006,-82.4
4438,99181.0,False,74.0,-48.800000000000004,-84.4
4439,99198.0,False,253.70000000000002,-136.4,88.4
4440,99216.0,False,253.8,-138.9,84.4
4441,99247.0,False,254.4,-144.0,77.2
4442,99265.0,False,255.0,-146.6,74.60000000000001
4443,99298.0,False,256.8,-151.8,71.7
4444,99324.0,False,257.7,-154.4,71.4
4445,99334.0,False,258.6,-156.8,71.7
4446,99348.0,False,259.3,-159.20000000000002,72.4
4447,99364.0,False,259.8,-161.3,73.4
4448,99397.0,False,260.2,-164.8,76.0
4449,99417.0,False,260.2,-166.0,77.10000000000001
4450,99447.0,False,260.2,-166.70000000000002,77.9
4451,99468.0,False,260.90000000000003,-167.3,77.9
4452,99481.0,False,261.7,-167.4,77.10000000000001
4453,99499.0,False,262.8,-167.4,75.7
4454,99516.0,False,264.0,-167.20000000000002,74.2
4455,99530.0,False,265.1,-166.9,73.0
4456,99564.0,False,266.5,-165.60000000000002,71.7
4457,99581.0,False,266.8,-164.8,72.0
4458,99602.0,False,266.5,-163.8,73.0
4459,99617.0,False,265.8,-162.5,74.5
4460,99631.0,False,264.40000000000003,-160.8,76.3
4461,99648.0,False,262.5,-158.8,78.10000000000001
4462,99664.0,False,260.2,-156.4,80.0
4463,99680.0,False,257.7,-153.70000000000002,81.7
4464,99723.0,False,253.20000000000002,-147.6,84.30000000000001
4465,99737.0,False,251.70000000000002,-144.20000000000002,85.2
4466,99748.0,False,251.0,-140.70000000000002,86.0
4467,99782.0,False,251.3,-137.5,86.7
4468,99797.0,False,252.5,-134.5,87.4
4469,99817.0,False,256.8,-129.6,89.30000000000001
4470,99831.0,False,79.10000000000001,-52.300000000000004,-89.60000000000001
4471,99852.0,False,80.9,-53.7,-88.5
4472,99881.0,False,81.0,-55.7,-87.2
4473,99897.0,False,79.10000000000001,-56.300000000000004,-87.2
4474,99938.0,False,72.2,-57.1,-88.4
4475,99948.0,False,68.0,-57.400000000000006,-89.30000000000001
4476,99980.0,False,239.20000000000002,-121.80000000000001,88.9
4477,99998.0,False,235.20000000000002,-121.30000000000001,88.10000000000001
4478,100022.0,False,231.9,-120.5,87.4
4479,100048.0,False,228.10000000000002,-118.4,86.7
4480,100064.0,False,227.70000000000002,-117.10000000000001,86.7
4481,100098.0,False,231.20000000000002,-114.30000000000001,88.10000000000001
4482,100118.0,False,55.6,-66.7,-89.7
4483,100147.0,False,68.10000000000001,-67.3,-83.0
4484,100164.0,False,74.4,-66.7,-79.9
4485,100182.0,False,79.5,-65.7,-77.5
4486,100198.0,False,82.9,-64.4,-76.10000000000001
4487,100218.0,False,84.80000000000001,-62.900000000000006,-75.5
4488,100248.0,False,84.9,-58.7,-77.4
4489,100264.0,False,84.10000000000001,-56.1,-80.2
4490,100281.0,False,83.10000000000001,-53.300000000000004,-84.10000000000001
4491,100314.0,False,261.90000000000003,-132.70000000000002,86.7
4492,100331.0,False,262.0,-135.70000000000002,82.30000000000001
4493,100368.0,False,262.90000000000003,-141.6,76.0
4494,100381.0,False,263.6,-144.5,74.2
4495,100403.0,False,264.3,-147.4,73.2
4496,100419.0,False,264.90000000000003,-150.3,73.0
4497,100432.0,False,265.3,-153.1,73.5
4498,100464.0,False,265.40000000000003,-158.10000000000002,76.0
4499,100484.0,False,265.0,-160.20000000000002,77.60000000000001
4500,100520.0,False,264.0,-163.8,80.80000000000001
4501,100532.0,False,263.6,-165.20000000000002,81.9
4502,100564.0,False,263.5,-166.20000000000002,82.30000000000001
4503,100581.0,False,263.90000000000003,-167.20000000000002,80.9
4504,100598.0,False,264.5,-167.20000000000002,79.30000000000001
4505,100632.0,False,266.0,-166.4,75.2
4506,100648.0,False,266.90000000000003,-165.60000000000002,73.3
4507,100667.0,False,267.8,-164.70000000000002,71.8
4508,100681.0,False,268.7,-163.60000000000002,70.8
4509,100703.0,False,269.40000000000003,-162.5,70.5
4510,100740.0,False,270.0,-160.0,72.5
4511,100764.0,False,268.40000000000003,-157.0,76.3
4512,100781.0,False,266.7,-155.4,78.4
4513,100798.0,False,264.6,-153.8,80.5
4514,100822.0,False,262.3,-152.1,82.4
4515,100849.0,False,257.2,-148.5,85.2
4516,100864.0,False,254.60000000000002,-146.6,85.80000000000001
4517,100898.0,False,250.20000000000002,-142.5,86.4
4518,100918.0,False,248.70000000000002,-140.1,86.60000000000001
4519,100932.0,False,247.8,-137.70000000000002,86.9
4520,100948.0,False,247.4,-135.3,87.30000000000001
4521,100963.0,False,247.60000000000002,-133.1,87.7
4522,100999.0,False,248.4,-129.1,88.80000000000001
4523,101015.0,False,248.5,-127.2,89.30000000000001
4524,101031.0,False,248.3,-125.5,89.80000000000001
4525,101047.0,False,67.5,-56.2,-89.9
4526,101063.0,False,66.2,-57.7,-89.7
4527,101080.0,False,64.4,-59.2,-89.80000000000001
4528,101117.0,False,239.3,-118.2,89.30000000000001
4529,101136.0,False,236.4,-117.10000000000001,88.5
4530,101164.0,False,230.60000000000002,-114.9,86.4
4531,101181.0,False,228.10000000000002,-113.9,85.2
4532,101214.0,False,225.0,-112.10000000000001,83.10000000000001
4533,101230.0,False,225.0,-111.4,82.80000000000001
4534,101264.0,False,228.60000000000002,-110.80000000000001,84.4
4535,101280.0,False,231.8,-111.2,86.10000000000001
4536,101307.0,False,235.10000000000002,-111.9,87.7
4537,101314.0,False,238.0,-112.9,89.10000000000001
4538,101339.0,False,60.300000000000004,-65.60000000000001,-89.7
4539,101348.0,False,62.1,-63.800000000000004,-88.5
4540,101363.0,False,63.5,-61.400000000000006,-87.80000000000001
4541,101380.0,False,64.60000000000001,-58.6,-87.7
4542,101398.0,False,65.60000000000001,-55.300000000000004,-88.60000000000001
4543,101432.0,False,247.4,-131.6,86.7
4544,101449.0,False,248.3,-135.1,83.60000000000001
4545,101480.0,False,250.0,-141.8,77.9
4546,101498.0,False,251.0,-145.20000000000002,75.9
4547,101533.0,False,252.9,-151.9,73.8
4548,101548.0,False,253.9,-155.0,73.7
4549,101581.0,False,255.5,-160.70000000000002,75.3
4550,101598.0,False,256.0,-163.10000000000002,76.60000000000001
4551,101616.0,False,256.5,-165.4,77.9
4552,101631.0,False,256.90000000000003,-167.3,79.30000000000001
4553,101648.0,False,257.3,-168.8,80.4
4554,101664.0,False,257.7,-169.8,81.10000000000001
4555,101699.0,False,258.5,-170.4,80.5
4556,101715.0,False,259.2,-170.20000000000002,79.0
4557,101747.0,False,260.2,-169.8,76.9
4558,101769.0,False,261.6,-169.3,74.4
4559,101797.0,False,266.8,-167.20000000000002,68.4
4560,101822.0,False,268.2,-166.5,67.8
4561,101849.0,False,269.7,-165.3,69.60000000000001
4562,101865.0,False,269.5,-164.60000000000002,71.60000000000001
4563,101884.0,False,268.7,-163.70000000000002,74.10000000000001
4564,101898.0,False,267.40000000000003,-162.5,76.9
4565,101918.0,False,265.6,-161.0,79.60000000000001
4566,101931.0,False,263.5,-159.3,82.0
4567,101964.0,False,259.1,-155.20000000000002,85.60000000000001
4568,101981.0,False,257.2,-152.70000000000002,86.80000000000001
4569,102017.0,False,254.9,-147.3,88.10000000000001
4570,102036.0,False,254.8,-144.5,88.5
4571,102065.0,False,256.1,-139.5,89.10000000000001
4572,102081.0,False,257.2,-137.3,89.5
4573,102115.0,False,78.60000000000001,-46.6,-89.30000000000001
4574,102138.0,False,78.5,-48.2,-88.5
4575,102153.0,False,77.80000000000001,-49.800000000000004,-87.80000000000001
4576,102164.0,False,76.3,-51.300000000000004,-87.2
4577,102182.0,False,74.2,-52.800000000000004,-86.7
4578,102198.0,False,71.7,-54.300000000000004,-86.5
4579,102232.0,False,65.4,-57.400000000000006,-87.2
4580,102249.0,False,62.0,-59.2,-88.10000000000001
4581,102280.0,False,235.70000000000002,-116.80000000000001,89.60000000000001
4582,102298.0,False,233.5,-114.5,88.60000000000001
4583,102342.0,False,233.60000000000002,-109.80000000000001,88.80000000000001
4584,102349.0,False,57.900000000000006,-72.3,-88.2
4585,102365.0,False,65.5,-73.7,-82.5
4586,102381.0,False,75.4,-74.2,-75.0
4587,102398.0,False,85.30000000000001,-73.7,-67.8
4588,102414.0,False,93.0,-72.60000000000001,-62.6
4589,102431.0,False,97.4,-71.10000000000001,-59.900000000000006
4590,102448.0,False,98.9,-69.5,-59.2
4591,102464.0,False,97.9,-67.60000000000001,-60.2
4592,102484.0,False,95.10000000000001,-65.10000000000001,-62.7
4593,102497.0,False,91.5,-62.1,-66.5
4594,102515.0,False,87.7,-58.6,-71.3
4595,102548.0,False,81.30000000000001,-50.7,-83.0
4596,102571.0,False,79.10000000000001,-46.400000000000006,-88.80000000000001
4597,102598.0,False,256.7,-142.20000000000002,82.2
4598,102633.0,False,256.0,-146.4,79.5
4599,102647.0,False,255.5,-154.5,77.4
4600,102664.0,False,255.60000000000002,-158.20000000000002,77.80000000000001
4601,102682.0,False,255.70000000000002,-161.60000000000002,78.9
4602,102698.0,False,255.9,-164.70000000000002,80.30000000000001
4603,102715.0,False,256.0,-167.4,82.0
4604,102748.0,False,256.2,-171.9,85.10000000000001
4605,102763.0,False,256.2,-173.5,86.30000000000001
4606,102787.0,False,256.2,-174.70000000000002,87.10000000000001
4607,102815.0,False,256.6,-175.8,86.5
4608,102837.0,False,257.0,-175.8,85.10000000000001
4609,102863.0,False,258.90000000000003,-174.9,80.80000000000001
4610,102880.0,False,260.2,-174.10000000000002,78.30000000000001
4611,102914.0,False,263.1,-172.10000000000002,74.0
4612,102931.0,False,264.3,-171.0,72.8
4613,102964.0,False,265.3,-168.4,73.3
4614,102983.0,False,264.8,-166.8,74.8
4615,103015.0,False,261.7,-162.70000000000002,78.9
4616,103032.0,False,259.40000000000003,-160.4,80.9
4617,103047.0,False,256.7,-158.0,82.7
4618,103080.0,False,251.60000000000002,-152.5,85.4
4619,103098.0,False,249.4,-149.3,86.4
4620,103135.0,False,246.9,-142.70000000000002,87.7
4621,103151.0,False,246.70000000000002,-139.6,88.30000000000001
4622,103180.0,False,247.8,-134.3,89.4
4623,103197.0,False,248.60000000000002,-132.1,90.0
4624,103230.0,False,68.7,-51.400000000000006,-89.10000000000001
4625,103251.0,False,67.4,-52.900000000000006,-89.0
4626,103264.0,False,65.10000000000001,-54.1,-89.30000000000001
4627,103282.0,False,62.0,-55.1,-90.0
4628,103297.0,False,238.3,-124.0,89.0
4629,103315.0,False,234.3,-123.2,87.80000000000001
4630,103339.0,False,229.9,-122.30000000000001,86.5
4631,103349.0,False,225.5,-121.4,85.10000000000001
4632,103381.0,False,221.4,-120.30000000000001,83.80000000000001
4633,103397.0,False,214.9,-117.80000000000001,81.9
4634,103414.0,False,213.3,-116.4,81.4
4635,103447.0,False,214.70000000000002,-113.30000000000001,82.30000000000001
4636,103463.0,False,218.0,-111.80000000000001,84.30000000000001
4637,103481.0,False,222.70000000000002,-110.60000000000001,87.4
4638,103497.0,False,48.5,-70.10000000000001,-88.7
4639,103515.0,False,55.1,-70.3,-84.30000000000001
4640,103543.0,False,61.1,-70.0,-80.10000000000001
4641,103547.0,False,65.8,-69.3,-77.10000000000001
4642,103564.0,False,68.7,-68.3,-75.4
4643,103584.0,False,70.3,-66.9,-74.8
4644,103613.0,False,71.10000000000001,-65.2,-74.8
4645,103630.0,False,71.4,-60.5,-77.2
4646,103664.0,False,71.7,-54.5,-83.60000000000001
4647,103680.0,False,72.3,-51.2,-87.9
4648,103715.0,False,254.4,-134.9,83.60000000000001
4649,103767.0,False,258.6,-143.4,76.5
4650,103780.0,False,259.90000000000003,-146.20000000000002,75.8
4651,103797.0,False,261.0,-148.9,75.7
4652,103814.0,False,261.8,-151.6,75.9
4653,103838.0,False,262.1,-154.10000000000002,76.60000000000001
4654,103848.0,False,261.90000000000003,-156.4,77.4
4655,103881.0,False,260.40000000000003,-160.5,79.0
4656,103898.0,False,259.3,-161.9,79.5
4657,103930.0,False,258.8,-160.70000000000002,79.9
4658,103951.0,False,260.6,-159.10000000000002,80.7
4659,103983.0,False,266.3,-158.20000000000002,79.9
4660,103998.0,False,268.8,-158.3,78.60000000000001
4661,104015.0,False,270.0,-158.0,77.7
4662,104035.0,False,270.0,-157.60000000000002,77.10000000000001
4663,104047.0,False,269.5,-157.60000000000002,76.80000000000001
4664,104067.0,False,269.0,-158.20000000000002,76.60000000000001
4665,104081.0,False,268.6,-159.3,76.7
4666,104100.0,False,268.0,-160.5,77.4
4667,104115.0,False,266.90000000000003,-161.5,78.60000000000001
4668,104153.0,False,263.0,-163.5,82.10000000000001
4669,104164.0,False,260.6,-164.5,84.0
4670,104184.0,False,257.90000000000003,-165.20000000000002,85.80000000000001
4671,104198.0,False,255.10000000000002,-165.60000000000002,87.30000000000001
4672,104215.0,False,252.20000000000002,-165.5,88.60000000000001
4673,104247.0,False,65.8,-16.2,-89.60000000000001
4674,104270.0,False,62.5,-17.5,-88.7
4675,104281.0,False,59.0,-18.7,-87.60000000000001
4676,104301.0,False,55.5,-19.8,-86.4
4677,104314.0,False,51.800000000000004,-21.1,-85.0
4678,104336.0,False,48.1,-22.700000000000003,-83.9
4679,104347.0,False,44.400000000000006,-24.5,-83.10000000000001
4680,104364.0,False,40.800000000000004,-26.400000000000002,-82.80000000000001
4681,104384.0,False,37.300000000000004,-28.3,-83.10000000000001
4682,104414.0,False,31.200000000000003,-32.4,-85.30000000000001
4683,104434.0,False,28.8,-34.6,-86.80000000000001
4684,104464.0,False,26.900000000000002,-36.9,-88.2
4685,104484.0,False,204.3,-138.5,89.5
4686,104519.0,False,202.70000000000002,-134.8,87.80000000000001
4687,104532.0,False,202.10000000000002,-133.0,87.0
4688,104548.0,False,201.4,-131.0,86.30000000000001
4689,104564.0,False,200.70000000000002,-128.9,85.80000000000001
4690,104580.0,False,200.10000000000002,-127.0,85.4
4691,104614.0,False,201.3,-124.4,86.5
4692,104630.0,False,203.5,-123.80000000000001,87.9
4693,104651.0,False,206.60000000000002,-123.5,89.80000000000001
4694,104664.0,False,30.700000000000003,-56.400000000000006,-87.80000000000001
4695,104682.0,False,35.7,-55.800000000000004,-85.10000000000001
4696,104719.0,False,48.6,-52.300000000000004,-80.2
4697,104731.0,False,56.1,-49.400000000000006,-79.30000000000001
4698,104747.0,False,63.5,-46.300000000000004,-79.7
4699,104767.0,False,70.3,-43.2,-81.2
4700,104781.0,False,76.2,-40.400000000000006,-83.2
4701,104798.0,False,80.80000000000001,-38.0,-85.30000000000001
4702,104834.0,False,85.9,-33.9,-89.10000000000001
4703,104848.0,False,266.8,-148.1,89.30000000000001
4704,104868.0,False,267.2,-150.20000000000002,87.9
4705,104881.0,False,267.3,-152.4,86.7
4706,104900.0,False,267.2,-154.70000000000002,85.80000000000001
4707,104915.0,False,267.2,-157.0,85.10000000000001
4708,104930.0,False,267.1,-159.20000000000002,84.60000000000001
4709,104948.0,False,266.90000000000003,-161.20000000000002,84.30000000000001
4710,104963.0,False,266.5,-162.8,84.2
4711,104998.0,False,265.6,-164.9,84.0
4712,105013.0,False,265.2,-165.4,83.60000000000001
4713,105033.0,False,264.90000000000003,-165.60000000000002,82.80000000000001
4714,105048.0,False,264.7,-165.5,81.60000000000001
4715,105064.0,False,264.7,-165.20000000000002,80.10000000000001
4716,105097.0,False,265.0,-164.20000000000002,76.80000000000001
4717,105114.0,False,265.3,-163.8,75.4
4718,105147.0,False,265.6,-163.3,73.60000000000001
4719,105164.0,False,265.5,-163.0,74.0
4720,105182.0,False,265.1,-162.4,75.2
4721,105197.0,False,264.40000000000003,-161.5,77.10000000000001
4722,105214.0,False,263.5,-160.4,79.10000000000001
4723,105234.0,False,262.40000000000003,-159.10000000000002,81.0
4724,105264.0,False,259.7,-156.10000000000002,84.10000000000001
4725,105282.0,False,258.3,-154.20000000000002,85.4
4726,105315.0,False,256.2,-149.3,87.7
4727,105330.0,False,255.9,-146.4,88.80000000000001
4728,105367.0,False,256.1,-143.4,90.0
4729,105380.0,False,77.80000000000001,-42.5,-87.7
4730,105414.0,False,79.9,-47.800000000000004,-85.9
4731,105430.0,False,80.5,-50.2,-85.2
4732,105452.0,False,80.4,-52.6,-84.80000000000001
4733,105464.0,False,79.60000000000001,-54.800000000000004,-84.60000000000001
4734,105480.0,False,78.30000000000001,-56.800000000000004,-84.60000000000001
4735,105514.0,False,76.4,-58.5,-85.0
4736,105530.0,False,71.5,-61.2,-86.30000000000001
4737,105548.0,False,68.9,-62.1,-87.2
4738,105580.0,False,64.4,-63.5,-88.5
4739,105598.0,False,62.800000000000004,-63.900000000000006,-88.7
4740,105637.0,False,61.1,-64.4,-88.2
4741,105647.0,False,60.800000000000004,-64.4,-87.80000000000001
4742,105669.0,False,60.900000000000006,-64.2,-87.4
4743,105680.0,False,61.400000000000006,-63.800000000000004,-86.80000000000001
4744,105698.0,False,62.2,-63.300000000000004,-86.10000000000001
4745,105737.0,False,64.4,-61.6,-84.60000000000001
4746,105747.0,False,65.4,-60.6,-83.7
4747,105768.0,False,66.10000000000001,-59.5,-82.80000000000001
4748,105797.0,False,66.7,-56.800000000000004,-81.30000000000001
4749,105814.0,False,67.2,-55.0,-80.80000000000001
4750,105847.0,False,69.10000000000001,-50.7,-81.60000000000001
4751,105864.0,False,70.4,-48.300000000000004,-83.5
4752,105897.0,False,253.4,-136.4,89.60000000000001
4753,105914.0,False,254.70000000000002,-138.6,85.4
4754,105934.0,False,255.9,-140.70000000000002,81.30000000000001
4755,105953.0,False,256.90000000000003,-142.9,77.7
4756,105963.0,False,257.8,-145.1,75.0
4757,105997.0,False,259.3,-149.6,72.4
4758,106022.0,False,260.0,-151.8,72.4
4759,106032.0,False,260.6,-153.9,73.0
4760,106047.0,False,261.0,-155.8,74.2
4761,106064.0,False,261.40000000000003,-157.60000000000002,75.7
4762,106080.0,False,261.5,-159.3,77.4
4763,106114.0,False,261.40000000000003,-162.0,80.9
4764,106138.0,False,261.3,-163.0,82.2
4765,106166.0,False,261.1,-164.10000000000002,82.80000000000001
4766,106180.0,False,261.2,-164.4,82.10000000000001
4767,106209.0,False,261.90000000000003,-164.5,79.10000000000001
4768,106233.0,False,262.40000000000003,-164.3,77.5
4769,106248.0,False,263.0,-164.0,76.10000000000001
4770,106265.0,False,263.6,-163.60000000000002,75.0
4771,106280.0,False,264.0,-163.10000000000002,74.5
4772,106298.0,False,264.3,-162.5,74.60000000000001
4773,106319.0,False,264.0,-161.70000000000002,75.60000000000001
4774,106330.0,False,263.3,-160.5,77.30000000000001
4775,106363.0,False,262.0,-158.8,79.30000000000001
4776,106380.0,False,258.0,-154.8,83.5
4777,106399.0,False,255.60000000000002,-152.4,85.30000000000001
4778,106434.0,False,250.70000000000002,-147.0,88.0
4779,106447.0,False,248.70000000000002,-144.20000000000002,88.80000000000001
4780,106467.0,False,247.3,-141.4,89.4
4781,106480.0,False,246.60000000000002,-138.6,89.80000000000001
4782,106505.0,False,66.60000000000001,-44.1,-89.80000000000001
4783,106530.0,False,68.2,-48.800000000000004,-89.2
4784,106549.0,False,69.4,-50.7,-88.80000000000001
4785,106564.0,False,70.5,-52.300000000000004,-88.30000000000001
4786,106580.0,False,71.2,-53.5,-87.9
4787,106597.0,False,71.4,-54.5,-87.60000000000001
4788,106613.0,False,70.7,-55.2,-87.60000000000001
4789,106633.0,False,69.3,-55.7,-88.0
4790,106647.0,False,67.3,-56.0,-88.60000000000001
4791,106663.0,False,64.9,-56.2,-89.2
4792,106696.0,False,239.70000000000002,-123.30000000000001,89.9
4793,106714.0,False,237.0,-122.80000000000001,89.7
4794,106739.0,False,234.4,-122.10000000000001,89.7
4795,106746.0,False,232.0,-121.30000000000001,89.60000000000001
4796,106763.0,False,230.0,-120.30000000000001,89.60000000000001
4797,106780.0,False,228.60000000000002,-119.0,89.60000000000001
4798,106796.0,False,227.8,-117.60000000000001,89.5
4799,106814.0,False,227.9,-116.0,89.7
4800,106831.0,False,49.2,-65.60000000000001,-89.7
4801,106847.0,False,52.0,-67.10000000000001,-88.10000000000001
4802,106866.0,False,56.7,-68.0,-85.4
4803,106881.0,False,62.900000000000006,-68.3,-81.9
4804,106913.0,False,76.0,-67.2,-75.3
4805,106935.0,False,81.10000000000001,-66.0,-73.2
4806,106964.0,False,87.7,-62.300000000000004,-71.8
4807,106980.0,False,89.5,-60.0,-72.8
4808,107013.0,False,90.80000000000001,-54.5,-79.60000000000001
4809,107032.0,False,90.9,-51.6,-85.0
4810,107064.0,False,270.5,-134.20000000000002,83.2
4811,107080.0,False,270.2,-137.0,78.10000000000001
4812,107099.0,False,269.8,-139.9,74.0
4813,107114.0,False,269.5,-142.8,71.0
4814,107141.0,False,269.40000000000003,-145.8,69.10000000000001
4815,107147.0,False,269.3,-148.70000000000002,68.3
4816,107181.0,False,269.1,-154.5,69.10000000000001
4817,107198.0,False,268.90000000000003,-157.10000000000002,70.4
4818,107230.0,False,268.0,-161.70000000000002,74.2
4819,107266.0,False,266.90000000000003,-165.10000000000002,78.2
4820,107281.0,False,266.5,-166.20000000000002,79.80000000000001
4821,107299.0,False,266.3,-167.0,80.7
4822,107336.0,False,266.7,-167.9,80.10000000000001
4823,107347.0,False,267.3,-168.10000000000002,78.9
4824,107374.0,False,268.2,-168.10000000000002,77.2
4825,107380.0,False,269.3,-167.9,75.3
4826,107401.0,False,270.6,-167.4,73.60000000000001
4827,107415.0,False,272.0,-166.60000000000002,72.3
4828,107448.0,False,274.6,-164.70000000000002,71.60000000000001
4829,107464.0,False,275.40000000000003,-163.60000000000002,72.3
4830,107497.0,False,275.2,-160.70000000000002,75.60000000000001
4831,107514.0,False,274.0,-158.9,77.7
4832,107536.0,False,272.2,-156.9,79.9
4833,107552.0,False,270.0,-154.60000000000002,82.10000000000001
4834,107564.0,False,267.40000000000003,-152.20000000000002,84.0
4835,107602.0,False,262.3,-146.9,86.80000000000001
4836,107638.0,False,258.3,-141.1,88.5
4837,107647.0,False,257.1,-138.0,89.30000000000001
4838,107663.0,False,76.80000000000001,-45.0,-89.80000000000001
4839,107697.0,False,78.4,-50.400000000000006,-87.7
4840,107713.0,False,79.9,-52.6,-86.5
4841,107731.0,False,81.4,-54.5,-85.30000000000001
4842,107764.0,False,83.10000000000001,-57.5,-83.7
4843,107780.0,False,82.7,-58.6,-83.4
4844,107813.0,False,79.10000000000001,-60.0,-84.2
4845,107834.0,False,76.3,-60.300000000000004,-85.2
4846,107853.0,False,73.0,-60.5,-86.4
4847,107864.0,False,69.4,-60.6,-87.5
4848,107884.0,False,65.5,-60.900000000000006,-88.5
4849,107918.0,False,57.6,-61.900000000000006,-89.9
4850,107931.0,False,233.8,-117.30000000000001,89.5
4851,107948.0,False,230.4,-116.4,88.9
4852,107965.0,False,227.8,-115.4,88.30000000000001
4853,107981.0,False,226.3,-114.4,88.0
4854,107999.0,False,226.3,-113.4,88.2
4855,108030.0,False,51.2,-68.2,-89.0
4856,108051.0,False,55.900000000000006,-68.8,-86.0
4857,108082.0,False,66.5,-68.9,-78.9
4858,108097.0,False,71.10000000000001,-68.4,-75.7
4859,108118.0,False,75.0,-67.60000000000001,-72.8
4860,108137.0,False,78.2,-66.2,-70.7
4861,108153.0,False,80.4,-64.4,-69.9
4862,108181.0,False,81.80000000000001,-60.0,-73.8
4863,108197.0,False,81.4,-57.6,-78.5
4864,108234.0,False,259.7,-127.30000000000001,89.9
4865,108247.0,False,258.90000000000003,-129.8,84.2
4866,108264.0,False,258.5,-132.5,79.30000000000001
4867,108297.0,False,259.1,-137.8,72.5
4868,108318.0,False,259.90000000000003,-140.6,70.60000000000001
4869,108347.0,False,261.90000000000003,-146.1,69.60000000000001
4870,108363.0,False,262.40000000000003,-148.70000000000002,70.3
4871,108383.0,False,262.5,-151.3,71.60000000000001
4872,108397.0,False,262.2,-153.60000000000002,73.4
4873,108413.0,False,261.40000000000003,-155.70000000000002,75.7
4874,108444.0,False,260.40000000000003,-157.60000000000002,78.0
4875,108447.0,False,259.3,-159.3,80.0
4876,108463.0,False,258.3,-160.70000000000002,81.4
4877,108497.0,False,256.90000000000003,-163.3,81.9
4878,108513.0,False,256.5,-164.4,81.10000000000001
4879,108547.0,False,256.40000000000003,-165.4,80.0
4880,108564.0,False,256.6,-166.60000000000002,77.80000000000001
4881,108581.0,False,256.8,-166.9,77.0
4882,108617.0,False,257.5,-166.9,77.10000000000001
4883,108630.0,False,257.6,-166.20000000000002,78.2
4884,108665.0,False,257.2,-163.3,82.10000000000001
4885,108681.0,False,256.5,-161.20000000000002,84.4
4886,108700.0,False,255.3,-158.60000000000002,86.60000000000001
4887,108714.0,False,253.8,-155.70000000000002,88.7
4888,108736.0,False,72.10000000000001,-27.6,-89.5
4889,108763.0,False,69.2,-34.800000000000004,-87.4
4890,108780.0,False,68.5,-38.400000000000006,-87.10000000000001
4891,108814.0,False,68.5,-42.0,-87.10000000000001
4892,108830.0,False,71.2,-48.5,-87.30000000000001
4893,108849.0,False,73.60000000000001,-51.5,-87.2
4894,108881.0,False,78.80000000000001,-56.5,-86.10000000000001
4895,108897.0,False,80.7,-58.5,-85.5
4896,108933.0,False,81.0,-61.2,-85.10000000000001
4897,108947.0,False,79.2,-62.0,-85.5
4898,108965.0,False,76.3,-62.5,-86.4
4899,108993.0,False,72.5,-62.6,-87.60000000000001
4900,108998.0,False,68.2,-62.6,-88.9
4901,109017.0,False,63.800000000000004,-62.5,-89.9
4902,109033.0,False,239.3,-117.5,89.2
4903,109047.0,False,234.9,-117.2,88.7
4904,109064.0,False,230.9,-116.60000000000001,88.30000000000001
4905,109098.0,False,224.9,-114.9,87.60000000000001
4906,109115.0,False,223.3,-114.0,87.4
4907,109143.0,False,223.3,-113.0,87.4
4908,109147.0,False,224.9,-112.0,88.10000000000001
4909,109182.0,False,228.4,-111.2,89.7
4910,109197.0,False,59.800000000000004,-69.4,-84.0
4911,109223.0,False,66.3,-69.0,-80.30000000000001
4912,109235.0,False,72.10000000000001,-68.0,-76.9
4913,109247.0,False,76.80000000000001,-66.60000000000001,-74.2
4914,109268.0,False,80.30000000000001,-64.7,-72.60000000000001
4915,109281.0,False,82.5,-62.5,-72.3
4916,109297.0,False,83.30000000000001,-59.900000000000006,-73.7
4917,109314.0,False,83.0,-57.2,-77.0
4918,109350.0,False,80.4,-51.400000000000006,-87.9
4919,109381.0,False,257.2,-134.8,80.60000000000001
4920,109414.0,False,255.5,-141.3,73.2
4921,109438.0,False,255.4,-144.5,71.3
4922,109464.0,False,256.40000000000003,-150.4,70.5
4923,109480.0,False,257.0,-153.1,71.3
4924,109518.0,False,257.5,-157.60000000000002,74.5
4925,109538.0,False,257.3,-159.5,76.5
4926,109563.0,False,256.3,-162.60000000000002,80.7
4927,109580.0,False,255.8,-163.70000000000002,82.5
4928,109614.0,False,255.20000000000002,-165.0,83.9
4929,109633.0,False,255.20000000000002,-165.3,83.5
4930,109647.0,False,255.3,-165.4,82.5
4931,109680.0,False,256.0,-164.9,79.5
4932,109700.0,False,256.3,-164.3,78.0
4933,109715.0,False,256.8,-163.4,77.0
4934,109730.0,False,257.2,-162.20000000000002,76.3
4935,109747.0,False,257.7,-160.70000000000002,76.3
4936,109769.0,False,258.0,-159.0,76.80000000000001
4937,109780.0,False,258.1,-157.10000000000002,77.80000000000001
4938,109803.0,False,257.8,-155.0,79.2
4939,109835.0,False,256.1,-150.0,82.4
4940,109847.0,False,254.60000000000002,-147.20000000000002,83.9
4941,109880.0,False,250.60000000000002,-141.1,86.4
4942,109897.0,False,248.4,-138.0,87.2
4943,109914.0,False,246.5,-134.9,87.80000000000001
4944,109950.0,False,244.20000000000002,-128.9,89.10000000000001
4945,109963.0,False,64.3,-53.900000000000006,-89.9
4946,109984.0,False,65.2,-56.300000000000004,-88.60000000000001
4947,109997.0,False,66.8,-58.400000000000006,-87.2
4948,110014.0,False,68.7,-60.2,-85.5
4949,110050.0,False,71.9,-62.7,-82.30000000000001
4950,110063.0,False,72.3,-63.5,-81.10000000000001
4951,110080.0,False,71.7,-64.2,-80.60000000000001
4952,110097.0,False,70.0,-64.7,-80.80000000000001
4953,110115.0,False,67.4,-65.0,-81.5
4954,110134.0,False,64.4,-65.2,-82.5
4955,110153.0,False,61.1,-65.2,-83.7
4956,110164.0,False,57.900000000000006,-65.2,-85.0
4957,110180.0,False,54.900000000000006,-65.2,-86.10000000000001
4958,110216.0,False,50.5,-65.8,-87.5
4959,110233.0,False,49.1,-66.3,-87.80000000000001
4960,110264.0,False,48.800000000000004,-67.7,-87.5
4961,110282.0,False,49.900000000000006,-68.4,-86.9
4962,110314.0,False,54.1,-69.5,-85.10000000000001
4963,110335.0,False,57.300000000000004,-69.8,-83.7
4964,110351.0,False,60.800000000000004,-69.7,-82.30000000000001
4965,110364.0,False,64.2,-69.3,-81.2
4966,110381.0,False,67.2,-68.4,-80.60000000000001
4967,110414.0,False,71.3,-66.2,-80.60000000000001
4968,110434.0,False,72.10000000000001,-64.8,-81.10000000000001
4969,110465.0,False,72.5,-63.2,-81.80000000000001
4970,110480.0,False,73.5,-59.2,-83.2
4971,110496.0,False,74.4,-56.900000000000006,-84.5
4972,110537.0,False,76.80000000000001,-51.7,-89.60000000000001
4973,110547.0,False,258.3,-131.0,86.7
4974,110580.0,False,261.2,-136.20000000000002,78.80000000000001
4975,110597.0,False,262.5,-138.8,75.3
4976,110632.0,False,264.90000000000003,-143.70000000000002,70.4
4977,110652.0,False,265.90000000000003,-146.0,69.3
4978,110687.0,False,267.0,-150.0,69.4
4979,110697.0,False,267.0,-151.8,70.4
4980,110716.0,False,266.7,-153.5,71.8
4981,110747.0,False,265.8,-156.8,75.2
4982,110766.0,False,265.40000000000003,-158.3,76.9
4983,110800.0,False,265.0,-160.60000000000002,79.9
4984,110814.0,False,265.2,-161.3,80.80000000000001
4985,110837.0,False,265.6,-161.9,81.30000000000001
4986,110847.0,False,266.3,-162.20000000000002,81.2
4987,110880.0,False,267.1,-162.4,80.60000000000001
4988,110897.0,False,268.90000000000003,-162.0,78.80000000000001
4989,110914.0,False,269.6,-161.4,78.2
4990,110949.0,False,270.3,-159.5,78.0
4991,110963.0,False,270.40000000000003,-158.10000000000002,78.5
4992,110988.0,False,270.2,-156.60000000000002,79.5
4993,110997.0,False,269.7,-154.70000000000002,80.60000000000001
4994,111014.0,False,268.7,-152.6,81.7
4995,111031.0,False,267.3,-150.20000000000002,82.80000000000001
4996,111063.0,False,264.0,-144.8,84.60000000000001
4997,111080.0,False,262.3,-142.0,85.30000000000001
4998,111114.0,False,259.5,-136.4,86.10000000000001
4999,111143.0,False,258.5,-133.70000000000002,86.4
5000,111147.0,False,258.0,-131.1,86.60000000000001
5001,111164.0,False,258.0,-128.70000000000002,87.10000000000001
5002,111180.0,False,258.40000000000003,-126.60000000000001,87.80000000000001
5003,111214.0,False,80.5,-56.6,-89.9
5004,111232.0,False,81.5,-57.7,-88.5
5005,111263.0,False,82.4,-58.900000000000006,-85.9
5006,111280.0,False,81.80000000000001,-59.2,-85.0
5007,111298.0,False,80.60000000000001,-59.2,-84.30000000000001
5008,111332.0,False,76.2,-59.0,-83.7
5009,111347.0,False,73.3,-58.900000000000006,-83.7
5010,111380.0,False,66.8,-59.300000000000004,-83.9
5011,111397.0,False,63.6,-59.800000000000004,-83.9
5012,111433.0,False,58.1,-61.6,-84.10000000000001
5013,111447.0,False,56.2,-62.800000000000004,-84.2
5014,111480.0,False,54.2,-65.60000000000001,-84.9
5015,111498.0,False,54.5,-67.0,-85.10000000000001
5016,111516.0,False,55.800000000000004,-68.5,-85.0
5017,111530.0,False,58.1,-70.0,-84.30000000000001
5018,111547.0,False,61.800000000000004,-71.2,-82.80000000000001
5019,111581.0,False,66.7,-72.0,-80.2
5020,111603.0,False,77.2,-71.8,-74.60000000000001
5021,111638.0,False,80.9,-70.9,-73.3
5022,111687.0,False,80.4,-64.7,-78.4
5023,111697.0,False,78.4,-62.7,-80.2
5024,111714.0,False,76.60000000000001,-60.400000000000006,-81.9
5025,111733.0,False,75.3,-57.800000000000004,-83.7
5026,111746.0,False,74.60000000000001,-54.900000000000006,-85.7
5027,111765.0,False,74.3,-52.0,-87.9
5028,111781.0,False,254.20000000000002,-131.0,89.7
5029,111801.0,False,254.4,-133.8,87.2
5030,111813.0,False,254.70000000000002,-136.5,85.0
5031,111833.0,False,255.20000000000002,-139.0,83.0
5032,111864.0,False,255.9,-141.3,81.5
5033,111890.0,False,258.1,-145.4,80.0
5034,111914.0,False,261.0,-149.0,79.9
5035,111933.0,False,262.40000000000003,-150.6,80.10000000000001
5036,111948.0,False,263.6,-152.20000000000002,80.60000000000001
5037,111970.0,False,264.5,-153.60000000000002,81.10000000000001
5038,111981.0,False,265.3,-154.9,81.80000000000001
5039,112013.0,False,266.3,-157.0,83.2
5040,112038.0,False,266.6,-157.8,83.60000000000001
5041,112052.0,False,266.90000000000003,-158.5,83.7
5042,112064.0,False,267.2,-159.10000000000002,83.5
5043,112080.0,False,267.40000000000003,-159.60000000000002,83.10000000000001
5044,112098.0,False,267.5,-159.70000000000002,82.4
5045,112132.0,False,267.2,-159.3,81.2
5046,112164.0,False,266.7,-158.70000000000002,80.80000000000001
5047,112181.0,False,265.1,-156.8,80.4
5048,112197.0,False,264.2,-155.60000000000002,80.60000000000001
5049,112230.0,False,261.90000000000003,-152.20000000000002,82.2
5050,112247.0,False,260.40000000000003,-150.20000000000002,83.30000000000001
5051,112265.0,False,258.5,-147.9,84.2
5052,112282.0,False,256.40000000000003,-145.4,85.2
5053,112297.0,False,254.10000000000002,-142.6,86.10000000000001
5054,112313.0,False,251.8,-139.8,86.9
5055,112333.0,False,249.60000000000002,-136.8,87.7
5056,112347.0,False,247.8,-133.9,88.4
5057,112363.0,False,246.4,-131.0,89.10000000000001
5058,112400.0,False,65.7,-54.400000000000006,-89.2
5059,112415.0,False,66.60000000000001,-56.7,-87.9
5060,112455.0,False,69.8,-60.6,-85.0
5061,112463.0,False,71.4,-62.2,-83.60000000000001
5062,112496.0,False,73.2,-64.8,-81.5
5063,112514.0,False,73.0,-65.8,-81.0
5064,112535.0,False,72.2,-66.7,-80.9
5065,112548.0,False,70.7,-67.4,-81.10000000000001
5066,112565.0,False,69.0,-67.9,-81.5
5067,112597.0,False,65.4,-68.8,-82.2
5068,112614.0,False,63.800000000000004,-69.3,-82.4
5069,112635.0,False,62.6,-69.8,-82.30000000000001
5070,112664.0,False,61.6,-70.9,-81.60000000000001
5071,112680.0,False,62.1,-71.5,-80.7
5072,112714.0,False,65.2,-72.60000000000001,-78.10000000000001
5073,112730.0,False,67.7,-72.9,-76.5
5074,112755.0,False,70.60000000000001,-73.10000000000001,-74.8
5075,112764.0,False,73.9,-72.9,-73.0
5076,112780.0,False,77.10000000000001,-72.4,-71.5
5077,112814.0,False,82.2,-70.10000000000001,-70.9
5078,112838.0,False,83.7,-68.60000000000001,-71.60000000000001
5079,112847.0,False,84.30000000000001,-66.9,-72.8
5080,112863.0,False,84.0,-64.9,-74.60000000000001
5081,112880.0,False,83.2,-62.800000000000004,-76.5
5082,112898.0,False,82.5,-60.6,-78.2
5083,112914.0,False,82.10000000000001,-58.2,-79.7
5084,112931.0,False,82.4,-55.6,-81.2
5085,112946.0,False,83.2,-52.7,-82.7
5086,112981.0,False,86.2,-46.800000000000004,-85.9
5087,112997.0,False,87.9,-44.1,-87.2
5088,113031.0,False,91.2,-39.300000000000004,-88.60000000000001
5089,113047.0,False,92.7,-37.1,-88.80000000000001
5090,113086.0,False,95.30000000000001,-32.9,-88.7
5091,113097.0,False,96.30000000000001,-30.900000000000002,-88.60000000000001
5092,113136.0,False,97.7,-27.1,-88.0
5093,113157.0,False,98.10000000000001,-25.5,-87.9
5094,113163.0,False,98.4,-24.1,-87.80000000000001
5095,113180.0,False,98.80000000000001,-22.900000000000002,-87.80000000000001
5096,113198.0,False,99.30000000000001,-22.1,-87.9
5097,113231.0,False,99.9,-21.700000000000003,-88.0
5098,113253.0,False,101.5,-22.0,-88.60000000000001
5099,113264.0,False,102.4,-22.5,-89.0
5100,113282.0,False,103.30000000000001,-23.400000000000002,-89.5
5101,113297.0,False,104.10000000000001,-24.5,-89.9
5102,113314.0,False,284.8,-154.20000000000002,89.7
5103,113347.0,False,285.3,-151.0,89.4
5104,113363.0,False,284.8,-149.20000000000002,89.30000000000001
5105,113383.0,False,284.0,-147.4,89.10000000000001
5106,113398.0,False,282.7,-145.5,89.0
5107,113413.0,False,281.3,-143.3,89.10000000000001
5108,113435.0,False,279.5,-140.9,89.30000000000001
5109,113447.0,False,277.5,-138.3,89.60000000000001
5110,113467.0,False,95.4,-44.400000000000006,-89.80000000000001
5111,113480.0,False,93.60000000000001,-47.300000000000004,-89.0
5112,113521.0,False,91.5,-53.1,-86.10000000000001
5113,113547.0,False,91.60000000000001,-56.0,-84.0
5114,113563.0,False,94.7,-60.900000000000006,-78.30000000000001
5115,113580.0,False,97.60000000000001,-62.7,-74.8
5116,113614.0,False,101.0,-64.2,-71.2
5117,113663.0,False,111.5,-67.8,-61.300000000000004
5118,113680.0,False,111.7,-68.3,-61.0
5119,113714.0,False,109.0,-68.60000000000001,-63.0
5120,113739.0,False,106.30000000000001,-68.5,-64.9
5121,113747.0,False,102.9,-68.2,-67.2
5122,113781.0,False,95.10000000000001,-67.4,-72.0
5123,113798.0,False,91.30000000000001,-66.9,-73.9
5124,113830.0,False,85.7,-66.2,-75.7
5125,113847.0,False,84.10000000000001,-66.0,-75.5
5126,113881.0,False,84.4,-66.10000000000001,-73.10000000000001
5127,113897.0,False,86.30000000000001,-66.10000000000001,-71.0
5128,113931.0,False,92.10000000000001,-65.7,-66.7
5129,113948.0,False,95.30000000000001,-65.0,-65.3
5130,113964.0,False,98.0,-64.10000000000001,-64.9
5131,113980.0,False,99.9,-62.900000000000006,-65.5
5132,114010.0,False,100.9,-61.7,-66.7
5133,114014.0,False,100.80000000000001,-60.5,-68.4
5134,114046.0,False,97.80000000000001,-58.900000000000006,-71.7
5135,114063.0,False,95.4,-58.1,-73.3
5136,114098.0,False,91.2,-55.6,-76.4
5137,114135.0,False,89.9,-54.0,-78.10000000000001
5138,114150.0,False,89.0,-50.5,-82.4
5139,114163.0,False,89.10000000000001,-48.800000000000004,-84.7
5140,114185.0,False,89.5,-47.2,-86.80000000000001
5141,114196.0,False,90.30000000000001,-45.6,-88.30000000000001
5142,114214.0,False,91.2,-44.1,-89.2
5143,114232.0,False,92.30000000000001,-42.800000000000004,-89.5
5144,114248.0,False,93.5,-41.6,-89.2
5145,114263.0,False,94.60000000000001,-40.5,-88.30000000000001
5146,114280.0,False,95.60000000000001,-39.6,-87.10000000000001
5147,114297.0,False,96.4,-39.0,-85.60000000000001
5148,114314.0,False,97.2,-38.6,-84.10000000000001
5149,114340.0,False,98.0,-38.400000000000006,-82.7
5150,114366.0,False,99.60000000000001,-38.400000000000006,-80.4
5151,114381.0,False,100.4,-38.6,-79.5
5152,114414.0,False,101.9,-39.5,-78.2
5153,114436.0,False,102.4,-40.300000000000004,-77.9
5154,114452.0,False,102.80000000000001,-41.300000000000004,-78.0
5155,114464.0,False,103.0,-42.400000000000006,-78.30000000000001
5156,114480.0,False,102.9,-43.5,-78.80000000000001
5157,114514.0,False,102.0,-46.300000000000004,-80.30000000000001
5158,114530.0,False,101.10000000000001,-47.800000000000004,-81.2
5159,114547.0,False,100.10000000000001,-49.300000000000004,-82.10000000000001
5160,114564.0,False,99.0,-50.6,-82.9
5161,114580.0,False,98.0,-51.900000000000006,-83.4
5162,114597.0,False,97.0,-53.2,-83.5
5163,114630.0,False,94.60000000000001,-55.900000000000006,-83.0
5164,114647.0,False,93.5,-57.0,-82.4
5165,114681.0,False,92.2,-58.5,-80.80000000000001
5166,114697.0,False,92.0,-58.7,-80.2
5167,114730.0,False,92.0,-58.1,-80.0
5168,114756.0,False,92.0,-57.400000000000006,-80.60000000000001
5169,114763.0,False,91.7,-56.5,-81.5
5170,114786.0,False,91.10000000000001,-55.6,-82.5
5171,114797.0,False,90.10000000000001,-54.5,-83.4
5172,114814.0,False,89.0,-53.300000000000004,-84.30000000000001
5173,114833.0,False,87.7,-51.900000000000006,-84.7
5174,114847.0,False,86.60000000000001,-50.2,-84.80000000000001
5175,114864.0,False,85.60000000000001,-48.300000000000004,-84.5
5176,114897.0,False,83.30000000000001,-44.2,-83.5
5177,114915.0,False,82.10000000000001,-42.2,-82.9
5178,114947.0,False,79.7,-37.800000000000004,-82.10000000000001
5179,114963.0,False,78.7,-35.6,-81.80000000000001
5180,115004.0,False,77.0,-31.200000000000003,-81.5
5181,115014.0,False,76.4,-28.900000000000002,-81.2
5182,115031.0,False,75.9,-26.6,-80.80000000000001
5183,115047.0,False,75.7,-24.3,-80.30000000000001
5184,115063.0,False,75.7,-21.8,-79.60000000000001
5185,115080.0,False,76.0,-19.200000000000003,-78.60000000000001
5186,115097.0,False,76.5,-16.400000000000002,-77.10000000000001
5187,115114.0,False,77.2,-13.3,-75.0
5188,115130.0,False,78.0,-9.9,-72.3
5189,115163.0,False,78.0,-3.4000000000000004,-64.3
5190,115180.0,False,77.4,-0.4,-59.6
5191,115199.0,False,76.5,2.5,-54.6
5192,115213.0,False,75.4,5.300000000000001,-49.5
5193,115230.0,False,74.2,8.0,-44.400000000000006
5194,115265.0,False,72.4,13.200000000000001,-34.9
5195,115280.0,False,72.10000000000001,15.700000000000001,-30.8
5196,115314.0,False,72.7,20.900000000000002,-25.0
5197,115330.0,False,73.0,23.200000000000003,-23.1
5198,115347.0,False,73.2,25.0,-21.3
5199,115363.0,False,73.2,26.5,-19.700000000000003
5200,115383.0,False,73.4,27.5,-18.2
5201,115397.0,False,73.60000000000001,28.5,-16.8
5202,115430.0,False,73.9,30.400000000000002,-14.8
5203,115449.0,False,73.8,31.5,-13.8
5204,115483.0,False,73.10000000000001,33.2,-11.4
5205,115497.0,False,72.9,33.800000000000004,-10.100000000000001
5206,115520.0,False,72.9,34.2,-9.1
5207,115531.0,False,73.0,34.7,-8.4
5208,115547.0,False,73.0,35.1,-8.0
5209,115566.0,False,73.10000000000001,35.4,-7.800000000000001
5210,115579.0,False,73.2,35.7,-7.6000000000000005
5211,115617.0,False,73.7,36.1,-7.7
5212,115630.0,False,73.8,36.2,-8.0
5213,115646.0,False,73.8,36.300000000000004,-8.5
5214,115667.0,False,73.5,36.2,-8.9
5215,115706.0,False,72.2,35.300000000000004,-8.8
5216,115713.0,False,71.4,34.5,-8.6
5217,115749.0,False,70.4,32.300000000000004,-8.9
5218,115763.0,False,69.7,31.200000000000003,-9.1
5219,115796.0,False,68.10000000000001,29.6,-9.3
5220,115814.0,False,67.3,29.0,-9.4
5221,115835.0,False,66.8,28.3,-9.5
5222,115846.0,False,66.4,27.700000000000003,-9.5
5223,115865.0,False,65.9,27.0,-9.3
5224,115880.0,False,65.4,26.3,-9.1
5225,115897.0,False,64.8,25.5,-8.8
5226,115913.0,False,64.0,24.6,-8.5
5227,115940.0,False,62.6,22.900000000000002,-8.5
5228,115964.0,False,62.0,22.3,-8.5
5229,115979.0,False,61.400000000000006,21.900000000000002,-8.4
5230,116001.0,False,60.900000000000006,21.6,-8.4
5231,116014.0,False,60.300000000000004,21.5,-8.4
5232,116030.0,False,59.7,21.400000000000002,-8.5
5233,116063.0,False,58.400000000000006,21.6,-8.8
5234,116079.0,False,57.7,21.700000000000003,-9.0
5235,116120.0,False,56.0,21.6,-9.0
5236,116133.0,False,55.2,21.200000000000003,-9.0
5237,116151.0,False,54.400000000000006,20.6,-9.200000000000001
5238,116164.0,False,53.6,20.0,-9.5
5239,116180.0,False,53.1,19.6,-10.0
5240,116199.0,False,52.7,19.3,-10.600000000000001
5241,116213.0,False,52.5,19.0,-11.200000000000001
5242,116236.0,False,52.5,18.6,-11.8
5243,116247.0,False,52.800000000000004,18.3,-12.5
5244,116280.0,False,54.0,18.1,-14.0
5245,116296.0,False,54.800000000000004,18.2,-14.600000000000001
5246,116339.0,False,56.2,18.5,-14.9
5247,116346.0,False,57.1,18.5,-14.5
5248,116363.0,False,58.0,18.5,-14.100000000000001
5249,116380.0,False,58.800000000000004,18.400000000000002,-13.700000000000001
5250,116399.0,False,59.6,18.5,-13.600000000000001
5251,116414.0,False,60.300000000000004,18.8,-13.700000000000001
5252,116430.0,False,61.0,19.400000000000002,-14.0
5253,116446.0,False,61.900000000000006,20.3,-14.100000000000001
5254,116466.0,False,63.0,21.3,-14.100000000000001
5255,116480.0,False,64.10000000000001,22.200000000000003,-14.200000000000001
5256,116497.0,False,65.10000000000001,22.900000000000002,-14.4
5257,116514.0,False,66.10000000000001,23.400000000000002,-14.8
5258,116547.0,False,67.9,24.1,-16.1
5259,116568.0,False,68.7,24.400000000000002,-16.8
5260,116606.0,False,69.8,25.200000000000003,-17.0
5261,116630.0,False,70.3,25.400000000000002,-16.6
5262,116647.0,False,71.4,25.700000000000003,-15.4
5263,116669.0,False,72.0,25.700000000000003,-14.9
5264,116696.0,False,73.4,26.0,-14.5
5265,116713.0,False,74.0,26.200000000000003,-14.700000000000001
5266,116734.0,False,74.4,26.400000000000002,-15.100000000000001
5267,116747.0,False,74.8,26.400000000000002,-15.600000000000001
5268,116765.0,False,75.3,26.5,-16.2
5269,116780.0,False,75.7,26.6,-16.900000000000002
5270,116800.0,False,76.0,26.8,-17.7
5271,116814.0,False,76.2,27.0,-18.5
5272,116847.0,False,76.2,27.1,-19.200000000000003
5273,116869.0,False,75.5,26.5,-19.900000000000002
5274,116880.0,False,74.7,26.0,-19.6
5275,116900.0,False,73.8,25.5,-18.8
5276,116913.0,False,72.9,24.700000000000003,-17.900000000000002
5277,116943.0,False,71.9,23.8,-17.0
5278,116964.0,False,69.7,21.6,-15.600000000000001
5279,116980.0,False,68.60000000000001,20.700000000000003,-15.4
5280,117024.0,False,66.7,19.400000000000002,-15.5
5281,117033.0,False,66.10000000000001,19.0,-15.600000000000001
5282,117047.0,False,65.5,18.7,-15.5
5283,117082.0,False,64.8,18.2,-14.8
5284,117096.0,False,64.5,18.0,-14.5
5285,117135.0,False,64.4,18.0,-14.3
5286,117147.0,False,64.4,18.3,-14.4
5287,117180.0,False,64.10000000000001,18.8,-14.600000000000001
5288,117196.0,False,63.800000000000004,19.0,-14.600000000000001
5289,117226.0,False,62.900000000000006,19.200000000000003,-14.700000000000001
5290,117250.0,False,62.400000000000006,19.200000000000003,-14.8
5291,117280.0,False,61.400000000000006,19.200000000000003,-15.100000000000001
5292,117297.0,False,60.900000000000006,19.1,-15.3
5293,117314.0,False,60.400000000000006,18.900000000000002,-15.5
5294,117347.0,False,59.5,18.3,-15.8
5295,117363.0,False,59.0,18.0,-15.8
5296,117397.0,False,58.2,17.3,-15.5
5297,117419.0,False,57.800000000000004,17.0,-15.200000000000001
5298,117450.0,False,57.300000000000004,16.400000000000002,-14.3
5299,117463.0,False,57.2,16.2,-13.9
5300,117482.0,False,57.300000000000004,16.1,-13.600000000000001
5301,117497.0,False,57.5,16.1,-13.3
5302,117514.0,False,57.800000000000004,16.2,-13.100000000000001
5303,117537.0,False,58.1,16.3,-12.9
5304,117552.0,False,58.400000000000006,16.2,-12.600000000000001
5305,117580.0,False,59.2,16.2,-12.200000000000001
5306,117613.0,False,60.5,16.900000000000002,-12.100000000000001
5307,117648.0,False,61.5,17.400000000000002,-11.9
5308,117664.0,False,63.5,18.400000000000002,-11.200000000000001
5309,117680.0,False,64.5,18.6,-10.8
5310,117714.0,False,66.3,18.6,-10.5
5311,117731.0,False,67.0,18.5,-10.600000000000001
5312,117763.0,False,68.10000000000001,18.6,-11.200000000000001
5313,117781.0,False,68.5,18.8,-11.200000000000001
5314,117813.0,False,69.4,19.200000000000003,-10.600000000000001
5315,117830.0,False,69.8,19.3,-10.100000000000001
5316,117851.0,False,70.3,19.400000000000002,-9.600000000000001
5317,117864.0,False,70.60000000000001,19.400000000000002,-8.9
5318,117887.0,False,70.9,19.5,-8.4
5319,117913.0,False,71.10000000000001,19.6,-7.9
5320,117930.0,False,71.4,19.900000000000002,-7.2
5321,117947.0,False,71.4,20.1,-7.0
5322,117966.0,False,71.3,20.5,-6.800000000000001
5323,117980.0,False,71.2,20.900000000000002,-6.6000000000000005
5324,117997.0,False,71.0,21.200000000000003,-6.6000000000000005
5325,118020.0,False,70.7,21.5,-6.6000000000000005
5326,118031.0,False,70.3,21.700000000000003,-6.800000000000001
5327,118048.0,False,69.9,21.8,-6.9
5328,118063.0,False,69.3,21.900000000000002,-6.800000000000001
5329,118080.0,False,68.5,21.700000000000003,-6.4
5330,118099.0,False,67.60000000000001,21.400000000000002,-5.7
5331,118114.0,False,66.60000000000001,20.900000000000002,-4.800000000000001
5332,118133.0,False,65.60000000000001,20.200000000000003,-3.8000000000000003
5333,118163.0,False,63.400000000000006,18.6,-1.7000000000000002
5334,118197.0,False,61.2,17.0,-0.4
5335,118228.0,False,60.2,16.3,0.2
5336,118247.0,False,58.0,15.3,1.7000000000000002
5337,118263.0,False,56.800000000000004,14.9,2.7
5338,118297.0,False,54.5,13.700000000000001,5.0
5339,118314.0,False,53.7,13.100000000000001,5.800000000000001
5340,118347.0,False,52.400000000000006,12.700000000000001,6.300000000000001
5341,118363.0,False,51.900000000000006,12.9,6.0
5342,118380.0,False,51.300000000000004,13.200000000000001,5.300000000000001
5343,118405.0,False,50.5,13.600000000000001,4.2
5344,118414.0,False,49.7,14.0,3.1
5345,118447.0,False,48.800000000000004,14.4,2.2
5346,118463.0,False,46.900000000000006,15.9,-0.30000000000000004
5347,118482.0,False,45.800000000000004,16.3,-1.3
5348,118514.0,False,44.5,16.2,-2.0
5349,118530.0,False,44.5,15.700000000000001,-2.5
5350,118565.0,False,44.900000000000006,15.100000000000001,-4.1000000000000005
5351,118580.0,False,45.0,15.200000000000001,-4.9
5352,118601.0,False,45.2,15.200000000000001,-5.6000000000000005
5353,118614.0,False,45.6,15.200000000000001,-6.300000000000001
5354,118635.0,False,46.300000000000004,15.100000000000001,-7.2
5355,118663.0,False,48.1,15.3,-9.1
5356,118682.0,False,49.1,15.700000000000001,-10.0
5357,118697.0,False,50.2,16.2,-11.0
5358,118730.0,False,52.400000000000006,16.900000000000002,-12.700000000000001
5359,118746.0,False,53.400000000000006,16.900000000000002,-13.600000000000001
5360,118780.0,False,55.400000000000006,16.6,-15.5
5361,118797.0,False,56.2,16.5,-16.2
5362,118819.0,False,57.0,16.6,-16.8
5363,118830.0,False,57.900000000000006,16.6,-17.1
5364,118855.0,False,58.800000000000004,16.7,-17.1
5365,118881.0,False,60.800000000000004,16.3,-16.8
5366,118897.0,False,61.800000000000004,16.0,-16.900000000000002
5367,118930.0,False,63.7,15.9,-18.0
5368,118946.0,False,64.4,16.1,-18.7
5369,118980.0,False,64.9,16.5,-19.5
5370,119006.0,False,65.4,17.7,-20.3
5371,119017.0,False,65.60000000000001,18.3,-20.6
5372,119033.0,False,65.9,19.0,-21.0
5373,119047.0,False,66.3,19.700000000000003,-21.700000000000003
5374,119063.0,False,66.4,20.700000000000003,-22.400000000000002
5375,119097.0,False,66.5,23.400000000000002,-23.1
5376,119122.0,False,66.5,24.6,-23.200000000000003
5377,119147.0,False,65.9,26.3,-23.1
5378,119163.0,False,65.3,26.8,-22.8
5379,119197.0,False,63.5,27.200000000000003,-21.200000000000003
5380,119217.0,False,62.1,26.8,-19.8
5381,119246.0,False,60.300000000000004,26.0,-17.3
5382,119263.0,False,56.2,23.400000000000002,-11.200000000000001
5383,119281.0,False,54.1,21.8,-8.8
5384,119316.0,False,50.900000000000006,19.6,-6.5
5385,119332.0,False,49.400000000000006,19.0,-6.0
5386,119353.0,False,47.900000000000006,18.6,-5.6000000000000005
5387,119363.0,False,46.5,18.2,-5.300000000000001
5388,119380.0,False,45.400000000000006,17.8,-5.1000000000000005
5389,119413.0,False,44.2,16.900000000000002,-4.5
5390,119429.0,False,44.0,16.6,-4.2
5391,119463.0,False,44.300000000000004,16.7,-4.2
5392,119480.0,False,44.800000000000004,16.900000000000002,-4.6000000000000005
5393,119497.0,False,45.2,17.2,-5.0
5394,119514.0,False,45.6,17.5,-5.5
5395,119529.0,False,45.900000000000006,17.7,-5.800000000000001
5396,119563.0,False,46.2,17.8,-6.2
5397,119581.0,False,46.800000000000004,18.5,-6.5
5398,119597.0,False,47.1,19.0,-6.7
5399,119617.0,False,47.400000000000006,19.400000000000002,-6.800000000000001
5400,119629.0,False,47.6,19.700000000000003,-7.0
5401,119647.0,False,47.6,19.900000000000002,-7.2
5402,119679.0,False,47.2,19.900000000000002,-7.0
5403,119696.0,False,46.800000000000004,19.8,-6.6000000000000005
5404,119724.0,False,46.2,19.6,-5.7
5405,119764.0,False,45.800000000000004,19.700000000000003,-5.7
5406,119780.0,False,45.7,20.0,-5.800000000000001
5407,119798.0,False,45.7,20.3,-5.800000000000001
5408,119833.0,False,45.900000000000006,20.700000000000003,-5.800000000000001
5409,119846.0,False,46.5,21.400000000000002,-5.5
5410,119868.0,False,46.900000000000006,21.700000000000003,-5.300000000000001
5411,119896.0,False,48.1,21.900000000000002,-5.2
5412,119917.0,False,48.800000000000004,22.0,-5.5
5413,119932.0,False,49.7,22.200000000000003,-6.0
5414,119946.0,False,50.6,22.700000000000003,-6.5
5415,119966.0,False,51.6,23.3,-7.1000000000000005
5416,119980.0,False,52.800000000000004,24.1,-7.9
5417,120001.0,False,54.1,24.900000000000002,-8.8
5418,120017.0,False,55.1,25.5,-9.600000000000001
5419,120031.0,False,55.800000000000004,26.1,-10.4
5420,120047.0,False,56.2,26.400000000000002,-11.100000000000001
5421,120067.0,False,56.5,26.6,-12.200000000000001
5422,120079.0,False,57.0,26.900000000000002,-13.0
5423,120243.0,False,60.2,25.400000000000002,-9.200000000000001
5424,120251.0,False,60.5,25.6,-8.9
5425,120280.0,False,61.1,26.0,-9.1
5426,120313.0,False,61.6,26.3,-9.4
5427,120331.0,False,62.5,27.200000000000003,-10.200000000000001
5428,120366.0,False,62.7,27.900000000000002,-10.5
5429,120379.0,False,62.6,27.900000000000002,-10.4
5430,120396.0,False,62.5,27.8,-10.200000000000001
5431,120423.0,False,62.400000000000006,27.6,-9.700000000000001
5432,120432.0,False,62.1,27.3,-8.8
5433,120446.0,False,62.0,26.900000000000002,-8.0
5434,120463.0,False,61.800000000000004,26.200000000000003,-7.2
5435,120479.0,False,61.7,25.5,-6.800000000000001
5436,120497.0,False,61.6,24.8,-6.800000000000001
5437,120517.0,False,61.300000000000004,23.900000000000002,-7.1000000000000005
5438,120531.0,False,60.800000000000004,23.0,-7.7
5439,120549.0,False,60.2,22.3,-8.3
5440,120563.0,False,59.7,21.900000000000002,-9.1
5441,120580.0,False,59.5,21.700000000000003,-10.0
5442,120597.0,False,59.5,21.5,-11.0
5443,120619.0,False,59.5,21.400000000000002,-11.8
5444,120654.0,False,59.7,20.900000000000002,-13.3
5445,120663.0,False,60.0,20.6,-13.9
5446,120684.0,False,60.400000000000006,20.3,-14.100000000000001
5447,120697.0,False,60.900000000000006,20.200000000000003,-13.9
5448,120721.0,False,61.400000000000006,20.0,-13.5
5449,120750.0,False,62.5,19.700000000000003,-12.600000000000001
5450,120763.0,False,63.1,19.6,-12.200000000000001
5451,120780.0,False,63.900000000000006,19.8,-12.600000000000001
5452,120796.0,False,64.5,20.400000000000002,-13.200000000000001
5453,120819.0,False,64.9,21.200000000000003,-13.700000000000001
5454,120832.0,False,65.4,22.0,-14.200000000000001
5455,120847.0,False,65.7,22.6,-14.100000000000001
5456,120870.0,False,66.0,23.1,-13.8
5457,120880.0,False,66.3,23.3,-13.200000000000001
5458,120901.0,False,66.60000000000001,23.3,-12.600000000000001
5459,120915.0,False,66.7,23.3,-12.0
5460,120948.0,False,66.9,23.700000000000003,-11.100000000000001
5461,120963.0,False,67.0,23.8,-10.700000000000001
5462,120980.0,False,67.2,23.8,-10.3
5463,121001.0,False,67.4,23.6,-9.600000000000001
5464,121019.0,False,67.5,23.200000000000003,-8.700000000000001
5465,121031.0,False,67.5,22.5,-7.6000000000000005
5466,121046.0,False,67.4,21.6,-6.5
5467,121063.0,False,67.10000000000001,20.3,-5.5
5468,121079.0,False,66.4,18.6,-4.6000000000000005
5469,121096.0,False,65.5,16.6,-4.1000000000000005
5470,121121.0,False,64.5,14.5,-4.6000000000000005
5471,121147.0,False,63.300000000000004,12.600000000000001,-5.800000000000001
5472,121163.0,False,62.400000000000006,11.200000000000001,-7.2
5473,121179.0,False,61.900000000000006,10.4,-8.9
5474,121197.0,False,61.6,10.0,-9.9
5475,121229.0,False,62.6,9.1,-12.200000000000001
5476,121267.0,False,66.2,9.3,-15.3
5477,121280.0,False,67.9,10.100000000000001,-16.400000000000002
5478,121299.0,False,69.2,11.0,-16.7
5479,121316.0,False,70.4,12.0,-16.8
5480,121330.0,False,71.60000000000001,13.0,-16.900000000000002
5481,121347.0,False,73.0,13.8,-16.7
5482,121363.0,False,74.7,14.5,-16.2
5483,121379.0,False,76.5,15.200000000000001,-15.9
5484,121396.0,False,78.10000000000001,15.9,-16.0
5485,121417.0,False,79.4,16.3,-16.3
5486,121430.0,False,80.30000000000001,16.6,-16.900000000000002
5487,121446.0,False,81.0,16.7,-17.5
5488,121463.0,False,81.60000000000001,16.6,-18.2
5489,121497.0,False,83.10000000000001,15.700000000000001,-21.1
5490,121520.0,False,83.9,15.100000000000001,-23.700000000000003
5491,121535.0,False,84.4,14.4,-26.700000000000003
5492,121549.0,False,84.5,13.700000000000001,-29.8
5493,121563.0,False,84.60000000000001,12.700000000000001,-33.1
5494,121582.0,False,85.10000000000001,11.700000000000001,-37.0
5495,121597.0,False,85.9,10.600000000000001,-41.7
5496,121620.0,False,87.10000000000001,9.3,-47.400000000000006
5497,121631.0,False,88.60000000000001,7.800000000000001,-54.400000000000006
5498,121647.0,False,90.30000000000001,5.300000000000001,-62.7
5499,121664.0,False,92.5,1.5,-71.7
5500,121679.0,False,95.30000000000001,-3.7,-80.4
5501,121696.0,False,98.4,-9.9,-88.0
5502,121716.0,False,281.8,-163.4,86.30000000000001
5503,121730.0,False,284.8,-157.0,82.7
5504,121763.0,False,286.90000000000003,-147.0,80.10000000000001
5505,121780.0,False,285.8,-143.4,80.30000000000001
5506,121821.0,False,279.5,-137.5,81.2
5507,121831.0,False,274.90000000000003,-135.1,80.9
5508,121863.0,False,265.2,-131.4,79.2
5509,121883.0,False,260.90000000000003,-130.1,78.2
5510,121918.0,False,254.60000000000002,-128.4,77.5
5511,121930.0,False,252.60000000000002,-127.80000000000001,77.7
5512,121953.0,False,251.10000000000002,-127.30000000000001,78.2
5513,121963.0,False,249.9,-126.80000000000001,78.80000000000001
5514,121983.0,False,248.70000000000002,-126.4,79.30000000000001
5515,121997.0,False,247.5,-126.0,79.7
5516,122020.0,False,246.20000000000002,-125.5,80.10000000000001
5517,122031.0,False,245.0,-124.80000000000001,80.5
5518,122047.0,False,243.70000000000002,-124.0,80.9
5519,122064.0,False,242.70000000000002,-123.10000000000001,81.4
5520,122080.0,False,242.0,-122.30000000000001,81.9
5521,122097.0,False,242.0,-121.60000000000001,82.7
5522,122121.0,False,242.4,-120.9,83.60000000000001
5523,122133.0,False,243.3,-120.30000000000001,84.80000000000001
5524,122151.0,False,244.20000000000002,-119.80000000000001,86.0
5525,122180.0,False,246.20000000000002,-119.30000000000001,88.60000000000001
5526,122197.0,False,67.3,-60.6,-89.5
5527,122217.0,False,68.4,-60.400000000000006,-87.5
5528,122231.0,False,69.10000000000001,-60.0,-85.30000000000001
5529,122246.0,False,69.5,-59.6,-83.30000000000001
5530,122263.0,False,69.60000000000001,-59.1,-81.5
5531,122297.0,False,69.9,-57.0,-79.2
5532,122316.0,False,70.5,-55.5,-78.9
5533,122347.0,False,72.4,-52.0,-80.2
5534,122368.0,False,73.5,-50.400000000000006,-81.5
5535,122396.0,False,76.10000000000001,-47.7,-84.2
5536,122417.0,False,77.60000000000001,-46.5,-85.4
5537,122446.0,False,81.10000000000001,-44.400000000000006,-87.10000000000001
5538,122464.0,False,83.0,-43.5,-87.5
5539,122480.0,False,84.80000000000001,-42.6,-87.60000000000001
5540,122496.0,False,86.5,-41.900000000000006,-87.60000000000001
5541,122514.0,False,87.80000000000001,-41.300000000000004,-87.5
5542,122541.0,False,88.9,-40.900000000000006,-87.5
5543,122559.0,False,90.2,-40.300000000000004,-87.9
5544,122582.0,False,90.5,-40.2,-88.5
5545,122626.0,False,270.40000000000003,-139.8,89.5
5546,122647.0,False,270.2,-139.70000000000002,88.2
5547,122663.0,False,269.40000000000003,-139.3,85.4
5548,122682.0,False,269.1,-139.1,84.4
5549,122697.0,False,268.90000000000003,-138.8,83.80000000000001
5550,122723.0,False,268.8,-138.6,83.7
5551,122730.0,False,268.5,-138.5,84.0
5552,122748.0,False,267.90000000000003,-138.3,84.7
5553,122763.0,False,266.8,-137.8,85.7
5554,122780.0,False,265.3,-137.1,87.0
5555,122816.0,False,261.40000000000003,-135.1,90.0
5556,122835.0,False,79.4,-46.1,-88.7
5557,122846.0,False,77.7,-47.1,-87.5
5558,122880.0,False,75.3,-48.6,-85.80000000000001
5559,122896.0,False,74.7,-49.0,-85.5
5560,122916.0,False,74.2,-49.2,-85.4
5561,122934.0,False,73.9,-49.300000000000004,-85.5
5562,122947.0,False,73.60000000000001,-49.300000000000004,-85.9
5563,122963.0,False,73.10000000000001,-49.300000000000004,-86.30000000000001
5564,122982.0,False,72.4,-49.400000000000006,-86.7
5565,122996.0,False,71.5,-49.5,-87.0
5566,123018.0,False,70.3,-49.6,-87.10000000000001
5567,123034.0,False,68.8,-49.7,-87.0
5568,123046.0,False,67.10000000000001,-49.900000000000006,-86.9
5569,123063.0,False,65.3,-50.2,-86.7
5570,123079.0,False,63.300000000000004,-50.6,-86.5
5571,123097.0,False,61.5,-51.1,-86.30000000000001
5572,123120.0,False,59.800000000000004,-51.800000000000004,-86.2
5573,123142.0,False,57.2,-53.400000000000006,-85.9
5574,123163.0,False,56.5,-54.5,-85.9
5575,123198.0,False,56.5,-57.2,-85.5
5576,123215.0,False,57.400000000000006,-58.800000000000004,-85.10000000000001
5577,123231.0,False,58.6,-60.5,-84.4
5578,123246.0,False,60.400000000000006,-62.0,-83.60000000000001
5579,123267.0,False,62.400000000000006,-63.5,-82.60000000000001
5580,123279.0,False,64.8,-64.9,-81.30000000000001
5581,123302.0,False,67.0,-66.2,-80.0
5582,123314.0,False,69.2,-67.2,-78.60000000000001
5583,123333.0,False,71.3,-68.0,-77.0
5584,123346.0,False,73.3,-68.60000000000001,-75.2
5585,123363.0,False,75.0,-68.8,-73.5
5586,123403.0,False,77.7,-68.7,-70.5
5587,123417.0,False,78.9,-68.10000000000001,-69.4
5588,123434.0,False,79.9,-67.10000000000001,-68.8
5589,123447.0,False,80.5,-65.60000000000001,-69.2
5590,123470.0,False,80.80000000000001,-63.800000000000004,-70.5
5591,123479.0,False,80.7,-61.800000000000004,-72.5
5592,123514.0,False,79.80000000000001,-58.2,-77.60000000000001
5593,123534.0,False,79.2,-56.7,-80.10000000000001
5594,123546.0,False,78.60000000000001,-55.300000000000004,-82.2
5595,123562.0,False,78.30000000000001,-53.900000000000006,-84.0
5596,123580.0,False,78.7,-52.400000000000006,-85.30000000000001
5597,123596.0,False,79.60000000000001,-50.800000000000004,-86.2
5598,123627.0,False,80.9,-49.1,-86.9
5599,123629.0,False,82.60000000000001,-47.300000000000004,-87.5
5600,123646.0,False,84.30000000000001,-45.5,-88.10000000000001
5601,123682.0,False,87.10000000000001,-42.1,-89.10000000000001
5602,123697.0,False,88.10000000000001,-40.5,-89.60000000000001
5603,123715.0,False,88.80000000000001,-39.2,-89.9
5604,123737.0,False,269.40000000000003,-142.0,89.80000000000001
5605,123747.0,False,269.8,-143.0,89.60000000000001
5606,123781.0,False,270.40000000000003,-144.6,89.2
5607,123797.0,False,270.7,-145.20000000000002,89.0
5608,123821.0,False,271.0,-145.70000000000002,88.80000000000001
5609,123829.0,False,271.1,-145.8,88.80000000000001
5610,123846.0,False,271.0,-145.6,88.9
5611,123880.0,False,270.3,-144.8,89.2
5612,123897.0,False,269.8,-144.1,89.4
5613,123920.0,False,269.3,-143.1,89.7
5614,123948.0,False,88.2,-39.5,-89.2
5615,123963.0,False,87.5,-41.1,-88.7
5616,123980.0,False,86.5,-42.800000000000004,-88.30000000000001
5617,123998.0,False,85.4,-44.5,-88.10000000000001
5618,124020.0,False,84.30000000000001,-46.2,-87.9
5619,124046.0,False,82.2,-49.0,-88.10000000000001
5620,124064.0,False,81.5,-50.0,-88.2
5621,124079.0,False,80.9,-50.900000000000006,-88.2
5622,124097.0,False,80.5,-51.7,-88.2
5623,124116.0,False,80.2,-52.5,-88.0
5624,124129.0,False,79.60000000000001,-53.2,-87.7
5625,124147.0,False,78.60000000000001,-54.1,-87.5
5626,124163.0,False,77.4,-54.900000000000006,-87.30000000000001
5627,124181.0,False,75.8,-55.7,-87.10000000000001
5628,124213.0,False,72.5,-57.5,-86.60000000000001
5629,124236.0,False,70.7,-58.5,-86.4
5630,124263.0,False,68.9,-59.5,-86.4
5631,124280.0,False,65.3,-61.900000000000006,-86.9
5632,124296.0,False,63.7,-63.300000000000004,-87.30000000000001
5633,124313.0,False,62.6,-64.7,-87.5
5634,124337.0,False,62.1,-66.3,-87.30000000000001
5635,124363.0,False,63.6,-69.2,-85.5
5636,124380.0,False,65.3,-70.5,-83.9
5637,124398.0,False,67.4,-71.5,-82.2
5638,124412.0,False,69.7,-72.10000000000001,-80.4
5639,124434.0,False,72.0,-72.5,-78.5
5640,124446.0,False,74.3,-72.60000000000001,-76.5
5641,124482.0,False,77.80000000000001,-71.8,-73.2
5642,124497.0,False,78.4,-71.4,-72.4
5643,124518.0,False,78.60000000000001,-71.2,-71.9
5644,124531.0,False,78.30000000000001,-71.3,-71.9
5645,124547.0,False,77.9,-71.5,-71.9
5646,124580.0,False,77.4,-71.60000000000001,-72.3
5647,124598.0,False,77.5,-71.4,-72.5
5648,124615.0,False,77.9,-70.9,-72.7
5649,124638.0,False,78.2,-69.9,-73.2
5650,124646.0,False,78.30000000000001,-68.5,-74.2
5651,124665.0,False,78.0,-66.9,-75.9
5652,124679.0,False,77.10000000000001,-65.4,-78.0
5653,124696.0,False,75.9,-64.0,-80.4
5654,124723.0,False,73.7,-61.5,-84.4
5655,124746.0,False,73.3,-60.400000000000006,-85.5
5656,124765.0,False,73.7,-59.300000000000004,-85.80000000000001
5657,124796.0,False,75.9,-57.6,-85.0
5658,124815.0,False,77.30000000000001,-57.0,-84.4
5659,124833.0,False,78.80000000000001,-56.5,-83.9
5660,124846.0,False,80.10000000000001,-56.0,-83.60000000000001
5661,124863.0,False,80.9,-55.7,-83.60000000000001
5662,124884.0,False,81.5,-55.400000000000006,-84.0
5663,124896.0,False,81.7,-55.2,-84.4
5664,124914.0,False,81.7,-55.0,-85.10000000000001
5665,124930.0,False,81.2,-54.900000000000006,-86.0
5666,124947.0,False,80.60000000000001,-54.6,-87.10000000000001
5667,124963.0,False,79.80000000000001,-54.400000000000006,-88.2
5668,124980.0,False,79.0,-54.2,-89.2
5669,124997.0,False,78.4,-54.0,-89.9
5670,125013.0,False,258.1,-126.0,89.7
5671,125030.0,False,258.1,-125.80000000000001,89.9
5672,125051.0,False,78.5,-54.5,-89.4
5673,125064.0,False,79.0,-55.0,-88.4
5674,125083.0,False,79.4,-55.6,-87.4
5675,125097.0,False,79.60000000000001,-56.400000000000006,-86.4
5676,125113.0,False,79.5,-57.300000000000004,-85.5
5677,125134.0,False,79.0,-58.2,-84.80000000000001
5678,125150.0,False,78.2,-59.1,-84.10000000000001
5679,125162.0,False,77.4,-60.0,-83.5
5680,125179.0,False,76.5,-60.800000000000004,-82.9
5681,125197.0,False,75.7,-61.6,-82.30000000000001
5682,125213.0,False,75.3,-62.300000000000004,-81.30000000000001
5683,125230.0,False,75.7,-62.800000000000004,-79.80000000000001
5684,125246.0,False,76.9,-63.0,-77.9
5685,125263.0,False,78.60000000000001,-63.0,-75.8
5686,125279.0,False,80.0,-62.7,-74.2
5687,125297.0,False,80.7,-62.300000000000004,-73.5
5688,125331.0,False,79.2,-61.5,-74.5
5689,125347.0,False,77.0,-61.300000000000004,-75.9
5690,125379.0,False,71.4,-60.900000000000006,-78.80000000000001
5691,125397.0,False,68.8,-60.7,-79.80000000000001
5692,125430.0,False,64.9,-60.5,-80.5
5693,125446.0,False,63.6,-60.7,-80.4
5694,125480.0,False,62.6,-61.1,-80.2
5695,125513.0,False,61.5,-62.900000000000006,-79.2
5696,125532.0,False,62.2,-63.7,-78.4
5697,125546.0,False,63.5,-64.4,-77.30000000000001
5698,125564.0,False,65.2,-65.2,-76.0
5699,125598.0,False,69.5,-66.60000000000001,-73.10000000000001
5700,125613.0,False,71.60000000000001,-67.2,-71.60000000000001
5701,125633.0,False,73.4,-67.8,-70.5
5702,125646.0,False,74.9,-68.2,-69.5
5703,125679.0,False,76.0,-68.60000000000001,-68.7
5704,125697.0,False,77.80000000000001,-69.0,-67.10000000000001
5705,125713.0,False,78.4,-69.0,-66.60000000000001
5706,125733.0,False,78.9,-69.0,-66.0
5707,125747.0,False,79.5,-69.2,-65.3
5708,125763.0,False,80.5,-69.5,-64.5
5709,125780.0,False,81.9,-69.7,-63.5
5710,125798.0,False,83.60000000000001,-69.8,-62.400000000000006
5711,125813.0,False,85.5,-69.60000000000001,-61.300000000000004
5712,125829.0,False,87.10000000000001,-69.10000000000001,-60.7
5713,125863.0,False,88.7,-67.4,-61.2
5714,125880.0,False,88.10000000000001,-66.5,-62.7
5715,125912.0,False,84.80000000000001,-64.9,-66.7
5716,125929.0,False,83.0,-64.2,-68.3
5717,125947.0,False,81.7,-63.6,-69.3
5718,125965.0,False,81.10000000000001,-63.1,-69.60000000000001
5719,125980.0,False,81.30000000000001,-62.6,-69.2
5720,125997.0,False,82.0,-62.1,-68.3
5721,126013.0,False,82.80000000000001,-61.900000000000006,-67.5
5722,126029.0,False,83.4,-61.800000000000004,-67.0
5723,126048.0,False,83.5,-61.900000000000006,-66.9
5724,126063.0,False,83.30000000000001,-62.1,-67.4
5725,126080.0,False,82.80000000000001,-62.400000000000006,-68.2
5726,126098.0,False,82.30000000000001,-62.800000000000004,-68.9
5727,126140.0,False,82.2,-63.400000000000006,-69.7
5728,126148.0,False,82.4,-63.6,-69.8
5729,126179.0,False,82.4,-63.5,-70.7
5730,126196.0,False,81.7,-63.400000000000006,-71.5
5731,126215.0,False,80.4,-63.400000000000006,-72.4
5732,126230.0,False,78.5,-63.400000000000006,-73.4
5733,126246.0,False,76.2,-63.6,-74.2
5734,126263.0,False,73.4,-63.800000000000004,-75.0
5735,126280.0,False,70.2,-63.900000000000006,-75.9
5736,126296.0,False,67.10000000000001,-64.10000000000001,-76.7
5737,126314.0,False,64.2,-64.4,-77.2
5738,126329.0,False,61.800000000000004,-64.9,-77.4
5739,126363.0,False,59.900000000000006,-65.5,-77.10000000000001
5740,126380.0,False,58.5,-66.8,-75.10000000000001
5741,126396.0,False,59.2,-67.4,-73.3
5742,126412.0,False,60.900000000000006,-67.9,-71.0
5743,126435.0,False,63.1,-68.3,-68.2
5744,126449.0,False,65.60000000000001,-68.5,-65.5
5745,126462.0,False,67.9,-68.4,-63.0
5746,126480.0,False,69.60000000000001,-68.2,-61.400000000000006
5747,126498.0,False,70.3,-68.0,-60.7
5748,126512.0,False,69.9,-67.8,-60.900000000000006
5749,126547.0,False,66.8,-67.7,-62.800000000000004
5750,126563.0,False,64.7,-67.8,-63.900000000000006
5751,126580.0,False,62.800000000000004,-67.8,-64.60000000000001
5752,126600.0,False,61.6,-67.9,-64.8
5753,126613.0,False,61.0,-68.0,-64.4
5754,126635.0,False,61.1,-68.2,-63.6
5755,126648.0,False,61.400000000000006,-68.4,-62.7
5756,126664.0,False,61.800000000000004,-68.7,-61.7
5757,126685.0,False,62.2,-69.0,-60.800000000000004
5758,126715.0,False,63.2,-69.8,-58.800000000000004
5759,126732.0,False,64.10000000000001,-70.2,-57.6
5760,126751.0,False,65.2,-70.5,-56.300000000000004
5761,126763.0,False,66.3,-70.8,-55.1
5762,126780.0,False,67.3,-71.0,-54.2
5763,126816.0,False,68.3,-71.3,-53.7
5764,126830.0,False,68.0,-71.4,-54.2
5765,126847.0,False,67.4,-71.5,-54.900000000000006
5766,126880.0,False,65.4,-71.3,-56.800000000000004
5767,126900.0,False,63.7,-71.0,-58.2
5768,126913.0,False,61.800000000000004,-70.7,-59.800000000000004
5769,126933.0,False,59.800000000000004,-70.60000000000001,-61.400000000000006
5770,126946.0,False,58.1,-70.4,-62.900000000000006
5771,126980.0,False,57.2,-69.7,-64.10000000000001
5772,126996.0,False,57.900000000000006,-69.0,-64.0
5773,127032.0,False,58.6,-66.8,-64.8
5774,127046.0,False,57.900000000000006,-66.0,-66.0
5775,127066.0,False,56.6,-65.4,-67.5
5776,127080.0,False,55.1,-65.0,-69.0
5777,127100.0,False,54.2,-64.7,-70.10000000000001
5778,127113.0,False,54.1,-64.3,-70.5
5779,127132.0,False,55.0,-63.900000000000006,-70.10000000000001
5780,127149.0,False,56.5,-63.6,-69.3
5781,127163.0,False,58.5,-63.400000000000006,-68.3
5782,127179.0,False,60.2,-63.2,-67.4
5783,127197.0,False,61.400000000000006,-63.1,-66.9
5784,127213.0,False,61.900000000000006,-63.1,-66.9
5785,127247.0,False,60.5,-63.1,-68.60000000000001
5786,127262.0,False,59.0,-63.1,-70.10000000000001
5787,127297.0,False,55.300000000000004,-62.800000000000004,-73.4
5788,127316.0,False,53.300000000000004,-62.6,-74.9
5789,127333.0,False,51.400000000000006,-62.2,-76.3
5790,127349.0,False,49.400000000000006,-61.900000000000006,-77.60000000000001
5791,127363.0,False,47.5,-61.5,-78.7
5792,127379.0,False,45.7,-61.300000000000004,-79.7
5793,127397.0,False,44.0,-61.1,-80.4
5794,127414.0,False,42.6,-61.300000000000004,-80.80000000000001
5795,127437.0,False,41.5,-61.6,-80.60000000000001
5796,127463.0,False,39.800000000000004,-62.300000000000004,-79.9
5797,127480.0,False,39.0,-62.800000000000004,-79.7
5798,127513.0,False,36.5,-64.10000000000001,-79.9
5799,127533.0,False,35.2,-64.8,-80.0
5800,127563.0,False,33.4,-66.0,-79.2
5801,127579.0,False,33.800000000000004,-66.60000000000001,-77.5
5802,127615.0,False,38.300000000000004,-67.0,-71.2
5803,127632.0,False,41.6,-66.60000000000001,-67.5
5804,127663.0,False,46.6,-65.10000000000001,-63.0
5805,127683.0,False,47.2,-64.3,-62.800000000000004
5806,127720.0,False,44.1,-63.300000000000004,-65.10000000000001
5807,127729.0,False,41.1,-62.900000000000006,-66.8
5808,127763.0,False,37.800000000000004,-62.5,-68.5
5809,127780.0,False,32.300000000000004,-61.5,-70.9
5810,127797.0,False,30.200000000000003,-60.900000000000006,-71.8
5811,127834.0,False,27.200000000000003,-60.400000000000006,-72.9
5812,127847.0,False,26.200000000000003,-60.400000000000006,-73.10000000000001
5813,127880.0,False,25.6,-60.900000000000006,-72.7
5814,127897.0,False,26.1,-61.2,-72.0
5815,127930.0,False,28.0,-62.0,-70.2
5816,127946.0,False,29.1,-62.6,-69.4
5817,127963.0,False,29.900000000000002,-63.2,-68.8
5818,127979.0,False,30.400000000000002,-63.800000000000004,-68.60000000000001
5819,127996.0,False,30.700000000000003,-64.3,-68.8
5820,128013.0,False,30.700000000000003,-64.8,-69.3
5821,128030.0,False,30.700000000000003,-65.0,-70.0
5822,128047.0,False,30.400000000000002,-65.10000000000001,-70.7
5823,128062.0,False,30.1,-65.10000000000001,-71.4
5824,128096.0,False,28.700000000000003,-65.2,-72.5
5825,128129.0,False,27.6,-65.3,-73.0
5826,128146.0,False,25.8,-64.8,-73.5
5827,128162.0,False,25.6,-64.3,-73.4
5828,128182.0,False,25.8,-63.400000000000006,-73.5
5829,128196.0,False,26.3,-62.2,-73.9
5830,128212.0,False,26.700000000000003,-60.900000000000006,-74.8
5831,128247.0,False,26.200000000000003,-58.300000000000004,-78.2
5832,128279.0,False,23.8,-56.0,-82.4
5833,128297.0,False,22.6,-54.800000000000004,-84.2
5834,128315.0,False,21.8,-53.5,-85.60000000000001
5835,128352.0,False,21.900000000000002,-50.800000000000004,-87.30000000000001
5836,128379.0,False,22.6,-49.5,-87.80000000000001
5837,128397.0,False,23.6,-48.300000000000004,-88.2
5838,128413.0,False,25.8,-45.900000000000006,-89.2
5839,128434.0,False,26.700000000000003,-45.0,-89.80000000000001
5840,128467.0,False,208.3,-136.1,89.30000000000001
5841,128480.0,False,209.10000000000002,-136.4,89.10000000000001
5842,128513.0,False,210.5,-137.1,89.0
5843,128531.0,False,211.0,-137.5,88.80000000000001
5844,128550.0,False,211.20000000000002,-138.1,88.7
5845,128562.0,False,211.10000000000002,-138.70000000000002,88.60000000000001
5846,128582.0,False,210.4,-139.1,88.60000000000001
5847,128597.0,False,209.20000000000002,-139.3,88.80000000000001
5848,128619.0,False,207.8,-139.20000000000002,89.10000000000001
5849,128632.0,False,206.10000000000002,-139.0,89.5
5850,128663.0,False,24.5,-41.300000000000004,-89.9
5851,128679.0,False,21.5,-43.0,-88.5
5852,128697.0,False,19.900000000000002,-44.2,-87.9
5853,128729.0,False,16.400000000000002,-47.1,-87.2
5854,128746.0,False,15.0,-48.7,-87.0
5855,128763.0,False,13.9,-50.2,-86.80000000000001
5856,128779.0,False,13.200000000000001,-51.7,-86.60000000000001
5857,128796.0,False,13.0,-53.2,-86.4
5858,128829.0,False,14.3,-55.300000000000004,-85.5
5859,128846.0,False,15.8,-55.800000000000004,-84.80000000000001
5860,128864.0,False,17.5,-56.1,-84.10000000000001
5861,128896.0,False,19.8,-55.6,-83.60000000000001
5862,128915.0,False,19.900000000000002,-55.0,-83.80000000000001
5863,128933.0,False,19.3,-54.300000000000004,-84.2
5864,128946.0,False,18.0,-53.400000000000006,-84.60000000000001
5865,128962.0,False,16.3,-52.400000000000006,-84.9
5866,128997.0,False,14.200000000000001,-51.400000000000006,-85.10000000000001
5867,129012.0,False,9.700000000000001,-49.800000000000004,-85.0
5868,129031.0,False,7.5,-49.300000000000004,-84.9
5869,129049.0,False,5.4,-49.1,-84.60000000000001
5870,129063.0,False,3.6,-49.1,-84.30000000000001
5871,129082.0,False,2.1,-49.5,-83.80000000000001
5872,129097.0,False,1.2000000000000002,-50.1,-83.30000000000001
5873,129114.0,False,0.8,-50.900000000000006,-82.7
5874,129132.0,False,0.8,-51.800000000000004,-82.10000000000001
5875,129168.0,False,2.0,-54.0,-81.60000000000001
5876,129179.0,False,2.8000000000000003,-55.0,-81.7
5877,129213.0,False,5.0,-56.900000000000006,-82.5
5878,129246.0,False,6.4,-57.6,-82.9
5879,129263.0,False,10.8,-57.900000000000006,-82.9
5880,129282.0,False,13.100000000000001,-57.7,-82.4
5881,129316.0,False,16.0,-57.0,-81.10000000000001
5882,129329.0,False,16.400000000000002,-56.6,-80.4
5883,129365.0,False,15.9,-55.1,-79.5
5884,129381.0,False,15.3,-54.0,-79.9
5885,129400.0,False,14.700000000000001,-52.6,-80.7
5886,129446.0,False,13.700000000000001,-49.900000000000006,-83.10000000000001
5887,129462.0,False,13.200000000000001,-48.7,-84.4
5888,129479.0,False,11.700000000000001,-46.900000000000006,-86.80000000000001
5889,129498.0,False,11.100000000000001,-46.1,-87.7
5890,129533.0,False,11.100000000000001,-44.800000000000004,-89.10000000000001
5891,129546.0,False,12.0,-44.400000000000006,-89.4
5892,129581.0,False,15.100000000000001,-43.7,-89.60000000000001
5893,129596.0,False,17.0,-43.400000000000006,-89.60000000000001
5894,129616.0,False,19.0,-43.1,-89.60000000000001
5895,129630.0,False,20.700000000000003,-42.800000000000004,-89.7
5896,129647.0,False,22.3,-42.6,-89.80000000000001
5897,129663.0,False,23.6,-42.400000000000006,-89.9
5898,129679.0,False,204.5,-137.9,90.0
5899,129696.0,False,205.10000000000002,-138.3,89.7
5900,129713.0,False,205.10000000000002,-138.9,89.30000000000001
5901,129746.0,False,203.8,-140.20000000000002,88.4
5902,129765.0,False,202.5,-140.70000000000002,88.0
5903,129800.0,False,199.20000000000002,-140.70000000000002,88.30000000000001
5904,129813.0,False,197.4,-140.6,88.7
5905,129838.0,False,195.8,-140.20000000000002,89.30000000000001
5906,129847.0,False,14.5,-40.7,-89.7
5907,129879.0,False,13.5,-41.900000000000006,-88.30000000000001
5908,129896.0,False,12.5,-45.1,-84.5
5909,129913.0,False,12.3,-46.800000000000004,-82.4
5910,129946.0,False,12.200000000000001,-50.0,-78.60000000000001
5911,129963.0,False,12.0,-51.300000000000004,-77.4
5912,129985.0,False,11.5,-52.300000000000004,-76.9
5913,130013.0,False,10.100000000000001,-53.300000000000004,-78.0
5914,130032.0,False,9.3,-53.5,-79.2
5915,130063.0,False,7.5,-53.7,-82.0
5916,130079.0,False,6.4,-53.800000000000004,-83.2
5917,130114.0,False,3.4000000000000004,-54.0,-84.80000000000001
5918,130129.0,False,1.5,-54.1,-85.0
5919,130162.0,False,359.5,-54.300000000000004,-84.9
5920,130180.0,False,355.90000000000003,-54.5,-83.9
5921,130199.0,False,354.40000000000003,-54.7,-83.2
5922,130213.0,False,353.0,-54.900000000000006,-82.60000000000001
5923,130233.0,False,351.8,-55.400000000000006,-82.10000000000001
5924,130247.0,False,350.70000000000005,-55.900000000000006,-81.7
5925,130279.0,False,349.8,-57.2,-80.60000000000001
5926,130296.0,False,350.1,-57.900000000000006,-79.9
5927,130330.0,False,351.6,-58.900000000000006,-78.7
5928,130348.0,False,352.70000000000005,-59.400000000000006,-78.2
5929,130380.0,False,355.0,-60.5,-77.30000000000001
5930,130396.0,False,356.0,-61.0,-76.80000000000001
5931,130415.0,False,356.90000000000003,-61.300000000000004,-76.4
5932,130431.0,False,357.70000000000005,-61.300000000000004,-75.9
5933,130447.0,False,358.40000000000003,-61.300000000000004,-75.4
5934,130479.0,False,359.20000000000005,-60.900000000000006,-74.3
5935,130499.0,False,359.40000000000003,-60.900000000000006,-73.5
5936,130513.0,False,359.6,-60.800000000000004,-72.8
5937,130534.0,False,359.90000000000003,-60.6,-72.4
5938,130546.0,False,0.2,-60.1,-72.7
5939,130563.0,False,0.6000000000000001,-59.2,-73.8
5940,130600.0,False,1.2000000000000002,-56.800000000000004,-78.4
5941,130629.0,False,1.2000000000000002,-55.7,-81.60000000000001
5942,130647.0,False,0.9,-53.800000000000004,-88.10000000000001
5943,130662.0,False,181.0,-127.0,89.30000000000001
5944,130696.0,False,183.0,-128.9,86.4
5945,130713.0,False,185.0,-129.9,86.10000000000001
5946,130732.0,False,187.60000000000002,-131.1,86.30000000000001
5947,130746.0,False,190.20000000000002,-132.5,86.80000000000001
5948,130763.0,False,192.70000000000002,-134.0,87.5
5949,130781.0,False,194.70000000000002,-135.70000000000002,88.2
5950,130818.0,False,197.10000000000002,-139.0,89.7
5951,130830.0,False,17.6,-39.5,-89.30000000000001
5952,130853.0,False,17.6,-38.1,-88.5
5953,130863.0,False,17.400000000000002,-36.9,-87.80000000000001
5954,130882.0,False,17.0,-35.800000000000004,-87.4
5955,130915.0,False,15.9,-34.2,-87.60000000000001
5956,130931.0,False,15.3,-33.6,-88.10000000000001
5957,130951.0,False,14.700000000000001,-33.300000000000004,-88.60000000000001
5958,130963.0,False,14.100000000000001,-33.300000000000004,-89.2
5959,130981.0,False,13.600000000000001,-33.4,-89.7
5960,131014.0,False,192.70000000000002,-145.5,89.60000000000001
5961,131032.0,False,192.5,-144.6,89.80000000000001
5962,131046.0,False,12.5,-36.7,-89.30000000000001
5963,131079.0,False,12.9,-39.5,-85.9
5964,131098.0,False,13.100000000000001,-41.1,-83.30000000000001
5965,131142.0,False,12.600000000000001,-44.800000000000004,-77.2
5966,131148.0,False,11.600000000000001,-46.800000000000004,-74.60000000000001
5967,131180.0,False,7.9,-50.800000000000004,-72.10000000000001
5968,131196.0,False,5.7,-52.6,-72.5
5969,131236.0,False,1.9000000000000001,-55.2,-75.8
5970,131247.0,False,0.6000000000000001,-56.0,-78.10000000000001
5971,131280.0,False,358.20000000000005,-56.900000000000006,-83.0
5972,131296.0,False,356.70000000000005,-57.1,-85.4
5973,131313.0,False,355.0,-57.2,-87.4
5974,131346.0,False,170.60000000000002,-123.10000000000001,89.60000000000001
5975,131365.0,False,168.20000000000002,-123.30000000000001,88.7
5976,131409.0,False,165.70000000000002,-123.5,88.2
5977,131433.0,False,159.20000000000002,-123.30000000000001,88.9
5978,131446.0,False,157.70000000000002,-123.0,89.5
5979,131463.0,False,336.6,-57.400000000000006,-89.9
5980,131496.0,False,335.5,-58.7,-89.0
5981,131512.0,False,335.5,-59.6,-88.7
5982,131529.0,False,335.70000000000005,-60.7,-88.5
5983,131546.0,False,336.20000000000005,-61.900000000000006,-88.2
5984,131562.0,False,337.20000000000005,-63.1,-87.5
5985,131580.0,False,338.70000000000005,-64.10000000000001,-86.2
5986,131597.0,False,340.20000000000005,-64.8,-84.30000000000001
5987,131612.0,False,341.3,-65.10000000000001,-82.2
5988,131630.0,False,341.5,-65.4,-80.2
5989,131662.0,False,338.5,-66.8,-77.0
5990,131680.0,False,336.40000000000003,-67.7,-75.60000000000001
5991,131718.0,False,336.3,-68.2,-70.4
5992,131734.0,False,339.1,-67.4,-66.5
5993,131765.0,False,346.0,-63.5,-61.6
5994,131780.0,False,348.3,-61.0,-62.0
5995,131813.0,False,349.70000000000005,-57.0,-67.3
5996,131832.0,False,349.5,-55.800000000000004,-70.8
5997,131863.0,False,348.5,-53.7,-78.0
5998,131879.0,False,348.40000000000003,-52.6,-80.9
5999,131897.0,False,348.90000000000003,-51.400000000000006,-83.30000000000001
6000,131921.0,False,350.0,-50.1,-85.30000000000001
6001,131934.0,False,351.5,-48.7,-86.9
6002,131946.0,False,353.20000000000005,-47.400000000000006,-88.10000000000001
6003,131980.0,False,356.6,-44.900000000000006,-89.7
6004,131996.0,False,177.9,-136.3,90.0
6005,132036.0,False,359.6,-41.6,-89.7
6006,132046.0,False,359.90000000000003,-40.7,-89.2
6007,132079.0,False,359.6,-39.1,-88.2
6008,132097.0,False,359.0,-38.5,-87.7
6009,132117.0,False,358.3,-37.9,-87.2
6010,132136.0,False,357.40000000000003,-37.4,-86.7
6011,132148.0,False,356.40000000000003,-37.0,-86.30000000000001
6012,132163.0,False,355.20000000000005,-36.7,-85.9
6013,132200.0,False,352.5,-36.5,-85.30000000000001
6014,132213.0,False,351.20000000000005,-36.9,-84.60000000000001
6015,132246.0,False,349.20000000000005,-39.1,-82.30000000000001
6016,132282.0,False,348.70000000000005,-42.400000000000006,-79.5
6017,132297.0,False,349.40000000000003,-44.300000000000004,-78.0
6018,132313.0,False,350.90000000000003,-46.1,-76.4
6019,132349.0,False,356.0,-48.900000000000006,-73.4
6020,132362.0,False,359.0,-49.7,-72.3
6021,132379.0,False,1.8,-50.1,-71.8
6022,132397.0,False,4.0,-50.2,-71.7
6023,132412.0,False,5.4,-50.1,-72.10000000000001
6024,132436.0,False,5.7,-49.800000000000004,-72.60000000000001
6025,132464.0,False,4.800000000000001,-49.300000000000004,-73.3
6026,132480.0,False,359.70000000000005,-47.900000000000006,-74.60000000000001
6027,132513.0,False,352.3,-46.400000000000006,-75.10000000000001
6028,132529.0,False,348.40000000000003,-45.7,-75.10000000000001
6029,132547.0,False,344.70000000000005,-45.300000000000004,-75.0
6030,132563.0,False,341.20000000000005,-45.300000000000004,-74.9
6031,132579.0,False,338.1,-45.6,-74.8
6032,132613.0,False,333.5,-47.2,-74.9
6033,132639.0,False,332.40000000000003,-48.300000000000004,-74.60000000000001
6034,132663.0,False,332.5,-50.6,-72.5
6035,132679.0,False,332.6,-51.300000000000004,-71.0
6036,132697.0,False,332.1,-51.800000000000004,-69.7
6037,132737.0,False,329.1,-52.1,-68.5
6038,132749.0,False,327.1,-52.2,-68.5
6039,132780.0,False,322.70000000000005,-52.0,-70.60000000000001
6040,132797.0,False,320.90000000000003,-52.1,-72.0
6041,132847.0,False,318.8,-54.1,-76.60000000000001
6042,132863.0,False,319.90000000000003,-55.0,-77.9
6043,132882.0,False,322.3,-55.900000000000006,-78.9
6044,132897.0,False,325.90000000000003,-56.7,-79.60000000000001
6045,132915.0,False,330.70000000000005,-57.2,-79.80000000000001
6046,132931.0,False,336.40000000000003,-57.6,-79.80000000000001
6047,132947.0,False,342.3,-57.800000000000004,-79.7
6048,132980.0,False,348.0,-58.0,-79.7
6049,132996.0,False,357.8,-58.7,-79.80000000000001
6050,133015.0,False,1.7000000000000002,-59.0,-79.80000000000001
6051,133046.0,False,8.0,-59.1,-79.4
6052,133064.0,False,10.700000000000001,-58.900000000000006,-79.0
6053,133096.0,False,15.0,-58.0,-78.4
6054,133113.0,False,16.400000000000002,-57.300000000000004,-78.5
6055,133133.0,False,17.1,-56.6,-79.10000000000001
6056,133147.0,False,17.3,-55.900000000000006,-80.10000000000001
6057,133162.0,False,17.0,-55.2,-81.30000000000001
6058,133183.0,False,16.400000000000002,-54.6,-82.4
6059,133197.0,False,15.9,-54.1,-83.10000000000001
6060,133217.0,False,15.600000000000001,-53.800000000000004,-83.10000000000001
6061,133252.0,False,16.400000000000002,-53.6,-81.5
6062,133263.0,False,17.2,-53.7,-80.30000000000001
6063,133279.0,False,18.1,-53.800000000000004,-79.2
6064,133312.0,False,19.6,-54.300000000000004,-77.30000000000001
6065,133333.0,False,20.0,-54.400000000000006,-76.9
6066,133363.0,False,20.0,-54.300000000000004,-77.30000000000001
6067,133380.0,False,19.5,-54.1,-78.60000000000001
6068,133414.0,False,14.600000000000001,-53.400000000000006,-85.80000000000001
6069,133433.0,False,12.5,-53.2,-87.9
6070,133462.0,False,188.9,-127.30000000000001,89.80000000000001
6071,133484.0,False,187.70000000000002,-127.5,89.7
6072,133512.0,False,6.5,-52.6,-88.80000000000001
6073,133545.0,False,6.5,-52.800000000000004,-87.30000000000001
6074,133563.0,False,6.7,-53.2,-85.60000000000001
6075,133579.0,False,8.1,-53.800000000000004,-81.80000000000001
6076,133601.0,False,9.1,-54.1,-79.9
6077,133633.0,False,10.700000000000001,-54.7,-76.7
6078,133646.0,False,10.9,-55.0,-75.8
6079,133679.0,False,9.600000000000001,-55.900000000000006,-75.4
6080,133697.0,False,8.0,-56.5,-75.9
6081,133739.0,False,4.2,-57.5,-77.60000000000001
6082,133747.0,False,2.4000000000000004,-57.900000000000006,-78.5
6083,133769.0,False,0.9,-58.1,-79.10000000000001
6084,133780.0,False,359.6,-58.2,-79.60000000000001
6085,133799.0,False,358.0,-58.2,-80.30000000000001
6086,133814.0,False,356.3,-57.900000000000006,-80.9
6087,133846.0,False,352.70000000000005,-56.7,-81.7
6088,133863.0,False,350.6,-56.0,-81.9
6089,133897.0,False,347.8,-53.300000000000004,-81.2
6090,133913.0,False,346.90000000000003,-51.400000000000006,-80.5
6091,133933.0,False,346.20000000000005,-49.400000000000006,-80.10000000000001
6092,133948.0,False,345.5,-47.400000000000006,-79.9
6093,133962.0,False,344.90000000000003,-45.5,-79.5
6094,133997.0,False,344.0,-42.5,-78.0
6095,134014.0,False,343.70000000000005,-41.6,-77.10000000000001
6096,134029.0,False,343.5,-40.900000000000006,-76.4
6097,134046.0,False,343.70000000000005,-40.2,-76.0
6098,134063.0,False,344.5,-39.6,-75.7
6099,134080.0,False,345.90000000000003,-39.1,-75.60000000000001
6100,134113.0,False,350.3,-38.1,-76.10000000000001
6101,134149.0,False,355.8,-38.1,-77.2
6102,134163.0,False,358.40000000000003,-38.5,-77.80000000000001
6103,134180.0,False,0.9,-39.2,-78.30000000000001
6104,134216.0,False,4.6000000000000005,-41.300000000000004,-79.4
6105,134230.0,False,5.800000000000001,-42.300000000000004,-80.30000000000001
6106,134265.0,False,7.6000000000000005,-44.1,-82.2
6107,134280.0,False,8.6,-44.800000000000004,-83.0
6108,134297.0,False,9.700000000000001,-45.300000000000004,-83.5
6109,134318.0,False,10.8,-45.7,-83.60000000000001
6110,134334.0,False,11.9,-46.300000000000004,-83.80000000000001
6111,134346.0,False,12.8,-46.900000000000006,-84.0
6112,134379.0,False,13.9,-48.800000000000004,-84.80000000000001
6113,134396.0,False,13.600000000000001,-50.0,-85.4
6114,134434.0,False,9.200000000000001,-52.400000000000006,-88.7
6115,134447.0,False,185.8,-126.80000000000001,89.10000000000001
6116,134481.0,False,180.3,-125.9,87.4
6117,134496.0,False,177.70000000000002,-125.4,87.5
6118,134530.0,False,173.10000000000002,-123.5,89.0
6119,134547.0,False,351.70000000000005,-58.0,-89.2
6120,134580.0,False,350.90000000000003,-61.400000000000006,-83.30000000000001
6121,134600.0,False,350.70000000000005,-62.300000000000004,-80.9
6122,134613.0,False,350.70000000000005,-62.5,-79.7
6123,134648.0,False,350.20000000000005,-61.800000000000004,-81.10000000000001
6124,134664.0,False,349.0,-61.1,-83.5
6125,134697.0,False,345.3,-58.5,-89.30000000000001
6126,134713.0,False,163.70000000000002,-123.4,88.60000000000001
6127,134732.0,False,162.20000000000002,-125.4,87.2
6128,134746.0,False,160.5,-127.5,86.60000000000001
6129,134763.0,False,158.60000000000002,-129.4,86.5
6130,134796.0,False,153.60000000000002,-132.1,87.9
6131,134813.0,False,151.0,-133.0,88.80000000000001
6132,134832.0,False,148.8,-133.6,89.80000000000001
6133,134846.0,False,326.8,-46.2,-89.5
6134,134865.0,False,324.8,-46.300000000000004,-89.2
6135,134879.0,False,322.90000000000003,-46.5,-89.10000000000001
6136,134913.0,False,319.90000000000003,-47.800000000000004,-89.5
6137,134935.0,False,139.20000000000002,-131.20000000000002,89.9
6138,134968.0,False,140.1,-128.70000000000002,88.9
6139,134979.0,False,142.0,-127.10000000000001,89.0
6140,135013.0,False,327.8,-56.5,-88.9
6141,135029.0,False,330.8,-58.2,-87.5
6142,135046.0,False,332.8,-59.7,-86.60000000000001
6143,135063.0,False,333.8,-61.0,-86.2
6144,135079.0,False,334.0,-62.400000000000006,-86.0
6145,135113.0,False,333.8,-65.10000000000001,-83.80000000000001
6146,135132.0,False,333.3,-66.7,-82.2
6147,135163.0,False,333.20000000000005,-70.0,-78.5
6148,135180.0,False,333.90000000000003,-71.7,-76.80000000000001
6149,135196.0,False,335.70000000000005,-73.2,-74.9
6150,135229.0,False,343.90000000000003,-75.3,-68.2
6151,135251.0,False,350.5,-75.60000000000001,-63.400000000000006
6152,135279.0,False,4.800000000000001,-74.7,-55.6
6153,135296.0,False,10.5,-74.0,-53.800000000000004
6154,135315.0,False,15.0,-73.4,-52.900000000000006
6155,135333.0,False,18.2,-73.0,-52.5
6156,135362.0,False,22.6,-72.5,-51.0
6157,135384.0,False,25.200000000000003,-72.2,-49.300000000000004
6158,135396.0,False,28.1,-71.60000000000001,-47.2
6159,135412.0,False,30.8,-70.9,-45.400000000000006
6160,135429.0,False,32.9,-70.10000000000001,-44.300000000000004
6161,135448.0,False,34.4,-69.2,-44.2
6162,135479.0,False,34.9,-68.5,-45.2
6163,135496.0,False,32.2,-67.5,-50.7
6164,135515.0,False,29.8,-67.2,-54.5
6165,135551.0,False,24.700000000000003,-67.2,-61.400000000000006
6166,135563.0,False,22.200000000000003,-67.10000000000001,-64.2
6167,135596.0,False,18.8,-66.3,-68.10000000000001
6168,135615.0,False,18.1,-65.8,-69.4
6169,135646.0,False,17.6,-64.60000000000001,-71.4
6170,135664.0,False,17.0,-64.10000000000001,-72.4
6171,135679.0,False,16.0,-63.6,-73.2
6172,135700.0,False,14.8,-63.0,-73.7
6173,135712.0,False,13.200000000000001,-62.6,-74.10000000000001
6174,135731.0,False,11.8,-62.300000000000004,-74.10000000000001
6175,135763.0,False,9.1,-62.6,-73.7
6176,135780.0,False,7.5,-62.800000000000004,-73.60000000000001
6177,135813.0,False,4.3,-62.800000000000004,-74.3
6178,135829.0,False,2.4000000000000004,-62.6,-75.0
6179,135849.0,False,0.30000000000000004,-62.400000000000006,-75.8
6180,135863.0,False,358.3,-62.1,-76.60000000000001
6181,135880.0,False,356.3,-61.900000000000006,-77.2
6182,135914.0,False,352.70000000000005,-61.5,-78.10000000000001
6183,135935.0,False,351.20000000000005,-61.300000000000004,-78.60000000000001
6184,135968.0,False,349.0,-61.400000000000006,-79.80000000000001
6185,135979.0,False,348.0,-61.7,-80.30000000000001
6186,135999.0,False,347.1,-62.1,-80.7
6187,136030.0,False,345.20000000000005,-63.0,-81.10000000000001
6188,136045.0,False,344.20000000000005,-63.5,-81.30000000000001
6189,136079.0,False,341.8,-64.7,-82.4
6190,136096.0,False,340.40000000000003,-65.5,-82.9
6191,136136.0,False,337.8,-67.3,-83.80000000000001
6192,136147.0,False,337.1,-68.3,-83.9
6193,136164.0,False,336.90000000000003,-69.2,-83.60000000000001
6194,136179.0,False,337.20000000000005,-70.2,-83.0
6195,136196.0,False,338.20000000000005,-71.10000000000001,-82.0
6196,136213.0,False,339.40000000000003,-71.9,-80.7
6197,136229.0,False,340.6,-72.7,-79.60000000000001
6198,136245.0,False,341.8,-73.3,-78.5
6199,136263.0,False,343.1,-73.7,-77.2
6200,136296.0,False,344.5,-73.5,-75.5
6201,136313.0,False,344.0,-73.0,-75.60000000000001
6202,136346.0,False,339.0,-72.10000000000001,-78.4
6203,136379.0,False,335.1,-71.8,-80.4
6204,136396.0,False,329.6,-71.0,-81.80000000000001
6205,136413.0,False,329.1,-70.0,-80.80000000000001
6206,136432.0,False,329.3,-68.7,-79.80000000000001
6207,136446.0,False,329.5,-67.3,-79.5
6208,136465.0,False,329.3,-66.10000000000001,-80.4
6209,136479.0,False,328.40000000000003,-65.10000000000001,-82.0
6210,136496.0,False,327.20000000000005,-64.10000000000001,-84.0
6211,136512.0,False,326.0,-63.300000000000004,-85.7
6212,136532.0,False,325.3,-62.5,-86.80000000000001
6213,136563.0,False,326.1,-61.800000000000004,-86.7
6214,136580.0,False,327.3,-61.7,-85.9
6215,136622.0,False,330.3,-62.0,-84.10000000000001
6216,136630.0,False,331.6,-62.300000000000004,-83.60000000000001
6217,136662.0,False,332.5,-62.6,-83.80000000000001
6218,136679.0,False,333.0,-62.900000000000006,-84.60000000000001
6219,136696.0,False,333.0,-63.400000000000006,-86.10000000000001
6220,136713.0,False,153.4,-115.5,89.80000000000001
6221,136749.0,False,157.20000000000002,-114.4,87.0
6222,136763.0,False,159.10000000000002,-114.10000000000001,85.5
6223,136780.0,False,160.5,-113.9,83.5
6224,136797.0,False,161.5,-113.7,81.5
6225,136820.0,False,162.20000000000002,-113.60000000000001,79.9
6226,136837.0,False,163.20000000000002,-113.60000000000001,79.5
6227,136846.0,False,164.8,-113.9,80.5
6228,136879.0,False,168.4,-115.0,85.5
6229,136897.0,False,169.5,-115.5,88.2
6230,136936.0,False,351.20000000000005,-65.10000000000001,-85.7
6231,136945.0,False,351.5,-65.7,-83.10000000000001
6232,136966.0,False,351.5,-66.2,-81.30000000000001
6233,136980.0,False,351.20000000000005,-66.7,-80.5
6234,136996.0,False,350.90000000000003,-67.2,-80.5
6235,137032.0,False,349.5,-67.60000000000001,-83.0
6236,137046.0,False,348.5,-67.2,-85.30000000000001
6237,137062.0,False,347.40000000000003,-66.60000000000001,-87.9
6238,137085.0,False,166.10000000000002,-114.4,89.2
6239,137096.0,False,164.8,-115.7,86.60000000000001
6240,137121.0,False,163.70000000000002,-117.10000000000001,84.5
6241,137145.0,False,162.0,-120.2,82.80000000000001
6242,137164.0,False,161.20000000000002,-121.5,82.9
6243,137196.0,False,159.9,-123.60000000000001,84.5
6244,137212.0,False,159.20000000000002,-124.0,85.5
6245,137232.0,False,158.4,-124.0,86.7
6246,137248.0,False,157.60000000000002,-123.7,88.0
6247,137262.0,False,157.0,-123.0,89.60000000000001
6248,137297.0,False,336.6,-59.5,-86.2
6249,137313.0,False,337.3,-61.2,-83.7
6250,137365.0,False,345.6,-65.60000000000001,-73.7
6251,137380.0,False,350.0,-66.5,-70.10000000000001
6252,137413.0,False,357.3,-68.3,-65.3
6253,137447.0,False,358.8,-69.4,-65.10000000000001
6254,137463.0,False,357.3,-71.2,-69.0
6255,137479.0,False,355.90000000000003,-71.8,-71.5
6256,137512.0,False,355.1,-71.5,-74.4
6257,137529.0,False,355.6,-71.0,-74.5
6258,137550.0,False,356.20000000000005,-70.4,-74.2
6259,137562.0,False,356.40000000000003,-69.7,-73.60000000000001
6260,137579.0,False,356.3,-68.9,-72.7
6261,137598.0,False,356.3,-68.0,-71.4
6262,137613.0,False,356.70000000000005,-66.9,-69.8
6263,137632.0,False,357.6,-65.7,-68.3
6264,137650.0,False,358.5,-64.7,-67.7
6265,137679.0,False,358.6,-64.2,-70.2
6266,137696.0,False,357.6,-64.60000000000001,-72.9
6267,137737.0,False,356.20000000000005,-66.0,-78.60000000000001
6268,137747.0,False,357.20000000000005,-66.7,-80.2
6269,137773.0,False,359.70000000000005,-67.3,-80.60000000000001
6270,137779.0,False,3.2,-67.8,-79.9
6271,137796.0,False,6.9,-68.2,-78.7
6272,137831.0,False,12.700000000000001,-68.3,-76.7
6273,137851.0,False,14.100000000000001,-68.2,-76.5
6274,137879.0,False,13.5,-67.4,-78.30000000000001
6275,137897.0,False,12.200000000000001,-67.0,-79.80000000000001
6276,137913.0,False,10.700000000000001,-66.5,-81.4
6277,137946.0,False,8.3,-65.7,-83.60000000000001
6278,137962.0,False,7.5,-65.10000000000001,-84.4
6279,137995.0,False,5.9,-63.6,-86.0
6280,138012.0,False,4.7,-63.0,-86.9
6281,138046.0,False,2.2,-62.2,-87.80000000000001
6282,138062.0,False,1.7000000000000002,-62.0,-87.2
6283,138096.0,False,2.3000000000000003,-61.300000000000004,-84.7
6284,138134.0,False,3.3000000000000003,-60.6,-81.60000000000001
6285,138146.0,False,3.5,-60.300000000000004,-79.60000000000001
6286,138162.0,False,3.6,-60.1,-77.2
6287,138197.0,False,3.6,-59.7,-74.7
6288,138213.0,False,3.2,-58.7,-69.8
6289,138229.0,False,2.8000000000000003,-58.0,-68.0
6290,138270.0,False,1.3,-56.1,-66.5
6291,138279.0,False,0.1,-55.1,-66.8
6292,138306.0,False,358.40000000000003,-54.2,-67.7
6293,138312.0,False,356.3,-53.6,-68.9
6294,138330.0,False,353.90000000000003,-53.2,-70.10000000000001
6295,138363.0,False,349.20000000000005,-52.7,-71.9
6296,138380.0,False,347.3,-52.5,-72.5
6297,138413.0,False,345.0,-52.7,-72.60000000000001
6298,138431.0,False,344.6,-53.0,-72.3
6299,138463.0,False,344.70000000000005,-53.900000000000006,-71.60000000000001
6300,138481.0,False,344.90000000000003,-54.5,-71.3
6301,138512.0,False,345.20000000000005,-55.300000000000004,-71.2
6302,138529.0,False,344.90000000000003,-57.300000000000004,-72.3
6303,138545.0,False,344.5,-58.5,-73.3
6304,138567.0,False,344.20000000000005,-60.0,-74.3
6305,138580.0,False,344.20000000000005,-61.400000000000006,-75.10000000000001
6306,138598.0,False,344.70000000000005,-62.900000000000006,-75.5
6307,138629.0,False,345.5,-64.3,-75.7
6308,138648.0,False,347.8,-66.60000000000001,-76.10000000000001
6309,138680.0,False,350.40000000000003,-68.4,-76.2
6310,138696.0,False,351.90000000000003,-69.0,-75.8
6311,138735.0,False,354.70000000000005,-68.9,-74.5
6312,138748.0,False,355.40000000000003,-68.4,-73.7
6313,138780.0,False,355.3,-67.8,-73.0
6314,138796.0,False,352.8,-66.3,-72.0
6315,138812.0,False,351.40000000000003,-65.3,-71.60000000000001
6316,138846.0,False,348.8,-62.7,-72.9
6317,138863.0,False,347.5,-61.300000000000004,-75.0
6318,138880.0,False,346.0,-59.800000000000004,-77.80000000000001
6319,138895.0,False,344.1,-58.400000000000006,-80.9
6320,138913.0,False,342.0,-57.2,-84.0
6321,138946.0,False,337.3,-55.2,-88.5
6322,138963.0,False,335.6,-54.400000000000006,-89.5
6323,138980.0,False,334.90000000000003,-53.800000000000004,-89.80000000000001
6324,138996.0,False,335.20000000000005,-53.400000000000006,-89.5
6325,139021.0,False,336.40000000000003,-53.1,-88.80000000000001
6326,139030.0,False,338.0,-53.0,-87.9
6327,139062.0,False,341.5,-53.2,-86.5
6328,139079.0,False,342.6,-53.5,-86.30000000000001
6329,139114.0,False,343.5,-54.2,-87.10000000000001
6330,139138.0,False,343.5,-54.6,-87.9
6331,139152.0,False,343.5,-54.900000000000006,-88.7
6332,139163.0,False,343.5,-55.0,-89.5
6333,139179.0,False,163.5,-125.10000000000001,89.60000000000001
6334,139202.0,False,163.20000000000002,-125.30000000000001,88.60000000000001
6335,139212.0,False,162.70000000000002,-125.60000000000001,87.5
6336,139229.0,False,161.9,-126.0,86.5
6337,139252.0,False,161.20000000000002,-126.10000000000001,86.10000000000001
6338,139263.0,False,160.5,-126.2,86.5
6339,139280.0,False,159.9,-126.10000000000001,87.30000000000001
6340,139313.0,False,159.3,-126.0,88.4
6341,139334.0,False,338.1,-55.300000000000004,-88.80000000000001
6342,139346.0,False,337.40000000000003,-56.2,-87.2
6343,139385.0,False,335.6,-58.300000000000004,-84.5
6344,139395.0,False,334.8,-59.2,-83.60000000000001
6345,139418.0,False,334.5,-60.0,-82.7
6346,139436.0,False,334.8,-60.6,-81.80000000000001
6347,139447.0,False,335.8,-60.900000000000006,-80.9
6348,139482.0,False,338.3,-60.800000000000004,-79.5
6349,139495.0,False,339.1,-60.400000000000006,-79.2
6350,139536.0,False,339.40000000000003,-59.300000000000004,-79.2
6351,139546.0,False,338.6,-58.5,-79.5
6352,139565.0,False,337.3,-57.800000000000004,-79.7
6353,139598.0,False,333.70000000000005,-56.2,-79.80000000000001
6354,139613.0,False,331.70000000000005,-55.5,-79.80000000000001
6355,139647.0,False,327.5,-54.800000000000004,-79.9
6356,139662.0,False,325.40000000000003,-54.800000000000004,-80.2
6357,139696.0,False,322.1,-55.6,-81.5
6358,139723.0,False,321.3,-56.400000000000006,-82.30000000000001
6359,139747.0,False,322.6,-58.800000000000004,-83.4
6360,139763.0,False,325.1,-60.400000000000006,-83.10000000000001
6361,139779.0,False,328.70000000000005,-62.1,-82.10000000000001
6362,139796.0,False,333.5,-63.800000000000004,-80.30000000000001
6363,139813.0,False,338.90000000000003,-65.3,-77.9
6364,139830.0,False,344.3,-66.4,-75.4
6365,139865.0,False,352.8,-67.8,-72.0
6366,139879.0,False,354.70000000000005,-68.10000000000001,-71.60000000000001
6367,139913.0,False,354.3,-67.7,-72.8
6368,139938.0,False,353.0,-67.0,-73.7
6369,139968.0,False,349.90000000000003,-65.10000000000001,-75.5
6370,139979.0,False,348.70000000000005,-64.2,-75.9
6371,140005.0,False,348.1,-63.400000000000006,-75.9
6372,140013.0,False,348.0,-62.400000000000006,-75.5
6373,140029.0,False,348.40000000000003,-61.2,-75.0
6374,140047.0,False,349.1,-59.900000000000006,-74.5
6375,140063.0,False,349.90000000000003,-58.6,-74.3
6376,140079.0,False,350.70000000000005,-57.300000000000004,-74.4
6377,140112.0,False,351.5,-56.300000000000004,-75.0
6378,140129.0,False,353.1,-55.0,-76.80000000000001
6379,140151.0,False,354.40000000000003,-54.6,-77.9
6380,140179.0,False,358.40000000000003,-53.7,-80.30000000000001
6381,140197.0,False,1.1,-53.1,-81.7
6382,140229.0,False,7.0,-52.2,-84.7
6383,140246.0,False,9.700000000000001,-51.800000000000004,-86.2
6384,140263.0,False,12.0,-51.6,-87.80000000000001
6385,140279.0,False,13.700000000000001,-51.400000000000006,-89.2
6386,140296.0,False,195.10000000000002,-128.8,89.7
6387,140331.0,False,196.9,-128.9,88.60000000000001
6388,140346.0,False,197.60000000000002,-129.20000000000002,88.60000000000001
6389,140365.0,False,198.20000000000002,-129.6,89.0
6390,140379.0,False,198.8,-130.20000000000002,89.4
6391,140400.0,False,199.20000000000002,-130.8,90.0
6392,140413.0,False,19.5,-48.5,-89.5
6393,140446.0,False,19.5,-47.7,-88.5
6394,140462.0,False,19.5,-47.5,-87.9
6395,140496.0,False,19.1,-47.300000000000004,-86.60000000000001
6396,140513.0,False,18.5,-47.400000000000006,-85.80000000000001
6397,140546.0,False,16.0,-48.2,-84.30000000000001
6398,140579.0,False,12.200000000000001,-49.800000000000004,-83.4
6399,140597.0,False,10.3,-50.7,-83.2
6400,140628.0,False,8.700000000000001,-51.7,-83.10000000000001
6401,140646.0,False,6.7,-53.5,-82.60000000000001
6402,140663.0,False,6.4,-54.300000000000004,-82.10000000000001
6403,140696.0,False,6.4,-55.2,-81.4
6404,140712.0,False,6.800000000000001,-57.1,-79.5
6405,140731.0,False,6.9,-58.1,-78.4
6406,140765.0,False,7.0,-60.0,-75.9
6407,140779.0,False,7.0,-60.7,-74.5
6408,140812.0,False,6.7,-61.800000000000004,-71.60000000000001
6409,140853.0,False,5.1000000000000005,-62.800000000000004,-69.60000000000001
6410,140863.0,False,3.6,-63.300000000000004,-69.2
6411,140884.0,False,1.9000000000000001,-63.900000000000006,-69.10000000000001
6412,140896.0,False,0.2,-64.60000000000001,-69.2
6413,140912.0,False,358.8,-65.4,-69.0
6414,140929.0,False,358.3,-66.3,-68.2
6415,140946.0,False,358.8,-67.2,-66.7
6416,140966.0,False,0.6000000000000001,-67.9,-64.4
6417,140979.0,False,3.3000000000000003,-68.3,-61.6
6418,140998.0,False,6.5,-68.5,-58.800000000000004
6419,141031.0,False,11.600000000000001,-68.4,-55.300000000000004
6420,141045.0,False,12.9,-68.4,-54.900000000000006
6421,141079.0,False,12.200000000000001,-68.10000000000001,-57.0
6422,141095.0,False,10.8,-67.8,-58.800000000000004
6423,141129.0,False,8.8,-67.10000000000001,-61.300000000000004
6424,141146.0,False,8.700000000000001,-66.7,-62.300000000000004
6425,141162.0,False,9.200000000000001,-66.5,-63.400000000000006
6426,141179.0,False,10.4,-66.60000000000001,-64.7
6427,141196.0,False,12.3,-66.9,-65.8
6428,141215.0,False,14.4,-67.2,-67.0
6429,141253.0,False,18.5,-67.5,-70.2
6430,141262.0,False,20.200000000000003,-67.60000000000001,-71.9
6431,141313.0,False,24.1,-68.5,-76.10000000000001
6432,141345.0,False,27.6,-68.8,-76.5
6433,141365.0,False,29.6,-68.60000000000001,-76.3
6434,141396.0,False,32.6,-67.5,-76.5
6435,141412.0,False,33.2,-66.7,-77.2
6436,141446.0,False,32.300000000000004,-64.60000000000001,-79.4
6437,141469.0,False,31.400000000000002,-63.300000000000004,-80.4
6438,141479.0,False,30.3,-61.800000000000004,-81.2
6439,141516.0,False,28.1,-58.7,-81.80000000000001
6440,141529.0,False,26.900000000000002,-57.2,-81.9
6441,141562.0,False,24.700000000000003,-53.900000000000006,-82.10000000000001
6442,141578.0,False,23.400000000000002,-52.1,-82.5
6443,141613.0,False,20.5,-48.0,-84.2
6444,141628.0,False,19.0,-45.6,-85.30000000000001
6445,141662.0,False,16.8,-40.1,-86.5
6446,141684.0,False,16.2,-36.800000000000004,-86.5
6447,141712.0,False,15.0,-29.0,-86.30000000000001
6448,141735.0,False,14.3,-25.0,-85.9
6449,141750.0,False,13.3,-21.1,-85.0
6450,141766.0,False,12.100000000000001,-17.5,-83.7
6451,141779.0,False,10.8,-14.0,-82.30000000000001
6452,141802.0,False,9.4,-10.600000000000001,-80.7
6453,141829.0,False,7.4,-3.5,-77.30000000000001
6454,141852.0,False,6.800000000000001,0.0,-75.10000000000001
6455,141884.0,False,5.300000000000001,7.4,-69.10000000000001
6456,141896.0,False,4.4,10.9,-65.60000000000001
6457,141934.0,False,2.1,17.2,-57.0
6458,141947.0,False,0.7000000000000001,20.200000000000003,-52.1
6459,141964.0,False,359.0,22.900000000000002,-46.900000000000006
6460,141979.0,False,356.90000000000003,24.900000000000002,-41.900000000000006
6461,141996.0,False,354.6,26.3,-37.1
6462,142033.0,False,350.8,27.8,-28.200000000000003
6463,142047.0,False,349.5,28.3,-24.3
6464,142062.0,False,348.20000000000005,28.8,-20.6
6465,142096.0,False,346.40000000000003,29.8,-15.200000000000001
6466,142116.0,False,345.6,30.3,-13.4
6467,142147.0,False,344.20000000000005,31.6,-11.4
6468,142163.0,False,343.8,32.4,-11.200000000000001
6469,142196.0,False,343.0,33.7,-11.8
6470,142229.0,False,342.40000000000003,34.1,-12.0
6471,142245.0,False,341.40000000000003,34.0,-12.0
6472,142262.0,False,341.3,33.5,-12.3
6473,142279.0,False,341.20000000000005,33.0,-12.4
6474,142295.0,False,341.20000000000005,32.6,-12.4
6475,142316.0,False,341.20000000000005,32.300000000000004,-12.100000000000001
6476,142346.0,False,341.3,31.900000000000002,-11.8
6477,142365.0,False,341.90000000000003,31.1,-11.8
6478,142402.0,False,342.5,30.8,-12.9
6479,142417.0,False,342.70000000000005,31.0,-13.4
6480,142447.0,False,343.0,31.3,-13.600000000000001
6481,142463.0,False,343.90000000000003,31.700000000000003,-13.200000000000001
6482,142480.0,False,344.8,31.700000000000003,-12.600000000000001
6483,142496.0,False,345.8,31.400000000000002,-12.0
6484,142516.0,False,347.1,31.1,-11.8
6485,142529.0,False,348.3,30.700000000000003,-12.0
6486,142546.0,False,349.40000000000003,30.400000000000002,-12.600000000000001
6487,142562.0,False,350.20000000000005,30.400000000000002,-13.200000000000001
6488,142580.0,False,350.70000000000005,30.700000000000003,-13.600000000000001
6489,142596.0,False,351.0,31.1,-13.8
6490,142619.0,False,350.8,31.3,-13.100000000000001
6491,142632.0,False,350.90000000000003,31.400000000000002,-11.9
6492,142666.0,False,350.8,31.200000000000003,-8.200000000000001
6493,142679.0,False,350.8,31.1,-6.2
6494,142696.0,False,351.0,31.0,-4.4
6495,142731.0,False,351.3,31.0,-1.4000000000000001
6496,142748.0,False,351.40000000000003,30.900000000000002,0.1
6497,142762.0,False,351.70000000000005,30.6,1.7000000000000002
6498,142780.0,False,352.1,30.3,3.5
6499,142796.0,False,352.90000000000003,29.900000000000002,4.9
6500,142829.0,False,354.5,30.0,5.300000000000001
6501,142845.0,False,354.8,30.5,4.5
6502,142880.0,False,354.8,31.3,3.8000000000000003
6503,142896.0,False,354.70000000000005,32.4,2.3000000000000003
6504,142917.0,False,354.6,32.5,1.7000000000000002
6505,142939.0,False,354.20000000000005,32.5,1.2000000000000002
6506,142946.0,False,353.40000000000003,32.4,1.1
6507,142979.0,False,352.5,32.2,1.1
6508,143004.0,False,350.70000000000005,31.6,1.0
6509,143012.0,False,349.70000000000005,31.1,1.1
6510,143047.0,False,347.20000000000005,28.900000000000002,2.7
6511,143066.0,False,345.70000000000005,27.3,4.9
6512,143079.0,False,344.40000000000003,25.3,8.200000000000001
6513,143095.0,False,343.70000000000005,23.0,11.200000000000001
6514,143118.0,False,343.8,20.8,12.9
6515,143147.0,False,344.1,19.700000000000003,12.5
6516,143164.0,False,343.3,20.6,8.9
6517,143180.0,False,342.6,21.700000000000003,7.0
6518,143216.0,False,341.8,23.1,4.0
6519,143247.0,False,341.6,23.3,2.7
6520,143278.0,False,341.70000000000005,20.900000000000002,1.9000000000000001
6521,143297.0,False,341.5,20.200000000000003,1.7000000000000002
6522,143318.0,False,341.0,19.8,1.8
6523,143329.0,False,340.6,19.6,1.9000000000000001
6524,143350.0,False,340.3,19.700000000000003,1.7000000000000002
6525,143362.0,False,340.40000000000003,19.900000000000002,0.8
6526,143382.0,False,340.6,19.8,-0.4
6527,143418.0,False,341.1,19.200000000000003,-2.4000000000000004
6528,143445.0,False,341.5,19.0,-3.5
6529,143462.0,False,342.0,19.0,-4.6000000000000005
6530,143479.0,False,342.70000000000005,19.900000000000002,-6.0
6531,143496.0,False,343.1,20.400000000000002,-5.6000000000000005
6532,143529.0,False,344.90000000000003,20.400000000000002,-4.9
6533,143562.0,False,345.70000000000005,19.8,-4.3
6534,143578.0,False,346.1,18.1,-3.0
6535,143596.0,False,346.3,17.8,-2.7
6536,143632.0,False,346.6,18.1,-1.8
6537,143662.0,False,346.6,18.6,-1.2000000000000002
6538,143679.0,False,346.6,19.200000000000003,-0.9
6539,143696.0,False,346.6,20.400000000000002,0.1
6540,143714.0,False,346.40000000000003,21.0,1.1
6541,143734.0,False,346.40000000000003,21.8,2.5
6542,143753.0,False,346.70000000000005,22.3,3.3000000000000003
6543,143779.0,False,346.8,22.3,3.5
6544,143796.0,False,346.1,20.0,3.8000000000000003
6545,143816.0,False,345.0,18.1,4.3
6546,143845.0,False,341.0,14.700000000000001,6.1000000000000005
6547,143878.0,False,338.40000000000003,13.700000000000001,7.2
6548,143896.0,False,334.5,14.3,7.9
6549,143921.0,False,333.40000000000003,15.700000000000001,8.6
6550,143945.0,False,333.3,18.2,11.0
6551,143962.0,False,333.40000000000003,18.6,11.700000000000001
6552,143979.0,False,333.1,18.400000000000002,12.3
6553,144017.0,False,332.20000000000005,17.8,13.700000000000001
6554,144031.0,False,332.1,17.8,13.8
6555,144062.0,False,331.8,17.6,11.9
6556,144079.0,False,330.5,16.8,11.3
6557,144112.0,False,327.5,15.3,12.5
6558,144133.0,False,326.40000000000003,14.5,14.200000000000001
6559,144147.0,False,325.6,13.600000000000001,16.2
6560,144162.0,False,325.0,12.5,17.8
6561,144178.0,False,324.70000000000005,11.100000000000001,18.8
6562,144197.0,False,324.6,9.600000000000001,19.5
6563,144214.0,False,324.5,8.3,20.3
6564,144229.0,False,324.6,7.1000000000000005,21.400000000000002
6565,144263.0,False,324.6,6.0,22.700000000000003
6566,144279.0,False,324.5,3.9000000000000004,25.6
6567,144296.0,False,324.6,2.9000000000000004,26.900000000000002
6568,144317.0,False,324.5,2.1,28.200000000000003
6569,144329.0,False,324.5,1.4000000000000001,29.5
6570,144352.0,False,324.40000000000003,0.6000000000000001,30.700000000000003
6571,144365.0,False,324.40000000000003,-0.30000000000000004,31.700000000000003
6572,144378.0,False,324.5,-1.4000000000000001,32.800000000000004
6573,144396.0,False,324.5,-2.4000000000000004,33.800000000000004
6574,144419.0,False,324.6,-3.3000000000000003,34.6
6575,144429.0,False,324.6,-4.2,35.5
6576,144446.0,False,324.40000000000003,-4.9,36.300000000000004
6577,144462.0,False,324.3,-5.6000000000000005,36.9
6578,144479.0,False,324.1,-6.2,38.400000000000006
6579,144495.0,False,323.6,-6.4,39.900000000000006
6580,144515.0,False,322.90000000000003,-6.4,41.2
6581,144546.0,False,321.70000000000005,-6.7,43.800000000000004
6582,144562.0,False,321.0,-7.2,45.1
6583,144595.0,False,320.1,-8.4,48.7
6584,144632.0,False,320.1,-9.1,51.1
6585,144647.0,False,320.8,-10.700000000000001,56.400000000000006
6586,144665.0,False,320.90000000000003,-11.600000000000001,59.400000000000006
6587,144679.0,False,320.8,-12.600000000000001,62.6
6588,144696.0,False,320.5,-13.8,65.8
6589,144716.0,False,320.1,-15.3,68.8
6590,144745.0,False,320.20000000000005,-18.900000000000002,73.8
6591,144764.0,False,320.8,-20.8,75.8
6592,144779.0,False,321.70000000000005,-22.6,77.5
6593,144798.0,False,322.6,-24.3,79.30000000000001
6594,144814.0,False,323.40000000000003,-25.700000000000003,81.0
6595,144830.0,False,324.40000000000003,-27.0,82.60000000000001
6596,144862.0,False,326.40000000000003,-29.1,84.9
6597,144895.0,False,327.6,-30.1,85.4
6598,144914.0,False,330.20000000000005,-32.2,86.0
6599,144930.0,False,331.6,-33.5,86.5
6600,144947.0,False,333.1,-34.9,87.30000000000001
6601,144962.0,False,334.5,-36.5,88.4
6602,144979.0,False,335.8,-38.2,89.60000000000001
6603,145015.0,False,157.9,-138.4,-87.80000000000001
6604,145029.0,False,159.0,-137.1,-86.60000000000001
6605,145045.0,False,160.10000000000002,-136.1,-85.60000000000001
6606,145079.0,False,162.8,-134.0,-84.60000000000001
6607,145095.0,False,164.70000000000002,-133.0,-84.4
6608,145119.0,False,166.8,-132.0,-84.4
6609,145130.0,False,168.8,-131.0,-84.5
6610,145162.0,False,170.60000000000002,-130.0,-84.5
6611,145179.0,False,173.20000000000002,-128.3,-83.80000000000001
6612,145196.0,False,173.9,-127.7,-83.30000000000001
6613,145214.0,False,174.10000000000002,-127.30000000000001,-83.0
6614,145245.0,False,173.5,-126.9,-83.2
6615,145279.0,False,172.20000000000002,-127.30000000000001,-84.60000000000001
6616,145296.0,False,171.3,-127.80000000000001,-85.30000000000001
6617,145315.0,False,170.3,-128.5,-86.0
6618,145345.0,False,167.5,-130.70000000000002,-87.10000000000001
6619,145362.0,False,165.70000000000002,-132.3,-87.4
6620,145395.0,False,161.60000000000002,-136.20000000000002,-87.4
6621,145417.0,False,159.4,-138.3,-87.10000000000001
6622,145445.0,False,154.9,-142.3,-85.9
6623,145462.0,False,152.5,-144.1,-85.30000000000001
6624,145482.0,False,150.1,-145.8,-84.7
6625,145496.0,False,147.6,-147.5,-84.30000000000001
6626,145518.0,False,145.1,-149.20000000000002,-83.9
6627,145545.0,False,140.3,-152.5,-83.4
6628,145562.0,False,138.1,-154.0,-83.30000000000001
6629,145579.0,False,136.1,-155.3,-83.30000000000001
6630,145596.0,False,134.1,-156.4,-83.30000000000001
6631,145614.0,False,132.20000000000002,-157.4,-83.30000000000001
6632,145646.0,False,130.4,-158.3,-83.10000000000001
6633,145662.0,False,126.80000000000001,-159.5,-82.7
6634,145679.0,False,125.10000000000001,-159.8,-82.4
6635,145701.0,False,123.60000000000001,-160.0,-82.10000000000001
6636,145713.0,False,122.2,-160.10000000000002,-81.7
6637,145729.0,False,121.0,-160.10000000000002,-81.2
6638,145764.0,False,118.9,-159.60000000000002,-80.4
6639,145779.0,False,118.30000000000001,-159.0,-80.10000000000001
6640,145801.0,False,118.0,-158.3,-79.9
6641,145814.0,False,118.0,-157.5,-79.7
6642,145829.0,False,118.30000000000001,-156.60000000000002,-79.60000000000001
6643,145863.0,False,119.30000000000001,-154.60000000000002,-80.0
6644,145879.0,False,120.10000000000001,-153.4,-80.5
6645,145898.0,False,121.2,-152.20000000000002,-81.30000000000001
6646,145932.0,False,124.4,-149.20000000000002,-83.0
6647,145962.0,False,126.5,-147.6,-83.9
6648,145979.0,False,131.3,-144.3,-85.10000000000001
6649,145995.0,False,133.70000000000002,-142.70000000000002,-85.60000000000001
6650,146019.0,False,136.1,-141.20000000000002,-86.10000000000001
6651,146034.0,False,138.5,-139.8,-86.5
6652,146045.0,False,140.70000000000002,-138.4,-86.9
6653,146081.0,False,144.20000000000002,-135.9,-87.80000000000001
6654,146096.0,False,145.5,-134.6,-88.30000000000001
6655,146132.0,False,146.9,-132.4,-89.30000000000001
6656,146145.0,False,147.1,-131.5,-89.7
6657,146162.0,False,147.4,-130.6,-90.0
6658,146196.0,False,328.3,-50.900000000000006,89.7
6659,146215.0,False,329.3,-51.6,89.80000000000001
6660,146251.0,False,152.1,-127.30000000000001,-89.80000000000001
6661,146262.0,False,153.70000000000002,-126.80000000000001,-89.60000000000001
6662,146280.0,False,155.5,-126.2,-89.4
6663,146296.0,False,157.3,-125.7,-89.2
6664,146313.0,False,159.0,-125.4,-88.9
6665,146329.0,False,160.60000000000002,-125.10000000000001,-88.4
6666,146345.0,False,161.9,-124.80000000000001,-88.0
6667,146364.0,False,162.9,-124.60000000000001,-87.5
6668,146396.0,False,164.20000000000002,-124.5,-86.80000000000001
6669,146414.0,False,164.4,-124.80000000000001,-86.7
6670,146449.0,False,163.9,-125.80000000000001,-87.30000000000001
6671,146462.0,False,163.8,-126.4,-87.30000000000001
6672,146480.0,False,163.60000000000002,-126.80000000000001,-87.10000000000001
6673,146512.0,False,162.3,-127.80000000000001,-86.5
6674,146528.0,False,160.8,-128.5,-86.30000000000001
6675,146562.0,False,156.10000000000002,-130.8,-85.30000000000001
6676,146578.0,False,152.9,-132.4,-84.10000000000001
6677,146617.0,False,145.9,-135.8,-80.10000000000001
6678,146629.0,False,142.3,-137.5,-78.2
6679,146662.0,False,135.9,-140.8,-77.0
6680,146678.0,False,133.3,-142.4,-77.60000000000001
6681,146696.0,False,130.9,-144.1,-78.4
6682,146718.0,False,128.6,-145.8,-79.2
6683,146729.0,False,126.4,-147.4,-79.7
6684,146746.0,False,124.2,-149.0,-80.10000000000001
6685,146778.0,False,120.4,-151.9,-80.4
6686,146795.0,False,119.0,-153.0,-80.5
6687,146828.0,False,117.2,-154.5,-80.5
6688,146845.0,False,116.9,-154.9,-80.5
6689,146879.0,False,116.80000000000001,-155.20000000000002,-80.10000000000001
6690,146895.0,False,116.9,-155.20000000000002,-79.80000000000001
6691,146929.0,False,116.80000000000001,-154.70000000000002,-79.10000000000001
6692,146962.0,False,116.2,-153.60000000000002,-78.30000000000001
6693,146996.0,False,115.7,-151.8,-77.7
6694,147026.0,False,115.30000000000001,-150.8,-77.60000000000001
6695,147045.0,False,114.80000000000001,-148.70000000000002,-77.9
6696,147062.0,False,115.0,-147.5,-78.30000000000001
6697,147095.0,False,117.5,-144.1,-79.10000000000001
6698,147135.0,False,122.5,-140.0,-80.60000000000001
6699,147145.0,False,125.5,-137.70000000000002,-81.60000000000001
6700,147162.0,False,128.6,-135.5,-82.5
6701,147182.0,False,131.9,-133.4,-83.4
6702,147196.0,False,135.0,-131.4,-84.2
6703,147245.0,False,140.3,-128.0,-85.5
6704,147262.0,False,143.5,-125.2,-86.2
6705,147278.0,False,144.3,-124.0,-86.30000000000001
6706,147317.0,False,145.20000000000002,-122.10000000000001,-85.7
6707,147329.0,False,145.6,-121.4,-85.2
6708,147350.0,False,146.1,-120.80000000000001,-84.80000000000001
6709,147362.0,False,146.6,-120.4,-84.4
6710,147379.0,False,147.3,-120.10000000000001,-84.0
6711,147411.0,False,149.6,-119.60000000000001,-83.2
6712,147430.0,False,151.0,-119.5,-82.9
6713,147462.0,False,153.60000000000002,-119.2,-82.4
6714,147480.0,False,154.5,-119.0,-82.30000000000001
6715,147517.0,False,155.9,-118.10000000000001,-82.5
6716,147528.0,False,156.4,-117.4,-82.7
6717,147551.0,False,156.60000000000002,-116.80000000000001,-82.9
6718,147581.0,False,156.20000000000002,-115.4,-83.9
6719,147614.0,False,155.3,-115.0,-84.60000000000001
6720,147628.0,False,151.70000000000002,-115.10000000000001,-86.80000000000001
6721,147645.0,False,149.20000000000002,-115.60000000000001,-88.10000000000001
6722,147663.0,False,147.0,-116.4,-89.10000000000001
6723,147679.0,False,145.3,-117.30000000000001,-89.7
6724,147695.0,False,144.0,-118.4,-90.0
6725,147713.0,False,143.20000000000002,-119.60000000000001,-89.9
6726,147735.0,False,142.5,-121.0,-89.60000000000001
6727,147767.0,False,141.20000000000002,-124.30000000000001,-88.2
6728,147779.0,False,140.5,-126.10000000000001,-87.0
6729,147795.0,False,139.6,-127.9,-85.7
6730,147828.0,False,138.5,-129.70000000000002,-84.30000000000001
6731,147849.0,False,135.8,-133.0,-81.9
6732,147878.0,False,134.20000000000002,-134.6,-81.10000000000001
6733,147896.0,False,130.8,-137.4,-80.2
6734,147912.0,False,129.1,-138.8,-80.0
6735,147935.0,False,127.4,-140.1,-79.9
6736,147945.0,False,125.80000000000001,-141.4,-79.9
6737,147962.0,False,124.2,-142.6,-80.0
6738,147979.0,False,122.7,-143.8,-80.2
6739,147995.0,False,121.30000000000001,-144.8,-80.5
6740,148012.0,False,120.0,-145.70000000000002,-81.0
6741,148032.0,False,118.9,-146.5,-81.4
6742,148047.0,False,118.0,-147.1,-81.80000000000001
6743,148061.0,False,117.10000000000001,-147.4,-82.0
6744,148083.0,False,116.0,-147.6,-81.9
6745,148120.0,False,113.0,-147.5,-81.4
6746,148129.0,False,111.2,-147.1,-81.0
6747,148162.0,False,108.2,-146.1,-80.10000000000001
6748,148182.0,False,107.30000000000001,-145.5,-79.7
6749,148216.0,False,107.30000000000001,-144.4,-79.4
6750,148229.0,False,108.10000000000001,-144.0,-79.5
6751,148246.0,False,109.30000000000001,-143.6,-80.10000000000001
6752,148261.0,False,111.0,-143.20000000000002,-81.10000000000001
6753,148279.0,False,113.30000000000001,-142.70000000000002,-82.60000000000001
6754,148312.0,False,119.4,-141.4,-85.80000000000001
6755,148338.0,False,122.7,-140.6,-87.30000000000001
6756,148346.0,False,126.0,-139.70000000000002,-88.30000000000001
6757,148366.0,False,129.1,-138.70000000000002,-89.10000000000001
6758,148379.0,False,132.20000000000002,-137.70000000000002,-89.60000000000001
6759,148396.0,False,135.3,-136.6,-89.9
6760,148429.0,False,141.5,-134.8,-89.7
6761,148445.0,False,144.4,-133.9,-89.30000000000001
6762,148479.0,False,149.1,-132.20000000000002,-88.30000000000001
6763,148498.0,False,151.0,-131.4,-87.80000000000001
6764,148514.0,False,152.4,-130.6,-87.2
6765,148531.0,False,153.60000000000002,-129.9,-86.7
6766,148564.0,False,155.60000000000002,-128.70000000000002,-86.0
6767,148579.0,False,156.4,-128.20000000000002,-85.7
6768,148596.0,False,157.5,-127.80000000000001,-85.2
6769,148638.0,False,160.20000000000002,-126.9,-83.80000000000001
6770,148662.0,False,161.70000000000002,-126.4,-83.0
6771,148681.0,False,164.4,-125.2,-81.7
6772,148696.0,False,165.60000000000002,-124.60000000000001,-81.10000000000001
6773,148713.0,False,166.60000000000002,-123.9,-80.5
6774,148745.0,False,167.9,-122.60000000000001,-79.4
6775,148765.0,False,168.5,-122.10000000000001,-78.80000000000001
6776,148779.0,False,168.9,-121.7,-78.30000000000001
6777,148795.0,False,169.0,-121.4,-78.2
6778,148847.0,False,168.0,-121.5,-78.7
6779,148868.0,False,167.3,-121.7,-79.2
6780,148879.0,False,166.5,-121.9,-79.9
6781,148913.0,False,164.0,-122.9,-81.60000000000001
6782,148929.0,False,162.3,-123.60000000000001,-82.4
6783,148963.0,False,157.8,-125.7,-83.4
6784,148979.0,False,155.10000000000002,-127.0,-83.5
6785,149007.0,False,152.20000000000002,-128.4,-83.30000000000001
6786,149012.0,False,149.20000000000002,-130.0,-83.0
6787,149034.0,False,146.1,-131.6,-82.60000000000001
6788,149047.0,False,143.1,-133.3,-82.2
6789,149061.0,False,140.20000000000002,-134.9,-81.9
6790,149081.0,False,137.4,-136.5,-81.60000000000001
6791,149113.0,False,132.20000000000002,-139.4,-81.30000000000001
6792,149131.0,False,129.8,-140.70000000000002,-81.4
6793,149149.0,False,127.60000000000001,-141.9,-81.7
6794,149178.0,False,124.10000000000001,-144.20000000000002,-82.7
6795,149201.0,False,122.60000000000001,-145.20000000000002,-83.30000000000001
6796,149243.0,False,120.2,-146.9,-84.4
6797,149245.0,False,119.30000000000001,-147.4,-84.7
6798,149279.0,False,118.0,-147.8,-84.7
6799,149296.0,False,117.5,-147.70000000000002,-84.5
6800,149336.0,False,116.60000000000001,-147.20000000000002,-83.7
6801,149346.0,False,116.2,-146.8,-83.10000000000001
6802,149379.0,False,115.7,-145.3,-82.10000000000001
6803,149396.0,False,115.60000000000001,-144.20000000000002,-81.9
6804,149417.0,False,115.80000000000001,-142.9,-81.9
6805,149433.0,False,116.10000000000001,-141.6,-82.0
6806,149446.0,False,116.5,-140.3,-82.30000000000001
6807,149479.0,False,117.0,-139.0,-82.7
6808,149498.0,False,118.60000000000001,-136.1,-83.5
6809,149512.0,False,120.10000000000001,-134.4,-83.80000000000001
6810,149532.0,False,122.0,-132.70000000000002,-84.0
6811,149545.0,False,124.30000000000001,-131.1,-84.10000000000001
6812,149569.0,False,126.80000000000001,-129.8,-84.10000000000001
6813,149601.0,False,131.6,-127.7,-84.10000000000001
6814,149628.0,False,133.5,-127.0,-84.4
6815,149651.0,False,136.0,-125.9,-85.7
6816,149662.0,False,136.70000000000002,-125.60000000000001,-86.4
6817,149679.0,False,137.3,-125.4,-86.9
6818,149695.0,False,137.6,-125.30000000000001,-87.30000000000001
6819,149716.0,False,138.0,-125.30000000000001,-87.60000000000001
6820,149745.0,False,138.4,-125.5,-87.80000000000001
6821,149762.0,False,139.8,-126.2,-87.9
6822,149795.0,False,140.9,-126.7,-88.0
6823,149812.0,False,143.5,-127.7,-87.9
6824,149832.0,False,145.0,-128.1,-87.9
6825,149868.0,False,148.20000000000002,-128.5,-88.0
6826,149878.0,False,150.1,-128.5,-88.0
6827,149898.0,False,152.20000000000002,-128.5,-87.80000000000001
6828,149912.0,False,154.10000000000002,-128.6,-87.60000000000001
6829,149936.0,False,155.60000000000002,-128.70000000000002,-87.7
6830,149962.0,False,156.60000000000002,-128.9,-88.2
6831,149979.0,False,337.6,-50.5,89.80000000000001
6832,149996.0,False,337.90000000000003,-49.800000000000004,88.60000000000001
6833,150031.0,False,337.8,-47.0,86.10000000000001
6834,150047.0,False,337.1,-45.300000000000004,84.7
6835,150079.0,False,336.1,-43.0,82.60000000000001
6836,150097.0,False,336.8,-42.1,82.9
6837,150135.0,False,339.90000000000003,-39.6,86.80000000000001
6838,150146.0,False,341.5,-37.800000000000004,89.5
6839,150166.0,False,162.10000000000002,-144.5,-88.30000000000001
6840,150179.0,False,161.60000000000002,-146.9,-86.80000000000001
6841,150197.0,False,160.0,-149.20000000000002,-86.4
6842,150212.0,False,157.9,-151.1,-86.60000000000001
6843,150233.0,False,155.8,-152.70000000000002,-86.80000000000001
6844,150245.0,False,153.70000000000002,-154.10000000000002,-87.0
6845,150262.0,False,151.6,-155.10000000000002,-87.60000000000001
6846,150296.0,False,327.20000000000005,-23.0,89.80000000000001
6847,150313.0,False,324.90000000000003,-21.900000000000002,88.60000000000001
6848,150346.0,False,319.8,-19.200000000000003,86.4
6849,150379.0,False,317.0,-17.7,85.0
6850,150395.0,False,311.70000000000005,-15.200000000000001,81.5
6851,150412.0,False,309.5,-14.0,80.5
6852,150431.0,False,307.6,-12.600000000000001,80.60000000000001
6853,150449.0,False,306.1,-10.8,81.30000000000001
6854,150479.0,False,304.6,-7.4,81.80000000000001
6855,150495.0,False,304.7,-5.800000000000001,81.10000000000001
6856,150513.0,False,305.2,-4.2,79.80000000000001
6857,150531.0,False,305.8,-2.5,78.10000000000001
6858,150562.0,False,307.8,1.1,74.3
6859,150596.0,False,309.3,2.8000000000000003,72.8
6860,150613.0,False,313.3,6.2,69.7
6861,150629.0,False,315.3,7.7,68.3
6862,150664.0,False,319.8,9.700000000000001,66.0
6863,150678.0,False,322.8,10.4,64.60000000000001
6864,150697.0,False,325.70000000000005,11.0,62.800000000000004
6865,150712.0,False,328.70000000000005,11.5,60.7
6866,150736.0,False,331.6,12.100000000000001,58.0
6867,150746.0,False,334.20000000000005,12.5,55.0
6868,150765.0,False,336.40000000000003,12.700000000000001,52.1
6869,150795.0,False,339.8,12.9,46.7
6870,150828.0,False,342.3,13.100000000000001,41.5
6871,150849.0,False,343.40000000000003,13.600000000000001,38.400000000000006
6872,150879.0,False,344.70000000000005,15.3,30.900000000000002
6873,150895.0,False,345.20000000000005,16.2,26.700000000000003
6874,150941.0,False,344.6,17.3,20.8
6875,150948.0,False,345.0,17.5,19.5
6876,150966.0,False,346.3,17.7,18.0
6877,150979.0,False,347.5,17.8,16.6
6878,150998.0,False,348.5,17.8,14.9
6879,151033.0,False,349.8,17.0,11.5
6880,151046.0,False,350.6,16.0,10.3
6881,151061.0,False,351.20000000000005,14.8,9.3
6882,151079.0,False,351.5,13.700000000000001,8.1
6883,151095.0,False,351.70000000000005,13.0,7.1000000000000005
6884,151116.0,False,352.3,12.8,6.0
6885,151145.0,False,352.8,13.100000000000001,5.300000000000001
6886,151162.0,False,352.90000000000003,13.8,4.800000000000001
6887,151179.0,False,352.90000000000003,14.4,4.5
6888,151195.0,False,352.3,15.0,4.3
6889,151220.0,False,351.6,15.200000000000001,4.3
6890,151231.0,False,350.8,15.200000000000001,4.4
6891,151247.0,False,350.0,15.3,4.7
6892,151261.0,False,349.20000000000005,15.4,5.1000000000000005
6893,151279.0,False,348.40000000000003,15.4,5.800000000000001
6894,151299.0,False,347.6,15.4,6.6000000000000005
6895,151311.0,False,346.90000000000003,15.3,7.1000000000000005
6896,151331.0,False,346.3,15.100000000000001,7.5
6897,151346.0,False,345.70000000000005,14.9,7.9
6898,151366.0,False,344.70000000000005,14.700000000000001,8.3
6899,151378.0,False,343.40000000000003,14.5,9.1
6900,151399.0,False,341.8,14.700000000000001,10.200000000000001
6901,151412.0,False,340.0,15.100000000000001,11.700000000000001
6902,151433.0,False,338.3,15.700000000000001,13.5
6903,151462.0,False,335.1,16.5,17.7
6904,151483.0,False,333.6,16.7,19.6
6905,151512.0,False,331.0,16.400000000000002,22.200000000000003
6906,151528.0,False,329.6,16.1,23.3
6907,151550.0,False,328.1,16.1,24.5
6908,151562.0,False,326.8,16.1,26.0
6909,151578.0,False,325.5,16.2,27.6
6910,151597.0,False,324.3,16.1,29.3
6911,151611.0,False,323.1,15.9,31.1
6912,151629.0,False,321.70000000000005,15.5,33.0
6913,151645.0,False,320.3,15.100000000000001,35.300000000000004
6914,151679.0,False,317.40000000000003,14.3,40.1
6915,151695.0,False,316.0,13.8,42.400000000000006
6916,151732.0,False,312.70000000000005,12.200000000000001,46.900000000000006
6917,151747.0,False,311.3,11.200000000000001,49.2
6918,151779.0,False,309.1,8.5,53.900000000000006
6919,151795.0,False,308.5,6.7,55.7
6920,151830.0,False,308.20000000000005,3.1,58.0
6921,151849.0,False,308.5,1.3,58.900000000000006
6922,151862.0,False,309.0,-0.6000000000000001,59.800000000000004
6923,151879.0,False,309.8,-2.5,60.5
6924,151896.0,False,311.3,-4.6000000000000005,61.2
6925,151916.0,False,313.5,-6.6000000000000005,61.6
6926,151945.0,False,319.90000000000003,-10.600000000000001,61.5
6927,151968.0,False,323.6,-12.4,61.300000000000004
6928,151999.0,False,330.70000000000005,-15.4,61.1
6929,152012.0,False,333.6,-16.5,61.5
6930,152035.0,False,336.1,-17.400000000000002,62.1
6931,152047.0,False,338.0,-18.2,62.900000000000006
6932,152069.0,False,339.40000000000003,-18.900000000000002,63.800000000000004
6933,152079.0,False,340.40000000000003,-19.5,64.8
6934,152095.0,False,341.1,-20.200000000000003,65.60000000000001
6935,152112.0,False,341.6,-20.900000000000002,66.4
6936,152128.0,False,342.0,-21.700000000000003,67.0
6937,152145.0,False,342.5,-22.400000000000002,67.60000000000001
6938,152164.0,False,343.0,-23.1,68.0
6939,152179.0,False,343.6,-23.8,68.5
6940,152214.0,False,344.5,-25.1,69.2
6941,152231.0,False,344.70000000000005,-25.700000000000003,69.60000000000001
6942,152262.0,False,345.40000000000003,-26.900000000000002,69.8
6943,152278.0,False,346.0,-27.6,69.8
6944,152299.0,False,346.6,-28.3,69.60000000000001
6945,152312.0,False,347.70000000000005,-29.1,69.60000000000001
6946,152349.0,False,351.0,-30.6,69.60000000000001
6947,152362.0,False,353.1,-31.400000000000002,69.5
6948,152380.0,False,355.20000000000005,-31.900000000000002,69.2
6949,152396.0,False,357.0,-32.2,68.5
6950,152412.0,False,358.3,-32.5,67.7
6951,152432.0,False,358.90000000000003,-32.800000000000004,66.9
6952,152462.0,False,358.8,-33.2,66.3
6953,152479.0,False,357.0,-33.9,65.8
6954,152496.0,False,355.70000000000005,-34.2,65.5
6955,152530.0,False,352.3,-34.5,64.7
6956,152545.0,False,350.40000000000003,-34.4,64.3
6957,152579.0,False,347.0,-33.9,64.0
6958,152596.0,False,345.20000000000005,-33.800000000000004,64.10000000000001
6959,152632.0,False,341.6,-33.5,64.2
6960,152646.0,False,339.90000000000003,-33.5,64.3
6961,152679.0,False,336.5,-33.9,64.60000000000001
6962,152695.0,False,334.70000000000005,-34.1,64.60000000000001
6963,152712.0,False,333.0,-34.4,64.5
6964,152735.0,False,331.3,-35.0,64.4
6965,152745.0,False,329.8,-35.800000000000004,64.2
6966,152764.0,False,328.3,-36.7,64.10000000000001
6967,152795.0,False,324.20000000000005,-37.7,64.10000000000001
6968,152812.0,False,321.6,-37.800000000000004,64.10000000000001
6969,152843.0,False,316.6,-38.0,64.3
6970,152864.0,False,314.70000000000005,-38.1,64.5
6971,152895.0,False,312.6,-38.6,65.5
6972,152912.0,False,312.5,-38.900000000000006,66.3
6973,152929.0,False,312.8,-39.1,67.2
6974,152946.0,False,313.40000000000003,-39.1,68.0
6975,152963.0,False,314.0,-39.0,68.60000000000001
6976,152985.0,False,314.70000000000005,-38.800000000000004,69.2
6977,152997.0,False,315.20000000000005,-38.6,70.0
6978,153011.0,False,315.20000000000005,-38.300000000000004,70.8
6979,153030.0,False,315.1,-37.7,71.5
6980,153061.0,False,316.0,-35.9,72.60000000000001
6981,153079.0,False,318.0,-34.7,73.0
6982,153112.0,False,324.6,-32.5,72.8
6983,153148.0,False,331.5,-30.6,71.8
6984,153161.0,False,334.20000000000005,-29.900000000000002,71.10000000000001
6985,153178.0,False,336.1,-29.3,70.4
6986,153212.0,False,337.1,-28.200000000000003,69.4
6987,153228.0,False,336.20000000000005,-27.700000000000003,69.3
6988,153247.0,False,334.8,-27.200000000000003,69.3
6989,153261.0,False,333.3,-26.8,69.3
6990,153278.0,False,331.90000000000003,-26.6,69.2
6991,153295.0,False,330.8,-26.5,69.0
6992,153331.0,False,329.3,-26.6,68.7
6993,153345.0,False,328.90000000000003,-26.700000000000003,68.60000000000001
6994,153378.0,False,328.20000000000005,-27.200000000000003,68.60000000000001
6995,153397.0,False,328.20000000000005,-27.8,68.8
6996,153434.0,False,328.40000000000003,-29.5,69.4
6997,153447.0,False,328.6,-30.400000000000002,69.8
6998,153462.0,False,328.6,-31.1,70.2
6999,153479.0,False,328.40000000000003,-31.900000000000002,70.5
7000,153496.0,False,328.0,-32.800000000000004,70.8
7001,153512.0,False,327.6,-33.7,70.9
7002,153533.0,False,327.3,-34.6,71.0
7003,153548.0,False,327.1,-35.5,71.10000000000001
7004,153561.0,False,327.20000000000005,-36.2,71.0
7005,153595.0,False,327.6,-37.2,70.60000000000001
7006,153612.0,False,327.70000000000005,-37.4,70.3
7007,153634.0,False,327.8,-37.5,70.10000000000001
7008,153645.0,False,327.8,-37.5,70.0
7009,153661.0,False,327.70000000000005,-37.6,70.0
7010,153682.0,False,327.6,-37.5,70.0
7011,153695.0,False,327.6,-37.1,69.9
7012,153714.0,False,327.6,-36.5,69.8
7013,153731.0,False,327.6,-35.800000000000004,69.9
7014,153747.0,False,327.6,-35.0,70.3
7015,153762.0,False,327.40000000000003,-34.2,70.8
7016,153778.0,False,327.20000000000005,-33.6,71.4
7017,153799.0,False,327.20000000000005,-33.1,71.9
7018,153811.0,False,327.3,-32.7,72.0
7019,153828.0,False,327.40000000000003,-32.300000000000004,71.8
7020,153862.0,False,327.1,-31.700000000000003,70.5
7021,153879.0,False,326.40000000000003,-31.400000000000002,69.60000000000001
7022,153912.0,False,323.5,-30.900000000000002,67.9
7023,153928.0,False,321.6,-30.700000000000003,67.10000000000001
7024,153961.0,False,316.6,-29.8,65.0
7025,153979.0,False,313.20000000000005,-29.1,63.5
7026,154012.0,False,305.90000000000003,-27.8,60.6
7027,154034.0,False,302.8,-27.400000000000002,59.800000000000004
7028,154045.0,False,300.2,-27.5,59.5
7029,154061.0,False,298.3,-27.900000000000002,59.5
7030,154078.0,False,297.2,-28.5,59.7
7031,154095.0,False,296.8,-29.3,60.1
7032,154131.0,False,297.8,-30.700000000000003,61.6
7033,154161.0,False,299.0,-31.3,62.400000000000006
7034,154178.0,False,301.8,-31.5,63.1
7035,154195.0,False,303.3,-31.3,63.2
7036,154233.0,False,305.8,-30.200000000000003,62.7
7037,154248.0,False,306.7,-29.3,62.400000000000006
7038,154278.0,False,307.5,-27.6,62.1
7039,154295.0,False,307.90000000000003,-26.6,62.1
7040,154312.0,False,308.70000000000005,-25.700000000000003,62.2
7041,154333.0,False,310.1,-25.0,62.300000000000004
7042,154351.0,False,312.1,-24.400000000000002,62.2
7043,154379.0,False,314.5,-23.900000000000002,62.0
7044,154395.0,False,319.6,-23.3,61.5
7045,154412.0,False,321.70000000000005,-22.900000000000002,61.2
7046,154436.0,False,323.1,-22.5,61.0
7047,154447.0,False,324.0,-22.0,60.800000000000004
7048,154463.0,False,324.3,-21.6,60.7
7049,154495.0,False,324.40000000000003,-21.3,60.5
7050,154512.0,False,324.20000000000005,-21.0,60.0
7051,154532.0,False,324.1,-21.0,59.7
7052,154547.0,False,324.0,-21.0,59.6
7053,154561.0,False,324.1,-21.1,59.5
7054,154581.0,False,324.20000000000005,-21.200000000000003,59.5
7055,154595.0,False,324.40000000000003,-21.5,59.6
7056,154612.0,False,324.70000000000005,-21.900000000000002,59.7
7057,154628.0,False,324.90000000000003,-22.400000000000002,59.800000000000004
7058,154662.0,False,325.40000000000003,-23.700000000000003,60.0
7059,154695.0,False,325.8,-24.3,60.1
7060,154713.0,False,326.90000000000003,-25.700000000000003,60.5
7061,154733.0,False,327.6,-26.400000000000002,60.6
7062,154755.0,False,328.40000000000003,-27.0,60.5
7063,154761.0,False,329.40000000000003,-27.3,60.5
7064,154778.0,False,330.5,-27.6,60.900000000000006
7065,154797.0,False,331.6,-27.8,61.2
7066,154814.0,False,332.8,-28.0,61.5
7067,154836.0,False,334.0,-28.3,61.7
7068,154847.0,False,335.20000000000005,-28.400000000000002,61.7
7069,154863.0,False,336.3,-28.5,61.6
7070,154879.0,False,337.3,-28.5,61.5
7071,154895.0,False,338.0,-28.3,61.300000000000004
7072,154911.0,False,338.40000000000003,-28.0,61.2
7073,154930.0,False,338.40000000000003,-27.8,61.2
7074,154946.0,False,337.90000000000003,-27.6,61.1
7075,154968.0,False,337.1,-27.400000000000002,61.2
7076,154979.0,False,336.0,-27.200000000000003,61.2
7077,154999.0,False,334.6,-27.0,61.2
7078,155029.0,False,331.6,-26.5,61.0
7079,155045.0,False,330.20000000000005,-26.400000000000002,60.800000000000004
7080,155063.0,False,328.6,-26.3,60.6
7081,155078.0,False,327.1,-26.1,60.5
7082,155095.0,False,325.6,-25.900000000000002,60.400000000000006
7083,155128.0,False,322.70000000000005,-25.8,60.5
7084,155147.0,False,321.6,-25.8,60.6
7085,155161.0,False,320.6,-26.0,60.800000000000004
7086,155179.0,False,319.8,-26.200000000000003,61.0
7087,155199.0,False,319.20000000000005,-26.400000000000002,61.1
7088,155212.0,False,318.70000000000005,-26.6,61.2
7089,155239.0,False,318.3,-26.900000000000002,61.300000000000004
7090,155246.0,False,318.0,-27.200000000000003,61.5
7091,155261.0,False,317.8,-27.6,61.800000000000004
7092,155295.0,False,317.70000000000005,-28.6,62.800000000000004
7093,155316.0,False,318.0,-29.1,63.400000000000006
7094,155348.0,False,318.90000000000003,-30.1,64.4
7095,155362.0,False,319.40000000000003,-30.3,64.4
7096,155395.0,False,320.8,-30.700000000000003,64.2
7097,155415.0,False,321.6,-30.900000000000002,64.2
7098,155445.0,False,323.20000000000005,-31.3,63.900000000000006
7099,155464.0,False,324.0,-31.200000000000003,63.6
7100,155498.0,False,324.8,-31.0,63.1
7101,155512.0,False,326.40000000000003,-30.3,62.0
7102,155535.0,False,327.20000000000005,-29.900000000000002,61.7
7103,155563.0,False,328.40000000000003,-28.8,61.400000000000006
7104,155578.0,False,328.90000000000003,-28.0,61.7
7105,155599.0,False,329.40000000000003,-27.200000000000003,62.1
7106,155612.0,False,330.0,-26.6,62.5
7107,155632.0,False,330.8,-26.3,62.800000000000004
7108,155647.0,False,331.6,-26.0,62.900000000000006
7109,155661.0,False,332.3,-25.8,62.900000000000006
7110,155679.0,False,332.8,-25.400000000000002,62.800000000000004
7111,155695.0,False,333.20000000000005,-25.0,62.7
7112,155712.0,False,333.40000000000003,-24.700000000000003,62.7
7113,155731.0,False,333.5,-24.5,62.800000000000004
7114,155762.0,False,333.6,-24.5,62.900000000000006
7115,155782.0,False,334.0,-24.900000000000002,63.0
7116,155795.0,False,334.40000000000003,-25.3,63.0
7117,155817.0,False,335.0,-25.8,62.800000000000004
7118,155832.0,False,335.6,-26.3,62.7
7119,155847.0,False,336.3,-26.900000000000002,62.6
7120,155879.0,False,337.70000000000005,-28.6,62.900000000000006
7121,155895.0,False,338.40000000000003,-29.6,63.1
7122,155912.0,False,339.0,-30.6,63.300000000000004
7123,155936.0,False,339.70000000000005,-31.6,63.2
7124,155945.0,False,340.3,-32.300000000000004,63.2
7125,155968.0,False,340.90000000000003,-32.9,63.300000000000004
7126,155979.0,False,341.3,-33.4,63.5
7127,155997.0,False,341.6,-33.800000000000004,63.6
7128,156012.0,False,341.8,-34.2,63.800000000000004
7129,156045.0,False,341.6,-34.4,63.6
7130,156061.0,False,341.20000000000005,-34.0,63.400000000000006
7131,156083.0,False,340.5,-33.5,63.400000000000006
7132,156095.0,False,339.5,-32.9,63.6
7133,156128.0,False,338.40000000000003,-32.2,63.900000000000006
7134,156145.0,False,336.40000000000003,-31.0,64.2
7135,156161.0,False,335.6,-30.5,64.0
7136,156197.0,False,334.0,-30.1,63.300000000000004
7137,156212.0,False,332.90000000000003,-30.0,62.900000000000006
7138,156231.0,False,331.3,-29.900000000000002,62.400000000000006
7139,156245.0,False,329.3,-29.900000000000002,61.900000000000006
7140,156265.0,False,326.8,-29.900000000000002,61.5
7141,156278.0,False,324.20000000000005,-29.8,61.2
7142,156312.0,False,319.20000000000005,-29.400000000000002,60.800000000000004
7143,156332.0,False,317.20000000000005,-29.3,60.7
7144,156362.0,False,314.90000000000003,-29.0,60.400000000000006
7145,156378.0,False,314.40000000000003,-28.700000000000003,60.5
7146,156412.0,False,314.3,-27.8,60.900000000000006
7147,156428.0,False,314.70000000000005,-27.5,61.1
7148,156446.0,False,315.3,-27.200000000000003,61.400000000000006
7149,156463.0,False,316.1,-27.1,62.0
7150,156479.0,False,316.8,-26.900000000000002,62.7
7151,156495.0,False,317.5,-26.700000000000003,63.5
7152,156512.0,False,318.0,-26.5,64.2
7153,156531.0,False,318.20000000000005,-26.3,64.60000000000001
7154,156559.0,False,318.3,-26.200000000000003,65.10000000000001
7155,156578.0,False,318.5,-26.5,65.2
7156,156595.0,False,318.8,-26.8,65.3
7157,156629.0,False,320.20000000000005,-27.5,65.60000000000001
7158,156645.0,False,321.20000000000005,-27.700000000000003,66.0
7159,156681.0,False,324.1,-27.6,66.9
7160,156695.0,False,325.90000000000003,-27.5,67.4
7161,156728.0,False,329.70000000000005,-27.1,67.7
7162,156745.0,False,331.40000000000003,-27.0,67.60000000000001
7163,156763.0,False,333.0,-27.0,67.2
7164,156778.0,False,334.20000000000005,-27.1,66.8
7165,156795.0,False,335.20000000000005,-27.200000000000003,66.5
7166,156812.0,False,335.70000000000005,-27.5,66.5
7167,156833.0,False,335.8,-27.700000000000003,66.60000000000001
7168,156849.0,False,335.8,-27.8,66.9
7169,156878.0,False,335.6,-27.8,67.2
7170,156895.0,False,335.3,-27.6,67.9
7171,156915.0,False,335.3,-27.400000000000002,68.2
7172,156945.0,False,335.90000000000003,-27.3,68.60000000000001
7173,156962.0,False,336.40000000000003,-27.400000000000002,68.60000000000001
7174,156995.0,False,337.8,-27.900000000000002,68.7
7175,157014.0,False,338.5,-28.200000000000003,68.9
7176,157029.0,False,339.1,-28.700000000000003,69.0
7177,157046.0,False,339.6,-29.3,69.2
7178,157062.0,False,340.1,-30.200000000000003,69.4
7179,157097.0,False,340.8,-31.8,69.60000000000001
7180,157111.0,False,341.0,-32.4,69.7
7181,157133.0,False,341.0,-32.9,69.9
7182,157162.0,False,340.3,-33.6,70.0
7183,157178.0,False,339.6,-33.7,69.9
7184,157212.0,False,338.0,-33.1,69.3
7185,157235.0,False,337.1,-32.5,68.8
7186,157249.0,False,336.0,-31.900000000000002,68.4
7187,157271.0,False,334.70000000000005,-31.3,68.2
7188,157278.0,False,333.20000000000005,-30.900000000000002,68.0
7189,157301.0,False,331.70000000000005,-30.6,68.0
7190,157312.0,False,330.3,-30.5,68.0
7191,157331.0,False,328.70000000000005,-30.3,67.9
7192,157346.0,False,327.1,-30.0,67.5
7193,157362.0,False,325.20000000000005,-29.400000000000002,67.0
7194,157378.0,False,323.1,-28.700000000000003,66.60000000000001
7195,157396.0,False,320.70000000000005,-27.900000000000002,66.10000000000001
7196,157432.0,False,315.6,-26.0,65.7
7197,157445.0,False,312.90000000000003,-25.1,65.8
7198,157465.0,False,310.20000000000005,-24.3,66.0
7199,157479.0,False,307.6,-23.8,66.3
7200,157497.0,False,305.3,-23.400000000000002,66.8
7201,157528.0,False,301.3,-23.200000000000003,68.5
7202,157547.0,False,299.6,-23.400000000000002,69.4
7203,157562.0,False,298.1,-23.6,70.2
7204,157580.0,False,296.8,-23.900000000000002,70.8
7205,157597.0,False,295.8,-24.200000000000003,71.3
7206,157621.0,False,295.2,-24.6,71.7
7207,157629.0,False,294.90000000000003,-25.1,72.10000000000001
7208,157645.0,False,295.0,-25.5,72.5
7209,157661.0,False,295.3,-25.900000000000002,72.7
7210,157696.0,False,296.7,-26.3,73.0
7211,157712.0,False,297.7,-26.400000000000002,73.2
7212,157734.0,False,298.90000000000003,-26.400000000000002,73.10000000000001
7213,157748.0,False,300.40000000000003,-26.3,72.9
7214,157762.0,False,302.1,-26.3,72.7
7215,157795.0,False,306.2,-26.6,71.9
7216,157811.0,False,308.5,-26.900000000000002,71.4
7217,157851.0,False,313.0,-27.3,70.3
7218,157878.0,False,316.20000000000005,-27.6,68.8
7219,157895.0,False,317.0,-27.8,68.0
7220,157912.0,False,317.40000000000003,-28.0,67.3
7221,157931.0,False,317.40000000000003,-28.3,66.9
7222,157964.0,False,316.70000000000005,-28.700000000000003,66.7
7223,157979.0,False,316.40000000000003,-28.8,66.9
7224,158012.0,False,316.8,-29.0,67.10000000000001
7225,158029.0,False,317.6,-29.1,67.0
7226,158062.0,False,320.0,-29.200000000000003,66.9
7227,158078.0,False,321.3,-29.3,66.9
7228,158111.0,False,323.8,-29.900000000000002,67.10000000000001
7229,158133.0,False,325.0,-30.5,67.2
7230,158146.0,False,326.3,-31.3,67.3
7231,158162.0,False,327.70000000000005,-32.2,67.5
7232,158180.0,False,329.1,-33.300000000000004,67.8
7233,158195.0,False,330.3,-34.5,68.2
7234,158228.0,False,332.1,-37.1,68.60000000000001
7235,158245.0,False,332.70000000000005,-38.2,68.5
7236,158279.0,False,333.3,-39.900000000000006,68.4
7237,158295.0,False,333.3,-40.5,68.3
7238,158331.0,False,333.1,-41.2,67.9
7239,158367.0,False,333.1,-40.7,67.5
7240,158378.0,False,333.1,-39.900000000000006,67.60000000000001
7241,158395.0,False,333.0,-38.900000000000006,68.0
7242,158430.0,False,332.20000000000005,-36.2,69.7
7243,158445.0,False,331.5,-34.7,70.7
7244,158484.0,False,330.0,-31.6,72.0
7245,158495.0,False,329.3,-30.3,72.2
7246,158520.0,False,328.6,-29.1,72.10000000000001
7247,158546.0,False,327.20000000000005,-27.3,71.7
7248,158562.0,False,326.40000000000003,-26.700000000000003,71.7
7249,158595.0,False,323.90000000000003,-25.700000000000003,72.10000000000001
7250,158635.0,False,320.5,-25.1,73.0
7251,158645.0,False,318.6,-25.0,73.60000000000001
7252,158668.0,False,316.90000000000003,-25.0,74.2
7253,158679.0,False,315.5,-25.200000000000003,75.0
7254,158697.0,False,314.40000000000003,-25.5,75.60000000000001
7255,158712.0,False,313.6,-25.8,76.10000000000001
7256,158733.0,False,313.1,-26.200000000000003,76.5
7257,158746.0,False,312.70000000000005,-26.400000000000002,76.80000000000001
7258,158761.0,False,312.5,-26.6,77.0
7259,158780.0,False,312.5,-26.700000000000003,77.30000000000001
7260,158812.0,False,312.70000000000005,-26.8,77.7
7261,158829.0,False,313.1,-26.900000000000002,77.7
7262,158862.0,False,314.6,-27.200000000000003,77.4
7263,158882.0,False,315.70000000000005,-27.400000000000002,77.10000000000001
7264,158911.0,False,318.40000000000003,-28.200000000000003,76.0
7265,158929.0,False,319.90000000000003,-28.700000000000003,75.3
7266,158949.0,False,321.3,-29.200000000000003,74.4
7267,158963.0,False,322.70000000000005,-29.700000000000003,73.60000000000001
7268,158978.0,False,323.90000000000003,-30.200000000000003,72.9
7269,158995.0,False,324.90000000000003,-30.6,72.3
7270,159011.0,False,325.70000000000005,-30.900000000000002,71.60000000000001
7271,159031.0,False,326.3,-31.200000000000003,70.9
7272,159044.0,False,326.6,-31.5,70.10000000000001
7273,159081.0,False,326.20000000000005,-32.0,68.8
7274,159094.0,False,325.70000000000005,-32.2,68.4
7275,159116.0,False,325.1,-32.5,68.2
7276,159143.0,False,324.5,-32.7,68.10000000000001
7277,159147.0,False,323.90000000000003,-32.9,68.0
7278,159167.0,False,323.6,-33.2,67.8
7279,159196.0,False,323.6,-33.4,67.5
7280,159228.0,False,324.3,-33.7,67.4
7281,159244.0,False,324.8,-34.0,67.3
7282,159261.0,False,325.40000000000003,-34.5,67.10000000000001
7283,159283.0,False,326.0,-35.1,66.9
7284,159295.0,False,326.70000000000005,-35.800000000000004,66.7
7285,159322.0,False,327.20000000000005,-36.5,66.5
7286,159347.0,False,328.0,-38.1,66.5
7287,159365.0,False,328.3,-39.0,66.60000000000001
7288,159396.0,False,329.1,-40.800000000000004,66.7
7289,159412.0,False,329.40000000000003,-41.400000000000006,66.7
7290,159445.0,False,329.5,-42.2,66.7
7291,159463.0,False,329.5,-42.400000000000006,66.7
7292,159498.0,False,330.40000000000003,-42.300000000000004,66.7
7293,159512.0,False,331.6,-41.800000000000004,67.0
7294,159549.0,False,333.8,-39.800000000000004,68.3
7295,159561.0,False,333.8,-38.6,69.2
7296,159581.0,False,332.70000000000005,-37.300000000000004,69.8
7297,159626.0,False,328.20000000000005,-34.800000000000004,70.0
7298,159637.0,False,325.70000000000005,-34.1,69.8
7299,159663.0,False,320.40000000000003,-34.1,69.3
7300,159678.0,False,317.3,-34.4,68.8
7301,159712.0,False,310.1,-34.5,68.0
7302,159733.0,False,306.3,-34.1,67.8
7303,159763.0,False,299.6,-33.4,68.2
7304,159778.0,False,297.2,-33.300000000000004,68.5
7305,159803.0,False,295.6,-33.2,68.9
7306,159812.0,False,294.6,-33.1,69.3
7307,159828.0,False,294.3,-33.0,69.7
7308,159861.0,False,294.40000000000003,-32.7,70.10000000000001
7309,159884.0,False,295.40000000000003,-32.1,70.60000000000001
7310,159895.0,False,296.3,-31.700000000000003,70.7
7311,159929.0,False,298.3,-31.0,70.60000000000001
7312,159945.0,False,299.40000000000003,-30.700000000000003,70.5
7313,159980.0,False,301.3,-30.700000000000003,70.5
7314,160012.0,False,302.1,-30.900000000000002,70.5
7315,160029.0,False,303.5,-31.8,70.2
7316,160045.0,False,304.1,-32.300000000000004,70.10000000000001
7317,160062.0,False,304.8,-32.9,70.10000000000001
7318,160079.0,False,305.8,-33.7,70.10000000000001
7319,160095.0,False,307.0,-34.5,70.10000000000001
7320,160112.0,False,308.40000000000003,-35.4,70.0
7321,160146.0,False,311.70000000000005,-36.6,69.7
7322,160163.0,False,313.3,-37.1,69.60000000000001
7323,160195.0,False,316.3,-37.800000000000004,69.4
7324,160211.0,False,317.70000000000005,-38.2,69.10000000000001
7325,160245.0,False,319.70000000000005,-39.0,68.10000000000001
7326,160261.0,False,320.1,-39.300000000000004,67.8
7327,160296.0,False,319.6,-39.7,67.2
7328,160312.0,False,318.8,-39.900000000000006,66.9
7329,160332.0,False,317.8,-40.1,66.4
7330,160345.0,False,316.90000000000003,-40.300000000000004,65.9
7331,160369.0,False,316.0,-40.400000000000006,65.5
7332,160379.0,False,315.3,-40.400000000000006,65.10000000000001
7333,160397.0,False,314.90000000000003,-40.300000000000004,64.9
7334,160411.0,False,314.8,-40.300000000000004,65.0
7335,160428.0,False,314.90000000000003,-40.300000000000004,65.10000000000001
7336,160462.0,False,315.8,-40.6,65.3
7337,160478.0,False,316.5,-40.900000000000006,65.3
7338,160511.0,False,317.70000000000005,-41.400000000000006,65.60000000000001
7339,160528.0,False,318.1,-41.800000000000004,65.8
7340,160564.0,False,318.20000000000005,-42.5,65.9
7341,160580.0,False,317.90000000000003,-42.800000000000004,65.7
7342,160595.0,False,317.6,-42.900000000000006,65.4
7343,160612.0,False,317.3,-43.0,65.3
7344,160628.0,False,317.0,-43.1,65.10000000000001
7345,160647.0,False,316.8,-43.400000000000006,64.9
7346,160662.0,False,316.6,-43.6,64.60000000000001
7347,160678.0,False,316.3,-43.7,64.3
7348,160711.0,False,315.90000000000003,-43.800000000000004,64.2
7349,160729.0,False,314.70000000000005,-43.300000000000004,64.5
7350,160762.0,False,313.90000000000003,-42.900000000000006,65.0
7351,160778.0,False,311.8,-41.900000000000006,66.7
7352,160795.0,False,310.70000000000005,-41.5,67.5
7353,160831.0,False,308.40000000000003,-41.0,68.4
7354,160846.0,False,307.1,-40.900000000000006,68.4
7355,160862.0,False,305.7,-40.800000000000004,68.10000000000001
7356,160878.0,False,304.1,-40.7,67.7
7357,160895.0,False,302.3,-40.800000000000004,67.2
7358,160912.0,False,300.3,-41.0,66.7
7359,160935.0,False,298.1,-41.2,66.2
7360,160945.0,False,295.90000000000003,-41.6,65.60000000000001
7361,160963.0,False,293.6,-42.0,65.0
7362,160995.0,False,289.6,-42.7,64.4
7363,161012.0,False,288.1,-43.1,64.2
7364,161045.0,False,286.1,-43.900000000000006,64.10000000000001
7365,161061.0,False,285.6,-44.2,64.10000000000001
7366,161078.0,False,285.3,-44.400000000000006,64.3
7367,161099.0,False,285.2,-44.400000000000006,64.7
7368,161112.0,False,285.3,-44.2,65.3
7369,161132.0,False,285.6,-44.1,66.10000000000001
7370,161145.0,False,286.2,-43.900000000000006,66.9
7371,161161.0,False,287.1,-43.7,67.4
7372,161195.0,False,289.6,-43.1,67.2
7373,161212.0,False,291.1,-42.800000000000004,66.9
7374,161228.0,False,292.7,-42.6,66.7
7375,161254.0,False,294.40000000000003,-42.6,66.5
7376,161262.0,False,296.2,-42.900000000000006,66.3
7377,161282.0,False,298.0,-43.2,66.0
7378,161311.0,False,301.7,-43.6,65.4
7379,161329.0,False,303.40000000000003,-43.6,65.2
7380,161362.0,False,307.0,-43.7,65.0
7381,161379.0,False,308.70000000000005,-43.800000000000004,64.7
7382,161409.0,False,311.5,-44.1,64.0
7383,161429.0,False,312.40000000000003,-44.1,63.7
7384,161444.0,False,312.90000000000003,-44.1,63.5
7385,161462.0,False,313.20000000000005,-44.1,63.400000000000006
7386,161478.0,False,313.20000000000005,-44.300000000000004,63.300000000000004
7387,161495.0,False,313.20000000000005,-44.400000000000006,63.2
7388,161529.0,False,313.20000000000005,-44.7,63.1
7389,161545.0,False,313.3,-44.7,63.2
7390,161578.0,False,313.6,-44.6,63.5
7391,161596.0,False,314.0,-44.7,63.800000000000004
7392,161626.0,False,314.40000000000003,-45.0,63.900000000000006
7393,161634.0,False,314.90000000000003,-45.400000000000006,63.800000000000004
7394,161645.0,False,315.6,-45.800000000000004,63.7
7395,161662.0,False,316.1,-46.300000000000004,63.5
7396,161678.0,False,316.6,-46.7,63.300000000000004
7397,161695.0,False,316.90000000000003,-47.2,63.2
7398,161712.0,False,317.20000000000005,-47.7,63.2
7399,161728.0,False,317.6,-48.400000000000006,63.1
7400,161744.0,False,318.20000000000005,-49.0,62.800000000000004
7401,161762.0,False,319.1,-49.400000000000006,62.2
7402,161781.0,False,320.5,-49.800000000000004,61.7
7403,161794.0,False,322.5,-50.400000000000006,61.5
7404,161812.0,False,325.20000000000005,-51.300000000000004,61.5
7405,161848.0,False,331.8,-53.800000000000004,62.900000000000006
7406,161862.0,False,334.5,-54.6,63.7
7407,161881.0,False,336.1,-55.0,64.10000000000001
7408,161895.0,False,336.3,-55.0,63.900000000000006
7409,161911.0,False,335.3,-54.6,63.300000000000004
7410,161944.0,False,332.40000000000003,-53.400000000000006,62.5
7411,161961.0,False,331.20000000000005,-52.800000000000004,62.5
7412,161995.0,False,330.1,-52.0,62.6
7413,162012.0,False,329.90000000000003,-51.7,62.6
7414,162028.0,False,329.40000000000003,-51.6,62.400000000000006
7415,162061.0,False,327.0,-51.5,61.6
7416,162078.0,False,324.70000000000005,-51.400000000000006,61.0
7417,162112.0,False,318.40000000000003,-50.7,59.7
7418,162130.0,False,314.90000000000003,-50.400000000000006,59.1
7419,162161.0,False,308.5,-49.900000000000006,58.800000000000004
7420,162179.0,False,305.90000000000003,-49.800000000000004,59.0
7421,162199.0,False,303.8,-49.7,59.300000000000004
7422,162212.0,False,302.2,-49.7,59.7
7423,162228.0,False,301.1,-49.7,60.1
7424,162262.0,False,299.7,-49.400000000000006,60.800000000000004
7425,162279.0,False,299.6,-49.1,61.300000000000004
7426,162295.0,False,299.8,-48.800000000000004,61.900000000000006
7427,162313.0,False,300.40000000000003,-48.7,62.7
7428,162328.0,False,301.40000000000003,-48.5,63.6
7429,162344.0,False,302.6,-48.400000000000006,64.3
7430,162364.0,False,303.90000000000003,-48.2,64.9
7431,162378.0,False,305.40000000000003,-48.2,65.4
7432,162396.0,False,306.8,-48.2,65.8
7433,162431.0,False,309.5,-48.1,66.0
7434,162450.0,False,310.90000000000003,-48.1,66.0
7435,162479.0,False,314.1,-48.300000000000004,66.2
7436,162496.0,False,315.70000000000005,-48.2,66.10000000000001
7437,162512.0,False,317.0,-48.1,65.7
7438,162528.0,False,317.90000000000003,-47.900000000000006,64.9
7439,162545.0,False,318.5,-47.5,63.900000000000006
7440,162564.0,False,318.70000000000005,-47.2,62.900000000000006
7441,162579.0,False,318.5,-46.800000000000004,62.1
7442,162596.0,False,318.1,-46.5,61.5
7443,162628.0,False,317.6,-46.5,61.1
7444,162648.0,False,316.6,-46.900000000000006,60.7
7445,162663.0,False,316.20000000000005,-47.1,60.400000000000006
7446,162685.0,False,315.70000000000005,-47.1,60.2
7447,162695.0,False,315.20000000000005,-47.0,59.900000000000006
7448,162712.0,False,314.70000000000005,-46.900000000000006,59.7
7449,162744.0,False,314.40000000000003,-46.800000000000004,59.6
7450,162764.0,False,314.70000000000005,-47.0,59.7
7451,162795.0,False,316.20000000000005,-47.6,60.2
7452,162812.0,False,316.90000000000003,-48.0,60.400000000000006
7453,162829.0,False,317.5,-48.400000000000006,60.5
7454,162847.0,False,317.8,-48.800000000000004,60.6
7455,162863.0,False,318.1,-49.300000000000004,60.7
7456,162885.0,False,318.3,-50.0,60.800000000000004
7457,162912.0,False,318.5,-51.1,61.0
7458,162929.0,False,318.40000000000003,-51.5,60.900000000000006
7459,162963.0,False,318.1,-51.7,60.800000000000004
7460,162978.0,False,318.1,-51.800000000000004,60.900000000000006
7461,163012.0,False,318.40000000000003,-51.800000000000004,61.1
7462,163028.0,False,319.20000000000005,-51.5,61.5
7463,163046.0,False,319.6,-51.0,61.900000000000006
7464,163062.0,False,319.70000000000005,-50.300000000000004,62.300000000000004
7465,163078.0,False,319.6,-49.6,63.0
7466,163097.0,False,319.6,-48.800000000000004,64.0
7467,163111.0,False,319.6,-48.300000000000004,65.0
7468,163133.0,False,319.6,-47.900000000000006,65.9
7469,163145.0,False,319.70000000000005,-47.6,66.7
7470,163181.0,False,318.90000000000003,-47.300000000000004,67.10000000000001
7471,163196.0,False,317.70000000000005,-47.1,66.7
7472,163214.0,False,316.20000000000005,-46.900000000000006,66.10000000000001
7473,163228.0,False,314.40000000000003,-46.800000000000004,65.60000000000001
7474,163246.0,False,312.6,-46.900000000000006,65.2
7475,163278.0,False,309.3,-47.400000000000006,64.8
7476,163294.0,False,307.8,-47.800000000000004,64.9
7477,163332.0,False,305.40000000000003,-48.2,65.2
7478,163347.0,False,304.6,-48.5,65.4
7479,163378.0,False,303.90000000000003,-48.900000000000006,65.4
7480,163411.0,False,304.3,-49.0,65.5
7481,163447.0,False,305.3,-48.900000000000006,66.2
7482,163462.0,False,305.90000000000003,-48.900000000000006,66.5
7483,163498.0,False,307.0,-49.1,66.8
7484,163511.0,False,307.5,-49.300000000000004,66.7
7485,163544.0,False,308.70000000000005,-50.0,66.4
7486,163561.0,False,309.3,-50.400000000000006,66.3
7487,163580.0,False,309.90000000000003,-50.900000000000006,66.2
7488,163595.0,False,310.6,-51.300000000000004,66.10000000000001
7489,163628.0,False,311.3,-51.7,65.9
7490,163645.0,False,312.70000000000005,-52.400000000000006,65.3
7491,163662.0,False,313.1,-52.6,64.8
7492,163678.0,False,313.1,-52.800000000000004,63.900000000000006
7493,163698.0,False,312.8,-52.900000000000006,63.0
7494,163711.0,False,312.1,-53.0,61.900000000000006
7495,163730.0,False,311.20000000000005,-52.900000000000006,60.7
7496,163761.0,False,309.3,-52.2,59.1
7497,163779.0,False,308.5,-51.7,58.800000000000004
7498,163811.0,False,307.40000000000003,-51.1,58.900000000000006
7499,163828.0,False,307.20000000000005,-50.900000000000006,59.0
7500,163862.0,False,307.40000000000003,-50.2,59.1
7501,163882.0,False,307.6,-49.7,59.2
7502,163911.0,False,307.90000000000003,-48.900000000000006,59.5
7503,163928.0,False,308.1,-48.800000000000004,59.800000000000004
7504,163945.0,False,308.40000000000003,-48.7,60.0
7505,163978.0,False,308.8,-48.6,60.1
7506,164013.0,False,308.90000000000003,-48.6,60.300000000000004
7507,164028.0,False,309.20000000000005,-49.0,60.900000000000006
7508,164045.0,False,309.3,-49.300000000000004,61.300000000000004
7509,164068.0,False,309.5,-49.6,61.900000000000006
7510,164078.0,False,309.70000000000005,-49.800000000000004,62.300000000000004
7511,164096.0,False,309.90000000000003,-49.800000000000004,62.6
7512,164135.0,False,310.40000000000003,-49.6,62.6
7513,164145.0,False,310.90000000000003,-49.6,62.7
7514,164162.0,False,311.40000000000003,-49.5,62.900000000000006
7515,164178.0,False,311.90000000000003,-49.5,63.0
7516,164195.0,False,312.40000000000003,-49.6,63.1
7517,164223.0,False,313.20000000000005,-49.6,63.1
7518,164244.0,False,313.5,-49.5,63.1
7519,164279.0,False,313.6,-49.400000000000006,63.2
7520,164297.0,False,313.70000000000005,-48.900000000000006,63.900000000000006
7521,164312.0,False,313.90000000000003,-48.7,64.60000000000001
7522,164345.0,False,314.3,-48.2,66.0
7523,164379.0,False,313.8,-47.5,66.8
7524,164395.0,False,313.1,-47.2,66.9
7525,164412.0,False,312.1,-46.800000000000004,66.8
7526,164449.0,False,309.1,-45.6,66.5
7527,164462.0,False,307.40000000000003,-44.900000000000006,66.5
7528,164495.0,False,304.40000000000003,-43.6,66.7
7529,164517.0,False,303.3,-42.900000000000006,66.9
7530,164544.0,False,302.7,-42.2,67.10000000000001
7531,164564.0,False,303.40000000000003,-40.400000000000006,67.8
7532,164578.0,False,303.90000000000003,-39.1,67.9
7533,164603.0,False,304.3,-37.2,68.0
7534,164611.0,False,304.6,-34.7,68.10000000000001
7535,164640.0,False,304.7,-32.0,67.9
7536,164662.0,False,305.5,-26.3,66.0
7537,164678.0,False,306.2,-23.200000000000003,64.5
7538,164701.0,False,307.0,-19.8,62.800000000000004
7539,164712.0,False,307.6,-15.9,61.2
7540,164729.0,False,308.0,-12.0,59.2
7541,164762.0,False,309.6,-4.800000000000001,54.2
7542,164778.0,False,310.90000000000003,-1.5,51.400000000000006
7543,164794.0,False,312.5,1.7000000000000002,48.5
7544,164829.0,False,316.20000000000005,7.800000000000001,42.1
7545,164844.0,False,318.6,10.100000000000001,38.300000000000004
7546,164878.0,False,323.5,12.600000000000001,30.5
7547,164894.0,False,325.8,13.600000000000001,26.700000000000003
7548,164916.0,False,328.0,14.8,23.400000000000002
7549,164930.0,False,329.90000000000003,15.700000000000001,20.6
7550,164946.0,False,331.5,16.0,17.900000000000002
7551,164978.0,False,333.0,16.1,15.5
7552,165032.0,False,340.70000000000005,19.400000000000002,10.3
7553,165046.0,False,342.0,20.3,9.3
7554,165062.0,False,343.3,21.3,7.4
7555,165095.0,False,346.3,23.3,1.0
7556,165116.0,False,346.70000000000005,23.1,-1.0
7557,165144.0,False,347.3,21.5,-4.6000000000000005
7558,165161.0,False,347.20000000000005,20.8,-5.6000000000000005
7559,165200.0,False,347.3,20.3,-7.6000000000000005
7560,165212.0,False,346.90000000000003,20.3,-8.6
7561,165235.0,False,346.40000000000003,20.400000000000002,-9.5
7562,165247.0,False,346.1,20.700000000000003,-10.5
7563,165265.0,False,345.8,20.900000000000002,-11.100000000000001
7564,165278.0,False,345.6,21.3,-11.5
7565,165294.0,False,345.6,21.6,-11.8
7566,165311.0,False,345.40000000000003,22.1,-11.9
7567,165345.0,False,345.1,22.700000000000003,-11.9
7568,165368.0,False,344.20000000000005,24.6,-12.100000000000001
7569,165378.0,False,343.70000000000005,25.6,-11.8
7570,165415.0,False,342.1,26.5,-10.5
7571,165432.0,False,341.5,26.6,-10.0
7572,165464.0,False,341.0,26.200000000000003,-9.4
7573,165478.0,False,340.8,26.0,-9.0
7574,165511.0,False,339.90000000000003,26.200000000000003,-7.5
7575,165529.0,False,339.40000000000003,26.400000000000002,-6.5
7576,165561.0,False,338.6,26.3,-3.7
7577,165581.0,False,338.3,25.900000000000002,-2.0
7578,165594.0,False,338.1,25.200000000000003,0.0
7579,165617.0,False,338.0,24.400000000000002,1.9000000000000001
7580,165628.0,False,337.90000000000003,23.6,3.6
7581,165645.0,False,337.90000000000003,22.8,5.2
7582,165678.0,False,337.70000000000005,21.200000000000003,7.800000000000001
7583,165696.0,False,337.3,20.3,9.0
7584,165715.0,False,336.8,19.3,10.200000000000001
7585,165728.0,False,336.20000000000005,18.2,11.5
7586,165746.0,False,335.40000000000003,17.1,12.700000000000001
7587,165761.0,False,334.70000000000005,16.0,13.9
7588,165778.0,False,334.1,15.0,15.0
7589,165794.0,False,333.5,14.100000000000001,16.1
7590,165821.0,False,333.1,13.4,17.1
7591,165840.0,False,332.70000000000005,12.700000000000001,18.1
7592,165846.0,False,332.40000000000003,12.100000000000001,19.200000000000003
7593,165878.0,False,332.0,11.100000000000001,21.0
7594,165895.0,False,331.90000000000003,10.8,21.900000000000002
7595,165911.0,False,331.70000000000005,10.600000000000001,22.700000000000003
7596,165945.0,False,331.8,10.100000000000001,23.3
7597,165961.0,False,332.3,9.4,22.6
7598,165995.0,False,333.8,7.5,20.400000000000002
7599,166011.0,False,334.5,6.7,19.700000000000003
7600,166046.0,False,335.8,6.0,19.8
7601,166061.0,False,336.20000000000005,6.0,20.400000000000002
7602,166095.0,False,336.5,6.300000000000001,22.200000000000003
7603,166128.0,False,336.3,6.5,22.700000000000003
7604,166144.0,False,336.3,6.7,22.3
7605,166163.0,False,336.6,6.5,21.700000000000003
7606,166178.0,False,337.1,6.1000000000000005,21.1
7607,166215.0,False,338.40000000000003,4.9,20.6
7608,166245.0,False,339.0,4.5,20.700000000000003
7609,166261.0,False,340.6,4.4,21.1
7610,166278.0,False,341.6,4.3,21.200000000000003
7611,166315.0,False,343.6,3.6,20.900000000000002
7612,166349.0,False,345.6,3.2,20.700000000000003
7613,166361.0,False,346.70000000000005,3.1,20.5
7614,166378.0,False,347.8,2.9000000000000004,20.200000000000003
7615,166395.0,False,348.8,2.7,19.8
7616,166416.0,False,349.70000000000005,2.4000000000000004,19.5
7617,166427.0,False,350.40000000000003,2.2,19.5
7618,166462.0,False,350.90000000000003,2.1,19.8
7619,166480.0,False,351.5,1.8,20.8
7620,166495.0,False,351.5,1.6,21.1
7621,166518.0,False,351.1,1.7000000000000002,20.900000000000002
7622,166528.0,False,350.5,2.0,20.6
7623,166547.0,False,349.70000000000005,2.5,20.1
7624,166584.0,False,347.90000000000003,3.3000000000000003,19.700000000000003
7625,166595.0,False,347.0,3.8000000000000003,19.900000000000002
7626,166628.0,False,345.0,5.300000000000001,20.3
7627,166663.0,False,343.0,7.2,20.1
7628,166678.0,False,342.3,8.1,19.900000000000002
7629,166694.0,False,341.8,8.700000000000001,19.5
7630,166728.0,False,341.5,8.9,19.0
7631,166744.0,False,340.90000000000003,9.200000000000001,18.2
7632,166761.0,False,340.5,9.600000000000001,17.8
7633,166798.0,False,339.20000000000005,10.3,16.900000000000002
7634,166811.0,False,338.3,10.600000000000001,16.400000000000002
7635,166840.0,False,336.1,10.5,15.600000000000001
7636,166862.0,False,334.90000000000003,10.4,15.700000000000001
7637,166895.0,False,332.8,10.5,16.8
7638,166912.0,False,331.90000000000003,10.8,17.7
7639,166933.0,False,331.1,10.9,18.7
7640,166946.0,False,330.3,10.9,19.700000000000003
7641,166963.0,False,329.6,10.8,20.6
7642,166978.0,False,329.0,10.4,21.5
7643,167002.0,False,328.70000000000005,10.0,22.5
7644,167014.0,False,328.5,9.5,23.5
7645,167038.0,False,328.6,9.0,24.6
7646,167062.0,False,329.40000000000003,8.1,26.8
7647,167078.0,False,330.20000000000005,7.6000000000000005,27.700000000000003
7648,167116.0,False,332.20000000000005,6.4,29.400000000000002
7649,167145.0,False,333.3,5.7,30.400000000000002
7650,167161.0,False,335.70000000000005,4.4,33.0
7651,167183.0,False,336.8,4.0,34.300000000000004
7652,167217.0,False,339.20000000000005,3.5,35.7
7653,167244.0,False,340.3,3.2,35.6
7654,167261.0,False,341.6,2.8000000000000003,35.1
7655,167279.0,False,344.40000000000003,2.0,33.2
7656,167296.0,False,346.0,1.7000000000000002,32.1
7657,167328.0,False,349.3,1.1,30.0
7658,167361.0,False,351.1,0.8,29.200000000000003
7659,167378.0,False,354.70000000000005,0.2,28.0
7660,167395.0,False,356.40000000000003,0.0,27.5
7661,167417.0,False,358.1,0.1,27.1
7662,167428.0,False,359.70000000000005,0.2,26.6
7663,167444.0,False,1.3,0.4,26.1
7664,167461.0,False,2.7,0.5,25.400000000000002
7665,167478.0,False,4.1000000000000005,0.5,24.900000000000002
7666,167495.0,False,5.300000000000001,0.4,24.5
7667,167516.0,False,6.5,0.2,24.400000000000002
7668,167544.0,False,8.200000000000001,0.0,24.3
7669,167561.0,False,8.6,0.0,24.200000000000003
7670,167595.0,False,8.700000000000001,0.1,24.200000000000003
7671,167618.0,False,8.5,0.1,24.1
7672,167645.0,False,8.1,0.0,23.900000000000002
7673,167661.0,False,6.7,0.30000000000000004,23.1
7674,167694.0,False,4.4,0.9,22.6
7675,167713.0,False,3.1,1.2000000000000002,22.6
7676,167730.0,False,2.0,1.5,22.6
7677,167745.0,False,1.0,1.7000000000000002,22.8
7678,167761.0,False,359.90000000000003,1.9000000000000001,22.900000000000002
7679,167783.0,False,358.70000000000005,2.3000000000000003,23.1
7680,167795.0,False,357.20000000000005,2.8000000000000003,23.200000000000003
7681,167817.0,False,355.5,3.5,23.3
7682,167833.0,False,353.8,4.3,23.400000000000002
7683,167867.0,False,350.70000000000005,5.800000000000001,23.400000000000002
7684,167878.0,False,349.20000000000005,6.300000000000001,23.3
7685,167900.0,False,347.8,6.800000000000001,23.0
7686,167915.0,False,346.40000000000003,7.2,22.700000000000003
7687,167947.0,False,345.0,7.7,22.400000000000002
7688,167961.0,False,342.20000000000005,8.700000000000001,21.400000000000002
7689,167978.0,False,340.90000000000003,9.0,21.0
7690,168011.0,False,338.3,9.3,20.5
7691,168028.0,False,337.20000000000005,9.3,20.400000000000002
7692,168061.0,False,335.5,9.200000000000001,20.400000000000002
7693,168078.0,False,334.90000000000003,9.1,20.5
7694,168095.0,False,334.20000000000005,8.9,20.6
7695,168129.0,False,333.1,8.8,21.200000000000003
7696,168145.0,False,332.6,8.6,21.6
7697,168177.0,False,332.0,8.4,22.900000000000002
7698,168194.0,False,331.8,8.3,23.8
7699,168214.0,False,331.90000000000003,8.200000000000001,24.6
7700,168228.0,False,332.3,7.9,25.3
7701,168244.0,False,333.0,7.4,25.8
7702,168261.0,False,334.0,6.800000000000001,26.0
7703,168278.0,False,335.20000000000005,6.2,26.0
7704,168295.0,False,336.6,5.800000000000001,26.0
7705,168318.0,False,338.1,5.5,25.900000000000002
7706,168328.0,False,339.5,5.4,25.700000000000003
7707,168344.0,False,340.90000000000003,5.5,25.400000000000002
7708,168366.0,False,342.1,5.6000000000000005,24.900000000000002
7709,168394.0,False,344.3,5.6000000000000005,23.6
7710,168415.0,False,345.3,5.6000000000000005,22.900000000000002
7711,168445.0,False,347.20000000000005,5.7,21.900000000000002
7712,168461.0,False,348.0,5.800000000000001,21.6
7713,168494.0,False,349.3,6.1000000000000005,21.200000000000003
7714,168514.0,False,349.90000000000003,6.2,21.1
7715,168538.0,False,350.40000000000003,6.4,21.0
7716,168546.0,False,351.0,6.6000000000000005,21.0
7717,168565.0,False,351.6,6.7,21.0
7718,168578.0,False,352.20000000000005,6.800000000000001,21.1
7719,168595.0,False,352.70000000000005,7.0,21.400000000000002
7720,168616.0,False,352.90000000000003,7.4,22.200000000000003
7721,168645.0,False,352.90000000000003,7.9,23.400000000000002
7722,168661.0,False,353.20000000000005,8.5,25.6
7723,168680.0,False,353.90000000000003,8.200000000000001,26.0
7724,168725.0,False,355.90000000000003,6.7,26.1
7725,168745.0,False,356.8,5.9,26.1
7726,168761.0,False,357.8,5.4,27.1
7727,168779.0,False,357.70000000000005,5.6000000000000005,27.8
7728,168814.0,False,356.6,6.2,28.5
7729,168844.0,False,355.90000000000003,6.5,28.3
7730,168861.0,False,354.3,7.2,27.6
7731,168878.0,False,353.6,7.7,27.1
7732,168919.0,False,352.20000000000005,8.700000000000001,25.8
7733,168947.0,False,351.40000000000003,9.200000000000001,25.1
7734,168961.0,False,350.6,9.700000000000001,24.400000000000002
7735,168978.0,False,348.6,10.700000000000001,23.6
7736,168995.0,False,347.40000000000003,11.4,23.400000000000002
7737,169017.0,False,346.1,12.100000000000001,23.400000000000002
7738,169029.0,False,344.70000000000005,12.5,23.3
7739,169044.0,False,343.5,12.8,23.0
7740,169062.0,False,342.5,13.100000000000001,22.3
7741,169078.0,False,341.6,13.4,21.400000000000002
7742,169095.0,False,340.90000000000003,13.600000000000001,20.200000000000003
7743,169114.0,False,340.1,13.8,18.8
7744,169131.0,False,339.40000000000003,13.8,17.6
7745,169144.0,False,338.70000000000005,13.8,16.5
7746,169181.0,False,337.90000000000003,13.700000000000001,15.8
7747,169195.0,False,336.3,13.8,15.4
7748,169228.0,False,335.6,14.200000000000001,15.5
7749,169244.0,False,334.5,14.8,15.600000000000001
7750,169261.0,False,333.90000000000003,15.0,15.600000000000001
7751,169297.0,False,332.8,15.600000000000001,15.9
7752,169316.0,False,332.3,16.0,16.2
7753,169331.0,False,332.1,16.400000000000002,16.400000000000002
7754,169344.0,False,332.0,16.7,16.6
7755,169364.0,False,332.0,16.900000000000002,16.8
7756,169378.0,False,332.1,16.8,16.900000000000002
7757,169396.0,False,332.3,16.7,17.0
7758,169413.0,False,332.6,16.5,17.0
7759,169444.0,False,333.1,16.1,17.0
7760,169463.0,False,334.5,14.9,16.7
7761,169478.0,False,335.3,14.200000000000001,16.400000000000002
7762,169513.0,False,336.70000000000005,13.200000000000001,16.0
7763,169528.0,False,337.3,13.0,15.9
7764,169561.0,False,337.70000000000005,13.0,16.1
7765,169612.0,False,337.70000000000005,12.9,16.400000000000002
7766,169644.0,False,337.70000000000005,12.600000000000001,16.5
7767,169661.0,False,338.40000000000003,11.8,16.3
7768,169678.0,False,339.0,11.3,16.0
7769,169715.0,False,340.40000000000003,10.200000000000001,15.200000000000001
7770,169727.0,False,340.90000000000003,9.700000000000001,14.8
7771,169744.0,False,341.5,9.5,14.5
7772,169762.0,False,342.0,9.4,14.4
7773,169778.0,False,342.5,9.3,14.3
7774,169796.0,False,342.90000000000003,9.3,14.200000000000001
7775,169814.0,False,343.20000000000005,9.4,14.100000000000001
7776,169836.0,False,343.3,9.700000000000001,14.200000000000001
7777,169861.0,False,343.20000000000005,10.200000000000001,14.600000000000001
7778,169878.0,False,342.20000000000005,11.8,16.3
7779,169895.0,False,341.3,12.600000000000001,17.5
7780,169916.0,False,340.3,13.3,19.0
7781,169933.0,False,339.20000000000005,14.100000000000001,20.3
7782,169944.0,False,337.90000000000003,14.700000000000001,21.400000000000002
7783,169961.0,False,336.6,15.3,22.200000000000003
7784,169977.0,False,335.3,15.600000000000001,22.8
7785,170003.0,False,334.20000000000005,15.700000000000001,23.3
7786,170013.0,False,333.20000000000005,15.700000000000001,23.8
7787,170044.0,False,331.3,15.3,24.1
7788,170061.0,False,330.1,14.5,24.400000000000002
7789,170081.0,False,328.70000000000005,13.3,24.6
7790,170094.0,False,327.3,11.9,24.700000000000003
7791,170132.0,False,325.1,9.600000000000001,24.400000000000002
7792,170144.0,False,324.3,8.5,24.1
7793,170165.0,False,323.5,7.1000000000000005,23.8
7794,170195.0,False,322.5,4.1000000000000005,22.8
7795,170213.0,False,322.3,2.7,22.1
7796,170237.0,False,322.20000000000005,1.2000000000000002,21.1
7797,170244.0,False,322.3,-0.4,19.900000000000002
7798,170261.0,False,322.40000000000003,-2.2,18.5
7799,170278.0,False,322.5,-4.1000000000000005,16.900000000000002
7800,170311.0,False,322.6,-7.6000000000000005,13.4
7801,170329.0,False,322.90000000000003,-9.1,11.8
7802,170365.0,False,324.1,-11.100000000000001,9.600000000000001
7803,170377.0,False,324.5,-11.100000000000001,9.0
7804,170397.0,False,324.6,-10.3,8.6
7805,170412.0,False,324.5,-9.1,8.4
7806,170439.0,False,324.40000000000003,-7.800000000000001,8.4
7807,170461.0,False,324.90000000000003,-6.4,8.1
7808,170479.0,False,325.5,-6.1000000000000005,7.9
7809,170495.0,False,326.20000000000005,-5.7,7.7
7810,170511.0,False,326.90000000000003,-5.2,7.7
7811,170528.0,False,327.40000000000003,-4.5,8.0
7812,170545.0,False,327.5,-3.4000000000000004,8.9
7813,170577.0,False,326.70000000000005,-1.2000000000000002,11.5
7814,170595.0,False,326.20000000000005,-0.5,12.9
7815,170635.0,False,326.40000000000003,0.1,14.200000000000001
7816,170678.0,False,328.70000000000005,0.4,13.200000000000001
7817,170695.0,False,329.6,0.5,12.700000000000001
7818,170734.0,False,330.8,1.3,12.5
7819,170749.0,False,331.0,1.8,12.9
7820,170779.0,False,330.6,3.4000000000000004,14.4
7821,170795.0,False,330.1,4.4,15.3
7822,170813.0,False,329.70000000000005,5.6000000000000005,16.0
7823,170844.0,False,329.0,7.5,16.900000000000002
7824,170878.0,False,328.5,8.1,17.0
7825,170899.0,False,327.8,9.1,16.900000000000002
7826,170932.0,False,328.0,10.3,15.9
7827,170944.0,False,328.1,11.0,15.0
7828,170961.0,False,328.3,11.4,13.8
7829,170995.0,False,328.70000000000005,11.5,10.5
7830,171011.0,False,329.3,11.8,8.3
7831,171031.0,False,330.1,12.100000000000001,6.300000000000001
7832,171047.0,False,330.6,12.4,4.7
7833,171062.0,False,330.90000000000003,12.600000000000001,3.5
7834,171078.0,False,331.1,12.8,2.4000000000000004
7835,171111.0,False,331.5,13.0,1.4000000000000001
7836,171133.0,False,332.1,13.3,0.9
7837,171147.0,False,332.3,13.4,1.4000000000000001
7838,171161.0,False,332.40000000000003,13.5,2.1
7839,171177.0,False,332.5,13.700000000000001,2.8000000000000003
7840,171211.0,False,332.8,14.700000000000001,4.6000000000000005
7841,171230.0,False,333.0,15.200000000000001,5.800000000000001
7842,171261.0,False,333.5,15.3,8.1
7843,171278.0,False,333.8,15.100000000000001,8.6
7844,171313.0,False,334.6,14.9,9.0
7845,171328.0,False,334.40000000000003,15.0,9.1
7846,171346.0,False,333.6,15.0,8.9
7847,171378.0,False,332.1,14.4,7.800000000000001
7848,171394.0,False,332.20000000000005,13.700000000000001,6.6000000000000005
7849,171427.0,False,332.90000000000003,11.700000000000001,4.6000000000000005
7850,171444.0,False,333.0,10.600000000000001,4.2
7851,171477.0,False,332.90000000000003,9.600000000000001,3.4000000000000004
7852,171497.0,False,332.90000000000003,9.700000000000001,2.7
7853,171528.0,False,332.70000000000005,10.600000000000001,1.0
7854,171544.0,False,332.5,11.3,0.7000000000000001
7855,171579.0,False,333.3,12.3,-0.5
7856,171595.0,False,333.90000000000003,12.600000000000001,-1.5
7857,171628.0,False,334.8,13.200000000000001,-3.0
7858,171644.0,False,334.90000000000003,13.8,-4.1000000000000005
7859,171679.0,False,334.3,14.9,-7.0
7860,171695.0,False,333.70000000000005,15.5,-8.200000000000001
7861,171713.0,False,333.3,16.0,-9.4
7862,171732.0,False,333.20000000000005,16.6,-10.8
7863,171746.0,False,333.3,17.2,-12.700000000000001
7864,171760.0,False,333.70000000000005,17.8,-14.9
7865,171794.0,False,334.20000000000005,18.7,-19.1
7866,171811.0,False,334.6,18.900000000000002,-20.700000000000003
7867,171830.0,False,334.90000000000003,18.900000000000002,-21.900000000000002
7868,171845.0,False,335.40000000000003,19.1,-23.6
7869,171878.0,False,335.5,19.400000000000002,-26.900000000000002
7870,171895.0,False,334.6,19.700000000000003,-27.5
7871,171911.0,False,333.3,20.1,-27.400000000000002
7872,171942.0,False,332.5,20.200000000000003,-27.5
7873,171963.0,False,332.40000000000003,20.200000000000003,-28.1
7874,171978.0,False,332.1,20.200000000000003,-27.8
7875,172011.0,False,331.20000000000005,19.6,-26.200000000000003
7876,172039.0,False,330.70000000000005,19.1,-24.900000000000002
7877,172063.0,False,329.8,18.3,-22.5
7878,172078.0,False,329.40000000000003,18.0,-21.700000000000003
7879,172111.0,False,328.6,17.900000000000002,-21.400000000000002
7880,172131.0,False,328.70000000000005,18.0,-22.1
7881,172150.0,False,329.0,18.2,-23.3
7882,172161.0,False,329.3,18.400000000000002,-24.900000000000002
7883,172184.0,False,329.3,18.3,-26.3
7884,172211.0,False,328.8,18.1,-27.200000000000003
7885,172227.0,False,326.6,16.900000000000002,-26.5
7886,172244.0,False,325.40000000000003,16.2,-25.400000000000002
7887,172277.0,False,323.3,14.4,-24.400000000000002
7888,172294.0,False,322.1,13.200000000000001,-24.3
7889,172328.0,False,319.70000000000005,11.0,-25.400000000000002
7890,172344.0,False,318.5,10.0,-26.400000000000002
7891,172366.0,False,317.40000000000003,9.1,-27.400000000000002
7892,172377.0,False,316.3,8.1,-28.6
7893,172397.0,False,315.3,7.0,-30.0
7894,172415.0,False,314.6,5.9,-31.6
7895,172428.0,False,314.1,5.1000000000000005,-33.4
7896,172444.0,False,313.8,4.6000000000000005,-35.1
7897,172461.0,False,313.8,4.5,-36.6
7898,172495.0,False,314.5,4.4,-38.6
7899,172512.0,False,314.90000000000003,4.4,-39.2
7900,172537.0,False,315.20000000000005,4.5,-39.5
7901,172545.0,False,315.20000000000005,4.6000000000000005,-39.5
7902,172561.0,False,315.0,4.7,-39.2
7903,172595.0,False,314.1,5.2,-38.2
7904,172612.0,False,313.6,5.5,-37.7
7905,172629.0,False,313.1,6.0,-37.2
7906,172644.0,False,312.40000000000003,6.4,-36.9
7907,172678.0,False,311.0,7.300000000000001,-36.4
7908,172695.0,False,310.20000000000005,7.6000000000000005,-36.4
7909,172711.0,False,309.40000000000003,7.7,-36.5
7910,172745.0,False,308.6,7.7,-36.7
7911,172761.0,False,307.8,7.800000000000001,-36.800000000000004
7912,172778.0,False,306.40000000000003,7.6000000000000005,-37.300000000000004
7913,172811.0,False,305.2,6.7,-37.300000000000004
7914,172830.0,False,304.90000000000003,6.2,-37.300000000000004
7915,172861.0,False,304.7,6.0,-37.7
7916,172911.0,False,304.90000000000003,5.5,-38.5
7917,172928.0,False,304.90000000000003,5.4,-39.1
7918,172946.0,False,305.0,5.6000000000000005,-39.7
7919,172961.0,False,305.3,6.300000000000001,-40.1
7920,172978.0,False,305.90000000000003,7.300000000000001,-40.400000000000006
7921,173011.0,False,306.8,8.3,-40.300000000000004
7922,173031.0,False,309.0,10.200000000000001,-39.5
7923,173046.0,False,310.3,10.9,-39.0
7924,173079.0,False,312.90000000000003,12.3,-38.400000000000006
7925,173095.0,False,314.20000000000005,13.100000000000001,-38.2
7926,173128.0,False,317.0,14.4,-38.0
7927,173149.0,False,318.40000000000003,15.0,-37.800000000000004
7928,173180.0,False,321.6,16.2,-37.0
7929,173195.0,False,323.1,16.7,-36.5
7930,173227.0,False,325.8,17.3,-35.5
7931,173245.0,False,327.1,17.3,-35.1
7932,173263.0,False,328.6,17.3,-34.9
7933,173294.0,False,331.5,17.0,-36.1
7934,173311.0,False,333.0,16.7,-37.4
7935,173344.0,False,335.70000000000005,15.8,-41.1
7936,173381.0,False,337.3,14.4,-45.0
7937,173394.0,False,337.40000000000003,13.5,-46.5
7938,173411.0,False,337.3,12.600000000000001,-47.900000000000006
7939,173444.0,False,336.6,11.5,-48.900000000000006
7940,173462.0,False,335.6,10.200000000000001,-49.6
7941,173481.0,False,332.6,7.1000000000000005,-50.6
7942,173494.0,False,330.8,5.7,-51.1
7943,173511.0,False,329.20000000000005,4.4,-51.800000000000004
7944,173537.0,False,327.70000000000005,3.3000000000000003,-52.6
7945,173544.0,False,326.3,2.3000000000000003,-53.2
7946,173561.0,False,325.1,1.3,-53.900000000000006
7947,173578.0,False,324.1,0.4,-54.400000000000006
7948,173598.0,False,323.40000000000003,-0.4,-54.900000000000006
7949,173611.0,False,322.90000000000003,-1.1,-55.300000000000004
7950,173628.0,False,322.70000000000005,-1.5,-55.6
7951,173648.0,False,322.6,-1.9000000000000001,-55.800000000000004
7952,173661.0,False,322.6,-2.1,-55.900000000000006
7953,173677.0,False,322.6,-2.3000000000000003,-55.900000000000006
7954,173711.0,False,322.0,-2.4000000000000004,-55.800000000000004
7955,173732.0,False,321.40000000000003,-2.3000000000000003,-55.800000000000004
7956,173761.0,False,319.8,-2.2,-55.800000000000004
7957,173777.0,False,318.70000000000005,-2.3000000000000003,-55.7
7958,173795.0,False,317.3,-2.5,-55.5
7959,173812.0,False,315.70000000000005,-2.7,-55.1
7960,173827.0,False,314.1,-3.0,-54.800000000000004
7961,173849.0,False,312.70000000000005,-3.2,-54.6
7962,173881.0,False,310.40000000000003,-3.8000000000000003,-54.800000000000004
7963,173895.0,False,309.6,-4.3,-55.0
7964,173934.0,False,308.3,-5.7,-55.300000000000004
7965,173944.0,False,307.90000000000003,-6.4,-55.6
7966,173964.0,False,307.8,-7.1000000000000005,-56.1
7967,173978.0,False,308.0,-7.5,-56.7
7968,173997.0,False,308.6,-7.800000000000001,-57.300000000000004
7969,174029.0,False,310.0,-8.700000000000001,-57.7
7970,174045.0,False,310.6,-9.3,-57.6
7971,174061.0,False,311.20000000000005,-9.8,-57.6
7972,174078.0,False,311.8,-10.100000000000001,-57.5
7973,174094.0,False,312.8,-10.0,-57.400000000000006
7974,174127.0,False,314.20000000000005,-9.4,-57.300000000000004
7975,174145.0,False,317.8,-7.7,-56.800000000000004
7976,174178.0,False,319.8,-6.7,-56.6
7977,174196.0,False,323.6,-4.6000000000000005,-56.300000000000004
7978,174211.0,False,325.40000000000003,-3.5,-56.0
7979,174244.0,False,328.6,-1.0,-55.1
7980,174261.0,False,329.90000000000003,0.2,-54.5
7981,174278.0,False,331.1,1.5,-53.900000000000006
7982,174297.0,False,332.20000000000005,2.7,-53.300000000000004
7983,174312.0,False,333.1,3.9000000000000004,-52.7
7984,174332.0,False,333.90000000000003,5.0,-52.2
7985,174345.0,False,334.6,6.0,-51.7
7986,174361.0,False,335.1,6.9,-51.1
7987,174378.0,False,335.6,7.7,-50.6
7988,174400.0,False,336.1,8.3,-50.2
7989,174411.0,False,336.5,8.700000000000001,-50.0
7990,174434.0,False,337.0,8.9,-50.2
7991,174463.0,False,338.20000000000005,9.1,-51.6
7992,174477.0,False,338.70000000000005,8.9,-52.6
7993,174511.0,False,339.0,8.0,-53.800000000000004
7994,174533.0,False,338.5,7.1000000000000005,-53.6
7995,174561.0,False,336.6,4.800000000000001,-52.800000000000004
7996,174577.0,False,335.20000000000005,3.4000000000000004,-53.0
7997,174598.0,False,333.6,1.9000000000000001,-53.300000000000004
7998,174611.0,False,331.8,0.2,-53.6
7999,174627.0,False,330.0,-1.7000000000000002,-54.0
8000,174644.0,False,328.20000000000005,-3.7,-54.400000000000006
8001,174663.0,False,326.3,-5.800000000000001,-55.0
8002,174678.0,False,324.40000000000003,-7.800000000000001,-55.7
8003,174694.0,False,322.5,-9.9,-56.300000000000004
8004,174732.0,False,319.20000000000005,-13.600000000000001,-57.6
8005,174744.0,False,318.0,-15.0,-58.2
8006,174761.0,False,317.20000000000005,-16.2,-58.6
8007,174778.0,False,316.70000000000005,-17.1,-59.0
8008,174794.0,False,316.6,-17.7,-59.300000000000004
8009,174827.0,False,316.20000000000005,-18.3,-59.5
8010,174854.0,False,315.8,-18.400000000000002,-59.5
8011,174895.0,False,313.0,-17.8,-59.1
8012,174914.0,False,311.70000000000005,-17.400000000000002,-58.900000000000006
8013,174930.0,False,310.40000000000003,-17.1,-58.7
8014,174944.0,False,308.90000000000003,-16.900000000000002,-58.5
8015,174961.0,False,307.40000000000003,-16.7,-58.2
8016,174994.0,False,304.3,-16.8,-57.800000000000004
8017,175011.0,False,302.90000000000003,-17.0,-57.6
8018,175029.0,False,301.5,-17.3,-57.6
8019,175044.0,False,300.40000000000003,-17.900000000000002,-57.7
8020,175060.0,False,299.6,-18.5,-57.7
8021,175096.0,False,298.8,-20.200000000000003,-58.0
8022,175127.0,False,298.90000000000003,-21.1,-58.300000000000004
8023,175146.0,False,300.40000000000003,-22.5,-58.900000000000006
8024,175161.0,False,301.5,-22.900000000000002,-59.2
8025,175177.0,False,302.8,-23.0,-59.400000000000006
8026,175194.0,False,304.0,-23.0,-59.5
8027,175211.0,False,304.90000000000003,-22.900000000000002,-59.400000000000006
8028,175237.0,False,305.7,-22.6,-59.300000000000004
8029,175266.0,False,307.40000000000003,-21.0,-58.800000000000004
8030,175277.0,False,308.70000000000005,-19.5,-58.6
8031,175311.0,False,312.3,-15.700000000000001,-58.800000000000004
8032,175331.0,False,314.3,-13.600000000000001,-59.1
8033,175347.0,False,316.0,-11.700000000000001,-59.6
8034,175361.0,False,317.5,-10.0,-60.0
8035,175383.0,False,318.8,-8.4,-60.300000000000004
8036,175416.0,False,321.0,-5.5,-60.300000000000004
8037,175429.0,False,322.20000000000005,-4.1000000000000005,-60.1
8038,175445.0,False,323.40000000000003,-2.7,-59.800000000000004
8039,175461.0,False,324.70000000000005,-1.4000000000000001,-59.6
8040,175477.0,False,326.0,-0.1,-59.300000000000004
8041,175494.0,False,327.1,1.1,-59.0
8042,175532.0,False,328.3,3.1,-57.5
8043,175546.0,False,328.20000000000005,3.9000000000000004,-56.5
8044,175580.0,False,327.5,5.4,-54.6
8045,175594.0,False,327.20000000000005,6.300000000000001,-54.1
8046,175631.0,False,326.1,7.9,-53.7
8047,175644.0,False,325.40000000000003,8.4,-53.6
8048,175661.0,False,324.5,8.8,-53.300000000000004
8049,175678.0,False,323.40000000000003,9.0,-53.0
8050,175705.0,False,322.20000000000005,8.9,-52.7
8051,175711.0,False,321.0,8.700000000000001,-52.400000000000006
8052,175727.0,False,319.90000000000003,8.4,-52.2
8053,175745.0,False,319.0,7.9,-52.2
8054,175764.0,False,318.1,7.300000000000001,-52.400000000000006
8055,175794.0,False,316.40000000000003,5.5,-52.5
8056,175836.0,False,315.70000000000005,3.5,-53.300000000000004
8057,175846.0,False,315.6,2.4000000000000004,-54.0
8058,175866.0,False,315.40000000000003,1.2000000000000002,-54.800000000000004
8059,175894.0,False,314.3,-1.4000000000000001,-55.900000000000006
8060,175911.0,False,313.20000000000005,-2.6,-56.300000000000004
8061,175944.0,False,311.8,-3.6,-56.800000000000004
8062,175961.0,False,308.20000000000005,-5.300000000000001,-57.900000000000006
8063,175994.0,False,304.40000000000003,-6.6000000000000005,-59.0
8064,176012.0,False,302.6,-7.1000000000000005,-59.5
8065,176029.0,False,301.0,-7.6000000000000005,-59.900000000000006
8066,176046.0,False,299.40000000000003,-8.0,-60.300000000000004
8067,176063.0,False,298.0,-8.3,-60.7
8068,176077.0,False,296.5,-8.700000000000001,-60.900000000000006
8069,176110.0,False,293.3,-9.4,-61.1
8070,176127.0,False,291.6,-9.8,-61.2
8071,176160.0,False,288.2,-10.8,-61.5
8072,176178.0,False,286.5,-11.4,-61.800000000000004
8073,176211.0,False,283.6,-12.700000000000001,-62.6
8074,176227.0,False,282.2,-13.5,-62.800000000000004
8075,176248.0,False,280.8,-14.4,-63.0
8076,176261.0,False,279.5,-15.3,-63.1
8077,176280.0,False,278.40000000000003,-16.0,-63.0
8078,176294.0,False,277.6,-16.400000000000002,-62.800000000000004
8079,176331.0,False,276.7,-16.6,-62.7
8080,176349.0,False,276.6,-16.5,-62.6
8081,176379.0,False,276.2,-15.8,-61.6
8082,176394.0,False,275.8,-15.4,-60.900000000000006
8083,176413.0,False,275.2,-15.100000000000001,-60.2
8084,176430.0,False,274.6,-14.8,-59.800000000000004
8085,176446.0,False,273.90000000000003,-14.5,-59.400000000000006
8086,176477.0,False,273.0,-14.4,-59.300000000000004
8087,176494.0,False,272.8,-14.5,-59.2
8088,176527.0,False,273.8,-14.600000000000001,-58.900000000000006
8089,176544.0,False,275.1,-14.3,-58.6
8090,176578.0,False,277.0,-13.700000000000001,-58.400000000000006
8091,176598.0,False,282.0,-12.5,-58.5
8092,176611.0,False,284.8,-12.0,-59.0
8093,176634.0,False,287.6,-11.600000000000001,-59.7
8094,176644.0,False,290.2,-11.5,-60.5
8095,176661.0,False,292.5,-11.700000000000001,-61.300000000000004
8096,176680.0,False,294.7,-12.0,-62.0
8097,176703.0,False,296.7,-12.100000000000001,-62.5
8098,176711.0,False,298.7,-11.9,-62.800000000000004
8099,176730.0,False,300.6,-11.4,-62.800000000000004
8100,176746.0,False,302.3,-10.9,-62.7
8101,176761.0,False,303.90000000000003,-10.4,-62.6
8102,176780.0,False,305.2,-10.0,-62.400000000000006
8103,176794.0,False,306.1,-9.600000000000001,-62.2
8104,176811.0,False,306.8,-9.3,-62.2
8105,176831.0,False,307.40000000000003,-9.1,-62.300000000000004
8106,176862.0,False,308.70000000000005,-8.700000000000001,-63.400000000000006
8107,176878.0,False,309.5,-8.6,-64.3
8108,176913.0,False,311.5,-8.5,-67.0
8109,176931.0,False,312.70000000000005,-8.6,-68.7
8110,176950.0,False,314.20000000000005,-8.9,-70.60000000000001
8111,176961.0,False,315.8,-9.5,-72.3
8112,176978.0,False,317.70000000000005,-10.600000000000001,-73.5
8113,176995.0,False,319.8,-11.9,-74.5
8114,177014.0,False,322.0,-13.5,-75.4
8115,177027.0,False,324.0,-15.3,-75.9
8116,177044.0,False,325.90000000000003,-17.3,-75.9
8117,177060.0,False,327.5,-19.400000000000002,-75.4
8118,177077.0,False,328.70000000000005,-21.6,-74.7
8119,177094.0,False,329.70000000000005,-23.8,-73.60000000000001
8120,177111.0,False,330.20000000000005,-25.900000000000002,-72.4
8121,177128.0,False,330.3,-27.900000000000002,-71.2
8122,177163.0,False,329.6,-31.200000000000003,-69.8
8123,177178.0,False,329.1,-32.300000000000004,-69.7
8124,177194.0,False,328.5,-33.0,-69.9
8125,177228.0,False,327.6,-33.300000000000004,-71.2
8126,177245.0,False,327.0,-33.1,-72.0
8127,177265.0,False,326.20000000000005,-32.7,-73.0
8128,177278.0,False,325.0,-32.2,-73.9
8129,177297.0,False,323.6,-31.700000000000003,-74.7
8130,177330.0,False,320.20000000000005,-30.3,-75.3
8131,177361.0,False,318.3,-29.700000000000003,-75.10000000000001
8132,177378.0,False,314.3,-28.6,-74.3
8133,177397.0,False,312.3,-28.400000000000002,-73.7
8134,177412.0,False,310.3,-28.400000000000002,-73.0
8135,177444.0,False,306.40000000000003,-28.900000000000002,-71.7
8136,177461.0,False,304.7,-29.5,-71.10000000000001
8137,177494.0,False,302.0,-31.700000000000003,-70.10000000000001
8138,177511.0,False,300.90000000000003,-33.300000000000004,-69.60000000000001
8139,177547.0,False,299.2,-37.300000000000004,-69.0
8140,177579.0,False,298.2,-41.7,-68.5
8141,177595.0,False,298.3,-43.900000000000006,-68.0
8142,177635.0,False,299.6,-47.2,-66.5
8143,177644.0,False,300.8,-48.1,-65.3
8144,177663.0,False,302.1,-48.6,-64.10000000000001
8145,177694.0,False,303.1,-48.900000000000006,-63.0
8146,177711.0,False,304.3,-49.2,-60.6
8147,177732.0,False,304.90000000000003,-49.0,-59.400000000000006
8148,177762.0,False,306.2,-47.6,-57.7
8149,177778.0,False,306.8,-46.300000000000004,-57.900000000000006
8150,177811.0,False,307.8,-43.6,-60.300000000000004
8151,177831.0,False,308.0,-42.400000000000006,-62.300000000000004
8152,177861.0,False,308.40000000000003,-40.800000000000004,-66.4
8153,177878.0,False,308.8,-40.2,-67.9
8154,177911.0,False,310.5,-39.0,-70.2
8155,177928.0,False,311.8,-38.2,-71.2
8156,177946.0,False,313.3,-37.300000000000004,-72.0
8157,177979.0,False,316.3,-35.4,-73.5
8158,177994.0,False,317.40000000000003,-34.4,-74.10000000000001
8159,178029.0,False,318.5,-32.4,-75.0
8160,178046.0,False,318.6,-31.400000000000002,-75.4
8161,178078.0,False,318.1,-29.3,-76.2
8162,178094.0,False,317.6,-28.0,-76.9
8163,178129.0,False,315.90000000000003,-25.3,-78.80000000000001
8164,178144.0,False,314.8,-24.200000000000003,-79.4
8165,178162.0,False,313.5,-23.200000000000003,-79.5
8166,178178.0,False,312.1,-22.400000000000002,-79.30000000000001
8167,178199.0,False,310.8,-21.6,-78.9
8168,178211.0,False,309.6,-20.6,-78.5
8169,178247.0,False,307.5,-19.0,-77.0
8170,178260.0,False,305.90000000000003,-18.7,-76.2
8171,178295.0,False,300.6,-18.8,-76.3
8172,178311.0,False,297.2,-19.0,-77.80000000000001
8173,178330.0,False,293.7,-19.1,-80.4
8174,178345.0,False,290.2,-19.1,-83.7
8175,178362.0,False,287.1,-19.200000000000003,-87.4
8176,178378.0,False,104.60000000000001,-160.60000000000002,89.2
8177,178394.0,False,102.80000000000001,-160.10000000000002,86.30000000000001
8178,178413.0,False,101.9,-159.3,84.30000000000001
8179,178428.0,False,101.7,-158.4,83.10000000000001
8180,178448.0,False,101.80000000000001,-157.60000000000002,82.5
8181,178461.0,False,102.0,-156.8,82.4
8182,178494.0,False,101.9,-156.20000000000002,82.7
8183,178514.0,False,100.2,-155.5,84.5
8184,178528.0,False,98.80000000000001,-155.4,85.80000000000001
8185,178561.0,False,94.9,-155.70000000000002,88.60000000000001
8186,178578.0,False,272.6,-23.8,-90.0
8187,178611.0,False,267.1,-22.200000000000003,-88.2
8188,178636.0,False,264.3,-20.900000000000002,-87.7
8189,178661.0,False,258.3,-17.8,-87.5
8190,178678.0,False,255.0,-16.7,-87.60000000000001
8191,178712.0,False,249.10000000000002,-15.5,-87.30000000000001
8192,178729.0,False,246.5,-15.0,-86.0
8193,178748.0,False,244.0,-14.4,-84.2
8194,178778.0,False,240.5,-13.100000000000001,-80.30000000000001
8195,178795.0,False,239.60000000000002,-12.4,-78.80000000000001
8196,178846.0,False,239.8,-12.5,-78.9
8197,178886.0,False,242.20000000000002,-12.8,-80.4
8198,178894.0,False,244.20000000000002,-12.4,-80.5
8199,178916.0,False,246.8,-11.600000000000001,-80.30000000000001
8200,178927.0,False,249.70000000000002,-10.5,-80.10000000000001
8201,178944.0,False,253.10000000000002,-9.3,-80.0
8202,178962.0,False,256.7,-8.0,-80.10000000000001
8203,178978.0,False,260.40000000000003,-6.6000000000000005,-80.4
8204,178998.0,False,264.1,-5.4,-80.5
8205,179011.0,False,267.6,-4.2,-80.5
8206,179028.0,False,271.0,-3.0,-80.30000000000001
8207,179044.0,False,274.0,-1.9000000000000001,-80.0
8208,179064.0,False,276.6,-0.9,-79.5
8209,179094.0,False,280.90000000000003,1.2000000000000002,-77.60000000000001
8210,179131.0,False,282.40000000000003,2.0,-76.2
8211,179144.0,False,283.8,3.4000000000000004,-72.60000000000001
8212,179161.0,False,283.7,3.8000000000000003,-70.8
8213,179195.0,False,282.8,4.3,-67.3
8214,179210.0,False,282.40000000000003,4.3,-65.9
8215,179228.0,False,282.1,4.3,-64.8
8216,179244.0,False,282.0,4.2,-64.10000000000001
8217,179261.0,False,282.0,4.1000000000000005,-63.6
8218,179281.0,False,282.1,3.7,-63.2
8219,179294.0,False,282.40000000000003,2.9000000000000004,-63.1
8220,179313.0,False,282.8,2.0,-63.300000000000004
8221,179327.0,False,283.2,0.9,-63.900000000000006
8222,179360.0,False,284.2,-1.9000000000000001,-65.5
8223,179377.0,False,284.7,-3.6,-66.2
8224,179411.0,False,285.40000000000003,-7.6000000000000005,-67.10000000000001
8225,179429.0,False,285.40000000000003,-10.0,-67.10000000000001
8226,179445.0,False,285.0,-12.8,-67.2
8227,179460.0,False,283.90000000000003,-15.700000000000001,-67.4
8228,179477.0,False,282.40000000000003,-18.7,-67.8
8229,179511.0,False,277.90000000000003,-24.8,-69.0
8230,179529.0,False,275.40000000000003,-27.6,-69.7
8231,179544.0,False,272.90000000000003,-29.900000000000002,-70.5
8232,179560.0,False,270.8,-31.700000000000003,-71.4
8233,179577.0,False,269.0,-32.9,-72.3
8234,179595.0,False,267.8,-33.7,-73.2
8235,179628.0,False,266.40000000000003,-34.1,-74.3
8236,179644.0,False,265.8,-34.0,-74.7
8237,179678.0,False,264.1,-33.2,-74.8
8238,179700.0,False,263.0,-32.5,-74.7
8239,179732.0,False,260.2,-30.900000000000002,-74.2
8240,179744.0,False,258.5,-30.200000000000003,-73.9
8241,179764.0,False,256.8,-29.6,-73.5
8242,179778.0,False,254.9,-29.1,-73.10000000000001
8243,179797.0,False,252.9,-28.8,-72.7
8244,179829.0,False,248.4,-29.1,-71.9
8245,179848.0,False,245.9,-29.700000000000003,-71.60000000000001
8246,179877.0,False,243.5,-30.6,-71.3
8247,179894.0,False,238.9,-32.9,-70.7
8248,179919.0,False,236.8,-34.1,-71.0
8249,179944.0,False,233.9,-36.7,-72.60000000000001
8250,179969.0,False,233.8,-37.800000000000004,-73.4
8251,179994.0,False,235.20000000000002,-39.7,-74.3
8252,180011.0,False,236.3,-40.5,-74.4
8253,180031.0,False,237.70000000000002,-41.300000000000004,-74.2
8254,180061.0,False,241.60000000000002,-42.400000000000006,-73.3
8255,180098.0,False,246.70000000000002,-42.0,-72.4
8256,180256.0,False,267.90000000000003,-30.200000000000003,-80.0
8257,180279.0,False,269.8,-29.3,-80.4
8258,180310.0,False,274.1,-27.5,-80.60000000000001
8259,180327.0,False,276.2,-26.5,-80.80000000000001
8260,180344.0,False,278.2,-25.400000000000002,-81.10000000000001
8261,180360.0,False,279.8,-24.3,-81.60000000000001
8262,180377.0,False,281.0,-23.3,-82.10000000000001
8263,180394.0,False,281.8,-22.3,-82.5
8264,180416.0,False,282.40000000000003,-21.3,-82.80000000000001
8265,180427.0,False,282.7,-20.1,-83.2
8266,180445.0,False,282.8,-18.900000000000002,-83.7
8267,180478.0,False,283.1,-16.5,-85.10000000000001
8268,180496.0,False,283.1,-15.4,-85.7
8269,180512.0,False,283.1,-14.5,-86.0
8270,180534.0,False,283.0,-13.8,-85.9
8271,180550.0,False,283.0,-13.200000000000001,-85.60000000000001
8272,180566.0,False,283.1,-12.700000000000001,-85.0
8273,180578.0,False,283.3,-12.0,-84.10000000000001
8274,180598.0,False,283.3,-11.4,-82.30000000000001
8275,180611.0,False,282.6,-10.9,-78.9
8276,180628.0,False,280.90000000000003,-10.600000000000001,-74.2
8277,180647.0,False,277.90000000000003,-10.4,-68.9
8278,180660.0,False,273.90000000000003,-10.3,-64.10000000000001
8279,180679.0,False,269.6,-10.700000000000001,-60.7
8280,180694.0,False,265.6,-11.5,-58.7
8281,180710.0,False,262.1,-12.5,-58.1
8282,180733.0,False,259.40000000000003,-13.4,-58.7
8283,180748.0,False,257.6,-14.200000000000001,-60.300000000000004
8284,180761.0,False,256.6,-14.8,-62.300000000000004
8285,180794.0,False,256.5,-15.700000000000001,-66.4
8286,180811.0,False,256.90000000000003,-16.1,-68.10000000000001
8287,180832.0,False,257.2,-16.5,-69.4
8288,180849.0,False,257.5,-16.900000000000002,-70.4
8289,180860.0,False,257.7,-17.2,-71.2
8290,180878.0,False,257.8,-17.5,-71.7
8291,180894.0,False,257.7,-17.7,-72.0
8292,180910.0,False,257.3,-17.900000000000002,-72.10000000000001
8293,180927.0,False,256.5,-18.2,-72.0
8294,180949.0,False,255.5,-18.5,-71.8
8295,180961.0,False,254.4,-18.8,-71.5
8296,180977.0,False,253.20000000000002,-19.200000000000003,-70.9
8297,180998.0,False,251.70000000000002,-19.5,-70.0
8298,181011.0,False,250.0,-19.8,-68.8
8299,181027.0,False,247.9,-19.900000000000002,-67.2
8300,181061.0,False,242.3,-20.400000000000002,-63.5
8301,181077.0,False,239.10000000000002,-20.6,-62.0
8302,181111.0,False,233.20000000000002,-21.0,-60.300000000000004
8303,181128.0,False,230.5,-21.1,-60.2
8304,181147.0,False,228.20000000000002,-21.400000000000002,-60.7
8305,181161.0,False,226.3,-21.700000000000003,-61.5
8306,181177.0,False,224.70000000000002,-22.1,-62.5
8307,181199.0,False,223.5,-22.6,-63.800000000000004
8308,181211.0,False,222.8,-23.200000000000003,-64.9
8309,181228.0,False,222.70000000000002,-23.700000000000003,-65.9
8310,181246.0,False,223.20000000000002,-24.0,-66.9
8311,181277.0,False,226.4,-23.6,-68.9
8312,181294.0,False,228.8,-23.1,-69.9
8313,181311.0,False,231.60000000000002,-22.400000000000002,-70.8
8314,181327.0,False,234.4,-21.5,-71.7
8315,181344.0,False,237.4,-20.400000000000002,-72.5
8316,181364.0,False,240.5,-19.400000000000002,-73.3
8317,181378.0,False,243.4,-18.400000000000002,-74.0
8318,181396.0,False,246.10000000000002,-17.6,-74.60000000000001
8319,181411.0,False,248.5,-16.900000000000002,-74.9
8320,181428.0,False,250.5,-16.5,-74.7
8321,181445.0,False,252.3,-16.3,-73.8
8322,181460.0,False,253.5,-16.2,-72.3
8323,181477.0,False,254.3,-15.9,-70.4
8324,181494.0,False,254.9,-15.3,-68.60000000000001
8325,181527.0,False,255.4,-14.4,-66.9
8326,181549.0,False,256.7,-12.0,-64.2
8327,181561.0,False,257.40000000000003,-10.8,-63.2
8328,181580.0,False,258.2,-9.600000000000001,-62.300000000000004
8329,181594.0,False,258.90000000000003,-8.5,-61.6
8330,181614.0,False,259.5,-7.4,-61.2
8331,181646.0,False,260.7,-5.6000000000000005,-60.800000000000004
8332,181660.0,False,261.3,-4.9,-61.0
8333,181694.0,False,262.1,-4.2,-62.0
8334,181711.0,False,262.2,-4.2,-62.6
8335,181737.0,False,262.1,-4.9,-63.800000000000004
8336,181760.0,False,261.90000000000003,-5.4,-64.5
8337,181777.0,False,261.8,-5.9,-65.3
8338,181797.0,False,261.6,-6.5,-66.0
8339,181810.0,False,261.40000000000003,-7.300000000000001,-66.4
8340,181827.0,False,261.2,-8.1,-66.5
8341,181861.0,False,260.8,-10.200000000000001,-66.2
8342,181877.0,False,260.6,-11.5,-66.10000000000001
8343,181898.0,False,260.5,-12.9,-66.3
8344,181911.0,False,260.2,-14.0,-67.0
8345,181928.0,False,259.6,-14.600000000000001,-68.2
8346,181947.0,False,258.7,-14.700000000000001,-69.8
8347,181960.0,False,257.6,-14.700000000000001,-71.5
8348,181977.0,False,256.3,-14.5,-72.9
8349,181994.0,False,255.10000000000002,-14.3,-74.0
8350,182011.0,False,253.9,-14.100000000000001,-74.8
8351,182027.0,False,252.70000000000002,-13.9,-75.5
8352,182044.0,False,251.70000000000002,-13.9,-75.9
8353,182078.0,False,249.70000000000002,-14.3,-76.4
8354,182094.0,False,248.8,-14.8,-76.5
8355,182135.0,False,247.10000000000002,-16.1,-76.4
8356,182151.0,False,246.3,-16.8,-76.4
8357,182177.0,False,244.8,-18.5,-76.0
8358,182201.0,False,244.20000000000002,-19.5,-75.60000000000001
8359,182211.0,False,243.60000000000002,-20.8,-75.0
8360,182228.0,False,243.10000000000002,-22.3,-74.2
8361,182244.0,False,242.9,-23.8,-73.4
8362,182261.0,False,243.10000000000002,-25.400000000000002,-72.7
8363,182278.0,False,243.60000000000002,-27.1,-72.2
8364,182294.0,False,244.5,-28.900000000000002,-72.10000000000001
8365,182315.0,False,245.4,-30.8,-72.3
8366,182344.0,False,247.0,-34.4,-73.0
8367,182361.0,False,247.70000000000002,-35.9,-73.10000000000001
8368,182380.0,False,248.4,-37.2,-72.9
8369,182394.0,False,249.4,-38.400000000000006,-72.3
8370,182411.0,False,250.9,-39.6,-71.0
8371,182435.0,False,252.8,-40.6,-69.2
8372,182444.0,False,255.0,-41.400000000000006,-66.8
8373,182460.0,False,257.2,-41.7,-64.4
8374,182479.0,False,259.5,-41.400000000000006,-62.400000000000006
8375,182494.0,False,262.0,-40.6,-60.800000000000004
8376,182511.0,False,264.5,-39.400000000000006,-60.1
8377,182547.0,False,269.0,-36.6,-61.300000000000004
8378,182560.0,False,270.7,-35.2,-63.0
8379,182582.0,False,271.8,-33.800000000000004,-65.3
8380,182613.0,False,273.1,-31.5,-70.10000000000001
8381,182627.0,False,273.6,-30.6,-72.10000000000001
8382,182660.0,False,275.2,-29.0,-74.60000000000001
8383,182677.0,False,276.7,-28.200000000000003,-75.2
8384,182710.0,False,280.5,-26.8,-75.7
8385,182730.0,False,282.6,-26.1,-75.60000000000001
8386,182751.0,False,284.40000000000003,-25.5,-75.5
8387,182779.0,False,285.90000000000003,-24.900000000000002,-75.3
8388,182794.0,False,288.0,-23.8,-74.3
8389,182811.0,False,288.40000000000003,-23.3,-73.4
8390,182828.0,False,288.5,-22.8,-72.5
8391,182844.0,False,288.3,-22.3,-71.60000000000001
8392,182861.0,False,287.8,-22.200000000000003,-70.7
8393,182878.0,False,287.1,-22.3,-70.0
8394,182895.0,False,286.40000000000003,-22.900000000000002,-69.5
8395,182935.0,False,285.6,-24.900000000000002,-69.4
8396,182944.0,False,286.0,-26.200000000000003,-69.60000000000001
8397,182968.0,False,287.0,-27.6,-69.9
8398,182978.0,False,288.3,-29.1,-70.60000000000001
8399,182994.0,False,290.0,-30.700000000000003,-71.10000000000001
8400,183025.0,False,293.90000000000003,-34.6,-70.60000000000001
8401,183043.0,False,295.6,-36.5,-69.8
8402,183061.0,False,296.90000000000003,-38.400000000000006,-68.9
8403,183077.0,False,297.2,-40.2,-68.5
8404,183094.0,False,296.2,-42.0,-68.7
8405,183135.0,False,290.7,-45.2,-72.10000000000001
8406,183144.0,False,286.8,-46.2,-75.0
8407,183160.0,False,282.90000000000003,-46.6,-78.30000000000001
8408,183194.0,False,277.7,-46.0,-83.80000000000001
8409,183211.0,False,276.6,-45.300000000000004,-85.7
8410,183229.0,False,276.40000000000003,-44.300000000000004,-86.9
8411,183244.0,False,276.7,-43.1,-87.80000000000001
8412,183261.0,False,277.2,-41.800000000000004,-88.2
8413,183278.0,False,277.6,-40.300000000000004,-88.4
8414,183294.0,False,277.8,-38.900000000000006,-88.10000000000001
8415,183311.0,False,277.5,-37.4,-87.60000000000001
8416,183330.0,False,276.8,-36.0,-86.7
8417,183348.0,False,275.5,-34.7,-85.60000000000001
8418,183360.0,False,273.90000000000003,-33.5,-84.30000000000001
8419,183379.0,False,272.1,-32.5,-82.5
8420,183395.0,False,270.1,-32.0,-80.4
8421,183410.0,False,267.90000000000003,-31.900000000000002,-78.10000000000001
8422,183427.0,False,265.7,-32.300000000000004,-75.7
8423,183461.0,False,261.7,-33.9,-71.3
8424,183478.0,False,260.0,-35.0,-69.3
8425,183511.0,False,258.0,-37.7,-66.0
8426,183528.0,False,257.7,-39.2,-65.10000000000001
8427,183561.0,False,258.0,-42.300000000000004,-65.4
8428,183577.0,False,258.7,-43.800000000000004,-65.8
8429,183595.0,False,259.8,-45.2,-66.2
8430,183611.0,False,261.2,-46.400000000000006,-66.4
8431,183628.0,False,263.0,-47.400000000000006,-66.3
8432,183644.0,False,264.90000000000003,-48.2,-66.2
8433,183661.0,False,266.7,-48.800000000000004,-66.0
8434,183678.0,False,268.1,-49.5,-66.10000000000001
8435,183695.0,False,268.8,-50.2,-66.8
8436,183727.0,False,268.40000000000003,-50.6,-69.5
8437,183744.0,False,268.1,-50.1,-71.0
8438,183766.0,False,268.1,-49.1,-72.7
8439,183778.0,False,268.5,-47.6,-74.4
8440,183794.0,False,269.40000000000003,-45.800000000000004,-75.7
8441,183811.0,False,270.7,-44.0,-76.3
8442,183828.0,False,272.3,-42.400000000000006,-76.0
8443,183846.0,False,274.0,-41.1,-74.8
8444,183863.0,False,275.7,-39.800000000000004,-72.8
8445,183878.0,False,277.8,-38.400000000000006,-70.4
8446,183905.0,False,280.40000000000003,-36.4,-67.9
8447,183911.0,False,283.5,-34.1,-65.60000000000001
8448,183929.0,False,286.90000000000003,-31.200000000000003,-63.5
8449,183947.0,False,290.2,-28.1,-62.0
8450,183961.0,False,292.8,-24.700000000000003,-61.0
8451,183980.0,False,294.5,-21.3,-60.2
8452,183994.0,False,295.1,-17.900000000000002,-59.400000000000006
8453,184011.0,False,294.7,-14.4,-58.1
8454,184043.0,False,291.3,-6.800000000000001,-54.400000000000006
8455,184060.0,False,289.0,-2.8000000000000003,-51.900000000000006
8456,184078.0,False,286.6,1.3,-48.900000000000006
8457,184094.0,False,284.0,5.2,-45.6
8458,184111.0,False,281.3,8.9,-42.0
8459,184129.0,False,278.5,12.100000000000001,-38.1
8460,184144.0,False,275.7,15.0,-34.300000000000004
8461,184160.0,False,272.8,17.400000000000002,-30.5
8462,184180.0,False,270.0,19.5,-26.8
8463,184195.0,False,267.40000000000003,21.200000000000003,-23.3
8464,184211.0,False,265.1,22.5,-20.0
8465,184227.0,False,262.90000000000003,23.400000000000002,-17.1
8466,184261.0,False,259.1,24.200000000000003,-12.100000000000001
8467,184277.0,False,257.6,24.200000000000003,-10.4
8468,184311.0,False,255.3,23.6,-7.9
8469,184328.0,False,254.4,23.3,-7.1000000000000005
8470,184349.0,False,253.70000000000002,23.0,-6.800000000000001
8471,184361.0,False,253.3,22.900000000000002,-6.9
8472,184377.0,False,253.10000000000002,23.0,-7.4
8473,184416.0,False,252.60000000000002,23.5,-8.5
8474,184431.0,False,252.3,23.8,-8.700000000000001
8475,184443.0,False,252.0,23.900000000000002,-8.6
8476,184464.0,False,251.8,24.0,-8.5
8477,184478.0,False,251.5,24.1,-8.3
8478,184495.0,False,251.10000000000002,24.3,-8.0
8479,184527.0,False,250.5,24.6,-7.7
8480,184544.0,False,250.3,24.6,-7.7
8481,184577.0,False,249.9,24.400000000000002,-7.800000000000001
8482,184595.0,False,249.60000000000002,24.1,-7.9
8483,184611.0,False,249.10000000000002,23.8,-8.0
8484,184630.0,False,248.60000000000002,23.200000000000003,-8.0
8485,184644.0,False,248.10000000000002,22.6,-8.0
8486,184660.0,False,247.60000000000002,22.0,-7.800000000000001
8487,184678.0,False,247.3,21.400000000000002,-7.7
8488,184694.0,False,246.9,20.700000000000003,-7.6000000000000005
8489,184711.0,False,246.5,19.8,-7.7
8490,184730.0,False,246.10000000000002,18.8,-7.9
8491,184744.0,False,245.60000000000002,17.7,-8.3
8492,184777.0,False,244.60000000000002,15.4,-9.8
8493,184796.0,False,244.10000000000002,14.3,-10.600000000000001
8494,184810.0,False,243.8,13.3,-11.5
8495,184844.0,False,243.20000000000002,11.3,-13.3
8496,184860.0,False,242.9,10.100000000000001,-14.100000000000001
8497,184879.0,False,242.4,8.700000000000001,-14.700000000000001
8498,184894.0,False,241.8,7.0,-15.4
8499,184910.0,False,241.5,5.300000000000001,-16.3
8500,184927.0,False,241.5,3.7,-17.8
8501,184943.0,False,241.9,2.6,-19.700000000000003
8502,184960.0,False,242.60000000000002,2.0,-21.900000000000002
8503,184977.0,False,243.4,2.1,-24.0
8504,184996.0,False,244.4,2.8000000000000003,-25.8
8505,185011.0,False,245.70000000000002,4.3,-26.900000000000002
8506,185029.0,False,247.4,5.800000000000001,-28.5
8507,185044.0,False,249.4,7.1000000000000005,-31.400000000000002
8508,185061.0,False,251.0,8.5,-34.4
8509,185078.0,False,252.20000000000002,9.5,-36.7
8510,185111.0,False,252.8,9.1,-37.2
8511,185130.0,False,252.70000000000002,7.2,-35.7
8512,185144.0,False,252.5,4.9,-33.9
8513,185162.0,False,252.3,2.8000000000000003,-32.9
8514,185177.0,False,252.10000000000002,1.7000000000000002,-32.2
8515,185195.0,False,252.0,1.6,-31.6
8516,185215.0,False,252.10000000000002,1.9000000000000001,-31.200000000000003
8517,185227.0,False,252.4,2.1,-31.200000000000003
8518,185245.0,False,252.8,2.0,-31.3
8519,185261.0,False,253.0,1.3,-31.1
8520,185277.0,False,253.20000000000002,0.2,-30.5
8521,185297.0,False,253.3,-1.3,-29.5
8522,185311.0,False,253.5,-3.0,-28.200000000000003
8523,185329.0,False,253.60000000000002,-4.6000000000000005,-26.700000000000003
8524,185344.0,False,253.8,-5.800000000000001,-25.6
8525,185377.0,False,253.8,-7.0,-25.400000000000002
8526,185394.0,False,253.60000000000002,-7.2,-26.0
8527,185427.0,False,252.8,-8.0,-27.400000000000002
8528,185443.0,False,252.3,-8.9,-27.8
8529,185465.0,False,251.70000000000002,-10.100000000000001,-28.1
8530,185477.0,False,250.9,-11.200000000000001,-28.400000000000002
8531,185494.0,False,250.0,-12.3,-28.6
8532,185517.0,False,248.9,-13.3,-28.6
8533,185527.0,False,247.60000000000002,-14.4,-28.5
8534,185546.0,False,245.9,-15.5,-28.1
8535,185561.0,False,244.10000000000002,-16.400000000000002,-27.6
8536,185577.0,False,242.3,-17.1,-27.200000000000003
8537,185594.0,False,240.8,-17.3,-26.6
8538,185628.0,False,240.0,-17.1,-25.6
8539,185646.0,False,241.60000000000002,-14.700000000000001,-21.6
8540,185661.0,False,242.70000000000002,-12.700000000000001,-20.3
8541,185680.0,False,243.8,-10.700000000000001,-19.1
8542,185697.0,False,244.70000000000002,-9.0,-17.8
8543,185711.0,False,245.5,-7.5,-16.7
8544,185732.0,False,246.10000000000002,-6.1000000000000005,-15.700000000000001
8545,185744.0,False,246.4,-4.9,-14.600000000000001
8546,185761.0,False,246.4,-3.8000000000000003,-13.5
8547,185777.0,False,246.20000000000002,-2.9000000000000004,-12.4
8548,185794.0,False,245.8,-2.1,-11.3
8549,185811.0,False,245.10000000000002,-1.5,-10.4
8550,185832.0,False,244.10000000000002,-1.1,-9.5
8551,185844.0,False,242.9,-1.0,-8.700000000000001
8552,185863.0,False,241.4,-1.2000000000000002,-8.1
8553,185878.0,False,239.70000000000002,-1.9000000000000001,-7.6000000000000005
8554,185911.0,False,236.70000000000002,-4.800000000000001,-7.6000000000000005
8555,185934.0,False,235.20000000000002,-6.7,-7.7
8556,185960.0,False,232.8,-9.9,-7.6000000000000005
8557,185977.0,False,231.8,-11.0,-8.3
8558,186012.0,False,230.20000000000002,-12.600000000000001,-11.9
8559,186027.0,False,229.8,-13.4,-14.0
8560,186061.0,False,229.8,-16.2,-17.400000000000002
8561,186077.0,False,230.10000000000002,-18.0,-18.1
8562,186096.0,False,230.60000000000002,-19.400000000000002,-18.400000000000002
8563,186111.0,False,231.20000000000002,-20.0,-19.200000000000003
8564,186127.0,False,231.9,-20.0,-20.8
8565,186144.0,False,232.9,-19.6,-22.900000000000002
8566,186177.0,False,235.4,-19.5,-27.400000000000002
8567,186194.0,False,236.9,-19.8,-29.200000000000003
8568,186217.0,False,238.4,-20.1,-30.6
8569,186227.0,False,240.10000000000002,-20.1,-31.900000000000002
8570,186244.0,False,241.8,-19.700000000000003,-33.2
8571,186261.0,False,243.60000000000002,-19.0,-34.800000000000004
8572,186277.0,False,245.5,-18.0,-36.800000000000004
8573,186293.0,False,247.4,-16.900000000000002,-39.0
8574,186311.0,False,249.4,-15.700000000000001,-41.1
8575,186327.0,False,251.4,-14.4,-43.5
8576,186344.0,False,253.5,-13.0,-46.2
8577,186364.0,False,256.2,-11.3,-49.300000000000004
8578,186378.0,False,259.5,-9.8,-53.1
8579,186394.0,False,263.3,-8.700000000000001,-57.6
8580,186411.0,False,267.0,-8.200000000000001,-62.2
8581,186443.0,False,272.8,-8.3,-67.60000000000001
8582,186461.0,False,274.5,-8.4,-67.9
8583,186477.0,False,275.3,-8.5,-67.10000000000001
8584,186493.0,False,275.5,-8.5,-65.7
8585,186510.0,False,275.2,-8.5,-64.10000000000001
8586,186545.0,False,273.5,-8.700000000000001,-62.1
8587,186560.0,False,272.5,-8.9,-61.6
8588,186577.0,False,271.5,-9.200000000000001,-61.400000000000006
8589,186595.0,False,270.40000000000003,-9.5,-61.400000000000006
8590,186611.0,False,269.2,-9.9,-61.5
8591,186632.0,False,267.90000000000003,-10.700000000000001,-61.6
8592,186646.0,False,266.8,-11.8,-61.900000000000006
8593,186660.0,False,266.0,-13.100000000000001,-62.300000000000004
8594,186681.0,False,265.6,-14.600000000000001,-63.2
8595,186694.0,False,265.3,-16.2,-64.4
8596,186743.0,False,265.1,-20.3,-66.7
8597,186764.0,False,265.5,-25.5,-68.60000000000001
8598,186778.0,False,266.2,-28.0,-69.5
8599,186798.0,False,267.1,-30.1,-70.3
8600,186811.0,False,267.90000000000003,-31.900000000000002,-71.4
8601,186827.0,False,268.5,-33.300000000000004,-72.8
8602,186843.0,False,268.7,-34.4,-74.7
8603,186861.0,False,268.8,-35.2,-76.80000000000001
8604,186877.0,False,268.8,-35.6,-79.30000000000001
8605,186896.0,False,269.0,-35.7,-81.9
8606,186911.0,False,269.3,-35.5,-84.60000000000001
8607,186931.0,False,269.6,-35.0,-87.0
8608,186944.0,False,270.0,-34.300000000000004,-89.0
8609,186960.0,False,90.10000000000001,-146.4,89.7
8610,186981.0,False,89.9,-147.4,89.10000000000001
8611,186994.0,False,89.10000000000001,-148.4,89.2
8612,187027.0,False,266.2,-29.3,-88.60000000000001
8613,187049.0,False,264.2,-28.400000000000002,-86.80000000000001
8614,187061.0,False,261.90000000000003,-27.6,-84.80000000000001
8615,187077.0,False,259.5,-27.1,-82.80000000000001
8616,187094.0,False,256.90000000000003,-27.0,-81.2
8617,187130.0,False,252.5,-28.6,-78.9
8618,187143.0,False,250.9,-30.3,-78.5
8619,187177.0,False,249.20000000000002,-35.2,-79.10000000000001
8620,187194.0,False,249.3,-38.0,-80.30000000000001
8621,187211.0,False,250.0,-41.1,-82.10000000000001
8622,187228.0,False,251.5,-44.5,-84.2
8623,187244.0,False,253.9,-48.1,-86.2
8624,187260.0,False,257.40000000000003,-51.7,-87.2
8625,187294.0,False,268.40000000000003,-58.1,-84.80000000000001
8626,187317.0,False,275.6,-60.5,-81.10000000000001
8627,187344.0,False,287.0,-62.7,-73.8
8628,187377.0,False,289.2,-62.900000000000006,-72.10000000000001
8629,187395.0,False,287.90000000000003,-61.800000000000004,-72.60000000000001
8630,187430.0,False,285.6,-60.400000000000006,-74.2
8631,187444.0,False,280.1,-55.7,-79.10000000000001
8632,187460.0,False,277.5,-52.6,-82.0
8633,187494.0,False,272.8,-45.800000000000004,-87.2
8634,187516.0,False,270.8,-42.5,-89.2
8635,187543.0,False,88.9,-140.5,89.5
8636,187561.0,False,85.7,-144.9,89.4
8637,187594.0,False,264.5,-33.5,-89.7
8638,187611.0,False,264.0,-31.3,-86.4
8639,187630.0,False,264.8,-30.400000000000002,-84.4
8640,187662.0,False,267.90000000000003,-29.1,-80.7
8641,187677.0,False,269.90000000000003,-28.700000000000003,-79.2
8642,187711.0,False,273.8,-28.8,-77.10000000000001
8643,187733.0,False,275.3,-29.3,-76.7
8644,187766.0,False,277.0,-31.0,-77.2
8645,187777.0,False,277.3,-32.1,-77.9
8646,187795.0,False,277.2,-33.5,-78.80000000000001
8647,187827.0,False,276.7,-37.2,-79.80000000000001
8648,187844.0,False,276.40000000000003,-39.400000000000006,-80.0
8649,187877.0,False,276.7,-44.300000000000004,-78.9
8650,187894.0,False,277.6,-47.2,-77.4
8651,187932.0,False,280.5,-52.800000000000004,-73.4
8652,187944.0,False,281.90000000000003,-54.900000000000006,-71.7
8653,187978.0,False,280.90000000000003,-56.5,-71.2
8654,188001.0,False,276.6,-55.900000000000006,-72.8
8655,188028.0,False,262.2,-53.2,-76.2
8656,188045.0,False,254.10000000000002,-51.400000000000006,-76.7
8657,188060.0,False,246.4,-49.5,-76.4
8658,188093.0,False,233.9,-45.300000000000004,-74.8
8659,188132.0,False,226.3,-41.5,-73.5
8660,188144.0,False,223.8,-40.1,-73.0
8661,188163.0,False,222.0,-39.2,-72.60000000000001
8662,188195.0,False,218.70000000000002,-38.7,-72.10000000000001
8663,188211.0,False,217.20000000000002,-39.2,-72.10000000000001
8664,188244.0,False,215.0,-41.300000000000004,-72.8
8665,188261.0,False,214.3,-42.7,-73.7
8666,188294.0,False,214.70000000000002,-45.7,-75.9
8667,188316.0,False,215.60000000000002,-47.2,-77.10000000000001
8668,188327.0,False,216.4,-48.5,-78.30000000000001
8669,188361.0,False,217.0,-50.6,-80.80000000000001
8670,188378.0,False,216.70000000000002,-51.400000000000006,-82.0
8671,188410.0,False,215.10000000000002,-52.1,-84.0
8672,188427.0,False,214.20000000000002,-52.2,-84.4
8673,188460.0,False,213.10000000000002,-51.6,-82.7
8674,188477.0,False,213.0,-50.900000000000006,-81.10000000000001
8675,188497.0,False,213.3,-50.0,-79.30000000000001
8676,188510.0,False,214.10000000000002,-49.2,-77.60000000000001
8677,188527.0,False,215.10000000000002,-48.300000000000004,-76.2
8678,188564.0,False,217.9,-46.400000000000006,-74.60000000000001
8679,188577.0,False,219.9,-45.300000000000004,-74.4
8680,188610.0,False,225.70000000000002,-42.400000000000006,-75.10000000000001
8681,188629.0,False,229.10000000000002,-40.7,-76.3
8682,188647.0,False,232.5,-39.0,-78.0
8683,188677.0,False,238.9,-35.7,-81.80000000000001
8684,188712.0,False,241.9,-34.300000000000004,-83.60000000000001
8685,188727.0,False,247.10000000000002,-31.900000000000002,-86.2
8686,188748.0,False,249.5,-31.0,-87.0
8687,188763.0,False,251.8,-30.200000000000003,-87.4
8688,188778.0,False,254.0,-29.5,-87.30000000000001
8689,188794.0,False,256.2,-28.700000000000003,-86.9
8690,188815.0,False,258.40000000000003,-27.8,-86.10000000000001
8691,188827.0,False,260.5,-26.8,-85.10000000000001
8692,188849.0,False,262.40000000000003,-25.6,-83.9
8693,188877.0,False,265.6,-23.0,-81.5
8694,188894.0,False,266.8,-21.6,-80.5
8695,188916.0,False,267.7,-20.400000000000002,-79.60000000000001
8696,188944.0,False,268.5,-18.400000000000002,-78.2
8697,188960.0,False,268.8,-17.7,-77.60000000000001
8698,188998.0,False,269.0,-17.400000000000002,-76.80000000000001
8699,189011.0,False,269.1,-17.7,-76.4
8700,189045.0,False,269.6,-19.0,-75.7
8701,189063.0,False,270.0,-19.900000000000002,-75.5
8702,189077.0,False,270.6,-20.8,-75.3
8703,189094.0,False,271.2,-21.8,-75.10000000000001
8704,189128.0,False,271.7,-23.3,-74.8
8705,189144.0,False,271.6,-27.5,-73.8
8706,189160.0,False,270.8,-30.0,-73.4
8707,189178.0,False,269.6,-32.7,-73.3
8708,189218.0,False,266.5,-38.2,-74.4
8709,189227.0,False,264.7,-40.7,-75.8
8710,189250.0,False,262.8,-43.2,-77.7
8711,189260.0,False,261.2,-45.300000000000004,-80.0
8712,189277.0,False,259.90000000000003,-47.2,-82.2
8713,189310.0,False,259.40000000000003,-49.7,-85.30000000000001
8714,189327.0,False,260.0,-50.5,-86.0
8715,189360.0,False,261.0,-51.300000000000004,-85.80000000000001
8716,189377.0,False,260.7,-51.400000000000006,-85.30000000000001
8717,189398.0,False,259.7,-51.400000000000006,-84.4
8718,189411.0,False,258.2,-51.2,-83.4
8719,189429.0,False,256.2,-51.0,-82.2
8720,189460.0,False,253.8,-50.800000000000004,-80.9
8721,189480.0,False,248.10000000000002,-50.7,-78.7
8722,189494.0,False,245.0,-50.800000000000004,-77.9
8723,189532.0,False,238.9,-51.7,-77.2
8724,189560.0,False,236.10000000000002,-52.6,-77.4
8725,189577.0,False,231.9,-54.900000000000006,-78.4
8726,189594.0,False,230.60000000000002,-56.300000000000004,-79.10000000000001
8727,189628.0,False,229.9,-59.300000000000004,-80.60000000000001
8728,189643.0,False,230.70000000000002,-60.6,-81.10000000000001
8729,189682.0,False,234.8,-62.5,-80.7
8730,189693.0,False,237.9,-62.800000000000004,-79.7
8731,189727.0,False,241.5,-62.5,-77.9
8732,189744.0,False,247.5,-60.0,-73.10000000000001
8733,189783.0,False,249.8,-55.5,-68.4
8734,189794.0,False,250.3,-52.7,-66.4
8735,189816.0,False,250.5,-49.6,-65.10000000000001
8736,189844.0,False,250.60000000000002,-42.900000000000006,-65.2
8737,189877.0,False,250.70000000000002,-39.5,-66.60000000000001
8738,189894.0,False,251.10000000000002,-33.1,-70.3
8739,189915.0,False,251.5,-30.1,-71.8
8740,189945.0,False,252.60000000000002,-25.0,-73.10000000000001
8741,189960.0,False,253.3,-23.0,-72.8
8742,189994.0,False,254.20000000000002,-21.3,-72.0
8743,190011.0,False,256.40000000000003,-18.5,-69.9
8744,190031.0,False,257.7,-17.3,-68.9
8745,190060.0,False,260.7,-15.3,-67.60000000000001
8746,190094.0,False,262.2,-14.600000000000001,-67.3
8747,190111.0,False,265.5,-13.600000000000001,-67.60000000000001
8748,190127.0,False,267.2,-13.4,-68.3
8749,190145.0,False,269.0,-13.200000000000001,-69.3
8750,190160.0,False,270.8,-13.100000000000001,-70.7
8751,190181.0,False,272.5,-13.100000000000001,-72.2
8752,190213.0,False,275.3,-13.9,-74.60000000000001
8753,190236.0,False,276.0,-14.700000000000001,-75.4
8754,190260.0,False,276.3,-16.8,-76.60000000000001
8755,190282.0,False,276.0,-18.2,-77.2
8756,190294.0,False,275.7,-19.8,-77.80000000000001
8757,190320.0,False,275.40000000000003,-21.6,-78.5
8758,190339.0,False,275.2,-23.6,-79.10000000000001
8759,190348.0,False,275.3,-25.8,-79.30000000000001
8760,190376.0,False,277.1,-31.400000000000002,-78.4
8761,190396.0,False,278.3,-34.4,-77.5
8762,190415.0,False,279.1,-37.300000000000004,-77.0
8763,190427.0,False,278.90000000000003,-40.0,-77.0
8764,190444.0,False,277.7,-42.400000000000006,-77.7
8765,190477.0,False,272.90000000000003,-46.300000000000004,-80.0
8766,190493.0,False,270.1,-47.6,-81.2
8767,190514.0,False,267.40000000000003,-48.5,-82.10000000000001
8768,190527.0,False,265.0,-48.900000000000006,-82.7
8769,190543.0,False,262.90000000000003,-48.800000000000004,-83.0
8770,190560.0,False,261.1,-48.400000000000006,-83.0
8771,190596.0,False,258.1,-46.5,-82.5
8772,190627.0,False,256.5,-45.400000000000006,-82.10000000000001
8773,190643.0,False,253.0,-43.5,-81.0
8774,190661.0,False,250.9,-43.0,-80.10000000000001
8775,190694.0,False,246.0,-42.5,-77.9
8776,190710.0,False,243.4,-42.6,-77.0
8777,190732.0,False,240.70000000000002,-43.0,-76.2
8778,190744.0,False,238.0,-43.7,-75.8
8779,190760.0,False,235.3,-44.7,-75.8
8780,190795.0,False,229.60000000000002,-47.1,-77.80000000000001
8781,190814.0,False,226.60000000000002,-48.800000000000004,-79.60000000000001
8782,190828.0,False,223.8,-50.800000000000004,-81.4
8783,190860.0,False,221.20000000000002,-53.0,-82.80000000000001
8784,190877.0,False,219.70000000000002,-55.300000000000004,-83.0
8785,190894.0,False,220.10000000000002,-57.5,-81.10000000000001
8786,190919.0,False,228.10000000000002,-61.2,-70.60000000000001
8787,190944.0,False,234.60000000000002,-62.300000000000004,-63.1
8788,190960.0,False,248.70000000000002,-61.5,-48.1
8789,190977.0,False,254.3,-59.800000000000004,-43.0
8790,191015.0,False,260.0,-56.400000000000006,-40.800000000000004
8791,191032.0,False,260.1,-55.6,-42.900000000000006
8792,191044.0,False,258.5,-55.400000000000006,-46.7
8793,191060.0,False,255.3,-55.300000000000004,-51.800000000000004
8794,191077.0,False,251.4,-55.1,-57.6
8795,191096.0,False,247.5,-54.7,-63.5
8796,191117.0,False,244.60000000000002,-54.1,-68.5
8797,191134.0,False,243.3,-53.300000000000004,-72.2
8798,191160.0,False,243.60000000000002,-52.5,-74.8
8799,191177.0,False,248.20000000000002,-50.900000000000006,-77.5
8800,191194.0,False,251.5,-50.300000000000004,-78.30000000000001
8801,191212.0,False,254.70000000000002,-49.800000000000004,-78.7
8802,191231.0,False,257.6,-49.300000000000004,-78.9
8803,191252.0,False,260.0,-48.7,-78.80000000000001
8804,191261.0,False,261.90000000000003,-48.0,-78.60000000000001
8805,191276.0,False,263.1,-47.300000000000004,-78.5
8806,191294.0,False,263.8,-46.400000000000006,-78.4
8807,191313.0,False,264.0,-45.400000000000006,-78.5
8808,191327.0,False,263.7,-44.300000000000004,-78.7
8809,191343.0,False,263.1,-43.2,-78.9
8810,191365.0,False,262.2,-42.300000000000004,-79.0
8811,191393.0,False,260.6,-40.7,-78.2
8812,191427.0,False,260.2,-39.7,-77.5
8813,191443.0,False,261.1,-37.5,-75.5
8814,191460.0,False,262.1,-36.6,-74.0
8815,191496.0,False,264.3,-35.6,-70.4
8816,191514.0,False,265.2,-35.6,-68.4
8817,191551.0,False,266.40000000000003,-35.9,-64.9
8818,191560.0,False,266.8,-36.2,-63.900000000000006
8819,191594.0,False,267.6,-36.9,-63.800000000000004
8820,191617.0,False,268.1,-37.300000000000004,-64.5
8821,191628.0,False,268.6,-37.6,-65.7
8822,191663.0,False,270.2,-38.0,-68.4
8823,191677.0,False,271.0,-38.1,-69.7
8824,191697.0,False,271.8,-38.0,-70.9
8825,191713.0,False,272.3,-37.800000000000004,-71.8
8826,191744.0,False,272.5,-37.4,-72.4
8827,191762.0,False,271.7,-36.4,-72.4
8828,191777.0,False,270.7,-36.0,-71.8
8829,191796.0,False,269.3,-35.7,-70.9
8830,191813.0,False,267.6,-35.5,-69.8
8831,191844.0,False,263.6,-35.7,-67.3
8832,191860.0,False,261.40000000000003,-36.2,-66.2
8833,191877.0,False,259.2,-37.1,-65.4
8834,191899.0,False,257.1,-38.300000000000004,-65.0
8835,191937.0,False,253.5,-41.7,-65.4
8836,191945.0,False,252.20000000000002,-43.6,-66.4
8837,191976.0,False,250.5,-47.400000000000006,-69.3
8838,191994.0,False,249.9,-49.300000000000004,-71.0
8839,192013.0,False,249.60000000000002,-51.1,-72.2
8840,192027.0,False,249.60000000000002,-52.800000000000004,-72.8
8841,192043.0,False,250.10000000000002,-54.0,-72.4
8842,192079.0,False,252.70000000000002,-55.6,-68.8
8843,192093.0,False,253.60000000000002,-55.7,-66.7
8844,192112.0,False,253.8,-55.400000000000006,-65.4
8845,192133.0,False,253.10000000000002,-54.800000000000004,-64.9
8846,192147.0,False,252.0,-53.800000000000004,-65.3
8847,192177.0,False,248.9,-51.0,-68.4
8848,192193.0,False,247.20000000000002,-49.1,-71.0
8849,192215.0,False,245.60000000000002,-46.900000000000006,-73.9
8850,192244.0,False,242.9,-42.2,-78.9
8851,192261.0,False,241.9,-40.0,-80.5
8852,192296.0,False,241.10000000000002,-36.2,-81.5
8853,192311.0,False,241.3,-34.7,-80.9
8854,192331.0,False,241.8,-33.5,-79.80000000000001
8855,192343.0,False,242.70000000000002,-32.4,-78.4
8856,192377.0,False,243.9,-31.5,-76.80000000000001
8857,192398.0,False,247.0,-29.700000000000003,-73.8
8858,192413.0,False,248.8,-28.6,-72.7
8859,192435.0,False,250.70000000000002,-27.6,-72.10000000000001
8860,192444.0,False,252.5,-26.8,-71.8
8861,192462.0,False,254.20000000000002,-26.1,-71.8
8862,192477.0,False,255.70000000000002,-25.700000000000003,-72.0
8863,192514.0,False,257.8,-25.200000000000003,-73.2
8864,192531.0,False,258.5,-25.1,-73.8
8865,192562.0,False,259.40000000000003,-25.1,-74.60000000000001
8866,192577.0,False,259.6,-25.200000000000003,-74.60000000000001
8867,192613.0,False,259.2,-25.8,-74.0
8868,192644.0,False,258.7,-26.0,-73.60000000000001
8869,192677.0,False,257.6,-27.3,-71.4
8870,192696.0,False,257.2,-28.0,-70.8
8871,192711.0,False,256.8,-28.8,-70.3
8872,192736.0,False,256.2,-29.700000000000003,-70.10000000000001
8873,192748.0,False,255.5,-30.8,-70.0
8874,192778.0,False,254.0,-32.9,-70.8
8875,192798.0,False,253.4,-33.7,-71.60000000000001
8876,192829.0,False,253.0,-34.7,-73.9
8877,192843.0,False,253.10000000000002,-35.1,-74.9
8878,192877.0,False,253.5,-35.7,-76.3
8879,192898.0,False,253.5,-36.0,-76.80000000000001
8880,192932.0,False,253.10000000000002,-36.300000000000004,-77.5
8881,192945.0,False,252.8,-36.5,-77.7
8882,192977.0,False,251.70000000000002,-36.7,-77.60000000000001
8883,192994.0,False,250.9,-37.0,-77.5
8884,193012.0,False,249.9,-37.5,-77.30000000000001
8885,193029.0,False,248.60000000000002,-38.300000000000004,-77.10000000000001
8886,193048.0,False,247.20000000000002,-39.300000000000004,-76.9
8887,193076.0,False,245.70000000000002,-40.5,-76.80000000000001
8888,193096.0,False,242.70000000000002,-43.5,-76.80000000000001
8889,193133.0,False,240.10000000000002,-47.300000000000004,-77.5
8890,193145.0,False,239.0,-49.300000000000004,-78.10000000000001
8891,193178.0,False,237.60000000000002,-53.1,-79.60000000000001
8892,193194.0,False,237.60000000000002,-54.6,-80.0
8893,193212.0,False,238.4,-55.800000000000004,-79.7
8894,193230.0,False,239.9,-56.5,-78.9
8895,193244.0,False,242.0,-56.900000000000006,-77.5
8896,193268.0,False,244.3,-57.2,-75.8
8897,193277.0,False,246.4,-57.2,-74.2
8898,193311.0,False,249.0,-56.0,-72.60000000000001
8899,193331.0,False,250.0,-54.800000000000004,-72.60000000000001
8900,193361.0,False,251.70000000000002,-51.400000000000006,-74.8
8901,193380.0,False,252.5,-49.300000000000004,-77.0
8902,193410.0,False,253.9,-45.300000000000004,-82.4
8903,193429.0,False,254.4,-43.5,-84.7
8904,193448.0,False,254.70000000000002,-41.7,-86.5
8905,193460.0,False,255.0,-40.0,-87.60000000000001
8906,193477.0,False,255.60000000000002,-38.400000000000006,-88.2
8907,193510.0,False,257.3,-35.2,-88.2
8908,193529.0,False,258.6,-33.7,-87.80000000000001
8909,193560.0,False,260.1,-32.2,-87.30000000000001
8910,193577.0,False,263.3,-29.400000000000002,-85.9
8911,193594.0,False,264.8,-28.200000000000003,-85.2
8912,193634.0,False,266.8,-26.1,-83.7
8913,193660.0,False,267.3,-25.3,-83.0
8914,193676.0,False,267.6,-23.6,-82.30000000000001
8915,193696.0,False,267.5,-23.0,-82.2
8916,193713.0,False,267.40000000000003,-22.700000000000003,-82.2
8917,193726.0,False,267.3,-22.900000000000002,-82.30000000000001
8918,193744.0,False,267.1,-23.5,-82.4
8919,193761.0,False,267.0,-24.200000000000003,-82.60000000000001
8920,193777.0,False,267.1,-25.1,-82.9
8921,193794.0,False,267.5,-25.8,-83.30000000000001
8922,193832.0,False,268.6,-27.5,-83.7
8923,193844.0,False,269.0,-28.8,-83.30000000000001
8924,193878.0,False,269.1,-30.5,-82.60000000000001
8925,193894.0,False,268.0,-34.4,-80.5
8926,193912.0,False,267.0,-36.6,-79.30000000000001
8927,193929.0,False,266.0,-38.800000000000004,-78.2
8928,193943.0,False,264.8,-41.1,-77.4
8929,193961.0,False,263.7,-43.300000000000004,-77.10000000000001
8930,193984.0,False,262.5,-45.5,-77.4
8931,193994.0,False,261.3,-47.400000000000006,-78.4
8932,194013.0,False,260.3,-49.1,-79.9
8933,194029.0,False,259.8,-50.400000000000006,-81.5
8934,194045.0,False,259.90000000000003,-51.5,-83.0
8935,194060.0,False,260.3,-52.400000000000006,-84.30000000000001
8936,194094.0,False,261.6,-53.400000000000006,-85.5
8937,194110.0,False,262.0,-53.5,-85.60000000000001
8938,194129.0,False,262.0,-53.400000000000006,-85.4
8939,194161.0,False,260.8,-52.5,-84.5
8940,194177.0,False,259.90000000000003,-52.0,-83.7
8941,194210.0,False,257.2,-51.1,-81.30000000000001
8942,194228.0,False,255.5,-50.800000000000004,-80.0
8943,194261.0,False,252.10000000000002,-50.5,-77.60000000000001
8944,194277.0,False,250.60000000000002,-50.7,-76.5
8945,194296.0,False,249.3,-51.2,-75.7
8946,194311.0,False,248.3,-51.800000000000004,-75.10000000000001
8947,194333.0,False,247.60000000000002,-52.800000000000004,-75.0
8948,194345.0,False,247.3,-53.900000000000006,-75.4
8949,194360.0,False,247.4,-55.2,-76.10000000000001
8950,194379.0,False,248.0,-56.6,-77.10000000000001
8951,194394.0,False,249.3,-57.900000000000006,-78.0
8952,194431.0,False,254.60000000000002,-59.800000000000004,-78.7
8953,194462.0,False,258.7,-60.6,-78.0
8954,194478.0,False,267.1,-61.400000000000006,-75.3
8955,194496.0,False,270.2,-61.300000000000004,-74.10000000000001
8956,194533.0,False,273.1,-60.0,-73.5
8957,194544.0,False,273.3,-58.800000000000004,-74.60000000000001
8958,194577.0,False,272.2,-55.1,-79.7
8959,194594.0,False,271.3,-52.900000000000006,-83.4
8960,194629.0,False,89.80000000000001,-131.6,89.0
8961,194677.0,False,89.2,-135.70000000000002,83.30000000000001
8962,194694.0,False,90.4,-139.5,80.4
8963,194710.0,False,91.80000000000001,-141.20000000000002,79.9
8964,194732.0,False,93.5,-142.8,80.10000000000001
8965,194743.0,False,95.5,-144.3,80.9
8966,194763.0,False,97.30000000000001,-145.8,82.10000000000001
8967,194794.0,False,100.10000000000001,-148.6,85.80000000000001
8968,194811.0,False,100.80000000000001,-149.9,87.9
8969,194829.0,False,281.1,-29.0,-89.80000000000001
8970,194843.0,False,281.1,-28.0,-87.7
8971,194877.0,False,281.0,-27.1,-86.0
8972,194894.0,False,280.2,-26.200000000000003,-84.4
8973,194911.0,False,279.5,-26.200000000000003,-84.4
8974,194930.0,False,278.90000000000003,-26.400000000000002,-84.9
8975,194960.0,False,278.3,-26.900000000000002,-85.60000000000001
8976,194978.0,False,278.1,-28.8,-86.9
8977,195010.0,False,279.2,-31.0,-87.7
8978,195028.0,False,280.1,-32.4,-87.30000000000001
8979,195060.0,False,281.1,-35.5,-85.4
8980,195077.0,False,280.90000000000003,-37.1,-84.2
8981,195110.0,False,278.6,-40.300000000000004,-81.60000000000001
8982,195133.0,False,276.90000000000003,-42.0,-80.4
8983,195164.0,False,272.8,-45.5,-78.80000000000001
8984,195177.0,False,270.7,-47.1,-78.60000000000001
8985,195194.0,False,269.0,-48.6,-78.80000000000001
8986,195227.0,False,267.6,-50.800000000000004,-79.2
8987,195244.0,False,268.1,-51.6,-79.2
8988,195263.0,False,268.90000000000003,-52.2,-79.10000000000001
8989,195277.0,False,269.90000000000003,-52.6,-78.9
8990,195296.0,False,270.6,-52.800000000000004,-78.7
8991,195334.0,False,270.5,-52.6,-78.4
8992,195344.0,False,269.40000000000003,-52.2,-78.30000000000001
8993,195377.0,False,265.5,-51.400000000000006,-78.0
8994,195394.0,False,262.8,-51.2,-77.7
8995,195411.0,False,259.90000000000003,-51.1,-77.2
8996,195430.0,False,256.8,-51.400000000000006,-76.60000000000001
8997,195444.0,False,253.8,-51.800000000000004,-75.9
8998,195480.0,False,248.70000000000002,-53.400000000000006,-75.0
8999,195494.0,False,246.9,-54.5,-74.9
9000,195512.0,False,245.60000000000002,-55.7,-75.2
9001,195543.0,False,244.9,-58.1,-76.9
9002,195560.0,False,245.5,-59.300000000000004,-77.9
9003,195594.0,False,250.0,-61.7,-77.9
9004,195613.0,False,253.60000000000002,-62.400000000000006,-76.60000000000001
9005,195631.0,False,257.6,-62.800000000000004,-74.60000000000001
9006,195644.0,False,261.6,-62.900000000000006,-72.2
9007,195678.0,False,266.3,-62.6,-68.2
9008,195694.0,False,266.8,-62.2,-66.8
9009,195710.0,False,266.40000000000003,-61.6,-65.9
9010,195734.0,False,265.8,-60.6,-65.3
9011,195763.0,False,264.7,-57.6,-65.9
9012,195798.0,False,264.0,-53.400000000000006,-70.10000000000001
9013,195810.0,False,263.6,-51.1,-73.60000000000001
9014,195827.0,False,263.3,-48.800000000000004,-77.5
9015,195860.0,False,262.7,-44.7,-85.7
9016,195877.0,False,262.7,-42.900000000000006,-89.5
9017,195895.0,False,83.2,-138.70000000000002,87.2
9018,195913.0,False,84.2,-140.20000000000002,84.7
9019,195931.0,False,85.9,-141.5,83.10000000000001
9020,195960.0,False,90.5,-144.20000000000002,82.2
9021,195979.0,False,92.9,-145.70000000000002,82.60000000000001
9022,196010.0,False,97.2,-149.20000000000002,84.80000000000001
9023,196027.0,False,98.80000000000001,-151.1,86.7
9024,196043.0,False,99.9,-152.9,89.0
9025,196076.0,False,280.90000000000003,-23.700000000000003,-85.9
9026,196094.0,False,280.6,-22.3,-83.60000000000001
9027,196137.0,False,278.8,-20.3,-80.4
9028,196143.0,False,277.5,-19.8,-79.30000000000001
9029,196167.0,False,275.90000000000003,-19.8,-78.60000000000001
9030,196177.0,False,274.40000000000003,-20.1,-78.30000000000001
9031,196200.0,False,272.8,-20.400000000000002,-78.60000000000001
9032,196210.0,False,271.5,-20.8,-79.10000000000001
9033,196233.0,False,270.3,-21.6,-79.4
9034,196243.0,False,269.40000000000003,-22.8,-79.0
9035,196276.0,False,268.1,-26.8,-76.7
9036,196294.0,False,267.40000000000003,-29.400000000000002,-75.10000000000001
9037,196312.0,False,266.8,-32.300000000000004,-73.5
9038,196343.0,False,265.40000000000003,-38.5,-71.2
9039,196377.0,False,264.6,-41.6,-70.9
9040,196394.0,False,263.6,-47.400000000000006,-72.0
9041,196410.0,False,263.90000000000003,-49.900000000000006,-72.9
9042,196436.0,False,264.90000000000003,-52.2,-73.60000000000001
9043,196444.0,False,266.7,-54.2,-74.0
9044,196460.0,False,268.90000000000003,-55.900000000000006,-74.10000000000001
9045,196496.0,False,273.0,-57.800000000000004,-74.0
9046,196510.0,False,274.2,-58.2,-74.10000000000001
9047,196527.0,False,274.5,-58.300000000000004,-74.5
9048,196544.0,False,273.8,-58.1,-75.10000000000001
9049,196560.0,False,272.2,-57.7,-75.60000000000001
9050,196577.0,False,269.90000000000003,-57.400000000000006,-76.0
9051,196610.0,False,266.90000000000003,-56.900000000000006,-76.2
9052,196645.0,False,260.0,-56.7,-75.4
9053,196664.0,False,252.60000000000002,-57.6,-74.0
9054,196676.0,False,249.0,-58.5,-73.5
9055,196695.0,False,245.8,-59.5,-73.5
9056,196710.0,False,243.10000000000002,-60.7,-73.9
9057,196728.0,False,241.4,-61.900000000000006,-74.60000000000001
9058,196744.0,False,241.3,-63.2,-74.9
9059,196764.0,False,243.3,-64.60000000000001,-74.4
9060,196777.0,False,247.60000000000002,-65.60000000000001,-72.5
9061,196798.0,False,254.4,-66.2,-69.0
9062,196810.0,False,262.8,-66.2,-64.5
9063,196833.0,False,271.2,-65.8,-60.0
9064,196845.0,False,278.2,-65.0,-56.400000000000006
9065,196876.0,False,285.40000000000003,-63.400000000000006,-53.800000000000004
9066,196893.0,False,286.0,-62.5,-55.300000000000004
9067,196932.0,False,282.7,-59.800000000000004,-62.900000000000006
9068,196943.0,False,279.5,-57.900000000000006,-68.4
9069,196977.0,False,272.1,-53.2,-79.4
9070,196994.0,False,268.6,-50.5,-83.60000000000001
9071,197010.0,False,265.5,-47.800000000000004,-86.80000000000001
9072,197029.0,False,262.90000000000003,-45.1,-88.9
9073,197052.0,False,81.0,-137.3,89.80000000000001
9074,197060.0,False,79.60000000000001,-139.5,89.30000000000001
9075,197079.0,False,78.7,-141.3,89.4
9076,197094.0,False,258.3,-37.1,-90.0
9077,197126.0,False,258.5,-35.800000000000004,-89.0
9078,197147.0,False,260.1,-33.4,-86.60000000000001
9079,197160.0,False,261.3,-32.4,-85.60000000000001
9080,197194.0,False,264.0,-30.8,-84.5
9081,197212.0,False,265.3,-30.200000000000003,-84.9
9082,197244.0,False,266.40000000000003,-29.8,-85.9
9083,197260.0,False,267.3,-29.6,-87.4
9084,197277.0,False,268.0,-29.700000000000003,-89.30000000000001
9085,197294.0,False,89.5,-149.8,86.7
9086,197310.0,False,90.30000000000001,-149.5,85.10000000000001
9087,197351.0,False,92.5,-149.1,83.10000000000001
9088,197378.0,False,94.80000000000001,-148.8,84.10000000000001
9089,197410.0,False,95.4,-147.70000000000002,88.10000000000001
9090,197435.0,False,274.8,-33.0,-89.5
9091,197463.0,False,272.1,-35.6,-86.7
9092,197477.0,False,271.0,-37.6,-87.30000000000001
9093,197510.0,False,91.80000000000001,-138.1,87.4
9094,197528.0,False,94.30000000000001,-136.0,84.2
9095,197547.0,False,97.60000000000001,-134.0,81.4
9096,197560.0,False,101.0,-132.4,79.80000000000001
9097,197580.0,False,103.60000000000001,-131.4,79.10000000000001
9098,197617.0,False,104.80000000000001,-131.20000000000002,80.10000000000001
9099,197626.0,False,103.5,-131.70000000000002,81.60000000000001
9100,197643.0,False,101.10000000000001,-132.3,83.60000000000001
9101,197677.0,False,94.80000000000001,-133.20000000000002,88.7
9102,197694.0,False,271.5,-46.7,-88.60000000000001
9103,197727.0,False,266.0,-47.6,-84.2
9104,197747.0,False,264.0,-48.5,-82.7
9105,197778.0,False,261.3,-51.0,-81.2
9106,197794.0,False,260.40000000000003,-52.6,-80.9
9107,197831.0,False,258.8,-56.300000000000004,-81.0
9108,197844.0,False,258.1,-58.400000000000006,-81.30000000000001
9109,197877.0,False,257.1,-62.300000000000004,-82.10000000000001
9110,197896.0,False,257.2,-64.3,-82.2
9111,197910.0,False,258.2,-66.10000000000001,-81.7
9112,197927.0,False,260.3,-67.5,-80.2
9113,197949.0,False,263.8,-68.5,-77.30000000000001
9114,197977.0,False,268.2,-69.0,-73.4
9115,197994.0,False,275.5,-68.60000000000001,-65.5
9116,198010.0,False,277.3,-67.9,-62.6
9117,198049.0,False,278.40000000000003,-65.3,-59.900000000000006
9118,198060.0,False,277.6,-63.400000000000006,-60.7
9119,198095.0,False,273.90000000000003,-59.300000000000004,-67.2
9120,198110.0,False,271.5,-57.1,-72.10000000000001
9121,198142.0,False,267.0,-53.0,-82.30000000000001
9122,198171.0,False,265.40000000000003,-51.1,-86.5
9123,198194.0,False,83.9,-132.70000000000002,87.4
9124,198210.0,False,84.4,-134.4,85.7
9125,198243.0,False,85.5,-136.0,84.80000000000001
9126,198260.0,False,88.5,-139.3,85.80000000000001
9127,198278.0,False,89.80000000000001,-141.4,87.30000000000001
9128,198310.0,False,271.5,-33.4,-88.30000000000001
9129,198328.0,False,271.6,-30.5,-85.9
9130,198349.0,False,271.3,-27.3,-83.4
9131,198377.0,False,270.1,-19.200000000000003,-80.0
9132,198410.0,False,269.5,-10.8,-78.2
9133,198435.0,False,269.3,-7.800000000000001,-76.3
9134,198460.0,False,268.6,-2.9000000000000004,-70.4
9135,198476.0,False,268.3,-0.5,-67.10000000000001
9136,198496.0,False,268.0,1.7000000000000002,-63.800000000000004
9137,198527.0,False,267.1,4.4,-56.300000000000004
9138,198545.0,False,266.6,5.2,-52.6
9139,198579.0,False,266.1,6.1000000000000005,-49.2
9140,198593.0,False,265.7,7.2,-46.2
9141,198612.0,False,264.6,8.9,-40.400000000000006
9142,198628.0,False,264.0,9.4,-37.300000000000004
9143,198645.0,False,263.40000000000003,9.600000000000001,-34.6
9144,198661.0,False,262.90000000000003,9.9,-32.300000000000004
9145,198677.0,False,262.7,10.4,-30.6
9146,198693.0,False,262.5,10.9,-29.200000000000003
9147,198726.0,False,262.6,11.8,-26.8
9148,198744.0,False,262.6,11.9,-25.200000000000003
9149,198760.0,False,262.40000000000003,11.9,-23.6
9150,198794.0,False,261.8,12.700000000000001,-20.5
9151,198810.0,False,261.40000000000003,13.3,-19.0
9152,198835.0,False,260.90000000000003,13.9,-17.6
9153,198845.0,False,260.5,14.4,-16.1
9154,198877.0,False,260.1,14.700000000000001,-14.5
9155,198894.0,False,259.3,15.4,-11.600000000000001
9156,198910.0,False,258.90000000000003,15.8,-10.3
9157,198943.0,False,258.1,16.400000000000002,-8.1
9158,198964.0,False,257.8,16.6,-7.2
9159,198994.0,False,257.6,16.6,-6.6000000000000005
9160,199012.0,False,257.7,16.6,-6.800000000000001
9161,199030.0,False,257.8,16.6,-7.2
9162,199060.0,False,257.6,16.8,-8.1
9163,199076.0,False,257.5,16.6,-8.1
9164,199114.0,False,257.40000000000003,15.700000000000001,-7.6000000000000005
9165,199127.0,False,258.0,15.3,-7.800000000000001
9166,199146.0,False,258.90000000000003,15.3,-8.6
9167,199160.0,False,260.1,15.700000000000001,-9.8
9168,199178.0,False,261.40000000000003,16.3,-11.3
9169,199194.0,False,262.6,17.0,-12.600000000000001
9170,199210.0,False,263.7,17.6,-13.700000000000001
9171,199226.0,False,264.6,18.1,-14.8
9172,199248.0,False,265.1,18.400000000000002,-16.0
9173,199261.0,False,265.40000000000003,18.400000000000002,-17.400000000000002
9174,199284.0,False,265.40000000000003,18.3,-19.0
9175,199311.0,False,265.2,18.0,-20.6
9176,199328.0,False,264.40000000000003,16.900000000000002,-23.900000000000002
9177,199344.0,False,264.3,16.5,-25.3
9178,199364.0,False,264.1,16.7,-26.400000000000002
9179,199377.0,False,263.90000000000003,17.5,-27.5
9180,199398.0,False,263.6,18.0,-28.0
9181,199428.0,False,263.6,16.3,-27.0
9182,199446.0,False,264.1,14.9,-26.1
9183,199484.0,False,264.8,12.600000000000001,-24.6
9184,199494.0,False,264.7,11.9,-24.6
9185,199511.0,False,264.40000000000003,11.4,-24.900000000000002
9186,199527.0,False,264.2,10.700000000000001,-25.3
9187,199544.0,False,264.0,10.0,-25.8
9188,199577.0,False,263.7,9.0,-26.5
9189,199593.0,False,262.3,6.1000000000000005,-27.6
9190,199626.0,False,261.3,4.2,-28.1
9191,199643.0,False,259.2,0.2,-29.3
9192,199660.0,False,258.2,-1.9000000000000001,-30.1
9193,199694.0,False,255.5,-6.300000000000001,-32.1
9194,199711.0,False,253.8,-8.9,-33.4
9195,199729.0,False,252.0,-11.600000000000001,-35.2
9196,199744.0,False,250.5,-14.4,-37.300000000000004
9197,199760.0,False,249.3,-17.0,-39.2
9198,199793.0,False,247.10000000000002,-21.200000000000003,-42.6
9199,199812.0,False,245.9,-22.700000000000003,-44.2
9200,199843.0,False,243.0,-25.0,-47.300000000000004
9201,199863.0,False,241.5,-25.8,-48.900000000000006
9202,199878.0,False,240.10000000000002,-26.3,-50.400000000000006
9203,199900.0,False,239.0,-26.5,-51.5
9204,199910.0,False,238.20000000000002,-26.6,-52.1
9205,199927.0,False,237.70000000000002,-26.5,-52.300000000000004
9206,199960.0,False,236.60000000000002,-26.3,-52.0
9207,199977.0,False,235.8,-26.3,-51.7
9208,199997.0,False,234.70000000000002,-26.3,-51.300000000000004
9209,200010.0,False,233.5,-26.400000000000002,-51.0
9210,200028.0,False,232.20000000000002,-26.5,-50.6
9211,200045.0,False,230.8,-26.6,-50.2
9212,200064.0,False,229.10000000000002,-26.8,-49.900000000000006
9213,200076.0,False,227.4,-27.200000000000003,-50.0
9214,200099.0,False,225.8,-27.900000000000002,-50.2
9215,200110.0,False,224.5,-28.700000000000003,-50.7
9216,200131.0,False,223.3,-29.400000000000002,-51.5
9217,200143.0,False,222.5,-30.3,-52.5
9218,200176.0,False,222.5,-32.0,-55.6
9219,200193.0,False,223.20000000000002,-32.7,-57.300000000000004
9220,200214.0,False,224.0,-33.2,-59.1
9221,200226.0,False,224.9,-33.5,-60.6
9222,200244.0,False,225.8,-33.800000000000004,-61.7
9223,200260.0,False,226.60000000000002,-33.9,-62.800000000000004
9224,200276.0,False,227.20000000000002,-34.1,-64.0
9225,200295.0,False,227.60000000000002,-34.4,-65.7
9226,200326.0,False,229.0,-35.2,-70.10000000000001
9227,200344.0,False,230.70000000000002,-35.5,-72.5
9228,200362.0,False,233.20000000000002,-35.6,-74.5
9229,200377.0,False,236.70000000000002,-35.6,-76.4
9230,200393.0,False,241.20000000000002,-35.4,-78.10000000000001
9231,200410.0,False,246.5,-35.0,-79.5
9232,200444.0,False,258.2,-34.1,-81.9
9233,200462.0,False,263.8,-33.9,-83.0
9234,200497.0,False,273.3,-34.0,-84.5
9235,200510.0,False,277.0,-34.2,-84.9
9236,200550.0,False,282.6,-34.1,-85.10000000000001
9237,200577.0,False,285.0,-33.7,-84.9
9238,200594.0,False,289.3,-32.1,-84.0
9239,200611.0,False,290.90000000000003,-31.200000000000003,-83.4
9240,200626.0,False,291.90000000000003,-30.3,-82.60000000000001
9241,200645.0,False,292.3,-29.5,-81.5
9242,200660.0,False,292.2,-28.900000000000002,-80.10000000000001
9243,200677.0,False,291.7,-28.6,-78.80000000000001
9244,200710.0,False,290.7,-28.700000000000003,-77.30000000000001
9245,200739.0,False,291.1,-28.900000000000002,-77.7
9246,200746.0,False,292.2,-29.0,-78.7
9247,200762.0,False,293.90000000000003,-29.3,-79.9
9248,200777.0,False,295.6,-29.6,-81.30000000000001
9249,200810.0,False,298.1,-30.5,-83.30000000000001
9250,200832.0,False,298.40000000000003,-30.900000000000002,-83.60000000000001
9251,200848.0,False,298.2,-31.1,-83.60000000000001
9252,200859.0,False,297.40000000000003,-31.200000000000003,-83.2
9253,200878.0,False,296.2,-31.3,-82.2
9254,200910.0,False,292.7,-32.300000000000004,-78.80000000000001
9255,200929.0,False,290.40000000000003,-33.300000000000004,-77.0
9256,200960.0,False,288.0,-34.300000000000004,-75.5
9257,200977.0,False,283.0,-36.5,-73.4
9258,200993.0,False,280.6,-37.5,-72.7
9259,201032.0,False,274.8,-39.5,-73.2
9260,201044.0,False,271.0,-40.6,-74.8
9261,201062.0,False,266.7,-41.7,-77.10000000000001
9262,201077.0,False,262.40000000000003,-42.5,-80.0
9263,201094.0,False,258.5,-43.2,-82.9
9264,201135.0,False,252.9,-44.0,-88.0
9265,201143.0,False,251.4,-44.300000000000004,-89.9
9266,201161.0,False,70.3,-135.1,88.7
9267,201177.0,False,69.60000000000001,-134.20000000000002,87.5
9268,201202.0,False,69.0,-133.1,86.7
9269,201210.0,False,68.60000000000001,-132.0,86.30000000000001
9270,201246.0,False,68.8,-129.8,87.10000000000001
9271,201260.0,False,69.3,-128.70000000000002,88.0
9272,201294.0,False,69.8,-126.4,89.60000000000001
9273,201314.0,False,69.60000000000001,-125.0,90.0
9274,201344.0,False,67.9,-121.7,89.7
9275,201376.0,False,66.60000000000001,-119.7,88.80000000000001
9276,201393.0,False,63.0,-114.4,85.30000000000001
9277,201409.0,False,61.300000000000004,-111.4,83.2
9278,201429.0,False,61.2,-108.60000000000001,82.0
9279,201443.0,False,64.7,-106.10000000000001,83.60000000000001
9280,201460.0,False,73.2,-104.5,89.4
9281,201477.0,False,265.5,-75.9,-81.80000000000001
9282,201493.0,False,277.40000000000003,-75.2,-73.7
9283,201509.0,False,285.3,-73.8,-69.4
9284,201526.0,False,288.6,-72.4,-69.0
9285,201562.0,False,284.40000000000003,-69.3,-76.3
9286,201577.0,False,280.0,-67.3,-81.10000000000001
9287,201610.0,False,273.3,-61.800000000000004,-88.9
9288,201634.0,False,91.5,-121.5,88.2
9289,201660.0,False,89.60000000000001,-128.8,83.5
9290,201677.0,False,89.0,-132.4,81.9
9291,201710.0,False,88.5,-138.8,80.7
9292,201727.0,False,88.2,-141.6,80.9
9293,201743.0,False,88.10000000000001,-144.1,81.60000000000001
9294,201760.0,False,87.9,-146.3,82.60000000000001
9295,201776.0,False,87.80000000000001,-148.3,83.80000000000001
9296,201793.0,False,87.60000000000001,-150.20000000000002,85.10000000000001
9297,201829.0,False,87.7,-153.8,87.80000000000001
9298,201856.0,False,88.0,-155.4,89.2
9299,201876.0,False,268.6,-22.6,-88.7
9300,201893.0,False,269.0,-22.200000000000003,-87.9
9301,201911.0,False,269.5,-22.1,-87.4
9302,201927.0,False,270.1,-22.400000000000002,-87.10000000000001
9303,201943.0,False,270.90000000000003,-22.8,-87.0
9304,201961.0,False,271.90000000000003,-23.3,-87.10000000000001
9305,201976.0,False,273.0,-23.900000000000002,-87.10000000000001
9306,201993.0,False,274.3,-24.6,-87.0
9307,202009.0,False,275.40000000000003,-25.6,-86.7
9308,202026.0,False,276.3,-26.8,-86.10000000000001
9309,202044.0,False,276.90000000000003,-28.3,-85.2
9310,202061.0,False,277.1,-29.700000000000003,-84.4
9311,202079.0,False,277.0,-31.1,-83.4
9312,202093.0,False,276.8,-32.5,-82.10000000000001
9313,202126.0,False,276.3,-34.1,-80.9
9314,202146.0,False,274.7,-37.4,-78.5
9315,202160.0,False,273.7,-38.400000000000006,-77.7
9316,202193.0,False,272.8,-33.6,-75.5
9317,202210.0,False,272.90000000000003,-28.200000000000003,-73.2
9318,202232.0,False,272.7,-22.400000000000002,-69.3
9319,202243.0,False,271.7,-16.900000000000002,-63.6
9320,202260.0,False,269.6,-12.0,-56.800000000000004
9321,202278.0,False,267.0,-7.5,-49.900000000000006
9322,202297.0,False,264.40000000000003,-3.0,-43.7
9323,202310.0,False,262.1,1.5,-38.6
9324,202326.0,False,260.40000000000003,6.0,-34.300000000000004
9325,202360.0,False,258.90000000000003,14.100000000000001,-29.0
9326,202381.0,False,258.90000000000003,17.3,-28.200000000000003
9327,202410.0,False,258.8,21.900000000000002,-28.5
9328,202440.0,False,258.2,23.700000000000003,-28.200000000000003
9329,202460.0,False,255.9,26.200000000000003,-24.900000000000002
9330,202476.0,False,254.4,27.1,-22.5
9331,202511.0,False,251.5,28.3,-17.6
9332,202545.0,False,250.5,28.700000000000003,-15.8
9333,202560.0,False,249.5,29.3,-13.600000000000001
9334,202576.0,False,249.4,29.700000000000003,-13.3
9335,202594.0,False,249.4,30.0,-13.4
9336,202631.0,False,249.8,30.700000000000003,-14.600000000000001
9337,202644.0,False,250.10000000000002,31.0,-15.4
9338,202677.0,False,250.20000000000002,31.0,-15.9
9339,202699.0,False,250.0,30.700000000000003,-15.5
9340,202727.0,False,249.70000000000002,29.3,-14.4
9341,202747.0,False,249.8,28.6,-14.3
9342,202764.0,False,250.10000000000002,28.0,-14.5
9343,202777.0,False,250.4,27.400000000000002,-15.0
9344,202793.0,False,250.8,27.0,-15.3
9345,202811.0,False,251.3,26.900000000000002,-15.600000000000001
9346,202828.0,False,252.0,26.900000000000002,-16.1
9347,202844.0,False,252.60000000000002,26.900000000000002,-16.7
9348,202882.0,False,253.60000000000002,26.5,-18.2
9349,202894.0,False,253.8,26.1,-18.7
9350,202911.0,False,253.9,25.700000000000003,-19.0
9351,202931.0,False,253.9,25.400000000000002,-19.1
9352,202946.0,False,253.9,25.0,-19.0
9353,202960.0,False,253.9,24.8,-18.8
9354,202994.0,False,254.10000000000002,24.6,-18.7
9355,203014.0,False,254.3,24.6,-18.8
9356,203028.0,False,254.60000000000002,24.5,-18.900000000000002
9357,203046.0,False,254.9,24.400000000000002,-19.1
9358,203059.0,False,255.10000000000002,24.200000000000003,-19.400000000000002
9359,203078.0,False,255.4,24.0,-19.8
9360,203093.0,False,255.70000000000002,23.8,-20.400000000000002
9361,203109.0,False,256.1,23.400000000000002,-21.0
9362,203131.0,False,256.40000000000003,23.0,-21.6
9363,203159.0,False,256.5,22.0,-22.900000000000002
9364,203176.0,False,256.40000000000003,21.3,-23.400000000000002
9365,203210.0,False,255.70000000000002,19.8,-23.700000000000003
9366,203234.0,False,255.3,19.0,-23.8
9367,203259.0,False,254.5,17.400000000000002,-24.3
9368,203276.0,False,254.10000000000002,16.6,-24.8
9369,203295.0,False,253.60000000000002,15.700000000000001,-25.0
9370,203311.0,False,252.9,14.700000000000001,-24.8
9371,203331.0,False,252.20000000000002,13.700000000000001,-24.3
9372,203345.0,False,251.5,12.8,-23.700000000000003
9373,203361.0,False,251.0,12.3,-23.3
9374,203380.0,False,250.9,12.0,-23.200000000000003
9375,203410.0,False,251.3,11.9,-23.5
9376,203428.0,False,251.60000000000002,11.8,-23.700000000000003
9377,203460.0,False,251.9,11.700000000000001,-23.900000000000002
9378,203476.0,False,252.3,11.600000000000001,-24.3
9379,203494.0,False,252.3,11.600000000000001,-24.700000000000003
9380,203514.0,False,252.20000000000002,11.700000000000001,-25.1
9381,203531.0,False,252.10000000000002,11.8,-25.5
9382,203544.0,False,251.8,11.9,-25.700000000000003
9383,203577.0,False,251.0,11.700000000000001,-25.8
9384,203593.0,False,250.60000000000002,11.700000000000001,-25.700000000000003
9385,203633.0,False,249.60000000000002,11.700000000000001,-25.1
9386,203643.0,False,249.0,11.700000000000001,-25.0
9387,203663.0,False,248.10000000000002,11.600000000000001,-24.900000000000002
9388,203677.0,False,247.10000000000002,12.0,-25.0
9389,203693.0,False,245.9,12.9,-25.8
9390,203710.0,False,244.9,14.100000000000001,-27.0
9391,203730.0,False,244.5,15.600000000000001,-28.5
9392,203743.0,False,244.60000000000002,17.2,-29.700000000000003
9393,203761.0,False,244.70000000000002,19.200000000000003,-29.1
9394,203797.0,False,245.9,22.6,-26.400000000000002
9395,203810.0,False,247.0,23.0,-26.0
9396,203835.0,False,247.0,22.8,-24.3
9397,203845.0,False,246.5,21.900000000000002,-21.200000000000003
9398,203881.0,False,245.20000000000002,17.900000000000002,-13.600000000000001
9399,203894.0,False,245.4,15.8,-12.0
9400,203910.0,False,245.4,14.700000000000001,-11.100000000000001
9401,203943.0,False,245.0,15.5,-10.3
9402,203960.0,False,244.9,16.5,-10.600000000000001
9403,203979.0,False,245.0,17.3,-11.3
9404,204010.0,False,246.20000000000002,17.8,-13.200000000000001
9405,204027.0,False,247.10000000000002,17.7,-14.600000000000001
9406,204045.0,False,248.10000000000002,17.3,-15.9
9407,204064.0,False,249.0,16.7,-17.1
9408,204076.0,False,249.70000000000002,16.1,-18.2
9409,204110.0,False,250.70000000000002,14.9,-20.3
9410,204133.0,False,251.0,14.3,-21.3
9411,204149.0,False,251.3,13.600000000000001,-22.200000000000003
9412,204160.0,False,251.5,12.9,-23.1
9413,204186.0,False,251.9,12.200000000000001,-24.1
9414,204194.0,False,252.20000000000002,11.3,-25.0
9415,204211.0,False,252.20000000000002,10.200000000000001,-25.6
9416,204226.0,False,251.9,8.8,-26.0
9417,204262.0,False,251.3,7.0,-26.200000000000003
9418,204277.0,False,250.10000000000002,2.8000000000000003,-25.900000000000002
9419,204296.0,False,249.5,0.8,-26.1
9420,204326.0,False,248.3,-2.3000000000000003,-27.6
9421,204346.0,False,248.0,-3.4000000000000004,-28.8
9422,204378.0,False,247.60000000000002,-4.6000000000000005,-31.6
9423,204394.0,False,247.60000000000002,-5.1000000000000005,-33.0
9424,204427.0,False,248.0,-6.300000000000001,-35.800000000000004
9425,204444.0,False,247.9,-7.1000000000000005,-37.2
9426,204463.0,False,247.60000000000002,-8.0,-38.6
9427,204477.0,False,247.10000000000002,-9.0,-39.7
9428,204494.0,False,246.4,-9.8,-40.800000000000004
9429,204512.0,False,245.70000000000002,-10.4,-41.7
9430,204543.0,False,244.0,-10.4,-42.6
9431,204577.0,False,242.8,-9.8,-42.800000000000004
9432,204595.0,False,239.3,-8.3,-42.7
9433,204629.0,False,237.0,-7.6000000000000005,-42.6
9434,204644.0,False,232.20000000000002,-6.0,-41.400000000000006
9435,204660.0,False,229.9,-5.4,-40.0
9436,204680.0,False,227.8,-4.800000000000001,-38.2
9437,204694.0,False,225.8,-4.4,-36.2
9438,204714.0,False,223.9,-3.9000000000000004,-34.2
9439,204727.0,False,222.20000000000002,-3.4000000000000004,-32.2
9440,204743.0,False,220.60000000000002,-3.0,-30.5
9441,204769.0,False,219.0,-2.6,-29.0
9442,204794.0,False,217.5,-2.4000000000000004,-27.700000000000003
9443,204810.0,False,214.60000000000002,-2.6,-25.200000000000003
9444,204831.0,False,213.10000000000002,-3.2,-23.900000000000002
9445,204860.0,False,210.4,-4.9,-22.700000000000003
9446,204877.0,False,209.3,-5.7,-22.8
9447,204910.0,False,207.9,-6.9,-23.1
9448,204933.0,False,207.70000000000002,-7.6000000000000005,-22.8
9449,204945.0,False,207.9,-8.1,-22.700000000000003
9450,204960.0,False,208.3,-8.6,-22.900000000000002
9451,204976.0,False,208.9,-9.200000000000001,-22.700000000000003
9452,204994.0,False,209.60000000000002,-10.0,-21.900000000000002
9453,205011.0,False,210.4,-11.200000000000001,-20.6
9454,205029.0,False,211.4,-12.600000000000001,-19.0
9455,205043.0,False,212.4,-13.9,-17.8
9456,205084.0,False,215.4,-15.4,-18.1
9457,205094.0,False,217.60000000000002,-15.200000000000001,-18.900000000000002
9458,205129.0,False,223.0,-13.600000000000001,-20.200000000000003
9459,205144.0,False,225.70000000000002,-12.8,-20.6
9460,205179.0,False,230.4,-11.600000000000001,-21.3
9461,205193.0,False,232.0,-11.3,-21.900000000000002
9462,205226.0,False,233.9,-10.8,-23.900000000000002
9463,205243.0,False,234.60000000000002,-10.5,-24.900000000000002
9464,205260.0,False,235.20000000000002,-10.200000000000001,-25.700000000000003
9465,205279.0,False,235.60000000000002,-10.100000000000001,-26.3
9466,205293.0,False,235.9,-10.100000000000001,-26.6
9467,205314.0,False,236.20000000000002,-10.3,-26.6
9468,205327.0,False,236.60000000000002,-10.5,-26.5
9469,205354.0,False,237.0,-10.700000000000001,-26.200000000000003
9470,205377.0,False,237.5,-10.9,-25.900000000000002
9471,205393.0,False,238.8,-11.4,-25.400000000000002
9472,205410.0,False,239.5,-11.5,-25.400000000000002
9473,205433.0,False,240.10000000000002,-11.600000000000001,-25.5
9474,205443.0,False,240.8,-11.700000000000001,-25.8
9475,205463.0,False,241.3,-11.9,-26.0
9476,205503.0,False,242.20000000000002,-12.600000000000001,-26.5
9477,205510.0,False,242.4,-13.0,-26.700000000000003
9478,205549.0,False,242.20000000000002,-13.9,-27.1
9479,205559.0,False,242.10000000000002,-14.3,-27.400000000000002
9480,205578.0,False,242.20000000000002,-14.600000000000001,-27.700000000000003
9481,205593.0,False,242.4,-14.8,-28.0
9482,205611.0,False,242.70000000000002,-15.100000000000001,-28.3
9483,205626.0,False,243.3,-15.4,-28.6
9484,205659.0,False,244.4,-15.8,-29.6
9485,205677.0,False,244.8,-15.8,-30.5
9486,205710.0,False,245.20000000000002,-15.5,-32.300000000000004
9487,205728.0,False,245.0,-15.200000000000001,-33.300000000000004
9488,205760.0,False,243.70000000000002,-14.4,-35.0
9489,205776.0,False,242.8,-14.0,-35.6
9490,205800.0,False,241.70000000000002,-13.600000000000001,-35.800000000000004
9491,205810.0,False,240.60000000000002,-13.200000000000001,-35.800000000000004
9492,205826.0,False,239.5,-12.8,-35.4
9493,205843.0,False,238.3,-12.5,-34.9
9494,205860.0,False,236.9,-12.100000000000001,-34.2
9495,205877.0,False,235.4,-11.8,-33.5
9496,205896.0,False,233.70000000000002,-11.600000000000001,-32.6
9497,205927.0,False,229.10000000000002,-11.100000000000001,-30.200000000000003
9498,205943.0,False,226.20000000000002,-10.9,-28.900000000000002
9499,205976.0,False,220.10000000000002,-10.8,-25.900000000000002
9500,205993.0,False,217.10000000000002,-11.0,-24.5
9501,206015.0,False,214.3,-11.4,-23.400000000000002
9502,206027.0,False,211.60000000000002,-11.700000000000001,-22.5
9503,206043.0,False,209.3,-12.100000000000001,-21.8
9504,206060.0,False,207.4,-12.4,-21.5
9505,206076.0,False,205.9,-12.700000000000001,-21.6
9506,206093.0,False,204.9,-12.8,-22.1
9507,206128.0,False,203.9,-13.4,-24.0
9508,206144.0,False,204.0,-13.700000000000001,-25.400000000000002
9509,206159.0,False,204.3,-14.0,-26.8
9510,206193.0,False,206.3,-14.4,-29.5
9511,206210.0,False,207.9,-14.8,-30.8
9512,206243.0,False,212.3,-15.8,-32.5
9513,206260.0,False,214.3,-14.9,-34.1
9514,206278.0,False,216.8,-13.4,-35.7
9515,206293.0,False,219.20000000000002,-12.3,-36.5
9516,206310.0,False,221.60000000000002,-12.100000000000001,-36.6
9517,206327.0,False,223.5,-12.4,-36.1
9518,206343.0,False,224.70000000000002,-12.700000000000001,-35.5
9519,206360.0,False,225.5,-12.700000000000001,-35.1
9520,206393.0,False,227.0,-12.0,-35.0
9521,206409.0,False,227.8,-11.5,-35.0
9522,206426.0,False,228.70000000000002,-11.100000000000001,-34.9
9523,206445.0,False,229.70000000000002,-10.8,-34.6
9524,206459.0,False,230.5,-10.700000000000001,-34.1
9525,206493.0,False,231.10000000000002,-10.700000000000001,-33.6
9526,206509.0,False,232.0,-10.9,-32.7
9527,206527.0,False,232.3,-11.0,-32.7
9528,206560.0,False,233.20000000000002,-11.3,-32.4
9529,206576.0,False,233.8,-11.5,-32.2
9530,206609.0,False,234.9,-11.8,-32.1
9531,206627.0,False,235.5,-11.9,-32.5
9532,206659.0,False,236.20000000000002,-12.0,-33.5
9533,206680.0,False,236.5,-12.100000000000001,-33.800000000000004
9534,206695.0,False,236.70000000000002,-12.3,-33.7
9535,206727.0,False,236.60000000000002,-13.0,-33.2
9536,206745.0,False,236.20000000000002,-13.4,-33.300000000000004
9537,206776.0,False,234.9,-14.5,-33.800000000000004
9538,206793.0,False,234.3,-15.200000000000001,-34.2
9539,206815.0,False,233.60000000000002,-15.8,-34.7
9540,206828.0,False,233.0,-16.5,-35.1
9541,206844.0,False,232.20000000000002,-17.2,-35.5
9542,206862.0,False,231.20000000000002,-17.900000000000002,-36.2
9543,206877.0,False,230.3,-18.6,-37.1
9544,206894.0,False,229.4,-19.200000000000003,-38.300000000000004
9545,206910.0,False,228.60000000000002,-19.5,-39.7
9546,206928.0,False,228.10000000000002,-19.700000000000003,-41.300000000000004
9547,206943.0,False,227.60000000000002,-19.700000000000003,-43.0
9548,206959.0,False,227.4,-19.6,-44.5
9549,206993.0,False,227.9,-19.3,-46.400000000000006
9550,207010.0,False,228.5,-19.1,-46.7
9551,207028.0,False,229.3,-18.7,-46.6
9552,207043.0,False,230.0,-18.3,-46.2
9553,207059.0,False,230.60000000000002,-17.900000000000002,-45.6
9554,207079.0,False,231.10000000000002,-17.400000000000002,-45.1
9555,207093.0,False,231.60000000000002,-16.8,-44.7
9556,207111.0,False,231.9,-16.3,-44.6
9557,207144.0,False,231.8,-15.600000000000001,-45.400000000000006
9558,207159.0,False,231.60000000000002,-15.5,-46.1
9559,207179.0,False,231.3,-15.700000000000001,-46.800000000000004
9560,207193.0,False,230.9,-16.1,-47.300000000000004
9561,207210.0,False,230.4,-16.7,-47.800000000000004
9562,207226.0,False,230.0,-17.2,-48.2
9563,207249.0,False,229.8,-17.5,-48.800000000000004
9564,207260.0,False,229.60000000000002,-17.6,-49.5
9565,207277.0,False,229.5,-17.7,-50.400000000000006
9566,207318.0,False,229.4,-18.0,-52.1
9567,207342.0,False,229.4,-18.1,-52.800000000000004
9568,207361.0,False,229.9,-18.3,-53.300000000000004
9569,207376.0,False,230.70000000000002,-18.5,-53.400000000000006
9570,207412.0,False,233.8,-18.7,-53.0
9571,207426.0,False,235.9,-18.5,-52.6
9572,207443.0,False,238.10000000000002,-18.2,-52.2
9573,207462.0,False,240.4,-17.6,-51.7
9574,207476.0,False,242.70000000000002,-16.8,-51.2
9575,207494.0,False,244.8,-15.8,-50.800000000000004
9576,207511.0,False,246.60000000000002,-14.700000000000001,-50.400000000000006
9577,207526.0,False,248.10000000000002,-13.4,-49.900000000000006
9578,207543.0,False,249.20000000000002,-12.200000000000001,-49.400000000000006
9579,207578.0,False,250.5,-9.8,-47.5
9580,207593.0,False,250.9,-8.700000000000001,-46.2
9581,207627.0,False,251.60000000000002,-6.4,-43.2
9582,207644.0,False,252.10000000000002,-5.300000000000001,-41.800000000000004
9583,207676.0,False,253.20000000000002,-3.4000000000000004,-39.0
9584,207698.0,False,253.70000000000002,-2.5,-37.800000000000004
9585,207729.0,False,254.8,-0.30000000000000004,-35.6
9586,207743.0,False,255.4,0.8,-34.5
9587,207760.0,False,256.0,2.0,-33.300000000000004
9588,207777.0,False,256.6,3.2,-32.1
9589,207793.0,False,257.2,4.5,-30.900000000000002
9590,207810.0,False,257.8,5.800000000000001,-29.8
9591,207853.0,False,258.6,8.200000000000001,-27.5
9592,207877.0,False,258.7,9.200000000000001,-26.200000000000003
9593,207893.0,False,258.7,10.8,-23.900000000000002
9594,207910.0,False,258.7,11.600000000000001,-22.900000000000002
9595,207945.0,False,258.7,12.700000000000001,-21.3
9596,207959.0,False,258.6,12.9,-20.5
9597,207977.0,False,258.5,12.9,-19.8
9598,207993.0,False,258.6,13.0,-19.400000000000002
9599,208011.0,False,258.8,13.200000000000001,-19.200000000000003
9600,208031.0,False,259.2,13.5,-19.200000000000003
9601,208043.0,False,259.6,13.8,-19.5
9602,208060.0,False,260.1,14.0,-19.8
9603,208078.0,False,260.7,14.100000000000001,-20.400000000000002
9604,208112.0,False,261.6,14.4,-21.6
9605,208127.0,False,262.1,14.600000000000001,-22.200000000000003
9606,208160.0,False,262.90000000000003,15.3,-22.6
9607,208178.0,False,263.3,15.600000000000001,-22.6
9608,208211.0,False,263.8,16.2,-22.3
9609,208227.0,False,264.0,16.5,-22.200000000000003
9610,208254.0,False,264.3,16.900000000000002,-22.0
9611,208277.0,False,264.40000000000003,17.1,-21.8
9612,208310.0,False,264.1,17.0,-21.0
9613,208329.0,False,263.7,16.8,-20.3
9614,208360.0,False,263.2,16.5,-19.5
9615,208376.0,False,262.40000000000003,16.1,-17.8
9616,208394.0,False,262.2,15.9,-16.900000000000002
9617,208426.0,False,262.1,15.5,-14.5
9618,208479.0,False,263.90000000000003,15.5,-12.200000000000001
9619,208493.0,False,264.5,15.4,-11.8
9620,208513.0,False,264.90000000000003,15.100000000000001,-11.200000000000001
9621,208526.0,False,265.1,14.5,-10.5
9622,208543.0,False,265.2,13.8,-9.8
9623,208560.0,False,265.1,13.200000000000001,-9.1
9624,208576.0,False,265.1,12.5,-8.5
9625,208593.0,False,265.1,11.8,-8.4
9626,208626.0,False,265.2,11.3,-8.5
9627,208643.0,False,265.90000000000003,10.700000000000001,-8.9
9628,208659.0,False,266.3,10.600000000000001,-8.9
9629,208693.0,False,266.90000000000003,10.200000000000001,-8.6
9630,208711.0,False,267.1,10.0,-8.5
9631,208746.0,False,267.0,9.4,-8.700000000000001
9632,208777.0,False,266.7,9.1,-8.9
9633,208794.0,False,265.7,8.8,-9.3
9634,208814.0,False,265.2,8.700000000000001,-9.700000000000001
9635,208828.0,False,264.7,8.700000000000001,-9.9
9636,208846.0,False,264.1,8.6,-10.200000000000001
9637,208861.0,False,263.5,8.6,-10.5
9638,208893.0,False,263.2,8.6,-11.100000000000001
9639,208910.0,False,262.8,8.9,-12.9
9640,208929.0,False,262.8,9.4,-13.9
9641,208960.0,False,263.7,10.600000000000001,-15.9
9642,208978.0,False,264.5,11.3,-16.8
9643,209013.0,False,265.8,12.5,-18.400000000000002
9644,209026.0,False,266.0,12.9,-18.8
9645,209046.0,False,265.90000000000003,13.100000000000001,-19.0
9646,209060.0,False,265.5,13.100000000000001,-18.900000000000002
9647,209076.0,False,265.0,13.0,-18.7
9648,209093.0,False,264.5,13.0,-18.400000000000002
9649,209109.0,False,263.90000000000003,13.0,-17.900000000000002
9650,209127.0,False,263.2,12.9,-17.5
9651,209160.0,False,261.40000000000003,12.200000000000001,-16.3
9652,209177.0,False,260.5,11.9,-15.5
9653,209193.0,False,259.6,11.9,-14.3
9654,209219.0,False,258.8,11.8,-13.200000000000001
9655,209227.0,False,257.8,11.700000000000001,-12.200000000000001
9656,209243.0,False,256.8,11.5,-11.200000000000001
9657,209261.0,False,255.8,11.5,-10.0
9658,209276.0,False,255.10000000000002,11.8,-9.200000000000001
9659,209293.0,False,254.70000000000002,12.200000000000001,-8.9
9660,209311.0,False,254.3,12.600000000000001,-8.6
9661,209326.0,False,253.9,12.9,-8.200000000000001
9662,209345.0,False,253.5,13.3,-7.6000000000000005
9663,209376.0,False,252.8,14.4,-6.7
9664,209396.0,False,252.60000000000002,15.100000000000001,-6.6000000000000005
9665,209410.0,False,252.5,15.8,-6.6000000000000005
9666,209426.0,False,252.5,16.400000000000002,-6.7
9667,209443.0,False,252.60000000000002,16.900000000000002,-6.7
9668,209460.0,False,252.70000000000002,17.3,-6.6000000000000005
9669,209493.0,False,253.10000000000002,18.5,-5.9
9670,209509.0,False,253.20000000000002,19.0,-5.5
9671,209543.0,False,252.5,19.3,-4.0
9672,209560.0,False,252.20000000000002,19.1,-3.0
9673,209578.0,False,252.0,18.7,-1.9000000000000001
9674,209593.0,False,252.0,18.1,-0.9
9675,209630.0,False,252.60000000000002,17.3,-0.2
9676,209643.0,False,253.4,17.5,-1.1
9677,209661.0,False,254.3,18.1,-2.7
9678,209693.0,False,256.0,19.8,-6.4
9679,209710.0,False,256.7,20.5,-7.9
9680,209728.0,False,257.40000000000003,20.900000000000002,-8.9
9681,209759.0,False,258.90000000000003,20.200000000000003,-10.0
9682,209776.0,False,259.8,19.6,-11.0
9683,209810.0,False,261.1,18.5,-13.9
9684,209826.0,False,261.6,18.400000000000002,-14.8
9685,209859.0,False,262.8,18.900000000000002,-15.100000000000001
9686,209877.0,False,263.90000000000003,19.400000000000002,-15.4
9687,209911.0,False,266.2,20.200000000000003,-16.2
9688,209927.0,False,267.3,20.1,-16.6
9689,209960.0,False,269.0,19.400000000000002,-17.900000000000002
9690,209976.0,False,269.2,18.900000000000002,-18.400000000000002
9691,209997.0,False,268.7,18.2,-18.7
9692,210027.0,False,268.0,16.3,-18.6
9693,210042.0,False,267.90000000000003,15.4,-17.6
9694,210076.0,False,267.6,13.8,-15.9
9695,210097.0,False,267.6,13.200000000000001,-15.3
9696,210126.0,False,267.90000000000003,12.600000000000001,-15.100000000000001
9697,210144.0,False,268.1,12.9,-15.4
9698,210161.0,False,268.1,13.4,-15.8
9699,210179.0,False,268.0,13.9,-16.400000000000002
9700,210193.0,False,267.90000000000003,14.5,-16.900000000000002
9701,210216.0,False,267.6,14.9,-17.2
9702,210226.0,False,267.3,15.200000000000001,-17.2
9703,210249.0,False,267.1,15.5,-17.1
9704,210259.0,False,267.0,15.700000000000001,-16.8
9705,210294.0,False,267.0,15.9,-16.0
9706,210310.0,False,267.3,16.0,-15.600000000000001
9707,210331.0,False,267.7,16.2,-15.4
9708,210342.0,False,268.1,16.3,-15.3
9709,210379.0,False,268.1,16.8,-15.200000000000001
9710,210392.0,False,267.90000000000003,16.8,-14.9
9711,210409.0,False,267.6,16.7,-14.700000000000001
9712,210442.0,False,266.6,16.400000000000002,-14.600000000000001
9713,210459.0,False,266.1,16.400000000000002,-14.600000000000001
9714,210476.0,False,265.6,16.400000000000002,-14.5
9715,210495.0,False,265.1,16.5,-14.5
9716,210509.0,False,264.8,16.8,-14.4
9717,210526.0,False,264.6,17.1,-14.3
9718,210561.0,False,264.3,17.5,-13.600000000000001
9719,210576.0,False,264.3,17.6,-13.5
9720,210611.0,False,265.0,17.0,-14.200000000000001
9721,210626.0,False,265.8,15.8,-15.5
9722,210659.0,False,267.7,11.200000000000001,-20.5
9723,210676.0,False,268.40000000000003,8.200000000000001,-22.3
9724,210709.0,False,269.7,3.8000000000000003,-23.5
9725,210726.0,False,270.5,3.2,-23.8
9726,210759.0,False,272.5,4.5,-25.3
9727,210776.0,False,273.5,5.5,-26.0
9728,210792.0,False,274.2,6.4,-26.5
9729,210809.0,False,274.90000000000003,7.0,-27.0
9730,210826.0,False,275.40000000000003,7.5,-27.6
9731,210843.0,False,276.0,7.7,-28.0
9732,210876.0,False,277.2,8.1,-28.3
9733,210892.0,False,277.8,8.3,-28.3
9734,210926.0,False,278.5,9.1,-27.900000000000002
9735,210942.0,False,278.90000000000003,9.5,-27.5
9736,210961.0,False,279.3,9.8,-27.0
9737,210976.0,False,279.8,9.9,-26.5
9738,211010.0,False,280.7,9.1,-25.8
9739,211026.0,False,281.0,8.3,-25.400000000000002
9740,211044.0,False,281.2,7.5,-25.3
9741,211060.0,False,281.3,6.800000000000001,-25.400000000000002
9742,211076.0,False,281.5,6.0,-25.700000000000003
9743,211095.0,False,281.6,5.4,-26.1
9744,211128.0,False,281.8,4.9,-26.3
9745,211143.0,False,282.1,4.4,-26.3
9746,211159.0,False,282.40000000000003,4.4,-26.200000000000003
9747,211193.0,False,283.1,5.1000000000000005,-25.700000000000003
9748,211209.0,False,283.5,5.6000000000000005,-25.200000000000003
9749,211245.0,False,284.40000000000003,6.800000000000001,-24.1
9750,211259.0,False,284.90000000000003,7.7,-23.8
9751,211293.0,False,285.3,9.600000000000001,-22.900000000000002
9752,211310.0,False,285.0,10.8,-21.6
9753,211342.0,False,284.3,13.9,-19.200000000000003
9754,211360.0,False,284.1,15.700000000000001,-18.6
9755,211393.0,False,283.8,17.5,-18.1
9756,211409.0,False,282.0,19.900000000000002,-16.7
9757,211442.0,False,280.8,20.400000000000002,-15.600000000000001
9758,211459.0,False,278.5,21.1,-13.3
9759,211476.0,False,277.8,21.5,-12.3
9760,211493.0,False,277.3,22.200000000000003,-11.200000000000001
9761,211512.0,False,277.0,23.0,-10.100000000000001
9762,211526.0,False,276.8,23.900000000000002,-9.3
9763,211561.0,False,276.6,24.8,-8.200000000000001
9764,211576.0,False,276.5,24.700000000000003,-7.7
9765,211592.0,False,276.5,24.5,-7.6000000000000005
9766,211610.0,False,276.6,24.3,-7.7
9767,211629.0,False,276.8,24.1,-8.1
9768,211643.0,False,277.0,24.0,-8.9
9769,211676.0,False,276.8,23.8,-10.8
9770,211696.0,False,276.40000000000003,23.700000000000003,-11.4
9771,211726.0,False,275.3,24.0,-12.100000000000001
9772,211742.0,False,274.8,24.3,-11.9
9773,211761.0,False,274.3,24.6,-11.8
9774,211782.0,False,273.8,24.8,-11.600000000000001
9775,211793.0,False,273.2,24.8,-11.4
9776,211826.0,False,271.3,24.900000000000002,-10.8
9777,211843.0,False,270.2,25.1,-10.3
9778,211876.0,False,268.40000000000003,25.6,-8.5
9779,211892.0,False,267.90000000000003,25.700000000000003,-7.4
9780,211914.0,False,267.7,25.700000000000003,-6.4
9781,211942.0,False,267.6,25.3,-5.300000000000001
9782,211959.0,False,267.7,25.1,-5.300000000000001
9783,211994.0,False,267.6,24.8,-5.7
9784,212010.0,False,267.8,24.6,-6.0
9785,212043.0,False,268.6,24.200000000000003,-6.800000000000001
9786,212059.0,False,269.0,23.700000000000003,-7.0
9787,212095.0,False,269.90000000000003,22.5,-7.0
9788,212110.0,False,270.6,21.900000000000002,-6.800000000000001
9789,212144.0,False,272.40000000000003,21.1,-6.6000000000000005
9790,212159.0,False,273.2,20.8,-6.800000000000001
9791,212176.0,False,274.0,20.700000000000003,-7.2
9792,212210.0,False,275.2,20.400000000000002,-8.9
9793,212227.0,False,275.5,20.200000000000003,-9.700000000000001
9794,212259.0,False,275.5,20.5,-10.100000000000001
9795,212276.0,False,275.6,21.1,-9.8
9796,212296.0,False,275.8,22.0,-9.3
9797,212314.0,False,276.0,23.0,-8.700000000000001
9798,212328.0,False,276.1,24.0,-7.800000000000001
9799,212362.0,False,276.40000000000003,26.200000000000003,-5.7
9800,212380.0,False,276.7,27.400000000000002,-4.7
9801,212393.0,False,277.1,28.5,-3.8000000000000003
9802,212409.0,False,277.7,29.400000000000002,-3.2
9803,212429.0,False,278.40000000000003,29.900000000000002,-2.7
9804,212459.0,False,278.90000000000003,30.1,-2.6
9805,212476.0,False,279.6,30.0,-2.8000000000000003
9806,212492.0,False,279.90000000000003,29.8,-2.8000000000000003
9807,212527.0,False,279.7,29.3,-2.6
9808,212542.0,False,279.2,29.200000000000003,-2.0
9809,212580.0,False,277.90000000000003,29.5,0.0
9810,212594.0,False,277.6,29.8,0.8
9811,212619.0,False,277.40000000000003,29.8,1.1
9812,212627.0,False,277.40000000000003,29.6,0.7000000000000001
9813,212647.0,False,277.5,29.1,-0.1
9814,212659.0,False,277.5,28.5,-1.1
9815,212676.0,False,277.2,27.8,-1.8
9816,212693.0,False,276.8,27.400000000000002,-2.3000000000000003
9817,212713.0,False,276.3,27.1,-2.3000000000000003
9818,212726.0,False,275.8,27.1,-2.0
9819,212743.0,False,275.40000000000003,27.400000000000002,-1.8
9820,212761.0,False,275.1,27.700000000000003,-1.9000000000000001
9821,212793.0,False,274.1,27.900000000000002,-2.2
9822,212812.0,False,273.40000000000003,27.6,-2.3000000000000003
9823,212834.0,False,272.7,27.3,-1.9000000000000001
9824,212843.0,False,272.2,26.900000000000002,-1.4000000000000001
9825,212876.0,False,271.8,26.6,-0.8
9826,212894.0,False,271.2,26.1,-0.5
9827,212913.0,False,270.7,25.8,-0.8
9828,212929.0,False,270.0,25.6,-1.1
9829,212943.0,False,269.1,25.5,-1.3
9830,212959.0,False,268.2,25.400000000000002,-1.4000000000000001
9831,212977.0,False,267.40000000000003,25.400000000000002,-1.3
9832,212993.0,False,266.8,25.3,-1.1
9833,213011.0,False,266.3,25.1,-0.9
9834,213045.0,False,266.1,24.6,-1.2000000000000002
9835,213061.0,False,266.1,24.200000000000003,-1.6
9836,213076.0,False,266.2,23.700000000000003,-2.1
9837,213111.0,False,266.7,22.5,-2.7
9838,213143.0,False,267.40000000000003,21.900000000000002,-3.3000000000000003
9839,213160.0,False,269.1,20.6,-5.2
9840,213176.0,False,270.2,19.700000000000003,-6.6000000000000005
9841,213193.0,False,271.2,18.400000000000002,-8.1
9842,213213.0,False,272.2,16.900000000000002,-9.5
9843,213230.0,False,273.3,15.100000000000001,-10.700000000000001
9844,213263.0,False,275.7,11.200000000000001,-12.5
9845,213276.0,False,277.0,9.3,-13.8
9846,213296.0,False,278.0,7.6000000000000005,-15.4
9847,213337.0,False,278.90000000000003,5.4,-18.0
9848,213346.0,False,279.1,5.2,-18.2
9849,213380.0,False,279.2,6.4,-16.5
9850,213394.0,False,279.2,7.5,-15.0
9851,213411.0,False,279.0,8.700000000000001,-13.200000000000001
9852,213430.0,False,278.5,9.9,-11.4
9853,213443.0,False,278.0,11.200000000000001,-9.600000000000001
9854,213463.0,False,277.40000000000003,12.4,-7.800000000000001
9855,213477.0,False,276.90000000000003,13.5,-6.300000000000001
9856,213496.0,False,276.3,14.5,-5.1000000000000005
9857,213515.0,False,275.90000000000003,15.3,-4.3
9858,213526.0,False,275.6,15.8,-3.8000000000000003
9859,213549.0,False,275.40000000000003,16.0,-3.8000000000000003
9860,213560.0,False,275.40000000000003,15.9,-3.9000000000000004
9861,213581.0,False,275.5,15.700000000000001,-4.3
9862,213593.0,False,275.8,15.4,-4.9
9863,213619.0,False,276.0,15.0,-5.800000000000001
9864,213628.0,False,276.1,14.700000000000001,-6.7
9865,213644.0,False,276.0,14.600000000000001,-7.4
9866,213662.0,False,275.8,14.8,-7.9
9867,213679.0,False,275.7,15.0,-8.200000000000001
9868,213693.0,False,275.40000000000003,15.3,-8.4
9869,213710.0,False,275.2,15.4,-8.6
9870,213728.0,False,274.8,15.600000000000001,-8.9
9871,213742.0,False,274.2,15.9,-9.200000000000001
9872,213759.0,False,273.6,16.3,-9.200000000000001
9873,213781.0,False,272.8,16.900000000000002,-8.9
9874,213793.0,False,272.1,17.5,-8.3
9875,213810.0,False,271.6,18.2,-7.800000000000001
9876,213845.0,False,271.2,19.1,-7.5
9877,213860.0,False,270.3,20.900000000000002,-7.9
9878,213876.0,False,269.8,21.700000000000003,-8.3
9879,213915.0,False,268.7,22.6,-8.6
9880,213928.0,False,268.3,22.900000000000002,-8.5
9881,213959.0,False,268.0,23.200000000000003,-8.0
9882,213977.0,False,268.0,23.5,-8.200000000000001
9883,214012.0,False,267.5,24.1,-9.600000000000001
9884,214029.0,False,267.1,24.200000000000003,-10.700000000000001
9885,214061.0,False,266.1,23.900000000000002,-13.0
9886,214078.0,False,265.7,23.6,-13.9
9887,214093.0,False,265.3,23.400000000000002,-14.600000000000001
9888,214127.0,False,265.2,23.200000000000003,-15.0
9889,214142.0,False,265.2,23.1,-15.200000000000001
9890,214159.0,False,265.3,23.1,-15.200000000000001
9891,214176.0,False,265.8,23.5,-14.4
9892,214197.0,False,266.2,23.900000000000002,-13.8
9893,214239.0,False,267.2,24.900000000000002,-12.600000000000001
9894,214248.0,False,268.0,25.200000000000003,-12.3
9895,214280.0,False,269.90000000000003,24.8,-12.5
9896,214292.0,False,270.90000000000003,24.1,-13.0
9897,214330.0,False,272.5,22.5,-14.0
9898,214342.0,False,273.2,21.700000000000003,-14.100000000000001
9899,214376.0,False,273.90000000000003,21.0,-13.8
9900,214392.0,False,274.6,20.5,-13.200000000000001
9901,214413.0,False,276.2,19.900000000000002,-12.200000000000001
9902,214442.0,False,277.2,20.1,-12.200000000000001
9903,214461.0,False,277.40000000000003,20.3,-12.3
9904,214493.0,False,277.90000000000003,20.5,-12.5
9905,214510.0,False,278.3,20.400000000000002,-12.700000000000001
9906,214535.0,False,278.7,20.3,-13.0
9907,214543.0,False,279.1,20.200000000000003,-13.4
9908,214567.0,False,279.5,20.200000000000003,-13.700000000000001
9909,214596.0,False,280.2,20.6,-14.5
9910,214614.0,False,280.5,20.8,-14.700000000000001
9911,214642.0,False,281.1,21.3,-15.200000000000001
9912,214659.0,False,281.40000000000003,21.6,-15.4
9913,214695.0,False,281.90000000000003,22.0,-15.8
9914,214711.0,False,282.0,22.400000000000002,-15.600000000000001
9915,214725.0,False,282.1,23.1,-15.4
9916,214761.0,False,282.40000000000003,24.700000000000003,-15.3
9917,214776.0,False,282.40000000000003,25.400000000000002,-15.8
9918,214810.0,False,281.7,25.6,-16.8
9919,214830.0,False,281.2,25.3,-16.8
9920,214863.0,False,280.40000000000003,25.0,-16.3
9921,214876.0,False,280.1,25.3,-16.400000000000002
9922,214893.0,False,279.6,25.6,-16.7
9923,214910.0,False,279.0,25.900000000000002,-17.2
9924,214926.0,False,278.40000000000003,26.0,-17.7
9925,214961.0,False,278.1,25.5,-18.400000000000002
9926,214975.0,False,278.3,25.200000000000003,-18.900000000000002
9927,214992.0,False,278.40000000000003,25.0,-19.700000000000003
9928,215028.0,False,278.40000000000003,25.0,-21.6
9929,215043.0,False,278.2,25.0,-22.3
9930,215075.0,False,277.2,24.700000000000003,-22.400000000000002
9931,215095.0,False,276.6,24.6,-21.900000000000002
9932,215113.0,False,276.1,24.5,-21.3
9933,215129.0,False,275.5,24.6,-20.8
9934,215159.0,False,274.1,25.0,-20.700000000000003
9935,215176.0,False,273.2,25.1,-20.8
9936,215192.0,False,272.5,25.1,-21.0
9937,215211.0,False,271.90000000000003,24.900000000000002,-21.5
9938,215246.0,False,271.1,23.900000000000002,-23.1
9939,215259.0,False,270.8,23.3,-24.1
9940,215292.0,False,270.3,22.1,-26.200000000000003
9941,215309.0,False,269.90000000000003,21.700000000000003,-27.0
9942,215342.0,False,269.2,21.5,-28.0
9943,215362.0,False,268.8,21.8,-28.3
9944,215393.0,False,268.1,22.5,-29.1
9945,215411.0,False,267.90000000000003,22.5,-29.5
9946,215427.0,False,267.7,22.3,-29.8
9947,215442.0,False,267.5,21.8,-29.900000000000002
9948,215459.0,False,267.3,21.400000000000002,-29.900000000000002
9949,215476.0,False,267.0,20.900000000000002,-29.900000000000002
9950,215510.0,False,266.6,20.1,-29.200000000000003
9951,215539.0,False,266.6,19.6,-28.700000000000003
9952,215560.0,False,266.8,19.0,-28.200000000000003
9953,215576.0,False,267.0,18.8,-28.200000000000003
9954,215610.0,False,267.3,18.5,-28.200000000000003
9955,215630.0,False,267.5,18.3,-28.0
9956,215659.0,False,268.1,18.1,-27.400000000000002
9957,215677.0,False,268.40000000000003,17.900000000000002,-27.3
9958,215693.0,False,268.8,17.8,-27.200000000000003
9959,215709.0,False,269.1,17.7,-27.200000000000003
9960,215729.0,False,269.5,17.5,-27.3
9961,215745.0,False,269.90000000000003,17.3,-27.400000000000002
9962,215776.0,False,270.7,16.7,-27.700000000000003
9963,215793.0,False,271.1,16.6,-27.8
9964,215832.0,False,271.8,16.400000000000002,-27.900000000000002
9965,215846.0,False,272.1,16.3,-27.8
9966,215876.0,False,272.7,16.0,-27.700000000000003
9967,215893.0,False,273.0,15.8,-27.700000000000003
9968,215910.0,False,273.3,15.600000000000001,-27.8
9969,215928.0,False,273.40000000000003,15.5,-28.1
9970,215966.0,False,273.5,14.8,-28.900000000000002
9971,215976.0,False,273.3,14.4,-29.200000000000003
9972,215996.0,False,273.1,13.9,-29.5
9973,216011.0,False,272.90000000000003,13.700000000000001,-30.1
9974,216028.0,False,272.6,13.600000000000001,-30.8
9975,216042.0,False,272.0,13.700000000000001,-31.5
9976,216060.0,False,271.40000000000003,13.9,-31.700000000000003
9977,216093.0,False,270.7,14.5,-31.400000000000002
9978,216113.0,False,270.5,14.9,-31.200000000000003
9979,216151.0,False,270.2,16.3,-31.400000000000002
9980,216159.0,False,270.0,17.0,-31.8
9981,216192.0,False,269.7,18.0,-32.4
9982,216212.0,False,269.5,18.2,-32.2
9983,216232.0,False,269.40000000000003,18.3,-31.8
9984,216243.0,False,269.5,18.3,-31.200000000000003
9985,216262.0,False,269.6,18.400000000000002,-30.6
9986,216276.0,False,269.8,18.400000000000002,-30.1
9987,216309.0,False,269.8,18.7,-29.6
9988,216343.0,False,269.7,18.8,-29.5
9989,216361.0,False,269.3,19.0,-29.3
9990,216376.0,False,269.1,19.1,-29.3
9991,216393.0,False,269.0,19.1,-29.1
9992,216414.0,False,269.0,19.0,-29.0
9993,216428.0,False,269.1,18.8,-28.8
9994,216459.0,False,269.6,18.1,-28.900000000000002
9995,216477.0,False,269.90000000000003,17.7,-29.0
9996,216509.0,False,270.3,17.0,-29.200000000000003
9997,216529.0,False,270.8,16.7,-29.400000000000002
9998,216559.0,False,272.0,15.4,-30.3
9999,216576.0,False,272.5,14.600000000000001,-31.200000000000003
10000,216593.0,False,272.90000000000003,13.9,-32.4
10001,216626.0,False,273.7,12.600000000000001,-34.7
10002,216644.0,False,274.3,12.100000000000001,-35.6
10003,216679.0,False,275.7,11.3,-36.9
10004,216693.0,False,276.5,11.200000000000001,-37.5
10005,216711.0,False,277.40000000000003,11.200000000000001,-38.1
10006,216739.0,False,278.2,11.0,-38.7
10007,216745.0,False,278.8,10.9,-39.2
10008,216778.0,False,279.8,10.9,-39.800000000000004
10009,216793.0,False,280.2,11.200000000000001,-40.0
10010,216833.0,False,280.5,12.4,-39.900000000000006
10011,216843.0,False,280.5,13.0,-39.6
10012,216876.0,False,280.5,13.600000000000001,-39.2
10013,216893.0,False,280.7,14.0,-38.6
10014,216914.0,False,280.90000000000003,13.8,-38.6
10015,216943.0,False,281.1,13.100000000000001,-38.5
10016,216959.0,False,281.3,13.0,-38.5
10017,216993.0,False,282.2,12.9,-39.1
10018,217010.0,False,282.6,12.700000000000001,-39.5
10019,217034.0,False,282.8,12.4,-39.800000000000004
10020,217042.0,False,283.0,12.100000000000001,-40.0
10021,217060.0,False,283.2,11.9,-39.900000000000006
10022,217078.0,False,283.3,11.700000000000001,-39.800000000000004
10023,217093.0,False,283.5,11.600000000000001,-39.5
10024,217114.0,False,283.5,11.5,-39.0
10025,217129.0,False,283.40000000000003,11.3,-38.400000000000006
10026,217148.0,False,283.1,11.100000000000001,-37.7
10027,217159.0,False,282.8,11.100000000000001,-36.9
10028,217176.0,False,282.3,11.200000000000001,-36.1
10029,217209.0,False,280.8,11.600000000000001,-34.1
10030,217227.0,False,280.1,11.700000000000001,-33.1
10031,217260.0,False,278.8,11.8,-32.0
10032,217276.0,False,278.1,11.8,-32.0
10033,217311.0,False,276.5,11.700000000000001,-32.0
10034,217328.0,False,275.6,11.9,-31.6
10035,217359.0,False,274.2,13.0,-30.3
10036,217377.0,False,273.7,13.600000000000001,-29.6
10037,217393.0,False,273.2,14.100000000000001,-28.900000000000002
10038,217426.0,False,272.7,14.3,-27.6
10039,217442.0,False,272.8,14.100000000000001,-27.400000000000002
10040,217461.0,False,273.0,13.600000000000001,-27.5
10041,217476.0,False,273.2,13.100000000000001,-28.0
10042,217493.0,False,273.3,12.5,-28.5
10043,217527.0,False,273.40000000000003,11.200000000000001,-29.200000000000003
10044,217559.0,False,273.40000000000003,10.9,-29.3
10045,217576.0,False,273.3,10.5,-29.200000000000003
10046,217593.0,False,273.1,10.600000000000001,-29.1
10047,217626.0,False,272.90000000000003,11.100000000000001,-29.200000000000003
10048,217642.0,False,272.8,11.200000000000001,-29.6
10049,217662.0,False,272.7,11.3,-30.200000000000003
10050,217693.0,False,272.6,11.5,-31.200000000000003
10051,217709.0,False,272.7,11.700000000000001,-31.8
10052,217733.0,False,273.0,12.0,-32.300000000000004
10053,217743.0,False,273.40000000000003,12.4,-32.9
10054,217759.0,False,273.90000000000003,12.8,-33.6
10055,217792.0,False,274.6,13.8,-35.2
10056,217812.0,False,274.90000000000003,14.200000000000001,-35.9
10057,217826.0,False,275.2,14.4,-36.4
10058,217844.0,False,275.7,14.4,-36.6
10059,217879.0,False,276.6,13.8,-36.7
10060,217892.0,False,277.0,13.3,-36.6
10061,217911.0,False,277.40000000000003,12.700000000000001,-36.300000000000004
10062,217927.0,False,277.7,12.200000000000001,-35.9
10063,217959.0,False,278.2,11.5,-34.800000000000004
10064,217976.0,False,278.3,11.3,-34.2
10065,217999.0,False,278.3,11.4,-33.6
10066,218009.0,False,278.2,11.600000000000001,-33.1
10067,218034.0,False,278.1,11.9,-32.5
10068,218061.0,False,277.8,12.200000000000001,-31.3
10069,218075.0,False,277.7,12.200000000000001,-30.6
10070,218109.0,False,277.6,11.600000000000001,-29.3
10071,218128.0,False,277.6,11.3,-28.5
10072,218142.0,False,277.8,10.9,-28.0
10073,218159.0,False,278.0,10.5,-27.6
10074,218177.0,False,278.2,10.100000000000001,-27.400000000000002
10075,218194.0,False,278.3,9.700000000000001,-27.1
10076,218209.0,False,278.5,9.3,-26.900000000000002
10077,218226.0,False,278.7,9.0,-26.8
10078,218253.0,False,278.90000000000003,8.700000000000001,-26.700000000000003
10079,218277.0,False,279.1,8.0,-26.900000000000002
10080,218293.0,False,279.1,7.6000000000000005,-27.0
10081,218313.0,False,279.1,7.300000000000001,-27.1
10082,218328.0,False,279.0,7.0,-26.900000000000002
10083,218359.0,False,279.0,6.800000000000001,-26.700000000000003
10084,218376.0,False,278.90000000000003,6.9,-26.400000000000002
10085,218393.0,False,278.90000000000003,7.0,-26.3
10086,218426.0,False,279.5,6.7,-26.700000000000003
10087,218443.0,False,279.90000000000003,6.300000000000001,-27.0
10088,218460.0,False,280.2,5.800000000000001,-27.200000000000003
10089,218476.0,False,280.40000000000003,5.4,-27.3
10090,218493.0,False,280.5,5.2,-27.200000000000003
10091,218534.0,False,280.7,5.800000000000001,-27.200000000000003
10092,218544.0,False,280.7,6.1000000000000005,-27.200000000000003
10093,218566.0,False,280.6,6.1000000000000005,-27.0
10094,218599.0,False,280.3,5.5,-26.1
10095,218609.0,False,280.1,5.300000000000001,-25.5
10096,218631.0,False,279.8,5.300000000000001,-25.1
10097,218643.0,False,279.40000000000003,5.4,-24.700000000000003
10098,218659.0,False,278.90000000000003,5.6000000000000005,-24.400000000000002
10099,218694.0,False,277.90000000000003,6.2,-24.3
10100,218710.0,False,277.40000000000003,6.6000000000000005,-24.400000000000002
10101,218733.0,False,276.8,6.9,-24.5
10102,218742.0,False,276.40000000000003,7.2,-24.700000000000003
10103,218759.0,False,276.0,7.5,-24.900000000000002
10104,218776.0,False,275.8,7.9,-25.0
10105,218810.0,False,275.6,8.5,-25.5
10106,218833.0,False,275.6,8.700000000000001,-25.900000000000002
10107,218859.0,False,275.7,9.1,-25.900000000000002
10108,218876.0,False,276.2,9.3,-25.8
10109,218909.0,False,277.6,9.3,-26.1
10110,218927.0,False,278.40000000000003,9.200000000000001,-26.8
10111,218959.0,False,279.8,8.700000000000001,-29.0
10112,218976.0,False,280.40000000000003,8.200000000000001,-30.1
10113,219009.0,False,281.8,6.800000000000001,-31.8
10114,219027.0,False,282.5,6.0,-32.300000000000004
10115,219042.0,False,283.1,5.4,-32.7
10116,219076.0,False,284.2,4.4,-32.5
10117,219092.0,False,284.6,4.2,-32.2
10118,219128.0,False,284.90000000000003,4.6000000000000005,-31.0
10119,219159.0,False,284.90000000000003,5.1000000000000005,-30.3
10120,219176.0,False,284.5,6.300000000000001,-28.6
10121,219199.0,False,284.3,6.800000000000001,-27.6
10122,219226.0,False,284.3,7.4,-25.5
10123,219242.0,False,284.5,7.4,-24.700000000000003
10124,219265.0,False,285.0,7.300000000000001,-24.1
10125,219276.0,False,285.6,7.0,-23.8
10126,219295.0,False,286.2,6.7,-23.900000000000002
10127,219309.0,False,286.8,6.300000000000001,-24.0
10128,219336.0,False,287.40000000000003,6.0,-24.200000000000003
10129,219342.0,False,287.90000000000003,5.800000000000001,-24.3
10130,219376.0,False,288.40000000000003,5.800000000000001,-24.400000000000002
10131,219393.0,False,289.1,6.1000000000000005,-24.400000000000002
10132,219410.0,False,289.3,6.300000000000001,-24.400000000000002
10133,219431.0,False,289.3,6.4,-24.3
10134,219443.0,False,289.2,6.7,-24.3
10135,219459.0,False,289.0,6.9,-24.200000000000003
10136,219493.0,False,288.5,6.7,-23.8
10137,219542.0,False,288.0,5.6000000000000005,-22.3
10138,219559.0,False,287.7,5.7,-22.3
10139,219575.0,False,287.40000000000003,5.800000000000001,-22.400000000000002
10140,219595.0,False,287.1,5.800000000000001,-22.6
10141,219609.0,False,286.90000000000003,5.6000000000000005,-22.700000000000003
10142,219631.0,False,286.8,5.2,-22.700000000000003
10143,219659.0,False,286.7,5.2,-22.6
10144,219676.0,False,286.5,5.7,-22.6
10145,219699.0,False,286.3,6.6000000000000005,-22.6
10146,219709.0,False,286.1,7.4,-22.5
10147,219726.0,False,285.90000000000003,8.200000000000001,-22.200000000000003
10148,219743.0,False,285.6,8.700000000000001,-21.6
10149,219759.0,False,285.40000000000003,9.0,-20.900000000000002
10150,219777.0,False,285.1,9.200000000000001,-20.1
10151,219794.0,False,284.8,9.4,-19.6
10152,219809.0,False,284.5,9.600000000000001,-19.400000000000002
10153,219828.0,False,284.2,9.700000000000001,-19.400000000000002
10154,219842.0,False,283.8,9.700000000000001,-19.700000000000003
10155,219876.0,False,282.8,9.4,-20.0
10156,219899.0,False,282.2,9.200000000000001,-19.700000000000003
10157,219927.0,False,281.3,9.0,-18.2
10158,219942.0,False,281.0,9.1,-17.400000000000002
10159,219976.0,False,280.5,9.4,-16.2
10160,219993.0,False,280.2,9.600000000000001,-16.0
10161,220012.0,False,279.90000000000003,9.8,-15.8
10162,220026.0,False,279.7,10.0,-15.600000000000001
10163,220046.0,False,279.5,10.100000000000001,-15.3
10164,220059.0,False,279.5,10.0,-15.0
10165,220076.0,False,279.7,9.8,-14.600000000000001
10166,220093.0,False,280.1,9.5,-14.600000000000001
10167,220128.0,False,281.40000000000003,8.1,-15.600000000000001
10168,220159.0,False,282.3,6.4,-17.3
10169,220193.0,False,283.1,5.0,-17.8
10170,220232.0,False,283.8,5.0,-17.0
10171,220243.0,False,283.90000000000003,5.6000000000000005,-16.400000000000002
10172,220259.0,False,283.8,6.7,-15.600000000000001
10173,220281.0,False,283.6,8.0,-14.600000000000001
10174,220292.0,False,283.2,9.4,-13.100000000000001
10175,220309.0,False,282.7,10.8,-11.4
10176,220342.0,False,282.0,12.5,-8.4
10177,220361.0,False,282.1,12.8,-7.6000000000000005
10178,220375.0,False,282.3,12.700000000000001,-7.5
10179,220392.0,False,282.6,12.4,-7.9
10180,220409.0,False,282.90000000000003,12.0,-8.6
10181,220429.0,False,283.2,11.600000000000001,-9.3
10182,220461.0,False,283.90000000000003,11.100000000000001,-10.4
10183,220476.0,False,284.2,11.100000000000001,-10.700000000000001
10184,220510.0,False,284.7,11.5,-10.9
10185,220529.0,False,284.90000000000003,11.700000000000001,-10.8
10186,220563.0,False,285.2,12.0,-10.0
10187,220575.0,False,285.3,12.200000000000001,-9.4
10188,220593.0,False,285.3,12.3,-8.5
10189,220611.0,False,285.3,12.4,-7.5
10190,220629.0,False,285.0,12.5,-6.300000000000001
10191,220645.0,False,284.5,12.8,-4.6000000000000005
10192,220659.0,False,283.90000000000003,13.3,-2.7
10193,220677.0,False,283.40000000000003,13.8,-1.0
10194,220692.0,False,283.2,14.100000000000001,0.1
10195,220727.0,False,283.5,14.0,-0.7000000000000001
10196,220746.0,False,283.5,13.600000000000001,-2.2
10197,220778.0,False,283.1,12.700000000000001,-5.2
10198,220793.0,False,282.8,12.200000000000001,-5.800000000000001
10199,220826.0,False,282.90000000000003,11.9,-5.9
10200,220859.0,False,282.8,12.200000000000001,-6.2
10201,220876.0,False,281.8,13.8,-8.0
10202,220895.0,False,280.90000000000003,14.700000000000001,-9.200000000000001
10203,220909.0,False,279.90000000000003,15.5,-10.4
10204,220928.0,False,278.90000000000003,16.0,-11.4
10205,220942.0,False,277.8,16.3,-12.0
10206,220961.0,False,276.7,16.400000000000002,-12.3
10207,220993.0,False,274.7,16.400000000000002,-12.200000000000001
10208,221009.0,False,273.7,16.400000000000002,-12.100000000000001
10209,221027.0,False,272.7,16.5,-12.3
10210,221045.0,False,271.6,16.6,-12.700000000000001
10211,221060.0,False,270.3,16.5,-13.3
10212,221092.0,False,267.90000000000003,16.3,-15.0
10213,221125.0,False,266.90000000000003,16.0,-16.0
10214,221146.0,False,265.5,15.3,-17.400000000000002
10215,221159.0,False,265.0,15.0,-17.8
10216,221178.0,False,264.6,14.700000000000001,-18.0
10217,221193.0,False,264.3,14.4,-18.2
10218,221209.0,False,264.1,14.200000000000001,-18.400000000000002
10219,221250.0,False,263.90000000000003,14.0,-18.6
10220,221276.0,False,263.90000000000003,13.8,-19.0
10221,221312.0,False,264.1,13.4,-19.700000000000003
10222,221327.0,False,264.2,13.0,-19.8
10223,221359.0,False,265.0,11.4,-20.0
10224,221376.0,False,265.6,10.3,-20.200000000000003
10225,221409.0,False,266.90000000000003,8.6,-20.5
10226,221428.0,False,267.40000000000003,8.1,-20.5
10227,221443.0,False,267.90000000000003,8.0,-20.400000000000002
10228,221459.0,False,268.2,8.1,-20.0
10229,221477.0,False,268.6,8.5,-19.5
10230,221492.0,False,268.90000000000003,8.9,-19.1
10231,221525.0,False,269.7,9.9,-19.1
10232,221543.0,False,270.1,10.4,-19.400000000000002
10233,221575.0,False,271.40000000000003,11.0,-20.5
10234,221593.0,False,272.3,11.100000000000001,-21.1
10235,221631.0,False,274.3,10.0,-23.0
10236,221643.0,False,275.40000000000003,8.3,-24.8
10237,221676.0,False,277.5,2.8000000000000003,-29.900000000000002
10238,221692.0,False,278.8,0.5,-32.2
10239,221737.0,False,282.0,-0.7000000000000001,-34.1
10240,221742.0,False,283.90000000000003,0.0,-33.5
10241,221776.0,False,286.40000000000003,2.2,-31.200000000000003
10242,221793.0,False,287.1,3.2,-30.0
10243,221809.0,False,287.6,3.8000000000000003,-29.0
10244,221845.0,False,288.1,4.1000000000000005,-27.5
10245,221875.0,False,288.1,4.2,-27.200000000000003
10246,221893.0,False,287.5,4.800000000000001,-26.900000000000002
10247,221909.0,False,287.1,5.2,-26.8
10248,221942.0,False,286.1,5.9,-26.0
10249,221979.0,False,285.1,6.7,-25.3
10250,221993.0,False,284.5,7.5,-25.400000000000002
10251,222013.0,False,283.8,8.200000000000001,-25.700000000000003
10252,222026.0,False,283.1,9.0,-26.1
10253,222044.0,False,282.3,9.5,-26.700000000000003
10254,222059.0,False,281.5,9.8,-27.200000000000003
10255,222075.0,False,280.7,9.9,-27.700000000000003
10256,222109.0,False,279.1,9.8,-29.1
10257,222133.0,False,278.3,9.5,-29.8
10258,222159.0,False,276.3,8.1,-30.8
10259,222176.0,False,275.2,7.0,-31.3
10260,222193.0,False,274.1,5.800000000000001,-31.900000000000002
10261,222211.0,False,273.2,4.4,-32.7
10262,222226.0,False,272.7,2.9000000000000004,-33.6
10263,222248.0,False,272.7,1.6,-34.4
10264,222259.0,False,273.1,0.30000000000000004,-35.2
10265,222277.0,False,273.7,-0.8,-35.9
10266,222309.0,False,275.0,-2.5,-37.1
10267,222325.0,False,275.6,-3.1,-37.4
10268,222342.0,False,276.2,-3.7,-37.2
10269,222375.0,False,276.90000000000003,-4.3,-36.0
10270,222394.0,False,277.1,-4.2,-35.4
10271,222437.0,False,277.2,-3.9000000000000004,-35.6
10272,222442.0,False,277.1,-4.1000000000000005,-35.9
10273,222460.0,False,276.8,-4.7,-35.9
10274,222476.0,False,276.5,-5.4,-35.2
10275,222493.0,False,276.40000000000003,-6.0,-34.1
10276,222509.0,False,276.5,-6.1000000000000005,-33.0
10277,222529.0,False,276.8,-5.6000000000000005,-32.0
10278,222543.0,False,277.0,-4.5,-31.200000000000003
10279,222559.0,False,277.0,-3.1,-30.700000000000003
10280,222576.0,False,277.0,-1.5,-30.200000000000003
10281,222593.0,False,277.0,0.1,-29.5
10282,222629.0,False,276.90000000000003,1.7000000000000002,-28.6
10283,222644.0,False,276.8,5.2,-25.8
10284,222659.0,False,276.6,7.1000000000000005,-24.0
10285,222693.0,False,276.40000000000003,11.200000000000001,-19.8
10286,222709.0,False,276.3,13.100000000000001,-17.6
10287,222743.0,False,276.5,16.400000000000002,-13.8
10288,222759.0,False,276.8,17.7,-12.8
10289,222793.0,False,277.7,19.400000000000002,-12.8
10290,222811.0,False,278.3,19.700000000000003,-13.5
10291,222829.0,False,279.0,19.700000000000003,-14.600000000000001
10292,222863.0,False,280.40000000000003,19.1,-16.7
10293,222876.0,False,280.8,18.8,-17.2
10294,222909.0,False,281.6,18.2,-16.7
10295,222932.0,False,281.90000000000003,18.2,-16.2
10296,222961.0,False,281.40000000000003,18.6,-15.3
10297,222976.0,False,280.8,19.0,-15.0
10298,223010.0,False,279.40000000000003,19.3,-14.8
10299,223026.0,False,278.6,19.200000000000003,-15.0
10300,223044.0,False,277.8,19.1,-15.4
10301,223059.0,False,276.90000000000003,18.8,-15.700000000000001
10302,223080.0,False,276.1,18.5,-15.600000000000001
10303,223093.0,False,275.5,18.3,-15.3
10304,223110.0,False,275.2,18.2,-15.3
10305,223129.0,False,275.2,18.2,-15.8
10306,223143.0,False,275.2,18.1,-16.7
10307,223181.0,False,274.7,18.3,-19.0
10308,223193.0,False,274.3,18.5,-19.900000000000002
10309,223212.0,False,273.8,18.7,-20.3
10310,223225.0,False,273.3,19.1,-20.400000000000002
10311,223242.0,False,272.8,19.3,-20.3
10312,223264.0,False,272.2,19.400000000000002,-19.900000000000002
10313,223276.0,False,271.5,19.400000000000002,-19.5
10314,223294.0,False,270.5,19.3,-19.0
10315,223310.0,False,269.3,19.3,-18.7
10316,223327.0,False,267.90000000000003,19.5,-18.3
10317,223343.0,False,266.3,19.8,-17.8
10318,223376.0,False,263.3,20.5,-16.6
10319,223396.0,False,261.90000000000003,20.900000000000002,-16.400000000000002
10320,223427.0,False,260.6,21.200000000000003,-16.400000000000002
10321,223449.0,False,258.3,21.6,-16.5
10322,223459.0,False,257.5,21.700000000000003,-16.5
10323,223493.0,False,256.5,21.700000000000003,-16.2
10324,223510.0,False,256.3,21.700000000000003,-15.9
10325,223543.0,False,256.3,21.8,-15.4
10326,223562.0,False,256.6,21.8,-15.200000000000001
10327,223600.0,False,257.7,21.1,-14.700000000000001
10328,223611.0,False,258.40000000000003,20.5,-14.600000000000001
10329,223642.0,False,259.90000000000003,18.900000000000002,-14.5
10330,223659.0,False,260.90000000000003,18.400000000000002,-14.5
10331,223676.0,False,261.7,18.3,-14.600000000000001
10332,223692.0,False,262.3,18.5,-14.8
10333,223709.0,False,262.5,19.0,-14.600000000000001
10334,223726.0,False,262.5,19.6,-14.100000000000001
10335,223759.0,False,262.1,21.400000000000002,-11.8
10336,223776.0,False,261.90000000000003,22.5,-10.200000000000001
10337,223812.0,False,261.7,25.200000000000003,-7.0
10338,223826.0,False,261.7,26.5,-5.7
10339,223843.0,False,261.90000000000003,27.700000000000003,-4.6000000000000005
10340,223861.0,False,262.2,28.6,-3.9000000000000004
10341,223876.0,False,262.6,29.3,-3.5
10342,223899.0,False,263.1,29.8,-3.6
10343,223909.0,False,263.7,30.0,-3.9000000000000004
10344,223928.0,False,264.3,30.0,-4.3
10345,223942.0,False,264.90000000000003,30.0,-4.800000000000001
10346,223959.0,False,265.5,29.8,-5.300000000000001
10347,223976.0,False,266.1,29.6,-5.7
10348,224009.0,False,266.7,29.5,-6.0
10349,224031.0,False,267.6,29.200000000000003,-6.800000000000001
10350,224044.0,False,267.90000000000003,29.0,-7.1000000000000005
10351,224060.0,False,268.0,28.700000000000003,-7.300000000000001
10352,224080.0,False,267.90000000000003,28.5,-7.4
10353,224093.0,False,267.8,28.3,-7.5
10354,224129.0,False,267.1,28.200000000000003,-8.1
10355,224143.0,False,266.3,28.1,-8.3
10356,224159.0,False,265.40000000000003,27.900000000000002,-8.200000000000001
10357,224182.0,False,264.40000000000003,27.6,-7.7
10358,224193.0,False,263.6,27.400000000000002,-7.0
10359,224212.0,False,263.0,27.1,-6.300000000000001
10360,224225.0,False,262.5,26.8,-6.0
10361,224244.0,False,261.8,26.6,-6.1000000000000005
10362,224275.0,False,260.90000000000003,26.400000000000002,-6.7
10363,224293.0,False,258.6,25.700000000000003,-8.3
10364,224309.0,False,257.3,25.0,-8.9
10365,224330.0,False,256.2,24.200000000000003,-9.3
10366,224343.0,False,255.10000000000002,23.400000000000002,-9.5
10367,224375.0,False,254.20000000000002,22.6,-9.5
10368,224394.0,False,252.3,21.400000000000002,-9.700000000000001
10369,224410.0,False,251.20000000000002,20.8,-10.0
10370,224442.0,False,248.5,19.8,-10.700000000000001
10371,224459.0,False,247.10000000000002,19.3,-10.9
10372,224476.0,False,245.70000000000002,18.8,-11.100000000000001
10373,224493.0,False,244.60000000000002,18.2,-11.100000000000001
10374,224509.0,False,243.70000000000002,17.7,-11.200000000000001
10375,224527.0,False,242.9,17.1,-11.200000000000001
10376,224559.0,False,242.10000000000002,16.0,-11.200000000000001
10377,224575.0,False,242.0,15.600000000000001,-11.100000000000001
10378,224609.0,False,242.10000000000002,15.5,-10.9
10379,224625.0,False,242.3,15.600000000000001,-11.0
10380,224660.0,False,242.9,16.0,-11.4
10381,224675.0,False,243.3,16.0,-11.8
10382,224692.0,False,243.70000000000002,16.0,-12.200000000000001
10383,224711.0,False,244.0,15.9,-12.5
10384,224728.0,False,244.5,15.700000000000001,-12.600000000000001
10385,224744.0,False,245.10000000000002,15.4,-12.5
10386,224759.0,False,245.9,15.100000000000001,-12.5
10387,224776.0,False,246.9,14.9,-12.600000000000001
10388,224798.0,False,247.70000000000002,14.9,-13.0
10389,224836.0,False,248.9,15.4,-14.3
10390,224846.0,False,249.4,15.700000000000001,-15.0
10391,224875.0,False,250.0,16.400000000000002,-15.9
10392,224893.0,False,250.20000000000002,16.8,-16.1
10393,224926.0,False,250.3,17.7,-15.600000000000001
10394,224942.0,False,250.3,18.3,-14.8
10395,224960.0,False,250.4,18.900000000000002,-13.9
10396,224976.0,False,250.70000000000002,19.6,-13.0
10397,225015.0,False,251.4,20.900000000000002,-11.8
10398,225027.0,False,251.9,21.200000000000003,-11.700000000000001
10399,225047.0,False,252.5,21.3,-12.0
10400,225059.0,False,253.20000000000002,21.0,-12.5
10401,225093.0,False,254.8,19.900000000000002,-14.100000000000001
10402,225113.0,False,255.5,19.200000000000003,-15.0
10403,225151.0,False,256.6,17.3,-17.1
10404,225159.0,False,256.8,16.400000000000002,-18.0
10405,225192.0,False,256.3,15.3,-19.1
10406,225210.0,False,255.60000000000002,15.200000000000001,-18.7
10407,225230.0,False,254.70000000000002,15.3,-17.8
10408,225243.0,False,253.8,15.700000000000001,-16.3
10409,225259.0,False,252.9,16.3,-14.700000000000001
10410,225297.0,False,251.0,18.2,-12.200000000000001
10411,225309.0,False,249.9,19.1,-11.700000000000001
10412,225330.0,False,248.9,19.8,-11.3
10413,225361.0,False,247.70000000000002,20.8,-11.4
10414,225376.0,False,247.5,21.3,-11.8
10415,225409.0,False,247.10000000000002,22.700000000000003,-13.8
10416,225435.0,False,247.0,23.6,-15.200000000000001
10417,225459.0,False,246.70000000000002,25.200000000000003,-17.900000000000002
10418,225476.0,False,246.60000000000002,25.6,-18.900000000000002
10419,225510.0,False,246.60000000000002,25.700000000000003,-19.6
10420,225526.0,False,246.70000000000002,25.5,-19.400000000000002
10421,225543.0,False,247.10000000000002,25.200000000000003,-19.1
10422,225559.0,False,247.5,24.900000000000002,-18.8
10423,225582.0,False,247.70000000000002,24.700000000000003,-18.7
10424,225593.0,False,247.70000000000002,24.5,-18.6
10425,225614.0,False,247.4,24.400000000000002,-18.5
10426,225631.0,False,246.8,24.200000000000003,-18.2
10427,225646.0,False,246.20000000000002,23.8,-17.8
10428,225676.0,False,245.3,22.700000000000003,-16.0
10429,225692.0,False,245.10000000000002,22.1,-14.5
10430,225712.0,False,245.4,21.700000000000003,-12.8
10431,225726.0,False,245.9,21.400000000000002,-11.4
10432,225742.0,False,246.5,21.400000000000002,-10.700000000000001
10433,225762.0,False,246.9,21.5,-10.600000000000001
10434,225776.0,False,246.8,21.6,-11.0
10435,225795.0,False,246.70000000000002,21.8,-11.5
10436,225825.0,False,246.8,21.900000000000002,-12.4
10437,225842.0,False,247.0,21.900000000000002,-12.9
10438,225863.0,False,247.4,21.8,-13.4
10439,225876.0,False,247.70000000000002,21.700000000000003,-13.9
10440,225893.0,False,248.10000000000002,21.6,-14.200000000000001
10441,225910.0,False,248.4,21.3,-14.600000000000001
10442,225943.0,False,248.60000000000002,20.8,-14.8
10443,225959.0,False,248.70000000000002,20.8,-15.100000000000001
10444,225982.0,False,249.0,21.0,-15.600000000000001
10445,225993.0,False,249.4,21.3,-16.2
10446,226010.0,False,249.8,21.6,-17.0
10447,226042.0,False,250.4,22.3,-18.3
10448,226059.0,False,250.70000000000002,23.0,-18.900000000000002
10449,226092.0,False,251.20000000000002,24.6,-20.1
10450,226110.0,False,251.4,25.3,-20.6
10451,226131.0,False,251.60000000000002,25.8,-21.0
10452,226143.0,False,251.8,26.0,-21.400000000000002
10453,226159.0,False,251.9,26.1,-21.6
10454,226193.0,False,251.9,25.900000000000002,-21.8
10455,226209.0,False,252.20000000000002,25.3,-21.8
10456,226227.0,False,252.5,25.1,-21.8
10457,226259.0,False,253.0,24.3,-21.8
10458,226275.0,False,253.3,23.700000000000003,-21.8
10459,226309.0,False,253.9,22.400000000000002,-21.400000000000002
10460,226328.0,False,254.3,21.700000000000003,-21.1
10461,226346.0,False,254.8,20.8,-20.8
10462,226361.0,False,255.20000000000002,19.8,-20.5
10463,226376.0,False,255.4,18.7,-20.200000000000003
10464,226397.0,False,255.3,17.7,-19.6
10465,226409.0,False,255.0,17.2,-18.5
10466,226425.0,False,254.60000000000002,17.1,-17.0
10467,226442.0,False,253.9,17.1,-15.200000000000001
10468,226476.0,False,251.70000000000002,17.2,-10.4
10469,226493.0,False,250.4,17.6,-7.7
10470,226528.0,False,248.10000000000002,19.0,-3.9000000000000004
10471,226562.0,False,246.0,20.3,-1.8
10472,226576.0,False,245.20000000000002,20.700000000000003,-1.2000000000000002
10473,226595.0,False,244.70000000000002,21.0,-0.8
10474,226626.0,False,244.10000000000002,21.8,-0.8
10475,226642.0,False,244.0,22.3,-1.1
10476,226686.0,False,244.10000000000002,23.400000000000002,-2.9000000000000004
10477,226694.0,False,244.20000000000002,23.700000000000003,-4.2
10478,226712.0,False,244.3,23.900000000000002,-5.7
10479,226763.0,False,243.70000000000002,23.700000000000003,-8.700000000000001
10480,226792.0,False,242.20000000000002,24.0,-8.4
10481,226809.0,False,241.4,24.400000000000002,-8.0
10482,226849.0,False,239.8,24.900000000000002,-8.1
10483,226876.0,False,238.9,25.0,-8.700000000000001
10484,226894.0,False,237.3,24.700000000000003,-10.4
10485,226909.0,False,236.5,24.400000000000002,-11.3
10486,226929.0,False,235.70000000000002,24.200000000000003,-12.0
10487,226942.0,False,235.20000000000002,24.0,-12.5
10488,226962.0,False,234.60000000000002,23.900000000000002,-13.0
10489,226976.0,False,234.20000000000002,23.8,-13.4
10490,227009.0,False,233.10000000000002,23.6,-14.100000000000001
10491,227027.0,False,232.5,23.6,-14.100000000000001
10492,227058.0,False,231.5,23.5,-13.8
10493,227075.0,False,231.10000000000002,23.5,-13.600000000000001
10494,227109.0,False,230.5,23.3,-13.4
10495,227125.0,False,230.3,23.0,-13.5
10496,227145.0,False,230.0,22.700000000000003,-13.700000000000001
10497,227159.0,False,229.5,22.400000000000002,-13.9
10498,227179.0,False,229.0,22.0,-14.0
10499,227193.0,False,228.60000000000002,21.700000000000003,-14.100000000000001
10500,227211.0,False,228.60000000000002,21.3,-14.3
10501,227232.0,False,228.9,20.900000000000002,-14.700000000000001
10502,227242.0,False,229.3,20.700000000000003,-15.4
10503,227259.0,False,229.60000000000002,20.6,-16.3
10504,227281.0,False,229.70000000000002,20.700000000000003,-17.2
10505,227293.0,False,229.70000000000002,21.1,-18.0
10506,227331.0,False,229.5,22.400000000000002,-19.0
10507,227342.0,False,229.4,23.0,-19.400000000000002
10508,227376.0,False,229.4,24.0,-19.8
10509,227395.0,False,229.5,24.200000000000003,-20.0
10510,227410.0,False,229.8,24.200000000000003,-20.1
10511,227428.0,False,230.10000000000002,24.1,-20.200000000000003
10512,227443.0,False,230.60000000000002,23.8,-20.3
10513,227476.0,False,231.70000000000002,23.3,-20.5
10514,227492.0,False,232.20000000000002,23.1,-20.700000000000003
10515,227514.0,False,232.70000000000002,22.900000000000002,-21.0
10516,227530.0,False,232.9,22.700000000000003,-21.1
10517,227542.0,False,233.20000000000002,22.5,-21.200000000000003
10518,227576.0,False,233.3,22.5,-21.0
10519,227595.0,False,233.10000000000002,22.5,-20.6
10520,227627.0,False,232.60000000000002,22.8,-20.5
10521,227642.0,False,231.0,23.400000000000002,-20.1
10522,227659.0,False,230.10000000000002,23.400000000000002,-19.400000000000002
10523,227692.0,False,228.8,22.700000000000003,-17.7
10524,227709.0,False,228.5,22.3,-17.0
10525,227742.0,False,228.0,21.900000000000002,-16.6
10526,227759.0,False,227.60000000000002,21.900000000000002,-16.8
10527,227780.0,False,227.10000000000002,22.0,-17.0
10528,227793.0,False,226.60000000000002,22.1,-17.0
10529,227809.0,False,226.10000000000002,22.1,-16.7
10530,227834.0,False,225.70000000000002,22.200000000000003,-16.1
10531,227859.0,False,225.60000000000002,22.5,-14.9
10532,227875.0,False,225.60000000000002,22.8,-14.700000000000001
10533,227911.0,False,225.3,23.6,-15.5
10534,227926.0,False,225.0,24.0,-16.3
10535,227959.0,False,224.3,24.6,-18.400000000000002
10536,227978.0,False,223.8,24.900000000000002,-19.200000000000003
10537,227993.0,False,223.10000000000002,25.1,-19.8
10538,228009.0,False,222.5,25.200000000000003,-20.0
10539,228026.0,False,221.70000000000002,25.200000000000003,-19.700000000000003
10540,228042.0,False,221.10000000000002,25.200000000000003,-19.1
10541,228059.0,False,220.5,25.0,-18.3
10542,228076.0,False,220.10000000000002,24.900000000000002,-17.5
10543,228093.0,False,219.60000000000002,24.700000000000003,-17.0
10544,228135.0,False,218.3,24.1,-16.0
10545,228142.0,False,217.5,23.8,-15.600000000000001
10546,228175.0,False,216.0,23.3,-14.600000000000001
10547,228213.0,False,215.3,23.1,-14.0
10548,228226.0,False,214.20000000000002,22.700000000000003,-12.9
10549,228246.0,False,213.9,22.400000000000002,-12.9
10550,228260.0,False,213.5,22.1,-13.100000000000001
10551,228275.0,False,213.0,21.8,-13.3
10552,228293.0,False,212.4,21.700000000000003,-13.4
10553,228310.0,False,211.9,21.6,-13.200000000000001
10554,228328.0,False,211.3,21.6,-12.8
10555,228344.0,False,210.8,21.700000000000003,-12.200000000000001
10556,228376.0,False,210.3,22.0,-11.5
10557,228393.0,False,209.5,22.6,-10.5
10558,228410.0,False,209.3,22.8,-10.5
10559,228431.0,False,209.20000000000002,23.0,-11.0
10560,228442.0,False,209.10000000000002,23.0,-11.8
10561,228459.0,False,208.9,22.700000000000003,-12.700000000000001
10562,228493.0,False,208.9,21.700000000000003,-13.700000000000001
10563,228509.0,False,209.3,21.1,-13.600000000000001
10564,228542.0,False,210.5,20.0,-13.0
10565,228558.0,False,211.10000000000002,19.8,-12.700000000000001
10566,228593.0,False,211.4,20.5,-12.5
10567,228609.0,False,211.20000000000002,21.0,-12.5
10568,228633.0,False,210.9,21.400000000000002,-12.3
10569,228659.0,False,210.3,21.700000000000003,-11.700000000000001
10570,228676.0,False,210.0,21.6,-11.100000000000001
10571,228709.0,False,209.8,21.1,-9.600000000000001
10572,228726.0,False,209.9,20.700000000000003,-8.9
10573,228760.0,False,210.3,20.0,-8.200000000000001
10574,228775.0,False,210.4,19.700000000000003,-8.1
10575,228810.0,False,210.4,19.200000000000003,-8.3
10576,228835.0,False,210.4,18.900000000000002,-8.3
10577,228859.0,False,210.5,18.2,-8.0
10578,228876.0,False,210.60000000000002,18.1,-7.800000000000001
10579,228908.0,False,210.60000000000002,18.0,-7.7
10580,228925.0,False,210.3,18.1,-7.6000000000000005
10581,228947.0,False,210.10000000000002,18.0,-7.5
10582,228980.0,False,209.60000000000002,17.6,-6.6000000000000005
10583,228994.0,False,209.5,17.5,-6.0
10584,229036.0,False,209.5,17.3,-5.5
10585,229043.0,False,209.70000000000002,17.3,-6.2
10586,229075.0,False,209.5,16.8,-8.9
10587,229093.0,False,209.20000000000002,16.3,-10.200000000000001
10588,229132.0,False,209.0,15.700000000000001,-10.700000000000001
10589,229144.0,False,209.10000000000002,15.9,-10.200000000000001
10590,229159.0,False,209.20000000000002,16.7,-9.9
10591,229183.0,False,209.20000000000002,18.0,-10.200000000000001
10592,229192.0,False,209.10000000000002,19.3,-11.0
10593,229212.0,False,208.8,20.5,-11.9
10594,229229.0,False,208.60000000000002,21.200000000000003,-12.5
10595,229242.0,False,208.4,21.700000000000003,-12.700000000000001
10596,229262.0,False,208.3,22.0,-12.200000000000001
10597,229292.0,False,208.20000000000002,23.400000000000002,-9.5
10598,229309.0,False,208.0,24.700000000000003,-7.9
10599,229329.0,False,207.70000000000002,26.200000000000003,-6.300000000000001
10600,229342.0,False,207.4,27.900000000000002,-5.2
10601,229359.0,False,207.20000000000002,29.5,-4.6000000000000005
10602,229393.0,False,207.0,31.8,-5.0
10603,229408.0,False,207.3,32.4,-5.9
10604,229427.0,False,207.4,32.5,-6.7
10605,229444.0,False,207.5,32.6,-7.2
10606,229459.0,False,207.60000000000002,32.800000000000004,-7.7
10607,229479.0,False,208.10000000000002,33.2,-8.1
10608,229510.0,False,209.5,34.1,-9.200000000000001
10609,229530.0,False,210.20000000000002,34.5,-9.9
10610,229547.0,False,210.70000000000002,34.7,-10.600000000000001
10611,229558.0,False,211.20000000000002,34.800000000000004,-11.200000000000001
10612,229575.0,False,211.60000000000002,34.7,-11.8
10613,229613.0,False,212.8,34.0,-13.0
10614,229627.0,False,213.5,33.5,-13.700000000000001
10615,229649.0,False,214.20000000000002,33.0,-14.700000000000001
10616,229659.0,False,214.60000000000002,32.4,-15.600000000000001
10617,229677.0,False,214.60000000000002,31.700000000000003,-16.2
10618,229693.0,False,214.60000000000002,30.8,-16.6
10619,229709.0,False,214.70000000000002,29.900000000000002,-17.0
10620,229730.0,False,215.10000000000002,29.0,-17.400000000000002
10621,229742.0,False,215.70000000000002,28.1,-18.0
10622,229778.0,False,216.70000000000002,26.200000000000003,-19.3
10623,229792.0,False,216.9,25.5,-19.8
10624,229826.0,False,216.60000000000002,24.8,-20.3
10625,229845.0,False,216.4,24.700000000000003,-20.3
10626,229876.0,False,216.0,24.6,-19.8
10627,229909.0,False,216.0,24.3,-19.0
10628,229925.0,False,216.10000000000002,24.1,-18.6
10629,229946.0,False,216.3,23.900000000000002,-18.2
10630,229961.0,False,216.60000000000002,23.700000000000003,-17.900000000000002
10631,229976.0,False,217.0,23.400000000000002,-17.7
10632,229994.0,False,217.5,23.0,-17.6
10633,230009.0,False,217.9,22.6,-17.8
10634,230042.0,False,218.60000000000002,21.8,-18.400000000000002
10635,230058.0,False,218.9,21.400000000000002,-18.8
10636,230092.0,False,219.10000000000002,20.8,-19.900000000000002
10637,230126.0,False,219.0,20.400000000000002,-20.400000000000002
10638,230144.0,False,218.3,20.0,-21.3
10639,230160.0,False,217.8,20.0,-21.5
10640,230192.0,False,217.20000000000002,19.900000000000002,-21.6
10641,230210.0,False,216.20000000000002,19.5,-21.200000000000003
10642,230225.0,False,215.5,19.400000000000002,-20.900000000000002
10643,230244.0,False,214.8,19.400000000000002,-20.700000000000003
10644,230258.0,False,213.9,19.5,-20.5
10645,230275.0,False,213.10000000000002,19.5,-20.200000000000003
10646,230309.0,False,211.9,19.3,-19.400000000000002
10647,230342.0,False,211.4,19.1,-19.200000000000003
10648,230359.0,False,209.8,19.200000000000003,-19.3
10649,230375.0,False,208.8,19.400000000000002,-19.700000000000003
10650,230410.0,False,207.10000000000002,19.8,-20.5
10651,230428.0,False,206.5,20.0,-20.700000000000003
10652,230443.0,False,206.20000000000002,20.200000000000003,-20.900000000000002
10653,230459.0,False,205.9,20.3,-20.8
10654,230475.0,False,205.60000000000002,20.400000000000002,-20.700000000000003
10655,230492.0,False,205.20000000000002,20.5,-20.6
10656,230509.0,False,204.8,20.700000000000003,-20.6
10657,230525.0,False,204.3,20.900000000000002,-20.8
10658,230559.0,False,203.70000000000002,21.3,-21.200000000000003
10659,230578.0,False,202.20000000000002,21.8,-21.900000000000002
10660,230592.0,False,201.4,21.900000000000002,-22.0
10661,230626.0,False,199.70000000000002,21.900000000000002,-21.200000000000003
10662,230650.0,False,199.0,21.900000000000002,-20.5
10663,230676.0,False,197.9,21.8,-19.1
10664,230692.0,False,197.4,21.8,-18.7
10665,230728.0,False,196.4,21.6,-18.2
10666,230742.0,False,196.0,21.5,-18.0
10667,230760.0,False,195.70000000000002,21.3,-17.8
10668,230776.0,False,195.5,21.200000000000003,-17.6
10669,230794.0,False,195.4,20.900000000000002,-17.5
10670,230809.0,False,195.4,20.6,-17.6
10671,230826.0,False,195.4,20.200000000000003,-17.6
10672,230842.0,False,195.3,19.8,-17.5
10673,230866.0,False,195.20000000000002,19.3,-17.3
10674,230896.0,False,195.20000000000002,18.2,-16.400000000000002
10675,230908.0,False,195.5,17.7,-15.8
10676,230942.0,False,196.20000000000002,17.1,-15.100000000000001
10677,230992.0,False,195.9,18.400000000000002,-16.1
10678,231009.0,False,195.70000000000002,19.200000000000003,-16.6
10679,231025.0,False,195.60000000000002,20.0,-17.0
10680,231042.0,False,195.5,20.6,-17.3
10681,231064.0,False,195.5,21.1,-17.2
10682,231076.0,False,195.60000000000002,21.6,-16.8
10683,231093.0,False,195.8,22.0,-16.1
10684,231108.0,False,196.10000000000002,22.5,-15.200000000000001
10685,231130.0,False,196.5,23.0,-14.100000000000001
10686,231159.0,False,197.8,23.6,-12.3
10687,231177.0,False,198.70000000000002,23.400000000000002,-12.200000000000001
10688,231208.0,False,200.60000000000002,21.8,-14.0
10689,231227.0,False,201.60000000000002,20.3,-15.700000000000001
10690,231246.0,False,202.4,18.7,-17.7
10691,231258.0,False,203.20000000000002,16.900000000000002,-19.6
10692,231275.0,False,203.9,15.200000000000001,-21.200000000000003
10693,231308.0,False,204.9,12.4,-24.0
10694,231326.0,False,205.0,11.4,-25.1
10695,231359.0,False,205.0,9.8,-26.1
10696,231376.0,False,204.9,9.200000000000001,-26.0
10697,231393.0,False,204.70000000000002,8.700000000000001,-25.8
10698,231431.0,False,203.5,8.700000000000001,-26.200000000000003
10699,231442.0,False,202.5,9.3,-26.6
10700,231461.0,False,201.5,10.200000000000001,-27.0
10701,231476.0,False,200.3,11.0,-27.400000000000002
10702,231493.0,False,199.20000000000002,11.8,-27.6
10703,231527.0,False,197.20000000000002,13.200000000000001,-27.8
10704,231543.0,False,196.10000000000002,14.100000000000001,-27.8
10705,231559.0,False,195.0,15.4,-27.8
10706,231575.0,False,193.9,17.0,-27.700000000000003
10707,231592.0,False,192.8,18.7,-27.6
10708,231626.0,False,191.20000000000002,21.3,-27.200000000000003
10709,231653.0,False,190.70000000000002,22.0,-26.8
10710,231659.0,False,190.20000000000002,22.400000000000002,-26.3
10711,231692.0,False,189.5,22.3,-25.900000000000002
10712,231708.0,False,189.10000000000002,22.200000000000003,-26.1
10713,231742.0,False,188.20000000000002,22.200000000000003,-27.1
10714,231759.0,False,187.9,22.0,-27.700000000000003
10715,231793.0,False,187.3,21.200000000000003,-28.0
10716,231809.0,False,187.10000000000002,20.700000000000003,-27.8
10717,231826.0,False,187.10000000000002,20.1,-27.5
10718,231842.0,False,187.10000000000002,19.6,-27.200000000000003
10719,231858.0,False,187.20000000000002,19.3,-27.0
10720,231876.0,False,187.4,19.200000000000003,-26.8
10721,231892.0,False,187.60000000000002,19.200000000000003,-26.6
10722,231909.0,False,187.9,19.200000000000003,-26.6
10723,231927.0,False,188.20000000000002,19.1,-26.6
10724,231958.0,False,189.0,18.2,-27.5
10725,231975.0,False,189.5,17.6,-28.400000000000002
10726,232009.0,False,190.60000000000002,15.9,-30.400000000000002
10727,232032.0,False,191.10000000000002,14.700000000000001,-31.400000000000002
10728,232062.0,False,192.0,11.9,-32.7
10729,232076.0,False,192.4,10.5,-33.1
10730,232092.0,False,192.8,9.4,-33.4
10731,232109.0,False,193.10000000000002,8.8,-33.7
10732,232125.0,False,193.20000000000002,8.700000000000001,-34.0
10733,232142.0,False,193.20000000000002,9.0,-34.2
10734,232159.0,False,193.10000000000002,9.600000000000001,-34.300000000000004
10735,232179.0,False,193.0,10.4,-34.2
10736,232192.0,False,192.9,11.200000000000001,-34.0
10737,232225.0,False,193.0,12.600000000000001,-33.1
10738,232258.0,False,193.20000000000002,13.100000000000001,-32.5
10739,232284.0,False,193.8,14.0,-31.3
10740,232292.0,False,194.3,14.4,-30.700000000000003
10741,232326.0,False,195.3,15.100000000000001,-29.3
10742,232342.0,False,195.8,15.4,-28.3
10743,232375.0,False,197.0,16.3,-25.700000000000003
10744,232391.0,False,197.60000000000002,16.8,-24.200000000000003
10745,232408.0,False,198.3,17.2,-22.700000000000003
10746,232425.0,False,199.0,17.400000000000002,-21.5
10747,232442.0,False,199.60000000000002,17.3,-20.5
10748,232458.0,False,199.8,17.0,-19.6
10749,232492.0,False,199.60000000000002,16.2,-18.400000000000002
10750,232508.0,False,199.5,16.2,-18.0
10751,232539.0,False,199.8,16.6,-17.1
10752,232558.0,False,199.8,16.7,-16.7
10753,232592.0,False,198.8,17.0,-15.600000000000001
10754,232608.0,False,198.0,17.2,-14.700000000000001
10755,232631.0,False,197.20000000000002,17.400000000000002,-13.5
10756,232642.0,False,196.60000000000002,17.6,-12.0
10757,232659.0,False,196.20000000000002,17.7,-10.4
10758,232676.0,False,195.60000000000002,17.900000000000002,-8.700000000000001
10759,232692.0,False,195.0,18.3,-7.300000000000001
10760,232709.0,False,194.20000000000002,18.7,-6.300000000000001
10761,232740.0,False,193.10000000000002,19.5,-6.300000000000001
10762,232758.0,False,192.5,19.900000000000002,-6.1000000000000005
10763,232781.0,False,192.3,20.0,-5.6000000000000005
10764,232818.0,False,192.5,20.1,-3.9000000000000004
10765,232833.0,False,192.8,20.3,-3.0
10766,232859.0,False,193.4,20.700000000000003,-1.5
10767,232875.0,False,193.4,20.8,-1.2000000000000002
10768,232893.0,False,193.4,20.900000000000002,-1.4000000000000001
10769,232911.0,False,193.3,21.1,-1.9000000000000001
10770,232925.0,False,193.0,21.200000000000003,-2.2
10771,232945.0,False,192.8,21.200000000000003,-2.4000000000000004
10772,232963.0,False,192.5,21.1,-2.6
10773,232977.0,False,192.5,20.8,-3.0
10774,233008.0,False,192.5,20.0,-4.800000000000001
10775,233025.0,False,192.4,19.700000000000003,-5.800000000000001
10776,233042.0,False,192.5,19.5,-6.7
10777,233075.0,False,192.8,19.5,-8.6
10778,233092.0,False,192.9,19.700000000000003,-9.5
10779,233129.0,False,193.0,20.200000000000003,-11.100000000000001
10780,233142.0,False,193.0,20.400000000000002,-11.8
10781,233159.0,False,193.0,20.6,-12.3
10782,233175.0,False,193.0,20.5,-12.5
10783,233193.0,False,193.0,20.200000000000003,-12.3
10784,233219.0,False,193.10000000000002,19.5,-11.8
10785,233228.0,False,193.5,18.6,-11.3
10786,233248.0,False,194.0,17.7,-10.9
10787,233260.0,False,194.5,16.900000000000002,-10.600000000000001
10788,233275.0,False,195.0,16.400000000000002,-10.4
10789,233292.0,False,195.5,16.2,-10.5
10790,233309.0,False,195.8,16.3,-10.700000000000001
10791,233342.0,False,195.9,17.2,-11.0
10792,233362.0,False,196.0,17.900000000000002,-11.100000000000001
10793,233392.0,False,196.20000000000002,19.400000000000002,-10.9
10794,233410.0,False,196.4,19.900000000000002,-10.4
10795,233440.0,False,197.20000000000002,20.6,-9.0
10796,233459.0,False,197.8,20.700000000000003,-8.4
10797,233492.0,False,199.20000000000002,20.8,-8.200000000000001
10798,233508.0,False,199.8,20.700000000000003,-8.4
10799,233549.0,False,200.9,20.0,-9.5
10800,233559.0,False,201.60000000000002,19.3,-10.100000000000001
10801,233577.0,False,202.3,18.400000000000002,-11.100000000000001
10802,233609.0,False,203.8,16.400000000000002,-13.8
10803,233630.0,False,204.5,15.4,-15.4
10804,233659.0,False,206.20000000000002,13.600000000000001,-17.900000000000002
10805,233683.0,False,207.3,12.700000000000001,-18.5
10806,233709.0,False,209.5,10.700000000000001,-19.400000000000002
10807,233725.0,False,210.10000000000002,9.700000000000001,-20.3
10808,233759.0,False,210.3,8.6,-23.0
10809,233790.0,False,210.0,8.4,-24.3
10810,233808.0,False,209.4,8.6,-25.400000000000002
10811,233825.0,False,209.10000000000002,9.0,-25.400000000000002
10812,233842.0,False,208.8,9.600000000000001,-25.400000000000002
10813,233876.0,False,208.20000000000002,11.9,-25.6
10814,233892.0,False,207.8,13.5,-25.8
10815,233931.0,False,207.0,16.7,-25.900000000000002
10816,233946.0,False,206.70000000000002,18.0,-25.5
10817,233964.0,False,206.20000000000002,18.8,-24.700000000000003
10818,233976.0,False,205.70000000000002,19.3,-23.6
10819,233993.0,False,205.10000000000002,19.400000000000002,-22.6
10820,234014.0,False,204.4,19.400000000000002,-21.8
10821,234026.0,False,203.5,19.400000000000002,-21.200000000000003
10822,234046.0,False,202.5,19.5,-21.0
10823,234059.0,False,201.3,19.6,-20.8
10824,234076.0,False,200.10000000000002,19.8,-20.6
10825,234103.0,False,198.8,20.0,-20.200000000000003
10826,234127.0,False,197.60000000000002,20.200000000000003,-19.5
10827,234159.0,False,195.5,20.1,-17.7
10828,234194.0,False,194.20000000000002,19.8,-17.6
10829,234209.0,False,193.5,19.6,-17.7
10830,234242.0,False,192.0,19.5,-17.6
10831,234259.0,False,191.4,19.6,-17.2
10832,234292.0,False,190.70000000000002,20.3,-16.2
10833,234310.0,False,190.60000000000002,20.700000000000003,-15.8
10834,234341.0,False,190.60000000000002,21.400000000000002,-15.4
10835,234359.0,False,190.4,21.5,-15.4
10836,234378.0,False,190.20000000000002,21.3,-15.200000000000001
10837,234393.0,False,190.10000000000002,20.900000000000002,-15.0
10838,234411.0,False,190.5,20.400000000000002,-14.600000000000001
10839,234426.0,False,191.0,19.8,-14.200000000000001
10840,234464.0,False,192.10000000000002,18.8,-13.700000000000001
10841,234475.0,False,192.3,18.8,-13.600000000000001
10842,234496.0,False,192.3,19.0,-13.5
10843,234510.0,False,192.10000000000002,19.700000000000003,-13.3
10844,234527.0,False,191.8,20.5,-12.9
10845,234545.0,False,191.5,21.6,-12.3
10846,234558.0,False,191.3,22.6,-11.5
10847,234578.0,False,191.20000000000002,23.6,-10.5
10848,234592.0,False,191.3,24.400000000000002,-9.5
10849,234609.0,False,191.5,25.0,-8.6
10850,234642.0,False,192.0,25.5,-6.9
10851,234664.0,False,192.20000000000002,25.6,-6.2
10852,234675.0,False,192.4,25.5,-5.6000000000000005
10853,234692.0,False,192.70000000000002,25.3,-4.800000000000001
10854,234726.0,False,193.5,24.700000000000003,-3.1
10855,234748.0,False,194.0,24.6,-2.5
10856,234776.0,False,194.60000000000002,24.8,-2.2
10857,234796.0,False,194.5,25.200000000000003,-2.4000000000000004
10858,234835.0,False,194.3,26.5,-3.3000000000000003
10859,234844.0,False,194.0,27.3,-3.7
10860,234880.0,False,193.3,29.0,-4.3
10861,234893.0,False,192.9,29.700000000000003,-4.3
10862,234928.0,False,192.3,30.8,-4.6000000000000005
10863,234943.0,False,191.9,31.3,-4.9
10864,234981.0,False,190.4,32.4,-5.1000000000000005
10865,234993.0,False,189.5,32.9,-5.0
10866,235015.0,False,188.8,33.300000000000004,-4.5
10867,235042.0,False,188.10000000000002,33.6,-2.7
10868,235059.0,False,188.20000000000002,33.5,-1.8
10869,235092.0,False,188.10000000000002,33.9,-1.2000000000000002
10870,235109.0,False,187.5,34.4,-1.5
10871,235143.0,False,185.70000000000002,35.2,-2.0
10872,235160.0,False,184.8,35.2,-1.9000000000000001
10873,235176.0,False,184.0,35.0,-1.7000000000000002
10874,235192.0,False,183.3,34.6,-1.4000000000000001
10875,235208.0,False,182.70000000000002,34.2,-1.3
10876,235231.0,False,182.0,33.9,-1.2000000000000002
10877,235259.0,False,180.3,33.5,-1.0
10878,235275.0,False,179.3,33.5,-0.8
10879,235310.0,False,177.70000000000002,33.5,0.0
10880,235330.0,False,177.4,33.5,0.4
10881,235358.0,False,177.20000000000002,33.6,0.6000000000000001
10882,235376.0,False,177.20000000000002,33.6,0.4
10883,235398.0,False,177.4,33.5,0.0
10884,235408.0,False,177.5,33.4,-0.5
10885,235425.0,False,177.70000000000002,33.4,-1.1
10886,235442.0,False,178.0,33.4,-1.5
10887,235462.0,False,178.3,33.5,-2.0
10888,235475.0,False,178.70000000000002,33.5,-2.4000000000000004
10889,235510.0,False,179.20000000000002,33.6,-2.9000000000000004
10890,235526.0,False,180.10000000000002,33.7,-3.8000000000000003
10891,235550.0,False,180.4,33.7,-3.9000000000000004
10892,235577.0,False,180.8,33.5,-3.7
10893,235591.0,False,180.8,33.5,-3.3000000000000003
10894,235625.0,False,181.10000000000002,33.6,-2.8000000000000003
10895,235644.0,False,181.60000000000002,33.6,-3.0
10896,235677.0,False,183.0,32.7,-4.3
10897,235692.0,False,183.70000000000002,32.0,-5.2
10898,235710.0,False,184.20000000000002,31.200000000000003,-6.0
10899,235726.0,False,184.5,30.6,-6.7
10900,235751.0,False,184.70000000000002,30.200000000000003,-7.300000000000001
10901,235778.0,False,184.70000000000002,29.8,-7.6000000000000005
10902,235792.0,False,184.60000000000002,29.3,-7.300000000000001
10903,235809.0,False,184.60000000000002,28.900000000000002,-6.800000000000001
10904,235842.0,False,184.4,28.1,-5.300000000000001
10905,235875.0,False,184.20000000000002,27.8,-4.5
10906,235892.0,False,184.10000000000002,27.700000000000003,-3.4000000000000004
10907,235909.0,False,184.20000000000002,27.8,-3.1
10908,235943.0,False,184.5,27.6,-3.3000000000000003
10909,235959.0,False,184.70000000000002,27.1,-3.7
10910,235975.0,False,184.9,26.5,-4.1000000000000005
10911,235992.0,False,185.20000000000002,25.700000000000003,-4.7
10912,236016.0,False,185.4,25.0,-5.4
10913,236030.0,False,185.60000000000002,24.400000000000002,-6.1000000000000005
10914,236045.0,False,185.60000000000002,23.8,-6.7
10915,236061.0,False,185.5,23.400000000000002,-7.1000000000000005
10916,236075.0,False,185.20000000000002,23.200000000000003,-7.300000000000001
10917,236109.0,False,184.4,23.200000000000003,-6.4
10918,236148.0,False,183.9,23.3,-5.2
10919,236163.0,False,183.8,23.5,-5.0
10920,236175.0,False,183.60000000000002,23.900000000000002,-5.2
10921,236193.0,False,183.10000000000002,24.5,-5.6000000000000005
10922,236208.0,False,182.3,25.1,-5.9
10923,236228.0,False,181.3,25.900000000000002,-5.800000000000001
10924,236259.0,False,180.20000000000002,27.400000000000002,-5.0
10925,236275.0,False,180.0,28.3,-4.9
10926,236292.0,False,179.9,29.1,-5.2
10927,236312.0,False,179.8,30.0,-6.0
10928,236326.0,False,179.5,30.8,-7.0
10929,236342.0,False,178.9,31.6,-8.0
10930,236375.0,False,176.9,33.0,-9.1
10931,236392.0,False,175.70000000000002,33.6,-8.9
10932,236436.0,False,173.9,34.2,-7.0
10933,236444.0,False,173.4,34.2,-5.800000000000001
10934,236475.0,False,172.8,33.9,-4.3
10935,236492.0,False,172.60000000000002,33.6,-4.0
10936,236511.0,False,172.3,33.2,-4.0
10937,236530.0,False,172.0,32.800000000000004,-4.3
10938,236559.0,False,171.60000000000002,32.2,-4.7
10939,236579.0,False,171.4,30.700000000000003,-5.5
10940,236592.0,False,171.5,29.8,-5.9
10941,236629.0,False,172.10000000000002,28.400000000000002,-6.5
10942,236642.0,False,172.4,27.900000000000002,-6.800000000000001
10943,236675.0,False,172.4,27.6,-7.1000000000000005
10944,236693.0,False,171.9,27.5,-7.1000000000000005
10945,236709.0,False,171.5,27.6,-6.6000000000000005
10946,236742.0,False,170.60000000000002,28.0,-4.9
10947,236760.0,False,170.4,28.400000000000002,-4.1000000000000005
10948,236793.0,False,170.4,29.400000000000002,-3.1
10949,236809.0,False,170.4,29.700000000000003,-2.8000000000000003
10950,236829.0,False,170.5,30.0,-2.8000000000000003
10951,236842.0,False,170.60000000000002,30.200000000000003,-2.9000000000000004
10952,236859.0,False,170.70000000000002,30.1,-3.1
10953,236875.0,False,170.9,30.0,-3.6
10954,236913.0,False,172.3,29.8,-5.7
10955,236942.0,False,172.9,29.900000000000002,-7.1000000000000005
10956,236958.0,False,173.70000000000002,29.900000000000002,-9.8
10957,236979.0,False,174.20000000000002,29.700000000000003,-10.700000000000001
10958,237018.0,False,175.4,29.0,-12.100000000000001
10959,237026.0,False,176.0,28.5,-12.5
10960,237059.0,False,176.5,27.6,-13.0
10961,237075.0,False,176.5,27.400000000000002,-12.9
10962,237092.0,False,176.5,27.400000000000002,-12.700000000000001
10963,237109.0,False,176.4,27.3,-12.200000000000001
10964,237131.0,False,176.4,27.200000000000003,-11.5
10965,237142.0,False,176.60000000000002,26.900000000000002,-10.8
10966,237175.0,False,177.3,26.400000000000002,-9.5
10967,237192.0,False,177.70000000000002,26.3,-9.1
10968,237213.0,False,178.10000000000002,26.400000000000002,-9.0
10969,237244.0,False,179.10000000000002,26.8,-9.3
10970,237260.0,False,179.5,26.900000000000002,-9.700000000000001
10971,237275.0,False,179.9,27.1,-10.100000000000001
10972,237292.0,False,180.3,27.400000000000002,-10.600000000000001
10973,237325.0,False,180.9,27.900000000000002,-11.5
10974,237342.0,False,181.10000000000002,28.0,-11.8
10975,237376.0,False,181.3,28.200000000000003,-11.700000000000001
10976,237409.0,False,181.60000000000002,28.5,-11.700000000000001
10977,237452.0,False,182.0,28.6,-12.200000000000001
10978,237481.0,False,181.9,28.5,-13.0
10979,237491.0,False,181.8,28.3,-13.3
10980,237510.0,False,181.60000000000002,27.900000000000002,-13.5
10981,237529.0,False,181.4,27.5,-13.600000000000001
10982,237541.0,False,181.20000000000002,26.900000000000002,-13.600000000000001
10983,237559.0,False,181.0,26.400000000000002,-13.600000000000001
10984,237592.0,False,180.60000000000002,25.6,-13.8
10985,237609.0,False,180.3,25.400000000000002,-14.100000000000001
10986,237629.0,False,179.8,25.3,-14.4
10987,237642.0,False,179.20000000000002,25.3,-14.600000000000001
10988,237658.0,False,178.4,25.400000000000002,-14.600000000000001
10989,237682.0,False,177.4,25.6,-14.3
10990,237708.0,False,175.3,26.6,-13.3
10991,237729.0,False,174.0,27.3,-12.700000000000001
10992,237758.0,False,172.70000000000002,27.900000000000002,-11.8
10993,237775.0,False,169.8,28.8,-8.8
10994,237809.0,False,168.20000000000002,29.400000000000002,-4.800000000000001
10995,237834.0,False,168.0,29.700000000000003,-3.0
10996,237863.0,False,168.4,30.5,-1.5
10997,237875.0,False,168.5,30.900000000000002,-1.6
10998,237901.0,False,168.8,31.3,-2.3000000000000003
10999,237909.0,False,169.3,31.5,-3.5
11000,237935.0,False,169.8,31.6,-5.0
11001,237959.0,False,170.70000000000002,31.1,-7.6000000000000005
11002,237975.0,False,171.0,30.6,-8.5
11003,238008.0,False,171.3,30.1,-9.0
11004,238029.0,False,172.10000000000002,29.200000000000003,-9.1
11005,238043.0,False,172.70000000000002,28.8,-9.200000000000001
11006,238075.0,False,174.0,27.900000000000002,-9.700000000000001
11007,238109.0,False,174.4,27.5,-10.100000000000001
11008,238129.0,False,174.70000000000002,26.900000000000002,-11.100000000000001
11009,238142.0,False,174.70000000000002,26.700000000000003,-11.600000000000001
11010,238175.0,False,174.3,26.5,-12.0
11011,238191.0,False,174.0,26.5,-11.9
11012,238233.0,False,173.60000000000002,26.6,-11.200000000000001
11013,238244.0,False,173.60000000000002,26.700000000000003,-10.8
11014,238275.0,False,173.70000000000002,26.8,-10.4
11015,238292.0,False,174.0,27.0,-10.0
11016,238312.0,False,174.3,27.0,-9.8
11017,238330.0,False,174.70000000000002,27.0,-9.8
11018,238359.0,False,175.10000000000002,27.0,-9.8
11019,238381.0,False,175.9,27.200000000000003,-10.0
11020,238392.0,False,176.20000000000002,27.3,-10.100000000000001
11021,238409.0,False,176.5,27.5,-10.100000000000001
11022,238435.0,False,176.70000000000002,27.6,-10.0
11023,238447.0,False,177.0,27.900000000000002,-9.8
11024,238460.0,False,177.20000000000002,28.1,-9.600000000000001
11025,238475.0,False,177.4,28.400000000000002,-9.4
11026,238491.0,False,177.60000000000002,28.6,-9.1
11027,238509.0,False,177.8,28.900000000000002,-8.9
11028,238525.0,False,178.0,29.200000000000003,-8.700000000000001
11029,238558.0,False,178.60000000000002,29.6,-8.5
11030,238575.0,False,178.9,29.700000000000003,-8.5
11031,238610.0,False,179.20000000000002,29.700000000000003,-8.3
11032,238630.0,False,179.8,29.6,-8.1
11033,238645.0,False,180.20000000000002,29.6,-7.9
11034,238659.0,False,180.60000000000002,29.700000000000003,-7.9
11035,238676.0,False,181.20000000000002,29.700000000000003,-8.0
11036,238694.0,False,181.8,29.8,-8.3
11037,238709.0,False,182.3,29.900000000000002,-8.700000000000001
11038,238734.0,False,182.8,30.0,-9.1
11039,238758.0,False,183.9,30.200000000000003,-10.0
11040,238775.0,False,184.4,30.200000000000003,-10.4
11041,238794.0,False,184.9,30.0,-10.700000000000001
11042,238827.0,False,185.9,29.1,-11.200000000000001
11043,238845.0,False,186.20000000000002,28.700000000000003,-11.200000000000001
11044,238875.0,False,186.4,28.1,-11.100000000000001
11045,238893.0,False,186.4,28.0,-10.9
11046,238936.0,False,186.0,28.400000000000002,-10.3
11047,238943.0,False,185.9,28.700000000000003,-10.0
11048,238975.0,False,185.70000000000002,29.400000000000002,-9.3
11049,239008.0,False,185.70000000000002,29.900000000000002,-8.9
11050,239041.0,False,185.9,30.0,-9.0
11051,239091.0,False,186.10000000000002,29.8,-9.4
11052,239240.0,False,185.0,29.1,-6.800000000000001
11053,239258.0,False,184.9,29.1,-6.4
11054,239283.0,False,184.70000000000002,29.5,-5.6000000000000005
11055,239292.0,False,184.70000000000002,29.8,-5.2
11056,239311.0,False,184.60000000000002,30.200000000000003,-4.9
11057,239325.0,False,184.70000000000002,30.5,-4.7
11058,239358.0,False,184.70000000000002,30.900000000000002,-4.800000000000001
11059,239375.0,False,184.8,31.0,-5.0
11060,239411.0,False,184.9,30.8,-5.300000000000001
11061,239427.0,False,184.9,30.700000000000003,-5.5
11062,239458.0,False,185.0,30.700000000000003,-5.7
11063,239475.0,False,185.10000000000002,30.6,-5.800000000000001
11064,239492.0,False,185.20000000000002,30.5,-5.800000000000001
11065,239528.0,False,185.5,30.3,-5.9
11066,239558.0,False,185.8,30.0,-6.2
11067,239575.0,False,186.0,29.900000000000002,-6.300000000000001
11068,239592.0,False,186.10000000000002,29.8,-6.5
11069,239612.0,False,186.20000000000002,29.6,-6.6000000000000005
11070,239629.0,False,186.4,29.5,-6.800000000000001
11071,239660.0,False,186.5,29.400000000000002,-7.0
11072,239675.0,False,186.70000000000002,29.1,-7.4
11073,239704.0,False,186.70000000000002,28.900000000000002,-7.6000000000000005
11074,239709.0,False,186.8,28.700000000000003,-7.800000000000001
11075,239729.0,False,186.8,28.5,-8.0
11076,239746.0,False,186.9,28.200000000000003,-8.1
11077,239780.0,False,187.10000000000002,27.8,-8.5
11078,239808.0,False,187.10000000000002,27.6,-8.6
11079,239832.0,False,187.0,27.5,-8.5
11080,239875.0,False,187.10000000000002,27.3,-8.4
11081,239934.0,False,187.20000000000002,27.3,-8.6
11082,239945.0,False,187.3,27.400000000000002,-8.8
11083,239976.0,False,187.4,27.3,-9.3
11084,239992.0,False,187.5,27.200000000000003,-9.5
11085,240011.0,False,187.60000000000002,27.0,-9.700000000000001
11086,240045.0,False,187.70000000000002,26.900000000000002,-9.9
11087,240148.0,False,187.8,26.8,-10.100000000000001
11088,240175.0,False,187.8,26.700000000000003,-10.4
11089,240209.0,False,187.8,26.5,-10.600000000000001
11090,240228.0,False,187.8,26.6,-10.600000000000001
11091,240253.0,False,187.8,26.8,-10.600000000000001
11092,240276.0,False,187.8,27.0,-10.600000000000001
11093,240292.0,False,187.9,27.1,-10.600000000000001
11094,240314.0,False,188.0,27.200000000000003,-10.700000000000001
11095,240330.0,False,188.20000000000002,27.1,-10.700000000000001
11096,240359.0,False,188.60000000000002,26.8,-10.8
11097,240377.0,False,188.8,26.5,-10.8
11098,240392.0,False,189.0,26.400000000000002,-10.9
11099,240411.0,False,189.20000000000002,26.3,-11.0
11100,240426.0,False,189.3,26.3,-11.100000000000001
11101,240475.0,False,189.3,26.400000000000002,-11.100000000000001
11102,240493.0,False,189.4,26.400000000000002,-11.0
11103,240567.0,False,189.70000000000002,26.400000000000002,-11.200000000000001
11104,240575.0,False,189.70000000000002,26.3,-11.200000000000001
11105,240635.0,False,189.5,26.3,-11.100000000000001
11106,240642.0,False,189.4,26.400000000000002,-11.0
11107,240677.0,False,189.20000000000002,26.8,-10.8
11108,240692.0,False,189.20000000000002,26.900000000000002,-10.700000000000001
11109,240709.0,False,189.10000000000002,27.1,-10.600000000000001
11110,240744.0,False,189.10000000000002,27.200000000000003,-10.600000000000001
11111,240775.0,False,189.10000000000002,27.1,-10.600000000000001
11112,240793.0,False,189.20000000000002,27.0,-10.600000000000001
11113,240842.0,False,189.3,26.8,-10.700000000000001
11114,240875.0,False,189.3,26.6,-11.0
11115,240892.0,False,189.3,26.6,-11.100000000000001
11116,240929.0,False,189.3,26.5,-11.3
11117,240975.0,False,189.10000000000002,26.3,-11.3
11118,241008.0,False,189.0,26.3,-11.3
11119,241043.0,False,188.8,26.3,-11.3
11120,241092.0,False,188.60000000000002,26.3,-11.3
