,ms,accelX,accelY,accelZ,accelWithGX,accelWithGY,accelWithGZ,rotRateAlpha,rotRateBeta,rotRateGamma,interval
0,69.0,0.2,0.7000000000000001,1.7000000000000002,1.2000000000000002,2.0,10.5,4.4,0.4,63.70000000000001,16
1,87.0,0.0,-2.5,1.9000000000000001,1.5,1.9000000000000001,10.5,7.500000000000001,-1.0,51.800000000000004,16
2,103.0,0.0,-2.5,1.9000000000000001,1.5,1.9000000000000001,10.5,7.500000000000001,-1.0,51.800000000000004,16
3,119.0,0.2,-2.6,1.8,1.3,1.8,10.5,0.9000000000000001,-1.4,32.7,16
4,136.0,-0.4,-3.0,2.6,0.9,1.4000000000000001,11.3,-16.1,-1.5,21.6,16
5,152.0,-0.9,-3.6,3.6,0.5,0.8,12.200000000000001,-27.9,5.2,17.200000000000003,16
6,174.0,-1.3,-3.8000000000000003,3.6,0.0,0.5,12.3,-23.5,18.900000000000002,20.5,16
7,185.0,-1.6,-3.6,3.0,-0.30000000000000004,0.6000000000000001,11.700000000000001,-15.399999999999999,27.3,23.900000000000006,16
8,202.0,-1.6,-3.4000000000000004,1.8,-0.30000000000000004,0.8,10.600000000000001,6.0,36.8,35.2,16
9,219.0,-1.6,-3.4000000000000004,1.8,-0.30000000000000004,1.0,9.9,15.5,36.2,39.699999999999996,16
10,235.0,-1.6,-2.5,0.1,-0.4,1.7000000000000002,8.9,24.5,23.099999999999998,47.3,16
11,252.0,-1.3,-2.4000000000000004,-0.1,0.0,1.9000000000000001,8.700000000000001,18.1,9.3,56.7,16
12,269.0,-1.0,-2.2,0.2,0.6000000000000001,2.2,9.200000000000001,8.4,6.9,64.9,16
13,285.0,-0.30000000000000004,-2.0,0.9,1.0,2.3000000000000003,9.600000000000001,7.1000000000000005,6.9,66.5,16
14,303.0,-0.2,-1.9000000000000001,1.0,1.4000000000000001,2.5,9.8,11.2,3.6000000000000005,65.2,16
15,319.0,0.0,-1.7000000000000002,1.1,1.4000000000000001,2.6,9.8,15.399999999999999,0.5,61.0,16
16,335.0,-0.1,-1.7000000000000002,1.1,1.4000000000000001,2.5,9.700000000000001,17.0,-0.5,57.20000000000001,16
17,352.0,-0.2,-1.8,1.0,1.2000000000000002,2.3000000000000003,9.700000000000001,17.0,-0.8,49.300000000000004,16
18,369.0,-0.7000000000000001,-2.4000000000000004,1.3,1.0,1.8,10.0,14.700000000000001,-0.5,43.50000000000001,16
19,385.0,-0.7000000000000001,-2.7,1.6,1.0,1.5,10.200000000000001,13.8,-1.0,42.2,16
20,402.0,-0.6000000000000001,-3.1,1.8,1.2000000000000002,1.1,10.5,12.8,0.6000000000000001,40.300000000000004,16
21,419.0,-0.6000000000000001,-3.1,1.8,1.2000000000000002,1.0,10.5,13.100000000000001,3.6000000000000005,39.599999999999994,16
22,435.0,-0.7000000000000001,-3.4000000000000004,1.7000000000000002,1.0,0.9,10.200000000000001,15.100000000000001,7.9,36.400000000000006,16
23,453.0,-0.9,-3.6,1.3,0.9,0.7000000000000001,10.0,16.6,8.700000000000001,34.300000000000004,16
24,469.0,-1.0,-3.6,1.3,0.9,0.7000000000000001,9.9,17.799999999999997,8.8,34.50000000000001,16
25,485.0,-1.0,-3.6,1.2000000000000002,0.9,0.7000000000000001,9.8,18.5,9.600000000000001,34.900000000000006,16
26,502.0,-1.0,-3.6,1.0,0.9,0.8,9.600000000000001,19.1,9.899999999999999,36.9,16
27,519.0,-1.0,-3.6,1.0,1.0,0.8,9.600000000000001,19.1,8.700000000000001,38.1,16
28,535.0,-0.7000000000000001,-3.4000000000000004,1.1,1.3,1.0,9.700000000000001,18.3,6.699999999999999,38.50000000000001,16
29,552.0,-0.5,-3.3000000000000003,1.2000000000000002,1.5,1.1,9.8,18.900000000000002,6.9,37.0,16
30,569.0,-0.4,-3.2,1.0,1.6,1.2000000000000002,9.600000000000001,21.200000000000003,8.100000000000001,35.699999999999996,16
31,585.0,-0.2,-3.1,1.0,1.8,1.3,9.5,22.000000000000004,6.8,34.7,16
32,602.0,0.0,-3.0,1.2000000000000002,2.0,1.4000000000000001,9.700000000000001,20.599999999999998,2.5,30.000000000000004,16
33,619.0,0.0,-3.0,1.2000000000000002,2.1,1.4000000000000001,9.700000000000001,19.799999999999997,1.6,27.099999999999998,16
34,635.0,0.1,-3.0,1.3,2.2,1.5,9.700000000000001,18.6,3.0,22.3,16
35,652.0,0.0,-2.8000000000000003,1.1,2.1,1.6,9.600000000000001,18.1,4.7,18.6,16
36,669.0,-0.1,-2.8000000000000003,0.8,1.9000000000000001,1.8,9.1,17.9,6.0,15.399999999999999,16
37,685.0,-0.4,-2.6,0.5,1.7000000000000002,1.9000000000000001,9.0,16.3,6.500000000000001,13.100000000000001,16
38,702.0,-0.7000000000000001,-2.6,0.6000000000000001,1.4000000000000001,1.9000000000000001,9.0,7.9,6.500000000000001,10.600000000000001,16
39,719.0,-0.7000000000000001,-2.5,1.2000000000000002,1.4000000000000001,2.0,9.600000000000001,-2.9,5.300000000000001,14.0,16
40,735.0,-0.7000000000000001,-2.5,1.2000000000000002,1.4000000000000001,2.1,9.8,-5.8,5.7,16.4,16
41,752.0,-0.6000000000000001,-2.2,1.6,1.6,2.4000000000000004,10.100000000000001,-3.3000000000000007,4.6,20.900000000000002,16
42,769.0,-0.4,-1.7000000000000002,1.4000000000000001,1.8,2.8000000000000003,9.600000000000001,7.300000000000001,4.7,22.9,16
43,785.0,-0.2,-1.2000000000000002,0.5,1.9000000000000001,3.2,9.0,12.100000000000001,4.300000000000001,22.8,16
44,802.0,-0.2,-0.9,0.0,2.0,3.5,8.5,15.5,1.2000000000000002,21.0,16
45,819.0,-0.2,-0.7000000000000001,-0.2,2.0,3.7,8.200000000000001,10.600000000000001,-3.0,16.900000000000002,16
46,835.0,-0.2,-0.7000000000000001,-0.2,2.0,3.7,8.4,4.7,-5.8,14.200000000000001,16
47,852.0,-0.2,-0.7000000000000001,0.4,2.1,3.5,9.200000000000001,-8.4,-6.9,10.8,16
48,869.0,-0.2,-0.9,1.6,2.1,3.4000000000000004,10.100000000000001,-14.5,-1.2000000000000002,8.0,16
49,885.0,-0.30000000000000004,-0.9,1.8,2.0,3.4000000000000004,10.3,-14.700000000000001,3.9,6.8,16
50,902.0,-0.7000000000000001,-0.8,1.6,1.6,3.4000000000000004,10.200000000000001,-7.8,10.700000000000001,6.4,16
51,919.0,-0.8,-0.8,1.1,1.5,3.4000000000000004,9.700000000000001,4.9,9.600000000000001,9.2,16
52,935.0,-0.7000000000000001,-0.8,1.1,1.5,3.5,9.3,11.000000000000002,8.5,11.2,16
53,954.0,-0.7000000000000001,-0.5,-0.2,1.5,3.7,8.4,17.5,2.9,13.100000000000001,16
54,969.0,-0.7000000000000001,-0.5,-0.5,1.6,3.8000000000000003,8.1,12.299999999999999,-4.4,13.000000000000002,16
55,985.0,-0.6000000000000001,-0.6000000000000001,-0.1,1.6,3.7,8.4,6.8,-6.699999999999999,11.900000000000002,16
56,1002.0,-0.5,-0.9,0.8,1.7000000000000002,3.4000000000000004,9.3,-2.7,-6.4,9.0,16
57,1019.0,-0.5,-1.0,1.0,1.8,3.3000000000000003,9.5,-4.300000000000001,-5.1000000000000005,7.6,16
58,1035.0,-0.4,-1.1,1.3,2.0,3.1,9.9,-1.4,-2.7,5.0,16
59,1055.0,-0.2,-1.2000000000000002,1.4000000000000001,2.2,2.9000000000000004,10.0,3.5,-2.1,2.1,16
60,1069.0,-0.1,-1.5,1.2000000000000002,2.2,2.7,9.8,8.100000000000001,0.4,-0.30000000000000004,16
61,1087.0,-0.1,-1.6,0.9,2.2,2.6,9.4,10.9,2.1,-1.3,16
62,1103.0,-0.1,-1.6,0.0,2.2,2.6,8.6,14.900000000000002,2.9,-3.5,16
63,1120.0,-0.1,-1.6,-0.2,2.2,2.6,8.3,14.300000000000002,2.2,-4.4,16
64,1137.0,0.0,-1.5,-0.6000000000000001,2.2,2.8000000000000003,7.9,10.0,2.1,-6.500000000000001,16
65,1154.0,-0.1,-1.4000000000000001,-0.7000000000000001,2.1,2.9000000000000004,7.800000000000001,1.1,6.2,-9.899999999999999,16
66,1182.0,-0.6000000000000001,-1.1,-0.8,1.6,3.2,7.7,-4.0,9.600000000000001,-15.399999999999999,16
67,1187.0,-0.6000000000000001,-1.1,-0.8,1.6,3.2,7.7,-4.0,9.600000000000001,-15.399999999999999,16
68,1203.0,-0.9,-0.9,-0.8,1.2000000000000002,3.4000000000000004,7.7,-6.500000000000001,0.5,-16.5,16
69,1223.0,-1.0,-0.7000000000000001,-0.5,1.2000000000000002,3.6,8.1,-15.899999999999999,-2.4000000000000004,-16.0,16
70,1236.0,-1.0,-0.7000000000000001,-0.2,1.1,3.6,8.3,-22.1,-0.5,-16.0,16
71,1253.0,-1.1,-0.5,0.4,0.9,3.6,9.0,-29.1,3.3000000000000007,-16.700000000000003,16
72,1272.0,-1.3,-0.4,0.9,0.8,3.7,9.5,-26.9,3.4,-17.0,16
73,1286.0,-1.3,-0.4,0.9,0.7000000000000001,3.7,9.600000000000001,-23.099999999999998,2.3,-16.3,16
74,1304.0,-1.1,-0.2,1.1,0.9,3.8000000000000003,9.8,-15.899999999999999,-0.8,-13.8,16
75,1323.0,-0.9,-0.1,1.2000000000000002,1.1,3.8000000000000003,9.9,-12.8,-1.1,-13.000000000000002,16
76,1336.0,-0.8,-0.1,1.2000000000000002,1.1,3.8000000000000003,10.0,-12.4,0.1,-13.000000000000002,16
77,1352.0,-0.8,-0.2,1.2000000000000002,1.1,3.7,10.0,-10.600000000000001,5.0,-12.7,16
78,1374.0,-0.7000000000000001,-0.30000000000000004,1.0,1.1,3.6,9.8,-7.400000000000001,10.299999999999999,-12.0,16
79,1386.0,-0.7000000000000001,-0.30000000000000004,0.8,1.2000000000000002,3.6,9.600000000000001,-5.7,11.000000000000002,-11.900000000000002,16
80,1404.0,-0.5,-0.30000000000000004,0.5,1.2000000000000002,3.5,9.3,-2.2,9.100000000000001,-11.6,16
81,1420.0,-0.5,-0.30000000000000004,0.2,1.2000000000000002,3.5,9.1,0.1,6.8,-11.8,16
82,1436.0,-0.5,-0.30000000000000004,0.2,1.2000000000000002,3.5,9.0,0.30000000000000004,7.0,-11.700000000000001,16
83,1453.0,-0.5,-0.4,0.0,1.1,3.4000000000000004,8.8,-2.5,9.600000000000001,-10.600000000000001,16
84,1473.0,-0.4,-0.5,0.1,1.2000000000000002,3.4000000000000004,9.0,-5.4,11.1,-8.600000000000001,16
85,1487.0,-0.2,-0.4,0.4,1.4000000000000001,3.5,9.3,-4.6,10.1,-7.6,16
86,1503.0,-0.2,-0.30000000000000004,0.4,1.3,3.5,9.3,-2.6,9.600000000000001,-7.500000000000001,16
87,1519.0,-0.2,-0.2,0.0,1.2000000000000002,3.6,9.0,2.0,7.8,-7.400000000000001,16
88,1538.0,-0.4,-0.2,-0.1,1.1,3.6,8.8,1.9,5.4,-7.0,16
89,1556.0,-0.4,-0.2,-0.1,1.0,3.6,8.8,0.0,4.6,-6.600000000000001,16
90,1573.0,-0.30000000000000004,-0.30000000000000004,0.0,1.1,3.5,8.9,-3.9,6.2,-5.0,16
91,1586.0,-0.30000000000000004,-0.2,0.0,1.0,3.5,9.0,-4.6,9.600000000000001,-4.800000000000001,16
92,1602.0,-0.30000000000000004,-0.2,0.0,0.8,3.5,9.0,-4.6,9.600000000000001,-4.800000000000001,16
93,1619.0,-0.4,-0.1,0.0,0.7000000000000001,3.5,9.0,-4.0,7.9,-4.9,16
94,1637.0,-0.4,-0.30000000000000004,0.9,0.6000000000000001,3.2,9.9,-6.4,-2.9,-4.6,16
95,1652.0,-0.30000000000000004,-0.5,1.2000000000000002,0.6000000000000001,3.0,10.3,-6.600000000000001,-6.500000000000001,-4.5,16
96,1670.0,-0.2,-0.8,2.0,0.6000000000000001,2.5,11.100000000000001,-5.300000000000001,-11.3,-5.0,16
97,1686.0,0.0,-1.2000000000000002,2.5,0.9,2.1,11.700000000000001,-1.9,-8.4,-4.2,16
98,1703.0,0.30000000000000004,-1.4000000000000001,2.5,1.2000000000000002,2.0,11.700000000000001,0.0,-2.2,-3.8,16
99,1720.0,0.7000000000000001,-1.2000000000000002,2.0,1.6,2.1,11.100000000000001,5.0,8.5,-4.800000000000001,16
100,1736.0,0.6000000000000001,-1.2000000000000002,1.7000000000000002,1.5,2.2,10.9,7.6,9.700000000000001,-8.5,16
101,1753.0,0.4,-1.2000000000000002,1.2000000000000002,1.2000000000000002,2.2,10.3,8.3,5.300000000000001,-14.800000000000002,16
102,1770.0,-0.2,-1.4000000000000001,1.2000000000000002,0.7000000000000001,2.0,10.3,-2.3,-3.1,-22.000000000000004,16
103,1788.0,-0.7000000000000001,-1.9000000000000001,1.8,0.1,1.5,10.9,-18.4,1.6,-22.3,16
104,1803.0,-1.0,-2.0,2.0,-0.2,1.4000000000000001,11.200000000000001,-22.5,6.9,-19.799999999999997,16
105,1819.0,-1.3,-2.0,1.8,-0.6000000000000001,1.3,11.0,-17.6,15.700000000000001,-11.4,16
106,1839.0,-1.3,-1.5,0.8,-0.7000000000000001,1.4000000000000001,10.700000000000001,-9.700000000000001,17.9,-4.9,16
107,1853.0,-1.3,-1.3,0.4,-0.6000000000000001,2.0,9.600000000000001,11.000000000000002,9.0,7.400000000000001,16
108,1869.0,-1.0,-0.9,-0.4,-0.4,2.4000000000000004,8.8,25.5,-9.8,14.100000000000001,16
109,1889.0,-0.6000000000000001,-0.6000000000000001,-0.8,0.1,2.8000000000000003,8.3,24.599999999999998,-19.700000000000003,15.5,16
110,1902.0,-0.4,-0.6000000000000001,-0.9,0.30000000000000004,2.8000000000000003,8.3,19.300000000000004,-18.700000000000003,14.100000000000001,16
111,1919.0,-0.4,-0.6000000000000001,-0.5,0.4,2.8000000000000003,8.6,5.500000000000001,-10.0,6.500000000000001,16
112,1940.0,-0.6000000000000001,-0.9,0.2,0.2,2.5,9.3,-3.6000000000000005,-3.3000000000000007,-1.8000000000000003,16
113,1954.0,-0.8,-1.0,0.4,0.0,2.5,9.5,-3.6000000000000005,-1.0,-5.1000000000000005,16
114,1969.0,-1.2000000000000002,-1.1,0.4,-0.4,2.3000000000000003,9.5,3.0,1.8000000000000003,-8.899999999999999,16
115,1994.0,-1.3,-1.1,0.1,-0.6000000000000001,2.3000000000000003,9.1,8.600000000000001,2.0,-9.2,16
116,2005.0,-1.4000000000000001,-1.2000000000000002,-0.2,-0.7000000000000001,2.2,8.9,7.6,-0.4,-8.3,16
117,2020.0,-1.3,-1.3,-0.30000000000000004,-0.6000000000000001,2.1,8.9,5.6,-1.0,-7.1000000000000005,16
118,2035.0,-1.3,-1.3,-0.30000000000000004,-0.5,2.1,9.0,3.4,-0.9000000000000001,-5.9,16
119,2052.0,-1.0,-1.4000000000000001,-0.1,-0.30000000000000004,2.0,9.1,1.3,2.0,-5.6,16
120,2080.0,-0.8,-1.3,-0.4,-0.2,2.1,8.8,1.7,6.9,-6.2,16
121,2086.0,-0.8,-1.3,-0.4,-0.2,2.1,8.700000000000001,0.0,9.700000000000001,-5.2,16
122,2102.0,-0.7000000000000001,-1.3,-0.5,-0.1,2.2,8.700000000000001,-1.5,10.200000000000001,-4.4,16
123,2119.0,-0.5,-1.2000000000000002,-0.5,0.1,2.3000000000000003,8.700000000000001,-4.800000000000001,9.8,-3.5,16
124,2139.0,-0.5,-0.9,-0.5,0.1,2.5,8.6,-6.9,10.5,-3.0,16
125,2154.0,-0.5,-0.8,-0.5,0.1,2.6,8.700000000000001,-7.8,10.700000000000001,-2.7,16
126,2172.0,-0.5,-0.5,-0.6000000000000001,0.0,2.8000000000000003,8.6,-9.100000000000001,9.5,-1.3,16
127,2186.0,-0.5,-0.4,-0.5,0.0,3.0,8.700000000000001,-9.100000000000001,7.200000000000001,0.0,16
128,2205.0,-0.4,-0.30000000000000004,-0.5,0.0,3.0,8.8,-9.100000000000001,5.1000000000000005,0.30000000000000004,16
129,2219.0,-0.5,-0.1,-0.30000000000000004,0.0,3.2,8.9,-9.5,2.7,1.5,16
130,2236.0,-0.4,0.0,-0.30000000000000004,0.0,3.3000000000000003,9.0,-9.600000000000001,2.2,2.9,16
131,2252.0,-0.2,0.4,-0.2,0.2,3.6,9.1,-8.600000000000001,0.1,5.7,16
132,2272.0,-0.1,0.7000000000000001,0.0,0.30000000000000004,3.9000000000000004,9.3,-9.100000000000001,-2.1,4.800000000000001,16
133,2286.0,-0.2,0.7000000000000001,0.4,0.30000000000000004,3.8000000000000003,9.700000000000001,-11.1,-1.1,2.4000000000000004,16
134,2303.0,-0.2,0.6000000000000001,0.6000000000000001,0.2,3.8000000000000003,9.9,-11.3,0.7,1.9,16
135,2319.0,-0.1,0.4,0.8,0.1,3.7,10.0,-8.4,3.9,2.0,16
136,2336.0,-0.1,0.4,0.8,0.1,3.7,10.0,-5.4,2.7,2.8,16
137,2353.0,0.2,0.4,0.9,0.4,3.8000000000000003,10.100000000000001,0.30000000000000004,-1.6,3.9,16
138,2369.0,0.6000000000000001,0.4,1.0,0.8,3.7,10.200000000000001,3.6000000000000005,-3.8,0.1,16
139,2389.0,0.6000000000000001,0.30000000000000004,1.2000000000000002,0.8,3.6,10.5,3.3000000000000007,-1.6,-7.500000000000001,16
140,2403.0,0.4,0.2,1.5,0.7000000000000001,3.5,10.700000000000001,1.3,-1.0,-11.4,16
141,2419.0,0.1,-0.1,2.0,0.4,3.3000000000000003,11.200000000000001,-2.2,2.2,-15.700000000000001,16
142,2437.0,0.1,-0.2,2.0,0.30000000000000004,3.2,11.3,-2.1,9.700000000000001,-15.5,16
143,2452.0,0.1,-0.2,2.0,0.30000000000000004,3.2,11.200000000000001,-0.8,11.4,-15.5,16
144,2469.0,0.2,-0.30000000000000004,1.6,0.30000000000000004,3.1,10.8,3.9,9.700000000000001,-16.6,16
145,2486.0,0.2,-0.30000000000000004,1.3,0.4,3.0,10.5,3.7000000000000006,-3.0,-18.3,16
146,2506.0,0.30000000000000004,-0.5,1.4000000000000001,0.4,2.9000000000000004,10.600000000000001,-1.8000000000000003,-10.299999999999999,-19.5,16
147,2520.0,0.1,-0.6000000000000001,1.4000000000000001,0.2,2.8000000000000003,10.600000000000001,-4.6,-8.600000000000001,-19.6,16
148,2536.0,-0.1,-0.7000000000000001,1.4000000000000001,-0.1,2.6,10.600000000000001,-11.8,-6.4,-15.8,16
149,2553.0,-0.30000000000000004,-0.8,1.4000000000000001,-0.2,2.5,10.600000000000001,-16.700000000000003,-8.3,-11.8,16
150,2575.0,0.1,-0.9,2.1,0.2,2.4000000000000004,11.4,-26.000000000000004,-17.9,-3.4,16
151,2588.0,0.8,-1.1,2.8000000000000003,1.0,2.1,12.100000000000001,-24.1,-22.1,0.8,16
152,2606.0,1.1,-1.2000000000000002,2.6,1.4000000000000001,2.0,11.9,-9.5,-16.1,2.7,16
153,2622.0,1.4000000000000001,-1.4000000000000001,2.2,1.7000000000000002,1.8,11.5,1.8000000000000003,-8.2,2.8,16
154,2636.0,1.5,-1.5,2.0,1.8,1.7000000000000002,11.3,14.0,-2.9,1.7,16
155,2652.0,1.7000000000000002,-1.7000000000000002,1.1,2.0,1.5,10.4,31.7,-1.7,-3.0,16
156,2679.0,1.4000000000000001,-2.1,-0.2,1.7000000000000002,1.2000000000000002,9.0,54.6,-11.4,-15.8,16
157,2686.0,1.3,-2.3000000000000003,-0.4,1.6,1.1,8.700000000000001,55.900000000000006,-17.0,-19.0,16
158,2706.0,1.0,-2.7,-0.8,1.4000000000000001,0.9,8.3,49.300000000000004,-23.5,-20.8,16
159,2720.0,1.1,-2.7,-1.1,1.5,1.0,8.0,44.4,-21.6,-19.6,16
160,2736.0,1.1,-2.7,-1.1,1.6,1.1,7.800000000000001,39.2,-15.8,-19.0,16
161,2753.0,1.3,-2.6,-1.6,1.6,1.4000000000000001,7.300000000000001,26.000000000000004,-0.2,-24.0,16
162,2770.0,0.5,-2.3000000000000003,-1.9000000000000001,0.8,1.7000000000000002,7.1000000000000005,12.5,17.200000000000003,-32.400000000000006,16
163,2786.0,0.0,-2.1,-1.9000000000000001,0.30000000000000004,1.9000000000000001,7.1000000000000005,8.100000000000001,19.799999999999997,-34.60000000000001,16
164,2803.0,-0.5,-1.9000000000000001,-2.0,-0.30000000000000004,2.1,7.0,4.5,13.3,-33.1,16
165,2819.0,-0.4,-1.5,-1.8,-0.2,2.6,7.2,-0.6000000000000001,-4.0,-26.799999999999997,16
166,2839.0,0.1,-1.6,-1.3,0.2,2.4000000000000004,7.6000000000000005,-8.5,-4.300000000000001,-21.500000000000004,16
167,2852.0,0.2,-1.4000000000000001,-1.3,0.30000000000000004,2.6,7.7,-10.1,4.5,-20.0,16
168,2869.0,0.1,-1.5,-1.5,0.30000000000000004,2.8000000000000003,7.5,-6.8,-8.2,-8.3,16
169,2890.0,0.1,-0.1,-1.5,0.30000000000000004,3.8000000000000003,7.5,-12.299999999999999,-9.100000000000001,-11.8,16
170,2907.0,0.30000000000000004,-0.2,-1.2000000000000002,0.6000000000000001,3.3000000000000003,8.0,-20.8,-2.0,-24.5,16
171,2919.0,0.4,-0.8,-0.8,0.5,3.1,8.200000000000001,-19.6,-5.1000000000000005,-25.300000000000004,16
172,2939.0,0.1,-0.8,-0.7000000000000001,0.2,3.0,8.4,-14.400000000000002,-1.4,-24.400000000000002,16
173,2954.0,0.1,-0.8,-0.7000000000000001,0.1,3.1,8.4,-12.299999999999999,3.6000000000000005,-22.1,16
174,2970.0,0.1,-0.5,-0.6000000000000001,0.1,3.4000000000000004,8.5,-6.600000000000001,18.900000000000002,-16.8,16
175,2987.0,0.1,0.0,-0.30000000000000004,0.0,3.7,8.8,-6.8,31.9,-14.300000000000002,16
176,3003.0,0.1,0.1,-0.2,-0.1,3.8000000000000003,8.9,-6.4,26.000000000000004,-14.400000000000002,16
177,3027.0,0.0,0.1,0.30000000000000004,-0.30000000000000004,3.7,9.3,1.0,14.900000000000002,-16.700000000000003,16
178,3038.0,-0.2,0.0,0.2,-0.5,3.7,9.200000000000001,3.8,13.200000000000003,-17.0,16
179,3053.0,-0.30000000000000004,0.1,0.1,-0.6000000000000001,3.8000000000000003,9.1,6.699999999999999,14.400000000000002,-16.900000000000002,16
180,3069.0,-0.4,0.2,-0.2,-0.8,3.9000000000000004,8.9,8.5,15.5,-16.0,16
181,3086.0,-0.4,0.30000000000000004,0.0,-0.9,4.1000000000000005,9.1,3.5,13.399999999999999,-15.8,16
182,3103.0,-0.30000000000000004,0.30000000000000004,0.7000000000000001,-0.8,4.1000000000000005,9.700000000000001,-3.2,8.600000000000001,-15.6,16
183,3119.0,0.0,0.1,2.0,-0.5,3.9000000000000004,11.0,-18.200000000000003,-3.6000000000000005,-12.4,16
184,3136.0,0.2,0.1,2.6,-0.2,3.8000000000000003,12.100000000000001,-22.9,-4.6,-8.4,16
185,3154.0,0.30000000000000004,0.2,3.0,-0.1,3.9000000000000004,12.3,-19.6,5.1000000000000005,-7.300000000000001,16
186,3169.0,-0.1,0.7000000000000001,2.4000000000000004,-0.7000000000000001,4.3,11.5,-9.8,23.099999999999998,-9.899999999999999,16
187,3186.0,-0.5,0.7000000000000001,1.8,-1.2000000000000002,4.3,11.0,-10.9,22.000000000000004,-13.900000000000002,16
188,3202.0,-0.7000000000000001,0.6000000000000001,2.1,-1.4000000000000001,4.1000000000000005,11.3,-16.6,13.3,-16.3,16
189,3219.0,-0.7000000000000001,0.5,2.4000000000000004,-1.4000000000000001,2.8000000000000003,13.0,-34.900000000000006,-8.100000000000001,-18.900000000000002,16
190,3236.0,-0.7000000000000001,-1.4000000000000001,5.0,-1.5,2.0,14.200000000000001,-40.5,-15.399999999999999,-10.0,16
191,3252.0,-0.7000000000000001,-1.7000000000000002,5.2,-1.4000000000000001,1.6,14.4,-33.0,-12.7,-0.8,16
192,3274.0,-0.4,-1.7000000000000002,4.6000000000000005,-1.1,1.4000000000000001,13.8,-3.9,-4.1,19.200000000000003,16
193,3286.0,-0.1,-1.6,3.8000000000000003,-0.6000000000000001,1.7000000000000002,12.4,29.900000000000006,-7.6,25.200000000000003,16
194,3302.0,0.30000000000000004,-1.6,2.2,-0.30000000000000004,1.7000000000000002,11.5,40.4,-16.5,24.599999999999998,16
195,3319.0,0.8,-1.9000000000000001,1.0,0.30000000000000004,1.5,10.200000000000001,44.2,-25.1,24.8,16
196,3336.0,0.9,-2.0,0.8,0.4,1.4000000000000001,10.0,40.5,-23.5,24.7,16
197,3352.0,1.2000000000000002,-2.2,0.2,0.8,1.4000000000000001,9.3,31.799999999999997,-15.100000000000001,22.000000000000004,16
198,3379.0,0.8,-2.0,-0.7000000000000001,0.5,1.7000000000000002,8.4,23.800000000000004,1.1,6.8,16
199,3385.0,0.8,-2.1,-0.7000000000000001,0.1,1.7000000000000002,8.1,21.200000000000003,4.800000000000001,-0.2,16
200,3402.0,0.0,-2.1,-1.2000000000000002,-0.30000000000000004,1.6,7.9,18.6,6.9,-5.9,16
201,3419.0,-0.7000000000000001,-2.5,-1.1,-1.0,1.3,7.9,12.600000000000001,1.7,-10.1,16
202,3437.0,-0.8,-2.7,-1.0,-1.2000000000000002,1.1,8.1,9.4,-4.9,-8.0,16
203,3452.0,-0.8,-3.0,-0.5,-0.9,0.8,8.700000000000001,7.300000000000001,-12.100000000000001,2.6,16
204,3470.0,0.1,-3.0,-0.1,-0.30000000000000004,0.9,8.9,13.399999999999999,-11.6,17.400000000000002,16
205,3486.0,0.6000000000000001,-2.4000000000000004,-1.0,0.4,1.5,8.0,27.2,-2.5,19.1,16
206,3503.0,0.5,-2.2,-1.7000000000000002,0.2,2.0,6.7,35.0,12.5,11.2,16
207,3519.0,0.1,-1.8,-2.8000000000000003,-0.1,2.3000000000000003,6.1000000000000005,33.300000000000004,17.200000000000003,6.300000000000001,16
208,3536.0,-0.2,-1.8,-3.2,-1.0,2.5,5.5,27.9,15.399999999999999,2.8,16
209,3554.0,-0.7000000000000001,-1.7000000000000002,-3.4000000000000004,-1.2000000000000002,2.6,5.6000000000000005,14.300000000000002,7.0,-0.9000000000000001,16
210,3579.0,-0.7000000000000001,-1.5,-1.4000000000000001,-0.9,2.7,7.5,-4.9,-6.300000000000001,9.899999999999999,16
211,3587.0,-0.6000000000000001,-1.4000000000000001,-1.2000000000000002,-0.9,2.8000000000000003,7.6000000000000005,-4.7,-2.3,13.399999999999999,16
212,3602.0,-0.7000000000000001,-1.0,-1.0,-0.9,3.2,7.9,-1.6,5.4,15.2,16
213,3619.0,-1.0,-0.30000000000000004,-0.9,-1.2000000000000002,3.9000000000000004,7.9,4.6,19.5,12.5,16
214,3638.0,-1.4000000000000001,-0.1,-1.0,-1.7000000000000002,4.1000000000000005,7.9,5.1000000000000005,22.4,4.7,16
215,3657.0,-1.6,-0.1,-0.8,-2.0,4.2,8.0,0.2,13.5,2.5,16
216,3670.0,-1.6,-0.1,-0.8,-1.9000000000000001,4.2,8.200000000000001,-3.2,7.0,4.6,16
217,3689.0,-1.1,0.1,0.30000000000000004,-1.5,4.3,9.200000000000001,-9.100000000000001,-4.2,8.600000000000001,16
218,3706.0,-0.7000000000000001,0.2,1.5,-1.1,4.4,10.4,-12.299999999999999,-10.9,7.200000000000001,16
219,3719.0,-0.6000000000000001,0.2,2.2,-0.9,4.4,11.100000000000001,-14.900000000000002,-4.6,5.7,16
220,3736.0,-0.4,0.2,2.6,-0.7000000000000001,4.3,11.4,-13.399999999999999,23.0,3.2,16
221,3754.0,-0.30000000000000004,0.30000000000000004,1.9000000000000001,-0.6000000000000001,4.4,10.8,-9.600000000000001,33.7,1.4,16
222,3769.0,0.6000000000000001,0.6000000000000001,0.8,0.1,4.7,9.700000000000001,-18.4,24.7,-6.1000000000000005,16
223,3787.0,0.6000000000000001,0.30000000000000004,2.5,0.0,4.3,11.4,-62.900000000000006,-10.9,-28.1,16
224,3805.0,0.1,-1.3,4.5,-0.9,1.9000000000000001,14.0,-94.5,11.8,-40.9,16
225,3819.0,-1.9000000000000001,-3.4000000000000004,5.9,-2.5,0.30000000000000004,15.0,-97.40000000000002,32.0,-34.7,16
226,3839.0,-2.3000000000000003,-3.8000000000000003,5.5,-3.0,-0.5,14.700000000000001,-74.7,45.400000000000006,14.300000000000002,16
227,3854.0,-2.2,-3.7,5.4,-2.3000000000000003,-0.6000000000000001,14.100000000000001,-48.9,41.50000000000001,45.7,16
228,3869.0,1.3,-3.1,3.4000000000000004,0.4,0.0,12.700000000000001,9.8,0.5,81.8,16
229,3887.0,2.8000000000000003,-2.7,2.9000000000000004,3.1,0.8,11.8,42.5,-40.6,83.30000000000001,16
230,3904.0,4.800000000000001,-2.1,1.9000000000000001,4.5,1.3,10.700000000000001,58.0,-60.8,67.8,16
231,3924.0,4.9,-2.0,0.7000000000000001,4.6000000000000005,1.5,9.8,54.300000000000004,-51.300000000000004,55.8,16
232,3936.0,4.800000000000001,-2.1,0.7000000000000001,4.4,1.5,9.5,45.8,-34.800000000000004,40.6,16
233,3952.0,3.1,-2.0,-0.6000000000000001,3.0,1.7000000000000002,8.5,25.0,-0.6000000000000001,8.2,16
234,3969.0,1.9000000000000001,-2.0,-1.0,1.8,1.7000000000000002,8.1,6.9,17.400000000000002,-13.399999999999999,16
235,3992.0,1.3,-1.8,-1.0,0.6000000000000001,1.9000000000000001,8.1,-4.7,5.4,-25.4,16
236,4003.0,0.4,-1.9000000000000001,-0.9,0.1,1.8,8.200000000000001,-6.0,-4.0,-29.300000000000004,16
237,4019.0,0.0,-2.2,-0.8,-0.2,1.5,8.200000000000001,-5.2,-14.800000000000002,-26.5,16
238,4037.0,0.0,-2.1,-0.8,-0.2,1.6,8.200000000000001,-6.0,-16.1,-20.599999999999998,16
239,4055.0,0.5,-1.7000000000000002,-0.9,0.30000000000000004,2.0,8.200000000000001,0.0,-3.3000000000000007,-13.8,16
240,4070.0,0.6000000000000001,-1.3,-1.5,0.30000000000000004,2.5,7.5,14.400000000000002,-10.9,-21.1,16
241,4087.0,0.5,-1.1,-1.8,0.30000000000000004,2.7,7.2,21.300000000000004,-30.599999999999998,-26.700000000000003,16
242,4102.0,1.1,-1.2000000000000002,-0.9,1.0,2.6,8.200000000000001,21.200000000000003,-37.0,-27.6,16
243,4120.0,1.4000000000000001,-1.2000000000000002,-0.5,1.3,2.6,8.5,22.6,-34.400000000000006,-29.800000000000004,16
244,4136.0,1.7000000000000002,-1.2000000000000002,-0.7000000000000001,1.7000000000000002,2.8000000000000003,8.3,24.900000000000002,-24.200000000000003,-37.0,16
245,4152.0,1.6,-1.2000000000000002,-0.8,1.6,2.8000000000000003,8.1,24.0,-18.8,-41.300000000000004,16
246,4170.0,1.1,-1.1,-1.4000000000000001,1.1,3.0,7.6000000000000005,18.8,-2.7,-48.2,16
247,4186.0,0.5,-1.0,-1.6,0.4,3.1,7.300000000000001,8.3,10.1,-46.4,16
248,4203.0,0.4,-1.9000000000000001,-1.4000000000000001,0.2,2.3000000000000003,7.5,-1.2000000000000002,-15.899999999999999,-31.3,16
249,4219.0,0.9,0.0,-0.5,0.8,4.1000000000000005,8.4,2.1,-10.200000000000001,-28.700000000000003,16
250,4237.0,1.1,-0.9,-0.30000000000000004,0.9,3.2,8.6,8.600000000000001,-8.2,-32.2,16
251,4253.0,1.0,-0.7000000000000001,-0.4,0.8,3.4000000000000004,8.5,9.3,-3.6000000000000005,-32.7,16
252,4270.0,0.2,-0.2,-0.8,0.0,4.0,8.1,6.300000000000001,15.2,-33.9,16
253,4286.0,-0.1,0.0,0.2,-0.5,4.2,9.1,-4.6,10.700000000000001,-34.300000000000004,16
254,4302.0,-0.30000000000000004,0.0,1.4000000000000001,-0.6000000000000001,4.0,10.700000000000001,-13.6,8.3,-33.800000000000004,16
255,4319.0,-0.2,-0.2,2.6,-0.6000000000000001,3.9000000000000004,11.5,-14.700000000000001,3.6000000000000005,-32.1,16
256,4336.0,-0.1,-0.30000000000000004,3.1,-0.6000000000000001,3.8000000000000003,12.0,-7.400000000000001,-3.7000000000000006,-24.1,16
257,4352.0,-0.1,-0.30000000000000004,3.1,-0.30000000000000004,4.0,11.9,-0.7,-6.2,-18.0,16
258,4370.0,0.7000000000000001,0.4,2.6,0.6000000000000001,4.9,11.200000000000001,14.100000000000001,-9.5,-12.4,16
259,4386.0,1.4000000000000001,1.4000000000000001,1.3,0.8,5.4,9.9,17.400000000000002,-18.8,-28.200000000000003,16
260,4402.0,0.7000000000000001,0.9,0.8,0.30000000000000004,5.1000000000000005,9.700000000000001,6.4,-21.6,-39.599999999999994,16
261,4419.0,0.1,-0.7000000000000001,2.5,-0.4,3.4000000000000004,11.4,-34.0,-12.7,-51.50000000000001,16
262,4436.0,-0.1,-0.8,3.1,-1.2000000000000002,2.6,13.4,-67.5,0.0,-49.699999999999996,16
263,4452.0,-0.6000000000000001,-1.2000000000000002,4.4,-1.6,2.0,14.4,-71.9,4.5,-42.7,16
264,4469.0,-1.2000000000000002,-2.4000000000000004,6.2,-1.8,1.2000000000000002,15.3,-50.5,5.9,-19.700000000000003,16
265,4486.0,-0.9,-2.3000000000000003,5.5,-1.0,1.5,13.700000000000001,-1.2000000000000002,-4.4,14.0,16
266,4503.0,0.6000000000000001,-1.3,2.9000000000000004,-0.1,2.2,12.0,24.1,-12.4,25.1,16
267,4519.0,1.4000000000000001,-1.0,0.6000000000000001,0.8,2.6,9.700000000000001,53.0,-33.50000000000001,28.700000000000003,16
268,4541.0,1.3,-1.1,0.2,1.1,2.9000000000000004,8.3,50.1,-33.6,23.0,16
269,4553.0,1.4000000000000001,-1.0,-0.7000000000000001,0.9,2.8000000000000003,7.800000000000001,29.200000000000003,-17.6,14.5,16
270,4570.0,1.2000000000000002,-1.2000000000000002,-1.1,0.7000000000000001,2.6,8.1,17.400000000000002,-12.0,11.4,16
271,4587.0,0.5,-1.8,-0.1,0.30000000000000004,2.2,8.9,4.6,-14.200000000000001,9.700000000000001,16
272,4602.0,0.8,-2.4000000000000004,0.6000000000000001,0.6000000000000001,1.7000000000000002,9.600000000000001,7.200000000000001,-26.000000000000004,10.8,16
273,4620.0,1.1,-2.6,0.6000000000000001,1.0,1.4000000000000001,9.600000000000001,12.7,-29.300000000000004,10.299999999999999,16
274,4635.0,1.3,-2.7,0.5,1.7000000000000002,1.5,8.8,19.5,-29.700000000000006,9.0,16
275,4652.0,1.6,-2.6,-0.1,1.7000000000000002,1.6,8.4,28.400000000000002,-24.0,2.7,16
276,4674.0,1.4000000000000001,-2.4000000000000004,-1.5,1.6,1.8,7.300000000000001,18.900000000000002,-15.8,-5.6,16
277,4685.0,1.3,-2.4000000000000004,-1.5,1.5,1.8,7.300000000000001,17.1,-14.5,-6.1000000000000005,16
278,4711.0,1.2000000000000002,-2.3000000000000003,-1.6,1.4000000000000001,2.0,7.300000000000001,17.5,-13.200000000000003,-8.100000000000001,16
279,4723.0,1.0,-2.2,-2.2,1.3,2.2,6.6000000000000005,25.900000000000002,-14.5,-10.1,16
280,4736.0,1.1,-1.9000000000000001,-2.8000000000000003,1.4000000000000001,2.5,6.0,28.700000000000003,-15.000000000000002,-11.3,16
281,4753.0,1.1,-1.9000000000000001,-3.1,1.4000000000000001,2.5,5.7,29.0,-13.900000000000002,-13.200000000000003,16
282,4769.0,1.1,-1.5,-3.4000000000000004,1.4000000000000001,3.0,5.300000000000001,22.4,-9.4,-20.900000000000002,16
283,4786.0,0.8,-1.4000000000000001,-3.5,0.9,3.2,5.2,11.900000000000002,-3.8,-32.2,16
284,4802.0,0.2,-1.4000000000000001,-3.3000000000000003,0.5,3.2,5.4,4.9,-1.6,-37.300000000000004,16
285,4819.0,-0.5,-1.3,-2.4000000000000004,-0.30000000000000004,3.3000000000000003,6.2,-9.5,1.1,-42.60000000000001,16
286,4836.0,-1.0,-1.3,-1.1,-0.8,3.3000000000000003,7.6000000000000005,-15.399999999999999,0.0,-41.900000000000006,16
287,4852.0,-0.9,-1.3,-1.1,-0.8,3.3000000000000003,8.0,-13.399999999999999,-1.3,-38.2,16
288,4871.0,-0.4,-0.9,-0.1,-0.30000000000000004,3.5,8.6,-4.1,-8.100000000000001,-30.3,16
289,4891.0,0.2,-0.4,0.0,0.30000000000000004,4.1000000000000005,8.700000000000001,3.2,-15.000000000000002,-28.1,16
290,4905.0,0.4,0.0,0.2,0.6000000000000001,4.5,9.0,-1.1,-9.5,-33.1,16
291,4920.0,0.5,0.1,0.6000000000000001,0.6000000000000001,4.6000000000000005,9.3,-6.4,-3.8,-36.0,16
292,4936.0,0.4,0.0,1.4000000000000001,0.4,4.5,10.100000000000001,-17.0,3.5,-38.900000000000006,16
293,4962.0,0.8,0.1,2.8000000000000003,0.7000000000000001,4.5,11.600000000000001,-16.4,2.9,-30.5,16
294,4969.0,0.8,0.1,2.8000000000000003,1.1,4.5,12.0,-16.4,2.9,-30.5,16
295,4989.0,1.9000000000000001,0.4,3.4000000000000004,2.0,4.9,11.9,-0.4,2.3,-35.3,16
296,5003.0,2.3000000000000003,0.5,2.0,2.1,4.9,10.4,0.0,-0.6000000000000001,-49.6,16
297,5019.0,2.0,0.4,1.4000000000000001,1.8,4.7,10.200000000000001,-12.4,-0.6000000000000001,-57.400000000000006,16
298,5038.0,2.0,-0.5,2.1,1.6,3.8000000000000003,11.0,-47.3,3.8,-71.19999999999999,16
299,5052.0,2.0,-0.4,2.1,1.2000000000000002,3.0,11.8,-63.0,1.8000000000000003,-79.00000000000001,16
300,5069.0,0.2,-3.2,5.5,-0.30000000000000004,0.8,14.5,-79.39999999999999,-11.000000000000002,-78.60000000000001,16
301,5086.0,-0.30000000000000004,-4.800000000000001,6.9,-0.9,-1.1,16.0,-65.89999999999999,-9.8,-42.3,16
302,5102.0,0.6000000000000001,-4.9,6.4,1.0,-1.0,14.700000000000001,-22.1,-7.8,6.2,16
303,5119.0,3.6,-3.5,3.5,3.0,-0.1,12.700000000000001,2.9,-19.300000000000004,19.799999999999997,16
304,5136.0,4.3,-3.2,2.5,3.8000000000000003,0.30000000000000004,11.600000000000001,23.3,-34.0,23.800000000000004,16
305,5155.0,5.5,-2.6,-0.9,5.2,1.0,8.200000000000001,36.1,-57.3,-1.3,16
306,5169.0,5.1000000000000005,-2.7,-1.7000000000000002,4.9,1.0,7.4,26.300000000000004,-50.7,-17.9,16
307,5188.0,3.5,-2.7,-2.0,3.5,1.0,7.0,-12.100000000000001,-20.900000000000002,-47.0,16
308,5204.0,2.7,-2.8000000000000003,-1.6,2.0,0.8,7.9,-44.00000000000001,9.5,-61.39999999999999,16
309,5219.0,1.5,-2.8000000000000003,-0.8,1.3,0.9,8.3,-48.0,16.0,-63.599999999999994,16
310,5236.0,1.2000000000000002,-2.1,-1.0,0.9,1.4000000000000001,8.200000000000001,-33.7,10.8,-56.800000000000004,16
311,5258.0,1.8,-1.0,-2.1,1.5,2.3000000000000003,7.1000000000000005,-10.200000000000001,-6.500000000000001,-45.6,16
312,5269.0,1.9000000000000001,-1.0,-2.1,1.7000000000000002,2.5,6.9,-2.8,-16.6,-44.300000000000004,16
313,5286.0,2.2,-0.7000000000000001,-2.6,1.8,2.8000000000000003,6.5,2.7,-25.6,-49.0,16
314,5305.0,2.1,-0.4,-3.0,1.7000000000000002,3.1,6.1000000000000005,1.9,-20.1,-52.2,16
315,5320.0,2.0,-0.1,-3.1,1.6,3.2,6.1000000000000005,0.30000000000000004,-16.4,-54.300000000000004,16
316,5336.0,1.7000000000000002,0.0,-3.0,1.3,3.3000000000000003,6.300000000000001,-4.2,-12.9,-59.300000000000004,16
317,5357.0,1.6,0.0,-2.9000000000000004,1.3,3.3000000000000003,6.4,-7.1000000000000005,-11.6,-61.39999999999999,16
318,5369.0,1.4000000000000001,0.0,-2.4000000000000004,1.0,3.3000000000000003,6.9,-15.899999999999999,-12.4,-67.60000000000001,16
319,5386.0,1.1,-0.30000000000000004,-1.3,0.7000000000000001,2.9000000000000004,7.9,-25.0,-16.0,-74.5,16
320,5402.0,1.0,-0.5,-0.7000000000000001,0.5,2.7,8.6,-27.9,-14.200000000000001,-75.9,16
321,5419.0,0.9,-0.5,-0.2,0.30000000000000004,2.5,9.5,-27.099999999999998,-4.4,-72.60000000000001,16
322,5436.0,0.6000000000000001,-0.2,0.1,0.0,2.7,9.4,-20.900000000000002,6.600000000000001,-64.4,16
323,5454.0,0.5,0.0,0.0,-0.1,2.9000000000000004,9.3,-20.8,11.1,-59.699999999999996,16
324,5474.0,0.2,0.5,0.1,-0.5,3.3000000000000003,9.5,-27.099999999999998,17.799999999999997,-52.5,16
325,5486.0,0.1,0.8,0.9,-0.8,3.6,10.8,-32.0,18.4,-47.5,16
326,5504.0,0.0,0.7000000000000001,2.8000000000000003,-0.9,3.3000000000000003,12.200000000000001,-25.0,18.200000000000003,-37.9,16
327,5519.0,0.2,0.7000000000000001,3.3000000000000003,-0.8,3.3000000000000003,12.700000000000001,-15.399999999999999,18.200000000000003,-29.1,16
328,5536.0,1.3,1.4000000000000001,2.8000000000000003,0.30000000000000004,4.0,12.3,7.0,15.000000000000002,-9.100000000000001,16
329,5552.0,2.0,1.7000000000000002,2.5,0.9,4.2,11.9,13.5,11.8,-4.1,16
330,5575.0,3.1,2.4000000000000004,2.2,2.0,5.0,11.600000000000001,0.7,-3.3000000000000007,-20.900000000000002,16
331,5585.0,3.1,2.4000000000000004,2.2,1.9000000000000001,4.6000000000000005,12.3,-15.700000000000001,-7.1000000000000005,-36.300000000000004,16
332,5602.0,2.3000000000000003,0.5,4.800000000000001,1.2000000000000002,3.1,14.200000000000001,-33.6,-4.1,-52.400000000000006,16
333,5627.0,0.2,-1.6,8.1,-1.0,0.7000000000000001,17.6,-43.900000000000006,30.3,-58.2,16
334,5636.0,0.2,-2.3000000000000003,8.200000000000001,-1.1,-0.1,17.7,-23.400000000000002,40.300000000000004,-42.400000000000006,16
335,5652.0,1.3,-1.8,5.300000000000001,-0.1,0.4,14.8,38.60000000000001,37.6,-9.899999999999999,16
336,5669.0,2.0,-1.6,3.6,0.5,0.7000000000000001,13.0,63.0,20.5,-0.7,16
337,5687.0,3.3000000000000003,-1.5,0.9,1.8,0.9,10.3,74.7,-13.8,2.1,16
338,5705.0,3.9000000000000004,-1.9000000000000001,0.6000000000000001,2.4000000000000004,0.8,9.9,50.60000000000001,-18.0,-6.699999999999999,16
339,5720.0,3.9000000000000004,-2.3000000000000003,0.8,2.4000000000000004,0.5,10.100000000000001,38.800000000000004,-8.4,-12.200000000000001,16
340,5738.0,3.4000000000000004,-2.4000000000000004,0.5,1.9000000000000001,0.5,9.700000000000001,27.800000000000004,10.299999999999999,-21.400000000000002,16
341,5752.0,3.4000000000000004,-2.5,0.5,1.4000000000000001,0.5,8.8,26.200000000000003,12.5,-23.900000000000006,16
342,5773.0,3.0,-2.4000000000000004,-0.7000000000000001,1.4000000000000001,0.6000000000000001,8.5,22.2,-0.30000000000000004,-25.4,16
343,5785.0,3.0,-2.3000000000000003,-0.8,1.5,0.8,8.6,13.6,-25.0,-27.3,16
344,5804.0,3.2,-2.5,-0.1,1.7000000000000002,0.6000000000000001,9.1,8.600000000000001,-35.2,-31.3,16
345,5819.0,3.0,-2.4000000000000004,-0.1,1.6,0.7000000000000001,9.1,8.899999999999999,-32.6,-32.8,16
346,5835.0,2.7,-2.1,-0.7000000000000001,1.4000000000000001,1.0,8.6,14.800000000000002,-19.0,-32.9,16
347,5853.0,2.5,-1.9000000000000001,-1.1,1.2000000000000002,1.2000000000000002,8.1,18.1,-11.700000000000001,-32.5,16
348,5885.0,1.8,-0.9,-3.1,0.4,2.3000000000000003,6.1000000000000005,21.400000000000002,-7.500000000000001,-30.3,16
349,5902.0,1.7000000000000002,-0.6000000000000001,-3.2,0.30000000000000004,2.6,6.0,21.6,-23.3,-28.800000000000004,16
350,5928.0,1.9000000000000001,-0.7000000000000001,-3.0,0.6000000000000001,2.6,6.2,23.5,-32.0,-25.300000000000004,16
351,5935.0,1.9000000000000001,-0.7000000000000001,-3.0,0.9,2.9000000000000004,6.2,24.400000000000002,-32.300000000000004,-24.900000000000002,16
352,5952.0,2.4000000000000004,0.0,-3.1,1.2000000000000002,3.4000000000000004,6.0,26.6,-28.800000000000004,-28.700000000000003,16
353,5971.0,2.4000000000000004,0.0,-3.1,1.2000000000000002,3.6,5.9,25.200000000000003,-26.1,-33.2,16
354,5987.0,2.2,0.4,-3.1,1.1,3.9000000000000004,6.0,16.5,-19.0,-44.7,16
355,6002.0,1.8,0.5,-2.6,0.6000000000000001,3.9000000000000004,6.5,8.4,-15.000000000000002,-51.800000000000004,16
356,6019.0,1.1,0.30000000000000004,-1.5,0.0,3.8000000000000003,7.6000000000000005,-4.6,-3.4,-62.800000000000004,16
357,6036.0,0.6000000000000001,0.2,-0.8,-0.6000000000000001,3.7,8.3,-6.9,5.7,-69.60000000000001,16
358,6055.0,0.2,0.2,-0.7000000000000001,-1.2000000000000002,3.6,8.4,-3.6000000000000005,9.5,-71.5,16
359,6077.0,-0.30000000000000004,0.5,-0.7000000000000001,-1.8,3.8000000000000003,8.5,-6.8,12.7,-68.0,16
360,6086.0,-0.30000000000000004,0.5,-0.7000000000000001,-1.9000000000000001,3.9000000000000004,8.6,-6.8,12.7,-68.0,16
361,6105.0,-0.2,0.9,0.4,-1.9000000000000001,4.1000000000000005,9.5,-23.2,13.8,-58.900000000000006,16
362,6119.0,-0.4,1.0,1.1,-2.1,4.1000000000000005,10.200000000000001,-26.200000000000003,11.4,-56.2,16
363,6136.0,-0.5,1.0,1.4000000000000001,-2.3000000000000003,4.2,11.100000000000001,-28.1,7.1000000000000005,-51.70000000000001,16
364,6152.0,-0.4,1.1,2.3000000000000003,-1.8,4.1000000000000005,12.0,-31.2,-5.6,-38.300000000000004,16
365,6179.0,1.4000000000000001,1.2000000000000002,3.7,-0.4,4.0,12.9,-30.3,-24.7,-16.0,16
366,6186.0,2.1,1.3,3.7,0.30000000000000004,4.0,13.0,-27.800000000000004,-33.800000000000004,-12.0,16
367,6203.0,3.1,0.8,4.5,1.4000000000000001,3.4000000000000004,13.8,-36.1,-51.2,-16.4,16
368,6219.0,3.2,-0.2,6.0,1.6,2.4000000000000004,15.3,-44.00000000000001,-52.80000000000001,-20.7,16
369,6236.0,2.9000000000000004,-1.7000000000000002,6.9,1.4000000000000001,0.7000000000000001,16.3,-44.9,-28.800000000000004,-23.0,16
370,6253.0,2.8000000000000003,-2.1,6.7,1.4000000000000001,0.30000000000000004,16.1,-37.2,-11.8,-19.5,16
371,6269.0,3.2,-2.2,5.1000000000000005,1.8,0.1,14.600000000000001,-15.8,6.0,-5.7,16
372,6286.0,3.6,-2.0,4.3,2.5,0.4,12.9,8.3,-6.1000000000000005,4.2,16
373,6303.0,4.4,-1.2000000000000002,1.7000000000000002,3.0,1.1,11.200000000000001,26.6,-26.1,2.0,16
374,6319.0,4.4,-1.2000000000000002,1.7000000000000002,3.1,1.4000000000000001,10.200000000000001,32.2,-31.5,-3.1,16
375,6338.0,3.9000000000000004,-0.7000000000000001,-0.9,2.7,1.7000000000000002,8.5,36.1,-27.700000000000003,-17.5,16
376,6357.0,3.0,-0.6000000000000001,-2.3000000000000003,1.9000000000000001,1.9000000000000001,7.1000000000000005,25.200000000000003,-15.700000000000001,-32.400000000000006,16
377,6376.0,2.8000000000000003,-0.6000000000000001,-2.5,1.6,2.0,6.9,14.800000000000002,-12.8,-39.300000000000004,16
378,6386.0,2.0,-0.5,-1.9000000000000001,0.9,2.1,7.5,-1.5,-14.900000000000002,-49.4,16
379,6403.0,1.2000000000000002,-1.0,-0.8,0.1,1.5,8.6,-9.700000000000001,-16.900000000000002,-58.7,16
380,6422.0,0.7000000000000001,-1.1,-0.6000000000000001,-0.4,1.4000000000000001,8.8,-5.6,-14.800000000000002,-58.800000000000004,16
381,6437.0,0.2,-1.1,-1.3,-1.0,1.4000000000000001,8.1,11.6,-10.4,-51.70000000000001,16
382,6457.0,0.30000000000000004,-0.6000000000000001,-2.5,-0.8,1.9000000000000001,6.9,25.8,-9.4,-41.199999999999996,16
383,6469.0,0.4,-0.5,-2.8000000000000003,-0.7000000000000001,2.0,6.6000000000000005,28.700000000000003,-10.4,-38.60000000000001,16
384,6486.0,0.6000000000000001,-0.30000000000000004,-3.3000000000000003,-0.5,2.3000000000000003,6.1000000000000005,26.700000000000003,-12.9,-36.400000000000006,16
385,6504.0,0.8,-0.2,-3.3000000000000003,-0.30000000000000004,2.5,6.1000000000000005,22.2,-12.8,-36.5,16
386,6523.0,0.8,-0.30000000000000004,-3.1,-0.30000000000000004,2.5,6.2,20.2,-14.0,-36.5,16
387,6535.0,0.9,-0.30000000000000004,-3.0,-0.30000000000000004,2.5,6.4,19.6,-15.5,-35.699999999999996,16
388,6553.0,1.1,-0.1,-2.6,0.0,2.7,6.7,17.6,-16.5,-33.1,16
389,6572.0,1.3,-0.1,-2.5,0.2,2.7,6.800000000000001,16.0,-14.800000000000002,-33.2,16
390,6585.0,1.3,0.1,-2.5,0.2,3.0,6.800000000000001,10.8,-2.6,-35.3,16
391,6603.0,0.8,0.6000000000000001,-2.5,-0.30000000000000004,3.5,6.800000000000001,-0.8,13.000000000000002,-39.1,16
392,6624.0,0.4,0.8,-2.0,-0.8,3.6,7.300000000000001,-14.5,19.300000000000004,-40.6,16
393,6636.0,0.30000000000000004,0.8,-1.8,-1.3,3.7,8.200000000000001,-19.200000000000003,21.900000000000002,-38.900000000000006,16
394,6652.0,-0.5,1.0,0.0,-1.9000000000000001,3.8000000000000003,9.4,-24.599999999999998,23.800000000000004,-31.9,16
395,6669.0,-0.6000000000000001,1.0,0.6000000000000001,-2.1,3.7,10.0,-24.5,22.6,-26.200000000000003,16
396,6685.0,-0.6000000000000001,1.2000000000000002,2.0,-2.1,3.8000000000000003,11.3,-13.8,16.0,-9.0,16
397,6704.0,0.30000000000000004,1.6,2.5,-1.3,4.2,11.8,6.300000000000001,7.500000000000001,9.3,16
398,6723.0,1.3,2.2,1.8,-0.30000000000000004,4.800000000000001,11.100000000000001,21.1,5.7,19.700000000000003,16
399,6736.0,1.7000000000000002,2.8000000000000003,1.0,0.1,5.5,10.3,23.5,6.600000000000001,20.2,16
400,6753.0,1.8,3.5,-0.1,0.2,6.2,9.200000000000001,16.200000000000003,10.299999999999999,13.6,16
401,6776.0,1.9000000000000001,3.4000000000000004,-0.2,0.30000000000000004,6.2,9.0,-17.5,6.4,-4.800000000000001,16
402,6786.0,1.9000000000000001,2.9000000000000004,0.8,0.30000000000000004,5.6000000000000005,10.100000000000001,-41.7,-2.6,-17.6,16
403,6802.0,1.3,0.6000000000000001,4.6000000000000005,-0.30000000000000004,3.2,13.9,-76.4,-14.800000000000002,-38.60000000000001,16
404,6819.0,0.1,-0.7000000000000001,6.7,-1.5,1.7000000000000002,16.1,-80.7,-11.4,-39.9,16
405,6835.0,-0.4,-2.5,7.7,-2.0,-0.30000000000000004,17.1,-67.60000000000001,12.200000000000001,-20.0,16
406,6852.0,-0.4,-2.3000000000000003,7.300000000000001,-2.0,-0.30000000000000004,16.8,-47.0,28.700000000000003,-1.7,16
407,6869.0,0.2,-1.3,3.9000000000000004,-1.5,0.6000000000000001,13.4,7.200000000000001,33.800000000000004,34.900000000000006,16
408,6886.0,1.2000000000000002,-0.5,0.5,-0.6000000000000001,1.5,9.9,37.7,1.8000000000000003,56.7,16
409,6905.0,2.2,-0.1,-1.1,0.4,2.1,8.3,34.2,-27.099999999999998,62.50000000000001,16
410,6919.0,2.2,-0.1,-1.1,0.4,2.1,8.3,34.2,-27.099999999999998,62.50000000000001,16
411,6942.0,2.3000000000000003,0.0,-1.4000000000000001,0.8,2.3000000000000003,8.0,5.6,-36.0,46.6,16
412,6957.0,2.3000000000000003,0.0,-1.4000000000000001,0.8,2.3000000000000003,8.0,5.6,-36.0,46.6,16
413,6982.0,1.6,-0.9,-0.7000000000000001,0.4,1.4000000000000001,8.8,-11.3,-21.1,30.000000000000004,16
414,6985.0,1.5,-0.9,-0.8,0.4,1.4000000000000001,8.700000000000001,-7.300000000000001,-22.000000000000004,28.600000000000005,16
415,7002.0,1.5,-0.8,-1.6,0.5,1.5,7.9,2.9,-29.800000000000004,26.700000000000003,16
416,7019.0,1.5,-0.7000000000000001,-2.0,0.5,1.6,7.5,3.9,-32.1,24.200000000000003,16
417,7036.0,1.2000000000000002,-0.5,-1.9000000000000001,0.30000000000000004,1.8,7.6000000000000005,-2.5,-26.700000000000003,16.6,16
418,7053.0,0.9,-0.5,-1.6,0.1,1.8,7.9,-4.4,-21.0,12.5,16
419,7072.0,0.2,-0.6000000000000001,-1.1,-0.5,1.7000000000000002,8.4,0.9000000000000001,-9.0,9.100000000000001,16
420,7087.0,0.2,-0.5,-1.5,-0.5,1.8,7.9,16.700000000000003,-8.0,13.200000000000003,16
421,7102.0,0.7000000000000001,-0.2,-2.2,0.0,2.2,7.2,27.700000000000003,-14.300000000000002,14.800000000000002,16
422,7120.0,0.9,0.0,-2.5,0.30000000000000004,2.4000000000000004,7.0,28.700000000000003,-16.200000000000003,12.5,16
423,7144.0,1.0,0.0,-2.8000000000000003,0.5,2.6,6.7,23.099999999999998,-4.800000000000001,-0.9000000000000001,16
424,7156.0,0.7000000000000001,0.1,-2.8000000000000003,0.2,2.8000000000000003,6.6000000000000005,19.0,1.0,-6.300000000000001,16
425,7169.0,0.5,0.1,-2.8000000000000003,0.0,2.8000000000000003,6.6000000000000005,13.900000000000002,5.2,-11.000000000000002,16
426,7185.0,0.0,0.30000000000000004,-2.6,-0.6000000000000001,3.0,6.800000000000001,-0.2,8.100000000000001,-19.5,16
427,7202.0,-0.7000000000000001,0.4,-1.2000000000000002,-1.3,3.1,8.200000000000001,-17.5,4.800000000000001,-27.0,16
428,7219.0,-1.0,0.0,0.1,-1.7000000000000002,2.7,9.5,-21.1,3.6000000000000005,-28.200000000000003,16
429,7236.0,-1.1,-0.1,0.6000000000000001,-1.8,2.5,10.0,-16.5,-2.0,-22.4,16
430,7252.0,-1.1,0.0,0.6000000000000001,-1.5,2.5,10.200000000000001,-13.3,-7.500000000000001,-17.6,16
431,7275.0,0.7000000000000001,0.30000000000000004,1.7000000000000002,0.1,2.8000000000000003,11.100000000000001,-17.6,-21.1,-12.5,16
432,7286.0,0.8,0.2,2.1,0.2,2.7,11.600000000000001,-22.8,-20.7,-14.400000000000002,16
433,7302.0,0.8,0.30000000000000004,3.2,0.2,2.6,12.700000000000001,-28.200000000000003,-6.1000000000000005,-16.200000000000003,16
434,7319.0,0.7000000000000001,0.30000000000000004,3.5,0.2,2.6,13.0,-26.700000000000003,3.3000000000000007,-14.800000000000002,16
435,7337.0,1.6,0.8,3.1,1.0,3.0,12.700000000000001,-17.7,5.9,-7.699999999999999,16
436,7353.0,2.3000000000000003,1.0,3.4000000000000004,1.6,3.2,13.0,-18.8,-9.0,-8.2,16
437,7369.0,2.6,0.7000000000000001,3.7,2.0,2.9000000000000004,13.3,-22.000000000000004,-10.299999999999999,-12.100000000000001,16
438,7385.0,2.2,0.6000000000000001,4.0,1.7000000000000002,2.7,13.5,-26.799999999999997,4.7,-22.6,16
439,7402.0,1.4000000000000001,0.1,3.5,0.7000000000000001,2.1,13.100000000000001,-27.2,29.800000000000004,-29.200000000000003,16
440,7419.0,0.5,-0.5,3.2,-0.2,1.4000000000000001,12.8,-25.200000000000003,36.300000000000004,-29.1,16
441,7435.0,0.30000000000000004,-0.9,3.2,-0.5,1.0,12.8,-21.500000000000004,33.7,-25.300000000000004,16
442,7452.0,0.6000000000000001,-1.7000000000000002,3.1,-0.30000000000000004,0.1,12.700000000000001,-5.9,8.8,-0.2,16
443,7469.0,1.8,-1.7000000000000002,2.8000000000000003,1.5,0.30000000000000004,12.0,20.5,-24.1,25.5,16
444,7489.0,3.1,-0.9,0.4,2.3000000000000003,1.0,10.0,43.00000000000001,-35.599999999999994,32.9,16
445,7503.0,3.2,-0.30000000000000004,-1.7000000000000002,2.6,1.7000000000000002,7.9,43.50000000000001,-24.900000000000002,26.700000000000003,16
446,7524.0,2.6,-0.1,-2.8000000000000003,2.1,2.1,6.7,26.799999999999997,-7.0,11.8,16
447,7537.0,1.9000000000000001,-0.2,-3.0,1.4000000000000001,2.1,6.5,16.6,0.1,5.2,16
448,7552.0,1.9000000000000001,-0.2,-3.0,1.1,2.1,6.6000000000000005,9.4,4.300000000000001,1.1,16
449,7580.0,0.5,0.0,-2.7,0.0,2.3000000000000003,6.800000000000001,8.4,-6.600000000000001,2.9,16
450,7585.0,0.4,0.0,-2.7,-0.1,2.3000000000000003,6.9,12.200000000000001,-13.100000000000001,5.0,16
451,7607.0,0.4,0.1,-2.9000000000000004,0.0,2.5,6.6000000000000005,20.900000000000002,-17.5,8.3,16
452,7622.0,0.4,0.30000000000000004,-3.1,0.0,2.8000000000000003,6.2,23.900000000000006,-11.700000000000001,8.3,16
453,7636.0,0.4,0.6000000000000001,-3.5,0.0,3.1,6.0,21.300000000000004,-6.9,6.1000000000000005,16
454,7655.0,0.1,0.6000000000000001,-3.4000000000000004,-0.30000000000000004,3.1,6.0,13.399999999999999,-1.7,0.7,16
455,7672.0,0.1,0.5,-3.3000000000000003,-0.30000000000000004,3.1,6.2,9.5,-3.4,-0.8,16
456,7688.0,0.1,0.2,-2.3000000000000003,-0.2,2.8000000000000003,7.1000000000000005,8.5,-13.399999999999999,-1.7,16
457,7705.0,0.2,-0.1,-1.9000000000000001,0.0,2.5,7.7,15.399999999999999,-18.0,0.0,16
458,7720.0,0.30000000000000004,-0.2,-1.7000000000000002,0.1,2.4000000000000004,7.800000000000001,17.200000000000003,-18.1,0.6000000000000001,16
459,7735.0,0.7000000000000001,-0.1,-2.1,0.5,2.6,7.300000000000001,21.0,-14.900000000000002,0.7,16
460,7752.0,0.5,-0.2,-1.7000000000000002,0.4,2.6,7.7,17.7,-10.1,-2.0,16
461,7769.0,0.5,-0.2,-1.7000000000000002,0.2,2.5,8.1,6.4,6.1000000000000005,-6.500000000000001,16
462,7785.0,-0.2,-0.5,-1.1,-0.4,2.4000000000000004,8.3,10.9,22.5,-2.3,16
463,7802.0,-0.2,-0.1,-2.1,-0.5,2.8000000000000003,7.300000000000001,24.5,19.9,10.700000000000001,16
464,7819.0,0.30000000000000004,0.5,-2.5,0.0,3.4000000000000004,6.800000000000001,26.300000000000004,10.9,16.900000000000002,16
465,7835.0,1.2000000000000002,1.0,-1.7000000000000002,0.9,4.0,7.6000000000000005,11.000000000000002,-9.700000000000001,20.1,16
466,7852.0,1.3,1.1,-0.6000000000000001,1.1,4.1000000000000005,8.700000000000001,-2.0,-14.5,14.5,16
467,7874.0,0.8,1.1,2.9000000000000004,0.6000000000000001,4.1000000000000005,12.200000000000001,-24.8,14.0,-2.9,16
468,7891.0,0.5,1.3,3.0,0.30000000000000004,4.3,12.4,-24.1,31.7,-5.4,16
469,7904.0,0.0,1.8,2.5,-0.7000000000000001,4.9,11.3,-21.6,58.400000000000006,-5.500000000000001,16
470,7919.0,-0.4,2.5,1.3,-0.9,5.300000000000001,10.700000000000001,-26.700000000000003,60.7,-4.1,16
471,7937.0,-0.9,2.5,3.0,-1.5,5.2,12.4,-52.1,29.500000000000004,-7.8,16
472,7955.0,-0.7000000000000001,0.9,5.6000000000000005,-1.4000000000000001,3.4000000000000004,15.100000000000001,-65.7,-11.2,-3.6000000000000005,16
473,7969.0,-0.8,0.1,6.9,-1.5,2.5,16.400000000000002,-60.6,-25.300000000000004,2.9,16
474,7986.0,-0.6000000000000001,-0.9,7.800000000000001,-1.2000000000000002,1.4000000000000001,17.400000000000002,-32.7,-21.400000000000002,29.0,16
475,8002.0,-0.30000000000000004,-0.6000000000000001,6.9,-0.5,1.8,15.5,-16.3,-6.9,42.7,16
476,8019.0,0.30000000000000004,-0.1,4.1000000000000005,-0.2,2.1,13.700000000000001,9.8,17.400000000000002,58.2,16
477,8036.0,0.4,0.5,1.3,-0.1,2.7,10.9,21.0,24.8,65.6,16
478,8052.0,0.5,0.5,0.8,-0.1,2.7,10.3,22.5,19.6,67.5,16
479,8070.0,0.8,0.5,-0.2,0.30000000000000004,2.8000000000000003,9.3,23.900000000000006,-2.2,70.5,16
480,8085.0,1.2000000000000002,0.30000000000000004,-0.7000000000000001,0.7000000000000001,2.7,8.8,22.6,-24.400000000000002,67.60000000000001,16
481,8102.0,1.4000000000000001,-0.1,-0.5,1.0,2.4000000000000004,9.0,10.8,-26.9,58.400000000000006,16
482,8119.0,1.3,-0.4,0.1,1.1,2.1,9.600000000000001,5.7,-22.000000000000004,51.70000000000001,16
483,8137.0,0.5,-1.1,0.8,0.30000000000000004,1.5,10.200000000000001,9.2,-5.6,40.800000000000004,16
484,8155.0,-0.5,-1.5,-0.30000000000000004,-0.6000000000000001,1.1,9.200000000000001,17.400000000000002,3.2,39.699999999999996,16
485,8169.0,-0.6000000000000001,-1.6,-0.8,-0.7000000000000001,1.0,8.6,32.0,11.8,44.6,16
486,8186.0,-0.6000000000000001,-1.6,-1.9000000000000001,-0.7000000000000001,1.1,7.1000000000000005,47.5,9.3,56.400000000000006,16
487,8202.0,-0.4,-1.6,-3.0,-0.30000000000000004,1.5,5.9,54.50000000000001,-2.6,65.3,16
488,8219.0,0.1,-1.3,-3.8000000000000003,0.1,1.7000000000000002,5.6000000000000005,54.4,-11.000000000000002,66.80000000000001,16
489,8235.0,0.2,-1.4000000000000001,-3.5,0.30000000000000004,1.8,5.800000000000001,48.50000000000001,-21.6,62.7,16
490,8252.0,0.30000000000000004,-1.5,-3.3000000000000003,0.4,1.7000000000000002,6.0,45.099999999999994,-20.1,59.80000000000001,16
491,8269.0,0.4,-1.7000000000000002,-3.0,0.7000000000000001,1.7000000000000002,6.4,35.9,-11.1,52.900000000000006,16
492,8286.0,0.6000000000000001,-2.0,-1.8,1.0,1.5,7.4,27.6,-9.3,44.8,16
493,8305.0,0.8,-2.3000000000000003,-1.3,1.2000000000000002,1.3,7.9,29.500000000000004,-10.299999999999999,38.2,16
494,8319.0,0.9,-2.3000000000000003,-1.6,1.4000000000000001,1.3,7.5,32.6,-9.2,35.3,16
495,8335.0,1.2000000000000002,-2.3000000000000003,-2.6,1.8,1.4000000000000001,6.5,30.4,-3.8,28.3,16
496,8353.0,1.4000000000000001,-2.2,-2.8000000000000003,2.0,1.5,6.2,23.800000000000004,-1.4,24.0,16
497,8369.0,1.6,-1.9000000000000001,-3.1,2.2,1.9000000000000001,6.0,5.1000000000000005,-1.6,9.899999999999999,16
498,8385.0,1.7000000000000002,-1.7000000000000002,-2.6,2.4000000000000004,2.1,6.4,-23.5,-0.8,-6.699999999999999,16
499,8402.0,1.4000000000000001,-1.5,-1.1,2.0,2.2,8.0,-58.1,13.399999999999999,-22.9,16
500,8419.0,1.1,-1.6,0.30000000000000004,1.7000000000000002,2.0,9.4,-71.9,21.500000000000004,-27.6,16
501,8436.0,0.7000000000000001,-1.3,1.9000000000000001,1.2000000000000002,2.1,11.100000000000001,-91.7,29.700000000000006,-31.799999999999997,16
502,8453.0,0.4,-0.6000000000000001,3.7,0.7000000000000001,2.4000000000000004,13.0,-98.10000000000001,29.600000000000005,-31.400000000000002,16
503,8471.0,0.30000000000000004,-0.30000000000000004,4.1000000000000005,0.6000000000000001,2.6,13.5,-94.4,26.400000000000006,-30.699999999999996,16
504,8487.0,0.30000000000000004,0.1,4.3,0.5,2.7,13.9,-88.9,16.700000000000003,-29.500000000000004,16
505,8502.0,0.2,0.0,4.9,0.30000000000000004,2.5,14.4,-92.3,18.3,-29.800000000000004,16
506,8519.0,-0.2,-0.5,6.300000000000001,-0.1,1.6,15.9,-100.2,33.9,-25.200000000000003,16
507,8536.0,-0.1,-0.4,6.300000000000001,-0.30000000000000004,1.4000000000000001,16.3,-97.89999999999999,39.8,-18.6,16
508,8552.0,-0.4,-0.5,6.800000000000001,-0.6000000000000001,1.0,16.5,-50.3,16.700000000000003,20.7,16
509,8572.0,-0.4,-0.4,6.800000000000001,-0.1,1.0,16.0,-27.0,-1.6,38.300000000000004,16
510,8586.0,2.2,-0.1,4.800000000000001,2.0,1.3,14.5,16.6,-38.0,64.60000000000001,16
511,8603.0,4.0,0.2,2.9000000000000004,4.0,1.7000000000000002,12.600000000000001,40.6,-51.4,69.00000000000001,16
512,8619.0,4.5,0.5,1.6,4.6000000000000005,2.0,11.3,49.50000000000001,-52.300000000000004,64.10000000000001,16
513,8636.0,4.5,0.5,-0.2,4.800000000000001,2.3000000000000003,9.5,51.300000000000004,-41.50000000000001,41.900000000000006,16
514,8656.0,4.2,0.4,-0.5,3.9000000000000004,2.1,8.4,39.2,-18.8,12.7,16
515,8668.0,3.4000000000000004,0.1,-1.2000000000000002,3.6,2.0,8.200000000000001,32.2,-7.0,0.0,16
516,8685.0,1.7000000000000002,-0.4,-2.0,2.2,1.7000000000000002,7.6000000000000005,25.1,8.899999999999999,-16.4,16
517,8702.0,0.8,-0.7000000000000001,-2.8000000000000003,1.2000000000000002,1.5,6.800000000000001,29.300000000000004,9.3,-20.7,16
518,8719.0,0.6000000000000001,-0.7000000000000001,-3.4000000000000004,1.1,1.5,6.1000000000000005,33.6,5.2,-20.3,16
519,8738.0,0.6000000000000001,-0.7000000000000001,-4.4,1.0,1.7000000000000002,5.1000000000000005,37.300000000000004,-5.7,-19.6,16
520,8754.0,0.6000000000000001,-0.7000000000000001,-4.5,1.0,1.7000000000000002,5.0,34.60000000000001,-10.299999999999999,-20.8,16
521,8773.0,0.4,-1.1,-4.1000000000000005,0.8,1.4000000000000001,5.4,19.0,-8.3,-26.700000000000003,16
522,8787.0,0.2,-1.2000000000000002,-3.8000000000000003,0.6000000000000001,1.4000000000000001,5.7,15.399999999999999,-3.6000000000000005,-27.3,16
523,8803.0,0.0,-1.4000000000000001,-3.6,0.4,1.2000000000000002,5.800000000000001,16.1,1.5,-24.599999999999998,16
524,8823.0,0.30000000000000004,-1.2000000000000002,-4.1000000000000005,0.6000000000000001,1.5,5.300000000000001,17.5,0.2,-22.000000000000004,16
525,8838.0,0.6000000000000001,-0.9,-4.2,1.0,1.8,5.300000000000001,12.7,-8.600000000000001,-21.400000000000002,16
526,8856.0,0.7000000000000001,-0.9,-3.1,1.1,1.9000000000000001,6.300000000000001,-5.300000000000001,-14.700000000000001,-30.799999999999997,16
527,8873.0,0.1,-1.4000000000000001,-1.9000000000000001,0.5,1.3,7.5,-21.6,-4.800000000000001,-39.699999999999996,16
528,8886.0,-0.30000000000000004,-1.6,-1.3,0.1,1.1,8.200000000000001,-24.5,4.7,-38.800000000000004,16
529,8902.0,-0.7000000000000001,-1.7000000000000002,-0.8,-0.4,0.9,8.700000000000001,-16.8,20.2,-24.0,16
530,8920.0,-0.5,-1.2000000000000002,-0.9,-0.2,1.4000000000000001,8.5,-10.299999999999999,19.799999999999997,-14.900000000000002,16
531,8936.0,0.4,-0.4,-1.1,0.6000000000000001,2.2,8.3,-1.0,2.7,-4.7,16
532,8960.0,0.9,0.2,-0.6000000000000001,1.1,2.7,8.8,-4.4,-12.299999999999999,-4.9,16
533,8974.0,0.8,0.7000000000000001,0.4,1.1,3.2,9.9,-19.700000000000003,-11.1,-10.600000000000001,16
534,8986.0,0.8,0.7000000000000001,0.4,0.9,3.4000000000000004,10.600000000000001,-28.3,-5.0,-14.0,16
535,9002.0,0.5,1.0,2.1,0.7000000000000001,3.4000000000000004,11.600000000000001,-35.0,3.4,-17.200000000000003,16
536,9019.0,-0.2,1.3,3.6,0.1,3.6,13.100000000000001,-35.5,28.1,-19.9,16
537,9037.0,-0.7000000000000001,1.7000000000000002,2.8000000000000003,-0.6000000000000001,3.9000000000000004,12.3,-17.9,52.7,-13.3,16
538,9052.0,-0.8,2.0,2.0,-0.8,4.2,11.5,-7.500000000000001,57.00000000000001,-8.0,16
539,9069.0,-1.2000000000000002,3.5,-0.5,-1.3,5.7,9.1,-5.7,44.6,-5.2,16
540,9090.0,-1.1,3.9000000000000004,-0.6000000000000001,-1.1,5.5,10.0,-39.8,5.1000000000000005,-6.4,16
541,9105.0,-1.3,1.0,5.1000000000000005,-1.6,2.9000000000000004,14.700000000000001,-78.4,-20.2,-15.299999999999999,16
542,9119.0,-2.5,0.0,7.6000000000000005,-2.7,1.8,17.2,-80.2,-24.900000000000002,-13.6,16
543,9136.0,-2.9000000000000004,-1.7000000000000002,8.700000000000001,-3.1,-0.1,18.400000000000002,-39.9,-12.600000000000001,20.599999999999998,16
544,9152.0,-2.6,-1.7000000000000002,7.9,-2.8000000000000003,-0.1,17.6,-6.699999999999999,-6.0,44.8,16
545,9178.0,1.1,-1.1,1.3,1.0,0.5,11.0,71.6,-25.4,102.8,16
546,9186.0,1.6,-1.3,0.8,1.6,0.5,10.4,76.60000000000001,-33.9,110.5,16
547,9202.0,3.0,-0.7000000000000001,-0.6000000000000001,3.2,1.3,9.0,69.20000000000002,-44.9,107.8,16
548,9219.0,3.5,-0.8,-1.2000000000000002,3.8000000000000003,1.3,8.4,63.900000000000006,-46.6,98.7,16
549,9236.0,2.9000000000000004,-1.0,-1.7000000000000002,3.4000000000000004,1.3,7.800000000000001,46.300000000000004,-46.0,71.19999999999999,16
550,9252.0,2.3000000000000003,-1.3,-1.5,3.0,1.1,8.0,34.1,-42.1,59.1,16
551,9269.0,1.5,-1.7000000000000002,-0.5,2.4000000000000004,0.8,8.9,9.4,-31.2,46.1,16
552,9288.0,0.9,-2.0,0.4,1.9000000000000001,0.5,9.8,-3.7000000000000006,-9.8,39.599999999999994,16
553,9302.0,0.4,-2.0,0.6000000000000001,1.5,0.4,10.100000000000001,-0.30000000000000004,12.8,36.5,16
554,9327.0,-0.2,-1.9000000000000001,-0.30000000000000004,0.8,0.5,9.200000000000001,16.0,17.7,36.6,16
555,9336.0,-0.5,-1.9000000000000001,-0.8,0.6000000000000001,0.5,8.6,22.700000000000003,12.4,39.0,16
556,9352.0,-0.5,-2.0,-0.8,0.5,0.4,8.200000000000001,29.0,6.699999999999999,42.900000000000006,16
557,9373.0,-0.5,-2.0,-1.7000000000000002,0.8,0.6000000000000001,7.4,37.2,-4.9,52.5,16
558,9388.0,0.30000000000000004,-1.9000000000000001,-2.6,1.4000000000000001,0.7000000000000001,6.800000000000001,42.3,-12.0,57.20000000000001,16
559,9402.0,0.9,-1.6,-2.8000000000000003,2.1,1.1,6.5,41.7,-14.400000000000002,55.7,16
560,9420.0,1.5,-1.3,-2.9000000000000004,2.7,1.5,6.4,40.5,-14.100000000000001,51.70000000000001,16
561,9436.0,1.7000000000000002,-1.1,-3.1,3.1,1.8,6.2,32.9,-6.8,33.50000000000001,16
562,9452.0,1.7000000000000002,-1.1,-3.1,2.6,1.9000000000000001,6.300000000000001,24.7,2.0,21.900000000000002,16
563,9470.0,0.9,-1.0,-2.8000000000000003,2.3000000000000003,2.0,6.5,6.300000000000001,19.400000000000002,2.8,16
564,9487.0,0.30000000000000004,-0.8,-2.1,1.6,2.1,7.2,-3.5,20.8,-9.700000000000001,16
565,9507.0,-0.30000000000000004,-0.7000000000000001,-1.4000000000000001,0.9,2.3000000000000003,7.9,-5.1000000000000005,13.399999999999999,-15.8,16
566,9519.0,-0.4,-0.6000000000000001,-0.8,0.8,2.4000000000000004,8.5,-6.2,6.8,-18.1,16
567,9535.0,-0.4,-0.30000000000000004,0.5,0.8,2.7,9.700000000000001,-12.7,-3.3000000000000007,-21.500000000000004,16
568,9552.0,-0.30000000000000004,-0.30000000000000004,0.5,0.9,2.7,10.100000000000001,-15.700000000000001,-7.0,-23.099999999999998,16
569,9569.0,-0.1,0.0,2.0,1.1,2.9000000000000004,11.3,-17.300000000000004,-4.4,-27.9,16
570,9586.0,0.0,0.30000000000000004,2.0,1.2000000000000002,3.1,11.3,-14.700000000000001,9.0,-31.099999999999998,16
571,9608.0,0.30000000000000004,0.7000000000000001,1.6,1.7000000000000002,3.8000000000000003,10.600000000000001,-21.6,21.500000000000004,-33.2,16
572,9619.0,0.8,1.6,1.4000000000000001,1.8,4.4,10.8,-33.7,25.6,-39.599999999999994,16
573,9642.0,0.4,1.4000000000000001,3.1,1.2000000000000002,4.0,12.5,-85.4,37.50000000000001,-77.3,16
574,9658.0,-1.8,-0.5,6.1000000000000005,-1.1,1.9000000000000001,15.600000000000001,-96.4,42.400000000000006,-87.10000000000001,16
575,9668.0,-2.3000000000000003,-1.0,6.7,-1.7000000000000002,1.3,16.2,-97.89999999999999,47.1,-87.3,16
576,9685.0,-3.6,-2.7,7.7,-3.2,-0.7000000000000001,17.3,-73.4,69.3,-49.300000000000004,16
577,9708.0,-1.8,-3.0,6.5,-1.7000000000000002,-1.3,16.2,-34.0,82.7,22.000000000000004,16
578,9720.0,-0.1,-2.5,5.300000000000001,-0.1,-0.8,15.0,-11.000000000000002,71.39999999999999,54.199999999999996,16
579,9735.0,3.1,-1.5,2.5,2.9000000000000004,0.2,12.200000000000001,36.6,25.6,99.5,16
580,9763.0,5.300000000000001,-0.4,-0.30000000000000004,5.2,1.6,9.3,73.0,-32.7,111.80000000000001,16
581,9769.0,5.300000000000001,-0.4,-0.30000000000000004,5.2,1.6,9.3,73.0,-32.7,111.80000000000001,16
582,9785.0,5.6000000000000005,0.30000000000000004,-2.2,5.7,2.6,7.300000000000001,75.3,-46.7,85.69999999999999,16
583,9804.0,4.5,0.2,-3.5,4.800000000000001,2.6,6.0,51.0,-35.599999999999994,50.2,16
584,9822.0,3.6,0.1,-3.4000000000000004,4.0,2.7,6.0,33.300000000000004,-25.300000000000004,35.599999999999994,16
585,9839.0,2.2,-0.5,-2.3000000000000003,2.6,2.1,7.1000000000000005,9.0,-6.0,15.700000000000001,16
586,9863.0,1.5,-1.1,-1.8,1.8,1.6,7.6000000000000005,12.0,-6.0,9.5,16
587,9871.0,1.3,-1.1,-1.9000000000000001,1.8,1.6,7.6000000000000005,21.1,-13.3,7.200000000000001,16
588,9885.0,1.1,-1.1,-2.5,1.6,1.6,6.6000000000000005,33.400000000000006,-24.900000000000002,5.4,16
589,9902.0,0.9,-1.2000000000000002,-3.5,1.6,1.7000000000000002,5.9,30.599999999999998,-23.800000000000004,0.4,16
590,9919.0,1.0,-1.3,-3.7,1.7000000000000002,1.6,5.6000000000000005,26.700000000000003,-21.6,-3.1,16
591,9937.0,0.7000000000000001,-1.3,-3.8000000000000003,1.5,1.6,5.5,18.4,-20.400000000000002,-11.2,16
592,9954.0,0.7000000000000001,-1.4000000000000001,-3.8000000000000003,1.4000000000000001,1.6,5.5,13.900000000000002,-21.8,-15.000000000000002,16
593,9973.0,0.5,-1.5,-3.5,1.3,1.6,5.800000000000001,6.500000000000001,-23.3,-20.3,16
594,9985.0,0.5,-1.6,-2.9000000000000004,1.4000000000000001,1.4000000000000001,6.4,-3.2,-19.1,-27.700000000000003,16
595,10003.0,0.30000000000000004,-1.7000000000000002,-2.2,1.3,1.4000000000000001,7.1000000000000005,-13.100000000000001,-8.2,-34.7,16
596,10019.0,0.30000000000000004,-1.7000000000000002,-2.2,1.0,1.5,7.7,-17.1,-2.4000000000000004,-37.300000000000004,16
597,10039.0,-0.7000000000000001,-1.3,-0.8,0.2,1.7000000000000002,8.4,-18.1,8.100000000000001,-38.60000000000001,16
598,10065.0,-1.5,-0.4,-1.2000000000000002,-0.8,2.5,8.1,-10.9,22.3,-26.5,16
599,10068.0,-1.5,-0.4,-1.2000000000000002,-0.8,2.5,8.1,-10.9,22.3,-26.5,16
600,10086.0,-2.0,0.4,-1.4000000000000001,-1.4000000000000001,3.3000000000000003,7.9,-16.4,22.700000000000003,-15.6,16
601,10102.0,-2.0,0.9,-0.6000000000000001,-1.4000000000000001,3.8000000000000003,8.700000000000001,-26.9,10.1,-2.8,16
602,10121.0,-1.7000000000000002,1.1,0.6000000000000001,-1.0,3.9000000000000004,10.3,-33.2,-5.0,11.3,16
603,10137.0,-1.2000000000000002,1.4000000000000001,1.9000000000000001,-0.6000000000000001,4.1000000000000005,11.3,-33.400000000000006,-9.600000000000001,19.1,16
604,10152.0,-0.4,1.8,3.1,0.30000000000000004,4.4,12.5,-27.800000000000004,-5.8,34.7,16
605,10171.0,0.1,1.9000000000000001,3.5,0.7000000000000001,4.5,12.9,-23.0,1.2000000000000002,39.699999999999996,16
606,10188.0,0.4,3.1,3.1,1.1,5.6000000000000005,12.600000000000001,-8.8,17.400000000000002,41.1,16
607,10202.0,0.5,3.7,2.7,1.1,6.300000000000001,12.200000000000001,-14.700000000000001,20.3,32.1,16
608,10220.0,0.4,3.8000000000000003,2.7,1.0,5.800000000000001,13.3,-25.8,17.6,26.5,16
609,10236.0,-0.2,2.1,5.6000000000000005,0.4,4.5,15.100000000000001,-35.0,17.300000000000004,18.3,16
610,10252.0,-0.9,1.0,6.2,-0.30000000000000004,3.2,15.700000000000001,-20.400000000000002,15.700000000000001,21.1,16
611,10272.0,-1.0,-0.2,6.0,-0.5,2.0,15.5,2.5,13.900000000000002,40.1,16
612,10286.0,-0.7000000000000001,-0.5,5.6000000000000005,-0.2,1.7000000000000002,15.200000000000001,15.8,10.9,51.2,16
613,10304.0,-0.30000000000000004,-0.7000000000000001,4.9,0.2,1.5,14.4,35.699999999999996,2.3,63.599999999999994,16
614,10319.0,0.6000000000000001,-0.8,2.9000000000000004,1.1,1.5,12.4,46.0,-4.300000000000001,67.9,16
615,10336.0,0.9,-1.1,1.4000000000000001,1.5,1.3,10.8,54.800000000000004,-10.700000000000001,67.4,16
616,10352.0,0.9,-1.3,1.1,1.5,1.2000000000000002,10.600000000000001,53.50000000000001,-10.0,64.80000000000001,16
617,10373.0,1.0,-2.0,0.1,1.8,0.8,9.5,45.2,-6.600000000000001,57.49999999999999,16
618,10395.0,0.6000000000000001,-2.1,0.0,1.5,0.7000000000000001,9.4,36.8,-13.8,49.6,16
619,10402.0,0.6000000000000001,-2.1,0.0,1.5,0.7000000000000001,9.4,36.8,-13.8,49.6,16
620,10419.0,0.30000000000000004,-2.7,0.0,1.2000000000000002,0.2,9.3,31.2,-12.200000000000001,46.1,16
621,10435.0,-0.1,-3.1,-0.30000000000000004,1.0,0.0,9.0,33.9,4.300000000000001,44.9,16
622,10452.0,-0.1,-3.1,-0.6000000000000001,0.9,0.0,8.700000000000001,39.8,15.700000000000001,45.5,16
623,10476.0,-0.5,-2.6,-3.0,0.5,0.6000000000000001,6.2,50.5,30.4,44.8,16
624,10486.0,-0.6000000000000001,-2.7,-3.2,0.4,0.7000000000000001,5.9,47.3,30.9,43.800000000000004,16
625,10502.0,-0.7000000000000001,-2.7,-3.5,0.30000000000000004,0.7000000000000001,5.6000000000000005,41.50000000000001,29.800000000000004,42.60000000000001,16
626,10523.0,-0.9,-2.8000000000000003,-3.5,0.0,0.8,5.800000000000001,24.1,19.700000000000003,43.4,16
627,10538.0,-0.9,-2.7,-3.1,0.0,0.9,6.0,21.200000000000003,14.600000000000001,44.10000000000001,16
628,10555.0,-1.0,-2.6,-2.8000000000000003,0.0,1.0,6.2,16.700000000000003,6.300000000000001,43.1,16
629,10580.0,-1.0,-2.4000000000000004,-2.4000000000000004,0.0,1.2000000000000002,6.6000000000000005,8.8,7.6,42.400000000000006,16
630,10585.0,-0.9,-2.3000000000000003,-2.3000000000000003,0.1,1.3,6.7,4.5,11.3,42.0,16
631,10604.0,-0.7000000000000001,-2.1,-1.8,0.30000000000000004,1.6,7.2,-4.800000000000001,19.6,39.2,16
632,10622.0,-0.7000000000000001,-1.9000000000000001,-1.6,0.30000000000000004,1.9000000000000001,7.7,-11.5,26.400000000000006,35.5,16
633,10635.0,-0.8,-1.5,-1.2000000000000002,0.2,2.1,7.9,-13.8,27.800000000000004,34.0,16
634,10653.0,-0.8,-1.0,-0.7000000000000001,0.2,2.5,8.4,-22.1,27.6,31.5,16
635,10679.0,-0.8,-0.7000000000000001,0.6000000000000001,0.1,2.7,9.700000000000001,-31.0,21.0,27.9,16
636,10686.0,-0.8,-0.6000000000000001,1.0,0.1,2.8000000000000003,10.100000000000001,-33.7,17.400000000000002,26.9,16
637,10706.0,-0.8,-0.30000000000000004,2.2,0.1,3.0,11.4,-35.1,14.300000000000002,27.0,16
638,10721.0,-0.6000000000000001,-0.1,2.8000000000000003,0.4,3.1,12.200000000000001,-32.6,10.600000000000001,27.6,16
639,10736.0,-0.1,0.1,3.0,0.7000000000000001,3.2,12.3,-30.799999999999997,9.3,27.400000000000002,16
640,10753.0,0.30000000000000004,0.5,2.8000000000000003,1.4000000000000001,3.7,12.100000000000001,-33.1,4.800000000000001,23.6,16
641,10776.0,0.7000000000000001,0.9,3.0,1.5,3.5,13.100000000000001,-54.4,-0.9000000000000001,9.5,16
642,10790.0,0.5,0.4,4.5,1.3,3.1,13.8,-69.80000000000001,3.2,1.0,16
643,10807.0,-0.30000000000000004,-1.4000000000000001,6.800000000000001,0.5,1.1,16.3,-92.2,30.4,-7.6,16
644,10823.0,-1.0,-2.9000000000000004,8.0,-0.30000000000000004,-0.7000000000000001,17.6,-73.7,59.300000000000004,8.2,16
645,10836.0,-0.9,-2.8000000000000003,8.0,0.0,-0.9,16.8,-48.400000000000006,61.10000000000001,26.200000000000003,16
646,10854.0,0.8,-2.6,5.2,1.3,-0.6000000000000001,14.8,11.8,35.3,64.50000000000001,16
647,10876.0,2.9000000000000004,-1.9000000000000001,2.3000000000000003,3.3000000000000003,0.1,11.9,49.4,1.6,85.30000000000001,16
648,10886.0,2.9000000000000004,-2.0,2.3000000000000003,3.9000000000000004,0.4,11.200000000000001,57.1,-8.0,86.60000000000001,16
649,10906.0,4.3,-1.3,-0.30000000000000004,4.800000000000001,1.1,9.3,65.10000000000001,-8.100000000000001,72.7,16
650,10919.0,4.2,-1.0,-1.5,4.800000000000001,1.4000000000000001,8.0,56.7,3.5,47.0,16
651,10935.0,4.0,-1.0,-1.9000000000000001,3.9000000000000004,1.9000000000000001,6.6000000000000005,46.800000000000004,9.8,33.1,16
652,10952.0,2.9000000000000004,-0.7000000000000001,-3.1,3.5,1.9000000000000001,6.300000000000001,33.50000000000001,15.899999999999999,20.599999999999998,16
653,10974.0,0.8,-0.9,-2.3000000000000003,1.3,1.9000000000000001,7.1000000000000005,2.0,21.300000000000004,-2.5,16
654,10992.0,-0.30000000000000004,-0.8,-1.9000000000000001,0.2,2.0,7.5,5.6,12.0,-5.6,16
655,11002.0,-0.6000000000000001,-0.8,-2.0,-0.1,2.0,7.4,10.8,6.1000000000000005,-4.6,16
656,11019.0,-0.8,-0.8,-2.2,-0.4,2.0,7.2,15.100000000000001,1.1,-2.8,16
657,11040.0,-0.9,-0.7000000000000001,-2.4000000000000004,-0.4,2.2,7.0,14.600000000000001,-5.7,2.6,16
658,11054.0,-0.7000000000000001,-0.6000000000000001,-2.2,-0.30000000000000004,2.3000000000000003,7.2,12.8,-6.1000000000000005,2.5,16
659,11076.0,-0.7000000000000001,-0.7000000000000001,-2.2,-0.30000000000000004,2.2,7.300000000000001,11.700000000000001,-6.4,1.1,16
660,11085.0,-0.7000000000000001,-1.1,-1.9000000000000001,-0.2,1.8,7.5,12.0,-4.800000000000001,-1.9,16
661,11104.0,-0.5,-1.5,-2.0,-0.1,1.5,7.300000000000001,12.299999999999999,-0.2,-2.1,16
662,11122.0,-0.30000000000000004,-1.7000000000000002,-2.2,0.1,1.3,7.1000000000000005,10.9,3.1,-2.4000000000000004,16
663,11140.0,-0.30000000000000004,-1.9000000000000001,-2.2,0.1,1.1,7.1000000000000005,7.400000000000001,7.6,-3.9,16
664,11152.0,-0.4,-2.0,-2.4000000000000004,0.0,1.1,6.9,5.4,11.5,-4.1,16
665,11171.0,-0.4,-1.9000000000000001,-2.5,0.0,1.2000000000000002,6.800000000000001,2.2,14.100000000000001,-4.1,16
666,11185.0,-0.5,-1.9000000000000001,-2.5,-0.1,1.2000000000000002,6.800000000000001,-9.2,14.900000000000002,-2.8,16
667,11202.0,-0.5,-1.8,-1.5,-0.2,1.3,7.9,-23.0,6.8,1.4,16
668,11219.0,-0.4,-1.6,-0.30000000000000004,-0.1,1.4000000000000001,9.0,-22.4,-4.300000000000001,9.2,16
669,11235.0,-0.2,-1.3,-0.1,0.1,1.7000000000000002,9.3,-18.200000000000003,-7.400000000000001,13.5,16
670,11252.0,0.30000000000000004,-0.4,0.0,0.6000000000000001,2.5,9.4,-13.700000000000001,-9.4,17.799999999999997,16
671,11270.0,0.6000000000000001,0.0,0.2,1.0,2.8000000000000003,9.5,-15.6,-8.5,16.8,16
672,11285.0,0.8,0.6000000000000001,1.1,1.3,3.4000000000000004,10.5,-25.4,-4.6,4.9,16
673,11304.0,0.30000000000000004,0.9,2.8000000000000003,0.7000000000000001,3.6,12.200000000000001,-33.0,9.2,-8.5,16
674,11320.0,-0.6000000000000001,1.0,3.6,-0.2,3.6,13.0,-21.400000000000002,38.7,-14.200000000000001,16
675,11336.0,-0.9,1.3,2.7,-0.6000000000000001,3.9000000000000004,12.200000000000001,-10.1,55.2,-12.0,16
676,11352.0,-1.4000000000000001,2.6,0.0,-1.3,5.2,9.5,1.4,69.20000000000002,-10.200000000000001,16
677,11372.0,-2.0,3.6,-1.1,-2.1,6.1000000000000005,8.3,-18.6,45.5,-15.6,16
678,11393.0,-2.7,1.6,1.9000000000000001,-3.0,4.1000000000000005,11.4,-70.4,13.3,-23.900000000000006,16
679,11402.0,-2.7,1.8,1.8,-3.5,3.3000000000000003,13.200000000000001,-90.9,1.7,-23.700000000000003,16
680,11419.0,-4.5,-1.5,8.8,-4.800000000000001,0.5,18.400000000000002,-80.50000000000001,3.1,9.2,16
681,11435.0,-4.3,-1.8,9.5,-4.7,0.1,19.1,-47.400000000000006,15.100000000000001,37.400000000000006,16
682,11453.0,-3.2,-1.0,6.5,-3.6,0.8,16.2,32.8,23.0,92.2,16
683,11470.0,-1.0,-0.5,1.8,-1.4000000000000001,1.5,11.4,67.8,9.3,118.2,16
684,11486.0,-0.2,-0.2,0.5,-0.5,1.9000000000000001,10.100000000000001,73.8,-1.8000000000000003,125.80000000000001,16
685,11503.0,0.7000000000000001,0.5,-0.8,0.5,2.8000000000000003,8.700000000000001,60.2,-21.900000000000002,124.2,16
686,11519.0,1.0,0.30000000000000004,-0.7000000000000001,0.7000000000000001,2.7,9.1,35.2,-26.700000000000003,107.30000000000001,16
687,11536.0,0.2,-0.2,0.1,0.30000000000000004,2.3000000000000003,9.600000000000001,25.1,-22.9,97.2,16
688,11552.0,0.1,-0.30000000000000004,0.2,0.0,2.0,9.8,18.6,-15.700000000000001,89.10000000000001,16
689,11568.0,-0.9,-1.1,0.2,-0.5,1.5,9.600000000000001,13.8,-5.6,81.0,16
690,11586.0,-0.8,-1.2000000000000002,0.1,-0.5,1.5,9.5,13.900000000000002,-11.900000000000002,78.2,16
691,11602.0,-1.2000000000000002,-1.5,0.30000000000000004,-0.7000000000000001,1.2000000000000002,9.700000000000001,11.700000000000001,-23.400000000000002,69.4,16
692,11618.0,-1.5,-1.9000000000000001,0.7000000000000001,-1.0,0.8,10.100000000000001,10.0,-23.800000000000004,65.6,16
693,11635.0,-2.6,-2.8000000000000003,1.4000000000000001,-1.9000000000000001,-0.1,10.8,14.700000000000001,-9.100000000000001,65.2,16
694,11652.0,-2.7,-3.1,0.7000000000000001,-2.0,-0.30000000000000004,10.0,36.1,12.200000000000001,81.10000000000001,16
695,11670.0,-2.7,-3.1,0.7000000000000001,-1.9000000000000001,-0.2,9.5,50.0,15.700000000000001,90.4,16
696,11692.0,-1.6,-2.8000000000000003,-2.2,-0.7000000000000001,0.30000000000000004,7.1000000000000005,75.3,-6.2,109.2,16
697,11705.0,-1.1,-2.8000000000000003,-2.5,-0.2,0.4,6.7,77.20000000000002,-14.400000000000002,111.70000000000002,16
698,11719.0,-0.6000000000000001,-2.7,-2.7,1.1,0.8,6.300000000000001,76.5,-23.5,108.90000000000002,16
699,11735.0,0.6000000000000001,-2.4000000000000004,-2.9000000000000004,1.8,1.0,6.2,75.8,-24.400000000000002,102.0,16
700,11752.0,1.0,-2.2,-3.0,2.4000000000000004,1.4000000000000001,6.0,72.30000000000001,-20.900000000000002,81.3,16
701,11771.0,1.0,-2.2,-3.0,2.5,1.6,5.9,69.7,-15.000000000000002,67.10000000000001,16
702,11794.0,0.30000000000000004,-1.9000000000000001,-3.9000000000000004,1.9000000000000001,2.2,4.9,49.199999999999996,18.0,21.400000000000002,16
703,11802.0,0.0,-1.8,-4.0,1.6,2.3000000000000003,4.800000000000001,35.9,29.500000000000004,5.6,16
704,11819.0,-0.9,-1.8,-3.8000000000000003,0.6000000000000001,2.4000000000000004,4.9,8.100000000000001,43.6,-20.400000000000002,16
705,11839.0,-1.4000000000000001,-1.8,-3.6,-0.4,2.3000000000000003,5.4,-13.200000000000003,39.1,-38.1,16
706,11853.0,-2.0,-2.0,-2.8000000000000003,-0.8,2.2,6.0,-21.900000000000002,30.000000000000004,-42.7,16
707,11874.0,-2.0,-2.1,-1.3,-0.9,2.1,7.5,-36.1,6.600000000000001,-43.6,16
708,11885.0,-1.9000000000000001,-2.1,-0.6000000000000001,-0.8,2.0,8.200000000000001,-41.0,-4.6,-41.7,16
709,11903.0,-1.3,-2.0,1.0,-0.2,2.0,9.9,-43.70000000000001,-15.899999999999999,-33.7,16
710,11919.0,0.4,-1.3,1.1,1.4000000000000001,2.6,10.0,-43.4,-15.2,-30.4,16
711,11940.0,1.0,-0.7000000000000001,1.0,2.2,2.9000000000000004,10.4,-68.60000000000001,-16.4,-53.0,16
712,11961.0,1.0,-0.7000000000000001,1.0,2.2,2.9000000000000004,10.4,-68.60000000000001,-16.4,-53.0,16
713,11971.0,0.6000000000000001,-1.8,3.1,0.6000000000000001,0.4,13.3,-110.6,-3.2,-86.2,16
714,11987.0,-1.1,-3.5,4.6000000000000005,-0.30000000000000004,-0.4,13.8,-140.9,33.2,-104.4,16
715,12002.0,-2.1,-4.1000000000000005,5.1000000000000005,-2.0,-1.7000000000000002,14.8,-148.0,64.7,-87.7,16
716,12019.0,-3.0,-4.2,5.6000000000000005,-2.6,-2.1,15.3,-131.29999999999998,60.1,-38.0,16
717,12035.0,-2.4000000000000004,-3.8000000000000003,5.9,-2.1,-1.8,15.5,-113.8,43.50000000000001,-5.9,16
718,12055.0,-0.6000000000000001,-2.3000000000000003,5.4,-0.4,-0.7000000000000001,15.100000000000001,-59.40000000000001,0.1,61.9,16
719,12075.0,2.0,-0.5,3.1,2.3000000000000003,1.1,12.8,4.800000000000001,-32.0,109.60000000000001,16
720,12085.0,2.9000000000000004,0.30000000000000004,1.7000000000000002,3.2,1.8,11.4,27.6,-41.800000000000004,118.00000000000001,16
721,12103.0,4.0,1.4000000000000001,-0.9,4.5,3.0,8.700000000000001,38.50000000000001,-52.00000000000001,107.6,16
722,12119.0,3.5,1.9000000000000001,-1.6,4.2,3.6,8.0,13.5,-44.4,75.4,16
723,12135.0,2.7,1.7000000000000002,-0.9,3.6,3.4000000000000004,8.700000000000001,-2.7,-34.300000000000004,58.7,16
724,12155.0,1.4000000000000001,1.1,0.30000000000000004,2.4000000000000004,2.8000000000000003,9.9,-18.6,-10.299999999999999,34.400000000000006,16
725,12168.0,1.1,1.1,0.4,2.1,2.7,10.100000000000001,-15.100000000000001,-3.5,28.0,16
726,12189.0,0.4,0.7000000000000001,0.2,1.4000000000000001,2.3000000000000003,9.8,8.700000000000001,-5.1000000000000005,27.0,16
727,12203.0,0.6000000000000001,0.8,-1.1,1.7000000000000002,2.5,8.5,32.2,-17.400000000000002,28.0,16
728,12221.0,0.9,0.9,-1.7000000000000002,2.1,2.7,7.6000000000000005,40.7,-26.9,18.5,16
729,12236.0,0.9,1.0,-2.4000000000000004,2.1,2.8000000000000003,7.2,39.599999999999994,-26.5,10.299999999999999,16
730,12252.0,0.7000000000000001,0.8,-2.5,2.0,2.7,7.0,35.699999999999996,-21.1,1.5,16
731,12273.0,-0.6000000000000001,0.1,-2.3000000000000003,0.7000000000000001,2.1,7.2,22.3,6.9,-15.700000000000001,16
732,12286.0,-0.8,0.0,-2.3000000000000003,0.5,2.1,7.2,20.0,11.8,-17.400000000000002,16
733,12306.0,-1.1,0.0,-2.3000000000000003,0.0,2.1,7.300000000000001,16.900000000000002,8.700000000000001,-19.200000000000003,16
734,12320.0,-1.7000000000000002,-0.1,-1.5,-0.5,2.1,8.0,15.399999999999999,1.7,-19.5,16
735,12342.0,-2.0,-0.4,-0.7000000000000001,-0.8,1.9000000000000001,8.700000000000001,18.6,0.1,-15.6,16
736,12353.0,-2.1,-0.4,-0.6000000000000001,-0.9,1.9000000000000001,8.9,21.7,2.6,-11.1,16
737,12373.0,-1.7000000000000002,-0.4,-0.4,-0.6000000000000001,2.0,9.0,25.4,10.1,-2.9,16
738,12387.0,-1.7000000000000002,-0.4,-0.4,-0.5,2.1,9.0,26.799999999999997,14.800000000000002,2.2,16
739,12403.0,-1.2000000000000002,0.0,-0.1,-0.1,2.5,9.3,29.700000000000006,17.799999999999997,7.6,16
740,12419.0,-0.8,0.2,0.2,0.2,2.8000000000000003,9.600000000000001,29.700000000000006,13.000000000000002,7.1000000000000005,16
741,12435.0,-0.6000000000000001,0.30000000000000004,0.6000000000000001,0.4,3.0,10.0,27.6,13.3,5.500000000000001,16
742,12452.0,-0.8,0.6000000000000001,1.0,0.1,3.3000000000000003,10.4,25.200000000000003,27.2,-1.6,16
743,12468.0,-1.1,0.7000000000000001,0.9,-0.2,3.5,10.3,25.200000000000003,40.7,-5.0,16
744,12485.0,-1.7000000000000002,1.0,0.0,-1.0,3.9000000000000004,9.4,27.0,65.8,-6.8,16
745,12502.0,-1.7000000000000002,1.0,0.0,-1.5,4.5,8.1,27.0,65.8,-6.8,16
746,12520.0,-2.4000000000000004,2.0,-2.6,-2.1,4.9,6.9,-8.700000000000001,41.50000000000001,-15.700000000000001,16
747,12535.0,-1.9000000000000001,0.7000000000000001,-0.5,-1.7000000000000002,3.7,8.8,-44.5,7.6,-20.7,16
748,12554.0,-2.1,-2.3000000000000003,7.1000000000000005,-2.0,0.5,16.5,-102.5,-54.0,-33.7,16
749,12576.0,-2.0,-4.7,11.700000000000001,-1.7000000000000002,-2.2,21.200000000000003,-80.30000000000001,-50.60000000000001,-3.6000000000000005,16
750,12585.0,-1.7000000000000002,-4.7,11.700000000000001,-1.3,-2.4000000000000004,21.200000000000003,-47.5,-29.600000000000005,15.700000000000001,16
751,12602.0,-0.6000000000000001,-3.7,8.4,-0.1,-1.5,17.900000000000002,24.900000000000002,5.300000000000001,48.6,16
752,12618.0,0.7000000000000001,-3.2,3.7,1.3,-0.8,13.200000000000001,48.9,17.1,61.9,16
753,12636.0,1.4000000000000001,-3.1,1.9000000000000001,2.0,-0.7000000000000001,11.4,41.50000000000001,18.0,61.7,16
754,12654.0,1.4000000000000001,-3.1,1.7000000000000002,2.0,-0.6000000000000001,11.200000000000001,15.6,11.5,54.199999999999996,16
755,12671.0,1.4000000000000001,-3.1,1.7000000000000002,1.7000000000000002,-0.7000000000000001,11.4,7.1000000000000005,8.8,50.1,16
756,12688.0,0.5,-3.5,2.1,1.0,-0.9,11.5,9.4,16.3,50.900000000000006,16
757,12703.0,0.2,-3.5,1.2000000000000002,0.6000000000000001,-0.8,10.0,25.900000000000002,30.000000000000004,63.500000000000014,16
758,12718.0,0.4,-2.9000000000000004,-1.2000000000000002,0.8,-0.30000000000000004,8.200000000000001,38.400000000000006,31.099999999999998,78.0,16
759,12735.0,0.7000000000000001,-2.5,-2.3000000000000003,1.1,0.2,7.1000000000000005,41.199999999999996,27.099999999999998,82.2,16
760,12752.0,1.1,-2.1,-3.1,1.5,0.7000000000000001,6.300000000000001,42.800000000000004,18.700000000000003,84.6,16
761,12771.0,1.0,-1.6,-3.7,1.5,1.3,5.7,42.0,10.8,79.6,16
762,12787.0,0.9,-1.6,-3.8000000000000003,1.4000000000000001,1.5,5.5,40.800000000000004,8.8,76.3,16
763,12802.0,0.5,-1.3,-3.9000000000000004,1.1,1.8,5.300000000000001,38.0,7.6,71.9,16
764,12818.0,0.6000000000000001,-1.3,-3.8000000000000003,1.3,2.0,5.4,35.1,4.0,69.00000000000001,16
765,12835.0,1.1,-0.9,-3.6,1.8,2.4000000000000004,5.6000000000000005,34.900000000000006,-0.5,67.3,16
766,12853.0,1.2000000000000002,-0.7000000000000001,-3.6,2.4000000000000004,3.0,5.5,36.300000000000004,-12.5,56.800000000000004,16
767,12869.0,1.6,0.0,-3.4000000000000004,2.5,3.5,5.7,28.700000000000003,-20.900000000000002,33.1,16
768,12885.0,1.4000000000000001,0.0,-3.1,2.3000000000000003,3.5,6.0,20.5,-20.3,18.200000000000003,16
769,12902.0,0.4,-0.4,-2.0,1.4000000000000001,3.2,7.1000000000000005,3.7000000000000006,-4.800000000000001,-9.2,16
770,12919.0,-0.30000000000000004,-0.5,-1.2000000000000002,0.6000000000000001,3.1,7.800000000000001,-6.699999999999999,16.5,-24.5,16
771,12936.0,-0.7000000000000001,-0.30000000000000004,-1.1,0.2,3.2,7.9,-9.4,21.8,-29.200000000000003,16
772,12952.0,-0.9,-0.2,-0.6000000000000001,-0.1,3.4000000000000004,8.5,-17.6,18.4,-36.1,16
773,12968.0,-0.8,-0.2,-0.30000000000000004,-0.1,3.4000000000000004,8.9,-23.2,11.6,-39.2,16
774,12990.0,-0.7000000000000001,-0.30000000000000004,2.1,0.0,3.1,11.3,-31.6,-1.7,-45.5,16
775,13004.0,-0.6000000000000001,-0.4,2.5,0.1,3.0,11.600000000000001,-28.600000000000005,-0.30000000000000004,-44.10000000000001,16
776,13020.0,0.0,0.1,2.0,0.6000000000000001,3.4000000000000004,11.200000000000001,-22.000000000000004,3.0,-37.400000000000006,16
777,13039.0,1.3,0.7000000000000001,1.9000000000000001,1.8,3.9000000000000004,11.200000000000001,-34.900000000000006,-8.3,-39.1,16
778,13052.0,1.7000000000000002,0.8,3.1,2.2,4.0,12.3,-49.4,-18.3,-47.400000000000006,16
779,13077.0,1.4000000000000001,-1.3,5.800000000000001,1.9000000000000001,1.7000000000000002,15.100000000000001,-77.00000000000001,-19.9,-69.00000000000001,16
780,13086.0,0.8,-1.9000000000000001,6.7,1.3,1.0,16.1,-82.2,-8.100000000000001,-73.8,16
781,13102.0,-1.1,-3.3000000000000003,7.5,-0.7000000000000001,-0.7000000000000001,16.900000000000002,-55.60000000000001,25.8,-49.4,16
782,13120.0,-1.2000000000000002,-3.3000000000000003,6.6000000000000005,-0.2,-0.6000000000000001,14.9,-8.5,23.900000000000006,6.1000000000000005,16
783,13136.0,0.7000000000000001,-2.6,4.1000000000000005,0.9,-0.2,13.600000000000001,11.8,3.6000000000000005,28.900000000000002,16
784,13154.0,2.4000000000000004,-1.5,2.2,2.8000000000000003,1.0,11.700000000000001,41.800000000000004,-47.400000000000006,51.800000000000004,16
785,13169.0,2.9000000000000004,-1.2000000000000002,1.6,3.4000000000000004,1.4000000000000001,11.0,49.1,-64.80000000000001,52.60000000000001,16
786,13188.0,3.3000000000000003,-0.7000000000000001,0.5,4.1000000000000005,2.3000000000000003,9.5,46.300000000000004,-69.20000000000002,34.800000000000004,16
787,13202.0,2.8000000000000003,-0.5,-0.9,3.8000000000000003,2.4000000000000004,8.4,26.6,-40.5,6.1000000000000005,16
788,13219.0,1.4000000000000001,-0.7000000000000001,-1.3,2.5,2.2,8.0,3.2,-6.600000000000001,-17.799999999999997,16
789,13235.0,0.7000000000000001,-0.9,-1.2000000000000002,1.8,2.1,8.1,-3.2,2.0,-25.0,16
790,13255.0,-0.4,-1.2000000000000002,-1.2000000000000002,0.6000000000000001,1.8,8.1,-2.8,4.4,-29.300000000000004,16
791,13271.0,-1.0,-1.4000000000000001,-1.7000000000000002,0.0,1.6,7.6000000000000005,8.5,-5.9,-27.400000000000002,16
792,13285.0,-1.1,-1.5,-1.9000000000000001,-0.1,1.5,7.4,16.1,-12.200000000000001,-23.900000000000006,16
793,13303.0,-0.8,-1.4000000000000001,-2.7,0.30000000000000004,1.6,6.5,27.700000000000003,-21.0,-16.8,16
794,13324.0,-0.30000000000000004,-1.4000000000000001,-3.4000000000000004,0.7000000000000001,1.8,5.800000000000001,31.7,-21.500000000000004,-17.300000000000004,16
795,13336.0,-0.4,-1.3,-3.7,0.7000000000000001,1.9000000000000001,5.5,29.900000000000006,-18.200000000000003,-20.8,16
796,13352.0,-0.5,-1.4000000000000001,-3.9000000000000004,0.6000000000000001,1.9000000000000001,5.2,21.0,-8.100000000000001,-29.1,16
797,13368.0,-1.0,-1.5,-3.7,0.1,1.9000000000000001,5.5,9.0,0.7,-35.599999999999994,16
798,13385.0,-1.1,-1.6,-3.5,0.0,1.8,5.6000000000000005,3.8,2.9,-36.2,16
799,13402.0,-1.0,-1.5,-3.1,0.0,2.0,6.5,-7.6,-0.4,-36.300000000000004,16
800,13418.0,-1.0,-1.4000000000000001,-1.7000000000000002,-0.1,2.0,7.800000000000001,-15.100000000000001,-1.6,-38.0,16
801,13436.0,-1.2000000000000002,-1.6,-0.6000000000000001,-0.30000000000000004,1.8,8.5,-16.700000000000003,2.7,-38.2,16
802,13466.0,-1.4000000000000001,-1.5,0.0,-0.6000000000000001,2.0,9.1,-12.299999999999999,31.400000000000002,-29.0,16
803,13468.0,-1.4000000000000001,-1.1,-0.30000000000000004,-0.6000000000000001,2.2,8.9,-8.0,34.900000000000006,-24.200000000000003,16
804,13485.0,-1.3,-0.9,-0.6000000000000001,-0.6000000000000001,2.4000000000000004,8.6,-5.500000000000001,33.0,-19.5,16
805,13502.0,-1.0,-0.4,-0.6000000000000001,-0.4,2.9000000000000004,8.700000000000001,-10.600000000000001,19.300000000000004,-11.6,16
806,13519.0,-0.4,-0.1,0.7000000000000001,0.1,3.1,9.9,-23.5,10.8,-8.0,16
807,13535.0,-0.4,-0.1,0.6000000000000001,0.30000000000000004,3.2,11.0,-28.400000000000002,11.8,-7.200000000000001,16
808,13552.0,-0.1,0.1,2.7,0.30000000000000004,3.3000000000000003,12.0,-26.000000000000004,23.3,-3.1,16
809,13568.0,-0.1,0.2,2.7,0.4,3.5,11.700000000000001,-20.0,30.4,1.1,16
810,13586.0,0.2,1.4000000000000001,1.2000000000000002,0.5,4.4,10.5,-19.700000000000003,21.0,4.800000000000001,16
811,13605.0,0.9,0.9,2.8000000000000003,1.1,3.8000000000000003,12.200000000000001,-41.50000000000001,-11.5,-1.2000000000000002,16
812,13619.0,1.1,0.1,4.1000000000000005,1.4000000000000001,2.9000000000000004,13.5,-47.60000000000001,-21.0,-3.8,16
813,13635.0,1.0,-1.5,6.5,1.3,1.2000000000000002,16.0,-44.5,-23.0,-2.3,16
814,13654.0,1.1,-1.7000000000000002,6.800000000000001,1.6,0.9,16.2,-12.200000000000001,-9.8,12.7,16
815,13669.0,1.1,-1.7000000000000002,6.800000000000001,1.8,1.0,15.5,7.200000000000001,-6.2,19.200000000000003,16
816,13687.0,2.2,-1.2000000000000002,3.8000000000000003,2.7,1.4000000000000001,13.3,29.0,-15.399999999999999,21.400000000000002,16
817,13702.0,2.4000000000000004,-0.9,2.8000000000000003,3.0,1.8,12.200000000000001,35.3,-29.1,13.5,16
818,13719.0,2.0,-1.1,1.6,2.7,1.7000000000000002,11.0,39.2,-33.400000000000006,-0.8,16
819,13735.0,1.9000000000000001,-1.2000000000000002,1.6,2.5,1.7000000000000002,10.200000000000001,37.2,-27.2,-6.9,16
820,13753.0,1.3,-1.3,-0.5,2.1,1.7000000000000002,8.8,28.0,-11.3,-18.3,16
821,13769.0,1.0,-1.4000000000000001,-0.8,1.9000000000000001,1.7000000000000002,8.4,21.1,-3.8,-24.5,16
822,13785.0,0.4,-1.7000000000000002,-1.2000000000000002,1.2000000000000002,1.5,8.1,4.2,6.699999999999999,-35.699999999999996,16
823,13802.0,-0.1,-1.8,-1.0,0.4,1.2000000000000002,8.3,-7.200000000000001,11.8,-41.6,16
824,13819.0,-0.9,-2.2,-0.7000000000000001,-0.2,0.9,8.5,-7.200000000000001,8.8,-37.0,16
825,13835.0,-1.1,-2.3000000000000003,-0.6000000000000001,-0.4,0.7000000000000001,8.700000000000001,-4.2,4.800000000000001,-30.5,16
826,13852.0,-0.8,-2.2,-0.5,-0.2,0.9,8.8,10.8,-6.8,-13.3,16
827,13869.0,-0.5,-1.9000000000000001,-0.8,0.1,1.1,8.5,21.6,-15.2,-5.300000000000001,16
828,13885.0,0.1,-1.6,-1.6,0.8,1.5,7.7,38.50000000000001,-30.799999999999997,1.1,16
829,13902.0,0.5,-1.6,-2.1,1.4000000000000001,1.9000000000000001,6.800000000000001,43.50000000000001,-30.3,-0.8,16
830,13919.0,0.8,-1.3,-2.8000000000000003,1.6,2.2,6.300000000000001,38.800000000000004,-22.1,-10.5,16
831,13935.0,0.6000000000000001,-1.2000000000000002,-2.8000000000000003,1.5,2.2,6.300000000000001,34.2,-18.1,-17.200000000000003,16
832,13952.0,0.4,-1.2000000000000002,-2.4000000000000004,1.3,2.4000000000000004,6.7,23.5,-10.5,-29.500000000000004,16
833,13969.0,0.4,-1.3,-2.4000000000000004,1.2000000000000002,2.4000000000000004,6.800000000000001,20.3,-5.4,-35.5,16
834,13985.0,-0.4,-1.2000000000000002,-2.0,0.5,2.5,7.0,13.000000000000002,0.30000000000000004,-48.50000000000001,16
835,14003.0,-1.1,-1.6,-1.0,-0.30000000000000004,2.2,8.1,6.1000000000000005,2.7,-53.8,16
836,14019.0,-1.2000000000000002,-1.6,-0.5,-0.5,2.3000000000000003,8.700000000000001,7.500000000000001,0.8,-50.0,16
837,14039.0,-0.8,-1.3,0.0,-0.1,2.5,9.0,9.700000000000001,-9.0,-46.800000000000004,16
838,14060.0,-0.4,-1.0,0.2,0.30000000000000004,2.8000000000000003,9.200000000000001,1.0,-15.899999999999999,-50.0,16
839,14068.0,-0.30000000000000004,-1.0,0.2,0.4,2.9000000000000004,9.4,1.0,-15.899999999999999,-50.0,16
840,14085.0,0.1,-1.0,1.1,0.7000000000000001,2.9000000000000004,10.100000000000001,-11.900000000000002,-8.100000000000001,-57.800000000000004,16
841,14103.0,-0.1,-0.8,1.3,0.4,3.1,10.3,-21.300000000000004,4.0,-63.0,16
842,14119.0,-0.30000000000000004,-0.4,1.1,0.2,3.6,10.0,-33.2,9.3,-65.2,16
843,14136.0,0.0,0.1,0.8,0.4,3.8000000000000003,9.9,-42.800000000000004,10.5,-67.60000000000001,16
844,14153.0,0.2,0.2,0.9,0.5,3.6,11.100000000000001,-65.4,6.9,-75.3,16
845,14175.0,-0.6000000000000001,-1.7000000000000002,5.2,-0.4,1.6,14.4,-97.10000000000001,-7.300000000000001,-89.4,16
846,14190.0,-1.6,-2.9000000000000004,7.6000000000000005,-1.5,0.0,16.900000000000002,-100.4,-8.100000000000001,-78.9,16
847,14202.0,-1.7000000000000002,-3.2,7.9,-1.6,-0.4,17.3,-83.5,-2.0,-58.3,16
848,14219.0,-0.2,-3.1,6.300000000000001,-0.2,-0.5,15.8,-30.1,1.2000000000000002,-2.7,16
849,14235.0,-0.2,-3.1,6.300000000000001,0.8,0.0,14.100000000000001,-5.300000000000001,-6.1000000000000005,18.6,16
850,14257.0,2.9000000000000004,-2.0,2.1,3.0,0.5,11.5,25.7,-27.5,49.0,16
851,14269.0,3.4000000000000004,-1.8,1.3,3.6,0.8,10.8,34.300000000000004,-36.6,56.0,16
852,14286.0,4.0,-1.4000000000000001,0.30000000000000004,4.6000000000000005,1.4000000000000001,9.3,44.5,-48.50000000000001,53.8,16
853,14303.0,4.4,-1.1,-1.4000000000000001,5.0,1.9000000000000001,7.6000000000000005,45.5,-49.300000000000004,34.900000000000006,16
854,14318.0,4.2,-1.0,-2.5,4.7,2.1,6.5,29.300000000000004,-35.0,7.1000000000000005,16
855,14335.0,3.7,-0.9,-3.0,4.4,2.1,6.300000000000001,16.3,-24.400000000000002,-6.8,16
856,14352.0,2.9000000000000004,-1.1,-2.3000000000000003,3.7,1.9000000000000001,7.0,-6.500000000000001,-0.30000000000000004,-33.1,16
857,14372.0,1.6,-1.5,-1.8,2.4000000000000004,1.6,7.5,-8.100000000000001,12.600000000000001,-53.400000000000006,16
858,14388.0,1.7000000000000002,-1.5,-1.8,2.0,1.4000000000000001,7.4,-2.2,14.100000000000001,-58.60000000000001,16
859,14406.0,0.8,-1.6,-2.5,1.3,1.5,6.6000000000000005,8.8,11.4,-59.80000000000001,16
860,14418.0,0.7000000000000001,-1.4000000000000001,-3.2,1.2000000000000002,1.7000000000000002,6.1000000000000005,10.9,4.800000000000001,-58.3,16
861,14435.0,0.9,-1.1,-3.3000000000000003,1.4000000000000001,2.0,5.9,9.100000000000001,2.7,-58.900000000000006,16
862,14453.0,1.2000000000000002,-1.1,-3.3000000000000003,1.7000000000000002,2.0,6.0,2.6,4.5,-64.0,16
863,14473.0,1.2000000000000002,-1.2000000000000002,-3.1,1.5,1.9000000000000001,6.2,-6.2,7.400000000000001,-72.30000000000001,16
864,14485.0,1.2000000000000002,-1.2000000000000002,-3.1,1.4000000000000001,1.8,6.4,-11.4,8.5,-74.80000000000001,16
865,14506.0,1.0,-1.2000000000000002,-2.6,1.1,1.9000000000000001,7.0,-21.200000000000003,7.1000000000000005,-76.1,16
866,14519.0,0.8,-1.2000000000000002,-1.6,1.0,1.9000000000000001,7.800000000000001,-26.6,7.200000000000001,-74.0,16
867,14540.0,0.4,-1.0,-1.0,0.4,2.0,8.4,-24.599999999999998,14.300000000000002,-69.00000000000001,16
868,14552.0,0.2,-0.7000000000000001,-1.2000000000000002,0.1,2.2,8.200000000000001,-23.2,16.4,-65.10000000000001,16
869,14579.0,0.0,0.1,-1.2000000000000002,-0.2,2.9000000000000004,8.200000000000001,-27.9,10.5,-55.7,16
870,14585.0,0.0,0.1,-1.2000000000000002,-0.2,2.9000000000000004,8.200000000000001,-27.9,10.5,-55.7,16
871,14605.0,-0.2,0.6000000000000001,-0.1,-0.5,3.3000000000000003,9.4,-36.8,5.300000000000001,-49.1,16
872,14622.0,-0.4,0.8,1.0,-0.8,3.4000000000000004,11.100000000000001,-39.400000000000006,4.7,-38.900000000000006,16
873,14635.0,-0.2,1.1,2.5,-0.6000000000000001,3.5,12.0,-35.699999999999996,7.6,-31.099999999999998,16
874,14652.0,-0.2,1.1,2.5,-0.4,3.6,12.3,-29.500000000000004,10.600000000000001,-22.700000000000003,16
875,14669.0,2.2,2.6,3.3000000000000003,1.7000000000000002,4.9,12.8,-9.100000000000001,13.700000000000001,-12.7,16
876,14685.0,2.3000000000000003,2.6,3.3000000000000003,2.0,4.9,12.8,-2.5,14.300000000000002,-16.5,16
877,14705.0,2.6,2.7,2.7,2.0,5.0,12.3,3.8,15.5,-21.400000000000002,16
878,14718.0,2.0,2.7,2.0,1.3,5.0,11.5,-14.700000000000001,18.700000000000003,-41.4,16
879,14735.0,2.1,0.6000000000000001,4.3,1.3,2.9000000000000004,13.8,-33.50000000000001,15.700000000000001,-52.00000000000001,16
880,14753.0,0.8,-1.9000000000000001,7.7,-0.1,0.2,17.2,-43.4,20.0,-61.9,16
881,14772.0,0.2,-2.9000000000000004,7.7,-0.8,-0.9,17.2,-5.4,23.400000000000002,-40.4,16
882,14785.0,0.2,-3.0,6.6000000000000005,-0.8,-1.1,16.2,20.599999999999998,22.5,-21.500000000000004,16
883,14803.0,0.8,-3.0,4.800000000000001,0.30000000000000004,-0.6000000000000001,12.9,57.800000000000004,3.5,12.5,16
884,14819.0,2.4000000000000004,-2.1,1.9000000000000001,1.3,0.0,11.4,66.0,-14.600000000000001,23.099999999999998,16
885,14835.0,4.0,-1.8,1.2000000000000002,3.0,0.6000000000000001,10.600000000000001,65.2,-55.5,25.300000000000004,16
886,14852.0,4.1000000000000005,-1.9000000000000001,1.2000000000000002,3.2,0.6000000000000001,10.600000000000001,59.80000000000001,-67.7,17.400000000000002,16
887,14873.0,3.7,-2.1,1.3,3.2,0.7000000000000001,10.700000000000001,37.9,-46.6,-18.900000000000002,16
888,14885.0,3.3000000000000003,-2.2,1.2000000000000002,2.9000000000000004,0.6000000000000001,10.600000000000001,29.600000000000005,-29.0,-30.200000000000003,16
889,14904.0,2.4000000000000004,-2.4000000000000004,1.0,2.0,0.5,10.4,22.2,-3.7000000000000006,-45.400000000000006,16
890,14919.0,2.0,-2.5,0.7000000000000001,1.2000000000000002,0.4,9.4,33.50000000000001,2.3,-51.300000000000004,16
891,14935.0,1.3,-2.5,-1.0,0.8,0.5,8.3,41.7,0.9000000000000001,-51.4,16
892,14952.0,1.0,-2.2,-3.1,0.5,0.9,6.1000000000000005,51.300000000000004,-3.8,-49.1,16
893,14981.0,0.9,-2.1,-4.4,0.1,1.4000000000000001,4.7,35.3,-2.6,-53.50000000000001,16
894,14985.0,0.9,-2.1,-4.4,0.1,1.4000000000000001,4.7,35.3,-2.6,-53.50000000000001,16
895,15003.0,0.30000000000000004,-1.9000000000000001,-4.3,-0.4,1.6,4.9,13.399999999999999,0.5,-58.0,16
896,15018.0,0.1,-2.0,-3.5,-1.0,1.3,6.300000000000001,1.6,2.6,-58.2,16
897,15035.0,-0.5,-2.3000000000000003,-2.3000000000000003,-1.3,1.1,6.9,3.2,4.0,-54.699999999999996,16
898,15055.0,-0.7000000000000001,-2.3000000000000003,-2.3000000000000003,-1.6,1.2000000000000002,6.800000000000001,11.1,3.4,-45.2,16
899,15074.0,0.0,-1.7000000000000002,-2.7,-1.0,1.8,6.4,17.799999999999997,-3.9,-30.799999999999997,16
900,15085.0,0.2,-1.6,-2.7,-0.7000000000000001,2.0,6.4,17.200000000000003,-9.3,-26.300000000000004,16
901,15109.0,1.5,-1.0,-2.3000000000000003,0.6000000000000001,2.6,6.800000000000001,5.0,-20.3,-28.200000000000003,16
902,15119.0,1.7000000000000002,-1.0,-1.9000000000000001,0.8,2.6,7.2,-1.7,-19.200000000000003,-32.5,16
903,15136.0,1.9000000000000001,-1.1,-1.2000000000000002,1.0,2.5,7.800000000000001,-7.400000000000001,-14.400000000000002,-37.400000000000006,16
904,15152.0,1.9000000000000001,-0.9,-0.9,1.0,2.6,8.200000000000001,-9.600000000000001,1.0,-45.3,16
905,15174.0,1.9000000000000001,-0.4,-1.4000000000000001,0.9,3.1,7.800000000000001,-12.600000000000001,15.700000000000001,-53.2,16
906,15186.0,1.9000000000000001,-0.30000000000000004,-1.4000000000000001,0.8,3.2,7.7,-18.900000000000002,21.6,-59.00000000000001,16
907,15203.0,1.4000000000000001,-0.2,-1.2000000000000002,0.2,3.2,8.0,-34.300000000000004,31.2,-69.5,16
908,15218.0,0.7000000000000001,0.2,-0.8,-0.7000000000000001,3.4000000000000004,8.4,-44.5,32.400000000000006,-70.9,16
909,15236.0,0.4,0.4,-0.5,-1.0,3.5,8.700000000000001,-48.10000000000001,27.400000000000002,-67.4,16
910,15252.0,0.30000000000000004,0.9,0.4,-1.3,3.9000000000000004,9.600000000000001,-52.900000000000006,10.0,-53.9,16
911,15270.0,0.9,1.7000000000000002,1.1,-0.8,4.4,10.4,-53.9,-0.5,-45.6,16
912,15285.0,0.9,1.8,1.1,-0.2,4.5,10.9,-58.5,-21.0,-31.2,16
913,15302.0,2.7,2.3000000000000003,2.8000000000000003,1.5,4.9,12.8,-66.3,-41.800000000000004,-26.200000000000003,16
914,15320.0,4.1000000000000005,2.7,5.4,2.6,4.9,14.8,-68.0,-57.1,-34.0,16
915,15335.0,4.1000000000000005,2.5,6.4,2.7,4.6000000000000005,15.9,-68.60000000000001,-54.699999999999996,-40.4,16
916,15352.0,3.1,1.6,7.5,1.9000000000000001,3.4000000000000004,17.1,-65.0,-32.5,-54.1,16
917,15368.0,2.5,0.7000000000000001,7.7,1.2000000000000002,2.4000000000000004,17.2,-57.699999999999996,-17.9,-56.6,16
918,15385.0,1.3,-0.6000000000000001,6.9,0.0,0.9,16.5,-35.1,-5.300000000000001,-46.0,16
919,15403.0,1.2000000000000002,-1.3,6.300000000000001,0.1,0.0,15.5,-3.5,-27.700000000000003,-22.000000000000004,16
920,15419.0,2.4000000000000004,-1.6,4.6000000000000005,1.3,-0.2,14.3,35.3,-62.50000000000001,-2.7,16
921,15435.0,3.0,-1.5,2.9000000000000004,2.0,0.0,12.600000000000001,53.7,-73.10000000000001,1.4,16
922,15451.0,3.6,-1.3,0.1,2.9000000000000004,0.30000000000000004,9.700000000000001,73.7,-75.2,-1.8000000000000003,16
923,15471.0,3.6,-1.2000000000000002,-1.9000000000000001,3.1,0.7000000000000001,7.7,69.4,-56.400000000000006,-20.7,16
924,15493.0,3.0,-1.1,-3.5,2.7,1.0,6.1000000000000005,52.5,-41.0,-40.6,16
925,15505.0,3.0,-1.1,-3.5,2.3000000000000003,1.1,5.9,37.400000000000006,-34.1,-54.300000000000004,16
926,15525.0,1.2000000000000002,-1.6,-2.5,1.0,0.7000000000000001,7.0,8.3,-33.0,-78.5,16
927,15542.0,0.2,-2.2,-1.0,0.0,0.1,8.5,-0.1,-36.0,-88.50000000000001,16
928,15551.0,-0.30000000000000004,-2.4000000000000004,-0.7000000000000001,-0.5,-0.1,8.8,3.8,-36.5,-88.60000000000001,16
929,15569.0,-0.4,-2.4000000000000004,-0.7000000000000001,-0.7000000000000001,-0.1,8.8,9.2,-34.50000000000001,-85.9,16
930,15587.0,-0.7000000000000001,-2.4000000000000004,-1.0,-0.7000000000000001,0.0,8.200000000000001,18.4,-21.6,-75.60000000000001,16
931,15602.0,-0.30000000000000004,-1.8,-2.3000000000000003,-0.4,0.6000000000000001,7.2,21.200000000000003,-5.8,-67.8,16
932,15624.0,-0.2,-1.8,-2.8000000000000003,-0.4,0.8,6.4,20.599999999999998,-2.0,-67.00000000000001,16
933,15636.0,-0.30000000000000004,-1.5,-3.5,-0.5,1.0,5.9,17.200000000000003,1.7,-64.7,16
934,15652.0,-0.30000000000000004,-1.0,-3.8000000000000003,-0.5,1.6,5.6000000000000005,10.4,-0.5,-59.00000000000001,16
935,15668.0,-0.2,-1.0,-3.7,-0.5,1.6,5.7,5.2,-3.2,-57.00000000000001,16
936,15690.0,-0.1,-1.0,-3.2,-0.30000000000000004,1.7000000000000002,6.6000000000000005,-5.0,-4.1,-52.900000000000006,16
937,15702.0,0.1,-0.7000000000000001,-2.2,-0.2,1.8,7.2,-9.0,-2.8,-48.70000000000001,16
938,15718.0,0.1,-0.5,-2.1,-0.30000000000000004,2.2,7.300000000000001,-6.1000000000000005,-3.3000000000000007,-41.6,16
939,15736.0,0.2,0.0,-2.4000000000000004,-0.2,2.6,7.1000000000000005,-5.6,-4.5,-37.50000000000001,16
940,15751.0,0.4,0.8,-2.6,0.1,3.3000000000000003,6.800000000000001,-11.8,-5.7,-32.9,16
941,15768.0,0.4,0.8,-2.6,0.1,3.5,6.9,-19.0,-4.7,-33.300000000000004,16
942,15785.0,0.2,1.5,-1.7000000000000002,-0.2,3.9000000000000004,7.800000000000001,-37.50000000000001,1.5,-36.5,16
943,15802.0,-0.1,1.5,0.1,-0.5,3.8000000000000003,9.600000000000001,-46.300000000000004,7.8,-36.1,16
944,15818.0,-0.4,1.6,1.4000000000000001,-0.9,3.6,10.9,-40.4,7.6,-27.0,16
945,15838.0,-0.30000000000000004,1.7000000000000002,1.8,-0.7000000000000001,3.9000000000000004,11.700000000000001,-32.7,6.8,-9.2,16
946,15852.0,0.4,2.2,2.5,-0.2,4.1000000000000005,12.100000000000001,-29.400000000000002,7.8,-0.8,16
947,15868.0,0.7000000000000001,2.5,2.7,0.1,4.4,12.3,-27.099999999999998,9.2,4.5,16
948,15894.0,2.0,3.1,3.2,1.4000000000000001,4.800000000000001,12.8,-19.200000000000003,8.4,0.0,16
949,15902.0,2.0,3.2,2.9000000000000004,1.4000000000000001,4.9,12.600000000000001,-16.0,11.5,-6.600000000000001,16
950,15920.0,1.7000000000000002,3.6,2.4000000000000004,0.9,4.9,12.200000000000001,-28.700000000000003,7.300000000000001,-24.1,16
951,15935.0,1.4000000000000001,2.5,3.8000000000000003,0.7000000000000001,4.1000000000000005,13.5,-35.5,4.800000000000001,-28.600000000000005,16
952,15951.0,0.4,0.5,6.800000000000001,-0.30000000000000004,1.9000000000000001,16.5,-52.00000000000001,5.9,-41.0,16
953,15968.0,0.4,0.5,6.800000000000001,-0.8,1.3,16.900000000000002,-45.3,13.5,-41.1,16
954,15989.0,-1.0,-0.5,6.800000000000001,-2.1,0.7000000000000001,15.8,-8.5,35.1,-20.900000000000002,16
955,16003.0,-1.2000000000000002,-0.6000000000000001,4.2,-2.0,0.8,13.0,26.000000000000004,35.5,13.3,16
956,16022.0,0.0,-0.1,1.4000000000000001,-1.0,1.2000000000000002,11.100000000000001,42.800000000000004,1.2000000000000002,40.2,16
957,16035.0,0.7000000000000001,0.0,0.9,-0.30000000000000004,1.4000000000000001,10.600000000000001,47.80000000000001,-22.9,48.10000000000001,16
958,16053.0,1.7000000000000002,0.1,0.4,0.9,1.7000000000000002,10.0,53.300000000000004,-52.2,53.50000000000001,16
959,16070.0,1.6,0.0,0.4,1.0,1.9000000000000001,9.700000000000001,52.900000000000006,-54.300000000000004,49.800000000000004,16
960,16085.0,1.8,0.30000000000000004,-0.4,1.1,2.1,9.1,48.300000000000004,-49.1,42.60000000000001,16
961,16101.0,1.6,0.2,-0.5,0.4,2.0,9.3,27.3,-24.3,23.099999999999998,16
962,16118.0,-0.5,-0.4,0.1,-0.9,1.6,9.700000000000001,10.5,8.8,4.5,16
963,16135.0,-0.9,-0.6000000000000001,0.0,-1.4000000000000001,1.4000000000000001,9.600000000000001,12.8,11.1,4.1,16
964,16152.0,-1.1,-0.7000000000000001,-0.4,-1.6,1.4000000000000001,9.200000000000001,24.900000000000002,5.0,10.4,16
965,16168.0,-1.1,-0.7000000000000001,-0.30000000000000004,-1.6,1.4000000000000001,8.9,33.0,-0.9000000000000001,15.100000000000001,16
966,16185.0,-0.8,-0.6000000000000001,-1.4000000000000001,-1.2000000000000002,1.6,8.200000000000001,43.6,-10.4,24.8,16
967,16202.0,-0.5,-0.7000000000000001,-1.9000000000000001,-0.9,1.7000000000000002,7.6000000000000005,46.50000000000001,-10.200000000000001,30.599999999999998,16
968,16218.0,-0.4,-1.0,-2.0,-0.8,1.6,7.5,48.9,-1.2000000000000002,35.3,16
969,16240.0,-0.4,-1.2000000000000002,-2.7,-0.7000000000000001,1.6,6.7,55.3,8.2,39.599999999999994,16
970,16252.0,-0.4,-1.2000000000000002,-3.2,-0.7000000000000001,1.6,6.2,57.49999999999999,9.899999999999999,40.7,16
971,16273.0,-0.1,-1.0,-3.7,-0.4,2.0,5.6000000000000005,58.3,5.2,39.300000000000004,16
972,16289.0,-0.1,-1.0,-3.8000000000000003,-0.4,2.1,5.5,55.900000000000006,0.2,35.5,16
973,16302.0,-0.2,-1.1,-3.5,-0.5,2.2,5.7,41.300000000000004,-7.0,25.6,16
974,16319.0,-0.2,-1.5,-2.6,-0.2,1.8,7.5,22.6,-6.699999999999999,18.3,16
975,16335.0,-0.1,-1.6,-1.6,0.0,1.5,8.5,19.5,-0.6000000000000001,15.8,16
976,16352.0,0.2,-2.1,-0.4,0.0,1.4000000000000001,8.8,22.5,19.0,11.1,16
977,16368.0,0.2,-2.1,-0.8,0.0,1.4000000000000001,8.4,21.900000000000002,28.900000000000002,8.600000000000001,16
978,16385.0,0.1,-1.9000000000000001,-1.3,-0.2,1.7000000000000002,7.800000000000001,13.000000000000002,38.0,4.0,16
979,16402.0,0.1,-1.8,-1.5,-0.30000000000000004,1.9000000000000001,7.6000000000000005,-3.4,38.60000000000001,-1.0,16
980,16419.0,0.1,-1.7000000000000002,-1.3,-0.30000000000000004,2.0,8.4,-26.400000000000006,29.500000000000004,-2.7,16
981,16435.0,0.5,-1.5,0.2,-0.1,2.1,9.3,-36.7,23.3,-1.7,16
982,16452.0,0.7000000000000001,-1.2000000000000002,1.5,0.1,2.2,10.700000000000001,-47.0,14.600000000000001,-0.9000000000000001,16
983,16468.0,0.8,-1.3,1.9000000000000001,0.1,2.1,11.100000000000001,-49.6,13.700000000000001,-0.5,16
984,16485.0,1.4000000000000001,-0.9,1.8,0.7000000000000001,2.3000000000000003,11.100000000000001,-51.800000000000004,13.900000000000002,4.0,16
985,16502.0,1.7000000000000002,-0.4,1.6,1.0,2.7,11.100000000000001,-64.4,-1.8000000000000003,-0.30000000000000004,16
986,16518.0,1.8,-0.5,3.5,1.1,2.4000000000000004,12.9,-81.0,-10.299999999999999,-7.1000000000000005,16
987,16535.0,0.9,-1.8,6.5,0.2,0.8,15.9,-112.0,-2.2,-22.1,16
988,16553.0,-0.4,-2.9000000000000004,8.9,-1.2000000000000002,-0.6000000000000001,18.400000000000002,-105.10000000000001,27.400000000000002,-5.8,16
989,16579.0,2.0,-2.2,6.800000000000001,1.1,-0.4,16.400000000000002,-18.6,20.400000000000002,64.0,16
990,16585.0,2.0,-2.2,6.800000000000001,1.1,-0.4,16.400000000000002,-18.6,20.400000000000002,64.0,16
991,16605.0,4.0,-0.8,2.9000000000000004,3.2,1.0,12.5,37.7,-19.0,87.00000000000001,16
992,16626.0,5.4,0.4,0.1,4.7,2.4000000000000004,9.700000000000001,51.6,-34.60000000000001,79.39999999999999,16
993,16635.0,5.300000000000001,0.30000000000000004,0.1,5.1000000000000005,3.1,8.200000000000001,46.300000000000004,-31.7,65.4,16
994,16651.0,5.2,1.1,-2.3000000000000003,4.7,3.4000000000000004,7.300000000000001,24.200000000000003,-11.700000000000001,27.400000000000002,16
995,16671.0,3.7,0.9,-2.5,3.2,3.2,7.0,0.8,11.4,-7.300000000000001,16
996,16685.0,2.9000000000000004,0.6000000000000001,-2.3000000000000003,2.4000000000000004,3.0,7.2,-6.9,18.3,-20.400000000000002,16
997,16702.0,1.4000000000000001,0.30000000000000004,-1.7000000000000002,0.8,2.6,7.800000000000001,-8.2,16.4,-31.400000000000002,16
998,16719.0,0.6000000000000001,0.0,-1.6,-0.1,2.3000000000000003,7.9,5.7,-0.8,-29.700000000000006,16
999,16735.0,0.6000000000000001,0.0,-1.6,-0.30000000000000004,2.2,7.7,13.000000000000002,-10.600000000000001,-26.000000000000004,16
1000,16752.0,0.6000000000000001,-0.1,-2.2,0.0,2.2,7.300000000000001,23.400000000000002,-20.8,-19.1,16
1001,16768.0,0.6000000000000001,-0.1,-2.2,0.2,2.3000000000000003,7.1000000000000005,25.4,-19.1,-18.0,16
1002,16785.0,1.0,-0.1,-3.0,0.4,2.3000000000000003,6.5,24.1,-9.600000000000001,-20.7,16
1003,16802.0,0.8,-0.2,-3.4000000000000004,0.30000000000000004,2.3000000000000003,6.0,17.400000000000002,-2.8,-26.9,16
1004,16818.0,0.7000000000000001,-0.4,-3.5,0.0,2.1,6.1000000000000005,11.000000000000002,-2.0,-30.799999999999997,16
1005,16836.0,0.4,-0.8,-2.9000000000000004,-0.2,1.8,6.5,7.500000000000001,-3.2,-32.300000000000004,16
1006,16852.0,0.5,-1.0,-2.4000000000000004,-0.1,1.5,7.0,5.2,-7.699999999999999,-28.900000000000002,16
1007,16868.0,0.5,-1.1,-2.4000000000000004,0.0,1.6,7.2,5.9,-10.8,-25.5,16
1008,16885.0,0.8,-0.9,-2.2,0.4,1.9000000000000001,7.300000000000001,6.300000000000001,-13.6,-21.300000000000004,16
1009,16902.0,1.1,-0.30000000000000004,-2.2,0.6000000000000001,2.3000000000000003,7.2,-2.2,-2.4000000000000004,-25.200000000000003,16
1010,16918.0,0.8,-0.1,-2.1,0.0,2.5,7.5,-10.0,6.500000000000001,-29.500000000000004,16
1011,16935.0,0.0,0.0,-1.3,-0.6000000000000001,2.6,8.200000000000001,-25.900000000000002,22.3,-35.699999999999996,16
1012,16954.0,-0.6000000000000001,0.2,-0.6000000000000001,-1.3,2.6,8.8,-32.5,26.700000000000003,-33.50000000000001,16
1013,16972.0,-0.7000000000000001,0.30000000000000004,-0.4,-1.5,2.7,9.0,-33.2,25.900000000000002,-29.0,16
1014,16985.0,-0.7000000000000001,0.30000000000000004,-0.4,-1.5,2.7,9.0,-33.2,25.900000000000002,-29.0,16
1015,17002.0,-0.2,1.0,1.8,-1.2000000000000002,3.1,11.3,-40.4,7.6,-5.2,16
1016,17018.0,0.2,1.3,3.4000000000000004,-0.8,3.3000000000000003,13.0,-34.1,-10.299999999999999,3.8,16
1017,17035.0,0.6000000000000001,1.2000000000000002,4.2,-0.4,3.2,13.8,-25.900000000000002,-12.600000000000001,7.8,16
1018,17052.0,1.1,1.8,3.8000000000000003,0.2,3.7,13.4,-3.6000000000000005,4.7,15.100000000000001,16
1019,17071.0,1.5,2.9000000000000004,1.4000000000000001,0.5,4.800000000000001,11.0,8.600000000000001,24.900000000000002,11.900000000000002,16
1020,17085.0,1.4000000000000001,3.4000000000000004,0.9,0.4,5.300000000000001,10.5,2.3,27.700000000000003,4.0,16
1021,17102.0,0.8,2.3000000000000003,2.3000000000000003,-0.30000000000000004,4.2,11.8,-29.0,22.2,-14.0,16
1022,17120.0,0.0,1.0,4.3,-1.5,2.3000000000000003,14.5,-35.699999999999996,18.8,-17.1,16
1023,17136.0,-1.3,0.1,5.6000000000000005,-2.5,1.8,15.200000000000001,-24.8,15.5,-10.700000000000001,16
1024,17152.0,-1.4000000000000001,-0.2,4.9,-2.7,1.4000000000000001,14.4,11.000000000000002,4.1,17.300000000000004,16
1025,17172.0,-0.4,-0.1,3.3000000000000003,-1.7000000000000002,1.7000000000000002,12.8,36.1,-16.900000000000002,43.300000000000004,16
1026,17185.0,0.0,0.0,2.9000000000000004,-1.2000000000000002,1.8,12.5,41.300000000000004,-28.1,50.0,16
1027,17203.0,0.8,-0.1,2.5,-0.30000000000000004,1.9000000000000001,12.100000000000001,43.6,-40.7,49.9,16
1028,17218.0,0.8,-0.30000000000000004,2.3000000000000003,-0.1,1.7000000000000002,11.600000000000001,44.5,-33.0,43.300000000000004,16
1029,17235.0,0.7000000000000001,-0.8,1.4000000000000001,-0.1,1.4000000000000001,10.9,44.6,-25.8,40.0,16
1030,17251.0,0.7000000000000001,-1.1,0.4,0.0,1.2000000000000002,9.9,42.800000000000004,-12.200000000000001,34.7,16
1031,17269.0,0.5,-1.3,-0.6000000000000001,-0.1,1.2000000000000002,8.9,40.300000000000004,-7.400000000000001,30.000000000000004,16
1032,17285.0,0.5,-1.5,-0.9,-0.1,1.1,8.6,38.50000000000001,-6.300000000000001,26.9,16
1033,17302.0,0.4,-1.8,-1.3,-0.2,0.9,7.9,35.2,-5.7,21.7,16
1034,17319.0,0.1,-2.1,-2.1,-0.4,0.7000000000000001,7.300000000000001,32.0,-2.8,17.799999999999997,16
1035,17336.0,-0.1,-2.3000000000000003,-2.3000000000000003,-0.6000000000000001,0.6000000000000001,7.0,30.4,0.0,17.0,16
1036,17352.0,-0.1,-2.6,-2.7,-0.7000000000000001,0.30000000000000004,6.7,29.700000000000006,7.0,18.3,16
1037,17372.0,0.0,-2.6,-3.3000000000000003,-0.5,0.5,6.0,29.1,13.100000000000001,22.700000000000003,16
1038,17390.0,0.1,-2.6,-3.4000000000000004,-0.4,0.5,5.9,26.9,13.5,22.9,16
1039,17402.0,0.30000000000000004,-2.5,-3.5,-0.2,0.8,5.7,22.3,15.2,21.900000000000002,16
1040,17418.0,0.4,-2.3000000000000003,-3.6,-0.1,1.0,5.5,19.1,18.3,18.900000000000002,16
1041,17437.0,0.5,-2.3000000000000003,-3.7,-0.1,1.3,5.2,17.7,20.900000000000002,17.0,16
1042,17451.0,0.5,-1.5,-4.0,-0.2,1.8,5.2,10.0,19.799999999999997,12.8,16
1043,17471.0,0.5,-1.2000000000000002,-3.0,-0.2,2.1,6.2,-1.3,14.200000000000001,7.0,16
1044,17485.0,0.5,-1.2000000000000002,-3.0,-0.2,2.3000000000000003,6.7,-4.7,14.0,4.6,16
1045,17503.0,0.4,-0.6000000000000001,-2.0,-0.4,2.7,7.2,-4.1,19.300000000000004,-0.7,16
1046,17522.0,0.30000000000000004,-0.4,-2.2,-0.7000000000000001,3.0,6.9,-3.9,27.6,-5.500000000000001,16
1047,17541.0,-0.2,0.0,-2.0,-1.1,3.4000000000000004,7.2,-14.800000000000002,31.6,-7.500000000000001,16
1048,17553.0,-0.1,0.4,-1.7000000000000002,-1.1,3.7,7.5,-20.2,26.700000000000003,-7.300000000000001,16
1049,17570.0,0.0,0.7000000000000001,-1.5,-1.0,3.9000000000000004,7.7,-25.300000000000004,16.6,-8.0,16
1050,17587.0,0.4,1.2000000000000002,-0.6000000000000001,-0.7000000000000001,4.4,8.6,-43.00000000000001,-4.6,-13.399999999999999,16
1051,17603.0,0.6000000000000001,1.3,1.2000000000000002,-0.5,4.3,10.5,-70.4,-7.9,-24.400000000000002,16
1052,17619.0,0.6000000000000001,1.1,3.6,-0.5,3.9000000000000004,13.0,-89.0,2.4000000000000004,-31.2,16
1053,17635.0,0.7000000000000001,0.9,4.9,-0.4,3.5,14.3,-90.0,0.1,-32.0,16
1054,17652.0,0.5,1.0,6.300000000000001,-0.6000000000000001,3.3000000000000003,15.8,-86.00000000000001,-23.400000000000002,-33.0,16
1055,17670.0,0.7000000000000001,1.1,7.300000000000001,-0.30000000000000004,3.1,16.8,-79.00000000000001,-31.9,-26.9,16
1056,17685.0,0.7000000000000001,1.2000000000000002,7.2,-0.30000000000000004,2.9000000000000004,17.1,-77.00000000000001,-19.0,-26.1,16
1057,17702.0,-0.4,0.30000000000000004,7.800000000000001,-1.4000000000000001,1.9000000000000001,17.5,-68.4,27.800000000000004,-20.400000000000002,16
1058,17718.0,-1.2000000000000002,-0.30000000000000004,7.300000000000001,-2.3000000000000003,1.2000000000000002,17.0,-63.2,36.400000000000006,-15.5,16
1059,17735.0,-1.4000000000000001,-0.7000000000000001,5.5,-2.5,0.6000000000000001,15.100000000000001,-28.900000000000002,39.0,17.799999999999997,16
1060,17752.0,0.5,-0.5,3.7,-0.8,0.7000000000000001,13.3,14.700000000000001,-9.4,62.300000000000004,16
1061,17770.0,2.1,-0.1,2.3000000000000003,1.0,1.3,11.9,53.400000000000006,-66.4,93.49999999999999,16
1062,17785.0,2.0,-0.2,2.3000000000000003,1.8,1.6,11.100000000000001,67.5,-82.60000000000001,99.39999999999999,16
1063,17802.0,3.4000000000000004,0.30000000000000004,0.5,3.3000000000000003,2.3000000000000003,9.5,77.9,-90.5,90.9,16
1064,17819.0,3.8000000000000003,0.5,-1.0,3.5,2.5,8.200000000000001,68.2,-71.30000000000001,61.39999999999999,16
1065,17835.0,3.2,0.2,-1.7000000000000002,3.1,2.3000000000000003,7.9,57.800000000000004,-56.50000000000001,44.10000000000001,16
1066,17853.0,2.0,-0.30000000000000004,-1.4000000000000001,2.0,2.0,8.1,36.5,-29.200000000000003,15.2,16
1067,17870.0,0.9,-0.9,-1.4000000000000001,1.1,1.5,8.1,31.099999999999998,-15.299999999999999,-2.0,16
1068,17886.0,0.5,-1.0,-1.6,0.6000000000000001,1.4000000000000001,7.9,34.60000000000001,-14.100000000000001,-6.2,16
1069,17902.0,-0.1,-1.3,-2.0,0.0,1.3,7.1000000000000005,43.300000000000004,-17.200000000000003,-8.100000000000001,16
1070,17918.0,-0.30000000000000004,-1.3,-2.9000000000000004,0.0,1.6,6.300000000000001,43.00000000000001,-16.1,-9.3,16
1071,17936.0,-0.30000000000000004,-1.0,-3.5,0.0,1.7000000000000002,5.9,39.9,-13.6,-12.8,16
1072,17952.0,-0.8,-1.3,-3.6,-0.5,1.6,5.7,27.9,-6.2,-23.3,16
1073,17968.0,-1.3,-1.6,-3.4000000000000004,-1.1,1.4000000000000001,5.9,13.000000000000002,2.6,-29.300000000000004,16
1074,17985.0,-1.3,-1.6,-3.4000000000000004,-1.3,1.3,6.1000000000000005,6.4,5.4,-28.400000000000002,16
1075,18002.0,-1.9000000000000001,-1.9000000000000001,-2.7,-1.7000000000000002,1.2000000000000002,6.6000000000000005,-1.0,5.1000000000000005,-20.2,16
1076,18018.0,-1.7000000000000002,-1.7000000000000002,-2.3000000000000003,-1.6,1.3,7.0,-5.8,-1.5,-9.3,16
1077,18035.0,-1.6,-1.5,-1.8,-1.4000000000000001,1.5,7.5,-8.2,-5.0,-3.7000000000000006,16
1078,18053.0,-1.3,-1.2000000000000002,-1.2000000000000002,-1.1,1.8,8.200000000000001,-11.8,-7.9,4.300000000000001,16
1079,18068.0,-1.3,-1.1,-1.0,-1.0,2.0,8.5,-13.6,-1.8000000000000003,11.5,16
1080,18085.0,-1.1,-0.8,-0.8,-0.9,2.2,8.5,-14.600000000000001,2.9,15.2,16
1081,18111.0,-0.9,0.0,-1.0,-0.6000000000000001,2.8000000000000003,8.3,-20.2,11.1,22.700000000000003,16
1082,18124.0,-0.7000000000000001,0.4,-0.8,-0.30000000000000004,3.4000000000000004,9.1,-32.0,9.700000000000001,27.099999999999998,16
1083,18137.0,-0.4,0.9,0.7000000000000001,-0.2,3.7,10.100000000000001,-35.0,6.8,27.2,16
1084,18152.0,-0.5,1.0,2.4000000000000004,-0.2,3.6,11.9,-29.800000000000004,3.5,29.200000000000003,16
1085,18168.0,-0.30000000000000004,1.3,2.9000000000000004,0.0,3.9000000000000004,12.3,-15.299999999999999,10.600000000000001,35.1,16
1086,18185.0,-0.1,1.6,2.6,0.1,4.1000000000000005,12.100000000000001,-5.500000000000001,15.700000000000001,38.7,16
1087,18202.0,0.1,2.2,1.6,0.30000000000000004,4.7,11.100000000000001,5.500000000000001,25.7,41.199999999999996,16
1088,18220.0,0.2,2.5,1.0,0.2,5.2,10.100000000000001,3.7000000000000006,34.7,37.400000000000006,16
1089,18235.0,-0.1,2.6,0.1,0.0,5.2,9.600000000000001,-0.6000000000000001,34.900000000000006,33.50000000000001,16
1090,18253.0,-0.2,1.6,1.6,-0.2,4.1000000000000005,11.100000000000001,-22.5,23.3,24.400000000000002,16
1091,18268.0,-0.5,0.6000000000000001,3.6,-0.5,3.0,13.200000000000001,-43.300000000000004,8.4,18.5,16
1092,18285.0,-0.9,-0.2,5.1000000000000005,-0.9,2.1,14.600000000000001,-45.5,3.0,18.3,16
1093,18301.0,-1.6,-1.3,6.9,-1.6,0.9,16.5,-26.200000000000003,9.100000000000001,35.699999999999996,16
1094,18318.0,-0.9,-1.6,5.5,-0.9,0.6000000000000001,15.100000000000001,19.799999999999997,18.5,67.9,16
1095,18335.0,-0.1,-1.0,3.5,-0.1,1.2000000000000002,13.100000000000001,40.9,14.300000000000002,80.10000000000001,16
1096,18352.0,0.9,-0.4,0.5,0.9,1.9000000000000001,10.0,55.1,4.2,87.2,16
1097,18368.0,0.9,-0.5,0.5,1.2000000000000002,1.9000000000000001,9.5,59.699999999999996,-18.700000000000003,84.0,16
1098,18385.0,1.5,-0.7000000000000001,-0.6000000000000001,1.7000000000000002,1.9000000000000001,8.8,39.50000000000001,-22.5,69.00000000000001,16
1099,18402.0,1.2000000000000002,-1.2000000000000002,0.2,1.6,1.5,9.600000000000001,13.700000000000001,-10.700000000000001,49.1,16
1100,18419.0,0.9,-1.6,0.7000000000000001,1.0,0.9,10.200000000000001,1.6,6.1000000000000005,33.9,16
1101,18435.0,0.0,-2.2,0.8,0.4,0.6000000000000001,10.200000000000001,-0.5,12.9,29.300000000000004,16
1102,18454.0,-0.6000000000000001,-2.5,0.6000000000000001,-0.2,0.2,10.0,-0.1,19.700000000000003,29.200000000000003,16
1103,18473.0,-0.8,-2.5,0.2,-0.5,0.2,9.600000000000001,8.3,13.3,35.2,16
1104,18488.0,-0.8,-2.5,0.2,-0.5,0.2,9.4,15.100000000000001,6.2,39.699999999999996,16
1105,18503.0,-0.6000000000000001,-2.7,-0.6000000000000001,-0.1,0.1,8.6,26.799999999999997,-3.6000000000000005,50.900000000000006,16
1106,18520.0,0.2,-2.4000000000000004,-1.5,0.6000000000000001,0.4,7.9,34.1,-4.9,59.1,16
1107,18535.0,0.5,-2.3000000000000003,-1.9000000000000001,1.0,0.6000000000000001,7.4,37.0,-3.1,59.40000000000001,16
1108,18554.0,0.5,-2.0,-2.7,1.1,1.0,6.6000000000000005,42.60000000000001,3.3000000000000007,56.0,16
1109,18579.0,0.30000000000000004,-1.6,-3.9000000000000004,0.9,1.5,5.4,45.7,12.8,50.5,16
1110,18590.0,0.30000000000000004,-1.7000000000000002,-3.9000000000000004,1.1,1.7000000000000002,4.800000000000001,43.4,16.5,46.9,16
1111,18604.0,0.2,-0.8,-5.4,0.8,2.5,3.8000000000000003,25.5,18.5,32.300000000000004,16
1112,18619.0,-0.5,-0.2,-5.0,0.0,3.2,4.2,3.5,15.299999999999999,20.0,16
1113,18636.0,-0.9,-0.2,-3.8000000000000003,-0.4,3.2,5.4,-12.200000000000001,10.8,13.5,16
1114,18652.0,-1.2000000000000002,-0.4,-1.1,-0.7000000000000001,3.0,8.1,-31.3,4.6,6.1000000000000005,16
1115,18668.0,-1.2000000000000002,-0.4,-0.30000000000000004,-0.7000000000000001,2.9000000000000004,8.9,-32.6,0.2,4.6,16
1116,18686.0,-1.4000000000000001,-0.30000000000000004,1.2000000000000002,-0.9,2.9000000000000004,10.5,-22.8,-1.2000000000000002,5.500000000000001,16
1117,18702.0,-1.4000000000000001,-0.1,1.4000000000000001,-0.8,3.2,10.600000000000001,-4.800000000000001,7.400000000000001,9.4,16
1118,18719.0,-1.1,0.5,0.4,-0.6000000000000001,3.6,9.700000000000001,6.600000000000001,17.7,8.899999999999999,16
1119,18736.0,-1.1,0.8,-0.30000000000000004,-0.6000000000000001,3.9000000000000004,8.9,5.300000000000001,19.300000000000004,6.300000000000001,16
1120,18755.0,-1.1,1.2000000000000002,-0.7000000000000001,-0.7000000000000001,4.3,8.6,-4.4,21.6,1.9,16
1121,18774.0,-1.1,1.6,-0.9,-0.8,4.7,8.4,-19.5,28.200000000000003,-5.4,16
1122,18785.0,-1.1,1.6,-0.8,-0.8,4.7,8.5,-31.3,32.7,-11.700000000000001,16
1123,18802.0,-1.4000000000000001,1.1,0.6000000000000001,-1.3,4.1000000000000005,10.0,-68.7,25.0,-28.0,16
1124,18818.0,-2.6,-1.7000000000000002,5.4,-2.5,1.1,14.9,-100.30000000000001,-7.200000000000001,-39.2,16
1125,18835.0,-2.9000000000000004,-2.7,7.6000000000000005,-2.8000000000000003,-0.2,17.1,-101.10000000000001,-13.399999999999999,-28.700000000000003,16
1126,18854.0,-1.2000000000000002,-4.3,8.9,-1.2000000000000002,-2.1,18.400000000000002,-69.60000000000001,-1.5,21.1,16
1127,18868.0,-1.2000000000000002,-4.2,8.8,-0.2,-2.1,18.1,-44.2,3.7000000000000006,43.900000000000006,16
1128,18885.0,1.7000000000000002,-3.3000000000000003,6.0,1.8,-1.2000000000000002,15.600000000000001,15.000000000000002,11.6,80.7,16
1129,18902.0,2.9000000000000004,-2.6,3.4000000000000004,3.5,0.0,11.4,58.5,8.5,98.39999999999999,16
1130,18918.0,4.1000000000000005,-1.4000000000000001,-0.7000000000000001,4.4,1.1,8.0,63.0,-7.300000000000001,86.5,16
1131,18936.0,4.0,-0.30000000000000004,-2.8000000000000003,4.2,2.1,6.7,53.7,-12.7,74.89999999999999,16
1132,18953.0,3.6,-0.4,-3.4000000000000004,3.9000000000000004,2.2,6.0,17.9,-13.200000000000003,47.60000000000001,16
1133,18976.0,2.4000000000000004,-0.6000000000000001,-2.2,2.7,1.9000000000000001,7.2,-17.9,-1.5,24.900000000000002,16
1134,18985.0,1.8,-0.7000000000000001,-1.7000000000000002,2.2,1.9000000000000001,7.800000000000001,-25.5,4.300000000000001,18.200000000000003,16
1135,19001.0,0.8,-0.5,-1.2000000000000002,1.2000000000000002,1.9000000000000001,8.3,-20.599999999999998,7.400000000000001,10.600000000000001,16
1136,19018.0,0.0,-0.30000000000000004,-2.1,0.4,2.1,7.4,-9.4,1.2000000000000002,9.2,16
1137,19038.0,-0.1,0.1,-2.6,0.30000000000000004,2.5,6.9,-11.3,-12.8,8.8,16
1138,19060.0,-0.2,0.1,-2.2,0.2,2.3000000000000003,7.6000000000000005,-16.900000000000002,-23.0,5.9,16
1139,19077.0,-0.30000000000000004,-0.2,-1.4000000000000001,0.2,2.1,8.200000000000001,-18.900000000000002,-23.900000000000006,4.6,16
1140,19085.0,-0.4,-0.1,-1.4000000000000001,0.1,2.0,8.5,-19.200000000000003,-21.500000000000004,4.9,16
1141,19107.0,-0.7000000000000001,-0.30000000000000004,-0.8,-0.1,1.8,8.700000000000001,-10.8,-8.899999999999999,9.899999999999999,16
1142,19118.0,-0.4,-0.2,-1.7000000000000002,0.2,2.0,7.9,2.3,-0.5,17.5,16
1143,19135.0,-0.1,0.1,-2.2,0.6000000000000001,2.3000000000000003,7.300000000000001,6.600000000000001,-1.2000000000000002,19.200000000000003,16
1144,19154.0,0.1,0.4,-2.9000000000000004,0.7000000000000001,2.6,6.7,9.5,-5.6,15.700000000000001,16
1145,19172.0,-0.1,0.30000000000000004,-2.9000000000000004,0.7000000000000001,2.6,6.6000000000000005,2.8,-3.8,9.100000000000001,16
1146,19185.0,-0.1,0.4,-2.8000000000000003,0.6000000000000001,2.6,6.7,-2.3,-0.5,6.500000000000001,16
1147,19203.0,-0.30000000000000004,0.5,-2.4000000000000004,0.2,2.7,7.7,-10.9,1.9,1.5,16
1148,19219.0,-0.8,0.5,-0.6000000000000001,-0.1,2.6,9.0,-14.5,3.7000000000000006,-1.7,16
1149,19235.0,-1.0,0.5,0.0,-0.30000000000000004,2.7,9.5,-14.600000000000001,6.600000000000001,-2.8,16
1150,19252.0,-1.4000000000000001,0.4,1.0,-0.8,2.5,10.5,-12.600000000000001,16.700000000000003,-4.0,16
1151,19275.0,-1.6,0.5,1.3,-1.0,2.6,10.9,-5.300000000000001,26.1,1.5,16
1152,19286.0,-1.5,0.6000000000000001,1.4000000000000001,-0.9,2.7,10.9,-1.3,27.3,6.1000000000000005,16
1153,19302.0,-1.0,0.8,1.6,-0.5,2.9000000000000004,11.200000000000001,4.2,23.700000000000003,13.900000000000002,16
1154,19318.0,-0.4,0.9,1.9000000000000001,0.0,3.0,11.4,6.600000000000001,24.400000000000002,19.1,16
1155,19335.0,-0.4,1.2000000000000002,1.7000000000000002,-0.1,3.3000000000000003,11.3,8.5,27.5,20.8,16
1156,19353.0,-0.2,1.5,0.7000000000000001,0.0,3.6,10.200000000000001,8.3,27.9,20.0,16
1157,19375.0,-0.2,1.4000000000000001,0.9,0.0,3.6,10.4,-12.9,21.6,9.8,16
1158,19387.0,-0.2,1.4000000000000001,0.9,-0.1,3.2,11.100000000000001,-28.0,18.8,1.8000000000000003,16
1159,19403.0,-1.3,-0.2,3.6,-1.2000000000000002,1.8,13.200000000000001,-48.70000000000001,19.300000000000004,-7.8,16
1160,19420.0,-2.6,-0.9,5.2,-2.9000000000000004,0.8,15.200000000000001,-45.400000000000006,27.099999999999998,4.800000000000001,16
1161,19435.0,-3.3000000000000003,-1.4000000000000001,5.800000000000001,-3.3000000000000003,0.30000000000000004,15.5,-31.099999999999998,32.8,22.3,16
1162,19452.0,-2.6,-1.0,4.3,-2.7,0.7000000000000001,14.0,8.5,22.6,60.300000000000004,16
1163,19470.0,-1.4000000000000001,-0.4,2.0,-1.5,1.4000000000000001,11.600000000000001,39.50000000000001,-10.700000000000001,82.50000000000001,16
1164,19485.0,-0.9,-0.2,1.1,-1.0,1.6,10.8,44.8,-26.400000000000006,87.3,16
1165,19502.0,0.2,0.0,0.30000000000000004,0.30000000000000004,1.9000000000000001,10.0,38.900000000000006,-39.2,86.2,16
1166,19521.0,0.4,-0.30000000000000004,0.7000000000000001,0.7000000000000001,1.8,10.3,19.0,-31.6,72.7,16
1167,19543.0,0.0,-0.5,1.2000000000000002,0.2,1.4000000000000001,10.8,3.6000000000000005,-9.0,54.9,16
1168,19552.0,-0.8,-1.0,1.2000000000000002,-0.4,1.1,10.8,1.8000000000000003,2.2,47.60000000000001,16
1169,19568.0,-1.4000000000000001,-1.2000000000000002,1.0,-0.9,0.9,10.600000000000001,4.1,11.000000000000002,43.800000000000004,16
1170,19586.0,-2.3000000000000003,-1.6,0.1,-1.8,0.6000000000000001,9.600000000000001,15.000000000000002,15.299999999999999,47.60000000000001,16
1171,19601.0,-2.1,-1.7000000000000002,-0.4,-1.7000000000000002,0.5,9.1,25.0,3.7000000000000006,59.9,16
1172,19622.0,-1.5,-1.9000000000000001,-0.6000000000000001,-1.0,0.4,9.0,34.900000000000006,-4.6,70.2,16
1173,19635.0,-1.0,-2.0,-0.9,-0.5,0.30000000000000004,8.700000000000001,40.7,-4.0,73.8,16
1174,19651.0,-0.9,-2.0,-1.0,-0.4,0.30000000000000004,8.5,47.5,-1.5,76.60000000000001,16
1175,19668.0,-0.2,-1.7000000000000002,-2.7,0.4,0.9,6.800000000000001,63.0,7.500000000000001,79.00000000000001,16
1176,19685.0,-0.2,-1.8,-2.6,0.6000000000000001,1.0,6.300000000000001,65.2,8.100000000000001,76.80000000000001,16
1177,19701.0,0.0,-1.4000000000000001,-4.0,0.7000000000000001,1.5,5.4,60.900000000000006,6.4,67.7,16
1178,19718.0,-0.1,-1.1,-4.0,0.7000000000000001,1.9000000000000001,5.300000000000001,44.4,1.9,52.5,16
1179,19735.0,-0.4,-1.2000000000000002,-3.4000000000000004,0.4,1.9000000000000001,5.9,34.2,1.6,43.300000000000004,16
1180,19760.0,-0.8,-1.7000000000000002,-1.7000000000000002,0.0,1.6,7.6000000000000005,14.0,6.699999999999999,22.9,16
1181,19768.0,-0.8,-1.7000000000000002,-1.7000000000000002,-0.1,1.5,7.9,13.100000000000001,11.1,19.200000000000003,16
1182,19788.0,-0.8,-1.4000000000000001,-1.3,0.0,1.9000000000000001,7.9,10.600000000000001,14.0,12.0,16
1183,19803.0,-0.8,-1.4000000000000001,-1.3,0.0,1.9000000000000001,7.9,6.4,11.4,6.600000000000001,16
1184,19818.0,-1.0,-1.2000000000000002,-0.7000000000000001,-0.2,2.1,8.5,-7.400000000000001,4.5,-3.1,16
1185,19835.0,-1.0,-1.3,0.0,-0.30000000000000004,2.0,9.200000000000001,-16.0,2.5,-6.2,16
1186,19852.0,-1.0,-1.1,1.5,-0.2,2.1,10.8,-29.0,7.699999999999999,-8.100000000000001,16
1187,19870.0,-0.9,-1.0,1.9000000000000001,-0.1,2.2,11.100000000000001,-30.4,10.299999999999999,-8.100000000000001,16
1188,19885.0,-0.30000000000000004,-1.0,2.2,0.30000000000000004,2.0,11.5,-30.799999999999997,17.1,-5.9,16
1189,19901.0,0.9,-0.5,1.7000000000000002,1.5,2.5,11.100000000000001,-32.0,3.7000000000000006,-4.0,16
1190,19919.0,1.6,-0.4,3.1,2.3000000000000003,2.5,12.5,-53.599999999999994,-34.60000000000001,-21.0,16
1191,19935.0,1.4000000000000001,-1.1,4.7,2.1,1.6,14.100000000000001,-70.8,-41.1,-34.7,16
1192,19952.0,-0.6000000000000001,-3.5,7.9,0.1,-1.0,17.3,-102.2,1.7,-55.7,16
1193,19968.0,-1.5,-3.9000000000000004,8.3,-0.8,-1.5,17.8,-104.10000000000001,38.800000000000004,-49.6,16
1194,19985.0,-1.9000000000000001,-4.5,7.9,-1.4000000000000001,-2.5,17.400000000000002,-69.00000000000001,81.4,-5.2,16
1195,20002.0,0.30000000000000004,-3.6,5.5,0.6000000000000001,-1.7000000000000002,15.100000000000001,-1.5,48.10000000000001,57.00000000000001,16
1196,20018.0,2.1,-2.5,3.7,3.7,0.0,11.8,57.49999999999999,-22.1,94.3,16
1197,20036.0,4.6000000000000005,-1.0,0.6000000000000001,4.9,0.9,10.200000000000001,70.7,-46.800000000000004,93.49999999999999,16
1198,20053.0,4.9,0.1,-1.3,5.4,2.3000000000000003,8.200000000000001,60.8,-49.300000000000004,63.0,16
1199,20069.0,4.3,0.4,-1.9000000000000001,4.9,2.7,7.6000000000000005,44.2,-25.5,42.2,16
1200,20085.0,3.2,0.0,-2.2,3.0,2.3000000000000003,7.2,6.4,35.9,7.400000000000001,16
1201,20102.0,0.30000000000000004,-0.30000000000000004,-2.3000000000000003,0.9,2.1,7.2,-6.699999999999999,67.7,-7.300000000000001,16
1202,20118.0,-0.6000000000000001,-0.30000000000000004,-2.8000000000000003,-0.5,2.1,6.5,3.7000000000000006,53.7,-1.8000000000000003,16
1203,20138.0,-1.1,-0.1,-3.8000000000000003,-1.0,2.4000000000000004,5.7,14.0,13.5,11.2,16
1204,20151.0,-0.9,0.0,-4.0,-0.8,2.4000000000000004,5.5,16.8,-5.9,16.700000000000003,16
1205,20169.0,-0.9,0.0,-3.9000000000000004,-0.1,2.6,5.7,16.3,-26.200000000000003,20.1,16
1206,20185.0,0.0,0.1,-3.6,0.2,2.7,5.9,14.900000000000002,-26.6,17.5,16
1207,20201.0,0.0,0.0,-3.5,0.4,2.5,6.1000000000000005,9.2,-15.700000000000001,9.100000000000001,16
1208,20218.0,-0.30000000000000004,-0.30000000000000004,-2.8000000000000003,0.1,2.3000000000000003,6.6000000000000005,3.5,-4.1,3.5,16
1209,20235.0,-0.4,-0.5,-2.5,-0.1,2.1,6.9,-0.7,3.4,-0.6000000000000001,16
1210,20251.0,-0.5,-0.4,-2.1,-0.2,2.2,7.300000000000001,-1.8000000000000003,2.4000000000000004,-1.9,16
1211,20268.0,-0.5,-0.6000000000000001,-1.5,-0.2,2.0,8.0,-3.3000000000000007,-2.0,-3.6000000000000005,16
1212,20286.0,-0.5,-0.7000000000000001,-1.2000000000000002,-0.1,1.9000000000000001,8.200000000000001,-3.5,-1.7,-3.3000000000000007,16
1213,20302.0,-0.4,-0.7000000000000001,-1.0,0.0,1.9000000000000001,8.6,-2.0,2.2,-1.2000000000000002,16
1214,20318.0,-0.30000000000000004,-0.7000000000000001,-0.6000000000000001,0.2,1.9000000000000001,8.9,0.2,6.4,-0.30000000000000004,16
1215,20337.0,-0.1,-0.4,-0.7000000000000001,0.2,2.1,8.8,-2.3,9.2,-0.8,16
1216,20352.0,0.0,-0.30000000000000004,-0.1,0.30000000000000004,2.3000000000000003,9.3,-9.0,9.700000000000001,-1.6,16
1217,20372.0,0.30000000000000004,-0.1,1.2000000000000002,0.6000000000000001,2.4000000000000004,10.700000000000001,-25.1,8.100000000000001,-4.2,16
1218,20391.0,0.7000000000000001,0.0,2.8000000000000003,0.9,2.4000000000000004,12.3,-31.099999999999998,8.8,-5.500000000000001,16
1219,20402.0,0.8,-0.1,3.1,1.1,2.3000000000000003,12.600000000000001,-29.800000000000004,12.7,-5.300000000000001,16
1220,20418.0,1.0,0.7000000000000001,2.4000000000000004,1.2000000000000002,3.0,11.9,-27.9,17.0,-7.200000000000001,16
1221,20436.0,1.2000000000000002,0.30000000000000004,3.7,1.3,2.5,13.3,-50.1,-1.6,-19.400000000000002,16
1222,20452.0,0.9,-0.7000000000000001,5.7,1.0,1.4000000000000001,15.200000000000001,-60.8,-7.500000000000001,-26.5,16
1223,20469.0,0.0,-2.0,7.9,0.2,-0.1,17.5,-65.10000000000001,-7.6,-30.5,16
1224,20485.0,0.0,-1.9000000000000001,7.800000000000001,0.0,-0.30000000000000004,17.6,-46.6,7.0,-18.0,16
1225,20505.0,0.1,-2.0,6.7,0.2,-0.30000000000000004,16.3,-3.8,17.200000000000003,10.8,16
1226,20532.0,2.0,-1.0,2.6,2.0,0.8,12.3,40.800000000000004,-10.0,35.5,16
1227,20538.0,2.0,-1.0,2.7,2.5,0.9,11.600000000000001,44.8,-20.8,35.1,16
1228,20552.0,2.9000000000000004,-1.0,1.2000000000000002,3.0,0.9,10.8,45.2,-27.3,31.6,16
1229,20571.0,3.0,-1.2000000000000002,0.30000000000000004,3.3000000000000003,0.8,9.9,38.400000000000006,-25.1,18.0,16
1230,20585.0,3.0,-1.4000000000000001,0.1,3.2,0.7000000000000001,9.700000000000001,33.300000000000004,-18.8,9.899999999999999,16
1231,20602.0,2.6,-1.7000000000000002,-0.5,2.8000000000000003,0.5,8.9,21.400000000000002,-4.800000000000001,-4.800000000000001,16
1232,20619.0,2.0,-1.8,-0.9,2.1,0.4,8.6,15.299999999999999,-1.4,-10.700000000000001,16
1233,20638.0,1.2000000000000002,-1.9000000000000001,-0.9,1.2000000000000002,0.4,8.6,7.699999999999999,-11.000000000000002,-20.3,16
1234,20653.0,0.4,-1.9000000000000001,-1.0,0.8,0.4,8.5,9.0,-15.5,-20.1,16
1235,20673.0,-0.1,-1.9000000000000001,-1.4000000000000001,0.30000000000000004,0.4,8.1,12.5,-18.700000000000003,-17.7,16
1236,20689.0,-0.2,-1.6,-1.9000000000000001,0.2,0.7000000000000001,7.7,15.299999999999999,-19.200000000000003,-12.0,16
1237,20702.0,-0.2,-1.5,-1.9000000000000001,0.30000000000000004,0.8,7.6000000000000005,16.1,-18.900000000000002,-9.2,16
1238,20719.0,0.0,-1.4000000000000001,-2.0,0.6000000000000001,1.1,7.4,18.5,-22.6,-6.600000000000001,16
1239,20736.0,0.1,-1.3,-2.2,0.7000000000000001,1.4000000000000001,7.1000000000000005,19.400000000000002,-22.4,-7.1000000000000005,16
1240,20754.0,0.2,-1.0,-2.3000000000000003,0.8,1.5,7.1000000000000005,18.700000000000003,-21.7,-8.5,16
1241,20769.0,0.0,-1.0,-2.3000000000000003,0.8,1.6,7.1000000000000005,19.6,-19.700000000000003,-13.100000000000001,16
1242,20790.0,-0.2,-0.9,-2.7,0.5,1.8,6.7,22.9,-13.399999999999999,-17.6,16
1243,20803.0,-0.30000000000000004,-0.9,-2.9000000000000004,0.5,1.8,6.5,23.700000000000003,-10.0,-19.700000000000003,16
1244,20819.0,-0.4,-0.8,-3.3000000000000003,0.4,2.1,6.0,20.3,-3.6000000000000005,-25.8,16
1245,20836.0,-0.5,-0.4,-3.3000000000000003,0.2,2.5,6.0,12.8,-0.30000000000000004,-34.50000000000001,16
1246,20852.0,-0.8,-0.4,-3.3000000000000003,0.0,2.5,6.0,8.8,1.4,-39.400000000000006,16
1247,20872.0,-1.4000000000000001,-0.30000000000000004,-2.8000000000000003,-0.7000000000000001,2.7,6.6000000000000005,-2.1,2.4000000000000004,-46.300000000000004,16
1248,20890.0,-1.8,-0.4,-1.5,-1.1,2.5,7.800000000000001,-12.100000000000001,-0.9000000000000001,-46.50000000000001,16
1249,20902.0,-1.9000000000000001,-0.5,-1.0,-1.3,2.4000000000000004,8.4,-15.000000000000002,-3.0,-44.7,16
1250,20918.0,-1.9000000000000001,-0.5,0.0,-1.2000000000000002,2.4000000000000004,9.700000000000001,-14.800000000000002,-8.700000000000001,-38.1,16
1251,20935.0,-1.3,-0.5,0.8,-0.7000000000000001,2.3000000000000003,10.200000000000001,-13.100000000000001,-12.5,-34.7,16
1252,20951.0,-0.30000000000000004,-0.2,1.8,0.30000000000000004,2.6,11.200000000000001,-15.700000000000001,-16.0,-30.9,16
1253,20968.0,0.1,-0.2,2.6,0.7000000000000001,2.5,12.0,-21.400000000000002,-6.9,-33.50000000000001,16
1254,20985.0,0.1,-0.2,2.5,0.6000000000000001,2.7,12.3,-22.4,2.7,-35.699999999999996,16
1255,21001.0,-0.2,0.30000000000000004,2.5,0.4,3.0,12.0,-17.799999999999997,24.1,-35.1,16
1256,21018.0,-0.1,0.9,1.4000000000000001,0.30000000000000004,3.5,10.9,-16.900000000000002,26.200000000000003,-31.5,16
1257,21037.0,0.30000000000000004,1.2000000000000002,1.2000000000000002,0.6000000000000001,3.8000000000000003,10.600000000000001,-22.000000000000004,15.100000000000001,-31.2,16
1258,21052.0,1.2000000000000002,0.5,3.4000000000000004,1.5,2.9000000000000004,12.9,-42.5,-15.100000000000001,-38.400000000000006,16
1259,21068.0,1.2000000000000002,0.5,3.4000000000000004,1.6,2.4000000000000004,13.700000000000001,-49.6,-22.1,-43.2,16
1260,21088.0,0.7000000000000001,-2.6,6.800000000000001,1.1,-0.4,16.3,-38.2,15.000000000000002,-37.2,16
1261,21101.0,0.6000000000000001,-3.1,6.4,0.9,-1.0,15.9,-23.800000000000004,35.8,-25.1,16
1262,21118.0,1.0,-3.5,5.1000000000000005,1.6,-1.5,13.8,0.2,48.6,-0.6000000000000001,16
1263,21135.0,2.6,-3.0,2.7,2.7,-1.0,12.3,14.700000000000001,39.400000000000006,15.8,16
1264,21151.0,4.3,-2.0,0.2,4.3,0.1,9.8,36.2,-4.4,32.0,16
1265,21178.0,4.4,-1.4000000000000001,-0.8,4.5,0.9,8.8,30.3,-34.60000000000001,18.6,16
1266,21185.0,4.1000000000000005,-1.3,-0.8,4.2,1.0,8.8,18.6,-32.2,5.9,16
1267,21201.0,2.4000000000000004,-1.6,-0.30000000000000004,2.6,0.8,9.200000000000001,-7.400000000000001,-0.4,-16.4,16
1268,21218.0,1.3,-1.5,-0.1,0.8,0.7000000000000001,9.600000000000001,-16.700000000000003,29.400000000000002,-20.2,16
1269,21235.0,0.2,-1.3,-0.1,0.30000000000000004,1.0,9.4,-11.4,33.7,-15.299999999999999,16
1270,21251.0,0.1,-0.8,-1.2000000000000002,0.1,1.4000000000000001,8.3,10.200000000000001,22.000000000000004,1.0,16
1271,21272.0,0.7000000000000001,-0.2,-2.6,0.7000000000000001,2.1,6.9,31.0,-2.5,13.700000000000001,16
1272,21287.0,0.7000000000000001,-0.2,-2.6,0.9,2.3000000000000003,6.6000000000000005,36.8,-12.5,14.700000000000001,16
1273,21304.0,1.2000000000000002,0.1,-3.6,1.2000000000000002,2.5,5.7,37.400000000000006,-18.1,9.0,16
1274,21318.0,1.2000000000000002,0.1,-4.0,1.3,2.7,5.5,29.500000000000004,-11.000000000000002,0.4,16
1275,21336.0,1.1,0.0,-3.6,1.3,2.7,5.800000000000001,22.700000000000003,-2.7,-9.3,16
1276,21353.0,1.0,0.0,-3.5,1.1,2.7,6.0,20.7,0.1,-14.800000000000002,16
1277,21370.0,1.0,0.0,-3.4000000000000004,1.1,2.8000000000000003,6.0,19.0,1.9,-20.5,16
1278,21385.0,0.8,0.1,-3.5,0.9,2.9000000000000004,5.9,12.200000000000001,7.8,-33.400000000000006,16
1279,21401.0,0.4,0.2,-3.3000000000000003,0.2,3.1,6.300000000000001,-1.4,17.0,-45.8,16
1280,21418.0,-0.4,0.1,-2.1,-0.5,2.9000000000000004,7.300000000000001,-11.3,25.900000000000002,-53.10000000000001,16
1281,21438.0,-0.8,0.1,-1.8,-1.4000000000000001,2.7,7.9,-14.800000000000002,33.9,-52.7,16
1282,21453.0,-1.3,-0.1,-1.2000000000000002,-1.7000000000000002,2.6,8.200000000000001,-15.899999999999999,36.9,-48.9,16
1283,21470.0,-1.3,-0.4,-0.6000000000000001,-1.8,2.3000000000000003,8.8,-17.9,38.2,-35.9,16
1284,21485.0,-1.2000000000000002,-0.4,-0.4,-1.7000000000000002,2.3000000000000003,9.0,-17.799999999999997,34.400000000000006,-26.9,16
1285,21502.0,-0.4,-0.2,0.5,-1.1,2.3000000000000003,9.9,-15.2,14.5,-8.3,16
1286,21518.0,0.5,0.1,1.2000000000000002,0.5,2.9000000000000004,11.100000000000001,-13.000000000000002,-7.200000000000001,3.8,16
1287,21538.0,2.1,1.0,2.7,1.4000000000000001,3.5,12.200000000000001,-12.5,-7.1000000000000005,-1.6,16
1288,21553.0,2.0,1.4000000000000001,3.1,1.4000000000000001,3.8000000000000003,12.5,-12.4,-1.8000000000000003,-4.7,16
1289,21570.0,1.6,1.7000000000000002,2.0,0.9,4.2,11.5,-9.0,37.9,-17.300000000000004,16
1290,21588.0,1.4000000000000001,1.9000000000000001,1.4000000000000001,0.7000000000000001,4.3,10.9,-8.4,59.699999999999996,-20.5,16
1291,21601.0,1.2000000000000002,2.7,-0.30000000000000004,0.2,5.1000000000000005,9.200000000000001,-15.000000000000002,75.9,-26.200000000000003,16
1292,21618.0,1.2000000000000002,3.1,-0.4,-0.2,5.2,9.9,-41.0,38.0,-38.60000000000001,16
1293,21634.0,1.0,1.4000000000000001,2.9000000000000004,-0.8,2.0,14.700000000000001,-72.0,-15.299999999999999,-56.6,16
1294,21651.0,-0.2,-1.7000000000000002,8.200000000000001,-1.5,0.30000000000000004,17.7,-76.1,-30.3,-56.300000000000004,16
1295,21668.0,-0.2,-1.5,8.200000000000001,-1.9000000000000001,-0.4,18.7,-65.8,-32.1,-44.8,16
1296,21685.0,-0.4,-2.9000000000000004,9.200000000000001,-1.5,-1.4000000000000001,18.5,-21.8,-15.2,-4.4,16
1297,21701.0,1.3,-2.7,6.6000000000000005,0.1,-1.1,16.2,28.1,-7.300000000000001,33.9,16
1298,21718.0,2.0,-2.0,4.7,1.4000000000000001,0.2,12.8,68.2,-20.3,49.9,16
1299,21736.0,3.3000000000000003,-1.1,0.7000000000000001,2.3000000000000003,0.9,10.3,81.10000000000001,-37.300000000000004,45.400000000000006,16
1300,21751.0,3.6,-1.0,-0.1,2.6,1.2000000000000002,9.4,78.2,-42.800000000000004,37.6,16
1301,21771.0,4.0,-1.3,-0.2,3.2,1.2000000000000002,9.200000000000001,60.00000000000001,-50.3,16.1,16
1302,21785.0,3.9000000000000004,-1.5,0.0,3.2,1.0,9.4,49.699999999999996,-49.1,2.9,16
1303,21801.0,3.4000000000000004,-2.1,0.4,2.8000000000000003,0.6000000000000001,9.8,35.0,-31.099999999999998,-22.700000000000003,16
1304,21820.0,2.9000000000000004,-2.6,0.4,2.0,0.1,9.5,31.7,-0.4,-39.400000000000006,16
1305,21835.0,2.0,-2.8000000000000003,-0.5,1.5,0.0,8.9,34.2,11.2,-43.800000000000004,16
1306,21852.0,1.2000000000000002,-2.9000000000000004,-1.8,0.6000000000000001,0.0,7.5,41.50000000000001,20.400000000000002,-47.400000000000006,16
1307,21869.0,1.2000000000000002,-2.9000000000000004,-2.3000000000000003,0.5,0.1,7.0,44.4,17.9,-46.1,16
1308,21885.0,0.9,-2.9000000000000004,-3.4000000000000004,0.2,0.30000000000000004,5.9,46.7,7.6,-42.3,16
1309,21902.0,1.1,-2.7,-3.8000000000000003,0.30000000000000004,0.6000000000000001,5.4,41.900000000000006,-6.9,-38.900000000000006,16
1310,21919.0,1.4000000000000001,-2.3000000000000003,-4.0,0.5,1.1,5.2,31.799999999999997,-10.8,-40.800000000000004,16
1311,21941.0,1.3,-1.9000000000000001,-4.0,0.5,1.6,5.1000000000000005,18.5,-4.6,-49.4,16
1312,21953.0,1.0,-1.7000000000000002,-4.0,0.1,1.7000000000000002,5.2,11.2,1.5,-54.50000000000001,16
1313,21970.0,0.2,-1.6,-3.8000000000000003,-0.8,1.9000000000000001,5.300000000000001,0.1,13.399999999999999,-59.20000000000001,16
1314,21985.0,0.2,-1.6,-3.8000000000000003,-1.0,2.0,5.300000000000001,-3.7000000000000006,14.600000000000001,-58.60000000000001,16
1315,22001.0,-0.30000000000000004,-0.9,-3.8000000000000003,-1.5,2.5,5.300000000000001,-8.0,8.2,-55.60000000000001,16
1316,22018.0,-0.5,-0.5,-3.8000000000000003,-1.6,2.9000000000000004,5.300000000000001,-11.900000000000002,-0.1,-53.0,16
1317,22035.0,-0.5,-0.1,-3.2,-1.7000000000000002,3.2,5.9,-26.000000000000004,-19.6,-47.900000000000006,16
1318,22052.0,-0.30000000000000004,0.1,-1.1,-1.5,3.3000000000000003,8.1,-45.7,-33.9,-44.2,16
1319,22069.0,-0.4,0.2,-1.1,-1.5,3.4000000000000004,8.9,-53.0,-35.8,-42.2,16
1320,22087.0,-0.30000000000000004,0.6000000000000001,1.6,-1.4000000000000001,3.6,10.8,-56.50000000000001,-36.300000000000004,-40.4,16
1321,22103.0,-0.30000000000000004,1.0,3.0,-1.3,3.7,12.3,-58.3,-29.600000000000005,-35.3,16
1322,22118.0,0.0,1.3,4.6000000000000005,-1.0,3.9000000000000004,14.0,-59.40000000000001,-23.700000000000003,-28.3,16
1323,22138.0,0.30000000000000004,1.6,5.4,-0.30000000000000004,3.9000000000000004,15.100000000000001,-45.6,-23.800000000000004,-22.9,16
1324,22151.0,1.3,1.7000000000000002,5.0,0.4,4.0,14.5,-33.9,-24.900000000000002,-21.6,16
1325,22169.0,1.5,1.9000000000000001,4.4,0.6000000000000001,4.1000000000000005,13.9,-25.6,-25.1,-23.5,16
1326,22185.0,1.6,1.9000000000000001,3.6,0.8,3.9000000000000004,13.100000000000001,-32.400000000000006,-17.799999999999997,-35.3,16
1327,22206.0,1.5,1.4000000000000001,4.1000000000000005,0.6000000000000001,3.1,14.0,-49.0,2.7,-47.80000000000001,16
1328,22219.0,0.7000000000000001,-0.5,5.0,-0.2,1.3,14.600000000000001,-54.300000000000004,24.8,-54.50000000000001,16
1329,22237.0,0.30000000000000004,-1.9000000000000001,5.1000000000000005,-0.6000000000000001,-0.30000000000000004,14.700000000000001,-44.7,24.400000000000002,-37.400000000000006,16
1330,22253.0,0.7000000000000001,-2.4000000000000004,5.1000000000000005,-0.30000000000000004,-0.8,14.700000000000001,-33.6,12.600000000000001,-20.5,16
1331,22268.0,2.4000000000000004,-2.4000000000000004,4.3,1.4000000000000001,-1.0,13.9,3.0,-29.1,16.200000000000003,16
1332,22285.0,2.3000000000000003,-2.4000000000000004,4.3,2.0,-0.8,13.4,24.0,-49.800000000000004,32.5,16
1333,22302.0,4.1000000000000005,-1.9000000000000001,2.3000000000000003,3.9000000000000004,0.0,11.200000000000001,56.300000000000004,-77.4,45.6,16
1334,22318.0,5.4,-1.6,-0.1,5.1000000000000005,0.30000000000000004,8.8,69.10000000000001,-77.5,29.200000000000003,16
1335,22343.0,5.5,-1.4000000000000001,-1.9000000000000001,5.1000000000000005,0.8,6.800000000000001,54.50000000000001,-56.2,-4.300000000000001,16
1336,22351.0,4.7,-1.2000000000000002,-3.3000000000000003,4.6000000000000005,0.9,6.300000000000001,38.1,-44.5,-23.5,16
1337,22368.0,3.3000000000000003,-1.5,-2.6,3.3000000000000003,0.7000000000000001,7.0,1.7,-24.200000000000003,-54.4,16
1338,22385.0,2.8000000000000003,-1.5,-2.0,2.8000000000000003,0.7000000000000001,7.5,-9.700000000000001,-17.799999999999997,-65.3,16
1339,22401.0,1.7000000000000002,-1.9000000000000001,-1.2000000000000002,1.7000000000000002,0.30000000000000004,8.4,-12.4,-10.600000000000001,-78.0,16
1340,22419.0,0.8,-1.9000000000000001,-1.3,0.8,0.2,8.3,-0.30000000000000004,-4.7,-78.5,16
1341,22436.0,0.5,-1.7000000000000002,-2.4000000000000004,0.5,0.4,7.2,11.900000000000002,2.1,-71.39999999999999,16
1342,22451.0,0.6000000000000001,-1.5,-2.9000000000000004,0.5,0.7000000000000001,6.7,13.399999999999999,2.4000000000000004,-69.4,16
1343,22470.0,1.0,-1.2000000000000002,-3.6,0.9,1.0,5.9,15.6,-1.2000000000000002,-65.3,16
1344,22493.0,1.2000000000000002,-0.9,-4.0,1.0,1.4000000000000001,5.6000000000000005,12.0,-4.2,-65.89999999999999,16
1345,22502.0,1.2000000000000002,-0.9,-4.1000000000000005,1.0,1.4000000000000001,5.5,9.600000000000001,-3.6000000000000005,-67.00000000000001,16
1346,22523.0,1.2000000000000002,-0.8,-4.3,0.9,1.5,5.2,3.5,-0.1,-69.7,16
1347,22535.0,1.1,-0.6000000000000001,-4.3,0.8,1.7000000000000002,5.300000000000001,-0.30000000000000004,1.7,-70.2,16
1348,22557.0,0.9,-0.30000000000000004,-3.8000000000000003,0.6000000000000001,2.0,6.0,-13.8,-4.1,-71.10000000000001,16
1349,22570.0,1.0,-0.1,-3.1,0.6000000000000001,2.1,6.5,-17.200000000000003,-6.600000000000001,-70.8,16
1350,22585.0,1.0,-0.1,-3.1,0.5,2.1,6.800000000000001,-18.900000000000002,-5.0,-70.2,16
1351,22601.0,0.8,0.1,-2.5,0.2,2.4000000000000004,7.2,-21.7,-0.1,-66.60000000000001,16
1352,22620.0,0.6000000000000001,0.4,-2.0,0.1,2.5,7.9,-24.8,-1.8000000000000003,-60.300000000000004,16
1353,22640.0,0.7000000000000001,0.8,-0.7000000000000001,0.1,2.7,8.9,-23.900000000000006,-8.2,-50.900000000000006,16
1354,22652.0,0.8,0.9,-0.2,0.2,2.8000000000000003,9.4,-22.000000000000004,-13.5,-46.4,16
1355,22668.0,0.9,1.1,0.0,0.30000000000000004,2.9000000000000004,9.600000000000001,-20.3,-18.5,-41.50000000000001,16
1356,22685.0,1.2000000000000002,1.4000000000000001,0.4,0.8,3.3000000000000003,10.4,-20.2,-25.0,-32.6,16
1357,22702.0,1.6,1.8,1.2000000000000002,1.5,3.7,11.3,-23.5,-25.6,-32.0,16
1358,22718.0,2.0,2.3000000000000003,2.4000000000000004,1.6,3.9000000000000004,12.5,-28.500000000000004,-14.600000000000001,-40.2,16
1359,22735.0,1.8,2.3000000000000003,3.2,1.5,3.9000000000000004,12.9,-28.500000000000004,-2.3,-45.2,16
1360,22751.0,1.0,2.8000000000000003,1.9000000000000001,0.6000000000000001,4.3,11.600000000000001,-26.200000000000003,23.5,-53.8,16
1361,22768.0,0.8,3.0,1.6,0.4,4.5,11.3,-32.0,27.6,-57.1,16
1362,22785.0,0.5,3.4000000000000004,2.1,-0.1,4.3,13.0,-62.199999999999996,0.6000000000000001,-69.7,16
1363,22801.0,0.0,0.9,7.6000000000000005,-0.5,2.0,17.400000000000002,-76.4,-33.800000000000004,-75.1,16
1364,22818.0,-0.5,-0.7000000000000001,10.0,-0.9,0.1,19.700000000000003,-52.1,-31.6,-53.0,16
1365,22836.0,0.4,-1.4000000000000001,9.3,0.0,-0.8,19.0,-6.699999999999999,-14.400000000000002,-20.2,16
1366,22856.0,1.1,-1.2000000000000002,7.5,0.8,-0.6000000000000001,17.3,19.5,-9.100000000000001,-6.4,16
1367,22869.0,1.5,-1.2000000000000002,6.4,1.2000000000000002,-0.6000000000000001,16.2,44.6,-7.300000000000001,4.6,16
1368,22885.0,2.4000000000000004,-0.8,2.5,2.1,0.0,12.200000000000001,79.1,-10.0,18.1,16
1369,22901.0,2.4000000000000004,-0.8,2.5,2.5,0.30000000000000004,10.4,83.00000000000001,-14.300000000000002,19.300000000000004,16
1370,22918.0,2.9000000000000004,-0.30000000000000004,-2.6,2.8000000000000003,1.1,7.1000000000000005,70.0,-20.400000000000002,5.1000000000000005,16
1371,22935.0,2.6,-0.4,-3.2,2.5,1.1,6.5,54.800000000000004,-19.200000000000003,-5.500000000000001,16
1372,22952.0,1.4000000000000001,-1.0,-1.9000000000000001,1.4000000000000001,0.7000000000000001,7.7,15.5,-12.8,-25.300000000000004,16
1373,22968.0,1.4000000000000001,-1.1,-1.9000000000000001,1.0,0.5,8.4,1.4,-8.600000000000001,-30.9,16
1374,22985.0,0.0,-1.7000000000000002,-0.1,0.0,0.0,9.600000000000001,-1.8000000000000003,-2.2,-29.900000000000006,16
1375,23007.0,-0.30000000000000004,-1.8,-0.30000000000000004,-0.4,-0.1,9.3,17.799999999999997,-3.7000000000000006,-15.100000000000001,16
1376,23019.0,0.1,-1.4000000000000001,-1.5,0.0,0.4,8.1,38.7,-12.0,2.3,16
1377,23035.0,0.0,-1.4000000000000001,-1.5,0.4,0.7000000000000001,7.6000000000000005,44.8,-16.8,7.500000000000001,16
1378,23051.0,0.7000000000000001,-1.0,-2.8000000000000003,0.8,1.0,6.9,49.300000000000004,-16.700000000000003,10.600000000000001,16
1379,23068.0,0.7000000000000001,-1.1,-2.7,0.8,1.1,6.6000000000000005,50.60000000000001,-13.3,10.8,16
1380,23087.0,0.7000000000000001,-0.9,-3.6,0.8,1.5,5.7,51.4,-4.5,8.700000000000001,16
1381,23101.0,0.7000000000000001,-0.8,-4.3,0.9,1.7000000000000002,5.1000000000000005,46.199999999999996,1.8000000000000003,4.800000000000001,16
1382,23118.0,0.6000000000000001,-0.6000000000000001,-4.7,0.7000000000000001,2.1,4.800000000000001,38.2,2.2,-0.2,16
1383,23136.0,0.7000000000000001,-0.1,-4.7,0.9,2.6,4.7,27.0,-2.6,-6.600000000000001,16
1384,23151.0,1.0,0.1,-4.6000000000000005,1.1,2.8000000000000003,4.800000000000001,20.0,-5.500000000000001,-12.299999999999999,16
1385,23168.0,1.0,0.30000000000000004,-3.7,1.2000000000000002,3.1,5.7,3.2,-16.3,-27.400000000000002,16
1386,23185.0,1.0,0.30000000000000004,-3.7,1.1,3.0,6.1000000000000005,-4.800000000000001,-19.6,-35.4,16
1387,23201.0,0.6000000000000001,0.2,-2.6,0.7000000000000001,2.8000000000000003,7.2,-18.900000000000002,-21.900000000000002,-45.7,16
1388,23218.0,0.30000000000000004,0.1,-1.5,0.5,2.8000000000000003,8.3,-31.799999999999997,-23.400000000000002,-48.2,16
1389,23238.0,0.30000000000000004,0.30000000000000004,-0.5,0.6000000000000001,2.9000000000000004,9.200000000000001,-46.6,-24.7,-47.2,16
1390,23251.0,0.6000000000000001,0.30000000000000004,0.4,0.8,2.8000000000000003,9.9,-51.1,-24.0,-47.400000000000006,16
1391,23268.0,0.6000000000000001,0.6000000000000001,2.1,0.9,2.9000000000000004,11.600000000000001,-69.3,-16.200000000000003,-49.6,16
1392,23285.0,0.6000000000000001,0.7000000000000001,2.1,0.7000000000000001,3.0,12.600000000000001,-76.60000000000001,-11.2,-50.900000000000006,16
1393,23301.0,0.1,0.9,4.2,0.0,2.9000000000000004,14.4,-79.00000000000001,-2.6,-52.5,16
1394,23318.0,-0.9,1.0,5.2,-0.7000000000000001,2.7,14.8,-63.8,0.2,-39.300000000000004,16
1395,23335.0,-0.6000000000000001,1.5,4.6000000000000005,-0.30000000000000004,3.0,14.3,-53.0,-6.600000000000001,-26.700000000000003,16
1396,23356.0,0.8,2.1,4.4,1.1,3.5,14.100000000000001,-37.0,-33.7,-6.300000000000001,16
1397,23368.0,1.2000000000000002,1.5,5.2,1.6,2.8000000000000003,14.9,-40.9,-37.7,-6.300000000000001,16
1398,23385.0,1.1,1.5,5.1000000000000005,1.5,2.1,15.4,-43.6,-20.400000000000002,-8.3,16
1399,23401.0,0.5,0.1,6.1000000000000005,0.5,0.8,15.700000000000001,-31.7,18.3,-0.6000000000000001,16
1400,23418.0,0.1,-1.1,5.2,1.2000000000000002,-0.5,14.4,6.1000000000000005,17.1,30.5,16
1401,23435.0,3.5,-1.2000000000000002,2.7,3.9000000000000004,-0.1,12.5,43.800000000000004,-36.8,61.39999999999999,16
1402,23454.0,4.800000000000001,-0.7000000000000001,1.6,5.300000000000001,0.4,11.3,56.300000000000004,-66.4,64.60000000000001,16
1403,23469.0,5.2,-0.8,1.3,6.4,0.5,10.200000000000001,61.9,-89.30000000000001,45.0,16
1404,23487.0,5.4,-0.9,0.1,6.0,0.5,9.0,48.10000000000001,-49.0,9.600000000000001,16
1405,23502.0,4.800000000000001,-1.1,-0.6000000000000001,5.4,0.5,8.3,36.2,-16.0,-9.0,16
1406,23518.0,2.1,-1.4000000000000001,-2.5,3.2,0.30000000000000004,7.1000000000000005,12.100000000000001,43.1,-35.5,16
1407,23542.0,0.4,-1.5,-3.2,1.4000000000000001,0.30000000000000004,6.4,3.2,61.8,-41.1,16
1408,23552.0,-0.4,-1.2000000000000002,-3.8000000000000003,0.4,0.5,5.800000000000001,6.2,55.8,-38.900000000000006,16
1409,23572.0,-0.8,-0.9,-4.5,-0.1,0.8,5.1000000000000005,13.100000000000001,26.9,-27.0,16
1410,23584.0,-0.8,-1.0,-4.5,-0.1,1.1,5.1000000000000005,15.8,8.8,-20.2,16
1411,23602.0,-0.6000000000000001,-0.6000000000000001,-4.6000000000000005,0.2,1.3,5.1000000000000005,14.0,-20.0,-12.9,16
1412,23618.0,-0.30000000000000004,-0.4,-4.1000000000000005,0.5,1.5,5.800000000000001,9.0,-27.700000000000003,-11.6,16
1413,23635.0,-0.1,-0.4,-3.2,0.6000000000000001,1.5,6.4,6.9,-24.0,-12.7,16
1414,23651.0,-0.2,-0.5,-3.0,0.6000000000000001,1.5,6.6000000000000005,2.7,-7.400000000000001,-14.400000000000002,16
1415,23673.0,-0.2,-0.30000000000000004,-3.1,0.6000000000000001,1.6,6.5,2.5,4.5,-12.5,16
1416,23685.0,-0.1,-0.1,-3.2,0.7000000000000001,1.9000000000000001,6.4,2.8,3.5,-10.9,16
1417,23702.0,0.2,0.5,-3.4000000000000004,1.0,2.5,6.1000000000000005,1.6,-2.2,-12.5,16
1418,23718.0,0.1,0.7000000000000001,-3.4000000000000004,0.8,2.7,6.2,-7.9,-4.2,-20.1,16
1419,23735.0,-0.5,1.1,-2.4000000000000004,0.30000000000000004,3.0,7.2,-24.7,5.4,-27.3,16
1420,23751.0,-0.8,1.0,-1.6,-0.1,3.0,8.0,-31.2,11.900000000000002,-28.900000000000002,16
1421,23771.0,-1.2000000000000002,1.2000000000000002,-0.4,-0.5,3.0,9.200000000000001,-35.2,21.400000000000002,-23.5,16
1422,23787.0,-1.2000000000000002,1.3,0.0,-0.6000000000000001,3.1,9.600000000000001,-32.7,20.5,-17.799999999999997,16
1423,23805.0,-0.9,1.6,0.4,-0.1,3.4000000000000004,10.3,-23.900000000000006,2.9,-3.5,16
1424,23818.0,-0.1,2.1,1.2000000000000002,0.7000000000000001,3.8000000000000003,11.100000000000001,-18.5,-15.000000000000002,6.9,16
1425,23838.0,0.6000000000000001,2.5,2.1,1.4000000000000001,4.1000000000000005,12.0,-20.2,-15.100000000000001,7.699999999999999,16
1426,23859.0,0.8,2.6,2.9000000000000004,1.5,4.2,12.600000000000001,-22.700000000000003,-5.6,5.8,16
1427,23872.0,0.8,2.8000000000000003,3.5,1.5,4.3,13.200000000000001,-24.1,30.5,1.4,16
1428,23886.0,0.6000000000000001,3.0,3.0,1.2000000000000002,4.4,12.700000000000001,-20.900000000000002,49.199999999999996,-0.9000000000000001,16
1429,23901.0,0.6000000000000001,3.0,3.0,0.4,4.7,11.8,-25.0,59.1,-5.4,16
1430,23918.0,-0.30000000000000004,2.7,3.3000000000000003,-0.30000000000000004,3.1,14.200000000000001,-40.0,30.599999999999998,-7.9,16
1431,23934.0,-0.9,0.6000000000000001,6.1000000000000005,-0.7000000000000001,1.7000000000000002,15.9,-36.6,17.1,-2.0,16
1432,23951.0,-0.6000000000000001,-0.6000000000000001,6.300000000000001,-0.5,0.4,16.1,-5.7,-2.1,22.1,16
1433,23969.0,0.5,-0.9,5.1000000000000005,0.7000000000000001,0.1,14.9,26.300000000000004,-20.0,50.5,16
1434,23985.0,1.4000000000000001,-0.9,4.7,1.6,0.2,14.5,34.300000000000004,-31.7,61.0,16
1435,24001.0,2.8000000000000003,-0.8,4.0,3.1,0.4,13.700000000000001,44.8,-50.5,63.0,16
1436,24018.0,3.0,-1.0,3.4000000000000004,3.5,0.5,12.600000000000001,48.9,-45.400000000000006,46.7,16
1437,24035.0,2.5,-1.0,1.9000000000000001,2.9000000000000004,0.5,10.9,46.199999999999996,-18.1,26.300000000000004,16
1438,24053.0,1.5,-1.1,0.1,2.2,0.5,9.8,41.50000000000001,-4.2,17.7,16
1439,24071.0,0.5,-1.2000000000000002,-1.0,1.3,0.5,8.6,29.300000000000004,11.4,5.2,16
1440,24087.0,0.0,-1.3,-1.4000000000000001,0.7000000000000001,0.5,8.200000000000001,20.5,8.2,-2.9,16
1441,24103.0,0.0,-1.3,-1.4000000000000001,0.4,0.6000000000000001,8.0,19.200000000000003,4.2,-5.4,16
1442,24124.0,-0.8,-1.4000000000000001,-1.9000000000000001,-0.1,0.5,7.7,16.200000000000003,-2.2,-6.4,16
1443,24135.0,-1.2000000000000002,-1.4000000000000001,-1.7000000000000002,-0.5,0.4,8.0,20.8,-5.2,-2.0,16
1444,24153.0,-1.4000000000000001,-1.7000000000000002,-1.7000000000000002,-0.7000000000000001,0.30000000000000004,7.9,23.800000000000004,-4.2,0.6000000000000001,16
1445,24175.0,-1.2000000000000002,-1.6,-2.5,-0.5,0.5,7.1000000000000005,42.900000000000006,6.2,19.200000000000003,16
1446,24185.0,-1.2000000000000002,-1.6,-2.5,-0.5,0.5,7.1000000000000005,42.900000000000006,6.2,19.200000000000003,16
1447,24201.0,-0.9,-1.6,-3.2,-0.2,0.7000000000000001,6.300000000000001,52.1,8.2,28.0,16
1448,24218.0,-0.7000000000000001,-1.7000000000000002,-3.6,0.2,0.9,5.6000000000000005,55.900000000000006,6.8,33.300000000000004,16
1449,24235.0,-0.2,-1.5,-4.1000000000000005,0.6000000000000001,1.2000000000000002,5.2,53.300000000000004,5.6,32.6,16
1450,24252.0,0.0,-1.3,-4.1000000000000005,0.7000000000000001,1.4000000000000001,5.300000000000001,49.9,7.699999999999999,29.600000000000005,16
1451,24268.0,0.2,-1.3,-4.2,1.0,1.5,5.1000000000000005,42.2,16.0,20.900000000000002,16
1452,24288.0,0.2,-1.3,-4.2,0.9,1.6,5.1000000000000005,36.9,21.1,15.299999999999999,16
1453,24303.0,0.1,-1.3,-4.1000000000000005,0.7000000000000001,1.7000000000000002,5.2,22.5,25.5,6.0,16
1454,24318.0,0.30000000000000004,-1.3,-3.3000000000000003,0.9,1.8,6.0,3.2,25.5,0.8,16
1455,24335.0,0.30000000000000004,-1.2000000000000002,-2.0,0.7000000000000001,1.9000000000000001,7.300000000000001,-11.6,20.400000000000002,-4.2,16
1456,24351.0,0.2,-1.1,-1.4000000000000001,0.7000000000000001,1.9000000000000001,7.9,-16.0,16.6,-4.800000000000001,16
1457,24369.0,0.4,-0.9,-0.5,0.8,2.1,8.8,-21.6,9.2,-3.2,16
1458,24385.0,0.5,-0.7000000000000001,-0.30000000000000004,0.8,2.2,9.0,-24.900000000000002,5.9,-1.7,16
1459,24401.0,0.7000000000000001,-0.2,-0.1,1.2000000000000002,2.9000000000000004,9.5,-41.6,-0.2,-1.4,16
1460,24418.0,1.2000000000000002,0.30000000000000004,1.7000000000000002,1.5,3.0,11.100000000000001,-65.5,2.9,-6.699999999999999,16
1461,24435.0,1.1,0.30000000000000004,3.0,1.4000000000000001,2.9000000000000004,12.4,-73.5,7.500000000000001,-8.8,16
1462,24451.0,0.9,0.6000000000000001,4.1000000000000005,1.2000000000000002,3.0,13.600000000000001,-77.60000000000001,11.8,-7.0,16
1463,24468.0,0.9,0.6000000000000001,4.800000000000001,1.1,2.7,14.4,-69.3,2.2,-0.2,16
1464,24486.0,1.0,0.6000000000000001,5.4,1.3,2.5,15.0,-55.7,-16.700000000000003,9.600000000000001,16
1465,24502.0,1.2000000000000002,0.6000000000000001,5.4,1.5,2.3000000000000003,15.100000000000001,-47.80000000000001,-22.3,14.400000000000002,16
1466,24518.0,1.3,0.1,5.4,1.7000000000000002,1.8,15.0,-36.0,-12.7,22.6,16
1467,24536.0,1.1,-0.2,5.2,1.5,1.2000000000000002,14.700000000000001,-20.1,0.7,35.5,16
1468,24551.0,1.4000000000000001,-0.6000000000000001,4.6000000000000005,1.9000000000000001,0.9,14.3,-7.400000000000001,-1.8000000000000003,44.8,16
1469,24572.0,2.4000000000000004,-0.6000000000000001,3.5,2.9000000000000004,0.9,13.100000000000001,24.599999999999998,-23.3,62.6,16
1470,24584.0,3.1,-0.30000000000000004,2.5,4.2,1.5,11.200000000000001,32.5,-30.200000000000003,65.3,16
1471,24601.0,3.7,0.30000000000000004,0.6000000000000001,4.5,1.9000000000000001,10.200000000000001,55.5,-48.50000000000001,63.10000000000001,16
1472,24629.0,2.9000000000000004,0.8,-2.5,3.9000000000000004,2.7,7.0,46.4,-29.0,26.700000000000003,16
1473,24638.0,2.4000000000000004,0.7000000000000001,-2.7,3.5,2.7,6.800000000000001,32.7,-11.700000000000001,11.2,16
1474,24651.0,1.3,0.5,-2.9000000000000004,2.4000000000000004,2.5,6.7,19.0,5.1000000000000005,-3.5,16
1475,24668.0,1.3,0.5,-2.9000000000000004,1.7000000000000002,2.4000000000000004,6.7,8.4,18.700000000000003,-15.5,16
1476,24684.0,-0.4,0.0,-2.5,0.1,2.1,7.1000000000000005,0.1,27.700000000000003,-24.8,16
1477,24702.0,-1.4000000000000001,-0.1,-2.4000000000000004,-0.9,1.9000000000000001,7.1000000000000005,8.700000000000001,13.100000000000001,-19.300000000000004,16
1478,24718.0,-1.8,-0.30000000000000004,-2.6,-0.9,1.9000000000000001,6.9,19.200000000000003,-8.5,-7.6,16
1479,24735.0,-1.4000000000000001,-0.1,-2.5,-0.5,2.1,7.0,23.5,-15.399999999999999,0.9000000000000001,16
1480,24751.0,-1.1,0.0,-2.6,-0.2,2.2,6.9,23.5,-12.200000000000001,1.9,16
1481,24775.0,-1.1,-0.1,-2.7,-0.2,2.2,6.800000000000001,15.2,6.600000000000001,-2.0,16
1482,24788.0,-1.1,-0.1,-2.7,-0.30000000000000004,2.3000000000000003,6.800000000000001,15.2,6.600000000000001,-2.0,16
1483,24801.0,-1.4000000000000001,-0.2,-2.3000000000000003,-0.5,2.1,7.4,2.5,12.600000000000001,-0.9000000000000001,16
1484,24818.0,-1.5,-0.5,-0.8,-0.7000000000000001,1.9000000000000001,8.6,-1.4,12.5,6.1000000000000005,16
1485,24835.0,-1.5,-0.6000000000000001,-0.5,-0.7000000000000001,1.8,9.0,2.9,12.0,11.900000000000002,16
1486,24851.0,-1.5,-0.7000000000000001,-0.5,-0.6000000000000001,1.9000000000000001,8.700000000000001,18.3,13.200000000000003,27.800000000000004,16
1487,24868.0,-0.7000000000000001,-0.30000000000000004,-1.3,0.1,2.2,8.200000000000001,26.000000000000004,13.000000000000002,41.7,16
1488,24885.0,-0.5,-0.2,-1.3,0.30000000000000004,2.3000000000000003,8.1,26.1,13.399999999999999,45.5,16
1489,24902.0,-0.4,0.0,-1.3,0.5,2.7,8.200000000000001,24.1,11.900000000000002,50.900000000000006,16
1490,24920.0,-0.30000000000000004,0.6000000000000001,-0.8,0.5,3.2,8.6,18.8,5.6,53.10000000000001,16
1491,24936.0,-0.2,0.9,-0.2,0.6000000000000001,3.6,9.200000000000001,9.0,2.6,53.8,16
1492,24951.0,-0.1,1.1,0.30000000000000004,0.7000000000000001,3.8000000000000003,9.700000000000001,2.1,3.2,53.300000000000004,16
1493,24969.0,0.1,1.3,1.7000000000000002,0.9,3.9000000000000004,11.100000000000001,-9.8,5.9,49.1,16
1494,24985.0,0.0,1.2000000000000002,2.0,0.9,3.9000000000000004,11.4,-11.900000000000002,6.8,46.800000000000004,16
1495,25001.0,0.2,1.3,2.2,1.1,3.8000000000000003,11.600000000000001,-18.8,7.1000000000000005,45.400000000000006,16
1496,25019.0,0.5,0.9,3.0,1.4000000000000001,3.4000000000000004,12.5,-39.50000000000001,6.699999999999999,42.800000000000004,16
1497,25036.0,0.30000000000000004,-0.1,4.800000000000001,1.3,2.3000000000000003,14.3,-51.4,9.5,40.7,16
1498,25055.0,0.0,-0.9,5.800000000000001,1.0,1.2000000000000002,15.4,-47.400000000000006,18.4,46.9,16
1499,25069.0,0.0,-1.0,5.7,1.0,1.0,15.3,-37.9,21.0,53.7,16
1500,25090.0,0.0,-1.1,4.7,0.9,0.9,14.3,-14.100000000000001,16.0,66.1,16
1501,25102.0,0.0,-1.1,4.2,0.9,0.8,13.8,-1.9,10.8,71.7,16
1502,25118.0,0.30000000000000004,-1.0,2.6,1.2000000000000002,0.9,12.200000000000001,19.1,-1.3,82.2,16
1503,25135.0,0.7000000000000001,-0.8,0.7000000000000001,1.7000000000000002,1.2000000000000002,10.3,31.2,-9.4,86.4,16
1504,25151.0,0.7000000000000001,-0.8,0.8,2.2,1.3,9.5,30.699999999999996,-11.6,85.5,16
1505,25171.0,1.3,-0.5,-0.1,2.5,1.6,9.4,22.6,-16.5,76.2,16
1506,25187.0,0.9,-0.8,0.1,2.1,1.3,9.600000000000001,18.4,-16.6,61.599999999999994,16
1507,25201.0,0.8,-0.8,0.2,1.8,1.1,9.600000000000001,19.1,-11.4,56.6,16
1508,25220.0,0.0,-1.2000000000000002,-0.5,1.3,1.0,9.0,23.800000000000004,5.2,52.300000000000004,16
1509,25236.0,-0.2,-1.1,-1.1,1.1,1.1,7.9,30.5,20.1,51.2,16
1510,25252.0,-0.4,-0.9,-2.4000000000000004,1.0,1.3,7.1000000000000005,33.1,23.2,50.3,16
1511,25272.0,-0.9,-0.7000000000000001,-3.0,0.5,1.6,6.4,33.1,15.899999999999999,48.2,16
1512,25289.0,-1.1,-0.8,-2.7,0.30000000000000004,1.6,6.7,27.9,-2.3,49.1,16
1513,25302.0,-1.1,-0.8,-2.7,0.4,1.5,7.1000000000000005,26.9,-10.9,51.50000000000001,16
1514,25318.0,-0.8,-1.0,-1.6,0.8,1.4000000000000001,8.1,32.5,-21.0,54.800000000000004,16
1515,25335.0,-0.4,-1.1,-1.1,1.5,1.5,8.1,43.6,-21.7,54.800000000000004,16
1516,25351.0,0.2,-0.8,-1.5,1.8,1.8,7.800000000000001,46.4,-19.700000000000003,52.1,16
1517,25373.0,0.30000000000000004,-0.5,-1.8,2.1,2.2,7.5,42.3,-12.7,38.400000000000006,16
1518,25389.0,0.0,-0.4,-2.0,1.8,2.5,7.2,33.2,1.1,18.1,16
1519,25407.0,-0.6000000000000001,-0.5,-2.1,1.2000000000000002,2.4000000000000004,7.0,17.799999999999997,18.0,-1.4,16
1520,25418.0,-1.0,-0.7000000000000001,-2.0,0.8,2.3000000000000003,7.2,8.3,25.0,-8.100000000000001,16
1521,25435.0,-1.4000000000000001,-0.6000000000000001,-1.6,0.2,2.4000000000000004,7.6000000000000005,-4.300000000000001,34.300000000000004,-15.2,16
1522,25451.0,-2.1,-0.7000000000000001,-1.3,-0.5,2.3000000000000003,7.9,-7.300000000000001,35.599999999999994,-15.8,16
1523,25468.0,-2.3000000000000003,-0.9,-1.3,-0.8,2.1,8.0,-12.4,32.6,-12.4,16
1524,25485.0,-2.2,-0.8,-1.3,-0.8,2.2,8.0,-15.399999999999999,28.600000000000005,-8.899999999999999,16
1525,25502.0,-1.9000000000000001,-0.5,-0.9,-0.5,2.4000000000000004,8.5,-21.0,20.599999999999998,-4.7,16
1526,25521.0,-1.4000000000000001,-0.5,0.1,-0.1,2.3000000000000003,9.4,-29.500000000000004,12.600000000000001,-3.0,16
1527,25535.0,-1.0,-0.6000000000000001,0.5,0.2,2.1,9.9,-33.800000000000004,11.5,-1.4,16
1528,25553.0,-0.7000000000000001,-0.30000000000000004,1.6,0.5,2.4000000000000004,11.0,-45.5,8.700000000000001,0.9000000000000001,16
1529,25568.0,-0.2,-0.4,2.9000000000000004,1.0,2.1,12.3,-55.3,5.9,0.8,16
1530,25585.0,0.1,-0.4,3.4000000000000004,1.2000000000000002,2.0,12.9,-58.3,5.2,0.6000000000000001,16
1531,25602.0,0.30000000000000004,-0.2,4.0,1.4000000000000001,2.0,13.5,-59.00000000000001,5.8,-0.7,16
1532,25618.0,0.4,-0.4,4.1000000000000005,1.7000000000000002,1.6,13.600000000000001,-58.3,17.5,-0.4,16
1533,25635.0,0.6000000000000001,-0.5,3.7,1.6,1.4000000000000001,13.100000000000001,-58.2,35.1,4.0,16
1534,25651.0,0.6000000000000001,-0.5,3.3000000000000003,1.5,1.2000000000000002,12.9,-56.0,38.300000000000004,8.899999999999999,16
1535,25669.0,1.0,-0.5,3.4000000000000004,1.9000000000000001,1.0,13.0,-42.800000000000004,23.2,27.0,16
1536,25688.0,1.8,-0.5,3.6,2.6,0.9,13.3,-11.3,-12.600000000000001,46.800000000000004,16
1537,25703.0,2.4000000000000004,-0.5,3.3000000000000003,3.3000000000000003,0.9,13.0,8.4,-28.200000000000003,57.49999999999999,16
1538,25718.0,3.3000000000000003,0.0,1.8,4.3,1.4000000000000001,11.5,39.699999999999996,-50.0,63.0,16
1539,25735.0,3.9000000000000004,0.2,0.2,5.1000000000000005,1.8,9.8,48.400000000000006,-49.50000000000001,52.2,16
1540,25752.0,3.9000000000000004,0.4,-0.5,5.2,2.0,9.1,45.6,-41.199999999999996,41.1,16
1541,25770.0,3.2,0.30000000000000004,-1.3,4.7,2.0,8.200000000000001,31.7,-17.799999999999997,13.700000000000001,16
1542,25785.0,2.6,0.2,-1.5,4.1000000000000005,2.0,8.0,23.700000000000003,-5.0,1.0,16
1543,25801.0,1.5,0.0,-1.8,2.9000000000000004,1.9000000000000001,7.7,13.700000000000001,12.4,-17.400000000000002,16
1544,25819.0,0.7000000000000001,-0.1,-2.3000000000000003,1.8,1.8,6.9,12.100000000000001,16.200000000000003,-27.800000000000004,16
1545,25835.0,-0.7000000000000001,0.0,-3.2,0.6000000000000001,1.9000000000000001,6.300000000000001,3.5,6.600000000000001,-30.5,16
1546,25851.0,-1.1,-0.1,-3.1,0.2,1.8,6.4,-3.0,-0.2,-29.1,16
1547,25868.0,-1.2000000000000002,-0.2,-2.7,-0.1,1.7000000000000002,7.7,-12.600000000000001,-12.100000000000001,-22.2,16
1548,25884.0,-1.4000000000000001,-0.2,-1.8,-0.1,1.6,8.200000000000001,-10.9,-16.200000000000003,-18.8,16
1549,25901.0,-1.7000000000000002,-0.4,-1.1,-0.30000000000000004,1.5,8.5,2.0,-14.5,-8.899999999999999,16
1550,25918.0,-1.4000000000000001,-0.30000000000000004,-1.4000000000000001,0.1,1.9000000000000001,8.0,8.3,-12.200000000000001,3.3000000000000007,16
1551,25935.0,-0.6000000000000001,0.1,-1.5,0.8,2.1,8.0,9.5,-15.000000000000002,5.7,16
1552,25951.0,-0.5,0.30000000000000004,-1.4000000000000001,1.0,2.3000000000000003,8.0,9.3,-14.900000000000002,4.5,16
1553,25968.0,-0.8,0.4,-1.7000000000000002,0.8,2.5,7.800000000000001,8.700000000000001,-6.1000000000000005,0.30000000000000004,16
1554,25985.0,-0.9,0.4,-1.9000000000000001,0.6000000000000001,2.5,7.5,8.8,2.1,-2.1,16
1555,26002.0,-1.4000000000000001,0.6000000000000001,-2.3000000000000003,0.1,2.6,7.1000000000000005,3.5,17.300000000000004,-4.300000000000001,16
1556,26019.0,-1.5,0.6000000000000001,-2.1,-0.1,2.6,7.7,-5.6,19.5,-4.0,16
1557,26036.0,-1.8,0.7000000000000001,-0.9,-0.5,2.8000000000000003,9.1,-9.600000000000001,15.5,-1.3,16
1558,26051.0,-2.1,0.5,0.2,-0.7000000000000001,2.6,9.700000000000001,-6.500000000000001,14.0,1.1,16
1559,26071.0,-2.1,0.5,0.4,-0.8,2.5,9.9,4.6,20.400000000000002,11.3,16
1560,26086.0,-1.8,0.7000000000000001,0.30000000000000004,-0.5,2.8000000000000003,9.8,15.8,25.1,25.300000000000004,16
1561,26103.0,-1.7000000000000002,0.7000000000000001,0.30000000000000004,-0.2,2.9000000000000004,9.8,20.7,21.8,31.6,16
1562,26121.0,-0.6000000000000001,1.0,0.5,0.6000000000000001,3.1,10.0,25.900000000000002,10.600000000000001,39.0,16
1563,26139.0,0.1,1.1,0.6000000000000001,1.5,3.4000000000000004,9.8,31.0,8.3,40.1,16
1564,26151.0,0.7000000000000001,1.6,-0.9,1.8,3.9000000000000004,8.6,31.3,12.8,36.5,16
1565,26170.0,0.7000000000000001,1.7000000000000002,-1.5,1.8,4.0,7.6000000000000005,3.9,23.6,20.1,16
1566,26187.0,0.2,1.0,0.7000000000000001,1.2000000000000002,3.3000000000000003,10.200000000000001,-59.60000000000001,9.5,-6.699999999999999,16
1567,26206.0,-1.7000000000000002,-2.2,6.5,-0.7000000000000001,-0.1,16.1,-95.4,-3.8,-27.099999999999998,16
1568,26218.0,-1.7000000000000002,-2.1,6.5,-1.7000000000000002,-0.9,17.8,-90.30000000000001,8.3,-17.6,16
1569,26235.0,-3.3000000000000003,-3.3000000000000003,8.200000000000001,-2.3000000000000003,-1.6,17.900000000000002,-45.2,33.50000000000001,29.0,16
1570,26251.0,-2.8000000000000003,-2.8000000000000003,7.0,-1.9000000000000001,-1.3,16.6,-16.4,31.799999999999997,53.9,16
1571,26269.0,-0.9,-1.7000000000000002,3.4000000000000004,0.0,-0.1,13.100000000000001,35.3,2.5,95.20000000000002,16
1572,26286.0,-0.9,-1.7000000000000002,3.4000000000000004,0.4,0.2,12.3,49.4,-19.300000000000004,106.1,16
1573,26307.0,1.1,-0.6000000000000001,0.7000000000000001,2.6,1.4000000000000001,9.9,43.300000000000004,-46.0,91.7,16
1574,26319.0,1.4000000000000001,-0.4,0.30000000000000004,2.6,1.6,9.8,28.900000000000002,-35.1,77.80000000000001,16
1575,26343.0,0.9,-0.4,0.7000000000000001,1.7000000000000002,1.2000000000000002,10.5,3.1,11.4,50.5,16
1576,26352.0,-0.8,-0.9,1.1,0.6000000000000001,1.0,10.600000000000001,-1.7,34.1,43.300000000000004,16
1577,26368.0,-1.9000000000000001,-1.3,0.5,-0.7000000000000001,0.5,10.0,6.9,52.1,46.300000000000004,16
1578,26384.0,-2.0,-1.3,0.0,-0.8,0.5,9.600000000000001,11.8,50.1,49.6,16
1579,26401.0,-1.9000000000000001,-1.3,-1.1,-0.8,0.6000000000000001,8.5,32.0,23.2,66.7,16
1580,26418.0,-0.9,-1.2000000000000002,-1.7000000000000002,0.2,0.8,7.800000000000001,47.400000000000006,-9.100000000000001,80.2,16
1581,26434.0,-0.9,-1.2000000000000002,-1.7000000000000002,0.8,1.0,7.6000000000000005,53.400000000000006,-16.6,82.9,16
1582,26451.0,0.1,-0.8,-2.8000000000000003,1.3,1.4000000000000001,6.6000000000000005,61.199999999999996,-15.399999999999999,78.3,16
1583,26472.0,0.30000000000000004,-0.7000000000000001,-3.6,1.6,1.6,5.9,57.60000000000001,-5.0,66.9,16
1584,26484.0,0.4,-0.6000000000000001,-3.8000000000000003,1.7000000000000002,1.8,5.6000000000000005,51.70000000000001,-0.8,59.699999999999996,16
1585,26501.0,0.1,-0.4,-3.6,1.5,2.2,5.800000000000001,34.0,-0.9000000000000001,40.2,16
1586,26518.0,0.1,-0.4,-3.5,1.1,2.1,6.7,24.200000000000003,-4.7,29.800000000000004,16
1587,26537.0,-1.1,-1.2000000000000002,-1.0,0.30000000000000004,1.4000000000000001,8.700000000000001,10.0,-12.5,8.700000000000001,16
1588,26554.0,-1.4000000000000001,-1.5,0.0,0.1,1.2000000000000002,9.3,11.2,-10.600000000000001,7.0,16
1589,26568.0,-1.5,-1.7000000000000002,0.1,0.1,1.0,9.4,19.700000000000003,-5.0,8.600000000000001,16
1590,26584.0,-1.4000000000000001,-1.7000000000000002,-0.1,0.1,1.1,9.200000000000001,22.700000000000003,-3.0,9.5,16
1591,26601.0,-1.1,-1.5,-0.7000000000000001,0.5,1.4000000000000001,8.5,20.3,-4.0,8.899999999999999,16
1592,26618.0,-0.9,-1.2000000000000002,-0.8,0.7000000000000001,1.7000000000000002,8.4,14.700000000000001,-6.500000000000001,6.1000000000000005,16
1593,26634.0,-1.1,-0.8,-0.2,0.6000000000000001,2.1,9.1,-14.700000000000001,-3.3000000000000007,-10.5,16
1594,26651.0,-1.2000000000000002,-0.6000000000000001,0.5,0.4,2.3000000000000003,9.700000000000001,-27.400000000000002,4.7,-16.5,16
1595,26669.0,-1.2000000000000002,-0.4,1.6,0.4,2.3000000000000003,10.8,-55.5,14.800000000000002,-28.0,16
1596,26684.0,-1.3,-0.5,2.5,0.2,2.2,11.8,-68.0,11.8,-34.400000000000006,16
1597,26701.0,-1.9000000000000001,-1.3,5.2,-0.4,1.1,14.600000000000001,-77.00000000000001,5.1000000000000005,-40.2,16
1598,26718.0,-2.4000000000000004,-2.2,6.1000000000000005,-1.0,0.1,15.5,-62.7,25.4,-24.5,16
1599,26735.0,-2.3000000000000003,-2.2,5.2,-1.0,-0.1,14.700000000000001,-42.3,50.8,5.300000000000001,16
1600,26754.0,-1.9000000000000001,-2.1,3.8000000000000003,-0.6000000000000001,-0.1,13.3,-22.6,52.2,37.7,16
1601,26768.0,-0.7000000000000001,-2.2,2.8000000000000003,0.30000000000000004,-0.30000000000000004,12.3,-10.600000000000001,40.6,53.8,16
1602,26784.0,-0.7000000000000001,-2.2,2.8000000000000003,1.1,-0.30000000000000004,11.8,2.2,23.700000000000003,68.60000000000001,16
1603,26801.0,1.1,-2.1,1.5,2.8000000000000003,0.1,10.5,22.700000000000003,-10.8,88.10000000000001,16
1604,26818.0,3.1,-1.3,-0.2,4.3,0.6000000000000001,9.4,24.200000000000003,-21.900000000000002,88.10000000000001,16
1605,26835.0,3.6,-0.8,-0.6000000000000001,4.9,1.2000000000000002,8.9,14.900000000000002,-15.8,76.0,16
1606,26851.0,3.3000000000000003,-0.5,-0.7000000000000001,4.6000000000000005,1.4000000000000001,8.9,7.8,-5.9,64.10000000000001,16
1607,26868.0,2.4000000000000004,-0.5,-1.0,3.8000000000000003,1.4000000000000001,8.5,-1.0,20.5,41.1,16
1608,26886.0,1.8,-0.4,-1.3,3.1,1.5,8.200000000000001,-1.5,32.2,33.2,16
1609,26902.0,1.1,-0.5,-1.8,2.1,1.4000000000000001,7.4,3.3000000000000007,40.5,28.700000000000003,16
1610,26921.0,0.6000000000000001,-0.1,-3.2,1.7000000000000002,1.8,6.4,11.2,27.800000000000004,32.1,16
1611,26935.0,0.6000000000000001,0.2,-3.8000000000000003,1.7000000000000002,2.2,5.800000000000001,9.2,4.0,31.5,16
1612,26951.0,0.7000000000000001,0.4,-3.7,1.8,2.3000000000000003,5.800000000000001,3.4,-4.0,28.700000000000003,16
1613,26968.0,0.8,0.4,-3.0,1.9000000000000001,2.4000000000000004,6.6000000000000005,-9.899999999999999,-6.600000000000001,20.8,16
1614,26985.0,0.6000000000000001,0.4,-2.7,1.8,2.3000000000000003,6.800000000000001,-13.399999999999999,-3.4,16.200000000000003,16
1615,27001.0,0.2,0.2,-2.4000000000000004,1.4000000000000001,2.1,7.2,-15.700000000000001,3.2,9.700000000000001,16
1616,27018.0,0.0,0.30000000000000004,-2.0,1.2000000000000002,2.1,7.5,-18.200000000000003,2.8,9.4,16
1617,27035.0,0.1,0.4,-1.3,1.3,2.2,8.3,-19.1,-4.800000000000001,8.8,16
1618,27056.0,0.1,0.4,-1.3,1.3,2.2,8.3,-19.1,-4.800000000000001,8.8,16
1619,27069.0,-0.1,0.4,-0.4,1.1,2.1,9.200000000000001,-16.700000000000003,-4.2,4.800000000000001,16
1620,27085.0,-0.30000000000000004,0.4,-0.2,0.9,2.0,9.4,-15.399999999999999,2.2,5.2,16
1621,27101.0,-0.5,0.5,0.2,0.6000000000000001,2.1,9.8,-8.5,16.3,7.8,16
1622,27118.0,-0.6000000000000001,0.6000000000000001,0.1,0.6000000000000001,2.1,9.700000000000001,3.1,21.6,12.600000000000001,16
1623,27134.0,-0.30000000000000004,0.7000000000000001,0.0,0.9,2.3000000000000003,9.600000000000001,11.6,12.200000000000001,18.200000000000003,16
1624,27151.0,-0.30000000000000004,0.7000000000000001,0.0,0.9,2.3000000000000003,9.600000000000001,11.6,12.200000000000001,18.200000000000003,16
1625,27174.0,0.5,1.0,1.4000000000000001,1.6,2.6,11.0,15.5,0.5,17.6,16
1626,27184.0,0.6000000000000001,1.1,1.5,1.7000000000000002,2.8000000000000003,11.100000000000001,17.6,5.8,16.1,16
1627,27201.0,0.6000000000000001,1.3,1.2000000000000002,1.7000000000000002,3.0,10.8,23.700000000000003,26.300000000000004,11.6,16
1628,27218.0,0.30000000000000004,1.7000000000000002,-0.8,1.3,3.5,8.8,23.800000000000004,41.7,4.7,16
1629,27234.0,0.30000000000000004,1.6,-1.8,1.1,3.5,7.800000000000001,13.3,39.2,-0.7,16
1630,27259.0,0.1,-0.6000000000000001,1.9000000000000001,0.9,1.2000000000000002,11.5,-63.0,-29.0,-27.800000000000004,16
1631,27268.0,0.1,-0.6000000000000001,1.9000000000000001,0.9,1.2000000000000002,11.5,-63.0,-29.0,-27.800000000000004,16
1632,27284.0,-1.1,-3.5,8.3,-0.2,-2.0,18.0,-80.4,-51.4,-31.9,16
1633,27301.0,-0.9,-5.1000000000000005,9.9,0.1,-3.8000000000000003,19.5,-43.70000000000001,-23.5,3.7000000000000006,16
1634,27318.0,0.0,-4.1000000000000005,6.800000000000001,1.0,-2.8000000000000003,16.5,19.300000000000004,4.0,37.2,16
1635,27334.0,1.6,-3.2,2.6,2.6,-1.9000000000000001,12.3,52.2,4.1,55.60000000000001,16
1636,27351.0,2.3000000000000003,-2.8000000000000003,0.9,3.3000000000000003,-1.4000000000000001,10.5,52.00000000000001,-4.0,55.3,16
1637,27368.0,2.3000000000000003,-2.6,0.5,3.2,-0.8,9.9,44.10000000000001,-13.200000000000003,49.1,16
1638,27384.0,1.9000000000000001,-2.4000000000000004,0.30000000000000004,3.1,-0.8,10.0,18.900000000000002,-20.400000000000002,31.6,16
1639,27402.0,1.1,-2.7,0.7000000000000001,2.4000000000000004,-1.0,10.200000000000001,0.2,-3.4,18.3,16
1640,27418.0,0.4,-2.5,0.30000000000000004,1.6,-0.9,9.9,-4.4,14.0,15.899999999999999,16
1641,27435.0,0.2,-2.2,-0.30000000000000004,1.4000000000000001,-0.4,9.1,-2.3,16.6,20.599999999999998,16
1642,27460.0,0.4,-1.5,-0.9,1.6,0.1,8.8,0.9000000000000001,4.0,25.1,16
1643,27470.0,0.4,-1.5,-0.9,1.8,0.5,8.6,4.4,-2.5,26.400000000000006,16
1644,27486.0,0.7000000000000001,-0.9,-1.1,1.9000000000000001,0.8,8.200000000000001,13.399999999999999,-7.200000000000001,25.0,16
1645,27504.0,0.7000000000000001,-0.7000000000000001,-1.4000000000000001,1.9000000000000001,1.0,7.9,17.9,-4.7,23.400000000000002,16
1646,27526.0,0.6000000000000001,-0.1,-2.5,1.8,1.5,7.1000000000000005,23.800000000000004,5.8,18.8,16
1647,27535.0,0.5,0.1,-3.0,1.6,1.8,6.6000000000000005,23.800000000000004,17.9,12.7,16
1648,27558.0,0.5,0.4,-3.5,1.7000000000000002,2.2,6.1000000000000005,25.900000000000002,22.9,4.5,16
1649,27568.0,0.5,0.4,-3.5,1.5,2.5,5.7,25.900000000000002,22.9,4.5,16
1650,27584.0,0.30000000000000004,0.6000000000000001,-4.0,1.4000000000000001,2.5,5.6000000000000005,25.0,20.599999999999998,-6.300000000000001,16
1651,27601.0,0.30000000000000004,0.6000000000000001,-4.0,1.4000000000000001,2.5,5.6000000000000005,25.0,20.599999999999998,-6.300000000000001,16
1652,27623.0,0.1,0.5,-3.1,1.0,2.5,6.4,6.500000000000001,8.600000000000001,-27.3,16
1653,27637.0,-0.4,0.0,-1.4000000000000001,0.5,2.0,8.1,5.1000000000000005,3.0,-35.9,16
1654,27651.0,-0.6000000000000001,-0.4,-0.5,0.30000000000000004,1.6,9.1,7.8,2.9,-35.9,16
1655,27668.0,-0.5,-0.5,-0.1,0.4,1.5,9.4,11.6,1.8000000000000003,-33.7,16
1656,27684.0,0.0,-0.5,0.5,1.2000000000000002,1.7000000000000002,10.100000000000001,20.3,-3.9,-30.5,16
1657,27706.0,1.4000000000000001,-0.1,0.8,2.2,2.2,10.3,20.0,-11.5,-46.50000000000001,16
1658,27728.0,1.1,-0.5,1.4000000000000001,2.0,1.8,10.9,7.400000000000001,7.300000000000001,-67.10000000000001,16
1659,27735.0,1.1,-0.5,1.4000000000000001,1.7000000000000002,1.7000000000000002,10.9,2.5,23.0,-75.2,16
1660,27758.0,0.1,-0.7000000000000001,0.8,0.8,1.6,10.3,-4.7,38.800000000000004,-85.60000000000001,16
1661,27768.0,0.0,-0.8,0.6000000000000001,0.6000000000000001,1.5,10.100000000000001,-10.0,38.800000000000004,-87.60000000000001,16
1662,27784.0,0.1,-0.9,0.5,0.6000000000000001,1.4000000000000001,10.0,-16.1,37.9,-88.4,16
1663,27801.0,0.4,-1.0,0.5,0.9,0.9,10.5,-38.900000000000006,17.799999999999997,-91.8,16
1664,27818.0,0.6000000000000001,-3.3000000000000003,4.4,0.8,-1.2000000000000002,14.0,-76.7,-11.1,-99.7,16
1665,27835.0,0.1,-5.300000000000001,7.4,0.30000000000000004,-3.5,17.0,-84.5,-4.4,-78.60000000000001,16
1666,27856.0,0.1,-5.4,7.5,0.30000000000000004,-3.6,16.6,-43.00000000000001,25.200000000000003,-34.900000000000006,16
1667,27870.0,1.1,-4.5,5.300000000000001,1.2000000000000002,-3.0,15.0,-12.0,27.5,-9.2,16
1668,27884.0,1.8,-3.8000000000000003,3.7,1.8,-2.3000000000000003,13.4,18.5,17.9,13.399999999999999,16
1669,27901.0,3.1,-2.4000000000000004,0.9,4.0,-0.4,9.600000000000001,52.7,-23.099999999999998,36.8,16
1670,27918.0,5.0,0.0,-2.2,5.1000000000000005,1.8,7.5,45.0,-55.900000000000006,23.0,16
1671,27934.0,5.300000000000001,0.6000000000000001,-2.5,5.6000000000000005,2.4000000000000004,7.1000000000000005,10.9,-45.9,-11.3,16
1672,27952.0,4.800000000000001,0.30000000000000004,-2.3000000000000003,5.2,2.2,7.300000000000001,-6.500000000000001,-24.5,-31.5,16
1673,27969.0,2.8000000000000003,0.0,-1.9000000000000001,3.2,1.9000000000000001,7.7,-26.6,20.5,-59.80000000000001,16
1674,27985.0,1.3,-0.2,-1.6,1.6,1.5,8.0,-21.7,36.5,-64.80000000000001,16
1675,28005.0,1.1,-0.2,-1.8,1.3,1.5,7.800000000000001,-11.000000000000002,31.2,-61.7,16
1676,28018.0,0.7000000000000001,-0.1,-2.5,0.7000000000000001,1.7000000000000002,6.800000000000001,10.5,7.8,-52.900000000000006,16
1677,28034.0,1.0,0.4,-3.9000000000000004,1.1,2.1,5.7,17.6,-13.000000000000002,-49.199999999999996,16
1678,28053.0,0.9,0.8,-4.1000000000000005,1.0,2.6,5.5,6.9,-19.799999999999997,-59.00000000000001,16
1679,28068.0,0.6000000000000001,0.8,-3.6,0.7000000000000001,2.6,6.0,-2.1,-17.9,-65.89999999999999,16
1680,28084.0,-0.1,0.30000000000000004,-2.3000000000000003,0.0,2.1,7.300000000000001,-12.7,-6.0,-73.0,16
1681,28101.0,-0.5,0.2,-1.9000000000000001,-0.4,2.0,7.7,-15.8,3.3000000000000007,-75.5,16
1682,28118.0,-1.2000000000000002,0.0,-1.6,-1.2000000000000002,1.8,8.0,-12.9,14.600000000000001,-71.8,16
1683,28135.0,-1.5,0.30000000000000004,-1.7000000000000002,-1.5,2.0,8.0,-8.8,12.4,-59.699999999999996,16
1684,28151.0,-1.4000000000000001,0.6000000000000001,-1.5,-1.5,2.3000000000000003,8.1,-8.8,9.600000000000001,-53.50000000000001,16
1685,28169.0,-1.3,0.8,-0.8,-1.4000000000000001,2.4000000000000004,8.8,-13.000000000000002,12.0,-44.4,16
1686,28184.0,-1.3,0.8,-0.7000000000000001,-1.5,2.5,9.0,-14.600000000000001,18.1,-41.199999999999996,16
1687,28201.0,-1.4000000000000001,0.8,-0.4,-1.9000000000000001,2.3000000000000003,9.4,-15.000000000000002,28.800000000000004,-32.6,16
1688,28218.0,-1.8,0.7000000000000001,0.0,-2.1,2.1,10.100000000000001,-14.700000000000001,27.0,-12.5,16
1689,28234.0,-0.2,0.8,1.7000000000000002,-0.7000000000000001,2.3000000000000003,11.4,-10.200000000000001,4.1,12.8,16
1690,28251.0,0.9,1.1,2.4000000000000004,0.4,2.6,12.100000000000001,-5.300000000000001,-10.200000000000001,21.1,16
1691,28279.0,2.7,1.7000000000000002,3.2,2.3000000000000003,3.2,12.9,12.200000000000001,-13.000000000000002,16.700000000000003,16
1692,28288.0,2.7,1.7000000000000002,3.2,2.6,3.5,11.600000000000001,17.9,3.7000000000000006,8.100000000000001,16
1693,28301.0,2.9000000000000004,1.9000000000000001,1.9000000000000001,2.4000000000000004,3.6,10.9,18.0,23.700000000000003,-2.7,16
1694,28319.0,2.3000000000000003,2.2,0.2,1.4000000000000001,3.7,9.700000000000001,-8.899999999999999,38.60000000000001,-22.4,16
1695,28334.0,1.6,1.0,2.8000000000000003,1.0,2.5,12.5,-47.3,13.700000000000001,-40.5,16
1696,28351.0,1.1,-0.9,5.5,0.5,0.5,15.100000000000001,-54.6,2.4000000000000004,-45.2,16
1697,28369.0,0.8,-3.2,8.1,0.1,-2.0,17.8,-36.5,-3.9,-29.1,16
1698,28385.0,1.0,-3.6,8.1,0.4,-2.4000000000000004,17.8,-13.3,-3.9,-13.6,16
1699,28402.0,2.3000000000000003,-3.3000000000000003,5.7,1.7000000000000002,-2.1,15.4,35.3,-9.100000000000001,13.3,16
1700,28418.0,3.5,-3.1,3.7,3.2,-1.6,12.8,52.2,-20.1,20.3,16
1701,28439.0,4.4,-2.6,1.2000000000000002,3.9000000000000004,-1.1,10.9,52.00000000000001,-27.099999999999998,13.000000000000002,16
1702,28451.0,4.4,-2.5,0.7000000000000001,4.0,-0.9,10.3,39.699999999999996,-26.300000000000004,-3.9,16
1703,28467.0,4.3,-2.6,0.1,3.9000000000000004,-0.8,9.8,32.300000000000004,-23.400000000000002,-12.7,16
1704,28485.0,4.1000000000000005,-2.6,0.1,3.8000000000000003,-0.8,9.700000000000001,25.300000000000004,-20.1,-21.8,16
1705,28501.0,3.4000000000000004,-2.6,0.0,3.1,-0.8,9.700000000000001,16.1,-14.900000000000002,-39.50000000000001,16
1706,28518.0,2.7,-2.7,-0.2,2.1,-0.8,9.200000000000001,17.200000000000003,-6.2,-49.1,16
1707,28534.0,1.9000000000000001,-2.5,-1.0,1.5,-0.4,8.3,23.099999999999998,1.1,-50.400000000000006,16
1708,28552.0,1.6,-2.2,-1.6,1.3,-0.2,8.0,26.5,1.9,-49.699999999999996,16
1709,28572.0,1.5,-1.7000000000000002,-2.8000000000000003,1.2000000000000002,0.5,6.800000000000001,36.5,-5.1000000000000005,-48.70000000000001,16
1710,28603.0,1.2000000000000002,-1.0,-3.8000000000000003,0.8,1.3,5.7,29.600000000000005,-10.0,-55.3,16
1711,28622.0,1.1,-1.0,-3.8000000000000003,0.8,1.4000000000000001,5.7,22.700000000000003,-9.8,-57.400000000000006,16
1712,28636.0,1.0,-0.8,-3.4000000000000004,0.6000000000000001,1.7000000000000002,6.2,13.3,-9.700000000000001,-60.8,16
1713,28651.0,0.6000000000000001,-0.4,-2.9000000000000004,0.2,2.0,6.6000000000000005,8.600000000000001,-14.200000000000001,-65.6,16
1714,28670.0,0.5,-0.4,-2.5,0.1,2.1,7.0,6.0,-12.5,-67.7,16
1715,28684.0,0.30000000000000004,0.0,-2.4000000000000004,-0.1,2.4000000000000004,7.1000000000000005,1.5,-4.800000000000001,-70.6,16
1716,28701.0,0.2,0.1,-2.5,-0.2,2.6,7.0,-1.6,-2.4000000000000004,-72.50000000000001,16
1717,28718.0,0.1,0.4,-2.5,-0.6000000000000001,2.9000000000000004,7.1000000000000005,-10.9,-1.5,-78.10000000000001,16
1718,28734.0,-0.7000000000000001,0.7000000000000001,-2.0,-1.3,3.0,7.5,-23.400000000000002,-0.7,-82.7,16
1719,28752.0,-1.4000000000000001,0.7000000000000001,-0.9,-2.0,2.9000000000000004,8.6,-37.50000000000001,-1.3,-78.4,16
1720,28768.0,-1.5,0.6000000000000001,0.1,-2.2,2.8000000000000003,9.600000000000001,-42.0,-5.1000000000000005,-72.80000000000001,16
1721,28784.0,-1.4000000000000001,0.5,1.6,-2.1,2.5,11.200000000000001,-42.7,-13.6,-60.6,16
1722,28801.0,-1.4000000000000001,0.5,1.6,-1.9000000000000001,2.4000000000000004,11.700000000000001,-39.9,-20.3,-51.0,16
1723,28818.0,-0.9,0.6000000000000001,2.7,-1.1,2.4000000000000004,12.600000000000001,-30.699999999999996,-30.3,-29.0,16
1724,28834.0,0.9,0.7000000000000001,3.2,0.30000000000000004,2.4000000000000004,12.9,-18.900000000000002,-35.3,-11.6,16
1725,28852.0,1.9000000000000001,1.2000000000000002,2.4000000000000004,1.8,3.0,11.700000000000001,-9.700000000000001,-34.800000000000004,-5.500000000000001,16
1726,28868.0,2.7,1.5,1.5,2.3000000000000003,3.1,11.100000000000001,-11.5,-37.1,-10.200000000000001,16
1727,28889.0,2.8000000000000003,0.9,2.2,2.6,2.5,11.9,-32.9,-34.800000000000004,-28.700000000000003,16
1728,28902.0,2.6,0.4,3.1,2.4000000000000004,1.9000000000000001,12.8,-45.3,-25.200000000000003,-38.900000000000006,16
1729,28918.0,1.8,-0.9,4.6000000000000005,1.6,0.4,14.3,-53.400000000000006,-0.6000000000000001,-50.5,16
1730,28936.0,1.3,-2.0,4.800000000000001,1.1,-1.1,14.4,-33.50000000000001,9.899999999999999,-42.0,16
1731,28952.0,2.8000000000000003,-2.9000000000000004,3.9000000000000004,2.6,-1.8,13.700000000000001,-1.6,-11.1,-16.3,16
1732,28977.0,4.0,-2.6,3.2,4.7,-1.3,12.4,27.700000000000003,-52.80000000000001,-5.1000000000000005,16
1733,28990.0,5.5,-2.3000000000000003,1.9000000000000001,5.4,-1.2000000000000002,11.600000000000001,34.50000000000001,-64.9,-10.299999999999999,16
1734,29001.0,5.800000000000001,-2.4000000000000004,1.5,5.800000000000001,-1.2000000000000002,11.200000000000001,36.7,-64.4,-20.3,16
1735,29018.0,5.7,-2.6,0.6000000000000001,5.5,-1.0,9.4,32.8,-33.9,-50.7,16
1736,29034.0,3.9000000000000004,-2.7,-2.1,4.2,-1.2000000000000002,7.6000000000000005,14.600000000000001,6.4,-83.60000000000001,16
1737,29051.0,2.1,-2.8000000000000003,-2.4000000000000004,2.2,-1.3,7.300000000000001,-12.0,21.500000000000004,-103.60000000000001,16
1738,29070.0,0.8,-2.8000000000000003,-1.9000000000000001,0.9,-1.3,7.800000000000001,-19.9,18.200000000000003,-106.80000000000001,16
1739,29092.0,-0.2,-2.1,-1.4000000000000001,-0.2,-0.8,8.3,-13.6,-8.899999999999999,-93.3,16
1740,29101.0,-0.2,-2.1,-1.4000000000000001,-0.2,-0.8,8.3,-13.6,-8.899999999999999,-93.3,16
1741,29118.0,-0.1,-1.4000000000000001,-2.3000000000000003,-0.1,0.0,7.4,-2.1,-19.200000000000003,-79.3,16
1742,29135.0,0.0,-0.9,-2.8000000000000003,0.0,0.4,7.0,-2.7,-19.400000000000002,-71.7,16
1743,29151.0,0.30000000000000004,0.30000000000000004,-3.4000000000000004,0.30000000000000004,1.6,6.300000000000001,-13.700000000000001,-14.600000000000001,-71.8,16
1744,29168.0,0.30000000000000004,0.30000000000000004,-3.4000000000000004,0.30000000000000004,1.6,6.300000000000001,-13.700000000000001,-14.600000000000001,-71.8,16
1745,29184.0,0.30000000000000004,0.30000000000000004,-3.4000000000000004,0.2,2.0,6.7,-20.1,-12.9,-74.10000000000001,16
1746,29201.0,-0.5,0.9,-2.3000000000000003,-0.4,2.1,7.5,-23.6,-3.1,-74.89999999999999,16
1747,29220.0,-0.7000000000000001,1.4000000000000001,-2.3000000000000003,-0.6000000000000001,2.5,7.4,-15.899999999999999,-3.0,-66.2,16
1748,29234.0,-0.5,2.0,-2.6,-0.4,3.0,7.1000000000000005,-12.5,-7.9,-60.2,16
1749,29251.0,-0.30000000000000004,2.3000000000000003,-2.5,-0.2,3.4000000000000004,7.5,-16.6,-11.3,-56.9,16
1750,29277.0,-0.2,2.6,-1.7000000000000002,-0.1,3.5,8.3,-21.400000000000002,-6.699999999999999,-57.400000000000006,16
1751,29284.0,-0.2,2.6,-1.7000000000000002,-0.1,3.5,8.3,-21.400000000000002,-6.699999999999999,-57.400000000000006,16
1752,29301.0,-0.5,2.5,-0.9,-0.4,3.3000000000000003,8.8,-22.1,5.0,-56.800000000000004,16
1753,29318.0,-1.0,2.3000000000000003,-0.5,-0.9,3.2,9.3,-17.6,14.700000000000001,-49.6,16
1754,29334.0,-1.0,2.6,-0.1,-1.0,3.3000000000000003,9.700000000000001,-8.700000000000001,15.299999999999999,-35.8,16
1755,29351.0,-0.8,2.6,-0.1,-0.9,3.4000000000000004,9.700000000000001,-3.2,11.000000000000002,-28.900000000000002,16
1756,29368.0,-0.1,2.7,0.4,-0.2,3.5,10.200000000000001,-1.0,0.5,-16.900000000000002,16
1757,29385.0,0.9,2.6,1.9000000000000001,0.8,3.4000000000000004,11.700000000000001,-6.0,-4.300000000000001,-12.100000000000001,16
1758,29401.0,1.0,2.5,2.4000000000000004,0.9,3.3000000000000003,12.100000000000001,-6.600000000000001,-2.6,-12.5,16
1759,29418.0,1.4000000000000001,2.2,3.3000000000000003,1.2000000000000002,3.0,13.100000000000001,-2.3,11.5,-14.400000000000002,16
1760,29434.0,1.4000000000000001,2.3000000000000003,2.2,1.2000000000000002,3.0,12.0,5.6,30.200000000000003,-16.900000000000002,16
1761,29452.0,1.4000000000000001,2.3000000000000003,1.1,1.1,3.0,10.9,-5.300000000000001,32.7,-25.0,16
1762,29468.0,1.4000000000000001,1.9000000000000001,1.5,1.0,2.7,11.200000000000001,-20.1,26.300000000000004,-32.2,16
1763,29486.0,1.2000000000000002,-0.2,4.4,0.7000000000000001,0.4,14.200000000000001,-48.9,16.900000000000002,-45.3,16
1764,29501.0,0.9,-0.9,5.5,0.5,-0.4,15.3,-55.3,19.300000000000004,-45.7,16
1765,29519.0,0.0,-2.1,7.300000000000001,-0.6000000000000001,-1.7000000000000002,17.1,-45.3,27.5,-29.500000000000004,16
1766,29535.0,-0.30000000000000004,-2.2,7.2,-1.0,-1.9000000000000001,16.6,-8.8,25.7,5.6,16
1767,29551.0,0.1,-1.7000000000000002,5.2,-0.30000000000000004,-1.3,14.200000000000001,30.000000000000004,0.9000000000000001,37.400000000000006,16
1768,29573.0,1.9000000000000001,-1.1,2.5,1.2000000000000002,-0.8,12.200000000000001,52.00000000000001,-28.900000000000002,55.3,16
1769,29585.0,2.6,-0.9,1.5,1.9000000000000001,-0.5,11.3,56.6,-38.1,56.0,16
1770,29602.0,3.0,-0.8,0.8,2.4000000000000004,-0.2,10.600000000000001,57.800000000000004,-41.300000000000004,51.6,16
1771,29618.0,3.2,-0.8,-0.1,2.9000000000000004,0.1,9.200000000000001,46.800000000000004,-31.5,30.9,16
1772,29638.0,2.5,-0.8,-1.1,2.2,0.2,8.700000000000001,22.3,-12.200000000000001,4.2,16
1773,29653.0,1.4000000000000001,-1.2000000000000002,-0.5,0.6000000000000001,-0.30000000000000004,9.5,6.500000000000001,0.0,-10.700000000000001,16
1774,29674.0,-0.2,-1.7000000000000002,0.30000000000000004,-0.5,-0.7000000000000001,10.0,14.700000000000001,-3.6000000000000005,-7.300000000000001,16
1775,29688.0,-0.5,-1.8,0.0,-0.8,-0.7000000000000001,9.8,19.5,-6.500000000000001,-4.2,16
1776,29702.0,-0.5,-1.8,0.0,-0.8,-0.6000000000000001,9.4,29.700000000000006,-12.9,3.3000000000000007,16
1777,29718.0,0.0,-1.3,-1.6,-0.2,-0.1,8.1,46.1,-21.500000000000004,15.100000000000001,16
1778,29734.0,0.30000000000000004,-0.8,-2.6,0.2,0.5,7.1000000000000005,50.7,-22.5,16.900000000000002,16
1779,29752.0,0.30000000000000004,-0.8,-3.1,0.2,0.8,6.4,48.70000000000001,-16.700000000000003,11.2,16
1780,29768.0,0.0,-0.6000000000000001,-3.7,0.0,1.0,6.0,45.7,-10.1,8.3,16
1781,29785.0,-0.2,-0.5,-4.1000000000000005,-0.2,1.3,5.5,38.800000000000004,1.0,5.300000000000001,16
1782,29802.0,0.0,-0.30000000000000004,-4.5,-0.1,1.5,5.2,34.1,1.6,3.6000000000000005,16
1783,29819.0,0.0,-0.2,-4.6000000000000005,0.0,1.7000000000000002,5.0,31.6,-2.5,2.2,16
1784,29835.0,0.1,0.1,-4.4,0.2,2.1,5.2,22.1,-12.299999999999999,-3.3000000000000007,16
1785,29855.0,0.1,0.1,-3.7,0.2,2.1,5.9,10.1,-15.100000000000001,-10.700000000000001,16
1786,29868.0,0.1,0.1,-3.0,0.1,2.2,6.5,3.8,-14.5,-14.5,16
1787,29884.0,0.0,0.0,-2.7,0.0,2.1,6.9,-2.0,-14.0,-18.4,16
1788,29901.0,-0.30000000000000004,-0.2,-2.0,-0.30000000000000004,1.9000000000000001,7.800000000000001,-10.1,-9.899999999999999,-22.1,16
1789,29918.0,-0.5,0.0,-1.2000000000000002,-0.30000000000000004,2.0,8.4,-15.899999999999999,-11.4,-20.8,16
1790,29935.0,-0.1,0.1,-0.4,0.0,2.1,9.200000000000001,-25.200000000000003,-20.7,-19.400000000000002,16
1791,29951.0,0.30000000000000004,0.2,0.5,0.5,2.1,10.100000000000001,-32.1,-25.5,-20.400000000000002,16
1792,29971.0,0.6000000000000001,0.4,2.4000000000000004,0.9,2.2,12.0,-45.0,-28.0,-27.2,16
1793,29984.0,0.6000000000000001,0.5,2.4000000000000004,0.9,2.1,12.700000000000001,-48.400000000000006,-23.5,-32.1,16
1794,30001.0,0.2,0.2,4.1000000000000005,0.5,1.8,13.8,-48.2,-3.3000000000000007,-37.7,16
1795,30018.0,0.2,0.4,3.8000000000000003,0.5,1.8,13.4,-45.5,12.8,-35.8,16
1796,30034.0,0.4,0.7000000000000001,3.7,0.8,1.9000000000000001,13.600000000000001,-49.6,6.9,-38.800000000000004,16
1797,30051.0,0.6000000000000001,0.30000000000000004,4.3,0.5,1.2000000000000002,14.4,-51.0,4.4,-41.800000000000004,16
1798,30072.0,-0.1,-0.4,4.800000000000001,0.1,0.6000000000000001,14.600000000000001,-49.300000000000004,12.200000000000001,-41.900000000000006,16
1799,30085.0,-0.6000000000000001,-1.0,4.7,-0.4,-0.2,14.5,-39.2,19.200000000000003,-27.3,16
1800,30101.0,-0.4,-1.3,4.5,-0.2,-0.5,14.3,-30.1,16.5,-14.600000000000001,16
1801,30117.0,1.0,-1.7000000000000002,4.0,1.1,-1.0,13.8,-7.500000000000001,-3.6000000000000005,14.300000000000002,16
1802,30134.0,2.6,-1.6,2.9000000000000004,2.7,-0.9,12.700000000000001,10.600000000000001,-23.700000000000003,31.2,16
1803,30151.0,3.3000000000000003,-1.4000000000000001,2.3000000000000003,3.5,-0.7000000000000001,12.100000000000001,30.599999999999998,-36.9,41.800000000000004,16
1804,30167.0,4.4,-0.9,0.5,4.6000000000000005,-0.1,10.3,38.400000000000006,-36.9,39.599999999999994,16
1805,30184.0,4.3,-0.5,-1.6,4.7,0.5,8.200000000000001,45.400000000000006,-25.900000000000002,25.1,16
1806,30201.0,4.0,-0.4,-2.3000000000000003,4.5,0.7000000000000001,7.4,42.400000000000006,-17.6,14.700000000000001,16
1807,30219.0,3.1,-0.30000000000000004,-3.4000000000000004,3.6,0.9,6.300000000000001,25.7,-2.6,-5.9,16
1808,30234.0,2.4000000000000004,-0.2,-3.5,2.5,1.0,6.300000000000001,7.300000000000001,4.0,-20.3,16
1809,30251.0,1.3,-0.30000000000000004,-3.1,1.8,1.0,6.6000000000000005,1.9,2.5,-24.400000000000002,16
1810,30269.0,0.8,-0.2,-2.9000000000000004,1.3,1.0,6.800000000000001,-0.1,-7.200000000000001,-26.5,16
1811,30285.0,0.4,0.1,-3.0,0.9,1.3,6.7,2.6,-15.899999999999999,-25.0,16
1812,30301.0,0.4,0.1,-3.0,0.8,1.5,6.6000000000000005,2.7,-18.0,-24.7,16
1813,30318.0,0.2,0.4,-3.2,0.7000000000000001,1.7000000000000002,6.5,-2.2,-16.8,-27.400000000000002,16
1814,30334.0,-0.4,0.5,-2.8000000000000003,0.2,1.8,6.9,-9.899999999999999,-11.000000000000002,-30.000000000000004,16
1815,30352.0,-0.7000000000000001,0.5,-2.2,-0.1,1.7000000000000002,7.7,-11.700000000000001,-8.4,-28.400000000000002,16
1816,30369.0,-0.9,0.6000000000000001,-1.9000000000000001,-0.2,1.8,7.9,-8.700000000000001,-8.2,-25.6,16
1817,30385.0,-0.8,0.7000000000000001,-2.2,-0.2,1.9000000000000001,7.5,-1.0,-8.700000000000001,-19.200000000000003,16
1818,30402.0,-0.8,0.7000000000000001,-2.2,-0.1,2.1,7.4,-0.1,-8.600000000000001,-16.4,16
1819,30418.0,-0.6000000000000001,1.3,-2.4000000000000004,0.1,2.5,7.300000000000001,-3.6000000000000005,-7.500000000000001,-14.100000000000001,16
1820,30435.0,-0.7000000000000001,1.5,-1.8,0.0,2.6,7.9,-12.4,-3.9,-14.800000000000002,16
1821,30451.0,-0.8,1.4000000000000001,-0.9,-0.2,2.5,9.200000000000001,-15.8,3.6000000000000005,-12.100000000000001,16
1822,30470.0,-1.0,1.2000000000000002,0.1,-0.30000000000000004,2.3000000000000003,9.8,-11.700000000000001,7.699999999999999,-8.100000000000001,16
1823,30484.0,-1.0,1.2000000000000002,0.1,-0.30000000000000004,2.3000000000000003,9.8,-4.9,10.600000000000001,-2.1,16
1824,30502.0,-0.30000000000000004,1.6,-0.7000000000000001,0.30000000000000004,2.7,9.0,12.5,6.2,15.000000000000002,16
1825,30518.0,-0.30000000000000004,1.6,-0.7000000000000001,0.6000000000000001,2.9000000000000004,9.0,12.299999999999999,2.6,17.0,16
1826,30535.0,0.4,1.8,0.0,1.0,3.0,9.700000000000001,7.6,-2.9,16.0,16
1827,30551.0,0.6000000000000001,1.8,1.0,1.2000000000000002,2.9000000000000004,10.700000000000001,2.2,-2.6,12.5,16
1828,30574.0,0.5,1.6,2.2,1.1,2.8000000000000003,11.9,-0.5,3.0,9.5,16
1829,30585.0,0.5,1.6,2.2,1.0,2.6,12.5,0.9000000000000001,10.5,9.0,16
1830,30601.0,0.4,1.3,2.7,1.1,2.5,12.4,6.500000000000001,19.799999999999997,10.299999999999999,16
1831,30619.0,0.5,1.9000000000000001,0.2,1.0,3.2,9.9,21.1,35.3,14.700000000000001,16
1832,30635.0,0.9,2.4000000000000004,-1.4000000000000001,1.4000000000000001,3.7,8.3,4.300000000000001,31.099999999999998,9.700000000000001,16
1833,30653.0,0.9,2.6,-0.5,1.3,3.1,10.9,-39.699999999999996,6.9,-7.0,16
1834,30671.0,-0.5,-0.8,5.6000000000000005,-0.2,0.30000000000000004,15.4,-61.50000000000001,-16.1,-22.3,16
1835,30687.0,-2.0,-2.0,7.7,-1.6,-1.0,17.400000000000002,-57.3,-17.300000000000004,-17.1,16
1836,30701.0,-2.2,-2.5,8.200000000000001,-1.8,-1.6,17.900000000000002,-41.300000000000004,-6.1000000000000005,2.8,16
1837,30718.0,-1.4000000000000001,-2.4000000000000004,6.5,-1.0,-1.5,16.3,12.8,8.899999999999999,54.800000000000004,16
1838,30734.0,0.1,-1.5,3.6,1.0,-0.2,12.4,58.0,-11.8,86.4,16
1839,30752.0,1.3,-0.6000000000000001,1.1,2.2,0.8,10.100000000000001,63.70000000000001,-37.7,85.20000000000002,16
1840,30768.0,2.1,-0.5,0.1,2.7,0.7000000000000001,9.8,56.300000000000004,-42.0,77.20000000000002,16
1841,30785.0,2.4000000000000004,-1.0,0.6000000000000001,3.1,0.4,10.200000000000001,39.400000000000006,-34.7,60.6,16
1842,30801.0,2.3000000000000003,-1.1,0.6000000000000001,3.1,0.30000000000000004,10.200000000000001,35.3,-25.8,52.300000000000004,16
1843,30818.0,2.0,-1.3,-0.1,2.9000000000000004,0.2,9.600000000000001,30.5,-4.300000000000001,36.2,16
1844,30834.0,1.1,-1.5,-1.1,2.1,0.1,8.6,25.900000000000002,16.8,22.3,16
1845,30853.0,0.5,-1.6,-1.9000000000000001,1.2000000000000002,0.1,7.5,24.5,26.799999999999997,18.0,16
1846,30868.0,0.0,-1.5,-2.6,0.9,0.30000000000000004,7.0,25.200000000000003,24.400000000000002,18.200000000000003,16
1847,30884.0,-0.2,-1.3,-3.4000000000000004,0.6000000000000001,0.5,6.2,26.9,10.0,20.8,16
1848,30903.0,-0.1,-1.2000000000000002,-3.6,0.7000000000000001,0.7000000000000001,6.0,23.700000000000003,-5.1000000000000005,24.7,16
1849,30918.0,-0.1,-1.2000000000000002,-3.6,0.9,0.9,6.0,21.1,-8.899999999999999,25.4,16
1850,30934.0,0.30000000000000004,-0.9,-3.4000000000000004,1.2000000000000002,1.3,6.300000000000001,15.5,-8.5,22.5,16
1851,30952.0,0.1,-0.4,-2.9000000000000004,1.0,1.6,6.6000000000000005,9.2,-0.8,15.2,16
1852,30968.0,-0.30000000000000004,-0.30000000000000004,-2.6,0.6000000000000001,1.8,6.9,5.7,3.4,12.100000000000001,16
1853,30984.0,-0.5,0.0,-2.2,0.4,2.0,7.300000000000001,0.9000000000000001,6.699999999999999,9.5,16
1854,31001.0,-0.8,0.30000000000000004,-1.9000000000000001,0.1,2.3000000000000003,7.7,-1.5,5.4,7.1000000000000005,16
1855,31018.0,-0.8,0.30000000000000004,-1.9000000000000001,0.0,2.3000000000000003,7.9,-3.8,5.300000000000001,6.500000000000001,16
1856,31034.0,-1.0,0.2,-1.0,-0.2,2.2,8.5,-7.1000000000000005,7.500000000000001,7.6,16
1857,31051.0,-1.0,0.30000000000000004,-0.5,-0.2,2.3000000000000003,9.1,-7.0,8.100000000000001,12.299999999999999,16
1858,31067.0,-0.9,0.4,-0.4,-0.1,2.4000000000000004,9.200000000000001,-4.800000000000001,5.4,14.900000000000002,16
1859,31084.0,-0.9,0.5,-0.4,0.5,2.5,9.200000000000001,-2.7,1.8000000000000003,17.6,16
1860,31102.0,0.0,0.6000000000000001,0.2,0.8,2.5,9.8,-10.5,-10.600000000000001,19.5,16
1861,31118.0,0.1,0.6000000000000001,0.7000000000000001,1.0,2.5,10.3,-15.399999999999999,-13.000000000000002,18.3,16
1862,31135.0,0.30000000000000004,0.9,1.8,1.2000000000000002,2.8000000000000003,11.4,-22.8,-12.0,14.800000000000002,16
1863,31152.0,0.2,1.0,2.5,1.1,2.8000000000000003,12.100000000000001,-25.5,1.0,9.600000000000001,16
1864,31168.0,0.2,1.3,2.5,1.2000000000000002,3.0,12.100000000000001,-25.300000000000004,6.4,8.600000000000001,16
1865,31187.0,0.7000000000000001,1.3,2.8000000000000003,1.6,2.9000000000000004,12.4,-29.700000000000006,-1.5,6.600000000000001,16
1866,31202.0,0.8,1.2000000000000002,3.1,1.8,2.8000000000000003,12.700000000000001,-35.8,-10.200000000000001,3.9,16
1867,31218.0,0.6000000000000001,0.1,4.800000000000001,1.6,1.6,14.5,-51.2,-18.200000000000003,-4.2,16
1868,31234.0,0.1,-0.5,6.0,0.6000000000000001,-0.1,16.5,-52.900000000000006,6.4,-2.2,16
1869,31252.0,-1.2000000000000002,-1.8,6.9,-0.1,-0.6000000000000001,16.6,-41.300000000000004,26.1,6.9,16
1870,31268.0,-1.5,-2.8000000000000003,4.9,-0.5,-1.7000000000000002,14.600000000000001,-3.7000000000000006,43.1,42.5,16
1871,31285.0,0.7000000000000001,-2.5,2.6,1.6,-1.4000000000000001,12.3,31.3,8.2,89.8,16
1872,31301.0,1.5,-2.3000000000000003,2.0,2.3000000000000003,-1.2000000000000002,11.700000000000001,47.400000000000006,-22.3,107.7,16
1873,31318.0,3.4000000000000004,-1.4000000000000001,0.2,4.4,-0.1,9.9,71.7,-69.4,121.80000000000001,16
1874,31334.0,3.8000000000000003,-0.5,-1.6,5.1000000000000005,1.0,8.0,76.1,-73.8,106.1,16
1875,31351.0,3.3000000000000003,0.1,-2.9000000000000004,4.800000000000001,1.7000000000000002,6.6000000000000005,53.300000000000004,-37.6,74.89999999999999,16
1876,31368.0,2.6,0.30000000000000004,-3.0,4.3,2.0,6.5,36.8,-14.600000000000001,57.3,16
1877,31384.0,0.9,0.4,-2.8000000000000003,2.6,2.2,6.7,11.5,19.1,29.0,16
1878,31401.0,0.30000000000000004,0.30000000000000004,-2.7,2.0,2.1,6.800000000000001,6.0,23.6,20.1,16
1879,31430.0,-1.4000000000000001,-0.2,-1.9000000000000001,0.2,1.6,7.6000000000000005,10.299999999999999,4.4,18.6,16
1880,31436.0,-1.4000000000000001,-0.2,-1.9000000000000001,0.2,1.7000000000000002,7.7,15.399999999999999,-5.8,22.8,16
1881,31451.0,-1.3,0.1,-1.8,0.4,2.0,7.7,23.3,-18.3,26.9,16
1882,31468.0,-0.9,0.30000000000000004,-1.9000000000000001,0.8,2.2,7.6000000000000005,23.800000000000004,-18.700000000000003,26.700000000000003,16
1883,31484.0,-0.9,0.30000000000000004,-2.0,0.9,2.3000000000000003,7.4,20.5,-10.4,19.9,16
1884,31502.0,-1.1,0.30000000000000004,-2.0,0.7000000000000001,2.3000000000000003,7.4,16.1,-1.1,14.600000000000001,16
1885,31518.0,-1.6,0.1,-1.7000000000000002,0.2,2.1,7.7,6.699999999999999,16.3,7.500000000000001,16
1886,31535.0,-1.8,-0.1,-1.5,-0.2,1.8,8.1,2.7,21.0,7.0,16
1887,31552.0,-2.0,-0.30000000000000004,-1.1,-0.30000000000000004,1.7000000000000002,8.3,3.4,19.9,9.700000000000001,16
1888,31568.0,-1.7000000000000002,-0.1,-1.1,-0.1,1.9000000000000001,8.3,7.9,16.200000000000003,18.6,16
1889,31586.0,-1.3,0.0,-1.3,0.30000000000000004,2.0,8.200000000000001,10.0,16.4,25.7,16
1890,31603.0,-0.9,0.2,-1.0,0.7000000000000001,2.3000000000000003,8.5,4.6,21.200000000000003,27.6,16
1891,31618.0,-0.9,0.2,-0.7000000000000001,0.7000000000000001,2.3000000000000003,8.8,2.2,24.0,26.6,16
1892,31639.0,-1.1,0.1,-0.1,0.4,2.2,9.4,2.7,30.000000000000004,25.900000000000002,16
1893,31653.0,-1.0,0.0,0.0,0.30000000000000004,2.1,9.4,6.2,37.300000000000004,31.799999999999997,16
1894,31667.0,-0.8,0.1,-0.1,0.5,2.2,9.4,7.200000000000001,37.300000000000004,36.6,16
1895,31685.0,-0.6000000000000001,0.2,0.0,0.7000000000000001,2.3000000000000003,9.5,7.300000000000001,31.7,41.1,16
1896,31702.0,0.8,0.4,1.0,2.0,2.5,10.5,3.3000000000000007,7.9,42.800000000000004,16
1897,31718.0,1.1,0.5,1.1,2.3000000000000003,2.6,10.600000000000001,0.1,8.8,38.900000000000006,16
1898,31734.0,1.3,0.6000000000000001,1.1,2.6,2.9000000000000004,10.700000000000001,-15.8,23.099999999999998,24.8,16
1899,31751.0,1.1,1.1,1.5,2.3000000000000003,3.1,11.0,-28.600000000000005,33.1,15.399999999999999,16
1900,31768.0,0.2,0.8,3.1,1.3,2.7,12.700000000000001,-55.5,50.60000000000001,-1.9,16
1901,31784.0,0.0,0.30000000000000004,3.9000000000000004,1.0,2.1,13.4,-61.7,57.1,-5.7,16
1902,31801.0,-1.3,-0.2,4.6000000000000005,-0.5,1.4000000000000001,14.3,-49.9,58.5,2.1,16
1903,31819.0,-1.6,-0.30000000000000004,4.0,-1.1,1.2000000000000002,13.3,-22.700000000000003,40.2,25.1,16
1904,31835.0,-1.6,-0.30000000000000004,2.9000000000000004,-0.8,1.1,12.0,-0.5,14.0,49.300000000000004,16
1905,31851.0,-1.3,-0.30000000000000004,2.3000000000000003,-0.4,1.4000000000000001,11.4,7.300000000000001,1.8000000000000003,59.20000000000001,16
1906,31868.0,-0.30000000000000004,0.5,1.0,0.2,1.9000000000000001,10.700000000000001,14.900000000000002,-20.400000000000002,67.9,16
1907,31884.0,-0.2,0.8,1.3,0.4,2.2,11.0,13.6,-34.0,66.3,16
1908,31901.0,-0.30000000000000004,0.7000000000000001,1.6,0.4,2.2,11.3,13.3,-37.0,63.70000000000001,16
1909,31918.0,-0.5,0.2,2.6,0.4,1.7000000000000002,12.200000000000001,17.1,-38.800000000000004,60.5,16
1910,31934.0,-0.30000000000000004,-0.1,2.9000000000000004,0.7000000000000001,1.5,12.5,29.600000000000005,-40.2,59.9,16
1911,31952.0,0.2,-0.4,2.4000000000000004,1.5,1.3,12.0,45.9,-42.2,58.2,16
1912,31968.0,0.6000000000000001,-0.4,2.0,1.9000000000000001,1.3,11.5,52.60000000000001,-40.2,55.0,16
1913,31991.0,0.6000000000000001,-0.9,0.0,2.2,1.1,9.5,61.39999999999999,-17.6,31.3,16
1914,32006.0,0.2,-1.3,-0.8,1.8,0.8,8.700000000000001,59.40000000000001,-4.2,21.900000000000002,16
1915,32018.0,0.2,-1.4000000000000001,-0.7000000000000001,1.5,0.7000000000000001,8.3,56.7,9.5,14.400000000000002,16
1916,32034.0,-0.8,-1.9000000000000001,-2.2,0.7000000000000001,0.4,7.2,53.10000000000001,28.200000000000003,4.6,16
1917,32053.0,-1.3,-2.1,-2.9000000000000004,0.1,0.30000000000000004,6.300000000000001,52.2,31.3,3.3000000000000007,16
1918,32068.0,-1.4000000000000001,-2.2,-3.1,0.1,0.30000000000000004,6.300000000000001,52.00000000000001,31.099999999999998,4.9,16
1919,32085.0,-1.5,-2.1,-3.7,-0.2,0.9,5.4,50.2,13.100000000000001,13.000000000000002,16
1920,32107.0,-1.6,-1.7000000000000002,-4.0,-0.30000000000000004,1.2000000000000002,5.300000000000001,43.1,2.1,14.5,16
1921,32117.0,-1.7000000000000002,-1.5,-3.9000000000000004,-0.4,1.4000000000000001,5.4,37.400000000000006,0.8,14.300000000000002,16
1922,32134.0,-1.9000000000000001,-1.4000000000000001,-3.4000000000000004,-0.5,1.7000000000000002,5.800000000000001,23.800000000000004,1.7,12.5,16
1923,32152.0,-1.9000000000000001,-1.4000000000000001,-2.6,-0.6000000000000001,1.7000000000000002,6.9,11.4,2.7,11.4,16
1924,32170.0,-2.0,-1.4000000000000001,-1.4000000000000001,-0.7000000000000001,1.7000000000000002,7.800000000000001,7.6,2.9,11.8,16
1925,32185.0,-2.0,-1.6,-0.5,-0.7000000000000001,1.6,8.700000000000001,4.800000000000001,1.6,14.800000000000002,16
1926,32201.0,-1.9000000000000001,-1.5,-0.2,-0.5,1.6,9.0,6.8,1.0,17.9,16
1927,32218.0,-1.6,-1.1,-0.2,-0.2,2.1,9.0,12.600000000000001,-0.7,22.000000000000004,16
1928,32235.0,-1.4000000000000001,-0.9,-0.5,0.2,2.5,8.4,9.100000000000001,-0.4,21.1,16
1929,32253.0,-1.0,-0.4,-0.6000000000000001,0.4,2.8000000000000003,8.6,-5.4,1.5,15.399999999999999,16
1930,32268.0,-0.9,-0.30000000000000004,-0.30000000000000004,0.5,2.9000000000000004,8.9,-13.200000000000003,3.1,11.700000000000001,16
1931,32285.0,-0.9,-0.2,-0.30000000000000004,0.6000000000000001,3.2,8.6,-29.700000000000006,14.0,4.800000000000001,16
1932,32302.0,-0.8,0.2,-0.8,0.6000000000000001,3.3000000000000003,8.4,-41.4,21.300000000000004,-0.8,16
1933,32318.0,-0.8,0.6000000000000001,-0.9,0.30000000000000004,3.6,9.200000000000001,-82.0,15.2,-17.0,16
1934,32335.0,-1.5,0.5,1.9000000000000001,-1.0,2.1,13.5,-117.60000000000001,5.0,-34.2,16
1935,32355.0,-4.1000000000000005,-2.2,8.0,-2.9000000000000004,0.0,17.5,-104.50000000000001,31.099999999999998,-12.9,16
1936,32368.0,-4.4,-2.7,7.7,-3.2,-0.6000000000000001,17.2,-93.2,41.7,0.6000000000000001,16
1937,32384.0,-4.2,-2.6,7.1000000000000005,-3.1,-0.6000000000000001,16.6,-65.89999999999999,55.8,29.0,16
1938,32407.0,0.6000000000000001,-0.6000000000000001,2.1,1.5,1.1,11.700000000000001,17.9,32.1,120.9,16
1939,32418.0,0.6000000000000001,-0.6000000000000001,2.1,2.1,1.5,10.9,40.300000000000004,5.8,138.10000000000002,16
1940,32434.0,3.3000000000000003,1.0,-0.8,4.2,2.9000000000000004,8.700000000000001,58.0,-37.2,139.0,16
1941,32451.0,3.8000000000000003,1.5,-1.4000000000000001,4.800000000000001,3.4000000000000004,8.1,42.5,-42.3,107.7,16
1942,32468.0,3.4000000000000004,1.5,-1.2000000000000002,4.7,3.5,8.3,27.099999999999998,-30.9,86.60000000000001,16
1943,32484.0,3.0,1.1,-0.6000000000000001,3.4000000000000004,2.5,9.8,-0.7,6.9,49.300000000000004,16
1944,32502.0,1.4000000000000001,0.2,0.6000000000000001,2.9000000000000004,2.2,10.100000000000001,-6.2,24.3,36.2,16
1945,32517.0,0.0,-0.8,0.8,1.3,1.2000000000000002,10.3,3.3000000000000007,39.2,28.500000000000004,16
1946,32534.0,-0.4,-0.8,-0.5,0.8,1.3,9.0,25.6,28.600000000000005,36.6,16
1947,32553.0,-0.30000000000000004,-0.7000000000000001,-1.3,1.0,1.6,7.4,38.1,10.4,40.800000000000004,16
1948,32568.0,0.0,-0.2,-2.9000000000000004,1.1,1.9000000000000001,6.6000000000000005,36.5,6.300000000000001,39.2,16
1949,32584.0,-0.1,-0.1,-3.2,1.1,2.2,6.2,19.1,10.5,28.600000000000005,16
1950,32601.0,-0.30000000000000004,-0.2,-3.1,0.9,2.1,6.4,7.500000000000001,15.000000000000002,22.2,16
1951,32622.0,-0.9,-0.5,-1.9000000000000001,0.2,1.8,7.6000000000000005,-9.899999999999999,16.4,14.200000000000001,16
1952,32635.0,-1.2000000000000002,-0.8,-0.9,-0.1,1.2000000000000002,9.0,-9.700000000000001,7.500000000000001,17.1,16
1953,32651.0,-1.1,-1.2000000000000002,0.1,0.1,1.0,9.600000000000001,1.6,3.1,29.300000000000004,16
1954,32670.0,-0.5,-1.0,0.0,0.6000000000000001,1.2000000000000002,9.5,9.2,3.4,34.900000000000006,16
1955,32686.0,0.1,-0.4,-1.3,1.3,1.8,8.1,19.6,8.5,37.400000000000006,16
1956,32702.0,0.1,-0.5,-1.3,1.4000000000000001,2.0,7.7,17.799999999999997,12.4,34.400000000000006,16
1957,32718.0,0.30000000000000004,0.0,-2.2,1.3,2.4000000000000004,7.2,4.6,21.400000000000002,25.7,16
1958,32734.0,0.0,0.0,-1.8,0.9,2.2,8.0,-8.700000000000001,24.200000000000003,19.9,16
1959,32751.0,-0.4,-0.1,-0.6000000000000001,0.6000000000000001,2.1,9.1,-6.2,17.7,22.000000000000004,16
1960,32770.0,-0.4,-0.2,-0.2,0.6000000000000001,2.1,9.3,-0.7,13.700000000000001,24.200000000000003,16
1961,32784.0,0.0,0.2,-0.5,1.0,2.4000000000000004,8.9,5.8,8.4,29.600000000000005,16
1962,32801.0,0.30000000000000004,0.4,-0.5,1.2000000000000002,2.7,9.0,2.5,6.600000000000001,29.400000000000002,16
1963,32818.0,0.8,0.9,0.4,1.7000000000000002,3.1,9.9,-5.300000000000001,5.0,25.4,16
1964,32834.0,0.8,0.9,1.3,1.8,3.1,10.8,-13.100000000000001,5.6,16.8,16
1965,32851.0,0.9,0.9,1.6,1.9000000000000001,3.1,11.100000000000001,-15.399999999999999,10.200000000000001,13.3,16
1966,32869.0,0.8,1.5,0.6000000000000001,1.7000000000000002,3.6,10.100000000000001,-17.300000000000004,17.400000000000002,6.300000000000001,16
1967,32884.0,0.9,1.2000000000000002,2.2,1.8,3.3000000000000003,11.700000000000001,-48.6,-7.300000000000001,-9.700000000000001,16
1968,32901.0,0.9,1.3,2.2,1.4000000000000001,2.5,13.700000000000001,-70.0,-22.8,-20.400000000000002,16
1969,32917.0,-1.1,-1.8,8.200000000000001,-0.2,-0.1,17.8,-81.0,-18.900000000000002,-29.600000000000005,16
1970,32934.0,-2.0,-2.4000000000000004,7.800000000000001,-1.1,-0.9,17.5,-37.800000000000004,28.600000000000005,1.7,16
1971,32951.0,-1.7000000000000002,-1.5,3.7,-0.9,-0.1,13.4,18.3,45.2,40.0,16
1972,32969.0,-0.9,-0.8,1.5,-0.2,0.7000000000000001,11.200000000000001,35.699999999999996,35.5,55.7,16
1973,32985.0,0.4,0.30000000000000004,-1.1,1.1,1.9000000000000001,8.6,46.800000000000004,-1.9,68.2,16
1974,33001.0,0.7000000000000001,0.5,-1.6,1.5,2.2,8.1,41.300000000000004,-20.2,66.5,16
1975,33019.0,1.1,0.6000000000000001,-1.6,1.9000000000000001,2.4000000000000004,8.0,16.700000000000003,-36.0,52.5,16
1976,33034.0,0.6000000000000001,0.2,-0.1,1.6,2.0,9.5,-13.100000000000001,-23.900000000000006,33.800000000000004,16
1977,33052.0,-0.4,-0.30000000000000004,1.1,0.7000000000000001,1.4000000000000001,10.700000000000001,-26.400000000000006,-2.8,20.0,16
1978,33076.0,-1.3,-0.8,1.7000000000000002,-0.2,0.8,11.3,-23.700000000000003,12.7,17.9,16
1979,33085.0,-1.8,-1.0,1.7000000000000002,-0.7000000000000001,0.6000000000000001,11.3,-16.0,15.6,20.900000000000002,16
1980,33103.0,-1.7000000000000002,-1.0,1.7000000000000002,-0.9,0.5,11.100000000000001,-5.4,15.8,26.700000000000003,16
1981,33117.0,-1.9000000000000001,-0.9,0.2,-0.9,0.6000000000000001,9.8,15.700000000000001,4.9,41.199999999999996,16
1982,33134.0,-1.5,-0.8,-0.9,-0.4,0.8,8.8,28.0,-11.6,52.1,16
1983,33157.0,-1.1,-0.9,-1.3,0.1,0.8,8.1,30.799999999999997,-16.200000000000003,57.9,16
1984,33169.0,-0.7000000000000001,-0.8,-1.5,0.5,0.9,8.0,30.699999999999996,-15.700000000000001,58.7,16
1985,33184.0,-0.4,-0.9,-1.7000000000000002,0.9,0.9,7.800000000000001,33.7,-11.700000000000001,56.400000000000006,16
1986,33201.0,-0.30000000000000004,-0.9,-1.9000000000000001,0.9,0.9,7.7,36.0,-9.600000000000001,54.4,16
1987,33217.0,-0.2,-0.9,-2.5,1.1,0.9,7.1000000000000005,38.1,-7.400000000000001,50.2,16
1988,33234.0,0.0,-0.9,-2.7,1.4000000000000001,1.1,6.800000000000001,37.300000000000004,-7.6,47.400000000000006,16
1989,33253.0,0.0,-0.7000000000000001,-3.0,1.4000000000000001,1.4000000000000001,6.5,31.400000000000002,-9.899999999999999,35.0,16
1990,33268.0,-0.1,-0.6000000000000001,-3.0,1.3,1.5,6.4,27.0,-8.600000000000001,28.600000000000005,16
1991,33286.0,-0.8,-0.4,-2.8000000000000003,0.7000000000000001,1.8,6.7,14.400000000000002,0.1,15.2,16
1992,33301.0,-0.8,-0.4,-2.8000000000000003,0.4,1.8,7.0,6.500000000000001,4.800000000000001,9.5,16
1993,33317.0,-1.6,-0.6000000000000001,-1.2000000000000002,-0.1,1.6,8.3,-5.8,6.0,3.9,16
1994,33335.0,-1.6,-0.9,0.2,-0.1,1.3,9.600000000000001,-7.9,-3.8,6.600000000000001,16
1995,33351.0,-1.0,-0.9,1.0,0.9,1.3,10.8,-6.1000000000000005,-12.0,10.4,16
1996,33371.0,-0.1,-0.9,1.7000000000000002,1.5,1.3,11.100000000000001,2.0,-28.200000000000003,15.2,16
1997,33384.0,0.8,-0.7000000000000001,1.6,2.5,1.5,11.0,5.9,-27.6,11.700000000000001,16
1998,33401.0,1.3,-0.6000000000000001,1.3,3.0,1.6,10.700000000000001,2.7,-21.6,6.4,16
1999,33418.0,1.7000000000000002,0.1,0.30000000000000004,3.5,2.2,9.700000000000001,-15.8,1.5,-14.800000000000002,16
2000,33435.0,0.6000000000000001,0.2,0.2,2.3000000000000003,2.3000000000000003,9.600000000000001,-53.7,22.3,-45.099999999999994,16
2001,33451.0,-0.30000000000000004,0.0,1.9000000000000001,0.9,1.4000000000000001,12.5,-93.10000000000001,21.400000000000002,-66.4,16
2002,33471.0,-1.9000000000000001,-1.9000000000000001,5.300000000000001,-0.30000000000000004,-0.2,14.8,-103.89999999999999,21.6,-70.0,16
2003,33486.0,-2.6,-3.1,7.5,-1.2000000000000002,-1.7000000000000002,17.0,-106.5,43.50000000000001,-48.9,16
2004,33504.0,-1.8,-3.4000000000000004,7.7,-0.5,-2.3000000000000003,17.400000000000002,-70.4,56.300000000000004,3.9,16
2005,33520.0,-1.0,-3.3000000000000003,7.300000000000001,0.2,-2.3000000000000003,17.0,-41.6,45.8,30.799999999999997,16
2006,33534.0,0.6000000000000001,-2.9000000000000004,6.0,2.6,-1.6,14.600000000000001,22.6,5.300000000000001,78.2,16
2007,33553.0,3.0,-1.9000000000000001,2.8000000000000003,5.0,-0.7000000000000001,11.4,65.89999999999999,-32.300000000000004,97.10000000000001,16
2008,33567.0,4.800000000000001,-1.0,-0.30000000000000004,6.0,0.0,9.4,74.60000000000001,-41.50000000000001,93.10000000000001,16
2009,33584.0,5.2,-0.7000000000000001,-2.3000000000000003,6.5,0.6000000000000001,7.300000000000001,67.10000000000001,-36.300000000000004,65.10000000000001,16
2010,33614.0,4.0,-0.8,-2.8000000000000003,5.6000000000000005,0.8,6.800000000000001,17.400000000000002,-7.500000000000001,10.4,16
2011,33618.0,4.0,-0.8,-2.8000000000000003,5.6000000000000005,0.8,6.800000000000001,17.400000000000002,-7.500000000000001,10.4,16
2012,33635.0,2.7,-1.2000000000000002,-2.0,4.3,0.4,7.6000000000000005,-0.8,9.8,-15.000000000000002,16
2013,33651.0,1.9000000000000001,-1.4000000000000001,-1.9000000000000001,2.8000000000000003,0.1,7.6000000000000005,5.4,14.100000000000001,-24.400000000000002,16
2014,33669.0,0.6000000000000001,-1.5,-2.3000000000000003,2.1,0.1,7.2,12.299999999999999,10.700000000000001,-23.800000000000004,16
2015,33685.0,0.6000000000000001,-1.5,-2.3000000000000003,1.9000000000000001,0.2,6.9,19.700000000000003,5.1000000000000005,-21.6,16
2016,33701.0,0.5,-1.0,-3.7,1.9000000000000001,0.7000000000000001,5.800000000000001,25.4,-4.800000000000001,-19.400000000000002,16
2017,33718.0,0.6000000000000001,-0.7000000000000001,-4.2,2.0,1.2000000000000002,5.2,17.5,-6.1000000000000005,-24.5,16
2018,33734.0,0.30000000000000004,-0.6000000000000001,-4.0,1.7000000000000002,1.2000000000000002,5.5,0.1,-1.9,-35.2,16
2019,33751.0,0.0,-0.7000000000000001,-3.7,1.2000000000000002,1.2000000000000002,6.0,-6.2,-0.1,-38.900000000000006,16
2020,33767.0,-0.5,-0.7000000000000001,-3.3000000000000003,0.9,1.1,6.300000000000001,-11.000000000000002,0.6000000000000001,-41.1,16
2021,33784.0,-0.5,-0.4,-3.0,0.9,1.4000000000000001,6.5,-11.8,-1.8000000000000003,-35.599999999999994,16
2022,33801.0,-0.4,-0.2,-2.9000000000000004,1.0,1.6,6.6000000000000005,-13.000000000000002,-4.0,-32.8,16
2023,33818.0,-0.2,0.2,-2.4000000000000004,1.2000000000000002,2.0,7.2,-17.1,-5.7,-33.2,16
2024,33834.0,-0.4,0.4,-1.9000000000000001,0.9,2.2,7.6000000000000005,-21.300000000000004,-0.1,-36.300000000000004,16
2025,33853.0,-0.7000000000000001,0.4,-1.7000000000000002,0.7000000000000001,2.1,7.9,-22.4,3.6000000000000005,-36.8,16
2026,33869.0,-1.1,0.6000000000000001,-1.2000000000000002,0.30000000000000004,2.2,8.4,-23.700000000000003,8.100000000000001,-32.400000000000006,16
2027,33884.0,-0.9,0.7000000000000001,0.0,0.30000000000000004,2.3000000000000003,9.5,-23.700000000000003,0.8,-21.7,16
2028,33901.0,-0.9,0.8,0.7000000000000001,0.30000000000000004,2.4000000000000004,10.3,-22.700000000000003,-7.9,-15.8,16
2029,33918.0,-0.2,0.8,2.6,1.1,2.3000000000000003,12.200000000000001,-14.5,-22.8,-0.8,16
2030,33934.0,0.9,1.0,3.4000000000000004,2.3000000000000003,2.5,13.0,3.5,-25.200000000000003,9.100000000000001,16
2031,33953.0,1.6,1.4000000000000001,2.5,3.0,2.9000000000000004,12.0,19.9,-10.700000000000001,7.6,16
2032,33974.0,1.8,2.0,0.1,3.2,3.6,9.700000000000001,11.8,4.4,-6.500000000000001,16
2033,33989.0,1.8,2.2,-0.4,3.2,3.8000000000000003,9.200000000000001,-10.8,1.4,-17.0,16
2034,34001.0,1.6,1.0,3.2,3.1,2.5,12.8,-71.7,-15.700000000000001,-43.300000000000004,16
2035,34017.0,1.1,-0.2,5.5,2.6,1.2000000000000002,15.100000000000001,-88.9,-16.5,-53.10000000000001,16
2036,34035.0,-0.5,-2.2,9.3,1.0,-1.1,19.0,-80.0,1.1,-43.4,16
2037,34051.0,-1.2000000000000002,-2.8000000000000003,9.0,0.30000000000000004,-1.9000000000000001,18.7,-40.2,15.100000000000001,-16.200000000000003,16
2038,34068.0,-0.9,-2.3000000000000003,6.5,0.5,-1.4000000000000001,16.2,-5.500000000000001,17.1,5.500000000000001,16
2039,34084.0,0.2,-1.4000000000000001,3.1,1.6,-0.6000000000000001,12.8,51.70000000000001,-1.5,44.10000000000001,16
2040,34102.0,1.2000000000000002,-0.6000000000000001,0.0,2.6,0.4,9.600000000000001,75.00000000000001,-29.0,57.60000000000001,16
2041,34118.0,1.5,-0.4,-0.9,3.0,0.7000000000000001,8.700000000000001,74.80000000000001,-37.9,57.3,16
2042,34135.0,2.0,-0.30000000000000004,-1.9000000000000001,3.7,1.0,7.7,58.1,-43.2,46.199999999999996,16
2043,34154.0,1.7000000000000002,-0.30000000000000004,-1.9000000000000001,3.5,1.2000000000000002,7.6000000000000005,35.699999999999996,-36.0,24.1,16
2044,34176.0,0.5,-0.6000000000000001,-1.3,2.5,1.0,8.1,15.299999999999999,-20.1,1.3,16
2045,34186.0,0.5,-0.6000000000000001,-1.3,2.5,1.0,8.1,15.299999999999999,-20.1,1.3,16
2046,34201.0,-1.4000000000000001,-0.9,-0.9,0.6000000000000001,0.7000000000000001,8.6,3.1,2.6,-13.3,16
2047,34218.0,-1.8,-0.9,-1.0,0.2,0.7000000000000001,8.5,4.7,5.8,-12.5,16
2048,34241.0,-2.4000000000000004,-0.9,-1.2000000000000002,-0.5,0.9,8.0,15.000000000000002,-2.4000000000000004,-1.8000000000000003,16
2049,34253.0,-2.5,-0.8,-1.5,-0.5,0.9,8.0,16.900000000000002,-9.3,3.0,16
2050,34270.0,-2.4000000000000004,-0.7000000000000001,-1.5,-0.30000000000000004,1.1,8.1,16.8,-19.300000000000004,12.0,16
2051,34284.0,-2.0,-0.7000000000000001,-0.9,0.1,1.1,8.5,17.200000000000003,-20.3,15.6,16
2052,34302.0,-1.9000000000000001,-0.6000000000000001,-0.8,0.2,1.2000000000000002,8.6,19.799999999999997,-17.6,18.3,16
2053,34318.0,-1.8,-0.6000000000000001,-1.0,0.30000000000000004,1.4000000000000001,8.200000000000001,28.900000000000002,-5.4,21.300000000000004,16
2054,34334.0,-1.8,-0.6000000000000001,-1.6,0.6000000000000001,1.5,7.4,35.1,3.7000000000000006,23.900000000000006,16
2055,34351.0,-1.2000000000000002,0.0,-2.7,1.0,2.0,6.6000000000000005,34.0,2.4000000000000004,21.6,16
2056,34370.0,-1.1,0.2,-3.0,1.1,2.3000000000000003,6.300000000000001,29.400000000000002,-0.9000000000000001,17.6,16
2057,34385.0,-1.1,0.0,-2.2,1.1,2.2,7.1000000000000005,13.200000000000003,-2.4000000000000004,8.3,16
2058,34402.0,-1.0,0.0,-1.7000000000000002,1.2000000000000002,2.2,7.6000000000000005,8.700000000000001,1.8000000000000003,4.800000000000001,16
2059,34418.0,-1.2000000000000002,-0.2,-1.3,0.9,2.0,8.0,9.5,10.200000000000001,0.8,16
2060,34434.0,-1.4000000000000001,-0.1,-1.3,0.8,2.1,8.0,12.9,13.6,1.5,16
2061,34451.0,-1.1,-0.2,-0.9,1.1,2.1,8.4,12.600000000000001,3.0,3.8,16
2062,34469.0,-0.6000000000000001,-0.2,-0.4,1.5,2.2,8.9,11.3,-4.7,4.5,16
2063,34490.0,0.1,-0.30000000000000004,0.8,2.3000000000000003,2.1,10.100000000000001,-1.6,-17.6,-2.3,16
2064,34503.0,0.1,-0.2,1.5,2.3000000000000003,2.1,10.700000000000001,-7.1000000000000005,-13.000000000000002,-5.7,16
2065,34524.0,0.0,-0.1,2.2,2.2,2.2,11.5,-14.200000000000001,7.200000000000001,-9.600000000000001,16
2066,34534.0,0.0,0.0,2.3000000000000003,2.2,2.3000000000000003,11.600000000000001,-13.3,17.200000000000003,-9.700000000000001,16
2067,34551.0,0.1,0.30000000000000004,1.8,2.2,2.7,10.700000000000001,-3.5,22.5,-7.6,16
2068,34568.0,0.2,0.6000000000000001,0.9,2.3000000000000003,2.9000000000000004,10.200000000000001,-1.6,17.1,-5.9,16
2069,34595.0,0.9,0.8,1.0,3.3000000000000003,3.0,10.700000000000001,-12.299999999999999,-4.0,-5.1000000000000005,16
2070,34601.0,1.6,0.6000000000000001,1.8,3.7,2.8000000000000003,11.100000000000001,-15.2,-7.500000000000001,-8.100000000000001,16
2071,34618.0,1.8,0.5,2.0,3.8000000000000003,2.7,11.4,-19.1,-10.5,-12.600000000000001,16
2072,34635.0,1.8,-0.5,3.0,3.9000000000000004,1.6,12.3,-32.6,-9.8,-25.200000000000003,16
2073,34651.0,0.7000000000000001,-2.2,4.800000000000001,2.7,-0.2,14.100000000000001,-42.60000000000001,8.600000000000001,-30.200000000000003,16
2074,34668.0,0.1,-3.0,5.2,2.1,-1.0,14.600000000000001,-38.2,21.1,-21.6,16
2075,34684.0,0.8,-3.6,4.6000000000000005,2.8000000000000003,-1.7000000000000002,14.0,-10.1,28.400000000000002,11.2,16
2076,34703.0,2.4000000000000004,-2.6,2.1,4.3,-0.7000000000000001,11.5,28.0,-0.30000000000000004,34.900000000000006,16
2077,34717.0,3.0,-2.2,0.8,4.9,-0.30000000000000004,10.200000000000001,39.2,-17.6,36.2,16
2078,34734.0,3.0,-1.7000000000000002,-0.5,5.2,0.5,8.1,34.50000000000001,-31.0,22.4,16
2079,34751.0,2.4000000000000004,-1.2000000000000002,-1.9000000000000001,4.5,0.9,7.5,11.2,-11.1,1.3,16
2080,34783.0,0.5,-1.4000000000000001,-2.4000000000000004,2.6,0.8,7.0,-1.6,22.700000000000003,-17.5,16
2081,34801.0,-0.1,-1.2000000000000002,-3.1,1.9000000000000001,1.0,6.2,4.800000000000001,29.400000000000002,-20.8,16
2082,34818.0,-0.4,-0.7000000000000001,-4.1000000000000005,1.5,1.5,5.2,8.3,26.000000000000004,-19.5,16
2083,34846.0,-0.1,-0.2,-4.5,1.7000000000000002,2.0,4.9,6.9,0.30000000000000004,-17.7,16
2084,34851.0,0.0,0.0,-4.5,1.8,2.2,4.9,2.5,-7.200000000000001,-20.5,16
2085,34867.0,0.0,0.2,-4.2,1.8,2.4000000000000004,5.1000000000000005,-3.8,-12.4,-24.900000000000002,16
2086,34885.0,-0.30000000000000004,0.0,-2.8000000000000003,1.5,2.2,6.5,-18.6,-11.000000000000002,-37.800000000000004,16
2087,34901.0,-0.6000000000000001,-0.1,-2.5,1.3,2.1,6.9,-23.3,-2.4000000000000004,-42.800000000000004,16
2088,34917.0,-1.5,-0.2,-1.7000000000000002,0.30000000000000004,1.9000000000000001,7.7,-23.900000000000006,24.599999999999998,-40.5,16
2089,34934.0,-1.6,-0.1,-1.9000000000000001,0.1,2.0,7.6000000000000005,-20.7,24.1,-36.6,16
2090,34951.0,-1.6,0.30000000000000004,-1.8,0.0,2.4000000000000004,7.6000000000000005,-21.300000000000004,12.4,-27.700000000000003,16
2091,34972.0,-1.5,0.4,-1.2000000000000002,0.1,2.5,8.9,-26.5,5.8,-20.2,16
2092,34984.0,-1.6,0.4,0.30000000000000004,-0.1,2.4000000000000004,9.8,-26.000000000000004,6.4,-17.1,16
2093,35001.0,-1.8,0.0,1.1,-0.30000000000000004,1.9000000000000001,10.600000000000001,-18.200000000000003,15.899999999999999,-5.300000000000001,16
2094,35017.0,-1.6,-0.1,1.2000000000000002,-0.2,1.8,10.700000000000001,-12.200000000000001,21.7,4.0,16
2095,35034.0,-0.8,-0.2,1.0,1.0,1.8,10.5,-0.4,17.7,24.200000000000003,16
2096,35051.0,1.1,0.4,0.8,2.5,2.3000000000000003,10.4,2.4000000000000004,-8.0,31.099999999999998,16
2097,35069.0,2.2,0.9,1.7000000000000002,3.7,2.7,11.3,-6.500000000000001,-23.6,21.8,16
2098,35084.0,2.6,1.0,2.4000000000000004,4.1000000000000005,2.8000000000000003,12.0,-10.200000000000001,-19.300000000000004,12.299999999999999,16
2099,35101.0,2.3000000000000003,1.0,2.3000000000000003,3.8000000000000003,2.8000000000000003,11.8,-16.0,12.0,-9.0,16
2100,35118.0,2.0,1.0,1.8,3.5,2.7,11.3,-23.0,29.500000000000004,-17.5,16
2101,35138.0,1.6,0.8,2.1,3.0,2.4000000000000004,11.700000000000001,-42.60000000000001,36.2,-26.000000000000004,16
2102,35151.0,1.5,-0.1,4.5,2.8000000000000003,1.4000000000000001,14.100000000000001,-60.00000000000001,12.100000000000001,-33.800000000000004,16
2103,35168.0,1.3,-1.7000000000000002,6.6000000000000005,2.5,-0.4,16.3,-54.300000000000004,-2.9,-31.7,16
2104,35185.0,1.3,-1.6,6.6000000000000005,2.3000000000000003,-1.0,16.7,-42.60000000000001,1.0,-25.1,16
2105,35201.0,1.1,-2.0,5.1000000000000005,2.3000000000000003,-0.9,14.700000000000001,-4.4,19.5,-5.9,16
2106,35217.0,1.4000000000000001,-1.7000000000000002,3.6,2.6,-0.6000000000000001,13.3,12.8,23.6,3.2,16
2107,35234.0,1.9000000000000001,-1.5,1.9000000000000001,3.2,-0.1,10.600000000000001,30.5,15.2,11.900000000000002,16
2108,35251.0,2.2,-1.3,-0.2,3.2,0.0,9.200000000000001,25.6,-3.2,7.699999999999999,16
2109,35270.0,1.8,-1.8,-0.30000000000000004,2.9000000000000004,-0.4,9.3,11.2,-17.5,1.9,16
2110,35289.0,1.6,-2.2,0.30000000000000004,2.7,-0.8,9.9,6.600000000000001,-23.099999999999998,1.2000000000000002,16
2111,35301.0,1.5,-2.2,0.2,2.6,-0.8,9.8,7.9,-23.5,1.8000000000000003,16
2112,35323.0,1.4000000000000001,-2.0,-0.1,2.7,-0.6000000000000001,9.5,9.3,-23.700000000000003,3.4,16
2113,35336.0,1.3,-2.0,-0.1,2.7,-0.5,9.4,9.5,-23.6,3.4,16
2114,35351.0,1.3,-1.7000000000000002,-0.5,2.7,-0.30000000000000004,9.1,13.700000000000001,-22.5,2.4000000000000004,16
2115,35367.0,1.3,-1.5,-0.9,2.7,-0.1,8.700000000000001,17.1,-21.900000000000002,1.0,16
2116,35384.0,1.3,-1.2000000000000002,-1.8,2.8000000000000003,0.30000000000000004,7.800000000000001,22.2,-19.0,-3.6000000000000005,16
2117,35401.0,1.1,-1.0,-2.4000000000000004,2.7,0.6000000000000001,7.2,21.300000000000004,-14.800000000000002,-11.6,16
2118,35419.0,0.8,-0.8,-2.7,2.4000000000000004,0.8,6.800000000000001,13.900000000000002,-11.5,-21.1,16
2119,35434.0,0.6000000000000001,-0.8,-2.7,2.2,0.9,6.800000000000001,10.1,-11.3,-25.6,16
2120,35451.0,0.1,-0.8,-2.4000000000000004,1.7000000000000002,0.9,7.1000000000000005,6.600000000000001,-12.9,-31.799999999999997,16
2121,35473.0,-0.2,-0.8,-2.2,1.5,0.9,7.300000000000001,7.1000000000000005,-15.399999999999999,-34.1,16
2122,35486.0,-0.2,-0.7000000000000001,-2.2,1.5,1.2000000000000002,7.4,5.9,-15.000000000000002,-35.8,16
2123,35501.0,-0.1,-0.4,-2.1,1.6,1.5,7.4,4.5,-13.399999999999999,-38.0,16
2124,35518.0,-0.1,-0.4,-2.1,1.5,1.6,7.300000000000001,2.5,-11.5,-41.0,16
2125,35544.0,-0.2,-0.30000000000000004,-2.2,1.4000000000000001,1.6,7.300000000000001,-4.4,-5.4,-48.300000000000004,16
2126,35551.0,-0.5,-0.30000000000000004,-2.0,1.1,1.6,7.6000000000000005,-12.7,1.6,-52.7,16
2127,35572.0,-0.9,-0.2,-1.7000000000000002,0.6000000000000001,1.7000000000000002,8.1,-18.1,4.800000000000001,-53.2,16
2128,35584.0,-1.2000000000000002,-0.1,-1.2000000000000002,0.4,1.7000000000000002,8.3,-19.9,5.7,-51.4,16
2129,35602.0,-1.3,0.0,-0.30000000000000004,0.30000000000000004,1.8,9.3,-23.700000000000003,5.4,-46.199999999999996,16
2130,35618.0,-1.3,0.1,0.0,0.30000000000000004,1.9000000000000001,9.5,-23.400000000000002,3.9,-42.3,16
2131,35634.0,-1.1,0.4,0.6000000000000001,0.5,2.1,10.200000000000001,-16.700000000000003,-1.3,-33.800000000000004,16
2132,35651.0,-0.7000000000000001,0.6000000000000001,0.9,1.2000000000000002,2.5,10.5,-9.4,-4.7,-27.0,16
2133,35672.0,0.4,1.1,0.7000000000000001,1.9000000000000001,2.8000000000000003,10.3,-6.9,2.4000000000000004,-26.700000000000003,16
2134,35685.0,0.7000000000000001,1.3,0.5,2.2,3.0,10.100000000000001,-8.5,8.3,-29.900000000000006,16
2135,35701.0,0.6000000000000001,1.2000000000000002,0.30000000000000004,2.0,2.9000000000000004,9.9,-15.000000000000002,20.8,-40.5,16
2136,35717.0,0.5,1.2000000000000002,0.2,1.8,2.9000000000000004,9.8,-18.5,27.700000000000003,-44.6,16
2137,35734.0,0.30000000000000004,1.4000000000000001,-0.2,1.4000000000000001,3.2,9.200000000000001,-28.700000000000003,38.7,-48.300000000000004,16
2138,35754.0,0.0,1.6,-0.4,0.9,3.1,9.3,-43.800000000000004,41.199999999999996,-54.1,16
2139,35768.0,-0.6000000000000001,1.4000000000000001,0.0,-0.30000000000000004,2.3000000000000003,10.600000000000001,-65.10000000000001,42.400000000000006,-57.800000000000004,16
2140,35784.0,-1.9000000000000001,0.1,2.4000000000000004,-1.0,1.4000000000000001,12.100000000000001,-71.6,40.4,-52.900000000000006,16
2141,35804.0,-2.6,-1.2000000000000002,4.4,-1.9000000000000001,-0.1,14.100000000000001,-63.599999999999994,32.5,-25.200000000000003,16
2142,35819.0,-0.8,-2.3000000000000003,5.1000000000000005,-0.2,-1.3,14.9,-50.900000000000006,27.6,-1.3,16
2143,35834.0,0.4,-2.2,5.1000000000000005,0.9,-1.3,14.8,-13.700000000000001,-4.300000000000001,51.9,16
2144,35851.0,3.8000000000000003,-1.4000000000000001,4.800000000000001,4.5,-0.5,14.5,18.4,-57.60000000000001,76.60000000000001,16
2145,35873.0,5.300000000000001,-1.2000000000000002,4.6000000000000005,6.2,-0.30000000000000004,14.4,33.400000000000006,-66.9,60.7,16
2146,35886.0,6.0,-1.5,3.9000000000000004,7.1000000000000005,-0.6000000000000001,13.600000000000001,38.2,-44.9,41.800000000000004,16
2147,35900.0,4.5,-1.9000000000000001,1.2000000000000002,5.6000000000000005,-0.8,10.9,41.7,22.3,2.4000000000000004,16
2148,35917.0,3.7,-2.2,-0.1,4.0,-1.1,8.200000000000001,39.599999999999994,49.50000000000001,-10.600000000000001,16
2149,35934.0,3.1,-2.4000000000000004,-1.5,3.5,-1.1,7.4,32.300000000000004,65.3,-24.599999999999998,16
2150,35951.0,2.3000000000000003,-2.5,-3.1,2.7,-0.9,6.5,23.400000000000002,30.599999999999998,-32.400000000000006,16
2151,35967.0,1.7000000000000002,-2.4000000000000004,-2.9000000000000004,2.3000000000000003,-1.1,7.1000000000000005,13.3,-9.2,-35.2,16
2152,35984.0,1.6,-2.6,-1.7000000000000002,2.2,-1.1,7.9,10.600000000000001,-15.8,-36.2,16
2153,36001.0,1.2000000000000002,-2.5,-1.8,1.9000000000000001,-1.0,7.9,8.8,-1.3,-39.2,16
2154,36017.0,0.7000000000000001,-2.0,-2.3000000000000003,1.3,-0.5,7.300000000000001,4.4,18.900000000000002,-40.0,16
2155,36034.0,0.7000000000000001,-2.1,-2.3000000000000003,1.0,-0.30000000000000004,7.1000000000000005,2.1,26.700000000000003,-40.300000000000004,16
2156,36051.0,0.1,-1.5,-3.1,0.6000000000000001,0.1,6.6000000000000005,1.2000000000000002,27.2,-37.50000000000001,16
2157,36067.0,0.0,-1.0,-3.3000000000000003,0.30000000000000004,0.6000000000000001,6.300000000000001,-4.9,13.900000000000002,-32.1,16
2158,36084.0,0.1,-0.5,-3.2,0.4,1.0,6.5,-9.2,6.8,-29.0,16
2159,36101.0,0.4,-0.1,-2.4000000000000004,0.7000000000000001,1.4000000000000001,7.300000000000001,-18.4,-3.8,-24.900000000000002,16
2160,36117.0,0.6000000000000001,0.2,-1.6,0.9,1.6,8.1,-24.200000000000003,-6.500000000000001,-26.799999999999997,16
2161,36134.0,0.6000000000000001,0.2,-1.6,0.7000000000000001,1.7000000000000002,8.5,-25.7,-4.0,-28.800000000000004,16
2162,36159.0,0.30000000000000004,0.5,0.0,0.6000000000000001,1.8,9.700000000000001,-23.0,4.4,-27.3,16
2163,36168.0,0.4,0.6000000000000001,0.0,0.7000000000000001,1.8,9.8,-19.0,3.9,-25.5,16
2164,36188.0,0.7000000000000001,0.7000000000000001,0.1,1.0,1.9000000000000001,9.8,-11.000000000000002,4.2,-22.1,16
2165,36205.0,1.0,0.7000000000000001,0.2,1.2000000000000002,1.9000000000000001,9.9,-7.8,6.1000000000000005,-20.8,16
2166,36219.0,1.1,0.8,0.1,1.3,1.9000000000000001,9.9,-4.6,9.2,-20.3,16
2167,36234.0,1.4000000000000001,0.7000000000000001,0.1,1.6,1.9000000000000001,9.8,2.5,15.899999999999999,-21.200000000000003,16
2168,36251.0,1.6,0.6000000000000001,0.0,1.8,1.7000000000000002,9.5,10.4,21.7,-22.5,16
2169,36267.0,1.8,0.4,-0.6000000000000001,1.8,1.6,9.1,17.6,21.8,-23.800000000000004,16
2170,36284.0,2.0,0.4,-0.8,2.1,1.7000000000000002,8.9,19.700000000000003,18.200000000000003,-23.800000000000004,16
2171,36301.0,2.6,0.6000000000000001,-0.5,2.6,2.0,9.200000000000001,20.0,5.500000000000001,-28.1,16
2172,36317.0,2.6,0.6000000000000001,-0.5,2.6,2.1,9.3,18.4,1.6,-33.6,16
2173,36334.0,2.6,0.8,-0.1,2.5,2.3000000000000003,9.700000000000001,10.0,5.8,-48.6,16
2174,36351.0,2.0,0.7000000000000001,-0.2,2.0,2.1,9.5,0.9000000000000001,22.700000000000003,-63.4,16
2175,36368.0,1.6,0.9,-0.9,1.4000000000000001,2.3000000000000003,8.8,-15.2,28.700000000000003,-72.30000000000001,16
2176,36384.0,1.7000000000000002,0.8,-0.8,1.5,2.3000000000000003,8.9,-28.500000000000004,18.700000000000003,-78.10000000000001,16
2177,36401.0,1.7000000000000002,-0.5,2.8000000000000003,1.4000000000000001,0.8,12.5,-66.80000000000001,-19.9,-97.7,16
2178,36418.0,1.2000000000000002,-1.6,4.7,0.9,-0.4,14.4,-78.2,-34.0,-106.30000000000001,16
2179,36434.0,-0.1,-3.8000000000000003,8.8,-0.30000000000000004,-2.8000000000000003,18.6,-72.2,-24.0,-90.70000000000002,16
2180,36451.0,0.5,-4.4,9.4,0.4,-3.7,19.200000000000003,-24.8,3.3000000000000007,-54.300000000000004,16
2181,36472.0,1.7000000000000002,-3.6,5.7,1.5,-2.9000000000000004,15.5,20.400000000000002,12.9,-29.800000000000004,16
2182,36484.0,2.5,-3.2,3.5,2.3000000000000003,-2.4000000000000004,13.200000000000001,41.300000000000004,11.700000000000001,-17.6,16
2183,36501.0,3.6,-2.0,0.0,3.3000000000000003,-1.2000000000000002,9.700000000000001,60.00000000000001,-0.9000000000000001,-8.700000000000001,16
2184,36518.0,3.8000000000000003,-1.6,-1.2000000000000002,3.5,-0.6000000000000001,8.5,60.900000000000006,-8.4,-12.600000000000001,16
2185,36535.0,3.8000000000000003,-1.3,-3.0,3.6,-0.1,6.800000000000001,46.9,-22.1,-30.9,16
2186,36551.0,3.2,-1.7000000000000002,-2.9000000000000004,3.1,-0.4,6.800000000000001,16.900000000000002,-26.9,-54.699999999999996,16
2187,36572.0,2.2,-2.1,-1.2000000000000002,2.2,-0.8,8.5,-7.6,-23.3,-72.80000000000001,16
2188,36589.0,1.1,-2.4000000000000004,-0.1,1.0,-1.1,9.600000000000001,-11.4,-20.400000000000002,-79.19999999999999,16
2189,36601.0,0.6000000000000001,-2.4000000000000004,0.2,0.6000000000000001,-1.1,9.9,-7.1000000000000005,-19.799999999999997,-77.00000000000001,16
2190,36617.0,0.5,-2.2,0.1,0.5,-0.9,9.8,0.7,-20.0,-72.80000000000001,16
2191,36634.0,0.6000000000000001,-1.7000000000000002,-1.2000000000000002,0.7000000000000001,-0.4,8.6,14.800000000000002,-23.900000000000006,-65.8,16
2192,36656.0,0.9,-1.1,-1.9000000000000001,1.0,0.2,7.9,13.3,-27.5,-66.7,16
2193,36669.0,1.0,-1.0,-1.8,1.2000000000000002,0.30000000000000004,7.9,6.2,-26.400000000000006,-74.30000000000001,16
2194,36684.0,0.9,-1.0,-1.7000000000000002,1.1,0.30000000000000004,8.0,2.8,-24.0,-78.7,16
2195,36701.0,0.7000000000000001,-1.1,-1.2000000000000002,1.0,0.30000000000000004,8.5,-2.9,-19.799999999999997,-86.4,16
2196,36718.0,0.5,-1.1,-1.0,0.6000000000000001,0.2,8.8,-3.2,-17.1,-91.10000000000001,16
2197,36734.0,0.30000000000000004,-1.2000000000000002,-0.9,0.5,0.2,8.8,-3.2,-15.5,-91.90000000000002,16
2198,36765.0,0.1,-0.9,-1.4000000000000001,0.30000000000000004,0.5,8.3,-3.3000000000000007,-7.200000000000001,-93.3,16
2199,36768.0,0.1,-0.9,-1.4000000000000001,0.30000000000000004,0.6000000000000001,8.1,-4.6,-4.6,-94.2,16
2200,36784.0,-0.2,-0.6000000000000001,-2.0,0.1,0.8,7.7,-7.300000000000001,-2.0,-95.1,16
2201,36801.0,-0.1,-0.6000000000000001,-2.0,-0.2,1.1,7.5,-15.2,-0.5,-96.7,16
2202,36817.0,-0.5,-0.1,-2.1,-0.6000000000000001,1.3,7.9,-26.400000000000006,-7.6,-98.50000000000001,16
2203,36835.0,-0.8,0.1,-1.8,-0.8,1.4000000000000001,8.4,-31.400000000000002,-11.3,-98.2,16
2204,36854.0,-1.2000000000000002,0.4,-0.1,-1.1,1.6,9.700000000000001,-35.599999999999994,-14.300000000000002,-94.4,16
2205,36872.0,-1.2000000000000002,0.4,0.8,-1.1,1.4000000000000001,10.5,-31.099999999999998,-3.9,-88.50000000000001,16
2206,36884.0,-1.3,0.7000000000000001,0.5,-1.1,1.6,10.3,-23.700000000000003,7.9,-84.1,16
2207,36901.0,-1.4000000000000001,0.9,-0.2,-1.3,1.8,9.600000000000001,-15.899999999999999,17.300000000000004,-80.7,16
2208,36918.0,-1.5,1.3,-1.4000000000000001,-1.5,2.4000000000000004,8.1,-13.700000000000001,20.5,-74.89999999999999,16
2209,36934.0,-1.6,2.0,-1.4000000000000001,-1.6,2.8000000000000003,8.3,-23.700000000000003,9.5,-67.2,16
2210,36954.0,-1.5,2.2,-0.4,-1.4000000000000001,3.0,10.3,-33.300000000000004,-7.200000000000001,-60.2,16
2211,36968.0,-1.0,2.5,1.8,-1.0,3.2,11.600000000000001,-32.2,-12.4,-53.9,16
2212,36984.0,-0.7000000000000001,2.7,2.4000000000000004,-0.8,3.3000000000000003,12.100000000000001,-31.5,-12.8,-51.70000000000001,16
2213,37002.0,-0.30000000000000004,2.6,3.4000000000000004,-0.30000000000000004,3.1,13.200000000000001,-31.5,-14.600000000000001,-50.60000000000001,16
2214,37018.0,-0.2,2.4000000000000004,3.8000000000000003,-0.2,2.8000000000000003,13.600000000000001,-30.599999999999998,-14.600000000000001,-51.0,16
2215,37034.0,-0.1,1.6,4.6000000000000005,0.0,1.9000000000000001,14.4,-22.700000000000003,-6.300000000000001,-49.1,16
2216,37053.0,0.0,0.7000000000000001,4.4,0.1,1.0,14.200000000000001,-4.9,-1.9,-41.0,16
2217,37078.0,0.8,0.0,4.1000000000000005,1.7000000000000002,-0.4,13.9,8.700000000000001,-15.700000000000001,-26.200000000000003,16
2218,37084.0,2.7,-1.2000000000000002,4.6000000000000005,2.8000000000000003,-0.9,14.4,10.1,-26.5,-20.599999999999998,16
2219,37107.0,4.3,-2.3000000000000003,5.2,4.5,-2.0,15.0,19.200000000000003,-27.6,-15.899999999999999,16
2220,37118.0,4.3,-2.3000000000000003,5.2,4.5,-2.0,15.0,19.200000000000003,-27.6,-15.899999999999999,16
2221,37135.0,4.4,-2.5,3.4000000000000004,4.7,-2.0,13.200000000000001,41.1,-7.200000000000001,-16.4,16
2222,37154.0,4.3,-2.1,0.30000000000000004,4.6000000000000005,-1.5,10.100000000000001,60.300000000000004,9.8,-17.400000000000002,16
2223,37186.0,4.3,-1.0,-4.1000000000000005,4.5,-0.1,5.7,52.900000000000006,12.7,-28.3,16
2224,37201.0,4.0,-0.5,-5.1000000000000005,4.2,0.5,4.7,24.599999999999998,-2.8,-46.6,16
2225,37217.0,3.3000000000000003,-0.30000000000000004,-4.2,3.5,0.8,5.6000000000000005,-8.2,-17.0,-65.10000000000001,16
2226,37235.0,3.2,-0.30000000000000004,-4.2,3.0,0.8,6.5,-18.5,-20.5,-73.10000000000001,16
2227,37251.0,1.9000000000000001,-0.30000000000000004,-2.3000000000000003,1.8,0.7000000000000001,7.9,-21.8,-17.6,-79.3,16
2228,37270.0,0.8,-0.2,-1.4000000000000001,0.9,0.8,8.200000000000001,-13.700000000000001,-11.900000000000002,-76.5,16
2229,37288.0,0.30000000000000004,0.1,-2.3000000000000003,0.5,1.2000000000000002,7.2,-0.9000000000000001,-8.8,-66.1,16
2230,37302.0,0.4,0.7000000000000001,-2.9000000000000004,0.7000000000000001,1.6,6.800000000000001,1.6,-12.4,-60.8,16
2231,37320.0,0.9,1.2000000000000002,-3.1,1.2000000000000002,2.2,6.6000000000000005,2.0,-26.5,-57.20000000000001,16
2232,37334.0,0.8,1.2000000000000002,-3.1,1.3,2.3000000000000003,6.7,0.2,-30.4,-59.20000000000001,16
2233,37351.0,0.7000000000000001,1.4000000000000001,-2.5,1.1,2.4000000000000004,7.2,-5.7,-25.6,-66.3,16
2234,37370.0,-0.2,1.5,-2.0,0.30000000000000004,2.5,7.7,-11.4,-9.2,-71.10000000000001,16
2235,37385.0,-0.8,1.7000000000000002,-1.7000000000000002,-0.2,2.6,8.1,-12.5,-2.2,-70.9,16
2236,37403.0,-1.4000000000000001,2.0,-1.4000000000000001,-0.9,3.0,8.4,-8.899999999999999,1.1,-64.60000000000001,16
2237,37418.0,-1.6,2.3000000000000003,-1.0,-1.1,3.2,8.8,-2.7,-3.8,-52.80000000000001,16
2238,37434.0,-1.5,2.4000000000000004,-0.8,-1.0,3.3000000000000003,9.0,1.3,-3.9,-46.6,16
2239,37451.0,-1.3,2.5,-0.8,-0.8,3.6,9.0,8.899999999999999,3.7000000000000006,-34.7,16
2240,37469.0,-1.1,2.8000000000000003,-0.8,-0.6000000000000001,3.8000000000000003,8.9,13.6,6.300000000000001,-25.200000000000003,16
2241,37486.0,-1.0,2.9000000000000004,-0.6000000000000001,-0.5,3.9000000000000004,9.200000000000001,13.700000000000001,4.1,-21.400000000000002,16
2242,37501.0,-0.6000000000000001,2.8000000000000003,0.4,-0.2,3.8000000000000003,10.100000000000001,12.0,-0.1,-15.299999999999999,16
2243,37517.0,-0.6000000000000001,2.7,0.6000000000000001,-0.2,3.8000000000000003,10.4,11.4,-0.1,-14.300000000000002,16
2244,37534.0,-0.5,2.4000000000000004,1.4000000000000001,-0.1,3.4000000000000004,11.4,10.9,4.6,-13.6,16
2245,37551.0,-0.4,2.0,2.1,-0.1,3.1,11.8,16.8,14.100000000000001,-10.5,16
2246,37577.0,-0.4,2.1,0.4,-0.1,3.4000000000000004,10.100000000000001,18.4,21.400000000000002,-7.1000000000000005,16
2247,37584.0,0.0,2.1,0.1,0.2,3.4000000000000004,9.8,7.699999999999999,15.000000000000002,-7.8,16
2248,37601.0,0.6000000000000001,1.2000000000000002,3.1,0.8,2.5,12.8,-31.400000000000002,-16.8,-18.5,16
2249,37618.0,0.30000000000000004,0.30000000000000004,4.6000000000000005,0.6000000000000001,1.5,14.4,-44.8,-30.000000000000004,-26.200000000000003,16
2250,37635.0,-0.8,-1.1,7.2,-0.6000000000000001,-0.6000000000000001,17.6,-45.3,-22.8,-20.3,16
2251,37652.0,-1.3,-2.7,7.9,-0.9,-1.7000000000000002,17.7,-9.2,14.400000000000002,13.6,16
2252,37670.0,-0.5,-2.0,4.4,-0.2,-1.1,14.100000000000001,34.60000000000001,23.400000000000002,47.400000000000006,16
2253,37686.0,-0.5,-2.1,4.4,0.6000000000000001,-0.7000000000000001,12.100000000000001,45.8,14.0,58.900000000000006,16
2254,37702.0,1.5,-1.2000000000000002,0.30000000000000004,1.8,0.0,10.0,45.400000000000006,-12.9,66.5,16
2255,37717.0,1.5,-1.2000000000000002,0.30000000000000004,2.2,0.2,9.8,38.1,-21.8,64.4,16
2256,37736.0,2.1,-1.0,0.4,2.6,0.30000000000000004,10.100000000000001,28.1,-25.1,56.9,16
2257,37753.0,1.9000000000000001,-1.0,0.30000000000000004,2.4000000000000004,0.4,10.0,22.700000000000003,-13.399999999999999,43.2,16
2258,37775.0,1.2000000000000002,-1.2000000000000002,-0.5,1.8,0.30000000000000004,9.200000000000001,20.400000000000002,6.4,32.0,16
2259,37791.0,0.9,-1.3,-0.9,1.2000000000000002,0.30000000000000004,8.5,19.5,18.6,29.300000000000004,16
2260,37802.0,0.5,-1.1,-1.4000000000000001,1.1,0.4,8.200000000000001,22.3,19.5,30.4,16
2261,37818.0,0.5,-1.1,-2.3000000000000003,1.0,0.6000000000000001,7.4,32.5,11.4,32.9,16
2262,37834.0,0.6000000000000001,-0.9,-2.6,1.1,0.8,7.0,36.9,7.200000000000001,34.0,16
2263,37851.0,0.6000000000000001,-0.8,-3.3000000000000003,1.1,1.0,6.300000000000001,41.199999999999996,2.3,32.7,16
2264,37869.0,0.6000000000000001,-0.7000000000000001,-3.6,1.1,1.2000000000000002,6.0,37.300000000000004,-1.8000000000000003,29.800000000000004,16
2265,37887.0,0.7000000000000001,-0.7000000000000001,-3.4000000000000004,1.3,1.3,6.1000000000000005,29.800000000000004,-7.699999999999999,25.900000000000002,16
2266,37901.0,0.9,-0.5,-3.2,1.5,1.6,6.4,25.8,-9.4,23.0,16
2267,37917.0,1.0,-0.4,-2.6,1.6,1.8,6.9,17.5,-9.2,11.700000000000001,16
2268,37934.0,0.9,-0.4,-2.6,1.5,1.8,7.1000000000000005,12.600000000000001,-4.2,5.4,16
2269,37951.0,0.7000000000000001,-0.4,-2.2,1.2000000000000002,1.9000000000000001,7.300000000000001,4.2,10.0,-6.2,16
2270,37982.0,0.0,0.0,-2.3000000000000003,0.6000000000000001,2.2,7.2,-3.8,17.7,-14.300000000000002,16
2271,37986.0,-0.30000000000000004,0.2,-2.1,0.1,2.5,7.7,-15.899999999999999,12.100000000000001,-19.700000000000003,16
2272,38001.0,-0.7000000000000001,0.4,-0.9,-0.2,2.6,8.6,-21.7,9.2,-20.900000000000002,16
2273,38019.0,-0.9,0.30000000000000004,-0.2,-0.4,2.5,9.3,-26.400000000000006,7.200000000000001,-19.0,16
2274,38034.0,-1.0,0.30000000000000004,0.0,-0.6000000000000001,2.4000000000000004,9.600000000000001,-26.9,7.200000000000001,-15.5,16
2275,38051.0,-0.8,0.5,0.2,-0.4,2.5,9.8,-27.3,3.1,-4.6,16
2276,38070.0,0.1,0.8,0.2,0.5,2.7,9.9,-30.799999999999997,-8.600000000000001,3.4,16
2277,38085.0,0.5,1.0,0.5,0.9,2.9000000000000004,10.200000000000001,-39.300000000000004,-18.8,3.3000000000000007,16
2278,38101.0,0.5,1.1,0.5,1.1,2.8000000000000003,10.600000000000001,-39.300000000000004,-18.8,3.3000000000000007,16
2279,38117.0,0.6000000000000001,1.0,2.7,1.1,2.7,12.3,-53.0,-27.2,0.8,16
2280,38136.0,0.7000000000000001,0.6000000000000001,4.9,1.4000000000000001,2.0,14.600000000000001,-51.0,-33.2,3.4,16
2281,38152.0,0.7000000000000001,0.7000000000000001,4.9,1.5,1.8,15.0,-47.5,-27.9,5.1000000000000005,16
2282,38174.0,0.8,0.30000000000000004,5.6000000000000005,1.5,1.3,15.3,-38.300000000000004,-8.2,8.899999999999999,16
2283,38185.0,0.4,-0.1,5.300000000000001,1.2000000000000002,1.0,15.0,-30.3,2.2,11.2,16
2284,38201.0,0.1,-0.2,4.7,0.4,0.7000000000000001,13.4,-10.8,19.9,21.500000000000004,16
2285,38218.0,-0.4,-0.5,3.2,0.4,0.4,13.0,-2.2,20.400000000000002,30.1,16
2286,38234.0,0.2,-0.8,1.9000000000000001,1.0,0.1,11.600000000000001,17.400000000000002,-1.7,53.2,16
2287,38251.0,1.6,-0.5,1.0,2.4000000000000004,0.5,10.700000000000001,32.8,-43.00000000000001,71.10000000000001,16
2288,38270.0,2.2,-0.4,0.6000000000000001,3.5,0.9,9.9,42.1,-60.2,67.8,16
2289,38286.0,2.5,0.30000000000000004,-1.1,3.7,1.5,8.6,39.50000000000001,-40.6,48.50000000000001,16
2290,38300.0,2.1,0.4,-1.9000000000000001,3.4000000000000004,1.7000000000000002,7.800000000000001,32.1,-22.4,33.9,16
2291,38317.0,0.5,0.1,-2.5,1.8,1.5,7.1000000000000005,9.2,9.700000000000001,6.600000000000001,16
2292,38334.0,0.5,0.1,-2.5,1.3,1.3,7.300000000000001,-1.3,15.8,-1.6,16
2293,38351.0,-1.3,-0.4,-1.4000000000000001,0.0,1.0,8.200000000000001,-9.100000000000001,7.400000000000001,-6.2,16
2294,38368.0,-1.9000000000000001,-0.7000000000000001,-1.0,-0.8,0.7000000000000001,8.700000000000001,-0.1,-9.600000000000001,2.3,16
2295,38387.0,-2.2,-0.6000000000000001,-1.2000000000000002,-0.9,0.7000000000000001,8.4,11.900000000000002,-16.700000000000003,16.900000000000002,16
2296,38401.0,-2.0,-0.4,-1.6,-0.6000000000000001,1.0,8.0,14.600000000000001,-15.299999999999999,22.8,16
2297,38417.0,-1.6,0.0,-2.1,-0.2,1.4000000000000001,7.5,14.600000000000001,-10.700000000000001,27.700000000000003,16
2298,38434.0,-1.4000000000000001,0.1,-2.2,0.0,1.6,7.4,13.700000000000001,-9.0,27.800000000000004,16
2299,38451.0,-1.4000000000000001,0.2,-2.3000000000000003,0.1,1.7000000000000002,7.300000000000001,12.0,-6.8,26.700000000000003,16
2300,38467.0,-1.4000000000000001,0.2,-2.2,0.1,1.7000000000000002,7.4,9.100000000000001,-3.9,26.400000000000006,16
2301,38484.0,-1.3,0.2,-2.0,0.30000000000000004,1.8,7.6000000000000005,8.3,-1.2000000000000002,27.5,16
2302,38501.0,-1.1,0.30000000000000004,-1.9000000000000001,0.5,1.9000000000000001,7.7,8.5,0.30000000000000004,27.5,16
2303,38519.0,-1.0,0.4,-1.9000000000000001,0.6000000000000001,1.9000000000000001,7.6000000000000005,7.200000000000001,5.7,25.900000000000002,16
2304,38535.0,-1.0,0.4,-1.8,0.5,2.0,7.7,4.800000000000001,9.0,24.8,16
2305,38551.0,-1.2000000000000002,0.5,-1.3,0.30000000000000004,2.0,8.3,0.4,14.100000000000001,24.599999999999998,16
2306,38569.0,-1.3,0.5,-0.8,0.2,2.0,8.9,2.1,15.700000000000001,29.900000000000006,16
2307,38585.0,-1.4000000000000001,0.5,-0.6000000000000001,0.1,2.1,8.9,9.100000000000001,16.200000000000003,39.2,16
2308,38601.0,-1.2000000000000002,0.6000000000000001,-0.7000000000000001,0.2,2.1,8.9,12.9,15.700000000000001,45.099999999999994,16
2309,38617.0,-0.8,0.8,-0.7000000000000001,0.6000000000000001,2.4000000000000004,8.8,20.1,10.4,55.400000000000006,16
2310,38635.0,-0.5,1.0,-0.6000000000000001,0.9,2.5,9.0,22.1,5.1000000000000005,59.00000000000001,16
2311,38651.0,-0.1,1.0,-0.4,1.7000000000000002,2.8000000000000003,9.4,23.400000000000002,-6.9,60.8,16
2312,38674.0,0.6000000000000001,1.3,0.5,2.0,3.0,10.100000000000001,15.000000000000002,-10.8,53.50000000000001,16
2313,38695.0,0.5,1.1,2.1,2.1,2.8000000000000003,11.600000000000001,1.6,0.8,42.3,16
2314,38702.0,0.30000000000000004,0.9,3.0,1.8,2.6,12.600000000000001,-1.2000000000000002,13.100000000000001,37.50000000000001,16
2315,38717.0,0.0,0.9,2.4000000000000004,1.5,2.6,11.9,5.6,40.4,33.800000000000004,16
2316,38734.0,-0.4,1.2000000000000002,1.3,1.1,2.9000000000000004,10.8,8.0,47.2,32.6,16
2317,38751.0,-0.4,1.6,0.6000000000000001,0.7000000000000001,3.4000000000000004,10.200000000000001,-10.600000000000001,38.7,30.9,16
2318,38776.0,-0.8,1.2000000000000002,3.1,0.5,2.8000000000000003,12.700000000000001,-35.0,17.799999999999997,27.700000000000003,16
2319,38785.0,-1.6,0.0,5.4,-0.4,1.5,15.0,-31.5,8.0,32.5,16
2320,38801.0,-2.1,-0.8,6.1000000000000005,-0.9,0.6000000000000001,15.700000000000001,-20.0,11.4,43.00000000000001,16
2321,38818.0,-1.7000000000000002,-0.9,4.9,-0.6000000000000001,0.4,14.5,16.200000000000003,22.5,73.6,16
2322,38834.0,-1.3,-0.7000000000000001,3.6,-0.2,0.6000000000000001,13.200000000000001,33.300000000000004,20.5,86.60000000000001,16
2323,38851.0,-0.6000000000000001,-0.5,2.1,1.1,1.2000000000000002,10.700000000000001,53.2,4.4,99.00000000000001,16
2324,38868.0,0.5,0.1,-0.6000000000000001,1.7000000000000002,1.7000000000000002,9.0,52.300000000000004,-8.8,93.4,16
2325,38884.0,0.5,0.1,-1.0,1.8,1.8,8.6,49.300000000000004,-10.200000000000001,90.30000000000001,16
2326,38906.0,-0.1,-0.2,-0.7000000000000001,1.3,1.6,8.9,27.9,-7.1000000000000005,69.60000000000001,16
2327,38917.0,-0.30000000000000004,-0.4,-0.4,1.0,1.4000000000000001,9.1,23.0,-5.500000000000001,63.900000000000006,16
2328,38936.0,-0.7000000000000001,-0.8,-0.1,0.8,1.1,9.5,17.200000000000003,-2.6,55.900000000000006,16
2329,38951.0,-0.7000000000000001,-0.8,0.0,0.6000000000000001,1.1,9.5,15.700000000000001,-0.7,52.900000000000006,16
2330,38967.0,-1.2000000000000002,-0.9,0.1,0.30000000000000004,1.0,9.600000000000001,14.100000000000001,6.1000000000000005,46.6,16
2331,38985.0,-1.5,-0.9,-0.2,0.0,1.0,9.4,14.900000000000002,16.200000000000003,42.60000000000001,16
2332,39001.0,-1.6,-1.2000000000000002,-0.30000000000000004,-0.2,0.7000000000000001,9.200000000000001,16.0,19.5,41.50000000000001,16
2333,39018.0,-1.5,-1.4000000000000001,-0.8,-0.2,0.6000000000000001,8.700000000000001,23.099999999999998,22.6,44.8,16
2334,39036.0,-1.2000000000000002,-1.2000000000000002,-1.7000000000000002,0.2,0.8,7.800000000000001,31.6,16.8,50.5,16
2335,39051.0,-1.2000000000000002,-1.3,-1.7000000000000002,0.30000000000000004,0.9,7.5,34.2,12.8,51.800000000000004,16
2336,39067.0,-1.0,-1.0,-2.6,0.4,1.1,6.9,32.300000000000004,9.100000000000001,50.60000000000001,16
2337,39084.0,-0.9,-0.9,-2.5,0.4,1.3,6.9,28.3,9.8,49.0,16
2338,39103.0,-1.0,-0.9,-2.0,0.30000000000000004,1.4000000000000001,7.4,20.900000000000002,11.700000000000001,44.9,16
2339,39118.0,-1.0,-0.8,-1.6,0.30000000000000004,1.5,7.9,17.200000000000003,8.899999999999999,41.199999999999996,16
2340,39135.0,-0.8,-0.7000000000000001,-1.1,0.5,1.6,8.3,16.0,5.300000000000001,39.2,16
2341,39151.0,-0.7000000000000001,-0.5,-1.0,0.6000000000000001,1.8,8.4,14.900000000000002,3.1,37.800000000000004,16
2342,39168.0,-0.6000000000000001,-0.2,-0.5,0.8,2.2,9.200000000000001,9.700000000000001,-2.6,31.0,16
2343,39188.0,-0.6000000000000001,-0.1,0.8,0.7000000000000001,2.3000000000000003,10.200000000000001,4.300000000000001,-3.7000000000000006,22.1,16
2344,39201.0,-0.7000000000000001,-0.1,1.5,0.7000000000000001,2.2,10.9,2.3,-0.8,18.0,16
2345,39217.0,-0.7000000000000001,-0.2,1.8,0.7000000000000001,2.2,11.5,1.5,10.600000000000001,12.600000000000001,16
2346,39234.0,-0.8,-0.2,2.1,0.6000000000000001,2.2,11.5,3.7000000000000006,15.8,11.3,16
2347,39251.0,-0.9,0.1,1.4000000000000001,0.4,2.5,10.9,9.3,21.200000000000003,11.1,16
2348,39267.0,-0.8,0.5,0.5,0.5,2.9000000000000004,9.9,8.5,18.3,11.6,16
2349,39284.0,-0.5,0.8,0.1,0.9,3.3000000000000003,9.4,-1.4,11.1,9.0,16
2350,39301.0,0.2,1.1,-0.1,1.4000000000000001,3.5,9.3,-12.4,7.400000000000001,4.9,16
2351,39318.0,0.4,0.9,2.1,1.6,3.3000000000000003,11.600000000000001,-49.4,-4.1,-13.6,16
2352,39337.0,-1.1,-1.0,6.0,0.1,1.2000000000000002,15.5,-68.9,5.4,-27.3,16
2353,39351.0,-1.8,-1.7000000000000002,6.9,-0.6000000000000001,0.30000000000000004,16.400000000000002,-67.5,22.3,-26.5,16
2354,39369.0,-2.8000000000000003,-2.9000000000000004,6.2,-1.7000000000000002,-1.0,15.700000000000001,-29.1,50.7,3.3000000000000007,16
2355,39384.0,-2.3000000000000003,-3.0,4.2,-1.3,-1.2000000000000002,13.8,-3.4,48.50000000000001,27.0,16
2356,39401.0,0.30000000000000004,-2.5,1.5,1.1,-0.7000000000000001,11.0,35.9,16.5,76.89999999999999,16
2357,39419.0,2.4000000000000004,-1.6,-0.2,3.3000000000000003,0.4,9.4,54.6,-24.8,102.5,16
2358,39434.0,2.9000000000000004,-1.0,-0.9,3.8000000000000003,1.0,8.700000000000001,56.800000000000004,-37.50000000000001,101.20000000000002,16
2359,39451.0,3.2,-0.1,-2.3000000000000003,4.4,2.1,7.2,44.5,-34.900000000000006,80.7,16
2360,39472.0,2.4000000000000004,0.2,-2.9000000000000004,3.7,2.5,6.6000000000000005,10.4,-1.7,47.3,16
2361,39484.0,0.7000000000000001,-0.1,-1.7000000000000002,2.1,2.1,7.800000000000001,-22.6,24.3,21.7,16
2362,39501.0,-0.2,-0.5,-0.6000000000000001,1.1,1.7000000000000002,8.9,-27.2,26.400000000000006,16.700000000000003,16
2363,39519.0,-0.8,-0.6000000000000001,-0.1,0.4,1.5,9.4,-15.299999999999999,13.5,21.500000000000004,16
2364,39538.0,-0.7000000000000001,-0.4,-0.7000000000000001,0.6000000000000001,1.7000000000000002,8.8,10.0,-8.8,34.300000000000004,16
2365,39552.0,-0.7000000000000001,-0.4,-0.7000000000000001,0.9,1.9000000000000001,8.200000000000001,20.3,-15.000000000000002,39.2,16
2366,39576.0,0.1,0.0,-2.0,1.6,2.2,7.2,25.900000000000002,-11.900000000000002,37.6,16
2367,39588.0,0.4,0.30000000000000004,-2.8000000000000003,1.7000000000000002,2.5,6.5,17.400000000000002,2.6,25.5,16
2368,39601.0,0.0,0.2,-3.0,1.4000000000000001,2.4000000000000004,6.4,11.3,10.299999999999999,18.0,16
2369,39618.0,-0.5,0.1,-3.0,0.9,2.3000000000000003,6.5,1.4,21.6,7.400000000000001,16
2370,39634.0,-1.1,-0.1,-2.5,0.2,2.1,7.0,-4.0,17.300000000000004,3.4,16
2371,39651.0,-1.3,-0.30000000000000004,-2.2,0.0,1.9000000000000001,7.2,-4.7,12.9,5.0,16
2372,39668.0,-1.5,-0.30000000000000004,-1.5,-0.30000000000000004,2.0,7.9,-4.7,5.2,13.5,16
2373,39684.0,-1.4000000000000001,-0.2,-0.9,-0.1,2.0,8.9,-4.0,1.5,17.6,16
2374,39701.0,-1.2000000000000002,-0.1,-0.2,0.0,2.0,9.3,1.6,-2.5,24.5,16
2375,39718.0,-1.2000000000000002,-0.1,-0.1,0.1,2.1,9.4,4.9,-3.0,27.0,16
2376,39737.0,-0.9,0.30000000000000004,0.30000000000000004,0.4,2.5,9.8,8.100000000000001,4.300000000000001,29.200000000000003,16
2377,39751.0,-0.8,0.30000000000000004,0.5,0.5,2.5,9.9,7.200000000000001,9.3,28.600000000000005,16
2378,39768.0,-0.6000000000000001,0.30000000000000004,0.8,0.7000000000000001,2.5,10.3,5.0,16.700000000000003,28.600000000000005,16
2379,39785.0,-0.5,0.4,1.0,0.8,2.8000000000000003,10.8,3.0,18.6,29.700000000000006,16
2380,39801.0,-0.30000000000000004,0.9,1.8,0.9,3.1,11.3,2.4000000000000004,17.799999999999997,30.4,16
2381,39818.0,-0.30000000000000004,1.0,2.1,0.8,3.2,11.5,7.500000000000001,17.7,29.300000000000004,16
2382,39845.0,-0.5,1.7000000000000002,0.5,0.7000000000000001,4.1000000000000005,9.600000000000001,15.5,24.900000000000002,28.0,16
2383,39850.0,-0.4,1.8,0.2,0.7000000000000001,4.1000000000000005,9.600000000000001,15.5,24.900000000000002,28.0,16
2384,39868.0,-0.30000000000000004,2.3000000000000003,0.1,0.8,4.6000000000000005,9.600000000000001,-8.8,27.3,20.3,16
2385,39884.0,-0.4,2.1,1.3,0.7000000000000001,4.4,10.700000000000001,-8.8,27.3,20.3,16
2386,39900.0,-1.3,1.2000000000000002,3.2,-0.4,3.4000000000000004,12.700000000000001,-41.50000000000001,31.099999999999998,3.0,16
2387,39917.0,-2.8000000000000003,0.0,4.9,-2.0,2.1,14.5,-39.0,27.9,8.0,16
2388,39936.0,-2.9000000000000004,-0.1,5.2,-2.1,1.7000000000000002,14.8,-17.7,26.300000000000004,36.1,16
2389,39954.0,-2.6,-0.1,4.9,-1.9000000000000001,1.8,14.5,-1.9,21.1,51.4,16
2390,39968.0,-1.5,0.1,3.3000000000000003,-0.9,2.0,12.9,23.400000000000002,1.6,71.10000000000001,16
2391,39985.0,-1.0,0.2,2.6,0.1,2.3000000000000003,11.8,31.5,-14.900000000000002,75.00000000000001,16
2392,40001.0,-0.7000000000000001,0.30000000000000004,2.2,0.6000000000000001,2.4000000000000004,11.3,31.6,-17.799999999999997,72.0,16
2393,40017.0,-0.1,0.5,1.4000000000000001,0.8,2.5,10.600000000000001,24.8,-11.6,57.800000000000004,16
2394,40034.0,-0.1,0.4,1.1,0.7000000000000001,2.2,9.9,18.900000000000002,-4.4,49.1,16
2395,40050.0,-0.30000000000000004,0.1,0.4,0.5,2.1,9.600000000000001,11.3,8.0,36.7,16
2396,40067.0,-0.9,-0.30000000000000004,-0.9,0.1,1.9000000000000001,8.6,8.600000000000001,15.000000000000002,30.1,16
2397,40084.0,-1.2000000000000002,-0.5,-1.8,-0.30000000000000004,1.7000000000000002,7.800000000000001,5.6,17.7,19.6,16
2398,40100.0,-1.3,-0.6000000000000001,-2.0,-0.4,1.6,7.5,6.9,11.6,19.200000000000003,16
2399,40117.0,-1.5,-0.7000000000000001,-1.9000000000000001,-0.6000000000000001,1.5,7.6000000000000005,12.299999999999999,-5.9,21.400000000000002,16
2400,40134.0,-1.3,-0.9,-1.7000000000000002,-0.30000000000000004,1.4000000000000001,7.800000000000001,19.5,-18.3,25.900000000000002,16
2401,40151.0,-1.2000000000000002,-0.9,-1.6,-0.2,1.4000000000000001,7.9,23.0,-19.300000000000004,28.400000000000002,16
2402,40168.0,-1.3,-1.0,-1.0,-0.30000000000000004,1.3,8.4,28.400000000000002,-17.1,29.1,16
2403,40195.0,-1.6,-1.3,-0.7000000000000001,-0.5,1.1,8.8,38.400000000000006,-10.200000000000001,31.099999999999998,16
2404,40202.0,-1.3,-1.2000000000000002,-0.9,-0.2,1.4000000000000001,8.5,45.9,-1.0,33.9,16
2405,40217.0,-1.1,-1.0,-1.1,0.1,1.6,8.200000000000001,46.50000000000001,1.4,31.7,16
2406,40234.0,-1.2000000000000002,-1.0,-1.2000000000000002,0.0,1.7000000000000002,8.200000000000001,40.9,5.4,23.0,16
2407,40250.0,-1.4000000000000001,-1.2000000000000002,-0.9,-0.2,1.6,8.4,36.1,7.1000000000000005,18.700000000000003,16
2408,40273.0,-1.6,-1.5,-0.5,-0.4,1.5,8.8,27.700000000000003,9.700000000000001,15.2,16
2409,40285.0,-1.5,-1.5,0.2,-0.4,1.5,9.4,24.1,14.100000000000001,18.5,16
2410,40301.0,-1.2000000000000002,-1.4000000000000001,0.6000000000000001,-0.1,1.6,9.8,24.7,15.6,21.200000000000003,16
2411,40317.0,-0.6000000000000001,-1.0,0.6000000000000001,0.6000000000000001,2.1,9.9,30.799999999999997,15.6,23.6,16
2412,40334.0,-0.30000000000000004,-0.9,0.1,0.8,2.3000000000000003,9.3,30.1,16.3,17.200000000000003,16
2413,40350.0,-0.2,-0.8,0.0,0.9,2.5,9.200000000000001,22.4,17.0,13.000000000000002,16
2414,40367.0,-0.1,-0.8,0.1,0.9,2.5,9.8,1.2000000000000002,19.9,4.6,16
2415,40384.0,-0.2,-0.8,1.4000000000000001,0.7000000000000001,2.6,11.0,-7.1000000000000005,22.2,2.8,16
2416,40400.0,-0.1,-0.5,1.9000000000000001,0.8,2.7,11.100000000000001,-11.000000000000002,30.000000000000004,2.7,16
2417,40417.0,-0.1,-0.2,0.8,0.7000000000000001,3.0,10.100000000000001,-11.2,31.9,0.7,16
2418,40434.0,0.0,0.0,0.6000000000000001,0.8,3.1,9.8,-19.5,30.3,-0.9000000000000001,16
2419,40451.0,0.2,0.1,0.7000000000000001,0.8,3.0,10.3,-47.60000000000001,28.600000000000005,-7.6,16
2420,40469.0,0.1,-0.1,2.0,0.4,2.4000000000000004,12.200000000000001,-66.7,32.0,-12.4,16
2421,40486.0,-0.9,-0.6000000000000001,3.7,-0.9,1.5,13.600000000000001,-60.8,29.400000000000002,-8.100000000000001,16
2422,40500.0,-1.6,-1.5,4.3,-1.2000000000000002,1.0,13.8,-48.300000000000004,24.5,3.3000000000000007,16
2423,40517.0,-0.6000000000000001,-1.6,3.6,-0.30000000000000004,0.9,13.100000000000001,-13.000000000000002,8.100000000000001,37.1,16
2424,40539.0,1.3,-0.8,2.5,1.7000000000000002,1.6,12.0,18.200000000000003,-8.5,69.20000000000002,16
2425,40551.0,1.8,-0.8,2.0,2.2,1.7000000000000002,11.4,30.599999999999998,-13.3,76.1,16
2426,40567.0,2.7,-0.7000000000000001,0.8,3.5,2.1,9.700000000000001,43.50000000000001,-13.399999999999999,73.2,16
2427,40584.0,2.9000000000000004,-0.4,-1.1,3.5,2.3000000000000003,8.3,41.300000000000004,-3.9,51.4,16
2428,40601.0,2.2,-0.5,-1.9000000000000001,2.9000000000000004,2.2,7.5,37.400000000000006,2.8,37.1,16
2429,40617.0,0.7000000000000001,-0.8,-2.3000000000000003,1.4000000000000001,2.0,7.1000000000000005,18.8,14.900000000000002,14.100000000000001,16
2430,40635.0,0.1,-1.0,-2.2,0.8,1.9000000000000001,7.2,8.600000000000001,18.0,8.5,16
2431,40650.0,-0.30000000000000004,-1.0,-1.5,0.2,1.9000000000000001,7.800000000000001,-1.1,16.4,9.5,16
2432,40670.0,-0.1,-0.8,-1.2000000000000002,0.4,2.0,8.200000000000001,7.200000000000001,3.0,10.0,16
2433,40688.0,-0.30000000000000004,-0.5,-1.3,0.30000000000000004,2.4000000000000004,8.0,17.300000000000004,-11.700000000000001,6.9,16
2434,40703.0,-0.30000000000000004,-0.5,-1.2000000000000002,0.30000000000000004,2.5,8.1,21.300000000000004,-14.200000000000001,3.1,16
2435,40717.0,-0.5,-0.5,-1.2000000000000002,0.1,2.5,8.1,21.900000000000002,-11.4,1.3,16
2436,40734.0,-0.8,-0.4,-1.2000000000000002,-0.1,2.7,8.1,20.900000000000002,-0.7,2.4000000000000004,16
2437,40753.0,-0.7000000000000001,-0.30000000000000004,-1.2000000000000002,0.0,2.8000000000000003,8.1,19.0,4.800000000000001,4.9,16
2438,40769.0,-0.2,-0.1,-1.2000000000000002,0.4,3.1,8.0,14.700000000000001,13.3,8.3,16
2439,40784.0,-0.1,0.1,-1.1,0.5,3.3000000000000003,8.200000000000001,12.0,16.200000000000003,4.9,16
2440,40801.0,-0.1,0.1,-1.1,0.2,3.2,8.3,14.900000000000002,14.300000000000002,4.0,16
2441,40817.0,-0.6000000000000001,0.0,-0.9,-0.1,3.3000000000000003,8.3,18.4,11.3,5.9,16
2442,40835.0,-0.6000000000000001,0.2,-1.0,-0.1,3.5,8.200000000000001,24.200000000000003,8.8,13.399999999999999,16
2443,40850.0,-0.6000000000000001,0.1,-1.0,-0.1,3.6,8.1,24.900000000000002,8.700000000000001,15.000000000000002,16
2444,40867.0,-0.30000000000000004,0.30000000000000004,-1.2000000000000002,0.2,3.7,7.9,24.1,10.4,21.500000000000004,16
2445,40884.0,0.2,0.5,-0.6000000000000001,0.7000000000000001,4.0,8.6,14.800000000000002,11.3,23.700000000000003,16
2446,40901.0,0.2,0.4,0.2,0.8,4.0,9.4,11.4,12.100000000000001,22.700000000000003,16
2447,40917.0,0.5,0.30000000000000004,1.0,0.9,3.9000000000000004,10.200000000000001,13.8,16.6,23.800000000000004,16
2448,40934.0,0.7000000000000001,0.5,1.0,1.1,4.1000000000000005,10.100000000000001,29.1,18.6,27.099999999999998,16
2449,40950.0,0.7000000000000001,0.7000000000000001,0.7000000000000001,1.2000000000000002,4.3,9.8,36.8,16.4,28.200000000000003,16
2450,40967.0,0.9,0.7000000000000001,0.30000000000000004,1.4000000000000001,4.7,9.0,39.699999999999996,13.100000000000001,27.400000000000002,16
2451,40984.0,1.2000000000000002,1.0,0.0,1.7000000000000002,5.0,8.9,26.799999999999997,14.100000000000001,19.799999999999997,16
2452,41000.0,1.0,1.2000000000000002,-0.4,1.5,5.2,8.6,17.799999999999997,17.1,13.200000000000003,16
2453,41019.0,0.6000000000000001,1.0,-0.5,1.0,4.9,8.5,-9.5,20.8,-2.9,16
2454,41034.0,0.2,0.0,1.0,0.6000000000000001,3.9000000000000004,10.0,-47.0,20.5,-16.1,16
2455,41050.0,0.1,-0.2,1.6,0.4,3.7,10.600000000000001,-61.300000000000004,18.6,-19.700000000000003,16
2456,41067.0,-0.30000000000000004,-0.9,3.6,-0.1,2.8000000000000003,12.700000000000001,-74.5,14.5,-17.5,16
2457,41087.0,-0.5,-1.3,4.800000000000001,-0.4,2.1,14.0,-58.5,16.6,-0.7,16
2458,41100.0,-0.30000000000000004,-1.0,4.0,-0.2,2.2,13.3,-12.4,12.9,23.400000000000002,16
2459,41117.0,0.1,-0.6000000000000001,2.0,0.2,2.7,11.3,11.5,3.4,32.8,16
2460,41136.0,1.0,-0.30000000000000004,0.0,1.1,3.0,9.3,33.400000000000006,-18.700000000000003,41.900000000000006,16
2461,41152.0,1.0,-0.1,-0.30000000000000004,1.2000000000000002,3.3000000000000003,8.9,31.799999999999997,-24.8,40.4,16
2462,41168.0,1.3,-0.2,-0.7000000000000001,1.6,3.2,8.5,13.100000000000001,-19.0,29.800000000000004,16
2463,41184.0,1.0,-0.5,-0.6000000000000001,1.1,2.9000000000000004,8.700000000000001,-5.0,-3.4,15.399999999999999,16
2464,41200.0,0.2,-0.8,-0.2,0.6000000000000001,2.6,9.0,-9.700000000000001,0.30000000000000004,10.1,16
2465,41217.0,-0.1,-1.0,-0.1,0.0,2.0,9.1,-10.299999999999999,0.30000000000000004,8.2,16
2466,41234.0,-0.6000000000000001,-1.5,-0.30000000000000004,-0.1,1.8,8.9,-4.0,-3.1,14.0,16
2467,41250.0,-0.6000000000000001,-1.5,-0.4,-0.1,1.8,8.8,0.6000000000000001,-6.1000000000000005,17.300000000000004,16
2468,41267.0,-0.5,-1.3,-0.8,0.0,2.0,8.4,9.100000000000001,-10.600000000000001,21.400000000000002,16
2469,41284.0,-0.4,-1.2000000000000002,-1.2000000000000002,0.30000000000000004,2.2,7.800000000000001,12.4,-10.700000000000001,24.0,16
2470,41303.0,-0.1,-1.0,-1.6,0.6000000000000001,2.5,7.6000000000000005,8.600000000000001,-8.4,23.3,16
2471,41317.0,0.0,-0.8,-1.4000000000000001,0.7000000000000001,2.6,7.7,5.8,-5.500000000000001,21.6,16
2472,41334.0,0.0,-0.7000000000000001,-1.5,0.7000000000000001,2.7,7.7,7.0,2.2,20.0,16
2473,41352.0,0.0,-0.7000000000000001,-1.5,0.7000000000000001,2.7,7.5,10.4,5.2,19.799999999999997,16
2474,41367.0,0.1,-0.5,-2.3000000000000003,0.8,3.0,6.800000000000001,18.0,7.0,20.0,16
2475,41384.0,0.2,-0.2,-3.1,0.9,3.4000000000000004,6.0,21.7,4.0,15.899999999999999,16
2476,41401.0,0.2,0.1,-3.5,0.9,3.7,5.6000000000000005,13.8,2.4000000000000004,7.300000000000001,16
2477,41417.0,0.1,0.2,-3.4000000000000004,0.9,3.9000000000000004,5.7,7.6,1.7,1.7,16
2478,41434.0,-0.4,0.1,-3.1,0.30000000000000004,3.7,5.9,-2.3,6.500000000000001,-10.1,16
2479,41451.0,-0.6000000000000001,0.1,-2.9000000000000004,0.1,3.7,6.2,-6.699999999999999,8.700000000000001,-12.600000000000001,16
2480,41467.0,-0.9,0.1,-2.5,-0.5,3.7,6.9,-10.200000000000001,10.299999999999999,-12.200000000000001,16
2481,41484.0,-1.1,0.2,-1.7000000000000002,-0.30000000000000004,3.9000000000000004,7.7,-10.9,8.8,-6.1000000000000005,16
2482,41501.0,-0.6000000000000001,0.8,-0.8,0.0,4.3,8.3,-13.3,4.2,-3.7000000000000006,16
2483,41518.0,-0.1,0.9,-0.2,0.4,4.4,8.9,-16.900000000000002,0.30000000000000004,-5.1000000000000005,16
2484,41534.0,0.5,0.8,0.9,1.1,4.3,10.100000000000001,-28.600000000000005,-9.5,-10.700000000000001,16
2485,41551.0,0.5,0.9,0.9,1.4000000000000001,4.1000000000000005,11.8,-34.0,-10.299999999999999,-14.100000000000001,16
2486,41571.0,0.8,0.8,2.5,1.3,4.2,12.3,-36.0,3.7000000000000006,-17.400000000000002,16
2487,41584.0,0.4,1.0,2.4000000000000004,0.9,4.2,11.700000000000001,-19.799999999999997,20.5,-19.1,16
2488,41605.0,0.2,1.3,1.4000000000000001,0.8,4.6000000000000005,10.3,-18.4,10.600000000000001,-18.1,16
2489,41617.0,0.6000000000000001,1.8,1.2000000000000002,1.0,4.9,10.5,-31.3,-2.9,-21.500000000000004,16
2490,41634.0,0.6000000000000001,1.9000000000000001,1.2000000000000002,1.3,4.7,11.3,-50.1,-11.000000000000002,-27.400000000000002,16
2491,41650.0,0.9,0.2,4.6000000000000005,1.3,3.1,13.9,-73.10000000000001,-5.2,-37.800000000000004,16
2492,41668.0,0.30000000000000004,-0.30000000000000004,5.6000000000000005,0.5,1.6,15.600000000000001,-65.2,9.100000000000001,-31.0,16
2493,41685.0,0.1,-1.9000000000000001,6.1000000000000005,0.4,0.30000000000000004,15.100000000000001,-31.5,23.2,-8.100000000000001,16
2494,41704.0,0.8,-2.0,3.5,1.1,0.4,13.0,1.4,12.7,19.400000000000002,16
2495,41717.0,2.0,-1.8,2.5,2.2,0.6000000000000001,12.0,13.5,-1.0,30.1,16
2496,41734.0,2.6,-1.7000000000000002,2.0,2.8000000000000003,0.7000000000000001,11.5,23.800000000000004,-15.6,36.5,16
2497,41753.0,4.3,-1.1,0.0,4.7,1.4000000000000001,9.5,33.300000000000004,-37.50000000000001,28.900000000000002,16
2498,41770.0,4.3,-1.1,-0.6000000000000001,4.800000000000001,1.5,8.8,30.3,-34.300000000000004,17.5,16
2499,41784.0,3.4000000000000004,-0.9,-2.0,4.0,1.7000000000000002,7.4,12.8,-11.000000000000002,-10.200000000000001,16
2500,41802.0,2.5,-1.0,-2.5,2.6,1.7000000000000002,6.800000000000001,-13.200000000000003,19.300000000000004,-34.2,16
2501,41817.0,0.8,-1.2000000000000002,-2.5,1.4000000000000001,1.5,6.9,-23.099999999999998,26.5,-42.5,16
2502,41835.0,-0.5,-1.3,-1.9000000000000001,-0.1,1.3,7.5,-28.600000000000005,22.2,-45.9,16
2503,41853.0,-0.6000000000000001,-1.1,-1.8,-0.30000000000000004,1.4000000000000001,7.7,-13.700000000000001,3.3000000000000007,-32.1,16
2504,41874.0,-0.2,-0.6000000000000001,-2.5,0.1,1.9000000000000001,7.0,5.0,-15.899999999999999,-16.1,16
2505,41884.0,0.2,-0.4,-2.6,0.5,2.1,6.9,8.4,-21.500000000000004,-11.4,16
2506,41900.0,0.8,-0.30000000000000004,-2.6,1.1,2.2,6.9,9.2,-21.300000000000004,-10.0,16
2507,41917.0,0.7000000000000001,-0.1,-2.6,1.1,2.5,6.800000000000001,6.0,-10.0,-14.300000000000002,16
2508,41934.0,0.4,0.0,-2.9000000000000004,0.8,2.5,6.6000000000000005,1.9,1.9,-19.6,16
2509,41951.0,0.4,0.1,-3.0,0.8,2.7,6.5,-1.7,6.0,-21.200000000000003,16
2510,41969.0,0.1,0.4,-2.7,0.4,2.9000000000000004,6.7,-13.100000000000001,5.8,-25.7,16
2511,41984.0,0.0,0.4,-1.5,0.30000000000000004,2.9000000000000004,8.0,-26.700000000000003,-0.9000000000000001,-28.400000000000002,16
2512,42003.0,-0.1,0.4,-0.5,0.1,2.8000000000000003,9.5,-26.200000000000003,-0.2,-27.800000000000004,16
2513,42017.0,-0.4,0.30000000000000004,0.4,-0.1,2.7,9.9,-21.1,3.7000000000000006,-25.1,16
2514,42034.0,-0.4,0.6000000000000001,0.1,-0.2,2.9000000000000004,9.600000000000001,-8.3,14.5,-14.700000000000001,16
2515,42051.0,-0.30000000000000004,0.7000000000000001,-0.1,-0.1,3.0,9.4,-4.300000000000001,17.300000000000004,-9.600000000000001,16
2516,42073.0,0.1,1.0,-0.2,0.4,3.4000000000000004,9.5,-2.6,12.100000000000001,-3.1,16
2517,42085.0,0.8,1.2000000000000002,0.7000000000000001,0.9,3.5,10.200000000000001,-4.300000000000001,0.2,-1.0,16
2518,42101.0,0.9,1.4000000000000001,1.3,1.2000000000000002,3.7,11.200000000000001,-6.600000000000001,-7.1000000000000005,-0.2,16
2519,42117.0,1.4000000000000001,1.5,2.3000000000000003,1.5,3.8000000000000003,11.8,-7.8,-6.9,0.30000000000000004,16
2520,42134.0,1.4000000000000001,1.5,2.3000000000000003,1.5,3.8000000000000003,11.8,-7.8,-6.9,0.30000000000000004,16
2521,42151.0,2.0,2.2,1.9000000000000001,2.1,4.5,11.4,-5.6,-6.300000000000001,-9.3,16
2522,42173.0,2.4000000000000004,1.5,2.8000000000000003,2.6,3.7,12.4,-35.8,-29.300000000000004,-28.800000000000004,16
2523,42184.0,1.9000000000000001,0.2,5.300000000000001,2.2,2.3000000000000003,14.9,-59.1,-33.1,-42.5,16
2524,42201.0,1.3,-1.1,7.2,1.7000000000000002,0.8,16.8,-68.1,-27.700000000000003,-47.60000000000001,16
2525,42218.0,0.6000000000000001,-1.9000000000000001,7.9,0.9,-0.1,17.5,-56.400000000000006,0.6000000000000001,-42.1,16
2526,42242.0,-0.2,-1.5,5.5,0.2,0.2,13.700000000000001,-9.600000000000001,23.6,-22.3,16
2527,42251.0,-0.1,-1.5,4.0,0.2,0.2,13.700000000000001,13.399999999999999,24.1,-10.0,16
2528,42272.0,0.7000000000000001,-0.9,1.3,0.9,0.7000000000000001,10.9,40.0,5.1000000000000005,9.2,16
2529,42285.0,0.8,-0.5,0.1,1.0,1.2000000000000002,9.700000000000001,45.6,-7.9,11.2,16
2530,42301.0,1.0,-0.5,-1.3,1.3,1.4000000000000001,8.3,43.800000000000004,-23.2,11.2,16
2531,42317.0,0.9,-0.4,-1.9000000000000001,1.2000000000000002,1.6,7.7,28.700000000000003,-23.5,5.4,16
2532,42335.0,0.7000000000000001,-0.7000000000000001,-1.4000000000000001,1.1,1.4000000000000001,8.1,6.0,-22.9,-4.1,16
2533,42351.0,0.6000000000000001,-0.9,-0.8,0.8,1.1,9.600000000000001,-2.9,-21.500000000000004,-7.699999999999999,16
2534,42368.0,0.0,-1.2000000000000002,0.30000000000000004,0.5,0.9,9.9,-5.0,-15.8,-12.4,16
2535,42387.0,-0.6000000000000001,-1.3,0.2,0.0,0.7000000000000001,9.8,10.700000000000001,-12.0,-9.100000000000001,16
2536,42404.0,-0.7000000000000001,-1.3,-0.5,0.1,0.9,8.6,30.200000000000003,-12.8,0.0,16
2537,42418.0,-0.2,-1.0,-1.7000000000000002,0.4,1.2000000000000002,7.9,35.699999999999996,-13.5,3.1,16
2538,42434.0,-0.2,-0.9,-1.9000000000000001,0.4,1.3,7.6000000000000005,38.60000000000001,-14.400000000000002,3.8,16
2539,42457.0,-0.2,-0.7000000000000001,-2.9000000000000004,0.5,1.7000000000000002,6.6000000000000005,33.800000000000004,-7.400000000000001,-0.9000000000000001,16
2540,42468.0,-0.30000000000000004,-0.7000000000000001,-3.0,0.4,1.8,6.5,30.4,-3.7000000000000006,-2.6,16
2541,42484.0,-0.4,-0.6000000000000001,-3.0,0.30000000000000004,2.0,6.4,25.0,0.0,-4.800000000000001,16
2542,42501.0,-0.6000000000000001,-0.6000000000000001,-3.0,0.1,2.0,6.300000000000001,23.3,-3.1,-7.1000000000000005,16
2543,42518.0,-0.7000000000000001,-0.6000000000000001,-3.2,0.0,2.1,6.2,21.200000000000003,-4.800000000000001,-7.9,16
2544,42539.0,-0.6000000000000001,-0.4,-3.1,0.1,2.4000000000000004,6.300000000000001,12.9,-8.2,-9.0,16
2545,42558.0,-0.30000000000000004,-0.30000000000000004,-2.0,0.4,2.5,7.300000000000001,-0.2,-14.5,-12.4,16
2546,42572.0,-0.4,-0.30000000000000004,-2.0,0.5,2.5,7.6000000000000005,-5.2,-15.299999999999999,-15.399999999999999,16
2547,42584.0,-0.5,-0.1,-1.0,0.30000000000000004,2.6,8.4,-12.200000000000001,-9.700000000000001,-21.6,16
2548,42600.0,-0.6000000000000001,0.0,-0.8,0.2,2.8000000000000003,8.6,-17.0,-5.2,-23.900000000000006,16
2549,42617.0,-0.6000000000000001,0.0,-0.8,-0.1,2.8000000000000003,9.5,-30.000000000000004,1.1,-26.6,16
2550,42634.0,-0.9,0.1,1.4000000000000001,-0.1,2.7,10.9,-35.3,-1.6,-24.599999999999998,16
2551,42650.0,-0.8,0.2,1.8,0.0,2.7,11.200000000000001,-35.4,-6.699999999999999,-21.6,16
2552,42674.0,-0.1,0.4,2.5,0.7000000000000001,2.9000000000000004,12.0,-28.700000000000003,-20.8,-15.700000000000001,16
2553,42684.0,0.5,0.8,2.7,1.4000000000000001,3.1,12.200000000000001,-24.7,-24.400000000000002,-13.700000000000001,16
2554,42700.0,0.9,0.8,2.5,1.8,3.1,12.0,-25.4,-20.400000000000002,-14.800000000000002,16
2555,42717.0,1.1,0.9,1.9000000000000001,2.0,3.1,11.4,-33.300000000000004,-11.6,-21.6,16
2556,42737.0,1.2000000000000002,0.4,2.9000000000000004,2.1,2.5,12.4,-53.50000000000001,-14.5,-30.3,16
2557,42750.0,1.1,0.4,2.9000000000000004,2.0,2.2,12.9,-61.50000000000001,-12.200000000000001,-34.0,16
2558,42769.0,0.2,-0.5,4.1000000000000005,1.1,1.3,13.700000000000001,-67.3,0.4,-38.7,16
2559,42784.0,-0.5,-1.2000000000000002,4.3,0.4,0.4,13.9,-61.199999999999996,7.200000000000001,-26.6,16
2560,42801.0,-0.1,-1.6,4.6000000000000005,0.8,-0.1,14.200000000000001,-54.699999999999996,5.7,-14.200000000000001,16
2561,42817.0,1.0,-1.6,4.6000000000000005,1.9000000000000001,-0.2,14.200000000000001,-29.400000000000002,-9.700000000000001,13.700000000000001,16
2562,42838.0,2.6,-0.9,3.4000000000000004,3.5,0.30000000000000004,13.100000000000001,7.300000000000001,-31.0,33.400000000000006,16
2563,42850.0,3.0,-0.6000000000000001,2.6,4.0,0.7000000000000001,12.3,24.400000000000002,-38.2,36.1,16
2564,42872.0,3.3000000000000003,-0.2,0.5,4.4,1.1,10.100000000000001,47.2,-36.7,28.1,16
2565,42886.0,2.9000000000000004,-0.30000000000000004,-1.1,4.0,1.2000000000000002,7.9,50.3,-21.200000000000003,10.8,16
2566,42900.0,2.2,-0.4,-3.2,3.6,1.3,6.4,37.1,-5.300000000000001,-6.699999999999999,16
2567,42917.0,1.8,-0.4,-3.5,3.2,1.4000000000000001,6.1000000000000005,27.2,-1.6,-15.700000000000001,16
2568,42936.0,1.3,-0.6000000000000001,-3.2,2.7,1.2000000000000002,6.300000000000001,9.2,-2.3,-33.1,16
2569,42951.0,1.3,-0.6000000000000001,-3.2,2.3000000000000003,1.2000000000000002,6.6000000000000005,3.9,-4.2,-40.800000000000004,16
2570,42967.0,0.0,-1.0,-2.6,1.3,0.8,6.9,-0.2,-4.300000000000001,-51.1,16
2571,42989.0,-0.4,-1.2000000000000002,-2.5,0.6000000000000001,0.8,7.0,1.1,0.5,-51.300000000000004,16
2572,43001.0,-1.2000000000000002,-1.2000000000000002,-2.7,0.1,0.7000000000000001,6.800000000000001,3.3000000000000007,2.1,-48.70000000000001,16
2573,43017.0,-1.3,-1.2000000000000002,-2.8000000000000003,-0.1,0.9,6.5,3.9,2.5,-39.300000000000004,16
2574,43034.0,-1.3,-1.0,-3.1,-0.1,1.0,6.5,2.8,0.8,-34.2,16
2575,43056.0,-0.7000000000000001,-0.5,-2.6,0.5,1.5,6.9,-4.0,-9.700000000000001,-26.5,16
2576,43077.0,-0.4,-0.4,-2.2,0.8,1.6,7.4,-7.300000000000001,-8.0,-26.9,16
2577,43084.0,-0.4,-0.4,-2.0,0.8,1.6,7.5,-9.8,-3.3000000000000007,-27.400000000000002,16
2578,43101.0,-0.5,-0.1,-1.7000000000000002,0.7000000000000001,1.8,7.800000000000001,-14.700000000000001,8.4,-26.300000000000004,16
2579,43117.0,-0.6000000000000001,0.1,-1.6,0.6000000000000001,2.0,7.9,-15.8,12.5,-24.900000000000002,16
2580,43135.0,-0.8,0.4,-1.6,0.30000000000000004,2.3000000000000003,8.0,-17.0,16.3,-21.7,16
2581,43152.0,-0.7000000000000001,0.5,-1.5,0.30000000000000004,2.3000000000000003,8.1,-17.6,16.6,-19.700000000000003,16
2582,43179.0,-0.8,1.0,-0.9,0.2,2.8000000000000003,8.700000000000001,-16.900000000000002,12.7,-12.0,16
2583,43184.0,-0.7000000000000001,1.1,-0.9,0.2,2.8000000000000003,8.700000000000001,-16.900000000000002,12.7,-12.0,16
2584,43201.0,-0.7000000000000001,1.3,-0.2,0.30000000000000004,3.1,9.4,-15.6,9.4,-7.0,16
2585,43222.0,-0.7000000000000001,1.4000000000000001,0.2,0.4,3.1,10.3,-13.900000000000002,11.2,-1.9,16
2586,43234.0,-0.1,1.5,1.3,0.8,3.1,11.0,-7.6,15.8,5.300000000000001,16
2587,43250.0,0.2,1.5,1.4000000000000001,1.0,3.1,11.100000000000001,-2.5,13.5,8.8,16
2588,43270.0,0.8,1.6,1.5,2.0,3.3000000000000003,11.3,5.2,-1.0,12.600000000000001,16
2589,43284.0,2.3000000000000003,1.6,2.6,3.1,3.3000000000000003,12.200000000000001,3.3000000000000007,-14.300000000000002,7.8,16
2590,43301.0,2.5,1.6,3.1,3.4000000000000004,3.3000000000000003,12.8,2.5,-12.9,1.8000000000000003,16
2591,43317.0,2.5,1.4000000000000001,3.1,3.3000000000000003,3.1,12.700000000000001,5.9,6.300000000000001,-13.100000000000001,16
2592,43334.0,1.7000000000000002,1.4000000000000001,1.2000000000000002,2.5,3.2,10.8,0.2,22.1,-27.400000000000002,16
2593,43350.0,1.7000000000000002,1.4000000000000001,1.2000000000000002,2.5,2.8000000000000003,11.0,-14.600000000000001,14.0,-34.2,16
2594,43367.0,2.0,0.2,3.2,2.8000000000000003,1.4000000000000001,13.9,-42.900000000000006,-13.6,-45.6,16
2595,43385.0,1.9000000000000001,-2.0,6.5,2.6,-0.5,16.1,-47.60000000000001,-21.6,-47.5,16
2596,43402.0,2.1,-3.1,7.5,3.0,-1.7000000000000002,17.2,-25.5,-3.1,-31.6,16
2597,43417.0,2.3000000000000003,-2.8000000000000003,6.9,3.1,-1.5,16.5,-5.0,7.1000000000000005,-22.4,16
2598,43434.0,2.6,-2.6,5.5,3.5,-1.0,13.3,15.700000000000001,13.3,-16.1,16
2599,43452.0,2.8000000000000003,-2.4000000000000004,3.6,3.6,-1.0,12.100000000000001,38.7,14.400000000000002,-8.4,16
2600,43477.0,2.8000000000000003,-1.7000000000000002,-1.2000000000000002,3.5,0.0,8.5,52.5,8.5,-10.700000000000001,16
2601,43487.0,2.8000000000000003,-1.7000000000000002,-1.2000000000000002,3.5,0.0,8.5,53.10000000000001,6.2,-14.400000000000002,16
2602,43503.0,2.2,-1.3,-3.6,2.8000000000000003,0.6000000000000001,6.0,45.6,0.2,-22.4,16
2603,43525.0,1.5,-0.9,-4.4,2.1,1.1,5.2,29.500000000000004,-10.0,-28.900000000000002,16
2604,43535.0,1.2000000000000002,-1.0,-4.1000000000000005,1.9000000000000001,1.2000000000000002,5.5,15.299999999999999,-18.6,-33.1,16
2605,43558.0,0.8,-1.1,-2.2,1.4000000000000001,1.1,7.4,-8.3,-31.2,-40.300000000000004,16
2606,43581.0,-0.5,-1.3,-0.9,0.30000000000000004,0.8,8.700000000000001,-7.699999999999999,-20.7,-44.300000000000004,16
2607,43588.0,-0.5,-1.3,-0.9,0.30000000000000004,0.8,8.700000000000001,-7.699999999999999,-20.7,-44.300000000000004,16
2608,43600.0,-0.8,-1.1,-1.1,0.0,1.0,8.4,-2.6,-12.600000000000001,-41.50000000000001,16
2609,43617.0,-0.9,-0.6000000000000001,-2.0,-0.1,1.5,7.5,6.0,-4.7,-35.2,16
2610,43634.0,-0.8,-0.5,-2.1,0.0,1.6,7.4,7.1000000000000005,-5.4,-33.6,16
2611,43651.0,-0.8,-0.30000000000000004,-2.3000000000000003,-0.1,1.9000000000000001,7.2,5.1000000000000005,-8.2,-33.50000000000001,16
2612,43667.0,-1.2000000000000002,-0.1,-2.3000000000000003,-0.4,2.0,7.2,1.1,-5.300000000000001,-34.300000000000004,16
2613,43684.0,-1.6,-0.1,-2.3000000000000003,-0.8,2.1,7.2,-1.6,2.2,-32.300000000000004,16
2614,43701.0,-1.8,0.0,-2.3000000000000003,-1.1,2.1,7.2,-0.6000000000000001,3.9,-25.6,16
2615,43717.0,-1.8,0.1,-2.2,-1.0,2.3000000000000003,7.300000000000001,-0.4,1.2000000000000002,-21.300000000000004,16
2616,43734.0,-1.6,0.1,-2.0,-0.9,2.3000000000000003,7.5,-0.30000000000000004,-4.5,-17.200000000000003,16
2617,43750.0,-1.1,0.2,-1.6,-0.2,2.5,8.1,0.5,-13.200000000000003,-12.600000000000001,16
2618,43767.0,-0.4,0.4,-1.1,0.4,2.6,8.4,-2.8,-9.600000000000001,-15.399999999999999,16
2619,43785.0,-0.30000000000000004,0.2,-0.7000000000000001,0.4,2.4000000000000004,8.9,-11.2,2.2,-21.200000000000003,16
2620,43801.0,-0.5,0.1,-0.1,0.2,2.2,9.4,-15.6,7.6,-21.900000000000002,16
2621,43817.0,-0.4,0.0,0.30000000000000004,0.30000000000000004,2.1,9.8,-14.600000000000001,5.1000000000000005,-19.9,16
2622,43834.0,-0.30000000000000004,0.0,0.30000000000000004,0.4,2.1,9.9,-11.700000000000001,0.8,-17.200000000000003,16
2623,43853.0,0.6000000000000001,0.2,0.5,1.3,2.3000000000000003,10.100000000000001,-6.0,-4.0,-10.1,16
2624,43869.0,0.6000000000000001,0.2,0.5,1.6,2.4000000000000004,10.0,-5.1000000000000005,-3.2,-9.899999999999999,16
2625,43884.0,1.4000000000000001,0.6000000000000001,0.0,2.1,2.6,9.5,-6.600000000000001,-4.2,-12.9,16
2626,43900.0,1.7000000000000002,0.8,-0.2,2.4000000000000004,2.8000000000000003,9.4,-11.4,-6.9,-15.899999999999999,16
2627,43917.0,2.2,0.7000000000000001,0.2,2.9000000000000004,2.8000000000000003,9.700000000000001,-26.400000000000006,-8.899999999999999,-25.7,16
2628,43934.0,2.0,0.4,0.6000000000000001,2.7,2.3000000000000003,10.200000000000001,-41.7,-1.9,-42.0,16
2629,43950.0,1.7000000000000002,0.4,0.6000000000000001,2.4000000000000004,2.2,10.200000000000001,-48.800000000000004,2.3,-49.300000000000004,16
2630,43967.0,0.7000000000000001,0.30000000000000004,0.4,1.4000000000000001,2.1,10.100000000000001,-68.1,10.1,-59.40000000000001,16
2631,43984.0,0.30000000000000004,0.4,1.1,0.6000000000000001,1.6,11.4,-89.9,13.900000000000002,-64.30000000000001,16
2632,44000.0,-0.8,-0.5,3.4000000000000004,-0.6000000000000001,0.30000000000000004,14.100000000000001,-110.9,16.1,-59.5,16
2633,44018.0,-1.6,-1.0,6.0,-1.1,-0.1,15.8,-110.2,11.900000000000002,-47.400000000000006,16
2634,44034.0,-1.3,-1.2000000000000002,6.5,-0.9,-0.4,16.3,-99.10000000000001,6.699999999999999,-29.200000000000003,16
2635,44056.0,0.7000000000000001,-0.4,5.5,1.1,0.0,15.3,-27.2,-12.4,29.1,16
2636,44072.0,2.4000000000000004,0.30000000000000004,3.1,3.0,0.7000000000000001,12.9,11.6,-16.3,51.9,16
2637,44084.0,3.2,0.4,2.3000000000000003,3.7,0.8,12.100000000000001,22.4,-19.700000000000003,54.50000000000001,16
2638,44102.0,4.0,0.4,1.5,5.1000000000000005,0.7000000000000001,11.0,32.400000000000006,-27.700000000000003,43.1,16
2639,44117.0,4.7,0.0,0.6000000000000001,5.4,0.5,10.4,34.300000000000004,-28.0,30.799999999999997,16
2640,44134.0,4.3,-0.7000000000000001,-0.30000000000000004,5.1000000000000005,-0.1,9.5,32.400000000000006,-18.8,1.1,16
2641,44150.0,4.3,-0.8,-0.30000000000000004,5.0,-0.30000000000000004,9.3,29.600000000000005,-10.600000000000001,-13.000000000000002,16
2642,44167.0,3.2,-1.7000000000000002,-1.1,4.1000000000000005,-1.0,8.6,22.000000000000004,5.300000000000001,-35.4,16
2643,44185.0,2.5,-2.3000000000000003,-1.6,3.3000000000000003,-1.5,8.200000000000001,17.9,13.399999999999999,-50.1,16
2644,44201.0,2.0,-2.5,-1.9000000000000001,2.8000000000000003,-1.6,7.800000000000001,16.3,13.6,-55.2,16
2645,44217.0,1.3,-2.6,-2.2,2.0,-1.7000000000000002,7.5,11.000000000000002,9.0,-59.9,16
2646,44234.0,1.3,-2.6,-2.2,1.9000000000000001,-1.6,7.4,7.9,7.1000000000000005,-59.80000000000001,16
2647,44250.0,0.7000000000000001,-2.3000000000000003,-2.5,1.4000000000000001,-1.3,7.2,0.9000000000000001,5.300000000000001,-55.900000000000006,16
2648,44267.0,0.4,-1.8,-2.4000000000000004,1.1,-0.8,7.4,-4.6,-0.5,-47.60000000000001,16
2649,44284.0,0.7000000000000001,-1.3,-2.0,1.4000000000000001,-0.30000000000000004,7.7,-3.4,-10.4,-37.400000000000006,16
2650,44301.0,1.0,-0.9,-2.0,1.9000000000000001,0.30000000000000004,7.7,2.2,-18.1,-32.0,16
2651,44317.0,1.6,-0.30000000000000004,-2.3000000000000003,2.3000000000000003,0.7000000000000001,7.5,4.1,-19.5,-32.400000000000006,16
2652,44334.0,1.8,0.1,-2.7,2.5,1.2000000000000002,7.1000000000000005,2.0,-18.4,-39.599999999999994,16
2653,44351.0,1.8,0.2,-2.7,2.6,1.2000000000000002,7.1000000000000005,-2.5,-16.700000000000003,-45.099999999999994,16
2654,44368.0,1.6,0.4,-2.2,2.4000000000000004,1.4000000000000001,7.5,-13.6,-13.6,-56.400000000000006,16
2655,44386.0,1.3,0.30000000000000004,-1.3,2.1,1.3,8.4,-17.300000000000004,-10.700000000000001,-63.900000000000006,16
2656,44401.0,1.1,0.30000000000000004,-1.1,1.8,1.3,8.6,-12.200000000000001,-8.0,-66.3,16
2657,44417.0,0.9,0.4,-1.3,1.7000000000000002,1.4000000000000001,8.4,-10.8,-7.0,-66.4,16
2658,44434.0,1.0,0.7000000000000001,-1.8,1.8,1.6,7.9,-6.699999999999999,-0.8,-67.10000000000001,16
2659,44451.0,0.8,1.0,-2.0,1.7000000000000002,1.9000000000000001,7.800000000000001,-7.500000000000001,3.1,-71.5,16
2660,44467.0,0.8,1.0,-2.0,1.5,1.9000000000000001,7.9,-9.3,2.8,-74.80000000000001,16
2661,44485.0,0.4,1.0,-1.5,0.9,1.8,8.6,-11.5,3.9,-77.5,16
2662,44501.0,-0.1,0.9,-0.2,0.7000000000000001,1.8,9.600000000000001,-7.0,4.800000000000001,-73.0,16
2663,44517.0,0.2,0.8,0.2,0.9,1.7000000000000002,10.0,-2.1,5.4,-69.3,16
2664,44534.0,0.30000000000000004,0.8,0.1,0.9,2.1,9.4,4.9,9.0,-66.1,16
2665,44551.0,0.30000000000000004,1.2000000000000002,-0.30000000000000004,1.0,2.3000000000000003,9.200000000000001,17.7,16.900000000000002,-62.6,16
2666,44567.0,0.5,1.8,-1.2000000000000002,1.1,2.8000000000000003,8.5,18.6,19.1,-65.8,16
2667,44584.0,0.1,1.9000000000000001,-0.7000000000000001,0.6000000000000001,3.1,9.0,10.200000000000001,27.099999999999998,-74.89999999999999,16
2668,44600.0,-0.7000000000000001,2.1,-1.2000000000000002,0.2,2.9000000000000004,8.8,9.5,37.800000000000004,-76.2,16
2669,44618.0,-1.3,2.6,-1.3,-1.0,3.8000000000000003,8.4,7.0,51.1,-76.5,16
2670,44639.0,-1.3,1.8,0.0,-1.2000000000000002,3.0,9.700000000000001,-5.4,27.400000000000002,-72.0,16
2671,44650.0,-1.2000000000000002,1.8,0.0,-1.0,2.5,10.9,-12.299999999999999,7.1000000000000005,-68.60000000000001,16
2672,44667.0,-0.4,0.2,3.5,-0.5,1.4000000000000001,13.200000000000001,-10.9,-31.3,-63.500000000000014,16
2673,44686.0,0.1,-0.8,4.7,0.6000000000000001,-0.2,14.9,-8.2,-56.6,-57.3,16
2674,44704.0,2.3000000000000003,-2.5,6.9,2.5,-1.4000000000000001,16.6,-10.4,-46.300000000000004,-54.6,16
2675,44721.0,2.8000000000000003,-2.9000000000000004,7.2,3.1,-2.2,16.8,-6.4,-10.8,-67.5,16
2676,44734.0,2.2,-3.7,6.300000000000001,2.5,-2.6,16.0,-5.500000000000001,9.5,-73.7,16
2677,44751.0,1.6,-3.8000000000000003,5.7,1.9000000000000001,-2.7,15.4,-6.0,25.4,-75.7,16
2678,44775.0,0.8,-4.0,3.0,0.9,-2.9000000000000004,12.700000000000001,7.300000000000001,38.60000000000001,-56.2,16
2679,44784.0,0.9,-3.9000000000000004,2.4000000000000004,0.9,-2.9000000000000004,12.100000000000001,15.299999999999999,30.1,-43.4,16
2680,44801.0,1.4000000000000001,-3.3000000000000003,0.8,1.6,-1.9000000000000001,10.100000000000001,22.4,17.400000000000002,-29.700000000000006,16
2681,44817.0,2.3000000000000003,-2.6,-0.6000000000000001,2.3000000000000003,-1.4000000000000001,9.200000000000001,32.400000000000006,-11.1,-8.600000000000001,16
2682,44834.0,2.7,-2.0,-1.2000000000000002,3.1,0.0,7.800000000000001,34.50000000000001,-24.900000000000002,-3.2,16
2683,44852.0,3.3000000000000003,-0.30000000000000004,-3.1,3.4000000000000004,1.1,6.6000000000000005,29.600000000000005,-24.1,-11.2,16
2684,44869.0,3.1,0.0,-3.5,3.2,1.5,6.2,27.3,-23.099999999999998,-14.200000000000001,16
2685,44887.0,2.6,0.30000000000000004,-3.9000000000000004,2.6,1.9000000000000001,5.7,14.600000000000001,-21.400000000000002,-27.6,16
2686,44905.0,1.9000000000000001,0.6000000000000001,-4.0,2.2,2.1,5.7,-0.30000000000000004,-24.1,-36.400000000000006,16
2687,44917.0,1.6,0.8,-3.4000000000000004,1.8,2.4000000000000004,6.2,-6.4,-29.0,-40.0,16
2688,44934.0,1.1,0.9,-2.8000000000000003,1.5,2.5,6.9,-12.200000000000001,-41.199999999999996,-46.7,16
2689,44950.0,0.9,1.0,-2.5,1.3,2.6,7.2,-12.7,-45.3,-49.1,16
2690,44969.0,0.6000000000000001,1.2000000000000002,-1.9000000000000001,1.2000000000000002,2.7,7.7,-13.000000000000002,-47.3,-53.8,16
2691,44985.0,0.30000000000000004,1.4000000000000001,-1.3,0.9,3.0,8.1,-3.7000000000000006,-34.50000000000001,-60.300000000000004,16
2692,45001.0,-0.7000000000000001,1.8,-3.0,0.1,3.3000000000000003,6.7,1.6,-13.900000000000002,-68.0,16
2693,45017.0,-1.1,2.0,-3.4000000000000004,-0.4,3.5,6.300000000000001,-2.4000000000000004,-6.9,-70.7,16
2694,45034.0,-1.3,2.1,-3.3000000000000003,-0.6000000000000001,3.6,6.300000000000001,-7.9,-6.1000000000000005,-72.50000000000001,16
2695,45055.0,-2.0,2.3000000000000003,-2.8000000000000003,-1.4000000000000001,3.7,7.9,-18.900000000000002,-29.300000000000004,-72.50000000000001,16
2696,45067.0,-2.1,2.1,-0.9,-1.3,3.5,8.8,-20.2,-35.0,-69.80000000000001,16
2697,45085.0,-2.1,1.8,0.6000000000000001,-1.3,3.2,10.3,-13.3,-31.6,-61.8,16
2698,45105.0,-1.6,1.8,1.0,-0.7000000000000001,3.2,10.700000000000001,2.2,-17.0,-50.1,16
2699,45117.0,-1.2000000000000002,1.9000000000000001,0.7000000000000001,-0.2,3.3000000000000003,10.4,9.700000000000001,-12.0,-46.4,16
2700,45135.0,-0.9,1.8,0.6000000000000001,0.1,3.3000000000000003,10.200000000000001,14.400000000000002,-10.1,-45.0,16
2701,45150.0,-0.30000000000000004,1.8,0.5,0.9,3.2,10.3,12.600000000000001,-12.5,-47.60000000000001,16
2702,45168.0,0.2,1.3,1.1,1.1,2.8000000000000003,11.0,8.5,-8.700000000000001,-54.9,16
2703,45184.0,0.2,1.0,1.5,1.1,2.5,11.100000000000001,8.100000000000001,5.8,-58.900000000000006,16
2704,45201.0,0.5,0.7000000000000001,0.8,1.4000000000000001,2.4000000000000004,10.4,6.9,15.399999999999999,-61.199999999999996,16
2705,45217.0,0.6000000000000001,0.7000000000000001,0.7000000000000001,1.5,2.4000000000000004,10.3,0.9000000000000001,12.200000000000001,-63.30000000000001,16
2706,45234.0,0.7000000000000001,0.7000000000000001,0.7000000000000001,1.7000000000000002,2.3000000000000003,10.600000000000001,-8.4,5.500000000000001,-65.4,16
2707,45250.0,1.9000000000000001,0.1,2.6,2.6,1.7000000000000002,12.200000000000001,-28.0,-8.0,-76.60000000000001,16
2708,45267.0,1.4000000000000001,-1.5,4.5,2.1,0.1,14.100000000000001,-53.8,-13.399999999999999,-90.1,16
2709,45284.0,0.8,-3.9000000000000004,6.7,1.5,-2.5,16.3,-66.60000000000001,14.200000000000001,-75.60000000000001,16
2710,45301.0,0.5,-4.3,7.1000000000000005,1.1,-3.2,16.7,-34.60000000000001,36.9,-32.7,16
2711,45317.0,1.3,-4.4,6.0,1.8,-3.2,15.700000000000001,-19.200000000000003,35.699999999999996,-19.200000000000003,16
2712,45335.0,4.0,-2.9000000000000004,1.8,4.4,-1.7000000000000002,11.5,50.3,4.2,33.300000000000004,16
2713,45350.0,5.1000000000000005,-2.2,0.30000000000000004,5.5,-1.0,10.100000000000001,71.8,-22.4,48.2,16
2714,45367.0,6.0,-0.7000000000000001,-1.8,7.1000000000000005,1.2000000000000002,7.300000000000001,75.7,-65.10000000000001,38.900000000000006,16
2715,45384.0,6.9,-0.1,-3.1,7.800000000000001,1.7000000000000002,6.300000000000001,34.900000000000006,-62.4,1.3,16
2716,45401.0,6.0,-0.5,-3.1,6.9,1.3,6.5,6.8,-42.1,-25.1,16
2717,45417.0,5.0,-0.5,-2.6,4.6000000000000005,1.0,7.800000000000001,-43.50000000000001,7.699999999999999,-68.2,16
2718,45434.0,1.5,-1.2000000000000002,-0.8,2.4000000000000004,0.4,8.8,-54.9,32.5,-76.89999999999999,16
2719,45451.0,1.0,-1.0,-0.6000000000000001,1.8,0.5,9.0,-47.5,27.5,-71.19999999999999,16
2720,45467.0,0.7000000000000001,-0.7000000000000001,-0.7000000000000001,1.4000000000000001,0.8,8.9,-14.400000000000002,-4.300000000000001,-53.300000000000004,16
2721,45485.0,1.0,0.2,-2.2,1.8,1.6,7.5,10.4,-31.5,-41.300000000000004,16
2722,45500.0,1.3,0.7000000000000001,-3.1,2.1,2.2,6.6000000000000005,11.700000000000001,-29.300000000000004,-44.00000000000001,16
2723,45523.0,1.2000000000000002,0.8,-3.3000000000000003,2.1,2.3000000000000003,6.4,6.9,-20.7,-49.300000000000004,16
2724,45535.0,0.8,0.9,-3.2,1.7000000000000002,2.4000000000000004,6.4,-4.300000000000001,-2.3,-59.60000000000001,16
2725,45551.0,0.5,0.8,-3.2,1.0,2.3000000000000003,6.6000000000000005,-7.500000000000001,2.8,-63.10000000000001,16
2726,45567.0,-0.1,0.8,-3.0,0.7000000000000001,2.3000000000000003,6.7,-7.0,1.6,-64.2,16
2727,45584.0,-0.30000000000000004,1.1,-2.8000000000000003,0.5,2.6,6.9,-5.500000000000001,-8.700000000000001,-60.1,16
2728,45600.0,-0.2,1.3,-2.4000000000000004,0.6000000000000001,2.8000000000000003,7.300000000000001,-6.8,-14.0,-59.300000000000004,16
2729,45617.0,-0.30000000000000004,1.4000000000000001,-1.1,0.5,2.9000000000000004,8.5,-13.5,-12.5,-61.39999999999999,16
2730,45635.0,-0.7000000000000001,1.2000000000000002,-0.2,0.1,2.7,9.5,-14.800000000000002,9.3,-61.10000000000001,16
2731,45650.0,-0.7000000000000001,1.2000000000000002,-0.2,0.1,2.6,9.600000000000001,-11.8,22.5,-57.400000000000006,16
2732,45667.0,-0.8,1.2000000000000002,0.1,-0.2,2.5,9.8,-0.7,34.800000000000004,-44.5,16
2733,45684.0,-0.2,1.0,-0.1,0.30000000000000004,2.5,9.600000000000001,15.8,22.1,-25.200000000000003,16
2734,45702.0,0.8,1.0,-0.1,1.7000000000000002,2.6,9.5,26.300000000000004,0.2,-15.399999999999999,16
2735,45717.0,1.9000000000000001,1.2000000000000002,-0.1,2.4000000000000004,2.8000000000000003,9.5,25.4,-5.8,-16.3,16
2736,45734.0,2.5,1.0,0.8,3.0,2.7,10.4,11.3,-6.1000000000000005,-28.600000000000005,16
2737,45751.0,2.5,1.0,0.8,3.0,2.6,10.8,3.6000000000000005,2.1,-36.5,16
2738,45767.0,2.3000000000000003,1.0,1.7000000000000002,2.5,2.6,11.8,-3.2,21.8,-47.2,16
2739,45784.0,1.4000000000000001,1.0,1.3,1.7000000000000002,2.7,11.0,1.8000000000000003,48.9,-51.4,16
2740,45800.0,1.3,1.3,0.30000000000000004,1.6,3.0,10.0,4.4,50.0,-50.0,16
2741,45817.0,1.6,1.5,0.1,2.0,3.3000000000000003,10.3,-4.9,21.1,-48.70000000000001,16
2742,45834.0,2.5,1.3,1.4000000000000001,2.4000000000000004,3.0,11.100000000000001,-15.899999999999999,-1.3,-52.60000000000001,16
2743,45852.0,2.8000000000000003,0.1,4.0,2.8000000000000003,1.8,13.600000000000001,-31.2,-21.200000000000003,-65.3,16
2744,45867.0,2.3000000000000003,-1.6,5.300000000000001,2.3000000000000003,-0.1,15.0,-30.599999999999998,-4.4,-68.1,16
2745,45885.0,1.7000000000000002,-1.8,4.4,1.7000000000000002,-0.4,14.100000000000001,-7.300000000000001,25.1,-54.50000000000001,16
2746,45901.0,1.7000000000000002,-1.7000000000000002,2.4000000000000004,1.7000000000000002,-0.1,11.3,21.7,24.5,-36.1,16
2747,45917.0,2.2,-1.2000000000000002,0.2,2.0,0.30000000000000004,9.9,30.4,10.4,-29.300000000000004,16
2748,45934.0,3.0,-1.2000000000000002,-0.6000000000000001,2.8000000000000003,0.4,9.1,33.800000000000004,-27.5,-24.8,16
2749,45956.0,3.4000000000000004,-1.2000000000000002,-0.4,3.3000000000000003,0.5,9.200000000000001,27.099999999999998,-48.300000000000004,-31.0,16
2750,45967.0,3.3000000000000003,-1.2000000000000002,-0.5,3.3000000000000003,0.5,9.1,23.400000000000002,-49.699999999999996,-37.9,16
2751,45984.0,3.1,-1.4000000000000001,-0.4,3.2,0.4,9.3,10.200000000000001,-40.0,-55.2,16
2752,46000.0,2.6,-1.5,-0.1,2.7,0.30000000000000004,9.5,3.0,-29.500000000000004,-64.4,16
2753,46017.0,1.3,-1.7000000000000002,-0.30000000000000004,1.4000000000000001,0.2,9.3,-4.1,-8.8,-78.10000000000001,16
2754,46034.0,0.2,-1.6,-0.8,0.4,0.2,8.9,-2.7,-8.0,-78.80000000000001,16
2755,46057.0,0.2,-1.4000000000000001,-0.8,0.4,0.4,8.9,3.1,-26.300000000000004,-70.9,16
2756,46067.0,0.4,-1.3,-0.6000000000000001,0.6000000000000001,0.5,9.0,7.300000000000001,-37.6,-67.10000000000001,16
2757,46084.0,1.1,-1.1,-0.4,1.4000000000000001,0.8,9.200000000000001,13.700000000000001,-47.400000000000006,-64.7,16
2758,46101.0,1.3,-0.9,-0.9,1.7000000000000002,1.0,8.8,16.900000000000002,-34.7,-70.9,16
2759,46117.0,1.1,-0.8,-1.6,1.6,1.1,8.0,16.8,-23.400000000000002,-75.5,16
2760,46136.0,0.7000000000000001,-0.6000000000000001,-2.8000000000000003,1.2000000000000002,1.4000000000000001,6.800000000000001,16.700000000000003,-3.2,-83.30000000000001,16
2761,46155.0,0.4,-0.2,-3.8000000000000003,0.8,1.8,5.800000000000001,12.100000000000001,3.4,-94.10000000000001,16
2762,46174.0,-0.6000000000000001,0.2,-4.4,-0.30000000000000004,2.3000000000000003,5.2,-8.700000000000001,-7.200000000000001,-105.7,16
2763,46185.0,-1.0,0.1,-4.0,-0.7000000000000001,2.2,5.6000000000000005,-24.7,-15.299999999999999,-108.90000000000002,16
2764,46204.0,-1.7000000000000002,-0.1,-1.7000000000000002,-1.4000000000000001,1.9000000000000001,7.9,-44.9,-24.8,-108.7,16
2765,46217.0,-2.1,-0.30000000000000004,-0.30000000000000004,-1.8,1.7000000000000002,9.3,-51.2,-28.600000000000005,-106.0,16
2766,46234.0,-2.6,-0.2,0.9,-2.2,1.6,10.5,-46.4,-28.700000000000003,-93.7,16
2767,46252.0,-2.5,0.30000000000000004,1.3,-2.1,1.9000000000000001,11.0,-31.7,-26.799999999999997,-71.10000000000001,16
2768,46270.0,-2.5,0.30000000000000004,1.3,-1.8,2.1,11.100000000000001,-23.900000000000006,-27.2,-59.20000000000001,16
2769,46284.0,-1.1,1.2000000000000002,1.4000000000000001,-0.7000000000000001,2.7,11.100000000000001,-11.6,-30.699999999999996,-42.800000000000004,16
2770,46302.0,-0.4,1.5,1.3,0.1,3.0,11.0,-7.400000000000001,-30.799999999999997,-38.50000000000001,16
2771,46321.0,-0.4,1.5,1.3,0.1,3.0,11.0,-7.400000000000001,-30.799999999999997,-38.50000000000001,16
2772,46340.0,0.9,2.2,0.6000000000000001,1.5,3.6,10.3,-6.600000000000001,-18.6,-45.400000000000006,16
2773,46350.0,0.9,2.2,0.7000000000000001,1.5,3.6,10.4,-9.899999999999999,-16.5,-51.0,16
2774,46367.0,0.9,2.2,0.7000000000000001,1.5,3.6,10.4,-9.899999999999999,-16.5,-51.0,16
2775,46383.0,0.6000000000000001,2.0,0.6000000000000001,1.2000000000000002,3.5,10.3,-17.6,-7.400000000000001,-69.60000000000001,16
2776,46400.0,0.4,1.8,0.6000000000000001,1.1,3.2,10.3,-29.400000000000002,-7.200000000000001,-78.7,16
2777,46417.0,0.5,1.2000000000000002,2.3000000000000003,1.1,2.5,12.0,-49.0,-10.0,-88.10000000000001,16
2778,46434.0,-0.2,-0.4,4.4,0.4,0.7000000000000001,14.200000000000001,-61.7,-4.800000000000001,-95.80000000000001,16
2779,46450.0,-0.4,-0.7000000000000001,4.800000000000001,0.2,0.30000000000000004,14.5,-62.1,1.1,-91.8,16
2780,46471.0,-0.1,-2.1,6.1000000000000005,0.4,-1.3,15.8,-32.9,8.8,-46.800000000000004,16
2781,46490.0,0.9,-1.8,4.5,1.4000000000000001,-1.1,14.3,11.8,-2.8,-11.1,16
2782,46504.0,1.5,-1.5,3.2,2.0,-0.8,13.0,31.799999999999997,-9.2,4.300000000000001,16
2783,46520.0,2.4000000000000004,-1.3,1.5,3.7,0.1,10.100000000000001,55.2,-18.6,23.0,16
2784,46536.0,4.2,-0.2,-1.3,4.800000000000001,0.7000000000000001,8.4,60.1,-21.6,23.400000000000002,16
2785,46554.0,4.7,0.30000000000000004,-3.4000000000000004,5.4,1.4000000000000001,6.300000000000001,56.300000000000004,-26.000000000000004,8.5,16
2786,46581.0,3.8000000000000003,0.1,-4.0,4.5,1.5,5.7,31.5,-20.7,-22.8,16
2787,46585.0,3.5,0.0,-3.9000000000000004,4.3,1.4000000000000001,5.800000000000001,13.3,-13.100000000000001,-37.0,16
2788,46602.0,2.8000000000000003,-0.30000000000000004,-3.2,3.6,1.1,6.5,-4.4,-6.4,-48.6,16
2789,46618.0,1.6,-0.6000000000000001,-1.6,2.4000000000000004,0.8,8.1,-20.8,-5.7,-63.2,16
2790,46634.0,0.8,-0.7000000000000001,-1.0,1.6,0.6000000000000001,8.700000000000001,-11.6,-13.200000000000003,-64.10000000000001,16
2791,46650.0,0.8,-0.7000000000000001,-1.0,1.5,0.7000000000000001,8.5,-2.5,-15.100000000000001,-59.9,16
2792,46668.0,0.5,-0.4,-2.0,1.4000000000000001,1.1,7.2,13.900000000000002,-15.000000000000002,-52.400000000000006,16
2793,46692.0,0.9,0.1,-3.3000000000000003,1.8,1.7000000000000002,6.1000000000000005,15.299999999999999,-12.8,-51.70000000000001,16
2794,46700.0,1.0,0.7000000000000001,-4.0,1.7000000000000002,2.2,5.5,4.7,-8.3,-62.7,16
2795,46717.0,0.4,1.0,-4.2,1.3,2.5,5.5,-4.800000000000001,-7.300000000000001,-69.60000000000001,16
2796,46734.0,-0.1,1.0,-2.9000000000000004,0.7000000000000001,2.4000000000000004,6.7,-24.7,-10.0,-77.60000000000001,16
2797,46750.0,-0.5,0.9,-1.0,0.30000000000000004,2.3000000000000003,8.700000000000001,-31.0,-14.600000000000001,-78.4,16
2798,46769.0,-0.5,0.9,-1.0,0.2,2.2,9.1,-26.300000000000004,-13.200000000000003,-75.5,16
2799,46784.0,-0.8,1.0,-0.6000000000000001,0.1,2.3000000000000003,9.1,-10.1,0.5,-64.10000000000001,16
2800,46802.0,-0.6000000000000001,1.7000000000000002,-2.2,0.2,3.0,7.5,0.1,12.8,-55.0,16
2801,46818.0,-0.5,2.2,-2.5,0.30000000000000004,3.5,7.2,-4.300000000000001,12.4,-53.10000000000001,16
2802,46834.0,-0.5,2.0,-1.0,0.2,3.3000000000000003,8.700000000000001,-18.200000000000003,5.4,-52.7,16
2803,46852.0,-0.8,1.9000000000000001,0.30000000000000004,-0.2,3.2,10.0,-13.700000000000001,8.0,-47.5,16
2804,46873.0,-1.1,1.9000000000000001,0.30000000000000004,-0.5,3.1,10.0,3.1,15.6,-31.2,16
2805,46884.0,-0.7000000000000001,2.1,-0.1,-0.1,3.4000000000000004,9.600000000000001,11.2,15.299999999999999,-20.0,16
2806,46901.0,0.30000000000000004,2.5,-0.30000000000000004,1.4000000000000001,3.8000000000000003,9.600000000000001,15.6,-4.2,-8.5,16
2807,46917.0,2.0,2.3000000000000003,0.6000000000000001,2.6,3.7,10.3,13.700000000000001,-16.0,-9.4,16
2808,46934.0,2.2,2.3000000000000003,1.0,3.2,3.5,11.8,9.0,-23.800000000000004,-21.900000000000002,16
2809,46953.0,2.3000000000000003,1.8,2.8000000000000003,3.0,3.2,12.5,8.700000000000001,-4.4,-39.0,16
2810,46967.0,1.9000000000000001,1.6,3.0,2.6,3.0,12.700000000000001,11.1,14.400000000000002,-45.099999999999994,16
2811,46987.0,0.9,1.7000000000000002,1.1,1.4000000000000001,3.2,10.8,17.0,47.60000000000001,-50.2,16
2812,47001.0,0.6000000000000001,2.0,0.6000000000000001,0.8,3.5,10.100000000000001,9.2,44.7,-50.1,16
2813,47018.0,0.5,1.6,0.9,0.8,3.1,10.5,2.3,36.5,-49.199999999999996,16
2814,47034.0,0.4,0.9,2.0,0.5,2.4000000000000004,11.700000000000001,-6.1000000000000005,16.0,-46.1,16
2815,47055.0,0.2,-0.2,3.5,0.30000000000000004,1.4000000000000001,13.200000000000001,-8.8,-9.899999999999999,-41.199999999999996,16
2816,47073.0,0.2,-0.7000000000000001,4.800000000000001,0.30000000000000004,0.8,14.5,-10.4,-20.7,-29.300000000000004,16
2817,47084.0,0.2,-0.7000000000000001,4.800000000000001,0.4,0.5,14.8,-5.0,-17.7,-21.7,16
2818,47101.0,0.7000000000000001,-1.4000000000000001,4.2,0.9,0.1,13.9,19.700000000000003,-2.2,-5.2,16
2819,47117.0,0.7000000000000001,-1.1,2.4000000000000004,0.9,0.5,12.0,35.0,2.2,0.8,16
2820,47136.0,1.1,-0.7000000000000001,-0.5,1.3,1.0,9.200000000000001,47.3,-5.300000000000001,7.8,16
2821,47151.0,1.1,-0.7000000000000001,-0.5,1.3,1.0,9.200000000000001,47.3,-5.300000000000001,7.8,16
2822,47180.0,1.5,-0.8,-0.5,1.8,1.1,9.1,4.1,-27.700000000000003,-12.8,16
2823,47184.0,1.5,-0.8,-0.5,1.8,1.0,9.600000000000001,4.1,-27.700000000000003,-12.8,16
2824,47202.0,0.9,-1.0,0.5,1.3,0.9,10.100000000000001,4.300000000000001,-15.399999999999999,-19.700000000000003,16
2825,47217.0,0.6000000000000001,-1.1,0.2,1.1,0.9,9.8,8.4,-9.700000000000001,-20.3,16
2826,47234.0,0.6000000000000001,-0.9,-0.9,1.0,1.1,8.700000000000001,16.3,-4.800000000000001,-18.1,16
2827,47251.0,0.6000000000000001,-0.8,-1.2000000000000002,1.0,1.3,8.4,18.4,-5.9,-17.400000000000002,16
2828,47279.0,0.7000000000000001,-0.4,-2.2,1.2000000000000002,1.7000000000000002,7.4,22.4,-11.700000000000001,-19.6,16
2829,47284.0,0.7000000000000001,-0.5,-2.2,1.2000000000000002,1.7000000000000002,7.2,22.2,-10.9,-21.400000000000002,16
2830,47301.0,0.8,0.0,-2.8000000000000003,1.3,2.2,6.7,17.5,-6.699999999999999,-25.200000000000003,16
2831,47318.0,0.7000000000000001,0.2,-2.8000000000000003,1.2000000000000002,2.4000000000000004,6.800000000000001,13.6,-4.7,-29.800000000000004,16
2832,47334.0,0.30000000000000004,0.2,-2.5,0.8,2.5,7.0,8.5,3.4,-36.400000000000006,16
2833,47351.0,0.30000000000000004,0.2,-2.5,0.6000000000000001,2.7,6.9,7.9,6.500000000000001,-38.900000000000006,16
2834,47367.0,-0.2,0.6000000000000001,-2.7,0.2,2.9000000000000004,6.800000000000001,6.600000000000001,3.8,-43.1,16
2835,47387.0,-0.6000000000000001,0.8,-2.4000000000000004,-0.2,3.2,7.1000000000000005,2.5,-1.8000000000000003,-45.400000000000006,16
2836,47401.0,-1.0,0.9,-1.4000000000000001,-0.6000000000000001,3.3000000000000003,8.1,-2.0,-2.3,-43.00000000000001,16
2837,47417.0,-1.0,0.9,-0.9,-0.7000000000000001,3.3000000000000003,8.6,-0.8,-1.0,-40.7,16
2838,47436.0,-0.9,1.0,-0.7000000000000001,-0.6000000000000001,3.4000000000000004,8.8,4.4,-3.0,-33.6,16
2839,47456.0,-0.2,1.3,-0.2,0.1,3.7,9.3,5.6,-12.0,-28.600000000000005,16
2840,47469.0,-0.2,1.3,-0.2,0.4,3.6,9.700000000000001,4.9,-18.8,-27.2,16
2841,47484.0,0.7000000000000001,1.2000000000000002,0.9,1.1,3.6,10.4,1.9,-22.1,-28.3,16
2842,47501.0,0.8,1.3,1.3,1.2000000000000002,3.8000000000000003,10.8,0.6000000000000001,-10.299999999999999,-34.50000000000001,16
2843,47517.0,0.5,1.6,0.8,0.9,4.0,10.3,1.7,-2.1,-37.9,16
2844,47534.0,0.30000000000000004,1.9000000000000001,0.2,0.7000000000000001,4.4,9.700000000000001,-3.1,6.8,-43.1,16
2845,47550.0,0.5,2.1,0.30000000000000004,0.8,4.6000000000000005,9.8,-11.4,5.2,-45.9,16
2846,47567.0,0.9,1.9000000000000001,2.0,1.2000000000000002,4.4,11.5,-33.6,-3.7000000000000006,-57.49999999999999,16
2847,47585.0,0.7000000000000001,1.5,3.1,0.30000000000000004,3.1,14.0,-53.0,-16.5,-73.4,16
2848,47601.0,-1.1,-1.6,7.4,-0.8,0.6000000000000001,17.0,-51.300000000000004,-16.5,-65.5,16
2849,47617.0,-1.3,-2.4000000000000004,7.6000000000000005,-1.0,-0.30000000000000004,17.2,-35.699999999999996,-4.0,-49.4,16
2850,47634.0,-1.3,-2.4000000000000004,7.1000000000000005,-0.30000000000000004,-0.4,14.700000000000001,-13.900000000000002,6.699999999999999,-31.7,16
2851,47651.0,-0.1,-2.3000000000000003,4.0,0.2,-0.30000000000000004,13.600000000000001,28.900000000000002,8.100000000000001,3.5,16
2852,47673.0,2.6,-1.1,-0.30000000000000004,2.9000000000000004,1.1,9.3,53.7,-14.5,27.3,16
2853,47689.0,3.0,-0.9,-1.3,3.3000000000000003,1.4000000000000001,8.200000000000001,51.6,-19.400000000000002,23.099999999999998,16
2854,47700.0,3.0,-0.2,-2.8000000000000003,3.3000000000000003,2.2,6.6000000000000005,35.599999999999994,-16.0,3.2,16
2855,47718.0,2.4000000000000004,0.0,-3.5,2.8000000000000003,2.5,5.9,22.2,-9.700000000000001,-9.600000000000001,16
2856,47736.0,1.2000000000000002,-0.30000000000000004,-3.3000000000000003,1.5,2.3000000000000003,6.1000000000000005,-7.6,5.2,-31.400000000000002,16
2857,47752.0,1.2000000000000002,-0.30000000000000004,-3.3000000000000003,1.0,2.1,6.5,-18.0,8.700000000000001,-37.50000000000001,16
2858,47773.0,1.2000000000000002,-0.30000000000000004,-3.3000000000000003,0.1,2.0,7.1000000000000005,-21.200000000000003,8.2,-38.900000000000006,16
2859,47783.0,-0.8,-0.30000000000000004,-2.4000000000000004,-0.5,2.1,7.1000000000000005,-3.5,-9.700000000000001,-24.8,16
2860,47800.0,-0.6000000000000001,-0.1,-2.7,-0.1,2.6,6.6000000000000005,5.500000000000001,-23.2,-15.5,16
2861,47817.0,0.2,0.30000000000000004,-2.9000000000000004,0.5,2.8000000000000003,6.6000000000000005,5.4,-25.7,-15.299999999999999,16
2862,47834.0,0.4,0.5,-2.8000000000000003,0.8,2.9000000000000004,6.7,1.7,-20.3,-22.6,16
2863,47851.0,0.30000000000000004,0.4,-2.7,0.7000000000000001,2.9000000000000004,6.800000000000001,-1.5,-14.600000000000001,-27.099999999999998,16
2864,47874.0,-0.1,0.4,-2.2,0.30000000000000004,2.8000000000000003,7.300000000000001,-8.2,-4.6,-34.300000000000004,16
2865,47885.0,-0.2,0.5,-2.0,0.30000000000000004,2.9000000000000004,7.5,-9.899999999999999,-4.300000000000001,-35.4,16
2866,47901.0,-0.30000000000000004,0.7000000000000001,-1.7000000000000002,0.0,3.1,8.1,-14.100000000000001,-6.2,-39.1,16
2867,47917.0,-0.7000000000000001,0.6000000000000001,-1.0,-0.30000000000000004,3.0,8.5,-17.5,-3.4,-41.1,16
2868,47934.0,-1.5,0.6000000000000001,-0.30000000000000004,-1.1,2.9000000000000004,9.200000000000001,-20.7,11.1,-39.599999999999994,16
2869,47952.0,-1.6,0.6000000000000001,-0.30000000000000004,-1.3,2.9000000000000004,9.200000000000001,-18.900000000000002,18.5,-35.3,16
2870,47973.0,-1.7000000000000002,0.9,-0.4,-1.5,3.1,9.1,-9.100000000000001,23.400000000000002,-20.5,16
2871,47985.0,-1.4000000000000001,1.1,-0.9,-1.2000000000000002,3.4000000000000004,8.700000000000001,2.9,12.9,-4.4,16
2872,48001.0,-1.1,1.4000000000000001,-0.9,-0.5,3.8000000000000003,8.8,5.500000000000001,-0.5,9.0,16
2873,48017.0,-0.1,1.7000000000000002,-0.1,0.0,4.0,9.4,3.8,-5.300000000000001,12.600000000000001,16
2874,48034.0,0.4,1.7000000000000002,0.7000000000000001,0.5,4.0,10.200000000000001,1.6,-8.700000000000001,13.3,16
2875,48052.0,0.6000000000000001,1.6,1.3,0.8,4.0,10.8,-2.7,-8.100000000000001,9.0,16
2876,48075.0,0.9,1.5,2.4000000000000004,1.1,3.8000000000000003,11.9,-9.8,-8.2,2.7,16
2877,48086.0,0.9,1.5,2.6,1.1,3.8000000000000003,12.100000000000001,-12.0,-8.5,-1.7,16
2878,48100.0,0.7000000000000001,1.2000000000000002,3.3000000000000003,0.9,3.5,12.9,-13.900000000000002,-4.5,-8.8,16
2879,48117.0,0.30000000000000004,1.0,3.6,0.30000000000000004,3.1,13.100000000000001,-12.299999999999999,0.0,-11.000000000000002,16
2880,48134.0,-0.1,0.6000000000000001,3.2,0.2,2.8000000000000003,12.8,-4.2,11.3,-8.8,16
2881,48150.0,-0.30000000000000004,0.7000000000000001,2.0,-0.1,2.9000000000000004,11.5,0.0,7.699999999999999,-4.800000000000001,16
2882,48167.0,-0.4,0.6000000000000001,2.0,-0.2,2.8000000000000003,11.600000000000001,-3.6000000000000005,1.5,-3.4,16
2883,48184.0,-0.4,0.2,2.8000000000000003,-0.2,2.4000000000000004,12.4,-5.7,-2.1,-1.0,16
2884,48200.0,-0.9,-0.1,2.5,-0.9,2.0,11.8,3.9,2.0,2.8,16
2885,48218.0,-1.2000000000000002,-0.2,1.2000000000000002,-1.0,2.0,10.700000000000001,9.700000000000001,3.7000000000000006,11.6,16
2886,48234.0,-1.2000000000000002,-0.30000000000000004,0.7000000000000001,-1.0,1.9000000000000001,10.200000000000001,10.200000000000001,0.30000000000000004,14.700000000000001,16
2887,48250.0,-1.0,-0.5,0.6000000000000001,-0.8,1.7000000000000002,10.100000000000001,4.300000000000001,-10.9,20.599999999999998,16
2888,48267.0,-1.0,-0.5,0.6000000000000001,-0.7000000000000001,1.7000000000000002,10.4,-0.1,-16.5,22.4,16
2889,48284.0,-0.8,-0.8,1.5,-0.4,1.3,11.5,-5.1000000000000005,-18.900000000000002,25.300000000000004,16
2890,48301.0,-0.7000000000000001,-1.1,1.9000000000000001,-0.4,1.1,11.4,3.2,-6.300000000000001,30.1,16
2891,48317.0,-0.7000000000000001,-1.1,0.5,-0.30000000000000004,1.1,10.0,19.0,7.200000000000001,39.2,16
2892,48334.0,-0.4,-0.9,-0.7000000000000001,0.0,1.3,8.9,26.799999999999997,9.3,44.5,16
2893,48350.0,-0.1,-0.9,-1.0,0.30000000000000004,1.4000000000000001,8.5,34.1,6.9,48.400000000000006,16
2894,48370.0,0.7000000000000001,-0.2,-3.3000000000000003,1.1,2.3000000000000003,6.2,42.3,-8.700000000000001,46.6,16
2895,48384.0,0.7000000000000001,-0.2,-3.5,1.2000000000000002,2.4000000000000004,5.9,37.0,-12.7,41.300000000000004,16
2896,48402.0,0.6000000000000001,-0.1,-3.0,1.1,2.6,6.4,21.7,-14.5,27.400000000000002,16
2897,48417.0,0.2,-0.30000000000000004,-2.0,0.9,2.4000000000000004,7.4,15.100000000000001,-13.3,14.700000000000001,16
2898,48434.0,0.0,-0.5,-1.5,0.7000000000000001,2.2,7.9,14.5,-12.8,10.299999999999999,16
2899,48452.0,0.0,-0.5,-1.5,0.8,2.2,8.6,16.1,-13.100000000000001,6.300000000000001,16
2900,48467.0,0.1,-0.6000000000000001,-0.6000000000000001,0.9,2.2,8.700000000000001,18.8,-12.4,5.0,16
2901,48484.0,0.4,-0.5,-0.9,1.2000000000000002,2.4000000000000004,8.5,27.0,-8.5,-0.4,16
2902,48502.0,0.2,-0.2,-1.7000000000000002,1.1,2.7,7.6000000000000005,27.6,-2.2,-10.700000000000001,16
2903,48518.0,-0.2,-0.2,-1.7000000000000002,0.6000000000000001,2.8000000000000003,7.5,21.0,10.0,-19.9,16
2904,48535.0,-0.5,-0.1,-1.9000000000000001,0.2,3.0,7.4,19.300000000000004,16.5,-22.700000000000003,16
2905,48551.0,-0.9,0.1,-2.2,-0.2,3.2,7.0,18.4,19.0,-24.599999999999998,16
2906,48577.0,-1.0,0.4,-2.1,-0.30000000000000004,3.8000000000000003,7.300000000000001,1.9,2.2,-27.400000000000002,16
2907,48585.0,-0.9,0.5,-1.9000000000000001,-0.30000000000000004,3.8000000000000003,7.300000000000001,1.9,2.2,-27.400000000000002,16
2908,48600.0,-0.7000000000000001,0.7000000000000001,-1.3,0.0,3.9000000000000004,8.700000000000001,-13.8,-3.6000000000000005,-34.50000000000001,16
2909,48618.0,-1.0,0.4,1.1,-0.4,3.6,10.4,-22.000000000000004,0.6000000000000001,-39.300000000000004,16
2910,48634.0,-1.2000000000000002,0.5,1.6,-0.7000000000000001,3.6,10.9,-23.2,8.100000000000001,-39.0,16
2911,48650.0,-1.2000000000000002,0.8,0.5,-0.8,3.9000000000000004,9.8,-16.0,22.3,-32.6,16
2912,48667.0,-1.0,0.9,0.2,-0.6000000000000001,4.0,9.5,-17.300000000000004,21.300000000000004,-29.1,16
2913,48684.0,-0.4,1.2000000000000002,1.2000000000000002,0.1,4.1000000000000005,11.5,-39.9,0.6000000000000001,-28.1,16
2914,48700.0,-0.1,0.4,4.5,0.1,3.3000000000000003,13.9,-50.60000000000001,-15.5,-36.6,16
2915,48727.0,-0.5,-1.2000000000000002,6.6000000000000005,-0.30000000000000004,1.5,16.0,-47.900000000000006,-21.200000000000003,-33.9,16
2916,48741.0,-0.5,-1.6,6.7,0.0,0.7000000000000001,15.8,-23.0,-4.0,-13.200000000000003,16
2917,48750.0,0.2,-2.1,5.2,0.5,0.5,14.600000000000001,-7.0,0.8,-2.5,16
2918,48767.0,0.6000000000000001,-2.1,4.2,0.9,0.4,13.700000000000001,7.400000000000001,2.0,8.100000000000001,16
2919,48785.0,2.1,-1.7000000000000002,1.9000000000000001,2.4000000000000004,0.9,11.4,23.2,-5.9,23.400000000000002,16
2920,48800.0,2.9000000000000004,-1.3,0.7000000000000001,3.4000000000000004,1.5,9.700000000000001,24.900000000000002,-15.5,19.9,16
2921,48819.0,2.9000000000000004,-0.9,-0.5,3.3000000000000003,1.8,8.9,20.3,-14.800000000000002,12.4,16
2922,48836.0,2.4000000000000004,-0.8,-1.1,2.8000000000000003,2.0,8.3,6.1000000000000005,-1.0,-4.1,16
2923,48852.0,1.6,-0.9,-1.6,2.0,1.9000000000000001,7.9,-4.1,13.6,-14.800000000000002,16
2924,48867.0,1.6,-0.8,-1.6,1.6,2.0,7.7,-5.9,16.3,-16.900000000000002,16
2925,48883.0,0.5,-0.5,-2.2,0.9,2.2,7.2,-2.6,12.200000000000001,-16.200000000000003,16
2926,48900.0,0.2,-0.1,-2.9000000000000004,0.5,2.6,6.5,3.5,6.1000000000000005,-12.7,16
2927,48920.0,0.1,0.4,-3.7,0.4,3.1,5.7,6.0,0.1,-12.299999999999999,16
2928,48934.0,-0.1,0.6000000000000001,-4.2,0.2,3.4000000000000004,5.300000000000001,3.8,-3.0,-14.200000000000001,16
2929,48951.0,-0.4,0.8,-4.0,-0.1,3.6,5.4,-8.3,-9.4,-17.9,16
2930,48967.0,-0.5,0.8,-3.5,-0.2,3.5,5.9,-15.000000000000002,-12.8,-18.700000000000003,16
2931,48984.0,-0.7000000000000001,0.7000000000000001,-2.0,-0.4,3.4000000000000004,7.4,-18.6,-16.4,-17.799999999999997,16
2932,49000.0,-0.6000000000000001,0.8,-1.3,-0.2,3.4000000000000004,8.1,-14.800000000000002,-18.6,-14.800000000000002,16
2933,49017.0,-0.4,0.9,-0.7000000000000001,0.0,3.5,8.8,-13.3,-13.5,-13.000000000000002,16
2934,49034.0,-0.30000000000000004,1.1,-0.4,0.2,3.7,9.1,-12.4,-9.4,-13.700000000000001,16
2935,49050.0,-0.2,1.2000000000000002,-0.30000000000000004,0.2,3.7,9.200000000000001,-11.700000000000001,-5.500000000000001,-15.399999999999999,16
2936,49067.0,-0.5,1.2000000000000002,-0.2,-0.1,3.7,9.3,-10.200000000000001,1.3,-18.4,16
2937,49084.0,-1.0,1.1,0.0,-0.6000000000000001,3.6,9.5,-8.899999999999999,9.5,-17.9,16
2938,49101.0,-1.3,0.9,0.4,-1.0,3.4000000000000004,9.9,-2.0,13.100000000000001,-8.600000000000001,16
2939,49117.0,-1.2000000000000002,1.0,0.2,-0.9,3.5,9.700000000000001,4.7,12.8,-1.2000000000000002,16
2940,49134.0,-0.4,1.4000000000000001,-0.6000000000000001,-0.1,3.9000000000000004,8.9,17.200000000000003,4.5,12.299999999999999,16
2941,49150.0,-0.4,1.4000000000000001,-0.6000000000000001,0.2,4.0,8.700000000000001,18.900000000000002,-2.6,15.399999999999999,16
2942,49173.0,0.9,1.5,-0.30000000000000004,1.4000000000000001,3.9000000000000004,10.0,4.0,-18.1,5.500000000000001,16
2943,49184.0,1.0,1.1,1.1,1.3,3.7,10.5,-4.1,-17.799999999999997,-1.2000000000000002,16
2944,49200.0,0.6000000000000001,0.7000000000000001,2.8000000000000003,1.0,3.3000000000000003,12.200000000000001,-14.300000000000002,-4.800000000000001,-11.1,16
2945,49218.0,0.0,0.4,3.0,0.4,3.0,12.5,-4.0,21.200000000000003,-12.4,16
2946,49234.0,-0.5,0.8,1.9000000000000001,-0.2,3.4000000000000004,11.3,3.6000000000000005,29.300000000000004,-11.3,16
2947,49250.0,-0.4,1.3,0.8,-0.2,4.0,10.3,0.9000000000000001,23.099999999999998,-5.8,16
2948,49269.0,-0.4,1.3,0.8,-0.1,4.0,10.3,-4.800000000000001,16.900000000000002,-4.6,16
2949,49288.0,-0.30000000000000004,1.3,1.6,-0.1,3.9000000000000004,11.100000000000001,-21.200000000000003,-0.6000000000000001,-8.4,16
2950,49301.0,-0.30000000000000004,0.6000000000000001,3.3000000000000003,-0.30000000000000004,2.8000000000000003,13.3,-37.1,-10.299999999999999,-12.200000000000001,16
2951,49317.0,-1.2000000000000002,-0.9,5.4,-1.1,1.5,14.9,-30.1,-0.5,-2.1,16
2952,49334.0,-1.4000000000000001,-1.3,5.300000000000001,-1.3,1.0,14.8,-14.200000000000001,10.700000000000001,10.200000000000001,16
2953,49350.0,-1.0,-0.8,2.2,-0.9,1.6,11.700000000000001,26.799999999999997,21.200000000000003,36.8,16
2954,49369.0,-1.0,-0.8,2.2,-0.4,1.7000000000000002,10.4,39.0,15.700000000000001,46.199999999999996,16
2955,49384.0,0.0,0.0,-1.6,0.1,2.6,7.9,40.800000000000004,-3.0,50.7,16
2956,49400.0,0.2,-0.1,-1.8,0.4,2.6,7.7,18.200000000000003,-18.700000000000003,47.60000000000001,16
2957,49418.0,0.30000000000000004,-0.4,-0.30000000000000004,0.6000000000000001,2.3000000000000003,9.200000000000001,2.4000000000000004,-22.5,42.400000000000006,16
2958,49434.0,0.30000000000000004,-0.5,0.30000000000000004,0.6000000000000001,2.1,9.700000000000001,2.4000000000000004,-20.900000000000002,39.2,16
2959,49450.0,-0.1,-0.8,0.4,0.30000000000000004,1.9000000000000001,9.9,6.500000000000001,-14.100000000000001,35.1,16
2960,49468.0,-0.30000000000000004,-0.8,0.4,0.2,1.9000000000000001,9.8,8.8,-10.8,34.800000000000004,16
2961,49485.0,-0.4,-0.8,0.30000000000000004,0.1,1.8,9.600000000000001,16.6,-10.1,36.0,16
2962,49503.0,-0.4,-0.9,-0.1,0.30000000000000004,1.8,9.0,28.1,-12.9,37.7,16
2963,49518.0,0.2,-0.9,-1.1,0.9,2.0,8.3,33.9,-12.9,37.50000000000001,16
2964,49534.0,0.7000000000000001,-0.7000000000000001,-1.6,1.4000000000000001,2.1,7.800000000000001,35.9,-12.4,35.5,16
2965,49553.0,0.9,-0.6000000000000001,-2.0,1.7000000000000002,2.3000000000000003,7.300000000000001,36.9,-8.8,25.8,16
2966,49568.0,0.6000000000000001,-0.7000000000000001,-2.4000000000000004,1.5,2.4000000000000004,6.9,33.2,-1.7,10.0,16
2967,49594.0,0.2,-1.0,-2.4000000000000004,1.1,2.2,6.800000000000001,25.200000000000003,8.0,-4.6,16
2968,49600.0,0.30000000000000004,-1.1,-2.4000000000000004,0.8,2.2,6.800000000000001,21.8,11.6,-9.5,16
2969,49617.0,-0.2,-1.0,-2.4000000000000004,0.4,2.3000000000000003,6.800000000000001,18.0,11.3,-16.900000000000002,16
2970,49634.0,-0.6000000000000001,-1.0,-2.3000000000000003,0.1,2.4000000000000004,6.9,16.6,10.0,-19.1,16
2971,49650.0,-0.6000000000000001,-1.0,-2.3000000000000003,0.0,2.4000000000000004,6.9,14.900000000000002,8.4,-20.900000000000002,16
2972,49667.0,-0.8,-1.0,-2.0,-0.1,2.4000000000000004,7.300000000000001,10.200000000000001,4.800000000000001,-21.8,16
2973,49687.0,-0.5,-1.0,-1.0,0.1,2.5,8.200000000000001,8.700000000000001,-2.2,-20.8,16
2974,49702.0,-0.30000000000000004,-0.9,-0.8,0.30000000000000004,2.5,8.4,11.8,-2.3,-18.900000000000002,16
2975,49717.0,0.0,-0.7000000000000001,-1.1,0.6000000000000001,2.8000000000000003,8.1,12.5,-2.0,-17.9,16
2976,49734.0,0.30000000000000004,-0.1,-1.8,0.8,3.4000000000000004,7.4,6.500000000000001,0.9000000000000001,-20.599999999999998,16
2977,49752.0,0.30000000000000004,0.1,-1.9000000000000001,0.8,3.6,7.300000000000001,-2.6,4.4,-24.7,16
2978,49768.0,-0.30000000000000004,0.5,-0.1,0.2,3.9000000000000004,9.0,-37.7,10.1,-44.7,16
2979,49784.0,-0.7000000000000001,0.4,0.6000000000000001,-0.30000000000000004,3.8000000000000003,9.8,-43.300000000000004,11.8,-48.10000000000001,16
2980,49800.0,-1.1,0.2,1.8,-0.7000000000000001,3.5,11.0,-43.2,9.899999999999999,-43.50000000000001,16
2981,49817.0,-0.9,0.30000000000000004,2.1,-0.30000000000000004,3.7,11.4,-39.2,6.2,-37.50000000000001,16
2982,49834.0,0.1,0.8,2.2,0.30000000000000004,3.9000000000000004,11.5,-34.7,-7.1000000000000005,-28.3,16
2983,49851.0,0.4,0.9,2.3000000000000003,0.6000000000000001,3.9000000000000004,11.600000000000001,-37.7,-16.700000000000003,-29.0,16
2984,49868.0,0.9,0.6000000000000001,3.6,1.1,3.5,13.0,-53.8,-30.699999999999996,-38.1,16
2985,49885.0,0.5,-0.7000000000000001,5.7,0.8,2.0,15.100000000000001,-62.199999999999996,-15.8,-43.2,16
2986,49900.0,0.4,-1.7000000000000002,6.2,0.5,0.5,15.600000000000001,-42.60000000000001,11.5,-30.4,16
2987,49917.0,0.2,-2.3000000000000003,5.4,0.8,0.1,14.100000000000001,-23.6,18.6,-18.900000000000002,16
2988,49934.0,1.5,-2.2,2.9000000000000004,1.7000000000000002,0.2,12.4,18.1,9.100000000000001,7.6,16
2989,49954.0,3.3000000000000003,-1.4000000000000001,0.30000000000000004,3.5,1.1,9.8,35.3,-12.0,20.0,16
2990,49967.0,3.5,-1.1,-0.2,3.8000000000000003,1.4000000000000001,9.200000000000001,38.2,-25.200000000000003,20.5,16
2991,49984.0,4.1000000000000005,-0.8,-1.1,4.5,1.9000000000000001,8.3,29.0,-35.0,5.4,16
2992,50002.0,3.7,-0.6000000000000001,-1.6,3.7,2.3000000000000003,7.4,8.4,-11.4,-21.900000000000002,16
2993,50017.0,2.2,-0.4,-2.3000000000000003,2.7,2.4000000000000004,7.1000000000000005,-3.6000000000000005,6.500000000000001,-35.4,16
2994,50034.0,0.4,-0.5,-2.1,0.8,2.3000000000000003,7.300000000000001,-21.1,32.0,-50.0,16
2995,50061.0,-0.8,-0.2,-2.2,-0.7000000000000001,2.4000000000000004,7.300000000000001,-12.4,11.000000000000002,-37.2,16
2996,50076.0,-0.7000000000000001,0.2,-2.3000000000000003,-0.5,2.8000000000000003,7.1000000000000005,-6.300000000000001,-4.6,-28.200000000000003,16
2997,50085.0,-0.5,0.30000000000000004,-2.4000000000000004,-0.30000000000000004,2.9000000000000004,7.1000000000000005,-0.8,-19.200000000000003,-20.599999999999998,16
2998,50100.0,0.4,0.8,-2.3000000000000003,0.6000000000000001,3.4000000000000004,7.2,2.1,-29.1,-14.5,16
2999,50117.0,0.7000000000000001,1.0,-2.3000000000000003,1.0,3.7,7.2,-0.30000000000000004,-19.700000000000003,-20.900000000000002,16
3000,50134.0,0.7000000000000001,1.1,-2.3000000000000003,1.0,3.7,7.1000000000000005,-3.3000000000000007,-13.5,-26.000000000000004,16
3001,50150.0,0.6000000000000001,1.1,-1.6,0.9,3.8000000000000003,7.800000000000001,-12.299999999999999,-7.1000000000000005,-36.2,16
3002,50167.0,0.5,1.0,-1.2000000000000002,0.8,3.6,8.3,-14.300000000000002,-6.699999999999999,-40.9,16
3003,50184.0,0.1,0.8,-0.7000000000000001,0.4,3.3000000000000003,8.8,-12.0,-2.5,-47.2,16
3004,50200.0,-0.4,0.6000000000000001,-0.6000000000000001,-0.1,3.2,8.8,-9.2,2.6,-48.2,16
3005,50218.0,-0.4,0.5,-0.5,-0.2,3.0,9.0,-9.0,5.4,-46.800000000000004,16
3006,50234.0,-0.30000000000000004,0.4,0.0,-0.2,2.9000000000000004,9.5,-7.699999999999999,7.9,-42.7,16
3007,50252.0,-0.2,0.2,0.0,-0.1,2.7,9.5,2.4000000000000004,10.700000000000001,-36.300000000000004,16
3008,50284.0,-0.1,0.2,-1.1,0.0,3.1,7.800000000000001,15.100000000000001,16.6,-24.0,16
3009,50302.0,0.4,0.7000000000000001,-1.9000000000000001,0.4,3.3000000000000003,7.6000000000000005,5.500000000000001,-0.6000000000000001,-20.1,16
3010,50317.0,1.1,0.5,-0.30000000000000004,1.0,3.1,9.200000000000001,-3.3000000000000007,-11.6,-19.200000000000003,16
3011,50333.0,1.5,0.1,1.5,1.5,2.7,10.9,-8.8,-23.0,-21.900000000000002,16
3012,50359.0,1.5,-0.1,2.4000000000000004,1.6,2.6,12.0,-2.6,-7.400000000000001,-22.8,16
3013,50369.0,1.8,0.30000000000000004,2.0,1.8,2.9000000000000004,11.4,2.3,2.5,-24.599999999999998,16
3014,50384.0,1.6,0.6000000000000001,1.1,1.6,3.1,10.600000000000001,4.2,8.4,-28.500000000000004,16
3015,50404.0,1.4000000000000001,0.9,0.30000000000000004,1.4000000000000001,3.6,9.700000000000001,-5.300000000000001,4.800000000000001,-34.900000000000006,16
3016,50417.0,1.4000000000000001,0.9,1.4000000000000001,1.3,3.2,11.700000000000001,-17.5,-1.9,-40.300000000000004,16
3017,50434.0,0.8,0.0,3.4000000000000004,0.7000000000000001,2.4000000000000004,12.9,-32.2,-9.700000000000001,-51.4,16
3018,50450.0,0.4,-0.30000000000000004,3.6,0.4,2.1,13.100000000000001,-29.800000000000004,-7.1000000000000005,-53.599999999999994,16
3019,50471.0,-0.2,-1.0,3.7,-0.30000000000000004,1.3,13.200000000000001,-18.3,-2.9,-43.1,16
3020,50483.0,0.5,-1.3,3.4000000000000004,0.4,1.0,12.9,-4.2,-9.2,-24.5,16
3021,50500.0,1.0,-1.2000000000000002,1.9000000000000001,0.9,1.1,11.5,9.5,-12.299999999999999,-17.6,16
3022,50518.0,1.0,-1.2000000000000002,1.1,0.7000000000000001,1.2000000000000002,10.0,10.299999999999999,-8.899999999999999,-18.6,16
3023,50536.0,0.4,-1.3,-0.1,0.30000000000000004,1.0,9.4,4.2,-8.100000000000001,-19.400000000000002,16
3024,50552.0,0.30000000000000004,-1.7000000000000002,0.8,0.30000000000000004,0.6000000000000001,10.4,-13.6,-18.1,-15.000000000000002,16
3025,50574.0,0.8,-2.0,2.3000000000000003,0.8,0.30000000000000004,11.9,-16.8,-38.300000000000004,-6.0,16
3026,50591.0,1.4000000000000001,-1.9000000000000001,2.6,1.6,0.30000000000000004,12.100000000000001,-5.1000000000000005,-51.6,1.2000000000000002,16
3027,50600.0,1.3,-1.9000000000000001,2.6,2.0,0.4,11.9,0.7,-49.300000000000004,1.9,16
3028,50622.0,2.0,-1.6,2.0,2.6,0.7000000000000001,11.100000000000001,9.700000000000001,-32.7,-2.9,16
3029,50634.0,2.3000000000000003,-1.5,0.7000000000000001,2.7,0.7000000000000001,10.3,14.900000000000002,-23.6,-7.200000000000001,16
3030,50651.0,2.4000000000000004,-1.4000000000000001,-1.0,2.9000000000000004,0.9,8.5,23.3,-12.4,-16.200000000000003,16
3031,50681.0,2.4000000000000004,-1.4000000000000001,-2.8000000000000003,2.9000000000000004,1.0,6.7,22.700000000000003,-19.5,-32.9,16
3032,50683.0,2.4000000000000004,-1.4000000000000001,-2.8000000000000003,2.9000000000000004,1.0,6.7,22.700000000000003,-19.5,-32.9,16
3033,50700.0,2.5,-1.4000000000000001,-2.9000000000000004,3.0,1.1,6.5,9.2,-29.200000000000003,-46.1,16
3034,50718.0,2.3000000000000003,-1.5,-2.2,2.9000000000000004,1.1,7.300000000000001,-3.8,-35.5,-63.2,16
3035,50734.0,2.3000000000000003,-1.5,-2.2,2.9000000000000004,1.1,7.300000000000001,-3.8,-35.5,-63.2,16
3036,50750.0,1.2000000000000002,-1.6,-1.8,1.9000000000000001,0.9,7.7,-15.5,-21.500000000000004,-88.7,16
3037,50767.0,1.2000000000000002,-1.6,-1.8,1.6,0.9,7.6000000000000005,-20.400000000000002,-11.700000000000001,-94.5,16
3038,50784.0,0.1,-1.3,-1.7000000000000002,0.8,1.1,7.800000000000001,-28.600000000000005,-1.8000000000000003,-99.2,16
3039,50801.0,-0.4,-1.1,-1.2000000000000002,0.1,1.3,8.3,-28.900000000000002,-7.0,-98.2,16
3040,50818.0,-0.7000000000000001,-0.9,-0.9,-0.2,1.4000000000000001,8.6,-26.300000000000004,-11.700000000000001,-94.80000000000001,16
3041,50833.0,-0.9,-0.5,-0.9,-0.4,1.8,8.700000000000001,-17.6,-15.899999999999999,-84.80000000000001,16
3042,50857.0,-0.8,0.30000000000000004,-1.3,-0.30000000000000004,2.5,8.200000000000001,-14.100000000000001,-13.399999999999999,-78.80000000000001,16
3043,50873.0,-0.4,0.7000000000000001,-0.9,0.1,2.9000000000000004,8.700000000000001,-17.300000000000004,-11.3,-75.7,16
3044,50886.0,-0.30000000000000004,0.7000000000000001,-0.7000000000000001,0.1,2.9000000000000004,8.8,-19.400000000000002,-10.700000000000001,-76.4,16
3045,50900.0,-0.5,0.9,-0.5,0.0,3.0,9.1,-22.4,-6.600000000000001,-79.6,16
3046,50917.0,-0.7000000000000001,1.0,-0.1,-0.30000000000000004,3.1,9.5,-27.800000000000004,-5.0,-80.9,16
3047,50933.0,-0.8,1.0,0.4,-0.5,3.0,9.9,-30.799999999999997,-6.699999999999999,-80.0,16
3048,50951.0,-0.8,0.9,1.7000000000000002,-0.4,2.8000000000000003,11.3,-34.7,-12.100000000000001,-74.2,16
3049,50972.0,-0.1,0.6000000000000001,2.9000000000000004,0.2,2.4000000000000004,12.5,-30.4,-20.0,-66.1,16
3050,50983.0,0.1,0.6000000000000001,3.1,0.4,2.4000000000000004,12.700000000000001,-25.900000000000002,-24.0,-61.7,16
3051,51000.0,1.1,0.4,4.0,1.5,2.1,13.700000000000001,-20.2,-33.9,-55.0,16
3052,51021.0,2.7,0.0,4.800000000000001,3.2,1.6,14.5,-12.0,-30.5,-54.300000000000004,16
3053,51034.0,3.5,-0.4,4.4,4.0,1.2000000000000002,14.0,-7.200000000000001,-22.000000000000004,-59.60000000000001,16
3054,51052.0,3.3000000000000003,-1.2000000000000002,4.0,3.8000000000000003,0.4,13.700000000000001,-16.200000000000003,-7.1000000000000005,-79.9,16
3055,51070.0,1.9000000000000001,-2.7,5.1000000000000005,2.4000000000000004,-1.2000000000000002,14.8,-26.200000000000003,2.0,-87.7,16
3056,51093.0,1.4000000000000001,-3.3000000000000003,3.3000000000000003,1.8,-1.8,12.9,0.9000000000000001,30.599999999999998,-72.0,16
3057,51100.0,1.7000000000000002,-3.3000000000000003,2.4000000000000004,2.0,-1.8,12.0,24.200000000000003,27.5,-57.3,16
3058,51117.0,3.0,-2.6,-1.5,3.3000000000000003,-1.0,8.200000000000001,53.10000000000001,-8.3,-34.2,16
3059,51134.0,3.8000000000000003,-2.0,-2.9000000000000004,4.1000000000000005,-0.30000000000000004,6.7,51.9,-33.7,-32.6,16
3060,51151.0,4.9,-1.8,-3.0,5.2,0.1,6.7,22.5,-70.9,-49.4,16
3061,51170.0,4.800000000000001,-2.0,-2.3000000000000003,5.300000000000001,0.0,7.300000000000001,3.6000000000000005,-73.6,-64.60000000000001,16
3062,51184.0,4.0,-2.5,-0.7000000000000001,4.6000000000000005,-0.6000000000000001,8.9,-22.5,-51.2,-95.30000000000001,16
3063,51203.0,2.5,-3.0,-0.5,3.3000000000000003,-1.1,9.1,-30.799999999999997,-17.9,-116.2,16
3064,51217.0,1.5,-2.7,-0.9,2.2,-0.9,8.700000000000001,-31.799999999999997,-8.600000000000001,-120.60000000000001,16
3065,51234.0,0.4,-2.3000000000000003,-1.0,1.1,-0.6000000000000001,8.6,-31.799999999999997,-11.8,-120.2,16
3066,51251.0,0.0,-1.8,-1.1,0.7000000000000001,-0.2,8.6,-23.6,-23.700000000000003,-113.4,16
3067,51270.0,0.0,-1.7000000000000002,-1.3,0.7000000000000001,-0.1,8.3,-18.1,-25.900000000000002,-109.39999999999999,16
3068,51283.0,0.1,-1.3,-2.4000000000000004,0.8,0.30000000000000004,7.2,-13.5,-19.200000000000003,-103.7,16
3069,51301.0,0.0,-0.6000000000000001,-3.5,0.7000000000000001,0.9,6.2,-16.1,-13.399999999999999,-103.2,16
3070,51317.0,-0.1,-0.4,-3.7,0.6000000000000001,1.2000000000000002,5.9,-21.300000000000004,-14.700000000000001,-104.3,16
3071,51334.0,-0.5,-0.2,-2.6,0.2,1.3,7.1000000000000005,-39.1,-27.700000000000003,-106.70000000000002,16
3072,51353.0,-1.0,-0.1,-0.9,-0.30000000000000004,1.3,8.8,-48.0,-35.9,-104.00000000000001,16
3073,51371.0,-1.1,-0.2,0.1,-0.30000000000000004,1.1,9.8,-44.300000000000004,-35.699999999999996,-94.5,16
3074,51389.0,-1.0,-0.1,0.4,-0.1,1.1,10.100000000000001,-40.6,-30.3,-87.50000000000001,16
3075,51400.0,-0.7000000000000001,0.5,0.2,0.2,1.6,9.9,-28.0,-13.700000000000001,-75.1,16
3076,51417.0,-0.5,1.0,-1.2000000000000002,0.5,2.0,8.5,-21.400000000000002,0.6000000000000001,-68.0,16
3077,51434.0,-0.30000000000000004,1.3,-1.5,0.6000000000000001,2.3000000000000003,8.200000000000001,-24.599999999999998,2.8,-66.2,16
3078,51451.0,-0.30000000000000004,1.5,-0.5,0.5,2.4000000000000004,9.3,-34.7,-4.5,-64.50000000000001,16
3079,51473.0,-0.30000000000000004,1.4000000000000001,0.9,0.6000000000000001,2.2,10.700000000000001,-35.3,-10.299999999999999,-58.5,16
3080,51484.0,-0.2,1.4000000000000001,1.1,0.7000000000000001,2.2,10.8,-30.200000000000003,-10.200000000000001,-53.2,16
3081,51501.0,0.5,1.6,1.3,1.4000000000000001,2.3000000000000003,11.0,-16.200000000000003,-3.8,-39.699999999999996,16
3082,51517.0,1.0,1.9000000000000001,1.2000000000000002,1.9000000000000001,2.6,11.0,-8.8,-4.5,-35.0,16
3083,51535.0,2.5,1.7000000000000002,1.4000000000000001,3.4000000000000004,2.4000000000000004,11.200000000000001,2.8,-8.0,-33.50000000000001,16
3084,51551.0,3.2,1.7000000000000002,0.4,4.1000000000000005,2.4000000000000004,10.100000000000001,15.6,2.5,-43.50000000000001,16
3085,51571.0,3.3000000000000003,1.8,-1.3,4.2,2.6,8.5,13.900000000000002,11.1,-60.5,16
3086,51586.0,3.3000000000000003,1.5,-1.4000000000000001,4.1000000000000005,2.4000000000000004,8.3,3.1,12.5,-71.30000000000001,16
3087,51600.0,2.7,1.0,-0.4,3.5,1.9000000000000001,9.4,-25.7,10.600000000000001,-93.10000000000001,16
3088,51621.0,1.9000000000000001,0.0,2.2,2.6,0.8,11.9,-51.800000000000004,-0.1,-113.2,16
3089,51634.0,1.0,-0.7000000000000001,3.4000000000000004,1.8,0.0,13.100000000000001,-60.400000000000006,3.5,-117.20000000000002,16
3090,51650.0,-0.6000000000000001,-1.8,5.7,0.1,-1.3,15.5,-61.9,27.800000000000004,-101.4,16
3091,51673.0,-1.1,-1.5,5.7,-0.5,-1.1,15.5,-23.5,40.6,-61.10000000000001,16
3092,51689.0,-0.9,-0.9,4.7,-0.4,-0.5,14.5,3.2,33.400000000000006,-38.60000000000001,16
3093,51706.0,0.6000000000000001,0.30000000000000004,1.8,0.9,0.7000000000000001,11.600000000000001,41.300000000000004,5.7,-3.6000000000000005,16
3094,51720.0,1.3,1.1,0.2,2.0,1.8,9.4,54.800000000000004,-14.300000000000002,8.8,16
3095,51737.0,2.2,1.5,-1.6,2.8000000000000003,2.3000000000000003,7.7,53.50000000000001,-18.0,7.1000000000000005,16
3096,51750.0,2.3000000000000003,1.5,-2.1,2.9000000000000004,2.4000000000000004,7.1000000000000005,47.7,-20.400000000000002,1.4,16
3097,51767.0,2.4000000000000004,1.7000000000000002,-3.0,2.9000000000000004,2.6,6.800000000000001,37.50000000000001,-25.8,-7.699999999999999,16
3098,51784.0,1.9000000000000001,1.1,-1.4000000000000001,2.5,2.1,8.3,6.2,-42.400000000000006,-30.200000000000003,16
3099,51801.0,1.1,0.2,0.9,1.9000000000000001,1.2000000000000002,10.600000000000001,-11.2,-52.400000000000006,-49.699999999999996,16
3100,51818.0,0.30000000000000004,-0.9,2.8000000000000003,1.2000000000000002,0.1,12.5,-11.900000000000002,-51.50000000000001,-58.800000000000004,16
3101,51833.0,-0.1,-1.5,3.5,0.9,-0.5,13.200000000000001,-6.500000000000001,-46.9,-59.5,16
3102,51854.0,-0.1,-1.9000000000000001,3.4000000000000004,1.0,-0.9,13.100000000000001,11.4,-28.1,-54.9,16
3103,51871.0,0.1,-1.8,1.7000000000000002,1.3,-0.8,11.4,30.4,-4.7,-51.2,16
3104,51884.0,0.1,-1.9000000000000001,1.7000000000000002,1.4000000000000001,-0.7000000000000001,10.4,34.60000000000001,3.0,-51.1,16
3105,51900.0,0.30000000000000004,-1.8,-0.1,1.4000000000000001,-0.5,8.8,34.400000000000006,10.700000000000001,-54.1,16
3106,51917.0,-0.1,-1.8,-1.9000000000000001,1.0,-0.4,7.800000000000001,26.6,17.0,-54.50000000000001,16
3107,51935.0,-0.30000000000000004,-1.6,-2.4000000000000004,0.8,-0.2,7.300000000000001,21.900000000000002,17.799999999999997,-52.400000000000006,16
3108,51950.0,-0.30000000000000004,-1.6,-2.5,0.7000000000000001,-0.1,7.2,16.6,14.300000000000002,-49.300000000000004,16
3109,51967.0,0.0,-1.6,-2.3000000000000003,0.9,0.0,7.300000000000001,9.2,3.5,-40.2,16
3110,51991.0,0.30000000000000004,-1.1,-2.4000000000000004,1.2000000000000002,0.5,7.2,9.8,-8.0,-32.6,16
3111,52000.0,0.4,-0.8,-2.6,1.5,1.0,7.0,9.700000000000001,-11.8,-31.099999999999998,16
3112,52017.0,0.7000000000000001,-0.4,-2.4000000000000004,1.7000000000000002,1.3,7.300000000000001,3.0,-13.5,-30.9,16
3113,52033.0,0.9,0.0,-1.8,1.9000000000000001,1.7000000000000002,7.800000000000001,-2.5,-15.000000000000002,-35.2,16
3114,52051.0,0.9,0.2,-1.8,1.8,1.9000000000000001,7.800000000000001,-4.800000000000001,-9.899999999999999,-40.6,16
3115,52076.0,0.6000000000000001,0.5,-1.7000000000000002,1.6,2.2,7.9,-12.4,1.8000000000000003,-46.300000000000004,16
3116,52084.0,0.6000000000000001,0.6000000000000001,-1.4000000000000001,1.6,2.2,8.200000000000001,-16.900000000000002,4.2,-48.50000000000001,16
3117,52100.0,0.6000000000000001,0.6000000000000001,-0.6000000000000001,1.5,2.2,9.0,-17.799999999999997,3.6000000000000005,-51.300000000000004,16
3118,52117.0,0.6000000000000001,0.5,-0.6000000000000001,1.4000000000000001,2.1,8.700000000000001,-9.700000000000001,4.9,-52.80000000000001,16
3119,52134.0,0.5,0.7000000000000001,-1.5,1.4000000000000001,2.3000000000000003,8.1,-6.500000000000001,5.500000000000001,-53.0,16
3120,52150.0,0.5,0.7000000000000001,-1.5,1.6,2.2,8.3,-11.3,-2.7,-54.0,16
3121,52182.0,1.2000000000000002,0.8,-0.1,2.1,2.3000000000000003,9.600000000000001,-25.1,-19.6,-60.00000000000001,16
3122,52183.0,1.2000000000000002,0.8,-0.1,2.1,2.3000000000000003,9.600000000000001,-25.1,-19.6,-60.00000000000001,16
3123,52200.0,1.3,0.7000000000000001,0.7000000000000001,2.2,2.2,10.4,-35.699999999999996,-23.6,-66.4,16
3124,52217.0,1.6,0.4,1.8,2.6,1.8,11.5,-51.2,-20.1,-75.2,16
3125,52233.0,1.6,0.1,2.6,2.6,1.4000000000000001,12.3,-58.900000000000006,-19.0,-80.8,16
3126,52250.0,1.2000000000000002,-1.0,4.5,2.2,0.1,14.200000000000001,-69.5,-23.2,-89.30000000000001,16
3127,52275.0,1.1,-2.4000000000000004,6.0,2.1,-1.5,15.700000000000001,-67.3,-17.200000000000003,-84.69999999999999,16
3128,52285.0,1.1,-2.7,6.300000000000001,2.2,-1.9000000000000001,16.0,-60.8,-9.899999999999999,-77.5,16
3129,52300.0,1.9000000000000001,-3.0,5.9,3.0,-2.3000000000000003,15.700000000000001,-34.1,0.8,-56.50000000000001,16
3130,52317.0,2.9000000000000004,-2.4000000000000004,3.9000000000000004,4.0,-1.9000000000000001,13.600000000000001,1.6,-0.30000000000000004,-41.4,16
3131,52333.0,3.6,-1.9000000000000001,1.9000000000000001,4.6000000000000005,-1.4000000000000001,11.700000000000001,15.5,-1.4,-37.50000000000001,16
3132,52351.0,3.9000000000000004,-1.6,-0.30000000000000004,4.9,-0.9,9.4,31.6,2.4000000000000004,-43.1,16
3133,52368.0,3.5,-1.2000000000000002,-3.0,4.5,-0.4,6.7,32.5,9.5,-61.300000000000004,16
3134,52383.0,3.2,-1.2000000000000002,-4.0,4.2,-0.30000000000000004,5.7,25.0,11.1,-72.7,16
3135,52400.0,1.8,-1.0,-4.9,2.8000000000000003,-0.1,4.800000000000001,-7.699999999999999,5.8,-94.7,16
3136,52418.0,0.6000000000000001,-1.4000000000000001,-3.2,1.5,-0.5,6.5,-44.2,-10.5,-103.40000000000002,16
3137,52433.0,0.2,-1.5,-1.5,1.1,-0.7000000000000001,8.3,-53.0,-19.300000000000004,-102.89999999999999,16
3138,52450.0,0.2,-1.4000000000000001,-1.5,0.9,-0.7000000000000001,9.0,-53.7,-26.6,-99.8,16
3139,52467.0,-0.2,-1.5,0.30000000000000004,0.8,-0.9,10.3,-44.4,-32.400000000000006,-90.19999999999999,16
3140,52484.0,0.30000000000000004,-0.9,0.7000000000000001,1.3,-0.4,10.4,-20.400000000000002,-31.2,-75.5,16
3141,52500.0,0.5,-0.4,0.0,1.9000000000000001,0.5,9.1,-1.3,-24.0,-70.5,16
3142,52517.0,1.0,0.30000000000000004,-1.2000000000000002,2.2,0.8,8.5,-2.0,-9.100000000000001,-76.89999999999999,16
3143,52539.0,0.9,0.30000000000000004,-1.3,2.0,0.8,8.200000000000001,-4.800000000000001,14.300000000000002,-85.69999999999999,16
3144,52550.0,0.5,0.30000000000000004,-2.1,1.7000000000000002,0.9,7.6000000000000005,-2.6,24.7,-88.9,16
3145,52567.0,0.2,0.4,-2.5,1.4000000000000001,0.9,7.2,1.0,31.099999999999998,-91.0,16
3146,52590.0,-0.9,1.3,-3.7,0.1,1.9000000000000001,6.0,-6.0,16.5,-91.30000000000001,16
3147,52601.0,-1.0,1.3,-3.3000000000000003,-0.1,1.9000000000000001,6.5,-17.7,4.4,-89.5,16
3148,52619.0,-1.0,1.3,-3.3000000000000003,0.0,1.6,8.0,-30.200000000000003,-3.6000000000000005,-86.60000000000001,16
3149,52633.0,-1.2000000000000002,0.7000000000000001,0.4,-0.30000000000000004,1.2000000000000002,10.100000000000001,-34.300000000000004,-2.0,-77.7,16
3150,52650.0,-1.0,0.6000000000000001,0.7000000000000001,-0.1,1.0,10.5,-16.200000000000003,10.9,-59.60000000000001,16
3151,52671.0,-0.1,1.3,-0.8,0.8,1.7000000000000002,8.9,4.2,17.6,-38.900000000000006,16
3152,52684.0,0.30000000000000004,1.5,-1.1,1.1,1.9000000000000001,8.700000000000001,6.699999999999999,13.000000000000002,-32.1,16
3153,52700.0,1.3,2.0,-0.8,2.1,2.4000000000000004,9.0,-0.5,-2.4000000000000004,-28.700000000000003,16
3154,52718.0,1.9000000000000001,2.0,0.4,2.6,2.5,10.200000000000001,-9.4,-9.5,-34.400000000000006,16
3155,52733.0,2.0,2.0,1.2000000000000002,2.8000000000000003,2.4000000000000004,11.0,-11.6,-6.4,-38.60000000000001,16
3156,52750.0,1.8,2.0,2.0,2.6,2.4000000000000004,11.8,-8.899999999999999,9.4,-47.80000000000001,16
3157,52768.0,1.7000000000000002,2.0,2.0,2.5,2.4000000000000004,11.8,-6.0,18.700000000000003,-50.7,16
3158,52784.0,1.6,1.9000000000000001,1.1,2.3000000000000003,2.3000000000000003,10.9,-3.2,24.599999999999998,-52.80000000000001,16
3159,52807.0,2.0,2.4000000000000004,0.6000000000000001,2.6,2.8000000000000003,10.4,-16.4,6.8,-57.20000000000001,16
3160,52817.0,2.3000000000000003,1.3,3.0,2.9000000000000004,1.7000000000000002,12.8,-44.4,-15.700000000000001,-75.1,16
3161,52835.0,1.6,0.2,4.6000000000000005,2.3000000000000003,0.5,14.4,-52.7,-14.0,-82.60000000000001,16
3162,52850.0,0.4,-2.0,6.800000000000001,1.0,-1.9000000000000001,16.6,-55.2,10.4,-78.7,16
3163,52870.0,0.4,-1.9000000000000001,6.800000000000001,0.5,-2.4000000000000004,16.0,-43.6,26.000000000000004,-66.80000000000001,16
3164,52885.0,-0.1,-2.4000000000000004,6.2,0.5,-2.4000000000000004,15.3,-3.1,29.300000000000004,-32.9,16
3165,52900.0,0.9,-1.5,2.9000000000000004,1.4000000000000001,-1.6,12.700000000000001,22.700000000000003,6.9,-10.4,16
3166,52917.0,1.5,-1.1,1.7000000000000002,2.3000000000000003,-0.8,10.9,42.3,-24.900000000000002,5.7,16
3167,52933.0,2.2,-0.5,-0.1,2.8000000000000003,-0.4,9.700000000000001,47.0,-32.5,7.8,16
3168,52951.0,2.6,-0.30000000000000004,-1.6,3.3000000000000003,-0.1,8.200000000000001,44.00000000000001,-35.5,-0.1,16
3169,52976.0,2.1,-0.5,-1.8,2.9000000000000004,0.0,8.0,17.6,-26.6,-27.099999999999998,16
3170,52984.0,2.1,-0.5,-1.8,2.9000000000000004,0.0,8.0,17.6,-26.6,-27.099999999999998,16
3171,53006.0,1.4000000000000001,-0.7000000000000001,-1.2000000000000002,1.9000000000000001,-0.30000000000000004,8.8,5.7,-18.0,-42.60000000000001,16
3172,53017.0,0.4,-1.0,-0.8,1.0,-0.4,8.700000000000001,10.299999999999999,-7.1000000000000005,-46.50000000000001,16
3173,53033.0,-0.4,-0.8,-1.6,0.6000000000000001,-0.30000000000000004,8.1,15.8,-3.7000000000000006,-44.8,16
3174,53050.0,-0.4,-0.7000000000000001,-2.5,0.6000000000000001,0.0,7.300000000000001,23.5,-6.0,-39.0,16
3175,53067.0,-0.30000000000000004,-0.5,-2.7,0.6000000000000001,0.1,7.0,26.1,-8.700000000000001,-36.400000000000006,16
3176,53089.0,-0.30000000000000004,0.1,-3.4000000000000004,0.7000000000000001,0.9,6.300000000000001,17.6,-16.5,-39.699999999999996,16
3177,53100.0,-0.30000000000000004,0.1,-3.4000000000000004,0.7000000000000001,1.0,6.4,11.000000000000002,-16.700000000000003,-41.800000000000004,16
3178,53117.0,-0.5,0.2,-2.9000000000000004,0.5,1.0,7.2,-0.30000000000000004,-15.100000000000001,-46.1,16
3179,53134.0,-0.8,0.1,-2.0,0.30000000000000004,1.0,7.7,-3.2,-13.399999999999999,-46.300000000000004,16
3180,53150.0,-0.9,0.30000000000000004,-1.2000000000000002,0.30000000000000004,1.2000000000000002,8.5,-3.5,-13.900000000000002,-43.2,16
3181,53167.0,-0.8,0.30000000000000004,-1.0,0.4,1.3,8.700000000000001,-2.0,-16.200000000000003,-41.300000000000004,16
3182,53185.0,-0.30000000000000004,0.6000000000000001,-0.5,0.9,1.5,9.1,2.5,-14.5,-41.0,16
3183,53200.0,-0.30000000000000004,0.7000000000000001,-0.7000000000000001,0.9,1.7000000000000002,8.8,5.1000000000000005,-2.1,-45.400000000000006,16
3184,53217.0,-0.4,0.8,-1.2000000000000002,0.7000000000000001,1.8,8.3,0.6000000000000001,6.500000000000001,-49.50000000000001,16
3185,53235.0,-0.8,0.8,-0.7000000000000001,0.4,1.8,8.5,-3.6000000000000005,5.4,-50.400000000000006,16
3186,53250.0,-0.9,0.6000000000000001,0.1,0.30000000000000004,1.6,9.8,-9.5,-6.600000000000001,-49.199999999999996,16
3187,53269.0,-0.9,0.6000000000000001,0.1,0.30000000000000004,1.5,10.200000000000001,-9.5,-12.4,-46.6,16
3188,53285.0,-0.7000000000000001,0.30000000000000004,1.6,0.5,1.3,11.3,-6.1000000000000005,-16.4,-37.800000000000004,16
3189,53301.0,-0.2,0.4,1.9000000000000001,1.3,1.5,11.600000000000001,-0.7,-14.200000000000001,-28.600000000000005,16
3190,53318.0,0.6000000000000001,0.8,1.8,2.4000000000000004,2.1,11.4,4.1,-15.399999999999999,-27.6,16
3191,53334.0,1.6,1.2000000000000002,1.6,2.9000000000000004,2.2,11.3,5.300000000000001,-16.6,-31.799999999999997,16
3192,53350.0,1.9000000000000001,1.2000000000000002,0.7000000000000001,3.2,2.3000000000000003,10.3,4.5,-12.200000000000001,-41.900000000000006,16
3193,53367.0,1.8,1.3,0.30000000000000004,3.2,2.3000000000000003,9.9,0.2,-6.4,-49.800000000000004,16
3194,53383.0,1.6,1.3,-0.30000000000000004,2.8000000000000003,2.3000000000000003,9.600000000000001,-23.5,-4.300000000000001,-68.3,16
3195,53404.0,1.2000000000000002,0.4,1.6,2.2,1.1,12.0,-58.2,-5.2,-88.3,16
3196,53418.0,-1.1,-1.7000000000000002,4.9,0.2,-0.9,14.600000000000001,-72.0,22.6,-96.0,16
3197,53436.0,-1.8,-2.7,5.6000000000000005,-0.6000000000000001,-1.9000000000000001,15.3,-66.60000000000001,42.400000000000006,-86.4,16
3198,53450.0,-1.6,-3.0,4.5,-0.5,-2.4000000000000004,14.200000000000001,-29.1,65.4,-43.1,16
3199,53468.0,-0.8,-2.9000000000000004,3.5,2.1,-1.6,11.5,18.5,31.3,9.4,16
3200,53483.0,2.1,-1.8,1.3,2.9000000000000004,-1.2000000000000002,11.100000000000001,35.3,-0.7,28.700000000000003,16
3201,53500.0,4.2,-1.0,0.2,5.6000000000000005,-0.2,9.600000000000001,48.2,-47.400000000000006,34.0,16
3202,53517.0,5.7,-0.7000000000000001,-1.1,6.7,0.2,8.6,38.900000000000006,-38.0,7.400000000000001,16
3203,53533.0,5.4,-0.7000000000000001,-1.8,6.5,0.2,7.9,30.799999999999997,-18.200000000000003,-12.100000000000001,16
3204,53550.0,3.7,-0.8,-3.3000000000000003,4.800000000000001,0.2,6.4,9.5,22.2,-49.4,16
3205,53567.0,3.0,-0.9,-3.5,4.1000000000000005,0.1,6.2,-2.3,35.1,-62.6,16
3206,53583.0,1.5,-1.1,-3.3000000000000003,2.5,-0.1,6.4,-18.200000000000003,34.2,-73.4,16
3207,53603.0,0.5,-0.8,-2.6,1.3,0.1,7.1000000000000005,-16.3,6.1000000000000005,-67.10000000000001,16
3208,53617.0,0.5,-0.4,-2.6,1.3,0.5,7.1000000000000005,-4.2,-17.9,-53.50000000000001,16
3209,53633.0,0.7000000000000001,0.0,-2.9000000000000004,1.5,1.0,6.9,-1.3,-21.6,-48.800000000000004,16
3210,53650.0,0.9,0.4,-2.8000000000000003,1.7000000000000002,1.4000000000000001,6.9,-3.5,-21.8,-45.7,16
3211,53667.0,0.8,0.4,-2.8000000000000003,1.7000000000000002,1.5,7.1000000000000005,-4.7,-21.300000000000004,-45.5,16
3212,53683.0,0.8,0.8,-2.4000000000000004,1.7000000000000002,1.8,7.4,-2.2,-20.7,-45.5,16
3213,53700.0,0.7000000000000001,0.9,-2.6,1.6,1.9000000000000001,6.9,1.9,-12.7,-45.400000000000006,16
3214,53717.0,0.6000000000000001,1.2000000000000002,-3.8000000000000003,1.6,2.2,6.0,-0.4,-7.400000000000001,-44.5,16
3215,53733.0,0.7000000000000001,1.5,-3.9000000000000004,1.7000000000000002,2.5,5.800000000000001,-5.7,-8.3,-45.5,16
3216,53751.0,0.7000000000000001,1.8,-2.9000000000000004,1.8,2.8000000000000003,6.800000000000001,-18.6,-13.900000000000002,-51.6,16
3217,53772.0,0.30000000000000004,1.7000000000000002,-1.7000000000000002,1.4000000000000001,2.6,8.0,-24.5,-9.600000000000001,-58.5,16
3218,53784.0,0.30000000000000004,1.7000000000000002,-1.7000000000000002,1.1,2.5,8.200000000000001,-24.1,-2.2,-59.5,16
3219,53800.0,-0.8,1.4000000000000001,-1.3,0.30000000000000004,2.3000000000000003,8.4,-21.7,10.700000000000001,-55.5,16
3220,53817.0,-0.8,1.6,-1.2000000000000002,0.2,2.5,8.6,-17.0,15.000000000000002,-42.2,16
3221,53833.0,-0.5,1.8,-0.9,0.5,2.6,8.9,-14.400000000000002,7.8,-35.599999999999994,16
3222,53851.0,0.5,2.0,0.7000000000000001,1.4000000000000001,2.7,10.5,-14.400000000000002,-14.900000000000002,-25.7,16
3223,53869.0,1.2000000000000002,2.1,2.6,2.2,2.8000000000000003,12.3,-17.400000000000002,-23.5,-27.5,16
3224,53886.0,1.1,2.1,3.0,2.2,2.8000000000000003,12.8,-20.400000000000002,-17.0,-31.400000000000002,16
3225,53900.0,0.7000000000000001,2.0,4.2,1.7000000000000002,2.7,14.0,-22.8,16.200000000000003,-42.2,16
3226,53917.0,0.0,2.1,3.2,0.9,2.6,12.9,-17.9,57.699999999999996,-43.800000000000004,16
3227,53934.0,-0.1,2.3000000000000003,2.0,0.8,2.8000000000000003,11.8,-16.5,67.00000000000001,-41.800000000000004,16
3228,53950.0,-0.4,2.7,1.7000000000000002,0.2,3.2,11.4,-27.6,47.1,-44.8,16
3229,53967.0,-0.30000000000000004,2.8000000000000003,1.7000000000000002,0.1,2.5,12.200000000000001,-42.0,24.400000000000002,-48.10000000000001,16
3230,53983.0,-1.0,0.0,6.5,-0.5,0.2,16.3,-62.1,-6.699999999999999,-43.4,16
3231,54001.0,-1.4000000000000001,-1.6,8.700000000000001,-0.9,-1.5,18.5,-42.3,-15.100000000000001,-15.299999999999999,16
3232,54017.0,-0.6000000000000001,-1.9000000000000001,7.6000000000000005,-0.1,-1.9000000000000001,17.400000000000002,5.500000000000001,-4.0,26.700000000000003,16
3233,54033.0,0.1,-1.5,5.6000000000000005,0.7000000000000001,-1.5,15.3,31.9,-2.6,45.5,16
3234,54050.0,2.0,-0.6000000000000001,1.6,2.6,-0.5,11.4,63.70000000000001,-16.3,68.1,16
3235,54067.0,2.5,-0.5,0.8,3.1,-0.30000000000000004,10.600000000000001,68.9,-26.300000000000004,69.60000000000001,16
3236,54083.0,3.2,-0.1,-1.0,3.9000000000000004,0.30000000000000004,8.8,65.89999999999999,-43.2,57.20000000000001,16
3237,54100.0,3.1,-0.1,-1.7000000000000002,3.9000000000000004,0.5,7.800000000000001,50.3,-38.900000000000006,32.6,16
3238,54121.0,2.1,-0.30000000000000004,-2.2,3.1,0.5,7.5,26.6,-19.200000000000003,6.0,16
3239,54134.0,1.4000000000000001,-0.6000000000000001,-2.0,2.5,0.2,7.7,16.200000000000003,-8.0,-4.9,16
3240,54150.0,0.0,-1.1,-1.6,1.1,-0.2,8.200000000000001,8.2,2.9,-15.6,16
3241,54176.0,-0.9,-1.0,-1.6,0.2,-0.1,8.1,16.0,-6.8,-7.9,16
3242,54184.0,-0.9,-1.0,-1.6,0.2,-0.1,8.1,16.0,-6.8,-7.9,16
3243,54200.0,-0.6000000000000001,-1.0,-1.7000000000000002,0.5,0.0,8.0,23.5,-14.700000000000001,0.8,16
3244,54217.0,-0.30000000000000004,-0.7000000000000001,-2.2,0.9,0.4,7.5,30.799999999999997,-12.299999999999999,3.2,16
3245,54233.0,-0.2,-0.6000000000000001,-2.7,1.0,0.5,7.0,32.9,-9.3,2.4000000000000004,16
3246,54250.0,-0.2,-0.4,-3.6,1.0,0.8,6.1000000000000005,33.300000000000004,-5.4,0.1,16
3247,54267.0,-0.30000000000000004,-0.30000000000000004,-3.8000000000000003,0.8,1.3,5.7,30.000000000000004,-5.0,-2.3,16
3248,54283.0,-0.4,-0.1,-3.9000000000000004,0.7000000000000001,1.4000000000000001,6.0,18.4,-6.8,-7.6,16
3249,54300.0,-0.6000000000000001,-0.1,-2.7,0.7000000000000001,1.3,7.0,8.8,-5.4,-12.4,16
3250,54317.0,-0.8,0.0,-2.6,0.4,1.5,7.0,9.0,3.4,-15.000000000000002,16
3251,54334.0,-1.0,0.2,-2.7,0.2,1.7000000000000002,6.9,8.3,5.8,-15.6,16
3252,54350.0,-0.9,0.4,-2.4000000000000004,0.30000000000000004,1.9000000000000001,7.2,1.8000000000000003,4.4,-16.8,16
3253,54367.0,-1.0,0.7000000000000001,-1.7000000000000002,0.2,2.2,7.9,-7.500000000000001,-0.9000000000000001,-22.6,16
3254,54383.0,-1.0,0.7000000000000001,-1.7000000000000002,0.0,2.2,8.3,-13.5,-0.30000000000000004,-26.000000000000004,16
3255,54400.0,-1.4000000000000001,0.7000000000000001,-0.8,-0.4,2.1,9.1,-24.3,5.300000000000001,-29.0,16
3256,54417.0,-1.6,0.5,0.1,-0.4,1.8,10.0,-30.9,3.4,-25.1,16
3257,54434.0,-1.0,0.5,1.0,0.4,1.8,11.0,-38.1,-7.6,-19.1,16
3258,54450.0,-0.2,0.6000000000000001,2.5,0.9,1.9000000000000001,12.100000000000001,-43.800000000000004,-13.200000000000003,-19.200000000000003,16
3259,54467.0,-0.2,0.5,4.1000000000000005,1.0,1.6,13.700000000000001,-52.900000000000006,-16.0,-21.6,16
3260,54487.0,0.4,0.1,5.4,1.6,1.0,15.100000000000001,-46.1,-12.5,-16.700000000000003,16
3261,54500.0,0.30000000000000004,0.2,5.4,2.0,0.9,15.100000000000001,-38.0,-13.000000000000002,-14.600000000000001,16
3262,54517.0,1.5,0.30000000000000004,4.9,2.7,1.0,14.5,-28.500000000000004,-11.6,-16.1,16
3263,54539.0,1.4000000000000001,0.1,4.6000000000000005,2.7,0.8,14.3,-25.8,7.6,-25.1,16
3264,54552.0,0.6000000000000001,-0.1,3.9000000000000004,1.9000000000000001,0.5,13.600000000000001,-21.6,21.400000000000002,-29.300000000000004,16
3265,54567.0,0.2,-0.2,3.4000000000000004,1.5,0.4,13.100000000000001,-17.400000000000002,33.2,-30.599999999999998,16
3266,54584.0,-0.30000000000000004,-1.3,2.1,0.8,-0.8,11.9,-10.700000000000001,34.800000000000004,-17.6,16
3267,54600.0,-0.2,-1.3,2.1,1.1,-1.1,11.9,-6.0,21.200000000000003,-7.300000000000001,16
3268,54617.0,0.1,-1.6,2.1,2.2,-0.9,12.600000000000001,7.0,-18.8,13.200000000000003,16
3269,54638.0,2.3000000000000003,-1.3,2.5,3.4000000000000004,-0.8,12.3,25.300000000000004,-32.300000000000004,21.6,16
3270,54650.0,2.6,-0.9,1.3,3.7,-0.30000000000000004,11.0,32.1,-25.300000000000004,20.8,16
3271,54667.0,2.2,-0.30000000000000004,-1.0,3.4000000000000004,0.4,8.700000000000001,38.50000000000001,-0.8,9.700000000000001,16
3272,54683.0,2.2,-0.30000000000000004,-1.0,3.2,0.6000000000000001,8.0,36.9,11.000000000000002,1.8000000000000003,16
3273,54700.0,1.4000000000000001,0.0,-2.9000000000000004,2.1,1.0,6.300000000000001,27.9,28.600000000000005,-15.2,16
3274,54717.0,0.30000000000000004,0.30000000000000004,-4.0,0.7000000000000001,1.2000000000000002,5.5,14.700000000000001,30.799999999999997,-25.200000000000003,16
3275,54734.0,-1.1,0.2,-4.3,-0.2,1.2000000000000002,5.5,4.7,17.1,-21.7,16
3276,54750.0,-1.7000000000000002,0.30000000000000004,-3.9000000000000004,-0.9,1.3,5.800000000000001,2.5,5.8,-15.6,16
3277,54767.0,-1.7000000000000002,0.30000000000000004,-3.8000000000000003,-0.8,1.3,5.9,1.7,-6.300000000000001,-8.4,16
3278,54783.0,-1.3,0.5,-3.1,-0.2,1.6,7.0,2.7,-29.0,3.1,16
3279,54800.0,-0.5,0.5,-2.2,0.5,1.6,7.5,8.5,-37.6,6.4,16
3280,54817.0,0.1,0.5,-2.0,1.2000000000000002,1.6,7.7,10.1,-29.500000000000004,4.4,16
3281,54835.0,0.2,0.6000000000000001,-2.2,1.5,1.6,7.300000000000001,10.8,-22.6,-4.5,16
3282,54850.0,0.1,0.5,-2.4000000000000004,1.4000000000000001,1.6,7.300000000000001,6.2,-20.400000000000002,-9.700000000000001,16
3283,54867.0,0.1,0.4,-2.4000000000000004,1.3,1.6,7.5,-0.30000000000000004,-16.6,-14.5,16
3284,54883.0,-0.4,0.4,-1.3,0.9,1.5,8.3,-8.3,-6.699999999999999,-23.0,16
3285,54900.0,-0.9,0.30000000000000004,-1.1,0.2,1.3,8.5,-8.2,4.800000000000001,-26.6,16
3286,54917.0,-1.6,0.2,-1.3,-0.30000000000000004,1.3,8.4,-6.600000000000001,7.0,-20.599999999999998,16
3287,54936.0,-1.7000000000000002,0.2,-1.3,-0.4,1.3,8.3,-5.1000000000000005,-2.3,-10.0,16
3288,54955.0,-1.5,0.5,-0.8,-0.2,1.6,8.9,-4.6,-8.5,-5.300000000000001,16
3289,54966.0,-1.3,0.6000000000000001,-0.5,0.0,1.6,9.200000000000001,-3.9,-12.4,-1.5,16
3290,54984.0,-1.0,0.6000000000000001,0.1,0.30000000000000004,1.7000000000000002,9.8,-2.6,-8.0,3.3000000000000007,16
3291,55000.0,-0.6000000000000001,0.7000000000000001,0.30000000000000004,0.8,1.8,10.0,-1.9,-1.0,7.6,16
3292,55017.0,0.30000000000000004,1.1,0.6000000000000001,1.6,2.2,10.3,-7.0,-4.4,6.9,16
3293,55034.0,0.4,1.5,1.4000000000000001,1.7000000000000002,2.5,11.0,-16.700000000000003,-1.1,0.4,16
3294,55052.0,0.0,1.6,2.1,1.4000000000000001,2.6,11.700000000000001,-18.900000000000002,2.8,-4.6,16
3295,55069.0,-0.9,1.8,1.8,0.4,2.7,11.4,-19.200000000000003,29.600000000000005,-10.200000000000001,16
3296,55084.0,-1.1,1.9000000000000001,1.3,0.2,2.8000000000000003,10.9,-15.299999999999999,44.300000000000004,-8.4,16
3297,55100.0,-1.4000000000000001,2.7,-0.2,-0.30000000000000004,3.6,9.5,-14.100000000000001,51.6,-1.6,16
3298,55117.0,-1.5,3.1,-0.8,-0.30000000000000004,3.7,9.1,-27.0,31.400000000000002,3.4,16
3299,55135.0,-1.0,2.3000000000000003,1.0,-0.1,3.1,10.700000000000001,-41.900000000000006,16.3,4.4,16
3300,55150.0,-1.5,0.5,5.2,-0.6000000000000001,1.2000000000000002,15.0,-56.7,-18.5,4.0,16
3301,55167.0,-1.5,0.6000000000000001,5.2,-0.9,0.4,16.3,-51.9,-32.2,8.899999999999999,16
3302,55185.0,-1.3,-1.5,8.0,-0.30000000000000004,-1.2000000000000002,17.8,-18.8,-35.4,38.400000000000006,16
3303,55200.0,0.1,-1.3,6.1000000000000005,1.3,-1.0,15.8,27.3,-25.0,65.6,16
3304,55217.0,1.3,-1.1,2.9000000000000004,2.6,-0.6000000000000001,12.600000000000001,51.4,-21.200000000000003,74.0,16
3305,55233.0,1.6,-0.8,1.5,2.9000000000000004,-0.30000000000000004,11.200000000000001,52.2,-17.7,71.8,16
3306,55251.0,1.6,-0.7000000000000001,0.30000000000000004,2.9000000000000004,-0.1,10.0,39.2,-8.5,58.900000000000006,16
3307,55268.0,1.2000000000000002,-0.8,0.0,2.5,-0.1,9.700000000000001,26.9,-4.7,46.300000000000004,16
3308,55284.0,1.2000000000000002,-0.9,0.0,2.4000000000000004,-0.2,9.700000000000001,23.400000000000002,-5.9,41.0,16
3309,55300.0,0.4,-1.0,-0.1,1.6,-0.2,9.5,20.400000000000002,-4.6,34.800000000000004,16
3310,55317.0,-0.2,-1.1,-0.5,1.0,-0.2,8.8,24.7,2.3,35.699999999999996,16
3311,55334.0,-0.7000000000000001,-0.9,-1.6,0.7000000000000001,0.1,7.6000000000000005,29.800000000000004,3.1,39.599999999999994,16
3312,55350.0,-0.6000000000000001,-0.7000000000000001,-2.7,0.8,0.30000000000000004,7.0,30.699999999999996,0.0,41.0,16
3313,55368.0,-0.6000000000000001,-0.7000000000000001,-2.7,0.9,0.4,6.7,30.1,-4.4,41.50000000000001,16
3314,55384.0,-0.4,-0.30000000000000004,-2.9000000000000004,1.1,0.8,6.800000000000001,24.0,-12.4,40.1,16
3315,55400.0,-0.5,-0.4,-2.3000000000000003,1.1,0.8,7.300000000000001,22.6,-14.0,35.599999999999994,16
3316,55417.0,-0.8,-0.6000000000000001,-2.2,0.7000000000000001,0.5,7.4,29.600000000000005,-10.9,35.4,16
3317,55436.0,-0.9,-0.6000000000000001,-2.8000000000000003,0.7000000000000001,0.7000000000000001,6.800000000000001,35.0,-12.100000000000001,39.2,16
3318,55451.0,-0.7000000000000001,-0.5,-2.8000000000000003,1.0,0.9,6.800000000000001,34.800000000000004,-15.8,39.50000000000001,16
3319,55470.0,-0.4,-0.30000000000000004,-2.4000000000000004,1.4000000000000001,1.1,7.1000000000000005,33.6,-22.4,35.0,16
3320,55484.0,-0.30000000000000004,-0.30000000000000004,-2.3000000000000003,1.5,1.1,7.2,33.1,-22.000000000000004,30.9,16
3321,55500.0,-0.30000000000000004,-0.30000000000000004,-2.5,1.5,1.2000000000000002,7.0,31.2,-15.299999999999999,23.900000000000006,16
3322,55518.0,-0.4,-0.30000000000000004,-2.6,1.6,1.4000000000000001,6.9,19.9,-0.6000000000000001,13.100000000000001,16
3323,55537.0,-0.4,-0.1,-2.3000000000000003,1.3,1.6,7.4,11.700000000000001,6.300000000000001,7.400000000000001,16
3324,55550.0,-1.0,-0.2,-1.5,0.9,1.5,7.9,-2.5,13.399999999999999,-4.300000000000001,16
3325,55570.0,-1.3,-0.30000000000000004,-0.8,0.6000000000000001,1.3,8.700000000000001,-10.5,13.000000000000002,-7.6,16
3326,55585.0,-1.3,-0.30000000000000004,-0.8,0.5,1.4000000000000001,8.9,-13.8,8.700000000000001,-6.500000000000001,16
3327,55600.0,-0.8,0.0,0.2,1.0,1.6,9.700000000000001,-20.1,-3.6000000000000005,-2.1,16
3328,55617.0,-0.4,0.5,1.1,1.4000000000000001,2.0,10.600000000000001,-28.900000000000002,-8.899999999999999,-2.1,16
3329,55634.0,-0.4,0.6000000000000001,1.7000000000000002,1.5,2.2,11.8,-37.1,-2.1,-5.7,16
3330,55650.0,-0.1,0.8,2.7,1.8,2.2,12.3,-38.1,2.3,-6.500000000000001,16
3331,55671.0,0.2,1.1,3.0,2.0,2.3000000000000003,12.5,-34.800000000000004,0.6000000000000001,-7.699999999999999,16
3332,55683.0,0.30000000000000004,1.0,3.1,2.1,2.2,12.600000000000001,-34.2,-5.2,-8.8,16
3333,55701.0,0.7000000000000001,0.9,3.5,2.5,2.0,13.100000000000001,-36.2,-16.0,-10.600000000000001,16
3334,55717.0,0.9,0.4,4.1000000000000005,2.8000000000000003,0.9,14.0,-47.900000000000006,-14.400000000000002,-19.799999999999997,16
3335,55734.0,0.4,-0.7000000000000001,5.300000000000001,1.7000000000000002,-0.5,15.5,-60.1,17.200000000000003,-24.0,16
3336,55750.0,-0.8,-2.2,6.1000000000000005,1.1,-1.5,15.700000000000001,-56.800000000000004,30.5,-16.1,16
3337,55771.0,-1.1,-2.7,5.6000000000000005,0.6000000000000001,-2.2,15.3,-26.9,29.600000000000005,17.799999999999997,16
3338,55783.0,-0.6000000000000001,-2.6,5.0,1.2000000000000002,-2.1,14.700000000000001,-1.2000000000000002,15.6,42.0,16
3339,55800.0,1.8,-1.4000000000000001,2.3000000000000003,3.5,-0.9,12.0,54.699999999999996,-22.700000000000003,77.3,16
3340,55817.0,3.1,0.1,-0.9,5.0,0.8,8.700000000000001,78.2,-46.0,76.3,16
3341,55833.0,3.3000000000000003,0.8,-2.5,5.300000000000001,1.5,7.1000000000000005,73.7,-43.900000000000006,63.8,16
3342,55851.0,2.6,1.2000000000000002,-3.2,4.7,2.2,6.300000000000001,44.9,-13.8,28.700000000000003,16
3343,55882.0,1.1,0.9,-3.2,3.2,2.0,6.300000000000001,17.200000000000003,19.300000000000004,-2.3,16
3344,55886.0,0.30000000000000004,0.8,-3.2,1.4000000000000001,1.8,6.5,9.700000000000001,28.0,-12.5,16
3345,55903.0,-1.2000000000000002,0.5,-2.9000000000000004,0.7000000000000001,1.7000000000000002,6.6000000000000005,5.500000000000001,25.6,-18.900000000000002,16
3346,55917.0,-1.7000000000000002,0.4,-2.7,0.0,1.6,7.0,8.0,9.3,-11.5,16
3347,55935.0,-1.9000000000000001,0.4,-2.1,0.1,1.6,7.6000000000000005,10.1,0.30000000000000004,-4.1,16
3348,55950.0,-1.5,0.4,-1.7000000000000002,0.30000000000000004,1.7000000000000002,7.9,11.1,-1.0,-0.2,16
3349,55971.0,-1.4000000000000001,0.30000000000000004,-1.4000000000000001,0.5,1.5,8.1,12.7,3.5,2.6,16
3350,55983.0,-1.4000000000000001,0.2,-1.4000000000000001,0.6000000000000001,1.5,8.1,13.3,7.1000000000000005,3.3000000000000007,16
3351,56000.0,-1.2000000000000002,-0.1,-1.4000000000000001,0.6000000000000001,1.2000000000000002,8.1,13.6,11.3,5.9,16
3352,56017.0,-1.1,-0.2,-1.3,0.7000000000000001,1.2000000000000002,8.3,13.6,9.2,10.299999999999999,16
3353,56033.0,-1.2000000000000002,0.0,-1.2000000000000002,0.6000000000000001,1.4000000000000001,8.3,14.100000000000001,8.600000000000001,12.299999999999999,16
3354,56054.0,-1.3,0.0,-1.4000000000000001,0.4,1.4000000000000001,8.200000000000001,14.700000000000001,15.000000000000002,16.0,16
3355,56069.0,-1.4000000000000001,0.2,-1.5,0.30000000000000004,1.7000000000000002,8.1,12.5,26.700000000000003,21.0,16
3356,56084.0,-1.3,0.30000000000000004,-1.4000000000000001,0.4,1.8,8.200000000000001,11.6,29.1,23.800000000000004,16
3357,56100.0,-1.3,0.4,-1.5,0.30000000000000004,2.0,8.1,12.4,25.6,29.1,16
3358,56117.0,-1.1,0.5,-1.3,0.7000000000000001,2.2,8.5,11.900000000000002,19.0,35.699999999999996,16
3359,56133.0,-0.5,0.8,-0.9,1.0,2.3000000000000003,8.700000000000001,12.8,14.200000000000001,37.9,16
3360,56150.0,0.1,0.9,-0.6000000000000001,1.6,2.5,9.0,14.100000000000001,2.8,37.800000000000004,16
3361,56168.0,0.6000000000000001,1.0,-0.2,2.1,2.6,9.4,8.0,-0.30000000000000004,33.400000000000006,16
3362,56184.0,0.6000000000000001,1.0,-0.2,2.3000000000000003,2.6,9.5,2.0,1.0,28.600000000000005,16
3363,56201.0,0.9,0.9,0.7000000000000001,2.4000000000000004,2.5,10.3,-13.000000000000002,6.699999999999999,14.5,16
3364,56217.0,0.5,0.6000000000000001,1.4000000000000001,2.0,2.2,11.0,-30.599999999999998,5.4,-2.0,16
3365,56234.0,-0.30000000000000004,-0.2,3.5,1.2000000000000002,1.3,13.100000000000001,-57.20000000000001,-5.6,-15.8,16
3366,56250.0,-1.0,-1.1,5.300000000000001,0.4,0.30000000000000004,14.9,-66.80000000000001,-7.6,-18.5,16
3367,56269.0,-2.1,-1.9000000000000001,7.4,-0.5,-0.8,17.1,-60.6,8.8,-4.1,16
3368,56288.0,-2.1,-2.1,7.4,-0.6000000000000001,-1.0,17.0,-44.8,22.8,10.4,16
3369,56300.0,-2.0,-1.6,6.2,-0.5,-0.5,15.100000000000001,-2.1,40.1,40.0,16
3370,56317.0,-1.1,-0.7000000000000001,2.1,0.1,0.2,11.8,28.1,34.50000000000001,62.6,16
3371,56333.0,-0.9,-0.2,0.5,0.30000000000000004,0.7000000000000001,10.200000000000001,35.0,24.1,68.0,16
3372,56350.0,-0.6000000000000001,0.30000000000000004,-1.2000000000000002,0.6000000000000001,1.3,8.5,28.3,1.2000000000000002,72.80000000000001,16
3373,56367.0,-0.30000000000000004,0.30000000000000004,-0.7000000000000001,0.9,1.3,9.0,6.2,-16.5,70.4,16
3374,56391.0,-0.30000000000000004,-0.2,1.2000000000000002,1.0,0.8,10.9,-3.3000000000000007,-24.7,66.0,16
3375,56400.0,-0.4,-0.2,1.2000000000000002,1.0,0.7000000000000001,11.100000000000001,-3.7000000000000006,-26.5,63.70000000000001,16
3376,56417.0,-0.5,-0.5,2.0,1.0,0.5,11.600000000000001,0.5,-21.6,61.8,16
3377,56433.0,-0.7000000000000001,-0.6000000000000001,1.1,0.8,0.4,10.700000000000001,12.600000000000001,-9.5,60.5,16
3378,56450.0,-0.9,-0.6000000000000001,0.30000000000000004,0.7000000000000001,0.4,9.9,17.300000000000004,-5.2,60.6,16
3379,56468.0,-1.0,-0.4,-0.8,0.6000000000000001,0.6000000000000001,8.8,23.700000000000003,-3.8,61.50000000000001,16
3380,56483.0,-1.1,-0.5,-1.2000000000000002,0.5,0.6000000000000001,8.4,25.8,-5.0,61.7,16
3381,56500.0,-1.2000000000000002,-0.5,-1.7000000000000002,0.4,0.6000000000000001,7.7,25.8,-7.1000000000000005,63.599999999999994,16
3382,56517.0,-1.4000000000000001,-0.30000000000000004,-2.1,0.30000000000000004,0.9,7.5,25.900000000000002,-9.0,66.7,16
3383,56534.0,-1.3,-0.1,-2.4000000000000004,0.4,1.1,7.2,26.9,-11.000000000000002,67.7,16
3384,56550.0,-1.2000000000000002,0.1,-2.8000000000000003,0.6000000000000001,1.3,6.800000000000001,27.700000000000003,-14.100000000000001,66.4,16
3385,56572.0,-1.1,0.1,-3.0,0.7000000000000001,1.4000000000000001,6.6000000000000005,23.700000000000003,-13.200000000000003,61.50000000000001,16
3386,56584.0,-1.3,0.30000000000000004,-2.8000000000000003,0.7000000000000001,1.6,6.7,13.900000000000002,-10.200000000000001,54.699999999999996,16
3387,56600.0,-1.3,0.30000000000000004,-2.8000000000000003,0.6000000000000001,1.7000000000000002,7.0,9.4,-10.1,50.900000000000006,16
3388,56617.0,-1.7000000000000002,0.4,-2.0,0.4,1.7000000000000002,7.5,4.2,-10.1,43.900000000000006,16
3389,56633.0,-1.9000000000000001,0.4,-1.3,0.1,1.6,8.200000000000001,1.3,-8.600000000000001,39.50000000000001,16
3390,56650.0,-2.1,0.30000000000000004,-0.7000000000000001,0.1,1.6,8.8,1.3,-7.500000000000001,39.0,16
3391,56669.0,-2.0,0.5,-0.30000000000000004,0.2,1.7000000000000002,9.200000000000001,4.800000000000001,-5.4,39.2,16
3392,56683.0,-1.9000000000000001,0.7000000000000001,-0.6000000000000001,0.30000000000000004,1.9000000000000001,8.9,10.0,2.4000000000000004,36.6,16
3393,56700.0,-1.8,0.7000000000000001,-0.9,0.30000000000000004,1.9000000000000001,8.6,9.5,6.9,33.9,16
3394,56716.0,-1.7000000000000002,0.7000000000000001,-0.9,0.5,2.0,8.5,-1.6,11.700000000000001,28.1,16
3395,56734.0,-1.6,0.7000000000000001,-0.30000000000000004,0.6000000000000001,1.7000000000000002,9.9,-10.200000000000001,7.400000000000001,23.400000000000002,16
3396,56750.0,-1.5,0.30000000000000004,1.2000000000000002,0.6000000000000001,1.5,10.700000000000001,-12.200000000000001,2.6,21.200000000000003,16
3397,56768.0,-1.5,0.2,2.1,0.7000000000000001,1.3,11.600000000000001,-11.3,-4.0,19.700000000000003,16
3398,56783.0,-1.3,0.2,2.2,0.9,1.3,11.700000000000001,-9.600000000000001,-3.9,21.1,16
3399,56801.0,-0.5,0.4,1.8,1.8,1.5,11.0,-7.0,2.1,19.1,16
3400,56817.0,0.1,0.4,1.8,2.3000000000000003,1.4000000000000001,11.4,-27.700000000000003,2.5,4.5,16
3401,56834.0,-0.5,-0.6000000000000001,4.2,1.6,0.2,13.8,-56.400000000000006,2.2,-12.0,16
3402,56852.0,-1.1,-1.6,5.5,1.0,-0.8,15.0,-62.900000000000006,9.2,-15.8,16
3403,56867.0,-1.8,-3.2,6.300000000000001,0.30000000000000004,-2.6,15.9,-58.800000000000004,40.800000000000004,-1.1,16
3404,56884.0,-1.7000000000000002,-3.1,6.300000000000001,0.1,-2.7,15.600000000000001,-45.3,53.400000000000006,14.800000000000002,16
3405,56900.0,-1.1,-3.3000000000000003,4.6000000000000005,0.7000000000000001,-3.0,14.3,-1.6,46.9,58.7,16
3406,56916.0,1.0,-2.3000000000000003,2.1,2.8000000000000003,-1.9000000000000001,11.700000000000001,48.9,5.6,100.0,16
3407,56933.0,2.3000000000000003,-1.5,0.4,4.7,-0.30000000000000004,8.9,77.7,-37.7,108.50000000000001,16
3408,56950.0,3.5,0.0,-2.1,5.300000000000001,0.6000000000000001,7.5,77.4,-47.400000000000006,98.9,16
3409,56966.0,3.4000000000000004,0.8,-3.2,5.4,1.5,6.300000000000001,47.0,-34.60000000000001,64.9,16
3410,56987.0,2.1,0.5,-2.2,4.2,1.3,7.300000000000001,0.30000000000000004,8.899999999999999,27.099999999999998,16
3411,57008.0,1.5,0.4,-1.8,2.0,0.9,8.4,-19.200000000000003,33.400000000000006,3.6000000000000005,16
3412,57018.0,-0.4,0.0,-1.1,1.6,0.7000000000000001,8.5,-17.1,32.300000000000004,0.6000000000000001,16
3413,57034.0,-1.3,-0.2,-1.1,0.4,0.5,8.4,-3.4,16.3,8.100000000000001,16
3414,57050.0,-1.5,0.0,-1.4000000000000001,0.30000000000000004,0.6000000000000001,8.200000000000001,4.0,3.6000000000000005,15.000000000000002,16
3415,57074.0,-0.9,0.4,-1.5,1.0,1.1,8.0,16.900000000000002,-25.7,24.8,16
3416,57089.0,-0.9,0.4,-1.5,1.1,1.2000000000000002,8.0,16.3,-22.9,23.700000000000003,16
3417,57102.0,-0.9,0.4,-1.6,1.1,1.2000000000000002,8.0,14.800000000000002,-14.5,22.3,16
3418,57116.0,-1.0,0.5,-1.7000000000000002,1.0,1.3,7.7,12.0,0.4,20.8,16
3419,57133.0,-1.1,0.6000000000000001,-2.1,0.9,1.5,7.4,11.2,7.9,19.9,16
3420,57150.0,-1.1,0.9,-2.5,1.0,1.7000000000000002,7.1000000000000005,12.600000000000001,5.1000000000000005,20.599999999999998,16
3421,57176.0,-0.7000000000000001,1.1,-1.9000000000000001,1.4000000000000001,2.0,7.7,8.899999999999999,-11.5,17.9,16
3422,57184.0,-0.7000000000000001,1.1,-1.9000000000000001,1.4000000000000001,2.0,7.7,8.899999999999999,-11.5,17.9,16
3423,57201.0,-0.7000000000000001,1.1,-1.9000000000000001,1.4000000000000001,2.0,7.7,8.899999999999999,-11.5,17.9,16
3424,57219.0,-1.3,1.1,-0.30000000000000004,0.8,1.9000000000000001,9.200000000000001,0.0,14.800000000000002,1.9,16
3425,57235.0,-1.8,1.0,-0.30000000000000004,0.0,1.8,9.3,0.2,33.300000000000004,1.3,16
3426,57250.0,-2.4000000000000004,0.9,-0.30000000000000004,-0.4,1.8,9.3,2.0,36.300000000000004,4.2,16
3427,57267.0,-2.4000000000000004,0.8,-0.30000000000000004,-0.6000000000000001,1.7000000000000002,9.3,9.5,28.600000000000005,15.399999999999999,16
3428,57291.0,-2.1,0.8,-0.2,-0.4,1.8,9.5,16.0,6.8,32.2,16
3429,57303.0,-1.5,1.0,0.6000000000000001,0.2,1.9000000000000001,10.200000000000001,14.0,5.4,35.1,16
3430,57317.0,-1.5,1.0,0.6000000000000001,0.5,2.0,10.5,11.4,7.0,35.599999999999994,16
3431,57333.0,-1.1,1.0,1.5,0.6000000000000001,2.0,11.100000000000001,5.7,17.6,32.8,16
3432,57350.0,-1.0,1.0,1.7000000000000002,0.7000000000000001,1.9000000000000001,11.3,3.5,22.8,31.5,16
3433,57366.0,-0.8,0.5,2.5,0.8,1.5,12.100000000000001,-6.600000000000001,17.6,27.099999999999998,16
3434,57384.0,-0.8,0.30000000000000004,2.8000000000000003,0.8,1.3,12.5,-12.9,10.8,25.8,16
3435,57400.0,-1.0,-0.2,4.0,0.5,0.4,13.9,-15.299999999999999,2.3,28.3,16
3436,57417.0,-1.4000000000000001,-1.1,4.7,0.2,-0.30000000000000004,14.3,-1.4,7.500000000000001,41.50000000000001,16
3437,57433.0,-1.3,-0.9,2.9000000000000004,0.30000000000000004,-0.1,12.5,14.800000000000002,13.200000000000003,54.0,16
3438,57450.0,-0.9,-0.7000000000000001,2.0,0.7000000000000001,0.1,11.600000000000001,13.900000000000002,11.5,56.800000000000004,16
3439,57467.0,-0.6000000000000001,-0.8,2.2,0.9,0.1,11.8,2.7,6.1000000000000005,54.4,16
3440,57486.0,-0.6000000000000001,-0.9,2.6,0.9,-0.1,12.200000000000001,-4.800000000000001,3.4,51.2,16
3441,57503.0,-0.9,-1.1,3.0,0.4,-0.4,12.700000000000001,-5.4,2.4000000000000004,49.300000000000004,16
3442,57516.0,-1.6,-1.4000000000000001,2.3000000000000003,-0.1,-0.7000000000000001,12.0,4.7,5.500000000000001,55.2,16
3443,57533.0,-1.6,-1.3,1.7000000000000002,-0.30000000000000004,-0.4,10.600000000000001,16.4,10.9,65.2,16
3444,57550.0,-1.8,-1.0,0.1,-0.30000000000000004,-0.30000000000000004,9.8,20.599999999999998,11.900000000000002,69.80000000000001,16
3445,57573.0,-1.8,-0.5,-1.5,-0.4,0.4,8.200000000000001,21.900000000000002,6.9,78.2,16
3446,57584.0,-1.9000000000000001,-0.4,-1.7000000000000002,-0.5,0.4,8.0,21.900000000000002,6.9,78.2,16
3447,57600.0,-1.9000000000000001,-0.5,-1.6,-0.4,0.4,8.1,15.5,-0.1,83.2,16
3448,57618.0,-1.6,-0.5,-0.7000000000000001,-0.1,0.30000000000000004,8.9,18.3,-11.1,91.50000000000001,16
3449,57633.0,-1.3,-0.6000000000000001,-0.7000000000000001,0.4,0.2,8.8,35.3,-18.4,99.2,16
3450,57651.0,-0.9,-0.7000000000000001,-1.3,1.1,0.30000000000000004,8.1,47.3,-20.3,103.60000000000001,16
3451,57667.0,-0.2,-0.5,-1.8,1.5,0.5,7.800000000000001,50.1,-20.0,103.2,16
3452,57683.0,0.4,-0.2,-2.2,2.2,0.9,7.4,49.300000000000004,-18.0,93.60000000000001,16
3453,57700.0,0.30000000000000004,-0.30000000000000004,-2.1,2.3000000000000003,1.0,7.4,44.8,-16.700000000000003,83.70000000000002,16
3454,57717.0,0.30000000000000004,-0.4,-1.8,2.1,0.8,7.9,34.60000000000001,-10.200000000000001,62.1,16
3455,57733.0,-0.30000000000000004,-0.5,-1.5,1.6,0.8,8.0,30.599999999999998,0.7,46.6,16
3456,57756.0,-0.8,-0.4,-1.8,1.1,0.9,7.7,22.4,5.500000000000001,35.2,16
3457,57767.0,-0.8,-0.5,-1.5,1.2000000000000002,0.9,8.0,16.1,3.6000000000000005,30.599999999999998,16
3458,57784.0,-0.7000000000000001,-0.30000000000000004,-0.8,1.3,1.2000000000000002,8.700000000000001,5.9,-5.9,20.2,16
3459,57801.0,-0.7000000000000001,-0.30000000000000004,-0.7000000000000001,1.3,1.0,9.200000000000001,0.9000000000000001,-9.5,13.399999999999999,16
3460,57817.0,-0.8,-0.7000000000000001,0.4,1.3,0.6000000000000001,10.3,-8.3,-8.4,6.1000000000000005,16
3461,57833.0,-0.5,-0.9,1.5,1.8,0.4,11.100000000000001,-7.9,-3.6000000000000005,6.2,16
3462,57850.0,0.4,-0.9,1.3,2.4000000000000004,0.5,10.700000000000001,-5.9,-2.0,6.1000000000000005,16
3463,57867.0,1.4000000000000001,-0.4,0.1,3.5,0.9,9.600000000000001,-6.1000000000000005,-1.1,3.6000000000000005,16
3464,57884.0,1.8,-0.2,0.2,3.9000000000000004,1.1,9.700000000000001,-42.1,-5.8,-30.5,16
3465,57904.0,0.9,-1.3,3.3000000000000003,3.0,-0.2,12.8,-76.1,-0.1,-56.10000000000001,16
3466,57917.0,0.9,-1.2000000000000002,3.3000000000000003,2.3000000000000003,-0.9,14.0,-90.1,11.6,-68.1,16
3467,57937.0,-1.1,-3.6,6.300000000000001,0.9,-2.8000000000000003,15.8,-89.9,40.300000000000004,-62.300000000000004,16
3468,57951.0,-1.1,-3.8000000000000003,6.300000000000001,0.8,-3.2,15.9,-76.1,49.199999999999996,-47.3,16
3469,57974.0,-0.1,-3.5,5.1000000000000005,2.1,-2.9000000000000004,14.100000000000001,-10.299999999999999,27.099999999999998,14.100000000000001,16
3470,57983.0,-0.1,-3.5,5.1000000000000005,2.1,-2.9000000000000004,14.100000000000001,-10.299999999999999,27.099999999999998,14.100000000000001,16
3471,58001.0,2.0,-2.0,1.6,3.6,-1.7000000000000002,11.200000000000001,29.300000000000004,-0.7,45.2,16
3472,58017.0,2.5,-1.4000000000000001,0.2,4.5,-0.30000000000000004,8.5,44.2,-8.600000000000001,51.70000000000001,16
3473,58034.0,3.1,-0.4,-2.2,4.800000000000001,0.6000000000000001,6.7,31.7,-0.5,38.1,16
3474,58050.0,2.9000000000000004,0.5,-3.6,4.5,1.1,6.0,18.4,4.6,26.799999999999997,16
3475,58067.0,1.8,0.7000000000000001,-3.6,3.4000000000000004,1.3,6.1000000000000005,-11.6,9.700000000000001,3.1,16
3476,58084.0,1.3,0.7000000000000001,-3.3000000000000003,3.0,1.3,6.4,-24.200000000000003,8.3,-6.8,16
3477,58100.0,-0.1,0.5,-2.0,1.5,1.0,7.7,-33.0,1.4,-15.299999999999999,16
3478,58117.0,-0.9,0.4,-1.4000000000000001,0.7000000000000001,0.8,8.3,-23.400000000000002,-5.8,-6.2,16
3479,58133.0,-0.5,0.8,-1.4000000000000001,1.2000000000000002,1.2000000000000002,8.3,-6.300000000000001,-15.299999999999999,7.6,16
3480,58153.0,0.30000000000000004,1.2000000000000002,-1.9000000000000001,2.0,1.5,7.800000000000001,6.8,-22.6,10.700000000000001,16
3481,58167.0,0.6000000000000001,1.3,-2.0,2.3000000000000003,1.7000000000000002,7.6000000000000005,8.8,-23.400000000000002,7.8,16
3482,58184.0,0.4,1.2000000000000002,-2.3000000000000003,2.2,1.6,7.300000000000001,10.1,-14.0,-2.3,16
3483,58200.0,0.30000000000000004,1.1,-2.5,2.2,1.5,7.1000000000000005,9.5,-6.699999999999999,-6.500000000000001,16
3484,58217.0,0.1,1.0,-2.9000000000000004,2.0,1.5,6.7,4.800000000000001,6.2,-14.200000000000001,16
3485,58233.0,-0.2,1.0,-2.8000000000000003,1.5,1.5,6.9,-3.3000000000000007,10.0,-20.8,16
3486,58250.0,-0.7000000000000001,1.0,-2.1,1.1,1.5,7.5,-10.8,9.2,-22.9,16
3487,58267.0,-0.9,1.1,-1.5,0.9,1.6,8.200000000000001,-15.000000000000002,9.5,-23.800000000000004,16
3488,58283.0,-1.4000000000000001,1.2000000000000002,-1.0,0.30000000000000004,1.6,8.6,-15.8,15.6,-24.200000000000003,16
3489,58301.0,-1.6,1.3,-1.0,0.1,1.6,8.700000000000001,-14.800000000000002,21.0,-22.8,16
3490,58318.0,-1.8,1.2000000000000002,-0.7000000000000001,-0.2,1.5,9.3,-14.800000000000002,27.400000000000002,-14.800000000000002,16
3491,58333.0,-1.5,1.2000000000000002,0.6000000000000001,0.0,1.5,10.3,-7.500000000000001,23.0,-1.3,16
3492,58350.0,-1.1,1.1,1.1,0.4,1.4000000000000001,10.8,-0.5,17.7,5.7,16
3493,58367.0,-0.30000000000000004,1.1,1.1,1.1,1.4000000000000001,10.8,15.700000000000001,10.600000000000001,18.900000000000002,16
3494,58384.0,0.8,1.4000000000000001,0.7000000000000001,2.2,1.8,10.4,22.6,7.1000000000000005,25.1,16
3495,58400.0,1.2000000000000002,1.6,0.7000000000000001,2.6,2.0,10.4,21.8,6.4,23.700000000000003,16
3496,58417.0,2.0,1.8,1.0,3.3000000000000003,2.3000000000000003,10.700000000000001,16.900000000000002,11.000000000000002,11.6,16
3497,58433.0,1.9000000000000001,1.9000000000000001,0.5,3.0,2.4000000000000004,9.9,9.899999999999999,24.3,-9.5,16
3498,58450.0,1.4000000000000001,1.4000000000000001,0.30000000000000004,2.6,2.0,10.0,-1.7,28.200000000000003,-20.1,16
3499,58467.0,1.2000000000000002,0.30000000000000004,2.6,2.3000000000000003,0.8,12.4,-32.5,24.5,-36.1,16
3500,58484.0,0.2,-0.8,4.3,1.3,-0.4,14.0,-43.900000000000006,18.4,-44.5,16
3501,58500.0,-0.1,-1.6,5.1000000000000005,1.0,-1.3,14.9,-44.10000000000001,17.6,-39.400000000000006,16
3502,58517.0,-0.30000000000000004,-2.2,5.9,0.5,-2.0,15.700000000000001,-24.0,17.300000000000004,-18.900000000000002,16
3503,58537.0,-0.2,-2.3000000000000003,4.9,0.8,-2.1,14.700000000000001,5.6,6.9,8.0,16
3504,58552.0,0.8,-2.0,3.7,1.7000000000000002,-1.8,13.5,26.000000000000004,-9.100000000000001,28.0,16
3505,58572.0,1.5,-1.9000000000000001,2.8000000000000003,2.7,-1.5,12.100000000000001,40.7,-16.5,35.599999999999994,16
3506,58585.0,1.5,-1.9000000000000001,2.8000000000000003,3.0,-1.1,10.700000000000001,45.400000000000006,-15.5,35.3,16
3507,58604.0,2.3000000000000003,-1.3,-0.5,3.3000000000000003,-0.8,9.200000000000001,43.00000000000001,-10.299999999999999,26.700000000000003,16
3508,58619.0,2.3000000000000003,-1.2000000000000002,-1.3,3.4000000000000004,-0.6000000000000001,8.5,37.0,-7.300000000000001,18.900000000000002,16
3509,58638.0,1.7000000000000002,-0.7000000000000001,-2.4000000000000004,2.8000000000000003,0.0,7.300000000000001,13.000000000000002,-0.4,-2.5,16
3510,58653.0,0.8,-0.6000000000000001,-2.3000000000000003,1.2000000000000002,0.0,8.1,-14.800000000000002,1.5,-17.1,16
3511,58666.0,-0.8,-0.9,-0.30000000000000004,0.30000000000000004,-0.2,9.4,-20.1,-1.3,-16.8,16
3512,58683.0,-1.2000000000000002,-1.0,1.1,-0.1,-0.4,10.8,-5.6,-13.000000000000002,-1.6,16
3513,58700.0,-1.0,-1.1,1.2000000000000002,0.1,-0.4,10.9,10.0,-20.3,9.0,16
3514,58717.0,-0.30000000000000004,-0.9,0.5,1.1,0.0,9.700000000000001,34.2,-28.1,22.5,16
3515,58734.0,0.4,-0.5,-0.8,2.1,0.6000000000000001,8.200000000000001,50.3,-29.200000000000003,27.2,16
3516,58750.0,1.1,0.1,-2.2,2.4000000000000004,1.0,7.4,46.4,-17.0,18.0,16
3517,58767.0,1.1,0.30000000000000004,-2.7,2.5,1.3,7.0,41.4,-8.8,11.000000000000002,16
3518,58783.0,0.7000000000000001,0.2,-3.0,2.2,1.4000000000000001,6.7,34.800000000000004,5.8,-3.7000000000000006,16
3519,58800.0,0.5,0.2,-3.2,2.0,1.4000000000000001,6.4,34.400000000000006,10.9,-9.4,16
3520,58817.0,0.1,0.1,-3.7,1.4000000000000001,1.6,5.7,32.400000000000006,13.6,-18.6,16
3521,58834.0,-0.2,0.5,-4.0,0.9,2.2,5.800000000000001,19.200000000000003,6.1000000000000005,-26.300000000000004,16
3522,58850.0,-0.6000000000000001,0.8,-3.3000000000000003,0.7000000000000001,2.3000000000000003,6.300000000000001,11.2,1.2000000000000002,-30.3,16
3523,58866.0,-1.0,0.6000000000000001,-1.9000000000000001,0.30000000000000004,2.1,7.7,2.2,-3.8,-37.2,16
3524,58883.0,-1.5,0.30000000000000004,-1.5,-0.2,1.9000000000000001,8.1,3.9,-0.5,-36.6,16
3525,58900.0,-1.4000000000000001,0.4,-1.4000000000000001,-0.2,1.9000000000000001,8.200000000000001,5.1000000000000005,-1.4,-31.9,16
3526,58916.0,-0.9,0.4,-1.0,0.9,1.9000000000000001,8.9,4.2,-16.4,-23.2,16
3527,58933.0,0.8,0.2,0.5,2.2,1.8,10.0,-3.8,-25.1,-24.0,16
3528,58950.0,1.4000000000000001,0.1,1.1,2.8000000000000003,1.7000000000000002,10.600000000000001,-13.100000000000001,-9.899999999999999,-34.2,16
3529,58966.0,1.5,0.30000000000000004,0.9,2.9000000000000004,1.8,10.5,-19.0,0.9000000000000001,-41.900000000000006,16
3530,58984.0,1.0,0.30000000000000004,0.4,2.3000000000000003,1.8,10.0,-41.7,16.3,-60.1,16
3531,59000.0,0.9,0.2,0.9,2.3000000000000003,1.7000000000000002,10.5,-60.2,18.4,-68.60000000000001,16
3532,59017.0,0.4,-0.8,3.4000000000000004,1.7000000000000002,0.5,13.100000000000001,-92.7,12.200000000000001,-86.00000000000001,16
3533,59034.0,-0.8,-2.5,6.0,0.4,-1.5,15.700000000000001,-102.0,10.4,-83.10000000000001,16
3534,59053.0,-0.7000000000000001,-3.4000000000000004,7.0,0.4,-2.7,16.8,-77.9,17.799999999999997,-50.400000000000006,16
3535,59067.0,-0.4,-3.6,6.800000000000001,0.7000000000000001,-3.0,16.5,-54.0,16.200000000000003,-27.700000000000003,16
3536,59087.0,1.6,-2.8000000000000003,4.800000000000001,2.6,-2.4000000000000004,14.600000000000001,3.2,-2.1,17.799999999999997,16
3537,59100.0,2.6,-2.3000000000000003,3.4000000000000004,3.6,-1.9000000000000001,13.200000000000001,27.700000000000003,-15.100000000000001,33.1,16
3538,59116.0,3.7,-1.7000000000000002,1.7000000000000002,5.6000000000000005,-0.6000000000000001,10.200000000000001,53.9,-32.8,38.60000000000001,16
3539,59133.0,5.1000000000000005,-0.4,-2.0,6.300000000000001,0.30000000000000004,7.7,50.0,-30.000000000000004,12.600000000000001,16
3540,59150.0,4.6000000000000005,-0.1,-3.1,5.6000000000000005,0.7000000000000001,6.2,37.50000000000001,-20.900000000000002,-6.699999999999999,16
3541,59169.0,3.3000000000000003,-0.4,-3.3000000000000003,4.4,0.4,6.7,-9.0,3.3000000000000007,-49.4,16
3542,59184.0,2.3000000000000003,-0.7000000000000001,-2.0,3.6,0.2,7.7,-22.4,7.6,-61.0,16
3543,59200.0,1.8,-0.9,-1.5,3.1,0.0,8.200000000000001,-26.000000000000004,9.0,-69.00000000000001,16
3544,59217.0,0.7000000000000001,-1.1,-1.6,2.0,-0.30000000000000004,8.0,-14.200000000000001,7.200000000000001,-74.4,16
3545,59234.0,0.30000000000000004,-0.9,-2.8000000000000003,1.5,0.0,6.9,-1.6,2.0,-69.9,16
3546,59251.0,0.4,-0.6000000000000001,-3.1,1.6,0.5,6.5,-3.0,-2.9,-66.9,16
3547,59266.0,0.30000000000000004,-0.1,-3.2,1.5,0.8,6.5,-5.4,-3.8,-68.7,16
3548,59283.0,0.2,-0.1,-3.2,1.3,0.8,6.5,-8.8,-3.4,-71.6,16
3549,59300.0,-0.9,-0.1,-2.6,0.30000000000000004,0.8,7.1000000000000005,-14.900000000000002,4.7,-71.30000000000001,16
3550,59317.0,-1.0,-0.1,-2.7,0.1,0.8,7.0,-12.299999999999999,4.7,-66.4,16
3551,59335.0,-0.8,0.2,-2.7,0.30000000000000004,1.1,7.0,-9.3,-8.600000000000001,-53.9,16
3552,59351.0,0.2,0.7000000000000001,-1.6,1.3,1.5,8.1,-14.5,-24.0,-47.0,16
3553,59367.0,0.5,0.7000000000000001,-1.1,1.7000000000000002,1.6,8.700000000000001,-16.700000000000003,-22.4,-48.70000000000001,16
3554,59383.0,0.2,0.8,-0.9,1.4000000000000001,1.6,8.8,-18.8,1.2000000000000002,-57.20000000000001,16
3555,59400.0,0.0,0.8,-1.1,1.2000000000000002,1.6,8.6,-19.200000000000003,18.0,-61.199999999999996,16
3556,59416.0,-0.8,1.0,-1.7000000000000002,0.2,1.8,8.200000000000001,-27.3,39.1,-61.39999999999999,16
3557,59433.0,-1.4000000000000001,1.2000000000000002,-1.3,-0.8,1.8,9.0,-33.800000000000004,30.699999999999996,-51.800000000000004,16
3558,59450.0,-1.7000000000000002,1.1,0.4,-0.9,1.7000000000000002,10.100000000000001,-32.1,7.8,-30.200000000000003,16
3559,59466.0,-1.0,1.1,2.3000000000000003,-0.2,1.6,12.100000000000001,-24.599999999999998,-1.0,-17.799999999999997,16
3560,59483.0,0.6000000000000001,1.6,2.6,1.5,2.0,12.4,-3.0,-4.4,2.9,16
3561,59500.0,1.2000000000000002,1.9000000000000001,2.2,2.0,2.4000000000000004,11.9,4.9,-1.0,6.9,16
3562,59516.0,2.1,2.6,1.4000000000000001,3.2,3.2,11.0,-1.2000000000000002,-0.8,-2.9,16
3563,59533.0,2.2,3.0,2.0,2.9000000000000004,3.2,12.3,-30.200000000000003,-3.6000000000000005,-29.0,16
3564,59580.0,-0.5,-0.2,6.6000000000000005,0.4,0.0,16.400000000000002,-31.2,9.3,-33.1,16
3565,59593.0,-0.4,-0.9,6.800000000000001,1.0,-1.2000000000000002,16.400000000000002,-6.2,0.30000000000000004,-11.700000000000001,16
3566,59600.0,-0.4,-0.9,6.800000000000001,1.0,-1.2000000000000002,16.400000000000002,-6.2,0.30000000000000004,-11.700000000000001,16
3567,59620.0,1.9000000000000001,-1.3,5.2,2.7,-1.2000000000000002,15.0,31.6,-23.099999999999998,12.7,16
3568,59634.0,2.6,-1.4000000000000001,4.1000000000000005,3.8000000000000003,-1.2000000000000002,13.3,50.400000000000006,-33.400000000000006,16.0,16
3569,59650.0,2.8000000000000003,-1.5,1.5,3.8000000000000003,-1.1,11.3,55.900000000000006,-14.900000000000002,9.3,16
3570,59667.0,2.7,-1.6,0.30000000000000004,3.7,-1.1,10.0,56.6,-2.7,4.9,16
3571,59683.0,2.2,-1.6,-1.9000000000000001,3.3000000000000003,-0.9,7.9,51.0,9.700000000000001,-5.6,16
3572,59709.0,1.4000000000000001,-1.6,-2.8000000000000003,2.4000000000000004,-0.7000000000000001,6.9,33.7,0.30000000000000004,-15.299999999999999,16
3573,59717.0,1.2000000000000002,-1.7000000000000002,-2.7,2.2,-0.7000000000000001,7.0,22.4,-11.2,-18.1,16
3574,59735.0,1.0,-1.8,-1.8,2.0,-0.8,8.3,5.6,-32.8,-19.200000000000003,16
3575,59751.0,0.7000000000000001,-1.7000000000000002,-0.6000000000000001,1.9000000000000001,-0.6000000000000001,9.1,9.2,-37.2,-17.7,16
3576,59767.0,0.6000000000000001,-1.4000000000000001,-0.8,1.8,-0.4,8.8,14.300000000000002,-32.1,-17.200000000000003,16
3577,59786.0,0.4,-1.3,-1.4000000000000001,1.6,0.1,7.5,19.6,-16.8,-17.5,16
3578,59800.0,0.2,-0.8,-2.5,1.6,0.30000000000000004,7.1000000000000005,17.400000000000002,-11.700000000000001,-18.8,16
3579,59816.0,0.1,-0.5,-2.6,1.5,0.7000000000000001,7.0,10.700000000000001,-10.4,-24.400000000000002,16
3580,59833.0,-0.4,-0.30000000000000004,-2.5,1.1,0.9,7.2,8.8,-12.8,-31.799999999999997,16
3581,59850.0,-0.8,-0.30000000000000004,-2.9000000000000004,0.7000000000000001,1.0,6.7,9.0,-8.899999999999999,-34.2,16
3582,59867.0,-1.0,-0.1,-2.8000000000000003,0.5,1.2000000000000002,6.800000000000001,7.400000000000001,-6.9,-34.300000000000004,16
3583,59884.0,-1.2000000000000002,0.0,-2.7,0.30000000000000004,1.3,6.9,5.0,-4.300000000000001,-33.6,16
3584,59900.0,-1.2000000000000002,0.1,-2.6,0.30000000000000004,1.5,7.0,4.1,-4.5,-33.400000000000006,16
3585,59916.0,-1.1,0.30000000000000004,-2.7,0.4,1.8,6.9,1.2000000000000002,-5.1000000000000005,-34.900000000000006,16
3586,59933.0,-1.1,0.8,-2.3000000000000003,0.4,2.2,7.300000000000001,-8.3,-4.1,-39.0,16
3587,59950.0,-1.0,0.7000000000000001,-1.6,0.5,2.1,8.0,-13.100000000000001,-0.8,-41.6,16
3588,59967.0,-1.3,0.6000000000000001,-1.1,0.2,1.9000000000000001,8.5,-14.800000000000002,12.9,-45.6,16
3589,59990.0,-1.7000000000000002,0.5,-1.4000000000000001,-0.30000000000000004,1.9000000000000001,8.200000000000001,-14.700000000000001,23.400000000000002,-42.900000000000006,16
3590,60000.0,-1.7000000000000002,0.5,-1.4000000000000001,-0.4,1.8,8.200000000000001,-16.900000000000002,21.8,-40.2,16
3591,60016.0,-1.5,0.5,-0.7000000000000001,-0.30000000000000004,1.8,8.9,-24.1,10.600000000000001,-35.1,16
3592,60033.0,-1.3,0.4,0.2,-0.1,1.6,9.9,-29.900000000000006,4.1,-31.0,16
3593,60065.0,-1.0,0.2,1.2000000000000002,0.1,1.3,10.9,-36.400000000000006,10.9,-21.200000000000003,16
3594,60085.0,-1.0,0.30000000000000004,1.2000000000000002,0.9,1.2000000000000002,11.100000000000001,-37.6,12.9,-15.399999999999999,16
3595,60100.0,0.30000000000000004,0.30000000000000004,1.3,1.4000000000000001,1.2000000000000002,11.0,-38.2,8.3,-5.1000000000000005,16
3596,60118.0,1.1,0.30000000000000004,1.1,2.6,1.0,10.9,-45.0,-4.6,-2.8,16
3597,60135.0,2.3000000000000003,0.0,2.0,3.4000000000000004,0.2,12.4,-69.10000000000001,-11.5,-14.400000000000002,16
3598,60150.0,2.2,-1.4000000000000001,4.6000000000000005,3.3000000000000003,-0.9,14.3,-83.80000000000001,-5.8,-23.3,16
3599,60166.0,1.4000000000000001,-2.4000000000000004,6.2,2.4000000000000004,-2.2,15.9,-93.60000000000001,20.900000000000002,-31.9,16
3600,60183.0,0.9,-3.5,6.9,1.8,-3.6,16.6,-71.30000000000001,37.2,-16.6,16
3601,60200.0,1.3,-3.4000000000000004,6.7,2.2,-3.6,16.400000000000002,-48.10000000000001,32.6,0.2,16
3602,60219.0,2.8000000000000003,-2.8000000000000003,5.300000000000001,4.3,-2.9000000000000004,14.200000000000001,7.400000000000001,4.7,29.0,16
3603,60234.0,5.1000000000000005,-1.4000000000000001,1.4000000000000001,5.9,-1.7000000000000002,11.200000000000001,38.7,-9.600000000000001,28.800000000000004,16
3604,60250.0,5.1000000000000005,-0.7000000000000001,-0.6000000000000001,5.9,-0.9,9.1,42.900000000000006,-3.0,17.9,16
3605,60267.0,4.3,-0.30000000000000004,-3.0,5.1000000000000005,-0.4,6.800000000000001,32.8,27.5,-14.400000000000002,16
3606,60283.0,2.5,-0.1,-4.5,3.2,0.0,5.300000000000001,0.2,53.7,-43.6,16
3607,60300.0,1.7000000000000002,0.0,-4.4,2.3000000000000003,0.0,5.4,-19.1,52.1,-53.8,16
3608,60318.0,0.5,-0.2,-3.3000000000000003,0.5,-0.4,7.300000000000001,-48.10000000000001,18.3,-58.2,16
3609,60333.0,-0.30000000000000004,-0.6000000000000001,0.5,0.1,-0.9,10.3,-48.2,-27.5,-43.800000000000004,16
3610,60350.0,0.0,-0.7000000000000001,1.9000000000000001,0.5,-1.0,11.700000000000001,-26.1,-45.8,-22.700000000000003,16
3611,60371.0,0.9,-0.4,2.4000000000000004,2.1,-0.5,11.700000000000001,5.0,-26.799999999999997,-12.600000000000001,16
3612,60383.0,1.7000000000000002,0.5,0.5,2.4000000000000004,0.1,10.3,17.7,-10.4,-14.0,16
3613,60400.0,1.7000000000000002,0.7000000000000001,-0.6000000000000001,2.5,0.30000000000000004,9.200000000000001,24.1,5.1000000000000005,-19.400000000000002,16
3614,60416.0,1.6,0.8,-2.2,2.2,0.6000000000000001,7.2,20.3,27.099999999999998,-32.6,16
3615,60433.0,1.1,0.8,-3.3000000000000003,1.8,0.6000000000000001,6.5,13.6,29.200000000000003,-42.1,16
3616,60450.0,0.9,0.6000000000000001,-3.5,1.5,0.4,6.300000000000001,11.900000000000002,22.2,-44.7,16
3617,60468.0,0.9,0.30000000000000004,-3.3000000000000003,1.4000000000000001,0.2,6.5,9.899999999999999,2.1,-45.2,16
3618,60483.0,1.0,0.2,-3.0,1.5,0.0,6.800000000000001,9.4,-5.1000000000000005,-43.800000000000004,16
3619,60504.0,1.6,0.1,-2.4000000000000004,2.2,0.0,7.4,12.7,-6.600000000000001,-43.6,16
3620,60517.0,1.6,0.1,-2.5,2.2,0.1,7.300000000000001,13.399999999999999,-2.3,-45.400000000000006,16
3621,60536.0,1.7000000000000002,0.2,-2.8000000000000003,2.2,0.2,7.0,7.9,9.600000000000001,-50.3,16
3622,60555.0,1.5,0.4,-2.6,2.0,0.5,7.2,-0.7,15.2,-55.0,16
3623,60572.0,1.0,0.6000000000000001,-2.3000000000000003,1.5,0.7000000000000001,7.4,-2.9,13.100000000000001,-58.3,16
3624,60583.0,0.6000000000000001,0.6000000000000001,-2.0,1.0,0.7000000000000001,7.800000000000001,-3.6000000000000005,12.100000000000001,-58.2,16
3625,60600.0,0.4,0.7000000000000001,-1.6,0.8,0.7000000000000001,8.200000000000001,-3.2,12.4,-56.0,16
3626,60617.0,0.4,1.1,-1.2000000000000002,0.8,1.1,8.6,0.9000000000000001,11.4,-48.50000000000001,16
3627,60634.0,0.7000000000000001,1.5,-0.7000000000000001,1.0,1.5,9.1,3.5,1.7,-44.8,16
3628,60650.0,1.0,1.7000000000000002,-0.1,1.3,1.8,9.700000000000001,3.2,-4.1,-44.8,16
3629,60667.0,1.3,1.8,1.2000000000000002,1.6,1.9000000000000001,11.0,0.4,-12.0,-49.199999999999996,16
3630,60683.0,1.3,1.9000000000000001,2.3000000000000003,1.7000000000000002,2.0,12.100000000000001,-1.4,-6.9,-56.2,16
3631,60700.0,1.3,2.0,2.8000000000000003,1.7000000000000002,2.0,12.600000000000001,-0.1,1.8000000000000003,-59.9,16
3632,60716.0,1.4000000000000001,2.2,2.2,1.8,2.3000000000000003,12.0,11.3,25.8,-64.7,16
3633,60733.0,1.4000000000000001,2.8000000000000003,0.7000000000000001,1.8,3.0,10.5,5.2,27.6,-73.10000000000001,16
3634,60750.0,1.8,2.0,2.8000000000000003,2.0,2.1,12.600000000000001,-26.200000000000003,-2.3,-91.90000000000002,16
3635,60771.0,1.0,-0.5,6.5,1.3,-0.5,16.3,-44.9,-24.7,-110.70000000000002,16
3636,60783.0,1.0,-0.5,6.5,0.7000000000000001,-2.3000000000000003,18.1,-44.4,-22.4,-109.39999999999999,16
3637,60800.0,0.2,-2.8000000000000003,8.4,0.6000000000000001,-2.9000000000000004,18.2,-34.900000000000006,-10.5,-100.9,16
3638,60816.0,-0.4,-3.5,7.2,-0.1,-3.6,17.0,-1.2000000000000002,22.700000000000003,-71.7,16
3639,60833.0,-0.1,-3.1,3.9000000000000004,0.2,-3.2,13.700000000000001,30.3,38.0,-34.800000000000004,16
3640,60850.0,0.7000000000000001,-2.1,0.7000000000000001,0.8,-2.1,10.600000000000001,46.7,24.5,-13.3,16
3641,60871.0,1.0,-1.5,-0.7000000000000001,1.2000000000000002,-1.1,8.700000000000001,48.300000000000004,-10.600000000000001,2.7,16
3642,60883.0,1.6,-0.8,-1.4000000000000001,1.7000000000000002,-0.6000000000000001,8.4,40.9,-25.0,8.2,16
3643,60900.0,1.9000000000000001,-0.8,-1.2000000000000002,2.0,-0.5,8.6,32.2,-35.699999999999996,10.8,16
3644,60917.0,2.3000000000000003,-0.4,-0.6000000000000001,2.6,0.0,9.200000000000001,23.700000000000003,-46.800000000000004,8.8,16
3645,60936.0,2.2,-0.4,-0.5,2.7,0.1,9.3,22.700000000000003,-47.0,0.5,16
3646,60951.0,2.1,-0.30000000000000004,-0.5,2.7,0.30000000000000004,9.1,25.8,-35.1,-9.100000000000001,16
3647,60967.0,2.0,-0.2,-1.1,2.7,0.4,8.6,29.800000000000004,-28.200000000000003,-15.000000000000002,16
3648,60983.0,1.5,0.0,-2.7,2.3000000000000003,0.7000000000000001,7.0,35.9,-16.5,-27.9,16
3649,61000.0,1.4000000000000001,0.0,-2.9000000000000004,2.2,0.8,6.800000000000001,34.2,-13.100000000000001,-33.7,16
3650,61016.0,0.9,0.2,-3.5,1.7000000000000002,1.1,6.300000000000001,24.1,-10.8,-47.1,16
3651,61033.0,0.30000000000000004,0.1,-2.9000000000000004,1.1,1.0,6.800000000000001,13.900000000000002,-14.300000000000002,-55.7,16
3652,61053.0,-0.1,-0.1,-2.5,0.5,1.0,7.4,17.0,-20.2,-55.7,16
3653,61071.0,-0.5,0.0,-2.5,0.4,1.3,7.0,25.4,-26.000000000000004,-50.7,16
3654,61084.0,-0.30000000000000004,0.30000000000000004,-2.9000000000000004,0.6000000000000001,1.5,6.800000000000001,26.300000000000004,-26.799999999999997,-49.9,16
3655,61100.0,-0.2,0.5,-3.0,0.8,1.7000000000000002,6.6000000000000005,24.400000000000002,-24.3,-50.7,16
3656,61116.0,-0.2,0.7000000000000001,-3.2,0.7000000000000001,2.1,6.4,14.100000000000001,-10.600000000000001,-58.5,16
3657,61133.0,-1.0,1.0,-3.3000000000000003,0.1,2.3000000000000003,6.4,0.9000000000000001,3.4,-66.9,16
3658,61150.0,-1.7000000000000002,1.1,-2.6,-0.7000000000000001,2.5,7.0,-8.8,1.2000000000000002,-68.80000000000001,16
3659,61168.0,-2.0,1.0,-2.0,-1.1,2.4000000000000004,7.7,-13.399999999999999,-3.2,-66.0,16
3660,61186.0,-2.1,1.0,-0.30000000000000004,-1.1,2.4000000000000004,9.3,-13.8,-6.600000000000001,-52.900000000000006,16
3661,61200.0,-2.0,1.2000000000000002,0.0,-0.8,2.8000000000000003,9.5,-3.5,-3.1,-39.8,16
3662,61217.0,-1.7000000000000002,1.4000000000000001,-0.2,-0.6000000000000001,2.9000000000000004,9.200000000000001,-1.6,-0.4,-35.1,16
3663,61233.0,-0.7000000000000001,1.7000000000000002,-0.7000000000000001,0.2,3.1,9.0,-11.3,0.5,-29.500000000000004,16
3664,61251.0,0.0,1.8,0.5,0.9,3.1,10.200000000000001,-25.5,-7.400000000000001,-30.9,16
3665,61271.0,-0.30000000000000004,1.6,2.0,0.6000000000000001,2.8000000000000003,11.700000000000001,-37.2,-6.699999999999999,-34.60000000000001,16
3666,61289.0,-0.5,1.5,2.9000000000000004,0.4,2.7,12.600000000000001,-40.800000000000004,0.0,-33.2,16
3667,61300.0,-0.7000000000000001,1.4000000000000001,3.9000000000000004,0.30000000000000004,2.4000000000000004,13.600000000000001,-36.1,9.899999999999999,-26.000000000000004,16
3668,61316.0,-0.5,1.6,3.7,0.4,2.6,13.4,-27.5,9.4,-19.0,16
3669,61333.0,0.6000000000000001,1.6,3.3000000000000003,1.5,2.5,13.100000000000001,-21.300000000000004,-14.100000000000001,-9.8,16
3670,61351.0,1.4000000000000001,0.6000000000000001,5.300000000000001,2.4000000000000004,1.4000000000000001,15.0,-30.4,-39.300000000000004,-12.0,16
3671,61369.0,1.7000000000000002,0.1,6.2,2.9000000000000004,0.2,16.2,-29.400000000000002,-28.800000000000004,-15.6,16
3672,61391.0,1.1,-2.2,6.2,2.2,-1.5,15.9,-14.5,14.5,-18.1,16
3673,61400.0,1.1,-2.2,6.2,2.2,-1.5,15.9,-14.5,14.5,-18.1,16
3674,61416.0,1.1,-2.7,3.7,2.1,-2.1,13.4,13.3,37.800000000000004,0.4,16
3675,61434.0,2.4000000000000004,-2.1,1.5,3.3000000000000003,-1.4000000000000001,11.3,38.1,9.899999999999999,22.5,16
3676,61450.0,3.3000000000000003,-1.8,0.30000000000000004,4.6000000000000005,-0.6000000000000001,9.4,49.699999999999996,-27.099999999999998,25.6,16
3677,61466.0,3.8000000000000003,-0.9,-1.4000000000000001,4.800000000000001,0.0,8.4,48.0,-34.0,19.200000000000003,16
3678,61483.0,3.3000000000000003,-0.7000000000000001,-2.5,4.4,0.4,7.2,32.7,-24.200000000000003,-2.4000000000000004,16
3679,61500.0,2.9000000000000004,-0.6000000000000001,-2.6,4.0,0.5,7.0,21.6,-9.899999999999999,-15.399999999999999,16
3680,61516.0,1.5,-0.5,-3.0,2.7,0.6000000000000001,6.7,2.1,16.4,-36.6,16
3681,61535.0,0.8,-0.5,-3.1,1.3,0.7000000000000001,6.5,-4.2,22.5,-44.4,16
3682,61550.0,-0.30000000000000004,-0.5,-3.2,0.8,0.7000000000000001,6.5,-2.8,18.5,-41.6,16
3683,61572.0,-0.30000000000000004,0.30000000000000004,-3.5,0.6000000000000001,1.5,6.2,7.300000000000001,-10.9,-25.8,16
3684,61583.0,-0.1,0.30000000000000004,-3.2,0.9,1.5,6.5,8.4,-17.6,-23.400000000000002,16
3685,61600.0,-0.1,0.30000000000000004,-3.2,1.1,1.6,6.5,9.3,-17.5,-22.2,16
3686,61616.0,0.30000000000000004,0.7000000000000001,-3.4000000000000004,1.3,2.0,6.300000000000001,10.5,-9.4,-26.000000000000004,16
3687,61633.0,0.2,0.7000000000000001,-3.6,1.3,2.1,6.0,6.500000000000001,-3.7000000000000006,-32.400000000000006,16
3688,61650.0,0.0,1.0,-3.7,1.0,2.3000000000000003,6.2,-3.5,-7.500000000000001,-39.1,16
3689,61669.0,-0.2,0.9,-2.8000000000000003,0.7000000000000001,2.2,7.5,-13.6,-8.2,-42.0,16
3690,61683.0,-0.6000000000000001,0.9,-1.6,0.5,2.2,8.1,-14.800000000000002,-5.1000000000000005,-42.0,16
3691,61702.0,-0.9,0.8,-1.3,0.2,2.1,8.4,-14.200000000000001,0.4,-41.0,16
3692,61716.0,-1.3,0.8,-1.0,-0.30000000000000004,2.1,8.700000000000001,-11.2,13.100000000000001,-32.2,16
3693,61733.0,-1.2000000000000002,0.9,-0.5,-0.2,2.2,9.1,-8.700000000000001,10.200000000000001,-19.6,16
3694,61750.0,-0.9,1.0,-0.1,0.2,2.3000000000000003,9.8,-4.5,0.7,-9.8,16
3695,61767.0,-0.4,1.2000000000000002,0.2,0.6000000000000001,2.4000000000000004,9.9,-1.3,-4.800000000000001,-4.800000000000001,16
3696,61785.0,0.30000000000000004,1.4000000000000001,0.6000000000000001,1.3,2.6,10.3,-1.9,-5.4,0.5,16
3697,61800.0,0.30000000000000004,1.4000000000000001,0.6000000000000001,1.4000000000000001,2.8000000000000003,10.5,-4.7,-2.6,0.2,16
3698,61816.0,0.4,2.0,1.3,1.3,3.2,11.0,-15.299999999999999,6.2,-6.300000000000001,16
3699,61833.0,-0.1,2.2,2.4000000000000004,0.8,3.4000000000000004,12.100000000000001,-27.700000000000003,20.1,-15.000000000000002,16
3700,61850.0,-0.9,2.2,3.0,-0.1,3.2,12.700000000000001,-27.3,36.6,-16.4,16
3701,61867.0,-1.6,2.4000000000000004,2.1,-0.8,3.4000000000000004,11.9,-22.5,41.6,-12.200000000000001,16
3702,61883.0,-1.4000000000000001,2.5,2.3000000000000003,-0.8,3.4000000000000004,12.100000000000001,-26.200000000000003,30.3,1.7,16
3703,61901.0,-0.6000000000000001,1.6,4.7,-0.1,2.5,14.5,-32.0,-6.4,11.5,16
3704,61916.0,-0.6000000000000001,1.7000000000000002,4.7,0.1,1.6,15.3,-28.700000000000003,-20.8,14.5,16
3705,61935.0,-0.4,-0.9,7.0,0.30000000000000004,-0.2,16.8,-16.4,-26.6,24.900000000000002,16
3706,61950.0,0.30000000000000004,-1.4000000000000001,6.7,1.0,-0.7000000000000001,16.400000000000002,6.2,-9.0,42.400000000000006,16
3707,61966.0,0.6000000000000001,-1.3,5.6000000000000005,1.4000000000000001,-0.6000000000000001,15.3,18.8,-3.2,47.0,16
3708,61983.0,0.7000000000000001,-1.3,3.5,1.5,-0.5,13.200000000000001,37.9,3.0,49.9,16
3709,62000.0,0.8,-1.3,1.9000000000000001,1.6,-0.5,11.600000000000001,49.6,3.3000000000000007,49.800000000000004,16
3710,62017.0,0.9,-1.2000000000000002,0.9,1.7000000000000002,-0.30000000000000004,10.600000000000001,54.0,2.4000000000000004,48.800000000000004,16
3711,62033.0,0.9,-1.3,-0.30000000000000004,1.7000000000000002,-0.2,8.700000000000001,51.50000000000001,-3.4,41.900000000000006,16
3712,62052.0,0.7000000000000001,-1.1,-1.9000000000000001,1.5,0.1,7.800000000000001,37.2,-3.2,32.0,16
3713,62074.0,0.0,-1.3,-1.9000000000000001,0.9,0.1,7.7,22.700000000000003,2.5,22.000000000000004,16
3714,62083.0,-0.5,-1.4000000000000001,-1.8,0.30000000000000004,0.0,7.800000000000001,19.799999999999997,6.1000000000000005,19.700000000000003,16
3715,62104.0,-0.7000000000000001,-1.5,-1.8,-0.2,0.0,7.5,23.900000000000006,11.900000000000002,22.700000000000003,16
3716,62118.0,-1.1,-1.5,-2.3000000000000003,-0.30000000000000004,0.0,7.300000000000001,28.400000000000002,11.6,26.6,16
3717,62135.0,-1.0,-1.4000000000000001,-3.0,-0.2,0.2,6.6000000000000005,39.0,5.1000000000000005,36.1,16
3718,62150.0,-0.5,-1.2000000000000002,-3.6,0.30000000000000004,0.5,6.0,47.2,-7.200000000000001,41.800000000000004,16
3719,62167.0,-0.2,-1.0,-3.9000000000000004,0.7000000000000001,0.8,5.7,48.2,-11.4,41.6,16
3720,62192.0,0.1,-0.6000000000000001,-4.5,1.0,1.6,4.9,38.60000000000001,-8.700000000000001,29.400000000000002,16
3721,62200.0,0.1,-0.6000000000000001,-4.5,1.0,1.6,4.9,38.60000000000001,-8.700000000000001,29.400000000000002,16
3722,62217.0,0.1,-0.6000000000000001,-4.5,1.0,1.6,4.9,38.60000000000001,-8.700000000000001,29.400000000000002,16
3723,62234.0,-0.7000000000000001,-0.6000000000000001,-3.1,0.30000000000000004,1.6,6.5,3.9,4.800000000000001,4.300000000000001,16
3724,62252.0,-0.9,-0.5,-2.3000000000000003,0.1,1.6,7.2,1.6,-2.9,1.0,16
3725,62268.0,-0.9,-0.4,-1.9000000000000001,0.1,1.7000000000000002,7.6000000000000005,1.6,-7.8,0.7,16
3726,62287.0,-0.8,-0.1,-1.2000000000000002,0.2,2.0,8.3,-0.4,-12.9,-1.8000000000000003,16
3727,62305.0,-0.9,0.0,-0.5,0.1,2.1,9.0,-5.7,-9.0,-6.0,16
3728,62316.0,-1.0,0.0,-0.30000000000000004,0.1,2.1,9.200000000000001,-8.0,-5.500000000000001,-7.300000000000001,16
3729,62334.0,-1.1,0.0,0.4,0.0,2.1,9.9,-11.000000000000002,-2.4000000000000004,-8.700000000000001,16
3730,62350.0,-1.1,0.30000000000000004,0.7000000000000001,0.1,2.4000000000000004,10.3,-15.6,-0.8,-6.8,16
3731,62373.0,-0.6000000000000001,0.8,1.3,0.4,2.8000000000000003,10.9,-24.1,-1.4,-8.100000000000001,16
3732,62383.0,-0.5,1.1,1.7000000000000002,0.5,3.0,11.3,-29.200000000000003,-2.2,-11.4,16
3733,62402.0,-0.5,1.3,2.5,0.5,3.2,12.0,-40.800000000000004,0.9000000000000001,-20.0,16
3734,62416.0,-0.7000000000000001,1.4000000000000001,2.8000000000000003,0.4,3.3000000000000003,12.4,-47.2,4.2,-22.9,16
3735,62433.0,-0.8,1.5,3.5,0.2,2.9000000000000004,13.4,-58.900000000000006,6.9,-27.2,16
3736,62450.0,-0.7000000000000001,1.0,4.7,0.2,2.1,14.8,-64.7,6.600000000000001,-26.400000000000006,16
3737,62466.0,-0.8,0.0,5.9,0.1,1.3,15.5,-63.4,7.6,-23.700000000000003,16
3738,62483.0,-0.9,-0.7000000000000001,5.800000000000001,0.0,0.4,15.5,-49.800000000000004,12.200000000000001,-10.0,16
3739,62500.0,-1.2000000000000002,-1.2000000000000002,4.9,-0.4,-0.2,14.600000000000001,-33.0,20.3,13.700000000000001,16
3740,62521.0,-0.6000000000000001,-1.5,3.7,0.2,-0.6000000000000001,13.4,-5.4,21.900000000000002,48.10000000000001,16
3741,62539.0,-0.2,-1.5,2.8000000000000003,0.5,-0.6000000000000001,12.5,11.8,17.9,65.10000000000001,16
3742,62550.0,0.6000000000000001,-1.0,1.1,1.3,-0.1,10.8,26.700000000000003,8.3,80.4,16
3743,62567.0,1.5,-0.4,-1.0,2.3000000000000003,0.6000000000000001,8.700000000000001,44.6,-14.900000000000002,96.1,16
3744,62585.0,1.9000000000000001,-0.1,-2.2,2.7,1.0,7.5,43.1,-23.700000000000003,93.60000000000001,16
3745,62601.0,2.0,-0.1,-2.4000000000000004,3.0,1.1,7.300000000000001,31.799999999999997,-21.300000000000004,81.90000000000002,16
3746,62616.0,1.9000000000000001,-0.1,-2.4000000000000004,3.0,1.2000000000000002,7.300000000000001,26.1,-18.1,73.7,16
3747,62633.0,1.6,0.0,-2.2,2.8000000000000003,1.3,7.5,19.6,-10.8,59.00000000000001,16
3748,62650.0,1.2000000000000002,-0.1,-2.2,2.1,1.1,7.4,13.900000000000002,2.4000000000000004,40.7,16
3749,62666.0,0.4,-0.30000000000000004,-2.3000000000000003,1.6,1.0,7.300000000000001,12.100000000000001,8.600000000000001,34.1,16
3750,62684.0,0.0,-0.4,-2.4000000000000004,1.2000000000000002,0.9,7.2,10.9,19.0,26.400000000000006,16
3751,62700.0,0.0,-0.5,-2.6,1.2000000000000002,0.9,7.1000000000000005,12.299999999999999,23.5,24.200000000000003,16
3752,62718.0,-0.1,-0.4,-2.9000000000000004,0.8,1.1,6.5,14.400000000000002,31.400000000000002,20.3,16
3753,62735.0,-0.5,0.0,-3.8000000000000003,0.5,1.4000000000000001,5.9,9.899999999999999,34.0,18.1,16
3754,62751.0,-0.7000000000000001,0.0,-3.8000000000000003,0.2,1.6,6.1000000000000005,-0.9000000000000001,29.800000000000004,17.400000000000002,16
3755,62767.0,-0.7000000000000001,0.2,-2.9000000000000004,0.1,1.6,6.800000000000001,-5.300000000000001,26.5,17.300000000000004,16
3756,62784.0,-0.8,0.1,-2.5,-0.1,1.6,7.1000000000000005,-6.300000000000001,22.3,17.1,16
3757,62801.0,-0.9,0.2,-2.7,-0.2,1.7000000000000002,7.0,-7.8,28.500000000000004,18.4,16
3758,62816.0,-0.9,0.30000000000000004,-2.7,-0.2,1.7000000000000002,7.0,-11.2,32.5,20.2,16
3759,62833.0,-0.7000000000000001,0.8,-2.5,-0.2,2.2,7.2,-20.0,32.7,22.700000000000003,16
3760,62850.0,-0.5,1.1,-1.6,-0.1,2.4000000000000004,8.1,-26.200000000000003,26.5,22.4,16
3761,62870.0,-0.6000000000000001,1.3,-1.0,-0.30000000000000004,2.5,8.700000000000001,-27.800000000000004,27.5,21.6,16
3762,62884.0,-0.9,1.4000000000000001,-0.7000000000000001,-0.5,2.5,9.0,-27.700000000000003,30.599999999999998,22.6,16
3763,62900.0,-0.9,1.4000000000000001,-0.6000000000000001,-0.6000000000000001,2.5,9.200000000000001,-27.6,32.9,25.7,16
3764,62916.0,-0.7000000000000001,1.7000000000000002,0.2,-0.5,2.7,10.0,-25.6,29.800000000000004,35.5,16
3765,62933.0,0.0,1.9000000000000001,1.3,0.1,2.8000000000000003,11.0,-15.8,15.700000000000001,43.1,16
3766,62951.0,0.5,1.9000000000000001,1.5,0.8,2.7,11.5,-2.9,9.5,43.50000000000001,16
3767,62966.0,1.1,1.7000000000000002,1.6,1.1,2.6,11.4,1.2000000000000002,14.100000000000001,41.300000000000004,16
3768,62987.0,1.3,1.5,1.3,1.3,2.5,11.100000000000001,0.9000000000000001,27.5,31.5,16
3769,63004.0,0.7000000000000001,1.4000000000000001,1.8,0.6000000000000001,2.4000000000000004,11.600000000000001,-8.4,36.0,20.5,16
3770,63016.0,0.6000000000000001,1.4000000000000001,1.9000000000000001,0.4,2.3000000000000003,11.700000000000001,-10.200000000000001,39.300000000000004,17.9,16
3771,63033.0,0.5,1.5,1.4000000000000001,0.2,2.4000000000000004,11.200000000000001,-14.5,38.300000000000004,13.700000000000001,16
3772,63050.0,0.4,1.6,1.6,-0.2,2.2,12.0,-37.0,27.5,5.2,16
3773,63066.0,-0.2,0.7000000000000001,3.8000000000000003,-0.7000000000000001,1.5,13.5,-49.300000000000004,21.300000000000004,0.1,16
3774,63083.0,-1.4000000000000001,-1.0,6.0,-1.9000000000000001,-0.4,15.8,-51.50000000000001,14.300000000000002,0.30000000000000004,16
3775,63100.0,-1.3,-0.9,6.0,-2.3000000000000003,-0.7000000000000001,15.9,-35.5,14.600000000000001,14.600000000000001,16
3776,63116.0,-1.8,-1.7000000000000002,4.800000000000001,-2.4000000000000004,-1.3,14.600000000000001,-14.0,9.8,33.7,16
3777,63134.0,-1.4000000000000001,-1.6,3.8000000000000003,-1.7000000000000002,-1.2000000000000002,13.3,4.800000000000001,-5.9,58.7,16
3778,63150.0,0.1,-1.2000000000000002,2.6,-0.5,-0.8,12.4,19.700000000000003,-25.7,74.30000000000001,16
3779,63166.0,0.5,-0.9,1.8,0.0,-0.5,11.600000000000001,25.900000000000002,-31.6,76.80000000000001,16
3780,63185.0,1.1,-0.6000000000000001,0.7000000000000001,0.7000000000000001,-0.1,10.4,27.6,-29.800000000000004,72.9,16
3781,63201.0,1.1,-0.5,0.30000000000000004,0.8,0.1,10.100000000000001,26.300000000000004,-26.200000000000003,66.9,16
3782,63217.0,0.8,-0.4,-0.6000000000000001,0.5,0.30000000000000004,9.200000000000001,23.2,-20.7,52.2,16
3783,63233.0,0.30000000000000004,-0.4,-1.1,0.2,0.4,8.700000000000001,17.1,-15.8,41.7,16
3784,63250.0,0.0,-0.4,-1.4000000000000001,-0.1,0.4,8.4,14.700000000000001,-12.200000000000001,35.9,16
3785,63266.0,-0.2,-0.4,-1.7000000000000002,-0.30000000000000004,0.5,8.1,14.300000000000002,-9.5,34.0,16
3786,63287.0,-0.5,-0.4,-1.9000000000000001,-0.5,0.5,7.800000000000001,12.299999999999999,-4.2,32.9,16
3787,63300.0,-0.6000000000000001,-0.2,-2.2,-0.6000000000000001,0.7000000000000001,7.6000000000000005,15.899999999999999,-5.0,36.7,16
3788,63317.0,-0.6000000000000001,-0.30000000000000004,-2.2,-0.5,0.8,7.4,18.8,-8.8,39.300000000000004,16
3789,63333.0,-0.30000000000000004,0.0,-2.6,0.0,1.2000000000000002,6.9,26.200000000000003,-18.0,42.0,16
3790,63350.0,0.2,0.30000000000000004,-3.2,0.30000000000000004,1.4000000000000001,6.6000000000000005,26.9,-19.400000000000002,38.1,16
3791,63366.0,0.2,0.7000000000000001,-3.6,0.4,1.9000000000000001,6.1000000000000005,23.700000000000003,-17.0,33.9,16
3792,63383.0,0.0,0.9,-3.3000000000000003,0.30000000000000004,2.1,6.4,18.3,-14.100000000000001,29.500000000000004,16
3793,63400.0,-0.1,1.0,-3.2,0.0,2.3000000000000003,6.7,6.4,-9.700000000000001,13.900000000000002,16
3794,63416.0,-0.5,1.0,-2.8000000000000003,-0.1,2.3000000000000003,6.9,4.2,-10.700000000000001,9.100000000000001,16
3795,63433.0,-0.6000000000000001,1.0,-2.6,-0.30000000000000004,2.4000000000000004,7.4,-3.4,-14.800000000000002,0.5,16
3796,63450.0,-0.9,1.2000000000000002,-1.7000000000000002,-0.6000000000000001,2.3000000000000003,8.5,-11.000000000000002,-20.5,-8.700000000000001,16
3797,63467.0,-1.3,1.0,-0.30000000000000004,-0.8,2.2,9.4,-14.300000000000002,-21.200000000000003,-12.0,16
3798,63484.0,-1.4000000000000001,0.7000000000000001,0.6000000000000001,-0.9,1.9000000000000001,10.3,-17.0,-17.400000000000002,-14.900000000000002,16
3799,63500.0,-1.4000000000000001,0.7000000000000001,0.8,-0.8,1.8,10.5,-18.8,-14.300000000000002,-14.900000000000002,16
3800,63517.0,-1.0,0.7000000000000001,1.7000000000000002,-0.4,1.8,11.4,-26.700000000000003,-12.299999999999999,-16.200000000000003,16
3801,63533.0,-0.9,0.7000000000000001,2.5,-0.2,1.6,13.0,-33.400000000000006,-14.700000000000001,-20.2,16
3802,63550.0,-0.6000000000000001,0.4,4.3,0.0,1.3,14.0,-34.2,-11.6,-23.800000000000004,16
3803,63567.0,-0.7000000000000001,0.4,4.1000000000000005,-0.1,1.3,13.9,-32.300000000000004,-7.1000000000000005,-26.1,16
3804,63591.0,-1.2000000000000002,0.2,3.9000000000000004,-0.5,1.0,13.700000000000001,-39.50000000000001,9.600000000000001,-31.400000000000002,16
3805,63600.0,-1.4000000000000001,0.1,4.2,-0.7000000000000001,0.8,14.0,-47.80000000000001,19.0,-33.0,16
3806,63621.0,-2.0,-0.7000000000000001,5.5,-1.4000000000000001,-0.2,15.3,-54.699999999999996,31.099999999999998,-30.5,16
3807,63633.0,-2.4000000000000004,-1.3,6.0,-2.1,-1.3,16.1,-44.00000000000001,31.400000000000002,-11.4,16
3808,63650.0,-2.0,-2.3000000000000003,6.300000000000001,-1.7000000000000002,-2.1,16.1,-12.5,16.700000000000003,29.300000000000004,16
3809,63666.0,-1.0,-2.3000000000000003,5.4,-0.7000000000000001,-2.1,15.200000000000001,12.299999999999999,4.5,52.900000000000006,16
3810,63691.0,1.4000000000000001,-1.4000000000000001,1.8,2.5,-0.6000000000000001,10.3,74.89999999999999,-32.1,97.50000000000001,16
3811,63702.0,3.1,-0.4,-1.3,3.5,0.1,8.5,81.50000000000001,-39.400000000000006,97.50000000000001,16
3812,63716.0,3.5,-0.2,-2.3000000000000003,4.0,0.4,7.5,81.4,-41.800000000000004,90.9,16
3813,63734.0,3.4000000000000004,0.30000000000000004,-4.0,4.0,1.2000000000000002,5.7,59.9,-34.60000000000001,60.2,16
3814,63750.0,2.4000000000000004,0.30000000000000004,-4.1000000000000005,3.2,1.3,5.6000000000000005,23.2,-17.9,26.400000000000006,16
3815,63767.0,1.8,0.1,-3.6,2.7,1.1,6.1000000000000005,7.1000000000000005,-11.3,12.100000000000001,16
3816,63783.0,0.2,-0.30000000000000004,-2.7,1.1,0.7000000000000001,7.0,-10.299999999999999,-5.8,-6.699999999999999,16
3817,63800.0,-0.30000000000000004,-0.5,-2.4000000000000004,0.6000000000000001,0.6000000000000001,7.300000000000001,-13.100000000000001,-6.600000000000001,-9.5,16
3818,63816.0,-1.0,-0.5,-1.8,-0.1,0.5,7.9,-9.8,-11.6,-7.0,16
3819,63834.0,-1.1,-0.5,-1.6,-0.2,0.5,7.9,2.7,-14.700000000000001,-1.2000000000000002,16
3820,63852.0,-1.1,-0.4,-2.2,0.0,0.7000000000000001,7.300000000000001,9.0,-8.3,3.6000000000000005,16
3821,63866.0,-0.9,-0.1,-2.7,0.1,0.9,7.0,8.600000000000001,-3.4,5.1000000000000005,16
3822,63883.0,-0.8,0.0,-2.9000000000000004,0.2,1.0,6.800000000000001,6.9,1.9,6.300000000000001,16
3823,63899.0,-0.9,0.2,-3.1,0.1,1.2000000000000002,6.6000000000000005,5.6,-1.0,8.100000000000001,16
3824,63916.0,-0.9,0.2,-3.0,0.1,1.3,6.7,3.7000000000000006,-4.6,9.2,16
3825,63933.0,-0.7000000000000001,0.30000000000000004,-2.4000000000000004,0.30000000000000004,1.4000000000000001,7.2,-1.1,-9.0,9.899999999999999,16
3826,63950.0,-0.6000000000000001,0.5,-1.9000000000000001,0.5,1.6,8.1,-2.8,-7.400000000000001,8.3,16
3827,63966.0,-0.6000000000000001,0.6000000000000001,-1.3,0.5,1.6,8.4,-2.9,-3.0,6.699999999999999,16
3828,63984.0,-0.7000000000000001,0.8,-1.0,0.4,1.8,8.700000000000001,-4.2,6.500000000000001,5.300000000000001,16
3829,64000.0,-0.9,0.8,-0.8,0.2,1.9000000000000001,8.9,-6.500000000000001,16.6,4.1,16
3830,64016.0,-0.9,0.8,-0.8,0.0,1.9000000000000001,9.200000000000001,-7.1000000000000005,18.200000000000003,4.7,16
3831,64038.0,-1.1,0.8,0.0,-0.2,1.8,9.8,-5.300000000000001,14.300000000000002,9.2,16
3832,64050.0,-0.8,0.8,0.7000000000000001,0.1,1.8,10.4,-2.4000000000000004,6.0,17.200000000000003,16
3833,64066.0,-0.5,1.1,0.9,0.4,2.0,10.600000000000001,-1.3,1.6,20.400000000000002,16
3834,64083.0,0.1,1.4000000000000001,1.4000000000000001,1.0,2.4000000000000004,11.100000000000001,-3.5,-0.2,22.9,16
3835,64100.0,0.2,1.5,1.6,1.2000000000000002,2.5,11.3,-7.200000000000001,2.9,21.500000000000004,16
3836,64116.0,0.5,1.6,1.9000000000000001,1.4000000000000001,2.6,11.600000000000001,-12.200000000000001,14.200000000000001,13.8,16
3837,64134.0,0.0,1.8,1.6,0.8,2.7,11.3,-20.0,23.3,3.5,16
3838,64150.0,-0.7000000000000001,1.4000000000000001,2.1,0.0,2.2,11.8,-37.0,24.0,-4.2,16
3839,64166.0,-1.2000000000000002,0.9,2.9000000000000004,-0.5,1.6,12.600000000000001,-45.400000000000006,16.700000000000003,-6.2,16
3840,64184.0,-2.1,-0.2,5.7,-1.4000000000000001,0.4,15.5,-55.60000000000001,-3.5,-2.9,16
3841,64200.0,-2.2,-0.6000000000000001,6.6000000000000005,-1.5,-0.1,16.400000000000002,-51.1,-11.4,4.9,16
3842,64216.0,-2.2,-1.2000000000000002,7.300000000000001,-1.5,-0.9,17.1,-22.2,-9.600000000000001,32.0,16
3843,64233.0,-1.8,-1.0,5.5,-1.0,-0.8,15.200000000000001,20.5,-2.1,60.1,16
3844,64250.0,-1.3,-0.8,3.5,-0.1,-0.2,11.9,49.0,-4.1,80.30000000000001,16
3845,64267.0,-0.30000000000000004,-0.30000000000000004,0.6000000000000001,0.5,0.1,10.3,55.0,-8.100000000000001,84.2,16
3846,64284.0,0.30000000000000004,0.1,-1.1,1.1,0.7000000000000001,8.6,52.1,-17.799999999999997,81.2,16
3847,64309.0,0.30000000000000004,0.2,-1.8,1.3,1.0,8.0,28.900000000000002,-23.3,62.199999999999996,16
3848,64323.0,0.0,0.1,-1.3,1.0,1.0,8.5,20.2,-22.5,53.8,16
3849,64333.0,-0.2,0.1,-1.0,0.8,0.9,8.700000000000001,14.400000000000002,-19.1,46.1,16
3850,64350.0,-1.1,-0.5,-0.5,0.0,0.4,9.200000000000001,13.100000000000001,-6.2,37.400000000000006,16
3851,64367.0,-1.6,-0.6000000000000001,-0.8,-0.5,0.30000000000000004,8.9,15.5,-1.1,37.50000000000001,16
3852,64385.0,-2.0,-0.7000000000000001,-1.3,-0.8,0.30000000000000004,8.4,22.000000000000004,1.7,42.2,16
3853,64405.0,-2.2,-0.8,-2.1,-1.0,0.2,7.6000000000000005,29.500000000000004,-2.9,49.0,16
3854,64418.0,-2.1,-0.7000000000000001,-2.3000000000000003,-1.0,0.4,7.4,30.4,-4.300000000000001,53.10000000000001,16
3855,64433.0,-1.8,-0.7000000000000001,-2.7,-0.6000000000000001,0.4,7.0,29.700000000000006,-4.300000000000001,57.400000000000006,16
3856,64450.0,-1.4000000000000001,-0.4,-3.0,-0.2,0.7000000000000001,6.7,28.600000000000005,-1.9,60.5,16
3857,64471.0,-1.2000000000000002,-0.30000000000000004,-3.1,0.1,1.0,6.6000000000000005,28.400000000000002,-4.1,58.0,16
3858,64484.0,-1.1,-0.2,-3.1,0.1,1.1,6.5,27.3,-5.500000000000001,55.8,16
3859,64500.0,-1.1,-0.2,-3.1,0.4,1.4000000000000001,6.9,20.2,-7.300000000000001,49.1,16
3860,64516.0,-1.0,0.1,-2.3000000000000003,0.4,1.5,7.300000000000001,14.400000000000002,-6.699999999999999,44.7,16
3861,64533.0,-1.2000000000000002,0.0,-1.1,0.2,1.3,8.5,8.2,-5.4,35.0,16
3862,64550.0,-1.5,0.0,-0.8,-0.2,1.4000000000000001,8.9,10.0,-1.6,30.4,16
3863,64567.0,-1.6,0.2,-0.7000000000000001,-0.1,1.6,8.9,10.600000000000001,0.30000000000000004,29.400000000000002,16
3864,64583.0,-1.5,0.4,-0.8,-0.1,1.8,8.8,7.9,4.5,26.000000000000004,16
3865,64600.0,-1.5,0.4,-0.6000000000000001,0.0,1.9000000000000001,9.0,-0.2,3.8,20.900000000000002,16
3866,64631.0,-1.3,0.30000000000000004,0.7000000000000001,0.1,1.7000000000000002,10.3,-16.1,1.7,11.5,16
3867,64633.0,-1.3,0.30000000000000004,0.7000000000000001,0.1,1.7000000000000002,10.3,-16.1,1.7,11.5,16
3868,64650.0,-1.4000000000000001,0.2,1.5,0.0,1.4000000000000001,11.700000000000001,-24.599999999999998,2.6,7.300000000000001,16
3869,64668.0,-1.4000000000000001,0.0,2.9000000000000004,0.0,1.3,12.5,-25.1,3.8,7.400000000000001,16
3870,64690.0,-1.1,0.1,3.1,0.5,1.4000000000000001,12.5,-13.5,5.9,10.9,16
3871,64700.0,-1.1,0.1,3.1,0.5,1.4000000000000001,12.5,-13.5,5.9,10.9,16
3872,64721.0,0.1,0.30000000000000004,3.1,1.5,1.3,12.8,-33.2,2.7,0.1,16
3873,64734.0,0.0,-0.1,3.7,1.4000000000000001,0.9,13.4,-43.70000000000001,9.5,-6.9,16
3874,64750.0,-0.9,-1.2000000000000002,5.2,0.4,-0.4,14.9,-57.699999999999996,38.7,-13.900000000000002,16
3875,64766.0,-1.4000000000000001,-1.9000000000000001,5.300000000000001,-0.2,-1.2000000000000002,15.0,-53.9,56.10000000000001,-8.8,16
3876,64786.0,-2.4000000000000004,-2.5,4.1000000000000005,-1.4000000000000001,-1.8,13.8,-25.200000000000003,69.7,17.7,16
3877,64800.0,-2.2,-2.5,3.5,-1.3,-2.0,13.200000000000001,-4.7,62.0,41.300000000000004,16
3878,64816.0,-0.1,-1.9000000000000001,1.2000000000000002,0.6000000000000001,-1.3,10.9,35.8,20.7,87.50000000000001,16
3879,64833.0,2.4000000000000004,-0.7000000000000001,-0.8,3.2,0.0,9.0,58.3,-26.5,104.10000000000001,16
3880,64850.0,3.8000000000000003,0.5,-2.2,4.7,1.4000000000000001,7.6000000000000005,51.70000000000001,-41.7,84.6,16
3881,64873.0,3.5,0.8,-2.3000000000000003,4.5,1.9000000000000001,7.4,30.000000000000004,-27.0,53.9,16
3882,64883.0,2.6,0.5,-1.9000000000000001,3.8000000000000003,1.6,7.800000000000001,13.3,-6.8,33.50000000000001,16
3883,64900.0,1.8,0.4,-1.7000000000000002,2.9000000000000004,1.4000000000000001,8.0,-0.4,16.4,16.1,16
3884,64916.0,-0.30000000000000004,-0.2,-1.7000000000000002,0.8,0.9,8.0,-10.600000000000001,43.00000000000001,-1.0,16
3885,64933.0,-1.4000000000000001,-0.30000000000000004,-2.1,-0.5,0.7000000000000001,7.6000000000000005,-5.9,32.6,4.2,16
3886,64950.0,-1.5,-0.2,-2.2,-0.7000000000000001,0.8,7.5,-1.0,2.0,17.9,16
3887,64975.0,-0.8,0.1,-1.3,0.1,1.0,8.4,0.30000000000000004,-21.500000000000004,27.700000000000003,16
3888,64984.0,-0.5,0.1,-1.1,0.4,1.1,8.6,2.3,-22.000000000000004,28.500000000000004,16
3889,65000.0,-0.5,0.0,-1.1,0.5,1.0,8.6,2.4000000000000004,-6.1000000000000005,26.9,16
3890,65017.0,-0.5,-0.1,-1.3,0.5,0.9,8.5,2.8,4.4,27.3,16
3891,65035.0,-0.6000000000000001,0.0,-2.0,0.4,1.0,7.7,4.4,11.4,30.9,16
3892,65055.0,-0.2,0.30000000000000004,-2.1,0.7000000000000001,1.3,7.6000000000000005,2.6,-3.2,34.50000000000001,16
3893,65072.0,0.0,0.6000000000000001,-1.7000000000000002,1.0,1.6,8.1,-2.8,-16.1,32.0,16
3894,65083.0,-0.1,0.6000000000000001,-1.0,1.0,1.6,8.700000000000001,-6.699999999999999,-15.399999999999999,29.900000000000006,16
3895,65099.0,-0.2,0.6000000000000001,-0.4,0.9,1.5,9.3,-7.400000000000001,-10.4,27.9,16
3896,65116.0,-0.4,0.7000000000000001,0.1,0.7000000000000001,1.6,9.8,-2.9,0.8,28.0,16
3897,65133.0,-0.4,0.8,0.1,0.9,1.8,9.9,4.6,3.2,30.699999999999996,16
3898,65150.0,0.2,1.1,0.2,1.3,2.0,9.9,11.1,-0.2,29.900000000000006,16
3899,65167.0,0.30000000000000004,1.2000000000000002,0.2,1.4000000000000001,2.2,9.9,13.200000000000003,-0.5,28.200000000000003,16
3900,65183.0,0.5,1.4000000000000001,0.4,1.6,2.3000000000000003,10.100000000000001,10.9,1.1,22.700000000000003,16
3901,65200.0,0.30000000000000004,1.2000000000000002,1.0,1.4000000000000001,2.2,10.700000000000001,1.7,8.700000000000001,14.400000000000002,16
3902,65216.0,0.2,1.1,1.6,1.3,2.1,11.3,-3.3000000000000007,14.400000000000002,11.3,16
3903,65235.0,0.0,1.1,2.2,1.0,2.1,12.200000000000001,-5.0,24.5,8.700000000000001,16
3904,65250.0,-0.8,1.3,0.9,0.2,2.3000000000000003,10.700000000000001,1.1,32.2,7.1000000000000005,16
3905,65274.0,-0.5,1.2000000000000002,1.1,0.30000000000000004,2.2,10.8,-20.3,8.5,4.800000000000001,16
3906,65284.0,-0.7000000000000001,0.1,3.7,0.1,1.1,13.4,-41.4,-13.8,-0.8,16
3907,65300.0,-0.7000000000000001,0.2,3.7,-0.30000000000000004,0.30000000000000004,14.8,-59.5,-29.1,-6.699999999999999,16
3908,65317.0,-1.9000000000000001,-2.1,7.9,-0.8,-2.1,18.5,-64.0,-25.1,5.4,16
3909,65333.0,-1.6,-2.6,8.1,-0.6000000000000001,-2.1,17.8,-14.700000000000001,3.9,33.7,16
3910,65352.0,-1.0,-1.7000000000000002,4.5,0.0,-1.3,14.3,37.300000000000004,12.200000000000001,52.80000000000001,16
3911,65369.0,-0.30000000000000004,-1.0,1.2000000000000002,0.7000000000000001,-0.4,10.9,56.50000000000001,9.2,60.1,16
3912,65383.0,-0.1,-0.5,-0.1,0.9,0.2,9.600000000000001,55.8,4.7,58.1,16
3913,65401.0,0.1,-0.6000000000000001,-0.5,1.1,0.2,9.3,52.2,1.2000000000000002,54.6,16
3914,65416.0,0.2,-0.7000000000000001,-1.1,1.2000000000000002,0.30000000000000004,8.5,39.400000000000006,-3.4,44.9,16
3915,65433.0,-0.1,-1.0,-1.1,0.9,0.1,8.6,25.5,-2.6,35.699999999999996,16
3916,65449.0,-0.6000000000000001,-1.2000000000000002,-1.1,0.5,-0.2,8.6,23.2,7.8,32.2,16
3917,65473.0,-0.9,-1.3,-1.7000000000000002,0.1,-0.1,8.0,31.6,17.200000000000003,34.900000000000006,16
3918,65483.0,-0.9,-1.2000000000000002,-2.3000000000000003,0.1,0.0,7.4,37.6,20.3,37.2,16
3919,65504.0,-0.9,-1.0,-3.5,0.1,0.30000000000000004,6.2,46.50000000000001,21.0,41.4,16
3920,65518.0,-0.8,-1.0,-3.8000000000000003,0.1,0.4,5.9,48.10000000000001,19.400000000000002,42.3,16
3921,65533.0,-0.7000000000000001,-0.8,-4.3,0.1,0.7000000000000001,5.300000000000001,45.400000000000006,11.1,44.4,16
3922,65550.0,-0.7000000000000001,-0.8,-4.4,0.2,0.9,5.300000000000001,39.300000000000004,0.30000000000000004,45.9,16
3923,65579.0,-0.5,-0.6000000000000001,-3.9000000000000004,0.30000000000000004,1.2000000000000002,5.800000000000001,34.7,-8.3,46.6,16
3924,65585.0,-0.4,-0.4,-3.7,0.5,1.4000000000000001,5.9,33.7,-11.3,44.8,16
3925,65600.0,-0.30000000000000004,-0.30000000000000004,-3.6,0.8,1.8,6.0,31.0,-13.5,41.1,16
3926,65621.0,-0.2,-0.2,-3.5,0.9,1.9000000000000001,6.6000000000000005,9.600000000000001,-15.2,22.9,16
3927,65636.0,-0.2,-0.1,-2.9000000000000004,0.9,1.9000000000000001,7.1000000000000005,1.0,-16.8,16.700000000000003,16
3928,65650.0,-0.2,0.1,-1.5,1.0,2.1,8.4,-11.5,-21.400000000000002,3.5,16
3929,65668.0,-0.30000000000000004,0.0,-0.2,0.9,2.0,9.4,-15.399999999999999,-22.5,-3.5,16
3930,65683.0,-0.7000000000000001,-0.2,0.8,0.6000000000000001,1.7000000000000002,10.4,-20.2,-18.8,-12.299999999999999,16
3931,65700.0,-1.0,-0.2,1.3,0.1,1.5,11.3,-22.6,-8.2,-15.700000000000001,16
3932,65716.0,-1.3,-0.30000000000000004,2.1,0.0,1.5,11.700000000000001,-22.6,-4.800000000000001,-14.0,16
3933,65733.0,-1.1,-0.30000000000000004,2.5,0.4,1.6,12.100000000000001,-17.9,-2.9,-7.300000000000001,16
3934,65750.0,0.0,0.2,2.2,1.3,1.9000000000000001,11.8,-10.5,-5.9,-1.7,16
3935,65768.0,0.6000000000000001,0.4,1.4000000000000001,2.2,2.1,10.700000000000001,-14.100000000000001,-8.8,-6.2,16
3936,65787.0,1.1,0.6000000000000001,0.8,2.5,2.2,10.4,-24.400000000000002,-8.0,-12.600000000000001,16
3937,65800.0,0.8,0.30000000000000004,1.7000000000000002,2.1,1.8,11.3,-56.9,-2.5,-32.7,16
3938,65821.0,-0.8,-0.30000000000000004,3.1,0.6000000000000001,1.0,12.700000000000001,-81.60000000000001,10.8,-47.7,16
3939,65833.0,-1.4000000000000001,-0.6000000000000001,3.5,-0.1,0.6000000000000001,13.100000000000001,-86.2,14.5,-48.300000000000004,16
3940,65850.0,-1.9000000000000001,-0.8,3.8000000000000003,-0.9,-0.30000000000000004,13.8,-88.10000000000001,24.1,-34.800000000000004,16
3941,65870.0,-2.3000000000000003,-1.3,4.2,-1.1,-0.6000000000000001,13.9,-83.00000000000001,34.2,-5.9,16
3942,65883.0,-1.9000000000000001,-1.3,4.5,-0.8,-0.8,14.200000000000001,-72.4,32.8,12.5,16
3943,65903.0,-1.7000000000000002,-0.9,4.3,-0.1,-0.4,13.0,-29.500000000000004,12.600000000000001,52.60000000000001,16
3944,65919.0,-0.7000000000000001,-0.5,2.7,0.30000000000000004,-0.30000000000000004,12.5,-2.9,-3.4,72.7,16
3945,65933.0,1.3,0.0,0.5,2.3000000000000003,0.2,10.200000000000001,36.7,-38.50000000000001,101.0,16
3946,65952.0,3.1,0.30000000000000004,-0.9,4.3,0.6000000000000001,8.8,50.7,-59.9,103.8,16
3947,65974.0,3.8000000000000003,0.5,-1.3,5.7,1.0,8.3,44.8,-60.7,80.10000000000001,16
3948,65988.0,3.8000000000000003,0.5,-1.3,5.9,1.0,8.1,37.0,-52.1,60.8,16
3949,66000.0,4.3,0.5,-1.6,5.800000000000001,1.0,8.1,26.9,-37.300000000000004,40.300000000000004,16
3950,66017.0,3.6,0.30000000000000004,-1.3,5.0,0.7000000000000001,8.4,7.6,-3.8,0.0,16
3951,66033.0,1.5,-0.7000000000000001,-1.4000000000000001,3.3000000000000003,-0.1,8.200000000000001,0.4,23.2,-29.1,16
3952,66051.0,0.6000000000000001,-1.1,-1.7000000000000002,1.6,-0.6000000000000001,7.9,1.1,28.500000000000004,-35.5,16
3953,66069.0,-0.8,-1.5,-2.3000000000000003,0.7000000000000001,-0.8,7.300000000000001,10.0,17.7,-26.6,16
3954,66083.0,-0.8,-1.3,-2.6,0.6000000000000001,-0.6000000000000001,7.0,13.399999999999999,9.700000000000001,-19.0,16
3955,66100.0,-0.1,-0.9,-3.0,1.4000000000000001,-0.2,6.7,13.700000000000001,-3.8,-8.0,16
3956,66117.0,-0.1,-1.0,-3.0,1.7000000000000002,-0.1,6.7,12.5,-4.800000000000001,-6.9,16
3957,66133.0,0.5,-0.6000000000000001,-2.9000000000000004,2.0,0.4,6.7,6.0,0.2,-7.9,16
3958,66150.0,0.4,-0.30000000000000004,-3.3000000000000003,1.9000000000000001,0.6000000000000001,6.300000000000001,0.5,9.899999999999999,-13.399999999999999,16
3959,66167.0,0.1,-0.1,-3.4000000000000004,1.6,0.8,6.300000000000001,-3.1,13.3,-15.2,16
3960,66193.0,-0.30000000000000004,0.4,-3.2,1.0,1.2000000000000002,6.5,-8.899999999999999,5.8,-14.0,16
3961,66204.0,-0.2,0.7000000000000001,-2.9000000000000004,1.1,1.5,6.800000000000001,-11.900000000000002,1.5,-10.9,16
3962,66216.0,0.1,1.1,-2.3000000000000003,1.5,1.9000000000000001,7.4,-16.200000000000003,-2.7,-8.8,16
3963,66233.0,0.30000000000000004,1.6,-1.1,1.7000000000000002,2.4000000000000004,8.6,-17.5,-4.5,-13.3,16
3964,66250.0,0.1,1.8,-0.6000000000000001,1.4000000000000001,2.5,9.1,-13.8,8.100000000000001,-19.700000000000003,16
3965,66268.0,-0.5,1.8,-0.1,0.9,2.5,9.600000000000001,-10.299999999999999,14.900000000000002,-20.2,16
3966,66284.0,-0.30000000000000004,1.8,0.2,1.0,2.4000000000000004,9.9,1.0,17.6,-14.400000000000002,16
3967,66300.0,0.4,2.0,0.2,1.6,2.7,9.9,15.299999999999999,4.1,-9.5,16
3968,66317.0,0.5,2.0,0.2,1.7000000000000002,2.8000000000000003,9.9,19.200000000000003,-1.6,-10.4,16
3969,66333.0,0.8,2.2,0.8,2.1,3.0,10.4,14.0,-2.4000000000000004,-17.200000000000003,16
3970,66350.0,0.8,2.3000000000000003,1.8,2.0,3.2,11.5,6.4,17.0,-31.099999999999998,16
3971,66370.0,0.2,2.1,2.0,1.0,3.1,11.200000000000001,8.899999999999999,49.300000000000004,-43.2,16
3972,66383.0,-1.0,2.1,0.30000000000000004,0.1,3.0,10.0,8.4,58.60000000000001,-45.400000000000006,16
3973,66400.0,-1.0,1.7000000000000002,0.30000000000000004,-0.2,2.7,10.0,-8.600000000000001,47.3,-44.2,16
3974,66416.0,-0.7000000000000001,1.3,1.2000000000000002,0.0,2.3000000000000003,10.9,-23.2,26.300000000000004,-44.300000000000004,16
3975,66433.0,-0.6000000000000001,-0.9,5.300000000000001,0.1,0.0,15.0,-43.800000000000004,-22.000000000000004,-47.60000000000001,16
3976,66453.0,-0.6000000000000001,-2.9000000000000004,7.7,0.1,-2.1,17.400000000000002,-33.7,-37.7,-29.400000000000002,16
3977,66467.0,-0.1,-3.4000000000000004,7.6000000000000005,0.7000000000000001,-2.7,17.3,-19.799999999999997,-33.300000000000004,-16.200000000000003,16
3978,66483.0,0.6000000000000001,-3.4000000000000004,6.1000000000000005,1.6,-2.7,15.9,7.0,-16.4,6.600000000000001,16
3979,66500.0,0.9,-3.3000000000000003,5.300000000000001,1.8,-2.6,15.100000000000001,17.200000000000003,-6.9,15.000000000000002,16
3980,66517.0,1.3,-3.0,3.4000000000000004,2.5,-2.1,12.700000000000001,22.5,0.1,23.6,16
3981,66534.0,1.4000000000000001,-2.5,1.6,2.4000000000000004,-1.7000000000000002,11.3,20.400000000000002,-8.0,23.400000000000002,16
3982,66550.0,1.1,-2.3000000000000003,1.0,1.9000000000000001,-1.4000000000000001,10.5,14.200000000000001,-12.9,24.3,16
3983,66567.0,0.8,-2.1,0.6000000000000001,1.8,-1.3,10.4,10.200000000000001,-14.300000000000002,27.2,16
3984,66584.0,0.8,-1.7000000000000002,0.2,1.9000000000000001,-0.8,9.9,12.7,-14.300000000000002,34.60000000000001,16
3985,66601.0,0.8,-1.6,-0.1,1.9000000000000001,-0.7000000000000001,9.600000000000001,19.1,-14.600000000000001,38.1,16
3986,66616.0,1.1,-1.1,-1.2000000000000002,2.4000000000000004,-0.2,8.5,34.60000000000001,-16.1,43.50000000000001,16
3987,66633.0,1.7000000000000002,-0.7000000000000001,-2.4000000000000004,3.2,0.6000000000000001,6.9,47.1,-20.0,41.1,16
3988,66651.0,2.4000000000000004,-0.1,-3.6,3.7,1.1,6.1000000000000005,48.400000000000006,-21.6,25.4,16
3989,66666.0,2.5,0.0,-3.9000000000000004,3.9000000000000004,1.3,5.7,45.5,-14.800000000000002,14.800000000000002,16
3990,66687.0,1.9000000000000001,0.1,-4.0,3.2,1.5,5.4,34.0,9.600000000000001,-12.299999999999999,16
3991,66701.0,1.7000000000000002,0.1,-4.2,2.2,1.7000000000000002,5.2,30.699999999999996,21.400000000000002,-25.1,16
3992,66716.0,0.5,0.1,-4.4,1.8,1.7000000000000002,5.2,24.200000000000003,31.0,-47.0,16
3993,66733.0,-0.30000000000000004,0.1,-4.3,0.7000000000000001,1.8,5.5,18.900000000000002,23.400000000000002,-58.1,16
3994,66749.0,-1.0,0.2,-3.8000000000000003,0.1,1.9000000000000001,5.800000000000001,9.0,11.2,-62.6,16
3995,66771.0,-1.1,0.1,-3.1,-0.1,1.7000000000000002,7.1000000000000005,-4.4,2.9,-64.2,16
3996,66783.0,-1.3,-0.2,-1.5,-0.30000000000000004,1.6,8.0,-9.2,0.4,-64.60000000000001,16
3997,66799.0,-1.3,-0.30000000000000004,-0.9,-0.4,1.5,8.700000000000001,-12.0,-2.3,-64.0,16
3998,66816.0,-1.5,-0.6000000000000001,0.2,-0.5,1.2000000000000002,9.8,-10.700000000000001,-5.4,-57.60000000000001,16
3999,66833.0,-1.2000000000000002,-0.6000000000000001,0.6000000000000001,-0.2,1.2000000000000002,10.200000000000001,-6.500000000000001,-5.8,-46.50000000000001,16
4000,66850.0,-0.4,-0.30000000000000004,1.0,0.5,1.5,10.600000000000001,-11.000000000000002,-9.5,-38.800000000000004,16
4001,66874.0,0.1,-0.1,1.7000000000000002,1.1,1.6,11.4,-16.1,-14.400000000000002,-38.1,16
4002,66884.0,0.5,-0.1,2.1,1.4000000000000001,1.6,11.700000000000001,-16.900000000000002,-12.8,-39.300000000000004,16
4003,66900.0,0.7000000000000001,-0.1,2.1,1.6,1.6,11.700000000000001,-16.4,-8.3,-41.300000000000004,16
4004,66917.0,0.9,0.0,0.9,1.9000000000000001,1.6,10.600000000000001,-20.2,1.6,-47.80000000000001,16
4005,66933.0,1.3,0.0,0.6000000000000001,2.2,1.6,10.200000000000001,-47.900000000000006,-0.5,-60.1,16
4006,66950.0,1.1,-1.2000000000000002,3.4000000000000004,1.9000000000000001,0.2,13.100000000000001,-77.7,1.0,-78.0,16
4007,66968.0,0.1,-2.2,4.4,0.9,-0.9,14.100000000000001,-81.50000000000001,9.5,-82.9,16
4008,66985.0,-1.6,-3.7,5.1000000000000005,-0.9,-2.7,14.8,-71.0,33.7,-65.10000000000001,16
4009,67003.0,-1.2000000000000002,-3.7,4.0,-0.5,-2.9000000000000004,13.8,-37.0,37.400000000000006,-16.5,16
4010,67016.0,-0.30000000000000004,-3.4000000000000004,3.2,0.30000000000000004,-2.6,13.0,-25.900000000000002,31.2,-3.4,16
4011,67033.0,1.8,-2.5,1.7000000000000002,3.0,-1.5,11.0,12.0,-17.0,35.8,16
4012,67052.0,4.3,-1.3,0.30000000000000004,5.0,-0.5,10.100000000000001,19.799999999999997,-49.800000000000004,39.2,16
4013,67066.0,4.800000000000001,-1.0,-0.1,5.5,-0.2,9.700000000000001,16.1,-45.7,30.200000000000003,16
4014,67083.0,4.3,-0.7000000000000001,-1.0,5.1000000000000005,0.1,8.8,3.4,-10.700000000000001,-0.9000000000000001,16
4015,67100.0,2.9000000000000004,-0.9,-2.3000000000000003,3.8000000000000003,0.0,7.5,-10.200000000000001,28.900000000000002,-30.200000000000003,16
4016,67116.0,2.3000000000000003,-0.9,-2.5,3.1,0.0,7.300000000000001,-17.9,38.800000000000004,-39.2,16
4017,67135.0,1.6,-0.9,-2.1,2.2,-0.1,7.6000000000000005,-25.4,28.200000000000003,-45.7,16
4018,67151.0,1.1,-0.7000000000000001,-1.6,1.7000000000000002,-0.1,8.200000000000001,-18.0,0.8,-43.300000000000004,16
4019,67171.0,1.2000000000000002,-0.4,-1.7000000000000002,1.8,0.2,8.1,-6.8,-11.000000000000002,-38.60000000000001,16
4020,67185.0,1.3,-0.30000000000000004,-2.0,1.9000000000000001,0.4,7.800000000000001,-4.7,-8.0,-38.0,16
4021,67199.0,1.7000000000000002,-0.2,-2.0,2.3000000000000003,0.4,7.7,-6.4,1.6,-39.50000000000001,16
4022,67217.0,1.7000000000000002,-0.2,-2.0,2.3000000000000003,0.4,7.800000000000001,-6.500000000000001,4.300000000000001,-41.0,16
4023,67234.0,1.7000000000000002,-0.1,-1.8,2.3000000000000003,0.5,7.9,-5.0,4.2,-43.2,16
4024,67251.0,1.7000000000000002,0.1,-1.9000000000000001,2.3000000000000003,0.7000000000000001,7.9,-1.0,2.8,-48.50000000000001,16
4025,67270.0,1.5,0.2,-1.6,2.1,0.8,8.200000000000001,-1.9,5.300000000000001,-52.7,16
4026,67290.0,1.4000000000000001,0.30000000000000004,-1.4000000000000001,1.8,0.9,8.3,-1.2000000000000002,10.8,-56.300000000000004,16
4027,67301.0,1.2000000000000002,0.4,-1.7000000000000002,1.7000000000000002,1.0,8.1,-0.4,13.6,-57.60000000000001,16
4028,67316.0,1.1,0.4,-1.8,1.5,1.1,8.0,-1.4,15.399999999999999,-58.400000000000006,16
4029,67333.0,1.0,0.5,-1.2000000000000002,1.4000000000000001,1.1,8.6,-7.200000000000001,17.9,-59.699999999999996,16
4030,67349.0,0.6000000000000001,0.5,-0.30000000000000004,0.9,1.1,9.4,-4.2,24.200000000000003,-58.400000000000006,16
4031,67373.0,0.4,0.6000000000000001,-0.30000000000000004,0.5,1.3,9.3,7.400000000000001,33.800000000000004,-50.1,16
4032,67383.0,0.30000000000000004,1.1,-1.0,0.5,1.7000000000000002,8.8,13.399999999999999,35.0,-44.9,16
4033,67400.0,0.5,1.2000000000000002,-1.2000000000000002,0.6000000000000001,1.9000000000000001,8.6,17.0,30.200000000000003,-40.800000000000004,16
4034,67418.0,1.2000000000000002,1.7000000000000002,-0.4,1.1,2.4000000000000004,9.4,9.100000000000001,5.6,-39.50000000000001,16
4035,67436.0,1.2000000000000002,1.6,-0.4,1.2000000000000002,2.5,10.0,3.0,6.300000000000001,-42.0,16
4036,67451.0,1.1,1.8,0.9,0.8,2.6,11.200000000000001,-8.5,19.799999999999997,-48.6,16
4037,67469.0,0.6000000000000001,1.6,1.9000000000000001,0.4,2.4000000000000004,11.700000000000001,-10.1,23.700000000000003,-49.4,16
4038,67483.0,0.8,1.2000000000000002,2.4000000000000004,0.6000000000000001,1.9000000000000001,12.200000000000001,-15.2,25.1,-49.199999999999996,16
4039,67500.0,1.2000000000000002,1.0,3.1,0.9,1.6,12.8,-23.0,11.4,-50.400000000000006,16
4040,67519.0,1.5,-0.6000000000000001,5.5,1.2000000000000002,0.0,15.3,-34.2,-16.6,-54.800000000000004,16
4041,67533.0,1.6,-1.9000000000000001,6.7,1.3,-1.5,16.5,-26.000000000000004,-12.9,-46.50000000000001,16
4042,67550.0,1.8,-2.2,6.5,1.9000000000000001,-1.7000000000000002,15.4,-3.5,7.9,-28.800000000000004,16
4043,67574.0,2.5,-1.7000000000000002,3.7,2.2,-1.4000000000000001,13.5,15.100000000000001,9.899999999999999,-17.799999999999997,16
4044,67583.0,2.5,-1.6,2.7,2.2,-1.2000000000000002,12.5,21.8,6.9,-14.800000000000002,16
4045,67600.0,2.5,-1.7000000000000002,2.7,2.2,-1.0,12.0,29.300000000000004,2.7,-12.200000000000001,16
4046,67621.0,2.9000000000000004,-1.0,-1.0,2.6,-0.4,8.8,43.900000000000006,-23.0,-13.200000000000003,16
4047,67633.0,2.8000000000000003,-1.1,-1.0,2.7,-0.30000000000000004,8.5,38.800000000000004,-32.7,-18.200000000000003,16
4048,67649.0,3.2,-1.2000000000000002,-1.1,3.3000000000000003,-0.4,9.1,19.0,-47.900000000000006,-34.60000000000001,16
4049,67669.0,3.0,-1.7000000000000002,0.30000000000000004,3.0,-0.8,10.100000000000001,4.9,-44.5,-59.20000000000001,16
4050,67683.0,2.5,-2.0,0.6000000000000001,2.6,-1.1,10.4,-0.1,-32.6,-70.9,16
4051,67700.0,0.8,-2.3000000000000003,0.2,1.0,-1.4000000000000001,9.9,-0.8,4.6,-85.60000000000001,16
4052,67716.0,0.8,-2.3000000000000003,0.2,0.30000000000000004,-1.4000000000000001,9.3,2.9,18.700000000000003,-86.8,16
4053,67734.0,-0.6000000000000001,-2.0,-1.9000000000000001,-0.5,-1.1,7.9,11.5,25.7,-77.7,16
4054,67751.0,-0.7000000000000001,-1.7000000000000002,-2.9000000000000004,-0.8,-0.6000000000000001,6.5,19.700000000000003,9.600000000000001,-66.2,16
4055,67769.0,-0.4,-0.8,-3.9000000000000004,-0.5,0.2,5.800000000000001,15.299999999999999,-12.0,-55.400000000000006,16
4056,67783.0,-0.1,-0.6000000000000001,-3.8000000000000003,-0.2,0.5,6.0,9.8,-19.300000000000004,-52.2,16
4057,67800.0,0.4,0.0,-3.0,0.30000000000000004,1.1,6.800000000000001,1.8000000000000003,-21.500000000000004,-52.5,16
4058,67816.0,0.30000000000000004,0.1,-2.7,0.30000000000000004,1.2000000000000002,7.0,1.6,-18.200000000000003,-55.3,16
4059,67833.0,0.2,0.2,-2.8000000000000003,0.1,1.4000000000000001,6.800000000000001,0.30000000000000004,-6.1000000000000005,-60.1,16
4060,67850.0,-0.30000000000000004,0.5,-2.7,-0.30000000000000004,1.6,7.0,-4.9,-1.0,-61.199999999999996,16
4061,67867.0,-0.5,0.7000000000000001,-2.2,-0.5,1.8,7.5,-5.8,-3.2,-60.900000000000006,16
4062,67883.0,-0.6000000000000001,1.0,-1.7000000000000002,-0.7000000000000001,2.0,8.0,-2.2,-9.4,-59.9,16
4063,67900.0,-0.8,1.1,-1.6,-0.8,2.2,8.200000000000001,0.1,-10.5,-58.60000000000001,16
4064,67916.0,-0.8,1.2000000000000002,-1.5,-0.8,2.3000000000000003,8.3,0.0,-7.6,-57.800000000000004,16
4065,67933.0,-1.0,1.4000000000000001,-1.6,-1.0,2.4000000000000004,8.1,-0.7,4.4,-57.400000000000006,16
4066,67950.0,-1.1,1.5,-1.8,-1.2000000000000002,2.6,7.9,-6.9,17.6,-56.9,16
4067,67967.0,-1.3,1.6,-1.6,-1.4000000000000001,2.6,8.200000000000001,-12.0,20.0,-56.10000000000001,16
4068,67983.0,-1.4000000000000001,1.5,-0.5,-1.5,2.5,9.3,-22.6,12.9,-52.300000000000004,16
4069,68000.0,-1.3,1.5,-0.5,-1.5,2.4000000000000004,9.700000000000001,-27.099999999999998,5.500000000000001,-48.70000000000001,16
4070,68017.0,-0.8,1.2000000000000002,1.8,-1.1,2.0,11.5,-33.6,-8.0,-39.8,16
4071,68034.0,-0.5,0.9,3.2,-0.7000000000000001,1.6,13.0,-34.1,-13.200000000000003,-30.200000000000003,16
4072,68055.0,0.5,0.9,4.3,0.30000000000000004,1.5,14.100000000000001,-24.200000000000003,-15.5,-18.3,16
4073,68066.0,1.4000000000000001,1.0,4.1000000000000005,1.3,1.5,13.9,-15.399999999999999,-19.400000000000002,-14.700000000000001,16
4074,68083.0,2.6,0.9,3.2,2.6,1.5,13.0,-9.3,-30.699999999999996,-18.4,16
4075,68101.0,2.6,1.0,3.2,3.0,1.3,13.200000000000001,-18.1,-35.1,-25.8,16
4076,68117.0,3.0,-0.4,5.0,3.1,0.0,14.8,-41.4,-23.800000000000004,-46.300000000000004,16
4077,68134.0,1.7000000000000002,-1.8,6.4,1.9000000000000001,-1.5,16.2,-45.8,8.600000000000001,-57.699999999999996,16
4078,68153.0,1.2000000000000002,-3.0,6.2,1.3,-2.9000000000000004,16.0,-16.0,18.1,-42.5,16
4079,68182.0,4.4,-2.8000000000000003,3.4000000000000004,4.5,-2.7,13.200000000000001,54.699999999999996,-23.400000000000002,2.5,16
4080,68192.0,5.300000000000001,-2.4000000000000004,2.0,5.4,-2.2,11.8,72.10000000000001,-33.400000000000006,5.4,16
4081,68201.0,5.2,-2.5,2.0,6.1000000000000005,-1.2000000000000002,9.8,79.19999999999999,-39.300000000000004,-1.4,16
4082,68216.0,6.0,-1.4000000000000001,-1.2000000000000002,6.2,-0.9,8.6,77.3,-35.5,-14.600000000000001,16
4083,68233.0,4.800000000000001,-0.7000000000000001,-3.3000000000000003,5.1000000000000005,0.1,6.5,46.9,-5.300000000000001,-52.400000000000006,16
4084,68251.0,2.9000000000000004,-0.6000000000000001,-3.7,3.2,0.2,6.0,4.9,29.700000000000006,-84.3,16
4085,68276.0,0.7000000000000001,-0.9,-3.0,0.9,0.0,6.7,-15.899999999999999,30.799999999999997,-94.4,16
4086,68283.0,-0.1,-1.0,-2.6,0.0,-0.1,7.1000000000000005,-16.900000000000002,19.6,-90.4,16
4087,68300.0,-0.1,-0.9,-2.6,-0.7000000000000001,0.1,7.800000000000001,-6.8,-14.400000000000002,-70.6,16
4088,68317.0,-0.5,-0.6000000000000001,-1.9000000000000001,-0.5,0.2,7.9,1.7,-31.400000000000002,-58.900000000000006,16
4089,68333.0,0.4,0.0,-2.1,0.6000000000000001,0.8,7.7,14.0,-48.6,-45.2,16
4090,68352.0,1.0,0.5,-2.5,1.3,1.4000000000000001,7.300000000000001,13.700000000000001,-42.5,-46.1,16
4091,68367.0,1.0,0.8,-2.8000000000000003,1.3,1.7000000000000002,6.9,11.2,-32.1,-50.2,16
4092,68386.0,0.5,0.8,-3.2,1.0,1.8,6.5,2.5,-10.600000000000001,-61.0,16
4093,68400.0,-0.1,0.9,-3.0,0.30000000000000004,1.8,6.7,-4.9,-3.1,-67.7,16
4094,68416.0,-0.4,0.8,-2.7,0.1,1.8,7.0,-5.7,-5.7,-67.9,16
4095,68433.0,-0.5,0.8,-2.4000000000000004,-0.1,1.8,7.5,-1.4,-11.4,-63.10000000000001,16
4096,68450.0,-0.7000000000000001,1.1,-2.6,-0.2,2.0,7.1000000000000005,5.0,-9.8,-57.20000000000001,16
4097,68476.0,-0.6000000000000001,1.5,-2.7,-0.1,2.5,7.1000000000000005,2.0,-4.9,-53.50000000000001,16
4098,68483.0,-0.9,1.7000000000000002,-2.3000000000000003,-0.4,2.7,7.4,-2.0,-1.7,-53.7,16
4099,68500.0,-1.3,1.8,-1.5,-0.8,2.8000000000000003,8.200000000000001,-10.299999999999999,4.0,-52.00000000000001,16
4100,68520.0,-1.8,1.8,-0.5,-1.3,2.8000000000000003,9.3,-11.1,8.100000000000001,-43.70000000000001,16
4101,68534.0,-1.7000000000000002,1.8,-0.5,-1.4000000000000001,2.7,9.600000000000001,-7.6,9.700000000000001,-36.5,16
4102,68551.0,-1.4000000000000001,1.9000000000000001,0.0,-1.0,2.8000000000000003,9.8,5.500000000000001,7.6,-17.0,16
4103,68568.0,-0.6000000000000001,2.2,-0.1,-0.30000000000000004,3.2,9.700000000000001,13.399999999999999,-6.2,-4.2,16
4104,68586.0,0.5,2.3000000000000003,0.4,0.8,3.3000000000000003,10.100000000000001,12.5,-10.9,-3.5,16
4105,68602.0,0.8,2.3000000000000003,1.2000000000000002,1.2000000000000002,3.4000000000000004,11.0,4.9,-7.500000000000001,-8.3,16
4106,68617.0,0.8,2.3000000000000003,1.3,1.2000000000000002,3.4000000000000004,11.0,1.0,0.0,-12.9,16
4107,68633.0,0.7000000000000001,2.4000000000000004,0.9,1.1,3.6,10.4,-11.6,10.600000000000001,-22.9,16
4108,68650.0,1.0,2.4000000000000004,1.5,1.5,2.7,12.8,-51.70000000000001,-13.900000000000002,-40.800000000000004,16
4109,68667.0,0.8,0.7000000000000001,5.6000000000000005,1.2000000000000002,1.6,15.3,-68.7,-23.700000000000003,-50.7,16
4110,68683.0,-0.1,-2.0,9.5,0.30000000000000004,-1.4000000000000001,19.3,-72.50000000000001,-16.900000000000002,-51.50000000000001,16
4111,68700.0,-0.30000000000000004,-2.6,9.700000000000001,0.2,-2.0,19.5,-55.400000000000006,0.6000000000000001,-40.0,16
4112,68716.0,-0.7000000000000001,-2.9000000000000004,7.6000000000000005,-0.30000000000000004,-2.5,17.400000000000002,-1.4,28.600000000000005,-5.7,16
4113,68733.0,0.0,-2.1,3.6,0.30000000000000004,-1.6,13.4,38.0,24.8,33.50000000000001,16
4114,68750.0,0.7000000000000001,-1.6,1.7000000000000002,1.6,-0.6000000000000001,10.200000000000001,53.300000000000004,-2.1,54.6,16
4115,68766.0,1.9000000000000001,-0.8,-0.6000000000000001,2.2,-0.1,9.200000000000001,50.3,-15.5,58.0,16
4116,68784.0,2.6,-0.2,-1.2000000000000002,3.0,0.6000000000000001,8.5,36.300000000000004,-33.9,54.50000000000001,16
4117,68799.0,2.7,-0.1,-1.3,3.1,0.8,8.5,32.6,-36.5,51.2,16
4118,68819.0,2.5,0.0,-1.3,2.9000000000000004,1.0,8.5,16.8,-36.2,33.300000000000004,16
4119,68833.0,1.4000000000000001,-0.30000000000000004,-0.7000000000000001,2.1,0.8,9.0,0.8,-20.599999999999998,15.299999999999999,16
4120,68852.0,0.30000000000000004,-0.4,-0.4,1.1,0.6000000000000001,9.4,-1.8000000000000003,-8.0,7.200000000000001,16
4121,68876.0,-0.1,-0.4,-0.6000000000000001,0.6000000000000001,0.6000000000000001,8.9,9.2,-10.5,9.600000000000001,16
4122,68883.0,0.0,-0.30000000000000004,-1.2000000000000002,0.8,0.7000000000000001,8.5,15.5,-13.6,13.000000000000002,16
4123,68900.0,0.4,0.0,-1.7000000000000002,1.2000000000000002,1.0,8.0,23.900000000000006,-22.000000000000004,15.399999999999999,16
4124,68916.0,0.5,0.1,-1.9000000000000001,1.4000000000000001,1.2000000000000002,7.800000000000001,25.8,-23.099999999999998,13.8,16
4125,68933.0,0.6000000000000001,0.2,-2.2,1.6,1.4000000000000001,7.5,26.200000000000003,-14.5,5.500000000000001,16
4126,68955.0,0.1,0.1,-2.6,1.1,1.3,7.1000000000000005,23.099999999999998,-1.5,-5.0,16
4127,68972.0,-0.4,0.1,-2.8000000000000003,0.6000000000000001,1.4000000000000001,6.9,22.3,2.5,-10.1,16
4128,68983.0,-0.5,0.1,-2.9000000000000004,0.5,1.5,6.800000000000001,23.900000000000006,1.0,-10.8,16
4129,69000.0,-0.6000000000000001,0.30000000000000004,-3.0,0.5,1.8,6.6000000000000005,24.200000000000003,-6.500000000000001,-12.4,16
4130,69016.0,-0.6000000000000001,0.2,-3.0,0.6000000000000001,1.9000000000000001,6.800000000000001,22.1,-9.2,-14.0,16
4131,69033.0,-0.4,0.5,-2.3000000000000003,0.7000000000000001,2.1,7.4,18.900000000000002,-9.4,-21.7,16
4132,69055.0,-0.6000000000000001,0.4,-1.9000000000000001,0.5,2.0,7.7,17.0,0.5,-30.000000000000004,16
4133,69070.0,-1.0,0.2,-2.0,0.1,1.9000000000000001,7.6000000000000005,15.8,10.0,-34.60000000000001,16
4134,69085.0,-1.1,0.2,-2.4000000000000004,-0.1,2.0,7.2,14.700000000000001,10.1,-34.7,16
4135,69100.0,-1.1,0.4,-2.3000000000000003,-0.1,2.2,7.300000000000001,3.5,0.8,-34.900000000000006,16
4136,69116.0,-0.9,0.6000000000000001,-2.0,0.1,2.4000000000000004,7.6000000000000005,-6.1000000000000005,-7.500000000000001,-36.1,16
4137,69133.0,-0.6000000000000001,1.1,-0.6000000000000001,0.4,2.9000000000000004,8.9,-31.0,-16.900000000000002,-45.5,16
4138,69150.0,-0.7000000000000001,1.1,1.0,0.30000000000000004,2.7,10.600000000000001,-59.1,-7.8,-60.8,16
4139,69166.0,-1.3,0.7000000000000001,2.7,-0.30000000000000004,2.3000000000000003,12.4,-71.0,-2.4000000000000004,-66.4,16
4140,69186.0,-2.1,-0.1,5.1000000000000005,-1.1,1.2000000000000002,14.700000000000001,-76.89999999999999,-0.5,-63.900000000000006,16
4141,69200.0,-2.1,-0.30000000000000004,5.5,-1.1,1.0,15.200000000000001,-70.4,-1.6,-53.8,16
4142,69220.0,-0.7000000000000001,-0.30000000000000004,5.0,0.2,0.6000000000000001,14.700000000000001,-37.9,-3.0,-16.700000000000003,16
4143,69233.0,-0.1,-0.1,4.1000000000000005,0.9,0.8,13.9,-32.6,-1.6,-9.700000000000001,16
4144,69250.0,1.0,-0.6000000000000001,3.8000000000000003,1.9000000000000001,0.2,13.5,-37.800000000000004,4.2,-6.300000000000001,16
4145,69267.0,1.3,-1.1,4.5,2.3000000000000003,-0.30000000000000004,14.3,-44.10000000000001,9.2,-5.6,16
4146,69283.0,1.2000000000000002,-1.6,5.0,2.1,-1.1,14.8,-40.7,14.900000000000002,0.1,16
4147,69299.0,1.2000000000000002,-1.7000000000000002,4.9,2.1,-1.2000000000000002,14.700000000000001,-30.000000000000004,14.700000000000001,8.2,16
4148,69316.0,1.7000000000000002,-1.5,3.8000000000000003,2.5,-1.1,13.5,4.4,9.3,30.000000000000004,16
4149,69333.0,2.5,-0.9,0.7000000000000001,3.3000000000000003,-0.5,10.5,40.800000000000004,0.9000000000000001,45.8,16
4150,69350.0,2.9000000000000004,-0.7000000000000001,-0.6000000000000001,4.0,0.30000000000000004,7.9,51.6,-7.8,44.10000000000001,16
4151,69372.0,3.1,0.0,-3.1,4.0,0.8,6.6000000000000005,36.2,-11.5,25.5,16
4152,69383.0,2.7,0.1,-3.2,3.6,0.9,6.6000000000000005,22.8,-9.5,14.300000000000002,16
4153,69399.0,2.4000000000000004,0.1,-2.9000000000000004,3.3000000000000003,0.9,6.800000000000001,10.0,-5.300000000000001,4.1,16
4154,69416.0,1.2000000000000002,-0.1,-2.0,2.1,0.8,7.7,-0.5,0.7,-11.000000000000002,16
4155,69433.0,0.30000000000000004,-0.4,-2.2,1.2000000000000002,0.5,7.6000000000000005,6.8,1.3,-12.200000000000001,16
4156,69450.0,0.0,-0.1,-2.7,1.0,0.8,7.0,15.100000000000001,-7.9,-5.300000000000001,16
4157,69468.0,0.2,0.1,-2.9000000000000004,1.1,1.0,6.800000000000001,17.200000000000003,-14.800000000000002,-3.1,16
4158,69485.0,0.6000000000000001,0.5,-3.1,1.6,1.5,6.6000000000000005,15.700000000000001,-21.1,-6.8,16
4159,69504.0,0.5,0.7000000000000001,-3.1,1.5,1.7000000000000002,6.6000000000000005,4.800000000000001,-12.8,-19.799999999999997,16
4160,69516.0,0.2,0.6000000000000001,-2.9000000000000004,1.3,1.6,6.800000000000001,-1.7,-4.800000000000001,-26.6,16
4161,69533.0,-0.6000000000000001,0.4,-2.5,0.4,1.4000000000000001,7.2,-8.100000000000001,6.2,-32.6,16
4162,69549.0,-0.9,0.30000000000000004,-2.4000000000000004,0.1,1.4000000000000001,7.300000000000001,-7.200000000000001,6.600000000000001,-31.0,16
4163,69566.0,-0.9,0.4,-2.7,0.2,1.5,7.0,-2.7,-0.7,-23.6,16
4164,69584.0,-0.6000000000000001,0.7000000000000001,-2.5,0.4,1.8,7.2,-8.100000000000001,-11.700000000000001,-18.6,16
4165,69600.0,-0.4,1.0,-1.2000000000000002,0.7000000000000001,2.0,8.5,-17.7,-10.8,-19.200000000000003,16
4166,69617.0,-0.5,1.1,-0.8,0.5,2.1,8.9,-19.400000000000002,-4.9,-20.400000000000002,16
4167,69633.0,-1.0,1.2000000000000002,-0.30000000000000004,-0.30000000000000004,2.0,9.700000000000001,-19.300000000000004,8.8,-18.6,16
4168,69649.0,-1.7000000000000002,1.1,0.4,-0.7000000000000001,2.1,10.3,-9.0,14.400000000000002,-4.9,16
4169,69666.0,-1.5,1.3,0.5,-0.5,2.2,10.200000000000001,-0.1,10.700000000000001,4.5,16
4170,69684.0,-0.4,1.8,0.1,0.6000000000000001,2.7,9.9,13.399999999999999,-2.9,20.599999999999998,16
4171,69700.0,0.7000000000000001,2.1,0.2,1.7000000000000002,3.0,9.9,15.5,-10.299999999999999,23.2,16
4172,69717.0,1.1,2.3000000000000003,0.30000000000000004,2.1,3.2,10.0,13.100000000000001,-11.5,19.400000000000002,16
4173,69733.0,1.0,2.4000000000000004,1.4000000000000001,2.0,3.4000000000000004,11.100000000000001,2.9,-4.800000000000001,3.7000000000000006,16
4174,69749.0,0.1,2.1,2.3000000000000003,1.2000000000000002,3.1,12.0,-0.8,17.5,-9.600000000000001,16
4175,69766.0,-0.6000000000000001,2.0,1.8,0.4,3.0,11.5,2.3,33.2,-12.5,16
4176,69786.0,-1.7000000000000002,2.5,0.30000000000000004,-0.9,3.5,10.0,6.2,50.8,-9.899999999999999,16
4177,69800.0,-1.8,2.5,0.30000000000000004,-1.1,3.6,10.0,1.7,43.900000000000006,-6.0,16
4178,69816.0,-1.9000000000000001,2.1,1.7000000000000002,-1.2000000000000002,3.1,11.5,-8.700000000000001,18.6,3.1,16
4179,69833.0,-2.1,1.3,3.1,-1.5,2.3000000000000003,12.9,-1.2000000000000002,3.1,14.700000000000001,16
4180,69850.0,-2.3000000000000003,0.9,3.0,-1.6,1.6,12.5,13.399999999999999,-5.1000000000000005,32.300000000000004,16
4181,69871.0,-0.9,-0.2,3.4000000000000004,-0.30000000000000004,0.9,13.200000000000001,11.8,-23.800000000000004,49.699999999999996,16
4182,69883.0,-0.2,-0.4,4.0,0.5,0.6000000000000001,13.8,11.1,-32.2,53.599999999999994,16
4183,69904.0,0.0,-0.9,3.8000000000000003,0.9,0.1,13.5,15.6,-31.799999999999997,50.400000000000006,16
4184,69917.0,-0.2,-1.1,3.4000000000000004,0.7000000000000001,0.0,13.100000000000001,16.5,-22.2,46.50000000000001,16
4185,69933.0,-1.0,-1.3,1.9000000000000001,0.0,-0.1,11.600000000000001,13.900000000000002,2.0,41.6,16
4186,69957.0,-1.4000000000000001,-1.3,1.3,-0.4,-0.2,10.700000000000001,8.700000000000001,12.8,43.6,16
4187,69971.0,-1.4000000000000001,-1.5,0.8,-0.4,-0.30000000000000004,10.3,10.700000000000001,7.8,47.5,16
4188,69983.0,-1.3,-1.7000000000000002,0.6000000000000001,-0.4,-0.5,10.3,15.000000000000002,-0.9000000000000001,49.50000000000001,16
4189,70001.0,-1.4000000000000001,-1.8,0.4,-0.4,-0.6000000000000001,10.100000000000001,19.300000000000004,-9.600000000000001,53.10000000000001,16
4190,70017.0,-1.4000000000000001,-1.9000000000000001,0.7000000000000001,-0.4,-0.6000000000000001,10.4,26.9,-18.200000000000003,63.500000000000014,16
4191,70033.0,-1.2000000000000002,-1.8,0.30000000000000004,0.0,-0.5,9.9,46.9,-8.5,75.4,16
4192,70049.0,-0.6000000000000001,-1.6,-1.5,0.5,-0.1,8.200000000000001,61.9,10.0,80.9,16
4193,70070.0,0.0,-1.3,-2.9000000000000004,1.2000000000000002,0.30000000000000004,6.7,65.5,20.599999999999998,77.5,16
4194,70083.0,0.1,-1.1,-3.6,1.3,0.6000000000000001,6.0,61.9,19.700000000000003,72.50000000000001,16
4195,70100.0,0.2,-0.9,-3.9000000000000004,1.3,1.0,5.6000000000000005,47.5,13.8,61.599999999999994,16
4196,70116.0,0.2,-0.9,-3.6,1.3,1.1,5.9,39.9,9.3,56.6,16
4197,70133.0,0.2,-0.9,-2.6,1.3,1.2000000000000002,6.9,34.2,4.800000000000001,49.199999999999996,16
4198,70150.0,-0.2,-1.2000000000000002,-2.1,1.0,1.0,7.4,30.3,11.2,40.4,16
4199,70173.0,-0.2,-1.1,-1.7000000000000002,1.0,1.2000000000000002,7.800000000000001,27.700000000000003,23.5,37.400000000000006,16
4200,70183.0,0.0,-0.8,-1.7000000000000002,1.1,1.5,7.7,28.600000000000005,26.700000000000003,35.699999999999996,16
4201,70200.0,0.2,-0.2,-2.5,1.3,2.1,6.9,30.699999999999996,30.200000000000003,27.9,16
4202,70224.0,0.2,0.2,-3.3000000000000003,1.2000000000000002,2.7,6.2,21.300000000000004,30.4,16.200000000000003,16
4203,70233.0,0.2,0.2,-3.3000000000000003,1.2000000000000002,2.7,6.2,21.300000000000004,30.4,16.200000000000003,16
4204,70262.0,0.1,0.7000000000000001,-0.8,0.9,3.2,8.700000000000001,-27.700000000000003,18.700000000000003,-5.300000000000001,16
4205,70266.0,0.1,0.7000000000000001,-0.8,0.9,3.2,8.700000000000001,-27.700000000000003,18.700000000000003,-5.300000000000001,16
4206,70283.0,-0.30000000000000004,0.7000000000000001,0.7000000000000001,0.5,3.1,10.200000000000001,-40.6,15.899999999999999,-11.8,16
4207,70305.0,-0.30000000000000004,0.9,1.3,0.4,3.1,10.8,-42.7,21.400000000000002,-10.700000000000001,16
4208,70320.0,-0.1,1.4000000000000001,0.7000000000000001,0.5,3.5,10.200000000000001,-40.9,25.0,-6.9,16
4209,70333.0,0.1,1.6,0.6000000000000001,0.7000000000000001,3.6,10.100000000000001,-44.6,19.9,-5.0,16
4210,70350.0,1.0,1.8,2.3000000000000003,1.5,3.7,11.9,-61.300000000000004,-9.3,-5.7,16
4211,70370.0,1.3,0.9,5.0,1.9000000000000001,2.6,14.600000000000001,-78.2,-38.900000000000006,-16.6,16
4212,70383.0,0.6000000000000001,-0.2,7.800000000000001,1.2000000000000002,1.3,17.5,-84.6,-35.3,-20.8,16
4213,70400.0,0.30000000000000004,-0.8,8.5,1.0,0.7000000000000001,18.2,-81.4,-16.5,-21.0,16
4214,70417.0,-0.5,-1.8,8.9,0.0,-0.9,18.400000000000002,-47.400000000000006,32.400000000000006,-2.9,16
4215,70433.0,-0.8,-2.4000000000000004,5.7,-0.2,-1.4000000000000001,15.4,7.9,39.9,36.0,16
4216,70450.0,1.2000000000000002,-1.5,2.4000000000000004,1.7000000000000002,-0.4,12.100000000000001,53.9,-2.2,77.1,16
4217,70473.0,3.1,-0.30000000000000004,-0.5,3.7,1.0,9.200000000000001,73.10000000000001,-47.5,84.80000000000001,16
4218,70483.0,3.8000000000000003,0.4,-1.6,4.5,1.9000000000000001,8.1,68.0,-53.8,75.60000000000001,16
4219,70500.0,3.7,0.8,-1.8,4.5,2.4000000000000004,7.800000000000001,54.1,-49.0,59.5,16
4220,70516.0,3.0,0.9,-1.9000000000000001,3.9000000000000004,2.5,7.800000000000001,22.6,-11.3,18.900000000000002,16
4221,70533.0,0.9,0.30000000000000004,-2.1,1.9000000000000001,2.0,7.5,5.2,28.1,-12.600000000000001,16
4222,70555.0,-0.8,0.0,-2.5,0.0,1.7000000000000002,7.1000000000000005,3.3000000000000007,35.0,-20.7,16
4223,70571.0,-1.8,-0.30000000000000004,-2.9000000000000004,-1.1,1.5,6.800000000000001,7.8,19.6,-16.3,16
4224,70588.0,-1.9000000000000001,-0.30000000000000004,-2.9000000000000004,-1.2000000000000002,1.5,6.7,10.9,4.300000000000001,-9.4,16
4225,70601.0,-1.4000000000000001,-0.30000000000000004,-2.5,-0.7000000000000001,1.5,7.1000000000000005,15.5,-23.700000000000003,6.1000000000000005,16
4226,70616.0,-1.2000000000000002,-0.30000000000000004,-2.3000000000000003,-0.4,1.6,7.300000000000001,16.6,-30.4,11.900000000000002,16
4227,70633.0,-0.6000000000000001,-0.2,-2.2,0.2,1.7000000000000002,7.4,18.900000000000002,-26.6,14.900000000000002,16
4228,70649.0,-0.8,-0.2,-2.4000000000000004,0.1,1.8,7.2,14.5,-11.1,11.900000000000002,16
4229,70676.0,-1.0,-0.2,-2.0,0.0,1.9000000000000001,7.5,6.2,-1.2000000000000002,9.100000000000001,16
4230,70683.0,-1.0,-0.2,-1.7000000000000002,-0.1,1.9000000000000001,7.9,2.8,0.7,8.3,16
4231,70700.0,-1.0,-0.2,-1.7000000000000002,-0.30000000000000004,1.8,8.5,1.3,3.7000000000000006,8.5,16
4232,70716.0,-1.4000000000000001,-0.2,-1.0,-0.4,1.9000000000000001,8.5,2.9,6.600000000000001,9.8,16
4233,70733.0,-1.4000000000000001,-0.1,-1.1,-0.6000000000000001,1.9000000000000001,8.3,6.2,15.5,15.700000000000001,16
4234,70753.0,-1.5,0.30000000000000004,-1.6,-0.6000000000000001,2.3000000000000003,8.0,5.8,19.0,22.700000000000003,16
4235,70770.0,-1.3,0.6000000000000001,-1.0,-0.5,2.7,8.5,0.6000000000000001,12.0,28.1,16
4236,70783.0,-1.3,0.7000000000000001,-0.4,-0.4,2.8000000000000003,9.200000000000001,-1.5,7.1000000000000005,30.599999999999998,16
4237,70800.0,-1.0,1.0,0.6000000000000001,-0.1,3.0,10.100000000000001,-2.0,1.3,35.699999999999996,16
4238,70816.0,-0.8,1.0,0.8,0.1,3.0,10.3,-1.2000000000000002,2.6,37.50000000000001,16
4239,70833.0,-0.30000000000000004,1.4000000000000001,0.7000000000000001,0.5,3.4000000000000004,10.3,-2.5,10.700000000000001,37.50000000000001,16
4240,70850.0,0.2,1.5,0.8,1.1,3.5,10.3,-15.2,3.9,29.0,16
4241,70866.0,0.5,1.3,2.0,1.3,3.3000000000000003,11.600000000000001,-28.3,-7.0,21.0,16
4242,70883.0,0.0,0.2,5.1000000000000005,0.8,2.1,14.700000000000001,-51.6,-24.200000000000003,3.6000000000000005,16
4243,70901.0,-0.9,-1.0,7.1000000000000005,0.1,0.7000000000000001,16.7,-53.300000000000004,-4.5,0.4,16
4244,70917.0,-1.7000000000000002,-1.3,6.800000000000001,-0.8,0.2,16.400000000000002,-42.3,18.5,6.9,16
4245,70933.0,-1.9000000000000001,-1.1,5.4,-1.1,0.4,15.100000000000001,-9.8,61.8,29.1,16
4246,70951.0,-1.5,-0.6000000000000001,2.7,-0.8,0.9,12.3,7.0,66.1,49.0,16
4247,70969.0,-0.8,-0.1,0.5,-0.4,1.4000000000000001,10.200000000000001,21.6,32.7,68.5,16
4248,70983.0,-0.30000000000000004,0.30000000000000004,-0.2,0.1,1.8,9.5,24.7,8.899999999999999,75.00000000000001,16
4249,71001.0,0.7000000000000001,0.6000000000000001,-0.30000000000000004,1.2000000000000002,2.2,9.4,23.6,-23.700000000000003,80.10000000000001,16
4250,71016.0,0.8,0.7000000000000001,-0.30000000000000004,1.3,2.3000000000000003,9.4,21.200000000000003,-28.600000000000005,76.1,16
4251,71033.0,0.6000000000000001,0.8,-0.30000000000000004,1.3,2.4000000000000004,9.3,10.8,-23.0,59.5,16
4252,71055.0,-0.1,0.4,0.30000000000000004,0.7000000000000001,2.1,9.9,-1.5,-10.5,40.6,16
4253,71076.0,-0.9,0.0,0.2,-0.1,1.6,9.8,-1.9,3.4,26.700000000000003,16
4254,71083.0,-1.5,-0.4,-0.5,-0.7000000000000001,1.2000000000000002,9.1,0.0,10.9,23.800000000000004,16
4255,71100.0,-1.8,-0.6000000000000001,-1.1,-1.0,1.0,8.5,3.3000000000000007,19.9,26.200000000000003,16
4256,71116.0,-1.9000000000000001,-0.5,-1.3,-1.1,1.1,8.4,6.500000000000001,17.200000000000003,28.900000000000002,16
4257,71134.0,-2.1,-0.7000000000000001,-1.6,-1.3,1.0,8.0,12.7,-4.300000000000001,33.9,16
4258,71151.0,-1.9000000000000001,-1.0,-1.0,-1.1,0.7000000000000001,8.6,13.8,-19.6,43.2,16
4259,71167.0,-1.5,-1.1,-0.7000000000000001,-0.6000000000000001,0.7000000000000001,8.9,20.3,-14.100000000000001,51.0,16
4260,71184.0,-1.1,-1.1,-1.2000000000000002,-0.2,0.7000000000000001,8.4,25.6,-6.300000000000001,53.300000000000004,16
4261,71199.0,-0.9,-1.0,-1.6,0.4,1.0,7.5,29.600000000000005,5.7,52.900000000000006,16
4262,71216.0,-0.4,-0.7000000000000001,-2.3000000000000003,0.5,1.2000000000000002,7.300000000000001,29.600000000000005,8.5,50.2,16
4263,71233.0,-0.30000000000000004,-0.5,-2.8000000000000003,0.7000000000000001,1.6,6.7,28.200000000000003,8.2,40.6,16
4264,71249.0,-0.8,-0.30000000000000004,-2.9000000000000004,0.2,1.7000000000000002,6.7,21.6,5.9,28.0,16
4265,71268.0,-1.3,-0.30000000000000004,-2.3000000000000003,-0.4,1.8,7.2,10.0,9.4,17.7,16
4266,71284.0,-1.6,-0.4,-2.0,-0.7000000000000001,1.7000000000000002,7.6000000000000005,5.4,11.000000000000002,13.399999999999999,16
4267,71299.0,-2.3000000000000003,-0.30000000000000004,-1.3,-1.4000000000000001,1.8,8.3,-0.30000000000000004,16.4,10.299999999999999,16
4268,71316.0,-2.3000000000000003,-0.30000000000000004,-1.3,-1.6,1.7000000000000002,8.4,-1.4,16.5,11.4,16
4269,71333.0,-2.6,-0.1,-0.9,-1.8,2.0,8.700000000000001,-3.1,10.1,17.7,16
4270,71350.0,-2.1,0.0,-0.1,-1.3,2.1,9.4,-8.899999999999999,-1.2000000000000002,23.400000000000002,16
4271,71368.0,-1.5,-0.1,0.7000000000000001,-0.4,1.9000000000000001,10.5,-13.200000000000003,-14.300000000000002,25.200000000000003,16
4272,71387.0,-1.0,-0.2,1.5,0.2,1.6,11.600000000000001,-16.5,-19.5,25.300000000000004,16
4273,71399.0,-0.5,-0.2,2.5,0.5,1.7000000000000002,12.0,-17.200000000000003,-19.400000000000002,26.300000000000004,16
4274,71416.0,-0.1,-0.1,2.8000000000000003,0.9,1.8,12.3,-16.200000000000003,-17.400000000000002,26.9,16
4275,71433.0,0.5,0.1,2.7,1.9000000000000001,2.2,11.9,-13.100000000000001,-9.4,23.3,16
4276,71449.0,1.1,0.5,2.0,2.2,2.3000000000000003,11.600000000000001,-28.3,-4.6,5.6,16
4277,71467.0,0.7000000000000001,0.0,3.1,1.8,1.8,12.700000000000001,-42.60000000000001,-3.8,-5.9,16
4278,71484.0,-1.0,-1.2000000000000002,4.800000000000001,0.2,0.4,14.4,-64.0,14.900000000000002,-24.0,16
4279,71499.0,-2.7,-2.2,4.800000000000001,-1.6,-0.8,14.5,-64.4,56.7,-20.3,16
4280,71517.0,-2.6,-2.1,4.800000000000001,-2.3000000000000003,-1.2000000000000002,14.200000000000001,-57.00000000000001,68.5,-4.9,16
4281,71533.0,-3.3000000000000003,-2.6,4.0,-2.2,-1.5,13.3,-26.200000000000003,54.0,46.7,16
4282,71552.0,-0.2,-2.0,2.2,0.30000000000000004,-1.0,11.9,16.700000000000003,-3.6000000000000005,101.0,16
4283,71572.0,2.4000000000000004,-0.7000000000000001,0.0,3.0,0.4,9.700000000000001,51.800000000000004,-49.4,125.7,16
4284,71584.0,3.5,0.30000000000000004,-1.5,4.2,1.5,8.200000000000001,57.3,-56.7,123.8,16
4285,71600.0,3.7,0.6000000000000001,-2.0,4.6000000000000005,1.9000000000000001,7.7,54.0,-53.2,114.10000000000001,16
4286,71616.0,3.6,1.5,-2.9000000000000004,4.7,2.8000000000000003,6.7,27.700000000000003,-24.599999999999998,76.89999999999999,16
4287,71636.0,2.3000000000000003,1.2000000000000002,-2.6,3.5,2.6,7.1000000000000005,-2.4000000000000004,10.200000000000001,37.300000000000004,16
4288,71649.0,0.4,0.6000000000000001,-1.9000000000000001,1.6,2.0,7.7,-12.100000000000001,19.700000000000003,16.5,16
4289,71666.0,-0.30000000000000004,0.4,-1.7000000000000002,0.8,1.7000000000000002,7.9,-9.600000000000001,13.700000000000001,15.2,16
4290,71683.0,-0.8,0.4,-1.5,0.30000000000000004,1.7000000000000002,8.200000000000001,0.5,-9.600000000000001,21.0,16
4291,71701.0,-0.30000000000000004,0.5,-1.3,0.9,1.9000000000000001,8.3,10.5,-28.0,25.200000000000003,16
4292,71716.0,-0.2,0.6000000000000001,-1.4000000000000001,1.0,2.0,8.3,12.100000000000001,-27.099999999999998,23.099999999999998,16
4293,71733.0,-0.30000000000000004,0.6000000000000001,-1.6,1.1,2.0,8.0,7.699999999999999,-9.600000000000001,11.900000000000002,16
4294,71750.0,-0.9,0.2,-1.8,0.5,1.6,7.9,-0.8,10.299999999999999,2.4000000000000004,16
4295,71766.0,-1.2000000000000002,0.1,-1.8,0.1,1.5,7.9,-3.3000000000000007,14.300000000000002,1.7,16
4296,71785.0,-1.6,0.0,-1.7000000000000002,-0.30000000000000004,1.4000000000000001,7.9,-1.2000000000000002,8.4,5.500000000000001,16
4297,71801.0,-1.7000000000000002,0.0,-1.8,-0.4,1.3,7.800000000000001,1.7,-3.6000000000000005,14.800000000000002,16
4298,71816.0,-1.7000000000000002,0.0,-1.8,-0.30000000000000004,1.4000000000000001,8.0,0.6000000000000001,-5.6,19.6,16
4299,71833.0,-1.1,0.2,-0.9,0.2,1.6,8.700000000000001,-0.7,-2.9,24.1,16
4300,71850.0,-1.1,0.2,-0.6000000000000001,0.30000000000000004,1.6,9.0,3.0,1.5,26.200000000000003,16
4301,71866.0,-1.0,0.2,-0.4,0.30000000000000004,1.6,9.200000000000001,5.8,2.2,28.1,16
4302,71884.0,-0.6000000000000001,0.30000000000000004,0.0,0.8,1.7000000000000002,9.600000000000001,12.299999999999999,-0.2,34.0,16
4303,71900.0,-0.1,0.6000000000000001,-0.2,1.3,2.0,9.5,20.400000000000002,-5.300000000000001,37.0,16
4304,71916.0,0.1,0.7000000000000001,-0.1,1.4000000000000001,2.1,9.5,21.200000000000003,-7.400000000000001,36.400000000000006,16
4305,71934.0,0.5,1.2000000000000002,0.1,1.9000000000000001,2.7,9.700000000000001,17.200000000000003,-6.0,31.099999999999998,16
4306,71949.0,0.4,1.4000000000000001,0.4,1.7000000000000002,3.0,10.200000000000001,8.8,4.4,16.6,16
4307,71967.0,-0.2,1.5,1.1,1.3,3.0,10.700000000000001,4.800000000000001,14.600000000000001,8.700000000000001,16
4308,71988.0,-1.4000000000000001,1.6,0.0,-0.1,3.2,9.600000000000001,4.0,51.50000000000001,-0.6000000000000001,16
4309,72000.0,-1.6,2.0,-0.6000000000000001,-0.4,3.6,9.0,1.4,54.300000000000004,1.3,16
4310,72017.0,-1.7000000000000002,2.1,-1.0,-0.6000000000000001,3.7,8.6,-3.3000000000000007,46.800000000000004,2.5,16
4311,72043.0,-1.7000000000000002,1.1,2.6,-0.8,2.7,12.200000000000001,-44.8,7.6,-3.1,16
4312,72050.0,-2.2,0.5,3.7,-1.3,2.0,13.4,-48.70000000000001,-1.0,-5.8,16
4313,72073.0,-4.0,-0.7000000000000001,5.9,-3.1,0.6000000000000001,15.5,-34.300000000000004,-1.1,9.5,16
4314,72088.0,-3.9000000000000004,-1.0,5.7,-2.9000000000000004,0.2,15.4,0.30000000000000004,-0.5,50.3,16
4315,72101.0,-2.9000000000000004,-0.8,4.9,-2.0,0.4,14.600000000000001,16.8,-8.899999999999999,68.5,16
4316,72116.0,-2.9000000000000004,-0.8,4.9,-0.9,0.6000000000000001,13.9,28.200000000000003,-18.700000000000003,81.0,16
4317,72133.0,-0.8,-0.4,3.6,0.9,1.0,13.0,33.800000000000004,-27.400000000000002,84.4,16
4318,72149.0,0.30000000000000004,-0.30000000000000004,2.9000000000000004,1.5,1.0,12.5,28.600000000000005,-11.000000000000002,70.8,16
4319,72167.0,0.1,-0.4,2.4000000000000004,1.3,1.0,12.100000000000001,24.8,2.5,62.1,16
4320,72183.0,-1.0,-0.8,1.3,0.30000000000000004,0.6000000000000001,10.9,18.5,29.900000000000006,48.70000000000001,16
4321,72199.0,-1.1,-0.9,1.0,0.1,0.5,10.600000000000001,16.700000000000003,39.50000000000001,46.4,16
4322,72216.0,-1.6,-1.0,-0.1,-0.6000000000000001,0.5,9.5,20.3,47.0,48.300000000000004,16
4323,72235.0,-1.9000000000000001,-1.0,-1.3,-0.9,0.5,8.4,24.200000000000003,39.300000000000004,55.0,16
4324,72251.0,-1.8,-1.1,-1.3,-0.9,0.5,8.0,24.8,32.6,60.00000000000001,16
4325,72267.0,-1.8,-1.1,-1.3,-0.9,0.5,8.0,24.8,32.6,60.00000000000001,16
4326,72288.0,-0.9,-1.4000000000000001,-1.5,0.1,0.4,8.1,38.800000000000004,0.6000000000000001,84.2,16
4327,72302.0,-0.30000000000000004,-1.3,-1.8,0.6000000000000001,0.5,7.800000000000001,45.2,-2.7,87.40000000000002,16
4328,72316.0,-0.2,-1.3,-2.0,0.7000000000000001,0.6000000000000001,7.6000000000000005,50.900000000000006,-3.9,88.60000000000001,16
4329,72333.0,0.0,-1.3,-2.3000000000000003,0.9,0.7000000000000001,7.2,54.0,-2.7,86.89999999999999,16
4330,72349.0,0.4,-1.3,-2.3000000000000003,1.4000000000000001,0.9,7.2,51.0,-3.6000000000000005,80.8,16
4331,72382.0,0.5,-1.3,-2.2,1.6,1.1,7.2,42.900000000000006,-4.7,63.0,16
4332,72399.0,0.4,-1.3,-2.2,1.5,1.1,7.2,38.50000000000001,-0.30000000000000004,56.50000000000001,16
4333,72416.0,0.0,-1.2000000000000002,-2.2,1.2000000000000002,1.3,7.2,28.1,11.700000000000001,44.10000000000001,16
4334,72434.0,-0.2,-0.9,-2.2,1.0,1.7000000000000002,7.2,15.299999999999999,19.5,33.800000000000004,16
4335,72450.0,-0.1,-0.8,-1.5,1.0,1.8,7.9,2.2,13.5,23.800000000000004,16
4336,72468.0,-0.1,-0.7000000000000001,-0.9,1.0,1.9000000000000001,8.5,-4.1,9.0,19.1,16
4337,72483.0,0.2,-0.5,-0.1,1.3,2.1,9.3,-13.000000000000002,1.7,11.1,16
4338,72499.0,0.30000000000000004,-0.2,0.5,1.5,2.4000000000000004,9.9,-25.7,3.5,1.5,16
4339,72516.0,0.4,-0.1,0.9,1.5,2.4000000000000004,10.3,-34.400000000000006,7.500000000000001,-4.1,16
4340,72533.0,0.5,0.1,1.5,1.6,2.5,11.200000000000001,-50.1,18.700000000000003,-14.0,16
4341,72550.0,0.7000000000000001,0.30000000000000004,2.4000000000000004,1.7000000000000002,2.5,11.9,-59.40000000000001,22.3,-25.6,16
4342,72566.0,0.6000000000000001,0.2,3.1,1.5,2.3000000000000003,12.600000000000001,-66.80000000000001,18.700000000000003,-32.0,16
4343,72583.0,0.1,-0.6000000000000001,5.0,1.1,1.2000000000000002,14.600000000000001,-82.8,11.5,-41.300000000000004,16
4344,72599.0,-0.8,-1.6,7.1000000000000005,0.0,0.1,16.8,-74.2,24.0,-34.0,16
4345,72618.0,-1.1,-1.9000000000000001,7.1000000000000005,-0.30000000000000004,-0.4,16.7,-57.800000000000004,33.400000000000006,-21.8,16
4346,72634.0,-1.2000000000000002,-1.9000000000000001,5.1000000000000005,-0.5,-0.6000000000000001,14.8,-14.400000000000002,36.7,13.399999999999999,16
4347,72652.0,0.7000000000000001,-1.4000000000000001,2.7,1.3,-0.1,12.4,20.0,12.7,50.60000000000001,16
4348,72667.0,2.3000000000000003,-0.9,1.3,2.9000000000000004,0.4,11.0,32.2,-4.800000000000001,59.9,16
4349,72683.0,3.6,-0.1,-0.5,4.2,1.3,9.1,43.300000000000004,-26.200000000000003,56.2,16
4350,72699.0,3.6,0.1,-1.7000000000000002,4.4,1.7000000000000002,8.0,30.1,-21.400000000000002,30.9,16
4351,72716.0,3.6,0.1,-1.6,4.1000000000000005,1.9000000000000001,7.7,15.6,-11.1,14.300000000000002,16
4352,72737.0,2.7,0.1,-1.9000000000000001,2.7,1.5,8.3,-8.0,6.300000000000001,-9.700000000000001,16
4353,72749.0,0.1,-0.7000000000000001,-0.5,0.9,0.9,9.200000000000001,-20.3,18.900000000000002,-26.5,16
4354,72766.0,-0.8,-0.9,-0.30000000000000004,-0.1,0.6000000000000001,9.3,-17.7,20.2,-26.5,16
4355,72784.0,-1.1,-0.8,-0.9,-0.5,0.8,8.8,-2.4000000000000004,13.900000000000002,-13.8,16
4356,72801.0,-0.6000000000000001,-0.5,-1.6,0.1,1.0,8.0,16.6,-5.500000000000001,3.0,16
4357,72816.0,-0.6000000000000001,-0.5,-1.6,0.6000000000000001,1.3,7.6000000000000005,22.000000000000004,-12.7,8.0,16
4358,72833.0,0.6000000000000001,0.1,-2.6,1.3,1.8,7.1000000000000005,22.4,-15.2,5.7,16
4359,72850.0,0.6000000000000001,0.1,-2.9000000000000004,1.3,1.9000000000000001,6.7,13.8,-0.4,-6.0,16
4360,72866.0,0.30000000000000004,0.1,-3.1,1.1,1.9000000000000001,6.5,13.8,-0.4,-6.0,16
4361,72883.0,-0.1,0.1,-2.8000000000000003,0.5,1.9000000000000001,6.800000000000001,-2.4000000000000004,14.300000000000002,-20.2,16
4362,72899.0,-0.30000000000000004,0.1,-2.4000000000000004,0.4,1.8,7.2,-6.0,9.700000000000001,-22.000000000000004,16
4363,72916.0,-0.30000000000000004,0.0,-1.3,0.30000000000000004,1.8,8.3,-3.8,2.3,-20.599999999999998,16
4364,72933.0,-0.30000000000000004,0.1,-1.2000000000000002,0.30000000000000004,1.8,8.4,4.5,6.4,-17.400000000000002,16
4365,72952.0,0.0,0.4,-1.7000000000000002,0.5,2.1,8.0,7.300000000000001,13.8,-13.900000000000002,16
4366,72968.0,0.2,0.7000000000000001,-1.5,0.7000000000000001,2.5,8.1,4.300000000000001,12.4,-15.299999999999999,16
4367,72983.0,0.1,0.8,-0.9,0.6000000000000001,2.6,8.8,2.3,12.100000000000001,-17.400000000000002,16
4368,73001.0,-0.30000000000000004,0.7000000000000001,0.1,0.2,2.5,9.700000000000001,1.0,17.0,-20.900000000000002,16
4369,73016.0,-0.4,0.6000000000000001,0.30000000000000004,0.0,2.4000000000000004,9.9,2.8,20.400000000000002,-20.400000000000002,16
4370,73033.0,-0.6000000000000001,0.5,0.7000000000000001,-0.2,2.2,10.600000000000001,8.100000000000001,20.900000000000002,-13.700000000000001,16
4371,73058.0,0.0,0.4,1.0,0.30000000000000004,2.3000000000000003,10.600000000000001,16.8,17.400000000000002,-5.0,16
4372,73075.0,0.5,0.8,0.4,0.7000000000000001,2.8000000000000003,10.0,16.8,12.7,-2.5,16
4373,73083.0,0.6000000000000001,1.1,0.0,0.8,3.1,9.600000000000001,12.9,9.899999999999999,-3.9,16
4374,73099.0,0.9,1.5,-0.1,1.0,3.5,9.5,-8.600000000000001,2.0,-14.0,16
4375,73116.0,1.0,1.2000000000000002,0.5,1.1,3.2,10.100000000000001,-28.0,-5.8,-23.3,16
4376,73136.0,0.6000000000000001,0.2,3.9000000000000004,0.7000000000000001,2.1,13.5,-62.900000000000006,-19.1,-44.8,16
4377,73152.0,-0.7000000000000001,-2.2,7.4,-0.6000000000000001,-0.6000000000000001,17.0,-65.0,-10.1,-42.7,16
4378,73166.0,-1.3,-2.6,7.9,-1.1,-1.0,17.6,-48.400000000000006,1.9,-29.700000000000006,16
4379,73183.0,-1.2000000000000002,-2.4000000000000004,6.4,-1.0,-1.0,16.1,-11.2,9.700000000000001,-4.300000000000001,16
4380,73199.0,0.1,-1.7000000000000002,3.0,0.2,-0.30000000000000004,12.700000000000001,30.9,0.30000000000000004,25.1,16
4381,73216.0,0.1,-1.8,3.0,0.7000000000000001,0.0,11.8,40.800000000000004,-9.600000000000001,33.6,16
4382,73233.0,1.5,-1.1,0.5,1.7000000000000002,0.5,10.100000000000001,44.8,-26.1,34.50000000000001,16
4383,73251.0,1.7000000000000002,-1.2000000000000002,-0.5,2.0,0.5,9.200000000000001,32.7,-25.200000000000003,22.700000000000003,16
4384,73267.0,1.5,-1.3,-0.9,1.9000000000000001,0.5,8.8,23.400000000000002,-19.300000000000004,15.700000000000001,16
4385,73283.0,1.0,-1.5,-1.0,1.4000000000000001,0.4,8.6,6.9,-7.1000000000000005,2.0,16
4386,73300.0,0.0,-1.5,-1.1,0.5,0.4,8.5,0.4,-1.3,-4.5,16
4387,73317.0,-0.4,-1.5,-1.2000000000000002,0.1,0.4,8.4,1.1,-2.7,-4.6,16
4388,73336.0,-0.8,-1.5,-1.6,-0.30000000000000004,0.4,8.0,8.5,-8.8,3.5,16
4389,73351.0,-0.4,-0.9,-2.2,0.1,1.0,7.4,17.5,-16.8,13.6,16
4390,73377.0,-0.2,-0.5,-2.7,0.4,1.5,6.800000000000001,19.9,-23.3,15.100000000000001,16
4391,73385.0,-0.1,-0.30000000000000004,-2.9000000000000004,0.5,1.6,6.7,18.5,-23.400000000000002,13.700000000000001,16
4392,73399.0,-0.2,-0.1,-3.1,0.5,1.9000000000000001,6.5,15.700000000000001,-19.5,9.899999999999999,16
4393,73416.0,-0.30000000000000004,-0.1,-3.0,0.4,2.0,6.6000000000000005,13.3,-17.5,7.699999999999999,16
4394,73433.0,-0.5,-0.1,-2.8000000000000003,0.2,2.1,6.9,11.700000000000001,-11.1,4.2,16
4395,73449.0,-0.5,0.2,-2.8000000000000003,0.30000000000000004,2.3000000000000003,6.7,15.100000000000001,-5.6,0.30000000000000004,16
4396,73466.0,-0.5,0.30000000000000004,-2.9000000000000004,0.4,2.4000000000000004,6.7,15.700000000000001,-3.8,-3.1,16
4397,73483.0,-0.9,0.7000000000000001,-3.6,-0.1,2.9000000000000004,5.9,12.600000000000001,0.2,-12.200000000000001,16
4398,73499.0,-1.1,0.7000000000000001,-3.6,-0.30000000000000004,3.0,5.9,4.2,0.5,-16.5,16
4399,73516.0,-1.4000000000000001,0.6000000000000001,-2.3000000000000003,-0.6000000000000001,2.8000000000000003,7.300000000000001,-13.200000000000003,-1.3,-21.500000000000004,16
4400,73533.0,-1.6,0.5,-1.4000000000000001,-1.0,2.7,8.5,-11.700000000000001,-1.3,-20.3,16
4401,73552.0,-2.0,0.6000000000000001,-0.9,-1.2000000000000002,2.7,8.6,-4.7,-2.4000000000000004,-12.8,16
4402,73568.0,-1.4000000000000001,0.7000000000000001,-0.6000000000000001,-0.6000000000000001,2.9000000000000004,8.9,-12.0,-10.600000000000001,-5.9,16
4403,73584.0,-0.7000000000000001,0.9,0.30000000000000004,0.1,3.0,9.8,-19.300000000000004,-16.200000000000003,-5.4,16
4404,73599.0,-0.4,0.9,0.9,0.5,3.0,10.4,-26.300000000000004,-20.400000000000002,-7.9,16
4405,73616.0,-0.2,0.6000000000000001,2.7,0.7000000000000001,2.6,12.200000000000001,-40.0,-18.3,-16.4,16
4406,73633.0,-0.5,0.1,4.6000000000000005,0.4,2.0,14.200000000000001,-37.800000000000004,-3.1,-17.200000000000003,16
4407,73649.0,-0.5,0.4,3.7,0.4,2.2,13.3,-10.9,21.200000000000003,-7.8,16
4408,73672.0,0.30000000000000004,1.1,1.1,1.2000000000000002,2.9000000000000004,10.700000000000001,7.0,16.1,2.4000000000000004,16
4409,73683.0,1.2000000000000002,1.5,0.7000000000000001,2.0,3.3000000000000003,10.3,3.8,1.1,2.7,16
4410,73701.0,2.2,0.8,3.4000000000000004,3.0,2.6,13.0,-17.300000000000004,-37.800000000000004,-11.1,16
4411,73716.0,2.1,0.9,3.4000000000000004,3.0,2.2,13.700000000000001,-24.5,-44.8,-20.0,16
4412,73733.0,1.7000000000000002,-1.0,5.6000000000000005,2.8000000000000003,0.7000000000000001,15.200000000000001,-29.700000000000006,-29.1,-31.9,16
4413,73749.0,1.4000000000000001,-2.4000000000000004,5.7,2.5,-0.8,15.3,-23.5,13.3,-32.400000000000006,16
4414,73767.0,1.1,-2.8000000000000003,5.2,2.1,-1.3,14.8,-2.1,37.9,-20.0,16
4415,73783.0,1.2000000000000002,-3.4000000000000004,3.0,2.1,-1.8,12.600000000000001,13.200000000000003,34.900000000000006,-7.1000000000000005,16
4416,73799.0,2.6,-2.6,0.8,3.5,-1.0,10.5,41.300000000000004,4.300000000000001,18.700000000000003,16
4417,73817.0,3.2,-2.3000000000000003,-0.1,4.1000000000000005,-0.6000000000000001,9.600000000000001,52.2,-12.100000000000001,24.3,16
4418,73834.0,3.7,-1.5,-1.6,4.800000000000001,0.7000000000000001,7.300000000000001,54.6,-23.900000000000006,16.3,16
4419,73850.0,3.4000000000000004,-0.30000000000000004,-3.8000000000000003,4.4,1.7000000000000002,5.7,29.700000000000006,-7.9,-12.4,16
4420,73867.0,2.6,-0.1,-4.3,3.6,2.0,5.300000000000001,10.9,9.100000000000001,-29.400000000000002,16
4421,73885.0,0.4,-0.30000000000000004,-3.8000000000000003,1.3,1.8,5.7,-23.400000000000002,37.400000000000006,-53.9,16
4422,73899.0,-1.4000000000000001,-0.6000000000000001,-2.7,-0.6000000000000001,1.4000000000000001,6.800000000000001,-29.900000000000006,38.1,-53.7,16
4423,73916.0,-1.8,-0.5,-2.6,-1.2000000000000002,1.5,7.0,-22.8,30.1,-44.4,16
4424,73933.0,-1.8,-0.2,-2.5,-1.2000000000000002,1.8,7.1000000000000005,-2.4000000000000004,-2.2,-19.0,16
4425,73950.0,-0.7000000000000001,0.5,-2.6,-0.1,2.4000000000000004,7.0,12.299999999999999,-30.599999999999998,-3.2,16
4426,73967.0,0.0,0.7000000000000001,-2.6,0.6000000000000001,2.6,7.0,12.9,-32.6,-3.1,16
4427,73984.0,0.2,0.7000000000000001,-2.5,1.0,2.7,7.1000000000000005,7.300000000000001,-20.5,-9.8,16
4428,73999.0,-0.1,0.6000000000000001,-2.2,0.6000000000000001,2.6,7.4,-3.3000000000000007,4.7,-21.8,16
4429,74016.0,-0.30000000000000004,0.4,-2.0,0.4,2.4000000000000004,7.6000000000000005,-6.1000000000000005,12.600000000000001,-26.000000000000004,16
4430,74033.0,-0.7000000000000001,0.1,-1.9000000000000001,-0.1,2.0,7.7,-5.4,14.0,-27.6,16
4431,74051.0,-0.7000000000000001,0.2,-1.6,-0.1,2.2,8.0,-5.1000000000000005,3.2,-23.0,16
4432,74067.0,-0.5,0.2,-0.5,0.1,2.1,9.1,-10.200000000000001,-6.4,-20.5,16
4433,74084.0,-0.5,0.1,0.6000000000000001,0.1,2.0,10.200000000000001,-13.700000000000001,-4.9,-19.6,16
4434,74100.0,-0.6000000000000001,-0.2,1.5,0.0,1.7000000000000002,11.100000000000001,-10.0,10.8,-16.0,16
4435,74116.0,-0.6000000000000001,-0.2,1.5,0.0,1.6,11.100000000000001,-1.8000000000000003,20.2,-10.4,16
4436,74133.0,0.1,-0.2,0.30000000000000004,0.6000000000000001,1.7000000000000002,9.9,15.899999999999999,22.700000000000003,5.2,16
4437,74149.0,1.8,0.30000000000000004,-0.30000000000000004,2.3000000000000003,2.3000000000000003,9.3,19.5,3.0,13.700000000000001,16
4438,74176.0,2.7,0.8,0.0,3.2,3.1,9.700000000000001,10.600000000000001,-13.200000000000003,1.2000000000000002,16
4439,74183.0,2.8000000000000003,1.2000000000000002,0.9,3.2,3.2,10.5,2.1,-10.299999999999999,-10.9,16
4440,74200.0,1.9000000000000001,1.1,1.3,2.4000000000000004,3.1,10.9,-12.9,23.800000000000004,-36.300000000000004,16
4441,74216.0,2.0,1.1,1.3,1.1,3.3000000000000003,9.5,-15.2,44.4,-45.9,16
4442,74235.0,0.6000000000000001,1.6,-0.4,0.8,3.5,9.200000000000001,-31.9,50.1,-58.1,16
4443,74253.0,0.6000000000000001,0.9,2.2,0.6000000000000001,2.7,11.8,-68.7,13.000000000000002,-72.10000000000001,16
4444,74272.0,-0.2,-0.30000000000000004,4.9,-1.0,0.2,16.5,-78.2,-11.4,-73.6,16
4445,74283.0,-1.5,-2.7,8.3,-1.5,-1.2000000000000002,18.0,-63.900000000000006,-10.600000000000001,-58.2,16
4446,74299.0,-1.0,-2.5,6.4,-1.0,-1.2000000000000002,16.1,-7.8,1.1,-12.0,16
4447,74316.0,-1.0,-2.5,6.300000000000001,-0.5,-1.0,14.8,17.400000000000002,-0.1,9.700000000000001,16
4448,74333.0,1.8,-1.4000000000000001,2.0,1.8,-0.1,11.8,40.1,-21.8,34.0,16
4449,74351.0,3.1,-0.9,0.9,3.2,0.6000000000000001,10.600000000000001,31.0,-47.400000000000006,25.1,16
4450,74366.0,2.9000000000000004,-1.4000000000000001,1.5,3.3000000000000003,0.2,11.200000000000001,14.900000000000002,-41.0,4.2,16
4451,74383.0,2.4000000000000004,-1.7000000000000002,1.6,2.8000000000000003,-0.1,11.200000000000001,10.8,-27.099999999999998,-4.0,16
4452,74402.0,1.7000000000000002,-2.2,1.1,2.2,-0.5,10.700000000000001,9.0,-2.9,-10.4,16
4453,74416.0,1.7000000000000002,-2.2,1.1,2.1,-0.6000000000000001,10.4,12.5,3.9,-8.600000000000001,16
4454,74433.0,1.7000000000000002,-1.9000000000000001,-0.7000000000000001,2.2,-0.2,8.9,21.400000000000002,4.7,-4.800000000000001,16
4455,74449.0,2.0,-1.4000000000000001,-2.2,2.4000000000000004,0.4,7.4,30.000000000000004,-3.9,-4.800000000000001,16
4456,74469.0,1.9000000000000001,-1.2000000000000002,-2.9000000000000004,2.2,0.9,6.4,22.4,-10.299999999999999,-12.8,16
4457,74483.0,1.5,-0.8,-3.2,2.0,1.1,6.4,14.600000000000001,-12.299999999999999,-17.0,16
4458,74500.0,1.0,-0.7000000000000001,-2.3000000000000003,1.5,1.2000000000000002,7.300000000000001,3.8,-18.8,-23.700000000000003,16
4459,74516.0,0.7000000000000001,-0.7000000000000001,-1.9000000000000001,1.3,1.2000000000000002,7.6000000000000005,4.7,-23.2,-25.5,16
4460,74538.0,0.4,-0.7000000000000001,-1.8,1.0,1.3,7.800000000000001,12.9,-29.500000000000004,-24.400000000000002,16
4461,74549.0,0.7000000000000001,-0.5,-1.9000000000000001,1.5,1.6,7.7,17.6,-32.300000000000004,-22.5,16
4462,74568.0,1.1,-0.2,-1.8,1.8,1.9000000000000001,7.7,18.1,-32.5,-25.4,16
4463,74583.0,1.3,0.0,-1.9000000000000001,2.1,2.2,7.7,15.299999999999999,-26.6,-37.9,16
4464,74609.0,0.5,-0.1,-2.1,1.4000000000000001,2.1,7.5,1.2000000000000002,1.3,-68.80000000000001,16
4465,74616.0,0.5,-0.1,-2.1,1.4000000000000001,2.1,7.5,1.2000000000000002,1.3,-68.80000000000001,16
4466,74633.0,-0.6000000000000001,-0.30000000000000004,-2.1,0.2,1.9000000000000001,7.4,-9.100000000000001,16.900000000000002,-81.8,16
4467,74649.0,-1.4000000000000001,-0.4,-1.3,-0.8,1.8,8.200000000000001,-15.6,13.700000000000001,-83.4,16
4468,74670.0,-1.6,-0.5,-0.30000000000000004,-1.1,1.7000000000000002,9.200000000000001,-14.700000000000001,8.5,-77.4,16
4469,74683.0,-1.8,-0.30000000000000004,0.0,-1.3,1.8,9.5,-12.8,9.600000000000001,-72.9,16
4470,74701.0,-1.6,-0.2,-0.1,-1.2000000000000002,2.0,9.5,-11.4,17.0,-62.4,16
4471,74716.0,-1.1,0.2,0.1,-0.8,2.3000000000000003,9.700000000000001,-16.6,15.399999999999999,-51.1,16
4472,74733.0,-1.0,0.2,0.1,-0.5,2.4000000000000004,10.100000000000001,-19.300000000000004,9.0,-46.6,16
4473,74751.0,-0.1,0.4,1.6,0.1,2.4000000000000004,11.200000000000001,-22.6,-4.5,-40.300000000000004,16
4474,74776.0,0.4,0.5,2.3000000000000003,0.6000000000000001,2.4000000000000004,11.9,-22.3,-6.4,-34.2,16
4475,74785.0,1.3,0.5,2.4000000000000004,1.5,2.4000000000000004,12.0,-20.8,-5.1000000000000005,-31.099999999999998,16
4476,74801.0,1.6,0.6000000000000001,2.3000000000000003,1.8,2.5,11.9,-18.3,-5.300000000000001,-30.000000000000004,16
4477,74818.0,2.1,0.7000000000000001,1.4000000000000001,2.3000000000000003,2.5,11.0,-28.900000000000002,-24.3,-45.6,16
4478,74832.0,2.0,0.4,1.8,2.2,2.1,11.5,-39.9,-25.8,-52.5,16
4479,74850.0,1.0,-0.5,3.4000000000000004,1.2000000000000002,1.1,13.100000000000001,-59.5,-5.6,-63.2,16
4480,74866.0,0.0,-1.3,4.3,0.30000000000000004,0.1,14.0,-62.7,7.9,-61.8,16
4481,74884.0,-0.5,-2.5,5.2,-0.30000000000000004,-1.3,14.9,-53.50000000000001,17.6,-45.400000000000006,16
4482,74899.0,1.5,-2.5,4.5,1.6,-1.4000000000000001,14.200000000000001,-16.0,-3.8,-5.8,16
4483,74916.0,2.4000000000000004,-2.3000000000000003,4.0,2.5,-1.2000000000000002,13.8,6.0,-24.400000000000002,9.600000000000001,16
4484,74933.0,4.3,-1.5,2.3000000000000003,4.6000000000000005,-0.4,12.0,36.0,-52.2,18.1,16
4485,74950.0,4.7,-1.4000000000000001,0.4,5.1000000000000005,-0.1,10.100000000000001,43.70000000000001,-40.0,-1.4,16
4486,74975.0,4.0,-1.4000000000000001,-1.5,4.5,0.0,8.1,36.8,2.3,-27.099999999999998,16
4487,74983.0,3.5,-1.4000000000000001,-2.6,4.0,0.1,7.1000000000000005,32.5,20.5,-38.50000000000001,16
4488,75001.0,2.5,-1.4000000000000001,-3.9000000000000004,2.9000000000000004,0.2,5.800000000000001,20.400000000000002,30.4,-58.5,16
4489,75016.0,2.5,-1.4000000000000001,-3.9000000000000004,2.6,0.2,5.6000000000000005,12.8,22.700000000000003,-64.9,16
4490,75033.0,1.6,-1.5,-3.3000000000000003,1.9000000000000001,0.1,6.4,-3.4,-5.0,-71.19999999999999,16
4491,75051.0,1.3,-1.5,-2.0,1.6,0.1,7.6000000000000005,-6.1000000000000005,-18.6,-72.7,16
4492,75072.0,0.9,-1.4000000000000001,-2.4000000000000004,1.1,0.2,7.300000000000001,-1.9,-8.3,-73.10000000000001,16
4493,75082.0,0.7000000000000001,-1.1,-2.8000000000000003,0.9,0.6000000000000001,6.800000000000001,-2.9,-0.9000000000000001,-72.4,16
4494,75099.0,0.5,-0.6000000000000001,-2.7,0.7000000000000001,1.0,6.9,-9.2,-1.2000000000000002,-72.10000000000001,16
4495,75116.0,0.5,-0.4,-2.5,0.7000000000000001,1.2000000000000002,7.1000000000000005,-11.700000000000001,-6.0,-72.2,16
4496,75133.0,0.4,-0.2,-1.8,0.6000000000000001,1.4000000000000001,7.9,-14.0,-8.700000000000001,-72.4,16
4497,75149.0,0.2,0.1,-1.9000000000000001,0.30000000000000004,1.6,7.800000000000001,-14.0,3.8,-70.6,16
4498,75172.0,0.1,0.6000000000000001,-2.1,0.2,2.1,7.5,-15.899999999999999,10.5,-65.6,16
4499,75183.0,0.1,0.9,-2.0,0.2,2.4000000000000004,7.7,-16.8,7.1000000000000005,-64.0,16
4500,75200.0,0.0,1.2000000000000002,-1.4000000000000001,0.0,2.6,8.3,-18.0,-3.9,-60.2,16
4501,75216.0,-0.1,1.4000000000000001,-1.1,0.0,2.8000000000000003,9.0,-18.5,-5.7,-57.699999999999996,16
4502,75233.0,-0.1,1.5,-0.5,-0.1,2.9000000000000004,9.200000000000001,-18.3,-1.8000000000000003,-51.9,16
4503,75249.0,-0.1,1.7000000000000002,-0.1,-0.1,3.0,9.700000000000001,-13.200000000000003,5.7,-43.2,16
4504,75267.0,0.2,2.1,-0.1,0.1,3.3000000000000003,9.600000000000001,-3.4,8.700000000000001,-33.300000000000004,16
4505,75283.0,0.5,2.3000000000000003,-0.30000000000000004,0.4,3.5,9.4,0.4,8.4,-30.1,16
4506,75299.0,0.7000000000000001,2.4000000000000004,-0.30000000000000004,0.6000000000000001,3.7,9.5,3.5,8.600000000000001,-27.2,16
4507,75317.0,0.7000000000000001,2.3000000000000003,0.2,0.6000000000000001,3.5,9.9,5.2,9.899999999999999,-26.400000000000006,16
4508,75334.0,0.8,2.3000000000000003,0.2,0.5,3.5,10.0,7.300000000000001,11.4,-25.6,16
4509,75349.0,0.7000000000000001,2.0,0.4,0.5,3.3000000000000003,10.200000000000001,8.5,12.0,-24.200000000000003,16
4510,75372.0,0.5,1.9000000000000001,1.0,0.30000000000000004,3.3000000000000003,10.700000000000001,6.600000000000001,11.8,-23.5,16
4511,75383.0,0.30000000000000004,1.9000000000000001,1.4000000000000001,0.0,3.3000000000000003,11.100000000000001,5.9,11.8,-22.9,16
4512,75399.0,0.2,1.8,1.5,-0.1,3.2,11.200000000000001,6.2,13.3,-21.400000000000002,16
4513,75416.0,0.2,1.9000000000000001,0.9,-0.2,3.3000000000000003,10.600000000000001,6.500000000000001,13.100000000000001,-11.700000000000001,16
4514,75433.0,0.7000000000000001,1.9000000000000001,1.2000000000000002,0.30000000000000004,3.3000000000000003,10.9,1.2000000000000002,4.800000000000001,-9.3,16
4515,75449.0,1.5,1.4000000000000001,3.0,1.0,2.8000000000000003,12.700000000000001,-14.700000000000001,-19.1,-15.6,16
4516,75468.0,1.2000000000000002,-0.2,5.6000000000000005,0.9,1.1,15.3,-26.000000000000004,-31.799999999999997,-26.200000000000003,16
4517,75483.0,0.8,-1.1,6.7,0.5,0.2,16.400000000000002,-23.2,-28.0,-25.300000000000004,16
4518,75499.0,0.5,-1.6,5.800000000000001,0.30000000000000004,-0.30000000000000004,15.5,3.3000000000000007,-1.8000000000000003,-12.200000000000001,16
4519,75516.0,0.5,-1.5,4.7,0.2,-0.2,14.4,22.9,10.200000000000001,-3.8,16
4520,75533.0,0.7000000000000001,-0.9,1.2000000000000002,0.4,0.4,10.9,46.50000000000001,10.9,9.5,16
4521,75549.0,1.1,-0.8,0.1,0.9,1.2000000000000002,9.0,48.50000000000001,-14.200000000000001,11.3,16
4522,75576.0,1.3,-0.30000000000000004,-1.0,1.3,1.3,8.9,34.300000000000004,-39.300000000000004,3.2,16
4523,75582.0,1.6,-0.5,0.0,1.5,1.3,9.700000000000001,26.1,-42.900000000000006,-2.7,16
4524,75604.0,1.4000000000000001,-0.8,0.5,1.4000000000000001,1.0,10.100000000000001,19.200000000000003,-30.699999999999996,-18.700000000000003,16
4525,75616.0,1.1,-0.9,0.2,1.1,1.0,9.8,18.200000000000003,-18.8,-26.200000000000003,16
4526,75633.0,0.4,-1.0,-0.5,0.30000000000000004,0.9,8.9,14.700000000000001,-2.9,-35.0,16
4527,75649.0,0.1,-1.1,-1.1,0.0,0.8,8.4,15.100000000000001,-6.300000000000001,-35.2,16
4528,75668.0,-0.2,-1.1,-1.5,-0.1,0.9,7.800000000000001,17.5,-11.900000000000002,-32.9,16
4529,75683.0,-0.1,-1.0,-2.0,0.0,1.0,7.6000000000000005,20.1,-23.900000000000006,-26.5,16
4530,75699.0,0.2,-1.0,-2.0,0.30000000000000004,1.1,7.5,19.5,-26.9,-23.900000000000006,16
4531,75716.0,0.2,-0.9,-2.1,0.4,1.2000000000000002,7.5,18.700000000000003,-23.099999999999998,-22.9,16
4532,75732.0,0.1,-1.0,-2.5,0.4,1.2000000000000002,7.1000000000000005,17.9,-14.200000000000001,-22.000000000000004,16
4533,75751.0,0.1,-0.8,-3.0,0.4,1.4000000000000001,6.6000000000000005,17.7,-12.200000000000001,-19.700000000000003,16
4534,75769.0,0.1,-0.8,-3.3000000000000003,0.4,1.5,6.1000000000000005,18.3,-13.8,-17.6,16
4535,75784.0,0.30000000000000004,-0.6000000000000001,-3.7,0.6000000000000001,1.8,5.800000000000001,17.400000000000002,-14.200000000000001,-16.3,16
4536,75803.0,0.4,-0.2,-4.0,0.8,2.1,5.5,7.200000000000001,-12.299999999999999,-19.5,16
4537,75819.0,0.0,-0.1,-3.1,0.4,2.3000000000000003,6.4,-9.3,-11.6,-27.2,16
4538,75833.0,-0.1,0.0,-2.4000000000000004,0.30000000000000004,2.3000000000000003,7.1000000000000005,-15.299999999999999,-13.100000000000001,-29.600000000000005,16
4539,75849.0,-0.4,-0.1,-0.8,0.0,2.2,8.700000000000001,-16.200000000000003,-17.6,-30.9,16
4540,75866.0,-0.5,-0.2,-0.2,-0.1,2.1,9.3,-12.299999999999999,-15.899999999999999,-29.200000000000003,16
4541,75883.0,-0.4,0.0,-0.30000000000000004,0.0,2.3000000000000003,9.200000000000001,-3.3000000000000007,-4.5,-23.3,16
4542,75899.0,-0.30000000000000004,0.5,-1.0,0.1,2.7,8.5,1.8000000000000003,-0.7,-20.900000000000002,16
4543,75916.0,0.0,1.0,-1.3,0.4,3.3000000000000003,8.200000000000001,-6.2,-3.9,-24.900000000000002,16
4544,75932.0,0.1,1.1,-1.3,0.5,3.3000000000000003,8.3,-15.399999999999999,-6.699999999999999,-29.600000000000005,16
4545,75949.0,0.1,1.0,0.1,0.5,3.2,9.700000000000001,-42.5,-8.0,-38.900000000000006,16
4546,75974.0,0.1,1.1,1.5,0.5,3.2,11.700000000000001,-57.20000000000001,-6.500000000000001,-45.0,16
4547,75985.0,0.30000000000000004,1.1,3.0,0.8,3.0,12.8,-60.5,-13.200000000000003,-50.0,16
4548,75999.0,0.5,1.0,3.8000000000000003,0.9,2.7,13.4,-65.10000000000001,-21.0,-54.6,16
4549,76016.0,0.5,0.8,4.3,0.9,1.5,15.200000000000001,-82.10000000000001,-28.400000000000002,-63.10000000000001,16
4550,76032.0,0.1,-0.5,6.5,0.6000000000000001,0.9,16.2,-84.0,-22.000000000000004,-63.599999999999994,16
4551,76054.0,-0.30000000000000004,-0.7000000000000001,7.2,-0.2,-0.1,17.1,-68.1,5.0,-55.0,16
4552,76067.0,-1.7000000000000002,-2.0,6.2,-1.2000000000000002,-1.1,15.9,-42.0,34.1,-28.600000000000005,16
4553,76084.0,-1.4000000000000001,-2.3000000000000003,5.300000000000001,-0.30000000000000004,-1.4000000000000001,14.4,-25.6,36.5,-6.300000000000001,16
4554,76099.0,1.0,-1.7000000000000002,3.1,1.3,-0.9,12.9,19.200000000000003,8.3,39.599999999999994,16
4555,76117.0,1.9000000000000001,-1.5,2.3000000000000003,2.1,-0.7000000000000001,12.100000000000001,41.4,-14.900000000000002,55.400000000000006,16
4556,76134.0,4.1000000000000005,-0.30000000000000004,-0.30000000000000004,4.5,0.7000000000000001,9.4,62.7,-42.1,64.60000000000001,16
4557,76149.0,5.2,0.4,-2.1,5.7,1.6,7.6000000000000005,61.0,-51.0,44.9,16
4558,76166.0,4.5,0.5,-3.2,5.2,1.9000000000000001,6.5,32.2,-21.8,3.6000000000000005,16
4559,76184.0,3.6,0.30000000000000004,-3.4000000000000004,4.4,1.8,6.2,13.3,-1.7,-17.400000000000002,16
4560,76199.0,1.4000000000000001,-0.2,-2.5,2.2,1.2000000000000002,7.2,-19.700000000000003,19.6,-51.4,16
4561,76217.0,1.5,-0.2,-2.5,1.5,1.0,7.7,-27.0,17.400000000000002,-59.80000000000001,16
4562,76233.0,-0.6000000000000001,-0.9,-0.9,0.0,0.4,8.8,-23.3,0.7,-57.800000000000004,16
4563,76249.0,-0.9,-0.8,-0.7000000000000001,-0.2,0.6000000000000001,8.9,-3.8,-16.1,-39.400000000000006,16
4564,76266.0,-0.5,-0.4,-1.5,0.4,1.2000000000000002,7.7,10.700000000000001,-21.0,-26.200000000000003,16
4565,76283.0,0.30000000000000004,0.1,-2.5,0.9,1.4000000000000001,7.2,10.299999999999999,-18.5,-25.0,16
4566,76300.0,0.4,0.4,-2.8000000000000003,1.1,1.8,6.9,2.0,-9.100000000000001,-30.9,16
4567,76316.0,0.4,0.4,-2.8000000000000003,0.9,1.7000000000000002,7.0,-2.5,-4.5,-35.1,16
4568,76332.0,-0.4,0.30000000000000004,-2.8000000000000003,0.30000000000000004,1.6,6.9,-6.0,1.5,-38.1,16
4569,76350.0,-0.7000000000000001,0.30000000000000004,-2.7,0.0,1.6,7.0,-7.1000000000000005,-2.2,-32.8,16
4570,76366.0,-0.5,0.30000000000000004,-2.3000000000000003,0.2,1.7000000000000002,7.4,-4.2,-13.399999999999999,-25.200000000000003,16
4571,76385.0,-0.30000000000000004,0.7000000000000001,-2.2,0.5,2.0,7.5,-2.2,-17.7,-22.5,16
4572,76399.0,-0.2,0.7000000000000001,-2.3000000000000003,0.5,2.1,7.4,-4.4,-11.5,-23.2,16
4573,76416.0,-0.6000000000000001,0.9,-2.4000000000000004,0.2,2.2,7.300000000000001,-12.7,10.600000000000001,-26.5,16
4574,76435.0,-0.9,0.8,-2.1,-0.2,2.1,7.6000000000000005,-18.3,17.7,-27.099999999999998,16
4575,76450.0,-1.4000000000000001,0.5,-1.1,-0.7000000000000001,1.7000000000000002,8.6,-20.8,16.1,-17.1,16
4576,76466.0,-1.2000000000000002,0.6000000000000001,-0.4,-0.5,1.8,9.4,-17.200000000000003,6.8,-8.700000000000001,16
4577,76482.0,-0.1,0.7000000000000001,0.4,0.5,1.9000000000000001,10.100000000000001,-6.9,-13.700000000000001,5.500000000000001,16
4578,76500.0,0.8,1.0,0.8,1.4000000000000001,2.1,10.5,-7.0,-14.600000000000001,9.700000000000001,16
4579,76523.0,1.5,1.5,1.6,2.2,2.6,11.4,-12.5,-7.300000000000001,1.6,16
4580,76533.0,1.6,1.6,1.9000000000000001,2.3000000000000003,2.7,11.600000000000001,-14.700000000000001,-0.8,-6.699999999999999,16
4581,76549.0,1.2000000000000002,1.7000000000000002,1.8,1.9000000000000001,2.8000000000000003,11.5,-22.3,19.700000000000003,-24.5,16
4582,76567.0,0.6000000000000001,1.5,1.9000000000000001,1.2000000000000002,2.5,11.700000000000001,-37.2,26.700000000000003,-36.6,16
4583,76583.0,0.0,0.8,3.5,0.6000000000000001,1.7000000000000002,13.3,-50.8,22.000000000000004,-43.70000000000001,16
4584,76599.0,-0.2,0.5,4.2,-0.7000000000000001,-0.30000000000000004,16.0,-68.5,8.3,-49.699999999999996,16
4585,76616.0,-1.3,-1.9000000000000001,8.0,-0.8,-1.4000000000000001,17.8,-63.70000000000001,7.1000000000000005,-30.1,16
4586,76633.0,-0.9,-2.2,8.3,-0.5,-1.8,18.1,-49.0,10.700000000000001,-14.100000000000001,16
4587,76649.0,-0.4,-1.9000000000000001,6.800000000000001,0.0,-1.7000000000000002,16.6,-5.7,17.5,13.700000000000001,16
4588,76667.0,0.2,-1.5,3.2,0.5,-1.2000000000000002,13.0,27.3,24.200000000000003,38.7,16
4589,76687.0,1.2000000000000002,-1.0,0.8,1.5,-0.6000000000000001,10.600000000000001,39.8,16.700000000000003,56.400000000000006,16
4590,76703.0,2.0,-0.6000000000000001,-0.4,2.2,-0.2,9.4,42.900000000000006,5.7,60.00000000000001,16
4591,76719.0,2.6,-0.30000000000000004,-1.6,2.9000000000000004,0.30000000000000004,8.1,42.1,-17.7,57.9,16
4592,76733.0,2.6,-0.4,-1.6,2.9000000000000004,0.4,7.9,36.300000000000004,-25.5,52.1,16
4593,76749.0,2.6,-0.2,-1.9000000000000001,2.8000000000000003,0.6000000000000001,8.1,16.1,-29.500000000000004,33.9,16
4594,76776.0,1.0,-0.6000000000000001,-0.9,1.6,0.2,8.8,0.30000000000000004,-10.5,9.4,16
4595,76783.0,1.0,-0.6000000000000001,-0.9,1.6,0.2,8.8,0.30000000000000004,-10.5,9.4,16
4596,76799.0,0.1,-0.5,-1.4000000000000001,0.7000000000000001,0.2,8.4,2.2,-2.5,5.300000000000001,16
4597,76816.0,-0.1,-0.5,-1.5,0.5,0.30000000000000004,8.3,3.9,-4.300000000000001,6.500000000000001,16
4598,76833.0,-0.30000000000000004,-0.4,-1.8,0.30000000000000004,0.4,7.9,9.2,-11.700000000000001,11.1,16
4599,76849.0,-0.2,0.0,-2.2,0.5,0.8,7.6000000000000005,14.100000000000001,-17.200000000000003,14.400000000000002,16
4600,76866.0,0.0,0.1,-2.6,0.8,1.0,7.1000000000000005,16.700000000000003,-15.5,12.5,16
4601,76883.0,0.1,0.1,-2.9000000000000004,0.9,1.0,6.800000000000001,16.200000000000003,-12.600000000000001,10.600000000000001,16
4602,76900.0,0.1,0.4,-3.4000000000000004,0.9,1.3,6.300000000000001,11.8,-8.100000000000001,5.6,16
4603,76917.0,0.1,0.7000000000000001,-3.1,1.0,1.6,6.7,4.0,-14.600000000000001,-1.4,16
4604,76932.0,0.1,0.7000000000000001,-3.1,0.9,1.7000000000000002,6.9,0.9000000000000001,-19.799999999999997,-5.8,16
4605,76949.0,-0.2,0.6000000000000001,-1.8,0.7000000000000001,1.6,7.9,-2.5,-21.400000000000002,-14.5,16
4606,76966.0,-0.7000000000000001,0.5,-1.2000000000000002,0.30000000000000004,1.5,8.5,-3.6000000000000005,-9.600000000000001,-19.700000000000003,16
4607,76983.0,-0.8,0.5,-1.0,0.2,1.5,8.700000000000001,-4.0,-4.7,-20.2,16
4608,76999.0,-0.9,0.5,-0.6000000000000001,0.2,1.4000000000000001,9.200000000000001,-3.0,-5.8,-19.200000000000003,16
4609,77016.0,-0.8,0.7000000000000001,-0.1,0.2,1.6,9.700000000000001,-1.0,-10.8,-18.200000000000003,16
4610,77040.0,-0.9,0.7000000000000001,-0.1,0.2,1.7000000000000002,9.600000000000001,0.7,-8.3,-19.5,16
4611,77054.0,-0.9,0.7000000000000001,-0.1,0.2,1.7000000000000002,9.5,-1.3,-2.4000000000000004,-19.6,16
4612,77066.0,-0.8,0.8,-0.2,0.4,1.8,9.600000000000001,-8.3,3.2,-19.1,16
4613,77083.0,-0.5,0.8,0.30000000000000004,0.5,1.7000000000000002,10.0,-12.4,1.2000000000000002,-19.200000000000003,16
4614,77099.0,-0.30000000000000004,0.8,1.1,0.7000000000000001,1.7000000000000002,10.8,-19.700000000000003,-4.6,-20.0,16
4615,77117.0,-0.4,0.8,1.8,0.6000000000000001,1.7000000000000002,11.5,-24.3,-5.1000000000000005,-19.700000000000003,16
4616,77133.0,-0.4,0.9,1.8,0.7000000000000001,1.8,11.600000000000001,-25.8,-3.6000000000000005,-18.1,16
4617,77149.0,0.0,1.1,2.2,1.1,1.9000000000000001,11.9,-32.6,-3.1,-16.1,16
4618,77167.0,0.2,1.1,3.2,1.3,1.8,12.9,-45.8,-4.300000000000001,-20.0,16
4619,77188.0,-0.30000000000000004,1.0,4.0,0.30000000000000004,1.3,14.100000000000001,-52.5,5.4,-25.8,16
4620,77200.0,-1.7000000000000002,0.1,4.800000000000001,-0.6000000000000001,0.5,14.600000000000001,-51.1,16.0,-24.400000000000002,16
4621,77216.0,-2.4000000000000004,-0.5,4.5,-1.4000000000000001,-0.2,14.3,-37.300000000000004,36.1,-4.1,16
4622,77232.0,-2.3000000000000003,-0.8,4.3,-1.4000000000000001,-0.6000000000000001,14.100000000000001,-26.6,36.5,13.000000000000002,16
4623,77249.0,-1.1,-1.1,3.7,-0.30000000000000004,-1.0,13.5,6.1000000000000005,11.000000000000002,53.7,16
4624,77270.0,0.30000000000000004,-1.1,3.1,2.0,-0.9,12.200000000000001,46.9,-30.799999999999997,85.80000000000001,16
4625,77284.0,0.30000000000000004,-1.1,3.1,2.0,-0.9,12.200000000000001,46.9,-30.799999999999997,85.80000000000001,16
4626,77300.0,4.3,-0.4,-0.4,5.4,0.0,9.4,74.5,-57.00000000000001,85.69999999999999,16
4627,77316.0,4.6000000000000005,-0.4,-0.8,5.7,0.1,8.9,73.7,-53.50000000000001,72.2,16
4628,77332.0,4.5,-0.5,-1.7000000000000002,5.7,0.2,7.7,59.1,-28.1,34.60000000000001,16
4629,77349.0,3.3000000000000003,-0.9,-2.6,4.7,0.0,7.1000000000000005,31.799999999999997,5.7,-2.3,16
4630,77366.0,3.3000000000000003,-0.9,-2.6,3.8000000000000003,-0.2,7.0,19.0,17.9,-17.0,16
4631,77384.0,0.7000000000000001,-1.6,-2.1,2.1,-0.5,7.5,3.9,19.700000000000003,-33.300000000000004,16
4632,77400.0,-0.5,-2.0,-1.8,0.8,-0.9,7.800000000000001,3.3000000000000007,7.300000000000001,-33.7,16
4633,77416.0,-0.7000000000000001,-2.0,-1.9000000000000001,0.5,-0.9,7.800000000000001,5.4,2.2,-28.700000000000003,16
4634,77432.0,-0.9,-1.8,-2.3000000000000003,0.30000000000000004,-0.7000000000000001,7.300000000000001,9.5,-2.6,-14.600000000000001,16
4635,77450.0,-0.6000000000000001,-1.2000000000000002,-2.9000000000000004,0.7000000000000001,-0.1,6.800000000000001,10.200000000000001,-5.2,-5.4,16
4636,77467.0,-0.30000000000000004,-0.8,-3.2,0.9,0.4,6.4,5.6,-4.9,-2.5,16
4637,77483.0,-0.30000000000000004,-0.5,-3.4000000000000004,0.9,0.6000000000000001,6.300000000000001,1.8000000000000003,-3.7000000000000006,-1.6,16
4638,77501.0,-0.2,0.0,-3.3000000000000003,1.1,1.2000000000000002,6.300000000000001,-6.9,-3.0,-1.3,16
4639,77516.0,-0.2,0.2,-3.2,1.1,1.4000000000000001,6.4,-10.9,-4.1,-1.8000000000000003,16
4640,77533.0,-0.2,0.5,-2.6,1.1,1.6,7.1000000000000005,-18.0,-7.1000000000000005,-3.9,16
4641,77550.0,-0.4,0.7000000000000001,-2.0,0.7000000000000001,1.8,7.9,-20.7,-5.8,-3.7000000000000006,16
4642,77566.0,-0.6000000000000001,1.1,-1.4000000000000001,0.7000000000000001,2.1,8.3,-16.5,-1.4,0.8,16
4643,77584.0,-0.5,1.2000000000000002,-1.4000000000000001,0.8,2.2,8.3,-14.5,1.0,3.1,16
4644,77599.0,-0.30000000000000004,1.5,-1.1,1.0,2.4000000000000004,8.6,-14.100000000000001,2.8,5.4,16
4645,77616.0,-0.2,1.6,-0.4,1.2000000000000002,2.4000000000000004,9.3,-15.5,0.6000000000000001,6.1000000000000005,16
4646,77633.0,-0.2,1.6,-0.1,1.1,2.4000000000000004,9.600000000000001,-16.1,-1.3,6.500000000000001,16
4647,77649.0,0.0,1.3,0.6000000000000001,1.6,2.0,10.8,-15.100000000000001,-4.2,10.600000000000001,16
4648,77667.0,0.8,1.1,1.6,2.1,1.9000000000000001,11.3,-11.000000000000002,-4.300000000000001,12.600000000000001,16
4649,77683.0,1.1,1.3,1.5,2.5,2.0,11.200000000000001,-0.1,-3.1,10.8,16
4650,77700.0,0.8,1.6,1.2000000000000002,2.1,2.3000000000000003,10.8,0.9000000000000001,8.0,1.9,16
4651,77716.0,-0.1,1.6,1.0,1.2000000000000002,2.4000000000000004,10.700000000000001,-7.1000000000000005,33.6,-5.8,16
4652,77736.0,-0.7000000000000001,1.8,0.5,0.6000000000000001,2.5,10.200000000000001,-9.600000000000001,45.099999999999994,-5.8,16
4653,77749.0,-1.5,2.4000000000000004,0.0,-0.4,3.0,9.700000000000001,-16.900000000000002,38.1,-2.4000000000000004,16
4654,77767.0,-1.2000000000000002,1.8,1.1,-0.2,2.5,10.8,-38.900000000000006,-0.9000000000000001,3.2,16
4655,77783.0,-0.8,0.9,4.6000000000000005,0.2,1.4000000000000001,14.3,-54.800000000000004,-26.6,3.9,16
4656,77799.0,-1.5,-0.9,9.3,-0.4,-0.5,19.0,-52.400000000000006,-57.9,8.0,16
4657,77816.0,-1.6,-1.5,9.200000000000001,-0.30000000000000004,-1.3,18.900000000000002,3.3000000000000007,-27.2,32.1,16
4658,77832.0,-1.6,-1.5,9.200000000000001,-0.2,-0.8,17.1,33.800000000000004,-5.2,43.00000000000001,16
4659,77849.0,-0.9,-0.4,2.5,0.5,0.0,12.200000000000001,59.40000000000001,23.900000000000006,54.9,16
4660,77866.0,-0.7000000000000001,0.30000000000000004,0.6000000000000001,0.30000000000000004,1.3,9.3,52.7,33.7,49.1,16
4661,77883.0,-1.5,0.9,-1.2000000000000002,-0.30000000000000004,1.5,8.6,43.1,30.3,44.5,16
4662,77899.0,-2.2,0.30000000000000004,-0.7000000000000001,-1.1,1.1,9.0,26.5,15.8,41.199999999999996,16
4663,77916.0,-2.3000000000000003,0.2,-0.30000000000000004,-1.2000000000000002,0.9,9.4,24.1,11.4,42.5,16
4664,77932.0,-2.3000000000000003,0.2,0.6000000000000001,-1.3,1.0,10.3,23.099999999999998,-3.9,51.9,16
4665,77951.0,-1.9000000000000001,0.2,1.4000000000000001,-0.8,1.1,11.100000000000001,29.700000000000006,-7.9,57.00000000000001,16
4666,77966.0,-1.7000000000000002,0.2,1.5,-0.5,1.1,11.100000000000001,38.1,5.1000000000000005,53.8,16
4667,77983.0,-1.8,0.0,1.1,-0.7000000000000001,1.0,10.8,43.1,15.2,51.2,16
4668,77999.0,-2.0,-0.2,-0.1,-0.9,1.0,9.5,56.2,32.2,49.4,16
4669,78016.0,-1.9000000000000001,-0.4,-0.8,-0.9,0.9,8.9,62.7,35.599999999999994,50.5,16
4670,78032.0,-1.6,-0.4,-1.8,-0.6000000000000001,1.0,7.9,68.80000000000001,33.800000000000004,55.0,16
4671,78052.0,-1.2000000000000002,-0.30000000000000004,-1.8,-0.30000000000000004,1.3,7.800000000000001,71.5,17.1,56.10000000000001,16
4672,78068.0,-0.7000000000000001,-0.4,-1.5,0.2,1.5,8.1,73.0,3.4,51.1,16
4673,78088.0,-0.30000000000000004,-0.5,-1.2000000000000002,0.6000000000000001,1.6,8.3,71.10000000000001,2.5,37.50000000000001,16
4674,78100.0,-0.4,-0.6000000000000001,-1.2000000000000002,0.6000000000000001,1.6,8.700000000000001,67.5,9.700000000000001,31.9,16
4675,78117.0,-0.30000000000000004,-0.7000000000000001,-0.8,0.30000000000000004,1.7000000000000002,9.200000000000001,62.4,16.6,25.4,16
4676,78133.0,-0.6000000000000001,-0.9,0.6000000000000001,0.5,1.4000000000000001,10.200000000000001,62.4,23.5,16.200000000000003,16
4677,78153.0,-0.1,-1.0,0.4,0.9,1.8,9.5,68.9,28.600000000000005,12.200000000000001,16
4678,78166.0,0.5,-0.7000000000000001,-0.7000000000000001,1.2000000000000002,2.2,8.700000000000001,64.0,30.699999999999996,-1.3,16
4679,78184.0,0.4,-0.7000000000000001,-0.9,1.0,2.3000000000000003,8.5,57.1,32.5,-9.700000000000001,16
4680,78201.0,-0.5,-1.0,-0.8,0.1,2.2,8.5,41.800000000000004,31.400000000000002,-22.9,16
4681,78216.0,-0.9,-1.2000000000000002,-0.2,-0.5,2.1,9.0,26.1,24.599999999999998,-24.5,16
4682,78232.0,-0.9,-1.3,0.2,-0.5,2.0,9.4,17.6,18.1,-22.9,16
4683,78249.0,-0.7000000000000001,-1.2000000000000002,0.8,-0.30000000000000004,2.4000000000000004,10.3,9.700000000000001,12.100000000000001,-17.799999999999997,16
4684,78269.0,-0.6000000000000001,-0.5,1.1,-0.4,2.9000000000000004,10.3,15.5,25.200000000000003,-13.900000000000002,16
4685,78283.0,-0.5,-1.1,0.5,-0.30000000000000004,2.3000000000000003,9.700000000000001,18.6,35.699999999999996,-13.000000000000002,16
4686,78299.0,-0.5,-0.2,-0.4,-0.5,3.3000000000000003,8.8,15.899999999999999,45.3,-6.9,16
4687,78316.0,-0.2,-0.1,1.2000000000000002,-0.30000000000000004,3.4000000000000004,10.4,-7.8,25.4,-3.9,16
4688,78332.0,-0.1,-0.1,1.2000000000000002,-0.4,3.5,12.0,-25.8,-1.8000000000000003,-10.600000000000001,16
4689,78349.0,-0.9,-1.1,5.0,-1.1,2.2,14.200000000000001,-45.7,-29.600000000000005,-15.2,16
4690,78366.0,-1.6,-2.6,5.300000000000001,-1.6,0.6000000000000001,14.5,-36.400000000000006,-8.700000000000001,3.2,16
4691,78382.0,-1.1,-2.4000000000000004,4.3,-1.1,0.7000000000000001,13.5,-20.5,10.0,21.300000000000004,16
4692,78400.0,0.30000000000000004,-1.4000000000000001,1.8,0.2,1.7000000000000002,11.100000000000001,23.700000000000003,27.099999999999998,54.9,16
4693,78416.0,1.6,-0.6000000000000001,0.0,1.5,2.7,9.200000000000001,64.9,19.9,67.10000000000001,16
4694,78434.0,1.6,-0.7000000000000001,0.0,1.9000000000000001,3.2,8.4,75.4,13.5,61.0,16
4695,78449.0,1.5,0.2,-1.2000000000000002,1.4000000000000001,3.8000000000000003,7.9,71.8,11.6,36.300000000000004,16
4696,78467.0,0.5,-0.6000000000000001,-1.2000000000000002,0.4,3.2,7.9,44.8,17.9,19.400000000000002,16
4697,78483.0,-0.2,-1.1,-1.4000000000000001,-0.2,2.7,7.6000000000000005,22.2,20.599999999999998,19.0,16
4698,78499.0,-1.0,-1.9000000000000001,-1.3,-1.1,2.0,7.7,-28.3,18.6,29.600000000000005,16
4699,78516.0,-1.0,-1.9000000000000001,-1.3,-1.1,1.9000000000000001,7.800000000000001,-42.800000000000004,23.900000000000006,37.6,16
4700,78534.0,-0.4,-2.5,-1.6,-0.6000000000000001,1.2000000000000002,7.5,-52.1,34.300000000000004,46.50000000000001,16
4701,78549.0,-0.1,-2.6,-1.9000000000000001,-0.30000000000000004,0.9,7.2,-55.3,45.8,45.099999999999994,16
4702,78567.0,0.5,-1.3,-1.4000000000000001,0.2,2.1,7.800000000000001,-63.10000000000001,52.60000000000001,36.300000000000004,16
4703,78584.0,0.4,-1.0,-0.9,0.0,2.3000000000000003,8.3,-66.1,47.0,29.400000000000002,16
4704,78599.0,0.7000000000000001,-2.3000000000000003,0.1,0.2,0.8,9.4,-66.4,37.300000000000004,21.7,16
4705,78616.0,1.2000000000000002,-1.9000000000000001,0.5,0.7000000000000001,1.1,9.8,-62.800000000000004,28.900000000000002,24.7,16
4706,78632.0,1.5,-0.9,0.2,0.9,1.8,9.600000000000001,-41.0,19.0,18.5,16
4707,78649.0,0.9,-0.6000000000000001,-0.6000000000000001,0.1,2.2,8.5,-8.899999999999999,28.800000000000004,11.000000000000002,16
4708,78669.0,0.5,-0.30000000000000004,-1.8,-0.2,2.3000000000000003,7.6000000000000005,9.600000000000001,28.600000000000005,-0.5,16
4709,78684.0,0.6000000000000001,0.0,-2.3000000000000003,-0.1,2.7,7.2,11.5,19.1,-9.100000000000001,16
4710,78699.0,1.4000000000000001,0.9,-2.7,0.6000000000000001,3.6,6.7,9.8,11.8,-30.000000000000004,16
4711,78717.0,1.6,1.3,-2.6,0.7000000000000001,3.9000000000000004,6.800000000000001,6.2,21.200000000000003,-42.400000000000006,16
4712,78733.0,1.2000000000000002,1.8,-1.7000000000000002,-0.2,4.2,8.0,-6.2,77.60000000000001,-66.60000000000001,16
4713,78749.0,0.6000000000000001,0.7000000000000001,-1.2000000000000002,-0.9,3.3000000000000003,8.200000000000001,-16.1,136.2,-70.6,16
4714,78766.0,0.6000000000000001,0.9,-1.0,-1.8,3.6,8.3,-22.8,139.4,-61.300000000000004,16
4715,78784.0,-0.30000000000000004,1.6,-0.9,-2.5,4.1000000000000005,8.3,-24.1,120.9,-52.2,16
4716,78799.0,-1.2000000000000002,2.0,-0.8,-3.7,4.4,8.4,-22.1,71.10000000000001,-30.5,16
4717,78816.0,-1.4000000000000001,2.0,-0.4,-4.1000000000000005,4.3,8.700000000000001,-21.300000000000004,62.6,-26.5,16
4718,78832.0,-0.7000000000000001,0.8,0.2,-3.6,3.1,9.3,-16.200000000000003,52.2,-13.700000000000001,16
4719,78850.0,0.1,0.0,0.5,-2.9000000000000004,2.2,9.5,-9.600000000000001,53.7,3.6000000000000005,16
4720,78867.0,0.4,0.6000000000000001,1.6,-2.8000000000000003,2.7,10.600000000000001,-2.7,39.0,5.7,16
4721,78889.0,0.1,0.6000000000000001,3.0,-3.2,2.8000000000000003,12.0,2.5,16.6,-19.5,16
4722,78900.0,-0.2,-0.1,3.5,-3.6,2.0,12.4,1.0,9.2,-32.5,16
4723,78916.0,-0.5,-0.6000000000000001,3.6,-3.9000000000000004,1.5,12.600000000000001,-3.5,8.8,-40.300000000000004,16
4724,78933.0,-0.5,-0.2,3.3000000000000003,-3.9000000000000004,1.9000000000000001,12.3,-13.900000000000002,23.5,-29.300000000000004,16
4725,78951.0,-0.9,0.5,2.8000000000000003,-4.7,2.6,11.600000000000001,-14.900000000000002,38.900000000000006,-1.8000000000000003,16
4726,78972.0,-1.2000000000000002,0.5,1.8,-4.9,2.5,10.700000000000001,0.8,29.800000000000004,21.200000000000003,16
4727,78987.0,-1.4000000000000001,0.1,0.4,-5.1000000000000005,2.2,9.3,32.2,19.700000000000003,35.8,16
4728,79002.0,-1.6,0.30000000000000004,-0.6000000000000001,-5.4,2.4000000000000004,8.200000000000001,44.300000000000004,11.1,39.2,16
4729,79017.0,-1.9000000000000001,0.7000000000000001,-3.1,-6.1000000000000005,2.9000000000000004,6.9,9.5,8.899999999999999,38.1,16
4730,79032.0,-1.8,-0.30000000000000004,-1.1,-5.5,2.1,7.7,-13.100000000000001,-6.1000000000000005,40.5,16
4731,79049.0,-1.3,-1.2000000000000002,-0.6000000000000001,-5.0,1.1,8.1,-23.2,-11.000000000000002,34.800000000000004,16
4732,79066.0,-1.1,-1.0,-1.5,-4.7,1.3,7.300000000000001,-29.800000000000004,-23.6,35.699999999999996,16
4733,79082.0,-0.9,-0.5,0.1,-4.5,1.8,9.0,-34.900000000000006,-40.7,34.400000000000006,16
4734,79099.0,-0.7000000000000001,0.0,0.4,-4.1000000000000005,2.2,9.3,-15.899999999999999,-70.2,13.6,16
4735,79116.0,-0.2,-1.0,-0.5,-3.4000000000000004,1.1,8.5,-2.9,-77.7,-3.9,16
4736,79133.0,-0.30000000000000004,-1.2000000000000002,-0.7000000000000001,-3.4000000000000004,0.9,8.4,-4.5,-82.7,-4.2,16
4737,79152.0,-0.4,-1.0,-0.5,-3.2,1.1,8.6,-4.1,-89.4,5.9,16
4738,79166.0,-0.8,-0.6000000000000001,-0.6000000000000001,-3.4000000000000004,1.6,8.6,9.0,-55.1,16.900000000000002,16
4739,79185.0,-0.8,-0.4,-0.6000000000000001,-3.2,1.8,8.6,27.700000000000003,-43.2,23.800000000000004,16
4740,79200.0,-0.5,-0.4,-0.9,-2.8000000000000003,1.8,8.3,35.4,-39.9,24.7,16
4741,79216.0,-0.5,-0.5,-0.9,-2.8000000000000003,1.7000000000000002,8.3,40.6,-37.50000000000001,23.2,16
4742,79233.0,-0.6000000000000001,-0.8,-1.2000000000000002,-2.8000000000000003,1.7000000000000002,8.1,47.1,-46.9,21.1,16
4743,79249.0,-0.9,-0.4,-1.2000000000000002,-2.9000000000000004,2.2,8.0,44.10000000000001,-70.3,23.099999999999998,16
4744,79272.0,-0.8,-0.4,-1.1,-2.4000000000000004,2.6,8.5,22.3,-57.00000000000001,29.500000000000004,16
4745,79283.0,-0.4,-0.2,-0.5,-2.0,2.6,8.8,10.1,-40.7,31.9,16
4746,79299.0,-0.5,-0.2,-0.5,-2.2,2.5,8.6,-8.3,-11.700000000000001,28.600000000000005,16
4747,79316.0,-0.9,-0.30000000000000004,-0.7000000000000001,-2.3000000000000003,2.5,8.5,-13.6,-5.300000000000001,26.300000000000004,16
4748,79332.0,-1.1,-0.30000000000000004,-0.6000000000000001,-2.5,2.5,8.700000000000001,-16.900000000000002,-11.900000000000002,29.700000000000006,16
4749,79349.0,-0.7000000000000001,-0.1,-0.30000000000000004,-2.0,2.7,9.0,-15.2,-21.7,39.2,16
4750,79368.0,0.1,0.6000000000000001,0.4,-1.1,3.3000000000000003,9.700000000000001,-8.700000000000001,-12.200000000000001,46.199999999999996,16
4751,79382.0,0.30000000000000004,0.9,0.7000000000000001,-0.9,3.7,10.100000000000001,-3.4,0.6000000000000001,44.2,16
4752,79402.0,-0.2,0.8,0.5,-1.4000000000000001,3.6,9.8,8.700000000000001,22.000000000000004,27.2,16
4753,79416.0,-0.4,0.6000000000000001,0.30000000000000004,-1.7000000000000002,3.3000000000000003,9.600000000000001,13.200000000000003,24.1,16.700000000000003,16
4754,79439.0,-0.8,-0.1,1.1,-2.1,2.8000000000000003,10.4,6.0,8.600000000000001,11.000000000000002,16
4755,79450.0,-0.8,-0.1,1.1,-1.9000000000000001,2.6,10.600000000000001,-1.1,4.0,15.000000000000002,16
4756,79470.0,0.30000000000000004,-0.6000000000000001,2.1,-1.0,2.3000000000000003,11.4,-16.3,-11.1,16.0,16
4757,79485.0,0.6000000000000001,-0.6000000000000001,2.5,-0.5,2.1,12.0,-37.6,-20.2,10.1,16
4758,79506.0,0.2,-1.1,2.7,-1.0,1.5,12.100000000000001,-53.300000000000004,-16.5,14.5,16
4759,79528.0,-0.2,-1.0,1.6,-1.3,1.5,11.100000000000001,-47.0,-9.8,37.400000000000006,16
4760,79532.0,-0.2,-1.0,1.6,-1.3,1.5,11.100000000000001,-47.0,-9.8,37.400000000000006,16
4761,79549.0,-0.2,-0.6000000000000001,0.5,-1.1,2.0,9.600000000000001,-27.099999999999998,-1.5,60.7,16
4762,79568.0,0.2,0.1,-0.2,-0.6000000000000001,2.5,9.200000000000001,-3.0,-11.8,64.0,16
4763,79584.0,0.6000000000000001,0.4,-0.30000000000000004,-0.30000000000000004,2.7,9.200000000000001,7.300000000000001,-18.6,59.40000000000001,16
4764,79609.0,1.7000000000000002,0.30000000000000004,-0.5,1.0,2.7,9.0,12.7,-26.6,41.1,16
4765,79624.0,2.0,0.30000000000000004,-0.5,1.4000000000000001,2.7,9.200000000000001,-10.299999999999999,-23.2,27.5,16
4766,79632.0,2.0,0.30000000000000004,-0.30000000000000004,1.4000000000000001,2.7,9.200000000000001,-10.299999999999999,-23.2,27.5,16
4767,79649.0,1.4000000000000001,0.0,0.1,0.9,2.4000000000000004,9.600000000000001,-36.2,-21.300000000000004,10.4,16
4768,79673.0,0.5,-0.2,0.30000000000000004,0.1,2.1,9.9,-43.6,-25.7,3.1,16
4769,79682.0,0.30000000000000004,-0.30000000000000004,0.1,-0.1,1.9000000000000001,9.700000000000001,-38.300000000000004,-23.2,6.300000000000001,16
4770,79701.0,0.30000000000000004,-0.1,-0.1,0.0,2.0,9.5,-25.6,-13.000000000000002,15.399999999999999,16
4771,79717.0,-0.1,0.4,-0.5,-0.30000000000000004,2.4000000000000004,9.1,-10.5,-1.6,28.1,16
4772,79734.0,-0.30000000000000004,0.5,-0.7000000000000001,-0.5,2.5,8.9,-6.699999999999999,2.8,31.3,16
4773,79754.0,-0.30000000000000004,0.7000000000000001,-1.0,-0.6000000000000001,2.7,8.6,-5.1000000000000005,6.300000000000001,30.599999999999998,16
4774,79768.0,-0.5,0.8,-1.0,-0.7000000000000001,2.9000000000000004,8.700000000000001,-10.8,0.8,27.9,16
4775,79786.0,-0.5,1.0,-0.9,-0.6000000000000001,2.9000000000000004,8.700000000000001,-13.700000000000001,-0.6000000000000001,28.1,16
4776,79799.0,-0.2,0.9,-0.9,-0.4,2.8000000000000003,8.700000000000001,-15.700000000000001,1.0,29.400000000000002,16
4777,79817.0,-0.2,0.9,-0.8,-0.4,2.7,8.8,-15.299999999999999,-0.2,33.800000000000004,16
4778,79836.0,-0.2,0.9,-0.6000000000000001,-0.4,2.7,9.0,-14.200000000000001,-2.2,35.8,16
4779,79854.0,-0.1,1.2000000000000002,-0.2,-0.2,3.0,9.4,-8.8,-7.400000000000001,34.60000000000001,16
4780,79872.0,0.1,1.2000000000000002,-0.30000000000000004,0.1,2.9000000000000004,9.200000000000001,-2.1,6.8,28.900000000000002,16
4781,79882.0,0.2,0.9,-0.6000000000000001,0.1,2.7,9.1,0.0,16.700000000000003,26.200000000000003,16
4782,79906.0,-0.1,0.5,-0.8,-0.30000000000000004,2.4000000000000004,8.8,-0.8,27.5,26.1,16
4783,79922.0,-0.1,0.5,-0.8,-0.4,2.3000000000000003,8.8,-0.4,27.0,28.500000000000004,16
4784,79933.0,-0.1,0.5,-0.8,-0.4,2.3000000000000003,8.9,1.0,24.3,30.9,16
4785,79949.0,0.0,0.6000000000000001,-0.2,-0.4,2.4000000000000004,9.5,5.6,10.700000000000001,33.7,16
4786,79976.0,0.30000000000000004,0.6000000000000001,0.6000000000000001,-0.1,2.3000000000000003,10.8,8.899999999999999,10.200000000000001,32.1,16
4787,79984.0,0.30000000000000004,0.4,1.2000000000000002,-0.1,2.3000000000000003,10.8,9.5,18.8,30.599999999999998,16
4788,80001.0,-0.6000000000000001,0.4,1.2000000000000002,-1.0,2.4000000000000004,10.8,11.2,37.800000000000004,28.3,16
4789,80019.0,-0.5,0.4,1.2000000000000002,-1.4000000000000001,2.4000000000000004,10.5,13.5,55.1,22.5,16
4790,80035.0,-1.0,0.2,1.0,-1.5,2.2,10.600000000000001,11.900000000000002,53.599999999999994,19.5,16
4791,80051.0,-1.2000000000000002,-0.1,1.0,-1.9000000000000001,2.0,10.600000000000001,2.4000000000000004,31.3,18.3,16
4792,80070.0,-1.0,-0.5,1.0,-1.8,1.6,10.600000000000001,-1.9,16.1,18.1,16
4793,80082.0,-0.7000000000000001,-0.8,1.3,-1.5,1.3,10.8,-2.2,7.400000000000001,16.700000000000003,16
4794,80100.0,-0.4,-1.4000000000000001,1.7000000000000002,-1.2000000000000002,0.7000000000000001,11.3,-1.9,-5.9,14.800000000000002,16
4795,80116.0,-0.30000000000000004,-1.6,1.9000000000000001,-1.2000000000000002,0.4,11.4,-0.8,-9.700000000000001,16.0,16
4796,80132.0,-0.2,-1.9000000000000001,1.8,-0.9,0.2,11.4,2.8,-10.9,22.2,16
4797,80149.0,0.2,-1.8,1.4000000000000001,-0.5,0.30000000000000004,11.0,5.0,-4.800000000000001,27.2,16
4798,80166.0,0.4,-1.3,0.6000000000000001,-0.30000000000000004,0.8,10.200000000000001,4.300000000000001,4.800000000000001,31.3,16
4799,80182.0,0.4,-1.0,0.2,-0.30000000000000004,1.1,9.700000000000001,2.8,8.700000000000001,31.0,16
4800,80199.0,0.1,-0.8,-0.30000000000000004,-0.6000000000000001,1.3,9.3,-3.6000000000000005,7.1000000000000005,25.200000000000003,16
4801,80216.0,-0.30000000000000004,-0.8,-0.6000000000000001,-1.0,1.3,8.9,-10.600000000000001,5.9,21.900000000000002,16
4802,80232.0,-0.4,-0.8,-0.7000000000000001,-1.1,1.3,8.8,-11.5,8.700000000000001,23.5,16
4803,80249.0,-0.4,-0.7000000000000001,-1.2000000000000002,-1.1,1.4000000000000001,8.4,-5.500000000000001,15.000000000000002,30.5,16
4804,80265.0,-0.2,-0.4,-1.4000000000000001,-0.9,1.6,8.200000000000001,6.9,11.000000000000002,36.6,16
4805,80283.0,0.1,-0.2,-1.6,-0.7000000000000001,1.8,8.0,13.100000000000001,8.0,38.60000000000001,16
4806,80303.0,0.4,0.2,-1.8,-0.30000000000000004,2.3000000000000003,7.800000000000001,20.8,7.9,38.400000000000006,16
4807,80317.0,0.5,0.30000000000000004,-2.0,-0.30000000000000004,2.5,7.5,19.799999999999997,12.8,30.799999999999997,16
4808,80332.0,0.4,0.2,-2.1,-0.4,2.5,7.5,16.4,15.2,25.200000000000003,16
4809,80349.0,0.0,0.0,-2.0,-0.8,2.2,7.5,7.9,13.900000000000002,16.4,16
4810,80367.0,-0.1,-0.2,-1.8,-0.9,2.1,7.7,3.5,13.6,10.8,16
4811,80383.0,-0.2,-0.2,-1.8,-1.1,2.1,7.7,1.7,13.900000000000002,8.2,16
4812,80400.0,-0.30000000000000004,-0.2,-1.7000000000000002,-1.3,2.2,8.0,-3.3000000000000007,7.9,4.5,16
4813,80415.0,-0.4,-0.1,-1.1,-1.3,2.2,8.4,-6.4,-2.5,2.4000000000000004,16
4814,80432.0,-0.30000000000000004,-0.1,-0.7000000000000001,-1.2000000000000002,2.1,8.8,-6.699999999999999,-6.500000000000001,1.2000000000000002,16
4815,80449.0,-0.4,-0.1,-0.2,-1.3,2.3000000000000003,9.600000000000001,-5.2,-7.200000000000001,0.30000000000000004,16
4816,80467.0,-0.4,0.1,0.2,-1.3,2.5,9.700000000000001,-2.9,2.6,-0.2,16
4817,80486.0,-0.6000000000000001,0.4,0.5,-1.4000000000000001,2.7,10.0,-5.0,4.4,-1.7,16
4818,80522.0,-0.4,0.2,1.4000000000000001,-1.3,2.4000000000000004,10.9,-10.200000000000001,-13.700000000000001,-2.4000000000000004,16
4819,80533.0,-0.4,0.2,1.4000000000000001,-1.2000000000000002,2.4000000000000004,11.100000000000001,-10.1,-14.800000000000002,-1.3,16
4820,80549.0,-0.30000000000000004,0.6000000000000001,2.1,-1.1,2.7,11.600000000000001,-6.699999999999999,-8.3,0.1,16
4821,80572.0,0.1,0.8,1.8,-0.7000000000000001,3.0,11.3,-2.9,4.5,-5.1000000000000005,16
4822,80582.0,0.4,0.6000000000000001,1.7000000000000002,-0.4,2.7,11.200000000000001,-6.600000000000001,5.500000000000001,-11.000000000000002,16
4823,80600.0,0.6000000000000001,0.30000000000000004,1.6,-0.30000000000000004,1.9000000000000001,11.5,-20.8,-2.3,-19.1,16
4824,80624.0,0.2,-0.8,2.6,-0.6000000000000001,1.2000000000000002,12.100000000000001,-41.800000000000004,-19.300000000000004,-23.700000000000003,16
4825,80635.0,0.2,-0.9,2.5,-0.6000000000000001,1.0,12.100000000000001,-44.2,-18.8,-22.8,16
4826,80651.0,0.2,-1.4000000000000001,1.8,-0.6000000000000001,0.4,11.4,-33.1,-4.5,-16.6,16
4827,80666.0,0.8,-1.5,0.6000000000000001,0.0,0.2,10.200000000000001,-17.1,-5.4,-7.9,16
4828,80691.0,1.8,-1.3,0.2,1.1,0.4,9.8,-13.700000000000001,-25.300000000000004,-1.5,16
4829,80699.0,1.8,-1.3,0.2,1.1,0.4,9.8,-18.5,-35.2,-0.4,16
4830,80716.0,1.7000000000000002,-1.2000000000000002,0.2,1.9000000000000001,0.9,9.600000000000001,-25.900000000000002,-37.6,-0.9000000000000001,16
4831,80732.0,2.7,-0.5,-0.30000000000000004,2.2,1.0,9.4,-44.4,-18.700000000000003,-6.300000000000001,16
4832,80749.0,2.3000000000000003,-0.6000000000000001,-1.3,1.9000000000000001,0.8,8.4,-64.4,11.5,-17.6,16
4833,80766.0,1.2000000000000002,-0.8,-2.0,0.7000000000000001,0.2,7.7,-82.3,24.7,-33.6,16
4834,80782.0,0.4,-0.8,-2.0,-0.2,0.1,7.7,-88.4,16.900000000000002,-41.199999999999996,16
4835,80799.0,-0.6000000000000001,-0.7000000000000001,-1.4000000000000001,-1.3,-0.1,8.3,-88.50000000000001,-11.000000000000002,-47.80000000000001,16
4836,80816.0,-0.8,-0.6000000000000001,-1.3,-1.4000000000000001,-0.2,8.5,-81.90000000000002,-20.7,-46.300000000000004,16
4837,80832.0,-0.9,-0.6000000000000001,-1.2000000000000002,-1.4000000000000001,-0.4,8.6,-63.30000000000001,-21.6,-36.1,16
4838,80849.0,-0.8,-0.4,-1.5,-1.2000000000000002,-0.5,8.3,-54.6,-16.700000000000003,-22.1,16
4839,80865.0,-0.6000000000000001,0.0,-1.7000000000000002,-1.0,-0.2,8.1,-58.3,-19.9,-10.9,16
4840,80883.0,-0.7000000000000001,0.2,-1.8,-1.1,-0.1,8.0,-60.900000000000006,-27.2,-7.400000000000001,16
4841,80899.0,-1.0,0.6000000000000001,-0.7000000000000001,-1.2000000000000002,0.1,9.1,-61.8,-43.00000000000001,-0.5,16
4842,80915.0,-1.0,0.9,-0.2,-1.2000000000000002,0.30000000000000004,9.600000000000001,-58.1,-48.6,4.300000000000001,16
4843,80932.0,-0.5,1.1,0.6000000000000001,-0.5,0.30000000000000004,10.4,-44.300000000000004,-42.1,17.6,16
4844,80949.0,0.0,1.1,0.8,0.0,0.2,10.5,-37.9,-32.5,23.900000000000006,16
4845,80966.0,0.0,1.3,1.0,0.2,0.2,10.9,-23.800000000000004,-13.700000000000001,34.400000000000006,16
4846,80982.0,0.1,1.2000000000000002,1.2000000000000002,0.2,0.2,11.0,-17.799999999999997,-9.700000000000001,36.300000000000004,16
4847,80999.0,0.0,0.9,1.0,0.2,-0.30000000000000004,10.8,-13.100000000000001,-2.6,39.2,16
4848,81015.0,-0.1,0.5,1.5,0.0,-0.6000000000000001,11.200000000000001,-13.399999999999999,16.5,46.4,16
4849,81032.0,-0.1,0.6000000000000001,1.5,0.0,-0.7000000000000001,11.600000000000001,-9.100000000000001,28.1,51.50000000000001,16
4850,81049.0,0.1,0.4,1.9000000000000001,0.1,-0.8,11.600000000000001,7.500000000000001,43.00000000000001,59.60000000000001,16
4851,81065.0,1.5,2.6,1.8,1.3,1.5,11.5,39.9,44.300000000000004,63.4,16
4852,81082.0,0.7000000000000001,2.2,1.8,0.4,1.1,11.600000000000001,58.800000000000004,26.799999999999997,51.4,16
4853,81099.0,0.0,0.6000000000000001,1.4000000000000001,-0.30000000000000004,-0.2,11.200000000000001,76.7,-11.700000000000001,34.0,16
4854,81115.0,0.8,0.30000000000000004,1.5,0.4,-0.4,11.3,78.0,-31.9,32.6,16
4855,81132.0,1.6,-0.1,2.1,1.3,-0.9,12.0,74.89999999999999,-59.00000000000001,31.2,16
4856,295419.0,1.4000000000000001,-0.9,2.3000000000000003,-1.9000000000000001,5.2,5.300000000000001,66.0,70.0,25.1,16
4857,295426.0,1.4000000000000001,-0.9,2.3000000000000003,-1.7000000000000002,5.1000000000000005,5.4,5.7,-0.30000000000000004,12.200000000000001,16
4858,295445.0,0.6000000000000001,-1.8,-1.3,-0.8,4.800000000000001,5.9,5.7,-0.30000000000000004,12.200000000000001,16
4859,295459.0,0.30000000000000004,-2.3000000000000003,-1.2000000000000002,-1.1,4.2,6.0,5.7,-0.30000000000000004,12.200000000000001,16
4860,295476.0,-0.2,-2.0,-0.7000000000000001,-1.6,4.3,6.6000000000000005,-18.8,-50.2,0.4,16
4861,295493.0,0.0,-0.6000000000000001,0.1,-1.6,5.5,7.6000000000000005,-24.900000000000002,-16.0,31.0,16
4862,295509.0,0.2,-0.30000000000000004,0.1,-1.3,5.7,7.7,-22.6,7.9,31.099999999999998,16
4863,295526.0,0.30000000000000004,-0.4,-0.1,-1.1,5.6000000000000005,7.6000000000000005,2.9,47.60000000000001,20.400000000000002,16
4864,295542.0,-0.2,0.1,-0.8,-1.7000000000000002,6.0,6.9,32.1,43.900000000000006,9.4,16
4865,295560.0,-0.9,-0.2,-1.0,-2.5,5.9,6.5,33.9,34.60000000000001,1.0,16
4866,295580.0,-1.2000000000000002,-0.4,-0.7000000000000001,-3.3000000000000003,5.800000000000001,6.7,23.400000000000002,15.299999999999999,-0.4,16
4867,295593.0,-1.1,-0.4,-0.6000000000000001,-3.3000000000000003,5.7,6.7,21.400000000000002,6.699999999999999,1.7,16
4868,295609.0,-0.5,-0.1,-0.6000000000000001,-3.1,6.0,6.6000000000000005,20.5,7.500000000000001,9.4,16
4869,295626.0,-0.2,0.2,-0.6000000000000001,-2.9000000000000004,6.300000000000001,6.5,16.8,5.7,12.600000000000001,16
4870,295642.0,-0.5,0.5,-0.2,-3.3000000000000003,6.800000000000001,6.9,-1.9,-19.200000000000003,14.5,16
4871,295660.0,-0.7000000000000001,0.6000000000000001,1.3,-3.7,6.800000000000001,8.200000000000001,-26.200000000000003,-62.6,16.6,16
4872,295676.0,-0.2,0.8,1.8,-3.0,7.0,8.8,-32.5,-81.60000000000001,28.600000000000005,16
4873,295695.0,0.9,0.4,1.1,-1.9000000000000001,6.4,8.3,-20.2,-19.700000000000003,24.7,16
4874,295709.0,0.6000000000000001,-0.4,1.3,-2.0,5.7,8.6,-19.6,9.700000000000001,11.8,16
4875,295726.0,-0.2,-0.4,1.7000000000000002,-3.8000000000000003,5.5,10.4,-49.699999999999996,-10.299999999999999,-10.4,16
4876,295743.0,-1.8,-0.5,3.9000000000000004,-4.3,5.2,11.5,-68.7,-36.8,-9.3,16
4877,295759.0,-1.5,-2.1,5.800000000000001,-3.8000000000000003,3.4000000000000004,13.5,-79.1,-52.900000000000006,11.8,16
4878,295777.0,-0.8,-2.0,4.800000000000001,-3.0,3.3000000000000003,12.8,-53.10000000000001,-28.800000000000004,45.5,16
4879,295794.0,0.8,-0.30000000000000004,2.9000000000000004,-1.6,3.2,11.700000000000001,-18.700000000000003,-1.0,75.4,16
4880,295811.0,1.4000000000000001,0.0,2.1,-1.0,3.6,10.9,-4.1,6.2,83.60000000000001,16
4881,295829.0,0.8,0.30000000000000004,1.4000000000000001,-1.5,3.9000000000000004,10.200000000000001,11.700000000000001,-7.8,92.60000000000001,16
4882,295843.0,1.3,0.6000000000000001,1.2000000000000002,-0.9,4.3,10.100000000000001,19.400000000000002,-2.8,99.10000000000001,16
4883,295863.0,0.5,0.5,0.7000000000000001,-1.0,4.0,9.700000000000001,27.3,4.0,88.00000000000001,16
4884,295876.0,0.4,0.2,0.2,-0.9,3.7,9.200000000000001,18.8,1.3,68.5,16
4885,295892.0,0.5,0.0,-0.30000000000000004,-0.9,3.6,8.700000000000001,9.700000000000001,11.3,64.60000000000001,16
4886,295910.0,0.30000000000000004,0.0,-1.2000000000000002,-1.0,3.6,7.800000000000001,-6.2,29.0,69.80000000000001,16
4887,295927.0,0.4,0.0,-1.5,-0.6000000000000001,3.9000000000000004,7.300000000000001,-7.8,27.2,75.3,16
4888,295946.0,1.0,0.30000000000000004,-1.9000000000000001,-0.30000000000000004,3.9000000000000004,7.1000000000000005,-5.7,11.8,84.80000000000001,16
4889,295974.0,1.5,0.30000000000000004,-2.3000000000000003,0.6000000000000001,4.1000000000000005,6.6000000000000005,-3.1,-1.7,86.00000000000001,16
4890,295980.0,1.7000000000000002,0.30000000000000004,-2.5,0.6000000000000001,4.1000000000000005,6.4,-3.4,1.3,80.4,16
4891,295992.0,1.4000000000000001,0.1,-2.7,0.30000000000000004,3.9000000000000004,6.300000000000001,-5.2,8.100000000000001,73.8,16
4892,296009.0,1.0,-0.30000000000000004,-2.3000000000000003,0.0,3.4000000000000004,6.7,-14.300000000000002,30.799999999999997,65.4,16
4893,296026.0,0.8,-0.4,-2.5,-0.2,3.3000000000000003,6.6000000000000005,-17.5,36.300000000000004,65.89999999999999,16
4894,296043.0,0.7000000000000001,-1.0,-2.9000000000000004,-0.30000000000000004,2.7,6.1000000000000005,-26.300000000000004,14.100000000000001,74.7,16
4895,296065.0,0.9,1.1,-2.1,1.6,3.8000000000000003,7.6000000000000005,-16.6,16.0,90.19999999999999,16
4896,296079.0,3.0,0.1,-1.2000000000000002,2.2,3.7,7.800000000000001,-7.200000000000001,13.5,77.7,16
4897,296098.0,2.0,0.8,-1.5,1.2000000000000002,4.4,7.6000000000000005,10.299999999999999,29.900000000000006,46.1,16
4898,296110.0,1.2000000000000002,0.8,-1.9000000000000001,0.4,4.4,7.2,13.8,35.8,32.7,16
4899,296126.0,0.8,0.7000000000000001,-2.1,-0.1,4.4,7.0,11.700000000000001,36.1,20.8,16
4900,296143.0,0.0,0.5,-2.4000000000000004,-1.0,4.2,6.6000000000000005,-1.9,37.400000000000006,11.000000000000002,16
4901,296159.0,-0.2,0.6000000000000001,-1.3,-1.3,4.2,7.7,-25.6,27.099999999999998,18.6,16
4902,296177.0,0.1,0.6000000000000001,0.30000000000000004,-1.0,4.2,9.4,-38.300000000000004,13.399999999999999,27.400000000000002,16
4903,296193.0,0.2,0.6000000000000001,0.8,-0.9,4.1000000000000005,9.9,-37.7,10.9,29.900000000000006,16
4904,296214.0,0.9,0.6000000000000001,1.1,-0.2,4.0,10.200000000000001,-36.6,22.6,31.6,16
4905,296226.0,1.2000000000000002,0.6000000000000001,1.0,0.6000000000000001,3.8000000000000003,10.0,-41.50000000000001,47.900000000000006,35.9,16
4906,296243.0,1.8,0.5,0.7000000000000001,0.6000000000000001,3.8000000000000003,9.8,-43.70000000000001,56.9,39.300000000000004,16
4907,296260.0,1.4000000000000001,0.8,0.30000000000000004,0.1,3.9000000000000004,9.5,-54.199999999999996,39.2,48.9,16
4908,296283.0,1.1,1.1,1.1,-0.2,4.1000000000000005,10.3,-73.10000000000001,22.1,43.900000000000006,16
4909,296294.0,0.8,0.6000000000000001,1.6,-0.6000000000000001,3.5,10.9,-73.30000000000001,15.2,37.7,16
4910,296309.0,0.5,0.2,2.7,-0.9,2.8000000000000003,12.0,-73.30000000000001,5.1000000000000005,34.900000000000006,16
4911,296326.0,0.7000000000000001,-0.2,3.4000000000000004,-0.7000000000000001,2.3000000000000003,12.8,-84.69999999999999,29.400000000000002,51.0,16
4912,296343.0,0.6000000000000001,-0.2,3.5,-0.8,2.1,12.9,-88.10000000000001,46.6,62.7,16
4913,296360.0,0.8,0.5,2.9000000000000004,-0.7000000000000001,2.6,12.4,-72.9,56.50000000000001,91.10000000000001,16
4914,296377.0,1.5,1.2000000000000002,2.2,-0.1,3.1,11.700000000000001,-29.500000000000004,33.2,108.10000000000001,16
4915,296396.0,2.9000000000000004,1.8,0.8,1.6,3.8000000000000003,9.700000000000001,14.200000000000001,-6.600000000000001,97.3,16
4916,296410.0,3.4000000000000004,1.7000000000000002,-0.5,1.8,3.6,9.0,24.1,-20.2,88.60000000000001,16
4917,296427.0,3.2,1.7000000000000002,-1.2000000000000002,1.7000000000000002,3.8000000000000003,8.3,10.0,-10.8,76.1,16
4918,296443.0,3.0,1.7000000000000002,-1.0,1.6,3.8000000000000003,8.5,-6.4,1.2000000000000002,67.9,16
4919,296460.0,2.6,1.1,0.4,1.3,3.2,9.8,-37.2,25.6,45.9,16
4920,296478.0,1.8,0.7000000000000001,1.2000000000000002,0.30000000000000004,2.7,10.700000000000001,-39.699999999999996,33.300000000000004,28.600000000000005,16
4921,296498.0,1.3,0.4,0.8,-0.2,2.3000000000000003,10.3,-17.5,22.8,22.2,16
4922,296513.0,1.2000000000000002,0.30000000000000004,-0.1,-0.30000000000000004,2.2,9.4,-4.800000000000001,16.1,22.700000000000003,16
4923,296529.0,1.2000000000000002,0.30000000000000004,-0.6000000000000001,-0.4,2.2,8.9,4.9,11.5,25.200000000000003,16
4924,296543.0,1.2000000000000002,0.30000000000000004,-0.6000000000000001,-0.4,2.2,8.9,4.9,11.5,25.200000000000003,16
4925,296560.0,1.2000000000000002,0.30000000000000004,-0.6000000000000001,-0.30000000000000004,2.4000000000000004,8.0,7.8,3.7000000000000006,33.50000000000001,16
4926,296577.0,1.2000000000000002,0.30000000000000004,-0.6000000000000001,-0.30000000000000004,2.4000000000000004,8.0,7.8,3.7000000000000006,33.50000000000001,16
4927,296594.0,2.4000000000000004,1.0,-2.3000000000000003,0.8,3.0,7.1000000000000005,-3.3000000000000007,15.899999999999999,30.200000000000003,16
4928,296609.0,2.7,1.4000000000000001,-2.0,1.1,3.4000000000000004,7.5,-6.500000000000001,12.299999999999999,23.5,16
4929,296626.0,2.7,1.3,-1.9000000000000001,1.1,3.3000000000000003,7.6000000000000005,-7.0,9.100000000000001,17.1,16
4930,296648.0,2.1,1.1,-1.9000000000000001,0.5,3.0,7.6000000000000005,-10.299999999999999,4.2,3.3000000000000007,16
4931,296660.0,2.0,0.9,-1.7000000000000002,0.30000000000000004,2.9000000000000004,7.800000000000001,-13.3,4.9,2.3,16
4932,296677.0,1.8,0.9,-1.0,0.2,2.8000000000000003,8.4,-15.700000000000001,10.600000000000001,6.600000000000001,16
4933,296696.0,1.9000000000000001,1.1,-0.8,0.2,2.9000000000000004,8.700000000000001,-10.4,12.8,10.8,16
4934,296709.0,2.0,1.2000000000000002,-0.9,0.30000000000000004,3.1,8.6,-5.2,10.299999999999999,14.400000000000002,16
4935,296729.0,2.1,1.4000000000000001,-0.6000000000000001,0.4,3.2,8.8,-4.4,5.8,16.8,16
4936,296747.0,2.1,1.4000000000000001,-0.6000000000000001,0.4,3.3000000000000003,8.9,-4.2,6.500000000000001,17.0,16
4937,296761.0,2.1,1.4000000000000001,-0.2,0.30000000000000004,3.3000000000000003,9.3,-2.0,11.5,16.4,16
4938,296778.0,1.6,1.4000000000000001,0.7000000000000001,-0.1,3.2,10.200000000000001,2.5,21.7,17.300000000000004,16
4939,296793.0,1.6,1.5,1.1,-0.2,3.4000000000000004,10.600000000000001,7.300000000000001,26.700000000000003,21.0,16
4940,296809.0,1.8,1.9000000000000001,2.0,0.0,3.8000000000000003,11.4,16.900000000000002,21.1,24.8,16
4941,296829.0,1.8,2.1,2.1,-0.1,4.1000000000000005,11.5,29.500000000000004,18.1,21.6,16
4942,296845.0,1.7000000000000002,2.2,1.6,-0.2,4.3,11.0,35.0,21.900000000000002,19.400000000000002,16
4943,296859.0,1.1,2.8000000000000003,0.1,-0.8,5.0,9.4,28.800000000000004,24.8,11.4,16
4944,296884.0,0.8,2.5,0.5,-1.3,4.800000000000001,9.8,-12.4,4.1,-3.2,16
4945,296905.0,0.30000000000000004,0.6000000000000001,3.9000000000000004,-1.7000000000000002,2.8000000000000003,13.200000000000001,-62.199999999999996,-16.900000000000002,-18.0,16
4946,296910.0,0.0,-0.7000000000000001,6.300000000000001,-2.0,1.3,15.700000000000001,-73.8,-20.599999999999998,-18.5,16
4947,296927.0,-0.30000000000000004,-1.5,7.800000000000001,-2.2,0.4,17.2,-51.70000000000001,3.2,-2.3,16
4948,296943.0,-0.6000000000000001,-2.1,8.1,-2.6,-0.4,17.6,-22.700000000000003,20.599999999999998,15.100000000000001,16
4949,296959.0,0.30000000000000004,-1.3,4.7,-1.8,0.4,14.100000000000001,36.7,28.900000000000002,49.199999999999996,16
4950,296979.0,1.5,-0.4,1.1,-0.6000000000000001,1.5,10.5,57.699999999999996,6.300000000000001,62.800000000000004,16
4951,297000.0,2.4000000000000004,0.1,-0.9,0.4,2.2,8.5,43.6,-7.300000000000001,61.0,16
4952,297012.0,2.8000000000000003,0.1,-1.3,0.8,2.4000000000000004,8.0,28.700000000000003,-7.1000000000000005,55.2,16
4953,297029.0,2.9000000000000004,-0.2,-1.2000000000000002,0.9,2.1,8.1,-3.3000000000000007,3.2,38.0,16
4954,297046.0,2.6,-0.30000000000000004,-1.0,0.7000000000000001,2.0,8.4,-15.000000000000002,8.700000000000001,30.000000000000004,16
4955,297059.0,1.9000000000000001,-0.9,-0.1,-0.1,1.4000000000000001,9.3,-20.2,13.8,22.000000000000004,16
4956,297077.0,1.5,-1.3,-0.1,-0.5,0.9,9.200000000000001,-0.7,9.899999999999999,31.3,16
4957,297093.0,1.7000000000000002,-1.2000000000000002,-0.5,-0.30000000000000004,1.1,8.9,13.399999999999999,1.5,39.1,16
4958,297111.0,2.4000000000000004,-0.8,-1.5,0.6000000000000001,1.5,7.800000000000001,40.2,-15.399999999999999,49.0,16
4959,297126.0,2.8000000000000003,-0.6000000000000001,-2.7,1.0,1.9000000000000001,6.6000000000000005,52.2,-16.8,48.300000000000004,16
4960,297143.0,2.9000000000000004,-0.5,-3.2,1.2000000000000002,2.1,6.1000000000000005,52.60000000000001,-15.000000000000002,47.0,16
4961,297159.0,2.9000000000000004,-0.30000000000000004,-4.0,1.3,2.5,5.300000000000001,46.4,-3.0,37.6,16
4962,297182.0,2.9000000000000004,-0.1,-4.3,1.2000000000000002,2.9000000000000004,4.9,32.7,8.700000000000001,23.3,16
4963,297193.0,2.6,-0.1,-4.2,1.0,3.0,5.0,24.1,10.700000000000001,14.300000000000002,16
4964,297210.0,2.0,-0.2,-3.6,0.4,2.9000000000000004,5.6000000000000005,8.600000000000001,6.8,-4.2,16
4965,297231.0,1.3,-0.30000000000000004,-2.3000000000000003,-0.4,2.8000000000000003,6.800000000000001,-1.5,1.8000000000000003,-14.300000000000002,16
4966,297248.0,1.1,-0.2,-1.7000000000000002,-0.6000000000000001,2.9000000000000004,7.5,-4.9,2.4000000000000004,-17.5,16
4967,297260.0,1.0,-0.1,-1.4000000000000001,-0.7000000000000001,3.0,7.7,-6.1000000000000005,3.9,-19.1,16
4968,297276.0,0.7000000000000001,0.0,-0.8,-1.0,3.1,8.3,-10.299999999999999,11.900000000000002,-23.6,16
4969,297293.0,0.4,0.2,-0.5,-1.4000000000000001,3.2,8.700000000000001,-11.900000000000002,16.5,-24.8,16
4970,297310.0,0.1,0.30000000000000004,-0.2,-1.8,3.2,8.9,-13.100000000000001,19.300000000000004,-24.400000000000002,16
4971,297329.0,0.30000000000000004,0.5,0.1,-1.7000000000000002,3.4000000000000004,9.3,-15.399999999999999,9.600000000000001,-18.6,16
4972,297343.0,0.5,0.6000000000000001,0.4,-1.4000000000000001,3.5,9.5,-19.6,2.9,-15.6,16
4973,297361.0,1.3,0.7000000000000001,1.6,-0.7000000000000001,3.5,10.8,-33.2,-2.1,-14.300000000000002,16
4974,297381.0,1.6,0.8,2.8000000000000003,-0.4,3.5,12.0,-42.7,10.600000000000001,-17.1,16
4975,297393.0,1.7000000000000002,0.8,3.2,-0.30000000000000004,3.4000000000000004,12.4,-42.2,17.799999999999997,-18.700000000000003,16
4976,297410.0,1.4000000000000001,1.0,3.4000000000000004,-0.7000000000000001,3.5,12.700000000000001,-40.5,16.3,-22.6,16
4977,297426.0,1.6,0.4,4.4,-0.6000000000000001,2.7,13.700000000000001,-50.0,10.9,-22.6,16
4978,297443.0,1.6,0.1,5.0,-0.6000000000000001,2.3000000000000003,14.3,-55.7,12.0,-20.8,16
4979,297459.0,1.5,-0.9,6.300000000000001,-0.7000000000000001,1.1,15.600000000000001,-51.0,17.7,-11.8,16
4980,297479.0,1.5,-1.4000000000000001,6.0,-0.8,0.5,15.3,-20.5,21.200000000000003,8.100000000000001,16
4981,297494.0,1.8,-1.4000000000000001,5.2,-0.5,0.4,14.600000000000001,-0.8,14.800000000000002,20.2,16
4982,297510.0,3.3000000000000003,-1.2000000000000002,3.0,0.9,0.7000000000000001,12.3,32.7,-11.8,43.00000000000001,16
4983,297527.0,5.0,-0.7000000000000001,1.3,2.7,1.3,10.600000000000001,47.80000000000001,-33.6,50.3,16
4984,297547.0,5.9,-0.5,-0.1,3.7,1.8,9.200000000000001,46.1,-35.5,33.400000000000006,16
4985,297559.0,5.800000000000001,-0.4,-0.5,3.7,1.9000000000000001,8.8,39.9,-28.900000000000002,18.900000000000002,16
4986,297576.0,5.0,-0.30000000000000004,-1.7000000000000002,3.1,2.1,7.6000000000000005,20.900000000000002,-5.0,-12.9,16
4987,297593.0,4.1000000000000005,-0.5,-2.2,2.1,2.0,7.1000000000000005,9.4,7.9,-26.9,16
4988,297609.0,2.7,-0.7000000000000001,-2.4000000000000004,0.7000000000000001,1.8,6.800000000000001,-7.6,22.1,-45.099999999999994,16
4989,297626.0,2.1,-0.8,-2.5,0.1,1.7000000000000002,6.800000000000001,-9.700000000000001,22.1,-47.0,16
4990,297642.0,1.0,-0.7000000000000001,-2.7,-1.2000000000000002,1.7000000000000002,6.6000000000000005,-10.9,11.900000000000002,-44.8,16
4991,297668.0,0.9,-0.4,-2.3000000000000003,-1.3,1.9000000000000001,7.0,-8.8,-12.5,-28.900000000000002,16
4992,297676.0,1.0,-0.30000000000000004,-2.1,-1.2000000000000002,2.0,7.2,-8.899999999999999,-12.7,-24.8,16
4993,297693.0,1.1,-0.1,-1.9000000000000001,-1.1,2.2,7.4,-8.0,-10.299999999999999,-22.5,16
4994,297709.0,0.9,0.2,-1.9000000000000001,-1.3,2.3000000000000003,7.4,-3.9,-3.6000000000000005,-21.900000000000002,16
4995,297727.0,0.6000000000000001,0.4,-1.9000000000000001,-1.6,2.5,7.4,-3.6000000000000005,0.6000000000000001,-21.500000000000004,16
4996,297748.0,0.7000000000000001,0.4,-1.5,-1.6,2.5,7.800000000000001,-6.600000000000001,3.9,-18.3,16
4997,297759.0,0.7000000000000001,0.4,-1.5,-1.5,2.6,8.0,-7.1000000000000005,5.4,-16.4,16
4998,297787.0,1.1,0.30000000000000004,-0.6000000000000001,-1.2000000000000002,2.4000000000000004,8.700000000000001,-1.8000000000000003,13.3,-10.200000000000001,16
4999,297793.0,1.1,0.30000000000000004,-0.6000000000000001,-1.2000000000000002,2.4000000000000004,8.700000000000001,-1.8000000000000003,13.3,-10.200000000000001,16
5000,297809.0,1.3,0.4,-0.9,-1.1,2.5,8.4,7.0,21.7,-4.4,16
5001,297827.0,1.4000000000000001,0.5,-1.1,-1.0,2.6,8.200000000000001,10.5,23.400000000000002,-1.0,16
5002,297843.0,1.6,0.7000000000000001,-1.3,-0.8,2.8000000000000003,8.0,11.900000000000002,22.3,4.6,16
5003,297859.0,2.0,0.8,-1.0,-0.6000000000000001,3.0,8.200000000000001,9.100000000000001,18.6,9.3,16
5004,297877.0,2.2,0.8,-0.7000000000000001,-0.1,3.0,8.8,4.2,10.600000000000001,12.600000000000001,16
5005,297895.0,2.8000000000000003,1.0,0.1,0.2,3.2,9.3,0.30000000000000004,4.5,12.7,16
5006,297909.0,3.4000000000000004,1.1,1.5,0.9,3.3000000000000003,10.700000000000001,-11.000000000000002,-7.400000000000001,9.0,16
5007,297926.0,3.6,1.1,2.2,1.1,3.3000000000000003,11.4,-18.0,-8.100000000000001,4.5,16
5008,297943.0,3.9000000000000004,1.1,3.9000000000000004,1.3,3.2,13.200000000000001,-21.7,11.8,-5.500000000000001,16
5009,297963.0,3.4000000000000004,1.9000000000000001,3.6,0.8,4.0,12.8,-6.0,37.7,-9.8,16
5010,297982.0,3.0,2.6,2.2,0.30000000000000004,4.6000000000000005,11.4,-0.30000000000000004,30.9,-14.600000000000001,16
5011,298001.0,2.8000000000000003,2.2,2.7,-0.1,4.2,11.9,-12.600000000000001,10.299999999999999,-17.400000000000002,16
5012,298009.0,2.9000000000000004,1.1,3.7,0.1,3.1,12.9,-16.8,0.9000000000000001,-20.3,16
5013,298026.0,2.3000000000000003,-0.4,4.6000000000000005,-0.6000000000000001,1.5,13.700000000000001,-8.0,-5.1000000000000005,-20.900000000000002,16
5014,298043.0,1.9000000000000001,-0.7000000000000001,4.4,-0.9,1.2000000000000002,13.600000000000001,-2.5,-4.7,-18.900000000000002,16
5015,298065.0,1.7000000000000002,-0.9,3.4000000000000004,-1.1,1.0,12.600000000000001,20.8,-8.8,-4.7,16
5016,298076.0,2.2,-0.8,2.4000000000000004,-0.30000000000000004,1.3,11.200000000000001,34.400000000000006,-20.900000000000002,8.100000000000001,16
5017,298093.0,3.1,-0.6000000000000001,1.6,0.4,1.4000000000000001,10.8,35.2,-32.2,7.300000000000001,16
5018,298109.0,3.8000000000000003,-0.8,1.2000000000000002,1.1,1.4000000000000001,10.4,30.200000000000003,-37.9,-3.0,16
5019,298126.0,3.4000000000000004,-1.3,1.0,0.9,0.9,10.200000000000001,19.300000000000004,-28.500000000000004,-23.700000000000003,16
5020,298143.0,3.1,-1.5,0.9,0.6000000000000001,0.8,10.100000000000001,13.6,-18.700000000000003,-32.6,16
5021,298165.0,2.3000000000000003,-2.0,0.4,-0.2,0.2,9.600000000000001,5.1000000000000005,-0.8,-43.6,16
5022,298176.0,1.9000000000000001,-2.1,0.1,-0.6000000000000001,0.2,9.3,2.9,5.0,-45.400000000000006,16
5023,298193.0,1.5,-2.1,-0.30000000000000004,-1.1,0.1,8.9,3.6000000000000005,3.1,-44.00000000000001,16
5024,298213.0,1.3,-2.0,-0.6000000000000001,-1.3,0.2,8.6,7.500000000000001,-8.8,-36.8,16
5025,298227.0,1.7000000000000002,-1.9000000000000001,-0.7000000000000001,-0.8,0.30000000000000004,8.5,9.899999999999999,-18.6,-24.5,16
5026,298243.0,2.0,-1.8,-0.6000000000000001,-0.5,0.4,8.6,11.2,-21.500000000000004,-18.6,16
5027,298272.0,3.4000000000000004,-1.1,-1.1,1.0,1.1,8.1,21.0,-21.1,-10.4,16
5028,298278.0,3.6,-1.0,-1.4000000000000001,1.2000000000000002,1.3,7.9,22.2,-20.1,-12.8,16
5029,298293.0,3.8000000000000003,-0.7000000000000001,-1.7000000000000002,1.4000000000000001,1.5,7.6000000000000005,21.300000000000004,-19.200000000000003,-17.0,16
5030,298310.0,3.8000000000000003,-0.6000000000000001,-1.8,1.5,1.8,7.4,15.8,-15.8,-28.900000000000002,16
5031,298327.0,3.6,-0.4,-2.0,1.3,2.0,7.300000000000001,11.900000000000002,-8.100000000000001,-41.50000000000001,16
5032,298343.0,3.4000000000000004,-0.2,-2.1,1.1,2.1,7.1000000000000005,11.000000000000002,-3.0,-47.5,16
5033,298369.0,2.4000000000000004,0.1,-2.7,0.1,2.4000000000000004,6.6000000000000005,7.0,4.800000000000001,-59.699999999999996,16
5034,298376.0,2.3000000000000003,0.1,-2.7,-0.1,2.5,6.6000000000000005,5.300000000000001,3.6000000000000005,-61.0,16
5035,298394.0,2.1,0.30000000000000004,-2.6,-0.30000000000000004,2.6,6.7,4.1,0.4,-61.39999999999999,16
5036,298409.0,2.0,0.6000000000000001,-2.3000000000000003,-0.5,2.9000000000000004,6.9,3.9,-7.9,-60.900000000000006,16
5037,298426.0,1.8,0.8,-2.3000000000000003,-0.7000000000000001,3.0,6.9,4.300000000000001,-12.600000000000001,-60.00000000000001,16
5038,298447.0,1.7000000000000002,1.3,-2.2,-0.6000000000000001,3.7,7.2,-3.8,-25.900000000000002,-58.800000000000004,16
5039,298470.0,2.1,2.1,-1.4000000000000001,-0.4,4.2,7.9,-22.000000000000004,-26.1,-64.80000000000001,16
5040,298476.0,2.1,2.2,-0.8,-0.30000000000000004,4.3,8.5,-34.300000000000004,-22.700000000000003,-70.3,16
5041,298494.0,2.0,2.1,0.2,-0.4,4.1000000000000005,9.5,-46.4,-13.900000000000002,-76.60000000000001,16
5042,298509.0,0.8,2.3000000000000003,2.2,-1.6,4.0,11.5,-61.8,7.200000000000001,-83.00000000000001,16
5043,298526.0,0.6000000000000001,2.3000000000000003,2.7,-1.9000000000000001,3.9000000000000004,12.0,-62.7,8.700000000000001,-82.9,16
5044,298544.0,0.30000000000000004,2.3000000000000003,4.2,-2.2,3.6,13.600000000000001,-60.300000000000004,-6.600000000000001,-74.2,16
5045,298570.0,0.30000000000000004,2.3000000000000003,4.2,-2.2,3.6,13.600000000000001,-60.300000000000004,-6.600000000000001,-74.2,16
5046,298579.0,0.30000000000000004,2.3000000000000003,4.2,-2.2,3.6,13.600000000000001,-60.300000000000004,-6.600000000000001,-74.2,16
5047,298593.0,0.30000000000000004,2.3000000000000003,4.2,1.0,0.8,17.2,-42.0,-44.8,-44.7,16
5048,298610.0,0.30000000000000004,2.3000000000000003,4.2,1.0,0.8,17.2,-42.0,-44.8,-44.7,16
5049,298626.0,3.2,0.30000000000000004,7.7,0.8,-1.3,17.7,-17.400000000000002,-8.5,-45.8,16
5050,298643.0,2.3000000000000003,-1.6,5.0,0.1,-1.1,14.600000000000001,33.50000000000001,10.4,-23.6,16
5051,298659.0,3.3000000000000003,-0.8,1.2000000000000002,1.1,-0.2,10.700000000000001,74.89999999999999,-11.1,1.9,16
5052,298682.0,4.800000000000001,-0.30000000000000004,-1.4000000000000001,2.6,0.6000000000000001,8.200000000000001,87.89999999999999,-50.900000000000006,8.100000000000001,16
5053,298693.0,5.5,-0.1,-2.1,3.5,0.9,7.4,84.9,-63.70000000000001,1.7,16
5054,298712.0,6.0,-0.1,-3.0,4.2,1.2000000000000002,6.6000000000000005,66.80000000000001,-59.9,-26.799999999999997,16
5055,298728.0,5.4,-0.1,-3.8000000000000003,3.7,1.3,5.800000000000001,41.0,-27.0,-65.7,16
5056,298743.0,4.800000000000001,-0.2,-4.0,3.2,1.3,5.6000000000000005,26.6,-8.8,-85.1,16
5057,298762.0,3.9000000000000004,-0.4,-4.2,1.5,0.9,5.300000000000001,1.4,18.200000000000003,-115.20000000000002,16
5058,298776.0,2.0,-0.8,-4.1000000000000005,-0.30000000000000004,0.6000000000000001,5.5,-13.000000000000002,22.9,-126.60000000000002,16
5059,298792.0,0.6000000000000001,-0.9,-3.7,-1.3,0.5,5.800000000000001,-15.6,18.3,-124.60000000000001,16
5060,298809.0,0.0,-0.6000000000000001,-3.4000000000000004,-2.0,0.7000000000000001,6.1000000000000005,-14.5,2.6,-108.50000000000001,16
5061,298826.0,0.2,-0.1,-2.9000000000000004,-1.8,1.0,6.6000000000000005,-9.100000000000001,-17.799999999999997,-86.3,16
5062,298843.0,0.4,0.1,-2.8000000000000003,-1.6,1.2000000000000002,6.7,-6.699999999999999,-23.2,-76.5,16
5063,298861.0,1.0,0.9,-2.8000000000000003,-0.9,1.9000000000000001,6.7,-6.8,-24.400000000000002,-65.5,16
5064,298876.0,1.4000000000000001,1.5,-2.8000000000000003,-0.5,2.4000000000000004,6.800000000000001,-16.1,-18.700000000000003,-65.7,16
5065,298895.0,1.4000000000000001,1.9000000000000001,-2.4000000000000004,-0.4,2.8000000000000003,7.5,-32.5,-12.200000000000001,-68.3,16
5066,298909.0,1.4000000000000001,2.1,-1.2000000000000002,-0.5,2.8000000000000003,8.4,-40.6,-7.200000000000001,-69.3,16
5067,298926.0,1.0,2.2,0.1,-0.8,2.8000000000000003,9.700000000000001,-45.9,9.100000000000001,-67.5,16
5068,298945.0,0.8,2.4000000000000004,0.4,-1.1,2.8000000000000003,10.0,-40.1,19.5,-63.8,16
5069,298964.0,0.5,2.8000000000000003,0.30000000000000004,-1.7000000000000002,3.3000000000000003,9.700000000000001,-25.300000000000004,28.3,-55.5,16
5070,298976.0,0.1,3.7,-0.6000000000000001,-2.0,3.9000000000000004,9.0,-12.8,23.3,-40.800000000000004,16
5071,298993.0,0.2,4.2,-0.4,-1.9000000000000001,4.3,9.1,-11.8,15.899999999999999,-33.7,16
5072,299009.0,0.9,4.7,0.9,-1.2000000000000002,4.800000000000001,10.5,-16.8,0.4,-23.099999999999998,16
5073,299027.0,0.9,4.7,0.9,-1.1,4.9,11.0,-20.5,-4.9,-21.8,16
5074,299044.0,1.1,4.6000000000000005,3.0,-1.0,4.6000000000000005,12.600000000000001,-27.800000000000004,-7.1000000000000005,-22.000000000000004,16
5075,299066.0,1.4000000000000001,4.3,5.7,-0.6000000000000001,4.1000000000000005,15.3,-22.700000000000003,9.100000000000001,-17.300000000000004,16
5076,299076.0,1.4000000000000001,4.3,5.7,-0.5,4.3,15.100000000000001,-9.600000000000001,18.900000000000002,-14.200000000000001,16
5077,299094.0,1.7000000000000002,5.0,4.6000000000000005,-0.4,4.7,14.200000000000001,4.5,23.400000000000002,-12.600000000000001,16
5078,299109.0,1.9000000000000001,4.800000000000001,3.3000000000000003,-0.30000000000000004,4.5,12.8,13.000000000000002,22.3,-17.0,16
5079,299126.0,2.0,4.2,3.3000000000000003,-0.2,4.0,12.8,6.0,18.5,-22.5,16
5080,299148.0,0.6000000000000001,0.9,5.0,-1.7000000000000002,0.7000000000000001,14.600000000000001,-7.6,16.200000000000003,-34.50000000000001,16
5081,299166.0,0.6000000000000001,0.9,5.1000000000000005,-2.0,0.30000000000000004,14.5,17.300000000000004,16.900000000000002,-18.200000000000003,16
5082,299176.0,0.1,0.0,3.5,-2.3000000000000003,-0.2,13.0,32.9,12.8,-4.800000000000001,16
5083,299194.0,1.1,0.1,1.7000000000000002,-1.3,-0.1,11.200000000000001,58.400000000000006,-11.5,22.3,16
5084,299209.0,2.1,0.2,0.7000000000000001,-0.30000000000000004,0.2,10.200000000000001,66.4,-27.9,30.799999999999997,16
5085,299226.0,3.2,0.4,-0.2,1.0,0.7000000000000001,9.4,71.30000000000001,-52.7,31.099999999999998,16
5086,299243.0,3.2,0.30000000000000004,-0.2,1.3,0.7000000000000001,9.1,69.00000000000001,-56.2,24.8,16
5087,299265.0,3.6,0.4,-1.2000000000000002,1.6,1.0,8.4,57.49999999999999,-45.400000000000006,5.8,16
5088,299277.0,3.4000000000000004,0.30000000000000004,-1.6,1.5,1.1,8.0,36.7,-29.600000000000005,-18.5,16
5089,299293.0,3.0,0.1,-1.6,1.2000000000000002,0.9,8.0,24.0,-21.200000000000003,-30.3,16
5090,299311.0,2.1,-0.4,-1.3,0.30000000000000004,0.4,8.3,5.4,-4.7,-48.400000000000006,16
5091,299329.0,1.7000000000000002,-0.6000000000000001,-1.3,-0.7000000000000001,0.0,8.200000000000001,0.8,5.500000000000001,-55.1,16
5092,299344.0,0.7000000000000001,-0.9,-1.5,-1.1,-0.1,8.1,2.6,7.6,-52.7,16
5093,299364.0,0.2,-0.8,-1.9000000000000001,-1.6,0.0,7.800000000000001,10.4,1.9,-37.6,16
5094,299376.0,0.5,-0.5,-2.4000000000000004,-1.3,0.4,7.2,21.300000000000004,-11.4,-18.3,16
5095,299393.0,1.0,0.0,-2.8000000000000003,-0.8,0.9,6.800000000000001,25.6,-18.3,-11.8,16
5096,299409.0,1.5,0.4,-3.4000000000000004,-0.2,1.4000000000000001,6.2,28.500000000000004,-24.5,-7.500000000000001,16
5097,299426.0,1.7000000000000002,0.9,-3.9000000000000004,0.1,1.9000000000000001,5.7,25.300000000000004,-25.1,-8.700000000000001,16
5098,299444.0,1.8,1.1,-4.0,0.2,2.1,5.6000000000000005,21.0,-23.3,-11.4,16
5099,299459.0,1.8,1.5,-4.0,0.2,2.6,5.6000000000000005,8.0,-14.0,-19.6,16
5100,299483.0,1.7000000000000002,1.6,-3.8000000000000003,0.0,2.8000000000000003,6.0,-6.9,-0.4,-30.599999999999998,16
5101,299493.0,1.2000000000000002,1.8,-3.4000000000000004,-0.30000000000000004,2.9000000000000004,6.300000000000001,-12.5,6.500000000000001,-35.3,16
5102,299509.0,0.6000000000000001,2.1,-2.9000000000000004,-1.0,3.1,6.800000000000001,-19.700000000000003,8.899999999999999,-42.0,16
5103,299526.0,0.2,2.1,-2.2,-1.4000000000000001,3.1,7.5,-25.900000000000002,0.9000000000000001,-44.4,16
5104,299542.0,0.1,2.2,-1.7000000000000002,-1.5,3.1,7.9,-28.700000000000003,-1.9,-43.00000000000001,16
5105,299562.0,0.0,2.6,-0.9,-1.6,3.3000000000000003,8.700000000000001,-33.300000000000004,-2.5,-39.699999999999996,16
5106,299576.0,0.1,2.6,-0.6000000000000001,-1.5,3.3000000000000003,9.1,-36.6,-0.2,-38.60000000000001,16
5107,299592.0,0.1,2.8000000000000003,-0.1,-1.5,3.4000000000000004,9.600000000000001,-46.6,4.1,-36.0,16
5108,299610.0,0.4,3.2,1.3,-1.3,3.6,10.9,-64.2,-0.4,-34.300000000000004,16
5109,299626.0,0.5,3.3000000000000003,2.2,-1.1,3.6,11.9,-75.00000000000001,-5.1000000000000005,-35.3,16
5110,299642.0,0.6000000000000001,3.0,5.2,-1.0,3.0,14.9,-86.00000000000001,-6.9,-39.400000000000006,16
5111,299667.0,0.5,3.5,7.0,-1.1,3.1,16.7,-56.9,2.3,-28.3,16
5112,299677.0,0.9,3.6,7.0,-0.8,3.0,16.6,-48.800000000000004,0.8,-24.0,16
5113,299697.0,1.9000000000000001,3.4000000000000004,7.2,0.30000000000000004,2.6,16.900000000000002,-41.0,5.7,-20.599999999999998,16
5114,299710.0,2.0,2.8000000000000003,7.6000000000000005,0.4,2.0,17.2,-35.3,8.5,-22.700000000000003,16
5115,299726.0,2.0,2.3000000000000003,7.6000000000000005,0.4,1.4000000000000001,17.2,-24.599999999999998,7.0,-24.900000000000002,16
5116,299743.0,1.8,1.1,7.2,-0.1,-0.5,16.2,6.8,6.0,-20.0,16
5117,299759.0,1.4000000000000001,-0.2,5.0,-0.2,-1.1,14.0,42.2,1.8000000000000003,3.2,16
5118,299790.0,3.7,0.1,0.7000000000000001,2.1,-0.5,10.3,80.2,-45.099999999999994,28.600000000000005,16
5119,299793.0,3.7,0.1,0.7000000000000001,2.1,-0.5,10.3,80.2,-45.099999999999994,28.600000000000005,16
5120,299809.0,4.9,0.2,-1.3,3.5,-0.1,8.4,88.00000000000001,-59.300000000000004,16.3,16
5121,299826.0,4.800000000000001,0.30000000000000004,-3.5,3.5,0.30000000000000004,6.300000000000001,79.5,-46.1,-13.6,16
5122,299844.0,4.5,0.30000000000000004,-4.2,3.3000000000000003,0.4,5.6000000000000005,67.5,-34.50000000000001,-31.6,16
5123,299862.0,3.3000000000000003,0.4,-5.2,2.3000000000000003,0.7000000000000001,4.5,41.300000000000004,-16.3,-58.7,16
5124,299876.0,1.9000000000000001,0.0,-4.9,0.9,0.5,4.9,2.8,1.5,-88.8,16
5125,299893.0,1.0,-0.2,-4.3,0.0,0.2,5.4,-11.000000000000002,6.1000000000000005,-98.2,16
5126,299911.0,-0.2,-0.30000000000000004,-3.2,-1.3,0.0,6.5,-21.7,6.2,-103.49999999999999,16
5127,299926.0,-0.5,-0.30000000000000004,-3.0,-1.6,-0.1,6.800000000000001,-19.200000000000003,3.7000000000000006,-100.0,16
5128,299943.0,-0.9,-0.1,-2.8000000000000003,-2.1,0.2,7.0,-5.8,-5.500000000000001,-83.00000000000001,16
5129,299959.0,-0.6000000000000001,0.7000000000000001,-2.9000000000000004,-1.7000000000000002,0.9,6.9,5.6,-20.5,-64.0,16
5130,299979.0,-0.2,1.3,-2.9000000000000004,-1.2000000000000002,1.4000000000000001,6.9,7.699999999999999,-29.1,-52.80000000000001,16
5131,299997.0,0.30000000000000004,1.7000000000000002,-2.9000000000000004,-0.6000000000000001,1.9000000000000001,6.9,3.2,-20.599999999999998,-50.0,16
5132,300009.0,0.4,2.0,-2.9000000000000004,-0.5,2.1,6.800000000000001,0.1,-12.600000000000001,-51.6,16
5133,300026.0,0.30000000000000004,2.4000000000000004,-3.1,-0.6000000000000001,2.5,6.7,-6.0,2.7,-57.60000000000001,16
5134,300043.0,0.1,2.6,-3.1,-0.8,2.7,6.7,-10.299999999999999,5.300000000000001,-60.5,16
5135,300101.0,-1.0,2.9000000000000004,-0.4,-1.9000000000000001,2.7,9.4,-21.300000000000004,17.200000000000003,-54.4,16
5136,300111.0,-1.1,3.2,-0.2,-2.0,3.0,9.600000000000001,-17.6,20.900000000000002,-49.199999999999996,16
5137,300128.0,-0.9,3.7,0.0,-1.9000000000000001,3.4000000000000004,9.8,-14.100000000000001,16.900000000000002,-38.400000000000006,16
5138,300146.0,-0.30000000000000004,4.1000000000000005,1.3,-1.4000000000000001,3.7,11.100000000000001,-21.0,2.1,-29.500000000000004,16
5139,300160.0,0.1,4.1000000000000005,2.3000000000000003,-1.0,3.8000000000000003,12.100000000000001,-25.6,-4.7,-27.3,16
5140,300180.0,0.30000000000000004,4.3,4.0,-0.7000000000000001,3.8000000000000003,14.700000000000001,-26.6,-6.9,-26.5,16
5141,300192.0,0.4,4.3,5.800000000000001,-0.6000000000000001,3.8000000000000003,15.600000000000001,-20.599999999999998,1.8000000000000003,-23.400000000000002,16
5142,300210.0,0.8,5.0,5.1000000000000005,-0.30000000000000004,4.5,14.8,-1.0,25.300000000000004,-12.7,16
5143,300229.0,1.1,5.5,3.4000000000000004,0.0,4.9,13.200000000000001,5.9,27.0,-13.700000000000001,16
5144,300247.0,1.1,4.3,3.9000000000000004,-0.1,3.7,13.600000000000001,-13.8,18.5,-31.2,16
5145,300268.0,-0.1,1.9000000000000001,5.4,-1.4000000000000001,1.2000000000000002,15.100000000000001,-25.200000000000003,17.0,-43.50000000000001,16
5146,300276.0,-0.8,1.2000000000000002,5.7,-2.0,0.5,15.4,-20.1,17.0,-39.1,16
5147,300294.0,-1.5,0.4,5.6000000000000005,-2.8000000000000003,-0.30000000000000004,15.3,9.0,16.3,-11.4,16
5148,300309.0,-1.6,0.4,4.0,-2.9000000000000004,-0.4,13.700000000000001,18.3,14.300000000000002,-2.1,16
5149,300327.0,-0.5,0.8,1.6,-1.9000000000000001,0.1,11.3,52.60000000000001,-9.5,30.9,16
5150,300343.0,-0.1,0.8,1.0,-1.5,0.30000000000000004,10.700000000000001,65.2,-27.400000000000002,41.900000000000006,16
5151,300359.0,1.0,1.2000000000000002,-0.7000000000000001,-0.30000000000000004,0.9,9.0,75.8,-55.60000000000001,49.4,16
5152,300376.0,1.5,1.3,-1.7000000000000002,0.4,1.3,8.0,67.3,-59.00000000000001,40.1,16
5153,300393.0,1.5,1.3,-2.1,0.5,1.4000000000000001,7.7,58.800000000000004,-51.800000000000004,31.400000000000002,16
5154,300409.0,1.1,1.3,-2.5,0.30000000000000004,1.6,7.2,37.800000000000004,-32.2,10.200000000000001,16
5155,300426.0,0.4,0.9,-2.4000000000000004,-0.30000000000000004,1.3,7.4,16.200000000000003,-19.200000000000003,-10.600000000000001,16
5156,300443.0,0.1,0.7000000000000001,-2.2,-0.6000000000000001,1.1,7.6000000000000005,7.0,-17.200000000000003,-18.5,16
5157,300472.0,-1.1,-0.1,-1.2000000000000002,-1.7000000000000002,0.30000000000000004,8.5,-5.7,-11.6,-27.3,16
5158,300481.0,-1.1,-0.1,-1.2000000000000002,-1.7000000000000002,0.30000000000000004,8.5,-5.7,-11.6,-27.3,16
5159,300495.0,-1.5,-0.4,-1.0,-2.1,0.0,8.700000000000001,10.9,-4.4,-14.100000000000001,16
5160,300509.0,-1.4000000000000001,-0.2,-1.8,-2.0,0.2,7.9,20.1,-3.0,-5.9,16
5161,300526.0,-0.9,0.4,-3.3000000000000003,-1.5,0.9,6.5,31.2,-6.0,9.700000000000001,16
5162,300550.0,-0.30000000000000004,0.9,-3.9000000000000004,-0.8,1.6,5.800000000000001,29.600000000000005,-14.400000000000002,18.200000000000003,16
5163,300562.0,-0.30000000000000004,0.9,-3.9000000000000004,-0.6000000000000001,1.8,5.800000000000001,25.900000000000002,-17.0,18.3,16
5164,300576.0,0.1,1.4000000000000001,-4.0,-0.30000000000000004,2.3000000000000003,5.7,16.700000000000003,-17.7,12.600000000000001,16
5165,300594.0,0.1,1.8,-3.9000000000000004,-0.30000000000000004,2.6,5.9,11.5,-15.299999999999999,8.100000000000001,16
5166,300609.0,0.0,2.0,-3.4000000000000004,-0.30000000000000004,2.8000000000000003,6.4,1.4,-10.600000000000001,0.1,16
5167,300626.0,-0.1,2.4000000000000004,-2.7,-0.4,3.2,7.1000000000000005,-1.1,-10.700000000000001,-7.0,16
5168,300643.0,-0.1,2.7,-2.4000000000000004,-0.4,3.5,7.4,-1.0,-14.700000000000001,-10.4,16
5169,300659.0,-0.2,3.0,-1.7000000000000002,-0.4,3.8000000000000003,8.1,-7.400000000000001,-25.5,-19.5,16
5170,300676.0,-0.4,3.0,-0.1,-0.5,3.8000000000000003,9.700000000000001,-16.200000000000003,-23.700000000000003,-29.0,16
5171,300696.0,-0.7000000000000001,2.9000000000000004,0.8,-0.9,3.6,10.8,-13.3,-3.7000000000000006,-34.0,16
5172,300711.0,-1.1,2.9000000000000004,1.0,-1.2000000000000002,3.6,10.8,-9.5,4.4,-33.0,16
5173,300726.0,-1.1,3.1,0.8,-1.2000000000000002,3.8000000000000003,10.600000000000001,-8.2,2.3,-24.8,16
5174,300743.0,-0.8,3.2,1.2000000000000002,-0.9,3.9000000000000004,11.0,-12.200000000000001,-7.300000000000001,-21.0,16
5175,300759.0,0.2,3.1,2.7,0.1,3.7,12.5,-16.700000000000003,-20.900000000000002,-19.300000000000004,16
5176,300776.0,0.6000000000000001,2.8000000000000003,2.9000000000000004,0.6000000000000001,3.4000000000000004,12.700000000000001,-11.3,-16.700000000000003,-21.500000000000004,16
5177,300794.0,0.5,3.0,2.4000000000000004,0.5,3.6,12.200000000000001,-8.3,-8.8,-22.700000000000003,16
5178,300810.0,0.30000000000000004,2.8000000000000003,2.2,0.30000000000000004,3.3000000000000003,12.0,-18.0,8.0,-28.3,16
5179,300826.0,0.30000000000000004,2.5,2.5,0.2,3.0,12.3,-28.500000000000004,12.9,-32.0,16
5180,300845.0,-0.30000000000000004,1.3,3.9000000000000004,-0.4,1.7000000000000002,13.700000000000001,-41.900000000000006,11.1,-39.300000000000004,16
5181,300859.0,-1.0,0.5,4.6000000000000005,-1.6,0.0,14.700000000000001,-39.50000000000001,3.4,-39.0,16
5182,300883.0,-2.0,-1.6,5.1000000000000005,-2.1,-1.5,15.0,-23.3,-6.500000000000001,-13.8,16
5183,300893.0,-1.4000000000000001,-1.8,5.1000000000000005,-1.5,-1.7000000000000002,14.9,-8.3,-16.3,9.2,16
5184,300909.0,1.0,-1.2000000000000002,3.7,1.0,-1.1,13.5,33.400000000000006,-43.4,53.10000000000001,16
5185,300926.0,1.7000000000000002,-0.9,2.8000000000000003,1.8,-0.7000000000000001,12.600000000000001,53.2,-52.1,63.10000000000001,16
5186,300943.0,2.9000000000000004,0.2,-0.1,3.2,0.6000000000000001,9.700000000000001,73.0,-53.2,56.9,16
5187,300961.0,2.9000000000000004,0.7000000000000001,-1.9000000000000001,3.2,1.5,7.2,61.39999999999999,-35.5,27.099999999999998,16
5188,300981.0,1.8,0.8,-3.8000000000000003,2.4000000000000004,1.6,5.9,28.500000000000004,-6.0,-8.4,16
5189,300994.0,1.0,0.7000000000000001,-3.8000000000000003,1.6,1.5,5.9,12.200000000000001,7.6,-23.400000000000002,16
5190,301009.0,-0.5,0.30000000000000004,-3.8000000000000003,0.0,1.2000000000000002,6.0,-5.4,22.700000000000003,-41.0,16
5191,301026.0,-0.4,0.30000000000000004,-3.8000000000000003,-1.2000000000000002,1.1,5.9,-5.7,17.9,-40.2,16
5192,301043.0,-1.8,0.30000000000000004,-4.0,-1.5,1.1,5.800000000000001,-3.3000000000000007,10.299999999999999,-34.400000000000006,16
5193,301059.0,-1.9000000000000001,0.5,-4.0,-1.5,1.3,5.800000000000001,2.9,-8.600000000000001,-17.7,16
5194,301077.0,-1.4000000000000001,0.8,-4.0,-0.8,1.8,5.800000000000001,6.1000000000000005,-19.400000000000002,-5.2,16
5195,301093.0,-0.8,1.2000000000000002,-3.9000000000000004,-0.4,2.1,5.9,5.4,-20.8,-3.4,16
5196,301119.0,-0.5,1.5,-3.8000000000000003,0.0,2.4000000000000004,5.9,-4.5,-2.8,-10.0,16
5197,301126.0,-0.5,1.5,-3.6,0.0,2.4000000000000004,6.1000000000000005,-8.899999999999999,3.7000000000000006,-13.5,16
5198,301144.0,-0.5,1.6,-3.5,0.0,2.4000000000000004,6.300000000000001,-13.000000000000002,8.899999999999999,-17.1,16
5199,301163.0,-0.8,1.7000000000000002,-2.9000000000000004,-0.30000000000000004,2.4000000000000004,6.9,-18.6,13.900000000000002,-23.5,16
5200,301176.0,-1.3,1.6,-2.5,-0.9,2.3000000000000003,7.300000000000001,-21.0,15.700000000000001,-25.6,16
5201,301193.0,-1.5,1.7000000000000002,-2.2,-1.1,2.4000000000000004,7.5,-22.700000000000003,17.9,-23.6,16
5202,301210.0,-1.8,1.9000000000000001,-1.7000000000000002,-1.5,2.5,8.1,-25.300000000000004,21.0,-19.0,16
5203,301226.0,-1.8,2.1,-1.4000000000000001,-1.6,2.6,8.4,-27.0,24.5,-10.4,16
5204,301245.0,-2.0,2.2,-0.9,-1.8,2.7,8.9,-26.300000000000004,26.5,-4.300000000000001,16
5205,301261.0,-1.8,2.5,-0.6000000000000001,-1.7000000000000002,2.9000000000000004,9.200000000000001,-24.8,26.300000000000004,2.3,16
5206,301277.0,-1.4000000000000001,3.1,0.1,-1.1,3.6,10.3,-21.6,6.0,20.1,16
5207,301295.0,-0.30000000000000004,3.6,1.9000000000000001,-0.30000000000000004,3.9000000000000004,11.700000000000001,-26.300000000000004,-7.1000000000000005,25.6,16
5208,301311.0,0.1,3.8000000000000003,3.0,0.1,4.1000000000000005,12.8,-28.800000000000004,-8.2,24.5,16
5209,301328.0,0.2,4.0,4.1000000000000005,0.30000000000000004,4.1000000000000005,13.9,-30.5,3.4,17.1,16
5210,301349.0,0.1,4.1000000000000005,4.2,0.2,4.1000000000000005,14.0,-27.800000000000004,14.600000000000001,13.399999999999999,16
5211,301360.0,-0.30000000000000004,4.800000000000001,3.4000000000000004,-0.4,4.800000000000001,13.200000000000001,-20.2,31.0,8.0,16
5212,301379.0,-0.8,5.0,3.1,-1.0,4.9,12.9,-29.900000000000006,22.700000000000003,2.4000000000000004,16
5213,301396.0,-0.9,4.2,4.0,-1.1,3.4000000000000004,14.5,-46.199999999999996,17.1,-2.1,16
5214,301409.0,-1.3,2.5,5.6000000000000005,-1.5,2.2,15.4,-46.4,18.6,-2.9,16
5215,301426.0,-1.6,1.9000000000000001,5.800000000000001,-1.9000000000000001,1.5,15.600000000000001,-39.400000000000006,23.6,0.2,16
5216,301448.0,-2.5,1.2000000000000002,3.1,-2.9000000000000004,0.7000000000000001,12.8,10.1,41.50000000000001,40.300000000000004,16
5217,301462.0,-2.3000000000000003,1.3,2.0,-2.8000000000000003,0.9,11.8,25.5,36.2,57.400000000000006,16
5218,301476.0,-1.9000000000000001,1.6,0.4,-2.4000000000000004,1.2000000000000002,10.200000000000001,37.0,22.700000000000003,72.30000000000001,16
5219,301495.0,-0.6000000000000001,2.1,-0.8,-1.2000000000000002,1.8,8.9,43.6,-40.0,92.8,16
5220,301511.0,0.4,2.2,-0.8,-0.1,2.1,9.0,39.9,-49.1,89.70000000000002,16
5221,301528.0,0.5,2.3000000000000003,-0.6000000000000001,0.1,2.3000000000000003,9.200000000000001,28.800000000000004,-42.900000000000006,73.10000000000001,16
5222,301553.0,-0.5,1.9000000000000001,-0.4,-0.7000000000000001,2.1,9.4,14.100000000000001,-18.4,49.6,16
5223,301568.0,-1.5,1.3,-0.4,-1.7000000000000002,1.5,9.4,4.5,2.5,34.900000000000006,16
5224,301579.0,-1.5,1.3,-0.4,-2.1,1.3,9.5,3.1,8.8,32.5,16
5225,301595.0,-2.7,0.7000000000000001,-0.4,-2.9000000000000004,0.9,9.4,7.500000000000001,12.8,35.3,16
5226,301609.0,-3.0,0.4,-0.6000000000000001,-3.3000000000000003,0.7000000000000001,9.200000000000001,12.600000000000001,10.9,40.1,16
5227,301627.0,-3.1,0.2,-1.1,-3.4000000000000004,0.5,8.700000000000001,23.400000000000002,2.8,53.599999999999994,16
5228,301643.0,-3.1,0.2,-1.1,-3.4000000000000004,0.5,8.5,28.400000000000002,-2.3,61.199999999999996,16
5229,301659.0,-2.5,0.0,-1.7000000000000002,-2.8000000000000003,0.5,8.1,35.3,-8.5,71.8,16
5230,301679.0,-1.8,0.1,-2.2,-2.1,0.7000000000000001,7.6000000000000005,41.1,-6.600000000000001,81.10000000000001,16
5231,301701.0,-1.5,0.1,-2.5,-1.5,1.0,7.1000000000000005,41.50000000000001,2.5,82.10000000000001,16
5232,301711.0,-1.1,0.30000000000000004,-3.0,-1.4000000000000001,1.2000000000000002,6.800000000000001,40.0,6.1000000000000005,80.2,16
5233,301728.0,-0.9,0.30000000000000004,-2.9000000000000004,-1.1,1.3,6.800000000000001,34.2,5.0,75.2,16
5234,301743.0,-0.8,0.2,-2.7,-1.0,1.2000000000000002,7.0,31.5,2.0,72.80000000000001,16
5235,301759.0,-0.5,0.0,-2.3000000000000003,-0.7000000000000001,1.2000000000000002,7.4,32.8,-2.9,69.80000000000001,16
5236,301781.0,-0.30000000000000004,0.2,-2.4000000000000004,-0.5,1.4000000000000001,7.300000000000001,34.50000000000001,1.9,65.8,16
5237,301799.0,-0.1,0.30000000000000004,-2.5,-0.30000000000000004,1.6,7.2,28.900000000000002,15.700000000000001,58.60000000000001,16
5238,301810.0,0.0,0.5,-2.7,-0.2,1.9000000000000001,7.0,24.7,22.6,54.4,16
5239,301826.0,0.1,0.6000000000000001,-2.9000000000000004,0.0,2.3000000000000003,6.800000000000001,8.600000000000001,29.200000000000003,42.900000000000006,16
5240,301843.0,0.30000000000000004,1.0,-2.7,0.0,2.5,7.0,-3.4,27.2,35.9,16
5241,301860.0,0.30000000000000004,1.2000000000000002,-1.4000000000000001,-0.1,2.7,8.200000000000001,-29.400000000000002,17.799999999999997,21.500000000000004,16
5242,301878.0,0.2,1.2000000000000002,-0.30000000000000004,-0.1,2.6,9.4,-40.5,12.5,14.5,16
5243,301893.0,0.2,0.9,1.4000000000000001,-0.2,2.2,11.100000000000001,-56.800000000000004,10.700000000000001,3.6000000000000005,16
5244,301909.0,0.30000000000000004,1.0,2.7,-0.1,2.1,12.4,-62.900000000000006,18.0,0.4,16
5245,301926.0,0.5,1.2000000000000002,2.9000000000000004,0.1,2.3000000000000003,13.0,-68.9,19.799999999999997,-2.7,16
5246,301943.0,0.7000000000000001,1.5,3.6,0.2,2.3000000000000003,13.4,-76.1,22.5,-5.7,16
5247,301960.0,0.5,1.6,5.0,-0.1,2.1,14.8,-89.0,31.9,-9.8,16
5248,301984.0,0.1,1.3,5.800000000000001,-0.6000000000000001,1.4000000000000001,15.600000000000001,-83.30000000000001,40.9,-4.5,16
5249,301993.0,-0.1,1.1,5.7,-0.9,1.1,15.5,-72.10000000000001,42.0,4.2,16
5250,302009.0,0.1,1.0,4.9,-0.8,0.8,14.700000000000001,-35.4,23.700000000000003,36.2,16
5251,302026.0,0.5,1.1,4.5,-0.5,0.9,14.200000000000001,-12.9,6.2,55.2,16
5252,302043.0,1.6,1.3,3.2,1.3,1.1,12.3,26.700000000000003,-28.500000000000004,87.00000000000001,16
5253,302059.0,3.1,1.5,1.4000000000000001,2.8000000000000003,1.6,10.4,45.9,-41.1,93.60000000000001,16
5254,302080.0,4.3,2.0,-1.0,3.5,2.1,8.8,47.1,-33.1,79.7,16
5255,302096.0,3.8000000000000003,2.4000000000000004,-2.3000000000000003,3.2,2.6,7.5,36.0,-13.8,53.300000000000004,16
5256,302112.0,3.3000000000000003,2.3000000000000003,-2.8000000000000003,2.7,2.7,7.0,28.0,-4.4,45.9,16
5257,302126.0,3.0,2.3000000000000003,-3.0,2.4000000000000004,2.7,6.800000000000001,23.900000000000006,-0.2,31.099999999999998,16
5258,302143.0,2.0,2.0,-3.1,1.4000000000000001,2.5,6.6000000000000005,11.3,7.9,6.300000000000001,16
5259,302159.0,0.8,1.6,-3.1,0.1,2.1,6.6000000000000005,7.1000000000000005,1.0,-9.8,16
5260,302183.0,-0.1,1.3,-2.9000000000000004,-0.7000000000000001,1.8,6.9,6.4,-7.200000000000001,-14.100000000000001,16
5261,302195.0,-0.30000000000000004,1.2000000000000002,-2.7,-0.9,1.7000000000000002,7.1000000000000005,7.0,-8.700000000000001,-13.399999999999999,16
5262,302216.0,-0.5,1.2000000000000002,-2.5,-1.0,1.8,7.300000000000001,12.600000000000001,-5.4,-11.8,16
5263,302226.0,-0.4,1.3,-2.7,-1.0,1.9000000000000001,7.1000000000000005,13.200000000000003,-1.1,-12.600000000000001,16
5264,302243.0,-0.4,1.3,-2.7,-0.9,1.9000000000000001,7.0,11.5,2.9,-14.5,16
5265,302259.0,-0.4,1.2000000000000002,-2.5,-0.9,1.8,7.2,3.2,8.600000000000001,-21.7,16
5266,302276.0,-0.4,0.9,-2.1,-1.0,1.6,7.6000000000000005,-1.4,10.700000000000001,-25.8,16
5267,302294.0,-0.5,0.6000000000000001,-1.8,-1.1,1.2000000000000002,8.0,-7.500000000000001,16.900000000000002,-31.400000000000002,16
5268,302310.0,-0.7000000000000001,0.30000000000000004,-1.5,-1.4000000000000001,1.0,8.3,-10.200000000000001,25.1,-32.400000000000006,16
5269,302328.0,-0.8,0.30000000000000004,-1.4000000000000001,-1.6,0.9,8.3,-10.9,35.9,-28.500000000000004,16
5270,302344.0,-0.8,0.4,-1.6,-1.7000000000000002,0.9,8.200000000000001,-10.8,40.800000000000004,-24.900000000000002,16
5271,302359.0,-0.9,0.6000000000000001,-1.7000000000000002,-1.9000000000000001,1.1,8.0,-10.9,42.5,-15.299999999999999,16
5272,302376.0,-0.9,0.8,-1.6,-2.0,1.3,8.200000000000001,-8.5,30.5,-3.0,16
5273,302397.0,-0.5,1.2000000000000002,-1.1,-1.7000000000000002,1.6,8.6,-4.7,13.700000000000001,11.5,16
5274,302411.0,-0.2,1.5,-1.0,-1.4000000000000001,2.0,8.8,-3.8,6.699999999999999,18.1,16
5275,302426.0,0.7000000000000001,2.1,-0.4,-0.6000000000000001,2.5,9.3,-6.500000000000001,-5.500000000000001,27.099999999999998,16
5276,302449.0,1.3,2.8000000000000003,0.5,0.1,3.2,10.200000000000001,-16.900000000000002,-11.700000000000001,24.1,16
5277,302459.0,1.3,2.8000000000000003,0.5,0.1,3.3000000000000003,10.700000000000001,-23.800000000000004,-9.8,18.8,16
5278,302476.0,1.3,3.0,2.0,0.1,3.4000000000000004,11.700000000000001,-30.699999999999996,-2.6,13.700000000000001,16
5279,302497.0,0.7000000000000001,3.4000000000000004,2.8000000000000003,-0.5,3.7,12.5,-34.900000000000006,28.600000000000005,6.2,16
5280,302510.0,0.2,4.4,1.8,-1.1,4.6000000000000005,11.600000000000001,-30.5,51.800000000000004,5.2,16
5281,302526.0,0.0,5.4,1.9000000000000001,-1.5,5.4,11.600000000000001,-45.5,39.50000000000001,0.2,16
5282,302542.0,0.1,5.5,1.9000000000000001,-1.4000000000000001,5.1000000000000005,12.700000000000001,-60.2,29.400000000000002,-6.300000000000001,16
5283,302559.0,-0.5,3.0,6.1000000000000005,-2.2,2.7,15.700000000000001,-72.10000000000001,18.4,-18.700000000000003,16
5284,302575.0,-2.1,1.0,7.5,-3.8000000000000003,0.5,17.2,-54.4,14.0,-17.400000000000002,16
5285,302592.0,-2.8000000000000003,0.5,7.1000000000000005,-4.5,-0.1,16.7,-33.50000000000001,17.799999999999997,-2.3,16
5286,302609.0,-2.4000000000000004,0.7000000000000001,4.5,-4.2,0.0,14.100000000000001,12.4,15.8,44.5,16
5287,302626.0,-2.4000000000000004,0.6000000000000001,4.5,-3.6,0.1,13.200000000000001,29.800000000000004,4.2,68.1,16
5288,302643.0,0.30000000000000004,1.3,1.8,-1.5,0.8,11.4,49.1,-32.0,98.8,16
5289,302664.0,1.9000000000000001,1.5,0.8,0.2,1.2000000000000002,10.5,55.0,-53.7,101.30000000000001,16
5290,302679.0,2.4000000000000004,1.6,0.0,0.9,1.6,9.700000000000001,50.0,-46.4,85.5,16
5291,302697.0,2.4000000000000004,1.4000000000000001,-0.5,0.8,1.5,8.9,44.5,-35.8,74.4,16
5292,302709.0,1.7000000000000002,1.2000000000000002,-1.2000000000000002,0.30000000000000004,1.5,8.6,29.400000000000002,-12.7,53.10000000000001,16
5293,302728.0,0.7000000000000001,0.6000000000000001,-0.9,-0.6000000000000001,1.0,8.8,15.6,-5.500000000000001,38.400000000000006,16
5294,302743.0,0.4,0.4,-0.7000000000000001,-0.8,0.9,9.0,13.3,-7.6,35.0,16
5295,302763.0,-0.1,-0.1,-0.6000000000000001,-1.3,0.4,9.1,20.599999999999998,-12.600000000000001,36.9,16
5296,302781.0,-0.1,-0.30000000000000004,-1.4000000000000001,-1.3,0.30000000000000004,8.3,36.1,-14.5,47.2,16
5297,302793.0,0.1,-0.2,-2.0,-1.0,0.5,7.800000000000001,42.7,-16.1,51.9,16
5298,302809.0,0.6000000000000001,-0.1,-2.9000000000000004,-0.5,0.8,6.800000000000001,49.9,-18.1,56.400000000000006,16
5299,302826.0,0.9,0.1,-3.7,-0.1,1.1,6.0,48.400000000000006,-11.6,54.6,16
5300,302843.0,1.1,0.1,-3.9000000000000004,0.1,1.2000000000000002,5.800000000000001,44.2,-7.9,51.6,16
5301,302867.0,1.3,0.2,-4.0,0.30000000000000004,1.5,5.7,32.9,-1.4,41.6,16
5302,302876.0,1.3,0.2,-3.7,0.4,1.6,5.9,23.5,5.0,28.600000000000005,16
5303,302892.0,1.3,0.2,-3.7,0.4,1.6,5.9,19.799999999999997,8.5,21.6,16
5304,302910.0,1.1,0.2,-3.6,0.1,1.7000000000000002,6.1000000000000005,11.900000000000002,14.100000000000001,8.4,16
5305,302930.0,0.8,0.30000000000000004,-3.3000000000000003,-0.2,1.8,6.4,3.4,17.400000000000002,-1.6,16
5306,302944.0,0.8,0.30000000000000004,-3.1,-0.30000000000000004,1.9000000000000001,6.5,-0.7,18.900000000000002,-5.500000000000001,16
5307,302962.0,0.5,0.4,-2.7,-0.6000000000000001,2.0,6.9,-8.899999999999999,25.5,-11.6,16
5308,302980.0,0.2,0.5,-2.5,-1.0,2.0,7.1000000000000005,-18.3,31.099999999999998,-14.100000000000001,16
5309,302994.0,0.1,0.8,-2.3000000000000003,-1.2000000000000002,2.3000000000000003,7.300000000000001,-23.3,30.200000000000003,-13.5,16
5310,303010.0,0.1,1.4000000000000001,-2.1,-1.2000000000000002,2.8000000000000003,7.5,-34.7,19.1,-11.4,16
5311,303026.0,0.2,1.5,-2.1,-0.8,3.3000000000000003,8.4,-48.9,7.699999999999999,-13.200000000000003,16
5312,303042.0,0.6000000000000001,2.1,-1.2000000000000002,-0.8,3.4000000000000004,9.0,-62.0,2.3,-16.900000000000002,16
5313,303068.0,0.7000000000000001,2.5,1.7000000000000002,-1.1,3.1,13.0,-97.2,4.4,-35.8,16
5314,303078.0,-0.1,2.4000000000000004,4.2,-1.5,3.0,13.9,-102.3,9.2,-39.699999999999996,16
5315,303095.0,-0.5,2.8000000000000003,5.4,-1.8,3.2,15.600000000000001,-103.89999999999999,12.7,-33.2,16
5316,303109.0,0.7000000000000001,3.4000000000000004,7.1000000000000005,-0.8,3.4000000000000004,16.8,-103.60000000000001,15.100000000000001,-25.300000000000004,16
5317,303130.0,2.1,3.5,8.3,0.5,3.2,17.900000000000002,-95.5,12.8,-18.6,16
5318,303142.0,2.0,3.3000000000000003,8.700000000000001,0.4,2.8000000000000003,18.400000000000002,-86.60000000000001,13.6,-20.599999999999998,16
5319,303162.0,0.6000000000000001,2.1,8.200000000000001,-1.0,1.3,17.900000000000002,-42.400000000000006,11.2,-14.600000000000001,16
5320,303180.0,-0.30000000000000004,1.5,6.2,-2.2,0.30000000000000004,14.600000000000001,15.8,-15.8,12.4,16
5321,303192.0,-0.7000000000000001,0.7000000000000001,3.1,-2.3000000000000003,-0.1,12.700000000000001,32.9,-22.3,30.4,16
5322,303209.0,0.8,0.9,1.3,-0.8,0.30000000000000004,11.0,51.2,-34.60000000000001,69.80000000000001,16
5323,303228.0,2.6,1.3,0.0,1.2000000000000002,0.9,9.700000000000001,68.7,-57.400000000000006,86.3,16
5324,303246.0,2.5,1.2000000000000002,0.0,2.0,1.5,8.5,75.7,-65.7,84.6,16
5325,303264.0,3.3000000000000003,1.7000000000000002,-1.9000000000000001,2.2,1.7000000000000002,7.9,78.60000000000001,-66.80000000000001,67.10000000000001,16
5326,303276.0,3.3000000000000003,1.8,-2.8000000000000003,2.3000000000000003,2.0,7.0,73.0,-58.60000000000001,54.50000000000001,16
5327,303292.0,2.7,1.9000000000000001,-3.5,1.9000000000000001,2.2,6.300000000000001,50.1,-36.2,24.3,16
5328,303309.0,1.7000000000000002,1.5,-3.4000000000000004,1.0,2.0,6.4,26.000000000000004,-17.400000000000002,-7.0,16
5329,303326.0,1.2000000000000002,1.2000000000000002,-3.2,0.5,1.8,6.6000000000000005,17.799999999999997,-11.5,-20.0,16
5330,303342.0,0.2,0.8,-3.0,-1.1,1.2000000000000002,6.9,10.1,-4.6,-35.4,16
5331,303360.0,-1.4000000000000001,0.1,-2.7,-2.0,0.7000000000000001,7.1000000000000005,10.299999999999999,-3.6000000000000005,-33.7,16
5332,303378.0,-1.8,0.0,-2.5,-2.4000000000000004,0.7000000000000001,7.2,13.200000000000003,-10.1,-24.900000000000002,16
5333,303394.0,-1.7000000000000002,0.0,-2.6,-2.3000000000000003,0.7000000000000001,7.2,13.6,-11.700000000000001,-20.0,16
5334,303411.0,-1.6,0.0,-2.7,-2.1,0.7000000000000001,7.1000000000000005,8.5,-5.2,-13.700000000000001,16
5335,303426.0,-1.6,0.0,-2.6,-2.1,0.7000000000000001,7.1000000000000005,4.1,-0.1,-11.700000000000001,16
5336,303442.0,-1.4000000000000001,0.0,-2.6,-2.0,0.7000000000000001,7.2,-4.7,8.700000000000001,-7.500000000000001,16
5337,303462.0,-1.3,0.1,-2.3000000000000003,-1.9000000000000001,0.8,7.4,-12.600000000000001,11.3,-2.7,16
5338,303476.0,-1.3,0.2,-2.1,-2.0,0.9,7.800000000000001,-17.1,11.2,1.4,16
5339,303492.0,-1.4000000000000001,0.2,-1.7000000000000002,-2.0,0.9,8.1,-19.0,11.4,4.6,16
5340,303509.0,-1.5,0.30000000000000004,-1.4000000000000001,-2.2,0.9,8.4,-19.400000000000002,13.8,14.900000000000002,16
5341,303526.0,-1.5,0.30000000000000004,-1.4000000000000001,-1.9000000000000001,1.3,8.4,-15.700000000000001,13.5,30.200000000000003,16
5342,303542.0,-1.1,0.8,-1.4000000000000001,-1.6,1.5,8.4,-14.300000000000002,10.700000000000001,37.400000000000006,16
5343,303559.0,-0.9,1.0,-1.4000000000000001,-1.2000000000000002,1.7000000000000002,8.6,-14.800000000000002,7.500000000000001,42.900000000000006,16
5344,303585.0,0.2,1.7000000000000002,-0.30000000000000004,-0.5,2.2,9.8,-20.400000000000002,-4.2,51.300000000000004,16
5345,303594.0,0.7000000000000001,2.0,0.8,0.1,2.4000000000000004,10.8,-22.3,-6.500000000000001,52.2,16
5346,303609.0,1.1,2.3000000000000003,1.5,0.4,2.6,11.3,-24.8,-4.2,52.2,16
5347,303626.0,1.5,2.6,2.2,0.8,2.9000000000000004,12.0,-24.400000000000002,10.4,44.9,16
5348,303642.0,1.4000000000000001,2.7,2.1,0.6000000000000001,3.0,11.8,-23.099999999999998,23.700000000000003,39.699999999999996,16
5349,303663.0,1.1,3.2,1.4000000000000001,0.0,3.6,10.600000000000001,-23.900000000000006,44.7,31.0,16
5350,303678.0,0.5,4.1000000000000005,0.5,-0.5,4.2,10.200000000000001,-39.599999999999994,38.800000000000004,24.0,16
5351,303692.0,0.5,3.8000000000000003,1.5,-0.6000000000000001,3.9000000000000004,11.200000000000001,-52.80000000000001,27.700000000000003,19.200000000000003,16
5352,303709.0,-0.1,2.4000000000000004,4.6000000000000005,-1.2000000000000002,2.3000000000000003,14.4,-73.5,11.1,8.899999999999999,16
5353,303726.0,-0.8,1.3,6.2,-2.0,0.9,15.9,-61.9,9.700000000000001,14.100000000000001,16
5354,303743.0,-0.8,1.4000000000000001,6.2,-2.5,0.5,16.0,-43.70000000000001,15.2,25.8,16
5355,303761.0,-1.5,1.0,5.7,-2.6,0.4,14.4,1.6,17.6,60.900000000000006,16
5356,303776.0,-0.6000000000000001,1.2000000000000002,3.1,-1.4000000000000001,1.0,11.9,31.5,-0.5,90.30000000000001,16
5357,303793.0,0.8,1.8,1.1,-0.6000000000000001,1.4000000000000001,10.8,38.400000000000006,-13.000000000000002,96.60000000000001,16
5358,303810.0,1.7000000000000002,2.0,-0.1,0.4,1.7000000000000002,9.600000000000001,39.400000000000006,-26.1,96.0,16
5359,303827.0,1.8,2.0,-0.30000000000000004,0.6000000000000001,1.8,9.4,34.60000000000001,-24.8,90.6,16
5360,303843.0,1.9000000000000001,1.9000000000000001,-0.7000000000000001,0.7000000000000001,1.9000000000000001,9.1,19.799999999999997,-13.900000000000002,74.10000000000001,16
5361,303864.0,1.1,1.5,-0.6000000000000001,0.0,1.5,9.200000000000001,7.200000000000001,-3.8,57.800000000000004,16
5362,303877.0,0.4,0.8,-0.2,-0.8,0.9,9.5,2.3,-2.0,51.4,16
5363,303894.0,0.0,0.6000000000000001,0.1,-1.3,0.5,9.9,8.600000000000001,-6.0,53.300000000000004,16
5364,303910.0,-0.5,0.1,0.1,-1.5,0.2,9.9,15.700000000000001,-8.4,56.800000000000004,16
5365,303926.0,-0.5,-0.1,-0.1,-1.6,0.1,9.700000000000001,19.6,-9.3,59.300000000000004,16
5366,303942.0,-0.2,-0.1,-0.9,-1.2000000000000002,0.2,8.8,35.8,-9.899999999999999,70.10000000000001,16
5367,303966.0,0.5,0.0,-2.4000000000000004,-0.5,0.6000000000000001,7.300000000000001,47.80000000000001,-6.9,75.2,16
5368,303976.0,0.6000000000000001,-0.1,-2.8000000000000003,-0.4,0.6000000000000001,7.0,46.9,-3.5,73.9,16
5369,303992.0,0.6000000000000001,-0.1,-3.1,-0.30000000000000004,0.7000000000000001,6.7,44.8,0.2,71.9,16
5370,304009.0,0.7000000000000001,-0.1,-3.4000000000000004,-0.2,0.8,6.4,39.9,3.3000000000000007,67.8,16
5371,304026.0,0.9,-0.1,-3.1,0.0,1.0,6.6000000000000005,34.300000000000004,-5.2,61.9,16
5372,304042.0,1.0,-0.1,-2.8000000000000003,0.1,1.1,6.9,30.599999999999998,-9.8,57.3,16
5373,304065.0,1.1,-0.1,-2.2,0.30000000000000004,1.2000000000000002,7.5,19.700000000000003,-11.2,43.50000000000001,16
5374,304077.0,0.9,-0.30000000000000004,-1.2000000000000002,0.1,1.0,8.5,6.9,1.8000000000000003,25.6,16
5375,304095.0,0.1,-0.6000000000000001,-0.4,-0.7000000000000001,0.8,9.3,-0.30000000000000004,22.9,11.900000000000002,16
5376,304111.0,-0.30000000000000004,-0.6000000000000001,-0.2,-1.1,0.7000000000000001,9.4,0.1,29.200000000000003,8.700000000000001,16
5377,304127.0,-0.6000000000000001,-0.7000000000000001,-0.30000000000000004,-1.6,0.7000000000000001,9.200000000000001,4.300000000000001,29.300000000000004,10.700000000000001,16
5378,304143.0,-0.6000000000000001,-0.5,-0.5,-1.6,0.9,9.1,6.1000000000000005,23.6,14.900000000000002,16
5379,304161.0,-0.1,-0.1,-0.6000000000000001,-1.1,1.3,9.1,4.1,7.300000000000001,21.500000000000004,16
5380,304176.0,0.7000000000000001,0.4,0.0,-0.4,1.8,9.700000000000001,-5.300000000000001,0.7,21.1,16
5381,304192.0,0.9,0.6000000000000001,0.6000000000000001,-0.2,2.0,10.200000000000001,-10.600000000000001,3.3000000000000007,17.400000000000002,16
5382,304211.0,1.0,0.8,1.2000000000000002,0.0,2.2,10.9,-18.700000000000003,18.4,9.899999999999999,16
5383,304229.0,1.0,1.2000000000000002,1.2000000000000002,-0.1,2.5,10.9,-20.900000000000002,31.799999999999997,4.300000000000001,16
5384,304247.0,1.0,1.4000000000000001,1.1,0.0,2.6,11.100000000000001,-30.4,26.700000000000003,-0.1,16
5385,304261.0,1.2000000000000002,1.4000000000000001,1.4000000000000001,0.1,2.3000000000000003,11.700000000000001,-39.8,16.900000000000002,-3.5,16
5386,304280.0,1.4000000000000001,0.6000000000000001,3.4000000000000004,0.1,1.3,13.700000000000001,-52.400000000000006,0.6000000000000001,-10.5,16
5387,304292.0,1.2000000000000002,-0.9,5.2,-0.1,0.0,14.9,-52.400000000000006,3.3000000000000007,-11.700000000000001,16
5388,304309.0,0.4,-2.0,5.4,-0.9,-1.2000000000000002,15.100000000000001,-38.60000000000001,32.2,-0.30000000000000004,16
5389,304326.0,0.2,-2.1,5.0,-1.2000000000000002,-1.5,13.8,-15.100000000000001,49.50000000000001,31.3,16
5390,304359.0,1.7000000000000002,-1.9000000000000001,2.5,1.0,-0.8,11.700000000000001,18.900000000000002,3.6000000000000005,82.8,16
5391,304384.0,4.3,-0.7000000000000001,0.7000000000000001,2.7,0.1,10.4,33.7,-24.0,91.10000000000001,16
5392,304397.0,4.800000000000001,-0.2,-0.1,3.5,1.2000000000000002,9.1,38.60000000000001,-31.0,81.50000000000001,16
5393,304409.0,4.9,0.6000000000000001,-1.4000000000000001,3.6,1.7000000000000002,8.3,34.400000000000006,-23.3,70.6,16
5394,304425.0,4.800000000000001,0.7000000000000001,-1.7000000000000002,3.4000000000000004,1.8,8.0,27.099999999999998,-9.0,57.400000000000006,16
5395,304442.0,3.9000000000000004,0.9,-2.4000000000000004,2.6,2.2,7.2,10.8,21.1,30.1,16
5396,304460.0,3.4000000000000004,0.9,-2.7,1.5,2.1,6.7,3.7000000000000006,35.699999999999996,8.899999999999999,16
5397,304476.0,1.9000000000000001,0.9,-3.4000000000000004,0.5,2.2,6.2,4.800000000000001,27.099999999999998,-1.6,16
5398,304495.0,1.7000000000000002,0.8,-3.5,0.1,2.1,6.1000000000000005,5.1000000000000005,17.7,-3.2,16
5399,304509.0,1.6,0.7000000000000001,-3.0,0.0,2.1,6.6000000000000005,4.2,-2.0,-3.2,16
5400,304527.0,1.8,0.6000000000000001,-2.3000000000000003,0.30000000000000004,1.9000000000000001,7.300000000000001,4.800000000000001,-10.700000000000001,-5.2,16
5401,304542.0,1.8,0.6000000000000001,-2.2,0.30000000000000004,1.9000000000000001,7.4,5.1000000000000005,-9.600000000000001,-7.9,16
5402,304562.0,1.7000000000000002,0.6000000000000001,-2.0,0.2,2.0,7.6000000000000005,2.5,0.0,-15.700000000000001,16
5403,304577.0,1.4000000000000001,0.5,-1.7000000000000002,-0.1,1.9000000000000001,7.9,-3.2,13.900000000000002,-23.5,16
5404,304592.0,1.1,0.6000000000000001,-1.6,-0.5,1.9000000000000001,8.0,-4.9,19.300000000000004,-26.5,16
5405,304609.0,0.6000000000000001,0.5,-1.6,-1.1,1.8,8.0,-6.4,24.0,-28.1,16
5406,304630.0,0.2,0.5,-1.3,-1.5,1.7000000000000002,8.3,-9.0,23.6,-21.500000000000004,16
5407,304642.0,0.2,0.4,-1.1,-1.6,1.7000000000000002,8.5,-9.2,22.5,-15.5,16
5408,304663.0,0.4,0.5,-0.6000000000000001,-1.5,1.7000000000000002,9.0,-4.6,20.7,-0.9000000000000001,16
5409,304678.0,0.9,0.9,-0.7000000000000001,-1.0,2.1,8.8,3.7000000000000006,17.5,12.0,16
5410,304692.0,1.2000000000000002,1.1,-0.9,-0.7000000000000001,2.4000000000000004,8.6,5.500000000000001,13.8,15.6,16
5411,304709.0,1.8,1.4000000000000001,-0.5,-0.2,2.6,9.1,-1.0,1.3,18.1,16
5412,304727.0,2.4000000000000004,1.1,1.2000000000000002,0.4,2.4000000000000004,10.700000000000001,-13.700000000000001,-11.700000000000001,15.8,16
5413,304742.0,2.4000000000000004,1.1,1.2000000000000002,0.6000000000000001,2.3000000000000003,11.5,-18.200000000000003,-14.100000000000001,13.399999999999999,16
5414,304759.0,2.9000000000000004,1.0,3.6,1.0,2.2,13.200000000000001,-17.400000000000002,-6.500000000000001,7.300000000000001,16
5415,304776.0,3.0,1.1,3.9000000000000004,1.1,2.3000000000000003,13.4,-11.5,3.3000000000000007,5.1000000000000005,16
5416,304798.0,2.8000000000000003,2.0,2.6,0.7000000000000001,3.3000000000000003,11.9,-7.500000000000001,16.5,-7.8,16
5417,304809.0,2.6,2.2,2.7,0.6000000000000001,3.3000000000000003,12.200000000000001,-18.5,10.8,-13.3,16
5418,304826.0,2.7,1.2000000000000002,4.5,0.7000000000000001,2.3000000000000003,14.100000000000001,-34.900000000000006,6.8,-22.8,16
5419,304842.0,2.8000000000000003,1.3,4.5,0.5,1.6,14.700000000000001,-40.5,10.0,-28.3,16
5420,304860.0,2.0,0.0,5.7,-0.6000000000000001,0.4,15.200000000000001,-30.200000000000003,16.4,-31.9,16
5421,304876.0,0.8,-0.6000000000000001,5.0,-1.5,0.0,14.0,-3.6000000000000005,13.100000000000001,-14.800000000000002,16
5422,304894.0,0.7000000000000001,-0.6000000000000001,3.3000000000000003,-1.4000000000000001,0.1,12.8,8.8,4.7,-2.4000000000000004,16
5423,304909.0,1.7000000000000002,-0.1,2.0,-0.4,0.6000000000000001,11.5,26.000000000000004,-18.900000000000002,19.300000000000004,16
5424,304926.0,2.4000000000000004,0.1,1.0,0.30000000000000004,1.0,10.5,34.800000000000004,-33.400000000000006,24.5,16
5425,304942.0,2.5,0.2,0.5,0.5,1.1,10.0,36.2,-33.9,22.1,16
5426,304959.0,2.4000000000000004,0.2,-0.6000000000000001,0.5,1.2000000000000002,9.0,30.799999999999997,-25.8,12.200000000000001,16
5427,304976.0,2.0,0.0,-1.0,0.2,1.2000000000000002,8.6,16.200000000000003,-15.2,-0.4,16
5428,304992.0,1.7000000000000002,-0.2,-0.9,-0.1,0.9,8.700000000000001,9.2,-9.700000000000001,-5.8,16
5429,305009.0,1.0,-0.7000000000000001,-0.8,-0.7000000000000001,0.5,8.8,3.9,1.1,-10.600000000000001,16
5430,305026.0,0.8,-0.8,-0.9,-0.9,0.4,8.700000000000001,6.8,4.9,-9.2,16
5431,305042.0,0.5,-0.9,-1.5,-1.3,0.30000000000000004,8.1,18.200000000000003,4.1,0.0,16
5432,305061.0,0.6000000000000001,-0.8,-1.8,-0.9,0.6000000000000001,7.5,29.500000000000004,-7.9,13.6,16
5433,305082.0,1.4000000000000001,-0.6000000000000001,-2.4000000000000004,-0.2,0.8,7.2,37.800000000000004,-17.5,21.900000000000002,16
5434,305093.0,1.8,-0.4,-2.7,0.2,1.0,6.9,40.0,-18.1,22.8,16
5435,305109.0,2.2,-0.30000000000000004,-3.1,0.6000000000000001,1.3,6.5,40.1,-14.700000000000001,18.6,16
5436,305126.0,2.4000000000000004,-0.1,-3.4000000000000004,0.8,1.6,6.1000000000000005,34.800000000000004,-10.9,9.899999999999999,16
5437,305143.0,2.3000000000000003,-0.2,-3.4000000000000004,0.9,1.7000000000000002,6.1000000000000005,30.1,-9.3,4.2,16
5438,305159.0,2.4000000000000004,0.0,-3.2,0.9,1.9000000000000001,6.300000000000001,19.700000000000003,-7.200000000000001,-9.5,16
5439,305177.0,2.1,0.0,-2.6,0.7000000000000001,2.0,6.9,7.9,0.9000000000000001,-25.5,16
5440,305195.0,1.8,0.0,-2.1,0.30000000000000004,1.9000000000000001,7.4,4.1,5.9,-32.6,16
5441,305209.0,1.2000000000000002,0.0,-1.5,-0.30000000000000004,2.0,8.0,0.5,11.2,-39.400000000000006,16
5442,305226.0,1.0,0.2,-1.2000000000000002,-0.6000000000000001,2.1,8.3,1.3,10.0,-38.300000000000004,16
5443,305242.0,1.0,0.30000000000000004,-1.2000000000000002,-0.6000000000000001,2.2,8.3,1.1,6.500000000000001,-36.5,16
5444,305260.0,1.4000000000000001,0.5,-1.0,-0.2,2.4000000000000004,8.5,-5.4,-5.0,-34.400000000000006,16
5445,305286.0,1.9000000000000001,0.9,-0.2,0.30000000000000004,2.7,9.3,-15.399999999999999,-12.200000000000001,-36.6,16
5446,305294.0,1.9000000000000001,0.9,-0.2,0.6000000000000001,2.7,9.9,-22.6,-13.8,-40.4,16
5447,305309.0,2.2,0.9,1.4000000000000001,0.6000000000000001,2.6,10.9,-36.1,-1.3,-49.9,16
5448,305326.0,1.7000000000000002,1.3,1.3,0.0,2.9000000000000004,10.8,-43.300000000000004,22.6,-57.3,16
5449,305342.0,1.5,1.6,1.3,-0.2,3.1,10.8,-48.2,25.1,-59.300000000000004,16
5450,305359.0,1.7000000000000002,1.6,2.2,0.0,2.5,12.8,-69.80000000000001,6.9,-62.6,16
5451,305390.0,3.1,-1.0,8.6,1.3,-0.2,18.2,-77.7,-33.2,-58.60000000000001,16
5452,305393.0,3.1,-1.0,8.6,1.3,-0.2,18.2,-77.7,-33.2,-58.60000000000001,16
5453,305409.0,3.7,-2.2,9.700000000000001,2.0,-1.7000000000000002,19.3,-47.3,-40.4,-49.6,16
5454,305426.0,3.6,-2.7,7.800000000000001,2.0,-2.3000000000000003,17.400000000000002,4.800000000000001,-19.5,-31.9,16
5455,305442.0,3.5,-2.7,7.800000000000001,2.1,-2.2,16.0,30.5,-7.0,-19.200000000000003,16
5456,305459.0,4.4,-1.6,2.2,2.8000000000000003,-1.0,11.9,64.30000000000001,-3.4,1.8000000000000003,16
5457,305478.0,5.0,-1.1,0.30000000000000004,3.8000000000000003,0.0,9.1,69.4,-22.2,0.7,16
5458,305495.0,5.7,-0.30000000000000004,-1.8,4.3,0.6000000000000001,7.9,64.60000000000001,-29.1,-7.9,16
5459,305512.0,5.7,-0.30000000000000004,-1.8,4.3,0.6000000000000001,7.9,64.60000000000001,-29.1,-7.9,16
5460,305531.0,5.6000000000000005,-0.2,-2.4000000000000004,4.3,1.0,7.300000000000001,29.400000000000002,-21.6,-58.800000000000004,16
5461,305545.0,5.6000000000000005,-0.2,-2.4000000000000004,4.3,1.0,7.300000000000001,29.400000000000002,-21.6,-58.800000000000004,16
5462,305569.0,0.0,-0.5,-2.4000000000000004,-1.4000000000000001,0.5,7.300000000000001,-27.800000000000004,22.3,-113.00000000000001,16
5463,305575.0,0.0,-0.5,-2.4000000000000004,-2.0,0.5,7.4,-27.800000000000004,22.3,-113.00000000000001,16
5464,305592.0,-1.2000000000000002,-0.30000000000000004,-2.4000000000000004,-2.7,0.5,7.300000000000001,-14.700000000000001,15.5,-97.2,16
5465,305609.0,-1.4000000000000001,0.1,-2.7,-3.0,0.9,7.0,-1.7,0.1,-69.7,16
5466,305625.0,-1.2000000000000002,0.30000000000000004,-2.7,-2.8000000000000003,1.0,6.9,2.6,-8.600000000000001,-55.400000000000006,16
5467,305642.0,-0.7000000000000001,0.6000000000000001,-2.7,-1.9000000000000001,1.5,7.0,9.0,-25.0,-35.1,16
5468,305660.0,0.4,1.1,-2.4000000000000004,-1.1,1.9000000000000001,7.2,9.3,-27.700000000000003,-29.400000000000002,16
5469,305678.0,0.7000000000000001,1.2000000000000002,-2.2,-0.8,1.9000000000000001,7.5,6.699999999999999,-22.1,-30.1,16
5470,305696.0,0.9,1.2000000000000002,-1.7000000000000002,-0.5,1.9000000000000001,8.0,0.9000000000000001,5.8,-35.1,16
5471,305711.0,0.7000000000000001,1.2000000000000002,-1.8,-0.7000000000000001,1.9000000000000001,7.9,1.2000000000000002,14.100000000000001,-36.0,16
5472,305730.0,0.6000000000000001,1.3,-2.2,-0.9,2.1,7.5,1.5,19.700000000000003,-35.2,16
5473,305742.0,0.6000000000000001,1.4000000000000001,-2.2,-0.9,2.1,7.5,0.30000000000000004,19.6,-33.400000000000006,16
5474,305759.0,0.8,1.4000000000000001,-1.6,-0.8,2.2,8.0,-4.4,16.700000000000003,-29.1,16
5475,305776.0,0.9,1.4000000000000001,-0.8,-0.8,2.1,8.8,-4.6,17.7,-24.8,16
5476,305792.0,0.9,1.5,-0.6000000000000001,-0.8,2.2,9.0,-2.1,18.8,-21.7,16
5477,305809.0,1.3,1.8,-0.30000000000000004,-0.5,2.5,9.3,0.1,13.6,-13.100000000000001,16
5478,305826.0,2.0,2.1,0.6000000000000001,0.2,2.7,10.200000000000001,-5.6,2.4000000000000004,-6.300000000000001,16
5479,305842.0,2.0,2.1,0.6000000000000001,0.4,2.7,10.700000000000001,-10.1,-1.2000000000000002,-5.300000000000001,16
5480,305859.0,2.8000000000000003,2.2,2.3000000000000003,1.0,2.8000000000000003,12.0,-15.5,2.8,-6.9,16
5481,305880.0,2.9000000000000004,2.8000000000000003,2.1,1.1,3.3000000000000003,11.700000000000001,-11.2,17.200000000000003,-13.5,16
5482,305905.0,2.6,3.9000000000000004,1.4000000000000001,0.7000000000000001,4.3,11.0,-24.0,18.5,-25.900000000000002,16
5483,305909.0,2.7,3.5,2.4000000000000004,0.8,3.9000000000000004,12.0,-42.60000000000001,11.4,-34.1,16
5484,305926.0,2.7,1.2000000000000002,6.1000000000000005,0.8,1.4000000000000001,15.700000000000001,-75.2,-0.7,-51.2,16
5485,305943.0,2.7,1.3,6.1000000000000005,0.4,0.5,17.0,-77.60000000000001,-0.2,-54.4,16
5486,305959.0,1.6,-0.6000000000000001,8.4,-0.9,-1.0,17.900000000000002,-44.00000000000001,11.000000000000002,-40.9,16
5487,305977.0,0.4,-0.8,6.4,-1.6,-1.1,16.0,13.200000000000003,6.0,-3.9,16
5488,305995.0,1.5,-0.1,3.1,-0.5,-0.30000000000000004,12.700000000000001,61.300000000000004,-24.3,34.2,16
5489,306010.0,2.4000000000000004,0.5,1.4000000000000001,0.4,0.4,11.0,75.5,-44.6,44.5,16
5490,306028.0,3.9000000000000004,1.2000000000000002,-0.5,2.1,1.4000000000000001,9.200000000000001,77.4,-71.19999999999999,42.3,16
5491,306045.0,3.7,1.1,-0.5,2.6,1.7000000000000002,8.8,67.9,-71.10000000000001,31.0,16
5492,306060.0,4.1000000000000005,1.2000000000000002,-1.0,2.7,1.8,8.700000000000001,40.5,-49.300000000000004,-2.3,16
5493,306076.0,3.6,0.9,-0.7000000000000001,1.9000000000000001,1.4000000000000001,9.200000000000001,16.900000000000002,-17.6,-37.2,16
5494,306094.0,2.3000000000000003,0.1,-0.1,1.0,0.8,9.600000000000001,10.200000000000001,-5.1000000000000005,-50.7,16
5495,306116.0,0.6000000000000001,-0.7000000000000001,-0.1,-0.7000000000000001,0.0,9.600000000000001,11.4,15.000000000000002,-63.30000000000001,16
5496,306128.0,0.1,-0.9,-0.30000000000000004,-1.2000000000000002,-0.2,9.4,17.5,16.6,-58.800000000000004,16
5497,306142.0,-0.2,-1.0,-0.6000000000000001,-1.5,-0.30000000000000004,9.1,25.0,15.899999999999999,-51.4,16
5498,306159.0,-0.2,-1.0,-1.2000000000000002,-1.5,-0.1,8.0,39.9,8.2,-33.300000000000004,16
5499,306183.0,0.5,-0.5,-2.7,-1.0,0.4,6.9,46.199999999999996,-4.800000000000001,-19.799999999999997,16
5500,306192.0,0.8,-0.4,-3.1,-0.6000000000000001,0.6000000000000001,6.6000000000000005,45.8,-7.500000000000001,-18.1,16
5501,306209.0,1.2000000000000002,-0.1,-3.4000000000000004,-0.2,1.0,6.300000000000001,41.0,-10.299999999999999,-14.900000000000002,16
5502,306226.0,1.3,-0.1,-3.4000000000000004,-0.1,1.1,6.300000000000001,37.300000000000004,-9.3,-15.5,16
5503,306248.0,1.4000000000000001,0.1,-3.2,0.1,1.5,6.4,25.0,-3.5,-22.3,16
5504,306260.0,1.4000000000000001,0.2,-3.2,0.1,1.6,6.5,22.2,-0.9000000000000001,-24.5,16
5505,306276.0,1.4000000000000001,0.4,-3.2,0.0,1.9000000000000001,6.4,17.0,4.0,-30.000000000000004,16
5506,306292.0,1.3,0.7000000000000001,-3.2,0.0,2.1,6.4,12.7,5.2,-33.400000000000006,16
5507,306309.0,1.1,0.9,-2.5,-0.30000000000000004,2.4000000000000004,7.1000000000000005,0.7,4.2,-42.5,16
5508,306327.0,0.5,0.9,-1.3,-0.9,2.3000000000000003,8.3,-11.6,2.6,-50.400000000000006,16
5509,306342.0,0.4,0.8,-1.0,-1.1,2.3000000000000003,8.6,-15.299999999999999,4.300000000000001,-51.50000000000001,16
5510,306360.0,0.1,0.9,-0.4,-1.4000000000000001,2.3000000000000003,9.200000000000001,-15.700000000000001,7.1000000000000005,-47.3,16
5511,306378.0,0.5,1.4000000000000001,-0.2,-1.1,2.6,9.4,-14.900000000000002,-1.2000000000000002,-40.0,16
5512,306393.0,0.8,1.6,0.1,-0.7000000000000001,2.8000000000000003,9.700000000000001,-17.5,-8.100000000000001,-37.800000000000004,16
5513,306409.0,1.5,2.0,1.2000000000000002,-0.1,3.1,10.8,-28.3,-15.2,-37.7,16
5514,306426.0,1.6,2.1,1.7000000000000002,0.1,3.2,11.3,-33.0,-11.1,-40.5,16
5515,306442.0,1.8,2.1,2.2,0.30000000000000004,3.1,11.8,-36.8,4.0,-49.6,16
5516,306459.0,1.4000000000000001,2.7,2.0,-0.2,3.5,11.700000000000001,-42.60000000000001,12.299999999999999,-58.7,16
5517,306480.0,1.4000000000000001,2.7,2.8000000000000003,-0.2,3.3000000000000003,12.4,-60.8,9.2,-65.5,16
5518,306500.0,1.1,1.7000000000000002,5.5,-0.5,2.0,15.200000000000001,-67.7,0.1,-66.5,16
5519,306509.0,1.2000000000000002,0.7000000000000001,6.6000000000000005,-0.4,1.0,16.2,-64.4,-6.2,-63.10000000000001,16
5520,306526.0,1.3,-0.9,7.800000000000001,-0.30000000000000004,-0.9,17.5,-41.6,-9.0,-45.7,16
5521,306543.0,1.2000000000000002,-1.2000000000000002,7.6000000000000005,-0.30000000000000004,-1.3,17.3,-19.300000000000004,-6.9,-31.5,16
5522,306559.0,1.7000000000000002,-1.4000000000000001,5.1000000000000005,0.1,-1.5,14.8,30.699999999999996,-8.3,4.9,16
5523,306577.0,3.3000000000000003,-0.5,1.8,1.8,-0.5,11.5,66.2,-31.099999999999998,34.7,16
5524,306592.0,4.6000000000000005,0.2,0.0,3.2,0.4,9.700000000000001,74.89999999999999,-47.2,38.800000000000004,16
5525,306609.0,5.6000000000000005,0.7000000000000001,-1.7000000000000002,4.3,1.1,8.0,74.10000000000001,-69.00000000000001,22.8,16
5526,306626.0,5.5,1.0,-2.7,4.5,1.7000000000000002,7.0,52.900000000000006,-63.500000000000014,-13.900000000000002,16
5527,306642.0,5.2,0.9,-2.9000000000000004,4.2,1.7000000000000002,6.800000000000001,45.7,-57.60000000000001,-24.5,16
5528,306662.0,3.9000000000000004,0.5,-3.0,3.1,1.4000000000000001,6.800000000000001,16.900000000000002,-25.8,-63.599999999999994,16
5529,306679.0,3.0,0.1,-2.8000000000000003,1.6,0.8,6.9,1.8000000000000003,2.3,-91.0,16
5530,306697.0,2.3000000000000003,-0.1,-2.9000000000000004,0.4,0.6000000000000001,6.7,1.9,9.2,-101.10000000000001,16
5531,306709.0,0.1,-0.30000000000000004,-3.5,-0.7000000000000001,0.5,6.2,4.6,5.0,-99.10000000000001,16
5532,306726.0,-0.1,-0.1,-3.8000000000000003,-0.9,0.7000000000000001,6.0,7.8,-8.2,-88.3,16
5533,306743.0,-0.1,0.0,-3.7,-0.9,0.9,6.0,6.9,-14.200000000000001,-82.50000000000001,16
5534,306760.0,0.30000000000000004,0.2,-3.5,-0.5,1.1,6.2,5.0,-17.300000000000004,-75.1,16
5535,306777.0,0.30000000000000004,0.5,-3.5,-0.5,1.4000000000000001,6.2,2.3,-8.700000000000001,-73.7,16
5536,306792.0,0.2,0.7000000000000001,-3.6,-0.6000000000000001,1.6,6.1000000000000005,0.1,-3.1,-74.30000000000001,16
5537,306809.0,-0.1,1.0,-3.4000000000000004,-0.9,1.8,6.4,-8.3,6.1000000000000005,-75.3,16
5538,306826.0,-0.2,1.1,-3.2,-1.0,1.9000000000000001,6.6000000000000005,-12.9,8.600000000000001,-74.60000000000001,16
5539,306842.0,-0.30000000000000004,1.3,-2.3000000000000003,-1.1,2.1,7.4,-19.0,7.500000000000001,-72.60000000000001,16
5540,306859.0,-0.6000000000000001,1.5,-1.6,-1.5,2.2,8.200000000000001,-21.7,5.8,-69.5,16
5541,306876.0,-0.8,1.7000000000000002,-1.2000000000000002,-1.8,2.2,8.9,-26.200000000000003,9.3,-63.0,16
5542,306892.0,-1.0,1.8,-0.1,-2.0,2.3000000000000003,9.600000000000001,-28.700000000000003,11.8,-58.5,16
5543,306909.0,-1.1,1.8,1.1,-2.1,2.2,10.8,-28.700000000000003,13.6,-47.900000000000006,16
5544,306926.0,-1.1,1.9000000000000001,1.5,-2.1,2.2,11.200000000000001,-25.900000000000002,11.8,-40.0,16
5545,306944.0,-0.5,2.3000000000000003,2.3000000000000003,-1.6,2.5,12.0,-17.400000000000002,3.0,-21.8,16
5546,306966.0,1.3,3.3000000000000003,2.6,0.30000000000000004,3.4000000000000004,12.4,-7.300000000000001,-2.9,-7.6,16
5547,306976.0,1.3,3.3000000000000003,2.6,0.7000000000000001,3.7,12.3,-6.600000000000001,0.0,-9.2,16
5548,306993.0,2.1,4.0,2.3000000000000003,1.1,4.1000000000000005,12.100000000000001,-8.3,4.7,-13.399999999999999,16
5549,307011.0,2.3000000000000003,5.0,2.1,1.2000000000000002,5.1000000000000005,11.9,-21.200000000000003,12.4,-30.5,16
5550,307027.0,2.2,4.4,3.8000000000000003,1.0,4.4,13.600000000000001,-54.800000000000004,16.4,-58.3,16
5551,307042.0,2.2,4.6000000000000005,3.8000000000000003,0.7000000000000001,3.5,14.8,-70.4,21.300000000000004,-70.8,16
5552,307059.0,0.6000000000000001,1.4000000000000001,7.7,-0.6000000000000001,1.0,17.400000000000002,-67.00000000000001,30.1,-74.30000000000001,16
5553,307076.0,-0.1,0.5,8.0,-1.6,-0.2,17.400000000000002,-47.400000000000006,30.799999999999997,-63.2,16
5554,307093.0,-0.30000000000000004,0.5,6.6000000000000005,-1.7000000000000002,-0.2,16.3,-7.400000000000001,19.5,-34.7,16
5555,307110.0,0.5,1.2000000000000002,3.5,-0.9,0.5,13.200000000000001,44.9,-6.300000000000001,3.5,16
5556,307125.0,1.6,1.7000000000000002,0.8,0.2,1.2000000000000002,10.5,72.30000000000001,-34.400000000000006,23.6,16
5557,307142.0,1.5,1.6,0.8,0.7000000000000001,1.4000000000000001,9.9,74.89999999999999,-46.1,26.5,16
5558,307165.0,2.8000000000000003,1.8,-0.5,1.6,1.7000000000000002,9.3,66.9,-58.3,18.200000000000003,16
5559,307181.0,2.7,1.6,-0.5,1.8,1.7000000000000002,9.200000000000001,55.3,-57.60000000000001,-2.5,16
5560,307196.0,2.2,1.4000000000000001,-0.6000000000000001,1.4000000000000001,1.6,9.200000000000001,49.800000000000004,-51.70000000000001,-14.400000000000002,16
5561,307209.0,1.2000000000000002,0.8,-0.5,0.6000000000000001,1.2000000000000002,9.200000000000001,37.9,-33.800000000000004,-35.4,16
5562,307226.0,0.30000000000000004,0.2,-0.30000000000000004,-0.30000000000000004,0.7000000000000001,9.5,29.600000000000005,-17.9,-47.7,16
5563,307249.0,-0.6000000000000001,-0.4,-0.6000000000000001,-1.1,0.2,9.200000000000001,33.1,-9.100000000000001,-50.900000000000006,16
5564,307261.0,-0.6000000000000001,-0.4,-0.6000000000000001,-1.3,0.1,8.9,38.0,-6.8,-48.50000000000001,16
5565,307280.0,-1.1,-0.6000000000000001,-1.6,-1.6,0.1,7.7,47.2,-5.300000000000001,-39.2,16
5566,307295.0,-1.0,-0.6000000000000001,-3.1,-1.5,0.4,6.7,51.0,-7.300000000000001,-26.200000000000003,16
5567,307309.0,-0.8,-0.4,-3.7,-1.3,0.6000000000000001,6.1000000000000005,52.300000000000004,-8.100000000000001,-21.6,16
5568,307326.0,-0.7000000000000001,-0.30000000000000004,-3.9000000000000004,-1.0,1.0,5.300000000000001,52.400000000000006,-6.600000000000001,-15.399999999999999,16
5569,307342.0,-0.5,-0.1,-4.7,-0.9,1.2000000000000002,5.0,50.3,-5.1000000000000005,-14.700000000000001,16
5570,307369.0,-0.4,0.30000000000000004,-5.800000000000001,-0.8,1.8,3.9000000000000004,38.50000000000001,-1.4,-18.3,16
5571,307379.0,-0.4,0.2,-5.800000000000001,-0.8,1.9000000000000001,3.7,31.7,-2.1,-21.1,16
5572,307393.0,-0.4,0.5,-5.800000000000001,-0.8,2.1,3.8000000000000003,23.5,-3.4,-24.0,16
5573,307411.0,-0.4,0.4,-5.4,-0.9,2.1,4.2,7.300000000000001,-7.400000000000001,-30.799999999999997,16
5574,307427.0,-0.5,0.5,-5.300000000000001,-1.0,2.2,4.4,-0.9000000000000001,-8.899999999999999,-33.6,16
5575,307443.0,-0.6000000000000001,0.6000000000000001,-4.3,-1.0,2.3000000000000003,5.300000000000001,-19.400000000000002,-13.100000000000001,-38.0,16
5576,307464.0,-0.5,0.7000000000000001,-3.6,-0.8,2.3000000000000003,6.7,-35.699999999999996,-18.8,-43.50000000000001,16
5577,307481.0,-0.5,0.8,-2.0,-0.8,2.2,8.200000000000001,-50.3,-21.1,-49.4,16
5578,307493.0,-0.6000000000000001,0.7000000000000001,-0.6000000000000001,-0.9,2.1,9.1,-59.9,-18.4,-51.0,16
5579,307512.0,-0.5,0.8,1.4000000000000001,-0.8,1.9000000000000001,11.100000000000001,-84.69999999999999,-5.8,-51.1,16
5580,307527.0,-0.6000000000000001,1.0,3.8000000000000003,-0.9,1.8,13.600000000000001,-97.3,4.4,-51.800000000000004,16
5581,307542.0,-0.6000000000000001,1.2000000000000002,3.8000000000000003,-1.1,1.9000000000000001,14.200000000000001,-98.39999999999999,9.600000000000001,-52.60000000000001,16
5582,307561.0,-1.0,1.6,4.9,-1.6,2.0,14.600000000000001,-87.3,14.300000000000002,-50.8,16
5583,307575.0,-1.4000000000000001,2.2,4.5,-1.8,2.4000000000000004,14.3,-80.8,11.000000000000002,-46.4,16
5584,307593.0,-1.0,3.1,4.800000000000001,-1.4000000000000001,3.0,14.600000000000001,-79.19999999999999,-5.7,-37.9,16
5585,307609.0,-0.6000000000000001,3.3000000000000003,6.4,-1.0,2.9000000000000004,16.2,-86.4,-6.699999999999999,-37.9,16
5586,307625.0,-0.6000000000000001,3.2,7.0,-1.0,2.6,16.7,-86.2,-0.5,-40.0,16
5587,307642.0,-1.0,2.7,7.4,-1.4000000000000001,1.8,17.2,-67.8,12.0,-34.1,16
5588,307663.0,-1.1,2.2,6.800000000000001,-1.5,1.1,16.6,-29.500000000000004,5.1000000000000005,-8.5,16
5589,307676.0,-1.1,2.2,6.800000000000001,-0.8,1.0,14.8,20.3,-18.200000000000003,29.600000000000005,16
5590,307692.0,0.5,2.3000000000000003,3.7,0.2,1.3,13.5,43.00000000000001,-31.7,47.3,16
5591,307709.0,2.2,2.7,1.4000000000000001,1.9000000000000001,1.8,11.200000000000001,74.60000000000001,-54.50000000000001,65.2,16
5592,307726.0,2.1,2.6,1.4000000000000001,2.5,2.0,10.4,83.00000000000001,-61.7,63.900000000000006,16
5593,307742.0,3.2,2.7,-1.0,3.2,2.3000000000000003,8.8,86.5,-61.50000000000001,45.6,16
5594,307762.0,2.9000000000000004,2.5,-2.2,3.1,2.3000000000000003,7.6000000000000005,75.5,-46.7,16.0,16
5595,307776.0,2.1,2.0,-2.7,2.5,2.1,7.1000000000000005,56.10000000000001,-29.500000000000004,-14.5,16
5596,307792.0,1.4000000000000001,1.6,-2.7,1.8,1.8,7.1000000000000005,47.1,-21.0,-28.600000000000005,16
5597,307810.0,1.0,1.2000000000000002,-2.7,0.9,1.2000000000000002,7.2,34.900000000000006,-4.2,-49.699999999999996,16
5598,307828.0,0.0,0.5,-2.6,0.5,0.9,7.2,33.0,4.0,-56.400000000000006,16
5599,307842.0,-1.0,-0.1,-2.9000000000000004,-0.6000000000000001,0.5,6.9,34.0,15.299999999999999,-60.400000000000006,16
5600,307859.0,-1.5,-0.4,-3.2,-1.3,0.30000000000000004,6.4,37.50000000000001,16.8,-53.400000000000006,16
5601,307875.0,-1.6,-0.6000000000000001,-3.7,-1.3,0.30000000000000004,5.9,39.400000000000006,10.1,-41.199999999999996,16
5602,307893.0,-1.3,-0.5,-4.0,-1.1,0.4,5.7,38.1,6.699999999999999,-35.3,16
5603,307909.0,-0.9,-0.5,-4.1000000000000005,-0.6000000000000001,0.5,5.6000000000000005,33.2,0.8,-27.6,16
5604,307927.0,-0.6000000000000001,-0.5,-4.2,-0.30000000000000004,0.6000000000000001,5.5,26.799999999999997,-1.6,-23.099999999999998,16
5605,307944.0,-0.5,-0.5,-4.3,-0.2,0.7000000000000001,5.4,23.3,0.1,-21.200000000000003,16
5606,307967.0,-0.4,0.0,-4.7,-0.2,1.3,5.1000000000000005,4.6,14.400000000000002,-18.6,16
5607,307976.0,-0.5,0.1,-4.6000000000000005,-0.30000000000000004,1.4000000000000001,5.1000000000000005,-3.4,17.300000000000004,-18.5,16
5608,307993.0,-0.7000000000000001,0.4,-4.4,-0.5,1.6,5.300000000000001,-11.3,18.700000000000003,-18.0,16
5609,308009.0,-0.8,0.7000000000000001,-3.8000000000000003,-0.7000000000000001,1.9000000000000001,6.0,-22.4,16.900000000000002,-16.1,16
5610,308026.0,-0.8,0.8,-3.8000000000000003,-0.8,2.0,6.300000000000001,-29.300000000000004,15.100000000000001,-14.5,16
5611,308047.0,-1.3,1.5,-1.8,-1.3,2.5,8.0,-41.7,6.4,-4.1,16
5612,308070.0,-1.0,2.2,-0.2,-1.1,3.1,9.5,-47.400000000000006,-6.500000000000001,5.7,16
5613,308075.0,-0.7000000000000001,2.6,0.6000000000000001,-0.7000000000000001,3.4000000000000004,10.3,-50.1,-13.399999999999999,9.2,16
5614,308093.0,-0.30000000000000004,3.0,1.8,-0.30000000000000004,3.7,11.600000000000001,-53.10000000000001,-18.6,10.200000000000001,16
5615,308109.0,0.2,3.5,3.9000000000000004,0.30000000000000004,4.0,13.700000000000001,-59.300000000000004,-16.200000000000003,4.0,16
5616,308126.0,0.2,3.6,3.9000000000000004,0.4,4.1000000000000005,14.200000000000001,-60.00000000000001,-8.600000000000001,-1.8000000000000003,16
5617,308143.0,-0.1,4.2,5.1000000000000005,0.0,4.4,14.9,-57.49999999999999,12.7,-17.7,16
5618,308162.0,-0.7000000000000001,4.3,5.7,-1.0,4.1000000000000005,15.9,-62.6,27.5,-31.5,16
5619,308177.0,-1.4000000000000001,3.3000000000000003,7.800000000000001,-1.5,3.1,17.6,-63.0,29.500000000000004,-33.50000000000001,16
5620,308195.0,-1.4000000000000001,2.8000000000000003,8.5,-1.8,1.8,18.5,-45.9,30.599999999999998,-28.700000000000003,16
5621,308211.0,-2.0,1.6,8.5,-2.2,1.1,18.3,-31.799999999999997,33.400000000000006,-21.400000000000002,16
5622,308226.0,-1.9000000000000001,1.7000000000000002,8.5,-2.4000000000000004,0.8,17.8,-13.8,36.300000000000004,-10.0,16
5623,308242.0,-2.0,1.2000000000000002,5.5,-2.4000000000000004,0.7000000000000001,15.3,30.200000000000003,34.60000000000001,24.5,16
5624,308259.0,-0.9,1.6,2.1,-1.4000000000000001,1.2000000000000002,11.8,65.5,6.8,54.0,16
5625,308276.0,0.4,1.9000000000000001,-0.30000000000000004,-0.1,1.7000000000000002,9.5,75.60000000000001,-27.700000000000003,65.89999999999999,16
5626,308292.0,0.9,1.9000000000000001,-0.9,0.4,1.9000000000000001,8.9,72.7,-39.8,64.0,16
5627,308309.0,1.1,1.7000000000000002,-1.2000000000000002,0.9,1.9000000000000001,8.6,59.9,-42.3,51.300000000000004,16
5628,308326.0,1.0,1.6,-1.3,0.8,1.7000000000000002,8.3,52.60000000000001,-34.800000000000004,42.60000000000001,16
5629,308342.0,0.9,1.2000000000000002,-1.5,0.6000000000000001,1.5,8.200000000000001,37.800000000000004,-17.300000000000004,25.200000000000003,16
5630,308361.0,0.30000000000000004,0.8,-1.6,0.0,1.3,8.1,26.200000000000003,-5.6,11.000000000000002,16
5631,308376.0,-0.7000000000000001,0.1,-1.7000000000000002,-0.7000000000000001,0.8,8.1,22.6,0.8,3.3000000000000007,16
5632,308394.0,-1.5,-0.2,-2.1,-1.5,0.6000000000000001,7.6000000000000005,25.5,2.1,3.6000000000000005,16
5633,308410.0,-1.7000000000000002,-0.30000000000000004,-2.4000000000000004,-1.8,0.6000000000000001,7.4,27.800000000000004,2.2,7.1000000000000005,16
5634,308430.0,-2.1,-0.4,-3.1,-2.2,0.6000000000000001,6.7,31.799999999999997,2.9,16.5,16
5635,308446.0,-2.1,-0.4,-3.1,-2.1,0.5,6.4,32.400000000000006,1.6,23.0,16
5636,308462.0,-1.8,-0.30000000000000004,-3.7,-1.8,0.7000000000000001,6.0,31.5,-4.1,34.0,16
5637,308476.0,-1.1,-0.2,-3.7,-1.1,1.0,6.1000000000000005,30.000000000000004,-15.700000000000001,42.1,16
5638,308493.0,-0.7000000000000001,0.0,-3.7,-0.7000000000000001,1.2000000000000002,6.0,29.0,-18.1,42.900000000000006,16
5639,308512.0,-0.5,0.2,-3.7,-0.4,1.6,6.0,24.8,-13.000000000000002,38.800000000000004,16
5640,308529.0,-0.6000000000000001,0.30000000000000004,-3.7,-0.4,1.7000000000000002,6.0,18.200000000000003,-2.9,29.300000000000004,16
5641,308543.0,-0.7000000000000001,0.30000000000000004,-3.7,-0.5,1.8,6.0,14.800000000000002,1.4,24.5,16
5642,308564.0,-1.0,0.4,-3.7,-0.8,1.9000000000000001,6.0,7.6,7.500000000000001,16.900000000000002,16
5643,308577.0,-1.1,0.5,-3.5,-1.0,2.0,6.2,0.7,9.2,12.8,16
5644,308593.0,-1.2000000000000002,0.7000000000000001,-3.5,-1.0,2.2,6.2,-1.6,8.0,11.700000000000001,16
5645,308609.0,-1.1,1.1,-3.1,-1.0,2.6,6.6000000000000005,-9.0,-0.8,9.2,16
5646,308626.0,-1.1,1.2000000000000002,-2.8000000000000003,-1.0,2.7,6.9,-15.100000000000001,-6.0,7.200000000000001,16
5647,308643.0,-0.9,1.5,-1.5,-0.7000000000000001,2.9000000000000004,8.200000000000001,-31.9,-12.8,2.0,16
5648,308659.0,-0.6000000000000001,1.4000000000000001,0.2,-0.4,2.7,10.0,-49.300000000000004,-9.4,-6.9,16
5649,308678.0,-0.8,1.4000000000000001,1.2000000000000002,-0.7000000000000001,2.5,11.700000000000001,-63.10000000000001,6.300000000000001,-16.900000000000002,16
5650,308693.0,-1.2000000000000002,1.5,2.6,-0.9,2.5,12.4,-69.10000000000001,14.800000000000002,-19.9,16
5651,308709.0,-1.5,1.7000000000000002,3.7,-1.4000000000000001,2.5,13.4,-79.5,25.0,-24.0,16
5652,308725.0,-1.5,1.8,3.6,-1.5,2.3000000000000003,13.8,-83.00000000000001,25.8,-24.5,16
5653,308742.0,-1.9000000000000001,1.5,4.7,-1.9000000000000001,1.9000000000000001,14.5,-83.80000000000001,23.3,-20.8,16
5654,308765.0,-2.2,1.4000000000000001,4.9,-2.3000000000000003,1.4000000000000001,14.8,-76.60000000000001,17.0,-8.700000000000001,16
5655,308776.0,-2.2,1.4000000000000001,4.9,-2.4000000000000004,1.3,14.700000000000001,-71.7,15.8,11.4,16
5656,308797.0,-1.4000000000000001,0.7000000000000001,6.0,-1.6,0.2,15.8,-64.10000000000001,9.600000000000001,36.7,16
5657,308809.0,-0.9,0.5,6.6000000000000005,-1.1,-0.1,16.400000000000002,-49.6,1.9,51.70000000000001,16
5658,308829.0,0.6000000000000001,0.7000000000000001,5.7,0.4,0.0,15.5,3.4,-20.1,84.5,16
5659,308842.0,1.3,0.8,4.7,1.1,0.2,14.5,32.5,-31.0,97.8,16
5660,308859.0,3.1,1.5,1.6,3.0,1.0,11.4,72.7,-48.6,108.8,16
5661,308875.0,3.9000000000000004,1.8,-0.1,4.4,1.8,9.0,81.90000000000002,-58.5,92.10000000000001,16
5662,308897.0,4.800000000000001,2.0,-2.2,5.1000000000000005,2.0,7.6000000000000005,72.2,-50.900000000000006,66.3,16
5663,308909.0,4.6000000000000005,2.0,-2.6,5.0,2.1,7.2,60.00000000000001,-40.5,45.3,16
5664,308929.0,3.6,1.5,-2.7,4.1000000000000005,1.8,7.1000000000000005,30.9,-16.3,1.1,16
5665,308942.0,3.1,1.2000000000000002,-2.6,3.6,1.6,7.2,18.0,-4.4,-18.8,16
5666,308959.0,1.3,0.4,-2.5,1.9000000000000001,0.9,7.300000000000001,1.8000000000000003,18.5,-48.0,16
5667,308981.0,-0.30000000000000004,-0.1,-2.8000000000000003,0.1,0.30000000000000004,7.0,-1.9,31.799999999999997,-57.49999999999999,16
5668,308994.0,-1.1,-0.1,-3.2,-0.7000000000000001,0.30000000000000004,6.6000000000000005,-0.4,32.9,-54.1,16
5669,309009.0,-1.4000000000000001,0.1,-3.6,-1.1,0.5,6.2,3.0,21.500000000000004,-40.0,16
5670,309026.0,-1.3,0.30000000000000004,-3.8000000000000003,-1.1,0.8,6.0,4.2,1.8000000000000003,-25.300000000000004,16
5671,309044.0,-1.1,0.4,-3.7,-0.9,0.9,6.1000000000000005,2.9,-6.500000000000001,-19.200000000000003,16
5672,309059.0,-0.6000000000000001,0.7000000000000001,-3.3000000000000003,-0.4,1.2000000000000002,6.5,-1.1,-14.5,-12.600000000000001,16
5673,309079.0,-0.4,1.0,-2.9000000000000004,-0.1,1.5,6.800000000000001,-6.1000000000000005,-12.0,-13.3,16
5674,309094.0,-0.4,1.1,-2.8000000000000003,-0.1,1.6,7.1000000000000005,-11.6,-3.1,-16.3,16
5675,309114.0,-0.6000000000000001,1.3,-2.7,-0.30000000000000004,1.8,7.1000000000000005,-14.0,0.4,-17.5,16
5676,309125.0,-0.7000000000000001,1.5,-2.6,-0.4,1.9000000000000001,7.2,-18.1,4.1,-18.3,16
5677,309142.0,-0.8,1.6,-2.5,-0.5,2.0,7.300000000000001,-20.7,4.800000000000001,-17.5,16
5678,309159.0,-0.9,1.7000000000000002,-2.1,-0.7000000000000001,2.1,8.0,-23.700000000000003,6.500000000000001,-14.600000000000001,16
5679,309184.0,-1.1,2.0,-1.5,-1.0,2.2,8.5,-22.3,5.7,-9.899999999999999,16
5680,309193.0,-1.3,2.2,-0.9,-1.1,2.4000000000000004,8.9,-21.500000000000004,4.9,-6.699999999999999,16
5681,309209.0,-1.3,2.3000000000000003,-0.9,-1.0,2.5,9.1,-20.3,3.6000000000000005,-3.1,16
5682,309231.0,-1.0,2.9000000000000004,0.30000000000000004,-0.8,3.0,10.100000000000001,-12.600000000000001,2.1,3.5,16
5683,309245.0,-0.6000000000000001,3.1,0.5,-0.4,3.1,10.3,-10.600000000000001,2.6,5.6,16
5684,309261.0,-0.30000000000000004,3.3000000000000003,0.8,-0.1,3.3000000000000003,10.600000000000001,-13.3,3.4,4.9,16
5685,309275.0,0.1,3.6,1.7000000000000002,0.2,3.5,11.5,-22.6,6.9,-5.300000000000001,16
5686,309292.0,0.0,3.6,2.6,0.2,3.5,12.4,-27.400000000000002,13.000000000000002,-12.600000000000001,16
5687,309310.0,-0.5,3.6,3.1,-0.4,3.4000000000000004,12.9,-30.5,39.300000000000004,-23.3,16
5688,309325.0,-0.8,4.0,2.7,-0.8,3.8000000000000003,12.5,-30.4,50.5,-25.6,16
5689,309342.0,-0.7000000000000001,4.0,2.6,-0.9,3.7,12.4,-44.7,45.0,-27.6,16
5690,309361.0,-0.7000000000000001,2.6,4.5,-1.0,2.1,14.3,-58.800000000000004,25.6,-36.0,16
5691,309377.0,-0.9,1.7000000000000002,5.7,-1.2000000000000002,1.1,15.5,-66.7,14.600000000000001,-40.7,16
5692,309397.0,-1.5,-0.8,8.3,-1.8,-1.8,18.1,-60.7,15.6,-24.5,16
5693,309410.0,-1.6,-1.0,8.0,-2.0,-2.1,17.7,-42.0,20.400000000000002,-9.3,16
5694,309426.0,-1.6,-1.0,7.300000000000001,-2.0,-2.2,17.0,-19.400000000000002,21.400000000000002,8.0,16
5695,309442.0,-1.0,-0.7000000000000001,4.7,-1.5,-1.9000000000000001,14.5,25.200000000000003,8.0,44.7,16
5696,309459.0,0.1,0.1,1.9000000000000001,-0.4,-1.0,11.600000000000001,60.900000000000006,-19.200000000000003,72.4,16
5697,309477.0,1.0,0.6000000000000001,-0.4,0.5,-0.2,9.4,77.5,-39.50000000000001,80.10000000000001,16
5698,309495.0,1.6,0.8,-1.8,1.2000000000000002,0.30000000000000004,8.0,72.30000000000001,-47.0,73.4,16
5699,309509.0,1.8,1.0,-2.2,1.5,0.6000000000000001,7.6000000000000005,65.3,-45.0,66.9,16
5700,309526.0,1.6,1.0,-2.3000000000000003,1.5,0.8,7.5,48.400000000000006,-34.0,47.1,16
5701,309544.0,1.3,0.9,-2.4000000000000004,1.3,0.8,7.4,41.1,-25.300000000000004,36.300000000000004,16
5702,309559.0,0.30000000000000004,0.7000000000000001,-2.7,0.4,0.7000000000000001,7.1000000000000005,31.5,-5.1000000000000005,19.5,16
5703,309578.0,-0.7000000000000001,0.5,-3.2,-0.7000000000000001,0.7000000000000001,6.6000000000000005,28.1,6.0,12.100000000000001,16
5704,309598.0,-1.4000000000000001,0.4,-3.6,-1.4000000000000001,0.6000000000000001,6.2,26.700000000000003,1.5,15.100000000000001,16
5705,309611.0,-1.6,0.4,-3.7,-1.6,0.7000000000000001,6.1000000000000005,26.300000000000004,-4.5,18.900000000000002,16
5706,309627.0,-1.3,0.5,-3.5,-1.2000000000000002,0.8,6.300000000000001,26.300000000000004,-17.7,26.400000000000006,16
5707,309642.0,-1.2000000000000002,0.5,-3.4000000000000004,-1.1,0.9,6.4,26.200000000000003,-21.300000000000004,27.9,16
5708,309659.0,-1.0,0.6000000000000001,-3.2,-0.8,1.1,6.6000000000000005,23.400000000000002,-17.1,26.5,16
5709,309683.0,-1.0,0.6000000000000001,-2.9000000000000004,-0.8,1.2000000000000002,6.800000000000001,17.6,-6.699999999999999,21.900000000000002,16
5710,309692.0,-1.0,0.6000000000000001,-2.8000000000000003,-0.8,1.2000000000000002,7.0,15.8,-3.7000000000000006,19.799999999999997,16
5711,309709.0,-1.1,0.5,-2.6,-0.9,1.2000000000000002,7.2,14.400000000000002,-3.9,17.6,16
5712,309729.0,-1.0,0.6000000000000001,-2.4000000000000004,-0.7000000000000001,1.3,7.300000000000001,12.7,-5.500000000000001,16.6,16
5713,309744.0,-0.9,0.7000000000000001,-2.4000000000000004,-0.7000000000000001,1.4000000000000001,7.4,11.2,-4.0,15.399999999999999,16
5714,309759.0,-0.8,0.8,-2.4000000000000004,-0.5,1.6,7.4,4.6,3.7000000000000006,10.600000000000001,16
5715,309778.0,-0.7000000000000001,1.1,-2.2,-0.5,1.8,7.5,-6.8,13.399999999999999,2.9,16
5716,309792.0,-0.8,1.2000000000000002,-2.0,-0.6000000000000001,2.0,7.800000000000001,-14.700000000000001,16.200000000000003,-2.0,16
5717,309810.0,-1.2000000000000002,1.3,-1.1,-1.0,2.0,8.700000000000001,-27.400000000000002,16.900000000000002,-9.3,16
5718,309825.0,-1.3,1.3,-0.7000000000000001,-1.2000000000000002,2.0,9.1,-35.3,17.1,-12.8,16
5719,309842.0,-1.6,1.3,0.0,-1.7000000000000002,1.7000000000000002,10.0,-46.0,19.6,-14.400000000000002,16
5720,309859.0,-1.8,1.2000000000000002,0.6000000000000001,-1.7000000000000002,1.6,10.600000000000001,-52.300000000000004,22.700000000000003,-6.9,16
5721,309876.0,-1.0,1.7000000000000002,1.4000000000000001,-1.1,1.9000000000000001,11.200000000000001,-59.300000000000004,18.1,2.9,16
5722,309892.0,-0.4,2.0,2.1,-0.5,2.1,11.9,-65.0,12.4,5.0,16
5723,309909.0,0.30000000000000004,2.1,3.4000000000000004,0.1,1.9000000000000001,13.200000000000001,-77.60000000000001,2.2,-0.2,16
5724,309926.0,0.30000000000000004,2.2,3.4000000000000004,0.2,1.8,13.8,-84.5,0.8,-5.500000000000001,16
5725,309942.0,0.5,1.9000000000000001,5.0,0.4,1.1,15.200000000000001,-96.4,12.299999999999999,-15.5,16
5726,309959.0,0.4,1.3,6.2,0.2,0.4,16.0,-98.9,26.400000000000006,-19.0,16
5727,309977.0,-0.1,0.7000000000000001,7.0,-0.4,-0.6000000000000001,16.7,-92.10000000000001,22.6,-12.100000000000001,16
5728,309993.0,-0.2,0.2,7.7,-0.5,-1.2000000000000002,17.400000000000002,-81.2,11.700000000000001,-0.8,16
5729,310009.0,0.5,-0.1,7.800000000000001,0.1,-1.7000000000000002,17.5,-31.5,-19.400000000000002,35.599999999999994,16
5730,310026.0,1.0,0.0,7.1000000000000005,0.7000000000000001,-1.7000000000000002,16.8,3.5,-34.0,54.800000000000004,16
5731,310042.0,2.5,0.6000000000000001,3.7,2.2,-1.0,13.4,66.5,-47.5,82.50000000000001,16
5732,310059.0,3.4000000000000004,1.4000000000000001,0.30000000000000004,3.3000000000000003,0.1,10.0,93.8,-45.3,81.8,16
5733,310083.0,3.6,1.8,-2.4000000000000004,3.6,0.8,7.4,88.20000000000002,-35.5,59.5,16
5734,310093.0,3.5,2.0,-3.2,3.5,1.1,6.6000000000000005,76.89999999999999,-28.400000000000002,44.00000000000001,16
5735,310110.0,2.8000000000000003,2.0,-3.7,2.9000000000000004,1.4000000000000001,6.1000000000000005,49.6,-16.900000000000002,10.200000000000001,16
5736,310126.0,2.4000000000000004,1.8,-3.6,2.5,1.3,6.2,37.300000000000004,-13.6,-6.9,16
5737,310142.0,1.2000000000000002,1.3,-3.2,1.4000000000000001,0.9,6.6000000000000005,19.6,-9.2,-35.3,16
5738,310159.0,0.30000000000000004,1.0,-2.8000000000000003,0.0,0.4,7.1000000000000005,12.200000000000001,-5.7,-52.5,16
5739,310177.0,-1.4000000000000001,0.2,-2.6,-1.2000000000000002,-0.1,7.2,13.5,-0.30000000000000004,-52.5,16
5740,310195.0,-2.1,0.2,-2.9000000000000004,-1.9000000000000001,-0.1,6.9,15.6,2.3,-43.1,16
5741,310210.0,-2.3000000000000003,0.2,-3.1,-2.1,0.0,6.7,15.100000000000001,2.6,-36.9,16
5742,310226.0,-2.3000000000000003,0.2,-3.2,-2.0,0.1,6.7,10.200000000000001,2.4000000000000004,-26.200000000000003,16
5743,310243.0,-2.3000000000000003,0.30000000000000004,-3.1,-2.1,0.1,6.7,8.0,2.1,-21.8,16
5744,310260.0,-2.4000000000000004,0.2,-2.9000000000000004,-2.1,0.1,6.9,4.9,1.3,-14.600000000000001,16
5745,310275.0,-2.3000000000000003,0.30000000000000004,-2.7,-2.0,0.1,7.2,0.9000000000000001,-1.1,-4.9,16
5746,310295.0,-2.0,0.30000000000000004,-2.4000000000000004,-1.7000000000000002,0.2,7.4,-1.8000000000000003,-1.2000000000000002,4.1,16
5747,310310.0,-2.0,0.30000000000000004,-2.4000000000000004,-1.6,0.30000000000000004,7.6000000000000005,-4.1,1.1,8.3,16
5748,310327.0,-1.7000000000000002,0.6000000000000001,-2.1,-1.4000000000000001,0.4,7.7,-8.4,7.1000000000000005,16.5,16
5749,310342.0,-1.5,0.7000000000000001,-2.1,-1.3,0.5,7.7,-10.0,9.3,20.599999999999998,16
5750,310359.0,-1.4000000000000001,1.0,-1.9000000000000001,-1.2000000000000002,0.7000000000000001,7.9,-12.0,8.8,28.1,16
5751,310383.0,-1.1,1.3,-1.7000000000000002,-0.9,1.0,8.1,-12.200000000000001,6.0,38.0,16
5752,310393.0,-0.8,1.6,-1.6,-0.6000000000000001,1.4000000000000001,8.3,-12.100000000000001,3.5,42.800000000000004,16
5753,310409.0,-0.2,2.2,-1.1,-0.1,1.9000000000000001,8.700000000000001,-12.9,0.0,47.60000000000001,16
5754,310426.0,-0.1,2.3000000000000003,-0.9,0.0,2.0,8.9,-14.100000000000001,1.7,46.9,16
5755,310443.0,-0.1,2.7,-0.30000000000000004,0.0,2.3000000000000003,9.5,-20.5,9.5,41.6,16
5756,310459.0,0.0,2.9000000000000004,0.9,0.0,2.4000000000000004,10.700000000000001,-26.000000000000004,18.1,37.1,16
5757,310475.0,0.0,2.9000000000000004,1.5,0.1,2.4000000000000004,11.3,-26.5,21.200000000000003,35.1,16
5758,310492.0,0.2,3.2,2.2,0.2,2.6,11.9,-21.900000000000002,27.9,32.7,16
5759,310510.0,0.6000000000000001,3.7,2.0,0.5,3.1,11.700000000000001,-17.7,30.000000000000004,28.500000000000004,16
5760,310527.0,1.3,4.0,2.0,1.0,3.3000000000000003,11.8,-26.300000000000004,30.000000000000004,17.200000000000003,16
5761,310543.0,1.3,4.1000000000000005,2.0,1.1,3.1,12.100000000000001,-39.1,23.099999999999998,6.0,16
5762,310559.0,1.3,4.1000000000000005,2.0,1.1,3.1,12.100000000000001,-39.1,23.099999999999998,6.0,16
5763,310577.0,0.4,0.1,7.9,0.0,-1.1,17.6,-84.6,12.299999999999999,-33.6,16
5764,310595.0,-0.30000000000000004,-0.5,8.5,-0.7000000000000001,-2.0,18.2,-61.39999999999999,21.500000000000004,-18.3,16
5765,310609.0,-0.7000000000000001,-0.6000000000000001,7.7,-1.2000000000000002,-2.1,17.400000000000002,-41.0,19.700000000000003,-5.7,16
5766,310628.0,-0.9,-0.4,5.300000000000001,-1.4000000000000001,-2.1,15.0,1.7,5.300000000000001,25.900000000000002,16
5767,310642.0,-0.9,-0.4,5.300000000000001,-1.4000000000000001,-1.9000000000000001,14.0,22.1,-6.500000000000001,41.900000000000006,16
5768,310660.0,-0.30000000000000004,0.2,2.3000000000000003,-0.6000000000000001,-1.2000000000000002,11.100000000000001,53.599999999999994,-33.2,65.7,16
5769,310676.0,0.9,0.9,-0.4,0.4,-0.5,9.3,59.20000000000001,-49.1,71.19999999999999,16
5770,310692.0,1.1,1.2000000000000002,-0.9,0.8,-0.1,8.8,55.60000000000001,-51.70000000000001,67.2,16
5771,310709.0,1.2000000000000002,1.2000000000000002,-1.3,1.0,0.2,8.4,47.60000000000001,-46.4,56.50000000000001,16
5772,310726.0,1.1,1.1,-1.3,0.9,0.2,8.4,40.0,-39.699999999999996,48.10000000000001,16
5773,310742.0,0.4,0.8,-0.8,0.4,-0.1,8.9,25.0,-26.700000000000003,34.0,16
5774,310759.0,-0.1,0.6000000000000001,-0.6000000000000001,-0.2,-0.30000000000000004,9.200000000000001,24.7,-19.799999999999997,27.099999999999998,16
5775,310776.0,-0.7000000000000001,0.30000000000000004,-0.9,-0.6000000000000001,-0.4,8.8,29.500000000000004,-18.3,26.9,16
5776,310792.0,-1.1,0.4,-1.9000000000000001,-1.0,-0.2,7.9,41.300000000000004,-16.5,30.599999999999998,16
5777,310809.0,-1.3,0.5,-2.9000000000000004,-1.1,0.0,6.9,49.699999999999996,-17.300000000000004,36.300000000000004,16
5778,310826.0,-1.2000000000000002,0.7000000000000001,-3.8000000000000003,-1.0,0.4,6.0,51.300000000000004,-18.8,41.4,16
5779,310842.0,-1.2000000000000002,0.7000000000000001,-4.0,-0.9,0.5,5.800000000000001,48.9,-19.1,42.7,16
5780,310859.0,-1.0,1.0,-4.2,-0.7000000000000001,0.9,5.6000000000000005,40.9,-15.899999999999999,41.300000000000004,16
5781,310875.0,-0.9,1.2000000000000002,-4.2,-0.6000000000000001,1.3,5.6000000000000005,33.800000000000004,-11.5,33.7,16
5782,310892.0,-1.1,1.2000000000000002,-4.1000000000000005,-0.7000000000000001,1.4000000000000001,5.7,29.500000000000004,-8.100000000000001,28.1,16
5783,310909.0,-1.7000000000000002,1.3,-3.8000000000000003,-1.3,1.5,6.0,18.3,0.9000000000000001,16.5,16
5784,310926.0,-1.9000000000000001,1.3,-3.7,-1.5,1.6,6.1000000000000005,13.100000000000001,4.0,11.1,16
5785,310942.0,-2.4000000000000004,1.2000000000000002,-3.3000000000000003,-2.1,1.5,6.5,-0.1,5.7,4.300000000000001,16
5786,310960.0,-2.8000000000000003,1.0,-2.3000000000000003,-2.4000000000000004,1.3,7.5,-14.400000000000002,3.2,3.6000000000000005,16
5787,310976.0,-2.9000000000000004,0.8,-1.4000000000000001,-2.5,1.1,8.4,-18.8,0.4,5.4,16
5788,310992.0,-2.7,0.5,-0.1,-2.4000000000000004,0.6000000000000001,9.700000000000001,-20.7,-4.2,13.399999999999999,16
5789,311009.0,-2.1,0.4,0.9,-1.7000000000000002,0.5,10.700000000000001,-14.300000000000002,-4.4,25.0,16
5790,311025.0,-1.8,0.5,1.0,-1.4000000000000001,0.5,10.8,-9.100000000000001,-1.9,29.900000000000006,16
5791,311042.0,-1.1,0.8,0.8,-0.7000000000000001,0.9,10.600000000000001,-2.9,6.8,33.400000000000006,16
5792,311059.0,-0.7000000000000001,1.2000000000000002,0.5,-0.4,1.2000000000000002,10.3,-6.2,15.700000000000001,30.3,16
5793,311077.0,-0.6000000000000001,1.3,0.4,-0.30000000000000004,1.3,10.200000000000001,-16.700000000000003,19.1,28.0,16
5794,311092.0,-0.4,1.4000000000000001,0.6000000000000001,-0.2,1.4000000000000001,10.4,-22.2,16.8,27.700000000000003,16
5795,311109.0,0.1,1.4000000000000001,0.9,0.30000000000000004,1.3,10.700000000000001,-31.799999999999997,7.6,27.099999999999998,16
5796,311126.0,0.6000000000000001,1.5,1.4000000000000001,0.7000000000000001,1.4000000000000001,11.200000000000001,-47.5,-2.6,21.0,16
5797,311142.0,0.6000000000000001,1.6,1.9000000000000001,0.8,1.3,11.700000000000001,-59.9,-5.8,13.5,16
5798,311159.0,0.5,1.2000000000000002,3.2,0.4,0.30000000000000004,13.600000000000001,-76.5,-0.9000000000000001,1.1,16
5799,311176.0,-0.8,0.1,5.0,-0.7000000000000001,-0.6000000000000001,14.700000000000001,-82.3,22.1,-4.300000000000001,16
5800,311192.0,-1.5,-0.30000000000000004,5.1000000000000005,-1.4000000000000001,-1.2000000000000002,14.9,-79.1,31.6,1.8000000000000003,16
5801,311209.0,-1.7000000000000002,-0.5,5.2,-1.8,-1.6,15.0,-67.4,32.8,32.7,16
5802,311228.0,-0.4,-0.2,5.5,-0.5,-1.6,15.200000000000001,-38.300000000000004,4.5,78.4,16
5803,311242.0,0.30000000000000004,0.0,5.1000000000000005,0.1,-1.4000000000000001,14.8,-12.299999999999999,-15.700000000000001,98.60000000000001,16
5804,311259.0,1.4000000000000001,0.5,3.8000000000000003,1.9000000000000001,-0.5,12.4,44.4,-45.9,127.1,16
5805,311276.0,3.3000000000000003,1.7000000000000002,-0.30000000000000004,3.3000000000000003,0.5,9.5,74.0,-53.9,131.79999999999998,16
5806,311298.0,4.1000000000000005,2.3000000000000003,-1.9000000000000001,4.2,1.3,7.800000000000001,70.2,-48.0,115.9,16
5807,311309.0,4.3,2.5,-2.4000000000000004,4.4,1.6,7.4,60.8,-43.00000000000001,101.6,16
5808,311327.0,4.0,2.6,-2.3000000000000003,4.3,1.9000000000000001,7.5,38.0,-32.300000000000004,64.9,16
5809,311342.0,3.7,2.5,-2.2,4.0,1.9000000000000001,7.6000000000000005,27.800000000000004,-27.400000000000002,45.5,16
5810,311359.0,2.4000000000000004,2.0,-1.6,2.9000000000000004,1.5,8.200000000000001,12.200000000000001,-19.0,9.700000000000001,16
5811,311376.0,1.5,1.5,-1.3,1.4000000000000001,0.8,8.6,5.500000000000001,-7.6,-14.100000000000001,16
5812,311397.0,-0.30000000000000004,0.9,-1.1,0.2,0.4,8.700000000000001,7.1000000000000005,1.9,-22.1,16
5813,311411.0,-0.8,0.7000000000000001,-1.2000000000000002,-0.30000000000000004,0.2,8.6,9.700000000000001,4.9,-21.500000000000004,16
5814,311427.0,-1.3,0.5,-1.6,-0.8,0.1,8.200000000000001,14.0,6.9,-15.6,16
5815,311443.0,-1.3,0.5,-1.8,-0.8,0.1,8.0,14.600000000000001,5.9,-11.5,16
5816,311467.0,-1.5,0.5,-2.0,-1.0,0.2,7.800000000000001,11.4,1.3,-0.6000000000000001,16
5817,311476.0,-1.5,0.4,-2.0,-1.1,0.2,7.800000000000001,9.899999999999999,1.9,3.2,16
5818,311493.0,-1.6,0.4,-2.1,-1.1,0.2,7.7,8.700000000000001,3.1,7.1000000000000005,16
5819,311509.0,-1.5,0.4,-2.2,-1.0,0.1,7.6000000000000005,8.100000000000001,3.8,15.399999999999999,16
5820,311526.0,-1.4000000000000001,0.4,-2.2,-1.0,0.2,7.6000000000000005,7.9,3.6000000000000005,19.9,16
5821,311545.0,-1.4000000000000001,0.5,-2.4000000000000004,-0.8,0.30000000000000004,7.300000000000001,4.5,1.8000000000000003,28.3,16
5822,311574.0,-0.4,0.9,-2.1,0.0,0.6000000000000001,7.7,-6.4,0.7,36.9,16
5823,311581.0,-0.30000000000000004,0.9,-2.0,0.2,0.7000000000000001,7.800000000000001,-7.500000000000001,2.4000000000000004,37.0,16
5824,311593.0,-0.1,1.1,-2.0,0.30000000000000004,0.9,7.800000000000001,-8.100000000000001,5.2,36.2,16
5825,311609.0,-0.2,1.5,-2.1,0.2,1.2000000000000002,7.7,-10.9,8.5,34.50000000000001,16
5826,311627.0,-0.2,1.8,-1.7000000000000002,0.2,1.5,8.1,-17.9,14.300000000000002,32.7,16
5827,311645.0,-0.2,2.0,-1.5,0.1,1.7000000000000002,8.3,-21.7,17.9,32.2,16
5828,311662.0,-0.30000000000000004,2.3000000000000003,-1.0,-0.2,1.9000000000000001,9.200000000000001,-26.200000000000003,23.6,29.500000000000004,16
5829,311676.0,-0.8,2.4000000000000004,0.1,-0.7000000000000001,1.9000000000000001,9.9,-23.900000000000006,33.0,30.1,16
5830,311692.0,-1.0,2.5,0.1,-0.9,1.9000000000000001,9.9,-19.200000000000003,38.50000000000001,33.2,16
5831,311709.0,-0.7000000000000001,2.8000000000000003,-0.1,-0.8,2.2,9.700000000000001,-5.8,38.400000000000006,44.300000000000004,16
5832,311726.0,-0.5,3.0,-0.1,-0.6000000000000001,2.4000000000000004,9.700000000000001,-1.3,32.7,49.199999999999996,16
5833,311742.0,0.4,3.3000000000000003,0.4,0.2,2.7,10.200000000000001,0.9000000000000001,20.2,55.0,16
5834,311767.0,1.1,3.6,1.8,0.7000000000000001,3.0,11.600000000000001,0.30000000000000004,15.299999999999999,48.70000000000001,16
5835,311777.0,1.1,3.7,1.9000000000000001,0.8,3.2,11.700000000000001,1.4,20.2,44.4,16
5836,311795.0,1.0,4.0,1.4000000000000001,0.6000000000000001,3.5,11.200000000000001,-2.2,28.3,30.9,16
5837,311815.0,1.4000000000000001,3.4000000000000004,2.5,0.9,2.9000000000000004,12.3,-32.400000000000006,19.300000000000004,10.8,16
5838,311829.0,1.3,2.3000000000000003,4.9,0.8,1.7000000000000002,14.700000000000001,-51.50000000000001,11.5,-3.8,16
5839,311851.0,0.2,-0.30000000000000004,8.200000000000001,-0.4,-1.1,17.900000000000002,-64.9,8.899999999999999,-25.900000000000002,16
5840,311868.0,-1.6,-1.5,8.3,-2.3000000000000003,-2.5,18.1,-37.2,36.8,-14.900000000000002,16
5841,311876.0,-1.9000000000000001,-1.5,7.800000000000001,-2.6,-2.6,17.5,-15.2,45.5,2.6,16
5842,311895.0,-2.0,-1.4000000000000001,6.4,-2.7,-2.3000000000000003,15.0,26.200000000000003,33.9,45.400000000000006,16
5843,311909.0,-1.3,-0.9,4.0,-2.3000000000000003,-2.0,13.700000000000001,42.800000000000004,16.3,63.500000000000014,16
5844,311926.0,-0.2,-0.30000000000000004,1.9000000000000001,-1.2000000000000002,-1.2000000000000002,11.600000000000001,67.3,-22.8,87.2,16
5845,311943.0,0.1,-0.2,1.3,-0.8,-0.9,11.0,73.2,-35.599999999999994,91.8,16
5846,311968.0,1.0,0.2,-0.5,0.30000000000000004,-0.1,9.200000000000001,62.1,-34.900000000000006,86.60000000000001,16
5847,311976.0,1.0,0.2,-0.5,0.30000000000000004,-0.1,9.200000000000001,62.1,-34.900000000000006,86.60000000000001,16
5848,311996.0,0.9,0.1,-0.8,0.30000000000000004,0.0,9.0,33.6,-9.600000000000001,65.4,16
5849,312009.0,0.8,-0.1,-0.4,0.2,0.0,9.4,29.700000000000006,-2.9,58.1,16
5850,312026.0,0.0,-0.4,-1.1,-0.6000000000000001,-0.30000000000000004,8.700000000000001,40.9,7.300000000000001,46.800000000000004,16
5851,312042.0,-0.4,-0.5,-1.7000000000000002,-1.0,-0.30000000000000004,8.1,46.300000000000004,9.700000000000001,46.800000000000004,16
5852,312066.0,-0.9,-0.5,-3.0,-1.5,-0.1,6.800000000000001,49.300000000000004,8.4,53.50000000000001,16
5853,312075.0,-0.9,-0.5,-3.6,-1.5,0.0,6.2,48.9,7.200000000000001,55.7,16
5854,312095.0,-0.1,-0.5,-3.6,-0.7000000000000001,0.2,6.1000000000000005,39.400000000000006,-9.3,66.4,16
5855,312110.0,0.30000000000000004,-0.6000000000000001,-3.3000000000000003,-0.30000000000000004,0.2,6.4,36.5,-12.299999999999999,66.5,16
5856,312125.0,0.6000000000000001,-0.7000000000000001,-3.3000000000000003,0.0,0.30000000000000004,6.5,34.300000000000004,-10.4,63.0,16
5857,312142.0,0.6000000000000001,-0.7000000000000001,-3.3000000000000003,0.1,0.30000000000000004,6.4,33.9,-7.200000000000001,60.400000000000006,16
5858,312162.0,0.7000000000000001,-0.7000000000000001,-3.4000000000000004,0.2,0.4,6.300000000000001,33.0,-0.9000000000000001,54.50000000000001,16
5859,312175.0,0.8,-0.6000000000000001,-3.6,0.30000000000000004,0.7000000000000001,6.1000000000000005,30.9,0.6000000000000001,47.900000000000006,16
5860,312195.0,0.7000000000000001,-0.4,-3.6,0.30000000000000004,1.0,6.1000000000000005,24.400000000000002,4.300000000000001,40.1,16
5861,312211.0,0.7000000000000001,-0.2,-3.7,0.30000000000000004,1.3,6.0,20.1,8.5,36.5,16
5862,312227.0,0.7000000000000001,0.2,-3.6,0.2,1.6,6.1000000000000005,8.100000000000001,14.800000000000002,27.400000000000002,16
5863,312245.0,0.5,0.4,-2.9000000000000004,0.0,1.9000000000000001,6.800000000000001,-6.8,12.8,17.7,16
5864,312269.0,0.30000000000000004,0.5,-1.6,-0.30000000000000004,1.9000000000000001,8.1,-18.900000000000002,11.700000000000001,10.299999999999999,16
5865,312275.0,0.30000000000000004,0.5,-1.6,-0.4,1.9000000000000001,8.6,-18.900000000000002,11.700000000000001,10.299999999999999,16
5866,312292.0,0.2,0.6000000000000001,-0.5,-0.4,2.0,9.200000000000001,-19.700000000000003,8.700000000000001,8.2,16
5867,312309.0,0.6000000000000001,1.0,0.1,0.0,2.3000000000000003,9.8,-16.0,-3.2,7.200000000000001,16
5868,312327.0,1.4000000000000001,1.0,1.2000000000000002,0.8,2.3000000000000003,10.9,-19.400000000000002,-13.900000000000002,1.4,16
5869,312342.0,1.6,0.9,1.6,1.0,2.2,11.4,-22.700000000000003,-13.900000000000002,-3.4,16
5870,312364.0,1.8,1.0,2.9000000000000004,1.3,2.2,12.600000000000001,-23.700000000000003,5.0,-16.200000000000003,16
5871,312376.0,1.6,1.4000000000000001,1.8,1.1,2.5,11.600000000000001,-12.7,28.600000000000005,-25.0,16
5872,312401.0,1.7000000000000002,2.3000000000000003,0.2,1.0,3.4000000000000004,9.9,-20.1,18.8,-34.60000000000001,16
5873,312409.0,2.3000000000000003,2.5,0.8,1.6,3.5,10.5,-39.0,2.8,-42.800000000000004,16
5874,312429.0,3.0,1.2000000000000002,4.3,2.3000000000000003,2.0,14.0,-83.5,-2.5,-71.9,16
5875,312444.0,2.7,0.4,5.6000000000000005,2.0,1.1,15.3,-94.80000000000001,14.100000000000001,-87.00000000000001,16
5876,312466.0,0.4,-1.2000000000000002,6.800000000000001,-0.4,-0.9,16.6,-82.60000000000001,61.0,-92.3,16
5877,312475.0,-1.5,-1.7000000000000002,5.300000000000001,-2.5,-1.7000000000000002,15.0,-41.199999999999996,63.900000000000006,-52.400000000000006,16
5878,312492.0,-1.5,-1.7000000000000002,4.3,-2.7,-1.7000000000000002,14.100000000000001,-18.8,39.599999999999994,-19.400000000000002,16
5879,312510.0,0.8,-0.9,3.4000000000000004,-0.5,-0.9,13.100000000000001,15.000000000000002,-16.8,32.1,16
5880,312530.0,3.8000000000000003,0.30000000000000004,2.0,2.7,0.4,11.8,55.7,-80.2,71.5,16
5881,312542.0,4.5,0.8,1.3,3.5,1.0,11.100000000000001,66.4,-92.60000000000001,72.2,16
5882,312568.0,4.6000000000000005,1.8,-1.2000000000000002,4.1000000000000005,2.3000000000000003,8.5,39.300000000000004,-45.8,22.1,16
5883,312577.0,4.6000000000000005,1.7000000000000002,-1.2000000000000002,3.6,2.2,8.3,18.200000000000003,-12.9,-1.9,16
5884,312593.0,2.4000000000000004,1.3,-1.6,2.0,1.9000000000000001,8.200000000000001,-1.6,19.200000000000003,-22.9,16
5885,312609.0,0.4,0.9,-1.7000000000000002,-0.2,1.4000000000000001,8.0,-19.0,57.49999999999999,-46.199999999999996,16
5886,312625.0,-1.4000000000000001,0.6000000000000001,-2.5,-2.2,1.1,7.2,-8.5,53.50000000000001,-42.1,16
5887,312643.0,-1.3,0.6000000000000001,-2.5,-2.6,1.1,6.800000000000001,0.4,41.6,-30.5,16
5888,312663.0,-2.0,1.1,-3.9000000000000004,-2.9000000000000004,1.6,5.9,15.8,8.0,-2.2,16
5889,312675.0,-1.3,1.4000000000000001,-4.4,-2.3000000000000003,2.0,5.4,19.9,-19.400000000000002,20.0,16
5890,312697.0,-0.7000000000000001,1.7000000000000002,-4.2,-1.6,2.3000000000000003,5.5,16.900000000000002,-24.900000000000002,26.300000000000004,16
5891,312709.0,-0.2,1.8,-3.8000000000000003,-1.0,2.4000000000000004,6.0,5.300000000000001,-19.6,27.800000000000004,16
5892,312728.0,-0.30000000000000004,1.7000000000000002,-3.0,-1.1,2.3000000000000003,6.7,-7.9,-6.8,20.8,16
5893,312744.0,-0.4,1.5,-2.6,-1.2000000000000002,2.1,7.2,-12.8,-2.4000000000000004,18.0,16
5894,312760.0,-0.7000000000000001,1.3,-1.7000000000000002,-1.5,1.9000000000000001,8.0,-15.899999999999999,-0.1,17.300000000000004,16
5895,312776.0,-0.7000000000000001,1.1,-1.2000000000000002,-1.4000000000000001,1.6,8.9,-12.600000000000001,-0.1,22.6,16
5896,312792.0,-0.5,1.0,-0.4,-1.2000000000000002,1.5,9.3,-8.4,2.5,25.300000000000004,16
5897,312809.0,-0.1,1.0,-0.2,-0.8,1.6,9.5,2.4000000000000004,12.8,30.000000000000004,16
5898,312826.0,-0.1,1.0,-0.2,-0.8,1.6,9.5,7.1000000000000005,18.6,31.2,16
5899,312847.0,-0.1,1.2000000000000002,-0.4,-0.9,1.8,9.4,10.8,29.1,33.7,16
5900,312866.0,0.0,1.5,-0.2,-1.0,2.2,9.5,9.0,38.0,39.8,16
5901,312875.0,0.1,1.6,0.0,-1.0,2.2,9.8,6.9,32.300000000000004,41.800000000000004,16
5902,312893.0,0.4,1.5,0.8,-0.7000000000000001,2.2,10.5,4.800000000000001,23.800000000000004,43.6,16
5903,312909.0,1.1,1.2000000000000002,2.5,-0.1,2.0,12.3,4.1,5.9,44.10000000000001,16
5904,312925.0,1.1,1.2000000000000002,2.6,0.2,1.8,12.8,5.7,5.300000000000001,43.70000000000001,16
5905,312942.0,2.0,0.8,3.6,0.8,1.6,13.3,19.0,37.400000000000006,46.300000000000004,16
5906,312958.0,1.7000000000000002,2.2,0.8,0.30000000000000004,3.1,10.5,33.2,60.1,40.4,16
5907,312978.0,1.6,2.7,-0.30000000000000004,0.2,3.8000000000000003,9.5,11.3,38.800000000000004,27.3,16
5908,312996.0,1.7000000000000002,1.0,2.8000000000000003,0.1,2.1,12.4,-40.5,14.300000000000002,-2.1,16
5909,313009.0,0.7000000000000001,-0.2,4.9,-1.0,0.8,14.600000000000001,-56.0,9.2,-15.100000000000001,16
5910,313026.0,0.0,-1.0,5.9,-2.8000000000000003,-1.2000000000000002,16.3,-53.599999999999994,18.200000000000003,-17.300000000000004,16
5911,313042.0,-1.7000000000000002,-2.2,6.6000000000000005,-3.4000000000000004,-1.5,16.2,-39.2,30.599999999999998,-3.4,16
5912,313070.0,-1.1,-0.9,3.1,-3.0,-0.30000000000000004,12.700000000000001,17.400000000000002,31.799999999999997,63.900000000000006,16
5913,313075.0,-0.6000000000000001,-0.6000000000000001,2.5,-2.6,0.0,12.100000000000001,28.600000000000005,15.899999999999999,78.3,16
5914,313092.0,0.2,-0.2,1.8,-1.8,0.5,11.4,33.9,-4.2,85.69999999999999,16
5915,313110.0,1.2000000000000002,-0.30000000000000004,1.9000000000000001,-0.7000000000000001,0.6000000000000001,11.5,27.9,-39.400000000000006,83.10000000000001,16
5916,313127.0,1.7000000000000002,-1.0,2.5,0.0,0.0,12.100000000000001,14.400000000000002,-39.300000000000004,72.2,16
5917,313145.0,1.7000000000000002,-1.1,2.5,0.2,-0.1,12.200000000000001,10.200000000000001,-28.900000000000002,68.1,16
5918,313164.0,1.7000000000000002,-1.4000000000000001,2.3000000000000003,0.1,-0.30000000000000004,12.0,12.200000000000001,-7.200000000000001,62.900000000000006,16
5919,313175.0,1.6,-1.7000000000000002,1.4000000000000001,0.1,-0.5,11.0,27.9,6.8,65.8,16
5920,313192.0,1.6,-1.7000000000000002,0.30000000000000004,0.1,-0.4,9.9,39.8,9.899999999999999,70.3,16
5921,313211.0,2.1,-1.6,-1.2000000000000002,0.6000000000000001,-0.1,8.4,65.4,8.600000000000001,81.2,16
5922,313225.0,2.8000000000000003,-1.4000000000000001,-2.8000000000000003,1.3,0.4,6.7,81.0,6.600000000000001,83.60000000000001,16
5923,313242.0,3.0,-1.3,-3.3000000000000003,1.6,0.6000000000000001,6.2,81.8,8.2,80.10000000000001,16
5924,313259.0,3.3000000000000003,-1.1,-4.2,1.9000000000000001,1.1,5.2,72.50000000000001,18.200000000000003,65.4,16
5925,313275.0,3.2,-1.1,-4.5,1.6,1.5,4.800000000000001,55.2,26.1,46.1,16
5926,313293.0,2.9000000000000004,-0.9,-4.5,1.4000000000000001,1.6,4.9,47.0,25.1,37.400000000000006,16
5927,313309.0,2.7,-1.0,-4.0,1.2000000000000002,1.7000000000000002,5.300000000000001,35.599999999999994,18.4,24.5,16
5928,313328.0,2.7,-1.1,-3.3000000000000003,1.1,1.8,6.0,30.000000000000004,5.1000000000000005,20.900000000000002,16
5929,313346.0,2.8000000000000003,-1.2000000000000002,-2.9000000000000004,1.3,1.7000000000000002,6.4,30.5,-3.7000000000000006,21.1,16
5930,313363.0,3.0,-1.2000000000000002,-2.4000000000000004,1.5,1.8,6.800000000000001,34.400000000000006,-18.5,24.3,16
5931,313376.0,3.4000000000000004,-1.0,-2.3000000000000003,2.0,2.1,6.9,28.0,-22.3,28.600000000000005,16
5932,313392.0,3.7,-0.8,-2.0,2.4000000000000004,2.4000000000000004,7.2,18.700000000000003,-22.3,29.1,16
5933,313409.0,3.7,-0.5,-1.2000000000000002,2.5,2.7,8.0,1.8000000000000003,-14.900000000000002,23.099999999999998,16
5934,313426.0,3.5,-0.4,-1.1,1.5,3.3000000000000003,8.0,-0.8,-12.5,20.0,16
5935,313445.0,2.2,0.1,-1.2000000000000002,1.0,3.3000000000000003,8.0,-7.200000000000001,-12.7,7.200000000000001,16
5936,313463.0,1.3,0.2,-0.30000000000000004,0.2,3.5,8.9,-17.1,-38.400000000000006,5.6,16
5937,313475.0,2.9000000000000004,0.5,1.0,1.9000000000000001,3.7,10.200000000000001,-24.3,-68.80000000000001,13.200000000000003,16
5938,313492.0,4.0,1.3,1.6,3.2,4.5,10.9,-32.0,-80.60000000000001,9.2,16
5939,313509.0,4.800000000000001,0.6000000000000001,4.800000000000001,4.3,3.6,14.100000000000001,-75.00000000000001,-82.10000000000001,-37.300000000000004,16
5940,313525.0,4.5,-0.4,6.300000000000001,4.1000000000000005,2.5,15.700000000000001,-96.80000000000001,-61.9,-68.1,16
5941,313545.0,2.0,-2.1,8.3,1.7000000000000002,0.4,17.7,-98.0,-2.4000000000000004,-106.9,16
5942,313562.0,-0.5,-2.7,6.7,-1.0,-0.5,16.3,-51.70000000000001,37.7,-101.7,16
5943,313575.0,-0.9,-2.7,5.2,-1.5,-0.5,14.700000000000001,-24.599999999999998,37.7,-84.3,16
5944,313592.0,0.2,-2.0,2.8000000000000003,-0.5,0.1,12.4,18.200000000000003,2.4000000000000004,-48.70000000000001,16
5945,313609.0,2.3000000000000003,-1.6,0.8,1.5,0.5,10.4,39.9,-18.8,-36.0,16
5946,313625.0,2.8000000000000003,-1.4000000000000001,0.1,2.0,0.8,9.600000000000001,42.0,-14.100000000000001,-40.2,16
5947,313642.0,3.0,-0.9,-1.8,2.3000000000000003,1.5,7.7,27.5,15.6,-63.900000000000006,16
5948,313659.0,2.4000000000000004,-0.8,-3.0,1.5,1.6,6.5,-2.5,48.50000000000001,-92.60000000000001,16
5949,313678.0,1.2000000000000002,-1.0,-3.1,0.1,1.4000000000000001,6.300000000000001,-26.300000000000004,59.40000000000001,-112.4,16
5950,313694.0,0.4,-1.1,-3.0,-0.8,1.1,6.4,-31.0,54.199999999999996,-116.30000000000001,16
5951,313710.0,-0.7000000000000001,-1.2000000000000002,-2.7,-2.2,0.9,6.7,-31.2,30.200000000000003,-110.0,16
5952,313728.0,-0.9,-1.1,-2.3000000000000003,-2.6,0.8,7.2,-24.1,9.700000000000001,-84.1,16
5953,313743.0,-0.7000000000000001,-0.9,-2.2,-2.4000000000000004,0.9,7.300000000000001,-17.9,6.500000000000001,-67.60000000000001,16
5954,313764.0,0.2,-0.30000000000000004,-2.7,-1.6,1.5,6.800000000000001,-4.0,11.4,-40.9,16
5955,313776.0,0.5,0.2,-3.2,-1.3,2.0,6.300000000000001,0.8,14.900000000000002,-33.1,16
5956,313792.0,0.8,0.9,-3.9000000000000004,-1.1,2.7,5.6000000000000005,3.2,18.900000000000002,-24.3,16
5957,313809.0,1.0,1.3,-4.2,-1.0,3.1,5.300000000000001,-4.0,15.700000000000001,-22.3,16
5958,313825.0,1.0,1.6,-3.7,-1.0,3.3000000000000003,5.800000000000001,-18.4,6.8,-24.200000000000003,16
5959,313842.0,1.1,1.5,-3.2,-1.0,3.1,6.2,-26.200000000000003,2.7,-25.1,16
5960,313859.0,1.1,1.2000000000000002,-1.6,-0.9,2.7,7.9,-36.8,-0.8,-24.3,16
5961,313883.0,1.3,1.2000000000000002,-0.1,-0.8,2.6,9.4,-37.9,-0.2,-21.0,16
5962,313893.0,1.3,1.2000000000000002,-0.1,-0.7000000000000001,2.7,10.0,-37.9,-0.2,-21.0,16
5963,313910.0,1.4000000000000001,1.5,0.8,-0.7000000000000001,2.7,10.3,-28.500000000000004,12.100000000000001,-18.4,16
5964,313926.0,1.2000000000000002,1.7000000000000002,0.8,-1.0,2.8000000000000003,10.3,-24.5,22.9,-18.5,16
5965,313942.0,1.0,1.8,0.8,-1.2000000000000002,2.9000000000000004,10.3,-24.1,24.0,-17.1,16
5966,313959.0,0.9,1.9000000000000001,1.4000000000000001,-1.4000000000000001,2.9000000000000004,10.9,-25.900000000000002,13.700000000000001,-13.700000000000001,16
5967,313978.0,0.9,1.8,2.7,-1.4000000000000001,2.7,12.100000000000001,-29.700000000000006,0.8,-8.100000000000001,16
5968,313993.0,1.2000000000000002,1.7000000000000002,3.6,-1.1,2.5,13.100000000000001,-30.3,-5.300000000000001,-5.2,16
5969,314009.0,1.8,1.8,4.9,-0.5,2.5,14.4,-27.099999999999998,-11.2,0.4,16
5970,314029.0,2.4000000000000004,2.5,5.1000000000000005,0.1,3.1,14.700000000000001,-16.900000000000002,-8.0,2.2,16
5971,314043.0,2.4000000000000004,2.7,5.0,0.2,3.4000000000000004,14.600000000000001,-14.0,-8.100000000000001,-1.0,16
5972,314059.0,2.4000000000000004,2.8000000000000003,5.300000000000001,0.2,3.4000000000000004,14.8,-23.2,-8.0,-16.0,16
5973,314084.0,1.8,1.3,6.1000000000000005,-0.4,1.8,15.600000000000001,-36.400000000000006,7.200000000000001,-32.5,16
5974,314097.0,0.9,0.30000000000000004,6.1000000000000005,-1.9000000000000001,0.30000000000000004,15.200000000000001,-34.60000000000001,16.5,-36.1,16
5975,314109.0,-0.5,-0.30000000000000004,4.6000000000000005,-2.8000000000000003,-0.1,14.100000000000001,-11.2,27.099999999999998,-22.000000000000004,16
5976,314127.0,-0.7000000000000001,-0.1,2.6,-3.1,0.1,12.100000000000001,16.8,10.9,8.700000000000001,16
5977,314142.0,-0.6000000000000001,0.0,2.1,-2.9000000000000004,0.2,11.600000000000001,27.3,-5.9,22.9,16
5978,314159.0,0.5,0.1,1.3,-1.8,0.6000000000000001,10.8,42.400000000000006,-39.400000000000006,42.60000000000001,16
5979,314175.0,1.0,0.4,0.8,-0.8,1.1,9.9,50.3,-48.6,46.50000000000001,16
5980,314193.0,1.5,0.7000000000000001,-0.2,-0.5,1.4000000000000001,9.4,47.900000000000006,-45.0,42.900000000000006,16
5981,314209.0,1.3,0.7000000000000001,-0.7000000000000001,-0.6000000000000001,1.6,8.9,32.5,-31.7,30.699999999999996,16
5982,314227.0,0.6000000000000001,0.2,-0.5,-1.2000000000000002,1.2000000000000002,9.1,18.200000000000003,-14.100000000000001,20.3,16
5983,314244.0,0.4,0.0,-0.5,-1.4000000000000001,1.1,9.1,17.400000000000002,-6.500000000000001,18.8,16
5984,314260.0,-0.1,-0.2,-1.0,-1.9000000000000001,0.9,8.5,26.300000000000004,0.6000000000000001,22.8,16
5985,314276.0,-0.30000000000000004,-0.30000000000000004,-2.0,-2.0,1.0,7.5,38.50000000000001,-3.1,31.5,16
5986,314294.0,-0.30000000000000004,-0.30000000000000004,-2.6,-2.0,1.0,7.0,42.400000000000006,-6.9,37.2,16
5987,314309.0,0.1,-0.1,-3.3000000000000003,-1.6,1.4000000000000001,6.300000000000001,42.900000000000006,-11.700000000000001,45.5,16
5988,314328.0,0.5,-0.2,-3.3000000000000003,-1.1,1.4000000000000001,6.300000000000001,39.1,-14.5,47.2,16
5989,314347.0,0.5,-0.2,-3.2,-1.0,1.6,6.300000000000001,37.2,-12.100000000000001,47.0,16
5990,314359.0,0.6000000000000001,-0.2,-3.3000000000000003,-1.0,1.6,6.2,37.1,-9.5,45.8,16
5991,314376.0,0.4,-0.2,-3.4000000000000004,-1.1,1.8,6.1000000000000005,34.7,-4.0,42.3,16
5992,314392.0,0.4,-0.2,-3.3000000000000003,-1.1,1.9000000000000001,6.2,32.2,-2.5,40.4,16
5993,314408.0,0.30000000000000004,-0.2,-3.2,-1.1,2.0,6.300000000000001,26.9,-0.8,35.5,16
5994,314425.0,0.30000000000000004,-0.2,-3.2,-1.1,2.0,6.5,23.800000000000004,0.8,33.400000000000006,16
5995,314442.0,0.30000000000000004,-0.4,-2.9000000000000004,-1.1,2.0,6.800000000000001,15.6,4.300000000000001,30.200000000000003,16
5996,314459.0,0.2,-0.30000000000000004,-2.2,-1.1,2.1,7.2,10.1,8.899999999999999,28.3,16
5997,314481.0,0.30000000000000004,-0.2,-2.1,-1.1,2.2,7.4,5.1000000000000005,14.400000000000002,28.200000000000003,16
5998,314492.0,0.6000000000000001,-0.1,-1.8,-0.8,2.4000000000000004,7.6000000000000005,0.30000000000000004,14.300000000000002,28.1,16
5999,314509.0,1.2000000000000002,0.0,-0.9,-0.2,2.5,8.5,-13.000000000000002,8.5,25.300000000000004,16
6000,314528.0,1.7000000000000002,-0.1,0.30000000000000004,0.30000000000000004,2.4000000000000004,9.700000000000001,-30.5,2.6,15.2,16
6001,314542.0,1.8,-0.1,0.9,0.4,2.2,10.3,-39.50000000000001,6.4,7.200000000000001,16
6002,314561.0,1.7000000000000002,-0.2,1.8,0.1,1.9000000000000001,11.700000000000001,-52.7,32.7,-6.9,16
6003,314575.0,1.1,-0.2,2.6,-0.8,1.7000000000000002,11.8,-49.699999999999996,55.900000000000006,-10.4,16
6004,314592.0,0.6000000000000001,-0.1,2.0,-1.1,1.8,11.4,-45.8,50.5,-7.1000000000000005,16
6005,314608.0,0.8,0.0,2.7,-1.0,1.8,12.200000000000001,-46.7,10.8,-0.5,16
6006,314629.0,1.1,-0.4,3.4000000000000004,-0.2,0.8,14.3,-52.2,-15.100000000000001,7.200000000000001,16
6007,314642.0,1.6,-0.8,4.800000000000001,0.2,0.6000000000000001,14.8,-49.50000000000001,-16.200000000000003,12.7,16
6008,314661.0,2.8000000000000003,-1.7000000000000002,5.7,1.1,-0.30000000000000004,15.3,-38.60000000000001,6.1000000000000005,20.8,16
6009,314677.0,3.2,-1.9000000000000001,4.7,1.4000000000000001,-0.6000000000000001,14.3,-19.700000000000003,25.6,29.900000000000006,16
6010,314696.0,3.4000000000000004,-1.8,3.6,1.8,-0.5,12.5,-0.7,7.0,40.300000000000004,16
6011,314711.0,4.2,-1.5,2.3000000000000003,2.4000000000000004,-0.2,11.9,5.500000000000001,-11.5,44.5,16
6012,314728.0,5.1000000000000005,-1.1,1.3,3.3000000000000003,0.2,10.9,12.600000000000001,-41.199999999999996,40.9,16
6013,314745.0,5.0,-1.1,1.3,3.5,0.4,10.700000000000001,11.3,-47.400000000000006,34.0,16
6014,314760.0,4.800000000000001,-0.4,0.2,3.3000000000000003,1.0,9.8,0.7,-40.300000000000004,13.100000000000001,16
6015,314781.0,3.9000000000000004,-0.2,-0.4,2.5,1.2000000000000002,9.200000000000001,-11.8,-21.900000000000002,-5.7,16
6016,314796.0,2.6,-0.2,-0.8,1.2000000000000002,1.1,8.8,-23.5,4.6,-25.7,16
6017,314809.0,1.6,-0.30000000000000004,-1.2000000000000002,0.30000000000000004,1.0,8.4,-23.700000000000003,12.0,-31.099999999999998,16
6018,314826.0,0.7000000000000001,-0.1,-2.1,-0.7000000000000001,1.1,7.5,-16.1,8.8,-30.1,16
6019,314842.0,0.5,0.0,-2.4000000000000004,-1.0,1.2000000000000002,7.2,-11.700000000000001,2.2,-25.5,16
6020,314859.0,0.4,0.30000000000000004,-3.0,-1.0,1.5,6.7,-6.0,-11.5,-12.8,16
6021,314876.0,0.7000000000000001,0.6000000000000001,-3.2,-0.7000000000000001,1.7000000000000002,6.4,-3.8,-12.8,-3.7000000000000006,16
6022,314892.0,0.8,0.8,-3.4000000000000004,-0.6000000000000001,1.9000000000000001,6.300000000000001,-2.6,-9.899999999999999,-1.4,16
6023,314909.0,0.8,1.0,-3.9000000000000004,-0.5,2.1,5.800000000000001,0.1,-1.3,-0.5,16
6024,314930.0,0.6000000000000001,1.0,-4.4,-0.7000000000000001,2.2,5.2,-1.1,8.2,-1.8000000000000003,16
6025,314944.0,0.5,1.0,-4.5,-0.9,2.1,5.2,-3.3000000000000007,12.100000000000001,-1.5,16
6026,314962.0,0.30000000000000004,0.9,-4.3,-1.1,2.0,5.4,-9.700000000000001,14.600000000000001,0.8,16
6027,314975.0,0.30000000000000004,0.9,-3.2,-1.1,2.0,6.4,-19.9,17.6,4.1,16
6028,314992.0,0.30000000000000004,1.0,-2.1,-1.2000000000000002,2.0,7.6000000000000005,-23.099999999999998,18.900000000000002,4.1,16
6029,315009.0,0.1,1.0,-0.5,-1.5,1.9000000000000001,9.200000000000001,-24.200000000000003,18.8,2.0,16
6030,315025.0,-0.2,0.9,1.5,-1.8,1.8,11.100000000000001,-18.900000000000002,13.900000000000002,3.2,16
6031,315042.0,-0.2,0.9,1.5,-1.8,1.7000000000000002,11.9,-15.899999999999999,10.600000000000001,5.300000000000001,16
6032,315059.0,0.30000000000000004,0.7000000000000001,4.3,-1.4000000000000001,1.5,13.9,-9.3,8.700000000000001,9.0,16
6033,315075.0,0.7000000000000001,0.7000000000000001,5.2,-0.8,1.4000000000000001,15.200000000000001,0.2,17.0,5.300000000000001,16
6034,315092.0,1.3,0.30000000000000004,5.7,-0.4,1.1,15.3,4.2,26.700000000000003,2.0,16
6035,315109.0,1.7000000000000002,0.30000000000000004,5.0,-0.2,1.1,14.600000000000001,7.400000000000001,51.300000000000004,-4.6,16
6036,315126.0,1.6,0.4,4.5,-0.4,1.2000000000000002,14.0,0.4,59.20000000000001,-13.700000000000001,16
6037,315142.0,1.6,0.30000000000000004,4.5,-0.5,1.1,14.0,-7.300000000000001,58.1,-17.6,16
6038,315159.0,1.6,-0.4,5.1000000000000005,-0.7000000000000001,0.4,14.600000000000001,-20.2,54.9,-21.900000000000002,16
6039,315177.0,1.2000000000000002,-1.5,5.5,-1.3,-0.8,15.0,-18.3,47.1,-15.5,16
6040,315193.0,0.9,-1.9000000000000001,5.2,-1.6,-1.2000000000000002,14.700000000000001,-8.8,42.7,-5.2,16
6041,315210.0,1.4000000000000001,-1.8,3.6,-1.3,-1.2000000000000002,13.0,23.800000000000004,26.6,24.0,16
6042,315228.0,1.7000000000000002,-1.6,2.7,-0.30000000000000004,-0.4,10.4,46.7,6.8,43.900000000000006,16
6043,315244.0,2.8000000000000003,-1.0,0.30000000000000004,0.0,-0.1,9.700000000000001,56.0,-8.4,53.0,16
6044,315259.0,4.0,-0.30000000000000004,-0.8,1.3,0.8,8.5,57.00000000000001,-34.1,56.300000000000004,16
6045,315276.0,4.6000000000000005,0.1,-1.1,2.0,1.4000000000000001,8.3,42.400000000000006,-42.400000000000006,40.7,16
6046,315299.0,4.4,0.0,-0.9,2.0,1.5,8.5,23.2,-34.300000000000004,13.200000000000003,16
6047,315309.0,3.9000000000000004,-0.2,-0.6000000000000001,1.6,1.3,8.8,13.5,-26.799999999999997,-1.6,16
6048,315328.0,2.7,-0.7000000000000001,-0.1,0.5,0.8,9.3,-0.4,-11.700000000000001,-26.1,16
6049,315343.0,2.3000000000000003,-0.9,0.0,0.1,0.6000000000000001,9.4,-2.8,-7.400000000000001,-34.50000000000001,16
6050,315359.0,1.2000000000000002,-1.3,0.1,-1.0,0.2,9.5,-0.30000000000000004,-3.6000000000000005,-41.50000000000001,16
6051,315377.0,0.7000000000000001,-1.4000000000000001,0.0,-1.5,0.0,9.4,4.0,-3.5,-39.400000000000006,16
6052,315392.0,0.30000000000000004,-1.5,-0.6000000000000001,-1.9000000000000001,0.0,8.8,17.1,-7.0,-27.6,16
6053,315409.0,0.7000000000000001,-1.1,-1.6,-1.5,0.4,7.9,31.400000000000002,-14.800000000000002,-11.900000000000002,16
6054,315425.0,0.7000000000000001,-1.1,-1.6,-1.2000000000000002,0.5,7.5,36.7,-19.300000000000004,-6.0,16
6055,315442.0,1.7000000000000002,-0.8,-2.7,-0.4,0.9,6.7,41.199999999999996,-21.7,-0.8,16
6056,315459.0,1.9000000000000001,-0.6000000000000001,-3.1,0.1,1.3,6.2,37.800000000000004,-15.100000000000001,-3.9,16
6057,315478.0,2.1,-0.2,-3.2,0.1,1.8,6.2,28.800000000000004,-4.0,-13.200000000000003,16
6058,315494.0,2.1,0.0,-2.8000000000000003,0.1,2.0,6.5,21.400000000000002,5.300000000000001,-25.900000000000002,16
6059,315509.0,1.9000000000000001,0.0,-2.6,-0.1,2.1,6.800000000000001,18.8,8.600000000000001,-33.300000000000004,16
6060,315527.0,1.0,-0.1,-2.4000000000000004,-1.1,2.0,7.0,16.200000000000003,12.4,-44.4,16
6061,315543.0,0.7000000000000001,0.0,-2.3000000000000003,-1.4000000000000001,2.0,7.1000000000000005,15.000000000000002,12.9,-46.1,16
6062,315561.0,0.30000000000000004,0.0,-2.1,-1.9000000000000001,2.1,7.2,12.9,12.200000000000001,-45.6,16
6063,315578.0,0.1,0.30000000000000004,-1.2000000000000002,-2.1,2.3000000000000003,8.1,5.1000000000000005,3.9,-42.60000000000001,16
6064,315596.0,0.1,0.30000000000000004,-1.2000000000000002,-2.1,2.3000000000000003,8.1,5.1000000000000005,3.9,-42.60000000000001,16
6065,315614.0,0.7000000000000001,0.0,1.3,-1.6,2.0,10.600000000000001,-11.1,-7.0,-38.800000000000004,16
6066,315625.0,1.0,0.0,2.2,-1.3,1.9000000000000001,11.600000000000001,-11.900000000000002,-1.9,-38.60000000000001,16
6067,315642.0,1.0,0.0,2.2,-1.2000000000000002,1.9000000000000001,11.8,-11.000000000000002,-0.2,-38.800000000000004,16
6068,315659.0,1.3,0.2,2.7,-1.0,2.0,12.100000000000001,-10.700000000000001,3.0,-39.300000000000004,16
6069,315680.0,1.9000000000000001,0.5,2.5,-0.4,2.3000000000000003,11.9,-12.200000000000001,4.1,-40.0,16
6070,315699.0,2.5,0.5,2.8000000000000003,0.2,2.3000000000000003,12.200000000000001,-16.900000000000002,-0.5,-42.7,16
6071,315709.0,3.2,-0.2,4.9,0.8,1.4000000000000001,14.3,-38.900000000000006,-10.5,-58.3,16
6072,315725.0,3.3000000000000003,-1.5,6.6000000000000005,1.0,0.0,16.1,-50.1,-2.7,-75.00000000000001,16
6073,315742.0,3.1,-1.8,7.1000000000000005,0.7000000000000001,-0.5,16.5,-44.2,1.3,-79.1,16
6074,315759.0,2.8000000000000003,-2.8000000000000003,6.4,0.4,-1.6,15.9,-14.5,-1.1,-75.7,16
6075,315775.0,3.4000000000000004,-2.8000000000000003,4.6000000000000005,1.0,-1.7000000000000002,14.0,19.6,-15.5,-57.400000000000006,16
6076,315793.0,4.2,-2.5,3.2,1.8,-1.5,12.700000000000001,35.0,-28.600000000000005,-48.9,16
6077,315809.0,5.300000000000001,-1.9000000000000001,1.2000000000000002,2.9000000000000004,-0.8,10.700000000000001,55.0,-53.2,-44.8,16
6078,315825.0,5.2,-2.0,1.2000000000000002,3.2,-0.6000000000000001,10.100000000000001,58.60000000000001,-57.9,-49.9,16
6079,315842.0,5.300000000000001,-1.3,-1.1,3.2,0.0,8.4,53.400000000000006,-48.400000000000006,-70.10000000000001,16
6080,315871.0,4.1000000000000005,-0.7000000000000001,-2.9000000000000004,2.2,0.8,6.6000000000000005,20.400000000000002,-13.8,-113.89999999999999,16
6081,315878.0,3.5,-0.8,-3.0,1.6,0.7000000000000001,6.5,5.6,-4.4,-129.60000000000002,16
6082,315893.0,2.4000000000000004,-0.9,-2.5,0.4,0.6000000000000001,7.0,-7.1000000000000005,1.1,-143.4,16
6083,315911.0,0.5,-1.2000000000000002,-1.8,-1.6,0.2,7.7,-18.8,4.5,-158.50000000000003,16
6084,315925.0,0.0,-1.2000000000000002,-1.6,-2.1,0.0,7.9,-18.6,6.0,-157.60000000000002,16
6085,315942.0,-1.1,-1.0,-1.6,-3.3000000000000003,0.1,7.9,-7.6,6.9,-143.0,16
6086,315965.0,-1.7000000000000002,-0.5,-2.2,-4.0,0.7000000000000001,6.9,7.8,-3.2,-118.00000000000001,16
6087,315978.0,-1.6,0.0,-2.7,-3.8000000000000003,0.9,6.800000000000001,14.300000000000002,-22.9,-92.39999999999999,16
6088,315992.0,-1.2000000000000002,0.2,-2.6,-3.5,1.0,6.9,14.600000000000001,-32.400000000000006,-81.60000000000001,16
6089,316009.0,-0.30000000000000004,0.30000000000000004,-2.2,-2.4000000000000004,1.1,7.4,17.400000000000002,-40.1,-66.0,16
6090,316026.0,0.0,0.30000000000000004,-2.2,-2.1,1.2000000000000002,7.4,19.6,-38.60000000000001,-61.7,16
6091,316042.0,0.4,0.5,-2.5,-1.6,1.4000000000000001,7.0,21.900000000000002,-31.3,-58.7,16
6092,316059.0,0.6000000000000001,0.6000000000000001,-2.7,-1.2000000000000002,1.6,6.9,16.5,-27.0,-61.8,16
6093,316081.0,0.7000000000000001,0.7000000000000001,-2.7,-1.1,1.7000000000000002,6.9,6.1000000000000005,-19.1,-68.0,16
6094,316092.0,0.5,0.8,-2.5,-1.3,1.7000000000000002,7.1000000000000005,-0.7,-11.000000000000002,-71.10000000000001,16
6095,316111.0,0.0,0.8,-2.0,-1.8,1.7000000000000002,7.6000000000000005,-14.100000000000001,7.1000000000000005,-75.1,16
6096,316128.0,-0.7000000000000001,1.0,-1.1,-2.6,1.7000000000000002,8.5,-22.4,10.700000000000001,-71.7,16
6097,316144.0,-0.8,1.0,-0.6000000000000001,-2.7,1.7000000000000002,9.0,-23.5,8.600000000000001,-69.60000000000001,16
6098,316163.0,-0.9,1.1,0.1,-2.8000000000000003,1.7000000000000002,10.0,-24.1,-3.7000000000000006,-57.60000000000001,16
6099,316177.0,-0.2,1.3,1.6,-2.1,1.8,11.200000000000001,-23.900000000000006,-14.400000000000002,-42.5,16
6100,316193.0,0.4,1.5,2.5,-1.5,1.9000000000000001,12.100000000000001,-24.1,-15.899999999999999,-36.1,16
6101,316210.0,1.2000000000000002,1.9000000000000001,3.1,-0.6000000000000001,2.2,12.700000000000001,-19.9,-7.300000000000001,-29.300000000000004,16
6102,316229.0,1.7000000000000002,2.8000000000000003,2.2,-0.1,3.0,11.8,-16.6,10.1,-31.0,16
6103,316245.0,1.8,3.4000000000000004,1.8,-0.1,3.6,11.4,-21.6,15.100000000000001,-35.599999999999994,16
6104,316277.0,1.8,2.4000000000000004,5.2,-0.4,1.5,16.400000000000002,-93.2,-2.9,-87.60000000000001,16
6105,316292.0,0.8,-0.1,9.4,-1.1,-0.5,19.0,-96.9,0.2,-95.5,16
6106,316309.0,-1.0,-1.0,9.8,-2.9000000000000004,-1.7000000000000002,19.400000000000002,-60.2,23.5,-85.80000000000001,16
6107,316325.0,-1.3,-0.6000000000000001,7.0,-3.3000000000000003,-1.6,16.6,5.6,29.800000000000004,-40.7,16
6108,316342.0,-0.9,-0.2,5.300000000000001,-2.9000000000000004,-1.1,14.9,33.9,20.3,-15.000000000000002,16
6109,316363.0,0.8,0.8,1.9000000000000001,-1.2000000000000002,0.0,11.5,71.5,-19.200000000000003,22.000000000000004,16
6110,316375.0,2.5,1.3,-0.1,0.5,0.7000000000000001,9.5,82.3,-52.900000000000006,31.7,16
6111,316392.0,3.2,1.6,-1.0,1.3,1.2000000000000002,8.6,80.30000000000001,-60.400000000000006,27.0,16
6112,316409.0,3.3000000000000003,1.8,-2.1,1.7000000000000002,1.6,7.5,65.4,-53.9,5.500000000000001,16
6113,316427.0,3.2,1.7000000000000002,-2.4000000000000004,1.6,1.7000000000000002,7.300000000000001,53.400000000000006,-41.900000000000006,-8.600000000000001,16
6114,316444.0,1.6,0.7000000000000001,-2.2,0.2,0.9,7.5,17.300000000000004,-3.2,-45.400000000000006,16
6115,316464.0,1.0,0.4,-2.0,-0.4,0.6000000000000001,7.7,12.600000000000001,2.9,-50.60000000000001,16
6116,316475.0,0.0,0.0,-1.9000000000000001,-1.5,0.30000000000000004,7.800000000000001,14.200000000000001,0.1,-49.4,16
6117,316492.0,-0.30000000000000004,0.0,-1.8,-1.7000000000000002,0.2,7.9,17.5,-5.2,-44.2,16
6118,316510.0,-0.4,-0.2,-1.8,-1.8,0.1,7.9,26.1,-17.1,-31.2,16
6119,316525.0,-0.30000000000000004,-0.2,-1.7000000000000002,-1.6,0.1,8.0,31.0,-19.6,-23.700000000000003,16
6120,316542.0,0.30000000000000004,0.0,-2.0,-1.0,0.5,7.7,42.400000000000006,-20.0,-13.3,16
6121,316563.0,0.4,0.2,-2.6,-0.8,0.9,6.800000000000001,49.199999999999996,-18.4,-10.700000000000001,16
6122,316575.0,0.5,0.5,-3.3000000000000003,-0.7000000000000001,1.2000000000000002,6.4,48.300000000000004,-16.5,-10.8,16
6123,316592.0,0.5,0.5,-3.6,-0.6000000000000001,1.4000000000000001,6.1000000000000005,42.3,-14.300000000000002,-12.100000000000001,16
6124,316608.0,0.7000000000000001,0.6000000000000001,-3.3000000000000003,-0.5,1.6,6.4,33.6,-14.600000000000001,-14.100000000000001,16
6125,316636.0,0.4,0.8,-3.1,-0.6000000000000001,1.9000000000000001,6.6000000000000005,28.800000000000004,-12.200000000000001,-20.3,16
6126,316642.0,0.4,0.8,-3.1,-0.6000000000000001,1.9000000000000001,6.6000000000000005,28.800000000000004,-12.200000000000001,-20.3,16
6127,316664.0,0.2,1.2000000000000002,-3.3000000000000003,-0.8,2.4000000000000004,6.4,20.400000000000002,-4.0,-25.4,16
6128,316675.0,0.1,1.4000000000000001,-2.7,-0.9,2.6,7.0,3.8,-0.1,-34.7,16
6129,316692.0,0.0,1.3,-2.1,-1.1,2.5,7.6000000000000005,-4.7,1.2000000000000002,-40.300000000000004,16
6130,316710.0,-0.4,1.1,-1.0,-1.5,2.3000000000000003,8.6,-16.700000000000003,3.2,-47.60000000000001,16
6131,316726.0,-0.6000000000000001,1.2000000000000002,-0.30000000000000004,-1.7000000000000002,2.3000000000000003,9.4,-22.4,-1.1,-47.2,16
6132,316742.0,-0.6000000000000001,1.2000000000000002,-0.30000000000000004,-1.6,2.4000000000000004,9.700000000000001,-26.400000000000006,-4.0,-45.3,16
6133,316759.0,0.0,1.6,1.3,-1.1,2.6,11.0,-38.300000000000004,-4.800000000000001,-43.800000000000004,16
6134,316775.0,0.30000000000000004,1.9000000000000001,2.4000000000000004,-0.8,2.6,12.100000000000001,-47.5,4.7,-48.6,16
6135,316792.0,0.1,1.9000000000000001,2.6,-1.0,2.6,12.3,-49.9,9.3,-52.7,16
6136,316808.0,-0.30000000000000004,2.1,2.8000000000000003,-1.5,2.6,12.5,-56.50000000000001,12.200000000000001,-60.1,16
6137,316825.0,-0.9,1.6,3.7,-2.1,1.9000000000000001,13.5,-65.5,5.1000000000000005,-61.7,16
6138,316842.0,-0.9,1.8,3.7,-2.2,1.5,14.0,-66.9,-0.5,-59.00000000000001,16
6139,316862.0,-1.0,0.7000000000000001,5.0,-2.0,0.1,15.100000000000001,-62.900000000000006,-7.400000000000001,-45.400000000000006,16
6140,316876.0,0.4,-0.9,6.2,-0.8,-1.2000000000000002,16.0,-52.00000000000001,-8.600000000000001,-26.700000000000003,16
6141,316894.0,1.1,-1.4000000000000001,6.5,-0.1,-1.8,16.3,-42.60000000000001,-10.8,-15.8,16
6142,316909.0,2.5,-1.4000000000000001,6.4,1.3,-2.0,16.2,-9.600000000000001,-23.0,8.600000000000001,16
6143,316927.0,3.8000000000000003,-1.0,4.5,2.7,-1.5,14.200000000000001,36.300000000000004,-34.1,26.300000000000004,16
6144,316947.0,4.5,-0.2,1.0,3.6,-0.6000000000000001,10.8,65.5,-32.9,25.1,16
6145,316971.0,4.5,0.4,-2.0,3.7,0.2,7.7,66.9,-26.000000000000004,8.4,16
6146,316978.0,4.4,0.6000000000000001,-2.9000000000000004,3.6,0.6000000000000001,6.9,58.1,-20.8,-4.5,16
6147,316993.0,4.0,0.9,-3.9000000000000004,3.3000000000000003,1.0,5.9,44.7,-16.4,-19.6,16
6148,317009.0,3.0,0.8,-4.0,2.3000000000000003,1.0,5.800000000000001,14.800000000000002,-9.3,-49.1,16
6149,317025.0,3.0,0.8,-4.0,1.9000000000000001,0.9,6.0,3.6000000000000005,-5.8,-60.900000000000006,16
6150,317042.0,1.2000000000000002,0.30000000000000004,-3.2,0.6000000000000001,0.5,6.6000000000000005,-3.6000000000000005,-2.2,-72.30000000000001,16
6151,317065.0,-0.1,0.2,-3.1,-0.7000000000000001,0.30000000000000004,6.7,3.8,-7.300000000000001,-69.9,16
6152,317075.0,-0.2,0.30000000000000004,-3.2,-0.9,0.4,6.6000000000000005,8.600000000000001,-13.200000000000003,-65.4,16
6153,317092.0,-0.2,0.6000000000000001,-3.5,-0.8,0.8,6.300000000000001,12.7,-18.200000000000003,-60.5,16
6154,317109.0,0.0,0.8,-3.6,-0.6000000000000001,1.0,6.1000000000000005,12.8,-21.6,-55.8,16
6155,317126.0,0.0,0.9,-3.6,-0.5,1.1,6.2,9.899999999999999,-18.6,-56.10000000000001,16
6156,317142.0,0.0,0.9,-3.6,-0.5,1.2000000000000002,6.2,2.5,-9.2,-59.60000000000001,16
6157,317165.0,-0.30000000000000004,1.0,-2.9000000000000004,-0.8,1.2000000000000002,6.9,-11.900000000000002,-2.2,-67.3,16
6158,317175.0,-0.30000000000000004,1.0,-2.9000000000000004,-0.9,1.2000000000000002,7.2,-15.899999999999999,1.5,-69.10000000000001,16
6159,317192.0,-0.4,1.0,-2.6,-1.1,1.2000000000000002,7.7,-19.0,6.600000000000001,-70.6,16
6160,317209.0,-0.8,1.1,-2.0,-1.6,1.1,8.1,-21.400000000000002,18.4,-69.80000000000001,16
6161,317228.0,-1.2000000000000002,1.1,-1.2000000000000002,-1.8,1.1,8.6,-20.7,22.9,-60.400000000000006,16
6162,317242.0,-1.1,1.1,-0.9,-1.7000000000000002,1.1,8.9,-18.1,22.000000000000004,-53.8,16
6163,317263.0,-0.7000000000000001,1.5,-1.0,-1.4000000000000001,1.4000000000000001,8.8,-8.700000000000001,20.7,-37.1,16
6164,317276.0,-0.4,2.2,-1.4000000000000001,-1.0,2.3000000000000003,8.200000000000001,-4.6,17.799999999999997,-24.3,16
6165,317295.0,0.1,3.2,-1.7000000000000002,-0.7000000000000001,3.1,8.1,-10.700000000000001,13.6,-20.900000000000002,16
6166,317310.0,0.0,3.6,-1.5,-0.8,3.4000000000000004,8.200000000000001,-17.0,13.5,-21.300000000000004,16
6167,317328.0,-0.30000000000000004,3.9000000000000004,-0.5,-1.2000000000000002,3.6,9.3,-33.50000000000001,13.3,-24.8,16
6168,317342.0,-0.30000000000000004,3.9000000000000004,-0.5,-1.4000000000000001,3.5,9.9,-41.4,11.6,-26.200000000000003,16
6169,317368.0,-1.1,3.7,3.2,-2.0,3.1,12.9,-47.5,3.6000000000000005,-17.1,16
6170,317375.0,-1.1,3.8000000000000003,3.6,-2.1,3.2,13.4,-40.9,4.1,-10.4,16
6171,317394.0,-0.9,4.0,3.7,-1.7000000000000002,3.5,13.0,-18.6,11.000000000000002,6.600000000000001,16
6172,317409.0,-0.7000000000000001,5.4,2.1,-1.6,4.6000000000000005,11.8,-9.8,11.1,11.000000000000002,16
6173,317425.0,0.0,5.4,1.4000000000000001,-1.0,4.6000000000000005,11.100000000000001,-18.200000000000003,-7.200000000000001,5.6,16
6174,317442.0,0.30000000000000004,5.0,2.4000000000000004,-0.7000000000000001,4.1000000000000005,12.100000000000001,-29.500000000000004,-15.8,-0.4,16
6175,317460.0,0.30000000000000004,3.4000000000000004,4.7,-0.6000000000000001,2.4000000000000004,14.4,-35.9,-21.0,-16.1,16
6176,317475.0,-0.4,2.0,5.7,-1.2000000000000002,0.9,15.4,-29.0,-9.5,-21.7,16
6177,317493.0,-0.8,1.4000000000000001,5.7,-1.7000000000000002,0.30000000000000004,15.4,-26.1,-6.2,-20.900000000000002,16
6178,317509.0,-0.7000000000000001,1.0,5.7,-1.5,-0.2,15.4,-13.8,-2.6,-12.8,16
6179,317527.0,-0.1,0.1,6.4,-0.9,-1.2000000000000002,16.0,-8.4,-9.3,-11.900000000000002,16
6180,317542.0,0.0,-0.4,6.7,-0.8,-1.7000000000000002,16.400000000000002,-6.8,-10.299999999999999,-14.0,16
6181,317563.0,-0.4,-1.6,6.5,-1.1,-2.9000000000000004,16.2,5.4,-3.7000000000000006,-14.0,16
6182,317584.0,-1.0,-2.1,4.800000000000001,-1.8,-3.4000000000000004,14.4,29.300000000000004,7.400000000000001,1.3,16
6183,317592.0,-1.1,-2.0,2.9000000000000004,-1.8,-3.3000000000000003,12.600000000000001,44.300000000000004,9.8,14.100000000000001,16
6184,317620.0,-0.6000000000000001,-1.0,-1.1,-1.4000000000000001,-2.0,8.6,73.8,-14.800000000000002,49.0,16
6185,317633.0,0.0,-0.6000000000000001,-2.3000000000000003,-0.8,-1.4000000000000001,7.4,72.9,-29.1,54.50000000000001,16
6186,317642.0,0.2,-0.6000000000000001,-2.6,-0.5,-1.2000000000000002,7.1000000000000005,66.7,-41.4,56.6,16
6187,317658.0,0.8,-0.2,-2.4000000000000004,0.30000000000000004,-0.7000000000000001,7.4,45.9,-50.8,49.4,16
6188,317675.0,0.6000000000000001,-0.2,-1.8,0.2,-0.5,8.0,27.800000000000004,-34.800000000000004,30.799999999999997,16
6189,317692.0,-0.2,-0.30000000000000004,-1.8,-0.5,-0.6000000000000001,8.0,21.6,-18.900000000000002,22.2,16
6190,317709.0,-1.5,-0.30000000000000004,-2.3000000000000003,-1.8,-0.5,7.5,14.700000000000001,6.0,16.200000000000003,16
6191,317730.0,-2.2,0.0,-2.9000000000000004,-2.5,-0.2,6.9,16.0,5.8,23.800000000000004,16
6192,317742.0,-2.2,0.0,-2.9000000000000004,-2.6,0.0,6.800000000000001,17.6,-2.9,30.699999999999996,16
6193,317763.0,-1.9000000000000001,0.4,-3.1,-2.3000000000000003,0.4,6.7,21.1,-26.200000000000003,43.800000000000004,16
6194,317781.0,-1.6,0.5,-3.0,-1.5,0.7000000000000001,6.9,23.700000000000003,-37.300000000000004,49.6,16
6195,317793.0,-1.1,0.8,-2.8000000000000003,-1.2000000000000002,0.8,7.0,23.5,-33.50000000000001,49.300000000000004,16
6196,317810.0,-1.0,1.0,-2.8000000000000003,-1.0,1.1,7.0,23.6,-16.4,45.099999999999994,16
6197,317829.0,-1.4000000000000001,1.1,-3.2,-1.4000000000000001,1.3,6.6000000000000005,26.300000000000004,-3.0,40.7,16
6198,317844.0,-1.6,1.1,-3.4000000000000004,-1.6,1.3,6.4,28.3,0.4,40.9,16
6199,317869.0,-1.3,1.4000000000000001,-3.7,-1.3,1.8,6.1000000000000005,31.799999999999997,6.2,46.800000000000004,16
6200,317876.0,-1.2000000000000002,1.3,-3.7,-1.2000000000000002,1.8,6.0,32.400000000000006,9.2,46.50000000000001,16
6201,317892.0,-1.0,1.3,-3.7,-1.1,1.9000000000000001,6.1000000000000005,32.8,14.200000000000001,45.6,16
6202,317910.0,-0.6000000000000001,1.5,-3.7,-0.7000000000000001,2.2,6.1000000000000005,33.0,25.0,39.699999999999996,16
6203,317926.0,-0.6000000000000001,1.6,-3.7,-0.7000000000000001,2.3000000000000003,6.1000000000000005,31.6,29.900000000000006,32.8,16
6204,317942.0,-1.0,1.5,-3.7,-1.2000000000000002,2.3000000000000003,6.1000000000000005,24.900000000000002,39.8,17.5,16
6205,317960.0,-1.8,1.4000000000000001,-3.3000000000000003,-2.2,2.3000000000000003,6.5,18.8,41.50000000000001,10.0,16
6206,317975.0,-2.3000000000000003,1.3,-2.5,-2.8000000000000003,2.3000000000000003,7.300000000000001,14.700000000000001,35.8,12.200000000000001,16
6207,317993.0,-1.9000000000000001,1.7000000000000002,-2.2,-2.4000000000000004,2.6,7.5,16.1,29.400000000000002,16.8,16
6208,318008.0,-1.1,2.4000000000000004,-2.1,-1.7000000000000002,3.4000000000000004,7.6000000000000005,14.300000000000002,13.900000000000002,19.400000000000002,16
6209,318025.0,-0.8,2.7,-1.9000000000000001,-1.1,4.0,8.4,-7.400000000000001,7.6,9.600000000000001,16
6210,318042.0,-0.1,3.0,-0.7000000000000001,-0.8,4.0,9.1,-23.700000000000003,7.300000000000001,0.6000000000000001,16
6211,318060.0,0.4,2.6,1.9000000000000001,-0.30000000000000004,3.5,11.600000000000001,-57.00000000000001,8.5,-20.0,16
6212,318077.0,0.30000000000000004,2.1,3.6,-0.4,2.4000000000000004,14.100000000000001,-74.10000000000001,11.700000000000001,-34.800000000000004,16
6213,318092.0,0.6000000000000001,0.7000000000000001,5.300000000000001,-0.2,1.3,15.100000000000001,-74.89999999999999,17.0,-34.1,16
6214,318109.0,1.0,0.8,5.1000000000000005,0.2,1.1,14.8,-69.60000000000001,29.700000000000006,-24.1,16
6215,318125.0,1.1,0.9,5.1000000000000005,0.2,1.1,14.4,-68.7,39.1,-21.7,16
6216,318142.0,0.8,0.7000000000000001,3.3000000000000003,-0.2,0.7000000000000001,13.0,-78.4,54.199999999999996,-19.700000000000003,16
6217,318160.0,0.2,0.6000000000000001,2.9000000000000004,-1.0,0.30000000000000004,12.600000000000001,-95.60000000000002,49.800000000000004,-17.1,16
6218,318180.0,0.1,0.30000000000000004,3.5,-1.1,-1.1,14.100000000000001,-114.3,20.5,-7.500000000000001,16
6219,318194.0,0.8,-1.1,6.300000000000001,-0.30000000000000004,-2.7,16.900000000000002,-114.80000000000001,-13.000000000000002,11.3,16
6220,318211.0,1.6,-2.3000000000000003,8.700000000000001,0.2,-3.5,18.3,-98.8,-21.1,24.599999999999998,16
6221,318225.0,1.6,-2.1,8.700000000000001,0.4,-3.5,18.6,-71.10000000000001,-22.8,41.7,16
6222,318243.0,3.3000000000000003,-1.1,7.0,2.0,-2.7,16.6,7.400000000000001,-22.700000000000003,75.00000000000001,16
6223,318258.0,4.4,0.5,2.4000000000000004,3.2,-1.0,12.0,63.70000000000001,-25.7,76.3,16
6224,318276.0,4.3,1.5,-1.2000000000000002,3.1,0.30000000000000004,8.4,68.80000000000001,-21.400000000000002,47.60000000000001,16
6225,318295.0,3.7,1.8,-3.1,2.5,0.8,6.6000000000000005,43.50000000000001,-12.0,6.699999999999999,16
6226,318310.0,3.0,1.6,-3.4000000000000004,1.8,0.8,6.300000000000001,26.1,-8.8,-14.600000000000001,16
6227,318325.0,2.5,1.3,-3.3000000000000003,1.4000000000000001,0.5,6.4,8.100000000000001,-5.8,-33.1,16
6228,318342.0,1.6,0.7000000000000001,-2.5,0.2,-0.5,7.7,-18.3,-0.2,-60.6,16
6229,318360.0,0.1,-0.4,-0.7000000000000001,-1.0,-1.3,9.0,-22.8,11.4,-72.10000000000001,16
6230,318385.0,-1.2000000000000002,-0.6000000000000001,-0.5,-2.3000000000000003,-1.7000000000000002,9.200000000000001,-7.200000000000001,20.900000000000002,-67.10000000000001,16
6231,318393.0,-1.6,-0.6000000000000001,-0.9,-2.8000000000000003,-1.7000000000000002,8.8,3.1,20.8,-59.80000000000001,16
6232,318409.0,-1.9000000000000001,-0.30000000000000004,-2.1,-3.1,-1.4000000000000001,7.5,13.399999999999999,18.200000000000003,-44.10000000000001,16
6233,318426.0,-1.6,0.0,-2.7,-2.8000000000000003,-1.0,7.0,13.900000000000002,5.7,-23.099999999999998,16
6234,318442.0,-1.6,0.0,-2.7,-2.6,-0.9,7.1000000000000005,11.3,-3.3000000000000007,-14.800000000000002,16
6235,318459.0,-0.9,0.4,-2.0,-2.1,-0.6000000000000001,7.6000000000000005,8.100000000000001,-16.0,-1.7,16
6236,318475.0,-0.5,0.6000000000000001,-1.8,-1.5,-0.30000000000000004,7.800000000000001,8.2,-16.200000000000003,3.7000000000000006,16
6237,318494.0,-0.2,0.9,-1.9000000000000001,-1.3,-0.1,7.800000000000001,9.899999999999999,-8.700000000000001,10.1,16
6238,318508.0,0.1,1.3,-2.2,-1.0,0.4,7.5,9.0,-0.5,11.6,16
6239,318527.0,0.1,1.4000000000000001,-2.2,-1.0,0.5,7.5,5.9,3.4,10.0,16
6240,318542.0,-0.2,1.5,-2.0,-1.3,0.7000000000000001,7.7,-1.8000000000000003,6.2,7.8,16
6241,318561.0,-0.4,1.6,-1.4000000000000001,-1.5,0.7000000000000001,8.3,-3.3000000000000007,6.1000000000000005,10.299999999999999,16
6242,318581.0,-0.30000000000000004,1.7000000000000002,-1.4000000000000001,-1.5,0.9,8.200000000000001,1.3,9.2,15.299999999999999,16
6243,318592.0,-0.2,2.0,-1.8,-1.4000000000000001,1.1,7.9,3.0,12.4,17.400000000000002,16
6244,318608.0,-0.1,2.4000000000000004,-2.3000000000000003,-1.3,1.5,7.4,3.7000000000000006,20.400000000000002,20.0,16
6245,318625.0,-0.1,2.9000000000000004,-2.7,-1.4000000000000001,2.0,7.0,-0.7,19.1,19.0,16
6246,318642.0,-0.2,3.1,-2.4000000000000004,-1.6,2.2,7.300000000000001,-6.8,12.5,17.1,16
6247,318658.0,-0.4,2.8000000000000003,-0.6000000000000001,-1.8,1.9000000000000001,9.1,-18.900000000000002,-0.2,15.000000000000002,16
6248,318676.0,-0.5,2.6,1.3,-1.9000000000000001,1.7000000000000002,11.0,-16.6,-2.5,19.9,16
6249,318693.0,-0.30000000000000004,2.5,2.3000000000000003,-1.7000000000000002,1.6,12.0,-9.100000000000001,-0.9000000000000001,25.0,16
6250,318708.0,0.4,3.0,2.0,-1.0,2.0,11.700000000000001,17.200000000000003,11.900000000000002,37.2,16
6251,318725.0,0.9,3.7,0.30000000000000004,-0.5,2.9000000000000004,9.9,37.300000000000004,18.5,39.599999999999994,16
6252,318742.0,1.0,3.6,0.30000000000000004,-0.4,3.2,9.3,37.1,17.400000000000002,36.300000000000004,16
6253,318758.0,1.2000000000000002,4.4,-0.5,-0.30000000000000004,3.8000000000000003,9.1,17.200000000000003,10.9,20.1,16
6254,318775.0,0.5,4.0,1.0,-1.1,3.4000000000000004,10.700000000000001,-10.200000000000001,20.599999999999998,2.1,16
6255,318793.0,-0.2,3.5,2.1,-1.9000000000000001,2.9000000000000004,11.700000000000001,-17.6,33.2,-1.8000000000000003,16
6256,318810.0,-1.4000000000000001,3.5,1.9000000000000001,-3.2,2.8000000000000003,11.5,-13.200000000000003,59.1,8.700000000000001,16
6257,318834.0,-0.9,3.1,1.4000000000000001,-2.8000000000000003,2.4000000000000004,11.0,-8.100000000000001,33.300000000000004,20.0,16
6258,318852.0,-0.7000000000000001,2.3000000000000003,3.3000000000000003,-2.7,1.6,12.9,-17.5,-1.3,21.300000000000004,16
6259,318858.0,-0.5,1.8,4.6000000000000005,-2.5,1.1,14.100000000000001,-22.1,-21.400000000000002,22.3,16
6260,318876.0,-0.1,0.9,5.9,-1.8,-0.30000000000000004,16.3,-15.899999999999999,-49.9,24.8,16
6261,318893.0,0.6000000000000001,0.0,7.4,-1.2000000000000002,-0.8,17.0,-5.6,-52.7,29.800000000000004,16
6262,318909.0,1.5,-0.1,6.2,-0.2,-0.9,15.8,24.200000000000003,-37.300000000000004,37.300000000000004,16
6263,318926.0,1.4000000000000001,-0.1,6.1000000000000005,0.1,-0.7000000000000001,15.100000000000001,34.0,-31.7,36.5,16
6264,318945.0,2.2,-0.2,4.5,0.6000000000000001,-0.8,14.100000000000001,35.9,-27.400000000000002,19.9,16
6265,318960.0,1.5,-0.7000000000000001,3.5,0.0,-1.1,13.200000000000001,36.2,-12.7,-2.3,16
6266,318978.0,0.5,-1.4000000000000001,1.9000000000000001,-0.9,-1.8,11.600000000000001,43.2,3.7000000000000006,-15.899999999999999,16
6267,318992.0,-0.1,-1.6,0.6000000000000001,-1.6,-1.8,10.3,47.0,8.600000000000001,-16.900000000000002,16
6268,319009.0,-0.4,-1.7000000000000002,-1.2000000000000002,-1.9000000000000001,-1.8,8.5,51.6,8.5,-9.8,16
6269,319028.0,-0.4,-1.5,-2.5,-1.9000000000000001,-1.4000000000000001,7.2,49.300000000000004,-4.1,-2.1,16
6270,319042.0,-0.4,-1.5,-2.8000000000000003,-1.9000000000000001,-1.3,6.9,45.0,-11.8,-0.2,16
6271,319060.0,-0.5,-1.3,-3.1,-2.0,-1.0,6.6000000000000005,29.1,-23.0,-1.2000000000000002,16
6272,319084.0,-1.0,-1.4000000000000001,-2.7,-2.3000000000000003,-1.1,7.0,11.4,-21.500000000000004,-3.7000000000000006,16
6273,319092.0,-1.3,-1.5,-2.5,-2.6,-1.1,7.2,5.500000000000001,-15.5,-3.1,16
6274,319109.0,-1.7000000000000002,-1.5,-2.4000000000000004,-3.4000000000000004,-1.0,7.1000000000000005,2.3,-4.4,4.1,16
6275,319126.0,-2.5,-0.9,-3.2,-3.8000000000000003,-0.5,6.5,5.2,-4.800000000000001,21.8,16
6276,319142.0,-2.6,-0.7000000000000001,-3.5,-3.8000000000000003,-0.30000000000000004,6.2,6.4,-12.299999999999999,31.6,16
6277,319158.0,-2.3000000000000003,-0.30000000000000004,-3.8000000000000003,-3.1,0.4,6.0,2.9,-30.799999999999997,50.7,16
6278,319182.0,-0.9,0.4,-3.2,-2.0,0.8,6.6000000000000005,-2.8,-39.0,59.00000000000001,16
6279,319192.0,-0.4,0.6000000000000001,-2.9000000000000004,-1.5,1.1,6.9,-4.300000000000001,-36.1,59.1,16
6280,319211.0,-0.1,1.0,-2.6,-1.0,1.5,7.2,-5.7,-24.1,53.300000000000004,16
6281,319226.0,-0.2,1.3,-2.6,-1.0,1.8,7.1000000000000005,-5.300000000000001,-12.8,43.00000000000001,16
6282,319242.0,-0.2,1.3,-2.6,-1.1,1.9000000000000001,7.1000000000000005,-6.4,-10.299999999999999,38.0,16
6283,319259.0,-0.5,1.6,-2.6,-1.3,2.1,7.300000000000001,-11.700000000000001,-8.700000000000001,29.500000000000004,16
6284,319279.0,-0.7000000000000001,1.6,-1.8,-1.4000000000000001,2.1,7.9,-14.800000000000002,-7.200000000000001,23.6,16
6285,319293.0,-0.7000000000000001,1.8,-1.4000000000000001,-1.4000000000000001,2.2,8.3,-14.200000000000001,-6.0,21.400000000000002,16
6286,319312.0,-0.8,1.9000000000000001,-0.9,-1.5,2.2,8.9,-11.8,-5.2,17.1,16
6287,319326.0,-0.9,2.0,-0.5,-1.5,2.3000000000000003,9.3,-11.1,-2.0,11.6,16
6288,319343.0,-0.9,2.0,-0.5,-1.5,2.3000000000000003,9.5,-11.700000000000001,-1.0,9.4,16
6289,319359.0,-0.4,1.7000000000000002,0.5,-1.0,2.0,10.3,-11.6,-4.300000000000001,5.500000000000001,16
6290,319376.0,0.0,1.6,1.1,-0.4,1.9000000000000001,11.200000000000001,-10.0,-10.8,0.30000000000000004,16
6291,319392.0,0.4,1.6,1.9000000000000001,-0.2,1.8,11.700000000000001,-10.200000000000001,-12.0,-3.8,16
6292,319408.0,0.4,1.4000000000000001,2.7,-0.2,1.6,12.5,-11.5,-6.600000000000001,-14.0,16
6293,319430.0,0.2,1.0,2.9000000000000004,-0.30000000000000004,1.2000000000000002,12.700000000000001,-9.5,10.4,-19.6,16
6294,319443.0,0.2,1.2000000000000002,2.6,-0.30000000000000004,1.3,12.4,-4.9,18.1,-18.200000000000003,16
6295,319459.0,0.5,1.5,1.8,-0.1,1.8,10.9,2.3,16.200000000000003,-15.299999999999999,16
6296,319485.0,1.0,2.3000000000000003,0.5,0.30000000000000004,2.5,10.3,-9.8,1.2000000000000002,-21.900000000000002,16
6297,319492.0,0.9,2.1,1.1,0.2,2.2,10.9,-23.3,-6.2,-30.000000000000004,16
6298,319508.0,0.1,1.1,3.2,-0.6000000000000001,1.2000000000000002,13.0,-52.1,-6.699999999999999,-42.800000000000004,16
6299,319526.0,-0.2,0.6000000000000001,4.0,-0.9,0.5,13.8,-60.1,-2.3,-43.50000000000001,16
6300,319544.0,-1.1,-0.5,5.5,-1.7000000000000002,-0.8,15.3,-53.599999999999994,6.300000000000001,-23.800000000000004,16
6301,319562.0,-0.4,-0.6000000000000001,5.6000000000000005,-1.1,-1.1,15.4,-12.600000000000001,-4.0,21.1,16
6302,319577.0,0.6000000000000001,-0.30000000000000004,4.7,1.0,-0.5,13.3,37.7,-34.0,58.900000000000006,16
6303,319593.0,2.8000000000000003,0.30000000000000004,2.1,2.2,-0.1,11.9,54.800000000000004,-49.199999999999996,68.2,16
6304,319624.0,5.0,0.8,-0.2,4.7,0.7000000000000001,9.600000000000001,61.199999999999996,-55.5,54.699999999999996,16
6305,319625.0,5.0,0.8,-0.2,5.0,0.8,9.0,54.699999999999996,-44.300000000000004,39.699999999999996,16
6306,319642.0,5.2,0.6000000000000001,-0.8,4.9,0.8,8.6,47.7,-27.3,22.5,16
6307,319658.0,4.0,0.7000000000000001,-2.4000000000000004,4.0,1.0,7.4,33.800000000000004,5.500000000000001,-10.1,16
6308,319678.0,2.9000000000000004,0.7000000000000001,-3.7,2.8000000000000003,1.1,6.1000000000000005,20.599999999999998,22.700000000000003,-35.1,16
6309,319697.0,2.3000000000000003,0.7000000000000001,-4.2,2.2,1.1,5.6000000000000005,13.399999999999999,22.000000000000004,-45.0,16
6310,319710.0,1.2000000000000002,0.5,-4.4,0.9,1.0,5.4,-0.1,6.600000000000001,-59.699999999999996,16
6311,319726.0,1.2000000000000002,0.5,-4.4,0.4,0.8,5.6000000000000005,-6.300000000000001,-2.7,-62.900000000000006,16
6312,319742.0,-0.1,0.2,-3.8000000000000003,-0.6000000000000001,0.6000000000000001,6.300000000000001,-13.000000000000002,-12.4,-60.900000000000006,16
6313,319758.0,-0.8,0.2,-2.9000000000000004,-1.1,0.5,6.9,-12.8,-9.700000000000001,-53.9,16
6314,319775.0,-1.1,0.30000000000000004,-2.8000000000000003,-1.3,0.7000000000000001,7.0,-7.8,-4.4,-40.6,16
6315,319794.0,-0.9,1.0,-3.0,-1.1,1.3,6.800000000000001,-0.6000000000000001,-8.8,-25.5,16
6316,319808.0,-0.5,1.3,-2.9000000000000004,-0.7000000000000001,1.6,6.9,1.1,-13.5,-19.700000000000003,16
6317,319825.0,0.1,1.8,-2.9000000000000004,0.0,2.1,6.9,1.3,-15.8,-15.700000000000001,16
6318,319842.0,0.30000000000000004,2.0,-3.0,0.2,2.3000000000000003,6.800000000000001,-0.5,-11.5,-17.5,16
6319,319860.0,0.0,2.2,-3.1,0.0,2.5,6.7,-11.2,0.30000000000000004,-26.5,16
6320,319878.0,-0.6000000000000001,2.1,-2.4000000000000004,-0.6000000000000001,2.4000000000000004,7.4,-24.599999999999998,7.400000000000001,-33.9,16
6321,319892.0,-1.0,2.1,-1.6,-1.1,2.3000000000000003,8.200000000000001,-28.700000000000003,9.600000000000001,-34.2,16
6322,319908.0,-1.4000000000000001,2.2,-1.0,-1.5,2.3000000000000003,8.8,-26.000000000000004,13.8,-28.200000000000003,16
6323,319927.0,-1.5,2.5,-1.1,-1.6,2.5,8.700000000000001,-18.0,14.700000000000001,-17.799999999999997,16
6324,319946.0,-1.3,2.7,-0.8,-1.5,2.7,9.0,-18.700000000000003,12.0,-9.100000000000001,16
6325,319959.0,-1.2000000000000002,2.7,-0.4,-1.5,2.7,9.4,-21.8,9.8,-6.1000000000000005,16
6326,319977.0,-1.1,2.6,0.5,-1.3,2.5,10.3,-24.3,8.600000000000001,-3.4,16
6327,319992.0,-1.0,2.7,1.7000000000000002,-1.3,2.5,11.5,-22.3,10.8,2.5,16
6328,320008.0,-0.8,2.9000000000000004,2.5,-1.1,2.6,12.3,-15.000000000000002,15.6,9.600000000000001,16
6329,320025.0,-0.7000000000000001,2.9000000000000004,2.7,-1.0,2.7,12.5,-11.3,19.1,13.5,16
6330,320044.0,-0.30000000000000004,3.1,2.9000000000000004,-0.6000000000000001,2.9000000000000004,12.5,-2.6,30.1,19.1,16
6331,320059.0,0.2,3.7,1.6,-0.4,3.4000000000000004,11.4,3.1,36.300000000000004,19.700000000000003,16
6332,320076.0,0.30000000000000004,3.6,0.8,-0.4,3.3000000000000003,10.600000000000001,-7.1000000000000005,22.3,8.100000000000001,16
6333,320099.0,0.2,2.3000000000000003,2.7,-0.5,1.9000000000000001,12.5,-39.9,-13.900000000000002,-10.700000000000001,16
6334,320113.0,0.2,1.0,4.7,-0.5,0.6000000000000001,14.5,-54.9,-28.0,-16.8,16
6335,320125.0,0.2,1.1,4.7,-0.5,-0.4,15.9,-62.4,-32.5,-18.700000000000003,16
6336,320144.0,-0.4,-1.4000000000000001,8.6,-1.0,-2.1,18.400000000000002,-49.50000000000001,-11.6,-5.8,16
6337,320159.0,-0.8,-1.4000000000000001,7.9,-1.3,-2.2,17.6,-13.399999999999999,15.899999999999999,18.700000000000003,16
6338,320180.0,-0.8,-1.1,5.300000000000001,-1.4000000000000001,-2.0,15.0,18.900000000000002,16.200000000000003,41.300000000000004,16
6339,320192.0,-0.5,-0.9,3.9000000000000004,-1.1,-1.8,13.600000000000001,30.5,11.6,51.70000000000001,16
6340,320212.0,0.1,-0.6000000000000001,1.3,-0.6000000000000001,-1.3,11.0,42.400000000000006,2.4000000000000004,62.900000000000006,16
6341,320227.0,0.30000000000000004,-0.2,-0.6000000000000001,-0.4,-0.7000000000000001,9.200000000000001,45.2,-3.4,69.60000000000001,16
6342,320242.0,0.30000000000000004,-0.2,-0.6000000000000001,-0.4,-0.5,8.6,40.300000000000004,-5.0,69.7,16
6343,320259.0,0.1,0.2,-1.7000000000000002,-0.6000000000000001,-0.1,8.1,24.200000000000003,-9.3,67.4,16
6344,320281.0,0.30000000000000004,0.1,-1.0,-0.4,-0.1,8.8,8.600000000000001,-23.0,65.7,16
6345,320292.0,0.5,0.0,-0.4,-0.1,-0.2,9.4,5.4,-28.800000000000004,65.4,16
6346,320308.0,0.6000000000000001,0.0,-0.1,0.1,-0.1,9.700000000000001,11.000000000000002,-29.700000000000006,62.199999999999996,16
6347,320325.0,0.6000000000000001,0.0,-0.30000000000000004,0.1,0.0,8.9,25.0,-19.200000000000003,58.1,16
6348,320342.0,0.4,0.2,-1.4000000000000001,0.0,0.2,8.4,31.799999999999997,-12.9,56.300000000000004,16
6349,320368.0,0.1,0.8,-3.6,-0.30000000000000004,0.9,6.2,40.2,-0.7,52.2,16
6350,320375.0,0.1,0.8,-3.9000000000000004,-0.2,1.0,5.9,39.300000000000004,-0.9000000000000001,49.699999999999996,16
6351,320392.0,0.0,1.0,-4.1000000000000005,-0.30000000000000004,1.3,5.7,36.6,-2.8,47.0,16
6352,320409.0,0.0,1.1,-4.2,-0.30000000000000004,1.5,5.6000000000000005,30.699999999999996,-7.6,39.2,16
6353,320428.0,-0.1,1.1,-4.1000000000000005,-0.5,1.7000000000000002,5.7,24.400000000000002,-8.2,28.1,16
6354,320443.0,-0.5,1.1,-3.9000000000000004,-0.7000000000000001,1.7000000000000002,5.9,21.200000000000003,-6.4,22.8,16
6355,320467.0,-1.2000000000000002,0.8,-3.3000000000000003,-1.5,1.4000000000000001,6.5,14.300000000000002,0.1,14.0,16
6356,320477.0,-1.3,0.7000000000000001,-3.2,-1.5,1.4000000000000001,6.6000000000000005,13.000000000000002,-0.4,14.0,16
6357,320492.0,-1.3,0.8,-2.9000000000000004,-1.6,1.5,6.800000000000001,11.6,-3.0,14.100000000000001,16
6358,320508.0,-1.2000000000000002,0.8,-2.3000000000000003,-1.5,1.5,7.4,5.9,-8.700000000000001,13.100000000000001,16
6359,320525.0,-1.2000000000000002,0.8,-2.1,-1.4000000000000001,1.5,8.1,2.1,-9.3,11.900000000000002,16
6360,320542.0,-1.2000000000000002,0.8,-1.7000000000000002,-1.4000000000000001,1.5,8.5,-5.9,-8.600000000000001,8.4,16
6361,320563.0,-1.3,0.7000000000000001,-0.8,-1.5,1.3,9.5,-15.399999999999999,-3.2,5.6,16
6362,320579.0,-1.4000000000000001,0.6000000000000001,0.4,-1.7000000000000002,1.1,10.600000000000001,-19.6,4.800000000000001,8.100000000000001,16
6363,320593.0,-1.6,0.5,1.3,-1.8,1.2000000000000002,11.100000000000001,-18.1,6.0,11.3,16
6364,320608.0,-1.6,0.6000000000000001,1.4000000000000001,-1.8,1.1,11.200000000000001,-15.2,6.0,16.200000000000003,16
6365,320626.0,-1.6,0.6000000000000001,1.4000000000000001,-1.3,1.3,11.4,-15.2,6.0,16.200000000000003,16
6366,320642.0,-0.2,1.2000000000000002,1.6,-0.4,1.7000000000000002,11.4,-10.8,-7.699999999999999,34.400000000000006,16
6367,320658.0,1.0,1.7000000000000002,1.4000000000000001,0.8,2.2,11.200000000000001,-16.200000000000003,-13.5,33.9,16
6368,320676.0,1.7000000000000002,2.1,1.7000000000000002,1.6,2.5,11.5,-39.0,-14.400000000000002,19.300000000000004,16
6369,320694.0,1.5,1.7000000000000002,2.8000000000000003,1.4000000000000001,2.1,12.600000000000001,-57.800000000000004,-9.2,5.2,16
6370,320709.0,0.30000000000000004,0.5,4.7,0.2,0.6000000000000001,14.5,-87.80000000000001,16.4,-19.700000000000003,16
6371,320726.0,0.30000000000000004,0.7000000000000001,4.7,-0.5,0.2,14.700000000000001,-91.90000000000002,30.699999999999996,-24.400000000000002,16
6372,320743.0,-1.7000000000000002,-0.4,4.9,-1.9000000000000001,-0.7000000000000001,14.700000000000001,-87.40000000000002,42.60000000000001,-11.900000000000002,16
6373,320764.0,-1.7000000000000002,-0.5,5.6000000000000005,-2.1,-1.1,15.3,-71.0,26.1,27.0,16
6374,320776.0,-0.4,-0.30000000000000004,5.7,-0.8,-1.1,15.5,-25.7,-1.4,75.7,16
6375,320792.0,0.6000000000000001,0.1,4.7,0.2,-0.8,14.4,6.1000000000000005,-12.5,97.60000000000001,16
6376,320809.0,2.3000000000000003,0.9,1.5,1.9000000000000001,0.1,11.200000000000001,61.300000000000004,-29.1,127.00000000000003,16
6377,320825.0,2.8000000000000003,1.0,0.30000000000000004,2.5,0.30000000000000004,10.100000000000001,76.60000000000001,-33.400000000000006,131.9,16
6378,320843.0,4.0,1.5,-1.7000000000000002,3.8000000000000003,1.1,8.1,81.0,-36.7,123.4,16
6379,320863.0,4.5,1.7000000000000002,-2.6,4.3,1.6,7.300000000000001,65.0,-33.7,94.4,16
6380,320875.0,4.3,1.8,-2.6,4.1000000000000005,1.8,7.2,54.800000000000004,-31.099999999999998,75.3,16
6381,320893.0,3.7,1.5,-2.5,3.7,1.7000000000000002,7.300000000000001,36.7,-20.599999999999998,35.2,16
6382,320909.0,2.4000000000000004,0.9,-2.0,2.5,1.2000000000000002,7.800000000000001,22.5,-3.4,-0.6000000000000001,16
6383,320928.0,0.8,0.2,-1.9000000000000001,0.9,0.6000000000000001,7.9,20.2,12.299999999999999,-23.800000000000004,16
6384,320948.0,-0.5,-0.2,-2.6,-0.5,0.30000000000000004,7.2,25.900000000000002,25.1,-29.0,16
6385,320963.0,-0.5,-0.2,-2.6,-0.9,0.30000000000000004,6.800000000000001,28.3,29.1,-26.799999999999997,16
6386,320975.0,-1.3,0.0,-3.8000000000000003,-1.7000000000000002,0.7000000000000001,5.7,25.6,26.6,-17.9,16
6387,320992.0,-1.7000000000000002,0.30000000000000004,-4.6000000000000005,-1.9000000000000001,1.0,5.2,19.6,22.2,-12.5,16
6388,321008.0,-1.6,0.5,-4.5,-1.9000000000000001,1.2000000000000002,5.300000000000001,1.4,11.6,-3.4,16
6389,321025.0,-1.6,0.5,-4.2,-1.8,1.1,5.6000000000000005,-7.8,7.300000000000001,0.2,16
6390,321042.0,-1.3,0.4,-3.2,-1.6,1.1,6.6000000000000005,-21.400000000000002,4.2,4.7,16
6391,321066.0,-1.3,0.2,-2.2,-1.6,0.8,7.6000000000000005,-27.400000000000002,4.2,9.2,16
6392,321075.0,-1.3,0.1,-1.3,-1.6,0.6000000000000001,8.5,-27.3,1.7,20.2,16
6393,321092.0,-1.1,0.2,-0.9,-1.4000000000000001,0.7000000000000001,8.9,-25.200000000000003,-0.6000000000000001,27.2,16
6394,321109.0,-0.6000000000000001,0.5,-0.4,-0.8,0.9,9.4,-21.300000000000004,-3.1,36.9,16
6395,321125.0,0.0,1.0,-0.30000000000000004,-0.2,1.3,9.5,-15.000000000000002,0.8,46.50000000000001,16
6396,321142.0,0.2,1.3,-0.4,0.0,1.5,9.4,-12.5,4.0,48.2,16
6397,321163.0,0.4,1.5,-0.4,0.1,1.9000000000000001,9.4,-10.1,10.1,44.4,16
6398,321175.0,0.2,1.8,-0.30000000000000004,-0.1,2.0,9.5,-10.299999999999999,14.100000000000001,40.7,16
6399,321194.0,-0.2,1.7000000000000002,0.2,-0.6000000000000001,1.8,10.0,-12.7,25.5,35.5,16
6400,321208.0,-0.7000000000000001,1.6,0.9,-1.1,1.8,10.700000000000001,-10.200000000000001,37.0,38.800000000000004,16
6401,321227.0,-0.7000000000000001,1.7000000000000002,1.1,-1.2000000000000002,1.8,10.9,-4.9,39.599999999999994,43.2,16
6402,321242.0,-0.7000000000000001,1.9000000000000001,0.8,-1.3,2.1,10.600000000000001,11.900000000000002,38.300000000000004,54.1,16
6403,321267.0,-0.4,3.4000000000000004,-1.1,-1.2000000000000002,3.7,8.6,23.2,31.9,65.0,16
6404,321277.0,-0.30000000000000004,3.9000000000000004,-1.4000000000000001,-1.1,4.2,8.4,16.4,30.4,64.0,16
6405,321295.0,0.30000000000000004,4.2,-1.2000000000000002,-0.4,4.800000000000001,9.1,-15.000000000000002,20.0,47.7,16
6406,321310.0,0.5,3.6,1.4000000000000001,-0.5,4.0,11.100000000000001,-39.599999999999994,9.700000000000001,29.400000000000002,16
6407,321330.0,-0.9,0.7000000000000001,6.2,-1.9000000000000001,0.9,15.9,-77.5,1.9,-3.7000000000000006,16
6408,321345.0,-0.9,0.8,6.2,-2.7,-0.4,17.5,-78.5,11.4,-5.8,16
6409,321364.0,-2.9000000000000004,-1.3,9.200000000000001,-4.3,-1.7000000000000002,17.2,-1.5,52.400000000000006,55.0,16
6410,321375.0,-2.4000000000000004,-1.2000000000000002,5.9,-3.6,-1.3,15.600000000000001,27.6,42.800000000000004,82.50000000000001,16
6411,321395.0,-0.30000000000000004,0.0,2.5,-1.6,0.0,12.200000000000001,64.60000000000001,-5.6,115.9,16
6412,321409.0,1.0,0.4,1.0,-0.4,0.5,10.8,70.7,-28.900000000000002,119.7,16
6413,321426.0,1.5,0.5,0.5,0.2,0.8,10.200000000000001,68.60000000000001,-42.2,116.30000000000001,16
6414,321442.0,2.1,0.7000000000000001,-0.2,1.0,1.3,9.5,49.1,-38.1,96.20000000000002,16
6415,321466.0,1.8,0.5,-0.30000000000000004,0.8,1.2000000000000002,9.4,23.900000000000006,-11.2,70.10000000000001,16
6416,321476.0,1.3,0.1,-0.1,-0.1,0.7000000000000001,9.8,3.6000000000000005,12.4,48.70000000000001,16
6417,321492.0,0.30000000000000004,-0.4,0.2,-0.7000000000000001,0.4,10.0,-1.3,17.9,43.2,16
6418,321508.0,-0.6000000000000001,-0.9,0.4,-1.6,-0.1,10.100000000000001,1.5,20.7,42.800000000000004,16
6419,321525.0,-0.8,-1.1,0.30000000000000004,-1.9000000000000001,-0.2,10.0,8.0,20.0,47.60000000000001,16
6420,321542.0,-1.0,-1.2000000000000002,-0.2,-2.0,-0.2,9.1,26.5,12.4,62.7,16
6421,321559.0,-0.5,-0.9,-1.8,-1.6,0.1,7.800000000000001,38.0,3.2,73.6,16
6422,321583.0,-0.1,-0.7000000000000001,-2.5,-1.1,0.5,7.0,42.5,-2.3,78.9,16
6423,321592.0,0.4,-0.5,-3.1,-0.7000000000000001,0.8,6.6000000000000005,43.6,-7.0,83.70000000000002,16
6424,321608.0,0.7000000000000001,-0.4,-3.3000000000000003,-0.30000000000000004,1.1,6.300000000000001,40.300000000000004,-4.800000000000001,81.7,16
6425,321630.0,0.8,-0.4,-3.4000000000000004,-0.1,1.4000000000000001,6.2,35.9,-2.9,74.30000000000001,16
6426,321642.0,0.8,-0.30000000000000004,-3.4000000000000004,0.0,1.4000000000000001,6.2,33.800000000000004,-2.7,70.0,16
6427,321667.0,1.0,-0.2,-3.1,0.1,1.7000000000000002,6.5,26.700000000000003,0.0,55.3,16
6428,321680.0,1.0,-0.2,-3.1,0.2,1.8,6.5,23.700000000000003,3.0,49.699999999999996,16
6429,321693.0,1.0,-0.1,-2.9000000000000004,0.2,1.9000000000000001,6.7,20.3,6.699999999999999,43.2,16
6430,321708.0,0.8,-0.1,-2.6,0.0,1.9000000000000001,7.0,12.9,13.399999999999999,28.700000000000003,16
6431,321725.0,0.7000000000000001,-0.2,-2.5,-0.2,1.9000000000000001,7.1000000000000005,9.100000000000001,14.900000000000002,22.3,16
6432,321742.0,0.2,-0.4,-1.9000000000000001,-0.7000000000000001,1.7000000000000002,7.6000000000000005,3.4,15.8,14.700000000000001,16
6433,321774.0,0.30000000000000004,0.0,-1.2000000000000002,-0.6000000000000001,2.1,8.3,-0.30000000000000004,-1.7,14.400000000000002,16
6434,321796.0,0.7000000000000001,0.30000000000000004,0.1,-0.2,2.4000000000000004,9.600000000000001,-8.3,-12.200000000000001,11.3,16
6435,321810.0,1.1,0.30000000000000004,0.8,0.2,2.5,10.4,-10.8,-14.200000000000001,8.0,16
6436,321827.0,1.5,0.6000000000000001,1.4000000000000001,0.7000000000000001,2.7,11.0,-11.700000000000001,-3.3000000000000007,-0.4,16
6437,321842.0,1.5,0.8,1.3,0.7000000000000001,2.9000000000000004,10.8,-12.600000000000001,8.4,-5.7,16
6438,321869.0,1.8,2.1,1.0,0.9,4.1000000000000005,10.5,-45.0,24.599999999999998,-30.699999999999996,16
6439,321875.0,2.0,2.0,1.9000000000000001,1.1,3.9000000000000004,11.5,-67.00000000000001,21.8,-45.5,16
6440,321892.0,1.8,1.0,3.9000000000000004,0.8,2.8000000000000003,13.5,-88.4,22.5,-63.2,16
6441,321908.0,0.2,-1.7000000000000002,7.1000000000000005,-0.9,-0.30000000000000004,16.8,-111.80000000000001,49.699999999999996,-85.30000000000001,16
6442,321925.0,0.30000000000000004,-1.5,7.1000000000000005,-1.8,-0.9,17.2,-105.9,72.50000000000001,-79.9,16
6443,321942.0,-1.7000000000000002,-2.3000000000000003,7.4,-3.7,-1.7000000000000002,16.5,-62.800000000000004,87.60000000000001,-35.9,16
6444,321959.0,-2.0,-2.4000000000000004,5.2,-3.4000000000000004,-1.6,14.100000000000001,-7.699999999999999,42.60000000000001,35.5,16
6445,321977.0,1.3,-1.2000000000000002,2.3000000000000003,-0.5,-0.4,11.9,42.400000000000006,-42.7,98.10000000000001,16
6446,321992.0,3.2,-0.30000000000000004,1.2000000000000002,1.4000000000000001,0.5,10.8,60.300000000000004,-76.1,113.3,16
6447,322009.0,5.7,1.2000000000000002,-0.8,4.2,2.4000000000000004,8.8,63.900000000000006,-95.4,105.9,16
6448,322028.0,6.0,1.9000000000000001,-1.5,4.9,3.3000000000000003,8.1,38.900000000000006,-68.60000000000001,74.10000000000001,16
6449,322042.0,5.7,1.8,-1.4000000000000001,4.7,3.3000000000000003,8.200000000000001,16.6,-39.300000000000004,46.4,16
6450,322067.0,1.9000000000000001,0.8,-1.3,1.0,2.2,8.4,-20.5,43.900000000000006,-21.0,16
6451,322075.0,1.2000000000000002,0.6000000000000001,-1.4000000000000001,0.2,2.0,8.200000000000001,-18.1,53.50000000000001,-29.700000000000006,16
6452,322100.0,0.4,0.30000000000000004,-1.9000000000000001,-1.3,1.5,7.300000000000001,-0.4,46.300000000000004,-25.300000000000004,16
6453,322110.0,-0.30000000000000004,0.2,-2.9000000000000004,-1.6,1.6,6.7,9.899999999999999,32.9,-15.5,16
6454,322125.0,0.1,0.5,-3.9000000000000004,-1.3,1.9000000000000001,5.7,27.3,-1.6,4.6,16
6455,322142.0,0.1,0.5,-3.9000000000000004,-0.9,2.1,5.4,31.3,-17.1,11.3,16
6456,322160.0,1.2000000000000002,1.0,-4.3,-0.1,2.5,5.300000000000001,26.799999999999997,-29.500000000000004,12.7,16
6457,322178.0,1.5,1.0,-4.0,0.30000000000000004,2.6,5.800000000000001,11.3,-21.300000000000004,-1.5,16
6458,322198.0,1.2000000000000002,0.6000000000000001,-2.8000000000000003,0.1,2.3000000000000003,6.800000000000001,-6.0,-3.5,-20.3,16
6459,322209.0,0.8,0.30000000000000004,-2.2,-0.4,2.0,7.4,-12.200000000000001,5.4,-29.1,16
6460,322226.0,-0.1,-0.2,-1.1,-1.2000000000000002,1.4000000000000001,8.5,-20.1,16.3,-38.50000000000001,16
6461,322242.0,0.0,-0.2,-1.1,-1.6,1.1,8.9,-21.400000000000002,20.7,-38.7,16
6462,322268.0,-0.9,-0.4,-0.2,-2.3000000000000003,1.0,9.4,-12.5,34.400000000000006,-20.400000000000002,16
6463,322275.0,-0.9,-0.4,-0.2,-2.3000000000000003,1.1,9.3,-8.2,34.900000000000006,-11.900000000000002,16
6464,322294.0,-0.6000000000000001,0.1,-0.7000000000000001,-2.1,1.5,8.9,-5.7,32.8,-3.9,16
6465,322308.0,-0.1,0.7000000000000001,-0.6000000000000001,-1.7000000000000002,2.1,9.0,-7.0,20.900000000000002,7.1000000000000005,16
6466,322325.0,0.30000000000000004,1.0,0.30000000000000004,-1.3,2.4000000000000004,9.9,-15.8,6.4,11.4,16
6467,322346.0,0.6000000000000001,1.2000000000000002,2.0,-1.0,2.5,11.600000000000001,-26.000000000000004,1.1,12.5,16
6468,322365.0,0.7000000000000001,1.2000000000000002,2.7,-1.0,2.5,12.3,-29.0,4.300000000000001,13.100000000000001,16
6469,322377.0,1.0,1.6,3.7,-0.7000000000000001,2.8000000000000003,13.3,-25.300000000000004,17.300000000000004,16.700000000000003,16
6470,322392.0,1.4000000000000001,2.3000000000000003,3.6,-0.30000000000000004,3.4000000000000004,13.200000000000001,-18.8,19.0,17.6,16
6471,322408.0,2.0,3.2,3.5,0.2,4.2,13.100000000000001,-22.2,-0.4,9.0,16
6472,322430.0,2.1,1.7000000000000002,5.9,0.4,2.7,15.5,-49.699999999999996,-12.600000000000001,-17.300000000000004,16
6473,322442.0,1.8,1.1,6.800000000000001,0.1,2.0,16.400000000000002,-59.20000000000001,-5.300000000000001,-30.3,16
6474,322458.0,0.0,-1.1,8.3,-1.7000000000000002,-0.4,18.0,-46.9,30.200000000000003,-35.4,16
6475,322483.0,-1.6,-1.6,6.4,-3.5,-1.1,16.1,-12.200000000000001,53.0,-11.6,16
6476,322492.0,-1.6,-1.3,4.1000000000000005,-3.5,-0.8,13.700000000000001,13.5,54.0,14.200000000000001,16
6477,322508.0,-0.1,-0.30000000000000004,0.5,-2.2,0.30000000000000004,10.100000000000001,53.9,15.5,62.300000000000004,16
6478,322528.0,1.9000000000000001,0.6000000000000001,-1.5,-0.2,1.4000000000000001,8.1,69.5,-42.5,86.1,16
6479,322543.0,2.4000000000000004,0.6000000000000001,-1.8,0.4,1.6,7.800000000000001,68.9,-61.199999999999996,86.8,16
6480,322558.0,3.1,1.1,-2.4000000000000004,1.4000000000000001,2.4000000000000004,7.2,54.699999999999996,-67.60000000000001,71.19999999999999,16
6481,322576.0,3.0,1.1,-2.5,1.4000000000000001,2.5,7.2,28.0,-44.2,40.5,16
6482,322592.0,2.3000000000000003,0.8,-2.1,0.9,2.3000000000000003,7.5,13.399999999999999,-26.000000000000004,23.900000000000006,16
6483,322614.0,0.8,0.1,-1.6,-1.0,1.5,8.200000000000001,-14.100000000000001,10.299999999999999,-8.600000000000001,16
6484,322625.0,0.8,0.1,-1.6,-1.0,1.5,8.200000000000001,-16.3,13.200000000000003,-11.8,16
6485,322642.0,-0.5,-0.4,-1.0,-2.3000000000000003,0.8,8.8,-15.899999999999999,14.100000000000001,-11.3,16
6486,322658.0,-1.7000000000000002,-0.9,-0.30000000000000004,-3.1,0.5,9.3,-7.6,9.700000000000001,-0.1,16
6487,322681.0,-1.8,-1.1,-0.30000000000000004,-3.3000000000000003,0.30000000000000004,9.3,7.8,-0.1,18.6,16
6488,322692.0,-1.6,-1.2000000000000002,-0.4,-3.1,0.2,9.200000000000001,16.900000000000002,-5.500000000000001,28.500000000000004,16
6489,322709.0,-0.6000000000000001,-1.1,-0.9,-2.0,0.5,8.700000000000001,33.2,-15.8,46.1,16
6490,322725.0,-0.30000000000000004,-1.0,-1.1,-1.6,0.6000000000000001,8.5,38.900000000000006,-17.400000000000002,50.7,16
6491,322742.0,0.2,-0.9,-1.5,-0.7000000000000001,1.0,7.800000000000001,43.6,-13.900000000000002,51.800000000000004,16
6492,322758.0,1.0,-0.7000000000000001,-2.2,-0.2,1.2000000000000002,7.300000000000001,40.800000000000004,-4.4,43.900000000000006,16
6493,322775.0,1.1,-0.6000000000000001,-2.4000000000000004,-0.1,1.4000000000000001,7.1000000000000005,34.900000000000006,4.1,33.1,16
6494,322792.0,1.0,-0.6000000000000001,-2.5,-0.2,1.5,7.0,32.300000000000004,7.8,27.800000000000004,16
6495,322809.0,0.9,-0.7000000000000001,-2.5,-0.30000000000000004,1.6,6.9,28.500000000000004,13.8,19.1,16
6496,322829.0,0.7000000000000001,-0.5,-2.7,-0.6000000000000001,1.8,6.800000000000001,23.800000000000004,17.300000000000004,13.200000000000003,16
6497,322844.0,0.7000000000000001,-0.5,-2.6,-0.6000000000000001,1.9000000000000001,6.800000000000001,20.5,16.1,11.1,16
6498,322862.0,0.9,-0.1,-2.5,-0.4,2.3000000000000003,6.9,12.299999999999999,5.300000000000001,6.500000000000001,16
6499,322882.0,1.3,0.2,-1.8,0.0,2.6,7.6000000000000005,-2.1,-8.600000000000001,-2.7,16
6500,322892.0,1.3,0.30000000000000004,-1.1,0.0,2.8000000000000003,8.4,-10.600000000000001,-11.2,-9.0,16
6501,322908.0,1.3,0.5,0.2,0.1,2.9000000000000004,9.600000000000001,-26.9,-3.4,-21.1,16
6502,322925.0,1.1,0.6000000000000001,0.6000000000000001,-0.2,2.9000000000000004,10.100000000000001,-37.800000000000004,11.700000000000001,-31.6,16
6503,322942.0,1.1,0.6000000000000001,0.6000000000000001,-0.30000000000000004,3.0,10.100000000000001,-46.199999999999996,21.8,-37.2,16
6504,322959.0,0.8,1.0,1.7000000000000002,-0.6000000000000001,3.1,11.200000000000001,-71.7,28.200000000000003,-48.300000000000004,16
6505,322975.0,0.30000000000000004,0.2,4.4,-1.2000000000000002,2.0,13.9,-98.3,22.1,-61.9,16
6506,322998.0,-0.6000000000000001,-1.2000000000000002,7.0,-2.2,0.2,16.6,-100.5,18.700000000000003,-61.10000000000001,16
6507,323011.0,-1.1,-1.8,7.7,-2.8000000000000003,-0.6000000000000001,17.3,-90.0,23.800000000000004,-51.1,16
6508,323025.0,-1.2000000000000002,-1.9000000000000001,7.7,-2.9000000000000004,-0.9,17.3,-73.4,28.900000000000002,-33.7,16
6509,323042.0,-0.9,-2.0,7.2,-2.4000000000000004,-1.1,16.400000000000002,-29.200000000000003,27.5,15.299999999999999,16
6510,323058.0,1.8,-1.5,5.2,-0.1,-0.7000000000000001,14.8,25.5,-11.700000000000001,65.5,16
6511,323084.0,4.7,-0.7000000000000001,2.8000000000000003,3.0,0.2,12.4,69.5,-61.199999999999996,89.9,16
6512,323092.0,6.1000000000000005,-0.2,1.4000000000000001,4.5,0.9,11.0,80.50000000000001,-75.7,86.89999999999999,16
6513,323111.0,7.0,0.4,-0.30000000000000004,5.6000000000000005,1.8,9.3,76.5,-73.9,54.699999999999996,16
6514,323131.0,6.300000000000001,0.2,-1.5,5.2,1.9000000000000001,8.1,47.1,-28.700000000000003,1.9,16
6515,323146.0,6.2,0.2,-1.5,3.1,1.3,7.300000000000001,16.4,26.799999999999997,-47.400000000000006,16
6516,323159.0,3.6,-0.6000000000000001,-2.4000000000000004,2.5,1.2000000000000002,7.1000000000000005,7.6,45.7,-64.30000000000001,16
6517,323179.0,2.5,-0.9,-2.7,0.1,0.7000000000000001,6.4,5.9,51.4,-78.2,16
6518,323191.0,0.5,-1.3,-3.7,-1.0,0.5,5.9,9.5,42.2,-75.5,16
6519,323208.0,-0.2,-1.0,-4.4,-1.8,0.8,5.1000000000000005,15.399999999999999,11.6,-57.1,16
6520,323227.0,0.1,-0.9,-4.6000000000000005,-1.6,1.0,4.9,14.100000000000001,-18.900000000000002,-38.50000000000001,16
6521,323242.0,0.1,-0.9,-4.6000000000000005,-1.3,1.1,5.0,10.200000000000001,-26.9,-31.400000000000002,16
6522,323259.0,1.0,-0.4,-4.0,-0.5,1.4000000000000001,5.6000000000000005,0.5,-28.3,-26.400000000000006,16
6523,323277.0,1.2000000000000002,-0.30000000000000004,-3.6,-0.30000000000000004,1.6,6.1000000000000005,-11.2,-19.400000000000002,-33.0,16
6524,323292.0,1.2000000000000002,-0.30000000000000004,-2.9000000000000004,-0.30000000000000004,1.5,6.6000000000000005,-17.6,-12.4,-37.6,16
6525,323309.0,0.7000000000000001,-0.4,-2.1,-0.7000000000000001,1.3,7.4,-24.400000000000002,-0.8,-44.00000000000001,16
6526,323325.0,0.5,-0.4,-1.9000000000000001,-1.0,1.3,7.6000000000000005,-25.5,2.7,-44.4,16
6527,323342.0,0.30000000000000004,-0.1,-1.6,-1.2000000000000002,1.4000000000000001,7.9,-26.1,7.8,-41.1,16
6528,323360.0,0.2,0.2,-1.5,-1.4000000000000001,1.6,8.1,-27.099999999999998,14.400000000000002,-36.7,16
6529,323384.0,0.1,0.5,-1.3,-1.6,1.8,8.3,-29.0,20.5,-32.9,16
6530,323393.0,0.0,0.7000000000000001,-1.1,-1.7000000000000002,1.9000000000000001,8.5,-30.1,25.0,-29.600000000000005,16
6531,323410.0,-0.1,1.0,-0.9,-1.9000000000000001,2.2,8.700000000000001,-29.200000000000003,28.0,-20.0,16
6532,323426.0,0.0,1.5,-0.2,-1.8,2.6,9.4,-27.9,15.2,-7.9,16
6533,323442.0,0.2,1.7000000000000002,0.30000000000000004,-1.7000000000000002,2.6,9.9,-29.0,5.500000000000001,-2.6,16
6534,323458.0,0.8,1.9000000000000001,1.9000000000000001,-1.1,2.8000000000000003,11.5,-34.0,-10.0,4.2,16
6535,323478.0,1.3,1.8,3.7,-0.6000000000000001,2.6,13.3,-34.7,-8.100000000000001,4.800000000000001,16
6536,323493.0,1.6,1.9000000000000001,4.2,-0.30000000000000004,2.6,13.8,-30.000000000000004,-0.2,4.7,16
6537,323508.0,1.8,2.7,3.4000000000000004,-0.1,3.3000000000000003,13.0,-17.799999999999997,13.700000000000001,0.4,16
6538,323528.0,1.9000000000000001,2.8000000000000003,3.3000000000000003,0.0,3.4000000000000004,12.9,-19.9,11.000000000000002,-5.2,16
6539,323542.0,2.0,2.7,3.9000000000000004,0.2,2.6,14.5,-42.400000000000006,-0.8,-23.099999999999998,16
6540,323558.0,2.0,1.1,6.4,-0.30000000000000004,0.5,17.0,-53.50000000000001,-2.4000000000000004,-40.7,16
6541,323575.0,0.8,-0.9,8.3,-1.6,-1.2000000000000002,18.0,-32.5,11.700000000000001,-37.1,16
6542,323592.0,-0.30000000000000004,-1.6,7.6000000000000005,-2.3000000000000003,-1.5,17.2,-11.900000000000002,18.200000000000003,-25.200000000000003,16
6543,323615.0,0.1,-1.6,4.800000000000001,-2.0,-1.5,14.4,54.4,1.0,29.300000000000004,16
6544,323626.0,1.5,-0.8,1.7000000000000002,-0.5,-0.6000000000000001,11.3,68.80000000000001,-14.600000000000001,43.6,16
6545,323642.0,1.5,-1.0,1.7000000000000002,0.0,-0.30000000000000004,10.5,76.60000000000001,-28.600000000000005,52.1,16
6546,323659.0,2.6,-0.5,-0.30000000000000004,1.2000000000000002,0.6000000000000001,8.700000000000001,76.2,-45.8,50.8,16
6547,323679.0,3.5,0.2,-2.0,1.8,1.1,7.6000000000000005,60.2,-46.800000000000004,34.300000000000004,16
6548,323692.0,3.5,0.30000000000000004,-2.2,1.9000000000000001,1.3,7.4,48.0,-43.6,22.700000000000003,16
6549,323710.0,2.8000000000000003,-0.1,-1.6,1.4000000000000001,1.1,8.1,21.300000000000004,-31.3,-3.7000000000000006,16
6550,323725.0,2.4000000000000004,-0.30000000000000004,-1.2000000000000002,1.0,0.9,8.4,11.4,-22.2,-15.5,16
6551,323742.0,1.2000000000000002,-0.8,-0.6000000000000001,-0.1,0.4,9.0,4.300000000000001,-3.9,-29.400000000000002,16
6552,323759.0,0.0,-1.2000000000000002,-0.5,-1.3,0.0,9.1,11.5,4.2,-26.6,16
6553,323785.0,-0.2,-1.2000000000000002,-1.5,-1.5,0.2,8.1,34.2,-8.899999999999999,-0.8,16
6554,323792.0,-0.2,-1.2000000000000002,-1.5,-1.5,0.2,8.1,34.2,-8.899999999999999,-0.8,16
6555,323808.0,0.7000000000000001,-0.8,-2.1,-0.6000000000000001,0.6000000000000001,7.5,41.900000000000006,-23.0,13.100000000000001,16
6556,323825.0,1.5,-0.6000000000000001,-2.5,0.30000000000000004,1.0,7.1000000000000005,42.900000000000006,-26.799999999999997,13.6,16
6557,323846.0,1.8,-0.5,-2.9000000000000004,0.6000000000000001,1.3,6.7,38.800000000000004,-17.400000000000002,5.0,16
6558,323860.0,1.7000000000000002,-0.5,-2.8000000000000003,0.6000000000000001,1.3,6.6000000000000005,35.2,-10.299999999999999,-1.6,16
6559,323880.0,1.5,-0.5,-3.3000000000000003,0.4,1.5,6.300000000000001,27.0,3.7000000000000006,-15.399999999999999,16
6560,323892.0,1.2000000000000002,-0.5,-3.3000000000000003,0.1,1.5,6.2,23.0,9.700000000000001,-21.900000000000002,16
6561,323911.0,0.6000000000000001,-0.6000000000000001,-3.4000000000000004,-0.5,1.4000000000000001,6.1000000000000005,16.4,17.0,-30.799999999999997,16
6562,323927.0,0.0,-0.5,-3.4000000000000004,-1.2000000000000002,1.5,6.1000000000000005,10.9,17.1,-32.400000000000006,16
6563,323945.0,0.0,-0.4,-3.3000000000000003,-1.3,1.6,6.2,8.3,14.300000000000002,-30.200000000000003,16
6564,323958.0,0.30000000000000004,-0.2,-2.7,-1.0,1.9000000000000001,6.800000000000001,3.1,4.4,-24.1,16
6565,323976.0,0.8,0.2,-2.0,-0.5,2.3000000000000003,7.5,-2.4000000000000004,-6.699999999999999,-23.099999999999998,16
6566,323991.0,1.0,0.5,-1.4000000000000001,-0.30000000000000004,2.5,8.1,-7.1000000000000005,-10.200000000000001,-25.4,16
6567,324009.0,1.1,0.7000000000000001,-0.5,-0.2,2.7,9.1,-21.6,-9.8,-34.60000000000001,16
6568,324025.0,0.8,0.8,0.7000000000000001,-0.6000000000000001,2.7,10.3,-38.400000000000006,0.9000000000000001,-46.9,16
6569,324042.0,0.8,0.8,0.7000000000000001,-0.8,2.5,10.600000000000001,-44.6,8.700000000000001,-51.70000000000001,16
6570,324058.0,0.30000000000000004,0.9,1.4000000000000001,-1.3,2.6,11.0,-52.60000000000001,17.6,-55.3,16
6571,324076.0,0.1,1.1,2.0,-1.4000000000000001,2.6,11.5,-59.5,14.200000000000001,-56.7,16
6572,324092.0,-0.1,0.7000000000000001,4.3,-1.7000000000000002,2.0,13.9,-80.60000000000001,2.4000000000000004,-60.8,16
6573,324108.0,-0.30000000000000004,-0.30000000000000004,6.800000000000001,-1.9000000000000001,0.8,16.400000000000002,-85.5,-8.700000000000001,-57.60000000000001,16
6574,324125.0,-0.1,-0.8,7.800000000000001,-1.6,0.0,17.5,-67.3,-13.100000000000001,-40.7,16
6575,324142.0,0.2,-1.1,8.0,-1.3,-0.5,17.7,-56.10000000000001,-11.1,-28.3,16
6576,324158.0,0.7000000000000001,-1.4000000000000001,8.1,-0.4,-1.2000000000000002,17.6,-24.5,9.700000000000001,2.8,16
6577,324181.0,2.3000000000000003,-1.3,5.800000000000001,0.8,-1.0,15.5,29.1,9.899999999999999,38.2,16
6578,324192.0,3.3000000000000003,-1.0,3.6,1.8,-0.6000000000000001,13.3,53.9,-3.4,52.60000000000001,16
6579,324208.0,5.300000000000001,-0.30000000000000004,0.8,3.8000000000000003,0.4,10.5,80.8,-38.300000000000004,64.0,16
6580,324225.0,5.800000000000001,-0.30000000000000004,0.2,4.4,0.6000000000000001,9.9,84.69999999999999,-51.1,58.800000000000004,16
6581,324243.0,6.4,-0.30000000000000004,-0.8,5.4,1.0,8.4,78.4,-51.9,33.300000000000004,16
6582,324259.0,6.300000000000001,0.1,-2.6,5.300000000000001,1.5,7.1000000000000005,57.3,-30.200000000000003,-6.699999999999999,16
6583,324275.0,5.4,-0.1,-3.3000000000000003,4.4,1.4000000000000001,6.300000000000001,34.900000000000006,-10.5,-37.7,16
6584,324292.0,4.6000000000000005,-0.4,-3.2,3.6,1.2000000000000002,6.4,20.3,1.9,-56.300000000000004,16
6585,324308.0,3.1,-0.8,-3.0,2.1,0.9,6.6000000000000005,4.5,16.900000000000002,-83.80000000000001,16
6586,324328.0,1.6,-0.9,-3.5,0.5,0.7000000000000001,6.1000000000000005,7.0,15.8,-97.50000000000001,16
6587,324342.0,1.3,-0.9,-3.7,0.1,0.7000000000000001,5.9,9.700000000000001,11.700000000000001,-98.3,16
6588,324359.0,0.5,-0.7000000000000001,-4.2,-0.7000000000000001,0.9,5.4,11.2,1.3,-93.10000000000001,16
6589,324378.0,0.2,-0.5,-4.3,-1.1,1.1,5.300000000000001,4.4,-8.0,-84.80000000000001,16
6590,324392.0,0.2,-0.4,-4.1000000000000005,-1.1,1.2000000000000002,5.5,-1.0,-9.100000000000001,-80.9,16
6591,324411.0,0.1,-0.2,-3.5,-1.3,1.3,6.1000000000000005,-12.600000000000001,-6.8,-74.7,16
6592,324428.0,-0.1,-0.1,-2.8000000000000003,-1.4000000000000001,1.3,6.800000000000001,-19.1,-5.9,-68.4,16
6593,324444.0,-0.1,0.0,-2.6,-1.5,1.4000000000000001,7.0,-19.9,-7.6,-64.60000000000001,16
6594,324458.0,-0.30000000000000004,0.1,-2.3000000000000003,-1.6,1.5,7.4,-18.6,-13.700000000000001,-54.800000000000004,16
6595,324478.0,-0.1,0.5,-1.9000000000000001,-1.4000000000000001,1.7000000000000002,7.7,-19.9,-16.3,-43.300000000000004,16
6596,324492.0,0.1,0.6000000000000001,-1.7000000000000002,-1.2000000000000002,1.8,8.0,-20.599999999999998,-15.000000000000002,-38.800000000000004,16
6597,324509.0,0.2,1.0,-1.0,-1.1,2.0,8.700000000000001,-21.7,-6.699999999999999,-33.2,16
6598,324529.0,0.2,1.2000000000000002,-0.7000000000000001,-1.1,2.2,9.0,-18.700000000000003,7.0,-29.1,16
6599,324549.0,0.2,1.6,-0.4,-1.2000000000000002,2.5,9.3,-16.8,11.5,-21.6,16
6600,324561.0,0.2,1.6,-0.4,-0.9,2.5,9.600000000000001,-17.0,6.9,-16.200000000000003,16
6601,324576.0,1.3,2.2,1.0,0.0,3.1,10.700000000000001,-14.300000000000002,-5.2,-8.3,16
6602,324595.0,1.9000000000000001,2.6,1.4000000000000001,0.6000000000000001,3.6,11.200000000000001,-13.3,-13.000000000000002,-15.2,16
6603,324609.0,2.0,3.2,1.8,0.7000000000000001,4.0,11.5,-17.7,-11.2,-22.700000000000003,16
6604,324626.0,1.9000000000000001,3.4000000000000004,2.7,0.6000000000000001,4.1000000000000005,12.4,-37.7,6.300000000000001,-42.900000000000006,16
6605,324644.0,1.9000000000000001,3.4000000000000004,2.7,0.30000000000000004,3.2,14.100000000000001,-62.1,23.0,-66.4,16
6606,324658.0,1.5,2.1,5.2,0.1,2.5,14.9,-70.0,25.300000000000004,-75.9,16
6607,324676.0,1.1,1.1,6.4,-0.6000000000000001,0.4,16.8,-73.7,22.000000000000004,-81.4,16
6608,324694.0,0.5,-1.1,8.9,-1.1,-1.2000000000000002,18.6,-56.7,19.5,-65.5,16
6609,324711.0,0.5,-1.4000000000000001,9.0,-1.1,-1.7000000000000002,18.7,-37.400000000000006,19.5,-51.2,16
6610,324725.0,0.7000000000000001,-1.5,7.2,-1.0,-1.9000000000000001,16.900000000000002,2.0,19.200000000000003,-25.5,16
6611,324742.0,0.7000000000000001,-1.5,7.2,-0.7000000000000001,-1.5,15.200000000000001,30.799999999999997,17.200000000000003,-5.300000000000001,16
6612,324758.0,2.1,-0.2,1.6,0.4,-0.5,11.200000000000001,75.2,-0.8,27.2,16
6613,324777.0,3.2,0.6000000000000001,-1.3,1.5,0.6000000000000001,8.4,84.1,-25.4,36.400000000000006,16
6614,324792.0,3.7,0.9,-2.1,2.1,1.1,7.6000000000000005,77.3,-35.699999999999996,32.6,16
6615,324808.0,4.0,0.9,-2.4000000000000004,2.5,1.4000000000000001,7.300000000000001,54.9,-48.0,12.0,16
6616,324826.0,3.9000000000000004,0.8,-2.4000000000000004,2.1,1.2000000000000002,8.1,42.2,-48.70000000000001,-2.2,16
6617,324844.0,3.1,0.30000000000000004,-1.4000000000000001,1.8,1.0,8.3,11.1,-28.0,-42.1,16
6618,324859.0,1.9000000000000001,-0.30000000000000004,-0.8,0.7000000000000001,0.4,8.9,5.300000000000001,-17.0,-50.1,16
6619,324877.0,1.1,-0.7000000000000001,-0.6000000000000001,-0.5,-0.1,9.1,3.0,-7.699999999999999,-54.300000000000004,16
6620,324892.0,0.1,-0.8,-0.9,-1.0,-0.1,8.8,9.0,1.3,-52.60000000000001,16
6621,324910.0,-0.4,-0.8,-1.8,-1.5,-0.1,7.9,18.4,-1.8000000000000003,-40.800000000000004,16
6622,324929.0,-0.30000000000000004,-0.4,-2.4000000000000004,-1.4000000000000001,0.4,7.300000000000001,22.1,-11.8,-24.8,16
6623,324948.0,0.30000000000000004,-0.1,-2.6,-0.8,0.7000000000000001,7.1000000000000005,20.900000000000002,-19.700000000000003,-15.000000000000002,16
6624,324958.0,0.4,-0.1,-2.5,-0.6000000000000001,0.8,7.2,19.400000000000002,-20.5,-12.7,16
6625,324977.0,0.7000000000000001,0.2,-2.4000000000000004,-0.30000000000000004,1.1,7.300000000000001,18.0,-15.100000000000001,-13.399999999999999,16
6626,324992.0,0.8,0.4,-2.5,-0.1,1.3,7.2,18.1,-9.8,-15.5,16
6627,325008.0,0.6000000000000001,0.7000000000000001,-3.1,-0.30000000000000004,1.7000000000000002,6.6000000000000005,19.0,0.8,-21.6,16
6628,325026.0,0.5,0.7000000000000001,-3.4000000000000004,-0.6000000000000001,1.9000000000000001,6.1000000000000005,16.6,6.699999999999999,-27.0,16
6629,325042.0,0.2,0.9,-3.7,-0.7000000000000001,2.0,6.0,14.0,7.400000000000001,-29.500000000000004,16
6630,325058.0,-0.1,1.2000000000000002,-3.8000000000000003,-1.1,2.3000000000000003,5.9,6.0,4.2,-34.60000000000001,16
6631,325078.0,-0.30000000000000004,1.2000000000000002,-3.6,-1.3,2.4000000000000004,6.1000000000000005,-7.300000000000001,0.4,-38.50000000000001,16
6632,325092.0,-0.5,1.2000000000000002,-2.9000000000000004,-1.5,2.3000000000000003,6.800000000000001,-15.700000000000001,-0.1,-39.8,16
6633,325108.0,-0.9,1.1,-1.8,-2.0,2.1,7.9,-25.200000000000003,5.500000000000001,-38.7,16
6634,325129.0,-1.1,1.2000000000000002,-1.6,-2.1,2.1,8.1,-27.6,7.200000000000001,-35.4,16
6635,325142.0,-1.1,1.3,-0.8,-2.2,2.2,8.9,-35.8,-1.8000000000000003,-27.3,16
6636,325159.0,-0.5,1.5,1.1,-1.6,2.2,10.8,-50.900000000000006,-21.8,-20.900000000000002,16
6637,325176.0,0.30000000000000004,1.4000000000000001,3.9000000000000004,-0.7000000000000001,1.9000000000000001,13.600000000000001,-59.00000000000001,-30.699999999999996,-20.2,16
6638,325191.0,0.6000000000000001,1.2000000000000002,5.5,-0.4,1.7000000000000002,15.200000000000001,-60.1,-29.500000000000004,-22.000000000000004,16
6639,325210.0,0.6000000000000001,1.2000000000000002,6.1000000000000005,-0.2,1.4000000000000001,15.9,-53.9,-8.700000000000001,-25.300000000000004,16
6640,325229.0,0.4,1.4000000000000001,5.2,-0.5,1.5,14.9,-46.6,19.700000000000003,-27.800000000000004,16
6641,325245.0,0.4,1.5,4.800000000000001,-0.5,1.4000000000000001,14.600000000000001,-46.800000000000004,27.9,-28.200000000000003,16
6642,325264.0,0.4,1.2000000000000002,4.800000000000001,-0.6000000000000001,1.0,14.600000000000001,-52.7,30.5,-27.6,16
6643,325276.0,0.5,0.4,5.7,-0.5,0.0,15.4,-54.0,26.6,-20.5,16
6644,325294.0,0.8,-0.2,6.300000000000001,-0.4,-0.7000000000000001,16.0,-48.300000000000004,21.200000000000003,-11.8,16
6645,325308.0,1.6,-0.9,6.4,0.4,-1.6,16.1,-15.8,4.5,15.700000000000001,16
6646,325325.0,3.2,-0.8,4.2,2.0,-1.5,14.0,40.2,-19.400000000000002,50.3,16
6647,325345.0,4.2,-0.6000000000000001,2.8000000000000003,3.0,-1.2000000000000002,12.5,63.30000000000001,-30.5,63.599999999999994,16
6648,325364.0,6.1000000000000005,0.2,0.2,5.1000000000000005,-0.2,9.9,86.4,-50.1,64.30000000000001,16
6649,325384.0,6.800000000000001,0.2,-1.2000000000000002,6.1000000000000005,0.30000000000000004,8.0,84.6,-56.800000000000004,31.099999999999998,16
6650,325392.0,6.800000000000001,0.30000000000000004,-2.7,6.0,0.4,7.1000000000000005,75.7,-52.60000000000001,6.9,16
6651,325409.0,5.7,-0.1,-3.4000000000000004,5.1000000000000005,0.30000000000000004,6.300000000000001,48.6,-36.7,-44.6,16
6652,325428.0,4.1000000000000005,-0.9,-3.2,3.6,-0.4,6.6000000000000005,18.200000000000003,-21.900000000000002,-88.50000000000001,16
6653,325442.0,4.1000000000000005,-0.9,-3.2,3.1,-0.7000000000000001,6.800000000000001,6.300000000000001,-16.1,-103.89999999999999,16
6654,325475.0,0.7000000000000001,-1.8,-2.8000000000000003,0.30000000000000004,-1.3,7.0,1.1,-0.7,-120.10000000000001,16
6655,325497.0,0.1,-1.6,-3.4000000000000004,-0.5,-0.9,6.1000000000000005,6.300000000000001,-0.6000000000000001,-105.4,16
6656,325510.0,-0.1,-1.0,-4.1000000000000005,-0.6000000000000001,-0.5,5.7,6.300000000000001,-4.9,-96.80000000000001,16
6657,325525.0,-0.1,-1.0,-4.1000000000000005,-0.6000000000000001,-0.2,5.6000000000000005,5.6,-12.200000000000001,-89.30000000000001,16
6658,325543.0,0.1,-0.4,-4.2,-0.2,0.30000000000000004,5.6000000000000005,3.6000000000000005,-25.5,-79.3,16
6659,325562.0,0.4,0.1,-4.1000000000000005,0.1,0.8,5.7,-1.8000000000000003,-24.3,-77.3,16
6660,325576.0,0.30000000000000004,0.5,-4.0,0.0,1.2000000000000002,5.9,-11.4,-16.5,-79.19999999999999,16
6661,325595.0,0.2,0.9,-3.5,-0.1,1.4000000000000001,6.800000000000001,-23.0,-12.299999999999999,-80.60000000000001,16
6662,325615.0,-0.2,1.3,-2.0,-0.4,1.6,7.800000000000001,-28.3,-8.600000000000001,-81.90000000000002,16
6663,325628.0,-0.4,1.5,-1.4000000000000001,-0.6000000000000001,1.8,8.4,-28.800000000000004,-7.300000000000001,-81.90000000000002,16
6664,325645.0,-0.4,1.5,-1.4000000000000001,-0.6000000000000001,1.8,8.4,-28.800000000000004,-7.300000000000001,-81.90000000000002,16
6665,325659.0,-0.4,1.5,-1.4000000000000001,-0.6000000000000001,1.8,8.4,-28.800000000000004,-7.300000000000001,-81.90000000000002,16
6666,325675.0,-1.3,2.6,-0.7000000000000001,-1.7000000000000002,2.8000000000000003,9.200000000000001,-23.900000000000006,15.8,-74.60000000000001,16
6667,325692.0,-1.7000000000000002,3.0,-0.1,-1.9000000000000001,3.0,9.700000000000001,-27.099999999999998,16.3,-71.7,16
6668,325708.0,-1.9000000000000001,3.1,1.3,-2.2,3.0,11.100000000000001,-32.6,9.600000000000001,-62.900000000000006,16
6669,325725.0,-1.9000000000000001,3.2,2.2,-2.3000000000000003,3.0,12.0,-33.6,5.2,-55.400000000000006,16
6670,325745.0,-1.7000000000000002,3.2,3.4000000000000004,-1.8,2.9000000000000004,13.700000000000001,-26.6,-2.5,-35.9,16
6671,325763.0,-0.5,3.5,4.5,-0.8,3.2,14.3,-12.5,-4.4,-16.6,16
6672,325777.0,0.6000000000000001,4.4,4.2,0.30000000000000004,3.9000000000000004,14.0,-4.0,5.0,-7.1000000000000005,16
6673,325794.0,1.1,4.800000000000001,3.7,0.7000000000000001,4.4,13.5,-4.1,12.8,-8.100000000000001,16
6674,325809.0,1.2000000000000002,5.2,3.8000000000000003,0.9,4.7,13.600000000000001,-16.700000000000003,19.9,-20.400000000000002,16
6675,325825.0,0.7000000000000001,3.3000000000000003,5.5,0.30000000000000004,2.7,15.3,-35.699999999999996,18.1,-42.400000000000006,16
6676,325841.0,0.2,2.5,6.300000000000001,-0.30000000000000004,2.0,16.1,-40.2,20.599999999999998,-48.9,16
6677,325864.0,-0.8,0.6000000000000001,7.6000000000000005,-1.4000000000000001,-0.1,17.3,-29.900000000000006,22.2,-45.5,16
6678,325875.0,-1.3,-0.5,7.5,-1.9000000000000001,-1.3,17.2,5.2,20.2,-14.700000000000001,16
6679,325891.0,-0.8,-0.9,6.2,-1.4000000000000001,-1.7000000000000002,16.0,30.200000000000003,11.8,5.9,16
6680,325908.0,0.9,-0.6000000000000001,3.1,0.2,-1.3,12.9,80.60000000000001,-15.700000000000001,43.300000000000004,16
6681,325925.0,1.9000000000000001,-0.1,0.0,1.3,-0.4,9.8,109.50000000000001,-36.400000000000006,57.60000000000001,16
6682,325942.0,2.2,0.2,-1.4000000000000001,1.7000000000000002,0.0,8.4,110.80000000000001,-39.400000000000006,56.10000000000001,16
6683,325964.0,2.5,0.8,-3.6,2.1,1.0,6.2,89.4,-31.400000000000002,40.5,16
6684,325975.0,2.1,1.0,-4.2,1.8,1.5,5.6000000000000005,51.2,-20.5,13.3,16
6685,325994.0,1.5,0.7000000000000001,-3.6,1.0,1.1,6.800000000000001,17.1,-18.8,-12.200000000000001,16
6686,326008.0,0.4,-0.1,-1.9000000000000001,0.2,0.5,7.9,8.5,-18.8,-20.2,16
6687,326025.0,0.0,-0.4,-1.5,-0.1,0.30000000000000004,8.3,5.9,-17.5,-23.700000000000003,16
6688,326043.0,-1.1,-0.8,-1.0,-1.2000000000000002,-0.1,8.8,14.200000000000001,-12.7,-18.0,16
6689,326068.0,-1.3,-0.7000000000000001,-2.2,-1.4000000000000001,0.1,7.6000000000000005,34.900000000000006,-12.0,7.1000000000000005,16
6690,326075.0,-1.1,-0.5,-2.5,-1.2000000000000002,0.4,7.2,38.800000000000004,-14.700000000000001,13.000000000000002,16
6691,326092.0,-0.9,-0.4,-2.9000000000000004,-0.9,0.6000000000000001,6.800000000000001,40.300000000000004,-16.0,14.700000000000001,16
6692,326109.0,-0.6000000000000001,-0.2,-3.6,-0.6000000000000001,0.9,6.2,42.60000000000001,-16.4,17.5,16
6693,326128.0,-0.6000000000000001,-0.1,-4.0,-0.5,1.2000000000000002,5.7,38.7,-10.4,15.899999999999999,16
6694,326143.0,-0.6000000000000001,-0.1,-4.1000000000000005,-0.5,1.2000000000000002,5.6000000000000005,35.9,-8.0,14.800000000000002,16
6695,326166.0,-0.5,0.1,-3.9000000000000004,-0.30000000000000004,1.6,5.800000000000001,26.1,-7.6,12.600000000000001,16
6696,326175.0,-0.4,0.2,-3.7,-0.2,1.8,6.0,22.6,-8.700000000000001,11.5,16
6697,326191.0,-0.2,0.4,-3.5,0.0,1.9000000000000001,6.2,18.900000000000002,-8.8,9.2,16
6698,326208.0,-0.2,0.6000000000000001,-2.6,0.0,2.2,7.1000000000000005,8.3,-9.600000000000001,0.4,16
6699,326225.0,-0.2,0.6000000000000001,-2.6,-0.30000000000000004,2.1,8.3,1.7,-8.3,-5.2,16
6700,326241.0,-0.7000000000000001,0.5,-1.2000000000000002,-0.4,2.1,8.5,-7.500000000000001,8.8,-11.4,16
6701,326262.0,-1.2000000000000002,0.8,-1.5,-1.0,2.4000000000000004,8.1,-8.0,26.1,-11.6,16
6702,326278.0,-1.1,1.3,-2.1,-1.0,2.9000000000000004,7.6000000000000005,-14.300000000000002,19.6,-7.300000000000001,16
6703,326292.0,-0.7000000000000001,1.6,-1.7000000000000002,-0.6000000000000001,3.1,7.9,-22.1,8.899999999999999,-6.0,16
6704,326308.0,0.0,2.0,-0.1,0.1,3.4000000000000004,9.600000000000001,-41.6,-12.5,-10.5,16
6705,326325.0,0.1,2.0,0.8,0.2,3.4000000000000004,10.5,-61.300000000000004,-15.000000000000002,-22.5,16
6706,326348.0,0.1,1.7000000000000002,4.0,0.30000000000000004,2.8000000000000003,13.8,-75.2,0.0,-32.400000000000006,16
6707,326359.0,0.0,1.8,4.6000000000000005,0.1,2.7,14.3,-77.80000000000001,8.600000000000001,-35.699999999999996,16
6708,326377.0,-0.4,1.7000000000000002,5.300000000000001,-0.30000000000000004,2.4000000000000004,15.100000000000001,-77.5,22.3,-39.300000000000004,16
6709,326392.0,-0.7000000000000001,1.4000000000000001,5.6000000000000005,-0.6000000000000001,2.0,15.4,-76.0,25.5,-38.400000000000006,16
6710,326408.0,-0.9,1.1,6.0,-0.9,1.4000000000000001,15.8,-69.10000000000001,20.8,-32.9,16
6711,326426.0,-0.9,0.9,6.1000000000000005,-1.2000000000000002,0.2,16.0,-58.1,20.5,-20.599999999999998,16
6712,326441.0,-1.1,-0.2,6.300000000000001,-1.3,-0.2,16.1,-48.9,20.400000000000002,-9.4,16
6713,326470.0,0.30000000000000004,-1.0,5.2,0.1,-1.3,15.0,0.8,-3.3000000000000007,47.60000000000001,16
6714,326475.0,1.1,-0.8,4.5,0.9,-1.1,14.3,21.6,-16.5,67.60000000000001,16
6715,326492.0,2.5,-0.30000000000000004,2.9000000000000004,2.3000000000000003,-0.4,12.700000000000001,40.800000000000004,-27.099999999999998,80.8,16
6716,326521.0,4.4,0.4,-0.2,4.4,0.6000000000000001,9.600000000000001,78.9,-28.3,76.5,16
6717,326527.0,4.4,0.4,-0.2,4.3,1.2000000000000002,8.200000000000001,82.10000000000001,-25.900000000000002,70.5,16
6718,326546.0,3.6,1.3,-4.1000000000000005,3.7,1.9000000000000001,5.7,79.6,-16.5,40.9,16
6719,326560.0,3.3000000000000003,1.3,-4.6000000000000005,3.5,2.0,5.2,67.00000000000001,-9.5,25.5,16
6720,326577.0,2.5,1.1,-4.6000000000000005,2.7,2.0,5.1000000000000005,31.9,-1.1,0.0,16
6721,326595.0,2.1,0.9,-4.1000000000000005,1.9000000000000001,1.6,5.9,11.900000000000002,1.6,-20.5,16
6722,326609.0,1.0,0.4,-3.7,1.2000000000000002,1.4000000000000001,6.0,11.1,1.4,-27.800000000000004,16
6723,326625.0,0.7000000000000001,0.4,-3.8000000000000003,0.8,1.4000000000000001,5.9,13.000000000000002,0.5,-32.6,16
6724,326642.0,-0.1,0.1,-4.1000000000000005,0.1,1.1,5.6000000000000005,17.0,-2.1,-34.1,16
6725,326660.0,-0.2,0.2,-4.1000000000000005,-0.1,1.3,5.6000000000000005,16.1,-5.500000000000001,-28.700000000000003,16
6726,326675.0,0.2,0.2,-3.9000000000000004,0.30000000000000004,1.4000000000000001,5.9,12.4,-11.1,-27.6,16
6727,326692.0,0.2,0.2,-3.8000000000000003,0.4,1.4000000000000001,6.0,9.700000000000001,-12.200000000000001,-30.5,16
6728,326708.0,0.0,0.1,-3.5,0.2,1.3,6.2,0.7,-7.500000000000001,-38.300000000000004,16
6729,326725.0,-0.2,0.0,-3.3000000000000003,0.1,1.2000000000000002,6.4,-5.9,-3.8,-41.6,16
6730,326742.0,-0.6000000000000001,-0.1,-2.4000000000000004,-0.4,1.0,7.300000000000001,-17.200000000000003,4.300000000000001,-46.6,16
6731,326758.0,-1.4000000000000001,-0.30000000000000004,-2.0,-1.2000000000000002,0.8,7.800000000000001,-18.200000000000003,14.800000000000002,-44.9,16
6732,326775.0,-1.9000000000000001,0.0,-2.2,-1.9000000000000001,1.0,7.5,-14.200000000000001,23.800000000000004,-31.799999999999997,16
6733,326792.0,-2.0,0.30000000000000004,-2.3000000000000003,-2.0,1.3,7.4,-13.5,23.900000000000006,-22.8,16
6734,326808.0,-1.8,0.7000000000000001,-1.9000000000000001,-1.8,1.7000000000000002,7.800000000000001,-15.8,16.200000000000003,-6.0,16
6735,326825.0,-1.5,0.8,-1.6,-1.3,1.9000000000000001,8.8,-19.6,4.800000000000001,7.8,16
6736,326841.0,-1.2000000000000002,1.0,-1.0,-1.0,1.9000000000000001,9.3,-22.2,0.30000000000000004,12.7,16
6737,326866.0,0.2,1.0,1.0,0.1,1.8,10.8,-29.700000000000006,-6.8,18.5,16
6738,326875.0,1.6,1.2000000000000002,3.1,1.5,1.9000000000000001,12.9,-38.800000000000004,-9.100000000000001,13.8,16
6739,326892.0,2.1,1.1,4.3,2.0,1.8,14.100000000000001,-41.4,-4.6,6.600000000000001,16
6740,326908.0,2.0,1.4000000000000001,4.7,2.0,1.9000000000000001,14.5,-37.50000000000001,19.0,-12.0,16
6741,326927.0,1.6,1.7000000000000002,4.2,0.8,2.4000000000000004,13.3,-40.2,36.9,-26.9,16
6742,326945.0,0.7000000000000001,2.2,3.5,0.5,2.6,13.3,-52.80000000000001,25.4,-33.9,16
6743,326965.0,0.1,2.5,4.5,-0.2,2.6,14.3,-56.9,14.200000000000001,-37.300000000000004,16
6744,326975.0,-0.1,2.1,5.5,-0.8,1.7000000000000002,15.8,-53.599999999999994,4.6,-36.1,16
6745,326995.0,-1.1,1.3,6.4,-1.4000000000000001,1.1,16.2,-49.199999999999996,6.1000000000000005,-33.2,16
6746,327008.0,-1.5,1.3,5.5,-1.9000000000000001,1.0,15.3,-15.899999999999999,18.1,-8.100000000000001,16
6747,327027.0,-0.7000000000000001,1.9000000000000001,2.8000000000000003,-1.2000000000000002,1.6,12.600000000000001,26.5,9.0,26.1,16
6748,327042.0,-0.7000000000000001,1.9000000000000001,2.8000000000000003,-0.8,1.9000000000000001,11.700000000000001,43.4,-1.8000000000000003,39.599999999999994,16
6749,327068.0,0.7000000000000001,2.8000000000000003,-1.3,0.30000000000000004,2.8000000000000003,8.5,62.300000000000004,-29.700000000000006,49.9,16
6750,327076.0,0.8,2.7,-1.6,0.4,2.8000000000000003,8.200000000000001,57.1,-35.3,46.9,16
6751,327092.0,1.0,2.6,-1.6,0.7000000000000001,2.8000000000000003,8.200000000000001,49.0,-38.800000000000004,41.7,16
6752,327108.0,0.9,2.1,-0.9,0.7000000000000001,2.5,8.9,29.900000000000006,-37.50000000000001,26.6,16
6753,327126.0,0.30000000000000004,1.4000000000000001,0.2,0.30000000000000004,1.9000000000000001,9.9,13.700000000000001,-27.400000000000002,8.0,16
6754,327142.0,-0.1,0.9,0.6000000000000001,-0.1,1.4000000000000001,10.4,10.4,-20.7,0.6000000000000001,16
6755,327158.0,-1.2000000000000002,0.0,0.8,-1.1,0.5,10.600000000000001,15.2,-8.5,-3.6000000000000005,16
6756,327175.0,-1.7000000000000002,-0.5,0.6000000000000001,-1.6,0.0,10.100000000000001,28.400000000000002,-2.9,7.6,16
6757,327192.0,-1.4000000000000001,-1.0,-0.4,-1.3,-0.30000000000000004,9.4,37.50000000000001,-3.2,15.5,16
6758,327208.0,-0.7000000000000001,-1.0,-2.1,-0.6000000000000001,-0.1,7.7,53.0,-10.9,30.200000000000003,16
6759,327225.0,-0.7000000000000001,-1.0,-2.0,-0.30000000000000004,-0.1,7.1000000000000005,56.400000000000006,-15.100000000000001,34.300000000000004,16
6760,327242.0,0.0,-1.0,-3.5,0.2,0.1,6.2,49.6,-17.5,36.9,16
6761,327263.0,0.2,-1.1,-3.6,0.5,0.30000000000000004,6.2,36.8,-10.1,33.300000000000004,16
6762,327275.0,0.0,-0.9,-3.6,0.30000000000000004,0.5,6.1000000000000005,31.0,-2.6,28.200000000000003,16
6763,327291.0,-0.1,-0.8,-3.7,0.2,0.7000000000000001,6.0,30.4,-2.0,25.900000000000002,16
6764,327308.0,-0.2,-0.5,-4.1000000000000005,0.2,1.1,5.6000000000000005,31.799999999999997,-2.9,22.5,16
6765,327326.0,-0.30000000000000004,0.2,-4.6000000000000005,0.1,1.8,5.1000000000000005,26.799999999999997,-0.4,16.200000000000003,16
6766,327341.0,-0.4,0.4,-4.6000000000000005,0.0,2.0,5.1000000000000005,19.6,2.0,11.1,16
6767,327358.0,-0.6000000000000001,0.8,-4.1000000000000005,-0.30000000000000004,2.5,5.6000000000000005,0.6000000000000001,5.7,-1.8000000000000003,16
6768,327381.0,-1.3,1.0,-2.9000000000000004,-1.0,2.7,6.7,-15.399999999999999,7.1000000000000005,-12.600000000000001,16
6769,327391.0,-1.7000000000000002,1.0,-2.2,-1.4000000000000001,2.7,7.5,-20.0,7.300000000000001,-15.100000000000001,16
6770,327408.0,-2.2,1.4000000000000001,-1.3,-1.9000000000000001,3.0,8.3,-22.9,4.9,-14.5,16
6771,327426.0,-2.4000000000000004,1.9000000000000001,-0.8,-2.1,3.4000000000000004,8.9,-27.3,-4.300000000000001,-11.1,16
6772,327441.0,-2.2,2.0,-0.4,-1.9000000000000001,3.5,9.3,-29.700000000000006,-7.400000000000001,-10.1,16
6773,327458.0,-1.6,2.3000000000000003,1.2000000000000002,-1.3,3.6,10.9,-42.800000000000004,-17.5,-10.1,16
6774,327483.0,-1.4000000000000001,2.2,2.5,-1.0,3.3000000000000003,12.9,-55.2,-15.6,-16.700000000000003,16
6775,327492.0,-1.3,2.2,3.2,-0.9,3.0,14.100000000000001,-58.7,-9.0,-19.0,16
6776,327508.0,-1.2000000000000002,1.5,5.4,-0.8,2.5,15.100000000000001,-55.400000000000006,9.600000000000001,-17.9,16
6777,327526.0,-0.7000000000000001,1.8,4.800000000000001,-0.30000000000000004,2.5,14.600000000000001,-46.199999999999996,25.7,-9.3,16
6778,327549.0,-0.2,1.5,4.9,0.1,2.1,14.700000000000001,-49.300000000000004,27.2,-5.7,16
6779,327558.0,-0.1,1.6,4.9,0.2,1.8,15.0,-51.50000000000001,22.9,-5.1000000000000005,16
6780,327575.0,0.30000000000000004,0.1,6.4,0.4,0.5,16.2,-50.3,13.900000000000002,-0.6000000000000001,16
6781,327591.0,0.4,-0.9,6.9,0.5,-0.7000000000000001,16.7,-43.00000000000001,13.399999999999999,6.2,16
6782,327618.0,1.3,-1.4000000000000001,4.9,1.3,-1.2000000000000002,14.700000000000001,20.5,11.6,56.50000000000001,16
6783,327626.0,2.5,-1.0,2.9000000000000004,2.5,-0.9,12.700000000000001,46.199999999999996,-0.30000000000000004,75.3,16
6784,327641.0,2.5,-1.1,2.9000000000000004,3.4000000000000004,-0.4,11.200000000000001,65.89999999999999,-16.6,89.30000000000001,16
6785,327658.0,5.300000000000001,0.1,-1.3,5.4,0.6000000000000001,8.5,83.00000000000001,-50.0,89.9,16
6786,327676.0,5.800000000000001,0.4,-2.8000000000000003,6.1000000000000005,1.1,7.0,73.30000000000001,-57.1,58.60000000000001,16
6787,327693.0,5.5,0.30000000000000004,-3.6,5.9,1.1,6.2,60.8,-47.0,37.0,16
6788,327708.0,4.1000000000000005,0.1,-4.2,4.7,1.1,5.6000000000000005,26.1,-12.9,-6.600000000000001,16
6789,327725.0,2.6,-0.30000000000000004,-4.1000000000000005,3.2,0.8,5.6000000000000005,-5.500000000000001,15.8,-40.800000000000004,16
6790,327741.0,1.8,-0.4,-3.9000000000000004,2.3000000000000003,0.7000000000000001,5.800000000000001,-15.299999999999999,20.599999999999998,-52.60000000000001,16
6791,327759.0,0.1,-0.6000000000000001,-3.4000000000000004,0.6000000000000001,0.4,6.300000000000001,-21.8,14.200000000000001,-60.8,16
6792,327775.0,-0.5,-0.7000000000000001,-3.2,-0.4,0.30000000000000004,6.5,-16.3,1.8000000000000003,-53.599999999999994,16
6793,327791.0,-1.2000000000000002,-0.4,-3.4000000000000004,-0.8,0.6000000000000001,6.4,-12.299999999999999,-4.1,-46.800000000000004,16
6794,327809.0,-1.1,0.30000000000000004,-3.6,-0.7000000000000001,1.2000000000000002,6.2,-10.700000000000001,-15.5,-33.400000000000006,16
6795,327830.0,-0.9,0.7000000000000001,-2.9000000000000004,-0.5,1.6,6.800000000000001,-18.5,-24.599999999999998,-27.9,16
6796,327842.0,-0.8,0.9,-2.6,-0.30000000000000004,1.7000000000000002,7.2,-21.8,-26.5,-27.2,16
6797,327858.0,-0.9,1.2000000000000002,-1.7000000000000002,-0.4,2.0,8.0,-24.3,-24.900000000000002,-29.300000000000004,16
6798,327877.0,-1.3,1.4000000000000001,-1.3,-0.7000000000000001,2.1,8.5,-25.8,-15.5,-29.1,16
6799,327896.0,-1.5,1.6,-0.7000000000000001,-0.9,2.2,9.0,-26.700000000000003,-7.1000000000000005,-26.5,16
6800,327909.0,-1.7000000000000002,1.7000000000000002,-0.4,-1.0,2.3000000000000003,9.4,-25.6,-1.7,-24.0,16
6801,327925.0,-1.7000000000000002,1.8,-0.2,-1.0,2.3000000000000003,9.5,-22.3,2.4000000000000004,-20.7,16
6802,327941.0,-1.8,2.1,-0.5,-1.1,2.6,9.3,-10.9,7.400000000000001,-12.4,16
6803,327967.0,-1.7000000000000002,2.5,-0.2,-1.1,2.9000000000000004,9.600000000000001,-3.1,11.5,1.7,16
6804,327982.0,-1.7000000000000002,2.6,-0.1,-1.1,3.0,9.700000000000001,0.4,13.3,6.4,16
6805,327997.0,-1.5,2.8000000000000003,0.0,-1.0,3.2,9.8,9.100000000000001,12.4,16.8,16
6806,328008.0,-1.3,3.0,0.1,-0.8,3.5,9.9,12.0,8.8,22.5,16
6807,328025.0,-0.4,3.4000000000000004,0.7000000000000001,0.1,3.9000000000000004,10.5,13.000000000000002,-5.500000000000001,31.400000000000002,16
6808,328041.0,-0.1,3.4000000000000004,1.2000000000000002,0.4,4.0,11.0,10.5,-11.8,31.099999999999998,16
6809,328060.0,0.30000000000000004,3.3000000000000003,2.1,1.0,3.9000000000000004,12.3,3.4,-9.0,22.9,16
6810,328088.0,-0.2,3.4000000000000004,2.3000000000000003,0.30000000000000004,4.0,12.100000000000001,-5.300000000000001,32.300000000000004,5.500000000000001,16
6811,328092.0,-0.2,3.4000000000000004,2.3000000000000003,0.30000000000000004,4.0,12.100000000000001,-5.300000000000001,32.300000000000004,5.500000000000001,16
6812,328109.0,-0.4,2.7,3.4000000000000004,0.0,3.3000000000000003,13.200000000000001,-28.200000000000003,29.300000000000004,-3.7000000000000006,16
6813,328126.0,-0.8,1.1,6.300000000000001,-0.5,1.5,16.1,-44.8,5.7,-9.2,16
6814,328141.0,-1.1,0.4,7.300000000000001,-0.7000000000000001,0.7000000000000001,17.0,-42.800000000000004,-2.0,-6.9,16
6815,328158.0,-1.4000000000000001,-0.9,8.1,-1.1,-0.7000000000000001,17.900000000000002,-14.900000000000002,7.400000000000001,16.200000000000003,16
6816,328175.0,-1.0,-1.0,5.800000000000001,-0.8,-0.7000000000000001,15.600000000000001,26.000000000000004,22.000000000000004,48.10000000000001,16
6817,328195.0,-0.30000000000000004,-0.4,2.5,-0.1,-0.1,12.3,49.800000000000004,19.799999999999997,71.8,16
6818,328215.0,0.2,-0.1,0.9,0.7000000000000001,0.5,9.600000000000001,56.50000000000001,5.6,79.7,16
6819,328225.0,0.5,0.0,-0.2,1.0,0.8,8.5,53.8,-1.0,78.3,16
6820,328247.0,0.8,0.1,-2.4000000000000004,1.0,0.9,7.300000000000001,40.5,-8.100000000000001,68.7,16
6821,328258.0,0.6000000000000001,0.1,-2.6,0.9,0.9,7.2,36.5,-9.0,65.8,16
6822,328281.0,0.0,-0.2,-2.6,0.30000000000000004,0.8,7.1000000000000005,19.5,-10.1,55.3,16
6823,328292.0,-0.4,-0.30000000000000004,-2.2,-0.1,0.7000000000000001,7.5,6.600000000000001,-10.0,49.50000000000001,16
6824,328309.0,-1.2000000000000002,-0.6000000000000001,-1.6,-0.9,0.4,8.200000000000001,4.1,-8.5,48.6,16
6825,328325.0,-1.8,-0.6000000000000001,-1.6,-1.4000000000000001,0.4,8.1,7.400000000000001,-4.7,52.80000000000001,16
6826,328341.0,-2.0,-0.6000000000000001,-1.8,-1.6,0.4,7.9,11.5,-4.7,57.3,16
6827,328361.0,-2.1,-0.4,-2.4000000000000004,-1.7000000000000002,0.7000000000000001,7.300000000000001,19.300000000000004,-11.3,67.9,16
6828,328376.0,-1.7000000000000002,-0.1,-2.7,-1.2000000000000002,1.0,7.0,22.700000000000003,-22.6,75.8,16
6829,328394.0,-1.3,0.2,-2.7,-0.6000000000000001,1.4000000000000001,7.0,20.8,-26.000000000000004,75.9,16
6830,328408.0,-1.0,0.4,-2.7,-0.30000000000000004,1.7000000000000002,7.0,18.3,-24.400000000000002,72.4,16
6831,328425.0,-1.1,0.4,-2.6,-0.30000000000000004,1.7000000000000002,7.1000000000000005,14.800000000000002,-20.0,67.10000000000001,16
6832,328452.0,-1.8,0.6000000000000001,-2.1,-0.9,1.8,7.6000000000000005,5.300000000000001,-3.7000000000000006,49.6,16
6833,328458.0,-1.8,0.6000000000000001,-2.1,-1.2000000000000002,1.8,7.7,4.2,0.2,45.8,16
6834,328474.0,-2.4000000000000004,0.7000000000000001,-2.1,-1.6,2.0,7.6000000000000005,3.9,3.3000000000000007,43.4,16
6835,328491.0,-2.7,0.8,-1.9000000000000001,-1.8,2.1,7.7,1.5,6.9,40.800000000000004,16
6836,328508.0,-2.8000000000000003,0.9,-1.7000000000000002,-1.9000000000000001,2.1,8.0,-1.0,8.4,40.1,16
6837,328530.0,-2.9000000000000004,1.0,-1.3,-2.0,2.2,8.4,-3.8,9.899999999999999,42.0,16
6838,328542.0,-2.9000000000000004,1.0,-1.2000000000000002,-2.0,2.2,8.5,-5.1000000000000005,10.4,43.6,16
6839,328559.0,-2.9000000000000004,1.0,-0.5,-2.0,2.1,9.1,-5.1000000000000005,9.2,48.400000000000006,16
6840,328576.0,-2.6,0.9,0.0,-1.8,2.0,9.700000000000001,-1.5,6.0,56.10000000000001,16
6841,328596.0,-1.9000000000000001,0.9,0.30000000000000004,-1.0,2.1,10.0,3.9,-0.1,64.50000000000001,16
6842,328608.0,-1.3,1.0,0.4,-0.4,2.2,10.100000000000001,5.6,-4.9,66.2,16
6843,328625.0,-1.0,1.1,0.5,-0.1,2.2,10.200000000000001,5.6,-8.8,65.5,16
6844,328642.0,-0.2,1.1,0.8,0.7000000000000001,2.3000000000000003,10.5,0.6000000000000001,-9.5,60.2,16
6845,328665.0,0.4,1.4000000000000001,0.9,1.4000000000000001,2.5,10.600000000000001,-7.8,-1.9,48.2,16
6846,328677.0,0.6000000000000001,1.7000000000000002,1.0,1.6,2.8000000000000003,10.9,-28.1,4.9,26.6,16
6847,328692.0,0.6000000000000001,1.4000000000000001,1.8,1.5,2.5,11.5,-43.300000000000004,12.5,13.700000000000001,16
6848,328708.0,-0.1,0.2,3.4000000000000004,0.8,1.1,13.100000000000001,-63.30000000000001,29.600000000000005,-2.2,16
6849,328725.0,-0.9,-1.1,3.9000000000000004,-0.1,-0.4,13.600000000000001,-70.7,49.9,-6.699999999999999,16
6850,328742.0,-1.0,-1.3,3.7,-0.30000000000000004,-0.8,13.4,-68.2,57.49999999999999,0.30000000000000004,16
6851,328758.0,-1.0,-1.7000000000000002,3.6,-0.5,-1.5,13.4,-68.80000000000001,59.20000000000001,22.4,16
6852,328779.0,-0.8,-2.0,4.3,-0.6000000000000001,-2.0,14.4,-61.9,48.2,55.2,16
6853,328792.0,-0.5,-2.0,4.6000000000000005,-0.30000000000000004,-2.1,14.4,-44.8,39.0,75.9,16
6854,328808.0,0.8,-1.3,2.7,0.9,-1.5,12.5,10.1,10.600000000000001,121.9,16
6855,328825.0,2.8000000000000003,-0.30000000000000004,-0.4,2.8000000000000003,-0.4,9.4,55.60000000000001,-25.5,151.7,16
6856,328842.0,3.4000000000000004,0.1,-1.2000000000000002,3.5,0.1,8.6,64.80000000000001,-37.9,154.6,16
6857,328858.0,4.7,0.9,-2.5,5.0,1.1,7.300000000000001,59.60000000000001,-46.6,134.5,16
6858,328875.0,4.9,1.2000000000000002,-2.3000000000000003,5.300000000000001,1.6,7.5,35.699999999999996,-32.2,92.3,16
6859,328891.0,4.4,1.0,-1.9000000000000001,4.9,1.4000000000000001,7.9,24.1,-19.400000000000002,68.2,16
6860,328911.0,2.8000000000000003,0.5,-1.6,3.4000000000000004,1.0,8.200000000000001,8.600000000000001,6.0,26.200000000000003,16
6861,328926.0,1.3,0.0,-1.5,1.9000000000000001,0.5,8.3,1.6,16.6,0.8,16
6862,328942.0,0.7000000000000001,-0.1,-1.4000000000000001,1.2000000000000002,0.4,8.3,1.4,16.0,-4.300000000000001,16
6863,328958.0,0.1,-0.30000000000000004,-1.4000000000000001,0.2,0.2,8.200000000000001,9.700000000000001,8.899999999999999,-5.500000000000001,16
6864,328975.0,-0.9,-0.30000000000000004,-2.4000000000000004,-0.5,0.2,7.4,20.3,5.4,-0.30000000000000004,16
6865,328992.0,-1.2000000000000002,-0.2,-3.1,-0.8,0.4,6.7,21.8,6.8,2.9,16
6866,329012.0,-1.4000000000000001,0.2,-3.9000000000000004,-1.1,1.1,5.9,15.000000000000002,8.8,9.600000000000001,16
6867,329025.0,-1.4000000000000001,0.4,-3.9000000000000004,-1.0,1.3,6.300000000000001,-1.5,4.800000000000001,13.399999999999999,16
6868,329043.0,-1.5,0.6000000000000001,-3.1,-1.1,1.3,6.7,-10.5,2.0,13.6,16
6869,329058.0,-1.5,0.6000000000000001,-1.5,-1.1,1.3,8.3,-23.400000000000002,-3.2,14.700000000000001,16
6870,329080.0,-1.6,0.5,-0.1,-1.2000000000000002,1.1,9.700000000000001,-28.0,-4.300000000000001,16.900000000000002,16
6871,329097.0,-1.8,0.4,1.0,-1.4000000000000001,0.8,10.700000000000001,-24.200000000000003,4.7,23.800000000000004,16
6872,329108.0,-1.8,0.4,1.1,-1.4000000000000001,0.8,10.9,-19.6,12.200000000000001,29.300000000000004,16
6873,329125.0,-1.7000000000000002,0.7000000000000001,0.6000000000000001,-1.4000000000000001,1.1,10.4,-12.7,27.800000000000004,42.900000000000006,16
6874,329142.0,-1.7000000000000002,0.8,0.4,-1.4000000000000001,1.2000000000000002,10.200000000000001,-11.1,29.900000000000006,49.50000000000001,16
6875,329158.0,-1.2000000000000002,1.0,0.1,-1.0,1.3,9.9,-6.699999999999999,27.0,59.1,16
6876,329175.0,-0.8,1.3,-0.4,-0.7000000000000001,1.6,9.4,1.3,20.0,69.4,16
6877,329192.0,-0.6000000000000001,1.4000000000000001,-0.6000000000000001,-0.6000000000000001,1.8,9.200000000000001,2.9,18.8,72.9,16
6878,329208.0,-0.30000000000000004,1.6,-0.30000000000000004,-0.30000000000000004,2.0,9.5,1.5,20.8,77.00000000000001,16
6879,329225.0,-0.30000000000000004,1.6,-0.30000000000000004,-0.4,2.0,10.3,-1.2000000000000002,29.400000000000002,77.4,16
6880,329243.0,-0.4,1.5,0.8,-0.5,1.9000000000000001,10.600000000000001,-0.9000000000000001,34.1,77.9,16
6881,329260.0,-0.5,1.3,1.6,-0.8,1.7000000000000002,11.4,6.300000000000001,35.5,84.1,16
6882,329275.0,-0.30000000000000004,1.4000000000000001,2.1,-0.7000000000000001,1.8,11.9,22.6,28.0,96.1,16
6883,329294.0,0.2,1.6,1.5,-0.30000000000000004,2.2,11.200000000000001,43.1,20.0,106.4,16
6884,329308.0,0.4,2.0,0.5,-0.1,2.7,10.3,50.3,17.200000000000003,109.00000000000001,16
6885,329325.0,0.6000000000000001,2.2,0.0,0.1,3.0,9.700000000000001,52.1,13.200000000000003,110.10000000000001,16
6886,329342.0,1.5,3.0,-0.4,1.0,4.0,9.3,35.3,0.1,100.70000000000002,16
6887,329366.0,1.5,1.8,3.7,1.1,2.8000000000000003,13.4,-20.3,-13.900000000000002,50.3,16
6888,329375.0,1.0,0.9,4.9,0.6000000000000001,1.9000000000000001,14.700000000000001,-32.1,-5.4,33.2,16
6889,329395.0,-1.3,-1.0,6.300000000000001,-1.6,-0.1,16.0,-24.7,35.3,24.900000000000002,16
6890,329411.0,-2.4000000000000004,-1.2000000000000002,5.4,-2.8000000000000003,-0.30000000000000004,15.200000000000001,-8.8,54.699999999999996,35.699999999999996,16
6891,329425.0,-2.6,-1.0,2.6,-3.3000000000000003,-0.2,12.3,23.900000000000006,53.8,71.7,16
6892,329441.0,-2.3000000000000003,-0.8,1.7000000000000002,-3.0,0.1,11.4,35.1,32.6,89.10000000000001,16
6893,329468.0,0.2,-0.6000000000000001,0.4,-0.4,0.6000000000000001,10.100000000000001,49.0,-44.00000000000001,115.39999999999999,16
6894,329476.0,0.7000000000000001,-0.6000000000000001,0.4,0.1,0.7000000000000001,10.100000000000001,47.60000000000001,-49.199999999999996,113.7,16
6895,329492.0,1.1,-0.6000000000000001,0.2,0.9,0.8,9.700000000000001,39.599999999999994,-30.599999999999998,99.39999999999999,16
6896,329509.0,1.2000000000000002,-0.5,-0.4,0.9,1.0,9.3,32.6,-12.600000000000001,89.0,16
6897,329525.0,1.0,-0.6000000000000001,-0.5,0.2,0.9,8.9,18.5,22.1,67.9,16
6898,329541.0,-0.1,-0.9,-1.2000000000000002,-0.30000000000000004,0.8,8.5,15.2,31.400000000000002,60.8,16
6899,329560.0,-0.6000000000000001,-1.1,-1.6,-1.3,0.5,7.800000000000001,14.5,34.60000000000001,58.2,16
6900,329575.0,-1.5,-1.4000000000000001,-2.4000000000000004,-1.9000000000000001,0.4,7.300000000000001,18.700000000000003,24.0,65.0,16
6901,329591.0,-1.5,-1.4000000000000001,-2.7,-1.9000000000000001,0.30000000000000004,6.9,21.300000000000004,17.7,70.9,16
6902,329608.0,-1.3,-1.3,-3.0,-1.7000000000000002,0.5,6.6000000000000005,23.800000000000004,8.2,80.2,16
6903,329627.0,-1.2000000000000002,-1.3,-3.0,-1.2000000000000002,0.9,6.7,24.7,-5.8,88.00000000000001,16
6904,329642.0,-0.8,-1.1,-2.9000000000000004,-1.0,1.0,6.9,23.900000000000006,-11.4,88.60000000000001,16
6905,329661.0,-0.2,-0.7000000000000001,-2.2,-0.4,1.4000000000000001,7.4,19.6,-13.6,83.2,16
6906,329678.0,-0.2,-0.6000000000000001,-1.8,-0.30000000000000004,1.6,7.7,12.9,-3.3000000000000007,70.4,16
6907,329694.0,-0.4,-0.6000000000000001,-1.4000000000000001,-0.5,1.6,8.1,5.1000000000000005,7.400000000000001,56.300000000000004,16
6908,329708.0,-0.4,-0.6000000000000001,-1.4000000000000001,-0.6000000000000001,1.6,8.5,1.8000000000000003,10.1,50.3,16
6909,329725.0,-0.6000000000000001,-0.8,-0.8,-0.7000000000000001,1.4000000000000001,8.700000000000001,-1.5,11.2,45.2,16
6910,329741.0,-0.7000000000000001,-0.9,-0.1,-0.8,1.3,9.5,-4.1,11.5,39.50000000000001,16
6911,329764.0,-0.5,-0.8,0.4,-0.6000000000000001,1.4000000000000001,9.9,3.0,12.299999999999999,36.400000000000006,16
6912,329775.0,-0.30000000000000004,-0.7000000000000001,0.30000000000000004,-0.4,1.5,9.9,5.2,12.600000000000001,35.0,16
6913,329792.0,-0.1,-0.6000000000000001,0.2,-0.2,1.6,9.8,5.6,13.399999999999999,33.300000000000004,16
6914,329808.0,0.5,-0.30000000000000004,0.30000000000000004,0.4,1.9000000000000001,9.8,1.1,13.399999999999999,27.6,16
6915,329825.0,1.0,-0.30000000000000004,0.8,0.8,1.9000000000000001,10.4,-8.5,15.700000000000001,16.1,16
6916,329844.0,1.0,-0.30000000000000004,1.1,0.8,1.8,10.600000000000001,-13.100000000000001,20.8,9.100000000000001,16
6917,329866.0,0.8,-0.30000000000000004,1.1,0.4,1.9000000000000001,10.5,-18.4,33.800000000000004,-0.2,16
6918,329875.0,0.5,0.0,0.6000000000000001,0.1,2.2,10.200000000000001,-28.0,30.000000000000004,-5.1000000000000005,16
6919,329896.0,0.9,0.0,2.0,0.4,1.9000000000000001,11.600000000000001,-51.1,15.5,-11.3,16
6920,329910.0,1.0,-0.4,3.3000000000000003,0.5,1.4000000000000001,13.0,-61.9,14.300000000000002,-16.1,16
6921,329928.0,0.6000000000000001,-1.6,5.7,0.0,0.0,15.4,-67.7,20.900000000000002,-21.6,16
6922,329942.0,0.6000000000000001,-1.5,5.7,-0.2,-0.4,15.700000000000001,-59.5,29.500000000000004,-18.700000000000003,16
6923,329964.0,-0.4,-2.3000000000000003,5.1000000000000005,-1.1,-1.0,14.8,-34.7,44.4,1.5,16
6924,329976.0,-0.2,-2.2,3.9000000000000004,-1.1,-1.0,13.5,-10.700000000000001,36.7,35.3,16
6925,329993.0,-0.2,-2.2,3.9000000000000004,-0.30000000000000004,-0.9,12.8,3.4,23.0,53.7,16
6926,330008.0,2.1,-1.5,1.8,1.2000000000000002,-0.30000000000000004,11.5,37.1,-13.100000000000001,84.2,16
6927,330025.0,3.6,-0.5,-0.4,2.8000000000000003,1.0,9.3,58.1,-34.2,93.60000000000001,16
6928,330041.0,3.5,-0.6000000000000001,-0.4,3.3000000000000003,1.6,8.5,57.9,-36.6,87.80000000000001,16
6929,330067.0,4.2,1.3,-2.9000000000000004,3.7,3.1,6.7,30.799999999999997,-15.2,48.6,16
6930,330075.0,4.2,1.2000000000000002,-2.9000000000000004,3.4000000000000004,3.1,6.7,14.700000000000001,1.3,27.099999999999998,16
6931,330091.0,2.7,1.0,-2.8000000000000003,2.2,2.9000000000000004,6.9,0.2,17.200000000000003,6.1000000000000005,16
6932,330108.0,0.7000000000000001,0.4,-2.6,0.2,2.3000000000000003,7.0,-12.4,33.50000000000001,-21.900000000000002,16
6933,330125.0,-0.2,0.1,-2.6,-0.9,2.0,7.0,-10.200000000000001,26.5,-26.200000000000003,16
6934,330141.0,-0.2,0.1,-2.6,-1.2000000000000002,1.8,7.1000000000000005,-7.500000000000001,17.5,-22.000000000000004,16
6935,330163.0,0.1,0.0,-1.8,-0.7000000000000001,1.8,7.800000000000001,2.3,-14.300000000000002,-5.2,16
6936,330176.0,0.30000000000000004,0.0,-1.6,-0.4,1.8,8.0,3.7000000000000006,-17.7,-3.8,16
6937,330194.0,0.6000000000000001,0.0,-1.4000000000000001,0.0,1.8,8.200000000000001,3.8,-8.600000000000001,-8.0,16
6938,330209.0,0.7000000000000001,-0.1,-1.4000000000000001,0.0,1.7000000000000002,8.200000000000001,2.2,0.4,-12.4,16
6939,330225.0,0.30000000000000004,-0.30000000000000004,-1.2000000000000002,-0.4,1.5,8.4,-3.8,16.0,-20.2,16
6940,330241.0,0.1,-0.4,-1.1,-0.6000000000000001,1.5,8.5,-5.300000000000001,22.3,-21.7,16
6941,330263.0,-0.5,-0.5,-1.3,-1.4000000000000001,1.2000000000000002,8.3,-5.300000000000001,28.200000000000003,-14.600000000000001,16
6942,330275.0,-0.6000000000000001,-0.5,-1.2000000000000002,-1.5,1.2000000000000002,8.4,-4.1,24.200000000000003,-8.600000000000001,16
6943,330293.0,-0.5,-0.5,-1.1,-1.3,1.3,8.700000000000001,0.5,13.6,6.2,16
6944,330308.0,0.0,-0.5,-0.7000000000000001,-1.0,1.3,8.9,4.7,9.700000000000001,13.3,16
6945,330328.0,0.5,-0.1,-1.0,-0.5,1.7000000000000002,8.5,15.000000000000002,10.0,24.1,16
6946,330349.0,0.9,0.4,-1.6,-0.2,2.3000000000000003,8.0,17.400000000000002,10.200000000000001,28.800000000000004,16
6947,330362.0,1.0,0.5,-1.6,-0.1,2.4000000000000004,8.0,13.6,7.500000000000001,29.500000000000004,16
6948,330375.0,1.6,0.9,-0.30000000000000004,0.6000000000000001,2.8000000000000003,9.3,-0.6000000000000001,-5.2,25.300000000000004,16
6949,330393.0,1.8,0.8,1.0,0.9,2.6,11.4,-8.700000000000001,-10.1,16.3,16
6950,330409.0,1.9000000000000001,0.6000000000000001,2.9000000000000004,0.9,2.5,12.4,-8.899999999999999,-5.6,12.299999999999999,16
6951,330425.0,1.7000000000000002,0.6000000000000001,3.6,0.7000000000000001,2.5,13.200000000000001,-5.1000000000000005,8.8,6.699999999999999,16
6952,330442.0,1.5,0.5,3.4000000000000004,0.6000000000000001,2.4000000000000004,12.9,0.4,23.400000000000002,3.9,16
6953,330470.0,0.9,1.6,0.4,-0.2,3.6,9.9,14.100000000000001,45.0,9.5,16
6954,330479.0,1.0,2.0,0.0,-0.30000000000000004,3.9000000000000004,9.600000000000001,11.6,33.9,10.8,16
6955,330492.0,1.2000000000000002,2.2,0.2,-0.1,4.2,9.700000000000001,3.4,16.1,9.0,16
6956,330509.0,1.6,1.1,2.7,0.30000000000000004,3.0,12.3,-25.7,-6.4,-2.4000000000000004,16
6957,330525.0,1.0,-0.9,4.800000000000001,-0.30000000000000004,1.0,14.3,-30.699999999999996,3.6000000000000005,-11.6,16
6958,330543.0,1.0,-0.8,4.800000000000001,-1.7000000000000002,0.6000000000000001,12.9,-2.3,15.2,-1.1,16
6959,330560.0,-0.30000000000000004,-1.2000000000000002,3.3000000000000003,-1.8,0.5,12.3,9.100000000000001,7.0,9.2,16
6960,330576.0,0.30000000000000004,-1.3,2.1,-1.1,0.6000000000000001,11.600000000000001,14.300000000000002,-22.3,32.8,16
6961,330596.0,1.4000000000000001,-1.4000000000000001,2.3000000000000003,0.2,0.5,11.8,18.3,-45.5,41.4,16
6962,330608.0,1.8,-1.4000000000000001,2.2,0.7000000000000001,0.6000000000000001,11.8,21.300000000000004,-50.2,40.2,16
6963,330625.0,2.0,-1.4000000000000001,1.8,1.1,0.7000000000000001,11.3,27.5,-43.70000000000001,28.600000000000005,16
6964,330641.0,1.8,-1.4000000000000001,1.3,0.9,0.7000000000000001,10.8,28.200000000000003,-31.799999999999997,20.400000000000002,16
6965,330658.0,0.9,-1.6,0.30000000000000004,0.1,0.6000000000000001,9.9,21.300000000000004,-8.5,7.699999999999999,16
6966,330676.0,0.9,-1.6,0.30000000000000004,0.1,0.6000000000000001,9.9,21.300000000000004,-8.5,7.699999999999999,16
6967,330692.0,0.2,-2.0,0.2,-0.6000000000000001,0.2,9.700000000000001,15.8,-2.9,6.9,16
6968,330708.0,0.1,-2.1,0.1,-0.6000000000000001,0.1,9.5,19.6,-4.7,10.200000000000001,16
6969,330725.0,0.4,-2.2,-0.4,-0.30000000000000004,0.2,9.1,31.0,-7.6,18.6,16
6970,330744.0,0.9,-2.1,-1.1,0.30000000000000004,0.4,8.4,43.2,-9.899999999999999,24.5,16
6971,330761.0,1.2000000000000002,-2.1,-1.5,0.5,0.4,8.0,47.80000000000001,-8.5,25.8,16
6972,330776.0,1.6,-2.0,-2.2,1.0,0.7000000000000001,7.2,50.0,-6.0,25.0,16
6973,330797.0,2.0,-1.9000000000000001,-2.7,1.5,0.9,6.7,45.6,-4.800000000000001,19.9,16
6974,330814.0,2.3000000000000003,-1.9000000000000001,-2.8000000000000003,1.9000000000000001,1.3,6.6000000000000005,38.400000000000006,-4.4,11.6,16
6975,330825.0,2.6,-1.5,-2.6,2.2,1.6,6.7,36.0,-5.7,6.699999999999999,16
6976,330842.0,2.7,-1.4000000000000001,-2.5,2.3000000000000003,1.7000000000000002,6.800000000000001,34.800000000000004,-6.500000000000001,1.0,16
6977,330859.0,2.9000000000000004,-1.1,-2.6,2.5,2.1,6.7,31.7,-2.1,-12.299999999999999,16
6978,330875.0,2.9000000000000004,-0.8,-2.8000000000000003,2.4000000000000004,2.5,6.4,25.900000000000002,4.9,-23.5,16
6979,330892.0,2.8000000000000003,-0.6000000000000001,-2.7,2.2,3.0,6.6000000000000005,14.300000000000002,12.4,-38.2,16
6980,330908.0,2.7,-0.30000000000000004,-2.1,2.1,3.1,7.1000000000000005,9.5,10.8,-45.3,16
6981,330929.0,2.4000000000000004,-0.30000000000000004,-1.2000000000000002,1.7000000000000002,3.2,8.0,0.5,5.9,-60.300000000000004,16
6982,330944.0,2.3000000000000003,-0.2,-0.9,1.6,3.2,8.3,-4.800000000000001,7.0,-66.2,16
6983,330966.0,1.8,-0.30000000000000004,0.8,0.9,3.0,9.9,-20.1,15.6,-76.89999999999999,16
6984,330975.0,1.7000000000000002,-0.2,1.2000000000000002,0.7000000000000001,3.1,10.4,-23.0,16.5,-77.7,16
6985,330992.0,1.6,0.0,1.7000000000000002,0.5,3.2,11.100000000000001,-24.5,15.899999999999999,-78.3,16
6986,331009.0,1.5,0.1,1.9000000000000001,0.4,3.2,11.100000000000001,-22.700000000000003,13.399999999999999,-80.2,16
6987,331025.0,1.7000000000000002,0.1,2.1,0.5,3.1,11.4,-31.5,2.0,-82.50000000000001,16
6988,331042.0,2.1,0.0,3.1,0.8,2.9000000000000004,12.4,-45.3,-9.8,-83.00000000000001,16
6989,331067.0,3.3000000000000003,-2.3000000000000003,8.0,2.0,0.30000000000000004,17.400000000000002,-58.5,-17.7,-84.6,16
6990,331074.0,3.3000000000000003,-2.3000000000000003,8.0,1.8,0.2,17.400000000000002,-40.300000000000004,-12.7,-85.20000000000002,16
6991,331092.0,3.1,-2.7,7.1000000000000005,1.6,-0.4,15.4,-1.2000000000000002,-9.4,-77.4,16
6992,331108.0,3.0,-3.2,4.7,1.6,-0.8,14.200000000000001,8.600000000000001,-10.200000000000001,-73.8,16
6993,331125.0,3.2,-3.4000000000000004,3.1,1.8,-1.0,12.5,21.6,-10.299999999999999,-65.4,16
6994,331142.0,3.4000000000000004,-3.4000000000000004,2.3000000000000003,2.0,-1.0,11.700000000000001,30.200000000000003,-12.100000000000001,-62.199999999999996,16
6995,331165.0,3.8000000000000003,-2.8000000000000003,-1.6,2.4000000000000004,-0.30000000000000004,7.800000000000001,43.4,-25.4,-63.10000000000001,16
6996,331175.0,3.9000000000000004,-2.7,-2.1,2.5,-0.1,7.300000000000001,37.9,-29.200000000000003,-68.4,16
6997,331192.0,3.9000000000000004,-2.4000000000000004,-2.8000000000000003,2.5,0.30000000000000004,6.300000000000001,17.0,-30.599999999999998,-85.69999999999999,16
6998,331208.0,3.6,-2.1,-3.2,2.2,0.5,6.2,4.2,-28.500000000000004,-97.50000000000001,16
6999,331225.0,2.6,-2.1,-2.6,1.2000000000000002,0.5,6.7,-19.400000000000002,-20.599999999999998,-120.3,16
7000,331243.0,2.1,-2.2,-2.2,0.7000000000000001,0.30000000000000004,7.1000000000000005,-26.700000000000003,-15.299999999999999,-128.4,16
7001,331265.0,0.1,-2.3000000000000003,-1.2000000000000002,-1.4000000000000001,0.0,8.200000000000001,-19.200000000000003,-1.9,-126.70000000000002,16
7002,331275.0,-0.2,-2.1,-1.4000000000000001,-1.7000000000000002,0.1,8.0,-9.100000000000001,-1.0,-119.0,16
7003,331291.0,-0.5,-1.2000000000000002,-2.5,-2.1,0.9,6.9,5.8,-8.2,-101.10000000000001,16
7004,331308.0,-0.30000000000000004,-0.6000000000000001,-3.2,-1.9000000000000001,1.5,6.2,6.600000000000001,-13.000000000000002,-94.10000000000001,16
7005,331326.0,-0.1,-0.4,-3.4000000000000004,-1.6,2.0,6.0,-2.8,-15.6,-86.60000000000001,16
7006,331341.0,0.1,-0.1,-3.4000000000000004,-1.2000000000000002,2.5,6.5,-5.7,-14.700000000000001,-85.80000000000001,16
7007,331358.0,0.5,0.7000000000000001,-2.7,-1.2000000000000002,2.7,6.800000000000001,-15.700000000000001,-9.899999999999999,-86.60000000000001,16
7008,331386.0,0.4,1.1,-1.6,-1.3,2.9000000000000004,7.9,-23.099999999999998,-8.2,-93.10000000000001,16
7009,331392.0,0.4,1.1,-1.6,-1.3,2.9000000000000004,8.200000000000001,-23.099999999999998,-8.2,-93.10000000000001,16
7010,331408.0,0.5,1.2000000000000002,-0.7000000000000001,-1.3,2.9000000000000004,8.8,-26.6,-7.1000000000000005,-94.9,16
7011,331427.0,0.5,1.3,0.1,-1.3,2.8000000000000003,9.600000000000001,-28.400000000000002,0.7,-94.6,16
7012,331442.0,0.5,1.3,0.30000000000000004,-1.3,2.8000000000000003,9.8,-29.700000000000006,6.8,-93.8,16
7013,331461.0,0.30000000000000004,1.2000000000000002,1.0,-1.6,2.5,10.5,-31.099999999999998,18.200000000000003,-90.9,16
7014,331477.0,0.30000000000000004,1.1,1.8,-1.7000000000000002,2.2,11.4,-26.300000000000004,24.900000000000002,-82.10000000000001,16
7015,331492.0,0.4,1.1,2.1,-1.7000000000000002,2.2,11.600000000000001,-19.700000000000003,26.400000000000006,-75.8,16
7016,331508.0,0.4,1.4000000000000001,1.8,-1.8,2.3000000000000003,11.3,-3.8,25.300000000000004,-60.2,16
7017,331527.0,0.9,1.7000000000000002,1.6,-1.3,2.7,11.100000000000001,4.800000000000001,17.300000000000004,-43.6,16
7018,331547.0,1.7000000000000002,2.1,2.1,-0.6000000000000001,3.1,11.600000000000001,4.5,9.4,-34.300000000000004,16
7019,331558.0,1.8,2.2,2.1,-0.4,3.2,11.8,3.0,6.2,-33.2,16
7020,331575.0,2.3000000000000003,2.3000000000000003,2.6,-0.1,3.2,12.0,1.2000000000000002,3.9,-34.400000000000006,16
7021,331592.0,2.4000000000000004,2.6,2.7,0.0,3.5,12.200000000000001,-7.1000000000000005,3.8,-43.900000000000006,16
7022,331615.0,1.8,1.4000000000000001,4.9,-0.6000000000000001,2.2,14.4,-37.9,-1.6,-67.3,16
7023,331625.0,1.4000000000000001,0.30000000000000004,6.300000000000001,-1.0,1.0,15.8,-43.300000000000004,-0.7,-71.0,16
7024,331642.0,1.1,-0.30000000000000004,6.9,-1.3,0.30000000000000004,16.400000000000002,-39.9,-0.2,-69.80000000000001,16
7025,331658.0,0.30000000000000004,-1.0,7.2,-2.1,-0.6000000000000001,16.7,-10.299999999999999,-0.8,-48.10000000000001,16
7026,331674.0,0.7000000000000001,-0.9,6.1000000000000005,-1.4000000000000001,-0.5,14.8,33.2,-8.5,-14.700000000000001,16
7027,331692.0,1.6,-0.5,3.6,-0.8,-0.1,13.100000000000001,52.60000000000001,-13.900000000000002,-1.4,16
7028,331708.0,2.5,0.1,0.6000000000000001,0.1,0.7000000000000001,10.100000000000001,74.80000000000001,-24.5,10.8,16
7029,331725.0,3.1,0.5,-1.3,0.8,1.4000000000000001,8.200000000000001,73.0,-33.800000000000004,6.4,16
7030,331741.0,3.3000000000000003,0.6000000000000001,-1.7000000000000002,1.1,1.6,7.800000000000001,65.0,-37.50000000000001,-0.6000000000000001,16
7031,331758.0,3.4000000000000004,0.5,-2.0,1.3,1.7000000000000002,7.5,42.3,-39.699999999999996,-22.3,16
7032,331780.0,2.5,0.1,-1.3,0.6000000000000001,1.3,8.200000000000001,20.599999999999998,-35.4,-46.199999999999996,16
7033,331791.0,1.9000000000000001,-0.30000000000000004,-0.8,0.0,1.0,8.8,16.6,-34.1,-51.0,16
7034,331808.0,1.1,-0.7000000000000001,-0.2,-0.7000000000000001,0.6000000000000001,9.4,6.9,-30.200000000000003,-63.70000000000001,16
7035,331830.0,0.7000000000000001,-0.8,0.2,-1.0,0.5,9.8,4.4,-28.1,-67.10000000000001,16
7036,331843.0,0.7000000000000001,-0.7000000000000001,0.4,-1.0,0.5,9.9,5.2,-27.5,-67.2,16
7037,331858.0,0.6000000000000001,-0.8,0.5,-0.9,0.4,10.0,10.5,-24.0,-65.5,16
7038,331879.0,0.4,-0.8,-0.1,-1.1,0.5,9.5,20.400000000000002,-14.600000000000001,-60.8,16
7039,331892.0,0.4,-0.7000000000000001,-0.9,-1.1,0.6000000000000001,8.8,26.1,-10.600000000000001,-56.300000000000004,16
7040,331908.0,0.6000000000000001,-0.30000000000000004,-2.2,-0.9,1.0,7.4,35.4,-6.8,-44.9,16
7041,331925.0,0.9,0.0,-2.9000000000000004,-0.6000000000000001,1.5,6.7,39.9,-12.200000000000001,-36.5,16
7042,331943.0,1.0,0.1,-3.2,-0.5,1.6,6.300000000000001,38.800000000000004,-16.200000000000003,-33.9,16
7043,331958.0,1.2000000000000002,0.5,-3.5,-0.2,2.1,6.0,33.50000000000001,-19.300000000000004,-33.50000000000001,16
7044,331980.0,1.2000000000000002,0.7000000000000001,-3.5,-0.2,2.3000000000000003,6.1000000000000005,25.6,-19.6,-36.400000000000006,16
7045,331992.0,1.1,0.8,-3.1,-0.30000000000000004,2.5,6.4,21.300000000000004,-19.1,-37.6,16
7046,332008.0,1.0,0.8,-2.8000000000000003,-0.30000000000000004,2.5,6.800000000000001,17.6,-18.1,-39.50000000000001,16
7047,332025.0,0.8,1.0,-2.8000000000000003,-0.5,2.8000000000000003,6.7,15.100000000000001,-16.200000000000003,-41.900000000000006,16
7048,332041.0,0.7000000000000001,1.0,-2.7,-0.5,2.8000000000000003,6.800000000000001,10.9,-15.5,-44.300000000000004,16
7049,332058.0,0.6000000000000001,1.0,-2.5,-0.7000000000000001,2.9000000000000004,7.300000000000001,-0.7,-12.8,-49.199999999999996,16
7050,332087.0,-0.2,1.1,-0.6000000000000001,-1.5,2.8000000000000003,9.0,-15.899999999999999,-8.899999999999999,-56.300000000000004,16
7051,332091.0,-0.2,1.1,-0.6000000000000001,-1.5,2.8000000000000003,9.0,-15.899999999999999,-8.899999999999999,-56.300000000000004,16
7052,332108.0,-0.7000000000000001,1.2000000000000002,-0.1,-1.9000000000000001,2.9000000000000004,9.5,-18.700000000000003,-5.4,-53.8,16
7053,332125.0,-0.4,1.4000000000000001,0.6000000000000001,-1.7000000000000002,3.0,10.200000000000001,-22.9,-11.900000000000002,-45.9,16
7054,332141.0,-0.2,1.5,0.9,-1.5,3.0,10.5,-25.4,-17.9,-42.5,16
7055,332158.0,0.30000000000000004,1.8,1.9000000000000001,-0.9,3.2,11.5,-32.0,-28.400000000000002,-39.8,16
7056,332175.0,0.7000000000000001,1.6,2.8000000000000003,-0.5,2.9000000000000004,12.5,-40.0,-30.200000000000003,-41.4,16
7057,332194.0,0.7000000000000001,1.6,3.3000000000000003,-0.30000000000000004,2.6,13.4,-50.2,-27.099999999999998,-44.00000000000001,16
7058,332216.0,0.6000000000000001,1.0,5.1000000000000005,-0.4,1.9000000000000001,14.8,-54.800000000000004,-26.1,-46.7,16
7059,332225.0,0.4,0.5,5.9,-0.5,1.4000000000000001,15.600000000000001,-52.300000000000004,-24.8,-45.6,16
7060,332241.0,0.4,0.6000000000000001,5.9,-0.6000000000000001,1.1,15.9,-50.1,-23.6,-44.300000000000004,16
7061,332258.0,0.2,-0.4,6.4,-0.6000000000000001,0.2,16.1,-37.1,-15.000000000000002,-34.2,16
7062,332275.0,0.6000000000000001,-0.8,6.0,-0.2,-0.4,15.8,-16.1,-12.7,-14.400000000000002,16
7063,332291.0,1.2000000000000002,-0.9,5.5,0.4,-0.5,15.200000000000001,-0.7,-17.0,-2.8,16
7064,332308.0,2.5,-0.7000000000000001,3.8000000000000003,1.8,-0.2,13.5,34.900000000000006,-28.700000000000003,15.700000000000001,16
7065,332325.0,3.2,-0.4,1.1,2.7,0.30000000000000004,10.9,62.50000000000001,-29.0,17.7,16
7066,332342.0,3.3000000000000003,-0.30000000000000004,0.1,2.8000000000000003,0.4,9.8,69.7,-24.400000000000002,13.200000000000003,16
7067,332358.0,3.1,-0.2,-2.3000000000000003,2.6,0.8,7.5,68.3,-9.899999999999999,-1.6,16
7068,332375.0,2.8000000000000003,-0.2,-3.3000000000000003,2.2,1.1,6.0,51.800000000000004,-0.9000000000000001,-21.500000000000004,16
7069,332391.0,2.0,-0.1,-4.1000000000000005,1.6,1.2000000000000002,5.6000000000000005,40.2,0.5,-32.6,16
7070,332409.0,1.1,-0.30000000000000004,-4.1000000000000005,0.6000000000000001,1.0,5.6000000000000005,18.0,1.8000000000000003,-50.7,16
7071,332424.0,0.1,-0.6000000000000001,-3.7,-0.4,0.8,6.0,6.600000000000001,1.5,-58.0,16
7072,332441.0,-0.30000000000000004,-0.7000000000000001,-3.6,-0.9,0.7000000000000001,6.1000000000000005,5.6,0.7,-57.20000000000001,16
7073,332458.0,-0.9,-0.7000000000000001,-3.6,-1.4000000000000001,0.8,6.0,8.0,-2.5,-48.6,16
7074,332477.0,-0.9,-0.5,-3.8000000000000003,-1.4000000000000001,0.9,5.9,9.8,-7.400000000000001,-37.300000000000004,16
7075,332492.0,-0.5,-0.30000000000000004,-3.8000000000000003,-1.1,1.2000000000000002,5.800000000000001,8.700000000000001,-8.8,-32.5,16
7076,332508.0,0.0,0.0,-3.6,-0.6000000000000001,1.5,6.0,5.2,-7.0,-28.200000000000003,16
7077,332528.0,0.1,0.30000000000000004,-3.7,-0.4,1.8,6.0,1.3,1.9,-30.3,16
7078,332541.0,0.1,0.30000000000000004,-3.7,-0.5,1.9000000000000001,5.9,-1.6,6.2,-31.6,16
7079,332561.0,0.0,0.8,-3.5,-0.6000000000000001,2.3000000000000003,6.1000000000000005,-8.4,9.3,-33.2,16
7080,332579.0,0.0,1.0,-3.1,-0.6000000000000001,2.5,6.6000000000000005,-14.0,5.2,-32.7,16
7081,332593.0,0.0,1.2000000000000002,-2.6,-0.6000000000000001,2.6,7.1000000000000005,-19.200000000000003,-1.2000000000000002,-32.7,16
7082,332612.0,0.0,1.2000000000000002,-1.9000000000000001,-0.7000000000000001,2.5,7.7,-25.1,0.6000000000000001,-30.3,16
7083,332625.0,0.0,1.3,-1.6,-0.8,2.6,8.8,-25.8,5.2,-28.500000000000004,16
7084,332641.0,-0.1,1.3,-0.9,-0.9,2.6,9.1,-25.200000000000003,10.1,-26.700000000000003,16
7085,332658.0,-0.30000000000000004,1.6,-0.2,-1.1,2.7,9.5,-22.2,17.1,-21.200000000000003,16
7086,332677.0,-0.30000000000000004,1.9000000000000001,0.4,-1.1,3.0,10.100000000000001,-20.1,16.700000000000003,-14.700000000000001,16
7087,332693.0,0.0,2.1,1.1,-0.9,3.1,10.8,-21.400000000000002,9.4,-10.200000000000001,16
7088,332708.0,0.30000000000000004,2.3000000000000003,1.9000000000000001,-0.6000000000000001,3.3000000000000003,11.600000000000001,-24.5,5.300000000000001,-7.8,16
7089,332725.0,0.9,2.4000000000000004,3.2,0.0,3.3000000000000003,12.9,-31.799999999999997,4.1,-7.699999999999999,16
7090,332742.0,0.9,2.5,3.2,0.0,3.2,13.200000000000001,-33.0,9.2,-11.6,16
7091,332758.0,0.6000000000000001,2.5,3.0,-0.4,3.2,12.700000000000001,-30.5,31.3,-17.6,16
7092,332775.0,0.1,3.2,2.0,-1.0,3.8000000000000003,11.700000000000001,-36.400000000000006,38.2,-20.5,16
7093,332794.0,0.4,2.7,3.5,-0.8,3.2,13.200000000000001,-57.800000000000004,20.5,-28.1,16
7094,332809.0,0.4,2.8000000000000003,3.5,-1.0,2.3000000000000003,14.5,-66.4,14.300000000000002,-34.7,16
7095,332824.0,-0.5,0.5,6.4,-1.8,0.6000000000000001,16.1,-68.4,14.0,-40.2,16
7096,332841.0,-0.9,0.1,6.6000000000000005,-2.3000000000000003,0.1,16.3,-60.00000000000001,19.400000000000002,-34.2,16
7097,332858.0,-1.4000000000000001,-0.1,6.1000000000000005,-2.8000000000000003,-0.30000000000000004,15.8,-24.900000000000002,24.5,-4.9,16
7098,332876.0,-0.7000000000000001,0.1,4.1000000000000005,-2.2,-0.2,13.8,21.8,6.699999999999999,30.4,16
7099,332903.0,1.3,0.8,0.5,-0.1,0.8,10.200000000000001,62.50000000000001,-38.900000000000006,57.9,16
7100,332913.0,1.8,0.9,0.0,0.4,1.0,9.700000000000001,61.300000000000004,-45.6,56.9,16
7101,332924.0,2.2,1.0,-0.30000000000000004,0.9,1.2000000000000002,9.4,55.3,-45.2,52.1,16
7102,332943.0,2.5,0.9,-0.6000000000000001,1.4000000000000001,1.3,9.200000000000001,39.50000000000001,-29.1,34.1,16
7103,332960.0,2.4000000000000004,0.8,-0.7000000000000001,1.3,1.3,9.0,32.400000000000006,-18.1,23.0,16
7104,332974.0,1.7000000000000002,0.5,-1.0,0.7000000000000001,1.0,8.700000000000001,20.0,0.9000000000000001,2.0,16
7105,332993.0,1.0,0.1,-1.2000000000000002,-0.30000000000000004,0.6000000000000001,8.5,16.5,9.0,-11.2,16
7106,333008.0,0.2,-0.30000000000000004,-1.5,-0.9,0.4,8.200000000000001,18.4,9.4,-13.000000000000002,16
7107,333025.0,-0.30000000000000004,-0.5,-2.2,-1.4000000000000001,0.2,7.6000000000000005,25.0,5.1000000000000005,-7.300000000000001,16
7108,333041.0,-0.4,-0.4,-2.5,-1.5,0.4,7.2,27.9,0.30000000000000004,-2.7,16
7109,333058.0,-0.2,-0.4,-2.9000000000000004,-1.3,0.5,6.800000000000001,28.400000000000002,-8.899999999999999,6.600000000000001,16
7110,333075.0,0.2,-0.30000000000000004,-3.0,-0.8,0.7000000000000001,6.7,25.4,-9.8,11.700000000000001,16
7111,333091.0,0.2,-0.30000000000000004,-3.0,-0.6000000000000001,1.0,6.6000000000000005,23.099999999999998,-6.9,10.9,16
7112,333111.0,0.4,0.0,-3.4000000000000004,-0.5,1.1,6.300000000000001,21.8,-4.4,9.2,16
7113,333124.0,0.4,0.2,-3.5,-0.5,1.4000000000000001,6.2,16.1,-0.4,5.500000000000001,16
7114,333146.0,0.4,0.2,-3.2,-0.5,1.5,6.5,11.900000000000002,-0.7,2.1,16
7115,333159.0,0.4,0.30000000000000004,-3.1,-0.5,1.5,6.6000000000000005,10.299999999999999,-1.3,-0.30000000000000004,16
7116,333175.0,0.30000000000000004,0.4,-3.0,-0.7000000000000001,1.6,6.7,6.1000000000000005,1.5,-4.300000000000001,16
7117,333193.0,0.2,0.6000000000000001,-2.7,-0.8,1.9000000000000001,7.0,0.2,8.0,-7.6,16
7118,333212.0,0.1,0.8,-2.5,-0.8,2.1,7.1000000000000005,-2.6,10.1,-10.1,16
7119,333227.0,-0.1,1.2000000000000002,-2.3000000000000003,-1.1,2.4000000000000004,7.300000000000001,-8.600000000000001,11.6,-18.0,16
7120,333243.0,-0.30000000000000004,1.3,-1.7000000000000002,-1.4000000000000001,2.5,8.0,-19.200000000000003,10.4,-26.1,16
7121,333258.0,-0.30000000000000004,1.3,-1.7000000000000002,-1.6,2.5,8.4,-25.300000000000004,10.0,-29.400000000000002,16
7122,333275.0,-0.7000000000000001,1.3,0.0,-1.8,2.4000000000000004,9.700000000000001,-37.400000000000006,6.2,-31.5,16
7123,333291.0,-0.4,1.2000000000000002,1.6,-1.6,2.2,11.3,-47.80000000000001,2.0,-30.9,16
7124,333308.0,-0.30000000000000004,1.3,2.6,-1.4000000000000001,2.1,12.3,-51.4,3.2,-30.699999999999996,16
7125,333325.0,0.0,1.5,3.6,-1.2000000000000002,2.2,13.3,-52.80000000000001,9.899999999999999,-30.9,16
7126,333341.0,0.1,1.6,3.7,-1.1,2.2,13.4,-52.80000000000001,13.8,-31.0,16
7127,333361.0,0.4,1.8,4.0,-0.9,2.2,13.8,-60.5,13.200000000000003,-34.800000000000004,16
7128,333379.0,0.5,1.3,5.7,-0.8,1.5,15.4,-73.30000000000001,7.9,-43.00000000000001,16
7129,333392.0,0.0,0.6000000000000001,7.300000000000001,-1.3,0.5,17.0,-69.9,4.300000000000001,-46.300000000000004,16
7130,333408.0,-0.4,0.1,7.800000000000001,-1.7000000000000002,-0.2,17.6,-60.400000000000006,5.7,-42.800000000000004,16
7131,333425.0,-0.8,-0.5,7.5,-2.1,-0.9,17.2,-31.099999999999998,21.500000000000004,-20.0,16
7132,333442.0,-0.7000000000000001,-0.5,6.9,-2.1,-1.0,16.6,-10.700000000000001,26.000000000000004,-1.9,16
7133,333458.0,0.7000000000000001,-0.30000000000000004,4.5,-0.8,-0.8,14.200000000000001,35.0,6.2,33.7,16
7134,333476.0,2.6,0.2,1.9000000000000001,1.2000000000000002,-0.1,11.600000000000001,69.4,-24.200000000000003,54.0,16
7135,333499.0,4.3,0.5,0.0,2.9000000000000004,0.5,9.700000000000001,77.7,-31.9,48.300000000000004,16
7136,333509.0,4.9,0.8,-0.9,3.5,0.9,8.8,74.89999999999999,-27.400000000000002,35.699999999999996,16
7137,333525.0,4.800000000000001,0.6000000000000001,-2.2,3.5,1.0,7.6000000000000005,63.4,-10.5,-0.30000000000000004,16
7138,333544.0,3.5,0.5,-3.2,2.3000000000000003,1.0,6.5,46.300000000000004,7.500000000000001,-35.599999999999994,16
7139,333560.0,3.5,0.4,-3.2,1.7000000000000002,0.9,6.300000000000001,37.0,12.600000000000001,-49.9,16
7140,333575.0,2.1,0.0,-3.4000000000000004,0.2,0.6000000000000001,6.2,24.599999999999998,11.8,-68.1,16
7141,333598.0,0.7000000000000001,-0.30000000000000004,-3.5,-1.1,0.30000000000000004,6.2,20.2,5.2,-71.8,16
7142,333609.0,-0.1,-0.4,-3.4000000000000004,-1.5,0.30000000000000004,6.300000000000001,17.9,-0.7,-69.7,16
7143,333628.0,-0.4,-0.4,-2.9000000000000004,-1.7000000000000002,0.4,6.7,14.400000000000002,-10.600000000000001,-59.5,16
7144,333641.0,-0.30000000000000004,-0.4,-2.7,-1.7000000000000002,0.4,6.9,14.400000000000002,-13.5,-54.0,16
7145,333658.0,-0.2,-0.2,-2.6,-1.5,0.6000000000000001,7.1000000000000005,16.900000000000002,-10.600000000000001,-45.2,16
7146,333674.0,-0.2,0.1,-2.9000000000000004,-1.6,0.9,6.7,20.900000000000002,-3.6000000000000005,-38.7,16
7147,333692.0,0.1,0.5,-3.3000000000000003,-1.3,1.4000000000000001,6.4,21.0,-5.7,-31.9,16
7148,333708.0,0.5,0.8,-3.2,-0.9,1.7000000000000002,6.5,19.9,-11.000000000000002,-29.300000000000004,16
7149,333725.0,0.8,1.1,-2.8000000000000003,-0.5,2.1,6.9,16.1,-24.7,-29.200000000000003,16
7150,333741.0,0.7000000000000001,1.1,-2.8000000000000003,-0.4,2.2,7.1000000000000005,13.000000000000002,-28.0,-31.9,16
7151,333758.0,0.8,1.4000000000000001,-1.9000000000000001,-0.4,2.4000000000000004,7.800000000000001,6.4,-23.3,-38.800000000000004,16
7152,333776.0,0.2,1.5,-1.8,-1.0,2.6,7.9,-0.6000000000000001,-7.300000000000001,-45.8,16
7153,333792.0,-0.2,1.6,-1.7000000000000002,-1.4000000000000001,2.6,8.0,-4.5,-1.0,-46.800000000000004,16
7154,333808.0,-0.8,1.8,-1.3,-2.0,2.8000000000000003,8.4,-9.0,0.1,-43.4,16
7155,333825.0,-1.1,2.0,-0.5,-2.2,2.9000000000000004,9.200000000000001,-8.700000000000001,-13.700000000000001,-35.2,16
7156,333841.0,-1.1,2.0,-0.30000000000000004,-2.2,2.9000000000000004,9.4,-7.699999999999999,-21.500000000000004,-30.699999999999996,16
7157,333859.0,-1.0,2.1,0.7000000000000001,-2.0,3.0,10.4,-6.8,-29.300000000000004,-22.000000000000004,16
7158,333888.0,-0.5,2.2,2.5,-1.4000000000000001,3.1,12.200000000000001,-0.8,-26.9,-8.600000000000001,16
7159,333893.0,-0.30000000000000004,2.3000000000000003,2.8000000000000003,-1.2000000000000002,3.2,12.5,2.6,-25.1,-4.5,16
7160,333908.0,0.0,2.4000000000000004,3.1,-0.9,3.3000000000000003,12.9,6.4,-22.000000000000004,-1.4,16
7161,333925.0,0.0,2.4000000000000004,3.2,-0.7000000000000001,3.3000000000000003,12.9,11.6,-17.1,0.5,16
7162,333941.0,0.0,2.9000000000000004,1.7000000000000002,-0.8,3.9000000000000004,11.4,20.900000000000002,-1.1,0.4,16
7163,333963.0,0.1,3.1,1.2000000000000002,-0.6000000000000001,4.1000000000000005,11.0,-17.5,-5.9,-17.5,16
7164,333975.0,0.2,2.5,2.5,-0.5,3.5,12.200000000000001,-37.7,-12.0,-27.800000000000004,16
7165,333992.0,0.1,0.7000000000000001,5.800000000000001,-0.6000000000000001,1.5,15.5,-56.10000000000001,-25.7,-48.300000000000004,16
7166,334008.0,-0.4,-0.4,6.800000000000001,-1.1,0.30000000000000004,16.6,-49.800000000000004,-25.0,-51.300000000000004,16
7167,334026.0,-1.3,-1.3,5.9,-1.9000000000000001,-0.8,15.600000000000001,-14.400000000000002,-15.899999999999999,-38.60000000000001,16
7168,334042.0,-1.6,-1.3,5.2,-2.1,-0.8,14.9,4.1,-13.200000000000003,-21.300000000000004,16
7169,334067.0,-0.2,-0.8,1.9000000000000001,-0.7000000000000001,-0.2,11.600000000000001,44.2,-25.5,23.700000000000003,16
7170,334076.0,0.2,-0.7000000000000001,1.3,-0.2,-0.1,11.100000000000001,55.400000000000006,-33.0,33.400000000000006,16
7171,334091.0,1.1,-0.5,0.6000000000000001,0.7000000000000001,0.30000000000000004,10.4,60.8,-37.7,36.9,16
7172,334108.0,1.4000000000000001,-0.2,-0.6000000000000001,1.1,0.8,9.200000000000001,58.800000000000004,-31.0,25.6,16
7173,334124.0,0.6000000000000001,-0.1,-1.6,0.4,1.0,8.1,42.5,-14.200000000000001,5.0,16
7174,334142.0,0.2,-0.30000000000000004,-1.8,0.1,1.0,7.9,30.200000000000003,-5.4,-2.6,16
7175,334163.0,-0.5,-0.4,-1.5,-0.6000000000000001,1.0,8.200000000000001,7.6,4.5,-8.4,16
7176,334175.0,-0.7000000000000001,-0.5,-1.1,-0.9,0.8,8.6,2.9,5.1000000000000005,-7.0,16
7177,334191.0,-0.7000000000000001,-0.5,-1.0,-0.9,0.8,8.700000000000001,19.700000000000003,-5.4,6.600000000000001,16
7178,334208.0,-0.5,-0.30000000000000004,-1.7000000000000002,-0.7000000000000001,1.1,8.1,30.3,-8.700000000000001,12.299999999999999,16
7179,334226.0,-0.2,0.0,-2.6,-0.30000000000000004,1.5,7.1000000000000005,43.70000000000001,-9.0,19.6,16
7180,334243.0,0.0,0.4,-3.1,-0.1,2.0,6.5,44.8,-6.8,20.7,16
7181,334264.0,0.1,0.5,-3.2,0.0,2.2,6.4,44.10000000000001,-8.100000000000001,19.9,16
7182,334274.0,0.1,0.6000000000000001,-3.2,0.1,2.5,6.4,41.4,-14.900000000000002,15.299999999999999,16
7183,334291.0,-0.1,0.6000000000000001,-3.0,0.0,2.6,6.6000000000000005,38.800000000000004,-12.8,9.5,16
7184,334308.0,-0.30000000000000004,0.7000000000000001,-3.2,-0.2,2.7,6.4,38.50000000000001,-10.4,7.0,16
7185,334329.0,-0.6000000000000001,0.7000000000000001,-3.3000000000000003,-0.4,2.9000000000000004,6.300000000000001,32.6,-7.200000000000001,2.5,16
7186,334342.0,-0.7000000000000001,0.9,-2.8000000000000003,-0.6000000000000001,3.1,6.800000000000001,24.1,-7.699999999999999,0.1,16
7187,334363.0,-0.7000000000000001,0.9,-2.5,-0.6000000000000001,3.2,7.0,21.400000000000002,-8.600000000000001,-0.4,16
7188,334375.0,-0.9,1.1,-2.0,-0.7000000000000001,3.5,7.6000000000000005,19.799999999999997,-13.6,-0.7,16
7189,334393.0,-1.0,0.9,-1.5,-0.8,3.4000000000000004,8.1,25.0,-17.1,0.5,16
7190,334408.0,-1.0,0.9,-1.4000000000000001,-0.8,3.4000000000000004,8.1,28.900000000000002,-15.399999999999999,2.2,16
7191,334425.0,-0.9,0.9,-1.9000000000000001,-0.6000000000000001,3.5,7.6000000000000005,32.8,-11.4,6.9,16
7192,334442.0,-0.9,0.9,-2.1,-0.5,3.6,7.4,29.500000000000004,-12.9,9.0,16
7193,334463.0,-0.6000000000000001,1.0,-2.1,0.1,3.8000000000000003,7.4,9.700000000000001,-18.0,7.500000000000001,16
7194,334475.0,0.0,1.1,-1.6,0.6000000000000001,3.8000000000000003,8.3,-20.8,-18.1,-2.3,16
7195,334496.0,-0.1,0.7000000000000001,0.30000000000000004,0.4,3.4000000000000004,9.700000000000001,-43.1,-8.700000000000001,-10.8,16
7196,334510.0,-0.1,0.8,0.30000000000000004,0.2,3.1,10.3,-55.0,-1.4,-14.900000000000002,16
7197,334526.0,-0.7000000000000001,0.30000000000000004,1.7000000000000002,-0.2,2.7,11.200000000000001,-74.2,3.5,-18.6,16
7198,334544.0,-0.7000000000000001,0.2,2.0,-0.2,2.5,11.5,-83.10000000000001,0.9000000000000001,-19.300000000000004,16
7199,334567.0,-1.1,-0.8,3.9000000000000004,-0.7000000000000001,1.0,13.5,-104.3,-3.8,-21.900000000000002,16
7200,334581.0,-1.4000000000000001,-1.1,4.4,-0.9,0.6000000000000001,14.0,-107.10000000000001,-1.7,-20.0,16
7201,334592.0,-1.9000000000000001,-1.6,5.1000000000000005,-1.5,-0.30000000000000004,14.8,-100.4,11.6,-3.7000000000000006,16
7202,334608.0,-2.3000000000000003,-1.5,5.2,-1.8,-0.4,14.9,-87.50000000000001,15.8,10.600000000000001,16
7203,334626.0,-1.9000000000000001,-1.2000000000000002,4.6000000000000005,-1.5,-0.30000000000000004,14.3,-41.6,1.2000000000000002,50.2,16
7204,334641.0,-1.9000000000000001,-1.1,4.5,-0.9,-0.30000000000000004,13.8,-13.5,-15.000000000000002,72.50000000000001,16
7205,334659.0,0.6000000000000001,-0.4,1.9000000000000001,1.1,0.4,11.700000000000001,35.9,-43.70000000000001,107.10000000000001,16
7206,334674.0,2.1,0.30000000000000004,-0.2,2.8000000000000003,1.2000000000000002,9.5,59.00000000000001,-57.00000000000001,115.20000000000002,16
7207,334692.0,2.6,0.5,-1.4000000000000001,3.5,1.7000000000000002,7.800000000000001,53.10000000000001,-49.6,102.5,16
7208,334708.0,2.6,1.1,-2.1,3.6,2.2,7.5,41.900000000000006,-44.00000000000001,90.9,16
7209,334724.0,2.5,1.1,-2.1,3.6,2.3000000000000003,7.5,20.7,-24.900000000000002,59.9,16
7210,334742.0,2.2,1.0,-2.2,3.5,2.3000000000000003,7.5,11.1,-11.2,43.1,16
7211,334768.0,0.30000000000000004,0.7000000000000001,-2.4000000000000004,1.6,2.0,7.2,-11.900000000000002,30.5,1.5,16
7212,334775.0,-0.1,0.7000000000000001,-2.5,1.1,1.9000000000000001,7.2,-15.299999999999999,36.300000000000004,-6.0,16
7213,334793.0,-0.8,0.6000000000000001,-2.6,0.4,1.8,7.1000000000000005,-15.000000000000002,36.5,-8.700000000000001,16
7214,334808.0,-1.1,0.7000000000000001,-2.7,0.0,1.9000000000000001,7.0,-9.600000000000001,27.099999999999998,-3.9,16
7215,334824.0,-0.9,0.9,-2.8000000000000003,0.1,2.0,6.9,-4.800000000000001,12.7,3.9,16
7216,334841.0,-0.9,0.9,-2.8000000000000003,0.30000000000000004,2.1,6.9,-4.0,7.699999999999999,7.0,16
7217,334861.0,-0.1,1.2000000000000002,-2.6,0.9,2.3000000000000003,7.1000000000000005,-6.8,3.3000000000000007,8.5,16
7218,334874.0,0.5,1.3,-2.0,1.4000000000000001,2.4000000000000004,7.7,-11.8,4.4,3.5,16
7219,334892.0,0.5,1.4000000000000001,-1.5,1.5,2.5,8.200000000000001,-13.900000000000002,6.4,-0.30000000000000004,16
7220,334908.0,0.30000000000000004,1.4000000000000001,-1.1,1.1,2.4000000000000004,8.700000000000001,-16.3,14.200000000000001,-5.9,16
7221,334925.0,0.1,1.4000000000000001,-0.8,1.0,2.4000000000000004,8.9,-15.100000000000001,19.700000000000003,-3.7000000000000006,16
7222,334942.0,0.1,1.7000000000000002,-0.6000000000000001,0.9,2.6,9.1,-7.699999999999999,18.900000000000002,1.0,16
7223,334964.0,0.2,1.9000000000000001,-1.0,0.9,2.8000000000000003,8.700000000000001,-0.30000000000000004,15.6,6.300000000000001,16
7224,334975.0,0.2,2.1,-1.2000000000000002,0.8,3.0,8.6,1.7,12.8,8.700000000000001,16
7225,334993.0,0.4,2.4000000000000004,-1.1,1.1,3.3000000000000003,8.6,1.0,5.300000000000001,12.100000000000001,16
7226,335008.0,0.8,2.6,-0.6000000000000001,1.4000000000000001,3.5,9.200000000000001,-1.4,0.2,11.700000000000001,16
7227,335025.0,1.0,2.5,0.2,1.6,3.4000000000000004,9.9,-5.4,-7.300000000000001,5.9,16
7228,335044.0,0.9,2.4000000000000004,0.8,1.5,3.3000000000000003,10.5,-10.9,-9.700000000000001,-1.2000000000000002,16
7229,335059.0,0.7000000000000001,2.4000000000000004,1.2000000000000002,1.4000000000000001,3.3000000000000003,10.9,-16.1,-8.100000000000001,-3.5,16
7230,335076.0,0.7000000000000001,2.5,1.7000000000000002,1.4000000000000001,3.3000000000000003,11.8,-23.900000000000006,-1.2000000000000002,-5.4,16
7231,335091.0,0.5,2.5,2.5,1.3,3.3000000000000003,12.200000000000001,-19.6,9.899999999999999,-6.4,16
7232,335108.0,0.30000000000000004,2.9000000000000004,1.9000000000000001,1.0,3.7,11.600000000000001,-13.8,14.400000000000002,-6.2,16
7233,335124.0,-0.2,3.1,1.1,0.4,3.8000000000000003,10.9,-16.1,10.200000000000001,-12.5,16
7234,335142.0,-0.30000000000000004,2.9000000000000004,1.3,0.30000000000000004,3.5,11.100000000000001,-27.3,5.2,-17.200000000000003,16
7235,335167.0,-1.5,0.6000000000000001,3.9000000000000004,-0.9,1.0,13.700000000000001,-67.00000000000001,4.300000000000001,-35.3,16
7236,335175.0,-2.2,-0.1,4.7,-1.6,0.2,14.5,-71.30000000000001,7.200000000000001,-35.3,16
7237,335193.0,-3.5,-0.8,5.5,-3.0,-0.7000000000000001,15.3,-54.300000000000004,16.0,-14.800000000000002,16
7238,335208.0,-4.0,-1.0,5.1000000000000005,-3.4000000000000004,-0.9,14.9,-34.7,16.0,2.3,16
7239,335226.0,-3.6,-0.8,3.5,-3.1,-0.8,13.3,9.899999999999999,-1.2000000000000002,43.1,16
7240,335242.0,-3.1,-0.6000000000000001,2.9000000000000004,-2.6,-0.6000000000000001,12.700000000000001,29.800000000000004,-17.300000000000004,61.7,16
7241,335266.0,-0.6000000000000001,0.1,0.4,0.1,0.2,10.200000000000001,64.60000000000001,-53.2,89.8,16
7242,335275.0,-0.30000000000000004,0.1,0.0,0.4,0.4,9.8,65.2,-52.60000000000001,90.30000000000001,16
7243,335293.0,0.0,0.2,-0.5,1.1,0.9,8.8,53.9,-37.2,81.4,16
7244,335308.0,0.30000000000000004,0.5,-1.2000000000000002,1.3,1.1,8.5,44.5,-27.2,73.5,16
7245,335324.0,0.0,0.4,-1.4000000000000001,1.1,1.0,8.3,26.200000000000003,-6.8,55.400000000000006,16
7246,335342.0,-0.2,0.30000000000000004,-1.5,0.9,1.0,8.200000000000001,19.700000000000003,2.9,47.400000000000006,16
7247,335366.0,-1.0,-0.1,-1.6,-0.4,0.5,8.0,12.100000000000001,13.100000000000001,37.300000000000004,16
7248,335374.0,-1.4000000000000001,-0.2,-1.7000000000000002,-0.6000000000000001,0.5,8.0,13.399999999999999,10.1,38.50000000000001,16
7249,335393.0,-1.8,-0.5,-1.9000000000000001,-0.8,0.30000000000000004,7.800000000000001,18.8,2.5,46.7,16
7250,335408.0,-1.7000000000000002,-0.5,-2.0,-0.6000000000000001,0.30000000000000004,7.7,20.3,0.4,49.300000000000004,16
7251,335425.0,-1.0,-0.5,-2.0,0.1,0.4,7.7,26.200000000000003,-5.6,56.300000000000004,16
7252,335441.0,-0.8,-0.4,-2.1,0.30000000000000004,0.5,7.6000000000000005,28.400000000000002,-5.7,57.20000000000001,16
7253,335458.0,-0.5,-0.4,-2.2,0.7000000000000001,0.6000000000000001,7.4,29.400000000000002,-0.9000000000000001,55.1,16
7254,335481.0,0.0,-0.30000000000000004,-2.5,1.1,0.8,7.2,25.6,7.699999999999999,49.4,16
7255,335491.0,0.0,-0.2,-2.4000000000000004,1.1,0.9,7.2,23.099999999999998,12.100000000000001,45.400000000000006,16
7256,335508.0,-0.2,0.0,-2.4000000000000004,0.9,1.1,7.300000000000001,21.200000000000003,17.9,37.50000000000001,16
7257,335525.0,-0.30000000000000004,0.1,-2.5,0.7000000000000001,1.3,7.2,21.0,18.0,32.8,16
7258,335541.0,-0.30000000000000004,0.2,-2.5,0.7000000000000001,1.4000000000000001,7.2,19.799999999999997,17.0,31.5,16
7259,335558.0,-0.30000000000000004,0.30000000000000004,-2.5,0.8,1.7000000000000002,7.300000000000001,13.8,13.000000000000002,28.400000000000002,16
7260,335583.0,0.1,0.7000000000000001,-1.8,1.1,2.1,8.6,-9.3,7.200000000000001,17.9,16
7261,335591.0,0.2,0.8,-1.1,1.1,2.1,8.6,-9.3,7.200000000000001,17.9,16
7262,335608.0,0.2,0.9,0.1,1.1,2.1,9.8,-25.7,6.4,6.1000000000000005,16
7263,335624.0,0.1,0.7000000000000001,1.2000000000000002,1.0,1.9000000000000001,10.9,-40.4,10.9,-5.6,16
7264,335641.0,0.1,0.8,1.2000000000000002,0.8,1.8,11.200000000000001,-46.800000000000004,14.5,-10.0,16
7265,335662.0,-0.30000000000000004,0.9,2.0,0.4,1.8,12.100000000000001,-58.7,21.1,-14.400000000000002,16
7266,335674.0,-0.5,1.0,2.9000000000000004,0.2,1.6,13.0,-68.9,20.1,-13.900000000000002,16
7267,335691.0,-0.5,0.9,3.9000000000000004,0.1,1.5,13.600000000000001,-72.80000000000001,15.100000000000001,-12.4,16
7268,335708.0,-0.5,0.9,3.9000000000000004,0.1,1.5,13.600000000000001,-72.80000000000001,15.100000000000001,-12.4,16
7269,335729.0,-0.4,0.2,5.7,0.2,0.30000000000000004,15.5,-69.80000000000001,10.0,-5.2,16
7270,335750.0,-1.1,-0.1,5.300000000000001,-0.5,-0.2,15.100000000000001,-48.70000000000001,26.000000000000004,7.6,16
7271,335758.0,-1.3,-0.1,5.0,-0.7000000000000001,-0.30000000000000004,14.8,-33.1,31.099999999999998,19.200000000000003,16
7272,335774.0,-1.3,-0.1,3.7,-0.8,-0.4,13.5,3.9,17.5,53.8,16
7273,335791.0,0.6000000000000001,-0.1,2.6,0.9,-0.4,12.4,40.5,-22.2,88.4,16
7274,335808.0,2.0,0.1,1.8,2.4000000000000004,-0.1,11.600000000000001,54.9,-37.0,99.10000000000001,16
7275,335824.0,2.7,0.2,1.3,4.3,0.6000000000000001,10.4,64.60000000000001,-44.7,103.10000000000001,16
7276,335841.0,3.7,0.5,0.6000000000000001,4.800000000000001,0.8,9.9,71.8,-41.7,92.3,16
7277,335858.0,4.2,0.9,-0.9,4.9,1.5,8.3,67.3,-28.1,70.2,16
7278,335881.0,3.3000000000000003,1.2000000000000002,-2.4000000000000004,4.1000000000000005,1.7000000000000002,7.300000000000001,48.0,-5.500000000000001,35.0,16
7279,335891.0,2.6,1.0,-2.7,2.9000000000000004,1.4000000000000001,7.0,26.400000000000006,14.200000000000001,4.9,16
7280,335913.0,0.6000000000000001,0.4,-2.8000000000000003,1.4000000000000001,1.2000000000000002,7.0,15.100000000000001,18.4,-13.399999999999999,16
7281,335925.0,0.0,0.2,-2.8000000000000003,0.8,0.9,7.0,14.400000000000002,15.2,-17.7,16
7282,335941.0,-0.30000000000000004,0.1,-2.8000000000000003,0.4,0.9,6.9,16.3,10.4,-19.0,16
7283,335958.0,-0.8,0.1,-3.1,0.0,0.9,6.6000000000000005,22.1,0.4,-16.4,16
7284,335978.0,-0.8,0.0,-3.4000000000000004,0.0,0.9,6.4,23.0,-5.0,-13.200000000000003,16
7285,335994.0,-0.7000000000000001,0.0,-3.4000000000000004,0.1,1.0,6.300000000000001,18.3,-3.7000000000000006,-13.700000000000001,16
7286,336008.0,-0.7000000000000001,-0.1,-3.3000000000000003,0.0,1.0,6.4,14.400000000000002,-1.2000000000000002,-15.299999999999999,16
7287,336027.0,-0.9,0.0,-3.0,-0.1,1.1,6.7,4.5,3.9,-17.9,16
7288,336043.0,-1.1,0.0,-2.4000000000000004,-0.4,1.1,7.300000000000001,-3.1,7.1000000000000005,-17.200000000000003,16
7289,336058.0,-1.1,0.1,-2.3000000000000003,-0.4,1.2000000000000002,7.4,-5.1000000000000005,7.400000000000001,-15.000000000000002,16
7290,336074.0,-1.1,0.2,-1.8,-0.5,1.3,7.9,-8.899999999999999,8.100000000000001,-10.4,16
7291,336091.0,-1.2000000000000002,0.30000000000000004,-1.4000000000000001,-0.6000000000000001,1.4000000000000001,8.5,-13.399999999999999,10.0,-3.8,16
7292,336108.0,-1.3,0.5,-0.7000000000000001,-0.7000000000000001,1.5,9.0,-14.800000000000002,10.299999999999999,0.2,16
7293,336125.0,-1.3,0.7000000000000001,0.0,-0.7000000000000001,1.7000000000000002,9.700000000000001,-15.100000000000001,10.0,8.899999999999999,16
7294,336142.0,-1.3,0.8,0.30000000000000004,-0.7000000000000001,1.8,10.100000000000001,-14.0,10.9,13.3,16
7295,336158.0,-1.1,1.0,0.6000000000000001,-0.5,2.1,10.5,-8.2,13.000000000000002,23.2,16
7296,336179.0,-0.6000000000000001,1.5,0.8,0.1,2.5,10.700000000000001,-4.7,7.400000000000001,30.599999999999998,16
7297,336192.0,0.0,1.9000000000000001,1.4000000000000001,0.5,2.8000000000000003,11.100000000000001,-7.500000000000001,5.500000000000001,29.800000000000004,16
7298,336208.0,0.4,2.0,2.1,0.8,2.8000000000000003,11.8,-9.3,8.899999999999999,27.0,16
7299,336225.0,0.30000000000000004,2.1,2.2,0.7000000000000001,2.9000000000000004,12.0,-11.700000000000001,23.700000000000003,21.6,16
7300,336241.0,0.2,2.2,2.0,0.6000000000000001,3.0,11.8,-12.200000000000001,29.1,20.3,16
7301,336258.0,0.1,2.4000000000000004,1.6,0.2,3.3000000000000003,11.200000000000001,-19.9,27.400000000000002,15.8,16
7302,336281.0,0.0,2.6,1.7000000000000002,0.1,3.0,12.100000000000001,-41.199999999999996,22.6,7.300000000000001,16
7303,336291.0,-0.8,1.3,3.7,-0.7000000000000001,1.8,13.5,-54.1,28.600000000000005,-0.6000000000000001,16
7304,336308.0,-1.6,0.6000000000000001,4.4,-1.5,1.0,14.200000000000001,-54.199999999999996,30.200000000000003,-0.9000000000000001,16
7305,336324.0,-2.6,-0.1,4.5,-2.6,0.2,14.3,-38.800000000000004,29.1,11.1,16
7306,336341.0,-2.6,-0.1,4.4,-2.7,0.1,14.200000000000001,-24.3,21.300000000000004,24.8,16
7307,336358.0,-2.0,-0.2,3.6,-2.1,-0.1,13.4,9.2,-6.4,54.6,16
7308,336383.0,-0.2,-0.1,1.8,-0.2,0.2,11.600000000000001,47.0,-38.800000000000004,80.60000000000001,16
7309,336391.0,-0.2,-0.1,1.8,-0.2,0.2,11.600000000000001,47.0,-38.800000000000004,80.60000000000001,16
7310,336408.0,0.6000000000000001,0.1,0.7000000000000001,0.7000000000000001,0.6000000000000001,10.5,51.9,-33.800000000000004,78.80000000000001,16
7311,336425.0,0.4,0.0,-0.2,0.7000000000000001,0.6000000000000001,9.600000000000001,44.7,-16.200000000000003,65.5,16
7312,336445.0,0.0,-0.30000000000000004,-0.7000000000000001,0.30000000000000004,0.4,9.1,33.7,3.4,53.7,16
7313,336458.0,-0.2,-0.4,-0.8,0.1,0.30000000000000004,9.0,30.699999999999996,10.600000000000001,50.400000000000006,16
7314,336474.0,-0.6000000000000001,-0.6000000000000001,-1.3,-0.30000000000000004,0.2,8.4,34.0,17.6,49.1,16
7315,336493.0,-0.8,-0.7000000000000001,-2.2,-0.5,0.30000000000000004,7.5,42.800000000000004,13.200000000000003,52.60000000000001,16
7316,336508.0,-0.7000000000000001,-0.7000000000000001,-2.6,-0.5,0.4,7.1000000000000005,45.6,9.0,54.9,16
7317,336527.0,-0.5,-0.8,-3.2,-0.30000000000000004,0.4,6.6000000000000005,46.7,0.4,58.1,16
7318,336543.0,-0.4,-0.8,-3.3000000000000003,-0.2,0.5,6.5,45.3,-1.2000000000000002,59.60000000000001,16
7319,336561.0,-0.30000000000000004,-0.7000000000000001,-3.3000000000000003,0.1,0.8,6.5,39.9,-1.4,58.800000000000004,16
7320,336575.0,0.0,-0.6000000000000001,-2.9000000000000004,0.30000000000000004,0.9,6.800000000000001,35.0,-1.3,53.10000000000001,16
7321,336592.0,0.1,-0.6000000000000001,-2.8000000000000003,0.4,1.1,7.0,30.3,-1.7,45.9,16
7322,336608.0,0.1,-0.6000000000000001,-2.5,0.4,1.2000000000000002,7.1000000000000005,27.099999999999998,-2.5,42.7,16
7323,336632.0,0.2,-0.6000000000000001,-2.3000000000000003,0.6000000000000001,1.3,7.300000000000001,19.5,-4.2,33.50000000000001,16
7324,336641.0,0.2,-0.6000000000000001,-2.3000000000000003,0.7000000000000001,1.4000000000000001,7.300000000000001,19.5,-4.2,33.50000000000001,16
7325,336658.0,0.4,-0.2,-2.3000000000000003,0.8,1.7000000000000002,7.300000000000001,11.2,-2.5,23.3,16
7326,336674.0,0.2,0.0,-2.0,0.6000000000000001,1.9000000000000001,7.7,-4.0,4.0,8.899999999999999,16
7327,336695.0,-0.30000000000000004,0.0,-1.5,-0.1,1.9000000000000001,8.4,-18.200000000000003,10.0,-2.5,16
7328,336709.0,-0.9,0.0,-0.7000000000000001,-0.5,1.8,8.9,-24.599999999999998,10.299999999999999,-5.0,16
7329,336726.0,-1.0,0.1,-0.4,-0.7000000000000001,1.8,9.9,-35.599999999999994,6.699999999999999,-6.0,16
7330,336741.0,-1.1,0.1,0.7000000000000001,-0.7000000000000001,1.8,10.4,-40.2,4.800000000000001,-5.7,16
7331,336759.0,-0.9,0.30000000000000004,1.9000000000000001,-0.6000000000000001,1.8,11.5,-47.3,2.5,-6.0,16
7332,336775.0,-1.1,0.4,2.9000000000000004,-0.8,1.8,12.600000000000001,-53.2,5.500000000000001,-7.1000000000000005,16
7333,336795.0,-1.3,0.5,3.3000000000000003,-1.1,1.7000000000000002,13.200000000000001,-49.9,9.5,-2.7,16
7334,336809.0,-1.3,0.7000000000000001,3.3000000000000003,-1.1,1.8,13.0,-45.400000000000006,7.8,2.5,16
7335,336824.0,-1.2000000000000002,0.9,3.2,-0.4,1.9000000000000001,13.100000000000001,-41.4,-7.8,12.200000000000001,16
7336,336842.0,-0.2,0.9,4.1000000000000005,0.1,1.7000000000000002,13.8,-47.900000000000006,-11.6,16.6,16
7337,336859.0,0.0,0.6000000000000001,4.5,0.30000000000000004,1.4000000000000001,14.3,-52.7,-0.7,16.3,16
7338,336878.0,-0.7000000000000001,0.1,4.9,-0.4,0.7000000000000001,14.700000000000001,-49.800000000000004,41.1,16.5,16
7339,336891.0,-1.3,-0.1,4.2,-1.5,0.2,13.3,-20.0,59.1,33.9,16
7340,336908.0,-1.5,-0.30000000000000004,2.5,-1.5,0.1,12.3,-1.8000000000000003,48.6,50.7,16
7341,336924.0,0.2,-0.2,1.1,0.1,0.30000000000000004,10.9,36.0,-3.0,86.7,16
7342,336941.0,0.2,-0.2,1.1,0.9,0.2,10.600000000000001,51.9,-28.400000000000002,100.2,16
7343,336958.0,2.7,0.30000000000000004,-0.5,2.7,1.0,9.3,73.30000000000001,-48.800000000000004,111.70000000000002,16
7344,336975.0,3.3000000000000003,0.9,-2.0,3.6,1.9000000000000001,7.7,71.8,-40.1,96.20000000000002,16
7345,336991.0,3.2,1.1,-2.6,3.6,2.2,7.1000000000000005,44.300000000000004,-10.4,64.7,16
7346,337009.0,2.3000000000000003,1.1,-2.8000000000000003,2.7,2.3000000000000003,6.9,27.0,5.8,47.60000000000001,16
7347,337025.0,1.7000000000000002,0.9,-2.7,1.2000000000000002,1.8,7.300000000000001,4.0,26.9,21.7,16
7348,337044.0,0.30000000000000004,0.4,-2.3000000000000003,-0.2,1.5,7.300000000000001,1.6,27.400000000000002,12.299999999999999,16
7349,337058.0,-0.8,0.2,-2.5,-0.5,1.5,7.2,4.4,22.000000000000004,13.000000000000002,16
7350,337077.0,-1.1,0.2,-3.0,-0.9,1.5,6.800000000000001,7.6,6.699999999999999,21.500000000000004,16
7351,337093.0,-0.9,0.4,-3.0,-0.7000000000000001,1.7000000000000002,6.7,6.4,-0.1,26.000000000000004,16
7352,337108.0,-0.4,0.5,-2.6,-0.1,1.9000000000000001,7.1000000000000005,-1.6,-5.7,27.6,16
7353,337125.0,-0.30000000000000004,0.4,-2.1,0.0,1.7000000000000002,7.6000000000000005,-10.8,1.6,20.7,16
7354,337141.0,-0.4,0.4,-1.9000000000000001,-0.1,1.7000000000000002,7.800000000000001,-14.900000000000002,6.300000000000001,17.1,16
7355,337158.0,-0.6000000000000001,0.1,-1.5,-0.4,1.3,8.200000000000001,-20.900000000000002,10.9,14.800000000000002,16
7356,337176.0,-0.7000000000000001,0.0,-1.1,-0.5,1.1,8.8,-19.799999999999997,7.1000000000000005,19.9,16
7357,337193.0,-0.4,-0.1,-0.7000000000000001,-0.2,1.0,9.1,-10.5,1.1,28.0,16
7358,337210.0,-0.2,-0.1,-0.7000000000000001,0.0,1.0,9.0,-6.2,-0.1,31.400000000000002,16
7359,337225.0,0.2,0.0,-0.9,0.4,1.1,8.9,-2.7,1.9,34.900000000000006,16
7360,337241.0,0.30000000000000004,0.1,-0.9,0.6000000000000001,1.1,8.9,-1.7,5.0,36.7,16
7361,337258.0,0.6000000000000001,0.30000000000000004,-0.9,0.9,1.4000000000000001,8.9,0.1,7.500000000000001,38.2,16
7362,337274.0,1.0,0.5,-0.5,1.2000000000000002,1.5,9.200000000000001,2.1,2.8,38.300000000000004,16
7363,337295.0,1.3,0.6000000000000001,-0.2,1.7000000000000002,1.8,9.700000000000001,3.2,-3.7000000000000006,36.2,16
7364,337308.0,1.7000000000000002,0.8,0.5,2.0,1.9000000000000001,10.200000000000001,2.1,-6.2,33.400000000000006,16
7365,337324.0,1.8,1.1,1.2000000000000002,2.1,2.2,10.9,-4.1,-1.4,23.099999999999998,16
7366,337341.0,1.7000000000000002,1.3,1.5,2.0,2.3000000000000003,11.3,-9.100000000000001,6.1000000000000005,16.6,16
7367,337359.0,1.1,1.5,2.2,1.4000000000000001,2.5,11.9,-18.8,31.400000000000002,2.8,16
7368,337381.0,0.1,1.6,2.0,0.30000000000000004,2.5,11.8,-20.0,62.300000000000004,-3.7000000000000006,16
7369,337391.0,-0.5,1.7000000000000002,1.2000000000000002,-0.5,2.7,11.0,-13.000000000000002,78.10000000000001,4.5,16
7370,337408.0,-1.0,3.0,-0.6000000000000001,-1.2000000000000002,3.9000000000000004,9.200000000000001,-11.6,71.9,10.5,16
7371,337424.0,-0.6000000000000001,2.7,-0.30000000000000004,-1.0,3.5,9.4,-33.9,36.5,11.6,16
7372,337442.0,-0.5,2.8000000000000003,-0.30000000000000004,-0.9,3.0,10.5,-54.50000000000001,17.799999999999997,8.5,16
7373,337458.0,-0.9,0.7000000000000001,4.5,-1.4000000000000001,1.3,14.3,-75.60000000000001,-15.8,0.4,16
7374,337476.0,-1.8,-1.0,7.800000000000001,-2.2,-0.7000000000000001,17.6,-53.50000000000001,-25.7,15.000000000000002,16
7375,337492.0,-1.6,-1.4000000000000001,7.800000000000001,-2.0,-1.3,17.6,3.2,-14.100000000000001,51.4,16
7376,337508.0,-0.7000000000000001,-1.2000000000000002,6.2,-1.1,-1.1,16.0,30.599999999999998,-12.7,70.0,16
7377,337525.0,1.0,-0.7000000000000001,3.8000000000000003,0.7000000000000001,-0.4,13.600000000000001,64.50000000000001,-23.6,91.0,16
7378,337542.0,1.7000000000000002,-0.6000000000000001,3.1,1.4000000000000001,-0.2,12.9,72.50000000000001,-28.400000000000002,91.6,16
7379,337562.0,2.4000000000000004,-0.4,1.5,2.1,0.5,10.4,75.2,-22.6,74.80000000000001,16
7380,337577.0,1.8,-0.4,0.0,1.8,0.5,9.8,63.900000000000006,-0.5,49.50000000000001,16
7381,337594.0,0.7000000000000001,-0.7000000000000001,-0.8,0.7000000000000001,0.4,8.9,46.0,23.0,32.300000000000004,16
7382,337608.0,0.1,-1.0,-0.9,0.0,0.2,8.8,39.50000000000001,31.099999999999998,28.600000000000005,16
7383,337624.0,-0.6000000000000001,-1.4000000000000001,-1.2000000000000002,-0.8,0.0,8.6,38.800000000000004,36.8,29.800000000000004,16
7384,337641.0,-0.7000000000000001,-1.4000000000000001,-1.3,-0.9,0.0,8.4,43.4,34.400000000000006,33.7,16
7385,337658.0,-0.7000000000000001,-1.5,-1.8,-1.0,0.1,7.6000000000000005,54.50000000000001,23.800000000000004,44.4,16
7386,337682.0,-0.30000000000000004,-1.4000000000000001,-2.8000000000000003,-0.30000000000000004,0.5,6.6000000000000005,60.300000000000004,13.000000000000002,55.0,16
7387,337692.0,0.1,-1.4000000000000001,-3.0,-0.30000000000000004,0.5,6.6000000000000005,60.300000000000004,13.000000000000002,55.0,16
7388,337708.0,0.7000000000000001,-1.3,-3.2,0.4,0.7000000000000001,6.4,57.800000000000004,10.4,56.0,16
7389,337724.0,1.1,-1.3,-3.3000000000000003,0.8,1.0,6.2,54.300000000000004,8.700000000000001,52.400000000000006,16
7390,337742.0,1.1,-1.4000000000000001,-3.3000000000000003,0.9,1.1,6.2,52.2,7.6,49.699999999999996,16
7391,337760.0,1.4000000000000001,-1.4000000000000001,-3.3000000000000003,1.2000000000000002,1.3,6.2,46.300000000000004,7.200000000000001,42.3,16
7392,337775.0,1.8,-1.4000000000000001,-3.1,1.5,1.4000000000000001,6.4,37.800000000000004,11.000000000000002,33.1,16
7393,337791.0,1.9000000000000001,-1.3,-2.8000000000000003,1.5,1.4000000000000001,6.6000000000000005,33.2,14.900000000000002,27.800000000000004,16
7394,337809.0,1.8,-1.5,-2.5,1.4000000000000001,1.4000000000000001,6.9,26.400000000000006,21.200000000000003,18.0,16
7395,337824.0,1.7000000000000002,-1.5,-2.6,1.2000000000000002,1.5,6.7,25.900000000000002,24.200000000000003,11.700000000000001,16
7396,337845.0,1.6,-1.1,-3.1,1.1,1.9000000000000001,6.2,21.200000000000003,25.6,9.0,16
7397,337858.0,1.6,-1.2000000000000002,-3.1,1.2000000000000002,2.1,6.0,15.6,25.0,7.699999999999999,16
7398,337878.0,1.9000000000000001,-0.7000000000000001,-3.3000000000000003,1.4000000000000001,2.7,6.2,-6.1000000000000005,13.100000000000001,1.0,16
7399,337892.0,2.5,-0.2,-1.6,1.9000000000000001,2.9000000000000004,7.7,-36.7,-4.6,-10.5,16
7400,337909.0,2.8000000000000003,-0.1,0.1,2.2,2.9000000000000004,9.4,-51.800000000000004,-12.0,-18.3,16
7401,337925.0,2.9000000000000004,-0.2,2.1,2.2,2.6,11.5,-73.2,-7.500000000000001,-35.599999999999994,16
7402,337941.0,2.7,-0.2,2.9000000000000004,2.1,2.4000000000000004,12.3,-77.9,4.300000000000001,-42.400000000000006,16
7403,337958.0,2.0,-0.1,3.5,1.3,2.3000000000000003,13.0,-77.5,26.300000000000004,-48.800000000000004,16
7404,337977.0,1.7000000000000002,0.6000000000000001,4.0,0.8,2.8000000000000003,13.5,-81.10000000000001,22.000000000000004,-46.800000000000004,16
7405,337992.0,1.9000000000000001,0.7000000000000001,5.1000000000000005,1.0,2.7,14.700000000000001,-82.10000000000001,14.200000000000001,-45.3,16
7406,338008.0,2.1,0.8,6.300000000000001,1.2000000000000002,2.5,16.0,-68.4,-2.8,-40.800000000000004,16
7407,338025.0,2.2,0.8,6.5,1.5,2.2,15.700000000000001,-39.1,-11.3,-33.7,16
7408,338042.0,2.9000000000000004,0.5,5.0,2.0,1.9000000000000001,14.600000000000001,-15.8,-13.5,-31.0,16
7409,338058.0,2.9000000000000004,0.4,4.5,2.0,1.7000000000000002,14.100000000000001,-8.700000000000001,-11.8,-30.799999999999997,16
7410,338077.0,2.8000000000000003,0.2,3.6,1.9000000000000001,1.5,13.3,4.7,-6.600000000000001,-30.200000000000003,16
7411,338091.0,2.8000000000000003,-0.1,2.8000000000000003,1.9000000000000001,1.1,11.8,24.7,-3.6000000000000005,-29.700000000000006,16
7412,338109.0,2.7,-0.30000000000000004,1.0,1.8,1.1,10.700000000000001,33.0,-5.9,-30.3,16
7413,338124.0,2.8000000000000003,-0.5,-0.6000000000000001,1.9000000000000001,1.0,9.1,40.9,-13.700000000000001,-31.400000000000002,16
7414,338141.0,2.8000000000000003,-0.5,-0.9,2.0,1.0,8.700000000000001,43.6,-20.2,-32.9,16
7415,338158.0,3.0,-0.5,-1.9000000000000001,2.3000000000000003,1.1,7.7,42.800000000000004,-30.200000000000003,-40.2,16
7416,338174.0,2.9000000000000004,-0.8,-2.4000000000000004,2.2,1.0,7.2,32.6,-29.900000000000006,-55.400000000000006,16
7417,338194.0,2.4000000000000004,-1.2000000000000002,-2.4000000000000004,1.7000000000000002,0.7000000000000001,7.2,17.9,-15.000000000000002,-72.80000000000001,16
7418,338209.0,1.8,-1.5,-2.4000000000000004,1.2000000000000002,0.4,7.2,13.5,-5.500000000000001,-79.7,16
7419,338224.0,0.9,-1.8,-2.6,0.30000000000000004,0.1,7.0,11.8,9.700000000000001,-86.1,16
7420,338243.0,0.6000000000000001,-1.8,-2.8000000000000003,-0.6000000000000001,0.2,6.4,17.799999999999997,12.0,-82.39999999999999,16
7421,338258.0,0.1,-1.7000000000000002,-3.3000000000000003,-0.7000000000000001,0.30000000000000004,6.2,20.0,7.6,-76.3,16
7422,338276.0,0.4,-1.3,-3.6,-0.5,0.7000000000000001,6.0,19.9,-4.7,-62.7,16
7423,338291.0,0.8,-1.1,-3.6,-0.1,1.0,5.9,18.0,-8.899999999999999,-58.400000000000006,16
7424,338310.0,1.0,-0.7000000000000001,-3.6,0.1,1.4000000000000001,5.9,11.1,-7.200000000000001,-58.7,16
7425,338325.0,0.7000000000000001,-0.6000000000000001,-3.4000000000000004,-0.2,1.5,6.1000000000000005,-0.8,0.1,-64.7,16
7426,338342.0,0.8,-0.6000000000000001,-3.4000000000000004,-0.30000000000000004,1.5,6.4,-7.8,3.3000000000000007,-66.2,16
7427,338358.0,0.30000000000000004,-0.30000000000000004,-2.5,-0.7000000000000001,1.8,7.0,-17.799999999999997,7.699999999999999,-66.4,16
7428,338375.0,-0.1,0.0,-1.9000000000000001,-1.2000000000000002,1.9000000000000001,7.7,-24.1,8.8,-62.7,16
7429,338392.0,-0.4,0.1,-1.3,-1.6,2.0,8.6,-28.800000000000004,8.100000000000001,-53.400000000000006,16
7430,338409.0,-0.6000000000000001,0.30000000000000004,-0.2,-1.7000000000000002,2.0,9.3,-28.500000000000004,7.1000000000000005,-47.2,16
7431,338428.0,-0.6000000000000001,0.6000000000000001,0.4,-1.8,2.2,10.0,-19.200000000000003,6.9,-31.9,16
7432,338447.0,-0.1,1.3,0.4,-1.3,2.9000000000000004,10.0,-8.2,2.5,-15.6,16
7433,338466.0,0.9,2.0,0.6000000000000001,-0.4,3.6,10.200000000000001,-8.899999999999999,-3.5,-7.300000000000001,16
7434,338475.0,1.2000000000000002,2.2,0.9,-0.1,3.7,10.5,-13.8,-4.4,-8.4,16
7435,338491.0,1.5,2.4000000000000004,1.7000000000000002,0.30000000000000004,3.9000000000000004,11.8,-20.2,-2.6,-12.200000000000001,16
7436,338508.0,1.4000000000000001,2.4000000000000004,3.0,0.2,3.9000000000000004,12.600000000000001,-29.800000000000004,11.000000000000002,-24.1,16
7437,338525.0,1.3,2.4000000000000004,3.2,-0.30000000000000004,3.9000000000000004,12.9,-32.2,28.1,-33.7,16
7438,338541.0,1.1,2.6,3.3000000000000003,-0.7000000000000001,4.0,12.8,-34.300000000000004,32.6,-35.699999999999996,16
7439,338561.0,1.2000000000000002,2.0,5.2,-0.4,3.1,14.9,-51.70000000000001,21.900000000000002,-37.2,16
7440,338577.0,1.4000000000000001,1.6,6.0,-0.2,2.6,15.600000000000001,-55.400000000000006,15.5,-38.50000000000001,16
7441,338595.0,1.5,0.30000000000000004,7.300000000000001,-0.1,1.0,16.900000000000002,-48.9,11.6,-38.400000000000006,16
7442,338607.0,1.1,-0.2,7.5,-0.5,0.5,17.1,-37.50000000000001,13.100000000000001,-34.1,16
7443,338625.0,1.2000000000000002,-0.1,7.5,-0.7000000000000001,0.30000000000000004,16.900000000000002,-20.8,12.8,-25.1,16
7444,338641.0,1.0,-0.2,5.2,-0.5,0.5,13.100000000000001,24.5,3.5,2.4000000000000004,16
7445,338661.0,1.3,-0.2,3.5,-0.2,0.7000000000000001,11.700000000000001,62.50000000000001,-14.700000000000001,24.5,16
7446,338674.0,1.9000000000000001,0.7000000000000001,-0.4,0.30000000000000004,1.5,9.200000000000001,72.9,-28.400000000000002,30.599999999999998,16
7447,338691.0,2.2,0.8,-1.4000000000000001,0.5,1.9000000000000001,8.200000000000001,69.10000000000001,-33.2,27.6,16
7448,338708.0,2.3000000000000003,0.8,-2.1,0.8,2.0,7.6000000000000005,52.00000000000001,-34.0,14.200000000000001,16
7449,338725.0,2.3000000000000003,0.7000000000000001,-2.1,0.4,1.9000000000000001,7.5,41.1,-30.200000000000003,4.6,16
7450,338742.0,1.5,0.30000000000000004,-1.9000000000000001,0.2,1.7000000000000002,7.7,19.0,-18.5,-16.3,16
7451,338767.0,0.2,-0.7000000000000001,-0.9,-1.1,0.8,8.700000000000001,4.6,-3.6000000000000005,-30.9,16
7452,338775.0,-0.2,-0.8,-0.9,-1.5,0.7000000000000001,8.700000000000001,8.100000000000001,-1.7,-29.800000000000004,16
7453,338791.0,-0.5,-1.0,-1.1,-1.7000000000000002,0.5,8.5,14.0,-1.2000000000000002,-26.1,16
7454,338808.0,-0.5,-1.0,-1.9000000000000001,-1.8,0.5,7.7,26.6,-4.800000000000001,-12.5,16
7455,338825.0,-0.4,-1.0,-2.2,-1.2000000000000002,0.8,7.0,34.7,-13.8,1.6,16
7456,338841.0,0.30000000000000004,-0.8,-2.7,-0.9,0.9,6.800000000000001,36.6,-18.3,6.1000000000000005,16
7457,338868.0,1.2000000000000002,-0.5,-3.2,0.1,1.4000000000000001,6.300000000000001,38.300000000000004,-18.6,7.400000000000001,16
7458,338874.0,1.2000000000000002,-0.5,-3.4000000000000004,0.1,1.5,6.2,36.9,-16.1,5.0,16
7459,338892.0,1.3,-0.4,-3.6,0.2,1.6,6.0,34.2,-13.3,2.5,16
7460,338908.0,1.3,-0.30000000000000004,-3.6,0.30000000000000004,1.9000000000000001,5.9,25.5,-6.699999999999999,-3.3000000000000007,16
7461,338924.0,1.3,-0.1,-3.6,0.30000000000000004,2.1,5.9,18.900000000000002,-4.7,-9.0,16
7462,338941.0,1.3,0.0,-3.5,0.30000000000000004,2.2,6.0,15.299999999999999,-5.500000000000001,-11.8,16
7463,338961.0,1.2000000000000002,0.2,-3.1,0.2,2.5,6.4,5.9,-8.0,-19.200000000000003,16
7464,338974.0,1.0,0.4,-2.4000000000000004,0.0,2.7,7.1000000000000005,-3.9,-8.100000000000001,-28.400000000000002,16
7465,338994.0,0.7000000000000001,0.4,-1.9000000000000001,-0.4,2.7,7.7,-12.7,-5.7,-36.400000000000006,16
7466,339008.0,0.5,0.6000000000000001,-1.4000000000000001,-0.5,2.8000000000000003,8.0,-18.5,-3.6000000000000005,-38.7,16
7467,339024.0,0.30000000000000004,0.8,-0.9,-0.7000000000000001,3.0,8.6,-29.700000000000006,-0.6000000000000001,-42.900000000000006,16
7468,339042.0,0.30000000000000004,0.9,-0.5,-0.7000000000000001,3.0,9.0,-40.6,1.4,-45.400000000000006,16
7469,339058.0,0.6000000000000001,1.0,0.7000000000000001,-0.4,2.9000000000000004,11.100000000000001,-65.0,4.800000000000001,-50.60000000000001,16
7470,339079.0,0.8,1.1,2.9000000000000004,-0.4,2.6,13.3,-79.1,14.200000000000001,-58.400000000000006,16
7471,339091.0,0.4,0.8,4.6000000000000005,-0.8,2.3000000000000003,14.200000000000001,-79.8,20.2,-61.50000000000001,16
7472,339119.0,-0.2,1.3,5.0,-1.6,2.4000000000000004,14.700000000000001,-70.7,17.400000000000002,-56.7,16
7473,339132.0,0.0,1.3,5.6000000000000005,-1.4000000000000001,2.3000000000000003,15.3,-71.30000000000001,11.3,-51.300000000000004,16
7474,339141.0,0.30000000000000004,1.2000000000000002,6.2,-1.1,2.1,15.9,-71.10000000000001,4.4,-46.1,16
7475,339162.0,0.7000000000000001,0.1,7.7,-0.7000000000000001,0.6000000000000001,17.400000000000002,-47.80000000000001,-7.699999999999999,-33.50000000000001,16
7476,339175.0,0.7000000000000001,0.2,7.7,-0.8,0.2,17.3,-29.800000000000004,-10.9,-26.700000000000003,16
7477,339193.0,0.7000000000000001,-0.6000000000000001,6.1000000000000005,-0.7000000000000001,-0.30000000000000004,15.8,14.100000000000001,-16.6,-3.0,16
7478,339209.0,1.4000000000000001,-0.5,4.5,0.1,-0.2,14.200000000000001,34.60000000000001,-21.1,11.5,16
7479,339224.0,3.2,-0.1,1.7000000000000002,1.9000000000000001,0.4,11.4,66.3,-36.8,31.3,16
7480,339241.0,3.1,-0.2,1.7000000000000002,2.4000000000000004,0.6000000000000001,10.8,75.60000000000001,-45.9,32.6,16
7481,339262.0,4.3,0.2,-1.0,3.3000000000000003,1.0,8.700000000000001,80.8,-52.7,17.300000000000004,16
7482,339276.0,4.2,0.2,-2.7,3.3000000000000003,1.4000000000000001,7.0,68.60000000000001,-40.5,-11.000000000000002,16
7483,339291.0,3.5,0.1,-3.8000000000000003,2.8000000000000003,1.5,5.9,40.4,-17.7,-44.300000000000004,16
7484,339309.0,2.8000000000000003,-0.2,-3.9000000000000004,2.1,1.2000000000000002,5.800000000000001,24.7,-6.4,-60.7,16
7485,339335.0,1.4000000000000001,-0.8,-3.6,0.1,0.5,6.2,-2.2,11.700000000000001,-89.9,16
7486,339341.0,1.4000000000000001,-0.8,-3.6,0.1,0.5,6.2,-2.2,11.700000000000001,-89.9,16
7487,339361.0,-0.7000000000000001,-1.3,-3.4000000000000004,-1.6,0.1,6.2,1.7,2.3,-82.9,16
7488,339377.0,-0.8,-1.3,-3.4000000000000004,-1.8,0.1,6.300000000000001,4.800000000000001,-3.3000000000000007,-75.3,16
7489,339391.0,-0.9,-1.2000000000000002,-3.4000000000000004,-1.9000000000000001,0.2,6.2,7.699999999999999,-7.200000000000001,-66.60000000000001,16
7490,339408.0,-0.6000000000000001,-0.9,-3.6,-1.5,0.5,6.0,11.5,-10.4,-50.0,16
7491,339424.0,-0.1,-0.30000000000000004,-3.8000000000000003,-1.0,1.1,5.800000000000001,10.200000000000001,-9.100000000000001,-40.300000000000004,16
7492,339444.0,0.2,0.1,-3.8000000000000003,-0.7000000000000001,1.5,5.9,4.0,-6.1000000000000005,-40.6,16
7493,339464.0,0.2,0.1,-3.8000000000000003,-0.7000000000000001,1.6,5.9,-0.30000000000000004,-3.4,-42.800000000000004,16
7494,339480.0,-0.1,0.5,-3.5,-1.0,1.9000000000000001,6.1000000000000005,-9.0,0.7,-46.7,16
7495,339493.0,-0.30000000000000004,0.6000000000000001,-3.2,-1.3,2.0,6.800000000000001,-23.800000000000004,7.200000000000001,-50.5,16
7496,339508.0,-0.7000000000000001,0.9,-2.1,-1.6,2.2,7.6000000000000005,-30.699999999999996,9.899999999999999,-51.4,16
7497,339526.0,-1.3,1.0,-0.8,-2.3000000000000003,2.2,8.9,-39.8,10.4,-51.70000000000001,16
7498,339541.0,-1.5,1.1,-0.2,-2.5,2.2,9.5,-42.1,10.8,-49.199999999999996,16
7499,339558.0,-1.8,1.2000000000000002,0.7000000000000001,-3.0,2.1,10.9,-38.7,11.6,-38.50000000000001,16
7500,339581.0,-1.9000000000000001,1.4000000000000001,1.6,-3.1,2.2,11.3,-27.3,16.4,-20.5,16
7501,339594.0,-1.1,1.8,1.8,-2.4000000000000004,2.5,11.5,-20.1,18.700000000000003,0.4,16
7502,339616.0,0.0,2.5,2.3000000000000003,-1.3,3.2,12.0,-18.200000000000003,15.8,11.2,16
7503,339625.0,0.5,2.8000000000000003,2.7,-0.9,3.5,12.4,-18.5,15.299999999999999,11.5,16
7504,339643.0,0.6000000000000001,3.0,2.9000000000000004,-0.8,3.6,12.600000000000001,-19.1,21.300000000000004,8.100000000000001,16
7505,339665.0,0.7000000000000001,4.2,2.6,-0.7000000000000001,4.800000000000001,12.3,-21.1,30.1,9.4,16
7506,339675.0,0.8,4.3,2.6,-0.6000000000000001,5.0,12.3,-27.5,25.4,8.4,16
7507,339691.0,1.8,3.6,4.800000000000001,0.30000000000000004,4.0,14.4,-52.300000000000004,6.600000000000001,0.7,16
7508,339708.0,2.1,2.1,7.0,0.5,2.4000000000000004,16.7,-59.699999999999996,-3.3000000000000007,-5.7,16
7509,339725.0,2.0,1.5,7.800000000000001,0.1,0.5,18.0,-39.2,-10.200000000000001,-11.4,16
7510,339741.0,1.2000000000000002,0.1,8.1,-0.30000000000000004,0.1,17.8,-15.700000000000001,-6.1000000000000005,-5.300000000000001,16
7511,339758.0,0.7000000000000001,-0.2,6.6000000000000005,-1.0,-0.2,15.0,35.599999999999994,0.2,18.900000000000002,16
7512,339776.0,0.9,0.2,1.9000000000000001,-0.7000000000000001,0.4,11.600000000000001,67.60000000000001,-4.9,45.400000000000006,16
7513,339792.0,1.3,0.5,0.30000000000000004,0.1,1.2000000000000002,9.3,74.4,-22.6,55.900000000000006,16
7514,339808.0,2.1,1.1,-1.0,0.7000000000000001,1.7000000000000002,8.700000000000001,71.10000000000001,-31.0,54.9,16
7515,339824.0,2.3000000000000003,0.9,-1.2000000000000002,1.2000000000000002,1.9000000000000001,8.3,60.900000000000006,-37.800000000000004,41.300000000000004,16
7516,339841.0,2.5,1.0,-1.5,1.3,1.9000000000000001,8.200000000000001,54.699999999999996,-34.900000000000006,31.3,16
7517,339863.0,1.7000000000000002,0.4,-1.8,0.6000000000000001,1.7000000000000002,7.9,29.300000000000004,-12.4,-4.800000000000001,16
7518,339874.0,1.6,0.4,-1.8,0.0,1.5,8.0,19.6,-6.300000000000001,-15.399999999999999,16
7519,339891.0,0.0,-0.6000000000000001,-0.9,-1.1,0.7000000000000001,8.8,7.300000000000001,2.8,-26.000000000000004,16
7520,339908.0,-0.7000000000000001,-1.0,-0.7000000000000001,-1.7000000000000002,0.30000000000000004,9.0,8.2,8.0,-26.5,16
7521,339925.0,-1.5,-1.4000000000000001,-1.2000000000000002,-2.6,0.0,8.5,16.200000000000003,14.200000000000001,-21.200000000000003,16
7522,339943.0,-1.6,-1.5,-1.5,-2.7,-0.1,8.1,23.800000000000004,16.3,-14.200000000000001,16
7523,339965.0,-1.5,-1.4000000000000001,-3.4000000000000004,-2.7,0.1,6.2,40.300000000000004,9.8,16.4,16
7524,339976.0,-1.5,-1.5,-3.4000000000000004,-2.5,0.30000000000000004,5.9,41.7,4.0,24.8,16
7525,339992.0,-0.9,-1.3,-4.1000000000000005,-1.9000000000000001,0.6000000000000001,5.300000000000001,39.599999999999994,-4.7,36.300000000000004,16
7526,340008.0,-0.4,-1.0,-4.3,-1.6,0.8,5.2,36.6,-7.1000000000000005,39.50000000000001,16
7527,340024.0,0.0,-0.8,-4.2,-1.1,1.1,5.4,29.0,-8.0,41.4,16
7528,340041.0,0.1,-0.7000000000000001,-4.1000000000000005,-1.0,1.3,5.4,24.900000000000002,-6.699999999999999,40.0,16
7529,340062.0,0.5,-0.5,-3.8000000000000003,-0.5,1.6,5.7,15.700000000000001,-1.7,32.0,16
7530,340074.0,0.6000000000000001,-0.30000000000000004,-3.4000000000000004,-0.4,1.8,6.1000000000000005,11.000000000000002,1.2000000000000002,25.300000000000004,16
7531,340093.0,0.4,-0.2,-2.8000000000000003,-0.7000000000000001,1.9000000000000001,6.7,-1.5,10.4,3.5,16
7532,340108.0,0.2,-0.2,-2.5,-0.9,2.0,7.0,-6.4,14.400000000000002,-2.4000000000000004,16
7533,340125.0,-0.1,0.1,-2.4000000000000004,-1.3,2.3000000000000003,7.1000000000000005,-15.100000000000001,24.8,-10.5,16
7534,340143.0,-0.2,0.6000000000000001,-2.4000000000000004,-1.4000000000000001,2.7,7.1000000000000005,-25.6,30.200000000000003,-16.8,16
7535,340161.0,-0.1,0.8,-2.3000000000000003,-1.4000000000000001,2.8000000000000003,7.2,-33.300000000000004,28.400000000000002,-20.2,16
7536,340174.0,0.0,1.4000000000000001,-1.6,-1.3,3.3000000000000003,7.9,-55.2,15.299999999999999,-27.700000000000003,16
7537,340191.0,0.30000000000000004,1.7000000000000002,-0.2,-0.9,3.4000000000000004,10.200000000000001,-84.4,2.6,-42.0,16
7538,340208.0,0.7000000000000001,1.6,2.2,-0.8,3.1,11.8,-97.60000000000001,4.800000000000001,-51.1,16
7539,340224.0,0.2,1.3,4.5,-1.3,2.4000000000000004,14.100000000000001,-114.6,19.0,-68.3,16
7540,340241.0,-0.30000000000000004,1.3,5.2,-1.8,2.2,14.8,-119.20000000000002,28.1,-73.30000000000001,16
7541,340259.0,-0.9,1.5,6.6000000000000005,-2.6,1.9000000000000001,16.2,-122.50000000000001,44.6,-70.6,16
7542,340278.0,-0.8,1.5,7.1000000000000005,-2.7,1.4000000000000001,17.0,-111.50000000000001,40.1,-58.0,16
7543,340293.0,-0.7000000000000001,1.2000000000000002,7.9,-2.7,0.6000000000000001,18.0,-93.3,12.100000000000001,-38.50000000000001,16
7544,340307.0,-0.5,0.4,9.5,-2.5,-0.1,19.1,-76.89999999999999,-0.5,-21.0,16
7545,340324.0,0.0,-0.1,9.8,-1.9000000000000001,-0.9,19.3,-14.200000000000001,-25.7,22.9,16
7546,340342.0,0.4,-0.30000000000000004,8.700000000000001,-1.5,-1.0,18.3,25.4,-32.5,44.9,16
7547,340360.0,1.5,0.1,4.800000000000001,-0.2,-0.5,14.4,86.7,-42.2,81.2,16
7548,340384.0,3.2,0.4,1.7000000000000002,1.5,0.2,11.3,108.0,-50.1,93.8,16
7549,340391.0,4.1000000000000005,0.8,0.30000000000000004,2.5,0.8,10.0,113.2,-54.300000000000004,94.80000000000001,16
7550,340408.0,4.6000000000000005,1.2000000000000002,-1.6,3.3000000000000003,1.6,8.1,111.70000000000002,-50.1,76.5,16
7551,340424.0,4.1000000000000005,1.2000000000000002,-3.1,2.9000000000000004,2.1,6.6000000000000005,94.4,-33.6,41.6,16
7552,340441.0,3.9000000000000004,1.2000000000000002,-3.4000000000000004,2.8000000000000003,2.2,6.300000000000001,81.50000000000001,-24.200000000000003,23.0,16
7553,340458.0,3.0,0.7000000000000001,-4.1000000000000005,1.9000000000000001,1.9000000000000001,5.6000000000000005,56.400000000000006,-8.0,-13.3,16
7554,340475.0,2.2,0.30000000000000004,-4.3,0.6000000000000001,1.5,5.2,37.800000000000004,1.2000000000000002,-40.300000000000004,16
7555,340496.0,0.5,-0.4,-4.5,-0.6000000000000001,1.2000000000000002,5.1000000000000005,27.400000000000002,1.8000000000000003,-54.4,16
7556,340509.0,0.0,-0.7000000000000001,-4.6000000000000005,-1.1,0.8,5.1000000000000005,24.5,0.4,-57.20000000000001,16
7557,340527.0,-0.6000000000000001,-0.9,-4.800000000000001,-1.7000000000000002,0.8,4.800000000000001,21.300000000000004,-3.4,-54.800000000000004,16
7558,340542.0,-0.6000000000000001,-0.9,-4.800000000000001,-1.9000000000000001,0.7000000000000001,4.800000000000001,19.799999999999997,-4.7,-52.60000000000001,16
7559,340559.0,-1.0,-0.9,-4.9,-2.2,0.8,4.6000000000000005,13.100000000000001,-4.6,-47.60000000000001,16
7560,340583.0,-1.4000000000000001,-0.9,-4.9,-2.6,0.8,4.7,-4.0,-0.4,-40.1,16
7561,340593.0,-1.5,-0.9,-4.7,-2.7,0.7000000000000001,4.9,-10.9,2.9,-38.300000000000004,16
7562,340608.0,-1.6,-1.0,-4.3,-2.8000000000000003,0.6000000000000001,5.300000000000001,-17.6,7.500000000000001,-36.6,16
7563,340625.0,-1.7000000000000002,-1.1,-3.6,-2.9000000000000004,0.5,6.0,-28.900000000000002,18.1,-32.2,16
7564,340641.0,-1.6,-1.0,-3.6,-3.1,0.5,6.300000000000001,-33.0,22.8,-29.600000000000005,16
7565,340658.0,-1.9000000000000001,-1.0,-2.2,-3.3000000000000003,0.4,7.4,-39.300000000000004,28.600000000000005,-22.5,16
7566,340678.0,-1.9000000000000001,-1.0,-0.8,-3.4000000000000004,0.30000000000000004,8.8,-40.6,26.799999999999997,-12.7,16
7567,340695.0,-1.7000000000000002,-0.9,0.0,-3.1,0.2,10.200000000000001,-33.300000000000004,20.2,1.0,16
7568,340715.0,-1.0,-0.5,1.6,-2.6,0.5,11.200000000000001,-24.200000000000003,5.500000000000001,14.900000000000002,16
7569,340725.0,-0.4,-0.2,2.2,-2.1,0.7000000000000001,11.8,-22.8,-0.6000000000000001,19.6,16
7570,340741.0,-0.1,0.0,2.5,-1.7000000000000002,0.9,12.200000000000001,-24.1,-0.8,21.500000000000004,16
7571,340758.0,0.5,0.8,3.0,-1.2000000000000002,1.7000000000000002,12.600000000000001,-30.200000000000003,20.5,16.4,16
7572,340777.0,0.30000000000000004,1.6,2.2,-1.5,2.4000000000000004,11.8,-40.0,55.0,5.7,16
7573,340793.0,-0.5,2.6,0.8,-2.5,3.2,10.4,-60.400000000000006,69.80000000000001,-4.5,16
7574,340808.0,-0.9,3.1,0.8,-3.0,3.6,10.4,-76.80000000000001,67.4,-8.4,16
7575,340825.0,-1.3,3.1,3.4000000000000004,-3.6,3.3000000000000003,12.9,-106.70000000000002,42.7,-16.200000000000003,16
7576,340842.0,-1.5,2.8000000000000003,5.0,-3.9000000000000004,2.9000000000000004,14.5,-110.4,35.0,-17.5,16
7577,340858.0,-2.3000000000000003,1.7000000000000002,8.4,-4.7,1.3,17.900000000000002,-104.00000000000001,9.8,-11.8,16
7578,340876.0,-2.9000000000000004,1.2000000000000002,9.600000000000001,-5.4,0.6000000000000001,19.0,-55.3,2.1,23.2,16
7579,340894.0,-1.7000000000000002,1.7000000000000002,6.6000000000000005,-4.2,1.0,16.1,13.8,-9.2,76.3,16
7580,340908.0,-0.7000000000000001,2.2,3.7,-3.2,1.5,13.200000000000001,40.5,-18.4,94.80000000000001,16
7581,340924.0,0.2,2.5,1.1,-2.2,2.0,10.600000000000001,63.70000000000001,-34.7,110.70000000000002,16
7582,340944.0,0.9,2.7,0.1,-1.4000000000000001,2.5,9.600000000000001,58.400000000000006,-41.300000000000004,106.9,16
7583,340959.0,0.8,2.5,0.0,-1.3,2.6,9.600000000000001,52.300000000000004,-41.900000000000006,100.2,16
7584,340979.0,0.8,2.1,0.1,-1.2000000000000002,2.4000000000000004,9.700000000000001,42.1,-37.50000000000001,84.2,16
7585,340992.0,0.6000000000000001,1.9000000000000001,0.1,-1.4000000000000001,2.2,9.700000000000001,38.800000000000004,-34.0,77.1,16
7586,341014.0,0.2,1.1,0.5,-1.6,1.7000000000000002,10.100000000000001,37.800000000000004,-28.1,58.5,16
7587,341024.0,-0.1,0.7000000000000001,0.5,-1.9000000000000001,1.3,10.100000000000001,41.6,-25.0,53.0,16
7588,341041.0,-0.30000000000000004,0.4,0.30000000000000004,-2.0,1.2000000000000002,9.9,46.7,-20.400000000000002,49.0,16
7589,341058.0,-0.8,-0.2,-0.7000000000000001,-2.5,0.7000000000000001,8.9,55.400000000000006,-10.299999999999999,46.50000000000001,16
7590,341076.0,-0.9,-0.6000000000000001,-1.3,-2.5,0.5,7.9,60.300000000000004,-4.800000000000001,51.300000000000004,16
7591,341091.0,-0.6000000000000001,-0.9,-2.2,-2.2,0.4,7.4,61.599999999999994,-3.8,54.4,16
7592,341107.0,-0.5,-1.2000000000000002,-2.3000000000000003,-1.8,0.2,6.800000000000001,64.80000000000001,-5.1000000000000005,58.800000000000004,16
7593,341124.0,-0.2,-1.4000000000000001,-2.7,-1.6,0.2,6.6000000000000005,66.5,-5.9,60.5,16
7594,341141.0,0.5,-1.6,-3.5,-1.0,0.30000000000000004,6.0,66.4,-4.6,60.5,16
7595,341158.0,0.9,-1.6,-3.8000000000000003,-0.6000000000000001,0.5,5.7,60.900000000000006,-1.4,54.50000000000001,16
7596,341176.0,1.2000000000000002,-1.8,-4.0,-0.2,0.6000000000000001,5.4,52.900000000000006,3.8,44.300000000000004,16
7597,341191.0,1.2000000000000002,-1.9000000000000001,-4.0,-0.2,0.6000000000000001,5.4,47.80000000000001,5.7,38.900000000000006,16
7598,341208.0,1.2000000000000002,-1.9000000000000001,-3.9000000000000004,-0.2,0.7000000000000001,5.4,38.0,9.899999999999999,30.799999999999997,16
7599,341224.0,1.0,-1.8,-3.9000000000000004,-0.4,0.9,5.4,29.1,14.5,23.900000000000006,16
7600,341242.0,1.0,-1.9000000000000001,-3.9000000000000004,-0.5,1.1,5.300000000000001,24.200000000000003,16.4,21.500000000000004,16
7601,341258.0,0.7000000000000001,-1.5,-4.0,-0.8,1.4000000000000001,5.2,10.1,12.5,17.200000000000003,16
7602,341274.0,1.0,-1.0,-3.4000000000000004,-0.5,1.9000000000000001,5.800000000000001,-10.1,-5.0,11.1,16
7603,341293.0,1.2000000000000002,-0.7000000000000001,-2.6,-0.2,2.3000000000000003,7.4,-29.900000000000006,-23.6,0.30000000000000004,16
7604,341309.0,1.2000000000000002,-0.5,-0.5,-0.2,2.3000000000000003,8.8,-44.9,-31.5,-8.899999999999999,16
7605,341325.0,0.9,-1.0,2.3000000000000003,-0.4,1.7000000000000002,11.700000000000001,-73.4,-23.5,-26.000000000000004,16
7606,341341.0,0.7000000000000001,-1.0,3.1,-0.6000000000000001,1.5,12.5,-81.60000000000001,-7.9,-30.699999999999996,16
7607,341359.0,0.30000000000000004,-0.7000000000000001,3.9000000000000004,-1.0,1.6,13.3,-83.00000000000001,21.400000000000002,-30.9,16
7608,341375.0,0.2,0.2,3.9000000000000004,-1.2000000000000002,2.1,13.4,-84.80000000000001,26.700000000000003,-29.600000000000005,16
7609,341394.0,0.0,0.30000000000000004,4.9,-1.5,2.0,14.4,-92.8,20.900000000000002,-31.0,16
7610,341408.0,-0.30000000000000004,0.30000000000000004,5.5,-1.8,1.7000000000000002,15.100000000000001,-94.0,17.1,-30.799999999999997,16
7611,341424.0,-0.9,-0.1,6.300000000000001,-2.5,1.0,16.0,-83.80000000000001,14.400000000000002,-20.8,16
7612,341442.0,-0.9,-0.1,6.4,-2.5,0.9,16.0,-71.10000000000001,14.0,-7.0,16
7613,341458.0,-0.2,0.30000000000000004,5.5,-1.8,1.1,15.100000000000001,-33.400000000000006,0.7,29.900000000000006,16
7614,341475.0,1.6,0.9,3.7,0.0,1.6,13.4,6.2,-28.0,59.20000000000001,16
7615,341491.0,2.5,1.1,2.6,1.0,2.0,12.3,30.4,-43.70000000000001,67.7,16
7616,341508.0,3.7,1.6,0.7000000000000001,2.3000000000000003,2.5,10.4,37.300000000000004,-43.70000000000001,65.2,16
7617,341524.0,4.1000000000000005,1.8,-0.6000000000000001,2.8000000000000003,2.8000000000000003,9.0,39.9,-34.60000000000001,47.7,16
7618,341541.0,4.0,1.7000000000000002,-0.6000000000000001,2.9000000000000004,3.0,8.5,36.300000000000004,-27.099999999999998,35.5,16
7619,341559.0,3.8000000000000003,1.8,-1.9000000000000001,2.6,3.0,7.4,21.6,-12.0,5.4,16
7620,341578.0,3.1,1.5,-2.5,1.6,2.7,7.1000000000000005,6.0,-0.6000000000000001,-21.7,16
7621,341595.0,1.5,0.8,-2.5,0.5,2.1,7.2,-1.2000000000000002,3.6000000000000005,-39.1,16
7622,341615.0,0.6000000000000001,0.30000000000000004,-2.4000000000000004,-0.5,1.6,7.300000000000001,1.6,0.1,-44.4,16
7623,341625.0,0.6000000000000001,0.30000000000000004,-2.4000000000000004,-0.9,1.5,7.300000000000001,4.9,-2.6,-42.7,16
7624,341641.0,0.2,0.2,-2.4000000000000004,-0.9,1.3,7.4,8.600000000000001,-5.2,-40.300000000000004,16
7625,341658.0,0.2,0.0,-2.3000000000000003,-0.9,1.3,7.300000000000001,14.700000000000001,-4.6,-34.900000000000006,16
7626,341676.0,0.30000000000000004,0.1,-2.7,-0.8,1.5,6.9,16.200000000000003,2.1,-34.400000000000006,16
7627,341693.0,0.30000000000000004,0.0,-3.1,-0.8,1.4000000000000001,6.6000000000000005,12.299999999999999,13.000000000000002,-36.8,16
7628,341708.0,0.2,0.0,-3.3000000000000003,-1.0,1.4000000000000001,6.300000000000001,9.700000000000001,17.799999999999997,-38.2,16
7629,341726.0,-0.2,0.0,-3.4000000000000004,-1.4000000000000001,1.4000000000000001,6.2,0.9000000000000001,22.1,-38.400000000000006,16
7630,341744.0,-0.30000000000000004,0.0,-3.0,-1.6,1.4000000000000001,6.6000000000000005,-5.500000000000001,21.300000000000004,-35.8,16
7631,341758.0,-0.30000000000000004,0.0,-2.8000000000000003,-1.7000000000000002,1.4000000000000001,6.800000000000001,-8.5,20.1,-32.7,16
7632,341777.0,-0.2,0.2,-2.1,-1.7000000000000002,1.5,7.5,-13.3,19.799999999999997,-26.700000000000003,16
7633,341795.0,-0.4,0.4,-1.3,-2.0,1.6,8.3,-15.700000000000001,22.3,-21.8,16
7634,341807.0,-0.5,0.5,-0.8,-2.1,1.8,8.8,-15.899999999999999,22.000000000000004,-18.900000000000002,16
7635,341825.0,-0.8,0.8,0.30000000000000004,-2.5,2.0,9.8,-18.1,12.299999999999999,-12.299999999999999,16
7636,341844.0,-0.5,0.7000000000000001,1.9000000000000001,-2.2,1.8,11.5,-20.3,2.0,-0.8,16
7637,341858.0,-0.30000000000000004,0.8,2.4000000000000004,-2.0,1.9000000000000001,12.0,-18.200000000000003,0.4,5.500000000000001,16
7638,341878.0,0.4,1.2000000000000002,3.1,-1.3,2.2,12.700000000000001,-11.1,3.9,13.3,16
7639,341893.0,0.8,1.5,3.1,-0.8,2.8000000000000003,12.5,-7.400000000000001,15.299999999999999,12.0,16
7640,341908.0,0.9,2.3000000000000003,2.6,-0.8,3.3000000000000003,12.200000000000001,-9.600000000000001,20.400000000000002,8.2,16
7641,341924.0,0.4,2.9000000000000004,3.0,-1.5,3.8000000000000003,12.5,-25.6,25.7,-4.5,16
7642,341942.0,0.4,2.9000000000000004,3.0,-2.0,3.4000000000000004,14.100000000000001,-36.9,27.400000000000002,-9.899999999999999,16
7643,341958.0,-0.2,2.4000000000000004,5.1000000000000005,-2.2,3.2,14.700000000000001,-51.6,31.6,-13.100000000000001,16
7644,341974.0,-0.4,1.5,6.5,-2.5,2.1,16.0,-44.2,20.900000000000002,-5.4,16
7645,341992.0,-0.30000000000000004,0.7000000000000001,6.5,-2.4000000000000004,1.2000000000000002,16.1,-9.3,2.6,17.9,16
7646,342010.0,0.0,0.5,5.6000000000000005,-2.2,1.0,15.200000000000001,13.8,-6.600000000000001,32.5,16
7647,342024.0,0.5,0.7000000000000001,2.6,-1.6,1.3,12.100000000000001,51.800000000000004,-17.200000000000003,54.300000000000004,16
7648,342045.0,0.7000000000000001,1.2000000000000002,-0.4,-1.3,2.0,9.200000000000001,61.10000000000001,-19.400000000000002,62.199999999999996,16
7649,342057.0,0.7000000000000001,1.1,-0.4,-1.2000000000000002,2.2,8.5,56.300000000000004,-20.3,62.1,16
7650,342076.0,1.0,1.5,-1.7000000000000002,-0.9,2.6,7.800000000000001,38.400000000000006,-25.4,55.60000000000001,16
7651,342091.0,0.8,1.4000000000000001,-1.4000000000000001,-0.9,2.6,8.1,23.5,-31.7,41.50000000000001,16
7652,342107.0,0.4,1.0,-0.9,-1.3,2.4000000000000004,8.6,18.1,-32.7,33.2,16
7653,342124.0,-0.30000000000000004,0.5,-0.5,-1.8,1.9000000000000001,9.1,12.100000000000001,-26.400000000000006,22.5,16
7654,342143.0,-1.0,0.1,-0.30000000000000004,-2.5,1.5,9.200000000000001,10.600000000000001,-14.900000000000002,17.9,16
7655,342158.0,-1.3,-0.2,-0.4,-2.8000000000000003,1.3,9.200000000000001,10.600000000000001,-9.3,18.200000000000003,16
7656,342177.0,-1.8,-0.6000000000000001,-0.7000000000000001,-3.3000000000000003,0.9,8.9,14.300000000000002,1.9,26.5,16
7657,342192.0,-1.9000000000000001,-0.6000000000000001,-1.4000000000000001,-3.4000000000000004,1.0,8.200000000000001,20.400000000000002,6.0,37.400000000000006,16
7658,342209.0,-1.7000000000000002,-0.8,-2.0,-3.2,0.8,7.5,25.6,5.1000000000000005,44.5,16
7659,342226.0,-1.1,-0.5,-2.7,-2.6,1.3,6.800000000000001,32.7,-3.6000000000000005,62.1,16
7660,342241.0,-1.0,-0.5,-2.9000000000000004,-2.4000000000000004,1.3,6.6000000000000005,34.400000000000006,-9.600000000000001,66.60000000000001,16
7661,342257.0,-0.8,-0.6000000000000001,-3.1,-1.9000000000000001,1.5,6.300000000000001,35.699999999999996,-16.5,71.6,16
7662,342276.0,-0.2,-0.30000000000000004,-3.3000000000000003,-1.4000000000000001,1.8,6.2,31.3,-13.6,72.0,16
7663,342291.0,-0.1,-0.30000000000000004,-3.1,-1.3,2.0,6.4,27.5,-11.1,70.3,16
7664,342309.0,-0.1,-0.2,-2.4000000000000004,-1.2000000000000002,2.1,7.0,22.1,-6.300000000000001,65.7,16
7665,342324.0,-0.30000000000000004,0.0,-1.8,-1.3,2.4000000000000004,7.7,22.6,-4.2,61.50000000000001,16
7666,342341.0,-0.30000000000000004,0.0,-1.6,-1.3,2.4000000000000004,7.800000000000001,25.1,-3.9,60.900000000000006,16
7667,342358.0,-0.30000000000000004,0.0,-1.5,-1.2000000000000002,2.7,8.0,30.200000000000003,-2.2,61.0,16
7668,342376.0,-0.30000000000000004,0.5,-1.4000000000000001,-1.2000000000000002,3.2,8.0,33.400000000000006,1.9,58.800000000000004,16
7669,342395.0,-0.30000000000000004,0.8,-1.4000000000000001,-1.2000000000000002,3.6,8.0,25.5,6.8,54.699999999999996,16
7670,342408.0,-0.2,0.8,-0.9,-1.0,3.7,8.4,16.4,8.0,51.300000000000004,16
7671,342425.0,0.0,0.8,0.7000000000000001,-0.7000000000000001,3.8000000000000003,10.0,2.2,8.3,43.00000000000001,16
7672,342450.0,0.2,1.0,2.1,-0.6000000000000001,4.0,11.5,-1.8000000000000003,13.3,33.400000000000006,16
7673,342457.0,0.2,1.0,2.4000000000000004,-0.6000000000000001,4.0,11.8,-0.9000000000000001,15.899999999999999,24.900000000000002,16
7674,342480.0,0.0,1.2000000000000002,2.5,-0.8,4.1000000000000005,11.8,3.3000000000000007,26.400000000000006,14.0,16
7675,342495.0,-0.1,1.2000000000000002,2.4000000000000004,-1.2000000000000002,4.3,11.9,-8.600000000000001,33.2,10.600000000000001,16
7676,342508.0,-0.30000000000000004,1.6,3.1,-1.2000000000000002,4.5,12.4,-19.0,31.5,10.4,16
7677,342524.0,0.1,1.0,4.6000000000000005,-1.0,3.9000000000000004,13.9,-37.50000000000001,26.700000000000003,6.600000000000001,16
7678,342542.0,0.30000000000000004,0.7000000000000001,5.1000000000000005,-0.8,3.5,14.5,-43.50000000000001,25.1,3.3000000000000007,16
7679,342558.0,0.30000000000000004,0.4,6.0,-0.8,2.8000000000000003,15.700000000000001,-41.300000000000004,24.599999999999998,6.2,16
7680,342576.0,0.8,-0.30000000000000004,6.1000000000000005,-0.5,2.2,15.5,-19.5,30.599999999999998,24.3,16
7681,342592.0,1.5,-0.8,5.5,0.7000000000000001,1.7000000000000002,14.3,27.2,20.1,50.3,16
7682,342607.0,2.5,-0.1,3.6,1.2000000000000002,2.5,13.0,46.300000000000004,-4.5,54.800000000000004,16
7683,342631.0,3.8000000000000003,0.9,1.4000000000000001,2.6,3.7,10.700000000000001,72.10000000000001,-31.400000000000002,49.4,16
7684,342641.0,4.2,1.1,0.6000000000000001,3.0,4.0,9.9,72.10000000000001,-51.1,39.1,16
7685,342657.0,4.2,1.2000000000000002,-0.2,3.2,4.6000000000000005,8.6,60.900000000000006,-70.0,19.799999999999997,16
7686,342674.0,3.6,1.5,-1.2000000000000002,2.9000000000000004,4.800000000000001,8.0,39.1,-56.400000000000006,-3.6000000000000005,16
7687,342691.0,2.8000000000000003,1.1,-1.4000000000000001,1.9000000000000001,4.4,7.7,21.6,-29.600000000000005,-21.7,16
7688,342708.0,1.9000000000000001,0.9,-1.3,1.4000000000000001,4.4,7.800000000000001,14.100000000000001,-24.3,-25.5,16
7689,342724.0,2.6,1.4000000000000001,0.6000000000000001,2.2,4.9,9.700000000000001,3.2,-35.2,-21.900000000000002,16
7690,342743.0,3.7,0.8,1.4000000000000001,3.4000000000000004,4.3,10.600000000000001,8.4,-71.10000000000001,-17.400000000000002,16
7691,342758.0,3.9000000000000004,0.5,1.2000000000000002,3.7,4.1000000000000005,10.4,15.399999999999999,-79.3,-20.400000000000002,16
7692,342779.0,3.7,-0.1,0.8,3.7,3.5,10.0,39.400000000000006,-53.300000000000004,-40.800000000000004,16
7693,342795.0,0.9,-2.3000000000000003,0.7000000000000001,1.0,1.5,9.8,70.2,-14.600000000000001,-63.599999999999994,16
7694,342807.0,1.1,-1.8,-0.30000000000000004,1.1,2.0,8.700000000000001,80.30000000000001,35.4,-61.8,16
7695,342824.0,1.1,-1.2000000000000002,-0.7000000000000001,1.6,4.2,7.5,93.7,96.4,-52.2,16
7696,342842.0,2.7,0.0,-1.5,2.1,4.4,7.300000000000001,100.1,77.1,-47.3,16
7697,342857.0,2.8000000000000003,-0.2,-1.4000000000000001,1.7000000000000002,4.1000000000000005,6.5,94.9,37.0,-44.4,16
7698,342874.0,1.9000000000000001,-1.0,-3.7,1.0,3.8000000000000003,4.800000000000001,67.2,-14.0,-44.2,16
7699,342895.0,1.6,-1.3,-2.9000000000000004,0.7000000000000001,3.7,5.5,38.0,-28.400000000000002,-47.80000000000001,16
7700,342909.0,1.8,-2.0,-1.4000000000000001,0.9,3.1,7.0,23.800000000000004,-49.300000000000004,-48.800000000000004,16
7701,342925.0,1.6,-2.6,0.0,0.8,2.5,8.4,3.5,-75.9,-49.9,16
7702,342941.0,1.6,-2.6,0.0,1.0,2.3000000000000003,8.4,10.200000000000001,-49.50000000000001,-51.1,16
7703,342964.0,2.0,-1.6,-1.0,1.2000000000000002,3.5,7.300000000000001,49.800000000000004,26.200000000000003,-43.300000000000004,16
7704,342974.0,2.1,-1.5,-1.5,1.2000000000000002,3.7,6.7,56.0,9.700000000000001,-44.4,16
7705,342994.0,1.9000000000000001,-1.7000000000000002,-1.5,0.9,3.7,6.7,52.00000000000001,-31.9,-48.9,16
7706,343008.0,1.7000000000000002,-1.9000000000000001,-0.7000000000000001,0.7000000000000001,3.6,7.4,44.8,-39.0,-53.50000000000001,16
7707,343025.0,1.5,-2.0,-0.4,0.30000000000000004,3.8000000000000003,8.0,33.7,-29.1,-60.300000000000004,16
7708,343041.0,1.3,-1.7000000000000002,0.0,0.2,4.2,8.0,31.400000000000002,-18.1,-58.800000000000004,16
7709,343064.0,0.4,-0.4,-1.4000000000000001,-0.7000000000000001,5.300000000000001,6.5,20.1,29.600000000000005,-50.8,16
7710,343074.0,-0.2,-0.30000000000000004,-1.4000000000000001,-1.4000000000000001,5.4,6.5,2.0,36.1,-44.2,16
7711,343091.0,-1.9000000000000001,-0.30000000000000004,-2.1,-3.2,5.4,5.800000000000001,-23.5,76.7,-20.599999999999998,16
7712,343107.0,-0.4,-0.4,-0.1,-1.9000000000000001,5.2,7.800000000000001,-39.599999999999994,106.70000000000002,-7.400000000000001,16
7713,343125.0,-0.30000000000000004,0.4,0.0,-2.0,5.9,8.0,-61.7,28.500000000000004,10.1,16
7714,343141.0,0.0,0.6000000000000001,0.1,-1.9000000000000001,6.0,8.1,-63.30000000000001,0.9000000000000001,13.8,16
7715,343164.0,0.4,0.2,0.4,-1.4000000000000001,5.4,8.9,-46.7,-21.400000000000002,12.5,16
7716,343180.0,0.30000000000000004,0.6000000000000001,0.8,-1.4000000000000001,5.7,9.0,-43.50000000000001,-28.500000000000004,9.4,16
7717,343191.0,0.5,1.0,1.3,-1.1,6.0,9.600000000000001,-38.900000000000006,-42.800000000000004,2.4000000000000004,16
7718,343207.0,0.30000000000000004,0.6000000000000001,1.7000000000000002,-1.3,5.5,10.100000000000001,-37.50000000000001,-31.799999999999997,0.1,16
7719,343224.0,-0.5,0.1,1.2000000000000002,-2.0,5.0,9.600000000000001,-23.3,13.8,-4.6,16
7720,343244.0,-1.1,-0.1,0.0,-2.7,4.7,8.5,-4.1,25.1,-10.299999999999999,16
7721,343273.0,-1.1,-0.2,-0.9,-2.6,4.5,7.4,3.2,1.6,-12.299999999999999,16
7722,343291.0,-0.8,-0.30000000000000004,-1.1,-2.4000000000000004,4.4,7.300000000000001,-13.399999999999999,-10.0,-10.299999999999999,16
7723,343307.0,-0.5,-0.4,-1.1,-2.1,4.3,7.4,-19.700000000000003,-6.699999999999999,-9.899999999999999,16
7724,343326.0,-0.6000000000000001,-0.8,-0.8,-2.2,3.8000000000000003,7.7,-24.3,2.9,-9.8,16
7725,343344.0,-0.30000000000000004,-0.6000000000000001,-1.2000000000000002,-1.9000000000000001,4.0,7.300000000000001,-7.200000000000001,10.9,-2.9,16
7726,343369.0,0.6000000000000001,0.0,-2.1,-1.1,4.6000000000000005,6.4,17.6,4.800000000000001,5.4,16
7727,343376.0,0.8,0.2,-2.5,-0.9,4.800000000000001,6.0,23.700000000000003,-1.6,6.4,16
7728,343395.0,1.0,0.4,-3.0,-0.6000000000000001,5.1000000000000005,5.300000000000001,19.5,-12.4,3.1,16
7729,343415.0,0.9,0.4,-3.2,-0.7000000000000001,5.2,5.2,15.6,-14.5,-2.4000000000000004,16
7730,343425.0,0.9,0.4,-3.2,-0.5,5.4,5.7,12.7,-18.8,-6.600000000000001,16
7731,343441.0,1.1,0.6000000000000001,-2.8000000000000003,-0.5,5.5,6.1000000000000005,7.0,-23.5,-7.500000000000001,16
7732,343464.0,1.4000000000000001,1.1,-1.0,-0.1,5.9,7.4,-0.2,2.5,-10.8,16
7733,343474.0,1.3,1.2000000000000002,-1.0,-0.2,6.0,7.4,4.5,6.9,-11.4,16
7734,343494.0,1.2000000000000002,1.7000000000000002,-0.8,-0.4,6.5,7.6000000000000005,24.8,-7.0,-16.200000000000003,16
7735,343508.0,1.3,2.0,-1.1,-0.30000000000000004,6.800000000000001,7.300000000000001,38.50000000000001,-16.6,-22.4,16
7736,343524.0,0.8,2.2,-2.2,-0.8,7.1000000000000005,6.1000000000000005,43.800000000000004,-30.3,-34.50000000000001,16
7737,343541.0,0.4,2.0,-2.5,-1.1,7.1000000000000005,5.7,34.50000000000001,-32.400000000000006,-38.7,16
7738,343557.0,-0.1,1.8,-2.6,-1.6,6.9,5.7,28.0,-31.0,-40.1,16
7739,343574.0,-0.1,1.8,-2.6,-2.4000000000000004,6.7,7.6000000000000005,28.0,-31.0,-40.1,16
7740,343591.0,-0.5,2.1,1.1,-2.0,7.1000000000000005,9.4,-36.6,-27.2,-31.9,16
7741,343614.0,-0.8,2.1,2.9000000000000004,-2.2,7.0,11.3,-30.200000000000003,-41.7,-35.599999999999994,16
7742,343624.0,-0.8,2.1,3.6,-2.2,6.9,12.0,-20.3,-43.70000000000001,-38.800000000000004,16
7743,343641.0,-0.7000000000000001,2.0,3.6,-2.1,6.800000000000001,12.0,-8.4,-41.6,-39.599999999999994,16
7744,343657.0,-0.2,1.7000000000000002,3.1,-1.2000000000000002,6.1000000000000005,11.200000000000001,7.6,-27.400000000000002,-35.2,16
7745,343674.0,0.7000000000000001,0.6000000000000001,2.5,-0.7000000000000001,5.4,10.9,6.500000000000001,-15.299999999999999,-26.9,16
7746,343691.0,0.30000000000000004,0.9,2.5,-1.1,5.800000000000001,10.9,-0.1,-4.300000000000001,-13.700000000000001,16
7747,343707.0,0.4,1.1,2.2,-0.9,5.800000000000001,10.700000000000001,-0.4,-1.6,-6.1000000000000005,16
7748,343724.0,0.9,0.6000000000000001,1.4000000000000001,-0.4,5.300000000000001,9.9,5.6,-4.4,-2.3,16
7749,343740.0,0.9,0.6000000000000001,1.4000000000000001,-0.1,5.0,9.5,9.100000000000001,-9.3,-6.600000000000001,16
7750,343757.0,1.6,-0.6000000000000001,0.6000000000000001,0.5,3.7,9.0,6.500000000000001,-30.1,-19.700000000000003,16
7751,343774.0,1.9000000000000001,-2.0,0.8,0.6000000000000001,2.8000000000000003,9.3,-11.700000000000001,-42.7,-25.1,16
7752,343790.0,1.8,-1.8,0.8,0.7000000000000001,2.9000000000000004,9.3,-25.300000000000004,-24.3,-12.299999999999999,16
7753,343807.0,1.8,-1.3,0.5,0.6000000000000001,3.4000000000000004,9.0,-26.000000000000004,-7.9,-3.4,16
7754,343824.0,1.7000000000000002,-0.1,-0.2,0.6000000000000001,4.6000000000000005,8.4,-16.700000000000003,13.5,5.0,16
7755,343846.0,1.8,0.4,-0.6000000000000001,0.5,5.2,7.4,-1.4,-5.4,-5.1000000000000005,16
