,ms,abs,alpha,beta,gamma
0,102.0,False,89.10000000000001,12.9,3.6
1,120.0,False,89.10000000000001,13.0,3.7
2,154.0,False,89.10000000000001,13.0,3.6
3,186.0,False,89.0,13.100000000000001,3.5
4,228.0,False,89.10000000000001,13.100000000000001,3.4000000000000004
5,239.0,False,89.10000000000001,13.100000000000001,3.3000000000000003
6,253.0,False,89.10000000000001,13.0,3.3000000000000003
7,286.0,False,89.10000000000001,12.8,3.3000000000000003
8,303.0,False,89.0,12.8,3.3000000000000003
9,353.0,False,88.7,12.8,3.4000000000000004
10,404.0,False,88.5,12.8,3.5
11,453.0,False,88.30000000000001,12.9,3.4000000000000004
12,486.0,False,88.2,12.9,3.5
13,503.0,False,88.10000000000001,12.9,3.6
14,523.0,False,88.10000000000001,12.9,3.7
15,537.0,False,88.10000000000001,12.9,3.6
16,555.0,False,88.0,12.8,3.5
17,586.0,False,88.0,12.700000000000001,3.6
18,603.0,False,88.0,12.600000000000001,3.7
19,620.0,False,87.9,12.5,3.7
20,670.0,False,87.7,12.5,3.7
21,736.0,False,87.60000000000001,12.4,3.6
22,753.0,False,87.60000000000001,12.4,3.5
23,803.0,False,87.60000000000001,12.200000000000001,3.5
24,821.0,False,87.7,12.100000000000001,3.6
25,853.0,False,87.7,12.0,3.6
26,869.0,False,87.7,12.0,3.5
27,953.0,False,87.7,12.100000000000001,3.5
28,1020.0,False,87.80000000000001,12.200000000000001,3.4000000000000004
29,1053.0,False,87.9,12.100000000000001,3.3000000000000003
30,1069.0,False,88.0,12.0,3.3000000000000003
31,1086.0,False,88.10000000000001,12.0,3.3000000000000003
32,1103.0,False,88.10000000000001,12.0,3.2
33,1169.0,False,88.2,12.0,3.1
34,1186.0,False,88.2,12.0,3.0
35,1220.0,False,88.2,12.100000000000001,3.1
36,1253.0,False,88.30000000000001,12.100000000000001,3.1
37,1269.0,False,88.30000000000001,12.100000000000001,3.0
38,1303.0,False,88.4,12.100000000000001,2.8000000000000003
39,1320.0,False,88.5,12.0,2.8000000000000003
40,1336.0,False,88.60000000000001,12.0,2.7
41,1353.0,False,88.60000000000001,11.9,2.6
42,1370.0,False,88.80000000000001,11.9,2.4000000000000004
43,1386.0,False,88.9,11.8,2.1
44,1403.0,False,88.9,11.8,2.0
45,1420.0,False,89.0,11.700000000000001,1.6
46,1436.0,False,89.10000000000001,11.700000000000001,1.3
47,1470.0,False,89.10000000000001,11.9,1.1
48,1486.0,False,89.2,12.0,1.2000000000000002
49,1504.0,False,89.2,12.100000000000001,1.3
50,1520.0,False,89.2,12.200000000000001,1.4000000000000001
51,1553.0,False,89.2,12.4,1.3
52,1570.0,False,89.30000000000001,12.5,1.2000000000000002
53,1586.0,False,89.30000000000001,12.5,1.0
54,1620.0,False,89.4,12.4,0.8
55,1653.0,False,89.4,12.200000000000001,0.7000000000000001
56,1686.0,False,89.4,12.0,0.9
57,1736.0,False,89.5,11.9,1.1
58,1769.0,False,89.5,12.0,1.2000000000000002
59,1786.0,False,89.5,12.100000000000001,1.2000000000000002
60,1803.0,False,89.5,12.200000000000001,1.1
61,1819.0,False,89.5,12.200000000000001,1.0
62,1853.0,False,89.5,12.3,0.8
63,1903.0,False,89.4,12.5,0.7000000000000001
64,1936.0,False,89.30000000000001,12.600000000000001,0.6000000000000001
65,1953.0,False,89.30000000000001,12.5,0.5
66,1969.0,False,89.2,12.5,0.5
67,2003.0,False,89.10000000000001,12.3,0.6000000000000001
68,2038.0,False,89.0,12.3,0.7000000000000001
69,2069.0,False,88.80000000000001,12.3,0.8
70,2087.0,False,88.7,12.3,0.8
71,2104.0,False,88.60000000000001,12.4,1.0
72,2124.0,False,88.60000000000001,12.4,1.1
73,2136.0,False,88.60000000000001,12.4,1.2000000000000002
74,2154.0,False,88.5,12.4,1.2000000000000002
75,2255.0,False,88.5,12.3,1.4000000000000001
76,2371.0,False,88.30000000000001,12.3,1.4000000000000001
77,2388.0,False,88.30000000000001,12.3,1.2000000000000002
78,2403.0,False,88.2,12.4,1.2000000000000002
79,2424.0,False,88.2,12.4,1.0
80,2453.0,False,88.0,12.5,0.9
81,2470.0,False,87.9,12.600000000000001,0.9
82,2529.0,False,87.60000000000001,12.700000000000001,0.8
83,2554.0,False,87.5,12.700000000000001,0.7000000000000001
84,2586.0,False,87.30000000000001,12.600000000000001,0.7000000000000001
85,2604.0,False,87.30000000000001,12.5,0.7000000000000001
86,2631.0,False,87.10000000000001,12.600000000000001,0.7000000000000001
87,2654.0,False,87.0,12.600000000000001,0.6000000000000001
88,2686.0,False,86.9,12.700000000000001,0.5
89,2706.0,False,86.7,12.9,0.5
90,2754.0,False,86.60000000000001,13.100000000000001,0.6000000000000001
91,2786.0,False,86.5,13.3,0.7000000000000001
92,2825.0,False,86.5,13.5,1.0
93,2836.0,False,86.5,13.700000000000001,1.3
94,2854.0,False,86.5,13.8,1.4000000000000001
95,2869.0,False,86.60000000000001,14.100000000000001,1.7000000000000002
96,2886.0,False,86.7,14.3,2.1
97,2905.0,False,86.80000000000001,14.5,2.5
98,2926.0,False,86.9,14.8,2.9000000000000004
99,2937.0,False,87.0,15.0,3.1
100,2953.0,False,87.0,15.200000000000001,3.4000000000000004
101,2971.0,False,87.2,15.5,3.8000000000000003
102,2990.0,False,87.4,15.8,4.2
103,3002.0,False,87.5,15.9,4.4
104,3020.0,False,87.7,16.1,4.800000000000001
105,3036.0,False,87.9,16.3,5.1000000000000005
106,3056.0,False,88.10000000000001,16.3,5.4
107,3069.0,False,88.2,16.3,5.6000000000000005
108,3089.0,False,88.4,16.3,5.800000000000001
109,3106.0,False,88.60000000000001,16.2,6.1000000000000005
110,3133.0,False,88.9,16.1,6.300000000000001
111,3153.0,False,89.10000000000001,16.0,6.4
112,3171.0,False,89.4,15.9,6.5
113,3203.0,False,89.80000000000001,15.700000000000001,6.4
114,3225.0,False,90.2,15.5,6.1000000000000005
115,3238.0,False,90.4,15.5,5.9
116,3254.0,False,90.9,15.100000000000001,5.4
117,3269.0,False,91.30000000000001,14.9,5.0
118,3286.0,False,92.0,14.200000000000001,4.1000000000000005
119,3305.0,False,92.60000000000001,13.3,3.2
120,3329.0,False,93.0,12.4,2.2
121,3336.0,False,93.2,11.9,1.8
122,3357.0,False,93.4,11.100000000000001,1.2000000000000002
123,3369.0,False,93.5,10.8,1.0
124,3387.0,False,93.60000000000001,10.4,0.7000000000000001
125,3403.0,False,93.5,10.200000000000001,0.7000000000000001
126,3425.0,False,93.4,10.100000000000001,0.9
127,3453.0,False,93.10000000000001,10.100000000000001,1.2000000000000002
128,3470.0,False,93.0,10.100000000000001,1.3
129,3487.0,False,93.0,10.0,1.4000000000000001
130,3505.0,False,92.9,9.8,1.4000000000000001
131,3538.0,False,92.80000000000001,9.600000000000001,1.4000000000000001
132,3553.0,False,92.9,9.4,1.4000000000000001
133,3604.0,False,93.10000000000001,9.3,1.5
134,3626.0,False,93.30000000000001,9.200000000000001,1.6
135,3636.0,False,93.30000000000001,9.200000000000001,1.7000000000000002
136,3656.0,False,93.5,9.200000000000001,1.8
137,3672.0,False,93.60000000000001,9.200000000000001,1.9000000000000001
138,3688.0,False,93.7,9.1,1.9000000000000001
139,3703.0,False,93.9,9.1,1.9000000000000001
140,3724.0,False,94.0,9.1,1.8
141,3739.0,False,94.2,9.0,1.7000000000000002
142,3770.0,False,94.4,8.9,1.7000000000000002
143,3825.0,False,94.7,8.9,1.8
144,3855.0,False,95.0,8.8,1.8
145,3870.0,False,95.10000000000001,8.700000000000001,1.9000000000000001
146,3886.0,False,95.30000000000001,8.6,2.0
147,3933.0,False,95.7,8.4,2.3000000000000003
148,3938.0,False,95.80000000000001,8.3,2.4000000000000004
149,3970.0,False,96.0,8.0,2.6
150,3986.0,False,96.0,8.0,2.7
151,4002.0,False,96.10000000000001,7.9,3.0
152,4020.0,False,96.2,7.9,3.1
153,4038.0,False,96.30000000000001,7.9,3.2
154,4055.0,False,96.30000000000001,7.9,3.3000000000000003
155,4069.0,False,96.30000000000001,7.9,3.4000000000000004
156,4087.0,False,96.30000000000001,7.9,3.6
157,4102.0,False,96.2,7.9,3.8000000000000003
158,4119.0,False,96.2,8.0,4.0
159,4137.0,False,96.2,8.1,4.3
160,4153.0,False,96.10000000000001,8.1,4.4
161,4169.0,False,96.10000000000001,8.1,4.6000000000000005
162,4188.0,False,96.10000000000001,8.1,4.800000000000001
163,4237.0,False,96.30000000000001,8.1,4.9
164,4280.0,False,96.5,7.9,4.800000000000001
165,4304.0,False,96.60000000000001,7.800000000000001,4.800000000000001
166,4321.0,False,96.7,7.7,4.800000000000001
167,4337.0,False,96.80000000000001,7.6000000000000005,4.800000000000001
168,4353.0,False,96.80000000000001,7.5,4.9
169,4369.0,False,96.9,7.300000000000001,4.9
170,4387.0,False,97.0,7.2,4.9
171,4421.0,False,97.0,7.0,4.9
172,4520.0,False,96.80000000000001,6.9,5.2
173,4537.0,False,96.7,6.9,5.4
174,4570.0,False,96.60000000000001,7.0,5.7
175,4588.0,False,96.5,7.1000000000000005,5.9
176,4603.0,False,96.4,7.1000000000000005,6.1000000000000005
177,4625.0,False,96.4,7.1000000000000005,6.300000000000001
178,4653.0,False,96.30000000000001,7.0,6.6000000000000005
179,4707.0,False,96.2,7.0,6.800000000000001
180,4736.0,False,96.2,6.9,7.0
181,4773.0,False,96.2,6.9,7.1000000000000005
182,4905.0,False,96.30000000000001,6.9,7.1000000000000005
183,4921.0,False,96.30000000000001,6.9,7.0
184,4970.0,False,96.4,6.9,6.800000000000001
185,5054.0,False,96.5,6.9,6.7
186,5103.0,False,96.5,6.9,6.5
187,5171.0,False,96.5,7.1000000000000005,6.300000000000001
188,5203.0,False,96.4,7.1000000000000005,6.2
189,5253.0,False,96.30000000000001,7.300000000000001,6.1000000000000005
190,5271.0,False,96.2,7.4,6.1000000000000005
191,5287.0,False,96.2,7.5,6.0
192,5322.0,False,96.10000000000001,7.7,5.9
193,5337.0,False,96.0,7.800000000000001,5.9
194,5369.0,False,95.9,8.1,5.7
195,5386.0,False,95.9,8.200000000000001,5.6000000000000005
196,5419.0,False,95.80000000000001,8.4,5.300000000000001
197,5436.0,False,95.80000000000001,8.5,5.1000000000000005
198,5453.0,False,95.80000000000001,8.6,5.0
199,5472.0,False,95.7,8.700000000000001,4.9
200,5503.0,False,95.60000000000001,9.1,4.5
201,5519.0,False,95.5,9.3,4.3
202,5537.0,False,95.4,9.600000000000001,4.1000000000000005
203,5553.0,False,95.4,9.700000000000001,3.9000000000000004
204,5570.0,False,95.30000000000001,9.9,3.7
205,5586.0,False,95.30000000000001,10.200000000000001,3.4000000000000004
206,5606.0,False,95.2,10.4,3.0
207,5638.0,False,95.2,10.600000000000001,2.7
208,5666.0,False,95.10000000000001,10.8,2.4000000000000004
209,5687.0,False,95.10000000000001,10.9,2.2
210,5703.0,False,95.10000000000001,11.100000000000001,2.0
211,5720.0,False,95.0,11.100000000000001,1.9000000000000001
212,5737.0,False,94.9,11.3,1.8
213,5787.0,False,94.80000000000001,11.600000000000001,1.5
214,5819.0,False,94.80000000000001,11.8,1.2000000000000002
215,5836.0,False,94.7,12.100000000000001,1.0
216,5856.0,False,94.7,12.4,0.8
217,5869.0,False,94.7,12.600000000000001,0.7000000000000001
218,5886.0,False,94.80000000000001,12.8,0.30000000000000004
219,5904.0,False,94.9,12.9,0.0
220,5922.0,False,94.9,12.9,-0.1
221,5938.0,False,94.9,13.100000000000001,-0.2
222,5953.0,False,94.9,13.5,-0.4
223,5970.0,False,94.9,13.700000000000001,-0.4
224,5986.0,False,94.80000000000001,14.0,-0.5
225,6003.0,False,94.80000000000001,14.3,-0.6000000000000001
226,6037.0,False,94.7,14.700000000000001,-0.9
227,6053.0,False,94.7,15.100000000000001,-1.2000000000000002
228,6071.0,False,94.60000000000001,15.5,-1.5
229,6086.0,False,94.60000000000001,15.700000000000001,-1.6
230,6103.0,False,94.5,16.0,-1.7000000000000002
231,6125.0,False,94.5,16.3,-1.8
232,6140.0,False,94.4,16.400000000000002,-1.8
233,6153.0,False,94.4,16.8,-1.9000000000000001
234,6170.0,False,94.30000000000001,17.0,-2.0
235,6189.0,False,94.30000000000001,17.3,-2.0
236,6204.0,False,94.30000000000001,17.7,-2.1
237,6222.0,False,94.30000000000001,17.900000000000002,-2.2
238,6237.0,False,94.2,18.2,-2.3000000000000003
239,6252.0,False,94.2,18.7,-2.3000000000000003
240,6270.0,False,94.10000000000001,19.1,-2.3000000000000003
241,6287.0,False,94.10000000000001,19.3,-2.3000000000000003
242,6303.0,False,94.10000000000001,19.700000000000003,-2.4000000000000004
243,6319.0,False,94.2,20.1,-2.4000000000000004
244,6336.0,False,94.2,20.200000000000003,-2.5
245,6354.0,False,94.2,20.400000000000002,-2.5
246,6369.0,False,94.30000000000001,20.6,-2.6
247,6388.0,False,94.30000000000001,20.6,-2.7
248,6402.0,False,94.4,20.8,-3.0
249,6419.0,False,94.5,20.900000000000002,-3.1
250,6453.0,False,94.60000000000001,21.0,-3.2
251,6469.0,False,94.7,21.1,-3.3000000000000003
252,6488.0,False,94.7,21.1,-3.4000000000000004
253,6521.0,False,94.80000000000001,21.400000000000002,-3.7
254,6552.0,False,94.80000000000001,21.5,-3.9000000000000004
255,6570.0,False,94.9,21.6,-4.0
256,6586.0,False,94.9,21.700000000000003,-4.0
257,6602.0,False,94.9,21.8,-4.1000000000000005
258,6621.0,False,94.80000000000001,21.900000000000002,-4.1000000000000005
259,6637.0,False,94.80000000000001,22.1,-4.1000000000000005
260,6670.0,False,94.80000000000001,22.200000000000003,-4.1000000000000005
261,6703.0,False,94.9,22.3,-4.3
262,6719.0,False,94.9,22.400000000000002,-4.3
263,6737.0,False,94.9,22.400000000000002,-4.4
264,6788.0,False,94.9,22.6,-4.6000000000000005
265,6837.0,False,95.0,22.700000000000003,-4.7
266,6870.0,False,94.9,22.8,-4.800000000000001
267,6914.0,False,94.80000000000001,22.900000000000002,-4.7
268,6987.0,False,94.7,22.900000000000002,-4.6000000000000005
269,7019.0,False,94.7,22.900000000000002,-4.5
270,7056.0,False,94.7,22.8,-4.5
271,7187.0,False,94.80000000000001,22.8,-4.5
272,7272.0,False,94.9,22.900000000000002,-4.5
273,7336.0,False,95.0,22.900000000000002,-4.6000000000000005
274,7353.0,False,95.10000000000001,22.900000000000002,-4.6000000000000005
275,7387.0,False,95.10000000000001,22.900000000000002,-4.5
276,7486.0,False,95.30000000000001,22.900000000000002,-4.5
277,7503.0,False,95.30000000000001,22.8,-4.5
278,7538.0,False,95.4,22.8,-4.6000000000000005
279,7604.0,False,95.5,22.700000000000003,-4.5
280,7620.0,False,95.5,22.6,-4.3
281,7653.0,False,95.60000000000001,22.5,-4.1000000000000005
282,7688.0,False,95.80000000000001,22.400000000000002,-4.2
283,7702.0,False,95.9,22.400000000000002,-4.5
284,7719.0,False,96.10000000000001,22.3,-4.7
285,7752.0,False,96.30000000000001,22.200000000000003,-4.800000000000001
286,7774.0,False,96.5,22.200000000000003,-4.9
287,7787.0,False,96.60000000000001,22.1,-5.0
288,7803.0,False,96.80000000000001,22.1,-5.1000000000000005
289,7819.0,False,96.9,22.0,-5.2
290,7852.0,False,97.10000000000001,21.8,-5.300000000000001
291,7869.0,False,97.2,21.700000000000003,-5.5
292,7886.0,False,97.30000000000001,21.6,-5.5
293,7910.0,False,97.5,21.3,-5.6000000000000005
294,7936.0,False,97.60000000000001,21.1,-5.7
295,7953.0,False,97.60000000000001,21.0,-5.800000000000001
296,7989.0,False,97.7,20.8,-5.800000000000001
297,8008.0,False,97.7,20.6,-5.800000000000001
298,8052.0,False,97.60000000000001,20.5,-5.9
299,8071.0,False,97.5,20.400000000000002,-5.9
300,8119.0,False,97.2,20.3,-5.7
301,8154.0,False,97.0,20.3,-5.5
302,8169.0,False,96.80000000000001,20.3,-5.4
303,8188.0,False,96.7,20.400000000000002,-5.300000000000001
304,8210.0,False,96.60000000000001,20.3,-5.2
305,8222.0,False,96.5,20.3,-5.1000000000000005
306,8236.0,False,96.4,20.200000000000003,-5.0
307,8253.0,False,96.30000000000001,20.1,-5.0
308,8286.0,False,96.2,20.0,-4.9
309,8337.0,False,96.10000000000001,19.8,-4.7
310,8371.0,False,96.0,19.5,-4.6000000000000005
311,8386.0,False,95.9,19.400000000000002,-4.5
312,8420.0,False,95.80000000000001,19.3,-4.4
313,8436.0,False,95.7,19.200000000000003,-4.3
314,8455.0,False,95.60000000000001,19.1,-4.3
315,8470.0,False,95.5,19.1,-4.3
316,8486.0,False,95.4,19.0,-4.2
317,8519.0,False,95.2,19.0,-4.2
318,8536.0,False,95.0,19.1,-4.1000000000000005
319,8571.0,False,94.80000000000001,19.0,-4.1000000000000005
320,8588.0,False,94.7,19.0,-4.1000000000000005
321,8619.0,False,94.5,18.900000000000002,-4.3
322,8636.0,False,94.4,18.7,-4.3
323,8654.0,False,94.4,18.5,-4.4
324,8673.0,False,94.30000000000001,18.1,-4.3
325,8686.0,False,94.30000000000001,18.0,-4.2
326,8710.0,False,94.30000000000001,17.6,-4.1000000000000005
327,8719.0,False,94.30000000000001,17.5,-4.1000000000000005
328,8738.0,False,94.30000000000001,17.2,-3.9000000000000004
329,8753.0,False,94.2,17.0,-3.6
330,8769.0,False,94.10000000000001,16.900000000000002,-3.5
331,8793.0,False,94.0,16.8,-3.2
332,8810.0,False,94.0,16.8,-3.1
333,8836.0,False,93.9,16.8,-3.0
334,8853.0,False,93.9,16.900000000000002,-3.0
335,8911.0,False,94.10000000000001,16.900000000000002,-3.0
336,8936.0,False,94.2,16.8,-3.0
337,8971.0,False,94.30000000000001,16.8,-3.0
338,8986.0,False,94.30000000000001,16.7,-3.0
339,9024.0,False,94.5,16.6,-2.9000000000000004
340,9037.0,False,94.5,16.5,-2.9000000000000004
341,9071.0,False,94.60000000000001,16.5,-2.9000000000000004
342,9170.0,False,94.7,16.6,-3.0
343,9236.0,False,94.7,16.5,-2.9000000000000004
344,9253.0,False,94.80000000000001,16.400000000000002,-2.9000000000000004
345,9352.0,False,94.9,16.3,-2.9000000000000004
346,9411.0,False,94.9,16.2,-2.9000000000000004
347,9570.0,False,95.10000000000001,16.1,-3.0
348,9587.0,False,95.10000000000001,16.0,-2.9000000000000004
349,9653.0,False,95.10000000000001,15.8,-2.9000000000000004
350,9704.0,False,95.0,15.8,-2.9000000000000004
351,9823.0,False,94.80000000000001,15.8,-2.9000000000000004
352,9840.0,False,94.80000000000001,15.8,-2.8000000000000003
353,9869.0,False,94.7,15.8,-2.9000000000000004
354,9973.0,False,94.60000000000001,15.8,-2.8000000000000003
355,10004.0,False,94.60000000000001,15.8,-2.7
356,10038.0,False,94.5,15.8,-2.7
357,10053.0,False,94.5,15.8,-2.6
358,10171.0,False,94.5,15.600000000000001,-2.6
359,10222.0,False,94.5,15.5,-2.7
360,10287.0,False,94.4,15.5,-2.6
361,10357.0,False,94.2,15.4,-2.5
362,10422.0,False,94.0,15.5,-2.4000000000000004
363,10456.0,False,94.0,15.5,-2.3000000000000003
364,10504.0,False,93.9,15.5,-2.2
365,10553.0,False,93.9,15.4,-2.1
366,10569.0,False,93.9,15.4,-2.2
367,10604.0,False,93.9,15.3,-2.3000000000000003
368,10624.0,False,93.9,15.3,-2.2
369,10688.0,False,93.80000000000001,15.200000000000001,-2.1
370,10769.0,False,93.80000000000001,15.100000000000001,-2.0
371,10837.0,False,93.80000000000001,15.3,-2.0
372,10939.0,False,94.0,15.3,-2.0
373,11002.0,False,94.10000000000001,15.3,-2.0
374,11020.0,False,94.2,15.200000000000001,-2.1
375,11071.0,False,94.30000000000001,15.100000000000001,-2.2
376,11089.0,False,94.30000000000001,15.0,-2.2
377,11141.0,False,94.4,14.9,-2.3000000000000003
378,11259.0,False,94.30000000000001,14.9,-2.2
379,11269.0,False,94.30000000000001,14.9,-2.3000000000000003
380,11324.0,False,94.2,15.0,-2.3000000000000003
381,11373.0,False,94.2,14.9,-2.2
382,11455.0,False,94.2,14.9,-2.1
383,11542.0,False,94.30000000000001,14.9,-2.1
384,11569.0,False,94.30000000000001,14.9,-2.2
385,11654.0,False,94.30000000000001,15.100000000000001,-2.1
386,11721.0,False,94.4,15.100000000000001,-2.2
387,11805.0,False,94.60000000000001,15.200000000000001,-2.3000000000000003
388,11837.0,False,94.60000000000001,15.200000000000001,-2.4000000000000004
389,12054.0,False,94.60000000000001,15.3,-2.3000000000000003
390,12102.0,False,94.60000000000001,15.3,-2.4000000000000004
391,12129.0,False,94.60000000000001,15.4,-2.3000000000000003
392,12454.0,False,94.80000000000001,15.4,-2.3000000000000003
393,12527.0,False,94.80000000000001,15.4,-2.4000000000000004
394,12622.0,False,94.80000000000001,15.5,-2.3000000000000003
395,12653.0,False,94.80000000000001,15.600000000000001,-2.2
396,12702.0,False,94.80000000000001,15.600000000000001,-2.3000000000000003
397,12721.0,False,94.9,15.600000000000001,-2.4000000000000004
398,12753.0,False,94.9,15.600000000000001,-2.6
399,12786.0,False,95.0,15.5,-2.6
400,12826.0,False,94.9,15.4,-2.5
401,13003.0,False,94.80000000000001,15.5,-2.3000000000000003
402,13036.0,False,94.80000000000001,15.5,-2.1
403,13054.0,False,94.80000000000001,15.5,-2.0
404,13102.0,False,95.0,15.5,-1.8
405,13124.0,False,95.10000000000001,15.5,-1.8
406,13171.0,False,95.30000000000001,15.4,-1.8
407,13202.0,False,95.5,15.4,-1.7000000000000002
408,13222.0,False,95.60000000000001,15.4,-1.7000000000000002
409,13272.0,False,95.9,15.4,-1.6
410,13302.0,False,96.10000000000001,15.3,-1.6
411,13337.0,False,96.30000000000001,15.200000000000001,-1.6
412,13369.0,False,96.5,15.200000000000001,-1.6
413,13387.0,False,96.60000000000001,15.200000000000001,-1.6
414,13403.0,False,96.80000000000001,15.100000000000001,-1.5
415,13425.0,False,96.9,15.100000000000001,-1.6
416,13454.0,False,97.10000000000001,15.100000000000001,-1.6
417,13469.0,False,97.2,15.100000000000001,-1.5
418,13490.0,False,97.30000000000001,15.100000000000001,-1.4000000000000001
419,13519.0,False,97.4,15.200000000000001,-1.3
420,13552.0,False,97.5,15.200000000000001,-1.1
421,13569.0,False,97.60000000000001,15.200000000000001,-1.0
422,13624.0,False,97.7,15.3,-0.7000000000000001
423,13638.0,False,97.80000000000001,15.3,-0.6000000000000001
424,13654.0,False,97.80000000000001,15.3,-0.5
425,13686.0,False,97.9,15.3,-0.30000000000000004
426,13702.0,False,98.0,15.3,-0.2
427,13719.0,False,98.0,15.3,-0.1
428,13737.0,False,98.10000000000001,15.3,-0.1
429,13771.0,False,98.30000000000001,15.3,0.0
430,13829.0,False,98.4,15.3,0.1
431,13852.0,False,98.5,15.4,0.2
432,13888.0,False,98.60000000000001,15.3,0.30000000000000004
433,13952.0,False,98.80000000000001,15.200000000000001,0.30000000000000004
434,13985.0,False,98.80000000000001,15.100000000000001,0.2
435,14004.0,False,98.9,15.0,0.2
436,14038.0,False,98.9,15.0,0.1
437,14055.0,False,98.9,15.0,0.2
438,14123.0,False,98.9,15.0,0.30000000000000004
439,14172.0,False,99.0,14.8,0.4
440,14186.0,False,99.10000000000001,14.8,0.4
441,14219.0,False,99.2,14.600000000000001,0.5
442,14236.0,False,99.2,14.5,0.5
443,14252.0,False,99.30000000000001,14.4,0.5
444,14287.0,False,99.4,14.200000000000001,0.4
445,14304.0,False,99.4,14.0,0.4
446,14336.0,False,99.30000000000001,13.700000000000001,0.5
447,14354.0,False,99.30000000000001,13.4,0.6000000000000001
448,14369.0,False,99.2,13.3,0.6000000000000001
449,14385.0,False,99.10000000000001,13.0,0.6000000000000001
450,14402.0,False,98.9,12.8,0.6000000000000001
451,14436.0,False,98.5,12.4,0.5
452,14452.0,False,98.2,12.200000000000001,0.4
453,14470.0,False,98.0,12.200000000000001,0.30000000000000004
454,14485.0,False,97.60000000000001,12.200000000000001,0.1
455,14504.0,False,97.10000000000001,12.200000000000001,-0.2
456,14521.0,False,96.60000000000001,12.100000000000001,-0.4
457,14538.0,False,96.30000000000001,12.0,-0.5
458,14552.0,False,95.7,11.8,-0.6000000000000001
459,14571.0,False,95.10000000000001,11.600000000000001,-0.7000000000000001
460,14585.0,False,94.7,11.4,-0.7000000000000001
461,14602.0,False,93.9,11.200000000000001,-0.7000000000000001
462,14619.0,False,93.5,11.0,-0.7000000000000001
463,14637.0,False,92.7,10.700000000000001,-0.8
464,14652.0,False,91.7,10.3,-0.8
465,14669.0,False,90.7,9.9,-0.7000000000000001
466,14687.0,False,90.2,9.8,-0.6000000000000001
467,14702.0,False,89.2,9.700000000000001,-0.4
468,14719.0,False,88.2,9.8,-0.30000000000000004
469,14738.0,False,87.60000000000001,9.9,-0.30000000000000004
470,14752.0,False,86.60000000000001,9.9,-0.2
471,14770.0,False,85.60000000000001,9.9,0.0
472,14790.0,False,85.2,9.9,0.1
473,14804.0,False,84.5,9.8,0.2
474,14821.0,False,83.80000000000001,9.600000000000001,0.2
475,14835.0,False,83.5,9.5,0.1
476,14853.0,False,83.0,9.3,-0.1
477,14869.0,False,82.5,9.0,-0.4
478,14888.0,False,82.2,8.8,-0.5
479,14902.0,False,81.7,8.5,-0.7000000000000001
480,14920.0,False,81.30000000000001,8.200000000000001,-0.7000000000000001
481,14936.0,False,81.10000000000001,8.1,-0.8
482,14952.0,False,80.60000000000001,7.9,-0.8
483,14970.0,False,80.2,7.7,-0.9
484,14987.0,False,79.80000000000001,7.5,-0.9
485,15011.0,False,79.4,7.4,-0.9
486,15020.0,False,79.2,7.300000000000001,-0.8
487,15037.0,False,78.80000000000001,7.2,-0.7000000000000001
488,15052.0,False,78.7,7.1000000000000005,-0.7000000000000001
489,15070.0,False,78.30000000000001,7.0,-0.6000000000000001
490,15086.0,False,78.0,7.0,-0.4
491,15102.0,False,77.80000000000001,7.0,-0.30000000000000004
492,15121.0,False,77.5,7.0,-0.1
493,15135.0,False,77.4,7.1000000000000005,0.0
494,15152.0,False,77.10000000000001,7.2,0.2
495,15171.0,False,76.9,7.300000000000001,0.30000000000000004
496,15185.0,False,76.60000000000001,7.4,0.30000000000000004
497,15202.0,False,76.5,7.5,0.4
498,15219.0,False,76.3,7.6000000000000005,0.4
499,15255.0,False,76.0,7.7,0.6000000000000001
500,15287.0,False,75.9,7.800000000000001,0.5
501,15302.0,False,75.8,7.800000000000001,0.5
502,15340.0,False,75.60000000000001,7.9,0.4
503,15354.0,False,75.5,7.9,0.4
504,15386.0,False,75.3,7.800000000000001,0.5
505,15403.0,False,75.3,7.800000000000001,0.6000000000000001
506,15419.0,False,75.2,7.7,0.7000000000000001
507,15453.0,False,75.0,7.7,0.8
508,15469.0,False,74.9,7.7,1.0
509,15486.0,False,74.8,7.7,1.0
510,15503.0,False,74.8,7.7,1.1
511,15646.0,False,74.60000000000001,7.5,1.1
512,15670.0,False,74.60000000000001,7.4,1.2000000000000002
513,15685.0,False,74.5,7.4,1.2000000000000002
514,15735.0,False,74.3,7.300000000000001,1.4000000000000001
515,15770.0,False,74.10000000000001,7.300000000000001,1.5
516,15788.0,False,74.10000000000001,7.300000000000001,1.6
517,15802.0,False,74.0,7.2,1.6
518,15838.0,False,73.9,7.2,1.7000000000000002
519,15852.0,False,73.8,7.1000000000000005,1.6
520,15886.0,False,73.7,7.1000000000000005,1.5
521,15920.0,False,73.60000000000001,7.0,1.4000000000000001
522,15936.0,False,73.4,7.0,1.4000000000000001
523,15953.0,False,73.3,7.0,1.4000000000000001
524,15994.0,False,73.0,6.9,1.6
525,16003.0,False,73.0,6.9,1.7000000000000002
526,16037.0,False,72.8,6.800000000000001,1.9000000000000001
527,16054.0,False,72.7,6.7,1.9000000000000001
528,16087.0,False,72.60000000000001,6.6000000000000005,1.8
529,16119.0,False,72.5,6.6000000000000005,1.8
530,16219.0,False,72.3,6.6000000000000005,1.8
531,16253.0,False,72.3,6.6000000000000005,1.9000000000000001
532,16354.0,False,72.4,6.6000000000000005,1.8
533,16407.0,False,72.60000000000001,6.7,1.7000000000000002
534,16419.0,False,72.60000000000001,6.6000000000000005,1.6
535,16452.0,False,72.7,6.6000000000000005,1.5
536,16471.0,False,72.8,6.5,1.5
537,16488.0,False,72.9,6.4,1.4000000000000001
538,16536.0,False,73.0,6.2,1.4000000000000001
539,16556.0,False,73.10000000000001,6.1000000000000005,1.4000000000000001
540,16570.0,False,73.10000000000001,6.0,1.4000000000000001
541,16612.0,False,73.0,6.0,1.6
542,16652.0,False,73.0,6.0,1.5
543,16687.0,False,73.0,6.1000000000000005,1.4000000000000001
544,16738.0,False,73.0,6.2,1.3
545,16769.0,False,73.10000000000001,6.300000000000001,1.2000000000000002
546,16787.0,False,73.10000000000001,6.300000000000001,1.1
547,16806.0,False,73.10000000000001,6.300000000000001,1.0
548,16838.0,False,73.2,6.2,0.9
549,16926.0,False,73.2,6.1000000000000005,0.7000000000000001
550,17286.0,False,73.0,6.2,0.7000000000000001
551,17306.0,False,73.10000000000001,6.1000000000000005,0.7000000000000001
552,17322.0,False,73.10000000000001,6.0,0.7000000000000001
553,17370.0,False,73.10000000000001,5.800000000000001,0.7000000000000001
554,17410.0,False,73.0,5.800000000000001,0.7000000000000001
555,17488.0,False,73.0,5.800000000000001,0.9
556,17555.0,False,73.0,5.800000000000001,0.7000000000000001
557,17604.0,False,73.0,5.800000000000001,0.5
558,17671.0,False,73.0,6.0,0.5
559,17728.0,False,72.9,5.9,0.30000000000000004
560,17789.0,False,72.9,5.9,0.5
561,17952.0,False,72.9,5.7,0.5
562,17989.0,False,72.8,5.7,0.5
563,18002.0,False,72.8,5.7,0.6000000000000001
564,18071.0,False,72.8,5.800000000000001,0.6000000000000001
565,18386.0,False,72.8,5.7,0.7000000000000001
566,18532.0,False,72.9,5.6000000000000005,0.6000000000000001
567,18553.0,False,72.8,5.7,0.5
568,18626.0,False,72.8,5.6000000000000005,0.6000000000000001
569,18686.0,False,72.8,5.6000000000000005,0.5
570,18702.0,False,72.7,5.5,0.5
571,18804.0,False,72.5,5.5,0.4
572,18869.0,False,72.3,5.6000000000000005,0.30000000000000004
573,18952.0,False,72.10000000000001,5.6000000000000005,0.30000000000000004
574,18989.0,False,72.0,5.7,0.30000000000000004
575,19152.0,False,71.9,5.6000000000000005,0.5
576,19271.0,False,72.10000000000001,5.6000000000000005,0.5
577,19403.0,False,72.3,5.6000000000000005,0.4
578,19485.0,False,72.4,5.6000000000000005,0.4
579,19659.0,False,72.5,5.6000000000000005,0.2
580,19887.0,False,72.5,5.5,0.2
581,19935.0,False,72.4,5.6000000000000005,0.2
582,19971.0,False,72.4,5.5,0.2
583,20002.0,False,72.4,5.5,0.30000000000000004
584,20037.0,False,72.4,5.6000000000000005,0.30000000000000004
585,20086.0,False,72.4,5.6000000000000005,0.2
586,20237.0,False,72.4,5.5,0.2
587,20470.0,False,72.3,5.5,0.30000000000000004
588,20488.0,False,72.4,5.5,0.2
589,20530.0,False,72.3,5.6000000000000005,0.1
590,20537.0,False,72.3,5.5,0.1
591,20552.0,False,72.3,5.6000000000000005,0.2
592,20569.0,False,72.3,5.6000000000000005,0.30000000000000004
593,20603.0,False,72.2,5.800000000000001,0.4
594,20687.0,False,72.4,5.800000000000001,0.2
595,20703.0,False,72.4,5.9,0.1
596,20722.0,False,72.4,6.0,0.0
597,20735.0,False,72.4,6.2,0.2
598,20753.0,False,72.4,6.300000000000001,0.30000000000000004
599,20768.0,False,72.3,6.5,0.4
600,20787.0,False,72.3,6.7,0.5
601,20803.0,False,72.4,6.9,0.5
602,20821.0,False,72.4,7.1000000000000005,0.30000000000000004
603,20837.0,False,72.5,7.4,0.1
604,20852.0,False,72.60000000000001,7.5,0.0
605,20869.0,False,72.8,7.800000000000001,-0.4
606,20888.0,False,73.0,8.0,-0.8
607,20905.0,False,73.10000000000001,8.0,-1.1
608,20919.0,False,73.2,8.1,-1.2000000000000002
609,20942.0,False,73.3,8.200000000000001,-1.2000000000000002
610,20953.0,False,73.3,8.200000000000001,-1.1
611,20970.0,False,73.4,8.3,-1.0
612,21006.0,False,73.60000000000001,8.5,-1.0
613,21035.0,False,73.9,8.5,-1.0
614,21054.0,False,74.2,8.4,-1.0
615,21069.0,False,74.3,8.4,-1.1
616,21085.0,False,74.7,8.3,-1.3
617,21103.0,False,75.10000000000001,8.200000000000001,-1.6
618,21121.0,False,75.3,8.200000000000001,-1.7000000000000002
619,21135.0,False,75.7,8.3,-2.1
620,21152.0,False,76.2,8.4,-2.3000000000000003
621,21171.0,False,76.4,8.5,-2.4000000000000004
622,21189.0,False,76.7,8.8,-2.5
623,21202.0,False,77.10000000000001,9.1,-2.6
624,21220.0,False,77.2,9.200000000000001,-2.7
625,21236.0,False,77.5,9.600000000000001,-2.8000000000000003
626,21252.0,False,77.80000000000001,10.0,-2.9000000000000004
627,21269.0,False,78.0,10.100000000000001,-3.0
628,21286.0,False,78.4,10.200000000000001,-3.1
629,21304.0,False,78.80000000000001,10.0,-3.2
630,21321.0,False,79.0,9.9,-3.2
631,21337.0,False,79.30000000000001,9.4,-3.0
632,21353.0,False,79.7,9.0,-2.7
633,21369.0,False,79.9,9.0,-2.6
634,21385.0,False,80.2,8.9,-2.6
635,21405.0,False,80.4,8.9,-2.5
636,21421.0,False,80.4,8.700000000000001,-2.3000000000000003
637,21437.0,False,80.4,8.8,-2.2
638,21452.0,False,80.2,9.0,-2.1
639,21470.0,False,80.10000000000001,9.200000000000001,-2.0
640,21485.0,False,79.60000000000001,9.600000000000001,-1.8
641,21502.0,False,79.0,10.100000000000001,-1.6
642,21522.0,False,78.2,10.4,-1.4000000000000001
643,21539.0,False,77.80000000000001,10.600000000000001,-1.5
644,21554.0,False,76.9,10.9,-1.7000000000000002
645,21568.0,False,75.8,10.9,-2.0
646,21585.0,False,75.2,10.8,-2.2
647,21602.0,False,73.8,10.700000000000001,-2.5
648,21619.0,False,72.3,10.700000000000001,-3.0
649,21635.0,False,71.5,10.700000000000001,-3.2
650,21652.0,False,69.8,10.9,-3.6
651,21670.0,False,67.9,10.8,-3.9000000000000004
652,21685.0,False,66.9,10.700000000000001,-3.9000000000000004
653,21702.0,False,64.9,10.3,-3.7
654,21719.0,False,62.900000000000006,10.100000000000001,-3.5
655,21736.0,False,62.0,10.200000000000001,-3.6
656,21753.0,False,60.0,10.700000000000001,-4.1000000000000005
657,21769.0,False,58.0,11.200000000000001,-4.6000000000000005
658,21788.0,False,55.900000000000006,11.600000000000001,-4.9
659,21803.0,False,54.900000000000006,11.8,-5.0
660,21819.0,False,54.0,11.9,-5.1000000000000005
661,21835.0,False,52.2,12.0,-5.0
662,21853.0,False,50.6,12.0,-4.800000000000001
663,21869.0,False,49.1,12.100000000000001,-4.6000000000000005
664,21888.0,False,47.6,12.3,-4.7
665,21903.0,False,46.900000000000006,12.4,-4.800000000000001
666,21919.0,False,45.5,12.600000000000001,-5.0
667,21937.0,False,44.1,12.9,-5.300000000000001
668,21953.0,False,43.400000000000006,13.0,-5.6000000000000005
669,21968.0,False,42.0,13.3,-6.0
670,21985.0,False,41.300000000000004,13.3,-6.2
671,22005.0,False,39.800000000000004,13.4,-6.6000000000000005
672,22019.0,False,38.300000000000004,13.5,-6.800000000000001
673,22037.0,False,36.800000000000004,13.600000000000001,-6.800000000000001
674,22053.0,False,36.1,13.600000000000001,-6.6000000000000005
675,22068.0,False,34.800000000000004,13.8,-6.300000000000001
676,22086.0,False,33.4,14.0,-5.800000000000001
677,22104.0,False,32.800000000000004,14.100000000000001,-5.5
678,22121.0,False,31.400000000000002,14.3,-5.0
679,22135.0,False,30.8,14.4,-4.7
680,22152.0,False,29.6,14.600000000000001,-4.2
681,22170.0,False,28.5,14.8,-3.8000000000000003
682,22185.0,False,27.400000000000002,14.9,-3.3000000000000003
683,22202.0,False,27.0,14.8,-2.9000000000000004
684,22221.0,False,26.1,14.700000000000001,-2.1
685,22237.0,False,25.5,14.600000000000001,-1.3
686,22252.0,False,25.3,14.600000000000001,-1.1
687,22269.0,False,24.700000000000003,14.8,-0.8
688,22286.0,False,24.1,15.0,-0.7000000000000001
689,22302.0,False,23.900000000000002,15.100000000000001,-0.7000000000000001
690,22319.0,False,23.400000000000002,15.100000000000001,-0.8
691,22337.0,False,23.0,14.9,-0.8
692,22353.0,False,22.8,14.8,-0.9
693,22369.0,False,22.200000000000003,14.5,-1.0
694,22386.0,False,21.6,14.200000000000001,-0.8
695,22405.0,False,21.3,14.100000000000001,-0.7000000000000001
696,22422.0,False,20.700000000000003,13.9,-0.30000000000000004
697,22437.0,False,20.200000000000003,13.8,0.1
698,22454.0,False,19.6,13.8,0.30000000000000004
699,22469.0,False,19.3,13.8,0.4
700,22487.0,False,18.8,13.700000000000001,0.5
701,22514.0,False,18.0,13.700000000000001,0.30000000000000004
702,22537.0,False,17.5,13.700000000000001,0.0
703,22554.0,False,17.1,13.600000000000001,-0.2
704,22574.0,False,16.6,13.5,-0.4
705,22586.0,False,16.400000000000002,13.5,-0.5
706,22603.0,False,16.0,13.5,-0.8
707,22620.0,False,15.8,13.5,-1.0
708,22635.0,False,15.4,13.4,-1.5
709,22652.0,False,15.0,13.200000000000001,-1.9000000000000001
710,22672.0,False,14.600000000000001,13.0,-2.3000000000000003
711,22687.0,False,14.4,12.9,-2.4000000000000004
712,22702.0,False,14.0,12.600000000000001,-2.7
713,22718.0,False,13.9,12.5,-2.7
714,22736.0,False,13.5,12.200000000000001,-2.7
715,22753.0,False,13.200000000000001,12.0,-2.6
716,22768.0,False,13.0,12.0,-2.5
717,22787.0,False,12.600000000000001,12.100000000000001,-2.6
718,22802.0,False,12.200000000000001,12.3,-2.8000000000000003
719,22819.0,False,11.9,12.3,-2.9000000000000004
720,22838.0,False,11.4,12.3,-2.9000000000000004
721,22855.0,False,10.9,12.200000000000001,-2.6
722,22871.0,False,10.5,12.4,-2.5
723,22887.0,False,10.200000000000001,12.5,-2.4000000000000004
724,22902.0,False,9.700000000000001,12.700000000000001,-2.2
725,22920.0,False,9.4,12.9,-2.0
726,22935.0,False,8.9,13.3,-1.5
727,22952.0,False,8.4,14.0,-1.1
728,22969.0,False,7.9,14.700000000000001,-0.9
729,22987.0,False,7.7,14.9,-0.9
730,23002.0,False,7.300000000000001,15.3,-0.7000000000000001
731,23018.0,False,7.0,15.5,-0.7000000000000001
732,23036.0,False,6.9,15.600000000000001,-0.7000000000000001
733,23053.0,False,6.7,15.5,-0.8
734,23068.0,False,6.5,15.4,-0.9
735,23104.0,False,6.4,15.100000000000001,-1.5
736,23118.0,False,6.1000000000000005,14.9,-2.1
737,23135.0,False,6.0,14.700000000000001,-2.5
738,23152.0,False,5.6000000000000005,14.4,-3.1
739,23172.0,False,5.1000000000000005,14.0,-3.4000000000000004
740,23186.0,False,4.9,13.9,-3.5
741,23202.0,False,4.3,13.600000000000001,-3.5
742,23220.0,False,3.6,13.5,-3.4000000000000004
743,23238.0,False,2.8000000000000003,13.700000000000001,-3.4000000000000004
744,23253.0,False,2.4000000000000004,13.8,-3.4000000000000004
745,23269.0,False,1.7000000000000002,13.9,-3.4000000000000004
746,23286.0,False,1.4000000000000001,14.0,-3.3000000000000003
747,23302.0,False,0.7000000000000001,14.200000000000001,-3.3000000000000003
748,23335.0,False,359.8,14.8,-3.5
749,23352.0,False,359.3,15.200000000000001,-3.6
750,23369.0,False,358.90000000000003,15.4,-3.7
751,23388.0,False,358.5,15.4,-3.7
752,23414.0,False,358.3,15.200000000000001,-3.4000000000000004
753,23418.0,False,358.20000000000005,15.0,-3.1
754,23441.0,False,358.1,14.700000000000001,-2.7
755,23454.0,False,358.1,14.600000000000001,-2.5
756,23472.0,False,358.0,14.3,-2.1
757,23485.0,False,357.90000000000003,14.200000000000001,-1.8
758,23504.0,False,357.70000000000005,14.200000000000001,-1.6
759,23519.0,False,357.6,14.200000000000001,-1.3
760,23537.0,False,357.5,14.3,-1.2000000000000002
761,23552.0,False,357.40000000000003,14.3,-1.1
762,23571.0,False,357.20000000000005,14.3,-0.8
763,23586.0,False,357.1,14.3,-0.6000000000000001
764,23602.0,False,356.90000000000003,14.600000000000001,-0.2
765,23618.0,False,356.70000000000005,15.0,0.1
766,23637.0,False,356.70000000000005,15.5,0.30000000000000004
767,23652.0,False,356.70000000000005,15.700000000000001,0.30000000000000004
768,23669.0,False,356.90000000000003,15.8,0.2
769,23686.0,False,357.3,15.8,0.0
770,23702.0,False,357.5,15.700000000000001,-0.1
771,23718.0,False,358.1,15.5,-0.30000000000000004
772,23736.0,False,358.8,15.4,-0.6000000000000001
773,23752.0,False,359.20000000000005,15.4,-0.8
774,23770.0,False,359.90000000000003,15.4,-1.3
775,23786.0,False,0.7000000000000001,15.3,-1.8
776,23806.0,False,1.4000000000000001,15.100000000000001,-2.4000000000000004
777,23822.0,False,1.8,15.100000000000001,-2.7
778,23835.0,False,2.5,15.100000000000001,-3.1
779,23853.0,False,3.1,15.3,-3.4000000000000004
780,23872.0,False,3.4000000000000004,15.4,-3.6
781,23886.0,False,3.9000000000000004,15.700000000000001,-3.9000000000000004
782,23902.0,False,4.1000000000000005,15.8,-4.0
783,23918.0,False,4.5,15.8,-4.1000000000000005
784,23935.0,False,4.800000000000001,15.9,-3.9000000000000004
785,23953.0,False,4.9,16.0,-3.8000000000000003
786,23969.0,False,5.2,16.2,-3.4000000000000004
787,23987.0,False,5.5,16.400000000000002,-3.1
788,24002.0,False,5.6000000000000005,16.6,-2.9000000000000004
789,24018.0,False,5.6000000000000005,16.7,-2.8000000000000003
790,24037.0,False,5.6000000000000005,16.8,-2.8000000000000003
791,24052.0,False,5.5,17.0,-3.0
792,24087.0,False,5.300000000000001,17.0,-2.9000000000000004
793,24102.0,False,5.4,17.2,-2.8000000000000003
794,24118.0,False,5.4,17.3,-2.7
795,24135.0,False,5.5,17.5,-2.9000000000000004
796,24154.0,False,5.6000000000000005,17.7,-3.3000000000000003
797,24169.0,False,5.5,17.7,-3.5
798,24185.0,False,5.300000000000001,17.7,-3.7
799,24208.0,False,5.0,17.6,-3.6
800,24221.0,False,4.9,17.6,-3.5
801,24235.0,False,4.7,17.400000000000002,-3.2
802,24253.0,False,4.6000000000000005,17.0,-2.7
803,24275.0,False,4.5,16.6,-2.2
804,24286.0,False,4.4,16.3,-1.9000000000000001
805,24305.0,False,4.4,16.0,-1.6
806,24331.0,False,4.4,15.8,-1.7000000000000002
807,24355.0,False,4.3,15.8,-2.1
808,24369.0,False,4.2,15.8,-2.4000000000000004
809,24385.0,False,4.0,15.8,-2.8000000000000003
810,24412.0,False,3.8000000000000003,16.0,-3.2
811,24437.0,False,3.8000000000000003,16.400000000000002,-3.2
812,24453.0,False,3.9000000000000004,16.900000000000002,-3.4000000000000004
813,24468.0,False,4.0,17.400000000000002,-3.6
814,24486.0,False,4.1000000000000005,17.7,-3.8000000000000003
815,24511.0,False,4.3,18.400000000000002,-4.4
816,24518.0,False,4.4,18.6,-4.6000000000000005
817,24535.0,False,4.5,18.8,-4.800000000000001
818,24557.0,False,4.9,19.400000000000002,-5.1000000000000005
819,24585.0,False,5.1000000000000005,19.6,-5.1000000000000005
820,24612.0,False,5.5,19.6,-4.7
821,24618.0,False,5.6000000000000005,19.6,-4.7
822,24647.0,False,5.800000000000001,19.200000000000003,-4.4
823,24652.0,False,5.800000000000001,18.900000000000002,-4.2
824,24669.0,False,6.0,18.5,-3.8000000000000003
825,24696.0,False,6.1000000000000005,18.2,-3.6
826,24719.0,False,6.5,17.900000000000002,-3.4000000000000004
827,24735.0,False,6.6000000000000005,17.8,-3.3000000000000003
828,24753.0,False,6.9,17.6,-3.2
829,24769.0,False,7.1000000000000005,17.5,-3.1
830,24788.0,False,7.2,17.5,-3.0
831,24815.0,False,7.4,17.5,-2.8000000000000003
832,24836.0,False,7.6000000000000005,17.5,-2.7
833,24854.0,False,7.800000000000001,17.2,-2.6
834,24868.0,False,8.200000000000001,16.8,-2.6
835,24885.0,False,8.4,16.6,-2.6
836,24908.0,False,8.9,15.9,-2.4000000000000004
837,24918.0,False,9.1,15.700000000000001,-2.4000000000000004
838,24935.0,False,9.4,15.600000000000001,-2.2
839,24952.0,False,9.8,15.4,-2.0
840,24970.0,False,10.4,15.3,-1.9000000000000001
841,24987.0,False,10.9,15.200000000000001,-1.9000000000000001
842,25004.0,False,11.200000000000001,15.200000000000001,-2.0
843,25018.0,False,11.600000000000001,15.0,-2.2
844,25037.0,False,11.8,14.9,-2.4000000000000004
845,25052.0,False,12.3,14.600000000000001,-2.6
846,25070.0,False,12.700000000000001,14.5,-2.8000000000000003
847,25091.0,False,13.0,14.4,-3.0
848,25109.0,False,13.200000000000001,14.5,-3.1
849,25118.0,False,13.200000000000001,14.600000000000001,-3.2
850,25137.0,False,13.200000000000001,14.9,-3.3000000000000003
851,25156.0,False,13.0,15.0,-3.1
852,25168.0,False,12.9,15.100000000000001,-3.0
853,25186.0,False,12.700000000000001,15.200000000000001,-2.9000000000000004
854,25214.0,False,12.3,15.600000000000001,-2.8000000000000003
855,25235.0,False,11.9,15.700000000000001,-2.6
856,25252.0,False,11.700000000000001,15.700000000000001,-2.4000000000000004
857,25270.0,False,11.3,15.5,-1.8
858,25287.0,False,11.0,15.4,-1.2000000000000002
859,25302.0,False,10.8,15.5,-1.0
860,25325.0,False,10.200000000000001,15.8,-1.0
861,25335.0,False,9.8,15.9,-1.2000000000000002
862,25354.0,False,9.1,16.1,-1.7000000000000002
863,25371.0,False,8.700000000000001,16.1,-1.9000000000000001
864,25385.0,False,7.9,16.1,-2.2
865,25402.0,False,7.1000000000000005,16.0,-2.2
866,25422.0,False,6.7,15.9,-2.2
867,25435.0,False,6.0,15.700000000000001,-1.9000000000000001
868,25452.0,False,5.300000000000001,15.3,-1.3
869,25469.0,False,5.0,15.200000000000001,-1.0
870,25485.0,False,4.5,14.9,-0.4
871,25509.0,False,4.2,14.600000000000001,-0.1
872,25525.0,False,3.9000000000000004,14.3,-0.2
873,25535.0,False,3.7,14.200000000000001,-0.4
874,25552.0,False,3.4000000000000004,13.8,-1.1
875,25571.0,False,3.1,13.4,-1.8
876,25588.0,False,2.9000000000000004,13.100000000000001,-2.2
877,25602.0,False,2.5,12.600000000000001,-2.9000000000000004
878,25627.0,False,2.2,12.3,-3.4000000000000004
879,25635.0,False,2.0,12.200000000000001,-3.6
880,25655.0,False,1.7000000000000002,12.3,-4.0
881,25669.0,False,1.5,12.5,-4.1000000000000005
882,25702.0,False,0.9,13.5,-4.0
883,25722.0,False,0.7000000000000001,14.0,-3.9000000000000004
884,25735.0,False,0.6000000000000001,14.3,-3.8000000000000003
885,25759.0,False,0.4,14.700000000000001,-3.3000000000000003
886,25768.0,False,0.4,14.700000000000001,-3.2
887,25786.0,False,0.30000000000000004,14.700000000000001,-3.0
888,25803.0,False,0.30000000000000004,14.700000000000001,-2.7
889,25818.0,False,0.2,14.600000000000001,-2.4000000000000004
890,25839.0,False,0.2,14.100000000000001,-2.1
891,25851.0,False,0.30000000000000004,13.8,-1.9000000000000001
892,25869.0,False,0.4,13.3,-1.4000000000000001
893,25887.0,False,0.6000000000000001,13.0,-1.0
894,25904.0,False,0.7000000000000001,12.9,-0.8
895,25921.0,False,0.9,12.8,-0.5
896,25935.0,False,0.9,12.8,-0.30000000000000004
897,25957.0,False,1.1,12.8,0.1
898,25969.0,False,1.3,12.9,0.5
899,25985.0,False,1.4000000000000001,12.9,0.7000000000000001
900,26002.0,False,1.8,13.0,1.0
901,26022.0,False,2.2,13.100000000000001,1.3
902,26036.0,False,2.4000000000000004,13.100000000000001,1.5
903,26052.0,False,2.9000000000000004,12.9,1.8
904,26071.0,False,3.6,12.700000000000001,2.0
905,26087.0,False,4.1000000000000005,12.5,2.1
906,26105.0,False,5.0,12.100000000000001,2.1
907,26128.0,False,6.4,11.3,1.8
908,26152.0,False,7.300000000000001,10.700000000000001,1.6
909,26168.0,False,8.1,10.200000000000001,1.4000000000000001
910,26191.0,False,8.8,9.600000000000001,1.3
911,26224.0,False,9.9,8.9,1.5
912,26235.0,False,10.200000000000001,8.700000000000001,1.5
913,26254.0,False,10.8,8.4,1.7000000000000002
914,26269.0,False,11.3,8.200000000000001,1.6
915,26285.0,False,11.600000000000001,8.1,1.4000000000000001
916,26306.0,False,11.8,8.1,1.3
917,26328.0,False,12.3,8.1,0.6000000000000001
918,26358.0,False,12.600000000000001,8.0,-0.1
919,26370.0,False,12.700000000000001,8.0,-0.30000000000000004
920,26385.0,False,12.8,8.1,-0.7000000000000001
921,26402.0,False,12.9,8.200000000000001,-0.9
922,26426.0,False,12.700000000000001,8.6,-1.7000000000000002
923,26436.0,False,12.600000000000001,8.8,-1.8
924,26454.0,False,12.5,9.0,-1.9000000000000001
925,26498.0,False,12.100000000000001,10.0,-2.0
926,26507.0,False,12.0,10.200000000000001,-2.1
927,26521.0,False,12.0,10.5,-2.2
928,26536.0,False,11.700000000000001,11.0,-2.4000000000000004
929,26564.0,False,11.3,11.5,-2.5
930,26570.0,False,11.100000000000001,11.700000000000001,-2.6
931,26586.0,False,10.700000000000001,12.100000000000001,-2.8000000000000003
932,26602.0,False,10.4,12.200000000000001,-2.9000000000000004
933,26618.0,False,9.9,12.4,-3.0
934,26636.0,False,9.3,12.5,-3.1
935,26654.0,False,8.8,12.3,-2.9000000000000004
936,26669.0,False,8.5,12.200000000000001,-2.7
937,26687.0,False,8.200000000000001,11.8,-2.2
938,26702.0,False,8.1,11.600000000000001,-2.0
939,26718.0,False,7.800000000000001,11.3,-1.9000000000000001
940,26739.0,False,7.4,11.100000000000001,-2.2
941,26752.0,False,6.800000000000001,10.9,-2.7
942,26771.0,False,6.5,10.9,-3.1
943,26787.0,False,5.800000000000001,10.8,-3.8000000000000003
944,26802.0,False,5.2,10.700000000000001,-4.6000000000000005
945,26820.0,False,4.9,10.700000000000001,-5.0
946,26837.0,False,4.4,10.700000000000001,-5.7
947,26853.0,False,3.9000000000000004,10.8,-6.300000000000001
948,26868.0,False,3.7,11.0,-6.5
949,26888.0,False,3.2,11.600000000000001,-6.9
950,26903.0,False,2.8000000000000003,12.3,-7.2
951,26926.0,False,2.4000000000000004,12.9,-7.300000000000001
952,26935.0,False,2.2,13.100000000000001,-7.300000000000001
953,26952.0,False,1.8,13.5,-7.4
954,26971.0,False,1.5,13.700000000000001,-7.300000000000001
955,26987.0,False,1.3,13.700000000000001,-7.300000000000001
956,27008.0,False,0.9,13.9,-7.300000000000001
957,27019.0,False,0.7000000000000001,14.0,-7.4
958,27037.0,False,0.4,14.200000000000001,-7.5
959,27052.0,False,0.2,14.200000000000001,-7.6000000000000005
960,27068.0,False,359.8,14.100000000000001,-7.6000000000000005
961,27086.0,False,359.5,13.9,-7.4
962,27101.0,False,359.3,13.700000000000001,-7.2
963,27137.0,False,359.40000000000003,13.700000000000001,-7.300000000000001
964,27152.0,False,359.40000000000003,13.600000000000001,-7.5
965,27168.0,False,359.40000000000003,13.4,-7.5
966,27185.0,False,359.40000000000003,13.100000000000001,-7.2
967,27202.0,False,359.5,12.9,-6.800000000000001
968,27219.0,False,359.70000000000005,12.700000000000001,-6.300000000000001
969,27240.0,False,359.90000000000003,12.600000000000001,-5.7
970,27255.0,False,360.0,12.5,-5.5
971,27270.0,False,0.1,12.4,-5.0
972,27285.0,False,0.30000000000000004,12.3,-4.800000000000001
973,27302.0,False,0.6000000000000001,12.100000000000001,-4.6000000000000005
974,27323.0,False,0.9,12.0,-4.6000000000000005
975,27338.0,False,1.3,11.700000000000001,-4.7
976,27352.0,False,1.5,11.600000000000001,-4.7
977,27369.0,False,2.0,11.200000000000001,-4.5
978,27390.0,False,2.5,10.8,-4.1000000000000005
979,27402.0,False,2.7,10.600000000000001,-3.9000000000000004
980,27420.0,False,3.3000000000000003,10.200000000000001,-3.4000000000000004
981,27436.0,False,3.6,10.100000000000001,-3.1
982,27455.0,False,4.1000000000000005,9.700000000000001,-2.3000000000000003
983,27471.0,False,4.5,9.5,-1.5
984,27487.0,False,4.7,9.5,-0.6000000000000001
985,27502.0,False,4.800000000000001,9.5,-0.1
986,27523.0,False,4.800000000000001,9.8,0.9
987,27536.0,False,4.800000000000001,10.4,1.8
988,27557.0,False,4.7,11.0,2.2
989,27569.0,False,4.6000000000000005,11.4,2.3000000000000003
990,27586.0,False,4.4,12.0,2.3000000000000003
991,27602.0,False,4.3,12.3,2.2
992,27622.0,False,4.1000000000000005,12.9,1.8
993,27635.0,False,4.0,13.3,1.7000000000000002
994,27652.0,False,3.8000000000000003,14.0,1.4000000000000001
995,27670.0,False,3.7,14.5,1.0
996,27685.0,False,3.6,14.8,0.6000000000000001
997,27702.0,False,3.6,14.9,0.5
998,27720.0,False,3.8000000000000003,15.0,0.1
999,27735.0,False,4.0,15.0,-0.4
1000,27753.0,False,4.2,15.0,-0.8
1001,27768.0,False,4.3,15.0,-1.4000000000000001
1002,27785.0,False,4.3,15.100000000000001,-2.0
1003,27803.0,False,4.2,15.200000000000001,-2.4000000000000004
1004,27821.0,False,3.8000000000000003,15.5,-3.1
1005,27838.0,False,3.2,15.700000000000001,-3.7
1006,27854.0,False,2.6,16.0,-4.1000000000000005
1007,27869.0,False,2.3000000000000003,16.1,-4.3
1008,27885.0,False,1.6,16.3,-4.5
1009,27906.0,False,1.0,16.3,-4.5
1010,27922.0,False,0.7000000000000001,16.2,-4.5
1011,27936.0,False,0.2,16.0,-4.5
1012,27953.0,False,359.90000000000003,15.600000000000001,-4.9
1013,27969.0,False,359.8,15.4,-5.2
1014,27988.0,False,359.5,14.9,-6.1000000000000005
1015,28004.0,False,359.20000000000005,14.5,-7.300000000000001
1016,28020.0,False,359.0,14.3,-8.0
1017,28035.0,False,358.70000000000005,13.8,-9.3
1018,28052.0,False,358.3,13.200000000000001,-10.4
1019,28069.0,False,358.20000000000005,12.9,-10.8
1020,28085.0,False,358.1,12.5,-11.200000000000001
1021,28101.0,False,358.20000000000005,12.4,-11.0
1022,28120.0,False,358.20000000000005,12.4,-10.8
1023,28137.0,False,358.40000000000003,12.700000000000001,-10.200000000000001
1024,28152.0,False,358.5,13.200000000000001,-9.600000000000001
1025,28168.0,False,358.6,13.4,-9.3
1026,28185.0,False,358.8,13.700000000000001,-8.700000000000001
1027,28204.0,False,359.0,13.700000000000001,-8.4
1028,28220.0,False,359.3,13.4,-7.7
1029,28236.0,False,359.8,12.9,-7.2
1030,28252.0,False,0.30000000000000004,12.200000000000001,-6.7
1031,28269.0,False,0.5,11.8,-6.4
1032,28287.0,False,0.9,11.0,-5.5
1033,28303.0,False,1.4000000000000001,10.5,-4.6000000000000005
1034,28324.0,False,2.1,10.3,-3.8000000000000003
1035,28336.0,False,2.4000000000000004,10.200000000000001,-3.6
1036,28352.0,False,2.9000000000000004,10.0,-3.3000000000000003
1037,28369.0,False,3.2,9.600000000000001,-3.1
1038,28387.0,False,3.4000000000000004,9.3,-3.0
1039,28402.0,False,3.9000000000000004,8.8,-2.5
1040,28424.0,False,4.3,8.4,-2.0
1041,28437.0,False,4.6000000000000005,8.200000000000001,-1.7000000000000002
1042,28469.0,False,5.300000000000001,7.6000000000000005,-0.7000000000000001
1043,28487.0,False,5.4,7.5,-0.5
1044,28502.0,False,5.7,7.300000000000001,-0.30000000000000004
1045,28521.0,False,6.0,7.2,-0.4
1046,28541.0,False,6.1000000000000005,7.1000000000000005,-0.6000000000000001
1047,28553.0,False,6.4,6.9,-0.9
1048,28571.0,False,6.6000000000000005,6.7,-1.3
1049,28585.0,False,6.7,6.6000000000000005,-1.4000000000000001
1050,28602.0,False,7.1000000000000005,6.300000000000001,-1.6
1051,28620.0,False,7.5,5.9,-1.7000000000000002
1052,28636.0,False,7.7,5.7,-1.8
1053,28652.0,False,8.1,5.1000000000000005,-2.0
1054,28668.0,False,8.4,4.6000000000000005,-2.3000000000000003
1055,28685.0,False,8.5,4.3,-2.4000000000000004
1056,28704.0,False,8.6,4.1000000000000005,-2.6
1057,28720.0,False,8.8,3.5,-2.9000000000000004
1058,28752.0,False,8.5,3.3000000000000003,-3.3000000000000003
1059,28769.0,False,8.1,3.5,-3.6
1060,28787.0,False,7.4,3.9000000000000004,-4.0
1061,28803.0,False,7.0,4.1000000000000005,-4.2
1062,28823.0,False,6.2,4.5,-4.7
1063,28838.0,False,5.300000000000001,4.7,-5.2
1064,28851.0,False,4.800000000000001,4.7,-5.300000000000001
1065,28869.0,False,3.9000000000000004,4.7,-5.6000000000000005
1066,28887.0,False,3.1,4.6000000000000005,-5.800000000000001
1067,28902.0,False,2.7,4.5,-5.9
1068,28919.0,False,1.8,4.4,-6.0
1069,28936.0,False,1.4000000000000001,4.4,-6.0
1070,28953.0,False,0.9,4.4,-6.0
1071,28969.0,False,359.3,4.9,-5.9
1072,28995.0,False,358.1,5.4,-5.7
1073,29004.0,False,357.5,5.7,-5.6000000000000005
1074,29018.0,False,356.3,6.300000000000001,-5.2
1075,29036.0,False,355.1,6.800000000000001,-4.800000000000001
1076,29051.0,False,354.6,7.0,-4.6000000000000005
1077,29070.0,False,353.6,7.300000000000001,-4.1000000000000005
1078,29085.0,False,352.70000000000005,7.5,-3.6
1079,29104.0,False,352.3,7.6000000000000005,-3.4000000000000004
1080,29120.0,False,351.6,7.800000000000001,-3.1
1081,29135.0,False,351.20000000000005,8.0,-3.1
1082,29151.0,False,350.90000000000003,8.0,-3.2
1083,29168.0,False,350.5,8.1,-3.6
1084,29185.0,False,350.1,8.1,-4.2
1085,29203.0,False,349.90000000000003,8.200000000000001,-4.6000000000000005
1086,29221.0,False,349.40000000000003,8.200000000000001,-5.4
1087,29236.0,False,349.1,8.200000000000001,-5.9
1088,29252.0,False,349.0,8.200000000000001,-6.1000000000000005
1089,29268.0,False,348.70000000000005,8.3,-6.300000000000001
1090,29285.0,False,348.5,8.5,-6.4
1091,29304.0,False,348.1,9.1,-6.300000000000001
1092,29323.0,False,347.8,9.8,-6.0
1093,29338.0,False,347.70000000000005,10.200000000000001,-5.800000000000001
1094,29353.0,False,347.6,10.600000000000001,-5.2
1095,29368.0,False,347.6,10.8,-4.9
1096,29385.0,False,347.6,10.9,-4.3
1097,29402.0,False,347.70000000000005,10.9,-4.1000000000000005
1098,29422.0,False,347.70000000000005,10.9,-3.6
1099,29438.0,False,347.70000000000005,10.700000000000001,-3.2
1100,29451.0,False,347.8,10.5,-2.8000000000000003
1101,29469.0,False,348.0,10.100000000000001,-1.9000000000000001
1102,29485.0,False,348.5,9.9,-1.2000000000000002
1103,29503.0,False,349.1,9.8,-0.6000000000000001
1104,29518.0,False,349.40000000000003,9.8,-0.4
1105,29536.0,False,349.90000000000003,9.8,-0.30000000000000004
1106,29552.0,False,350.5,9.9,-0.30000000000000004
1107,29568.0,False,350.8,9.9,-0.30000000000000004
1108,29587.0,False,351.5,9.8,-0.2
1109,29603.0,False,352.3,9.700000000000001,-0.30000000000000004
1110,29619.0,False,352.8,9.600000000000001,-0.4
1111,29635.0,False,353.70000000000005,9.3,-0.7000000000000001
1112,29652.0,False,354.6,8.9,-1.1
1113,29670.0,False,355.6,8.4,-1.3
1114,29685.0,False,356.0,8.1,-1.4000000000000001
1115,29702.0,False,356.6,7.800000000000001,-1.5
1116,29718.0,False,357.6,7.300000000000001,-1.5
1117,29735.0,False,358.6,6.9,-1.6
1118,29752.0,False,359.70000000000005,6.4,-1.6
1119,29771.0,False,0.8,5.9,-1.6
1120,29785.0,False,1.4000000000000001,5.7,-1.7000000000000002
1121,29802.0,False,2.5,5.4,-1.9000000000000001
1122,29819.0,False,3.1,5.2,-2.0
1123,29836.0,False,4.1000000000000005,4.9,-2.2
1124,29852.0,False,5.1000000000000005,4.6000000000000005,-2.5
1125,29869.0,False,6.0,4.4,-2.6
1126,29885.0,False,6.5,4.3,-2.7
1127,29902.0,False,7.300000000000001,4.2,-2.9000000000000004
1128,29920.0,False,8.0,4.2,-3.2
1129,29935.0,False,8.3,4.1000000000000005,-3.4000000000000004
1130,29954.0,False,8.8,3.9000000000000004,-3.7
1131,29971.0,False,9.200000000000001,3.5,-4.1000000000000005
1132,29985.0,False,9.4,3.3000000000000003,-4.3
1133,30003.0,False,9.700000000000001,2.8000000000000003,-4.4
1134,30019.0,False,9.9,2.3000000000000003,-4.5
1135,30035.0,False,9.9,2.1,-4.5
1136,30053.0,False,9.9,2.0,-4.7
1137,30073.0,False,9.8,2.2,-4.9
1138,30086.0,False,9.5,2.6,-5.1000000000000005
1139,30103.0,False,9.3,2.8000000000000003,-5.1000000000000005
1140,30118.0,False,8.8,3.2,-5.2
1141,30136.0,False,8.3,3.4000000000000004,-4.9
1142,30152.0,False,8.0,3.5,-4.800000000000001
1143,30169.0,False,7.4,3.7,-4.4
1144,30188.0,False,6.800000000000001,4.0,-4.1000000000000005
1145,30221.0,False,5.7,4.3,-3.7
1146,30235.0,False,5.4,4.4,-3.7
1147,30253.0,False,4.6000000000000005,4.7,-3.9000000000000004
1148,30268.0,False,3.8000000000000003,5.1000000000000005,-4.4
1149,30286.0,False,3.4000000000000004,5.300000000000001,-4.800000000000001
1150,30303.0,False,2.6,5.6000000000000005,-5.6000000000000005
1151,30319.0,False,1.7000000000000002,5.9,-6.4
1152,30335.0,False,1.3,6.1000000000000005,-6.800000000000001
1153,30352.0,False,0.5,6.300000000000001,-7.5
1154,30371.0,False,359.6,6.5,-8.1
1155,30386.0,False,358.8,6.7,-8.4
1156,30402.0,False,358.5,6.7,-8.6
1157,30418.0,False,357.8,6.800000000000001,-8.700000000000001
1158,30438.0,False,357.40000000000003,6.9,-8.9
1159,30452.0,False,357.1,6.9,-9.0
1160,30469.0,False,356.70000000000005,7.0,-9.3
1161,30489.0,False,356.20000000000005,7.1000000000000005,-9.600000000000001
1162,30505.0,False,356.0,7.1000000000000005,-9.600000000000001
1163,30520.0,False,355.70000000000005,7.1000000000000005,-9.200000000000001
1164,30535.0,False,355.5,7.2,-8.6
1165,30553.0,False,355.5,7.2,-8.3
1166,30569.0,False,355.5,7.300000000000001,-7.800000000000001
1167,30586.0,False,355.5,7.1000000000000005,-7.300000000000001
1168,30603.0,False,355.5,7.0,-7.0
1169,30619.0,False,355.70000000000005,6.7,-6.7
1170,30635.0,False,355.90000000000003,6.5,-6.7
1171,30670.0,False,356.20000000000005,6.4,-6.800000000000001
1172,30694.0,False,356.3,6.5,-6.6000000000000005
1173,30720.0,False,356.5,6.5,-6.1000000000000005
1174,30752.0,False,356.8,6.6000000000000005,-5.4
1175,30768.0,False,357.20000000000005,6.6000000000000005,-4.3
1176,30786.0,False,357.70000000000005,6.6000000000000005,-3.6
1177,30803.0,False,358.20000000000005,6.5,-3.1
1178,30818.0,False,358.5,6.4,-2.9000000000000004
1179,30836.0,False,359.20000000000005,6.1000000000000005,-2.8000000000000003
1180,30852.0,False,359.90000000000003,5.800000000000001,-2.9000000000000004
1181,30870.0,False,0.30000000000000004,5.6000000000000005,-2.9000000000000004
1182,30885.0,False,1.3,5.0,-2.7
1183,30902.0,False,2.3000000000000003,4.3,-2.4000000000000004
1184,30919.0,False,2.8000000000000003,3.9000000000000004,-2.2
1185,30935.0,False,3.8000000000000003,3.2,-1.8
1186,30951.0,False,4.9,2.5,-1.3
1187,30968.0,False,5.4,2.1,-1.1
1188,30991.0,False,6.7,1.1,-0.4
1189,31002.0,False,7.1000000000000005,0.9,-0.2
1190,31018.0,False,7.4,0.6000000000000001,0.0
1191,31036.0,False,7.9,0.30000000000000004,0.30000000000000004
1192,31053.0,False,8.200000000000001,0.2,0.6000000000000001
1193,31069.0,False,8.200000000000001,0.30000000000000004,0.7000000000000001
1194,31103.0,False,8.4,0.5,0.9
1195,31119.0,False,8.3,0.6000000000000001,0.9
1196,31137.0,False,8.200000000000001,0.7000000000000001,0.7000000000000001
1197,31151.0,False,8.1,0.8,0.4
1198,31189.0,False,7.9,0.9,0.1
1199,31201.0,False,7.9,1.0,-0.1
1200,31218.0,False,7.800000000000001,1.3,-0.4
1201,31235.0,False,7.5,1.9000000000000001,-1.0
1202,31252.0,False,7.1000000000000005,2.7,-1.7000000000000002
1203,31268.0,False,6.5,3.6,-2.4000000000000004
1204,31287.0,False,6.2,4.0,-2.7
1205,31302.0,False,5.6000000000000005,4.800000000000001,-3.1
1206,31318.0,False,4.9,5.5,-3.3000000000000003
1207,31337.0,False,4.6000000000000005,5.9,-3.3000000000000003
1208,31352.0,False,4.0,6.6000000000000005,-3.2
1209,31369.0,False,3.4000000000000004,7.1000000000000005,-3.0
1210,31386.0,False,3.2,7.300000000000001,-2.8000000000000003
1211,31402.0,False,2.8000000000000003,7.5,-2.6
1212,31419.0,False,2.3000000000000003,7.4,-2.7
1213,31435.0,False,2.1,7.300000000000001,-2.8000000000000003
1214,31452.0,False,1.9000000000000001,7.2,-3.0
1215,31469.0,False,1.2000000000000002,6.7,-4.2
1216,31487.0,False,0.7000000000000001,6.300000000000001,-5.300000000000001
1217,31510.0,False,0.2,6.0,-6.300000000000001
1218,31519.0,False,359.90000000000003,5.800000000000001,-6.7
1219,31535.0,False,359.6,5.7,-7.0
1220,31552.0,False,359.1,5.7,-7.4
1221,31569.0,False,358.70000000000005,5.9,-7.6000000000000005
1222,31587.0,False,358.5,6.4,-7.7
1223,31601.0,False,358.3,6.6000000000000005,-7.7
1224,31618.0,False,358.0,7.1000000000000005,-7.9
1225,31635.0,False,357.90000000000003,7.300000000000001,-8.0
1226,31653.0,False,357.6,7.6000000000000005,-8.0
1227,31670.0,False,357.40000000000003,7.800000000000001,-7.6000000000000005
1228,31685.0,False,357.40000000000003,7.9,-7.4
1229,31710.0,False,357.5,8.200000000000001,-6.300000000000001
1230,31719.0,False,357.6,8.4,-6.0
1231,31735.0,False,357.70000000000005,8.5,-5.7
1232,31751.0,False,357.90000000000003,8.3,-5.1000000000000005
1233,31772.0,False,358.40000000000003,7.9,-4.3
1234,31786.0,False,359.0,7.4,-3.8000000000000003
1235,31807.0,False,359.6,7.2,-3.4000000000000004
1236,31819.0,False,359.8,7.300000000000001,-3.3000000000000003
1237,31842.0,False,0.2,7.4,-3.0
1238,31855.0,False,0.4,7.4,-2.9000000000000004
1239,31870.0,False,0.8,7.4,-2.5
1240,31885.0,False,1.3,7.2,-2.0
1241,31902.0,False,1.6,7.1000000000000005,-1.8
1242,31924.0,False,2.4000000000000004,6.7,-1.4000000000000001
1243,31935.0,False,2.6,6.6000000000000005,-1.2000000000000002
1244,31951.0,False,2.9000000000000004,6.4,-1.1
1245,31970.0,False,3.6,6.1000000000000005,-0.8
1246,31985.0,False,4.3,5.9,-0.6000000000000001
1247,32010.0,False,5.1000000000000005,5.6000000000000005,-0.6000000000000001
1248,32018.0,False,5.5,5.4,-0.5
1249,32035.0,False,6.300000000000001,4.9,-0.4
1250,32056.0,False,7.2,4.4,-0.1
1251,32069.0,False,7.7,4.0,0.1
1252,32085.0,False,8.8,3.4000000000000004,0.4
1253,32106.0,False,10.0,2.8000000000000003,0.7000000000000001
1254,32121.0,False,10.5,2.6,0.9
1255,32135.0,False,11.4,2.1,1.2000000000000002
1256,32153.0,False,12.200000000000001,1.9000000000000001,1.5
1257,32168.0,False,12.5,1.9000000000000001,1.7000000000000002
1258,32186.0,False,13.0,2.0,2.0
1259,32206.0,False,13.4,2.2,2.2
1260,32221.0,False,13.600000000000001,2.3000000000000003,2.5
1261,32237.0,False,13.700000000000001,2.4000000000000004,2.6
1262,32251.0,False,13.700000000000001,2.6,2.8000000000000003
1263,32268.0,False,13.8,2.8000000000000003,2.9000000000000004
1264,32285.0,False,13.700000000000001,3.1,2.7
1265,32305.0,False,13.5,3.3000000000000003,2.5
1266,32322.0,False,13.3,3.3000000000000003,2.4000000000000004
1267,32354.0,False,12.8,3.4000000000000004,2.2
1268,32369.0,False,12.700000000000001,3.6,2.1
1269,32385.0,False,12.200000000000001,4.1000000000000005,1.8
1270,32412.0,False,11.200000000000001,5.1000000000000005,1.4000000000000001
1271,32435.0,False,10.5,5.7,1.1
1272,32455.0,False,9.600000000000001,6.300000000000001,0.8
1273,32472.0,False,8.8,6.800000000000001,0.4
1274,32485.0,False,8.4,7.1000000000000005,0.2
1275,32511.0,False,7.2,7.5,-0.4
1276,32519.0,False,6.9,7.6000000000000005,-0.5
1277,32535.0,False,6.5,7.7,-0.7000000000000001
1278,32553.0,False,5.800000000000001,7.800000000000001,-1.0
1279,32572.0,False,5.2,7.9,-1.4000000000000001
1280,32586.0,False,4.9,7.9,-1.7000000000000002
1281,32610.0,False,3.9000000000000004,7.9,-2.8000000000000003
1282,32623.0,False,3.5,7.9,-3.2
1283,32635.0,False,3.2,7.9,-3.6
1284,32651.0,False,2.7,7.9,-4.5
1285,32668.0,False,2.1,8.0,-5.4
1286,32685.0,False,1.8,8.0,-5.800000000000001
1287,32704.0,False,1.5,8.1,-6.2
1288,32720.0,False,0.6000000000000001,8.200000000000001,-7.1000000000000005
1289,32735.0,False,0.30000000000000004,8.3,-7.300000000000001
1290,32752.0,False,359.70000000000005,8.6,-7.5
1291,32768.0,False,359.20000000000005,9.1,-7.5
1292,32785.0,False,359.0,9.4,-7.4
1293,32812.0,False,358.40000000000003,10.0,-6.7
1294,32819.0,False,358.20000000000005,10.200000000000001,-6.300000000000001
1295,32835.0,False,358.1,10.3,-6.0
1296,32855.0,False,357.90000000000003,10.3,-5.300000000000001
1297,32869.0,False,357.8,9.9,-4.7
1298,32885.0,False,357.90000000000003,9.600000000000001,-4.4
1299,32910.0,False,358.0,8.6,-3.4000000000000004
1300,32918.0,False,358.1,8.4,-3.1
1301,32936.0,False,358.40000000000003,8.1,-2.5
1302,32955.0,False,358.5,8.0,-2.2
1303,32969.0,False,358.90000000000003,7.4,-1.5
1304,32985.0,False,359.1,7.0,-1.1
1305,33004.0,False,359.8,6.0,-0.30000000000000004
1306,33018.0,False,0.5,5.1000000000000005,0.2
1307,33036.0,False,1.2000000000000002,4.5,0.4
1308,33053.0,False,1.6,4.3,0.5
1309,33068.0,False,2.1,4.0,0.6000000000000001
1310,33085.0,False,2.5,3.9000000000000004,0.6000000000000001
1311,33108.0,False,3.5,3.4000000000000004,0.5
1312,33140.0,False,4.6000000000000005,3.0,0.4
1313,33152.0,False,4.9,2.8000000000000003,0.5
1314,33168.0,False,5.5,2.5,0.9
1315,33185.0,False,6.300000000000001,2.2,1.6
1316,33230.0,False,7.4,1.8,2.8000000000000003
1317,33235.0,False,8.0,1.7000000000000002,3.4000000000000004
1318,33251.0,False,8.200000000000001,1.6,3.6
1319,33270.0,False,8.6,1.6,4.0
1320,33285.0,False,8.8,1.8,4.3
1321,33301.0,False,8.9,2.0,4.3
1322,33326.0,False,9.0,2.6,4.2
1323,33335.0,False,9.0,2.8000000000000003,4.1000000000000005
1324,33352.0,False,9.0,3.0,4.0
1325,33370.0,False,9.0,3.3000000000000003,3.9000000000000004
1326,33385.0,False,9.1,3.5,3.9000000000000004
1327,33402.0,False,9.1,3.6,3.8000000000000003
1328,33429.0,False,9.200000000000001,4.0,3.1
1329,33435.0,False,9.200000000000001,4.0,2.8000000000000003
1330,33452.0,False,9.200000000000001,3.9000000000000004,2.6
1331,33468.0,False,9.3,3.7,2.2
1332,33486.0,False,9.4,3.8000000000000003,1.3
1333,33503.0,False,9.3,4.0,0.1
1334,33525.0,False,9.1,4.2,-0.8
1335,33538.0,False,8.9,4.5,-1.2000000000000002
1336,33554.0,False,8.6,4.9,-1.8
1337,33569.0,False,8.4,5.1000000000000005,-2.0
1338,33585.0,False,8.0,5.5,-2.4000000000000004
1339,33602.0,False,7.5,5.800000000000001,-2.8000000000000003
1340,33624.0,False,7.0,6.0,-3.0
1341,33635.0,False,6.7,6.0,-3.1
1342,33656.0,False,6.2,6.0,-3.2
1343,33668.0,False,6.0,6.0,-3.2
1344,33687.0,False,5.6000000000000005,5.9,-3.5
1345,33705.0,False,5.4,5.9,-3.7
1346,33726.0,False,4.4,6.1000000000000005,-4.800000000000001
1347,33739.0,False,4.0,6.2,-5.2
1348,33751.0,False,3.2,6.6000000000000005,-5.800000000000001
1349,33770.0,False,2.7,6.800000000000001,-6.1000000000000005
1350,33786.0,False,2.0,7.4,-6.7
1351,33802.0,False,1.2000000000000002,8.200000000000001,-7.2
1352,33825.0,False,0.4,9.1,-7.5
1353,33835.0,False,0.1,9.5,-7.6000000000000005
1354,33852.0,False,359.40000000000003,10.3,-7.7
1355,33871.0,False,358.90000000000003,11.100000000000001,-7.6000000000000005
1356,33886.0,False,358.70000000000005,11.4,-7.6000000000000005
1357,33902.0,False,358.40000000000003,12.0,-7.300000000000001
1358,33925.0,False,358.1,12.3,-6.9
1359,33935.0,False,358.0,12.4,-6.7
1360,33952.0,False,357.8,12.4,-6.0
1361,33969.0,False,357.8,12.3,-5.6000000000000005
1362,33985.0,False,357.5,12.100000000000001,-5.0
1363,34003.0,False,357.20000000000005,11.700000000000001,-4.2
1364,34022.0,False,356.8,11.0,-2.9000000000000004
1365,34038.0,False,356.5,10.700000000000001,-2.1
1366,34051.0,False,356.0,10.4,-0.1
1367,34070.0,False,355.40000000000003,10.3,2.2
1368,34085.0,False,355.1,10.3,3.3000000000000003
1369,34101.0,False,354.6,10.3,5.2
1370,34126.0,False,354.1,10.200000000000001,6.4
1371,34134.0,False,353.8,10.100000000000001,6.7
1372,34153.0,False,353.3,9.8,6.800000000000001
1373,34168.0,False,352.8,9.4,6.6000000000000005
1374,34185.0,False,352.6,9.200000000000001,6.5
1375,34201.0,False,352.40000000000003,8.9,6.2
1376,34222.0,False,352.1,8.3,5.4
1377,34245.0,False,352.1,7.800000000000001,4.9
1378,34251.0,False,352.1,7.6000000000000005,4.7
1379,34271.0,False,352.3,7.1000000000000005,4.4
1380,34285.0,False,352.40000000000003,6.9,4.4
1381,34305.0,False,352.70000000000005,6.300000000000001,4.7
1382,34323.0,False,353.1,5.9,5.1000000000000005
1383,34335.0,False,353.3,5.800000000000001,5.2
1384,34353.0,False,353.8,5.6000000000000005,5.300000000000001
1385,34368.0,False,354.1,5.300000000000001,5.4
1386,34385.0,False,354.20000000000005,5.2,5.4
1387,34401.0,False,354.3,5.0,5.4
1388,34425.0,False,354.40000000000003,4.9,5.6000000000000005
1389,34452.0,False,354.40000000000003,5.0,5.9
1390,34469.0,False,354.20000000000005,5.5,6.4
1391,34486.0,False,354.0,5.9,6.9
1392,34502.0,False,353.90000000000003,6.1000000000000005,7.1000000000000005
1393,34527.0,False,354.0,6.4,7.6000000000000005
1394,34552.0,False,354.3,6.300000000000001,7.6000000000000005
1395,34568.0,False,354.70000000000005,5.800000000000001,7.1000000000000005
1396,34587.0,False,355.3,5.1000000000000005,6.4
1397,34604.0,False,355.5,4.7,6.0
1398,34627.0,False,356.3,3.6,4.800000000000001
1399,34635.0,False,356.5,3.4000000000000004,4.4
1400,34651.0,False,356.70000000000005,3.2,4.1000000000000005
1401,34669.0,False,356.6,3.1,3.8000000000000003
1402,34685.0,False,356.20000000000005,3.4000000000000004,3.6
1403,34720.0,False,355.3,4.0,3.6
1404,34738.0,False,354.6,4.1000000000000005,3.7
1405,34752.0,False,354.3,4.2,3.8000000000000003
1406,34768.0,False,353.5,4.0,3.9000000000000004
1407,34785.0,False,352.8,3.8000000000000003,4.1000000000000005
1408,34803.0,False,352.40000000000003,3.6,4.3
1409,34821.0,False,351.70000000000005,3.2,4.6000000000000005
1410,34835.0,False,351.1,2.8000000000000003,5.0
1411,34851.0,False,350.70000000000005,2.6,5.1000000000000005
1412,34868.0,False,350.0,2.1,5.4
1413,34885.0,False,349.40000000000003,1.7000000000000002,5.800000000000001
1414,34902.0,False,349.0,1.6,6.1000000000000005
1415,34920.0,False,348.40000000000003,1.7000000000000002,6.6000000000000005
1416,34936.0,False,347.70000000000005,2.3000000000000003,7.0
1417,34951.0,False,347.3,2.7,7.1000000000000005
1418,34969.0,False,346.70000000000005,3.5,7.4
1419,34985.0,False,346.20000000000005,4.2,7.7
1420,35001.0,False,346.1,4.7,8.0
1421,35022.0,False,346.20000000000005,5.0,8.200000000000001
1422,35035.0,False,346.3,5.1000000000000005,8.200000000000001
1423,35053.0,False,346.5,5.4,8.200000000000001
1424,35069.0,False,346.6,5.6000000000000005,8.200000000000001
1425,35085.0,False,346.90000000000003,6.0,8.3
1426,35101.0,False,347.40000000000003,6.2,8.4
1427,35123.0,False,348.0,6.2,8.200000000000001
1428,35135.0,False,348.40000000000003,6.1000000000000005,8.0
1429,35151.0,False,349.1,5.5,7.4
1430,35168.0,False,349.5,5.2,7.2
1431,35186.0,False,350.6,4.5,6.7
1432,35206.0,False,351.40000000000003,4.2,6.2
1433,35223.0,False,354.1,3.4000000000000004,4.2
1434,35235.0,False,355.1,3.0,3.3000000000000003
1435,35254.0,False,357.0,2.0,1.2000000000000002
1436,35269.0,False,357.8,1.5,0.2
1437,35285.0,False,359.3,0.5,-1.4000000000000001
1438,35303.0,False,0.5,-0.1,-2.7
1439,35323.0,False,1.5,-0.7000000000000001,-4.1000000000000005
1440,35337.0,False,1.9000000000000001,-1.0,-4.2
1441,35351.0,False,2.1,-1.3,-4.4
1442,35368.0,False,2.0,-1.3,-4.5
1443,35388.0,False,1.3,-1.2000000000000002,-4.5
1444,35402.0,False,0.30000000000000004,-0.8,-4.2
1445,35422.0,False,359.3,-0.2,-3.8000000000000003
1446,35437.0,False,358.90000000000003,0.1,-3.6
1447,35452.0,False,358.40000000000003,0.30000000000000004,-3.4000000000000004
1448,35468.0,False,357.0,0.9,-3.2
1449,35485.0,False,356.5,1.1,-3.1
1450,35501.0,False,355.8,1.2000000000000002,-3.0
1451,35520.0,False,355.3,1.4000000000000001,-3.0
1452,35537.0,False,355.1,1.7000000000000002,-3.0
1453,35551.0,False,355.1,1.9000000000000001,-3.1
1454,35569.0,False,355.3,2.3000000000000003,-3.5
1455,35587.0,False,355.40000000000003,2.5,-3.8000000000000003
1456,35602.0,False,355.70000000000005,2.6,-4.3
1457,35624.0,False,356.1,2.7,-4.9
1458,35635.0,False,356.3,2.8000000000000003,-5.300000000000001
1459,35654.0,False,356.6,3.0,-6.2
1460,35668.0,False,356.90000000000003,3.1,-6.7
1461,35689.0,False,357.20000000000005,3.2,-6.800000000000001
1462,35718.0,False,357.70000000000005,3.9000000000000004,-6.5
1463,35739.0,False,358.0,4.6000000000000005,-6.1000000000000005
1464,35752.0,False,358.1,4.9,-5.800000000000001
1465,35770.0,False,358.20000000000005,5.2,-5.5
1466,35787.0,False,358.6,6.2,-4.6000000000000005
1467,35801.0,False,358.70000000000005,6.5,-4.3
1468,35818.0,False,358.90000000000003,7.300000000000001,-4.2
1469,35835.0,False,359.0,7.7,-4.3
1470,35858.0,False,358.90000000000003,9.0,-5.1000000000000005
1471,35870.0,False,358.8,9.4,-5.4
1472,35888.0,False,358.5,10.0,-5.800000000000001
1473,35901.0,False,358.40000000000003,10.200000000000001,-5.9
1474,35920.0,False,358.1,10.600000000000001,-5.9
1475,35935.0,False,358.0,10.8,-5.800000000000001
1476,35954.0,False,357.8,10.9,-5.6000000000000005
1477,35972.0,False,357.3,11.200000000000001,-4.800000000000001
1478,35984.0,False,357.20000000000005,11.3,-4.5
1479,36002.0,False,356.90000000000003,11.3,-4.1000000000000005
1480,36021.0,False,356.70000000000005,11.100000000000001,-3.9000000000000004
1481,36037.0,False,356.5,10.9,-4.0
1482,36051.0,False,356.40000000000003,10.700000000000001,-4.1000000000000005
1483,36068.0,False,356.20000000000005,10.4,-4.4
1484,36085.0,False,356.0,9.9,-4.7
1485,36101.0,False,355.90000000000003,9.700000000000001,-4.800000000000001
1486,36120.0,False,355.70000000000005,9.3,-5.0
1487,36135.0,False,355.40000000000003,8.9,-5.0
1488,36152.0,False,355.3,8.8,-5.0
1489,36171.0,False,355.0,8.6,-4.800000000000001
1490,36186.0,False,354.8,8.4,-4.4
1491,36202.0,False,354.8,8.4,-4.3
1492,36223.0,False,354.6,8.200000000000001,-4.0
1493,36252.0,False,354.5,8.1,-3.9000000000000004
1494,36268.0,False,354.40000000000003,7.800000000000001,-3.7
1495,36287.0,False,354.3,7.4,-3.2
1496,36304.0,False,354.5,7.0,-2.7
1497,36321.0,False,354.70000000000005,6.9,-2.4000000000000004
1498,36342.0,False,355.0,6.4,-2.2
1499,36354.0,False,355.40000000000003,5.800000000000001,-2.1
1500,36368.0,False,355.6,5.4,-2.1
1501,36385.0,False,356.0,4.800000000000001,-2.0
1502,36401.0,False,356.40000000000003,4.2,-1.8
1503,36421.0,False,356.70000000000005,4.1000000000000005,-1.7000000000000002
1504,36435.0,False,357.3,4.1000000000000005,-1.5
1505,36453.0,False,357.6,4.1000000000000005,-1.6
1506,36470.0,False,358.0,4.5,-2.0
1507,36485.0,False,358.3,5.1000000000000005,-2.5
1508,36503.0,False,358.40000000000003,5.800000000000001,-3.1
1509,36518.0,False,358.5,6.1000000000000005,-3.3000000000000003
1510,36535.0,False,358.6,6.800000000000001,-3.7
1511,36552.0,False,358.90000000000003,7.2,-3.8000000000000003
1512,36570.0,False,359.0,7.4,-3.8000000000000003
1513,36586.0,False,359.5,7.6000000000000005,-3.8000000000000003
1514,36603.0,False,0.1,7.6000000000000005,-3.9000000000000004
1515,36620.0,False,0.7000000000000001,7.4,-3.8000000000000003
1516,36636.0,False,1.1,7.2,-3.8000000000000003
1517,36651.0,False,1.9000000000000001,6.7,-3.4000000000000004
1518,36670.0,False,2.7,6.1000000000000005,-3.1
1519,36685.0,False,3.1,5.9,-3.0
1520,36702.0,False,3.6,5.6000000000000005,-2.9000000000000004
1521,36722.0,False,4.800000000000001,4.9,-2.8000000000000003
1522,36735.0,False,5.2,4.7,-2.9000000000000004
1523,36751.0,False,5.9,4.3,-3.1
1524,36769.0,False,6.6000000000000005,4.0,-3.4000000000000004
1525,36789.0,False,7.4,3.8000000000000003,-3.8000000000000003
1526,36804.0,False,7.800000000000001,3.7,-3.9000000000000004
1527,36820.0,False,8.4,3.6,-4.2
1528,36835.0,False,8.700000000000001,3.6,-4.2
1529,36851.0,False,9.200000000000001,3.6,-4.0
1530,36868.0,False,9.700000000000001,3.8000000000000003,-3.5
1531,36885.0,False,9.9,4.0,-3.1
1532,36904.0,False,10.4,4.3,-2.4000000000000004
1533,36920.0,False,10.8,4.6000000000000005,-1.8
1534,36939.0,False,11.0,4.9,-1.2000000000000002
1535,36952.0,False,11.100000000000001,5.0,-0.9
1536,36968.0,False,11.3,5.4,-0.4
1537,36995.0,False,11.3,6.0,0.1
1538,37001.0,False,11.3,6.4,0.30000000000000004
1539,37018.0,False,11.3,7.4,0.5
1540,37037.0,False,11.100000000000001,8.5,0.8
1541,37052.0,False,11.0,9.0,0.9
1542,37068.0,False,10.700000000000001,9.8,1.4000000000000001
1543,37086.0,False,10.5,10.100000000000001,1.7000000000000002
1544,37102.0,False,10.100000000000001,10.8,2.5
1545,37122.0,False,9.600000000000001,11.3,3.4000000000000004
1546,37135.0,False,9.4,11.600000000000001,3.8000000000000003
1547,37151.0,False,9.0,12.0,4.800000000000001
1548,37172.0,False,8.700000000000001,12.3,5.5
1549,37185.0,False,8.6,12.3,5.800000000000001
1550,37202.0,False,8.3,12.3,6.0
1551,37219.0,False,8.1,12.100000000000001,5.7
1552,37236.0,False,7.9,11.9,5.4
1553,37251.0,False,7.6000000000000005,11.5,4.3
1554,37270.0,False,7.2,10.9,3.1
1555,37287.0,False,6.800000000000001,10.3,1.8
1556,37301.0,False,6.6000000000000005,10.0,1.2000000000000002
1557,37320.0,False,6.2,9.4,0.2
1558,37336.0,False,5.9,9.0,-0.5
1559,37352.0,False,5.800000000000001,8.8,-0.7000000000000001
1560,37369.0,False,5.6000000000000005,8.700000000000001,-1.1
1561,37385.0,False,5.300000000000001,8.8,-1.4000000000000001
1562,37404.0,False,5.2,8.8,-1.6
1563,37422.0,False,4.800000000000001,8.9,-1.9000000000000001
1564,37435.0,False,4.5,9.0,-2.1
1565,37451.0,False,4.3,9.1,-2.2
1566,37469.0,False,4.1000000000000005,9.0,-2.2
1567,37485.0,False,4.0,9.0,-2.2
1568,37502.0,False,3.8000000000000003,8.8,-2.2
1569,37519.0,False,3.6,8.5,-2.2
1570,37535.0,False,3.5,8.1,-2.2
1571,37551.0,False,3.4000000000000004,7.9,-2.2
1572,37568.0,False,3.4000000000000004,7.5,-2.1
1573,37585.0,False,3.4000000000000004,7.2,-2.1
1574,37614.0,False,3.3000000000000003,7.300000000000001,-2.6
1575,37637.0,False,3.2,7.6000000000000005,-3.1
1576,37652.0,False,3.0,7.9,-3.6
1577,37670.0,False,2.9000000000000004,8.0,-3.8000000000000003
1578,37686.0,False,2.6,8.5,-4.0
1579,37702.0,False,2.5,8.700000000000001,-4.1000000000000005
1580,37718.0,False,2.3000000000000003,9.0,-4.1000000000000005
1581,37735.0,False,2.2,9.1,-4.2
1582,37769.0,False,2.2,8.8,-4.3
1583,37785.0,False,2.4000000000000004,8.3,-4.4
1584,37801.0,False,2.6,7.800000000000001,-4.5
1585,37818.0,False,2.7,7.5,-4.5
1586,37836.0,False,3.0,7.0,-4.7
1587,37851.0,False,3.2,6.7,-4.7
1588,37871.0,False,3.7,5.9,-4.9
1589,37885.0,False,3.8000000000000003,5.6000000000000005,-5.0
1590,37901.0,False,4.2,5.2,-5.1000000000000005
1591,37918.0,False,4.4,5.0,-5.2
1592,37935.0,False,4.7,4.6000000000000005,-5.300000000000001
1593,37951.0,False,5.0,4.4,-5.5
1594,37969.0,False,5.1000000000000005,4.3,-5.5
1595,37985.0,False,5.300000000000001,4.3,-5.5
1596,38002.0,False,5.5,4.6000000000000005,-5.4
1597,38020.0,False,5.5,5.1000000000000005,-5.300000000000001
1598,38035.0,False,5.5,5.300000000000001,-5.300000000000001
1599,38051.0,False,5.5,5.800000000000001,-5.1000000000000005
1600,38070.0,False,5.4,6.1000000000000005,-4.9
1601,38086.0,False,5.4,6.2,-4.7
1602,38115.0,False,5.4,6.5,-4.2
1603,38134.0,False,5.300000000000001,6.9,-3.8000000000000003
1604,38153.0,False,5.1000000000000005,7.300000000000001,-3.2
1605,38168.0,False,5.1000000000000005,7.5,-2.9000000000000004
1606,38186.0,False,5.2,8.1,-2.3000000000000003
1607,38202.0,False,5.300000000000001,8.4,-2.2
1608,38218.0,False,5.9,9.3,-2.3000000000000003
1609,38234.0,False,6.0,9.600000000000001,-2.5
1610,38251.0,False,6.2,9.9,-3.2
1611,38269.0,False,6.300000000000001,10.200000000000001,-3.9000000000000004
1612,38284.0,False,6.300000000000001,10.200000000000001,-4.3
1613,38301.0,False,6.2,10.200000000000001,-4.7
1614,38318.0,False,6.1000000000000005,10.0,-4.9
1615,38351.0,False,6.0,9.700000000000001,-4.6000000000000005
1616,38370.0,False,5.9,9.4,-4.0
1617,38386.0,False,5.9,9.200000000000001,-3.7
1618,38401.0,False,5.9,8.700000000000001,-3.0
1619,38421.0,False,6.0,8.200000000000001,-2.7
1620,38438.0,False,6.1000000000000005,7.7,-3.0
1621,38474.0,False,5.9,6.800000000000001,-3.9000000000000004
1622,38486.0,False,5.7,6.4,-4.2
1623,38512.0,False,5.1000000000000005,5.7,-5.2
1624,38518.0,False,4.9,5.6000000000000005,-5.5
1625,38535.0,False,4.800000000000001,5.5,-5.7
1626,38554.0,False,4.4,5.2,-5.9
1627,38570.0,False,4.1000000000000005,5.0,-5.800000000000001
1628,38585.0,False,4.0,4.9,-5.7
1629,38601.0,False,3.8000000000000003,4.9,-5.4
1630,38619.0,False,3.6,5.0,-5.2
1631,38635.0,False,3.6,5.2,-5.2
1632,38651.0,False,3.3000000000000003,5.4,-5.0
1633,38668.0,False,3.1,5.6000000000000005,-4.7
1634,38685.0,False,3.0,5.6000000000000005,-4.5
1635,38701.0,False,3.0,5.7,-4.3
1636,38719.0,False,3.2,6.0,-3.9000000000000004
1637,38734.0,False,3.4000000000000004,6.1000000000000005,-3.8000000000000003
1638,38754.0,False,3.5,6.0,-3.8000000000000003
1639,38768.0,False,3.7,5.800000000000001,-3.7
1640,38784.0,False,3.9000000000000004,5.800000000000001,-3.7
1641,38801.0,False,4.0,6.0,-3.8000000000000003
1642,38818.0,False,4.3,6.4,-4.1000000000000005
1643,38834.0,False,4.5,6.800000000000001,-4.4
1644,38851.0,False,4.5,7.0,-4.5
1645,38868.0,False,4.5,7.5,-4.6000000000000005
1646,38884.0,False,4.5,7.7,-4.5
1647,38901.0,False,4.6000000000000005,8.200000000000001,-4.1000000000000005
1648,38918.0,False,4.7,8.5,-3.6
1649,38934.0,False,4.9,8.700000000000001,-3.0
1650,38953.0,False,5.300000000000001,8.6,-2.5
1651,38972.0,False,5.6000000000000005,8.4,-2.3000000000000003
1652,38992.0,False,6.5,7.6000000000000005,-2.0
1653,39018.0,False,7.1000000000000005,7.0,-2.0
1654,39037.0,False,7.7,6.2,-2.0
1655,39052.0,False,8.4,5.5,-1.9000000000000001
1656,39068.0,False,8.700000000000001,5.1000000000000005,-1.8
1657,39088.0,False,9.4,4.5,-1.5
1658,39115.0,False,10.100000000000001,4.0,-1.1
1659,39119.0,False,10.5,3.8000000000000003,-0.9
1660,39136.0,False,11.200000000000001,3.4000000000000004,-0.7000000000000001
1661,39151.0,False,11.700000000000001,3.1,-0.7000000000000001
1662,39168.0,False,11.9,3.0,-0.7000000000000001
1663,39184.0,False,12.3,2.7,-1.0
1664,39201.0,False,12.5,2.6,-1.2000000000000002
1665,39218.0,False,12.700000000000001,2.6,-1.6
1666,39234.0,False,12.9,2.6,-1.7000000000000002
1667,39251.0,False,13.0,2.6,-1.5
1668,39270.0,False,13.100000000000001,2.8000000000000003,-1.1
1669,39285.0,False,13.100000000000001,2.9000000000000004,-0.8
1670,39301.0,False,13.200000000000001,3.5,-0.30000000000000004
1671,39318.0,False,13.200000000000001,3.7,-0.2
1672,39335.0,False,13.200000000000001,4.2,0.1
1673,39351.0,False,13.200000000000001,4.5,0.2
1674,39368.0,False,13.3,4.6000000000000005,0.2
1675,39386.0,False,13.4,5.1000000000000005,-0.1
1676,39410.0,False,13.600000000000001,5.800000000000001,-0.7000000000000001
1677,39435.0,False,13.600000000000001,6.300000000000001,-1.2000000000000002
1678,39451.0,False,13.600000000000001,6.5,-1.4000000000000001
1679,39468.0,False,13.5,6.9,-1.7000000000000002
1680,39485.0,False,13.4,7.2,-1.8
1681,39501.0,False,13.100000000000001,7.300000000000001,-1.6
1682,39519.0,False,13.0,7.4,-1.4000000000000001
1683,39535.0,False,12.600000000000001,7.5,-0.9
1684,39551.0,False,12.200000000000001,7.6000000000000005,-0.1
1685,39568.0,False,11.8,7.800000000000001,0.7000000000000001
1686,39585.0,False,11.700000000000001,7.800000000000001,1.0
1687,39610.0,False,11.200000000000001,8.0,1.4000000000000001
1688,39638.0,False,10.700000000000001,8.0,0.8
1689,39652.0,False,10.4,8.0,0.4
1690,39668.0,False,9.9,7.7,-0.6000000000000001
1691,39684.0,False,9.600000000000001,7.6000000000000005,-1.2000000000000002
1692,39708.0,False,8.9,6.800000000000001,-2.6
1693,39718.0,False,8.8,6.5,-3.0
1694,39735.0,False,8.6,6.2,-3.4000000000000004
1695,39751.0,False,8.200000000000001,5.7,-3.9000000000000004
1696,39770.0,False,7.9,5.300000000000001,-4.3
1697,39784.0,False,7.800000000000001,5.2,-4.4
1698,39809.0,False,7.2,5.4,-4.1000000000000005
1699,39821.0,False,7.0,5.6000000000000005,-4.0
1700,39841.0,False,6.6000000000000005,6.2,-3.8000000000000003
1701,39852.0,False,6.5,6.5,-3.7
1702,39868.0,False,6.2,6.9,-3.7
1703,39884.0,False,6.0,7.0,-3.7
1704,39908.0,False,5.6000000000000005,6.9,-3.3000000000000003
1705,39918.0,False,5.5,6.7,-3.3000000000000003
1706,39936.0,False,5.5,6.5,-3.3000000000000003
1707,39954.0,False,5.4,6.1000000000000005,-3.2
1708,39969.0,False,5.5,5.7,-3.2
1709,39988.0,False,5.6000000000000005,5.6000000000000005,-3.4000000000000004
1710,40027.0,False,5.6000000000000005,5.800000000000001,-3.4000000000000004
1711,40053.0,False,5.7,5.9,-3.2
1712,40068.0,False,5.9,6.1000000000000005,-3.1
1713,40086.0,False,6.2,6.2,-3.0
1714,40101.0,False,6.4,6.300000000000001,-2.9000000000000004
1715,40122.0,False,6.7,6.2,-2.9000000000000004
1716,40139.0,False,7.0,6.1000000000000005,-3.1
1717,40151.0,False,7.1000000000000005,6.0,-3.3000000000000003
1718,40171.0,False,7.4,5.7,-3.7
1719,40189.0,False,7.7,5.5,-4.1000000000000005
1720,40205.0,False,7.9,5.300000000000001,-4.2
1721,40218.0,False,8.200000000000001,4.800000000000001,-4.4
1722,40235.0,False,8.700000000000001,4.2,-4.3
1723,40253.0,False,8.9,3.8000000000000003,-4.2
1724,40270.0,False,9.600000000000001,3.1,-3.9000000000000004
1725,40287.0,False,10.3,2.5,-3.6
1726,40307.0,False,11.100000000000001,2.0,-3.2
1727,40318.0,False,11.4,1.8,-3.0
1728,40335.0,False,12.200000000000001,1.6,-2.6
1729,40354.0,False,12.9,1.7000000000000002,-2.5
1730,40368.0,False,13.200000000000001,1.8,-2.5
1731,40384.0,False,13.9,2.1,-2.8000000000000003
1732,40406.0,False,14.600000000000001,2.6,-3.1
1733,40422.0,False,15.3,3.1,-3.3000000000000003
1734,40434.0,False,15.700000000000001,3.3000000000000003,-3.4000000000000004
1735,40451.0,False,16.1,3.6,-3.5
1736,40468.0,False,16.8,4.1000000000000005,-3.8000000000000003
1737,40486.0,False,17.6,4.4,-4.1000000000000005
1738,40503.0,False,18.3,4.800000000000001,-4.5
1739,40525.0,False,19.1,5.2,-5.0
1740,40535.0,False,19.400000000000002,5.300000000000001,-5.300000000000001
1741,40552.0,False,20.0,5.5,-5.6000000000000005
1742,40569.0,False,20.3,5.6000000000000005,-5.7
1743,40585.0,False,20.700000000000003,5.7,-5.800000000000001
1744,40602.0,False,21.0,5.9,-5.7
1745,40626.0,False,21.0,6.4,-5.4
1746,40635.0,False,20.8,6.7,-5.1000000000000005
1747,40655.0,False,20.3,7.5,-4.4
1748,40674.0,False,19.5,8.1,-3.4000000000000004
1749,40685.0,False,19.0,8.3,-2.8000000000000003
1750,40712.0,False,17.400000000000002,8.4,-1.1
1751,40737.0,False,16.0,8.3,-0.2
1752,40751.0,False,14.5,8.200000000000001,0.5
1753,40768.0,False,13.700000000000001,8.200000000000001,0.7000000000000001
1754,40785.0,False,12.100000000000001,8.1,1.0
1755,40804.0,False,10.5,8.1,0.9
1756,40832.0,False,8.1,8.200000000000001,0.30000000000000004
1757,40852.0,False,6.6000000000000005,8.3,-0.30000000000000004
1758,40870.0,False,5.1000000000000005,8.4,-0.8
1759,40885.0,False,4.3,8.5,-1.0
1760,40902.0,False,3.0,8.700000000000001,-1.4000000000000001
1761,40929.0,False,1.3,8.9,-1.7000000000000002
1762,40939.0,False,0.9,8.9,-1.8
1763,40953.0,False,0.5,8.8,-1.9000000000000001
1764,40970.0,False,359.8,8.6,-2.1
1765,40984.0,False,359.40000000000003,8.5,-2.2
1766,41001.0,False,358.8,8.4,-2.2
1767,41019.0,False,358.3,8.5,-2.3000000000000003
1768,41034.0,False,358.1,8.6,-2.4000000000000004
1769,41052.0,False,357.70000000000005,8.9,-2.7
1770,41069.0,False,357.5,8.9,-2.9000000000000004
1771,41104.0,False,357.5,8.8,-3.2
1772,41124.0,False,357.8,8.700000000000001,-3.6
1773,41135.0,False,357.90000000000003,8.5,-3.6
1774,41157.0,False,358.6,8.3,-3.7
1775,41169.0,False,358.8,8.3,-3.8000000000000003
1776,41185.0,False,359.1,8.4,-3.8000000000000003
1777,41202.0,False,359.40000000000003,8.5,-3.9000000000000004
1778,41222.0,False,0.1,8.8,-4.2
1779,41242.0,False,0.6000000000000001,9.0,-4.1000000000000005
1780,41252.0,False,1.0,9.1,-4.0
1781,41268.0,False,1.7000000000000002,9.200000000000001,-3.8000000000000003
1782,41286.0,False,2.6,9.200000000000001,-3.7
1783,41301.0,False,3.1,9.200000000000001,-3.8000000000000003
1784,41323.0,False,4.1000000000000005,9.0,-4.0
1785,41338.0,False,5.2,8.5,-4.5
1786,41361.0,False,6.4,7.800000000000001,-5.1000000000000005
1787,41368.0,False,7.0,7.5,-5.300000000000001
1788,41389.0,False,8.3,6.7,-5.7
1789,41401.0,False,9.0,6.4,-5.800000000000001
1790,41428.0,False,11.100000000000001,5.7,-5.800000000000001
1791,41435.0,False,11.8,5.5,-5.7
1792,41468.0,False,14.0,5.2,-5.2
1793,41485.0,False,15.5,4.800000000000001,-4.7
1794,41502.0,False,16.2,4.5,-4.4
1795,41525.0,False,18.3,3.5,-3.9000000000000004
1796,41535.0,False,18.900000000000002,3.2,-3.8000000000000003
1797,41557.0,False,19.900000000000002,2.6,-3.6
1798,41570.0,False,20.400000000000002,2.4000000000000004,-3.6
1799,41587.0,False,21.1,2.3000000000000003,-3.7
1800,41601.0,False,21.400000000000002,2.3000000000000003,-3.9000000000000004
1801,41623.0,False,22.1,2.6,-4.5
1802,41636.0,False,22.3,2.8000000000000003,-4.7
1803,41654.0,False,22.6,3.0,-4.7
1804,41673.0,False,22.700000000000003,3.0,-4.5
1805,41685.0,False,23.0,3.1,-4.2
1806,41704.0,False,23.1,3.2,-4.0
1807,41724.0,False,23.3,3.4000000000000004,-3.8000000000000003
1808,41734.0,False,23.5,3.6,-3.5
1809,41753.0,False,23.5,3.7,-3.4000000000000004
1810,41770.0,False,23.6,3.8000000000000003,-3.2
1811,41785.0,False,23.5,4.1000000000000005,-3.1
1812,41802.0,False,23.400000000000002,4.3,-3.2
1813,41825.0,False,22.700000000000003,5.1000000000000005,-3.5
1814,41835.0,False,22.400000000000002,5.300000000000001,-3.6
1815,41852.0,False,22.0,5.5,-3.6
1816,41868.0,False,21.1,5.9,-3.5
1817,41887.0,False,20.200000000000003,6.300000000000001,-3.0
1818,41904.0,False,19.200000000000003,6.800000000000001,-2.3000000000000003
1819,41926.0,False,18.2,7.300000000000001,-1.6
1820,41941.0,False,17.2,7.9,-1.1
1821,41951.0,False,16.7,8.1,-1.0
1822,41973.0,False,15.700000000000001,8.200000000000001,-0.9
1823,41989.0,False,15.200000000000001,8.200000000000001,-1.0
1824,42001.0,False,14.700000000000001,8.0,-1.2000000000000002
1825,42019.0,False,13.8,7.5,-1.8
1826,42039.0,False,12.9,7.0,-2.4000000000000004
1827,42052.0,False,12.0,6.6000000000000005,-3.3000000000000003
1828,42068.0,False,11.5,6.5,-3.7
1829,42084.0,False,10.600000000000001,6.4,-4.4
1830,42101.0,False,9.8,6.300000000000001,-4.800000000000001
1831,42121.0,False,9.1,6.4,-4.9
1832,42138.0,False,8.9,6.5,-4.9
1833,42151.0,False,8.5,6.7,-4.800000000000001
1834,42168.0,False,8.3,6.800000000000001,-4.7
1835,42187.0,False,8.0,7.1000000000000005,-4.5
1836,42219.0,False,7.6000000000000005,7.300000000000001,-4.1000000000000005
1837,42235.0,False,7.5,7.2,-4.0
1838,42255.0,False,7.5,7.0,-3.9000000000000004
1839,42276.0,False,7.5,6.6000000000000005,-3.6
1840,42284.0,False,7.6000000000000005,6.300000000000001,-3.5
1841,42303.0,False,7.6000000000000005,5.7,-3.4000000000000004
1842,42318.0,False,7.800000000000001,5.0,-3.1
1843,42335.0,False,7.800000000000001,4.6000000000000005,-2.9000000000000004
1844,42353.0,False,8.1,3.9000000000000004,-2.8000000000000003
1845,42370.0,False,8.200000000000001,3.4000000000000004,-2.8000000000000003
1846,42386.0,False,8.200000000000001,3.3000000000000003,-3.0
1847,42401.0,False,8.200000000000001,3.2,-3.4000000000000004
1848,42419.0,False,8.0,3.1,-3.8000000000000003
1849,42434.0,False,8.0,3.1,-4.0
1850,42451.0,False,7.9,3.2,-4.2
1851,42469.0,False,7.7,3.5,-4.4
1852,42486.0,False,7.7,3.6,-4.3
1853,42503.0,False,7.800000000000001,3.8000000000000003,-4.0
1854,42523.0,False,8.0,3.9000000000000004,-3.5
1855,42539.0,False,8.4,3.8000000000000003,-3.3000000000000003
1856,42553.0,False,8.700000000000001,3.8000000000000003,-3.2
1857,42569.0,False,9.200000000000001,3.6,-3.2
1858,42585.0,False,9.5,3.4000000000000004,-3.3000000000000003
1859,42601.0,False,10.100000000000001,3.0,-3.5
1860,42621.0,False,10.8,2.6,-3.4000000000000004
1861,42635.0,False,11.200000000000001,2.4000000000000004,-3.4000000000000004
1862,42651.0,False,12.100000000000001,2.0,-3.2
1863,42668.0,False,13.100000000000001,1.7000000000000002,-3.0
1864,42684.0,False,13.5,1.5,-2.9000000000000004
1865,42701.0,False,14.0,1.2000000000000002,-2.9000000000000004
1866,42718.0,False,15.3,0.7000000000000001,-2.8000000000000003
1867,42734.0,False,15.700000000000001,0.5,-2.8000000000000003
1868,42751.0,False,16.5,0.1,-2.9000000000000004
1869,42768.0,False,17.2,-0.2,-2.9000000000000004
1870,42787.0,False,17.8,-0.4,-2.8000000000000003
1871,42803.0,False,18.1,-0.4,-2.8000000000000003
1872,42819.0,False,18.5,-0.5,-2.7
1873,42835.0,False,18.7,-0.5,-2.6
1874,42852.0,False,19.0,-0.6000000000000001,-2.2
1875,42869.0,False,19.400000000000002,-0.7000000000000001,-1.8
1876,42884.0,False,19.700000000000003,-0.8,-1.4000000000000001
1877,42901.0,False,19.8,-0.8,-1.2000000000000002
1878,42918.0,False,19.8,-0.8,-1.0
1879,42936.0,False,19.8,-0.7000000000000001,-0.7000000000000001
1880,42954.0,False,19.8,-0.4,-0.6000000000000001
1881,42985.0,False,19.700000000000003,0.1,-0.6000000000000001
1882,43003.0,False,19.5,0.7000000000000001,-0.8
1883,43019.0,False,19.3,1.1,-0.9
1884,43036.0,False,18.900000000000002,1.8,-1.1
1885,43052.0,False,18.6,2.2,-1.1
1886,43067.0,False,18.1,2.8000000000000003,-1.1
1887,43084.0,False,17.900000000000002,3.1,-1.1
1888,43101.0,False,17.3,3.6,-0.9
1889,43120.0,False,16.8,3.9000000000000004,-0.6000000000000001
1890,43140.0,False,16.400000000000002,4.0,-0.30000000000000004
1891,43151.0,False,16.1,4.0,-0.1
1892,43169.0,False,15.600000000000001,4.1000000000000005,0.0
1893,43185.0,False,15.100000000000001,4.1000000000000005,-0.1
1894,43201.0,False,14.8,4.1000000000000005,-0.2
1895,43224.0,False,13.8,4.1000000000000005,-0.9
1896,43235.0,False,13.4,4.2,-1.2000000000000002
1897,43254.0,False,12.600000000000001,4.3,-1.9000000000000001
1898,43268.0,False,12.200000000000001,4.3,-2.2
1899,43285.0,False,11.5,4.3,-2.8000000000000003
1900,43303.0,False,10.8,4.3,-3.1
1901,43323.0,False,10.200000000000001,4.4,-3.4000000000000004
1902,43335.0,False,9.9,4.5,-3.5
1903,43353.0,False,9.4,4.7,-3.5
1904,43368.0,False,9.1,4.800000000000001,-3.5
1905,43387.0,False,8.5,5.1000000000000005,-3.2
1906,43403.0,False,8.1,5.5,-3.0
1907,43422.0,False,7.7,5.800000000000001,-2.7
1908,43436.0,False,7.5,5.9,-2.6
1909,43454.0,False,7.1000000000000005,5.9,-2.3000000000000003
1910,43469.0,False,7.0,5.9,-2.1
1911,43485.0,False,6.9,5.7,-1.8
1912,43501.0,False,6.800000000000001,5.5,-1.7000000000000002
1913,43525.0,False,6.9,5.2,-1.6
1914,43551.0,False,7.1000000000000005,4.800000000000001,-1.5
1915,43570.0,False,7.1000000000000005,4.7,-1.4000000000000001
1916,43585.0,False,7.1000000000000005,4.7,-1.3
1917,43604.0,False,7.2,4.800000000000001,-1.2000000000000002
1918,43641.0,False,7.2,4.9,-1.1
1919,43651.0,False,7.2,5.0,-1.0
1920,43669.0,False,7.2,5.1000000000000005,-1.0
1921,43686.0,False,7.2,5.2,-0.8
1922,43701.0,False,7.2,5.300000000000001,-0.6000000000000001
1923,43722.0,False,7.4,5.300000000000001,-0.30000000000000004
1924,43737.0,False,7.7,5.1000000000000005,-0.30000000000000004
1925,43752.0,False,7.9,5.0,-0.4
1926,43772.0,False,8.3,4.5,-0.6000000000000001
1927,43785.0,False,8.6,4.2,-0.7000000000000001
1928,43801.0,False,9.1,3.6,-0.8
1929,43831.0,False,9.9,2.9000000000000004,-0.7000000000000001
1930,43852.0,False,10.4,2.5,-0.6000000000000001
1931,43868.0,False,11.0,2.1,-0.4
1932,43884.0,False,11.200000000000001,1.9000000000000001,-0.30000000000000004
1933,43901.0,False,11.700000000000001,1.4000000000000001,-0.1
1934,43920.0,False,12.200000000000001,0.8,0.0
1935,43937.0,False,12.5,0.5,0.0
1936,43952.0,False,12.9,0.0,0.0
1937,43968.0,False,13.200000000000001,-0.4,0.0
1938,44001.0,False,13.4,-0.4,0.0
1939,44018.0,False,13.3,-0.1,0.2
1940,44036.0,False,13.3,0.1,0.30000000000000004
1941,44052.0,False,13.100000000000001,0.6000000000000001,0.9
1942,44070.0,False,12.8,1.3,1.6
1943,44085.0,False,12.700000000000001,1.7000000000000002,2.0
1944,44102.0,False,12.3,2.7,2.5
1945,44119.0,False,11.8,3.7,3.0
1946,44135.0,False,11.600000000000001,4.1000000000000005,3.3000000000000003
1947,44151.0,False,11.3,4.9,3.6
1948,44168.0,False,11.3,5.4,3.8000000000000003
1949,44185.0,False,11.3,5.6000000000000005,3.8000000000000003
1950,44202.0,False,11.600000000000001,6.1000000000000005,3.5
1951,44218.0,False,11.700000000000001,6.7,3.0
1952,44237.0,False,11.8,7.2,2.4000000000000004
1953,44251.0,False,11.8,7.5,2.1
1954,44268.0,False,11.8,8.1,1.6
1955,44284.0,False,11.700000000000001,8.700000000000001,1.3
1956,44302.0,False,11.600000000000001,9.0,1.1
1957,44318.0,False,11.4,9.600000000000001,0.9
1958,44337.0,False,11.100000000000001,10.0,1.0
1959,44351.0,False,11.0,10.200000000000001,1.1
1960,44368.0,False,10.8,10.4,1.2000000000000002
1961,44385.0,False,10.5,10.600000000000001,1.3
1962,44421.0,False,10.200000000000001,10.5,1.3
1963,44435.0,False,10.0,10.200000000000001,1.0
1964,44451.0,False,9.9,10.0,0.9
1965,44469.0,False,9.5,9.4,0.6000000000000001
1966,44487.0,False,9.200000000000001,8.8,0.2
1967,44503.0,False,8.700000000000001,8.200000000000001,-0.1
1968,44519.0,False,8.5,8.0,-0.30000000000000004
1969,44537.0,False,8.0,7.5,-0.4
1970,44552.0,False,7.800000000000001,7.300000000000001,-0.4
1971,44568.0,False,7.4,7.0,-0.2
1972,44586.0,False,7.1000000000000005,6.800000000000001,-0.1
1973,44606.0,False,6.800000000000001,6.800000000000001,0.1
1974,44618.0,False,6.7,6.800000000000001,0.2
1975,44635.0,False,6.4,6.6000000000000005,0.6000000000000001
1976,44652.0,False,6.2,6.4,1.1
1977,44668.0,False,6.1000000000000005,6.2,1.4000000000000001
1978,44685.0,False,6.1000000000000005,5.9,1.7000000000000002
1979,44702.0,False,6.1000000000000005,5.7,1.8
1980,44718.0,False,6.2,5.1000000000000005,2.0
1981,44735.0,False,6.4,4.3,2.3000000000000003
1982,44751.0,False,6.7,3.6,2.7
1983,44768.0,False,6.9,3.3000000000000003,3.0
1984,44787.0,False,7.300000000000001,2.9000000000000004,3.5
1985,44802.0,False,7.7,2.7,3.5
1986,44817.0,False,7.9,2.7,3.3000000000000003
1987,44836.0,False,8.1,2.8000000000000003,2.8000000000000003
1988,44851.0,False,8.200000000000001,3.0,2.1
1989,44868.0,False,8.200000000000001,3.2,1.8
1990,44886.0,False,8.200000000000001,3.6,1.1
1991,44902.0,False,8.1,4.2,0.5
1992,44918.0,False,8.200000000000001,4.4,0.30000000000000004
1993,44934.0,False,8.3,4.800000000000001,-0.1
1994,44951.0,False,8.6,4.9,-0.4
1995,44970.0,False,9.0,4.9,-0.5
1996,44985.0,False,9.200000000000001,4.800000000000001,-0.6000000000000001
1997,45001.0,False,9.8,4.4,-0.5
1998,45022.0,False,10.5,4.0,-0.4
1999,45035.0,False,10.9,3.8000000000000003,-0.4
2000,45051.0,False,11.600000000000001,3.4000000000000004,-0.4
2001,45071.0,False,12.200000000000001,3.0,-0.4
2002,45084.0,False,12.5,2.8000000000000003,-0.4
2003,45101.0,False,13.200000000000001,2.3000000000000003,-0.30000000000000004
2004,45118.0,False,13.9,1.8,-0.2
2005,45134.0,False,14.3,1.5,-0.2
2006,45151.0,False,15.0,1.1,-0.1
2007,45168.0,False,15.600000000000001,0.7000000000000001,-0.1
2008,45186.0,False,15.9,0.5,0.0
2009,45202.0,False,16.1,0.4,0.0
2010,45217.0,False,16.7,0.2,0.1
2011,45234.0,False,16.8,0.1,0.2
2012,45251.0,False,17.0,0.1,0.5
2013,45268.0,False,17.1,0.2,1.0
2014,45285.0,False,17.0,0.4,1.2000000000000002
2015,45302.0,False,16.900000000000002,0.9,1.7000000000000002
2016,45318.0,False,16.6,1.5,2.4000000000000004
2017,45336.0,False,16.5,1.8,2.7
2018,45351.0,False,16.400000000000002,2.3000000000000003,3.1
2019,45368.0,False,16.400000000000002,2.8000000000000003,3.2
2020,45387.0,False,16.5,3.4000000000000004,2.7
2021,45401.0,False,16.400000000000002,3.7,2.3000000000000003
2022,45418.0,False,16.400000000000002,4.2,1.5
2023,45435.0,False,16.400000000000002,4.5,1.1
2024,45451.0,False,16.3,4.7,0.7000000000000001
2025,45469.0,False,16.3,5.300000000000001,0.1
2026,45485.0,False,16.2,5.6000000000000005,0.1
2027,45501.0,False,16.1,6.2,0.30000000000000004
2028,45527.0,False,16.0,7.1000000000000005,1.1
2029,45553.0,False,16.0,7.6000000000000005,1.8
2030,45569.0,False,16.0,7.9,2.2
2031,45585.0,False,16.0,8.0,2.1
2032,45601.0,False,16.0,8.0,1.9000000000000001
2033,45618.0,False,15.9,7.9,1.2000000000000002
2034,45634.0,False,15.600000000000001,7.7,0.5
2035,45651.0,False,15.5,7.5,0.1
2036,45668.0,False,15.200000000000001,7.1000000000000005,-0.5
2037,45687.0,False,15.0,6.7,-1.1
2038,45717.0,False,14.4,6.2,-1.6
2039,45737.0,False,13.8,5.9,-1.7000000000000002
2040,45751.0,False,13.5,5.9,-1.6
2041,45770.0,False,12.9,6.0,-1.5
2042,45785.0,False,12.200000000000001,6.300000000000001,-1.4000000000000001
2043,45801.0,False,11.9,6.5,-1.3
2044,45818.0,False,11.200000000000001,6.7,-1.2000000000000002
2045,45834.0,False,10.700000000000001,6.9,-1.1
2046,45851.0,False,10.5,6.800000000000001,-1.0
2047,45885.0,False,9.9,6.300000000000001,-0.5
2048,45903.0,False,9.700000000000001,6.0,-0.6000000000000001
2049,45918.0,False,9.700000000000001,5.800000000000001,-0.6000000000000001
2050,45936.0,False,9.5,5.4,-0.6000000000000001
2051,45957.0,False,9.4,4.800000000000001,-0.5
2052,45968.0,False,9.3,4.6000000000000005,-0.4
2053,45986.0,False,9.200000000000001,4.3,-0.1
2054,46013.0,False,9.1,4.1000000000000005,0.0
2055,46038.0,False,9.1,4.0,0.0
2056,46051.0,False,9.1,4.0,-0.1
2057,46069.0,False,9.0,4.2,-0.2
2058,46086.0,False,9.0,4.4,-0.1
2059,46101.0,False,9.0,4.800000000000001,-0.1
2060,46119.0,False,9.0,4.9,0.0
2061,46135.0,False,9.1,5.1000000000000005,0.0
2062,46151.0,False,9.4,5.1000000000000005,-0.1
2063,46168.0,False,9.600000000000001,5.0,-0.2
2064,46188.0,False,10.0,4.800000000000001,-0.4
2065,46201.0,False,10.200000000000001,4.6000000000000005,-0.6000000000000001
2066,46217.0,False,10.700000000000001,4.3,-0.9
2067,46236.0,False,11.3,4.0,-1.2000000000000002
2068,46251.0,False,11.8,3.7,-1.4000000000000001
2069,46269.0,False,12.100000000000001,3.6,-1.5
2070,46284.0,False,12.700000000000001,3.3000000000000003,-1.7000000000000002
2071,46313.0,False,13.5,2.8000000000000003,-1.8
2072,46334.0,False,14.100000000000001,2.4000000000000004,-1.8
2073,46351.0,False,14.5,2.1,-1.9000000000000001
2074,46368.0,False,14.700000000000001,2.0,-1.9000000000000001
2075,46385.0,False,15.0,1.9000000000000001,-2.0
2076,46401.0,False,15.200000000000001,2.0,-2.2
2077,46418.0,False,15.3,2.1,-2.3000000000000003
2078,46434.0,False,15.200000000000001,2.3000000000000003,-2.6
2079,46451.0,False,15.100000000000001,2.4000000000000004,-2.6
2080,46470.0,False,14.9,2.8000000000000003,-2.2
2081,46484.0,False,14.8,3.0,-2.1
2082,46501.0,False,14.600000000000001,3.3000000000000003,-1.8
2083,46519.0,False,14.4,3.5,-1.7000000000000002
2084,46538.0,False,14.100000000000001,3.9000000000000004,-1.7000000000000002
2085,46551.0,False,13.700000000000001,4.2,-1.4000000000000001
2086,46568.0,False,13.4,4.6000000000000005,-1.1
2087,46584.0,False,13.3,4.9,-0.9
2088,46601.0,False,13.200000000000001,5.5,-0.5
2089,46618.0,False,13.100000000000001,6.300000000000001,-0.4
2090,46634.0,False,13.0,6.7,-0.5
2091,46651.0,False,12.700000000000001,7.5,-0.7000000000000001
2092,46669.0,False,12.5,8.200000000000001,-0.9
2093,46685.0,False,12.4,8.4,-1.0
2094,46701.0,False,12.3,8.6,-1.1
2095,46718.0,False,11.9,8.8,-1.3
2096,46734.0,False,11.700000000000001,8.9,-1.3
2097,46752.0,False,11.4,9.0,-1.2000000000000002
2098,46771.0,False,11.0,9.200000000000001,-0.9
2099,46786.0,False,10.600000000000001,9.5,-0.6000000000000001
2100,46810.0,False,10.200000000000001,9.700000000000001,-0.4
2101,46835.0,False,9.9,9.8,-0.30000000000000004
2102,46851.0,False,9.700000000000001,9.8,-0.6000000000000001
2103,46868.0,False,9.5,9.600000000000001,-1.2000000000000002
2104,46886.0,False,9.3,9.3,-1.7000000000000002
2105,46915.0,False,9.1,9.200000000000001,-2.3000000000000003
2106,46918.0,False,9.0,9.200000000000001,-2.5
2107,46935.0,False,8.8,9.200000000000001,-2.7
2108,46951.0,False,8.700000000000001,9.200000000000001,-2.9000000000000004
2109,46968.0,False,8.200000000000001,9.5,-3.2
2110,46985.0,False,8.0,9.600000000000001,-3.2
2111,47005.0,False,7.6000000000000005,10.0,-3.1
2112,47020.0,False,7.5,10.100000000000001,-3.1
2113,47035.0,False,7.4,10.3,-3.1
2114,47051.0,False,7.1000000000000005,10.8,-3.2
2115,47071.0,False,6.9,11.4,-3.4000000000000004
2116,47086.0,False,6.6000000000000005,12.0,-3.5
2117,47115.0,False,6.4,12.9,-3.3000000000000003
2118,47134.0,False,6.300000000000001,13.600000000000001,-3.0
2119,47154.0,False,6.4,14.200000000000001,-2.9000000000000004
2120,47168.0,False,6.4,14.3,-2.8000000000000003
2121,47188.0,False,6.6000000000000005,14.5,-2.7
2122,47210.0,False,6.800000000000001,14.3,-2.7
2123,47236.0,False,7.2,14.0,-2.6
2124,47258.0,False,7.5,14.0,-2.8000000000000003
2125,47271.0,False,7.7,14.0,-2.9000000000000004
2126,47287.0,False,7.9,14.100000000000001,-3.3000000000000003
2127,47305.0,False,8.0,14.5,-3.7
2128,47323.0,False,8.0,15.0,-4.0
2129,47334.0,False,7.9,15.3,-4.0
2130,47351.0,False,7.9,15.5,-4.0
2131,47369.0,False,7.9,16.0,-3.8000000000000003
2132,47384.0,False,8.0,16.2,-3.5
2133,47406.0,False,8.200000000000001,16.2,-3.2
2134,47417.0,False,8.4,16.1,-3.0
2135,47434.0,False,8.8,15.8,-2.9000000000000004
2136,47451.0,False,9.0,15.700000000000001,-2.8000000000000003
2137,47470.0,False,9.5,15.5,-2.9000000000000004
2138,47485.0,False,9.9,15.3,-2.9000000000000004
2139,47510.0,False,10.3,15.3,-3.0
2140,47518.0,False,10.5,15.3,-3.0
2141,47534.0,False,10.9,15.3,-3.0
2142,47553.0,False,11.100000000000001,15.200000000000001,-3.0
2143,47567.0,False,11.5,15.100000000000001,-3.0
2144,47591.0,False,11.9,14.9,-3.0
2145,47621.0,False,12.3,14.700000000000001,-3.0
2146,47653.0,False,12.600000000000001,14.600000000000001,-3.2
2147,47668.0,False,12.700000000000001,14.600000000000001,-3.3000000000000003
2148,47684.0,False,12.700000000000001,14.600000000000001,-3.5
2149,47738.0,False,12.700000000000001,14.5,-3.3000000000000003
2150,47751.0,False,12.8,14.4,-3.0
2151,47767.0,False,12.700000000000001,14.5,-2.8000000000000003
2152,47784.0,False,12.600000000000001,14.600000000000001,-2.5
2153,47806.0,False,12.3,14.600000000000001,-2.0
2154,47822.0,False,12.100000000000001,14.600000000000001,-1.3
2155,47835.0,False,12.100000000000001,14.5,-1.0
2156,47851.0,False,12.0,14.3,-0.6000000000000001
2157,47870.0,False,12.0,14.200000000000001,-0.4
2158,47901.0,False,11.9,14.0,-0.4
2159,47926.0,False,11.600000000000001,14.200000000000001,-0.4
2160,47934.0,False,11.5,14.3,-0.4
2161,47952.0,False,11.200000000000001,14.5,-0.30000000000000004
2162,47969.0,False,10.8,14.5,0.0
2163,47995.0,False,10.5,14.3,0.5
2164,48001.0,False,10.4,14.200000000000001,0.8
2165,48018.0,False,10.100000000000001,13.9,1.5
2166,48037.0,False,9.9,13.700000000000001,1.9000000000000001
2167,48051.0,False,9.8,13.4,2.5
2168,48067.0,False,9.8,13.0,2.9000000000000004
2169,48087.0,False,9.700000000000001,12.700000000000001,2.8000000000000003
2170,48101.0,False,9.700000000000001,12.5,2.6
2171,48126.0,False,9.600000000000001,12.100000000000001,2.1
2172,48134.0,False,9.5,12.0,1.8
2173,48152.0,False,9.3,11.600000000000001,1.2000000000000002
2174,48167.0,False,9.200000000000001,11.100000000000001,0.8
2175,48186.0,False,9.0,10.700000000000001,0.5
2176,48227.0,False,8.8,10.100000000000001,0.4
2177,48251.0,False,8.6,10.100000000000001,0.4
2178,48269.0,False,8.3,10.3,0.30000000000000004
2179,48286.0,False,8.1,10.700000000000001,0.2
2180,48303.0,False,7.9,10.9,0.0
2181,48322.0,False,7.7,11.3,-0.1
2182,48336.0,False,7.5,11.5,-0.1
2183,48351.0,False,7.4,11.600000000000001,0.0
2184,48369.0,False,7.4,11.700000000000001,0.1
2185,48386.0,False,7.5,11.700000000000001,0.2
2186,48428.0,False,7.7,10.700000000000001,0.5
2187,48435.0,False,7.800000000000001,10.4,0.6000000000000001
2188,48452.0,False,7.9,10.0,0.7000000000000001
2189,48469.0,False,8.200000000000001,9.200000000000001,0.9
2190,48487.0,False,8.4,8.6,1.2000000000000002
2191,48504.0,False,8.700000000000001,8.200000000000001,1.3
2192,48521.0,False,8.9,8.1,1.3
2193,48534.0,False,9.1,8.0,1.0
2194,48553.0,False,9.3,8.1,0.30000000000000004
2195,48567.0,False,9.3,8.200000000000001,-0.1
2196,48584.0,False,9.200000000000001,8.4,-0.6000000000000001
2197,48606.0,False,9.3,8.700000000000001,-0.9
2198,48634.0,False,9.4,8.9,-0.9
2199,48655.0,False,9.600000000000001,9.0,-0.7000000000000001
2200,48669.0,False,9.8,9.0,-0.6000000000000001
2201,48685.0,False,10.100000000000001,9.0,-0.5
2202,48701.0,False,10.4,8.9,-0.5
2203,48723.0,False,10.9,8.700000000000001,-0.6000000000000001
2204,48734.0,False,11.5,8.3,-0.9
2205,48755.0,False,12.200000000000001,7.9,-1.1
2206,48769.0,False,12.5,7.6000000000000005,-1.2000000000000002
2207,48786.0,False,13.200000000000001,7.1000000000000005,-1.3
2208,48801.0,False,13.8,6.6000000000000005,-1.2000000000000002
2209,48822.0,False,14.4,6.2,-1.0
2210,48852.0,False,15.100000000000001,5.9,-0.7000000000000001
2211,48868.0,False,15.3,5.800000000000001,-0.6000000000000001
2212,48887.0,False,15.600000000000001,5.6000000000000005,-0.30000000000000004
2213,48904.0,False,15.9,5.6000000000000005,-0.1
2214,48924.0,False,16.1,5.800000000000001,0.0
2215,48955.0,False,16.3,6.300000000000001,-0.1
2216,48968.0,False,16.400000000000002,6.5,-0.1
2217,48990.0,False,16.5,6.800000000000001,-0.1
2218,49003.0,False,16.5,6.9,0.0
2219,49021.0,False,16.6,7.2,0.1
2220,49034.0,False,16.6,7.300000000000001,0.1
2221,49052.0,False,16.7,7.5,0.2
2222,49067.0,False,16.8,7.6000000000000005,0.4
2223,49086.0,False,16.900000000000002,7.6000000000000005,0.9
2224,49101.0,False,17.1,7.800000000000001,1.4000000000000001
2225,49119.0,False,17.3,8.3,1.5
2226,49134.0,False,17.3,8.6,1.5
2227,49152.0,False,17.3,9.200000000000001,1.4000000000000001
2228,49167.0,False,17.3,9.600000000000001,1.3
2229,49186.0,False,17.3,10.200000000000001,0.9
2230,49201.0,False,17.2,10.5,0.7000000000000001
2231,49217.0,False,17.1,10.8,0.5
2232,49235.0,False,17.0,10.9,0.4
2233,49269.0,False,16.8,11.0,0.8
2234,49284.0,False,16.7,11.0,0.9
2235,49302.0,False,16.7,11.100000000000001,1.2000000000000002
2236,49337.0,False,16.5,11.100000000000001,1.2000000000000002
2237,49354.0,False,16.400000000000002,11.0,0.9
2238,49368.0,False,16.3,11.0,0.7000000000000001
2239,49385.0,False,16.1,10.8,0.2
2240,49401.0,False,15.9,10.5,-0.30000000000000004
2241,49420.0,False,15.600000000000001,10.200000000000001,-0.7000000000000001
2242,49439.0,False,15.4,9.9,-0.9
2243,49470.0,False,15.100000000000001,9.3,-1.0
2244,49486.0,False,15.0,9.200000000000001,-1.1
2245,49501.0,False,14.8,8.9,-1.2000000000000002
2246,49525.0,False,14.5,8.8,-1.3
2247,49540.0,False,14.200000000000001,8.9,-1.3
2248,49553.0,False,14.0,9.1,-1.3
2249,49570.0,False,13.8,9.4,-1.3
2250,49585.0,False,13.700000000000001,9.600000000000001,-1.2000000000000002
2251,49601.0,False,13.600000000000001,9.700000000000001,-1.1
2252,49625.0,False,13.5,9.600000000000001,-0.9
2253,49635.0,False,13.5,9.4,-0.8
2254,49651.0,False,13.600000000000001,9.0,-0.6000000000000001
2255,49668.0,False,13.8,8.3,-0.5
2256,49686.0,False,14.100000000000001,7.5,-0.30000000000000004
2257,49701.0,False,14.3,7.1000000000000005,-0.2
2258,49727.0,False,14.700000000000001,6.0,0.30000000000000004
2259,49756.0,False,15.200000000000001,5.2,0.9
2260,49769.0,False,15.4,5.1000000000000005,1.0
2261,49784.0,False,15.4,5.1000000000000005,0.8
2262,49801.0,False,15.4,5.2,0.6000000000000001
2263,49819.0,False,15.100000000000001,5.5,0.1
2264,49835.0,False,14.700000000000001,5.9,-0.1
2265,49853.0,False,14.5,6.0,-0.1
2266,49867.0,False,14.3,6.4,0.0
2267,49884.0,False,14.200000000000001,6.6000000000000005,0.0
2268,49924.0,False,14.3,6.9,0.0
2269,49935.0,False,14.4,7.0,-0.30000000000000004
2270,49954.0,False,14.5,7.0,-0.5
2271,49968.0,False,14.9,6.9,-0.9
2272,49989.0,False,15.200000000000001,6.6000000000000005,-1.4000000000000001
2273,50001.0,False,15.4,6.300000000000001,-1.6
2274,50019.0,False,15.9,5.7,-1.9000000000000001
2275,50035.0,False,16.2,5.1000000000000005,-2.1
2276,50051.0,False,16.400000000000002,4.800000000000001,-2.2
2277,50068.0,False,16.7,4.2,-2.1
2278,50086.0,False,16.8,3.8000000000000003,-1.9000000000000001
2279,50104.0,False,16.900000000000002,3.6,-1.6
2280,50127.0,False,16.8,3.5,-1.3
2281,50134.0,False,16.7,3.6,-1.2000000000000002
2282,50152.0,False,16.3,3.8000000000000003,-0.9
2283,50169.0,False,16.2,3.8000000000000003,-0.7000000000000001
2284,50187.0,False,15.8,3.9000000000000004,-0.4
2285,50203.0,False,15.700000000000001,4.0,-0.2
2286,50221.0,False,15.5,4.0,0.2
2287,50235.0,False,15.3,4.0,0.6000000000000001
2288,50252.0,False,15.3,4.1000000000000005,0.8
2289,50284.0,False,15.100000000000001,4.3,0.6000000000000001
2290,50302.0,False,15.0,4.3,0.6000000000000001
2291,50321.0,False,15.0,4.2,0.8
2292,50354.0,False,15.100000000000001,4.4,1.0
2293,50367.0,False,15.100000000000001,4.6000000000000005,0.9
2294,50386.0,False,15.100000000000001,5.1000000000000005,0.7000000000000001
2295,50404.0,False,14.8,5.6000000000000005,0.5
2296,50422.0,False,14.5,5.9,0.4
2297,50438.0,False,14.3,6.0,0.4
2298,50467.0,False,13.9,6.1000000000000005,0.6000000000000001
2299,50484.0,False,13.600000000000001,6.1000000000000005,0.7000000000000001
2300,50503.0,False,13.200000000000001,6.2,0.9
2301,50519.0,False,12.700000000000001,6.300000000000001,1.0
2302,50534.0,False,12.600000000000001,6.2,1.0
2303,50552.0,False,12.200000000000001,6.2,0.9
2304,50568.0,False,12.0,6.1000000000000005,0.7000000000000001
2305,50586.0,False,11.600000000000001,6.0,0.2
2306,50601.0,False,11.100000000000001,5.9,-0.30000000000000004
2307,50621.0,False,10.5,5.800000000000001,-0.8
2308,50636.0,False,10.3,5.800000000000001,-1.0
2309,50651.0,False,9.700000000000001,5.800000000000001,-1.4000000000000001
2310,50670.0,False,9.200000000000001,5.9,-1.6
2311,50684.0,False,8.9,6.0,-1.7000000000000002
2312,50701.0,False,8.6,6.1000000000000005,-1.7000000000000002
2313,50720.0,False,7.800000000000001,6.4,-1.6
2314,50735.0,False,7.5,6.6000000000000005,-1.6
2315,50753.0,False,7.0,6.9,-1.6
2316,50770.0,False,6.5,7.0,-1.7000000000000002
2317,50784.0,False,6.2,7.1000000000000005,-1.7000000000000002
2318,50802.0,False,5.800000000000001,7.1000000000000005,-1.6
2319,50823.0,False,5.5,7.1000000000000005,-1.4000000000000001
2320,50835.0,False,5.300000000000001,7.1000000000000005,-1.3
2321,50855.0,False,5.0,7.2,-0.9
2322,50870.0,False,4.800000000000001,7.2,-0.7000000000000001
2323,50885.0,False,4.7,7.2,-0.6000000000000001
2324,50902.0,False,4.6000000000000005,6.9,-0.4
2325,50940.0,False,4.7,5.800000000000001,0.1
2326,50951.0,False,4.800000000000001,5.6000000000000005,0.2
2327,50969.0,False,5.1000000000000005,5.4,0.30000000000000004
2328,50987.0,False,5.300000000000001,5.2,0.2
2329,51002.0,False,5.4,5.1000000000000005,0.1
2330,51018.0,False,5.4,5.1000000000000005,-0.2
2331,51036.0,False,5.5,5.300000000000001,-0.6000000000000001
2332,51052.0,False,5.5,5.4,-0.8
2333,51069.0,False,5.5,5.6000000000000005,-1.1
2334,51084.0,False,5.6000000000000005,5.7,-1.2000000000000002
2335,51101.0,False,5.7,5.800000000000001,-1.3
2336,51120.0,False,6.0,5.800000000000001,-1.4000000000000001
2337,51136.0,False,6.300000000000001,5.800000000000001,-1.6
2338,51151.0,False,6.6000000000000005,5.800000000000001,-1.8
2339,51167.0,False,7.1000000000000005,5.6000000000000005,-2.3000000000000003
2340,51184.0,False,7.6000000000000005,5.4,-2.9000000000000004
2341,51203.0,False,7.9,5.2,-3.1
2342,51221.0,False,8.4,4.7,-3.4000000000000004
2343,51237.0,False,8.9,4.1000000000000005,-3.5
2344,51251.0,False,9.200000000000001,3.9000000000000004,-3.4000000000000004
2345,51268.0,False,9.700000000000001,3.5,-3.3000000000000003
2346,51284.0,False,10.0,3.4000000000000004,-3.2
2347,51303.0,False,10.0,3.4000000000000004,-3.1
2348,51318.0,False,10.100000000000001,3.4000000000000004,-3.0
2349,51335.0,False,10.100000000000001,3.6,-2.9000000000000004
2350,51351.0,False,10.0,3.8000000000000003,-2.9000000000000004
2351,51370.0,False,9.9,4.0,-3.0
2352,51386.0,False,9.8,4.3,-3.1
2353,51401.0,False,9.700000000000001,4.4,-3.1
2354,51420.0,False,9.5,4.5,-3.1
2355,51436.0,False,9.4,4.5,-2.8000000000000003
2356,51452.0,False,9.3,4.5,-2.7
2357,51467.0,False,9.200000000000001,4.5,-2.6
2358,51484.0,False,8.9,4.4,-2.4000000000000004
2359,51508.0,False,8.5,4.4,-2.0
2360,51523.0,False,8.1,4.6000000000000005,-1.4000000000000001
2361,51535.0,False,7.9,4.800000000000001,-1.1
2362,51551.0,False,7.800000000000001,5.0,-0.9
2363,51568.0,False,7.5,5.6000000000000005,-0.7000000000000001
2364,51585.0,False,7.1000000000000005,6.2,-0.8
2365,51603.0,False,6.5,6.800000000000001,-0.9
2366,51618.0,False,6.2,7.1000000000000005,-0.9
2367,51634.0,False,5.7,7.6000000000000005,-0.7000000000000001
2368,51654.0,False,5.300000000000001,8.200000000000001,-0.5
2369,51669.0,False,5.1000000000000005,8.5,-0.30000000000000004
2370,51684.0,False,4.7,9.0,0.1
2371,51701.0,False,4.6000000000000005,9.200000000000001,0.30000000000000004
2372,51727.0,False,4.3,9.5,1.1
2373,51734.0,False,4.3,9.5,1.2000000000000002
2374,51755.0,False,4.4,9.600000000000001,1.2000000000000002
2375,51767.0,False,4.5,9.700000000000001,1.0
2376,51786.0,False,4.5,9.600000000000001,0.30000000000000004
2377,51801.0,False,4.5,9.5,-0.5
2378,51817.0,False,4.5,9.4,-1.0
2379,51836.0,False,4.5,9.1,-1.8
2380,51851.0,False,4.6000000000000005,8.8,-2.3000000000000003
2381,51867.0,False,4.6000000000000005,8.700000000000001,-2.6
2382,51889.0,False,4.5,8.5,-3.0
2383,51901.0,False,4.5,8.5,-3.2
2384,51918.0,False,4.4,8.5,-3.3000000000000003
2385,51934.0,False,4.2,8.6,-3.4000000000000004
2386,51951.0,False,4.0,9.0,-3.5
2387,51968.0,False,3.8000000000000003,9.200000000000001,-3.6
2388,51985.0,False,3.6,9.600000000000001,-3.7
2389,52001.0,False,3.3000000000000003,9.9,-3.7
2390,52017.0,False,3.2,10.0,-3.7
2391,52034.0,False,2.9000000000000004,10.3,-3.5
2392,52052.0,False,2.7,10.700000000000001,-3.3000000000000003
2393,52067.0,False,2.6,11.0,-3.2
2394,52084.0,False,2.5,11.100000000000001,-3.1
2395,52101.0,False,2.3000000000000003,11.200000000000001,-2.9000000000000004
2396,52117.0,False,2.1,11.0,-2.5
2397,52134.0,False,2.1,10.8,-2.3000000000000003
2398,52153.0,False,2.0,10.4,-1.9000000000000001
2399,52168.0,False,2.1,10.0,-1.6
2400,52184.0,False,2.2,9.8,-1.6
2401,52201.0,False,2.3000000000000003,9.600000000000001,-1.6
2402,52217.0,False,2.1,9.600000000000001,-2.1
2403,52236.0,False,2.0,9.700000000000001,-2.2
2404,52251.0,False,1.8,10.100000000000001,-2.4000000000000004
2405,52271.0,False,1.7000000000000002,10.4,-2.6
2406,52284.0,False,1.6,10.5,-2.7
2407,52302.0,False,1.7000000000000002,10.5,-2.7
2408,52318.0,False,2.0,10.3,-2.7
2409,52334.0,False,2.1,10.200000000000001,-2.8000000000000003
2410,52352.0,False,2.5,9.8,-2.9000000000000004
2411,52367.0,False,3.0,9.4,-3.0
2412,52384.0,False,3.2,9.200000000000001,-3.1
2413,52401.0,False,3.7,8.700000000000001,-3.3000000000000003
2414,52417.0,False,4.1000000000000005,8.3,-3.5
2415,52434.0,False,4.2,8.0,-3.6
2416,52451.0,False,4.4,7.6000000000000005,-3.7
2417,52467.0,False,4.6000000000000005,7.300000000000001,-3.6
2418,52486.0,False,4.7,7.2,-3.5
2419,52517.0,False,4.7,7.300000000000001,-3.3000000000000003
2420,52534.0,False,4.6000000000000005,7.5,-3.3000000000000003
2421,52553.0,False,4.5,7.6000000000000005,-3.2
2422,52568.0,False,4.3,7.9,-3.1
2423,52584.0,False,4.2,8.1,-2.9000000000000004
2424,52601.0,False,4.1000000000000005,8.200000000000001,-2.8000000000000003
2425,52618.0,False,4.0,8.6,-2.6
2426,52635.0,False,3.9000000000000004,9.1,-2.7
2427,52651.0,False,3.8000000000000003,9.4,-2.9000000000000004
2428,52668.0,False,3.6,9.700000000000001,-3.1
2429,52684.0,False,3.1,10.3,-3.8000000000000003
2430,52702.0,False,3.0,10.3,-3.9000000000000004
2431,52734.0,False,2.9000000000000004,10.100000000000001,-3.9000000000000004
2432,52753.0,False,2.9000000000000004,10.4,-4.1000000000000005
2433,52769.0,False,2.8000000000000003,10.700000000000001,-4.3
2434,52784.0,False,2.6,11.3,-4.6000000000000005
2435,52801.0,False,2.5,11.5,-4.7
2436,52817.0,False,2.1,12.0,-4.800000000000001
2437,52834.0,False,1.8,12.4,-4.800000000000001
2438,52851.0,False,1.7000000000000002,12.600000000000001,-4.9
2439,52869.0,False,1.5,12.700000000000001,-4.800000000000001
2440,52885.0,False,1.2000000000000002,12.700000000000001,-4.7
2441,52918.0,False,0.8,12.5,-4.4
2442,52935.0,False,0.7000000000000001,12.4,-4.3
2443,52952.0,False,0.6000000000000001,12.100000000000001,-4.4
2444,52968.0,False,0.5,12.0,-4.6000000000000005
2445,52984.0,False,0.4,11.700000000000001,-5.0
2446,53004.0,False,0.30000000000000004,11.3,-5.5
2447,53017.0,False,0.2,11.100000000000001,-5.7
2448,53037.0,False,0.0,10.8,-6.1000000000000005
2449,53050.0,False,359.90000000000003,10.4,-6.4
2450,53068.0,False,359.8,10.3,-6.4
2451,53084.0,False,359.6,10.0,-6.5
2452,53101.0,False,359.40000000000003,9.700000000000001,-6.4
2453,53117.0,False,359.3,9.700000000000001,-6.300000000000001
2454,53134.0,False,359.1,9.700000000000001,-6.1000000000000005
2455,53151.0,False,358.90000000000003,9.8,-5.800000000000001
2456,53171.0,False,358.70000000000005,10.200000000000001,-5.5
2457,53201.0,False,358.6,10.5,-5.5
2458,53222.0,False,358.5,10.600000000000001,-5.4
2459,53251.0,False,358.3,10.700000000000001,-5.1000000000000005
2460,53269.0,False,358.40000000000003,10.700000000000001,-5.1000000000000005
2461,53302.0,False,358.6,10.600000000000001,-5.300000000000001
2462,53318.0,False,358.6,10.4,-5.300000000000001
2463,53335.0,False,358.70000000000005,10.200000000000001,-5.300000000000001
2464,53368.0,False,359.0,9.9,-5.2
2465,53386.0,False,359.1,9.9,-5.2
2466,53401.0,False,359.20000000000005,9.8,-5.2
2467,53435.0,False,359.20000000000005,10.0,-5.2
2468,53451.0,False,359.20000000000005,10.200000000000001,-5.300000000000001
2469,53468.0,False,358.8,11.100000000000001,-5.5
2470,53486.0,False,358.70000000000005,11.4,-5.6000000000000005
2471,53510.0,False,358.3,12.0,-5.7
2472,53520.0,False,358.20000000000005,12.100000000000001,-5.7
2473,53536.0,False,358.1,12.100000000000001,-5.7
2474,53553.0,False,358.1,12.100000000000001,-5.800000000000001
2475,53570.0,False,358.20000000000005,12.0,-5.800000000000001
2476,53601.0,False,358.5,11.5,-6.0
2477,53619.0,False,358.8,11.100000000000001,-6.0
2478,53637.0,False,359.0,10.8,-6.0
2479,53650.0,False,359.40000000000003,10.100000000000001,-6.1000000000000005
2480,53668.0,False,359.8,9.4,-6.1000000000000005
2481,53689.0,False,0.0,9.1,-6.1000000000000005
2482,53701.0,False,0.2,8.700000000000001,-6.1000000000000005
2483,53717.0,False,0.6000000000000001,7.9,-5.9
2484,53734.0,False,0.7000000000000001,7.7,-5.800000000000001
2485,53751.0,False,0.8,7.5,-5.5
2486,53767.0,False,0.8,7.4,-5.2
2487,53786.0,False,0.8,7.4,-4.800000000000001
2488,53802.0,False,0.8,7.5,-4.7
2489,53817.0,False,0.7000000000000001,7.6000000000000005,-4.3
2490,53835.0,False,0.6000000000000001,7.7,-4.1000000000000005
2491,53851.0,False,0.4,7.800000000000001,-3.6
2492,53869.0,False,0.4,8.0,-3.1
2493,53884.0,False,0.4,8.3,-2.8000000000000003
2494,53901.0,False,0.4,8.5,-2.6
2495,53917.0,False,0.4,8.700000000000001,-2.1
2496,53935.0,False,0.5,8.8,-1.6
2497,53953.0,False,0.5,8.9,-1.4000000000000001
2498,53969.0,False,0.8,9.200000000000001,-1.1
2499,53988.0,False,1.1,9.5,-1.0
2500,54001.0,False,1.3,9.700000000000001,-1.1
2501,54024.0,False,1.6,10.5,-1.5
2502,54037.0,False,1.7000000000000002,10.8,-1.7000000000000002
2503,54051.0,False,1.8,11.0,-1.9000000000000001
2504,54067.0,False,1.9000000000000001,11.4,-2.3000000000000003
2505,54084.0,False,2.0,11.600000000000001,-2.5
2506,54109.0,False,2.0,11.8,-2.8000000000000003
2507,54134.0,False,1.8,11.9,-2.8000000000000003
2508,54151.0,False,1.8,11.8,-2.7
2509,54170.0,False,1.6,11.8,-2.5
2510,54186.0,False,1.3,11.700000000000001,-2.3000000000000003
2511,54201.0,False,1.1,11.700000000000001,-2.3000000000000003
2512,54217.0,False,0.7000000000000001,11.600000000000001,-2.3000000000000003
2513,54236.0,False,0.2,11.4,-2.5
2514,54251.0,False,359.90000000000003,11.3,-2.6
2515,54268.0,False,359.3,11.0,-2.7
2516,54287.0,False,358.8,10.600000000000001,-2.8000000000000003
2517,54310.0,False,358.3,10.200000000000001,-3.0
2518,54317.0,False,358.1,10.0,-3.1
2519,54334.0,False,357.5,9.600000000000001,-3.2
2520,54352.0,False,357.0,9.4,-3.1
2521,54367.0,False,356.8,9.4,-3.0
2522,54386.0,False,356.3,9.5,-2.8000000000000003
2523,54403.0,False,356.0,9.700000000000001,-2.6
2524,54417.0,False,355.8,9.8,-2.6
2525,54434.0,False,355.5,9.8,-2.4000000000000004
2526,54451.0,False,355.40000000000003,9.8,-2.2
2527,54467.0,False,355.3,9.700000000000001,-1.8
2528,54487.0,False,355.3,9.600000000000001,-1.5
2529,54509.0,False,355.40000000000003,9.600000000000001,-1.4000000000000001
2530,54517.0,False,355.40000000000003,9.5,-1.3
2531,54534.0,False,355.5,9.4,-1.1
2532,54551.0,False,355.70000000000005,9.3,-1.0
2533,54587.0,False,356.1,9.4,-1.1
2534,54601.0,False,356.5,9.4,-1.6
2535,54619.0,False,356.6,9.4,-1.8
2536,54634.0,False,356.90000000000003,9.3,-2.3000000000000003
2537,54652.0,False,357.20000000000005,9.200000000000001,-2.7
2538,54668.0,False,357.3,9.3,-2.8000000000000003
2539,54684.0,False,357.40000000000003,9.3,-2.9000000000000004
2540,54711.0,False,357.6,9.4,-2.7
2541,54737.0,False,357.6,9.4,-2.5
2542,54752.0,False,357.6,9.200000000000001,-2.5
2543,54770.0,False,357.70000000000005,9.0,-2.5
2544,54784.0,False,357.70000000000005,8.9,-2.6
2545,54801.0,False,357.8,8.700000000000001,-2.9000000000000004
2546,54825.0,False,357.90000000000003,8.4,-3.2
2547,54834.0,False,358.0,8.3,-3.4000000000000004
2548,54851.0,False,358.1,7.9,-3.7
2549,54868.0,False,358.3,7.6000000000000005,-3.8000000000000003
2550,54885.0,False,358.3,7.4,-3.9000000000000004
2551,54902.0,False,358.5,7.0,-3.9000000000000004
2552,54917.0,False,358.6,6.6000000000000005,-3.8000000000000003
2553,54935.0,False,358.6,6.4,-3.7
2554,54953.0,False,358.70000000000005,6.2,-3.5
2555,54971.0,False,358.6,6.300000000000001,-3.2
2556,54988.0,False,358.6,6.4,-3.1
2557,55000.0,False,358.40000000000003,6.7,-2.9000000000000004
2558,55021.0,False,358.3,7.0,-2.8000000000000003
2559,55034.0,False,358.20000000000005,7.2,-2.8000000000000003
2560,55051.0,False,358.0,7.4,-3.0
2561,55068.0,False,357.8,7.6000000000000005,-3.1
2562,55087.0,False,357.6,7.800000000000001,-3.2
2563,55104.0,False,357.5,7.9,-3.2
2564,55134.0,False,357.3,8.0,-3.1
2565,55154.0,False,357.1,8.0,-2.7
2566,55167.0,False,357.1,8.0,-2.2
2567,55184.0,False,357.1,8.1,-2.0
2568,55207.0,False,357.1,8.4,-1.9000000000000001
2569,55235.0,False,357.1,8.700000000000001,-2.2
2570,55253.0,False,357.0,9.1,-2.5
2571,55271.0,False,356.90000000000003,9.4,-2.8000000000000003
2572,55291.0,False,356.70000000000005,9.4,-2.9000000000000004
2573,55303.0,False,356.6,9.4,-2.8000000000000003
2574,55317.0,False,356.5,9.5,-2.4000000000000004
2575,55337.0,False,356.3,9.600000000000001,-1.9000000000000001
2576,55351.0,False,356.20000000000005,9.700000000000001,-1.6
2577,55367.0,False,356.1,9.8,-1.1
2578,55384.0,False,356.1,9.9,-0.9
2579,55426.0,False,356.1,9.700000000000001,-1.3
2580,55434.0,False,356.20000000000005,9.600000000000001,-1.6
2581,55451.0,False,356.20000000000005,9.5,-1.9000000000000001
2582,55468.0,False,356.1,9.3,-2.6
2583,55487.0,False,356.1,9.1,-3.2
2584,55503.0,False,356.0,9.0,-3.4000000000000004
2585,55527.0,False,355.90000000000003,8.8,-3.9000000000000004
2586,55552.0,False,355.6,8.700000000000001,-3.9000000000000004
2587,55570.0,False,355.3,8.700000000000001,-3.8000000000000003
2588,55584.0,False,354.90000000000003,8.9,-3.5
2589,55601.0,False,354.70000000000005,8.9,-3.2
2590,55626.0,False,354.20000000000005,9.3,-2.8000000000000003
2591,55656.0,False,353.6,9.5,-2.5
2592,55669.0,False,353.40000000000003,9.5,-2.4000000000000004
2593,55684.0,False,353.1,9.4,-2.3000000000000003
2594,55700.0,False,352.90000000000003,9.3,-2.3000000000000003
2595,55729.0,False,352.5,9.0,-2.2
2596,55734.0,False,352.3,8.8,-2.1
2597,55751.0,False,352.20000000000005,8.6,-2.0
2598,55777.0,False,352.1,8.0,-1.4000000000000001
2599,55785.0,False,352.1,7.7,-1.2000000000000002
2600,55802.0,False,352.20000000000005,7.300000000000001,-1.0
2601,55820.0,False,352.40000000000003,7.1000000000000005,-1.0
2602,55835.0,False,352.6,6.7,-1.2000000000000002
2603,55852.0,False,352.8,6.5,-1.6
2604,55871.0,False,352.90000000000003,6.4,-2.1
2605,55886.0,False,352.90000000000003,6.5,-2.4000000000000004
2606,55901.0,False,352.90000000000003,6.6000000000000005,-2.7
2607,55926.0,False,352.90000000000003,6.5,-2.8000000000000003
2608,55961.0,False,353.0,6.300000000000001,-2.7
2609,55984.0,False,353.1,6.1000000000000005,-2.4000000000000004
2610,56000.0,False,353.40000000000003,5.9,-2.4000000000000004
2611,56021.0,False,353.70000000000005,5.7,-2.5
2612,56037.0,False,353.90000000000003,5.5,-2.7
2613,56050.0,False,354.3,5.1000000000000005,-3.1
2614,56067.0,False,354.5,4.9,-3.3000000000000003
2615,56085.0,False,354.90000000000003,4.4,-3.6
2616,56102.0,False,355.40000000000003,4.0,-3.7
2617,56117.0,False,355.6,3.8000000000000003,-3.8000000000000003
2618,56135.0,False,356.0,3.4000000000000004,-3.8000000000000003
2619,56150.0,False,356.40000000000003,3.0,-3.7
2620,56167.0,False,356.6,2.7,-3.5
2621,56185.0,False,356.70000000000005,2.6,-3.3000000000000003
2622,56200.0,False,356.8,2.6,-3.2
2623,56221.0,False,357.0,2.8000000000000003,-2.9000000000000004
2624,56240.0,False,357.0,3.0,-2.9000000000000004
2625,56255.0,False,357.0,3.1,-2.9000000000000004
2626,56270.0,False,356.90000000000003,3.3000000000000003,-2.9000000000000004
2627,56284.0,False,356.8,3.3000000000000003,-2.9000000000000004
2628,56301.0,False,356.70000000000005,3.5,-2.7
2629,56324.0,False,356.6,3.8000000000000003,-2.6
2630,56334.0,False,356.6,3.9000000000000004,-2.5
2631,56351.0,False,356.40000000000003,4.1000000000000005,-2.3000000000000003
2632,56369.0,False,356.40000000000003,4.3,-2.0
2633,56386.0,False,356.40000000000003,4.4,-1.9000000000000001
2634,56401.0,False,356.5,4.800000000000001,-1.8
2635,56424.0,False,356.6,5.300000000000001,-2.1
2636,56434.0,False,356.6,5.6000000000000005,-2.3000000000000003
2637,56454.0,False,356.6,6.2,-2.9000000000000004
2638,56468.0,False,356.5,6.800000000000001,-3.4000000000000004
2639,56484.0,False,356.40000000000003,7.1000000000000005,-3.6
2640,56502.0,False,356.3,7.5,-3.9000000000000004
2641,56528.0,False,356.20000000000005,7.800000000000001,-3.9000000000000004
2642,56534.0,False,356.1,7.9,-3.9000000000000004
2643,56551.0,False,355.90000000000003,8.200000000000001,-3.7
2644,56568.0,False,355.8,8.3,-3.3000000000000003
2645,56586.0,False,355.6,8.4,-2.7
2646,56601.0,False,355.6,8.4,-2.4000000000000004
2647,56620.0,False,355.6,8.4,-2.1
2648,56635.0,False,355.70000000000005,8.3,-2.1
2649,56651.0,False,355.6,8.200000000000001,-2.4000000000000004
2650,56668.0,False,355.40000000000003,8.0,-2.8000000000000003
2651,56685.0,False,355.1,7.9,-3.2
2652,56701.0,False,354.90000000000003,7.9,-3.4000000000000004
2653,56720.0,False,354.70000000000005,7.9,-3.7
2654,56738.0,False,354.5,7.800000000000001,-3.8000000000000003
2655,56767.0,False,354.1,7.9,-3.8000000000000003
2656,56784.0,False,353.8,8.200000000000001,-3.7
2657,56803.0,False,353.6,8.3,-3.6
2658,56826.0,False,353.20000000000005,8.9,-3.4000000000000004
2659,56834.0,False,353.1,9.1,-3.4000000000000004
2660,56851.0,False,353.0,9.3,-3.4000000000000004
2661,56869.0,False,352.70000000000005,9.5,-3.2
2662,56884.0,False,352.5,9.700000000000001,-3.0
2663,56928.0,False,352.1,9.600000000000001,-2.6
2664,56934.0,False,352.1,9.5,-2.5
2665,56950.0,False,352.1,9.200000000000001,-2.3000000000000003
2666,56967.0,False,352.1,8.700000000000001,-1.9000000000000001
2667,56984.0,False,352.20000000000005,8.3,-1.4000000000000001
2668,57000.0,False,352.3,8.200000000000001,-1.0
2669,57022.0,False,352.6,8.200000000000001,-0.1
2670,57034.0,False,352.6,8.3,0.1
2671,57050.0,False,352.6,8.3,0.30000000000000004
2672,57069.0,False,352.6,8.5,0.5
2673,57084.0,False,352.6,8.700000000000001,0.5
2674,57101.0,False,352.70000000000005,8.9,0.5
2675,57142.0,False,352.90000000000003,9.0,0.5
2676,57170.0,False,353.20000000000005,9.0,0.5
2677,57184.0,False,353.6,8.9,0.4
2678,57201.0,False,353.90000000000003,8.9,0.2
2679,57225.0,False,354.8,8.6,-0.8
2680,57234.0,False,355.20000000000005,8.4,-1.2000000000000002
2681,57252.0,False,355.90000000000003,8.1,-2.0
2682,57267.0,False,356.20000000000005,7.800000000000001,-2.4000000000000004
2683,57286.0,False,357.0,7.300000000000001,-3.2
2684,57301.0,False,357.6,6.6000000000000005,-3.7
2685,57322.0,False,358.3,5.9,-4.1000000000000005
2686,57335.0,False,358.6,5.4,-4.1000000000000005
2687,57351.0,False,359.20000000000005,4.7,-4.0
2688,57369.0,False,359.5,4.4,-3.8000000000000003
2689,57387.0,False,0.1,4.0,-3.3000000000000003
2690,57405.0,False,0.5,3.9000000000000004,-2.7
2691,57419.0,False,0.8,4.1000000000000005,-2.1
2692,57436.0,False,0.9,4.3,-2.0
2693,57450.0,False,1.0,4.6000000000000005,-1.9000000000000001
2694,57467.0,False,1.0,4.800000000000001,-1.9000000000000001
2695,57484.0,False,1.1,4.9,-2.1
2696,57506.0,False,1.2000000000000002,4.800000000000001,-2.2
2697,57522.0,False,1.4000000000000001,4.7,-2.4000000000000004
2698,57534.0,False,1.5,4.5,-2.5
2699,57552.0,False,1.6,4.2,-2.3000000000000003
2700,57567.0,False,1.7000000000000002,4.1000000000000005,-2.2
2701,57584.0,False,1.9000000000000001,4.0,-1.7000000000000002
2702,57600.0,False,2.0,4.2,-1.0
2703,57625.0,False,2.0,4.800000000000001,-0.6000000000000001
2704,57637.0,False,2.0,5.1000000000000005,-0.4
2705,57651.0,False,2.0,5.800000000000001,-0.5
2706,57667.0,False,2.0,6.300000000000001,-0.8
2707,57684.0,False,2.0,6.5,-1.0
2708,57702.0,False,1.9000000000000001,6.6000000000000005,-1.3
2709,57722.0,False,1.8,6.800000000000001,-2.1
2710,57735.0,False,1.7000000000000002,6.800000000000001,-2.3000000000000003
2711,57753.0,False,1.4000000000000001,6.800000000000001,-2.7
2712,57769.0,False,1.1,6.800000000000001,-2.8000000000000003
2713,57784.0,False,1.0,6.7,-2.7
2714,57801.0,False,0.7000000000000001,6.9,-2.5
2715,57819.0,False,0.30000000000000004,7.2,-2.5
2716,57836.0,False,360.0,7.4,-2.5
2717,57851.0,False,359.40000000000003,7.800000000000001,-2.6
2718,57869.0,False,358.8,8.1,-2.9000000000000004
2719,57886.0,False,358.20000000000005,8.3,-3.3000000000000003
2720,57903.0,False,357.90000000000003,8.4,-3.5
2721,57922.0,False,357.40000000000003,8.5,-3.9000000000000004
2722,57934.0,False,357.20000000000005,8.6,-4.1000000000000005
2723,57956.0,False,356.8,8.6,-4.4
2724,57969.0,False,356.6,8.6,-4.5
2725,57991.0,False,356.1,8.8,-4.7
2726,58000.0,False,355.90000000000003,9.0,-4.7
2727,58018.0,False,355.6,9.5,-4.7
2728,58034.0,False,355.40000000000003,9.700000000000001,-4.7
2729,58050.0,False,355.1,10.100000000000001,-4.5
2730,58070.0,False,354.90000000000003,10.4,-4.2
2731,58084.0,False,354.8,10.5,-4.1000000000000005
2732,58101.0,False,354.6,10.600000000000001,-3.7
2733,58119.0,False,354.40000000000003,10.4,-3.4000000000000004
2734,58136.0,False,354.40000000000003,10.0,-2.9000000000000004
2735,58150.0,False,354.40000000000003,9.700000000000001,-2.6
2736,58168.0,False,354.5,9.200000000000001,-2.1
2737,58188.0,False,354.8,8.8,-1.4000000000000001
2738,58203.0,False,355.0,8.6,-1.1
2739,58218.0,False,355.6,8.3,-0.8
2740,58236.0,False,356.0,8.200000000000001,-1.0
2741,58252.0,False,356.20000000000005,8.200000000000001,-1.2000000000000002
2742,58267.0,False,356.40000000000003,8.200000000000001,-1.7000000000000002
2743,58284.0,False,356.5,8.200000000000001,-2.0
2744,58303.0,False,356.6,8.3,-2.1
2745,58320.0,False,356.90000000000003,8.4,-2.1
2746,58337.0,False,357.20000000000005,8.4,-1.9000000000000001
2747,58350.0,False,357.40000000000003,8.3,-1.7000000000000002
2748,58367.0,False,358.0,8.1,-1.4000000000000001
2749,58387.0,False,358.6,7.9,-1.3
2750,58400.0,False,358.90000000000003,7.7,-1.3
2751,58417.0,False,359.6,7.2,-1.3
2752,58436.0,False,0.30000000000000004,6.7,-1.4000000000000001
2753,58450.0,False,0.7000000000000001,6.4,-1.4000000000000001
2754,58471.0,False,1.9000000000000001,5.6000000000000005,-1.4000000000000001
2755,58485.0,False,2.3000000000000003,5.300000000000001,-1.4000000000000001
2756,58501.0,False,2.7,5.1000000000000005,-1.4000000000000001
2757,58518.0,False,3.3000000000000003,4.7,-1.6
2758,58535.0,False,3.9000000000000004,4.3,-1.9000000000000001
2759,58552.0,False,4.3,4.0,-2.3000000000000003
2760,58570.0,False,4.5,3.9000000000000004,-2.4000000000000004
2761,58584.0,False,4.800000000000001,3.8000000000000003,-2.7
2762,58601.0,False,5.0,3.7,-2.9000000000000004
2763,58624.0,False,5.1000000000000005,3.8000000000000003,-2.9000000000000004
2764,58636.0,False,5.2,3.9000000000000004,-2.9000000000000004
2765,58652.0,False,5.2,4.2,-2.7
2766,58669.0,False,5.2,4.3,-2.5
2767,58685.0,False,5.2,4.4,-2.2
2768,58701.0,False,5.2,4.6000000000000005,-1.6
2769,58721.0,False,5.1000000000000005,4.9,-0.30000000000000004
2770,58734.0,False,5.1000000000000005,5.0,0.2
2771,58750.0,False,4.9,5.300000000000001,1.4000000000000001
2772,58767.0,False,4.800000000000001,5.6000000000000005,1.8
2773,58784.0,False,4.5,6.1000000000000005,2.6
2774,58802.0,False,4.2,6.4,3.1
2775,58817.0,False,4.0,6.5,3.1
2776,58834.0,False,3.6,6.7,3.0
2777,58851.0,False,3.2,7.0,2.5
2778,58867.0,False,3.0,7.1000000000000005,2.1
2779,58884.0,False,2.4000000000000004,7.4,1.3
2780,58901.0,False,1.9000000000000001,7.5,0.6000000000000001
2781,58921.0,False,1.4000000000000001,7.6000000000000005,0.1
2782,58935.0,False,1.2000000000000002,7.6000000000000005,-0.1
2783,58952.0,False,0.7000000000000001,7.5,-0.30000000000000004
2784,58969.0,False,0.4,7.6000000000000005,-0.2
2785,58984.0,False,0.30000000000000004,7.7,-0.1
2786,59000.0,False,0.1,8.1,-0.1
2787,59024.0,False,359.90000000000003,8.3,-0.30000000000000004
2788,59034.0,False,359.90000000000003,8.4,-0.5
2789,59052.0,False,359.90000000000003,8.3,-1.4000000000000001
2790,59069.0,False,0.0,7.9,-2.8000000000000003
2791,59084.0,False,0.1,7.6000000000000005,-3.5
2792,59102.0,False,0.30000000000000004,6.9,-5.2
2793,59117.0,False,0.4,6.4,-6.800000000000001
2794,59134.0,False,0.5,6.2,-7.5
2795,59155.0,False,0.4,6.0,-8.5
2796,59167.0,False,0.4,6.300000000000001,-9.0
2797,59186.0,False,0.4,6.9,-9.0
2798,59217.0,False,0.4,7.6000000000000005,-8.700000000000001
2799,59234.0,False,0.30000000000000004,8.3,-8.1
2800,59251.0,False,0.2,8.9,-7.7
2801,59267.0,False,0.1,9.3,-7.4
2802,59319.0,False,0.2,8.6,-7.5
2803,59338.0,False,0.6000000000000001,7.6000000000000005,-7.2
2804,59353.0,False,0.8,7.2,-7.0
2805,59367.0,False,1.5,6.6000000000000005,-6.800000000000001
2806,59386.0,False,1.9000000000000001,6.4,-6.800000000000001
2807,59401.0,False,2.7,6.0,-7.2
2808,59417.0,False,3.3000000000000003,5.6000000000000005,-7.7
2809,59434.0,False,3.5,5.4,-8.0
2810,59451.0,False,3.9000000000000004,5.0,-8.5
2811,59467.0,False,4.2,4.7,-8.8
2812,59484.0,False,4.4,4.6000000000000005,-8.700000000000001
2813,59502.0,False,4.5,4.6000000000000005,-8.5
2814,59518.0,False,4.800000000000001,4.6000000000000005,-7.9
2815,59535.0,False,4.9,4.5,-7.5
2816,59550.0,False,5.4,4.5,-6.800000000000001
2817,59569.0,False,5.800000000000001,4.5,-6.4
2818,59585.0,False,6.2,4.5,-6.4
2819,59600.0,False,6.4,4.5,-6.5
2820,59617.0,False,6.800000000000001,4.3,-6.6000000000000005
2821,59634.0,False,7.1000000000000005,4.2,-6.7
2822,59650.0,False,7.6000000000000005,4.0,-6.9
2823,59667.0,False,8.0,3.9000000000000004,-7.0
2824,59684.0,False,8.4,3.9000000000000004,-7.1000000000000005
2825,59710.0,False,8.700000000000001,3.9000000000000004,-7.1000000000000005
2826,59717.0,False,8.8,4.0,-7.0
2827,59734.0,False,9.0,4.2,-7.0
2828,59767.0,False,9.0,4.6000000000000005,-6.9
2829,59787.0,False,8.9,4.9,-6.800000000000001
2830,59801.0,False,8.8,5.1000000000000005,-6.800000000000001
2831,59817.0,False,8.6,5.4,-6.6000000000000005
2832,59834.0,False,8.4,5.7,-6.2
2833,59851.0,False,8.200000000000001,6.0,-5.800000000000001
2834,59871.0,False,8.1,6.2,-5.5
2835,59886.0,False,8.0,6.5,-5.300000000000001
2836,59900.0,False,7.9,6.6000000000000005,-5.2
2837,59918.0,False,7.7,6.6000000000000005,-4.800000000000001
2838,59934.0,False,7.5,6.5,-4.7
2839,59951.0,False,7.300000000000001,6.4,-4.1000000000000005
2840,59971.0,False,7.2,6.5,-4.1000000000000005
2841,59984.0,False,7.0,6.800000000000001,-4.3
2842,60001.0,False,6.7,7.2,-4.7
2843,60017.0,False,6.4,7.300000000000001,-4.9
2844,60034.0,False,6.0,7.6000000000000005,-5.2
2845,60051.0,False,5.5,7.7,-5.1000000000000005
2846,60068.0,False,5.2,7.800000000000001,-4.9
2847,60084.0,False,4.7,7.9,-4.6000000000000005
2848,60207.0,False,2.5,7.9,-1.9000000000000001
2849,60217.0,False,2.3000000000000003,7.800000000000001,-2.2
2850,60235.0,False,1.9000000000000001,7.800000000000001,-2.7
2851,60255.0,False,1.4000000000000001,7.6000000000000005,-3.2
2852,60267.0,False,1.1,7.4,-3.7
2853,60284.0,False,0.9,7.300000000000001,-3.9000000000000004
2854,60301.0,False,0.5,7.2,-4.3
2855,60318.0,False,0.2,7.1000000000000005,-4.800000000000001
2856,60335.0,False,0.0,7.1000000000000005,-5.0
2857,60351.0,False,359.70000000000005,7.1000000000000005,-5.6000000000000005
2858,60367.0,False,359.3,7.2,-6.300000000000001
2859,60383.0,False,359.1,7.2,-6.7
2860,60401.0,False,358.8,7.1000000000000005,-7.4
2861,60417.0,False,358.6,7.1000000000000005,-7.6000000000000005
2862,60434.0,False,358.3,6.9,-7.800000000000001
2863,60468.0,False,357.8,6.9,-7.6000000000000005
2864,60484.0,False,357.70000000000005,6.800000000000001,-7.4
2865,60502.0,False,357.6,6.7,-7.0
2866,60517.0,False,357.6,6.2,-6.5
2867,60535.0,False,357.70000000000005,5.9,-6.2
2868,60550.0,False,357.90000000000003,5.4,-5.7
2869,60570.0,False,358.3,5.1000000000000005,-5.4
2870,60584.0,False,358.5,5.0,-5.4
2871,60601.0,False,358.8,4.9,-5.4
2872,60626.0,False,359.1,4.7,-5.4
2873,60650.0,False,359.3,4.6000000000000005,-5.1000000000000005
2874,60668.0,False,359.5,4.5,-4.7
2875,60683.0,False,359.70000000000005,4.5,-4.4
2876,60701.0,False,359.8,4.6000000000000005,-4.1000000000000005
2877,60717.0,False,0.4,4.7,-3.5
2878,60734.0,False,0.6000000000000001,4.800000000000001,-3.4000000000000004
2879,60751.0,False,1.0,4.800000000000001,-3.3000000000000003
2880,60768.0,False,1.6,4.6000000000000005,-3.4000000000000004
2881,60783.0,False,1.9000000000000001,4.5,-3.4000000000000004
2882,60801.0,False,2.6,4.1000000000000005,-3.5
2883,60818.0,False,3.3000000000000003,3.7,-3.4000000000000004
2884,60834.0,False,4.0,3.3000000000000003,-3.1
2885,60850.0,False,4.4,3.1,-3.0
2886,60873.0,False,5.1000000000000005,2.7,-2.6
2887,60884.0,False,5.4,2.6,-2.4000000000000004
2888,60901.0,False,6.0,2.5,-2.3000000000000003
2889,60920.0,False,6.4,2.4000000000000004,-2.2
2890,60937.0,False,6.7,2.3000000000000003,-2.2
2891,60950.0,False,6.800000000000001,2.4000000000000004,-2.3000000000000003
2892,60967.0,False,7.0,2.5,-2.4000000000000004
2893,60989.0,False,7.1000000000000005,2.8000000000000003,-2.6
2894,61001.0,False,7.1000000000000005,2.9000000000000004,-2.6
2895,61035.0,False,7.0,3.4000000000000004,-2.5
2896,61052.0,False,6.9,3.7,-2.3000000000000003
2897,61071.0,False,6.800000000000001,3.8000000000000003,-2.1
2898,61085.0,False,6.7,3.9000000000000004,-1.7000000000000002
2899,61110.0,False,6.7,4.0,-1.3
2900,61119.0,False,6.7,4.0,-1.1
2901,61133.0,False,6.7,4.2,-0.9
2902,61150.0,False,6.7,4.4,-0.8
2903,61168.0,False,6.6000000000000005,5.0,-1.0
2904,61184.0,False,6.300000000000001,5.6000000000000005,-1.3
2905,61200.0,False,6.2,5.9,-1.6
2906,61217.0,False,5.9,6.2,-2.0
2907,61234.0,False,5.5,6.4,-2.4000000000000004
2908,61252.0,False,5.1000000000000005,6.5,-2.7
2909,61267.0,False,4.9,6.5,-2.8000000000000003
2910,61284.0,False,4.4,6.6000000000000005,-2.7
2911,61306.0,False,3.9000000000000004,6.7,-2.3000000000000003
2912,61319.0,False,3.6,6.800000000000001,-2.1
2913,61342.0,False,2.8000000000000003,7.1000000000000005,-1.6
2914,61354.0,False,2.5,7.2,-1.5
2915,61370.0,False,2.2,7.300000000000001,-1.5
2916,61384.0,False,1.5,7.5,-1.7000000000000002
2917,61417.0,False,0.4,7.7,-2.3000000000000003
2918,61435.0,False,359.70000000000005,7.7,-2.6
2919,61450.0,False,359.40000000000003,7.7,-2.8000000000000003
2920,61473.0,False,358.40000000000003,7.800000000000001,-3.0
2921,61487.0,False,358.1,7.800000000000001,-3.1
2922,61510.0,False,357.1,8.3,-3.1
2923,61534.0,False,356.40000000000003,8.700000000000001,-2.8000000000000003
2924,61551.0,False,355.90000000000003,9.0,-2.6
2925,61570.0,False,355.40000000000003,9.3,-2.2
2926,61586.0,False,355.20000000000005,9.4,-2.1
2927,61602.0,False,354.8,9.4,-1.7000000000000002
2928,61618.0,False,354.6,9.5,-1.5
2929,61637.0,False,354.20000000000005,9.4,-1.2000000000000002
2930,61653.0,False,354.0,9.200000000000001,-0.9
2931,61668.0,False,353.8,8.8,-0.30000000000000004
2932,61683.0,False,353.8,8.6,-0.1
2933,61710.0,False,353.90000000000003,8.1,0.6000000000000001
2934,61735.0,False,354.0,7.7,0.9
2935,61750.0,False,354.0,7.300000000000001,0.9
2936,61767.0,False,353.90000000000003,7.1000000000000005,0.9
2937,61783.0,False,353.8,6.800000000000001,0.7000000000000001
2938,61805.0,False,353.6,6.6000000000000005,0.5
2939,61819.0,False,353.40000000000003,6.7,0.2
2940,61835.0,False,353.3,6.800000000000001,0.1
2941,61850.0,False,353.20000000000005,6.9,-0.1
2942,61868.0,False,353.1,7.0,-0.2
2943,61885.0,False,353.1,7.2,-0.5
2944,61900.0,False,353.20000000000005,7.4,-0.8
2945,61921.0,False,353.5,7.5,-1.2000000000000002
2946,61938.0,False,353.90000000000003,7.5,-1.6
2947,61953.0,False,354.1,7.4,-1.8
2948,61967.0,False,354.8,6.9,-2.0
2949,61984.0,False,355.20000000000005,6.6000000000000005,-2.0
2950,62012.0,False,356.6,5.5,-2.3000000000000003
2951,62017.0,False,357.0,5.2,-2.4000000000000004
2952,62037.0,False,357.90000000000003,4.6000000000000005,-2.6
2953,62050.0,False,358.20000000000005,4.3,-2.8000000000000003
2954,62069.0,False,358.8,3.8000000000000003,-2.9000000000000004
2955,62085.0,False,359.1,3.7,-3.0
2956,62115.0,False,359.70000000000005,3.9000000000000004,-3.2
2957,62133.0,False,359.8,4.1000000000000005,-3.2
2958,62152.0,False,359.90000000000003,4.4,-3.3000000000000003
2959,62167.0,False,359.90000000000003,4.800000000000001,-3.2
2960,62184.0,False,360.0,4.9,-3.1
2961,62208.0,False,0.1,5.300000000000001,-3.0
2962,62251.0,False,0.0,5.7,-2.8000000000000003
2963,62267.0,False,360.0,6.0,-2.5
2964,62287.0,False,360.0,6.5,-2.2
2965,62302.0,False,360.0,6.9,-2.1
2966,62327.0,False,0.1,8.0,-2.0
2967,62351.0,False,0.1,8.8,-2.2
2968,62367.0,False,0.1,9.3,-2.3000000000000003
2969,62386.0,False,0.1,9.700000000000001,-2.3000000000000003
2970,62404.0,False,0.2,9.8,-2.3000000000000003
2971,62426.0,False,0.4,10.100000000000001,-2.2
2972,62454.0,False,0.6000000000000001,10.100000000000001,-2.0
2973,62467.0,False,0.8,10.0,-1.7000000000000002
2974,62484.0,False,1.0,9.8,-1.7000000000000002
2975,62503.0,False,1.2000000000000002,9.700000000000001,-2.1
2976,62517.0,False,1.3,9.600000000000001,-2.4000000000000004
2977,62534.0,False,1.3,9.600000000000001,-2.8000000000000003
2978,62554.0,False,1.0,9.3,-4.0
2979,62567.0,False,0.9,9.1,-4.4
2980,62583.0,False,0.5,9.0,-5.2
2981,62602.0,False,0.2,8.9,-5.800000000000001
2982,62622.0,False,359.8,8.9,-6.300000000000001
2983,62634.0,False,359.5,8.9,-6.4
2984,62651.0,False,359.3,9.0,-6.5
2985,62667.0,False,358.8,9.1,-6.7
2986,62684.0,False,358.40000000000003,9.3,-6.6000000000000005
2987,62703.0,False,358.20000000000005,9.5,-6.6000000000000005
2988,62723.0,False,357.6,10.0,-6.7
2989,62761.0,False,356.8,10.200000000000001,-6.300000000000001
2990,62783.0,False,356.5,10.200000000000001,-5.800000000000001
2991,62801.0,False,356.3,10.3,-5.2
2992,62818.0,False,356.3,10.4,-4.9
2993,62834.0,False,356.20000000000005,10.4,-4.3
2994,62850.0,False,356.3,10.3,-3.8000000000000003
2995,62868.0,False,356.40000000000003,10.100000000000001,-3.6
2996,62883.0,False,356.8,9.700000000000001,-3.5
2997,62900.0,False,357.3,9.3,-3.7
2998,62920.0,False,357.5,9.1,-3.9000000000000004
2999,62933.0,False,357.90000000000003,8.700000000000001,-4.4
3000,62950.0,False,358.0,8.6,-4.6000000000000005
3001,62967.0,False,358.20000000000005,8.5,-5.0
3002,62985.0,False,358.3,8.5,-5.1000000000000005
3003,63001.0,False,358.40000000000003,8.4,-5.1000000000000005
3004,63018.0,False,358.5,8.4,-5.0
3005,63033.0,False,358.70000000000005,8.200000000000001,-4.7
3006,63051.0,False,359.0,8.1,-4.6000000000000005
3007,63067.0,False,359.20000000000005,8.0,-4.5
3008,63087.0,False,359.6,7.9,-4.5
3009,63106.0,False,0.2,7.800000000000001,-4.7
3010,63129.0,False,1.1,7.300000000000001,-5.1000000000000005
3011,63153.0,False,1.7000000000000002,6.800000000000001,-5.300000000000001
3012,63167.0,False,2.4000000000000004,6.4,-5.300000000000001
3013,63184.0,False,2.7,6.300000000000001,-5.300000000000001
3014,63201.0,False,3.0,6.2,-5.2
3015,63226.0,False,4.0,6.1000000000000005,-5.1000000000000005
3016,63234.0,False,4.4,6.0,-5.1000000000000005
3017,63251.0,False,5.0,5.9,-5.1000000000000005
3018,63269.0,False,5.5,5.9,-5.300000000000001
3019,63285.0,False,5.800000000000001,6.0,-5.300000000000001
3020,63301.0,False,6.1000000000000005,6.300000000000001,-5.4
3021,63326.0,False,6.4,6.7,-5.300000000000001
3022,63333.0,False,6.5,6.800000000000001,-5.300000000000001
3023,63350.0,False,6.7,7.2,-5.1000000000000005
3024,63367.0,False,6.9,7.4,-5.0
3025,63386.0,False,7.0,7.5,-4.7
3026,63400.0,False,7.1000000000000005,7.5,-4.5
3027,63421.0,False,7.1000000000000005,7.7,-4.4
3028,63436.0,False,7.1000000000000005,8.0,-4.5
3029,63467.0,False,7.0,8.5,-4.7
3030,63483.0,False,6.9,8.8,-4.9
3031,63501.0,False,6.9,9.200000000000001,-5.2
3032,63522.0,False,6.800000000000001,9.4,-5.5
3033,63542.0,False,6.6000000000000005,9.4,-5.6000000000000005
3034,63551.0,False,6.5,9.3,-5.6000000000000005
3035,63575.0,False,6.300000000000001,8.8,-5.4
3036,63584.0,False,6.300000000000001,8.6,-5.2
3037,63603.0,False,6.2,8.5,-5.1000000000000005
3038,63617.0,False,6.1000000000000005,8.3,-4.9
3039,63639.0,False,5.9,7.800000000000001,-4.4
3040,63654.0,False,5.7,7.4,-4.2
3041,63667.0,False,5.6000000000000005,7.2,-4.2
3042,63685.0,False,5.4,6.800000000000001,-4.6000000000000005
3043,63724.0,False,4.6000000000000005,6.1000000000000005,-5.800000000000001
3044,63755.0,False,3.9000000000000004,5.9,-6.7
3045,63768.0,False,3.7,5.9,-6.9
3046,63785.0,False,3.3000000000000003,6.1000000000000005,-7.4
3047,63801.0,False,3.1,6.300000000000001,-7.5
3048,63821.0,False,2.7,6.6000000000000005,-7.5
3049,63836.0,False,2.3000000000000003,7.2,-7.4
3050,63852.0,False,2.1,7.5,-7.300000000000001
3051,63869.0,False,1.9000000000000001,8.200000000000001,-7.4
3052,63884.0,False,1.7000000000000002,8.8,-7.4
3053,63900.0,False,1.6,9.0,-7.4
3054,63926.0,False,1.4000000000000001,9.3,-7.2
3055,63971.0,False,1.4000000000000001,9.0,-6.9
3056,63987.0,False,1.5,8.700000000000001,-6.7
3057,64002.0,False,1.5,8.5,-6.4
3058,64022.0,False,1.5,8.5,-6.1000000000000005
3059,64036.0,False,1.7000000000000002,8.4,-5.5
3060,64053.0,False,2.1,8.4,-4.800000000000001
3061,64067.0,False,2.4000000000000004,8.4,-4.5
3062,64083.0,False,2.9000000000000004,8.700000000000001,-4.4
3063,64102.0,False,3.4000000000000004,9.1,-4.800000000000001
3064,64117.0,False,3.6,9.4,-5.1000000000000005
3065,64137.0,False,4.1000000000000005,9.8,-5.800000000000001
3066,64150.0,False,4.7,9.9,-6.6000000000000005
3067,64167.0,False,5.1000000000000005,9.8,-7.0
3068,64185.0,False,5.9,9.5,-7.7
3069,64200.0,False,6.300000000000001,9.200000000000001,-7.9
3070,64218.0,False,7.1000000000000005,8.6,-8.4
3071,64233.0,False,8.0,7.9,-8.6
3072,64252.0,False,8.9,7.2,-8.5
3073,64267.0,False,9.4,6.9,-8.5
3074,64284.0,False,10.200000000000001,6.4,-8.3
3075,64301.0,False,11.0,5.9,-8.1
3076,64323.0,False,11.700000000000001,5.4,-7.800000000000001
3077,64337.0,False,12.0,5.2,-7.7
3078,64351.0,False,12.5,4.9,-7.6000000000000005
3079,64369.0,False,12.8,4.800000000000001,-7.6000000000000005
3080,64401.0,False,13.100000000000001,4.9,-7.6000000000000005
3081,64423.0,False,13.200000000000001,5.1000000000000005,-7.5
3082,64454.0,False,13.200000000000001,5.5,-7.300000000000001
3083,64467.0,False,13.200000000000001,5.6000000000000005,-7.2
3084,64484.0,False,13.200000000000001,5.7,-6.9
3085,64503.0,False,13.200000000000001,5.7,-6.7
3086,64523.0,False,13.100000000000001,5.7,-6.4
3087,64534.0,False,13.0,5.6000000000000005,-6.300000000000001
3088,64552.0,False,12.700000000000001,5.6000000000000005,-6.1000000000000005
3089,64568.0,False,12.200000000000001,5.6000000000000005,-5.6000000000000005
3090,64584.0,False,12.0,5.6000000000000005,-5.300000000000001
3091,64602.0,False,11.700000000000001,6.0,-4.6000000000000005
3092,64626.0,False,11.5,6.5,-4.4
3093,64634.0,False,11.3,6.800000000000001,-4.5
3094,64653.0,False,10.700000000000001,7.2,-5.0
3095,64667.0,False,9.9,7.6000000000000005,-5.5
3096,64685.0,False,9.5,7.800000000000001,-5.7
3097,64700.0,False,9.1,7.9,-5.9
3098,64722.0,False,7.9,8.200000000000001,-6.0
3099,64735.0,False,7.5,8.3,-5.9
3100,64750.0,False,6.6000000000000005,8.4,-5.5
3101,64767.0,False,5.7,8.4,-4.9
3102,64785.0,False,5.2,8.4,-4.5
3103,64803.0,False,4.3,8.3,-3.9000000000000004
3104,64817.0,False,3.4000000000000004,8.3,-3.5
3105,64833.0,False,3.0,8.3,-3.4000000000000004
3106,64851.0,False,2.0,8.3,-3.6
3107,64868.0,False,0.9,8.5,-3.9000000000000004
3108,64885.0,False,359.8,8.700000000000001,-4.4
3109,64900.0,False,359.3,8.9,-4.6000000000000005
3110,64918.0,False,358.20000000000005,9.200000000000001,-5.1000000000000005
3111,64933.0,False,357.70000000000005,9.3,-5.4
3112,64953.0,False,356.8,9.600000000000001,-5.800000000000001
3113,64968.0,False,355.90000000000003,9.9,-5.9
3114,64983.0,False,355.5,10.100000000000001,-5.9
3115,65000.0,False,354.8,10.5,-6.0
3116,65019.0,False,354.3,10.9,-6.2
3117,65034.0,False,353.70000000000005,11.3,-6.5
3118,65051.0,False,353.40000000000003,11.4,-6.6000000000000005
3119,65067.0,False,352.90000000000003,11.600000000000001,-6.6000000000000005
3120,65085.0,False,352.3,11.700000000000001,-6.2
3121,65105.0,False,351.8,12.0,-5.7
3122,65124.0,False,351.6,12.100000000000001,-5.5
3123,65135.0,False,351.20000000000005,12.200000000000001,-5.1000000000000005
3124,65151.0,False,351.1,12.0,-5.0
3125,65167.0,False,350.90000000000003,11.5,-4.7
3126,65184.0,False,350.90000000000003,11.100000000000001,-4.800000000000001
3127,65201.0,False,350.90000000000003,11.0,-4.9
3128,65229.0,False,351.20000000000005,10.700000000000001,-5.4
3129,65233.0,False,351.3,10.600000000000001,-5.6000000000000005
3130,65251.0,False,351.40000000000003,10.600000000000001,-5.800000000000001
3131,65267.0,False,351.6,10.600000000000001,-6.0
3132,65285.0,False,351.8,10.600000000000001,-6.1000000000000005
3133,65300.0,False,352.0,10.700000000000001,-6.0
3134,65318.0,False,352.3,10.600000000000001,-5.9
3135,65333.0,False,352.70000000000005,10.4,-5.6000000000000005
3136,65350.0,False,352.90000000000003,10.3,-5.5
3137,65371.0,False,353.8,9.9,-5.4
3138,65383.0,False,354.1,9.700000000000001,-5.4
3139,65400.0,False,354.5,9.5,-5.5
3140,65418.0,False,355.3,9.0,-5.9
3141,65433.0,False,356.1,8.4,-6.4
3142,65450.0,False,356.5,8.0,-6.7
3143,65467.0,False,357.20000000000005,7.1000000000000005,-7.0
3144,65484.0,False,357.90000000000003,6.2,-7.1000000000000005
3145,65501.0,False,358.70000000000005,5.300000000000001,-7.0
3146,65522.0,False,359.0,4.9,-6.9
3147,65536.0,False,359.6,4.4,-6.7
3148,65550.0,False,360.0,4.0,-6.4
3149,65567.0,False,0.1,3.9000000000000004,-6.300000000000001
3150,65584.0,False,0.2,4.0,-6.1000000000000005
3151,65602.0,False,0.2,4.3,-6.2
3152,65622.0,False,0.0,4.7,-6.4
3153,65635.0,False,359.90000000000003,5.0,-6.5
3154,65650.0,False,359.70000000000005,5.2,-6.6000000000000005
3155,65667.0,False,359.40000000000003,5.5,-6.7
3156,65685.0,False,359.0,5.7,-6.6000000000000005
3157,65704.0,False,358.70000000000005,5.800000000000001,-6.300000000000001
3158,65722.0,False,358.40000000000003,6.1000000000000005,-5.800000000000001
3159,65738.0,False,358.3,6.2,-5.5
3160,65752.0,False,358.20000000000005,6.6000000000000005,-5.1000000000000005
3161,65767.0,False,358.1,6.9,-4.9
3162,65785.0,False,358.1,7.300000000000001,-4.800000000000001
3163,65801.0,False,358.0,7.800000000000001,-4.9
3164,65818.0,False,358.0,8.3,-5.2
3165,65833.0,False,358.1,8.5,-5.4
3166,65850.0,False,358.1,8.9,-5.7
3167,65867.0,False,358.1,9.1,-5.9
3168,65884.0,False,358.20000000000005,9.3,-6.2
3169,65902.0,False,358.3,9.4,-6.4
3170,65933.0,False,358.40000000000003,9.200000000000001,-6.300000000000001
3171,65952.0,False,358.40000000000003,9.0,-5.9
3172,65967.0,False,358.6,8.8,-5.4
3173,65984.0,False,358.6,8.700000000000001,-5.1000000000000005
3174,66005.0,False,358.70000000000005,8.5,-4.9
3175,66017.0,False,358.6,8.4,-5.0
3176,66033.0,False,358.40000000000003,8.3,-5.300000000000001
3177,66052.0,False,358.20000000000005,8.3,-5.6000000000000005
3178,66083.0,False,357.40000000000003,8.0,-7.4
3179,66100.0,False,356.90000000000003,7.9,-8.200000000000001
3180,66120.0,False,356.40000000000003,7.9,-8.8
3181,66134.0,False,356.1,7.9,-8.9
3182,66162.0,False,355.5,8.6,-8.8
3183,66167.0,False,355.40000000000003,8.9,-8.6
3184,66184.0,False,355.3,9.3,-8.4
3185,66202.0,False,355.1,10.0,-7.9
3186,66218.0,False,354.90000000000003,10.600000000000001,-7.4
3187,66236.0,False,354.8,10.8,-6.9
3188,66250.0,False,354.70000000000005,10.700000000000001,-6.7
3189,66268.0,False,354.8,10.4,-6.300000000000001
3190,66286.0,False,355.1,9.8,-6.1000000000000005
3191,66302.0,False,355.20000000000005,9.5,-6.0
3192,66317.0,False,355.40000000000003,8.8,-5.9
3193,66335.0,False,355.70000000000005,8.200000000000001,-5.4
3194,66351.0,False,355.90000000000003,7.9,-5.2
3195,66372.0,False,356.40000000000003,7.6000000000000005,-4.800000000000001
3196,66385.0,False,356.8,7.5,-4.6000000000000005
3197,66400.0,False,357.0,7.5,-4.6000000000000005
3198,66418.0,False,357.20000000000005,7.7,-4.9
3199,66434.0,False,357.20000000000005,7.9,-5.1000000000000005
3200,66451.0,False,357.20000000000005,8.1,-5.2
3201,66467.0,False,357.20000000000005,8.8,-5.5
3202,66486.0,False,357.40000000000003,9.0,-5.300000000000001
3203,66501.0,False,357.5,9.0,-5.1000000000000005
3204,66517.0,False,357.8,9.0,-4.7
3205,66535.0,False,358.20000000000005,8.9,-4.2
3206,66550.0,False,358.40000000000003,8.8,-4.0
3207,66569.0,False,358.90000000000003,8.6,-3.8000000000000003
3208,66586.0,False,359.5,8.200000000000001,-3.8000000000000003
3209,66600.0,False,359.90000000000003,7.9,-3.9000000000000004
3210,66617.0,False,0.5,7.0,-4.0
3211,66636.0,False,1.0,6.2,-4.0
3212,66651.0,False,1.3,5.800000000000001,-4.0
3213,66667.0,False,1.8,5.2,-3.8000000000000003
3214,66684.0,False,2.1,4.800000000000001,-3.6
3215,66701.0,False,2.2,4.7,-3.5
3216,66718.0,False,2.3000000000000003,4.5,-3.3000000000000003
3217,66733.0,False,2.3000000000000003,4.5,-3.2
3218,66751.0,False,2.3000000000000003,4.6000000000000005,-3.1
3219,66767.0,False,2.2,4.7,-3.0
3220,66786.0,False,2.1,4.800000000000001,-2.8000000000000003
3221,66801.0,False,1.9000000000000001,5.1000000000000005,-2.6
3222,66818.0,False,1.9000000000000001,5.300000000000001,-2.4000000000000004
3223,66834.0,False,1.7000000000000002,5.7,-2.0
3224,66856.0,False,1.7000000000000002,6.2,-1.8
3225,66867.0,False,1.6,6.5,-1.7000000000000002
3226,66884.0,False,1.5,6.9,-1.8
3227,66900.0,False,1.4000000000000001,7.2,-1.8
3228,66918.0,False,1.4000000000000001,7.4,-1.8
3229,66934.0,False,1.4000000000000001,7.7,-1.8
3230,66950.0,False,1.4000000000000001,8.3,-2.1
3231,66967.0,False,1.4000000000000001,8.6,-2.3000000000000003
3232,66984.0,False,1.2000000000000002,9.200000000000001,-2.7
3233,67000.0,False,1.1,9.600000000000001,-3.1
3234,67017.0,False,1.0,9.8,-3.2
3235,67035.0,False,0.8,10.0,-3.5
3236,67050.0,False,0.5,10.100000000000001,-3.6
3237,67067.0,False,0.4,10.100000000000001,-3.7
3238,67085.0,False,360.0,10.100000000000001,-3.6
3239,67104.0,False,359.6,10.100000000000001,-3.4000000000000004
3240,67117.0,False,359.3,10.0,-3.3000000000000003
3241,67133.0,False,358.90000000000003,10.100000000000001,-3.0
3242,67150.0,False,358.6,10.100000000000001,-2.9000000000000004
3243,67167.0,False,358.5,10.100000000000001,-3.0
3244,67186.0,False,358.1,10.200000000000001,-3.4000000000000004
3245,67201.0,False,357.90000000000003,10.200000000000001,-3.7
3246,67222.0,False,357.20000000000005,10.3,-4.7
3247,67235.0,False,356.90000000000003,10.3,-5.0
3248,67250.0,False,356.3,10.4,-5.4
3249,67267.0,False,356.0,10.5,-5.6000000000000005
3250,67284.0,False,355.5,10.9,-5.9
3251,67302.0,False,355.0,11.3,-6.1000000000000005
3252,67317.0,False,354.70000000000005,11.600000000000001,-6.1000000000000005
3253,67333.0,False,354.1,12.100000000000001,-6.0
3254,67350.0,False,353.70000000000005,12.700000000000001,-5.9
3255,67370.0,False,353.3,13.3,-5.9
3256,67384.0,False,353.20000000000005,13.5,-5.9
3257,67400.0,False,352.8,13.8,-5.9
3258,67420.0,False,352.6,13.9,-6.0
3259,67435.0,False,352.40000000000003,13.9,-6.1000000000000005
3260,67451.0,False,352.3,13.9,-6.2
3261,67468.0,False,351.8,13.5,-6.1000000000000005
3262,67483.0,False,351.6,13.3,-5.9
3263,67502.0,False,351.40000000000003,12.9,-4.9
3264,67521.0,False,351.40000000000003,12.8,-3.8000000000000003
3265,67537.0,False,351.40000000000003,12.9,-3.2
3266,67551.0,False,351.6,13.200000000000001,-2.1
3267,67567.0,False,351.8,13.200000000000001,-1.4000000000000001
3268,67585.0,False,352.1,12.700000000000001,-1.1
3269,67602.0,False,352.3,12.200000000000001,-1.0
3270,67617.0,False,352.6,11.100000000000001,-0.8
3271,67633.0,False,352.70000000000005,10.600000000000001,-0.7000000000000001
3272,67650.0,False,352.90000000000003,9.8,-0.6000000000000001
3273,67668.0,False,353.1,9.5,-0.4
3274,67702.0,False,353.20000000000005,9.3,-0.2
3275,67717.0,False,353.70000000000005,8.8,0.1
3276,67733.0,False,353.90000000000003,8.5,0.2
3277,67752.0,False,354.40000000000003,7.800000000000001,0.4
3278,67768.0,False,355.1,7.0,0.5
3279,67784.0,False,355.5,6.6000000000000005,0.5
3280,67800.0,False,356.1,6.0,0.5
3281,67818.0,False,356.8,5.4,0.4
3282,67838.0,False,357.40000000000003,4.9,0.2
3283,67850.0,False,357.70000000000005,4.7,0.1
3284,67867.0,False,358.20000000000005,4.3,-0.2
3285,67884.0,False,358.40000000000003,4.1000000000000005,-0.4
3286,67903.0,False,358.90000000000003,3.9000000000000004,-0.7000000000000001
3287,67920.0,False,359.20000000000005,3.8000000000000003,-0.9
3288,67936.0,False,359.6,3.7,-0.9
3289,67950.0,False,359.8,3.7,-1.0
3290,67969.0,False,0.0,3.9000000000000004,-1.0
3291,67988.0,False,0.1,4.2,-0.9
3292,68001.0,False,0.1,4.4,-0.8
3293,68017.0,False,0.1,4.7,-0.4
3294,68035.0,False,0.1,5.1000000000000005,0.0
3295,68052.0,False,0.2,5.6000000000000005,0.1
3296,68068.0,False,0.1,5.9,0.1
3297,68087.0,False,0.1,6.2,-0.1
3298,68107.0,False,359.90000000000003,6.4,-0.6000000000000001
3299,68116.0,False,359.90000000000003,6.5,-0.9
3300,68133.0,False,359.8,6.800000000000001,-1.5
3301,68153.0,False,359.70000000000005,7.300000000000001,-2.2
3302,68167.0,False,359.6,7.7,-2.5
3303,68183.0,False,359.3,8.3,-2.9000000000000004
3304,68202.0,False,359.1,8.6,-3.1
3305,68217.0,False,358.70000000000005,9.1,-3.3000000000000003
3306,68233.0,False,358.3,9.4,-3.3000000000000003
3307,68250.0,False,358.1,9.5,-3.3000000000000003
3308,68270.0,False,357.6,9.600000000000001,-3.3000000000000003
3309,68285.0,False,357.1,9.700000000000001,-3.3000000000000003
3310,68300.0,False,356.90000000000003,9.600000000000001,-3.2
3311,68319.0,False,356.40000000000003,9.600000000000001,-3.2
3312,68342.0,False,355.6,9.700000000000001,-3.4000000000000004
3313,68350.0,False,355.3,9.700000000000001,-3.6
3314,68366.0,False,355.0,9.8,-3.9000000000000004
3315,68386.0,False,354.40000000000003,9.9,-4.5
3316,68400.0,False,353.8,10.100000000000001,-5.2
3317,68417.0,False,353.5,10.100000000000001,-5.6000000000000005
3318,68433.0,False,352.8,10.3,-6.1000000000000005
3319,68450.0,False,352.20000000000005,10.5,-6.5
3320,68470.0,False,351.90000000000003,10.600000000000001,-6.7
3321,68486.0,False,351.3,11.0,-6.9
3322,68500.0,False,350.8,11.4,-7.0
3323,68517.0,False,350.6,11.600000000000001,-7.0
3324,68533.0,False,350.1,12.100000000000001,-7.1000000000000005
3325,68550.0,False,349.70000000000005,12.700000000000001,-7.2
3326,68567.0,False,349.6,12.9,-7.2
3327,68585.0,False,349.3,13.200000000000001,-7.2
3328,68600.0,False,349.20000000000005,13.4,-7.0
3329,68617.0,False,349.1,13.4,-6.9
3330,68634.0,False,349.20000000000005,13.100000000000001,-6.9
3331,68650.0,False,349.3,12.3,-6.800000000000001
3332,68667.0,False,349.40000000000003,11.3,-6.5
3333,68685.0,False,349.5,10.8,-6.4
3334,68707.0,False,349.6,10.4,-6.1000000000000005
3335,68717.0,False,349.90000000000003,9.5,-5.4
3336,68733.0,False,350.0,9.3,-5.2
3337,68750.0,False,350.3,9.1,-4.9
3338,68768.0,False,350.40000000000003,8.8,-4.800000000000001
3339,68804.0,False,350.5,8.4,-4.6000000000000005
3340,68819.0,False,350.6,8.1,-4.4
3341,68837.0,False,350.70000000000005,7.800000000000001,-3.9000000000000004
3342,68851.0,False,350.90000000000003,7.7,-3.7
3343,68866.0,False,351.3,7.4,-3.2
3344,68887.0,False,351.6,7.2,-3.0
3345,68900.0,False,352.20000000000005,6.9,-2.8000000000000003
3346,68917.0,False,352.8,6.6000000000000005,-2.8000000000000003
3347,68936.0,False,353.1,6.4,-2.8000000000000003
3348,68952.0,False,353.8,5.9,-2.9000000000000004
3349,68969.0,False,354.6,5.300000000000001,-2.8000000000000003
3350,68990.0,False,355.5,4.800000000000001,-2.6
3351,69000.0,False,355.90000000000003,4.5,-2.5
3352,69017.0,False,356.8,4.0,-2.2
3353,69035.0,False,357.3,3.8000000000000003,-2.0
3354,69051.0,False,358.1,3.6,-1.6
3355,69068.0,False,358.8,3.6,-1.2000000000000002
3356,69083.0,False,359.1,3.7,-1.1
3357,69105.0,False,360.0,4.1000000000000005,-1.2000000000000002
3358,69117.0,False,0.2,4.3,-1.2000000000000002
3359,69135.0,False,0.4,4.4,-1.3
3360,69152.0,False,0.8,4.800000000000001,-1.5
3361,69167.0,False,1.2000000000000002,5.1000000000000005,-1.7000000000000002
3362,69183.0,False,1.6,5.5,-1.8
3363,69203.0,False,1.8,5.6000000000000005,-1.8
3364,69221.0,False,2.3000000000000003,5.7,-2.0
3365,69234.0,False,2.5,5.7,-2.1
3366,69250.0,False,2.9000000000000004,5.6000000000000005,-2.5
3367,69267.0,False,3.2,5.4,-2.7
3368,69284.0,False,3.4000000000000004,5.300000000000001,-2.8000000000000003
3369,69308.0,False,3.9000000000000004,5.0,-3.1
3370,69319.0,False,4.0,5.0,-3.2
3371,69337.0,False,4.0,5.300000000000001,-3.3000000000000003
3372,69367.0,False,3.6,5.800000000000001,-3.1
3373,69386.0,False,3.3000000000000003,6.1000000000000005,-3.0
3374,69401.0,False,3.1,6.300000000000001,-3.0
3375,69424.0,False,2.4000000000000004,6.6000000000000005,-2.9000000000000004
3376,69450.0,False,1.8,6.7,-2.8000000000000003
3377,69468.0,False,1.2000000000000002,6.800000000000001,-2.8000000000000003
3378,69483.0,False,0.5,7.0,-2.9000000000000004
3379,69511.0,False,359.70000000000005,7.2,-3.0
3380,69517.0,False,359.40000000000003,7.300000000000001,-3.1
3381,69533.0,False,358.5,7.800000000000001,-3.5
3382,69551.0,False,358.1,8.1,-3.9000000000000004
3383,69567.0,False,357.0,8.700000000000001,-4.5
3384,69585.0,False,356.0,9.3,-5.1000000000000005
3385,69601.0,False,355.5,9.600000000000001,-5.4
3386,69639.0,False,353.8,10.600000000000001,-6.300000000000001
3387,69650.0,False,353.20000000000005,11.0,-6.6000000000000005
3388,69668.0,False,352.8,11.200000000000001,-6.7
3389,69683.0,False,352.20000000000005,11.600000000000001,-6.800000000000001
3390,69705.0,False,351.90000000000003,11.8,-6.9
3391,69717.0,False,351.3,12.4,-7.0
3392,69733.0,False,350.8,13.0,-7.2
3393,69750.0,False,350.6,13.200000000000001,-7.300000000000001
3394,69768.0,False,350.20000000000005,13.600000000000001,-7.5
3395,69783.0,False,349.8,13.8,-7.6000000000000005
3396,69803.0,False,349.5,13.8,-7.7
3397,69820.0,False,349.3,13.4,-7.6000000000000005
3398,69833.0,False,349.20000000000005,13.100000000000001,-7.5
3399,69850.0,False,349.1,12.200000000000001,-7.1000000000000005
3400,69868.0,False,349.0,11.8,-6.9
3401,69883.0,False,348.90000000000003,11.200000000000001,-6.2
3402,69900.0,False,348.90000000000003,10.8,-5.5
3403,69930.0,False,348.90000000000003,10.8,-4.6000000000000005
3404,69950.0,False,348.70000000000005,10.8,-4.0
3405,69967.0,False,348.6,10.8,-3.6
3406,69984.0,False,348.40000000000003,10.9,-3.0
3407,70000.0,False,348.20000000000005,10.9,-2.5
3408,70022.0,False,348.1,10.8,-2.2
3409,70041.0,False,348.1,10.600000000000001,-2.1
3410,70050.0,False,348.20000000000005,10.200000000000001,-2.1
3411,70067.0,False,348.3,9.8,-2.0
3412,70084.0,False,348.5,9.600000000000001,-2.1
3413,70103.0,False,348.8,9.3,-2.1
3414,70131.0,False,349.3,8.9,-2.4000000000000004
3415,70150.0,False,349.8,8.5,-2.4000000000000004
3416,70168.0,False,350.40000000000003,8.0,-2.3000000000000003
3417,70183.0,False,350.70000000000005,7.7,-2.2
3418,70201.0,False,351.0,7.4,-2.1
3419,70224.0,False,352.1,6.4,-1.8
3420,70234.0,False,352.40000000000003,6.1000000000000005,-1.8
3421,70251.0,False,352.90000000000003,5.5,-1.8
3422,70268.0,False,353.20000000000005,4.9,-1.6
3423,70283.0,False,353.3,4.6000000000000005,-1.5
3424,70300.0,False,353.5,4.2,-1.1
3425,70326.0,False,353.5,3.8000000000000003,-0.5
3426,70350.0,False,353.3,3.8000000000000003,-0.2
3427,70367.0,False,352.90000000000003,3.9000000000000004,0.1
3428,70384.0,False,352.8,3.9000000000000004,0.2
3429,70402.0,False,352.40000000000003,4.0,0.2
3430,70429.0,False,351.70000000000005,4.3,-0.1
3431,70450.0,False,351.40000000000003,4.4,-0.30000000000000004
3432,70469.0,False,350.6,4.800000000000001,-0.9
3433,70485.0,False,350.1,5.0,-1.4000000000000001
3434,70500.0,False,349.90000000000003,5.2,-1.8
3435,70526.0,False,349.0,5.7,-3.2
3436,70534.0,False,348.6,5.9,-3.7
3437,70550.0,False,348.20000000000005,6.2,-4.3
3438,70567.0,False,347.3,7.0,-5.5
3439,70585.0,False,346.20000000000005,7.800000000000001,-6.6000000000000005
3440,70603.0,False,345.6,8.200000000000001,-7.1000000000000005
3441,70626.0,False,343.90000000000003,9.700000000000001,-8.1
3442,70634.0,False,343.3,10.200000000000001,-8.3
3443,70650.0,False,342.8,10.8,-8.5
3444,70668.0,False,341.90000000000003,11.8,-8.5
3445,70685.0,False,341.20000000000005,12.8,-8.4
3446,70700.0,False,340.90000000000003,13.200000000000001,-8.3
3447,70721.0,False,340.5,13.9,-8.3
3448,70738.0,False,340.1,14.4,-8.6
3449,70752.0,False,340.0,14.5,-8.8
3450,70766.0,False,339.70000000000005,14.5,-9.600000000000001
3451,70783.0,False,339.40000000000003,14.3,-10.5
3452,70800.0,False,339.20000000000005,14.200000000000001,-11.100000000000001
3453,70820.0,False,338.90000000000003,13.9,-12.200000000000001
3454,70836.0,False,338.5,13.5,-13.100000000000001
3455,70852.0,False,338.20000000000005,13.3,-13.5
3456,70867.0,False,337.8,13.0,-14.100000000000001
3457,70884.0,False,337.40000000000003,12.9,-14.5
3458,70901.0,False,337.1,13.0,-14.5
3459,70918.0,False,336.6,13.4,-14.5
3460,70940.0,False,336.1,13.8,-14.0
3461,70950.0,False,335.8,14.0,-13.700000000000001
3462,70983.0,False,335.1,14.100000000000001,-12.5
3463,71005.0,False,334.8,13.600000000000001,-12.0
3464,71020.0,False,334.70000000000005,13.100000000000001,-11.600000000000001
3465,71034.0,False,334.6,11.8,-10.600000000000001
3466,71052.0,False,334.70000000000005,10.5,-9.4
3467,71067.0,False,334.8,9.8,-8.8
3468,71084.0,False,335.20000000000005,8.700000000000001,-7.6000000000000005
3469,71102.0,False,335.40000000000003,8.3,-7.1000000000000005
3470,71127.0,False,335.70000000000005,7.7,-6.4
3471,71137.0,False,335.6,7.7,-6.300000000000001
3472,71154.0,False,335.40000000000003,7.800000000000001,-6.2
3473,71169.0,False,335.20000000000005,7.9,-5.9
3474,71184.0,False,335.0,8.0,-5.7
3475,71201.0,False,334.90000000000003,8.1,-5.4
3476,71216.0,False,334.8,8.200000000000001,-4.6000000000000005
3477,71235.0,False,334.8,8.1,-3.6
3478,71251.0,False,335.1,7.9,-2.6
3479,71266.0,False,335.3,7.7,-2.3000000000000003
3480,71283.0,False,335.70000000000005,7.300000000000001,-1.7000000000000002
3481,71302.0,False,336.1,6.800000000000001,-1.2000000000000002
3482,71321.0,False,336.5,6.4,-0.9
3483,71339.0,False,336.8,6.1000000000000005,-0.5
3484,71351.0,False,337.0,6.0,-0.30000000000000004
3485,71367.0,False,337.1,6.0,-0.1
3486,71383.0,False,337.3,6.0,0.30000000000000004
3487,71400.0,False,337.40000000000003,6.1000000000000005,0.7000000000000001
3488,71421.0,False,337.3,6.4,1.1
3489,71434.0,False,337.3,6.5,1.3
3490,71453.0,False,337.20000000000005,6.7,1.6
3491,71467.0,False,337.1,7.1000000000000005,2.0
3492,71483.0,False,337.0,7.6000000000000005,2.4000000000000004
3493,71501.0,False,336.90000000000003,8.0,2.7
3494,71523.0,False,336.6,8.4,2.9000000000000004
3495,71533.0,False,336.5,8.6,3.0
3496,71554.0,False,336.40000000000003,9.0,3.1
3497,71566.0,False,336.3,9.3,3.0
3498,71583.0,False,336.3,9.5,2.8000000000000003
3499,71602.0,False,336.1,9.700000000000001,2.1
3500,71622.0,False,335.70000000000005,10.0,1.3
3501,71636.0,False,335.5,10.100000000000001,0.9
3502,71651.0,False,335.20000000000005,10.3,-0.2
3503,71667.0,False,334.70000000000005,10.3,-1.3
3504,71683.0,False,334.40000000000003,10.3,-1.8
3505,71701.0,False,334.1,10.200000000000001,-2.2
3506,71721.0,False,332.90000000000003,10.100000000000001,-3.2
3507,71737.0,False,331.90000000000003,10.100000000000001,-3.6
3508,71750.0,False,331.3,10.200000000000001,-3.6
3509,71767.0,False,330.0,10.5,-3.5
3510,71788.0,False,328.70000000000005,11.0,-3.1
3511,71800.0,False,328.1,11.3,-2.9000000000000004
3512,71818.0,False,326.8,11.700000000000001,-2.6
3513,71836.0,False,325.6,12.100000000000001,-2.4000000000000004
3514,71850.0,False,325.1,12.200000000000001,-2.5
3515,71867.0,False,323.90000000000003,12.600000000000001,-2.9000000000000004
3516,71883.0,False,323.40000000000003,12.8,-3.2
3517,71901.0,False,322.20000000000005,13.100000000000001,-3.9000000000000004
3518,71925.0,False,320.5,13.600000000000001,-4.800000000000001
3519,71937.0,False,320.0,13.8,-5.1000000000000005
3520,71951.0,False,319.40000000000003,13.9,-5.2
3521,71968.0,False,318.40000000000003,14.100000000000001,-5.300000000000001
3522,71984.0,False,317.5,14.3,-5.0
3523,72000.0,False,317.1,14.4,-4.9
3524,72017.0,False,316.3,14.700000000000001,-4.5
3525,72033.0,False,315.5,15.0,-4.3
3526,72051.0,False,315.1,15.200000000000001,-4.2
3527,72066.0,False,314.40000000000003,15.5,-4.1000000000000005
3528,72083.0,False,313.70000000000005,15.4,-4.1000000000000005
3529,72100.0,False,313.40000000000003,15.3,-4.0
3530,72117.0,False,312.90000000000003,14.9,-3.7
3531,72135.0,False,312.6,14.5,-3.3000000000000003
3532,72150.0,False,312.40000000000003,14.3,-3.2
3533,72168.0,False,312.20000000000005,14.100000000000001,-2.9000000000000004
3534,72184.0,False,311.90000000000003,13.8,-2.6
3535,72200.0,False,311.90000000000003,13.600000000000001,-2.5
3536,72218.0,False,311.8,13.100000000000001,-2.4000000000000004
3537,72234.0,False,311.8,12.600000000000001,-2.3000000000000003
3538,72250.0,False,311.8,12.3,-2.2
3539,72269.0,False,311.70000000000005,11.9,-2.1
3540,72283.0,False,311.6,11.700000000000001,-1.9000000000000001
3541,72305.0,False,311.5,11.5,-1.6
3542,72317.0,False,311.40000000000003,11.4,-1.4000000000000001
3543,72336.0,False,311.3,11.100000000000001,-1.0
3544,72350.0,False,311.20000000000005,10.9,-0.8
3545,72367.0,False,311.20000000000005,10.5,-0.4
3546,72384.0,False,311.3,9.9,-0.30000000000000004
3547,72400.0,False,311.40000000000003,9.5,-0.2
3548,72419.0,False,311.70000000000005,8.8,-0.30000000000000004
3549,72433.0,False,312.0,7.9,-0.4
3550,72451.0,False,312.20000000000005,7.5,-0.4
3551,72466.0,False,312.6,6.9,-0.4
3552,72483.0,False,313.0,6.300000000000001,-0.2
3553,72502.0,False,313.5,5.9,0.1
3554,72521.0,False,314.0,5.7,0.4
3555,72533.0,False,314.3,5.6000000000000005,0.6000000000000001
3556,72550.0,False,314.70000000000005,5.6000000000000005,0.8
3557,72570.0,False,315.0,5.6000000000000005,0.8
3558,72583.0,False,315.1,5.6000000000000005,0.7000000000000001
3559,72600.0,False,315.3,5.6000000000000005,0.4
3560,72624.0,False,315.40000000000003,5.6000000000000005,0.1
3561,72636.0,False,315.40000000000003,5.6000000000000005,0.0
3562,72652.0,False,315.40000000000003,5.5,0.0
3563,72670.0,False,315.5,5.5,0.30000000000000004
3564,72700.0,False,315.5,5.5,0.6000000000000001
3565,72717.0,False,315.40000000000003,5.6000000000000005,0.9
3566,72735.0,False,315.20000000000005,5.800000000000001,0.8
3567,72753.0,False,315.0,6.0,0.6000000000000001
3568,72767.0,False,314.8,6.0,0.5
3569,72783.0,False,314.70000000000005,6.2,0.0
3570,72800.0,False,314.40000000000003,6.4,-0.8
3571,72825.0,False,314.0,6.6000000000000005,-1.6
3572,72834.0,False,313.70000000000005,6.7,-1.9000000000000001
3573,72850.0,False,313.1,6.9,-2.4000000000000004
3574,72867.0,False,312.5,7.0,-2.5
3575,72885.0,False,312.20000000000005,7.0,-2.4000000000000004
3576,72902.0,False,311.40000000000003,7.2,-2.1
3577,72917.0,False,311.1,7.300000000000001,-1.9000000000000001
3578,72934.0,False,310.3,7.5,-1.5
3579,72950.0,False,309.5,7.4,-1.0
3580,72969.0,False,308.90000000000003,7.300000000000001,-0.5
3581,72991.0,False,308.5,7.1000000000000005,-0.30000000000000004
3582,73002.0,False,308.20000000000005,7.1000000000000005,-0.4
3583,73020.0,False,307.70000000000005,7.0,-0.9
3584,73035.0,False,307.40000000000003,6.9,-1.4000000000000001
3585,73050.0,False,306.7,6.9,-2.4000000000000004
3586,73068.0,False,306.0,6.800000000000001,-3.6
3587,73083.0,False,305.7,6.7,-4.1000000000000005
3588,73100.0,False,305.1,6.4,-5.2
3589,73118.0,False,304.6,6.2,-5.9
3590,73136.0,False,304.1,6.300000000000001,-6.4
3591,73150.0,False,303.90000000000003,6.6000000000000005,-6.6000000000000005
3592,73168.0,False,303.5,7.4,-6.800000000000001
3593,73183.0,False,303.3,7.9,-6.800000000000001
3594,73200.0,False,303.2,8.4,-6.9
3595,73216.0,False,303.0,9.5,-6.9
3596,73235.0,False,302.8,10.3,-7.0
3597,73253.0,False,302.7,10.9,-6.9
3598,73268.0,False,302.6,11.200000000000001,-6.800000000000001
3599,73284.0,False,302.6,11.200000000000001,-6.7
3600,73320.0,False,302.90000000000003,10.600000000000001,-6.300000000000001
3601,73333.0,False,303.1,10.3,-6.2
3602,73350.0,False,303.40000000000003,9.9,-6.0
3603,73371.0,False,303.8,9.4,-5.9
3604,73383.0,False,304.0,8.700000000000001,-5.6000000000000005
3605,73402.0,False,304.1,8.3,-5.300000000000001
3606,73418.0,False,304.2,7.7,-4.7
3607,73434.0,False,304.1,7.5,-4.1000000000000005
3608,73451.0,False,304.1,7.5,-3.9000000000000004
3609,73467.0,False,303.90000000000003,7.800000000000001,-3.6
3610,73485.0,False,303.8,8.1,-3.5
3611,73501.0,False,303.7,8.1,-3.4000000000000004
3612,73517.0,False,303.8,7.9,-3.1
3613,73535.0,False,304.2,7.5,-2.5
3614,73550.0,False,304.40000000000003,7.300000000000001,-2.2
3615,73567.0,False,305.1,7.1000000000000005,-1.7000000000000002
3616,73585.0,False,305.8,7.1000000000000005,-1.4000000000000001
3617,73603.0,False,306.6,6.9,-1.3
3618,73621.0,False,307.40000000000003,6.5,-1.3
3619,73633.0,False,307.8,6.300000000000001,-1.4000000000000001
3620,73650.0,False,308.20000000000005,6.1000000000000005,-1.6
3621,73666.0,False,309.0,5.7,-2.0
3622,73685.0,False,309.6,5.300000000000001,-2.4000000000000004
3623,73700.0,False,309.90000000000003,5.2,-2.6
3624,73716.0,False,310.20000000000005,5.2,-2.9000000000000004
3625,73733.0,False,310.40000000000003,5.300000000000001,-3.1
3626,73752.0,False,310.40000000000003,5.6000000000000005,-3.1
3627,73767.0,False,310.40000000000003,5.9,-3.0
3628,73783.0,False,310.20000000000005,6.5,-2.7
3629,73800.0,False,310.1,7.2,-2.1
3630,73816.0,False,310.0,7.5,-1.8
3631,73834.0,False,310.0,8.1,-1.2000000000000002
3632,73850.0,False,310.1,8.4,-1.0
3633,73867.0,False,310.20000000000005,8.3,-0.9
3634,73885.0,False,310.40000000000003,8.0,-0.9
3635,73900.0,False,310.70000000000005,7.5,-1.3
3636,73917.0,False,310.8,7.4,-1.6
3637,73934.0,False,310.8,7.300000000000001,-2.2
3638,73950.0,False,310.70000000000005,7.4,-2.4000000000000004
3639,73967.0,False,310.5,7.6000000000000005,-3.0
3640,73983.0,False,310.0,8.0,-3.5
3641,74000.0,False,309.5,8.1,-3.6
3642,74017.0,False,309.20000000000005,8.200000000000001,-3.5
3643,74033.0,False,308.6,8.200000000000001,-3.3000000000000003
3644,74051.0,False,307.90000000000003,8.3,-2.9000000000000004
3645,74067.0,False,307.6,8.4,-2.7
3646,74083.0,False,307.0,8.4,-2.3000000000000003
3647,74101.0,False,306.40000000000003,8.200000000000001,-2.2
3648,74119.0,False,305.8,8.0,-2.3000000000000003
3649,74134.0,False,305.5,7.9,-2.5
3650,74150.0,False,304.8,7.7,-3.3000000000000003
3651,74168.0,False,304.5,7.5,-3.9000000000000004
3652,74185.0,False,303.7,7.0,-5.2
3653,74201.0,False,303.3,6.800000000000001,-5.800000000000001
3654,74219.0,False,302.0,6.5,-6.9
3655,74234.0,False,301.6,6.7,-7.1000000000000005
3656,74251.0,False,300.7,8.0,-7.2
3657,74267.0,False,299.8,10.0,-7.300000000000001
3658,74285.0,False,299.40000000000003,11.100000000000001,-7.300000000000001
3659,74300.0,False,298.6,13.100000000000001,-7.4
3660,74319.0,False,298.0,14.600000000000001,-7.6000000000000005
3661,74334.0,False,297.7,15.200000000000001,-7.9
3662,74350.0,False,297.2,16.1,-8.5
3663,74367.0,False,296.8,16.5,-9.4
3664,74383.0,False,296.7,16.6,-9.8
3665,74402.0,False,296.40000000000003,16.3,-10.4
3666,74417.0,False,296.2,16.0,-10.700000000000001
3667,74435.0,False,296.0,15.600000000000001,-11.0
3668,74450.0,False,295.8,15.4,-11.200000000000001
3669,74467.0,False,295.1,15.100000000000001,-11.100000000000001
3670,74485.0,False,294.90000000000003,15.100000000000001,-10.9
3671,74500.0,False,294.5,15.0,-10.3
3672,74517.0,False,294.3,14.8,-10.0
3673,74533.0,False,294.2,14.4,-9.9
3674,74554.0,False,294.0,13.3,-9.5
3675,74566.0,False,293.90000000000003,11.8,-9.0
3676,74587.0,False,293.8,10.600000000000001,-8.5
3677,74602.0,False,293.8,10.100000000000001,-8.1
3678,74616.0,False,293.8,9.4,-7.4
3679,74634.0,False,293.8,9.200000000000001,-7.0
3680,74651.0,False,293.7,8.6,-6.1000000000000005
3681,74667.0,False,293.7,7.800000000000001,-5.2
3682,74683.0,False,293.7,7.4,-4.800000000000001
3683,74702.0,False,293.8,7.1000000000000005,-4.4
3684,74716.0,False,293.90000000000003,6.1000000000000005,-3.0
3685,74734.0,False,294.0,5.800000000000001,-2.6
3686,74750.0,False,294.40000000000003,5.1000000000000005,-1.7000000000000002
3687,74766.0,False,295.0,4.3,-0.9
3688,74785.0,False,295.6,3.5,-0.2
3689,74801.0,False,295.90000000000003,3.2,0.1
3690,74818.0,False,296.5,2.5,0.6000000000000001
3691,74833.0,False,296.8,2.2,0.9
3692,74850.0,False,297.3,1.6,1.7000000000000002
3693,74868.0,False,297.8,1.0,2.5
3694,74885.0,False,298.2,0.7000000000000001,3.4000000000000004
3695,74900.0,False,298.3,0.7000000000000001,3.8000000000000003
3696,74917.0,False,298.2,1.0,4.5
3697,74933.0,False,298.0,1.6,5.0
3698,74950.0,False,297.8,1.9000000000000001,5.2
3699,74967.0,False,297.40000000000003,2.6,5.6000000000000005
3700,74983.0,False,297.2,3.0,5.9
3701,75003.0,False,297.3,3.1,6.0
3702,75019.0,False,297.40000000000003,3.3000000000000003,6.0
3703,75034.0,False,297.6,3.3000000000000003,5.6000000000000005
3704,75052.0,False,297.8,3.2,5.1000000000000005
3705,75066.0,False,297.90000000000003,3.2,4.9
3706,75083.0,False,298.2,3.1,4.4
3707,75110.0,False,298.5,3.3000000000000003,3.5
3708,75116.0,False,298.5,3.5,3.0
3709,75133.0,False,298.3,3.9000000000000004,2.0
3710,75150.0,False,298.1,4.2,1.5
3711,75168.0,False,297.6,4.800000000000001,0.9
3712,75185.0,False,297.1,5.5,0.5
3713,75200.0,False,296.8,5.800000000000001,0.5
3714,75217.0,False,296.3,6.4,0.5
3715,75233.0,False,295.7,7.0,0.5
3716,75252.0,False,295.1,7.5,0.4
3717,75268.0,False,294.8,7.7,0.4
3718,75283.0,False,294.2,7.9,0.30000000000000004
3719,75300.0,False,293.7,8.0,0.0
3720,75319.0,False,293.5,7.9,-0.30000000000000004
3721,75333.0,False,293.0,7.9,-1.0
3722,75350.0,False,292.40000000000003,8.0,-1.7000000000000002
3723,75373.0,False,291.6,8.3,-2.5
3724,75383.0,False,291.2,8.5,-2.8000000000000003
3725,75405.0,False,290.5,9.0,-3.3000000000000003
3726,75418.0,False,290.1,9.3,-3.5
3727,75433.0,False,289.5,9.8,-3.7
3728,75450.0,False,289.3,10.100000000000001,-3.8000000000000003
3729,75469.0,False,288.6,10.8,-4.0
3730,75484.0,False,288.40000000000003,11.100000000000001,-4.1000000000000005
3731,75501.0,False,288.0,11.600000000000001,-4.3
3732,75516.0,False,287.8,11.9,-4.5
3733,75533.0,False,287.5,12.5,-4.7
3734,75552.0,False,287.3,12.8,-4.9
3735,75601.0,False,287.3,12.4,-4.4
3736,75620.0,False,287.3,12.3,-4.2
3737,75633.0,False,287.3,12.0,-3.6
3738,75650.0,False,287.3,11.600000000000001,-2.8000000000000003
3739,75668.0,False,287.5,11.100000000000001,-2.0
3740,75683.0,False,287.7,10.8,-1.6
3741,75706.0,False,287.8,10.5,-1.3
3742,75716.0,False,288.2,10.0,-0.7000000000000001
3743,75733.0,False,288.5,9.700000000000001,-0.2
3744,75750.0,False,288.6,9.700000000000001,0.2
3745,75769.0,False,288.7,9.700000000000001,0.6000000000000001
3746,75787.0,False,288.8,9.700000000000001,0.9
3747,75801.0,False,288.90000000000003,9.600000000000001,1.0
3748,75823.0,False,289.1,9.1,1.1
3749,75833.0,False,289.3,8.8,1.2000000000000002
3750,75850.0,False,289.6,8.1,1.5
3751,75867.0,False,290.1,7.300000000000001,2.0
3752,75883.0,False,290.40000000000003,7.0,2.3000000000000003
3753,75907.0,False,291.2,6.7,3.0
3754,75918.0,False,291.40000000000003,6.7,3.3000000000000003
3755,75935.0,False,291.8,6.6000000000000005,3.8000000000000003
3756,75951.0,False,292.0,6.6000000000000005,4.0
3757,75966.0,False,292.5,6.4,4.5
3758,75986.0,False,292.90000000000003,6.1000000000000005,4.9
3759,76003.0,False,293.2,6.0,5.1000000000000005
3760,76016.0,False,293.6,5.7,5.4
3761,76037.0,False,294.0,5.5,5.800000000000001
3762,76051.0,False,294.2,5.5,6.0
3763,76068.0,False,294.6,5.4,6.4
3764,76083.0,False,294.90000000000003,5.4,6.9
3765,76106.0,False,295.1,5.4,7.4
3766,76116.0,False,295.3,5.4,7.7
3767,76134.0,False,295.40000000000003,5.300000000000001,7.9
3768,76150.0,False,295.6,5.1000000000000005,8.200000000000001
3769,76185.0,False,295.7,4.7,8.8
3770,76233.0,False,295.7,4.4,9.0
3771,76249.0,False,295.8,4.3,8.9
3772,76268.0,False,295.8,4.2,8.6
3773,76285.0,False,295.8,4.2,7.800000000000001
3774,76304.0,False,295.6,4.4,6.6000000000000005
3775,76318.0,False,295.40000000000003,4.5,6.0
3776,76335.0,False,294.90000000000003,4.800000000000001,4.800000000000001
3777,76349.0,False,294.5,4.9,4.3
3778,76368.0,False,293.8,5.2,3.6
3779,76384.0,False,293.0,5.6000000000000005,3.3000000000000003
3780,76401.0,False,292.6,5.800000000000001,3.2
3781,76422.0,False,291.8,6.2,3.1
3782,76433.0,False,291.0,6.5,3.1
3783,76453.0,False,290.3,6.7,3.1
3784,76466.0,False,289.90000000000003,6.9,2.9000000000000004
3785,76484.0,False,289.1,7.300000000000001,2.4000000000000004
3786,76500.0,False,288.3,7.800000000000001,1.6
3787,76518.0,False,287.8,8.0,1.1
3788,76535.0,False,287.0,8.6,0.0
3789,76551.0,False,286.1,9.0,-0.9
3790,76567.0,False,285.7,9.200000000000001,-1.4000000000000001
3791,76583.0,False,285.0,9.700000000000001,-2.1
3792,76601.0,False,284.3,10.3,-2.7
3793,76618.0,False,284.0,10.600000000000001,-2.9000000000000004
3794,76634.0,False,283.40000000000003,11.3,-3.3000000000000003
3795,76650.0,False,282.8,11.9,-3.5
3796,76667.0,False,282.5,12.200000000000001,-3.6
3797,76684.0,False,282.0,12.8,-3.9000000000000004
3798,76701.0,False,281.8,13.100000000000001,-4.1000000000000005
3799,76718.0,False,281.40000000000003,13.700000000000001,-4.5
3800,76733.0,False,281.0,14.100000000000001,-4.800000000000001
3801,76752.0,False,280.7,14.3,-4.800000000000001
3802,76784.0,False,280.6,14.100000000000001,-4.4
3803,76799.0,False,280.7,13.9,-4.2
3804,76817.0,False,280.7,13.700000000000001,-4.0
3805,76834.0,False,280.90000000000003,13.100000000000001,-3.4000000000000004
3806,76850.0,False,281.1,12.5,-2.9000000000000004
3807,76868.0,False,281.40000000000003,12.0,-2.6
3808,76885.0,False,281.5,11.8,-2.5
3809,76905.0,False,281.7,11.700000000000001,-2.4000000000000004
3810,76918.0,False,281.8,11.600000000000001,-2.2
3811,76933.0,False,281.90000000000003,11.5,-2.1
3812,76950.0,False,282.1,11.3,-1.8
3813,76967.0,False,282.5,11.0,-1.5
3814,76984.0,False,282.7,10.8,-1.4000000000000001
3815,77001.0,False,283.1,10.100000000000001,-1.1
3816,77018.0,False,283.7,9.4,-0.7000000000000001
3817,77034.0,False,284.0,8.9,-0.5
3818,77050.0,False,284.7,8.0,-0.2
3819,77070.0,False,285.5,7.0,0.0
3820,77085.0,False,285.8,6.6000000000000005,0.0
3821,77101.0,False,286.5,5.9,0.0
3822,77117.0,False,287.0,5.4,0.0
3823,77135.0,False,287.3,5.1000000000000005,0.0
3824,77151.0,False,287.8,4.6000000000000005,0.1
3825,77167.0,False,288.40000000000003,4.0,0.2
3826,77183.0,False,288.6,3.7,0.30000000000000004
3827,77203.0,False,288.90000000000003,3.5,0.30000000000000004
3828,77217.0,False,289.5,2.8000000000000003,0.6000000000000001
3829,77234.0,False,289.6,2.6,0.8
3830,77250.0,False,289.8,2.3000000000000003,1.3
3831,77267.0,False,290.0,2.2,1.9000000000000001
3832,77285.0,False,290.2,2.2,2.3000000000000003
3833,77300.0,False,290.2,2.3000000000000003,2.5
3834,77317.0,False,290.3,2.3000000000000003,2.6
3835,77334.0,False,290.3,2.3000000000000003,2.7
3836,77351.0,False,290.3,2.1,2.9000000000000004
3837,77368.0,False,290.40000000000003,1.9000000000000001,3.1
3838,77383.0,False,290.5,1.8,3.3000000000000003
3839,77400.0,False,290.8,1.7000000000000002,3.5
3840,77418.0,False,291.0,1.6,3.7
3841,77435.0,False,291.2,1.5,3.9000000000000004
3842,77451.0,False,291.3,1.5,4.0
3843,77467.0,False,291.6,1.5,4.1000000000000005
3844,77484.0,False,291.8,1.9000000000000001,4.0
3845,77501.0,False,291.8,2.1,3.7
3846,77517.0,False,291.8,2.5,3.1
3847,77537.0,False,291.8,2.8000000000000003,2.5
3848,77549.0,False,291.7,2.9000000000000004,2.2
3849,77570.0,False,291.5,3.3000000000000003,1.6
3850,77583.0,False,291.2,3.7,1.1
3851,77604.0,False,290.90000000000003,4.1000000000000005,0.8
3852,77617.0,False,290.7,4.2,0.8
3853,77636.0,False,290.3,4.5,0.8
3854,77649.0,False,290.1,4.7,0.8
3855,77666.0,False,289.7,5.1000000000000005,0.7000000000000001
3856,77684.0,False,289.3,5.5,0.5
3857,77700.0,False,289.0,5.7,0.4
3858,77716.0,False,288.5,6.2,-0.1
3859,77735.0,False,287.90000000000003,6.7,-0.6000000000000001
3860,77750.0,False,287.5,7.0,-0.9
3861,77766.0,False,286.90000000000003,7.6000000000000005,-1.5
3862,77784.0,False,286.3,8.1,-2.0
3863,77801.0,False,286.0,8.3,-2.3000000000000003
3864,77816.0,False,285.6,8.8,-2.7
3865,77836.0,False,285.2,9.200000000000001,-3.1
3866,77853.0,False,285.0,9.700000000000001,-3.5
3867,77866.0,False,284.8,10.0,-3.7
3868,77883.0,False,284.7,10.5,-3.9000000000000004
3869,77903.0,False,284.6,10.9,-4.2
3870,77924.0,False,284.6,11.4,-4.5
3871,77933.0,False,284.6,11.600000000000001,-4.7
3872,77952.0,False,284.6,11.9,-4.9
3873,77986.0,False,284.8,12.100000000000001,-4.7
3874,78002.0,False,284.90000000000003,12.200000000000001,-4.5
3875,78034.0,False,284.8,11.9,-4.1000000000000005
3876,78050.0,False,284.8,11.600000000000001,-3.6
3877,78067.0,False,284.7,11.4,-3.4000000000000004
3878,78083.0,False,284.6,11.200000000000001,-3.0
3879,78101.0,False,284.6,11.0,-2.7
3880,78116.0,False,284.5,10.9,-2.6
3881,78133.0,False,284.40000000000003,10.8,-2.3000000000000003
3882,78151.0,False,284.2,10.700000000000001,-2.0
3883,78184.0,False,284.0,10.5,-1.5
3884,78199.0,False,283.90000000000003,10.4,-1.3
3885,78219.0,False,284.1,9.8,-0.8
3886,78234.0,False,284.2,9.5,-0.7000000000000001
3887,78252.0,False,284.5,8.8,-0.4
3888,78267.0,False,284.7,8.5,-0.4
3889,78287.0,False,285.2,7.9,-0.2
3890,78301.0,False,285.7,7.4,-0.2
3891,78324.0,False,286.3,6.9,-0.1
3892,78336.0,False,286.6,6.7,0.0
3893,78351.0,False,287.3,6.300000000000001,0.2
3894,78366.0,False,288.0,5.800000000000001,0.4
3895,78385.0,False,288.40000000000003,5.5,0.5
3896,78400.0,False,289.2,4.9,0.7000000000000001
3897,78423.0,False,290.0,4.3,1.1
3898,78433.0,False,290.40000000000003,4.1000000000000005,1.2000000000000002
3899,78451.0,False,290.8,4.0,1.4000000000000001
3900,78467.0,False,291.7,3.8000000000000003,1.9000000000000001
3901,78485.0,False,292.0,3.8000000000000003,2.0
3902,78501.0,False,292.40000000000003,3.8000000000000003,2.1
3903,78525.0,False,292.7,3.7,2.2
3904,78536.0,False,293.0,3.7,2.3000000000000003
3905,78551.0,False,293.1,3.6,2.4000000000000004
3906,78567.0,False,293.3,3.6,2.8000000000000003
3907,78583.0,False,293.3,3.7,2.9000000000000004
3908,78601.0,False,293.3,4.0,3.2
3909,78623.0,False,293.2,4.4,3.1
3910,78650.0,False,293.0,4.6000000000000005,3.2
3911,78667.0,False,293.0,4.7,3.3000000000000003
3912,78684.0,False,292.90000000000003,4.9,3.2
3913,78701.0,False,292.90000000000003,5.4,2.9000000000000004
3914,78720.0,False,292.6,6.0,2.5
3915,78733.0,False,292.40000000000003,6.300000000000001,2.3000000000000003
3916,78753.0,False,292.0,6.800000000000001,1.9000000000000001
3917,78766.0,False,291.5,7.2,1.8
3918,78785.0,False,291.1,7.6000000000000005,1.7000000000000002
3919,78802.0,False,290.8,7.800000000000001,1.7000000000000002
3920,78829.0,False,290.2,8.0,1.8
3921,78835.0,False,290.0,7.9,1.9000000000000001
3922,78856.0,False,289.8,7.5,2.1
3923,78867.0,False,289.7,7.4,2.2
3924,78885.0,False,289.6,7.300000000000001,2.0
3925,78900.0,False,289.5,7.4,1.8
3926,78920.0,False,289.3,7.6000000000000005,1.1
3927,78935.0,False,288.90000000000003,8.0,0.30000000000000004
3928,78951.0,False,288.7,8.1,-0.1
3929,78966.0,False,288.40000000000003,8.5,-1.0
3930,78984.0,False,288.2,8.9,-1.8
3931,79004.0,False,287.90000000000003,9.4,-2.6
3932,79020.0,False,287.8,9.600000000000001,-2.9000000000000004
3933,79033.0,False,287.5,10.100000000000001,-3.4000000000000004
3934,79054.0,False,287.40000000000003,10.600000000000001,-3.8000000000000003
3935,79066.0,False,287.3,10.9,-4.0
3936,79083.0,False,287.2,11.5,-4.3
3937,79101.0,False,287.1,12.0,-4.5
3938,79125.0,False,287.0,12.200000000000001,-4.6000000000000005
3939,79153.0,False,287.0,12.3,-4.4
3940,79166.0,False,287.0,12.200000000000001,-4.3
3941,79184.0,False,287.1,12.100000000000001,-4.1000000000000005
3942,79199.0,False,287.1,11.9,-4.0
3943,79218.0,False,287.0,11.600000000000001,-3.5
3944,79236.0,False,287.0,11.4,-3.2
3945,79250.0,False,286.90000000000003,11.3,-3.0
3946,79283.0,False,286.90000000000003,10.8,-2.6
3947,79300.0,False,286.90000000000003,10.700000000000001,-2.5
3948,79322.0,False,286.90000000000003,10.700000000000001,-2.2
3949,79334.0,False,286.90000000000003,10.600000000000001,-2.1
3950,79353.0,False,286.90000000000003,10.5,-1.7000000000000002
3951,79366.0,False,286.90000000000003,10.4,-1.5
3952,79383.0,False,287.1,10.100000000000001,-1.2000000000000002
3953,79402.0,False,287.40000000000003,9.600000000000001,-1.1
3954,79422.0,False,287.8,9.0,-1.0
3955,79434.0,False,288.0,8.700000000000001,-1.0
3956,79450.0,False,288.3,8.3,-1.0
3957,79469.0,False,289.0,7.6000000000000005,-0.7000000000000001
3958,79483.0,False,289.2,7.5,-0.6000000000000001
3959,79502.0,False,289.7,7.4,-0.4
3960,79520.0,False,290.2,7.2,-0.1
3961,79534.0,False,290.5,7.2,0.1
3962,79555.0,False,291.0,7.0,0.4
3963,79566.0,False,291.3,6.9,0.4
3964,79584.0,False,291.90000000000003,6.7,0.6000000000000001
3965,79600.0,False,292.40000000000003,6.6000000000000005,0.8
3966,79622.0,False,292.8,6.5,1.0
3967,79634.0,False,293.0,6.5,1.2000000000000002
3968,79651.0,False,293.40000000000003,6.5,1.4000000000000001
3969,79667.0,False,293.6,6.5,1.6
3970,79683.0,False,293.90000000000003,6.5,1.9000000000000001
3971,79718.0,False,294.3,6.300000000000001,2.3000000000000003
3972,79734.0,False,294.3,6.300000000000001,2.4000000000000004
3973,79750.0,False,294.40000000000003,6.2,2.8000000000000003
3974,79766.0,False,294.40000000000003,6.1000000000000005,3.1
3975,79786.0,False,294.5,6.1000000000000005,3.5
3976,79800.0,False,294.6,5.9,4.0
3977,79820.0,False,294.90000000000003,5.7,4.4
3978,79850.0,False,295.3,5.4,4.3
3979,79867.0,False,295.40000000000003,5.300000000000001,3.5
3980,79893.0,False,295.3,5.5,2.6
3981,79900.0,False,295.2,5.6000000000000005,2.1
3982,79918.0,False,294.8,5.9,1.0
3983,79934.0,False,294.5,6.0,0.5
3984,79950.0,False,293.90000000000003,6.4,-0.2
3985,79967.0,False,293.0,6.7,-0.8
3986,79983.0,False,292.5,6.9,-0.9
3987,79999.0,False,291.5,7.300000000000001,-1.0
3988,80018.0,False,290.40000000000003,7.800000000000001,-0.7000000000000001
3989,80033.0,False,289.90000000000003,8.0,-0.5
3990,80050.0,False,288.90000000000003,8.3,-0.2
3991,80067.0,False,288.0,8.700000000000001,-0.1
3992,80083.0,False,287.5,8.9,-0.1
3993,80101.0,False,286.5,9.1,-0.4
3994,80116.0,False,285.6,9.3,-0.9
3995,80135.0,False,284.7,9.600000000000001,-1.6
3996,80149.0,False,284.3,9.8,-1.9000000000000001
3997,80167.0,False,283.5,10.200000000000001,-2.6
3998,80183.0,False,283.1,10.4,-3.0
3999,80201.0,False,282.40000000000003,10.9,-3.6
4000,80218.0,False,282.0,11.200000000000001,-3.9000000000000004
4001,80235.0,False,281.2,12.100000000000001,-4.5
4002,80250.0,False,281.1,12.5,-4.7
4003,80267.0,False,280.7,13.100000000000001,-5.1000000000000005
4004,80283.0,False,280.6,13.5,-5.300000000000001
4005,80302.0,False,280.40000000000003,14.0,-5.6000000000000005
4006,80324.0,False,280.3,14.200000000000001,-5.9
4007,80333.0,False,280.2,14.3,-6.0
4008,80367.0,False,280.1,14.0,-5.9
4009,80383.0,False,279.90000000000003,13.600000000000001,-5.7
4010,80399.0,False,279.7,13.4,-5.4
4011,80418.0,False,279.3,12.8,-4.6000000000000005
4012,80434.0,False,278.90000000000003,12.4,-3.3000000000000003
4013,80449.0,False,278.7,12.3,-2.6
4014,80466.0,False,278.40000000000003,12.3,-1.0
4015,80484.0,False,278.0,12.4,0.7000000000000001
4016,80499.0,False,277.8,12.5,1.5
4017,80516.0,False,277.40000000000003,12.600000000000001,3.0
4018,80533.0,False,277.0,12.700000000000001,4.0
4019,80555.0,False,276.7,12.600000000000001,4.6000000000000005
4020,80566.0,False,276.6,12.5,4.7
4021,80585.0,False,276.5,12.100000000000001,4.6000000000000005
4022,80600.0,False,276.5,11.700000000000001,4.5
4023,80617.0,False,276.8,11.0,4.0
4024,80633.0,False,277.1,10.200000000000001,3.4000000000000004
4025,80649.0,False,277.40000000000003,9.8,3.1
4026,80668.0,False,277.90000000000003,9.1,2.7
4027,80683.0,False,278.5,8.6,2.4000000000000004
4028,80701.0,False,278.8,8.4,2.3000000000000003
4029,80717.0,False,279.40000000000003,8.200000000000001,2.2
4030,80735.0,False,280.0,8.200000000000001,2.1
4031,80749.0,False,280.6,8.0,1.9000000000000001
4032,80770.0,False,281.2,7.7,1.8
4033,80785.0,False,281.5,7.5,1.9000000000000001
4034,80799.0,False,282.0,7.2,2.0
4035,80817.0,False,282.3,7.1000000000000005,2.0
4036,80833.0,False,282.7,7.0,2.2
4037,80850.0,False,283.1,7.2,2.3000000000000003
4038,80867.0,False,283.3,7.300000000000001,2.3000000000000003
4039,80887.0,False,283.5,7.5,2.2
4040,80907.0,False,283.5,7.6000000000000005,2.0
4041,80916.0,False,283.6,7.7,2.0
4042,80933.0,False,283.6,7.9,2.0
4043,80950.0,False,283.6,8.0,2.1
4044,80983.0,False,283.7,8.200000000000001,2.0
4045,81000.0,False,283.90000000000003,8.3,1.8
4046,81018.0,False,284.1,8.5,1.5
4047,81038.0,False,284.3,8.700000000000001,1.3
4048,81050.0,False,284.5,9.1,0.8
4049,81067.0,False,284.6,9.4,0.5
4050,81084.0,False,284.7,10.100000000000001,0.1
4051,81101.0,False,284.5,10.600000000000001,-0.1
4052,81116.0,False,284.40000000000003,10.8,-0.1
4053,81134.0,False,284.2,11.3,-0.2
4054,81155.0,False,284.0,11.8,-0.2
4055,81167.0,False,283.7,12.200000000000001,-0.2
4056,81183.0,False,283.5,12.5,-0.1
4057,81218.0,False,282.5,13.200000000000001,0.30000000000000004
4058,81242.0,False,282.0,13.4,0.5
4059,81256.0,False,281.5,13.9,0.5
4060,81267.0,False,281.2,14.200000000000001,0.4
4061,81283.0,False,280.8,14.600000000000001,0.2
4062,81300.0,False,280.0,15.4,-0.2
4063,81317.0,False,279.1,16.1,-0.7000000000000001
4064,81333.0,False,278.7,16.400000000000002,-0.9
4065,81350.0,False,277.90000000000003,17.0,-1.2000000000000002
4066,81366.0,False,277.3,17.6,-1.3
4067,81384.0,False,277.1,18.0,-1.3
4068,81400.0,False,276.7,18.8,-1.5
4069,81417.0,False,276.2,19.400000000000002,-1.4000000000000001
4070,81433.0,False,276.0,19.700000000000003,-1.3
4071,81449.0,False,275.7,20.5,-1.2000000000000002
4072,81467.0,False,275.40000000000003,21.200000000000003,-1.3
4073,81483.0,False,275.2,21.6,-1.3
4074,81500.0,False,275.0,22.3,-1.4000000000000001
4075,81517.0,False,274.7,22.700000000000003,-1.5
4076,81549.0,False,274.40000000000003,22.700000000000003,-1.4000000000000001
4077,81567.0,False,274.2,22.400000000000002,-1.0
4078,81583.0,False,274.0,22.1,-0.7000000000000001
4079,81600.0,False,273.7,21.700000000000003,0.2
4080,81617.0,False,273.40000000000003,21.5,1.1
4081,81634.0,False,273.2,21.400000000000002,1.8
4082,81651.0,False,273.1,21.3,2.1
4083,81673.0,False,273.1,20.8,2.9000000000000004
4084,81700.0,False,273.1,20.6,3.1
4085,81719.0,False,273.0,20.700000000000003,3.3000000000000003
4086,81738.0,False,272.90000000000003,20.8,3.6
4087,81750.0,False,272.90000000000003,20.900000000000002,3.8000000000000003
4088,81767.0,False,272.90000000000003,21.0,4.1000000000000005
4089,81786.0,False,273.2,21.0,4.4
4090,81800.0,False,273.40000000000003,20.900000000000002,4.5
4091,81816.0,False,273.90000000000003,20.5,4.7
4092,81833.0,False,274.6,19.900000000000002,4.6000000000000005
4093,81857.0,False,275.3,19.3,4.3
4094,81868.0,False,275.7,19.0,4.1000000000000005
4095,81886.0,False,276.40000000000003,18.5,3.4000000000000004
4096,81902.0,False,277.1,18.1,2.7
4097,81917.0,False,277.40000000000003,17.900000000000002,2.4000000000000004
4098,81938.0,False,278.0,17.5,1.9000000000000001
4099,81951.0,False,278.3,17.2,1.6
4100,81966.0,False,279.0,16.8,1.3
4101,81988.0,False,279.7,16.3,1.1
4102,82001.0,False,280.3,16.0,0.8
4103,82017.0,False,280.6,15.9,0.7000000000000001
4104,82037.0,False,281.1,15.700000000000001,0.4
4105,82052.0,False,281.5,15.5,0.0
4106,82066.0,False,281.7,15.4,-0.1
4107,82083.0,False,282.1,15.200000000000001,-0.5
4108,82112.0,False,282.7,14.5,-1.1
4109,82133.0,False,283.0,13.9,-1.7000000000000002
4110,82151.0,False,283.3,13.3,-2.1
4111,82166.0,False,283.3,13.0,-2.2
4112,82184.0,False,283.3,12.3,-2.1
4113,82199.0,False,283.3,12.0,-1.9000000000000001
4114,82216.0,False,283.40000000000003,11.4,-1.3
4115,82233.0,False,283.5,10.9,-0.7000000000000001
4116,82251.0,False,283.6,10.4,-0.6000000000000001
4117,82266.0,False,283.6,10.100000000000001,-0.6000000000000001
4118,82284.0,False,283.40000000000003,9.600000000000001,-0.7000000000000001
4119,82299.0,False,283.1,9.3,-0.5
4120,82316.0,False,283.0,9.200000000000001,-0.30000000000000004
4121,82333.0,False,282.5,9.3,0.2
4122,82351.0,False,281.90000000000003,9.600000000000001,0.8
4123,82367.0,False,281.7,9.9,1.1
4124,82383.0,False,281.3,10.4,1.8
4125,82401.0,False,281.0,10.9,2.2
4126,82421.0,False,280.6,11.200000000000001,2.7
4127,82437.0,False,280.40000000000003,11.3,2.9000000000000004
4128,82449.0,False,280.2,11.3,3.1
4129,82466.0,False,280.0,11.4,3.3000000000000003
4130,82506.0,False,279.7,11.700000000000001,2.7
4131,82516.0,False,279.7,11.9,2.2
4132,82533.0,False,279.8,12.200000000000001,0.7000000000000001
4133,82551.0,False,279.7,12.600000000000001,-1.1
4134,82566.0,False,279.6,12.9,-2.6
4135,82583.0,False,279.6,13.0,-3.2
4136,82599.0,False,279.5,13.100000000000001,-3.9000000000000004
4137,82616.0,False,279.6,13.100000000000001,-4.5
4138,82633.0,False,279.6,13.100000000000001,-4.9
4139,82650.0,False,279.6,13.100000000000001,-6.1000000000000005
4140,82669.0,False,279.6,13.3,-7.5
4141,82683.0,False,279.6,13.3,-8.1
4142,82700.0,False,279.5,13.4,-8.8
4143,82719.0,False,279.5,13.5,-10.100000000000001
4144,82735.0,False,279.5,13.600000000000001,-10.5
4145,82750.0,False,279.5,13.8,-10.700000000000001
4146,82768.0,False,279.5,14.100000000000001,-10.9
4147,82817.0,False,279.6,14.100000000000001,-10.8
4148,82833.0,False,279.7,13.9,-10.8
4149,82850.0,False,280.0,13.5,-10.8
4150,82866.0,False,280.2,13.100000000000001,-10.8
4151,82887.0,False,280.5,12.9,-10.9
4152,82918.0,False,280.7,13.0,-11.4
4153,82933.0,False,280.7,13.100000000000001,-11.5
4154,82949.0,False,280.7,13.4,-11.700000000000001
4155,82968.0,False,280.6,13.700000000000001,-11.700000000000001
4156,82983.0,False,280.7,13.9,-11.600000000000001
4157,83010.0,False,280.8,14.0,-11.5
4158,83016.0,False,280.90000000000003,14.0,-11.4
4159,83034.0,False,281.2,14.100000000000001,-11.3
4160,83049.0,False,281.3,14.100000000000001,-11.4
4161,83066.0,False,281.7,14.200000000000001,-11.5
4162,83083.0,False,282.3,14.4,-11.8
4163,83106.0,False,283.0,14.200000000000001,-11.9
4164,83117.0,False,283.3,14.0,-11.700000000000001
4165,83135.0,False,284.0,13.4,-11.200000000000001
4166,83153.0,False,284.5,12.9,-10.8
4167,83166.0,False,284.7,12.700000000000001,-10.700000000000001
4168,83183.0,False,284.90000000000003,12.5,-10.600000000000001
4169,83200.0,False,285.2,12.200000000000001,-10.700000000000001
4170,83223.0,False,285.3,12.0,-11.0
4171,83233.0,False,285.40000000000003,11.8,-11.200000000000001
4172,83250.0,False,285.40000000000003,11.600000000000001,-11.9
4173,83266.0,False,285.2,11.4,-12.5
4174,83285.0,False,285.1,11.3,-13.0
4175,83301.0,False,285.0,11.200000000000001,-13.100000000000001
4176,83324.0,False,285.0,11.4,-12.9
4177,83333.0,False,285.0,11.5,-12.700000000000001
4178,83352.0,False,285.0,11.700000000000001,-12.5
4179,83366.0,False,284.90000000000003,11.9,-12.3
4180,83383.0,False,284.8,12.100000000000001,-12.0
4181,83400.0,False,284.8,12.200000000000001,-11.8
4182,83427.0,False,284.7,12.200000000000001,-11.700000000000001
4183,83449.0,False,284.6,12.100000000000001,-11.9
4184,83466.0,False,284.3,11.9,-12.100000000000001
4185,83484.0,False,283.8,11.700000000000001,-12.3
4186,83499.0,False,283.6,11.700000000000001,-12.4
4187,83523.0,False,282.8,11.8,-12.9
4188,83533.0,False,282.5,11.8,-13.200000000000001
4189,83553.0,False,281.8,12.0,-13.200000000000001
4190,83568.0,False,281.5,12.100000000000001,-13.0
4191,83583.0,False,280.7,12.3,-12.4
4192,83600.0,False,280.1,12.600000000000001,-11.700000000000001
4193,83626.0,False,279.6,12.600000000000001,-11.100000000000001
4194,83633.0,False,279.40000000000003,12.600000000000001,-10.9
4195,83650.0,False,279.0,12.5,-10.8
4196,83668.0,False,278.8,12.4,-10.9
4197,83684.0,False,278.5,12.3,-11.200000000000001
4198,83699.0,False,278.3,12.3,-11.4
4199,83729.0,False,277.6,12.3,-11.700000000000001
4200,83750.0,False,277.3,12.5,-11.700000000000001
4201,83766.0,False,277.2,12.600000000000001,-11.700000000000001
4202,83783.0,False,277.0,12.600000000000001,-11.600000000000001
4203,83802.0,False,276.8,12.700000000000001,-11.4
4204,83830.0,False,276.6,12.8,-11.3
4205,83850.0,False,276.6,13.100000000000001,-11.4
4206,83887.0,False,276.5,13.3,-11.600000000000001
4207,83900.0,False,276.5,13.3,-11.5
4208,83926.0,False,276.5,13.200000000000001,-11.100000000000001
4209,83933.0,False,276.6,13.100000000000001,-11.0
4210,83950.0,False,276.8,13.100000000000001,-10.700000000000001
4211,83966.0,False,276.90000000000003,13.0,-10.700000000000001
4212,83983.0,False,276.90000000000003,12.700000000000001,-10.600000000000001
4213,84011.0,False,277.0,12.200000000000001,-10.3
4214,84039.0,False,277.2,11.700000000000001,-9.9
4215,84053.0,False,277.3,11.5,-9.700000000000001
4216,84066.0,False,277.5,11.100000000000001,-9.5
4217,84088.0,False,277.7,10.9,-9.3
4218,84102.0,False,277.8,10.8,-9.3
4219,84152.0,False,277.7,11.0,-9.1
4220,84167.0,False,277.7,11.100000000000001,-8.9
4221,84199.0,False,277.7,10.9,-8.5
4222,84222.0,False,277.90000000000003,10.700000000000001,-8.4
4223,84233.0,False,278.0,10.5,-8.3
4224,84252.0,False,278.2,10.100000000000001,-8.4
4225,84266.0,False,278.40000000000003,9.600000000000001,-8.5
4226,84283.0,False,278.5,9.4,-8.5
4227,84299.0,False,278.7,8.9,-8.6
4228,84328.0,False,278.90000000000003,8.3,-8.5
4229,84334.0,False,279.0,8.1,-8.5
4230,84350.0,False,279.1,7.9,-8.4
4231,84366.0,False,279.2,7.5,-8.4
4232,84383.0,False,279.2,7.2,-8.4
4233,84402.0,False,279.2,6.9,-8.3
4234,84426.0,False,279.0,6.6000000000000005,-8.200000000000001
4235,84450.0,False,278.7,6.800000000000001,-8.5
4236,84466.0,False,278.2,7.1000000000000005,-8.9
4237,84484.0,False,277.6,7.300000000000001,-9.1
4238,84501.0,False,277.3,7.5,-9.1
4239,84526.0,False,276.40000000000003,7.9,-9.0
4240,84552.0,False,275.5,8.4,-8.6
4241,84568.0,False,275.2,8.700000000000001,-8.5
4242,84584.0,False,274.5,9.200000000000001,-8.1
4243,84599.0,False,274.2,9.5,-7.800000000000001
4244,84619.0,False,273.6,10.0,-7.4
4245,84642.0,False,272.90000000000003,10.600000000000001,-7.300000000000001
4246,84656.0,False,272.7,10.8,-7.4
4247,84667.0,False,272.40000000000003,10.9,-7.5
4248,84683.0,False,271.90000000000003,11.0,-7.9
4249,84699.0,False,271.7,11.100000000000001,-8.0
4250,84719.0,False,271.2,11.200000000000001,-8.200000000000001
4251,84737.0,False,270.7,11.3,-8.4
4252,84750.0,False,270.40000000000003,11.3,-8.5
4253,84766.0,False,269.8,11.4,-8.4
4254,84783.0,False,269.1,11.4,-8.1
4255,84803.0,False,268.40000000000003,11.5,-7.6000000000000005
4256,84823.0,False,267.8,11.600000000000001,-6.9
4257,84837.0,False,267.5,11.600000000000001,-6.6000000000000005
4258,84850.0,False,267.2,11.600000000000001,-6.2
4259,84866.0,False,266.8,11.4,-5.7
4260,84883.0,False,266.5,11.100000000000001,-5.5
4261,84901.0,False,266.2,10.8,-5.7
4262,84936.0,False,265.8,10.4,-6.6000000000000005
4263,84953.0,False,265.6,10.200000000000001,-7.300000000000001
4264,84966.0,False,265.5,10.200000000000001,-7.7
4265,84983.0,False,265.2,10.100000000000001,-8.200000000000001
4266,85001.0,False,265.1,10.100000000000001,-8.5
4267,85021.0,False,264.90000000000003,10.200000000000001,-8.5
4268,85033.0,False,264.8,10.3,-8.5
4269,85049.0,False,264.7,10.5,-8.4
4270,85067.0,False,264.5,11.200000000000001,-8.3
4271,85084.0,False,264.3,11.9,-8.3
4272,85100.0,False,264.2,12.5,-8.200000000000001
4273,85116.0,False,264.1,12.700000000000001,-8.1
4274,85136.0,False,264.1,12.9,-8.0
4275,85173.0,False,264.3,13.0,-7.9
4276,85201.0,False,264.40000000000003,12.8,-7.9
4277,85218.0,False,264.7,12.200000000000001,-7.5
4278,85233.0,False,264.90000000000003,12.0,-7.2
4279,85250.0,False,265.3,11.5,-6.800000000000001
4280,85269.0,False,265.90000000000003,11.3,-6.6000000000000005
4281,85283.0,False,266.2,11.200000000000001,-6.6000000000000005
4282,85301.0,False,266.8,11.100000000000001,-6.9
4283,85322.0,False,267.2,11.0,-7.2
4284,85352.0,False,267.90000000000003,11.0,-7.5
4285,85367.0,False,268.3,11.100000000000001,-7.6000000000000005
4286,85383.0,False,268.5,11.100000000000001,-7.6000000000000005
4287,85399.0,False,268.90000000000003,11.0,-7.6000000000000005
4288,85416.0,False,269.1,10.9,-7.5
4289,85433.0,False,269.6,10.700000000000001,-7.6000000000000005
4290,85453.0,False,270.2,10.3,-7.7
4291,85468.0,False,270.90000000000003,9.9,-8.1
4292,85484.0,False,271.2,9.600000000000001,-8.200000000000001
4293,85499.0,False,271.90000000000003,9.1,-8.5
4294,85516.0,False,272.6,8.6,-8.700000000000001
4295,85533.0,False,272.90000000000003,8.4,-8.8
4296,85550.0,False,273.6,7.800000000000001,-8.9
4297,85570.0,False,274.3,7.300000000000001,-8.9
4298,85583.0,False,274.6,7.0,-8.9
4299,85600.0,False,275.1,6.6000000000000005,-9.1
4300,85621.0,False,275.5,6.300000000000001,-9.1
4301,85634.0,False,275.6,6.2,-9.1
4302,85649.0,False,275.90000000000003,6.0,-9.1
4303,85666.0,False,276.0,6.0,-9.3
4304,85685.0,False,276.0,6.1000000000000005,-9.600000000000001
4305,85719.0,False,275.7,6.300000000000001,-9.600000000000001
4306,85749.0,False,275.40000000000003,6.6000000000000005,-9.3
4307,85766.0,False,275.3,6.800000000000001,-9.200000000000001
4308,85783.0,False,275.2,7.1000000000000005,-9.0
4309,85800.0,False,274.90000000000003,7.4,-8.700000000000001
4310,85821.0,False,274.6,7.6000000000000005,-8.200000000000001
4311,85833.0,False,274.40000000000003,7.9,-7.7
4312,85850.0,False,274.3,8.1,-7.5
4313,85866.0,False,274.2,8.8,-7.300000000000001
4314,85883.0,False,274.1,9.1,-7.300000000000001
4315,85899.0,False,273.90000000000003,9.9,-7.6000000000000005
4316,85923.0,False,273.5,10.600000000000001,-8.1
4317,85933.0,False,273.2,11.200000000000001,-8.6
4318,85951.0,False,273.0,11.4,-8.8
4319,85967.0,False,272.6,11.8,-8.8
4320,85987.0,False,272.2,12.100000000000001,-8.4
4321,86017.0,False,272.0,12.4,-6.9
4322,86033.0,False,271.90000000000003,12.5,-5.800000000000001
4323,86050.0,False,271.90000000000003,12.5,-5.4
4324,86067.0,False,271.90000000000003,12.5,-4.9
4325,86084.0,False,271.8,12.700000000000001,-5.1000000000000005
4326,86099.0,False,271.7,12.8,-5.5
4327,86117.0,False,271.5,12.8,-6.300000000000001
4328,86133.0,False,271.2,12.700000000000001,-7.4
4329,86151.0,False,270.8,12.5,-8.3
4330,86166.0,False,270.6,12.4,-8.8
4331,86183.0,False,270.2,12.3,-9.700000000000001
4332,86199.0,False,270.0,12.3,-10.100000000000001
4333,86228.0,False,269.5,12.5,-11.0
4334,86255.0,False,268.90000000000003,12.9,-11.700000000000001
4335,86269.0,False,268.8,13.0,-11.9
4336,86286.0,False,268.5,13.4,-12.200000000000001
4337,86300.0,False,268.3,13.700000000000001,-12.3
4338,86316.0,False,268.2,13.9,-12.4
4339,86334.0,False,268.1,14.200000000000001,-12.200000000000001
4340,86367.0,False,268.1,14.3,-12.0
4341,86407.0,False,268.1,14.0,-12.200000000000001
4342,86416.0,False,268.0,13.8,-12.100000000000001
4343,86439.0,False,268.0,13.600000000000001,-11.8
4344,86453.0,False,268.2,13.600000000000001,-11.600000000000001
4345,86466.0,False,268.3,13.8,-11.5
4346,86486.0,False,268.3,14.3,-11.5
4347,86501.0,False,268.2,14.9,-11.600000000000001
4348,86522.0,False,268.1,15.4,-11.4
4349,86538.0,False,268.0,15.600000000000001,-11.100000000000001
4350,86550.0,False,268.0,15.600000000000001,-10.8
4351,86566.0,False,268.0,15.600000000000001,-10.600000000000001
4352,86583.0,False,268.1,15.5,-10.100000000000001
4353,86599.0,False,268.2,15.200000000000001,-9.700000000000001
4354,86619.0,False,268.40000000000003,14.700000000000001,-9.3
4355,86635.0,False,268.5,14.4,-9.1
4356,86664.0,False,269.1,13.5,-8.8
4357,86687.0,False,269.90000000000003,12.600000000000001,-8.700000000000001
4358,86701.0,False,270.2,12.3,-8.8
4359,86722.0,False,270.8,11.8,-8.9
4360,86732.0,False,271.2,11.5,-9.0
4361,86751.0,False,271.90000000000003,11.100000000000001,-9.3
4362,86768.0,False,272.5,10.700000000000001,-9.700000000000001
4363,86785.0,False,272.8,10.5,-9.8
4364,86802.0,False,273.3,10.100000000000001,-10.100000000000001
4365,86820.0,False,273.8,9.700000000000001,-10.200000000000001
4366,86832.0,False,274.1,9.4,-10.3
4367,86852.0,False,274.5,8.9,-10.600000000000001
4368,86867.0,False,274.8,8.4,-10.9
4369,86883.0,False,274.90000000000003,8.200000000000001,-11.0
4370,86899.0,False,275.0,8.200000000000001,-11.3
4371,86936.0,False,274.90000000000003,8.9,-10.8
4372,86949.0,False,274.90000000000003,9.200000000000001,-10.600000000000001
4373,86967.0,False,274.90000000000003,9.8,-10.100000000000001
4374,86983.0,False,274.8,10.100000000000001,-9.9
4375,87007.0,False,274.8,10.9,-9.200000000000001
4376,87016.0,False,274.8,11.0,-9.0
4377,87035.0,False,274.8,11.100000000000001,-8.9
4378,87049.0,False,274.90000000000003,11.100000000000001,-8.700000000000001
4379,87066.0,False,275.0,10.9,-8.700000000000001
4380,87085.0,False,275.0,10.8,-8.9
4381,87105.0,False,274.8,11.100000000000001,-9.3
4382,87116.0,False,274.6,11.3,-9.4
4383,87136.0,False,274.2,11.9,-9.8
4384,87149.0,False,273.90000000000003,12.200000000000001,-9.8
4385,87170.0,False,273.3,12.700000000000001,-9.600000000000001
4386,87183.0,False,272.7,13.200000000000001,-9.3
4387,87203.0,False,272.5,13.3,-9.0
4388,87218.0,False,271.90000000000003,13.5,-8.5
4389,87233.0,False,271.5,13.4,-7.800000000000001
4390,87249.0,False,271.3,13.4,-7.5
4391,87268.0,False,270.90000000000003,13.3,-7.1000000000000005
4392,87283.0,False,270.8,13.4,-7.0
4393,87300.0,False,270.5,13.5,-7.4
4394,87317.0,False,270.2,13.5,-8.0
4395,87333.0,False,269.8,13.3,-8.6
4396,87349.0,False,269.6,13.100000000000001,-8.9
4397,87367.0,False,269.3,12.8,-9.5
4398,87383.0,False,269.0,12.600000000000001,-9.8
4399,87401.0,False,268.8,12.4,-9.9
4400,87417.0,False,268.6,12.3,-9.8
4401,87433.0,False,268.3,12.3,-9.600000000000001
4402,87449.0,False,268.1,12.3,-9.4
4403,87468.0,False,267.8,12.600000000000001,-9.0
4404,87485.0,False,267.5,12.9,-8.700000000000001
4405,87502.0,False,267.2,13.3,-8.3
4406,87517.0,False,267.1,13.3,-8.1
4407,87534.0,False,266.90000000000003,13.3,-7.7
4408,87550.0,False,266.8,13.3,-7.5
4409,87566.0,False,266.7,12.9,-7.300000000000001
4410,87585.0,False,266.7,12.100000000000001,-7.0
4411,87601.0,False,266.7,11.100000000000001,-6.4
4412,87618.0,False,266.7,10.600000000000001,-6.1000000000000005
4413,87633.0,False,266.90000000000003,9.700000000000001,-5.4
4414,87651.0,False,267.2,8.9,-4.7
4415,87667.0,False,267.40000000000003,8.6,-4.4
4416,87684.0,False,267.6,8.3,-4.1000000000000005
4417,87701.0,False,267.5,8.3,-4.0
4418,87719.0,False,267.40000000000003,8.5,-4.0
4419,87732.0,False,267.1,8.700000000000001,-4.0
4420,87749.0,False,267.0,8.9,-3.9000000000000004
4421,87766.0,False,266.8,9.0,-3.8000000000000003
4422,87785.0,False,266.7,9.0,-3.6
4423,87799.0,False,266.8,8.9,-3.3000000000000003
4424,87817.0,False,266.90000000000003,8.9,-3.1
4425,87833.0,False,267.2,8.8,-3.0
4426,87850.0,False,267.7,8.5,-2.9000000000000004
4427,87866.0,False,268.0,8.3,-2.9000000000000004
4428,87882.0,False,268.6,7.800000000000001,-3.0
4429,87899.0,False,269.3,7.2,-3.2
4430,87917.0,False,269.6,6.9,-3.2
4431,87933.0,False,270.3,6.4,-3.3000000000000003
4432,87949.0,False,270.8,5.9,-3.4000000000000004
4433,87968.0,False,271.40000000000003,5.5,-3.3000000000000003
4434,87983.0,False,271.6,5.300000000000001,-3.3000000000000003
4435,87999.0,False,272.0,5.1000000000000005,-3.2
4436,88016.0,False,272.1,5.0,-3.2
4437,88033.0,False,272.3,5.1000000000000005,-3.2
4438,88049.0,False,272.3,5.4,-3.3000000000000003
4439,88067.0,False,272.2,5.9,-3.6
4440,88082.0,False,272.1,6.300000000000001,-3.8000000000000003
4441,88102.0,False,271.90000000000003,6.9,-4.1000000000000005
4442,88118.0,False,271.7,7.300000000000001,-4.2
4443,88144.0,False,271.2,8.5,-4.0
4444,88149.0,False,271.1,9.0,-3.9000000000000004
4445,88167.0,False,270.6,10.0,-4.0
4446,88182.0,False,270.3,10.4,-4.0
4447,88199.0,False,269.8,11.0,-4.0
4448,88216.0,False,269.40000000000003,11.3,-4.2
4449,88232.0,False,269.2,11.5,-4.3
4450,88249.0,False,268.8,11.700000000000001,-4.5
4451,88266.0,False,268.40000000000003,11.9,-4.7
4452,88288.0,False,268.0,12.200000000000001,-4.9
4453,88299.0,False,267.7,12.4,-5.1000000000000005
4454,88316.0,False,267.5,12.5,-5.2
4455,88333.0,False,266.90000000000003,12.700000000000001,-5.4
4456,88349.0,False,266.3,12.700000000000001,-5.5
4457,88367.0,False,265.8,12.600000000000001,-5.5
4458,88384.0,False,265.6,12.5,-5.4
4459,88399.0,False,265.2,12.4,-5.2
4460,88416.0,False,265.0,12.100000000000001,-4.9
4461,88456.0,False,264.8,11.9,-4.9
4462,88466.0,False,264.8,11.9,-5.1000000000000005
4463,88482.0,False,264.90000000000003,11.8,-5.4
4464,88501.0,False,265.2,11.4,-6.300000000000001
4465,88519.0,False,265.6,10.600000000000001,-7.5
4466,88533.0,False,265.7,10.100000000000001,-8.1
4467,88554.0,False,265.90000000000003,8.9,-9.200000000000001
4468,88570.0,False,266.0,8.1,-10.0
4469,88589.0,False,266.1,7.7,-10.4
4470,88605.0,False,266.2,7.9,-10.4
4471,88616.0,False,266.3,8.1,-10.200000000000001
4472,88635.0,False,266.40000000000003,8.8,-9.8
4473,88649.0,False,266.40000000000003,9.3,-9.600000000000001
4474,88667.0,False,266.40000000000003,10.3,-9.3
4475,88682.0,False,266.40000000000003,11.200000000000001,-9.0
4476,88701.0,False,266.3,11.600000000000001,-8.9
4477,88717.0,False,266.3,12.0,-8.6
4478,88734.0,False,266.40000000000003,12.100000000000001,-8.6
4479,88749.0,False,266.40000000000003,12.0,-8.6
4480,88767.0,False,266.5,11.600000000000001,-8.9
4481,88783.0,False,266.6,10.9,-8.700000000000001
4482,88806.0,False,266.8,10.200000000000001,-8.200000000000001
4483,88816.0,False,267.0,10.0,-8.0
4484,88832.0,False,267.3,9.9,-7.5
4485,88849.0,False,267.40000000000003,9.9,-7.300000000000001
4486,88867.0,False,267.8,10.100000000000001,-6.9
4487,88883.0,False,268.1,10.3,-6.5
4488,88900.0,False,268.2,10.4,-6.300000000000001
4489,88921.0,False,268.5,10.5,-5.6000000000000005
4490,88932.0,False,268.90000000000003,10.600000000000001,-4.9
4491,88951.0,False,269.40000000000003,10.600000000000001,-4.3
4492,88966.0,False,269.7,10.5,-4.0
4493,88984.0,False,270.3,10.3,-3.7
4494,88999.0,False,270.6,10.100000000000001,-3.7
4495,89016.0,False,271.2,9.9,-3.8000000000000003
4496,89035.0,False,271.8,9.700000000000001,-4.1000000000000005
4497,89049.0,False,272.5,9.600000000000001,-4.5
4498,89069.0,False,272.90000000000003,9.600000000000001,-4.7
4499,89082.0,False,273.8,9.3,-5.0
4500,89108.0,False,274.6,8.8,-5.1000000000000005
4501,89116.0,False,275.1,8.5,-5.1000000000000005
4502,89133.0,False,276.0,7.9,-5.0
4503,89150.0,False,276.8,7.300000000000001,-4.9
4504,89168.0,False,277.2,7.1000000000000005,-4.9
4505,89183.0,False,277.8,6.800000000000001,-4.9
4506,89200.0,False,278.0,6.800000000000001,-4.9
4507,89219.0,False,278.40000000000003,6.800000000000001,-4.9
4508,89233.0,False,278.6,7.0,-5.0
4509,89249.0,False,278.8,7.4,-5.2
4510,89266.0,False,278.8,7.6000000000000005,-5.300000000000001
4511,89285.0,False,278.8,7.800000000000001,-5.4
4512,89317.0,False,278.90000000000003,8.200000000000001,-5.5
4513,89333.0,False,278.90000000000003,8.6,-5.6000000000000005
4514,89350.0,False,278.8,9.0,-5.9
4515,89368.0,False,278.6,9.4,-6.0
4516,89383.0,False,278.5,9.600000000000001,-6.0
4517,89402.0,False,278.40000000000003,10.0,-5.9
4518,89417.0,False,278.3,10.200000000000001,-5.9
4519,89433.0,False,278.2,10.600000000000001,-5.6000000000000005
4520,89449.0,False,278.1,10.8,-5.5
4521,89466.0,False,277.90000000000003,11.4,-5.4
4522,89484.0,False,277.6,11.9,-5.5
4523,89499.0,False,277.3,12.3,-5.7
4524,89516.0,False,276.8,12.4,-6.0
4525,89534.0,False,276.6,12.4,-6.0
4526,89552.0,False,276.1,12.4,-6.1000000000000005
4527,89571.0,False,275.6,12.3,-5.800000000000001
4528,89586.0,False,275.2,12.100000000000001,-5.2
4529,89606.0,False,275.0,12.0,-4.5
4530,89619.0,False,275.0,11.9,-4.3
4531,89632.0,False,274.90000000000003,11.8,-4.1000000000000005
4532,89666.0,False,274.7,11.700000000000001,-4.800000000000001
4533,89683.0,False,274.6,11.700000000000001,-5.2
4534,89699.0,False,274.3,11.4,-6.1000000000000005
4535,89716.0,False,274.0,11.100000000000001,-6.9
4536,89732.0,False,273.90000000000003,10.9,-7.2
4537,89749.0,False,273.7,10.5,-7.6000000000000005
4538,89767.0,False,273.6,10.200000000000001,-7.800000000000001
4539,89799.0,False,273.5,10.4,-8.0
4540,89816.0,False,273.3,10.700000000000001,-8.0
4541,89838.0,False,273.1,11.200000000000001,-8.0
4542,89850.0,False,273.0,11.4,-8.0
4543,89866.0,False,272.90000000000003,11.700000000000001,-8.1
4544,89882.0,False,272.8,11.8,-8.1
4545,89899.0,False,272.6,11.9,-8.1
4546,89916.0,False,272.5,11.8,-8.0
4547,89949.0,False,272.3,11.700000000000001,-7.9
4548,89966.0,False,272.3,11.5,-7.6000000000000005
4549,89984.0,False,272.3,11.200000000000001,-7.1000000000000005
4550,90007.0,False,272.5,11.0,-6.6000000000000005
4551,90024.0,False,272.8,10.8,-6.2
4552,90032.0,False,273.0,10.700000000000001,-6.1000000000000005
4553,90050.0,False,273.2,10.600000000000001,-6.1000000000000005
4554,90066.0,False,273.6,10.3,-6.1000000000000005
4555,90082.0,False,273.8,10.200000000000001,-6.2
4556,90101.0,False,274.2,10.100000000000001,-6.300000000000001
4557,90123.0,False,274.7,9.8,-6.5
4558,90150.0,False,275.0,9.700000000000001,-6.4
4559,90168.0,False,275.2,9.5,-6.300000000000001
4560,90184.0,False,275.6,9.3,-6.1000000000000005
4561,90199.0,False,275.8,9.200000000000001,-6.0
4562,90220.0,False,276.3,8.8,-5.800000000000001
4563,90235.0,False,277.0,8.3,-5.5
4564,90249.0,False,277.3,8.1,-5.4
4565,90268.0,False,278.0,7.6000000000000005,-5.4
4566,90284.0,False,278.6,7.1000000000000005,-5.300000000000001
4567,90300.0,False,278.90000000000003,6.9,-5.2
4568,90323.0,False,279.8,6.1000000000000005,-5.0
4569,90333.0,False,280.1,5.9,-4.9
4570,90350.0,False,280.40000000000003,5.7,-4.800000000000001
4571,90366.0,False,280.8,5.5,-4.6000000000000005
4572,90385.0,False,281.1,5.4,-4.4
4573,90400.0,False,281.3,5.4,-4.3
4574,90425.0,False,281.40000000000003,5.6000000000000005,-4.4
4575,90449.0,False,281.5,5.800000000000001,-4.5
4576,90466.0,False,281.5,6.1000000000000005,-4.5
4577,90483.0,False,281.40000000000003,6.5,-4.5
4578,90501.0,False,281.40000000000003,6.9,-4.5
4579,90533.0,False,281.2,7.6000000000000005,-4.800000000000001
4580,90549.0,False,281.1,7.800000000000001,-4.9
4581,90566.0,False,281.0,8.0,-4.9
4582,90582.0,False,280.8,8.3,-4.800000000000001
4583,90601.0,False,280.8,8.700000000000001,-4.6000000000000005
4584,90623.0,False,280.8,9.200000000000001,-4.6000000000000005
4585,90633.0,False,280.8,9.5,-4.7
4586,90649.0,False,280.7,9.8,-4.9
4587,90667.0,False,280.3,10.3,-5.300000000000001
4588,90684.0,False,280.2,10.4,-5.4
4589,90700.0,False,280.0,10.5,-5.5
4590,90720.0,False,279.5,10.8,-5.9
4591,90733.0,False,279.2,10.9,-6.1000000000000005
4592,90751.0,False,278.6,11.0,-6.2
4593,90773.0,False,278.0,11.0,-5.9
4594,90783.0,False,277.7,11.0,-5.7
4595,90800.0,False,277.2,10.9,-5.300000000000001
4596,90821.0,False,276.8,10.9,-5.1000000000000005
4597,90833.0,False,276.5,10.8,-5.1000000000000005
4598,90851.0,False,276.1,10.8,-5.2
4599,90866.0,False,275.90000000000003,10.8,-5.4
4600,90884.0,False,275.40000000000003,10.8,-5.9
4601,90899.0,False,274.90000000000003,10.700000000000001,-6.6000000000000005
4602,90919.0,False,274.5,10.600000000000001,-7.2
4603,90933.0,False,274.3,10.5,-7.4
4604,90950.0,False,274.1,10.5,-7.7
4605,90966.0,False,273.8,10.5,-8.0
4606,90982.0,False,273.40000000000003,10.600000000000001,-8.3
4607,91002.0,False,273.1,11.0,-8.4
4608,91017.0,False,272.7,11.5,-8.4
4609,91034.0,False,272.5,11.700000000000001,-8.4
4610,91050.0,False,272.2,12.100000000000001,-8.3
4611,91076.0,False,271.8,12.5,-8.0
4612,91100.0,False,271.6,12.600000000000001,-7.6000000000000005
4613,91119.0,False,271.5,12.600000000000001,-7.300000000000001
4614,91132.0,False,271.40000000000003,12.600000000000001,-7.2
4615,91150.0,False,271.40000000000003,12.200000000000001,-6.9
4616,91166.0,False,271.5,11.5,-6.6000000000000005
4617,91184.0,False,271.5,10.8,-6.2
4618,91206.0,False,271.6,10.4,-5.7
4619,91218.0,False,271.7,10.200000000000001,-5.6000000000000005
4620,91232.0,False,271.7,10.100000000000001,-5.5
4621,91259.0,False,271.7,10.0,-5.5
4622,91266.0,False,271.6,9.9,-5.6000000000000005
4623,91282.0,False,271.40000000000003,10.0,-5.7
4624,91300.0,False,271.3,10.100000000000001,-5.7
4625,91325.0,False,271.0,10.200000000000001,-5.5
4626,91367.0,False,271.0,10.3,-5.1000000000000005
4627,91383.0,False,271.1,10.100000000000001,-5.0
4628,91400.0,False,271.2,10.0,-5.0
4629,91419.0,False,271.40000000000003,9.600000000000001,-5.2
4630,91433.0,False,271.8,9.1,-5.5
4631,91449.0,False,272.0,8.8,-5.7
4632,91466.0,False,272.40000000000003,8.3,-6.0
4633,91485.0,False,272.90000000000003,7.800000000000001,-6.2
4634,91499.0,False,273.1,7.5,-6.300000000000001
4635,91516.0,False,273.5,6.9,-6.4
4636,91533.0,False,273.90000000000003,6.4,-6.300000000000001
4637,91550.0,False,274.3,6.0,-6.1000000000000005
4638,91567.0,False,274.5,5.800000000000001,-6.0
4639,91596.0,False,274.8,5.800000000000001,-5.800000000000001
4640,91616.0,False,274.90000000000003,6.0,-5.800000000000001
4641,91637.0,False,275.0,6.2,-5.800000000000001
4642,91649.0,False,274.90000000000003,6.4,-5.800000000000001
4643,91666.0,False,274.90000000000003,6.800000000000001,-5.800000000000001
4644,91682.0,False,274.8,7.4,-5.7
4645,91701.0,False,274.8,7.7,-5.6000000000000005
4646,91718.0,False,274.8,8.3,-5.5
4647,91742.0,False,274.7,9.0,-5.4
4648,91766.0,False,274.8,9.200000000000001,-5.300000000000001
4649,91785.0,False,274.8,9.200000000000001,-5.2
4650,91802.0,False,274.90000000000003,9.3,-5.1000000000000005
4651,91824.0,False,275.0,9.4,-4.9
4652,91835.0,False,275.1,9.5,-4.800000000000001
4653,91852.0,False,275.1,9.8,-4.7
4654,91866.0,False,275.1,10.0,-4.800000000000001
4655,91882.0,False,274.90000000000003,10.4,-4.9
4656,91900.0,False,274.6,10.600000000000001,-5.1000000000000005
4657,91918.0,False,274.40000000000003,10.600000000000001,-5.0
4658,91933.0,False,274.0,10.600000000000001,-4.800000000000001
4659,91949.0,False,273.8,10.600000000000001,-4.6000000000000005
4660,91966.0,False,273.5,10.600000000000001,-3.9000000000000004
4661,91983.0,False,273.2,10.4,-3.1
4662,91999.0,False,273.0,10.3,-2.4000000000000004
4663,92017.0,False,272.90000000000003,10.200000000000001,-2.0
4664,92032.0,False,272.8,10.200000000000001,-2.0
4665,92051.0,False,272.6,10.200000000000001,-2.3000000000000003
4666,92065.0,False,272.5,10.200000000000001,-2.6
4667,92084.0,False,272.2,10.100000000000001,-3.2
4668,92099.0,False,272.0,9.9,-3.8000000000000003
4669,92122.0,False,271.8,9.8,-4.2
4670,92134.0,False,271.7,9.8,-4.4
4671,92152.0,False,271.5,9.9,-4.7
4672,92165.0,False,271.5,10.0,-4.800000000000001
4673,92184.0,False,271.3,10.3,-4.9
4674,92200.0,False,271.2,10.5,-5.0
4675,92217.0,False,271.0,11.0,-5.0
4676,92241.0,False,270.8,11.5,-5.5
4677,92266.0,False,270.5,11.8,-6.2
4678,92283.0,False,270.40000000000003,11.8,-6.4
4679,92301.0,False,270.2,11.8,-6.6000000000000005
4680,92333.0,False,270.0,11.8,-6.800000000000001
4681,92350.0,False,269.90000000000003,11.5,-6.6000000000000005
4682,92365.0,False,269.8,11.200000000000001,-6.5
4683,92385.0,False,269.8,10.5,-6.1000000000000005
4684,92399.0,False,269.8,9.8,-5.9
4685,92416.0,False,269.7,9.3,-5.9
4686,92433.0,False,269.7,9.1,-6.0
4687,92449.0,False,269.6,9.0,-6.2
4688,92467.0,False,269.0,9.200000000000001,-7.0
4689,92482.0,False,268.7,9.4,-7.300000000000001
4690,92501.0,False,268.2,9.8,-7.800000000000001
4691,92517.0,False,267.8,10.3,-8.3
4692,92541.0,False,267.7,10.8,-8.700000000000001
4693,92549.0,False,267.6,11.100000000000001,-8.9
4694,92570.0,False,267.8,11.600000000000001,-9.4
4695,92584.0,False,268.0,11.8,-9.700000000000001
4696,92599.0,False,268.6,12.3,-10.200000000000001
4697,92623.0,False,269.40000000000003,12.700000000000001,-10.600000000000001
4698,92632.0,False,269.90000000000003,12.700000000000001,-10.8
4699,92652.0,False,270.90000000000003,12.700000000000001,-11.3
4700,92666.0,False,271.90000000000003,12.700000000000001,-11.9
4701,92685.0,False,272.8,12.600000000000001,-12.5
4702,92699.0,False,273.2,12.600000000000001,-12.8
4703,92720.0,False,273.90000000000003,12.700000000000001,-13.100000000000001
4704,92739.0,False,274.5,12.9,-13.3
4705,92749.0,False,274.8,13.100000000000001,-13.3
4706,92767.0,False,275.3,13.4,-13.3
4707,92782.0,False,275.40000000000003,13.700000000000001,-13.3
4708,92801.0,False,275.5,14.3,-13.100000000000001
4709,92819.0,False,275.5,15.0,-12.9
4710,92836.0,False,275.40000000000003,15.700000000000001,-12.5
4711,92853.0,False,275.3,16.0,-12.3
4712,92865.0,False,275.2,16.400000000000002,-11.8
4713,92884.0,False,275.2,16.6,-11.3
4714,92900.0,False,275.2,16.7,-11.100000000000001
4715,92920.0,False,275.1,17.0,-10.9
4716,92935.0,False,274.8,17.3,-10.9
4717,92951.0,False,274.6,17.3,-10.8
4718,92965.0,False,274.2,17.400000000000002,-10.4
4719,92989.0,False,274.0,17.3,-10.100000000000001
4720,92999.0,False,273.90000000000003,17.3,-10.0
4721,93019.0,False,273.5,17.2,-9.700000000000001
4722,93035.0,False,273.1,16.900000000000002,-9.5
4723,93050.0,False,272.8,16.8,-9.3
4724,93066.0,False,272.2,16.6,-8.9
4725,93082.0,False,271.6,16.400000000000002,-8.4
4726,93099.0,False,271.3,16.3,-8.200000000000001
4727,93123.0,False,270.7,15.600000000000001,-7.300000000000001
4728,93132.0,False,270.6,15.3,-7.0
4729,93149.0,False,270.40000000000003,14.9,-6.800000000000001
4730,93166.0,False,270.2,14.100000000000001,-6.2
4731,93185.0,False,270.0,13.200000000000001,-5.6000000000000005
4732,93202.0,False,270.0,12.4,-5.300000000000001
4733,93215.0,False,270.0,12.0,-5.2
4734,93234.0,False,269.90000000000003,11.4,-5.5
4735,93249.0,False,269.8,11.100000000000001,-5.7
4736,93267.0,False,269.6,10.600000000000001,-6.2
4737,93284.0,False,269.3,10.100000000000001,-6.7
4738,93299.0,False,269.0,9.600000000000001,-7.1000000000000005
4739,93316.0,False,268.90000000000003,9.5,-7.2
4740,93332.0,False,268.7,9.200000000000001,-7.300000000000001
4741,93349.0,False,268.6,9.1,-7.2
4742,93366.0,False,268.40000000000003,9.0,-7.1000000000000005
4743,93384.0,False,268.1,9.1,-6.9
4744,93400.0,False,267.90000000000003,9.5,-6.800000000000001
4745,93419.0,False,267.6,9.9,-6.9
4746,93432.0,False,267.5,10.200000000000001,-7.0
4747,93449.0,False,267.40000000000003,10.4,-7.1000000000000005
4748,93466.0,False,267.2,10.700000000000001,-7.300000000000001
4749,93484.0,False,267.1,11.0,-7.6000000000000005
4750,93501.0,False,267.0,11.200000000000001,-7.7
4751,93552.0,False,266.90000000000003,11.200000000000001,-7.5
4752,93582.0,False,266.8,11.200000000000001,-7.0
4753,93599.0,False,266.8,11.100000000000001,-6.4
4754,93621.0,False,267.0,11.100000000000001,-5.800000000000001
4755,93632.0,False,267.1,11.200000000000001,-5.7
4756,93651.0,False,267.5,11.4,-5.7
4757,93666.0,False,267.7,11.600000000000001,-5.9
4758,93682.0,False,268.0,11.700000000000001,-6.300000000000001
4759,93699.0,False,268.2,11.700000000000001,-6.5
4760,93716.0,False,268.7,11.5,-6.800000000000001
4761,93737.0,False,269.6,10.9,-6.9
4762,93750.0,False,269.8,10.600000000000001,-6.9
4763,93767.0,False,270.3,10.100000000000001,-6.9
4764,93783.0,False,270.5,9.9,-6.800000000000001
4765,93799.0,False,270.8,9.5,-6.800000000000001
4766,93818.0,False,271.1,9.3,-6.7
4767,93851.0,False,271.6,9.1,-6.800000000000001
4768,93868.0,False,272.0,8.9,-6.800000000000001
4769,93882.0,False,272.2,8.700000000000001,-6.9
4770,93899.0,False,272.6,8.3,-6.9
4771,93917.0,False,273.2,7.800000000000001,-7.0
4772,93935.0,False,273.7,7.4,-7.1000000000000005
4773,93949.0,False,274.0,7.1000000000000005,-7.2
4774,93967.0,False,274.6,6.6000000000000005,-7.300000000000001
4775,93991.0,False,275.0,6.300000000000001,-7.300000000000001
4776,93999.0,False,275.2,6.1000000000000005,-7.2
4777,94020.0,False,275.5,6.2,-7.2
4778,94033.0,False,275.6,6.300000000000001,-7.2
4779,94049.0,False,275.6,6.6000000000000005,-7.300000000000001
4780,94067.0,False,275.5,7.0,-7.4
4781,94083.0,False,275.40000000000003,7.1000000000000005,-7.300000000000001
4782,94099.0,False,275.2,7.300000000000001,-7.2
4783,94118.0,False,275.1,7.5,-6.9
4784,94133.0,False,275.0,7.6000000000000005,-6.9
4785,94153.0,False,274.7,7.5,-7.0
4786,94170.0,False,274.5,7.4,-7.0
4787,94182.0,False,274.40000000000003,7.2,-7.0
4788,94201.0,False,274.2,6.7,-7.0
4789,94216.0,False,273.90000000000003,6.4,-7.1000000000000005
4790,94233.0,False,273.6,6.300000000000001,-7.2
4791,94249.0,False,273.3,6.4,-7.4
4792,94266.0,False,272.8,6.5,-7.5
4793,94283.0,False,272.3,6.6000000000000005,-7.300000000000001
4794,94299.0,False,272.0,6.6000000000000005,-7.2
4795,94322.0,False,271.40000000000003,6.6000000000000005,-6.4
4796,94335.0,False,271.2,6.6000000000000005,-6.1000000000000005
4797,94351.0,False,270.90000000000003,6.6000000000000005,-5.5
4798,94367.0,False,270.8,6.6000000000000005,-5.2
4799,94382.0,False,270.6,6.5,-4.6000000000000005
4800,94399.0,False,270.6,6.5,-4.4
4801,94426.0,False,270.6,6.5,-4.3
4802,94432.0,False,270.6,6.5,-4.6000000000000005
4803,94450.0,False,270.6,6.4,-4.800000000000001
4804,94467.0,False,270.5,6.300000000000001,-5.5
4805,94482.0,False,270.40000000000003,6.2,-6.2
4806,94502.0,False,270.3,6.1000000000000005,-6.800000000000001
4807,94516.0,False,270.3,6.1000000000000005,-7.2
4808,94532.0,False,270.2,6.0,-7.9
4809,94550.0,False,270.1,6.0,-8.4
4810,94566.0,False,270.1,6.0,-8.6
4811,94583.0,False,270.0,6.300000000000001,-8.8
4812,94601.0,False,269.90000000000003,7.0,-9.0
4813,94619.0,False,269.8,8.0,-9.1
4814,94633.0,False,269.8,8.5,-9.3
4815,94649.0,False,269.7,9.4,-9.700000000000001
4816,94666.0,False,269.7,9.700000000000001,-10.0
4817,94685.0,False,269.6,9.9,-10.4
4818,94702.0,False,269.6,9.9,-10.700000000000001
4819,94716.0,False,269.6,9.600000000000001,-11.100000000000001
4820,94732.0,False,269.5,9.3,-11.5
4821,94749.0,False,269.40000000000003,8.9,-11.4
4822,94769.0,False,269.40000000000003,8.6,-10.8
4823,94783.0,False,269.40000000000003,8.4,-10.4
4824,94799.0,False,269.5,8.200000000000001,-9.4
4825,94817.0,False,269.6,8.200000000000001,-8.9
4826,94833.0,False,270.0,8.200000000000001,-8.1
4827,94849.0,False,270.3,8.3,-7.800000000000001
4828,94866.0,False,270.40000000000003,8.4,-7.9
4829,94884.0,False,270.7,8.4,-7.9
4830,94902.0,False,270.8,8.4,-7.800000000000001
4831,94916.0,False,271.3,8.200000000000001,-7.5
4832,94932.0,False,271.90000000000003,8.1,-7.0
4833,94949.0,False,272.6,7.9,-6.5
4834,94966.0,False,273.0,7.800000000000001,-6.2
4835,94982.0,False,273.7,7.5,-5.7
4836,94999.0,False,274.5,7.1000000000000005,-5.300000000000001
4837,95016.0,False,274.8,6.9,-5.1000000000000005
4838,95034.0,False,275.5,6.5,-4.800000000000001
4839,95049.0,False,276.1,6.300000000000001,-4.5
4840,95066.0,False,276.7,6.2,-4.2
4841,95084.0,False,276.90000000000003,6.2,-4.1000000000000005
4842,95114.0,False,277.6,6.4,-3.9000000000000004
4843,95122.0,False,277.8,6.4,-3.8000000000000003
4844,95132.0,False,278.0,6.5,-3.6
4845,95151.0,False,278.40000000000003,6.7,-3.4000000000000004
4846,95166.0,False,278.8,7.0,-3.1
4847,95182.0,False,279.0,7.1000000000000005,-3.0
4848,95199.0,False,279.1,7.300000000000001,-2.9000000000000004
4849,95216.0,False,279.6,7.7,-2.7
4850,95233.0,False,279.7,7.800000000000001,-2.6
4851,95250.0,False,279.90000000000003,8.1,-2.5
4852,95267.0,False,280.0,8.4,-2.3000000000000003
4853,95282.0,False,280.1,8.5,-2.2
4854,95299.0,False,280.2,8.700000000000001,-2.2
4855,95317.0,False,280.3,8.8,-2.3000000000000003
4856,95332.0,False,280.2,8.700000000000001,-2.4000000000000004
4857,95349.0,False,280.1,8.3,-2.4000000000000004
4858,95366.0,False,280.0,8.200000000000001,-2.5
4859,95385.0,False,280.0,8.4,-3.4000000000000004
4860,95401.0,False,280.0,8.6,-4.1000000000000005
4861,95437.0,False,279.5,8.700000000000001,-6.4
4862,95449.0,False,279.0,8.4,-7.5
4863,95467.0,False,278.40000000000003,8.1,-8.0
4864,95484.0,False,278.0,8.1,-7.7
4865,95499.0,False,277.8,8.1,-7.4
4866,95517.0,False,277.6,8.3,-6.5
4867,95532.0,False,277.5,8.4,-6.0
4868,95549.0,False,277.3,8.5,-5.1000000000000005
4869,95565.0,False,277.2,8.5,-4.6000000000000005
4870,95584.0,False,277.0,8.4,-4.800000000000001
4871,95600.0,False,276.90000000000003,8.4,-5.1000000000000005
4872,95616.0,False,276.5,8.200000000000001,-5.9
4873,95634.0,False,276.0,8.200000000000001,-6.7
4874,95649.0,False,275.7,8.200000000000001,-7.0
4875,95666.0,False,275.3,8.3,-7.5
4876,95684.0,False,275.0,8.5,-7.7
4877,95699.0,False,274.8,8.6,-7.6000000000000005
4878,95716.0,False,274.6,9.200000000000001,-7.300000000000001
4879,95732.0,False,274.5,9.9,-7.0
4880,95749.0,False,274.40000000000003,10.4,-7.0
4881,95766.0,False,274.5,11.4,-7.4
4882,95782.0,False,274.7,12.0,-8.0
4883,95799.0,False,274.8,12.100000000000001,-8.4
4884,95816.0,False,275.0,12.200000000000001,-9.3
4885,95833.0,False,275.1,12.100000000000001,-10.0
4886,95849.0,False,275.2,12.100000000000001,-10.200000000000001
4887,95866.0,False,275.3,12.200000000000001,-10.5
4888,95900.0,False,275.3,12.200000000000001,-10.0
4889,95917.0,False,275.3,12.0,-9.600000000000001
4890,95933.0,False,275.40000000000003,11.9,-9.0
4891,95949.0,False,275.40000000000003,11.8,-8.700000000000001
4892,95967.0,False,275.6,11.8,-8.4
4893,96020.0,False,275.8,11.700000000000001,-8.5
4894,96032.0,False,276.1,11.5,-8.700000000000001
4895,96052.0,False,276.40000000000003,11.200000000000001,-8.8
4896,96069.0,False,276.8,10.600000000000001,-8.700000000000001
4897,96082.0,False,277.1,10.200000000000001,-8.5
4898,96107.0,False,277.6,9.600000000000001,-7.9
4899,96115.0,False,277.90000000000003,9.4,-7.6000000000000005
4900,96132.0,False,278.40000000000003,9.200000000000001,-7.1000000000000005
4901,96152.0,False,279.0,9.4,-6.9
4902,96167.0,False,279.2,9.5,-6.9
4903,96182.0,False,279.7,9.600000000000001,-6.9
4904,96199.0,False,279.8,9.600000000000001,-6.9
4905,96216.0,False,280.2,9.5,-6.800000000000001
4906,96233.0,False,280.5,9.4,-6.7
4907,96249.0,False,280.90000000000003,9.3,-6.5
4908,96267.0,False,281.1,9.3,-6.300000000000001
4909,96283.0,False,281.40000000000003,9.4,-6.0
4910,96299.0,False,281.6,9.600000000000001,-5.7
4911,96318.0,False,281.6,9.8,-5.300000000000001
4912,96333.0,False,281.6,9.9,-5.1000000000000005
4913,96350.0,False,281.6,10.200000000000001,-4.5
4914,96366.0,False,281.6,10.3,-4.2
4915,96382.0,False,281.6,10.3,-3.9000000000000004
4916,96399.0,False,281.6,10.3,-2.9000000000000004
4917,96417.0,False,281.6,10.0,-2.4000000000000004
4918,96433.0,False,281.7,9.700000000000001,-2.1
4919,96449.0,False,281.7,9.4,-1.8
4920,96467.0,False,282.0,8.6,-1.6
4921,96482.0,False,282.1,8.5,-1.8
4922,96500.0,False,281.90000000000003,8.6,-2.6
4923,96516.0,False,281.6,8.700000000000001,-3.2
4924,96537.0,False,281.3,8.700000000000001,-3.6
4925,96550.0,False,281.1,8.700000000000001,-3.6
4926,96567.0,False,280.8,8.700000000000001,-3.5
4927,96585.0,False,280.40000000000003,8.700000000000001,-3.3000000000000003
4928,96599.0,False,280.1,8.700000000000001,-3.2
4929,96615.0,False,279.7,8.4,-3.0
4930,96632.0,False,279.5,8.200000000000001,-2.9000000000000004
4931,96649.0,False,279.1,7.7,-2.7
4932,96667.0,False,278.6,7.1000000000000005,-2.4000000000000004
4933,96682.0,False,278.40000000000003,6.9,-2.2
4934,96705.0,False,278.2,6.6000000000000005,-2.1
4935,96716.0,False,277.5,6.300000000000001,-2.1
4936,96735.0,False,277.2,6.4,-2.4000000000000004
4937,96749.0,False,276.40000000000003,6.4,-3.0
4938,96768.0,False,275.7,6.4,-3.6
4939,96784.0,False,275.3,6.4,-3.9000000000000004
4940,96803.0,False,274.2,6.0,-4.6000000000000005
4941,96829.0,False,273.6,6.0,-5.1000000000000005
4942,96850.0,False,272.8,6.300000000000001,-5.6000000000000005
4943,96867.0,False,272.0,7.0,-6.0
4944,96883.0,False,271.6,7.4,-6.1000000000000005
4945,96908.0,False,270.7,8.6,-6.2
4946,96916.0,False,270.5,8.9,-6.2
4947,96933.0,False,270.1,9.200000000000001,-6.2
4948,96950.0,False,269.90000000000003,9.3,-6.2
4949,96966.0,False,269.5,9.200000000000001,-6.4
4950,96996.0,False,268.90000000000003,9.0,-6.4
4951,97019.0,False,268.6,8.9,-6.2
4952,97032.0,False,268.40000000000003,8.9,-5.9
4953,97051.0,False,268.3,8.9,-5.7
4954,97065.0,False,268.1,9.0,-5.5
4955,97084.0,False,268.0,9.200000000000001,-5.2
4956,97106.0,False,267.8,9.4,-4.9
4957,97132.0,False,267.8,9.700000000000001,-4.4
4958,97153.0,False,267.90000000000003,9.8,-4.1000000000000005
4959,97169.0,False,268.0,9.8,-4.0
4960,97183.0,False,268.3,9.700000000000001,-4.0
4961,97199.0,False,268.40000000000003,9.600000000000001,-4.1000000000000005
4962,97215.0,False,268.7,9.200000000000001,-4.3
4963,97239.0,False,268.90000000000003,8.9,-4.2
4964,97255.0,False,269.2,8.8,-4.0
4965,97267.0,False,269.3,8.8,-3.8000000000000003
4966,97284.0,False,269.6,9.200000000000001,-3.4000000000000004
4967,97299.0,False,269.8,9.4,-3.3000000000000003
4968,97317.0,False,270.1,9.9,-3.0
4969,97332.0,False,270.40000000000003,10.100000000000001,-3.0
4970,97367.0,False,270.90000000000003,10.0,-3.0
4971,97382.0,False,271.3,9.8,-2.9000000000000004
4972,97409.0,False,271.7,9.700000000000001,-2.9000000000000004
4973,97416.0,False,271.8,9.700000000000001,-2.9000000000000004
4974,97432.0,False,272.0,9.8,-2.9000000000000004
4975,97449.0,False,272.1,9.8,-2.9000000000000004
4976,97466.0,False,272.1,9.9,-2.7
4977,97483.0,False,272.1,10.0,-2.4000000000000004
4978,97500.0,False,272.1,10.0,-2.0
4979,97525.0,False,272.1,10.0,-1.6
4980,97532.0,False,272.1,9.9,-1.5
4981,97553.0,False,272.2,9.8,-1.3
4982,97583.0,False,272.2,9.3,-1.3
4983,97599.0,False,272.3,8.9,-1.3
4984,97625.0,False,272.5,8.8,-1.6
4985,97633.0,False,272.6,8.700000000000001,-1.9000000000000001
4986,97649.0,False,272.6,8.8,-2.8000000000000003
4987,97667.0,False,272.5,8.8,-3.1
4988,97682.0,False,272.3,8.9,-3.8000000000000003
4989,97699.0,False,272.1,9.0,-4.0
4990,97723.0,False,271.6,9.3,-4.6000000000000005
4991,97732.0,False,271.40000000000003,9.4,-4.7
4992,97751.0,False,270.8,9.5,-4.800000000000001
4993,97766.0,False,270.5,9.5,-4.7
4994,97783.0,False,269.90000000000003,9.600000000000001,-4.4
4995,97799.0,False,269.3,9.5,-3.9000000000000004
4996,97820.0,False,268.8,9.5,-3.5
4997,97833.0,False,268.5,9.4,-3.4000000000000004
4998,97849.0,False,268.0,9.3,-3.5
4999,97868.0,False,267.40000000000003,9.200000000000001,-3.8000000000000003
5000,97884.0,False,267.0,9.200000000000001,-4.1000000000000005
5001,97899.0,False,266.6,9.200000000000001,-4.3
5002,97919.0,False,265.5,9.1,-4.7
5003,97932.0,False,265.2,9.1,-4.7
5004,97949.0,False,264.8,9.4,-4.6000000000000005
5005,97966.0,False,264.40000000000003,9.9,-4.5
5006,97986.0,False,264.0,10.600000000000001,-4.6000000000000005
5007,98002.0,False,263.7,10.9,-4.7
5008,98020.0,False,263.40000000000003,11.5,-4.9
5009,98034.0,False,263.2,11.700000000000001,-5.0
5010,98049.0,False,263.1,12.0,-5.1000000000000005
5011,98067.0,False,263.1,12.100000000000001,-5.1000000000000005
5012,98099.0,False,263.3,12.0,-5.0
5013,98122.0,False,263.40000000000003,11.9,-4.9
5014,98149.0,False,263.6,11.9,-4.6000000000000005
5015,98168.0,False,263.7,11.9,-3.8000000000000003
5016,98183.0,False,263.7,12.0,-3.4000000000000004
5017,98199.0,False,263.90000000000003,12.100000000000001,-2.3000000000000003
5018,98224.0,False,264.1,12.0,-1.3
5019,98238.0,False,264.40000000000003,11.600000000000001,-0.5
5020,98250.0,False,264.5,11.4,-0.30000000000000004
5021,98268.0,False,264.8,11.0,-0.1
5022,98282.0,False,264.90000000000003,10.700000000000001,-0.1
5023,98303.0,False,265.0,10.3,-0.1
5024,98316.0,False,265.1,10.100000000000001,0.0
5025,98342.0,False,265.5,9.600000000000001,0.0
5026,98350.0,False,265.7,9.3,0.0
5027,98365.0,False,266.3,8.8,-0.2
5028,98386.0,False,267.0,8.3,-0.5
5029,98399.0,False,267.3,8.1,-0.8
5030,98418.0,False,268.1,7.7,-1.2000000000000002
5031,98432.0,False,268.5,7.5,-1.5
5032,98449.0,False,269.3,7.1000000000000005,-1.9000000000000001
5033,98468.0,False,270.2,6.800000000000001,-2.3000000000000003
5034,98483.0,False,271.1,6.4,-2.8000000000000003
5035,98501.0,False,271.5,6.2,-3.0
5036,98523.0,False,272.6,5.6000000000000005,-3.4000000000000004
5037,98535.0,False,272.90000000000003,5.4,-3.4000000000000004
5038,98549.0,False,273.3,5.300000000000001,-3.4000000000000004
5039,98566.0,False,273.8,5.1000000000000005,-3.4000000000000004
5040,98582.0,False,274.3,5.1000000000000005,-3.3000000000000003
5041,98599.0,False,274.40000000000003,5.2,-3.4000000000000004
5042,98625.0,False,274.5,5.6000000000000005,-3.4000000000000004
5043,98649.0,False,274.5,5.800000000000001,-3.3000000000000003
5044,98665.0,False,274.40000000000003,5.9,-3.1
5045,98682.0,False,274.2,5.9,-2.9000000000000004
5046,98701.0,False,274.1,6.0,-2.8000000000000003
5047,98725.0,False,273.90000000000003,6.0,-2.8000000000000003
5048,98733.0,False,273.8,6.0,-2.7
5049,98750.0,False,273.7,5.800000000000001,-2.6
5050,98767.0,False,273.6,5.800000000000001,-2.5
5051,98783.0,False,273.40000000000003,5.9,-2.5
5052,98802.0,False,273.2,6.1000000000000005,-2.6
5053,98825.0,False,273.0,6.4,-2.8000000000000003
5054,98833.0,False,272.8,6.5,-3.0
5055,98849.0,False,272.6,6.6000000000000005,-3.1
5056,98866.0,False,272.3,6.5,-3.3000000000000003
5057,98883.0,False,271.90000000000003,6.4,-3.5
5058,98899.0,False,271.5,6.1000000000000005,-3.5
5059,98923.0,False,271.1,5.7,-3.2
5060,98933.0,False,270.8,5.5,-3.0
5061,98952.0,False,270.40000000000003,5.300000000000001,-2.7
5062,98982.0,False,269.5,5.2,-2.5
5063,98999.0,False,268.8,5.300000000000001,-2.7
5064,99016.0,False,268.40000000000003,5.300000000000001,-2.8000000000000003
5065,99036.0,False,267.7,5.4,-3.1
5066,99049.0,False,266.90000000000003,5.4,-3.5
5067,99065.0,False,266.5,5.4,-3.8000000000000003
5068,99084.0,False,265.7,5.4,-4.2
5069,99100.0,False,264.90000000000003,5.4,-4.5
5070,99121.0,False,264.2,5.6000000000000005,-4.6000000000000005
5071,99137.0,False,263.5,6.1000000000000005,-4.5
5072,99152.0,False,263.2,6.4,-4.4
5073,99165.0,False,262.8,6.800000000000001,-4.2
5074,99182.0,False,262.2,7.5,-4.0
5075,99201.0,False,261.90000000000003,7.9,-3.9000000000000004
5076,99224.0,False,261.1,8.8,-3.6
5077,99232.0,False,260.90000000000003,9.0,-3.5
5078,99249.0,False,260.7,9.1,-3.4000000000000004
5079,99269.0,False,260.5,9.200000000000001,-3.4000000000000004
5080,99282.0,False,260.40000000000003,9.1,-3.5
5081,99299.0,False,260.3,8.700000000000001,-3.5
5082,99324.0,False,260.3,8.1,-3.3000000000000003
5083,99332.0,False,260.3,7.800000000000001,-3.0
5084,99349.0,False,260.5,7.300000000000001,-2.5
5085,99367.0,False,260.8,6.800000000000001,-2.0
5086,99383.0,False,261.0,6.6000000000000005,-1.8
5087,99399.0,False,261.2,6.300000000000001,-1.8
5088,99416.0,False,261.1,6.2,-2.0
5089,99434.0,False,261.0,6.2,-2.0
5090,99449.0,False,260.8,6.300000000000001,-2.0
5091,99465.0,False,260.7,6.4,-2.0
5092,99482.0,False,260.5,6.6000000000000005,-1.9000000000000001
5093,99501.0,False,260.40000000000003,6.6000000000000005,-1.7000000000000002
5094,99518.0,False,260.40000000000003,6.5,-1.7000000000000002
5095,99537.0,False,260.40000000000003,6.300000000000001,-1.7000000000000002
5096,99552.0,False,260.5,6.1000000000000005,-1.7000000000000002
5097,99566.0,False,260.6,5.800000000000001,-1.9000000000000001
5098,99582.0,False,260.7,5.7,-1.9000000000000001
5099,99599.0,False,261.0,5.300000000000001,-2.1
5100,99623.0,False,261.2,4.9,-2.3000000000000003
5101,99632.0,False,261.3,4.7,-2.3000000000000003
5102,99649.0,False,261.5,4.3,-2.3000000000000003
5103,99667.0,False,261.7,3.9000000000000004,-2.2
5104,99683.0,False,261.8,3.8000000000000003,-2.2
5105,99699.0,False,261.8,3.5,-2.4000000000000004
5106,99721.0,False,261.6,3.2,-2.8000000000000003
5107,99733.0,False,261.3,2.8000000000000003,-3.2
5108,99750.0,False,261.1,2.5,-3.4000000000000004
5109,99765.0,False,260.7,2.1,-3.5
5110,99782.0,False,260.1,1.9000000000000001,-3.6
5111,99799.0,False,259.8,2.0,-3.6
5112,99817.0,False,259.0,2.2,-3.4000000000000004
5113,99833.0,False,258.1,2.7,-3.1
5114,99849.0,False,257.7,3.0,-2.9000000000000004
5115,99865.0,False,256.8,3.7,-2.7
5116,99883.0,False,256.0,4.4,-2.8000000000000003
5117,99901.0,False,255.70000000000002,4.7,-3.0
5118,99918.0,False,255.0,4.9,-3.5
5119,99933.0,False,254.5,4.800000000000001,-3.9000000000000004
5120,99951.0,False,254.3,4.7,-4.1000000000000005
5121,99965.0,False,253.9,4.4,-4.5
5122,99983.0,False,253.5,4.2,-4.6000000000000005
5123,100000.0,False,253.20000000000002,4.1000000000000005,-4.5
5124,100015.0,False,253.0,4.1000000000000005,-4.4
5125,100035.0,False,252.60000000000002,4.2,-4.4
5126,100050.0,False,252.10000000000002,4.5,-4.4
5127,100066.0,False,251.8,4.5,-4.5
5128,100084.0,False,251.20000000000002,4.6000000000000005,-4.5
5129,100106.0,False,250.70000000000002,4.7,-4.4
5130,100123.0,False,250.20000000000002,4.800000000000001,-4.1000000000000005
5131,100132.0,False,250.0,4.800000000000001,-3.9000000000000004
5132,100149.0,False,249.60000000000002,5.0,-3.5
5133,100167.0,False,249.4,5.1000000000000005,-3.4000000000000004
5134,100183.0,False,249.10000000000002,5.300000000000001,-3.5
5135,100200.0,False,248.8,5.5,-3.8000000000000003
5136,100219.0,False,248.5,5.6000000000000005,-4.3
5137,100235.0,False,248.4,5.6000000000000005,-4.6000000000000005
5138,100249.0,False,248.3,5.6000000000000005,-4.9
5139,100265.0,False,248.10000000000002,5.5,-5.2
5140,100282.0,False,248.0,5.300000000000001,-5.5
5141,100301.0,False,247.8,5.1000000000000005,-5.5
5142,100321.0,False,247.60000000000002,5.1000000000000005,-5.300000000000001
5143,100332.0,False,247.4,5.2,-5.1000000000000005
5144,100351.0,False,247.10000000000002,5.5,-4.800000000000001
5145,100365.0,False,246.9,5.800000000000001,-4.7
5146,100382.0,False,246.5,6.300000000000001,-4.4
5147,100399.0,False,246.20000000000002,6.7,-4.1000000000000005
5148,100420.0,False,246.0,7.1000000000000005,-3.9000000000000004
5149,100432.0,False,245.9,7.2,-3.8000000000000003
5150,100450.0,False,245.8,7.300000000000001,-3.7
5151,100466.0,False,245.70000000000002,7.6000000000000005,-3.6
5152,100482.0,False,245.8,7.9,-3.5
5153,100500.0,False,245.9,8.1,-3.6
5154,100521.0,False,246.10000000000002,7.9,-3.4000000000000004
5155,100532.0,False,246.20000000000002,7.7,-3.2
5156,100549.0,False,246.60000000000002,7.4,-2.9000000000000004
5157,100567.0,False,247.10000000000002,7.4,-2.7
5158,100583.0,False,247.3,7.4,-2.6
5159,100599.0,False,247.9,7.4,-2.5
5160,100617.0,False,248.20000000000002,7.4,-2.5
5161,100633.0,False,248.8,7.1000000000000005,-2.5
5162,100651.0,False,249.5,6.7,-2.6
5163,100665.0,False,250.20000000000002,6.4,-2.7
5164,100687.0,False,250.70000000000002,6.2,-2.8000000000000003
5165,100715.0,False,251.3,6.1000000000000005,-2.7
5166,100733.0,False,251.5,6.2,-2.7
5167,100749.0,False,251.9,6.2,-2.7
5168,100765.0,False,252.4,6.1000000000000005,-2.7
5169,100782.0,False,252.60000000000002,6.1000000000000005,-2.8000000000000003
5170,100799.0,False,253.10000000000002,6.0,-2.9000000000000004
5171,100815.0,False,253.60000000000002,5.9,-2.9000000000000004
5172,100832.0,False,253.8,5.800000000000001,-2.9000000000000004
5173,100852.0,False,254.4,5.6000000000000005,-2.8000000000000003
5174,100868.0,False,254.9,5.300000000000001,-2.6
5175,100883.0,False,255.10000000000002,5.1000000000000005,-2.5
5176,100899.0,False,255.5,5.0,-2.4000000000000004
5177,100925.0,False,255.70000000000002,4.9,-2.5
5178,100936.0,False,255.70000000000002,5.0,-2.6
5179,100950.0,False,255.70000000000002,5.0,-2.7
5180,100966.0,False,255.60000000000002,5.2,-2.9000000000000004
5181,100986.0,False,255.3,5.6000000000000005,-3.2
5182,101001.0,False,255.20000000000002,5.800000000000001,-3.3000000000000003
5183,101016.0,False,254.8,6.1000000000000005,-3.5
5184,101032.0,False,254.5,6.5,-3.7
5185,101050.0,False,254.3,6.6000000000000005,-3.8000000000000003
5186,101065.0,False,254.10000000000002,7.0,-4.3
5187,101085.0,False,253.70000000000002,7.4,-5.2
5188,101098.0,False,253.5,7.5,-5.6000000000000005
5189,101117.0,False,253.0,7.5,-6.2
5190,101133.0,False,252.4,7.300000000000001,-6.4
5191,101149.0,False,252.20000000000002,7.300000000000001,-6.300000000000001
5192,101166.0,False,251.70000000000002,7.1000000000000005,-6.1000000000000005
5193,101182.0,False,251.20000000000002,7.1000000000000005,-5.6000000000000005
5194,101200.0,False,250.9,7.1000000000000005,-5.4
5195,101215.0,False,250.4,7.1000000000000005,-4.9
5196,101233.0,False,249.9,7.2,-4.6000000000000005
5197,101251.0,False,249.4,7.2,-4.4
5198,101267.0,False,249.20000000000002,7.1000000000000005,-4.3
5199,101283.0,False,248.8,7.0,-4.1000000000000005
5200,101301.0,False,248.5,6.800000000000001,-3.7
5201,101318.0,False,248.3,6.7,-3.5
5202,101332.0,False,248.10000000000002,6.4,-3.2
5203,101352.0,False,248.0,6.2,-3.0
5204,101383.0,False,247.8,5.9,-3.3000000000000003
5205,101401.0,False,247.60000000000002,5.800000000000001,-3.7
5206,101416.0,False,247.60000000000002,5.6000000000000005,-3.9000000000000004
5207,101449.0,False,247.5,5.1000000000000005,-4.4
5208,101465.0,False,247.4,4.6000000000000005,-4.6000000000000005
5209,101484.0,False,247.3,4.3,-4.6000000000000005
5210,101517.0,False,246.9,4.1000000000000005,-4.4
5211,101535.0,False,246.5,4.2,-4.2
5212,101551.0,False,246.10000000000002,4.3,-4.0
5213,101568.0,False,245.9,4.4,-3.9000000000000004
5214,101582.0,False,245.4,4.5,-3.8000000000000003
5215,101601.0,False,244.9,4.7,-3.7
5216,101615.0,False,244.70000000000002,4.7,-3.6
5217,101632.0,False,244.20000000000002,5.0,-3.3000000000000003
5218,101649.0,False,243.8,5.1000000000000005,-2.9000000000000004
5219,101668.0,False,243.60000000000002,5.2,-2.7
5220,101683.0,False,243.20000000000002,5.300000000000001,-2.4000000000000004
5221,101698.0,False,243.0,5.300000000000001,-2.3000000000000003
5222,101718.0,False,242.5,4.9,-1.7000000000000002
5223,101733.0,False,242.4,4.7,-1.4000000000000001
5224,101749.0,False,242.3,4.5,-1.0
5225,101769.0,False,242.10000000000002,4.6000000000000005,-0.8
5226,101782.0,False,242.0,4.7,-0.7000000000000001
5227,101799.0,False,241.60000000000002,5.1000000000000005,-0.7000000000000001
5228,101820.0,False,241.3,5.4,-0.30000000000000004
5229,101832.0,False,241.20000000000002,5.5,0.0
5230,101849.0,False,241.10000000000002,5.800000000000001,0.6000000000000001
5231,101867.0,False,241.10000000000002,6.2,1.1
5232,101886.0,False,241.10000000000002,6.4,1.1
5233,101901.0,False,241.10000000000002,6.9,1.1
5234,101935.0,False,241.20000000000002,7.1000000000000005,1.0
5235,101949.0,False,241.5,7.0,0.8
5236,101965.0,False,241.60000000000002,6.9,0.7000000000000001
5237,101983.0,False,241.9,6.800000000000001,0.30000000000000004
5238,101999.0,False,242.20000000000002,6.7,-0.2
5239,102015.0,False,242.3,6.6000000000000005,-0.5
5240,102033.0,False,242.4,6.2,-1.1
5241,102049.0,False,242.5,5.800000000000001,-1.5
5242,102067.0,False,242.60000000000002,5.300000000000001,-1.8
5243,102082.0,False,242.60000000000002,5.0,-1.8
5244,102101.0,False,242.5,4.6000000000000005,-1.8
5245,102118.0,False,242.4,4.1000000000000005,-1.5
5246,102135.0,False,242.20000000000002,3.9000000000000004,-1.3
5247,102149.0,False,241.9,3.5,-0.9
5248,102166.0,False,241.5,3.2,-0.4
5249,102182.0,False,241.20000000000002,3.2,-0.2
5250,102200.0,False,240.9,3.1,-0.2
5251,102219.0,False,239.9,3.3000000000000003,-0.30000000000000004
5252,102235.0,False,239.5,3.3000000000000003,-0.4
5253,102249.0,False,238.70000000000002,3.3000000000000003,-0.5
5254,102266.0,False,237.9,3.4000000000000004,-0.5
5255,102284.0,False,237.5,3.5,-0.6000000000000001
5256,102299.0,False,236.60000000000002,3.9000000000000004,-0.6000000000000001
5257,102317.0,False,235.60000000000002,4.3,-0.5
5258,102333.0,False,235.10000000000002,4.5,-0.5
5259,102350.0,False,233.9,4.7,-0.6000000000000001
5260,102366.0,False,232.8,4.5,-0.5
5261,102384.0,False,231.8,4.0,-0.30000000000000004
5262,102399.0,False,231.3,3.6,-0.2
5263,102419.0,False,230.3,2.9000000000000004,-0.1
5264,102435.0,False,229.3,2.1,0.2
5265,102451.0,False,228.70000000000002,1.8,0.4
5266,102465.0,False,227.60000000000002,1.5,0.8
5267,102485.0,False,226.4,1.6,1.1
5268,102499.0,False,225.8,1.8,1.1
5269,102516.0,False,224.60000000000002,2.1,1.0
5270,102532.0,False,223.60000000000002,2.5,1.0
5271,102549.0,False,223.10000000000002,2.6,1.1
5272,102568.0,False,222.4,2.9000000000000004,1.2000000000000002
5273,102582.0,False,222.0,3.2,1.3
5274,102599.0,False,221.9,3.3000000000000003,1.4000000000000001
5275,102619.0,False,221.70000000000002,3.6,1.5
5276,102632.0,False,221.70000000000002,3.8000000000000003,1.3
5277,102650.0,False,221.8,3.9000000000000004,1.2000000000000002
5278,102667.0,False,221.9,4.0,0.7000000000000001
5279,102683.0,False,222.20000000000002,4.1000000000000005,0.0
5280,102699.0,False,222.3,4.2,-0.30000000000000004
5281,102716.0,False,222.70000000000002,4.1000000000000005,-1.0
5282,102733.0,False,223.0,4.1000000000000005,-1.5
5283,102748.0,False,223.20000000000002,4.1000000000000005,-1.6
5284,102767.0,False,223.60000000000002,4.1000000000000005,-1.8
5285,102782.0,False,224.0,4.3,-1.8
5286,102799.0,False,224.10000000000002,4.4,-1.8
5287,102816.0,False,224.5,4.7,-1.8
5288,102832.0,False,224.8,5.2,-2.0
5289,102849.0,False,225.0,5.5,-2.1
5290,102866.0,False,225.3,6.1000000000000005,-2.3000000000000003
5291,102883.0,False,225.8,6.7,-2.6
5292,102899.0,False,226.3,7.2,-2.7
5293,102915.0,False,226.60000000000002,7.4,-2.7
5294,102932.0,False,227.0,7.6000000000000005,-2.7
5295,102951.0,False,228.3,7.9,-2.5
5296,102970.0,False,229.20000000000002,8.0,-2.5
5297,102983.0,False,229.70000000000002,8.0,-2.6
5298,103000.0,False,230.70000000000002,7.9,-2.4000000000000004
5299,103018.0,False,231.20000000000002,7.9,-2.2
5300,103032.0,False,232.20000000000002,7.9,-1.7000000000000002
5301,103051.0,False,233.3,8.1,-1.2000000000000002
5302,103066.0,False,233.9,8.200000000000001,-1.0
5303,103082.0,False,235.20000000000002,8.3,-0.7000000000000001
5304,103099.0,False,236.5,8.200000000000001,-0.5
5305,103117.0,False,237.20000000000002,8.1,-0.5
5306,103132.0,False,238.60000000000002,8.0,-0.6000000000000001
5307,103149.0,False,240.10000000000002,7.9,-0.7000000000000001
5308,103165.0,False,240.8,7.9,-0.8
5309,103182.0,False,242.3,7.800000000000001,-1.0
5310,103200.0,False,243.10000000000002,7.7,-1.1
5311,103217.0,False,245.4,7.300000000000001,-1.6
5312,103232.0,False,246.3,7.1000000000000005,-1.8
5313,103249.0,False,247.9,6.7,-2.1
5314,103267.0,False,249.60000000000002,6.300000000000001,-2.4000000000000004
5315,103282.0,False,250.4,6.2,-2.5
5316,103299.0,False,252.0,5.9,-2.7
5317,103316.0,False,252.8,5.7,-2.7
5318,103333.0,False,254.3,5.5,-2.7
5319,103349.0,False,255.70000000000002,5.2,-2.5
5320,103368.0,False,257.1,4.9,-2.3000000000000003
5321,103388.0,False,258.2,4.7,-1.9000000000000001
5322,103400.0,False,258.8,4.6000000000000005,-1.8
5323,103421.0,False,259.7,4.5,-1.4000000000000001
5324,103433.0,False,260.1,4.6000000000000005,-1.3
5325,103449.0,False,260.5,4.6000000000000005,-1.2000000000000002
5326,103465.0,False,261.3,4.6000000000000005,-1.0
5327,103484.0,False,261.6,4.5,-0.8
5328,103499.0,False,262.0,4.5,-0.5
5329,103515.0,False,262.2,4.5,-0.4
5330,103532.0,False,262.40000000000003,4.6000000000000005,0.0
5331,103550.0,False,262.6,4.9,0.30000000000000004
5332,103565.0,False,262.6,5.300000000000001,0.1
5333,103588.0,False,262.5,5.6000000000000005,-0.1
5334,103599.0,False,262.40000000000003,5.7,-0.2
5335,103615.0,False,262.3,5.7,-0.30000000000000004
5336,103632.0,False,262.2,5.800000000000001,-0.6000000000000001
5337,103649.0,False,262.1,6.0,-1.1
5338,103668.0,False,262.0,6.1000000000000005,-1.8
5339,103684.0,False,261.6,6.1000000000000005,-2.4000000000000004
5340,103716.0,False,261.0,6.300000000000001,-2.9000000000000004
5341,103733.0,False,260.8,6.5,-3.1
5342,103749.0,False,260.2,6.800000000000001,-3.3000000000000003
5343,103769.0,False,259.5,7.1000000000000005,-3.3000000000000003
5344,103782.0,False,259.2,7.2,-3.2
5345,103799.0,False,258.6,7.300000000000001,-3.0
5346,103817.0,False,258.1,7.4,-2.6
5347,103832.0,False,257.8,7.4,-2.4000000000000004
5348,103849.0,False,257.5,7.300000000000001,-2.0
5349,103866.0,False,257.3,7.1000000000000005,-1.9000000000000001
5350,103882.0,False,257.2,6.9,-2.1
5351,103900.0,False,257.1,6.7,-2.4000000000000004
5352,103915.0,False,256.90000000000003,6.4,-3.0
5353,103935.0,False,256.7,6.1000000000000005,-3.7
5354,103950.0,False,256.6,6.0,-4.1000000000000005
5355,103981.0,False,256.2,5.800000000000001,-5.4
5356,104011.0,False,255.9,6.2,-5.9
5357,104034.0,False,255.60000000000002,6.9,-6.1000000000000005
5358,104049.0,False,255.5,7.300000000000001,-6.2
5359,104065.0,False,255.3,8.200000000000001,-6.300000000000001
5360,104082.0,False,255.20000000000002,9.0,-6.4
5361,104109.0,False,255.20000000000002,9.4,-6.4
5362,104115.0,False,255.20000000000002,9.600000000000001,-6.5
5363,104132.0,False,255.3,9.8,-6.6000000000000005
5364,104170.0,False,255.5,9.700000000000001,-6.800000000000001
5365,104182.0,False,255.5,9.5,-6.800000000000001
5366,104198.0,False,255.5,9.3,-6.7
5367,104216.0,False,255.60000000000002,8.9,-6.4
5368,104232.0,False,255.70000000000002,8.4,-6.0
5369,104249.0,False,255.8,8.1,-5.7
5370,104265.0,False,256.0,7.6000000000000005,-5.300000000000001
5371,104283.0,False,256.1,7.5,-4.9
5372,104315.0,False,256.1,7.9,-4.6000000000000005
5373,104334.0,False,256.1,8.5,-4.4
5374,104350.0,False,256.2,9.0,-4.2
5375,104365.0,False,256.40000000000003,9.200000000000001,-4.2
5376,104382.0,False,256.8,9.4,-4.3
5377,104399.0,False,257.3,9.3,-4.6000000000000005
5378,104425.0,False,257.8,8.9,-4.9
5379,104433.0,False,258.2,8.700000000000001,-5.0
5380,104449.0,False,258.5,8.5,-5.1000000000000005
5381,104465.0,False,259.3,8.0,-5.1000000000000005
5382,104482.0,False,260.1,7.7,-5.0
5383,104500.0,False,260.90000000000003,7.4,-4.7
5384,104516.0,False,261.3,7.4,-4.6000000000000005
5385,104532.0,False,262.0,7.2,-4.4
5386,104548.0,False,262.7,6.9,-4.2
5387,104568.0,False,263.0,6.800000000000001,-4.1000000000000005
5388,104584.0,False,263.6,6.5,-3.9000000000000004
5389,104601.0,False,264.2,6.300000000000001,-3.8000000000000003
5390,104626.0,False,264.7,6.2,-3.7
5391,104634.0,False,264.90000000000003,6.2,-3.7
5392,104650.0,False,265.2,6.300000000000001,-3.7
5393,104666.0,False,265.3,6.4,-3.8000000000000003
5394,104683.0,False,265.40000000000003,6.5,-3.8000000000000003
5395,104698.0,False,265.5,6.6000000000000005,-3.8000000000000003
5396,104722.0,False,265.5,6.800000000000001,-3.7
5397,104749.0,False,265.5,6.800000000000001,-3.6
5398,104767.0,False,265.5,6.800000000000001,-3.3000000000000003
5399,104782.0,False,265.5,6.7,-3.1
5400,104799.0,False,265.6,6.800000000000001,-2.8000000000000003
5401,104832.0,False,265.6,7.0,-2.9000000000000004
5402,104849.0,False,265.6,7.2,-3.3000000000000003
5403,104869.0,False,265.40000000000003,7.5,-3.8000000000000003
5404,104883.0,False,265.3,7.7,-4.1000000000000005
5405,104899.0,False,265.0,8.1,-4.5
5406,104926.0,False,264.40000000000003,8.9,-5.0
5407,104949.0,False,264.2,9.0,-5.0
5408,104966.0,False,263.6,9.4,-4.9
5409,104987.0,False,263.2,9.3,-4.7
5410,104999.0,False,263.0,9.200000000000001,-4.5
5411,105028.0,False,262.5,8.9,-3.9000000000000004
5412,105049.0,False,262.1,8.700000000000001,-3.8000000000000003
5413,105065.0,False,261.7,8.700000000000001,-4.0
5414,105084.0,False,261.1,8.700000000000001,-4.5
5415,105101.0,False,260.8,8.6,-4.7
5416,105125.0,False,259.90000000000003,8.5,-5.6000000000000005
5417,105148.0,False,259.3,8.5,-6.1000000000000005
5418,105165.0,False,258.8,8.5,-6.5
5419,105184.0,False,258.2,8.6,-6.800000000000001
5420,105200.0,False,258.0,8.700000000000001,-6.9
5421,105218.0,False,257.5,8.9,-6.9
5422,105232.0,False,257.2,9.0,-6.9
5423,105250.0,False,256.8,9.5,-7.0
5424,105266.0,False,256.40000000000003,10.0,-7.2
5425,105282.0,False,256.2,10.200000000000001,-7.300000000000001
5426,105299.0,False,255.8,10.5,-7.4
5427,105329.0,False,255.4,10.600000000000001,-7.5
5428,105349.0,False,255.10000000000002,10.4,-7.4
5429,105365.0,False,255.0,10.100000000000001,-7.1000000000000005
5430,105382.0,False,254.9,9.9,-6.9
5431,105398.0,False,254.9,9.3,-6.4
5432,105423.0,False,255.0,8.4,-5.4
5433,105432.0,False,255.10000000000002,8.1,-5.1000000000000005
5434,105448.0,False,255.3,7.9,-4.800000000000001
5435,105468.0,False,255.60000000000002,7.6000000000000005,-4.5
5436,105483.0,False,255.9,7.6000000000000005,-4.6000000000000005
5437,105508.0,False,255.9,7.800000000000001,-4.9
5438,105518.0,False,255.9,7.9,-5.1000000000000005
5439,105537.0,False,255.9,8.4,-5.1000000000000005
5440,105551.0,False,256.1,9.0,-5.0
5441,105565.0,False,256.2,9.3,-4.9
5442,105582.0,False,256.40000000000003,9.5,-4.800000000000001
5443,105599.0,False,257.0,9.9,-4.6000000000000005
5444,105624.0,False,258.1,9.9,-4.9
5445,105632.0,False,258.6,9.8,-5.1000000000000005
5446,105649.0,False,259.0,9.700000000000001,-5.300000000000001
5447,105666.0,False,260.0,9.4,-5.800000000000001
5448,105682.0,False,261.0,9.0,-6.2
5449,105699.0,False,261.5,8.9,-6.300000000000001
5450,105724.0,False,263.0,8.3,-6.4
5451,105732.0,False,263.6,8.1,-6.4
5452,105749.0,False,264.5,7.7,-6.5
5453,105765.0,False,265.0,7.5,-6.5
5454,105784.0,False,265.8,7.1000000000000005,-6.5
5455,105802.0,False,266.6,6.800000000000001,-6.6000000000000005
5456,105823.0,False,267.2,6.6000000000000005,-6.7
5457,105839.0,False,267.8,6.4,-6.7
5458,105849.0,False,268.0,6.300000000000001,-6.7
5459,105867.0,False,268.40000000000003,6.300000000000001,-6.6000000000000005
5460,105882.0,False,268.6,6.300000000000001,-6.5
5461,105898.0,False,269.0,6.4,-6.300000000000001
5462,105920.0,False,269.2,6.5,-6.0
5463,105935.0,False,269.3,6.6000000000000005,-5.9
5464,105950.0,False,269.5,6.7,-5.800000000000001
5465,105965.0,False,269.5,6.7,-5.7
5466,105983.0,False,269.5,6.6000000000000005,-5.4
5467,105998.0,False,269.5,6.5,-5.0
5468,106019.0,False,269.6,6.5,-4.4
5469,106032.0,False,269.6,6.6000000000000005,-4.2
5470,106049.0,False,269.6,7.1000000000000005,-3.9000000000000004
5471,106066.0,False,269.5,7.4,-3.9000000000000004
5472,106083.0,False,269.2,8.0,-4.3
5473,106103.0,False,268.8,8.5,-4.7
5474,106128.0,False,268.2,8.9,-5.1000000000000005
5475,106148.0,False,267.8,9.1,-5.300000000000001
5476,106165.0,False,267.5,9.1,-5.300000000000001
5477,106182.0,False,267.0,9.200000000000001,-5.1000000000000005
5478,106201.0,False,266.7,9.200000000000001,-4.9
5479,106219.0,False,265.90000000000003,9.4,-4.5
5480,106232.0,False,265.7,9.5,-4.5
5481,106251.0,False,265.1,9.600000000000001,-4.5
5482,106268.0,False,264.5,9.8,-4.800000000000001
5483,106282.0,False,264.1,9.9,-4.9
5484,106301.0,False,263.6,9.9,-5.300000000000001
5485,106318.0,False,263.1,9.700000000000001,-5.7
5486,106334.0,False,262.90000000000003,9.700000000000001,-5.9
5487,106351.0,False,262.40000000000003,9.5,-6.300000000000001
5488,106367.0,False,262.1,9.4,-6.4
5489,106383.0,False,261.6,9.3,-6.6000000000000005
5490,106399.0,False,261.1,9.4,-6.5
5491,106424.0,False,260.5,9.9,-6.300000000000001
5492,106449.0,False,260.2,10.3,-6.2
5493,106490.0,False,259.6,10.9,-6.2
5494,106498.0,False,259.5,10.9,-6.2
5495,106521.0,False,259.40000000000003,10.700000000000001,-6.1000000000000005
5496,106533.0,False,259.3,10.700000000000001,-6.1000000000000005
5497,106549.0,False,259.3,10.4,-6.0
5498,106565.0,False,259.40000000000003,10.0,-5.6000000000000005
5499,106583.0,False,259.6,9.4,-5.2
5500,106598.0,False,259.8,9.1,-4.9
5501,106625.0,False,260.1,8.5,-4.5
5502,106633.0,False,260.3,8.200000000000001,-4.4
5503,106649.0,False,260.6,7.800000000000001,-4.1000000000000005
5504,106665.0,False,261.0,7.6000000000000005,-4.2
5505,106682.0,False,261.2,7.800000000000001,-4.5
5506,106699.0,False,261.2,7.9,-4.7
5507,106718.0,False,261.2,8.3,-5.0
5508,106732.0,False,261.1,8.6,-5.1000000000000005
5509,106748.0,False,261.1,8.8,-5.0
5510,106765.0,False,261.2,8.9,-4.6000000000000005
5511,106782.0,False,261.3,9.0,-4.1000000000000005
5512,106803.0,False,261.6,9.0,-3.7
5513,106817.0,False,261.7,9.0,-3.5
5514,106833.0,False,262.0,8.9,-3.3000000000000003
5515,106850.0,False,262.2,8.8,-3.3000000000000003
5516,106865.0,False,262.7,8.5,-3.4000000000000004
5517,106884.0,False,263.1,8.0,-3.5
5518,106898.0,False,263.40000000000003,7.7,-3.5
5519,106920.0,False,263.90000000000003,7.2,-3.5
5520,106934.0,False,264.3,6.800000000000001,-3.4000000000000004
5521,106953.0,False,264.6,6.5,-3.2
5522,106967.0,False,264.7,6.300000000000001,-3.1
5523,106993.0,False,264.90000000000003,5.9,-2.6
5524,107020.0,False,265.1,5.6000000000000005,-2.0
5525,107032.0,False,265.1,5.6000000000000005,-1.8
5526,107068.0,False,265.1,5.800000000000001,-1.7000000000000002
5527,107082.0,False,264.90000000000003,6.1000000000000005,-1.9000000000000001
5528,107101.0,False,264.7,6.4,-2.0
5529,107120.0,False,264.6,6.800000000000001,-2.2
5530,107134.0,False,264.6,6.9,-2.3000000000000003
5531,107151.0,False,264.6,7.1000000000000005,-2.3000000000000003
5532,107165.0,False,264.6,7.1000000000000005,-2.4000000000000004
5533,107200.0,False,264.7,7.300000000000001,-2.5
5534,107222.0,False,264.8,7.6000000000000005,-2.6
5535,107232.0,False,264.8,7.7,-2.7
5536,107249.0,False,264.8,8.0,-2.9000000000000004
5537,107284.0,False,264.7,8.5,-3.3000000000000003
5538,107301.0,False,264.40000000000003,9.0,-3.7
5539,107322.0,False,264.1,9.4,-4.0
5540,107332.0,False,263.90000000000003,9.5,-4.2
5541,107353.0,False,263.5,9.700000000000001,-4.3
5542,107365.0,False,263.2,9.8,-4.3
5543,107382.0,False,262.8,9.8,-4.2
5544,107398.0,False,262.3,9.600000000000001,-3.7
5545,107417.0,False,262.1,9.600000000000001,-3.5
5546,107435.0,False,261.6,9.5,-3.0
5547,107450.0,False,261.3,9.5,-2.9000000000000004
5548,107466.0,False,260.5,9.600000000000001,-3.1
5549,107482.0,False,260.2,9.600000000000001,-3.4000000000000004
5550,107502.0,False,259.6,9.700000000000001,-4.0
5551,107523.0,False,259.0,9.5,-4.7
5552,107532.0,False,258.7,9.3,-5.1000000000000005
5553,107549.0,False,258.2,9.0,-5.800000000000001
5554,107566.0,False,257.8,8.8,-6.4
5555,107583.0,False,257.5,8.700000000000001,-6.6000000000000005
5556,107599.0,False,257.0,8.8,-6.800000000000001
5557,107621.0,False,256.5,9.1,-6.9
5558,107632.0,False,256.3,9.3,-6.9
5559,107650.0,False,255.8,9.8,-6.9
5560,107666.0,False,255.60000000000002,10.0,-6.800000000000001
5561,107682.0,False,255.20000000000002,10.3,-6.9
5562,107698.0,False,255.0,10.4,-6.9
5563,107716.0,False,254.5,10.600000000000001,-7.1000000000000005
5564,107732.0,False,254.3,10.600000000000001,-7.300000000000001
5565,107749.0,False,253.9,10.3,-7.7
5566,107765.0,False,253.60000000000002,9.700000000000001,-7.800000000000001
5567,107784.0,False,253.3,8.9,-7.4
5568,107799.0,False,253.20000000000002,8.6,-7.2
5569,107815.0,False,253.10000000000002,8.3,-6.9
5570,107832.0,False,252.9,7.9,-6.2
5571,107852.0,False,252.70000000000002,7.800000000000001,-5.7
5572,107867.0,False,252.5,8.1,-5.6000000000000005
5573,107882.0,False,252.3,8.3,-5.6000000000000005
5574,107899.0,False,251.8,8.8,-5.9
5575,107916.0,False,251.4,9.3,-6.2
5576,107933.0,False,251.10000000000002,9.700000000000001,-6.4
5577,107951.0,False,251.0,9.8,-6.4
5578,107965.0,False,250.8,9.9,-6.300000000000001
5579,107984.0,False,250.8,9.8,-6.1000000000000005
5580,108000.0,False,250.8,9.700000000000001,-5.9
5581,108015.0,False,251.0,9.5,-5.7
5582,108035.0,False,251.20000000000002,9.200000000000001,-5.5
5583,108049.0,False,251.4,9.0,-5.5
5584,108065.0,False,251.70000000000002,8.5,-5.4
5585,108082.0,False,252.10000000000002,7.9,-5.300000000000001
5586,108106.0,False,252.5,7.2,-5.0
5587,108117.0,False,252.70000000000002,6.800000000000001,-4.800000000000001
5588,108133.0,False,253.20000000000002,6.1000000000000005,-4.5
5589,108150.0,False,253.4,5.800000000000001,-4.3
5590,108166.0,False,253.70000000000002,5.2,-4.1000000000000005
5591,108182.0,False,254.0,4.6000000000000005,-3.9000000000000004
5592,108199.0,False,254.10000000000002,4.4,-3.7
5593,108217.0,False,254.20000000000002,4.0,-3.5
5594,108234.0,False,254.3,3.8000000000000003,-3.4000000000000004
5595,108249.0,False,254.3,3.7,-3.3000000000000003
5596,108265.0,False,254.3,3.7,-3.2
5597,108282.0,False,254.10000000000002,3.9000000000000004,-3.0
5598,108301.0,False,253.8,4.3,-2.8000000000000003
5599,108319.0,False,253.70000000000002,4.5,-2.7
5600,108336.0,False,253.4,5.2,-2.5
5601,108351.0,False,253.20000000000002,5.7,-2.5
5602,108365.0,False,253.10000000000002,5.9,-2.4000000000000004
5603,108382.0,False,253.0,6.1000000000000005,-2.3000000000000003
5604,108402.0,False,253.10000000000002,6.1000000000000005,-2.1
5605,108423.0,False,253.4,5.9,-2.1
5606,108432.0,False,253.5,5.800000000000001,-2.2
5607,108449.0,False,253.60000000000002,5.6000000000000005,-2.4000000000000004
5608,108467.0,False,253.8,5.300000000000001,-2.8000000000000003
5609,108482.0,False,253.8,5.300000000000001,-3.3000000000000003
5610,108500.0,False,253.60000000000002,5.5,-3.8000000000000003
5611,108517.0,False,253.5,5.7,-4.1000000000000005
5612,108532.0,False,253.20000000000002,6.1000000000000005,-4.4
5613,108550.0,False,252.70000000000002,6.4,-4.5
5614,108572.0,False,252.20000000000002,6.800000000000001,-4.2
5615,108584.0,False,252.0,7.0,-4.1000000000000005
5616,108598.0,False,251.70000000000002,7.300000000000001,-3.6
5617,108617.0,False,251.5,7.5,-3.3000000000000003
5618,108632.0,False,251.4,7.4,-2.7
5619,108648.0,False,251.4,7.1000000000000005,-2.1
5620,108666.0,False,251.5,6.9,-2.0
5621,108682.0,False,251.9,6.300000000000001,-2.2
5622,108698.0,False,252.10000000000002,6.1000000000000005,-2.5
5623,108719.0,False,252.60000000000002,5.5,-4.1000000000000005
5624,108734.0,False,252.70000000000002,5.4,-4.7
5625,108748.0,False,252.8,5.6000000000000005,-6.0
5626,108765.0,False,252.8,5.800000000000001,-6.6000000000000005
5627,108784.0,False,253.0,6.4,-7.6000000000000005
5628,108802.0,False,253.3,7.1000000000000005,-8.0
5629,108818.0,False,253.70000000000002,7.9,-8.1
5630,108832.0,False,254.0,8.4,-8.1
5631,108849.0,False,254.5,9.4,-8.3
5632,108866.0,False,255.10000000000002,10.3,-8.700000000000001
5633,108882.0,False,255.4,10.8,-9.0
5634,108899.0,False,255.9,11.5,-9.5
5635,108916.0,False,256.2,11.8,-9.700000000000001
5636,108933.0,False,256.8,12.200000000000001,-9.9
5637,108949.0,False,257.5,12.5,-9.8
5638,108965.0,False,258.3,12.8,-9.8
5639,108982.0,False,258.6,12.8,-9.700000000000001
5640,108999.0,False,259.1,12.600000000000001,-9.200000000000001
5641,109015.0,False,259.40000000000003,12.4,-8.8
5642,109034.0,False,259.90000000000003,12.0,-8.0
5643,109048.0,False,260.7,11.600000000000001,-7.1000000000000005
5644,109067.0,False,261.6,11.4,-6.7
5645,109084.0,False,262.1,11.4,-6.5
5646,109098.0,False,263.0,11.3,-6.5
5647,109116.0,False,263.3,11.3,-6.6000000000000005
5648,109132.0,False,264.0,11.4,-6.800000000000001
5649,109148.0,False,264.6,11.5,-7.1000000000000005
5650,109165.0,False,265.2,11.600000000000001,-7.300000000000001
5651,109182.0,False,265.5,11.600000000000001,-7.4
5652,109200.0,False,266.3,11.5,-7.300000000000001
5653,109218.0,False,267.1,11.3,-7.1000000000000005
5654,109235.0,False,268.1,10.9,-6.7
5655,109250.0,False,268.6,10.700000000000001,-6.5
5656,109266.0,False,269.6,10.3,-6.0
5657,109282.0,False,270.1,10.100000000000001,-5.7
5658,109298.0,False,271.2,9.600000000000001,-5.2
5659,109317.0,False,272.2,9.200000000000001,-4.7
5660,109332.0,False,272.7,9.0,-4.5
5661,109349.0,False,273.6,8.8,-4.3
5662,109365.0,False,274.2,8.6,-4.1000000000000005
5663,109382.0,False,274.5,8.5,-4.0
5664,109415.0,False,275.5,8.700000000000001,-3.5
5665,109433.0,False,275.8,9.200000000000001,-3.5
5666,109450.0,False,275.90000000000003,9.5,-3.5
5667,109465.0,False,276.0,10.200000000000001,-3.6
5668,109482.0,False,276.0,10.8,-3.7
5669,109500.0,False,275.90000000000003,11.100000000000001,-3.8000000000000003
5670,109517.0,False,275.8,11.700000000000001,-3.8000000000000003
5671,109534.0,False,275.8,12.200000000000001,-3.9000000000000004
5672,109548.0,False,275.7,12.4,-3.9000000000000004
5673,109566.0,False,275.7,12.600000000000001,-3.9000000000000004
5674,109585.0,False,275.5,12.600000000000001,-4.0
5675,109598.0,False,275.5,12.5,-4.1000000000000005
5676,109615.0,False,275.40000000000003,12.3,-4.3
5677,109635.0,False,275.2,12.100000000000001,-4.6000000000000005
5678,109650.0,False,275.1,12.0,-4.800000000000001
5679,109667.0,False,274.7,12.0,-5.4
5680,109689.0,False,274.1,12.100000000000001,-6.1000000000000005
5681,109700.0,False,273.7,12.200000000000001,-6.5
5682,109718.0,False,272.8,12.4,-7.1000000000000005
5683,109731.0,False,271.8,12.600000000000001,-7.6000000000000005
5684,109751.0,False,270.6,12.8,-8.0
5685,109765.0,False,270.0,12.8,-8.1
5686,109782.0,False,268.8,12.700000000000001,-8.1
5687,109800.0,False,267.7,12.5,-8.0
5688,109815.0,False,267.1,12.3,-7.9
5689,109832.0,False,266.1,11.9,-7.800000000000001
5690,109848.0,False,265.1,11.600000000000001,-8.0
5691,109866.0,False,264.5,11.4,-8.200000000000001
5692,109883.0,False,263.2,11.200000000000001,-8.6
5693,109898.0,False,261.8,11.100000000000001,-9.1
5694,109917.0,False,261.1,11.0,-9.3
5695,109934.0,False,259.90000000000003,11.0,-9.700000000000001
5696,109949.0,False,258.90000000000003,11.0,-10.100000000000001
5697,109969.0,False,257.90000000000003,11.100000000000001,-10.600000000000001
5698,109984.0,False,257.40000000000003,11.200000000000001,-10.8
5699,109998.0,False,256.40000000000003,11.8,-11.200000000000001
5700,110015.0,False,256.0,12.3,-11.5
5701,110033.0,False,255.10000000000002,13.200000000000001,-12.100000000000001
5702,110048.0,False,254.3,14.0,-12.600000000000001
5703,110069.0,False,253.60000000000002,14.4,-12.9
5704,110082.0,False,253.3,14.5,-12.9
5705,110098.0,False,252.8,14.600000000000001,-12.8
5706,110115.0,False,252.5,14.700000000000001,-12.700000000000001
5707,110132.0,False,252.0,14.8,-12.3
5708,110148.0,False,251.5,14.8,-11.700000000000001
5709,110167.0,False,251.10000000000002,14.600000000000001,-10.9
5710,110181.0,False,250.9,14.5,-10.5
5711,110198.0,False,250.8,14.4,-10.0
5712,110215.0,False,250.60000000000002,14.4,-9.3
5713,110232.0,False,250.60000000000002,14.700000000000001,-8.9
5714,110250.0,False,250.60000000000002,15.100000000000001,-8.9
5715,110283.0,False,250.8,15.3,-9.0
5716,110300.0,False,251.10000000000002,15.100000000000001,-9.200000000000001
5717,110315.0,False,251.4,15.0,-9.4
5718,110333.0,False,251.9,14.700000000000001,-9.9
5719,110348.0,False,252.5,14.3,-10.4
5720,110366.0,False,253.20000000000002,13.9,-11.0
5721,110382.0,False,253.5,13.700000000000001,-11.200000000000001
5722,110406.0,False,254.8,12.9,-11.8
5723,110418.0,False,255.20000000000002,12.5,-11.9
5724,110432.0,False,255.60000000000002,12.200000000000001,-11.9
5725,110452.0,False,256.0,12.0,-11.9
5726,110467.0,False,257.40000000000003,11.200000000000001,-11.4
5727,110482.0,False,257.90000000000003,10.9,-11.200000000000001
5728,110498.0,False,258.90000000000003,10.4,-10.9
5729,110515.0,False,259.90000000000003,9.9,-10.700000000000001
5730,110532.0,False,260.3,9.600000000000001,-10.600000000000001
5731,110548.0,False,261.2,9.0,-10.4
5732,110565.0,False,261.90000000000003,8.6,-10.4
5733,110583.0,False,262.3,8.4,-10.5
5734,110599.0,False,262.90000000000003,8.200000000000001,-10.9
5735,110616.0,False,263.3,8.1,-11.200000000000001
5736,110632.0,False,263.40000000000003,8.0,-11.200000000000001
5737,110665.0,False,263.6,8.200000000000001,-10.600000000000001
5738,110686.0,False,263.5,8.4,-9.700000000000001
5739,110698.0,False,263.40000000000003,8.5,-9.1
5740,110717.0,False,263.1,8.5,-7.6000000000000005
5741,110732.0,False,262.90000000000003,8.4,-6.7
5742,110748.0,False,262.5,8.200000000000001,-5.0
5743,110767.0,False,262.0,8.200000000000001,-3.8000000000000003
5744,110782.0,False,261.7,8.200000000000001,-3.5
5745,110798.0,False,261.0,8.4,-3.8000000000000003
5746,110815.0,False,260.3,8.5,-4.7
5747,110832.0,False,259.40000000000003,8.4,-5.6000000000000005
5748,110849.0,False,259.0,8.3,-5.9
5749,110866.0,False,258.2,8.3,-6.300000000000001
5750,110885.0,False,257.6,8.6,-6.4
5751,110899.0,False,257.3,8.9,-6.2
5752,110915.0,False,256.8,9.600000000000001,-5.800000000000001
5753,110932.0,False,256.6,10.100000000000001,-5.6000000000000005
5754,110948.0,False,256.3,11.0,-5.1000000000000005
5755,110965.0,False,256.2,11.9,-4.9
5756,110982.0,False,256.2,12.700000000000001,-5.1000000000000005
5757,111002.0,False,256.2,13.0,-5.6000000000000005
5758,111015.0,False,256.3,13.4,-6.9
5759,111031.0,False,256.2,13.5,-8.6
5760,111048.0,False,256.2,13.4,-9.5
5761,111066.0,False,256.0,13.200000000000001,-11.4
5762,111082.0,False,255.8,12.600000000000001,-13.100000000000001
5763,111098.0,False,255.70000000000002,12.3,-13.8
5764,111115.0,False,255.3,11.600000000000001,-15.100000000000001
5765,111132.0,False,254.8,10.8,-16.1
5766,111149.0,False,254.60000000000002,10.5,-16.5
5767,111167.0,False,253.9,10.200000000000001,-17.0
5768,111181.0,False,253.4,10.700000000000001,-17.3
5769,111198.0,False,253.10000000000002,11.200000000000001,-17.400000000000002
5770,111215.0,False,252.8,12.4,-17.6
5771,111232.0,False,252.70000000000002,13.3,-17.5
5772,111251.0,False,252.70000000000002,13.9,-17.5
5773,111282.0,False,252.60000000000002,14.100000000000001,-17.400000000000002
5774,111299.0,False,252.60000000000002,14.100000000000001,-17.3
5775,111325.0,False,252.70000000000002,14.200000000000001,-17.0
5776,111331.0,False,252.8,14.200000000000001,-16.7
5777,111348.0,False,253.0,14.3,-16.0
5778,111367.0,False,253.10000000000002,14.3,-15.600000000000001
5779,111382.0,False,253.4,14.5,-14.700000000000001
5780,111398.0,False,253.5,14.600000000000001,-14.200000000000001
5781,111415.0,False,253.8,15.100000000000001,-13.200000000000001
5782,111432.0,False,254.3,15.9,-12.5
5783,111448.0,False,254.5,16.3,-12.100000000000001
5784,111467.0,False,255.20000000000002,17.400000000000002,-11.200000000000001
5785,111483.0,False,255.4,17.5,-10.9
5786,111504.0,False,256.1,17.400000000000002,-10.200000000000001
5787,111541.0,False,257.90000000000003,16.1,-9.1
5788,111549.0,False,258.40000000000003,15.600000000000001,-8.9
5789,111572.0,False,259.40000000000003,14.600000000000001,-8.6
5790,111584.0,False,259.90000000000003,14.100000000000001,-8.4
5791,111598.0,False,260.90000000000003,13.0,-8.0
5792,111617.0,False,261.40000000000003,12.600000000000001,-7.7
5793,111632.0,False,262.40000000000003,11.9,-7.300000000000001
5794,111657.0,False,263.90000000000003,11.0,-6.5
5795,111682.0,False,264.90000000000003,10.200000000000001,-5.9
5796,111698.0,False,265.40000000000003,9.9,-5.6000000000000005
5797,111726.0,False,267.0,8.6,-4.7
5798,111749.0,False,267.5,8.4,-4.1000000000000005
5799,111767.0,False,267.7,8.5,-3.4000000000000004
5800,111782.0,False,267.8,8.700000000000001,-3.0
5801,111801.0,False,267.90000000000003,9.4,-2.1
5802,111816.0,False,267.90000000000003,9.8,-1.6
5803,111832.0,False,268.0,10.600000000000001,-0.9
5804,111852.0,False,268.2,11.3,-0.5
5805,111865.0,False,268.5,11.700000000000001,-0.6000000000000001
5806,111881.0,False,268.7,11.700000000000001,-0.7000000000000001
5807,111898.0,False,269.2,11.5,-1.1
5808,111921.0,False,269.8,11.3,-1.9000000000000001
5809,111932.0,False,270.1,11.200000000000001,-2.6
5810,111951.0,False,270.5,11.0,-4.1000000000000005
5811,111966.0,False,270.6,10.8,-5.7
5812,111984.0,False,270.40000000000003,10.4,-7.0
5813,111999.0,False,270.3,10.3,-7.5
5814,112018.0,False,269.8,10.0,-7.800000000000001
5815,112034.0,False,269.6,10.0,-7.800000000000001
5816,112049.0,False,269.1,10.200000000000001,-7.6000000000000005
5817,112065.0,False,268.40000000000003,10.4,-7.2
5818,112082.0,False,268.1,10.5,-6.9
5819,112103.0,False,267.1,10.200000000000001,-6.6000000000000005
5820,112127.0,False,266.40000000000003,9.600000000000001,-6.7
5821,112148.0,False,265.40000000000003,9.0,-7.2
5822,112165.0,False,264.2,8.5,-7.9
5823,112184.0,False,262.90000000000003,8.3,-8.700000000000001
5824,112201.0,False,262.2,8.3,-9.1
5825,112221.0,False,260.90000000000003,8.4,-9.9
5826,112232.0,False,260.40000000000003,8.4,-10.3
5827,112248.0,False,259.40000000000003,8.5,-11.200000000000001
5828,112266.0,False,258.6,8.5,-12.0
5829,112283.0,False,258.0,8.5,-12.700000000000001
5830,112298.0,False,257.7,8.5,-13.0
5831,112323.0,False,256.90000000000003,9.0,-13.100000000000001
5832,112348.0,False,256.40000000000003,10.0,-12.700000000000001
5833,112365.0,False,256.2,11.3,-12.3
5834,112383.0,False,256.0,12.5,-11.600000000000001
5835,112400.0,False,255.9,13.0,-11.200000000000001
5836,112419.0,False,256.1,13.5,-10.200000000000001
5837,112431.0,False,256.3,13.600000000000001,-9.8
5838,112449.0,False,256.8,13.3,-9.200000000000001
5839,112466.0,False,257.5,12.5,-9.200000000000001
5840,112482.0,False,258.0,11.3,-9.4
5841,112498.0,False,258.2,10.700000000000001,-9.4
5842,112522.0,False,259.3,8.5,-9.200000000000001
5843,112533.0,False,259.7,7.7,-9.1
5844,112550.0,False,260.1,6.9,-9.0
5845,112566.0,False,260.8,5.300000000000001,-8.4
5846,112582.0,False,261.40000000000003,3.7,-7.6000000000000005
5847,112598.0,False,261.6,3.2,-7.1000000000000005
5848,112620.0,False,262.0,2.7,-5.9
5849,112631.0,False,262.1,2.9000000000000004,-5.6000000000000005
5850,112648.0,False,262.2,3.1,-5.4
5851,112667.0,False,262.5,3.6,-4.9
5852,112683.0,False,263.0,3.8000000000000003,-4.6000000000000005
5853,112698.0,False,263.40000000000003,3.9000000000000004,-4.6000000000000005
5854,112718.0,False,264.7,4.1000000000000005,-4.800000000000001
5855,112732.0,False,265.2,4.2,-4.9
5856,112749.0,False,265.8,4.3,-5.0
5857,112767.0,False,267.2,4.5,-5.1000000000000005
5858,112783.0,False,268.90000000000003,4.5,-4.9
5859,112799.0,False,270.90000000000003,4.3,-4.6000000000000005
5860,112825.0,False,272.90000000000003,4.1000000000000005,-4.2
5861,112832.0,False,273.90000000000003,4.0,-4.0
5862,112850.0,False,275.90000000000003,3.9000000000000004,-3.4000000000000004
5863,112867.0,False,276.90000000000003,3.8000000000000003,-3.1
5864,112883.0,False,278.8,3.6,-2.7
5865,112901.0,False,280.40000000000003,3.3000000000000003,-2.6
5866,112920.0,False,281.7,3.0,-2.8000000000000003
5867,112933.0,False,282.1,2.9000000000000004,-2.9000000000000004
5868,112952.0,False,282.7,2.7,-3.0
5869,112966.0,False,283.0,2.7,-2.8000000000000003
5870,112981.0,False,283.1,2.8000000000000003,-2.6
5871,112998.0,False,283.1,3.0,-1.9000000000000001
5872,113015.0,False,283.1,3.1,-1.6
5873,113033.0,False,282.90000000000003,3.6,-1.1
5874,113053.0,False,282.5,4.1000000000000005,-0.7000000000000001
5875,113066.0,False,282.0,4.7,-0.6000000000000001
5876,113084.0,False,281.7,5.1000000000000005,-0.7000000000000001
5877,113102.0,False,281.1,5.7,-1.2000000000000002
5878,113120.0,False,280.5,6.300000000000001,-1.9000000000000001
5879,113133.0,False,280.1,6.6000000000000005,-2.3000000000000003
5880,113150.0,False,279.3,7.1000000000000005,-2.9000000000000004
5881,113165.0,False,278.5,7.6000000000000005,-3.3000000000000003
5882,113182.0,False,278.0,7.9,-3.5
5883,113198.0,False,277.6,8.200000000000001,-3.6
5884,113222.0,False,276.2,9.1,-3.7
5885,113232.0,False,275.7,9.3,-3.7
5886,113249.0,False,274.7,9.700000000000001,-3.5
5887,113265.0,False,273.8,10.0,-3.4000000000000004
5888,113282.0,False,273.40000000000003,10.100000000000001,-3.4000000000000004
5889,113298.0,False,272.5,10.3,-3.7
5890,113323.0,False,271.6,10.5,-4.3
5891,113332.0,False,271.1,10.5,-4.7
5892,113349.0,False,270.1,10.600000000000001,-5.7
5893,113367.0,False,269.1,10.600000000000001,-6.800000000000001
5894,113384.0,False,268.6,10.600000000000001,-7.300000000000001
5895,113400.0,False,267.6,10.600000000000001,-8.1
5896,113425.0,False,266.3,10.700000000000001,-9.0
5897,113434.0,False,265.90000000000003,10.700000000000001,-9.200000000000001
5898,113450.0,False,265.5,10.700000000000001,-9.3
5899,113465.0,False,264.7,11.0,-9.3
5900,113482.0,False,264.3,11.200000000000001,-9.200000000000001
5901,113498.0,False,263.6,11.700000000000001,-8.9
5902,113527.0,False,262.7,12.5,-8.200000000000001
5903,113548.0,False,262.2,13.0,-7.7
5904,113567.0,False,261.90000000000003,13.100000000000001,-7.1000000000000005
5905,113583.0,False,261.8,12.9,-6.7
5906,113599.0,False,261.8,12.700000000000001,-6.6000000000000005
5907,113625.0,False,262.0,11.200000000000001,-6.300000000000001
5908,113633.0,False,262.1,10.600000000000001,-6.1000000000000005
5909,113651.0,False,262.3,10.0,-5.800000000000001
5910,113665.0,False,262.7,9.1,-5.300000000000001
5911,113682.0,False,263.2,8.5,-4.7
5912,113700.0,False,263.5,8.200000000000001,-4.3
5913,113723.0,False,264.3,7.7,-3.3000000000000003
5914,113733.0,False,264.5,7.6000000000000005,-3.1
5915,113748.0,False,264.7,7.6000000000000005,-2.9000000000000004
5916,113765.0,False,265.0,7.7,-2.5
5917,113783.0,False,265.2,8.200000000000001,-2.1
5918,113798.0,False,265.3,8.5,-1.9000000000000001
5919,113817.0,False,265.6,9.1,-1.2000000000000002
5920,113833.0,False,266.0,9.700000000000001,-0.5
5921,113849.0,False,266.40000000000003,9.9,-0.4
5922,113865.0,False,267.2,10.200000000000001,-0.30000000000000004
5923,113881.0,False,268.1,10.200000000000001,-0.4
5924,113898.0,False,268.6,10.0,-0.5
5925,113919.0,False,269.7,9.5,-0.6000000000000001
5926,113932.0,False,270.90000000000003,9.0,-0.6000000000000001
5927,113948.0,False,271.6,8.700000000000001,-0.5
5928,113969.0,False,272.90000000000003,8.200000000000001,-0.6000000000000001
5929,113983.0,False,274.1,7.7,-0.9
5930,114001.0,False,275.1,7.0,-1.0
5931,114021.0,False,276.0,6.4,-0.8
5932,114032.0,False,276.40000000000003,6.2,-0.6000000000000001
5933,114051.0,False,277.3,5.9,-0.30000000000000004
5934,114065.0,False,277.6,5.9,-0.30000000000000004
5935,114082.0,False,278.1,5.9,-0.6000000000000001
5936,114105.0,False,278.40000000000003,5.9,-1.0
5937,114123.0,False,278.5,5.800000000000001,-1.3
5938,114132.0,False,278.6,5.800000000000001,-1.4000000000000001
5939,114150.0,False,278.7,5.6000000000000005,-1.5
5940,114182.0,False,278.7,5.4,-1.4000000000000001
5941,114199.0,False,278.6,5.300000000000001,-1.3
5942,114226.0,False,278.2,5.2,-1.1
5943,114232.0,False,278.0,5.2,-1.2000000000000002
5944,114251.0,False,277.5,5.5,-1.7000000000000002
5945,114265.0,False,277.2,5.7,-2.2
5946,114282.0,False,276.3,6.1000000000000005,-2.9000000000000004
5947,114298.0,False,275.2,6.4,-3.7
5948,114320.0,False,274.0,6.800000000000001,-4.3
5949,114332.0,False,273.3,7.0,-4.6000000000000005
5950,114351.0,False,272.0,7.300000000000001,-5.0
5951,114365.0,False,271.2,7.5,-5.1000000000000005
5952,114382.0,False,269.7,7.9,-5.2
5953,114399.0,False,268.1,8.200000000000001,-5.1000000000000005
5954,114419.0,False,266.7,8.5,-5.1000000000000005
5955,114437.0,False,266.0,8.6,-5.1000000000000005
5956,114451.0,False,265.40000000000003,8.5,-5.2
5957,114467.0,False,263.5,8.1,-5.7
5958,114482.0,False,262.90000000000003,7.9,-5.9
5959,114499.0,False,262.2,7.7,-6.2
5960,114520.0,False,260.3,7.5,-7.2
5961,114535.0,False,259.7,7.5,-7.6000000000000005
5962,114549.0,False,258.40000000000003,7.7,-8.3
5963,114566.0,False,257.1,7.800000000000001,-8.6
5964,114582.0,False,256.5,7.9,-8.6
5965,114600.0,False,255.4,8.4,-8.4
5966,114622.0,False,254.3,9.200000000000001,-8.200000000000001
5967,114635.0,False,253.8,9.700000000000001,-8.1
5968,114650.0,False,252.9,10.700000000000001,-8.200000000000001
5969,114667.0,False,252.10000000000002,11.5,-8.5
5970,114682.0,False,251.70000000000002,11.8,-8.6
5971,114698.0,False,251.4,12.0,-8.8
5972,114718.0,False,250.5,12.4,-9.4
5973,114737.0,False,250.10000000000002,12.600000000000001,-9.8
5974,114748.0,False,249.9,12.700000000000001,-9.9
5975,114769.0,False,249.60000000000002,12.600000000000001,-9.9
5976,114782.0,False,249.5,12.5,-9.700000000000001
5977,114798.0,False,249.4,12.200000000000001,-9.0
5978,114821.0,False,249.70000000000002,11.8,-8.3
5979,114835.0,False,250.10000000000002,11.3,-7.7
5980,114849.0,False,250.4,10.9,-7.5
5981,114865.0,False,250.8,10.200000000000001,-7.300000000000001
5982,114883.0,False,251.20000000000002,9.700000000000001,-7.2
5983,114899.0,False,251.3,9.5,-7.2
5984,114917.0,False,251.60000000000002,9.5,-7.2
5985,114935.0,False,251.8,9.600000000000001,-6.9
5986,114950.0,False,252.0,9.8,-6.7
5987,114965.0,False,252.5,10.100000000000001,-6.2
5988,114983.0,False,253.10000000000002,10.4,-5.800000000000001
5989,115000.0,False,253.5,10.600000000000001,-5.7
5990,115018.0,False,254.4,10.600000000000001,-5.5
5991,115033.0,False,255.60000000000002,10.3,-5.5
5992,115048.0,False,256.2,10.0,-5.4
5993,115066.0,False,257.5,9.200000000000001,-5.1000000000000005
5994,115081.0,False,259.0,8.4,-4.6000000000000005
5995,115103.0,False,260.3,7.800000000000001,-4.0
5996,115120.0,False,261.6,7.300000000000001,-3.4000000000000004
5997,115133.0,False,262.2,7.1000000000000005,-3.1
5998,115148.0,False,262.7,6.9,-2.8000000000000003
5999,115169.0,False,263.5,6.7,-2.4000000000000004
6000,115186.0,False,264.1,6.7,-2.0
6001,115198.0,False,264.3,6.800000000000001,-1.9000000000000001
6002,115221.0,False,264.6,7.300000000000001,-1.7000000000000002
6003,115234.0,False,264.6,7.5,-1.6
6004,115250.0,False,264.7,7.9,-1.4000000000000001
6005,115265.0,False,264.7,8.0,-1.3
6006,115283.0,False,264.7,8.4,-1.0
6007,115299.0,False,264.6,8.6,-0.9
6008,115317.0,False,264.40000000000003,9.1,-0.7000000000000001
6009,115332.0,False,264.1,9.5,-0.5
6010,115349.0,False,264.1,9.600000000000001,-0.30000000000000004
6011,115382.0,False,264.2,9.4,-0.7000000000000001
6012,115398.0,False,264.2,9.200000000000001,-1.1
6013,115418.0,False,264.0,8.9,-2.1
6014,115436.0,False,263.5,8.700000000000001,-3.2
6015,115449.0,False,263.2,8.6,-3.6
6016,115465.0,False,262.5,8.5,-4.3
6017,115482.0,False,261.7,8.6,-4.7
6018,115500.0,False,260.90000000000003,8.9,-4.800000000000001
6019,115518.0,False,260.40000000000003,9.1,-4.7
6020,115532.0,False,259.5,9.5,-4.5
6021,115549.0,False,258.7,9.8,-4.3
6022,115565.0,False,258.3,9.9,-4.3
6023,115583.0,False,257.7,9.700000000000001,-4.3
6024,115598.0,False,257.3,9.3,-4.800000000000001
6025,115615.0,False,257.1,9.1,-5.1000000000000005
6026,115632.0,False,256.8,8.6,-6.0
6027,115651.0,False,256.5,8.3,-7.1000000000000005
6028,115667.0,False,256.1,8.0,-8.200000000000001
6029,115681.0,False,255.9,7.9,-8.6
6030,115698.0,False,255.8,7.800000000000001,-9.1
6031,115717.0,False,255.4,7.6000000000000005,-10.0
6032,115733.0,False,255.20000000000002,7.6000000000000005,-10.100000000000001
6033,115748.0,False,254.9,7.800000000000001,-10.200000000000001
6034,115765.0,False,254.8,8.0,-10.200000000000001
6035,115782.0,False,254.4,8.5,-10.100000000000001
6036,115800.0,False,254.10000000000002,9.200000000000001,-10.100000000000001
6037,115817.0,False,253.9,10.0,-10.3
6038,115834.0,False,253.8,10.4,-10.5
6039,115849.0,False,253.70000000000002,11.100000000000001,-10.9
6040,115865.0,False,253.70000000000002,11.600000000000001,-11.100000000000001
6041,115882.0,False,253.8,11.8,-11.100000000000001
6042,115899.0,False,254.0,12.200000000000001,-11.200000000000001
6043,115918.0,False,254.3,12.5,-11.3
6044,115932.0,False,254.5,12.600000000000001,-11.3
6045,115948.0,False,254.70000000000002,12.600000000000001,-11.3
6046,115966.0,False,255.10000000000002,12.100000000000001,-10.600000000000001
6047,115982.0,False,255.3,11.9,-10.200000000000001
6048,115998.0,False,255.70000000000002,11.5,-9.3
6049,116016.0,False,256.2,11.3,-8.6
6050,116034.0,False,256.5,11.3,-8.3
6051,116048.0,False,257.0,11.4,-8.1
6052,116065.0,False,257.5,11.4,-7.9
6053,116082.0,False,257.7,11.4,-7.800000000000001
6054,116105.0,False,258.5,11.100000000000001,-7.5
6055,116117.0,False,258.90000000000003,11.0,-7.300000000000001
6056,116132.0,False,259.2,10.8,-7.1000000000000005
6057,116148.0,False,260.0,10.4,-6.7
6058,116165.0,False,260.90000000000003,9.9,-6.300000000000001
6059,116184.0,False,261.8,9.200000000000001,-6.0
6060,116199.0,False,262.40000000000003,8.8,-5.9
6061,116219.0,False,263.40000000000003,7.9,-5.7
6062,116234.0,False,264.40000000000003,7.2,-5.6000000000000005
6063,116249.0,False,264.90000000000003,6.800000000000001,-5.6000000000000005
6064,116265.0,False,265.90000000000003,6.1000000000000005,-5.4
6065,116282.0,False,266.40000000000003,5.800000000000001,-5.300000000000001
6066,116301.0,False,267.40000000000003,5.300000000000001,-5.0
6067,116316.0,False,268.40000000000003,4.800000000000001,-4.7
6068,116333.0,False,269.40000000000003,4.3,-4.2
6069,116351.0,False,269.8,4.1000000000000005,-4.0
6070,116365.0,False,270.6,3.8000000000000003,-3.5
6071,116381.0,False,271.5,3.6,-3.0
6072,116398.0,False,271.8,3.6,-2.8000000000000003
6073,116415.0,False,272.5,3.6,-2.6
6074,116431.0,False,273.0,3.8000000000000003,-2.5
6075,116448.0,False,273.2,3.9000000000000004,-2.5
6076,116467.0,False,273.6,4.2,-2.6
6077,116482.0,False,273.8,4.4,-2.6
6078,116498.0,False,273.90000000000003,4.5,-2.6
6079,116517.0,False,274.0,4.800000000000001,-2.5
6080,116533.0,False,274.0,5.0,-2.5
6081,116549.0,False,274.0,5.5,-2.3000000000000003
6082,116582.0,False,273.90000000000003,6.300000000000001,-2.0
6083,116599.0,False,273.90000000000003,6.5,-2.1
6084,116615.0,False,273.8,6.800000000000001,-2.5
6085,116634.0,False,273.6,6.9,-3.4000000000000004
6086,116653.0,False,273.3,6.800000000000001,-4.3
6087,116667.0,False,273.1,6.800000000000001,-4.7
6088,116681.0,False,272.6,6.800000000000001,-5.6000000000000005
6089,116699.0,False,271.8,6.9,-6.300000000000001
6090,116717.0,False,271.3,7.0,-6.4
6091,116731.0,False,270.3,7.4,-6.5
6092,116748.0,False,269.1,7.9,-6.300000000000001
6093,116764.0,False,268.5,8.200000000000001,-6.2
6094,116783.0,False,267.3,8.6,-6.0
6095,116798.0,False,266.2,8.8,-6.0
6096,116816.0,False,265.7,8.9,-6.1000000000000005
6097,116832.0,False,264.7,8.8,-6.7
6098,116848.0,False,263.5,8.700000000000001,-7.5
6099,116865.0,False,262.90000000000003,8.700000000000001,-8.0
6100,116881.0,False,261.7,8.700000000000001,-9.0
6101,116900.0,False,260.5,8.8,-9.9
6102,116917.0,False,259.40000000000003,8.9,-10.600000000000001
6103,116931.0,False,259.0,8.9,-10.8
6104,116949.0,False,258.1,9.0,-11.0
6105,116965.0,False,257.7,9.0,-11.0
6106,116982.0,False,256.8,9.200000000000001,-10.9
6107,117003.0,False,256.0,9.600000000000001,-10.700000000000001
6108,117015.0,False,255.60000000000002,9.9,-10.700000000000001
6109,117033.0,False,254.9,10.4,-10.600000000000001
6110,117048.0,False,254.4,10.9,-10.5
6111,117065.0,False,254.10000000000002,11.0,-10.5
6112,117083.0,False,253.70000000000002,11.100000000000001,-10.200000000000001
6113,117099.0,False,253.5,10.9,-9.9
6114,117115.0,False,253.4,10.700000000000001,-9.700000000000001
6115,117133.0,False,253.3,10.200000000000001,-9.3
6116,117149.0,False,253.20000000000002,9.700000000000001,-8.8
6117,117170.0,False,253.10000000000002,9.1,-8.0
6118,117182.0,False,253.10000000000002,8.9,-7.6000000000000005
6119,117201.0,False,253.10000000000002,8.4,-6.4
6120,117216.0,False,253.3,8.200000000000001,-5.7
6121,117232.0,False,253.60000000000002,8.0,-4.6000000000000005
6122,117249.0,False,253.9,8.1,-4.3
6123,117265.0,False,254.10000000000002,8.4,-4.4
6124,117282.0,False,254.10000000000002,8.6,-4.5
6125,117298.0,False,254.4,8.9,-4.6000000000000005
6126,117315.0,False,254.60000000000002,9.0,-4.6000000000000005
6127,117331.0,False,255.20000000000002,9.1,-4.7
6128,117348.0,False,255.9,8.9,-4.7
6129,117367.0,False,256.8,8.4,-4.5
6130,117382.0,False,257.3,8.0,-4.3
6131,117398.0,False,258.3,7.300000000000001,-3.7
6132,117419.0,False,259.5,6.7,-3.1
6133,117433.0,False,260.1,6.300000000000001,-2.8000000000000003
6134,117448.0,False,261.3,5.7,-2.1
6135,117468.0,False,262.40000000000003,5.2,-1.5
6136,117483.0,False,262.90000000000003,5.0,-1.3
6137,117500.0,False,264.0,4.6000000000000005,-1.1
6138,117516.0,False,265.0,4.4,-1.2000000000000002
6139,117535.0,False,266.0,4.1000000000000005,-1.4000000000000001
6140,117548.0,False,266.5,3.9000000000000004,-1.6
6141,117565.0,False,267.3,3.7,-1.8
6142,117582.0,False,267.6,3.6,-1.9000000000000001
6143,117610.0,False,268.6,3.5,-1.6
6144,117618.0,False,268.90000000000003,3.5,-1.5
6145,117635.0,False,269.40000000000003,3.6,-1.1
6146,117649.0,False,269.6,3.6,-0.8
6147,117666.0,False,269.90000000000003,3.7,-0.2
6148,117683.0,False,270.1,3.9000000000000004,0.4
6149,117699.0,False,270.2,4.0,0.6000000000000001
6150,117715.0,False,270.40000000000003,4.2,1.1
6151,117732.0,False,270.6,4.3,1.5
6152,117751.0,False,270.7,4.4,1.6
6153,117766.0,False,270.90000000000003,4.6000000000000005,1.5
6154,117782.0,False,271.0,4.9,1.0
6155,117812.0,False,270.90000000000003,5.6000000000000005,-0.5
6156,117834.0,False,270.7,6.0,-1.5
6157,117850.0,False,270.5,6.300000000000001,-2.0
6158,117865.0,False,270.0,6.800000000000001,-2.9000000000000004
6159,117882.0,False,269.40000000000003,7.5,-3.7
6160,117898.0,False,269.0,7.800000000000001,-3.9000000000000004
6161,117915.0,False,268.1,8.5,-4.3
6162,117931.0,False,267.1,9.1,-4.4
6163,117948.0,False,266.6,9.4,-4.4
6164,117965.0,False,265.6,9.9,-4.6000000000000005
6165,117982.0,False,264.6,10.3,-4.800000000000001
6166,117998.0,False,264.1,10.3,-5.0
6167,118021.0,False,262.7,9.9,-6.1000000000000005
6168,118031.0,False,262.3,9.600000000000001,-6.6000000000000005
6169,118048.0,False,261.90000000000003,9.1,-7.300000000000001
6170,118066.0,False,261.2,8.1,-9.0
6171,118082.0,False,260.6,7.2,-10.8
6172,118099.0,False,260.2,6.800000000000001,-11.700000000000001
6173,118115.0,False,259.5,6.5,-13.200000000000001
6174,118131.0,False,258.90000000000003,6.6000000000000005,-14.200000000000001
6175,118148.0,False,258.6,6.800000000000001,-14.4
6176,118165.0,False,258.2,7.6000000000000005,-14.100000000000001
6177,118183.0,False,258.0,8.6,-13.4
6178,118200.0,False,257.90000000000003,9.200000000000001,-12.9
6179,118215.0,False,257.8,10.4,-11.8
6180,118231.0,False,257.7,11.4,-11.0
6181,118248.0,False,257.7,12.0,-10.5
6182,118265.0,False,257.7,12.200000000000001,-10.4
6183,118283.0,False,257.6,12.0,-10.5
6184,118299.0,False,257.6,11.4,-10.600000000000001
6185,118316.0,False,257.6,10.9,-10.5
6186,118331.0,False,257.7,10.0,-9.9
6187,118349.0,False,257.90000000000003,9.200000000000001,-8.8
6188,118365.0,False,258.1,8.8,-8.1
6189,118382.0,False,258.40000000000003,8.5,-6.7
6190,118398.0,False,258.8,8.4,-5.5
6191,118431.0,False,259.5,8.6,-3.8000000000000003
6192,118448.0,False,259.7,8.700000000000001,-3.4000000000000004
6193,118467.0,False,260.6,8.700000000000001,-2.4000000000000004
6194,118481.0,False,261.0,8.8,-2.3000000000000003
6195,118503.0,False,261.8,8.700000000000001,-2.3000000000000003
6196,118517.0,False,262.3,8.6,-2.4000000000000004
6197,118534.0,False,263.3,8.5,-2.7
6198,118550.0,False,264.40000000000003,8.200000000000001,-3.0
6199,118565.0,False,265.0,8.1,-3.2
6200,118581.0,False,266.3,7.9,-3.3000000000000003
6201,118598.0,False,267.6,7.6000000000000005,-3.3000000000000003
6202,118615.0,False,268.3,7.4,-3.2
6203,118632.0,False,269.7,7.0,-2.9000000000000004
6204,118648.0,False,271.1,6.6000000000000005,-2.4000000000000004
6205,118667.0,False,272.5,6.2,-1.8
6206,118683.0,False,273.1,6.1000000000000005,-1.4000000000000001
6207,118698.0,False,273.8,5.9,-1.0
6208,118717.0,False,275.0,5.6000000000000005,-0.30000000000000004
6209,118732.0,False,276.2,5.1000000000000005,0.5
6210,118748.0,False,277.40000000000003,4.5,1.3
6211,118765.0,False,278.40000000000003,4.1000000000000005,2.0
6212,118782.0,False,278.90000000000003,3.9000000000000004,2.4000000000000004
6213,118798.0,False,279.7,3.7,2.7
6214,118828.0,False,280.40000000000003,3.8000000000000003,2.6
6215,118848.0,False,280.5,3.9000000000000004,2.6
6216,118865.0,False,280.6,4.0,2.6
6217,118884.0,False,280.6,4.1000000000000005,2.6
6218,118900.0,False,280.7,4.1000000000000005,2.5
6219,118915.0,False,280.7,4.1000000000000005,2.2
6220,118932.0,False,280.6,4.1000000000000005,1.9000000000000001
6221,118948.0,False,280.5,4.2,1.4000000000000001
6222,118965.0,False,280.2,4.5,0.9
6223,118981.0,False,280.0,4.7,0.6000000000000001
6224,118998.0,False,279.6,5.1000000000000005,0.0
6225,119021.0,False,279.0,5.6000000000000005,-0.8
6226,119031.0,False,278.6,5.800000000000001,-1.1
6227,119049.0,False,277.8,6.300000000000001,-1.8
6228,119067.0,False,276.8,6.7,-2.2
6229,119083.0,False,275.8,7.0,-2.5
6230,119101.0,False,275.2,7.2,-2.5
6231,119125.0,False,273.5,7.7,-2.6
6232,119151.0,False,272.40000000000003,8.1,-2.8000000000000003
6233,119165.0,False,271.1,8.4,-3.3000000000000003
6234,119181.0,False,269.7,8.700000000000001,-4.0
6235,119199.0,False,269.0,8.8,-4.4
6236,119223.0,False,266.90000000000003,9.200000000000001,-6.0
6237,119248.0,False,265.7,9.3,-7.1000000000000005
6238,119265.0,False,264.6,9.4,-8.200000000000001
6239,119283.0,False,263.5,9.5,-9.1
6240,119301.0,False,262.5,9.700000000000001,-9.9
6241,119324.0,False,261.6,10.0,-10.3
6242,119348.0,False,260.90000000000003,10.5,-10.600000000000001
6243,119365.0,False,260.2,11.100000000000001,-10.700000000000001
6244,119383.0,False,259.7,11.5,-10.700000000000001
6245,119400.0,False,259.5,11.700000000000001,-10.600000000000001
6246,119424.0,False,259.1,11.700000000000001,-10.100000000000001
6247,119431.0,False,259.1,11.700000000000001,-9.9
6248,119465.0,False,259.3,11.3,-9.600000000000001
6249,119483.0,False,259.6,10.700000000000001,-9.3
6250,119500.0,False,259.7,10.3,-9.200000000000001
6251,119525.0,False,260.5,9.200000000000001,-8.6
6252,119531.0,False,260.8,8.9,-8.5
6253,119549.0,False,261.1,8.6,-8.4
6254,119564.0,False,261.8,8.200000000000001,-8.3
6255,119581.0,False,262.40000000000003,7.800000000000001,-8.3
6256,119600.0,False,262.8,7.7,-8.4
6257,119620.0,False,263.1,7.800000000000001,-8.4
6258,119631.0,False,263.3,8.0,-8.3
6259,119648.0,False,263.7,8.3,-8.200000000000001
6260,119665.0,False,264.0,8.5,-8.1
6261,119683.0,False,264.5,8.8,-7.9
6262,119698.0,False,264.8,8.9,-7.800000000000001
6263,119723.0,False,265.90000000000003,9.1,-7.300000000000001
6264,119731.0,False,266.3,9.0,-7.1000000000000005
6265,119748.0,False,267.40000000000003,8.700000000000001,-6.800000000000001
6266,119765.0,False,268.0,8.5,-6.7
6267,119783.0,False,269.3,7.9,-6.5
6268,119800.0,False,270.6,7.1000000000000005,-6.4
6269,119826.0,False,272.6,5.800000000000001,-6.2
6270,119849.0,False,273.90000000000003,5.1000000000000005,-6.0
6271,119867.0,False,275.0,4.5,-5.800000000000001
6272,119883.0,False,275.5,4.3,-5.6000000000000005
6273,119898.0,False,276.3,4.0,-5.1000000000000005
6274,119930.0,False,277.2,4.0,-4.2
6275,119949.0,False,277.6,4.2,-3.7
6276,119965.0,False,277.8,4.4,-3.4000000000000004
6277,119983.0,False,277.90000000000003,4.6000000000000005,-3.3000000000000003
6278,120001.0,False,278.0,4.7,-3.0
6279,120020.0,False,278.1,4.800000000000001,-2.6
6280,120031.0,False,278.2,4.9,-2.5
6281,120066.0,False,278.0,5.0,-2.7
6282,120085.0,False,277.8,5.1000000000000005,-2.9000000000000004
6283,120205.0,False,274.5,7.300000000000001,-6.6000000000000005
6284,120216.0,False,274.0,7.6000000000000005,-6.800000000000001
6285,120235.0,False,272.90000000000003,8.3,-7.1000000000000005
6286,120248.0,False,272.3,8.6,-7.1000000000000005
6287,120264.0,False,271.1,9.200000000000001,-7.1000000000000005
6288,120285.0,False,269.8,9.700000000000001,-6.9
6289,120298.0,False,269.2,9.9,-6.800000000000001
6290,120316.0,False,267.90000000000003,10.3,-6.7
6291,120333.0,False,266.7,10.8,-6.7
6292,120349.0,False,266.2,11.100000000000001,-6.800000000000001
6293,120364.0,False,265.2,11.700000000000001,-7.300000000000001
6294,120382.0,False,264.7,11.9,-7.7
6295,120398.0,False,263.8,12.4,-8.5
6296,120419.0,False,263.0,12.700000000000001,-9.5
6297,120434.0,False,262.2,12.9,-10.4
6298,120448.0,False,261.8,12.9,-10.9
6299,120464.0,False,260.90000000000003,12.9,-11.600000000000001
6300,120483.0,False,260.2,12.9,-12.200000000000001
6301,120500.0,False,259.90000000000003,12.8,-12.3
6302,120525.0,False,259.0,12.8,-12.3
6303,120533.0,False,258.7,12.8,-12.200000000000001
6304,120548.0,False,258.40000000000003,12.9,-12.0
6305,120565.0,False,257.90000000000003,13.200000000000001,-11.700000000000001
6306,120584.0,False,257.40000000000003,13.5,-11.5
6307,120599.0,False,257.2,13.600000000000001,-11.3
6308,120626.0,False,256.6,13.600000000000001,-10.700000000000001
6309,120632.0,False,256.5,13.600000000000001,-10.4
6310,120648.0,False,256.40000000000003,13.5,-10.200000000000001
6311,120668.0,False,256.2,13.3,-9.8
6312,120684.0,False,256.1,13.0,-9.4
6313,120699.0,False,256.0,12.8,-9.1
6314,120718.0,False,256.0,12.100000000000001,-8.4
6315,120731.0,False,256.1,11.3,-7.6000000000000005
6316,120752.0,False,256.3,10.600000000000001,-6.7
6317,120766.0,False,256.6,10.4,-6.300000000000001
6318,120781.0,False,257.0,10.0,-5.800000000000001
6319,120800.0,False,257.40000000000003,9.8,-5.5
6320,120818.0,False,257.6,9.8,-5.300000000000001
6321,120832.0,False,257.90000000000003,9.600000000000001,-4.9
6322,120848.0,False,258.1,9.600000000000001,-4.7
6323,120864.0,False,258.6,9.3,-4.2
6324,120883.0,False,259.2,9.0,-3.8000000000000003
6325,120898.0,False,259.5,8.8,-3.6
6326,120915.0,False,260.3,8.4,-3.4000000000000004
6327,120936.0,False,261.2,7.9,-3.4000000000000004
6328,120951.0,False,262.1,7.300000000000001,-3.4000000000000004
6329,120965.0,False,262.6,7.0,-3.4000000000000004
6330,120985.0,False,263.7,6.4,-3.3000000000000003
6331,120998.0,False,264.8,5.800000000000001,-3.1
6332,121018.0,False,265.90000000000003,5.300000000000001,-3.0
6333,121031.0,False,266.40000000000003,5.1000000000000005,-2.9000000000000004
6334,121049.0,False,267.40000000000003,4.5,-2.6
6335,121067.0,False,267.90000000000003,4.3,-2.4000000000000004
6336,121082.0,False,268.90000000000003,3.9000000000000004,-2.1
6337,121103.0,False,269.7,3.7,-1.9000000000000001
6338,121123.0,False,270.40000000000003,3.6,-1.6
6339,121131.0,False,270.7,3.5,-1.5
6340,121151.0,False,271.2,3.6,-1.3
6341,121166.0,False,271.40000000000003,3.7,-1.2000000000000002
6342,121187.0,False,271.7,3.9000000000000004,-1.1
6343,121220.0,False,271.8,4.2,-0.9
6344,121235.0,False,271.90000000000003,4.3,-0.9
6345,121253.0,False,271.90000000000003,4.4,-0.9
6346,121267.0,False,271.90000000000003,4.5,-1.1
6347,121299.0,False,271.90000000000003,4.2,-1.1
6348,121320.0,False,271.90000000000003,3.9000000000000004,-0.9
6349,121349.0,False,272.0,4.2,-0.9
6350,121365.0,False,271.8,4.800000000000001,-1.1
6351,121381.0,False,271.6,5.2,-1.3
6352,121398.0,False,271.0,6.0,-1.6
6353,121421.0,False,270.3,6.800000000000001,-2.0
6354,121431.0,False,270.0,7.2,-2.3000000000000003
6355,121449.0,False,269.6,7.6000000000000005,-2.5
6356,121464.0,False,268.5,8.3,-3.2
6357,121483.0,False,268.0,8.5,-3.4000000000000004
6358,121498.0,False,267.1,8.8,-3.6
6359,121515.0,False,266.7,8.9,-3.6
6360,121534.0,False,265.3,9.5,-3.9000000000000004
6361,121549.0,False,264.90000000000003,9.600000000000001,-4.0
6362,121564.0,False,263.90000000000003,9.9,-4.4
6363,121585.0,False,263.0,10.0,-4.800000000000001
6364,121599.0,False,262.5,10.0,-5.1000000000000005
6365,121644.0,False,260.5,9.8,-6.1000000000000005
6366,121669.0,False,259.8,9.8,-6.2
6367,121687.0,False,259.1,9.8,-6.300000000000001
6368,121699.0,False,258.8,9.9,-6.2
6369,121716.0,False,258.1,10.200000000000001,-6.0
6370,121731.0,False,257.8,10.4,-5.800000000000001
6371,121749.0,False,257.40000000000003,10.8,-5.4
6372,121764.0,False,257.1,11.100000000000001,-5.1000000000000005
6373,121783.0,False,256.90000000000003,11.200000000000001,-4.7
6374,121798.0,False,256.8,11.200000000000001,-4.5
6375,121814.0,False,256.8,10.9,-4.0
6376,121837.0,False,256.90000000000003,10.600000000000001,-3.7
6377,121849.0,False,257.0,10.4,-3.6
6378,121864.0,False,257.1,10.0,-3.1
6379,121882.0,False,257.3,9.5,-2.5
6380,121898.0,False,257.40000000000003,9.3,-2.2
6381,121924.0,False,257.8,9.0,-1.6
6382,121933.0,False,258.2,8.700000000000001,-1.1
6383,121948.0,False,258.40000000000003,8.6,-1.0
6384,121965.0,False,258.8,8.4,-1.0
6385,121981.0,False,259.1,8.3,-1.1
6386,121999.0,False,259.2,8.3,-1.2000000000000002
6387,122014.0,False,259.5,8.3,-1.4000000000000001
6388,122032.0,False,259.8,8.3,-1.6
6389,122048.0,False,260.0,8.3,-1.7000000000000002
6390,122066.0,False,260.3,8.200000000000001,-1.9000000000000001
6391,122081.0,False,260.7,8.200000000000001,-2.1
6392,122098.0,False,260.90000000000003,8.200000000000001,-2.2
6393,122117.0,False,261.40000000000003,8.200000000000001,-2.4000000000000004
6394,122134.0,False,262.0,8.1,-2.6
6395,122149.0,False,262.40000000000003,8.0,-2.7
6396,122165.0,False,263.2,7.7,-2.8000000000000003
6397,122184.0,False,264.0,7.1000000000000005,-2.8000000000000003
6398,122199.0,False,264.5,6.7,-2.8000000000000003
6399,122222.0,False,265.90000000000003,5.800000000000001,-2.6
6400,122233.0,False,266.3,5.5,-2.6
6401,122250.0,False,266.90000000000003,5.0,-2.5
6402,122265.0,False,267.2,4.800000000000001,-2.4000000000000004
6403,122284.0,False,267.6,4.5,-2.2
6404,122300.0,False,268.0,4.4,-2.1
6405,122320.0,False,268.1,4.4,-2.0
6406,122349.0,False,268.0,4.6000000000000005,-1.9000000000000001
6407,122365.0,False,267.90000000000003,4.7,-1.8
6408,122383.0,False,267.8,4.9,-1.6
6409,122400.0,False,267.7,5.1000000000000005,-1.4000000000000001
6410,122421.0,False,267.6,5.2,-1.2000000000000002
6411,122431.0,False,267.5,5.2,-1.2000000000000002
6412,122465.0,False,267.2,5.1000000000000005,-1.1
6413,122483.0,False,267.1,4.9,-0.9
6414,122499.0,False,267.1,4.7,-0.5
6415,122523.0,False,267.1,4.9,-0.2
6416,122533.0,False,267.0,5.1000000000000005,-0.1
6417,122549.0,False,266.7,5.9,-0.5
6418,122565.0,False,266.40000000000003,6.300000000000001,-0.8
6419,122583.0,False,265.8,7.2,-1.6
6420,122598.0,False,265.0,7.9,-2.2
6421,122621.0,False,264.40000000000003,8.5,-2.7
6422,122632.0,False,264.1,8.700000000000001,-2.8000000000000003
6423,122648.0,False,263.40000000000003,9.1,-3.1
6424,122665.0,False,263.1,9.3,-3.2
6425,122681.0,False,262.40000000000003,9.5,-3.1
6426,122700.0,False,262.0,9.600000000000001,-3.0
6427,122718.0,False,261.0,9.9,-2.8000000000000003
6428,122731.0,False,260.7,10.0,-2.7
6429,122748.0,False,260.0,10.3,-2.9000000000000004
6430,122765.0,False,259.3,10.8,-3.2
6431,122783.0,False,258.90000000000003,11.0,-3.5
6432,122800.0,False,258.1,11.4,-3.9000000000000004
6433,122817.0,False,257.40000000000003,11.700000000000001,-4.3
6434,122831.0,False,257.1,11.8,-4.5
6435,122848.0,False,256.5,12.0,-4.7
6436,122867.0,False,256.2,12.100000000000001,-4.9
6437,122903.0,False,256.0,12.200000000000001,-5.0
6438,122931.0,False,256.0,12.4,-5.1000000000000005
6439,122950.0,False,256.1,12.700000000000001,-5.1000000000000005
6440,122965.0,False,256.3,13.0,-4.9
6441,122981.0,False,256.40000000000003,13.100000000000001,-4.800000000000001
6442,122998.0,False,256.7,13.4,-4.5
6443,123014.0,False,257.1,13.5,-4.3
6444,123033.0,False,257.5,13.600000000000001,-4.3
6445,123048.0,False,257.7,13.5,-4.3
6446,123065.0,False,258.0,13.200000000000001,-3.9000000000000004
6447,123084.0,False,258.40000000000003,12.8,-3.4000000000000004
6448,123098.0,False,258.7,12.600000000000001,-3.1
6449,123115.0,False,259.3,12.3,-2.5
6450,123131.0,False,259.6,12.200000000000001,-2.2
6451,123149.0,False,260.3,12.0,-2.0
6452,123164.0,False,260.7,11.8,-1.9000000000000001
6453,123182.0,False,260.8,11.700000000000001,-1.9000000000000001
6454,123211.0,False,261.0,11.600000000000001,-1.9000000000000001
6455,123215.0,False,261.0,11.5,-1.9000000000000001
6456,123231.0,False,261.1,11.5,-1.8
6457,123248.0,False,261.2,11.3,-1.5
6458,123266.0,False,261.5,11.100000000000001,-1.2000000000000002
6459,123281.0,False,261.8,10.8,-0.9
6460,123298.0,False,262.1,10.700000000000001,-0.8
6461,123318.0,False,262.7,10.3,-0.6000000000000001
6462,123331.0,False,263.5,9.9,-0.5
6463,123348.0,False,263.90000000000003,9.700000000000001,-0.5
6464,123365.0,False,265.0,9.200000000000001,-0.4
6465,123382.0,False,266.2,8.6,-0.1
6466,123399.0,False,266.8,8.4,0.0
6467,123414.0,False,268.1,7.9,0.30000000000000004
6468,123434.0,False,269.40000000000003,7.5,0.5
6469,123448.0,False,270.1,7.300000000000001,0.5
6470,123466.0,False,271.3,6.9,0.5
6471,123482.0,False,272.2,6.6000000000000005,0.6000000000000001
6472,123498.0,False,272.7,6.5,0.6000000000000001
6473,123515.0,False,273.40000000000003,6.4,0.5
6474,123531.0,False,274.0,6.6000000000000005,0.4
6475,123553.0,False,274.40000000000003,6.7,0.30000000000000004
6476,123564.0,False,274.6,6.800000000000001,0.30000000000000004
6477,123581.0,False,274.90000000000003,6.800000000000001,0.30000000000000004
6478,123601.0,False,275.1,6.7,0.5
6479,123618.0,False,275.1,6.7,0.6000000000000001
6480,123631.0,False,275.3,6.6000000000000005,0.7000000000000001
6481,123648.0,False,275.3,6.5,0.7000000000000001
6482,123666.0,False,275.3,6.5,0.5
6483,123683.0,False,275.1,6.7,0.0
6484,123698.0,False,275.0,6.800000000000001,-0.30000000000000004
6485,123714.0,False,274.5,7.1000000000000005,-1.0
6486,123731.0,False,273.90000000000003,7.4,-1.7000000000000002
6487,123748.0,False,273.2,7.9,-2.3000000000000003
6488,123766.0,False,272.8,8.200000000000001,-2.6
6489,123781.0,False,271.8,8.700000000000001,-3.2
6490,123798.0,False,270.7,9.3,-3.7
6491,123814.0,False,270.1,9.5,-3.9000000000000004
6492,123832.0,False,268.90000000000003,9.700000000000001,-4.2
6493,123848.0,False,267.6,9.700000000000001,-4.0
6494,123864.0,False,267.0,9.700000000000001,-3.9000000000000004
6495,123883.0,False,265.8,9.600000000000001,-3.7
6496,123898.0,False,264.40000000000003,9.700000000000001,-3.6
6497,123914.0,False,263.6,9.8,-3.7
6498,123932.0,False,261.90000000000003,10.100000000000001,-4.0
6499,123948.0,False,260.1,10.4,-4.6000000000000005
6500,123966.0,False,258.2,10.8,-5.1000000000000005
6501,123981.0,False,257.3,10.9,-5.4
6502,124005.0,False,255.5,11.100000000000001,-5.9
6503,124016.0,False,253.70000000000002,11.3,-6.4
6504,124033.0,False,252.9,11.3,-6.6000000000000005
6505,124048.0,False,251.3,11.4,-6.9
6506,124066.0,False,249.9,11.700000000000001,-7.1000000000000005
6507,124082.0,False,249.20000000000002,11.9,-7.300000000000001
6508,124099.0,False,247.8,12.3,-7.6000000000000005
6509,124114.0,False,247.10000000000002,12.5,-7.7
6510,124133.0,False,245.9,12.8,-7.800000000000001
6511,124148.0,False,244.70000000000002,13.200000000000001,-7.9
6512,124164.0,False,244.10000000000002,13.3,-8.0
6513,124183.0,False,243.0,13.600000000000001,-8.1
6514,124198.0,False,242.5,13.600000000000001,-8.200000000000001
6515,124214.0,False,241.5,13.5,-8.1
6516,124233.0,False,240.5,13.0,-7.7
6517,124250.0,False,239.60000000000002,12.3,-6.800000000000001
6518,124265.0,False,239.0,11.8,-6.0
6519,124284.0,False,238.70000000000002,11.600000000000001,-5.6000000000000005
6520,124299.0,False,238.10000000000002,11.3,-5.2
6521,124316.0,False,237.4,11.200000000000001,-5.0
6522,124331.0,False,237.0,11.100000000000001,-4.9
6523,124350.0,False,236.10000000000002,11.100000000000001,-4.7
6524,124364.0,False,235.3,11.200000000000001,-4.5
6525,124382.0,False,234.9,11.4,-4.3
6526,124398.0,False,234.20000000000002,11.700000000000001,-3.8000000000000003
6527,124414.0,False,233.5,12.100000000000001,-3.1
6528,124436.0,False,233.0,12.3,-2.4000000000000004
6529,124449.0,False,232.9,12.3,-2.2
6530,124464.0,False,232.60000000000002,12.200000000000001,-2.1
6531,124482.0,False,232.5,12.0,-2.2
6532,124498.0,False,232.3,11.600000000000001,-2.5
6533,124514.0,False,232.10000000000002,10.9,-2.7
6534,124535.0,False,232.0,10.3,-2.8000000000000003
6535,124548.0,False,231.9,10.100000000000001,-2.8000000000000003
6536,124566.0,False,231.70000000000002,9.700000000000001,-2.8000000000000003
6537,124582.0,False,231.20000000000002,9.3,-2.7
6538,124600.0,False,230.9,9.1,-2.5
6539,124624.0,False,229.70000000000002,9.0,-1.7000000000000002
6540,124631.0,False,229.20000000000002,9.0,-1.4000000000000001
6541,124650.0,False,228.8,9.0,-1.1
6542,124666.0,False,227.9,8.8,-0.4
6543,124682.0,False,226.9,8.4,0.0
6544,124705.0,False,226.3,8.1,0.2
6545,124715.0,False,225.10000000000002,7.2,0.5
6546,124731.0,False,223.70000000000002,6.2,1.0
6547,124751.0,False,222.20000000000002,5.5,1.9000000000000001
6548,124765.0,False,221.4,5.300000000000001,2.4000000000000004
6549,124781.0,False,219.60000000000002,5.6000000000000005,3.6
6550,124802.0,False,217.5,6.4,4.6000000000000005
6551,124815.0,False,216.5,7.0,4.9
6552,124833.0,False,215.4,7.5,5.1000000000000005
6553,124849.0,False,213.60000000000002,8.5,5.0
6554,124865.0,False,212.10000000000002,9.200000000000001,4.1000000000000005
6555,124883.0,False,210.9,9.5,2.9000000000000004
6556,124902.0,False,209.8,9.600000000000001,1.7000000000000002
6557,124914.0,False,209.4,9.8,1.3
6558,124931.0,False,208.5,10.100000000000001,0.6000000000000001
6559,124952.0,False,207.60000000000002,10.600000000000001,0.2
6560,124966.0,False,207.20000000000002,10.9,0.2
6561,124981.0,False,206.3,11.3,0.30000000000000004
6562,125004.0,False,205.5,11.600000000000001,0.5
6563,125014.0,False,205.20000000000002,11.700000000000001,0.6000000000000001
6564,125032.0,False,204.5,11.8,0.6000000000000001
6565,125050.0,False,203.9,12.0,0.30000000000000004
6566,125064.0,False,203.5,12.100000000000001,0.0
6567,125082.0,False,202.9,12.4,-0.8
6568,125098.0,False,202.10000000000002,12.700000000000001,-1.6
6569,125121.0,False,201.5,13.200000000000001,-2.5
6570,125131.0,False,201.20000000000002,13.600000000000001,-3.0
6571,125151.0,False,200.60000000000002,14.3,-3.9000000000000004
6572,125165.0,False,200.4,14.700000000000001,-4.3
6573,125181.0,False,200.10000000000002,15.5,-5.1000000000000005
6574,125199.0,False,200.0,15.9,-5.6000000000000005
6575,125214.0,False,200.0,16.6,-6.5
6576,125231.0,False,200.20000000000002,17.3,-7.7
6577,125249.0,False,200.60000000000002,17.900000000000002,-9.1
6578,125265.0,False,200.8,18.2,-9.8
6579,125281.0,False,201.3,18.5,-11.100000000000001
6580,125299.0,False,201.8,18.6,-12.200000000000001
6581,125324.0,False,202.4,18.400000000000002,-13.0
6582,125331.0,False,202.60000000000002,18.2,-13.200000000000001
6583,125348.0,False,202.9,17.8,-13.3
6584,125367.0,False,202.70000000000002,17.400000000000002,-12.9
6585,125382.0,False,202.4,17.2,-12.4
6586,125398.0,False,201.60000000000002,16.7,-10.700000000000001
6587,125425.0,False,200.70000000000002,16.3,-8.200000000000001
6588,125432.0,False,200.20000000000002,16.2,-7.0
6589,125448.0,False,199.5,16.0,-4.800000000000001
6590,125467.0,False,199.10000000000002,16.1,-4.0
6591,125488.0,False,197.9,16.1,-2.5
6592,125498.0,False,197.5,16.0,-2.0
6593,125522.0,False,196.9,15.600000000000001,-0.9
6594,125531.0,False,196.8,15.3,-0.30000000000000004
6595,125549.0,False,197.0,14.8,0.8
6596,125565.0,False,197.20000000000002,14.4,1.3
6597,125581.0,False,197.9,13.600000000000001,2.1
6598,125598.0,False,198.8,12.5,2.6
6599,125621.0,False,199.70000000000002,11.600000000000001,2.8000000000000003
6600,125631.0,False,200.20000000000002,11.100000000000001,2.9000000000000004
6601,125648.0,False,200.9,10.4,3.0
6602,125667.0,False,201.4,10.0,3.1
6603,125698.0,False,201.60000000000002,9.700000000000001,3.3000000000000003
6604,125718.0,False,201.60000000000002,9.600000000000001,3.6
6605,125731.0,False,201.60000000000002,9.600000000000001,3.7
6606,125749.0,False,201.4,9.5,3.7
6607,125766.0,False,201.10000000000002,9.4,3.7
6608,125781.0,False,200.9,9.4,3.7
6609,125798.0,False,200.4,9.5,3.6
6610,125824.0,False,199.70000000000002,9.600000000000001,3.3000000000000003
6611,125850.0,False,199.20000000000002,9.700000000000001,3.1
6612,125866.0,False,198.70000000000002,9.600000000000001,2.9000000000000004
6613,125883.0,False,198.3,9.5,2.9000000000000004
6614,125898.0,False,198.10000000000002,9.5,2.9000000000000004
6615,125923.0,False,197.8,9.4,2.9000000000000004
6616,125934.0,False,197.3,9.600000000000001,2.6
6617,125948.0,False,197.10000000000002,9.700000000000001,2.4000000000000004
6618,125965.0,False,196.5,9.9,1.8
6619,125982.0,False,196.20000000000002,10.0,1.4000000000000001
6620,125999.0,False,195.70000000000002,10.200000000000001,0.6000000000000001
6621,126020.0,False,195.3,10.100000000000001,-0.1
6622,126031.0,False,195.0,9.9,-0.4
6623,126067.0,False,194.9,9.9,-0.6000000000000001
6624,126081.0,False,194.8,10.3,-0.9
6625,126098.0,False,194.70000000000002,10.600000000000001,-1.1
6626,126122.0,False,194.20000000000002,11.700000000000001,-1.9000000000000001
6627,126150.0,False,193.8,12.4,-2.5
6628,126164.0,False,193.70000000000002,13.200000000000001,-3.3000000000000003
6629,126181.0,False,193.8,13.8,-4.4
6630,126197.0,False,193.9,14.0,-5.0
6631,126219.0,False,194.10000000000002,14.4,-6.300000000000001
6632,126231.0,False,194.3,14.700000000000001,-7.6000000000000005
6633,126251.0,False,194.60000000000002,15.100000000000001,-8.8
6634,126265.0,False,194.8,15.200000000000001,-9.3
6635,126283.0,False,195.3,15.5,-10.3
6636,126300.0,False,195.8,15.8,-11.100000000000001
6637,126324.0,False,196.3,15.9,-11.600000000000001
6638,126331.0,False,196.60000000000002,15.9,-11.700000000000001
6639,126348.0,False,197.0,15.9,-11.8
6640,126368.0,False,198.0,15.700000000000001,-11.8
6641,126382.0,False,199.20000000000002,15.5,-12.0
6642,126398.0,False,199.8,15.4,-12.3
6643,126425.0,False,201.60000000000002,15.4,-13.5
6644,126431.0,False,202.10000000000002,15.5,-13.9
6645,126448.0,False,202.4,15.600000000000001,-14.4
6646,126464.0,False,202.70000000000002,16.1,-15.0
6647,126483.0,False,202.8,16.7,-15.100000000000001
6648,126498.0,False,202.70000000000002,17.3,-14.5
6649,126522.0,False,202.4,17.7,-13.200000000000001
6650,126535.0,False,202.20000000000002,17.8,-12.3
6651,126548.0,False,202.0,17.900000000000002,-11.200000000000001
6652,126565.0,False,201.70000000000002,17.900000000000002,-8.8
6653,126582.0,False,201.70000000000002,17.900000000000002,-6.6000000000000005
6654,126598.0,False,201.9,18.0,-5.0
6655,126624.0,False,202.3,18.0,-4.1000000000000005
6656,126631.0,False,202.5,17.8,-3.9000000000000004
6657,126653.0,False,202.8,17.0,-3.5
6658,126664.0,False,203.0,16.5,-3.3000000000000003
6659,126697.0,False,203.5,14.8,-2.2
6660,126719.0,False,204.4,13.5,-0.30000000000000004
6661,126731.0,False,204.8,13.100000000000001,0.5
6662,126747.0,False,205.8,12.600000000000001,2.3000000000000003
6663,126767.0,False,206.60000000000002,12.200000000000001,4.1000000000000005
6664,126781.0,False,206.9,12.0,5.0
6665,126804.0,False,207.4,11.8,7.0
6666,126814.0,False,207.5,11.8,8.0
6667,126832.0,False,207.8,11.9,9.9
6668,126847.0,False,208.0,12.3,11.4
6669,126866.0,False,208.0,12.700000000000001,12.3
6670,126881.0,False,208.0,12.9,12.600000000000001
6671,126898.0,False,207.9,12.9,12.9
6672,126918.0,False,207.8,12.700000000000001,12.9
6673,126939.0,False,207.60000000000002,12.5,12.700000000000001
6674,126966.0,False,207.5,12.200000000000001,12.3
6675,127002.0,False,207.20000000000002,12.0,12.100000000000001
6676,127021.0,False,207.0,11.9,12.0
6677,127047.0,False,206.4,11.9,11.5
6678,127066.0,False,205.9,11.700000000000001,10.9
6679,127082.0,False,205.70000000000002,11.5,10.5
6680,127100.0,False,205.3,11.200000000000001,9.200000000000001
6681,127118.0,False,204.70000000000002,11.100000000000001,7.5
6682,127134.0,False,203.9,10.8,5.7
6683,127149.0,False,203.4,10.600000000000001,4.9
6684,127164.0,False,202.5,10.200000000000001,3.3000000000000003
6685,127181.0,False,202.0,10.0,2.5
6686,127198.0,False,200.8,9.700000000000001,1.1
6687,127216.0,False,199.5,9.600000000000001,-0.1
6688,127231.0,False,198.8,9.700000000000001,-0.6000000000000001
6689,127248.0,False,197.20000000000002,10.100000000000001,-1.8
6690,127265.0,False,195.5,10.4,-2.7
6691,127284.0,False,193.9,10.600000000000001,-3.3000000000000003
6692,127300.0,False,193.20000000000002,10.700000000000001,-3.6
6693,127321.0,False,191.9,10.8,-4.1000000000000005
6694,127332.0,False,190.70000000000002,11.200000000000001,-4.7
6695,127348.0,False,190.10000000000002,11.4,-5.1000000000000005
6696,127366.0,False,188.8,12.200000000000001,-6.0
6697,127383.0,False,187.70000000000002,13.0,-6.800000000000001
6698,127399.0,False,187.10000000000002,13.4,-7.2
6699,127419.0,False,186.20000000000002,14.100000000000001,-7.800000000000001
6700,127431.0,False,185.5,14.8,-8.4
6701,127448.0,False,185.10000000000002,15.100000000000001,-8.700000000000001
6702,127467.0,False,184.4,15.600000000000001,-9.1
6703,127483.0,False,183.9,16.2,-9.4
6704,127498.0,False,183.70000000000002,16.5,-9.5
6705,127520.0,False,183.4,17.1,-9.8
6706,127533.0,False,183.10000000000002,17.400000000000002,-9.8
6707,127566.0,False,183.10000000000002,17.6,-9.8
6708,127581.0,False,183.0,17.6,-10.0
6709,127598.0,False,183.0,17.400000000000002,-10.100000000000001
6710,127621.0,False,182.60000000000002,16.8,-10.0
6711,127631.0,False,182.4,16.5,-9.700000000000001
6712,127649.0,False,182.20000000000002,16.400000000000002,-9.3
6713,127667.0,False,181.9,16.3,-8.3
6714,127681.0,False,181.60000000000002,16.5,-7.300000000000001
6715,127698.0,False,181.4,16.6,-6.7
6716,127717.0,False,181.10000000000002,16.900000000000002,-5.7
6717,127731.0,False,180.8,17.2,-4.800000000000001
6718,127752.0,False,180.60000000000002,17.3,-4.0
6719,127765.0,False,180.60000000000002,17.2,-3.6
6720,127781.0,False,180.70000000000002,16.900000000000002,-3.0
6721,127798.0,False,180.8,16.6,-2.7
6722,127819.0,False,181.20000000000002,15.9,-2.3000000000000003
6723,127834.0,False,181.60000000000002,15.200000000000001,-1.7000000000000002
6724,127850.0,False,182.10000000000002,14.4,-1.2000000000000002
6725,127865.0,False,182.3,14.100000000000001,-1.0
6726,127881.0,False,183.0,13.5,-0.6000000000000001
6727,127898.0,False,183.60000000000002,13.0,-0.4
6728,127919.0,False,184.3,12.3,0.0
6729,127931.0,False,184.60000000000002,11.9,0.2
6730,127950.0,False,185.3,11.3,0.7000000000000001
6731,127967.0,False,185.70000000000002,11.0,1.0
6732,127982.0,False,186.60000000000002,10.5,1.6
6733,128000.0,False,187.4,10.200000000000001,2.0
6734,128017.0,False,187.8,10.0,2.2
6735,128032.0,False,188.4,9.700000000000001,2.6
6736,128048.0,False,189.10000000000002,9.5,3.0
6737,128066.0,False,189.8,9.3,3.5
6738,128082.0,False,190.20000000000002,9.200000000000001,3.7
6739,128102.0,False,190.8,9.1,3.9000000000000004
6740,128120.0,False,191.4,9.0,3.9000000000000004
6741,128131.0,False,191.60000000000002,9.0,3.9000000000000004
6742,128147.0,False,192.0,8.9,3.9000000000000004
6743,128164.0,False,192.20000000000002,9.0,4.0
6744,128182.0,False,192.60000000000002,9.1,4.0
6745,128198.0,False,192.8,9.1,3.8000000000000003
6746,128216.0,False,193.10000000000002,9.1,3.4000000000000004
6747,128237.0,False,193.60000000000002,8.700000000000001,2.6
6748,128250.0,False,193.8,8.6,2.3000000000000003
6749,128264.0,False,193.9,8.4,1.9000000000000001
6750,128281.0,False,194.20000000000002,8.1,1.0
6751,128298.0,False,194.3,7.9,0.30000000000000004
6752,128314.0,False,194.3,7.7,-0.1
6753,128334.0,False,194.0,7.6000000000000005,-0.5
6754,128349.0,False,193.4,7.7,-0.7000000000000001
6755,128364.0,False,192.60000000000002,8.3,-0.6000000000000001
6756,128383.0,False,192.10000000000002,8.700000000000001,-0.5
6757,128398.0,False,191.10000000000002,9.5,-0.4
6758,128414.0,False,190.60000000000002,9.9,-0.30000000000000004
6759,128431.0,False,189.70000000000002,10.200000000000001,-0.1
6760,128449.0,False,189.0,10.200000000000001,0.0
6761,128465.0,False,188.3,10.0,-0.2
6762,128481.0,False,188.10000000000002,9.9,-0.5
6763,128500.0,False,187.4,10.0,-1.3
6764,128517.0,False,186.60000000000002,10.4,-2.4000000000000004
6765,128531.0,False,186.10000000000002,10.600000000000001,-2.9000000000000004
6766,128548.0,False,185.10000000000002,11.200000000000001,-3.8000000000000003
6767,128564.0,False,184.20000000000002,11.9,-4.4
6768,128581.0,False,183.8,12.200000000000001,-4.6000000000000005
6769,128600.0,False,183.10000000000002,13.0,-5.1000000000000005
6770,128618.0,False,182.5,13.700000000000001,-5.6000000000000005
6771,128634.0,False,181.9,14.3,-6.0
6772,128649.0,False,181.60000000000002,14.5,-6.1000000000000005
6773,128664.0,False,181.20000000000002,14.8,-6.4
6774,128682.0,False,180.8,15.200000000000001,-6.6000000000000005
6775,128699.0,False,180.70000000000002,15.4,-6.7
6776,128715.0,False,180.5,15.600000000000001,-6.7
6777,128731.0,False,180.3,15.700000000000001,-6.6000000000000005
6778,128747.0,False,180.10000000000002,15.8,-6.2
6779,128764.0,False,180.0,15.700000000000001,-5.9
6780,128781.0,False,180.0,15.5,-5.7
6781,128800.0,False,180.0,15.3,-5.5
6782,128817.0,False,180.0,14.8,-5.1000000000000005
6783,128834.0,False,180.10000000000002,14.100000000000001,-4.7
6784,128850.0,False,180.20000000000002,13.700000000000001,-4.5
6785,128868.0,False,180.5,13.100000000000001,-4.2
6786,128881.0,False,180.70000000000002,12.600000000000001,-4.2
6787,128897.0,False,180.70000000000002,12.4,-4.2
6788,128915.0,False,180.8,11.9,-4.0
6789,128933.0,False,181.0,11.3,-3.6
6790,128948.0,False,181.10000000000002,11.100000000000001,-3.4000000000000004
6791,128966.0,False,181.20000000000002,10.700000000000001,-3.0
6792,128983.0,False,181.4,10.4,-2.5
6793,129000.0,False,181.60000000000002,10.100000000000001,-1.9000000000000001
6794,129014.0,False,181.8,9.9,-1.6
6795,129031.0,False,182.3,9.5,-1.2000000000000002
6796,129048.0,False,182.60000000000002,9.3,-1.1
6797,129065.0,False,183.4,8.700000000000001,-1.1
6798,129082.0,False,184.3,8.1,-1.1
6799,129103.0,False,185.20000000000002,7.5,-1.0
6800,129116.0,False,185.70000000000002,7.2,-0.9
6801,129131.0,False,186.8,6.6000000000000005,-0.5
6802,129148.0,False,187.3,6.300000000000001,-0.2
6803,129164.0,False,188.4,5.800000000000001,0.4
6804,129181.0,False,189.5,5.300000000000001,1.1
6805,129198.0,False,190.0,5.1000000000000005,1.5
6806,129214.0,False,191.0,4.800000000000001,2.1
6807,129232.0,False,191.8,4.7,2.5
6808,129248.0,False,192.4,4.7,2.7
6809,129264.0,False,192.60000000000002,4.7,2.8000000000000003
6810,129283.0,False,193.20000000000002,4.7,2.9000000000000004
6811,129299.0,False,193.70000000000002,4.800000000000001,3.1
6812,129316.0,False,193.9,4.800000000000001,3.3000000000000003
6813,129331.0,False,194.4,4.800000000000001,3.7
6814,129349.0,False,194.9,4.9,4.0
6815,129365.0,False,195.0,5.0,4.1000000000000005
6816,129383.0,False,195.4,5.1000000000000005,4.1000000000000005
6817,129400.0,False,195.70000000000002,5.2,4.2
6818,129418.0,False,195.9,5.2,4.2
6819,129432.0,False,196.10000000000002,5.300000000000001,4.2
6820,129465.0,False,196.5,5.7,3.8000000000000003
6821,129481.0,False,196.70000000000002,6.1000000000000005,3.2
6822,129499.0,False,196.70000000000002,6.6000000000000005,2.5
6823,129516.0,False,196.70000000000002,6.800000000000001,2.1
6824,129531.0,False,196.5,7.2,1.2000000000000002
6825,129548.0,False,196.10000000000002,7.7,0.5
6826,129565.0,False,195.9,7.9,0.2
6827,129583.0,False,195.3,8.3,-0.4
6828,129598.0,False,194.70000000000002,8.700000000000001,-0.7000000000000001
6829,129617.0,False,194.20000000000002,8.9,-0.8
6830,129639.0,False,193.70000000000002,8.9,-1.0
6831,129647.0,False,193.5,8.9,-1.1
6832,129665.0,False,193.10000000000002,8.9,-1.5
6833,129682.0,False,192.8,9.0,-1.8
6834,129698.0,False,192.5,9.1,-2.2
6835,129717.0,False,191.3,9.4,-3.1
6836,129733.0,False,191.0,9.600000000000001,-3.3000000000000003
6837,129748.0,False,190.3,10.0,-3.8000000000000003
6838,129765.0,False,189.70000000000002,10.5,-4.4
6839,129781.0,False,189.4,10.8,-4.6000000000000005
6840,129798.0,False,188.9,11.100000000000001,-5.2
6841,129815.0,False,188.4,11.4,-5.800000000000001
6842,129831.0,False,188.20000000000002,11.600000000000001,-6.1000000000000005
6843,129848.0,False,187.9,12.100000000000001,-6.7
6844,129865.0,False,187.60000000000002,12.8,-7.1000000000000005
6845,129884.0,False,187.3,13.4,-7.300000000000001
6846,129900.0,False,187.20000000000002,13.700000000000001,-7.300000000000001
6847,129915.0,False,187.10000000000002,14.100000000000001,-6.9
6848,129935.0,False,187.10000000000002,14.200000000000001,-6.300000000000001
6849,129952.0,False,187.10000000000002,14.3,-5.9
6850,129964.0,False,187.10000000000002,14.5,-5.300000000000001
6851,129981.0,False,187.10000000000002,14.5,-5.0
6852,129997.0,False,186.8,14.4,-4.2
6853,130014.0,False,186.60000000000002,14.100000000000001,-3.4000000000000004
6854,130031.0,False,186.60000000000002,13.9,-3.0
6855,130052.0,False,186.70000000000002,13.4,-2.1
6856,130064.0,False,186.8,13.100000000000001,-1.8
6857,130081.0,False,186.9,12.9,-1.6
6858,130098.0,False,187.10000000000002,12.3,-1.3
6859,130115.0,False,187.3,11.700000000000001,-1.0
6860,130131.0,False,187.60000000000002,11.200000000000001,-0.7000000000000001
6861,130148.0,False,187.8,11.0,-0.6000000000000001
6862,130167.0,False,188.10000000000002,10.4,-0.2
6863,130181.0,False,188.4,10.100000000000001,0.0
6864,130199.0,False,189.0,9.4,0.4
6865,130221.0,False,190.20000000000002,8.1,1.0
6866,130233.0,False,190.70000000000002,7.7,1.1
6867,130249.0,False,191.20000000000002,7.300000000000001,1.2000000000000002
6868,130265.0,False,192.20000000000002,6.6000000000000005,1.3
6869,130281.0,False,193.20000000000002,6.1000000000000005,1.4000000000000001
6870,130301.0,False,193.70000000000002,5.9,1.4000000000000001
6871,130314.0,False,194.70000000000002,5.6000000000000005,1.5
6872,130331.0,False,195.20000000000002,5.5,1.6
6873,130352.0,False,196.70000000000002,5.1000000000000005,1.8
6874,130365.0,False,197.20000000000002,5.0,1.9000000000000001
6875,130383.0,False,198.20000000000002,4.800000000000001,2.1
6876,130398.0,False,198.60000000000002,4.800000000000001,2.2
6877,130414.0,False,199.4,4.800000000000001,2.5
6878,130431.0,False,200.10000000000002,5.0,2.9000000000000004
6879,130448.0,False,200.4,5.1000000000000005,3.0
6880,130465.0,False,201.0,5.5,3.1
6881,130483.0,False,201.4,5.9,3.1
6882,130500.0,False,201.8,6.1000000000000005,3.1
6883,130514.0,False,202.0,6.2,3.1
6884,130531.0,False,202.5,6.300000000000001,3.1
6885,130548.0,False,202.9,6.300000000000001,3.1
6886,130565.0,False,203.10000000000002,6.4,3.0
6887,130583.0,False,203.3,6.4,2.7
6888,130601.0,False,203.5,6.300000000000001,2.4000000000000004
6889,130614.0,False,203.60000000000002,6.300000000000001,2.3000000000000003
6890,130631.0,False,203.70000000000002,6.4,2.0
6891,130648.0,False,203.70000000000002,6.800000000000001,1.8
6892,130665.0,False,203.60000000000002,7.0,1.6
6893,130681.0,False,203.5,7.6000000000000005,1.2000000000000002
6894,130699.0,False,203.4,7.9,0.9
6895,130714.0,False,203.10000000000002,8.5,0.2
6896,130734.0,False,202.60000000000002,8.9,-0.6000000000000001
6897,130750.0,False,202.0,9.3,-1.3
6898,130765.0,False,201.70000000000002,9.600000000000001,-1.6
6899,130785.0,False,201.0,10.0,-2.0
6900,130798.0,False,200.20000000000002,10.4,-2.2
6901,130814.0,False,199.8,10.5,-2.2
6902,130838.0,False,198.60000000000002,11.0,-2.4000000000000004
6903,130853.0,False,198.10000000000002,11.200000000000001,-2.6
6904,130865.0,False,197.10000000000002,11.600000000000001,-3.0
6905,130883.0,False,196.60000000000002,11.8,-3.3000000000000003
6906,130899.0,False,195.60000000000002,12.3,-4.0
6907,130923.0,False,194.60000000000002,12.700000000000001,-4.6000000000000005
6908,130931.0,False,194.10000000000002,12.9,-5.0
6909,130948.0,False,193.20000000000002,13.3,-5.6000000000000005
6910,130965.0,False,192.8,13.4,-5.9
6911,130981.0,False,192.10000000000002,13.700000000000001,-6.4
6912,131000.0,False,191.8,13.8,-6.6000000000000005
6913,131015.0,False,191.20000000000002,14.0,-7.1000000000000005
6914,131031.0,False,190.70000000000002,14.3,-7.5
6915,131048.0,False,190.20000000000002,14.700000000000001,-7.9
6916,131066.0,False,189.8,15.3,-8.3
6917,131081.0,False,189.70000000000002,15.600000000000001,-8.5
6918,131103.0,False,189.3,16.2,-8.700000000000001
6919,131126.0,False,189.0,16.6,-8.6
6920,131148.0,False,188.8,16.7,-8.4
6921,131165.0,False,188.60000000000002,16.8,-8.3
6922,131183.0,False,188.5,16.8,-8.200000000000001
6923,131200.0,False,188.10000000000002,16.7,-7.800000000000001
6924,131215.0,False,187.8,16.5,-7.2
6925,131231.0,False,187.60000000000002,16.5,-6.800000000000001
6926,131249.0,False,187.3,16.400000000000002,-5.9
6927,131268.0,False,187.0,16.2,-4.800000000000001
6928,131281.0,False,186.9,16.2,-4.3
6929,131299.0,False,186.70000000000002,16.1,-3.5
6930,131319.0,False,186.60000000000002,16.0,-2.8000000000000003
6931,131331.0,False,186.5,15.9,-2.6
6932,131349.0,False,186.60000000000002,15.600000000000001,-2.2
6933,131365.0,False,186.8,14.9,-2.0
6934,131382.0,False,187.0,14.5,-1.9000000000000001
6935,131399.0,False,187.4,13.5,-1.8
6936,131422.0,False,188.10000000000002,12.4,-1.7000000000000002
6937,131432.0,False,188.4,11.9,-1.7000000000000002
6938,131448.0,False,189.10000000000002,10.9,-1.7000000000000002
6939,131464.0,False,189.8,10.100000000000001,-1.5
6940,131481.0,False,190.20000000000002,9.8,-1.4000000000000001
6941,131501.0,False,190.9,9.200000000000001,-1.0
6942,131525.0,False,192.0,8.3,-0.30000000000000004
6943,131539.0,False,192.4,8.0,0.0
6944,131549.0,False,192.9,7.7,0.2
6945,131564.0,False,193.60000000000002,7.1000000000000005,0.6000000000000001
6946,131581.0,False,194.4,6.6000000000000005,1.0
6947,131598.0,False,194.70000000000002,6.4,1.2000000000000002
6948,131624.0,False,195.70000000000002,5.800000000000001,2.0
6949,131647.0,False,196.20000000000002,5.7,2.5
6950,131666.0,False,196.70000000000002,5.800000000000001,2.7
6951,131684.0,False,196.9,6.0,2.8000000000000003
6952,131702.0,False,197.0,6.1000000000000005,2.9000000000000004
6953,131721.0,False,197.10000000000002,6.2,3.0
6954,131750.0,False,197.20000000000002,6.6000000000000005,3.6
6955,131765.0,False,197.3,6.7,3.8000000000000003
6956,131785.0,False,197.4,6.9,4.2
6957,131804.0,False,197.60000000000002,7.1000000000000005,4.2
6958,131828.0,False,197.8,7.300000000000001,4.0
6959,131831.0,False,197.9,7.4,3.7
6960,131850.0,False,198.0,7.7,2.8000000000000003
6961,131864.0,False,198.10000000000002,8.0,2.4000000000000004
6962,131881.0,False,198.10000000000002,8.4,1.7000000000000002
6963,131902.0,False,198.10000000000002,8.8,0.9
6964,131922.0,False,197.9,9.1,0.1
6965,131931.0,False,197.8,9.3,-0.2
6966,131947.0,False,197.60000000000002,9.4,-0.6000000000000001
6967,131966.0,False,197.10000000000002,9.600000000000001,-1.1
6968,131981.0,False,196.5,9.8,-1.4000000000000001
6969,131997.0,False,195.8,10.100000000000001,-1.5
6970,132016.0,False,195.4,10.200000000000001,-1.5
6971,132033.0,False,194.60000000000002,10.5,-1.6
6972,132048.0,False,193.8,10.8,-1.8
6973,132064.0,False,193.4,11.0,-2.1
6974,132082.0,False,192.60000000000002,11.3,-2.7
6975,132102.0,False,191.8,11.600000000000001,-3.4000000000000004
6976,132126.0,False,190.9,12.0,-4.1000000000000005
6977,132131.0,False,190.5,12.200000000000001,-4.5
6978,132149.0,False,189.70000000000002,12.600000000000001,-5.2
6979,132166.0,False,189.3,12.8,-5.4
6980,132182.0,False,188.60000000000002,13.3,-5.800000000000001
6981,132197.0,False,188.3,13.600000000000001,-5.9
6982,132217.0,False,187.5,14.700000000000001,-5.800000000000001
6983,132231.0,False,187.3,15.100000000000001,-5.800000000000001
6984,132253.0,False,187.0,15.9,-5.6000000000000005
6985,132264.0,False,186.8,16.2,-5.6000000000000005
6986,132281.0,False,186.70000000000002,16.7,-5.4
6987,132297.0,False,186.70000000000002,16.8,-5.300000000000001
6988,132317.0,False,186.8,16.7,-5.300000000000001
6989,132331.0,False,186.9,16.3,-5.300000000000001
6990,132350.0,False,187.10000000000002,15.9,-5.300000000000001
6991,132366.0,False,187.20000000000002,15.5,-5.0
6992,132381.0,False,187.20000000000002,15.3,-4.9
6993,132399.0,False,187.3,15.100000000000001,-4.4
6994,132420.0,False,187.5,14.9,-3.9000000000000004
6995,132431.0,False,187.70000000000002,14.700000000000001,-3.6
6996,132450.0,False,187.9,14.5,-3.4000000000000004
6997,132464.0,False,188.60000000000002,13.5,-2.8000000000000003
6998,132481.0,False,188.8,13.100000000000001,-2.7
6999,132499.0,False,189.20000000000002,12.600000000000001,-2.4000000000000004
7000,132519.0,False,189.5,12.200000000000001,-2.0
7001,132535.0,False,189.8,11.9,-1.6
7002,132549.0,False,189.9,11.700000000000001,-1.4000000000000001
7003,132565.0,False,190.20000000000002,11.3,-0.8
7004,132581.0,False,190.5,11.100000000000001,-0.6000000000000001
7005,132597.0,False,191.0,10.600000000000001,-0.1
7006,132618.0,False,191.60000000000002,10.0,0.30000000000000004
7007,132634.0,False,192.4,9.5,0.6000000000000001
7008,132647.0,False,192.8,9.200000000000001,0.7000000000000001
7009,132664.0,False,193.60000000000002,8.8,0.8
7010,132685.0,False,194.4,8.5,1.0
7011,132698.0,False,194.8,8.3,1.1
7012,132718.0,False,195.70000000000002,8.1,1.5
7013,132731.0,False,196.10000000000002,7.9,1.7000000000000002
7014,132750.0,False,196.9,7.6000000000000005,2.2
7015,132767.0,False,197.70000000000002,7.4,2.8000000000000003
7016,132782.0,False,198.0,7.4,3.2
7017,132798.0,False,198.60000000000002,7.4,3.8000000000000003
7018,132820.0,False,199.0,7.6000000000000005,4.3
7019,132831.0,False,199.4,7.9,4.5
7020,132848.0,False,199.5,8.0,4.6000000000000005
7021,132866.0,False,199.70000000000002,8.200000000000001,4.7
7022,132881.0,False,199.70000000000002,8.200000000000001,4.800000000000001
7023,132898.0,False,199.9,8.3,4.9
7024,132923.0,False,200.20000000000002,8.4,4.800000000000001
7025,132932.0,False,200.3,8.4,4.7
7026,132966.0,False,200.60000000000002,8.3,4.3
7027,132984.0,False,200.8,8.200000000000001,3.9000000000000004
7028,133003.0,False,201.0,8.200000000000001,3.2
7029,133014.0,False,201.10000000000002,8.200000000000001,2.8000000000000003
7030,133031.0,False,201.20000000000002,8.4,1.9000000000000001
7031,133047.0,False,201.20000000000002,8.6,1.4000000000000001
7032,133067.0,False,201.10000000000002,8.8,0.30000000000000004
7033,133081.0,False,200.70000000000002,9.1,-0.8
7034,133098.0,False,200.5,9.200000000000001,-1.2000000000000002
7035,133119.0,False,199.9,9.3,-2.1
7036,133131.0,False,199.10000000000002,9.5,-2.6
7037,133151.0,False,198.20000000000002,9.8,-2.8000000000000003
7038,133167.0,False,197.70000000000002,9.9,-2.9000000000000004
7039,133181.0,False,196.70000000000002,10.200000000000001,-2.9000000000000004
7040,133197.0,False,196.3,10.3,-3.0
7041,133216.0,False,195.3,10.5,-3.2
7042,133235.0,False,194.3,10.700000000000001,-3.6
7043,133248.0,False,193.3,10.9,-4.1000000000000005
7044,133266.0,False,192.8,11.0,-4.4
7045,133281.0,False,191.8,11.200000000000001,-5.0
7046,133299.0,False,190.9,11.600000000000001,-5.5
7047,133314.0,False,190.4,11.8,-5.7
7048,133332.0,False,189.60000000000002,12.3,-6.0
7049,133348.0,False,189.3,12.5,-6.1000000000000005
7050,133364.0,False,188.70000000000002,13.0,-6.1000000000000005
7051,133381.0,False,188.4,13.600000000000001,-6.0
7052,133397.0,False,188.20000000000002,14.0,-6.0
7053,133415.0,False,188.0,14.9,-6.0
7054,133431.0,False,187.8,15.600000000000001,-6.2
7055,133448.0,False,187.8,15.8,-6.2
7056,133465.0,False,187.70000000000002,16.1,-6.2
7057,133483.0,False,187.8,16.0,-6.2
7058,133500.0,False,187.9,15.600000000000001,-6.1000000000000005
7059,133522.0,False,188.0,14.9,-5.800000000000001
7060,133531.0,False,188.0,14.5,-5.6000000000000005
7061,133548.0,False,188.10000000000002,13.700000000000001,-4.9
7062,133567.0,False,188.3,12.9,-4.0
7063,133581.0,False,188.5,12.600000000000001,-3.5
7064,133598.0,False,188.9,12.0,-2.7
7065,133619.0,False,189.5,11.3,-2.0
7066,133631.0,False,189.70000000000002,11.0,-1.9000000000000001
7067,133648.0,False,190.20000000000002,10.5,-1.7000000000000002
7068,133667.0,False,190.5,10.100000000000001,-1.5
7069,133681.0,False,190.60000000000002,9.9,-1.4000000000000001
7070,133699.0,False,191.10000000000002,9.9,-1.0
7071,133719.0,False,191.60000000000002,9.8,-0.6000000000000001
7072,133732.0,False,192.0,9.700000000000001,-0.4
7073,133749.0,False,192.70000000000002,9.4,0.1
7074,133765.0,False,193.60000000000002,8.8,0.5
7075,133781.0,False,194.10000000000002,8.5,0.6000000000000001
7076,133797.0,False,195.20000000000002,7.7,1.0
7077,133820.0,False,196.4,6.9,1.3
7078,133831.0,False,196.9,6.6000000000000005,1.5
7079,133850.0,False,198.10000000000002,5.9,2.0
7080,133868.0,False,199.20000000000002,5.4,2.4000000000000004
7081,133882.0,False,199.70000000000002,5.1000000000000005,2.7
7082,133897.0,False,200.70000000000002,4.800000000000001,3.0
7083,133919.0,False,201.5,4.6000000000000005,3.2
7084,133931.0,False,201.9,4.6000000000000005,3.3000000000000003
7085,133948.0,False,202.5,4.800000000000001,3.4000000000000004
7086,133970.0,False,203.0,5.0,3.4000000000000004
7087,133981.0,False,203.3,5.1000000000000005,3.5
7088,133997.0,False,203.8,5.300000000000001,3.6
7089,134014.0,False,204.0,5.4,3.6
7090,134032.0,False,204.5,5.5,3.8000000000000003
7091,134047.0,False,205.0,5.6000000000000005,3.9000000000000004
7092,134067.0,False,205.3,5.6000000000000005,3.8000000000000003
7093,134081.0,False,205.5,5.6000000000000005,3.7
7094,134101.0,False,205.60000000000002,5.6000000000000005,3.6
7095,134118.0,False,205.60000000000002,5.4,3.6
7096,134150.0,False,205.8,5.1000000000000005,3.5
7097,134164.0,False,205.8,5.300000000000001,3.1
7098,134182.0,False,205.70000000000002,5.6000000000000005,2.2
7099,134198.0,False,205.5,5.7,1.8
7100,134219.0,False,204.9,6.1000000000000005,0.8
7101,134233.0,False,204.20000000000002,6.4,-0.1
7102,134247.0,False,203.8,6.5,-0.4
7103,134268.0,False,203.0,6.7,-1.0
7104,134286.0,False,202.10000000000002,6.9,-1.5
7105,134297.0,False,201.60000000000002,7.0,-1.7000000000000002
7106,134314.0,False,200.5,7.1000000000000005,-1.8
7107,134333.0,False,199.5,7.0,-1.7000000000000002
7108,134349.0,False,199.0,7.0,-1.6
7109,134364.0,False,198.10000000000002,6.9,-1.5
7110,134381.0,False,197.3,6.9,-1.6
7111,134397.0,False,196.9,6.9,-1.8
7112,134417.0,False,196.10000000000002,7.0,-2.4000000000000004
7113,134433.0,False,195.10000000000002,7.4,-3.1
7114,134449.0,False,194.60000000000002,7.6000000000000005,-3.5
7115,134464.0,False,193.70000000000002,8.200000000000001,-4.0
7116,134481.0,False,192.9,8.9,-4.4
7117,134499.0,False,192.60000000000002,9.200000000000001,-4.6000000000000005
7118,134517.0,False,192.0,10.0,-4.800000000000001
7119,134532.0,False,191.60000000000002,10.8,-5.0
7120,134548.0,False,191.4,11.3,-5.0
7121,134566.0,False,191.10000000000002,12.200000000000001,-5.1000000000000005
7122,134581.0,False,190.9,13.0,-5.2
7123,134598.0,False,190.8,13.4,-5.300000000000001
7124,134617.0,False,190.8,14.0,-5.2
7125,134634.0,False,190.9,14.4,-5.2
7126,134649.0,False,191.0,14.600000000000001,-5.1000000000000005
7127,134664.0,False,191.20000000000002,14.9,-5.1000000000000005
7128,134681.0,False,191.4,14.9,-5.2
7129,134715.0,False,191.70000000000002,14.600000000000001,-5.0
7130,134732.0,False,192.0,14.4,-4.6000000000000005
7131,134747.0,False,192.20000000000002,14.3,-4.5
7132,134765.0,False,192.60000000000002,14.3,-4.3
7133,134783.0,False,193.10000000000002,14.4,-4.3
7134,134813.0,False,193.5,14.600000000000001,-4.7
7135,134831.0,False,193.60000000000002,14.9,-4.800000000000001
7136,134847.0,False,193.70000000000002,15.4,-4.9
7137,134865.0,False,193.70000000000002,15.700000000000001,-4.800000000000001
7138,134882.0,False,193.8,16.2,-4.7
7139,134898.0,False,193.9,16.6,-4.4
7140,134915.0,False,194.0,16.8,-4.3
7141,134930.0,False,194.3,17.0,-4.2
7142,134950.0,False,194.60000000000002,17.0,-4.1000000000000005
7143,134964.0,False,194.9,16.900000000000002,-4.1000000000000005
7144,134981.0,False,195.3,16.6,-4.0
7145,134997.0,False,195.9,16.2,-3.9000000000000004
7146,135018.0,False,196.5,15.600000000000001,-3.8000000000000003
7147,135031.0,False,196.8,15.3,-3.8000000000000003
7148,135047.0,False,197.5,14.600000000000001,-3.5
7149,135067.0,False,198.10000000000002,13.8,-3.2
7150,135081.0,False,198.3,13.4,-3.0
7151,135101.0,False,198.8,12.700000000000001,-2.7
7152,135121.0,False,199.20000000000002,12.200000000000001,-2.4000000000000004
7153,135131.0,False,199.4,12.0,-2.2
7154,135150.0,False,199.60000000000002,11.8,-2.0
7155,135164.0,False,199.70000000000002,11.700000000000001,-1.8
7156,135181.0,False,199.8,11.700000000000001,-1.6
7157,135199.0,False,199.8,11.700000000000001,-1.5
7158,135218.0,False,199.9,11.700000000000001,-1.0
7159,135231.0,False,200.0,11.700000000000001,-0.8
7160,135248.0,False,200.20000000000002,11.8,-0.6000000000000001
7161,135272.0,False,200.3,12.0,-0.6000000000000001
7162,135284.0,False,200.4,12.100000000000001,-0.7000000000000001
7163,135299.0,False,200.4,12.200000000000001,-0.9
7164,135316.0,False,200.5,12.200000000000001,-1.2000000000000002
7165,135335.0,False,200.60000000000002,12.200000000000001,-1.3
7166,135348.0,False,200.9,12.200000000000001,-1.7000000000000002
7167,135364.0,False,201.10000000000002,12.200000000000001,-2.4000000000000004
7168,135384.0,False,201.10000000000002,12.5,-3.2
7169,135413.0,False,200.5,13.200000000000001,-4.2
7170,135434.0,False,200.10000000000002,13.8,-4.6000000000000005
7171,135447.0,False,199.8,14.100000000000001,-4.7
7172,135468.0,False,199.3,14.700000000000001,-4.7
7173,135481.0,False,199.0,15.0,-4.7
7174,135497.0,False,198.4,15.4,-4.6000000000000005
7175,135514.0,False,197.8,15.700000000000001,-4.2
7176,135533.0,False,197.4,15.9,-3.8000000000000003
7177,135547.0,False,197.20000000000002,15.9,-3.7
7178,135564.0,False,196.9,16.1,-3.7
7179,135585.0,False,196.5,16.3,-4.0
7180,135597.0,False,196.3,16.5,-4.2
7181,135616.0,False,195.8,16.8,-4.6000000000000005
7182,135631.0,False,195.3,17.2,-5.0
7183,135647.0,False,195.10000000000002,17.400000000000002,-5.2
7184,135664.0,False,194.70000000000002,17.8,-5.6000000000000005
7185,135681.0,False,194.3,18.2,-5.800000000000001
7186,135699.0,False,194.20000000000002,18.400000000000002,-5.9
7187,135716.0,False,193.9,18.900000000000002,-5.9
7188,135731.0,False,193.70000000000002,19.200000000000003,-6.0
7189,135747.0,False,193.70000000000002,19.400000000000002,-6.1000000000000005
7190,135764.0,False,193.5,19.8,-6.1000000000000005
7191,135782.0,False,193.4,20.0,-6.2
7192,135799.0,False,193.4,20.1,-6.2
7193,135815.0,False,193.3,20.3,-6.1000000000000005
7194,135832.0,False,193.20000000000002,20.400000000000002,-6.0
7195,135883.0,False,193.10000000000002,20.200000000000003,-6.0
7196,135903.0,False,192.9,19.900000000000002,-5.7
7197,135914.0,False,192.8,19.8,-5.5
7198,135931.0,False,192.70000000000002,19.6,-5.0
7199,135950.0,False,192.70000000000002,19.8,-4.6000000000000005
7200,135966.0,False,192.8,19.900000000000002,-4.5
7201,135981.0,False,192.9,20.3,-4.7
7202,135999.0,False,193.0,20.5,-5.1000000000000005
7203,136014.0,False,193.0,20.6,-5.300000000000001
7204,136032.0,False,192.9,20.900000000000002,-5.6000000000000005
7205,136064.0,False,192.70000000000002,21.400000000000002,-5.6000000000000005
7206,136082.0,False,192.70000000000002,21.900000000000002,-5.4
7207,136102.0,False,192.60000000000002,22.200000000000003,-5.2
7208,136116.0,False,192.60000000000002,22.400000000000002,-5.1000000000000005
7209,136184.0,False,192.9,22.400000000000002,-5.2
7210,136199.0,False,193.10000000000002,22.400000000000002,-5.4
7211,136214.0,False,193.4,22.5,-5.7
7212,136231.0,False,193.70000000000002,22.6,-6.2
7213,136248.0,False,194.10000000000002,22.5,-6.6000000000000005
7214,136264.0,False,194.3,22.5,-6.9
7215,136283.0,False,194.60000000000002,22.200000000000003,-7.1000000000000005
7216,136299.0,False,194.9,22.0,-7.2
7217,136314.0,False,195.10000000000002,21.900000000000002,-7.1000000000000005
7218,136332.0,False,195.3,21.900000000000002,-6.9
7219,136347.0,False,195.5,22.1,-6.7
7220,136365.0,False,195.5,22.200000000000003,-6.6000000000000005
7221,136382.0,False,195.5,22.5,-6.300000000000001
7222,136399.0,False,195.4,22.8,-6.1000000000000005
7223,136417.0,False,195.3,23.200000000000003,-5.9
7224,136431.0,False,195.20000000000002,23.400000000000002,-5.800000000000001
7225,136448.0,False,195.10000000000002,23.6,-5.7
7226,136464.0,False,195.10000000000002,23.900000000000002,-5.5
7227,136482.0,False,195.10000000000002,24.200000000000003,-5.4
7228,136516.0,False,195.20000000000002,24.200000000000003,-5.2
7229,136531.0,False,195.3,24.1,-5.2
7230,136548.0,False,195.5,23.700000000000003,-5.4
7231,136564.0,False,195.8,23.1,-5.6000000000000005
7232,136581.0,False,195.8,22.8,-5.7
7233,136600.0,False,195.70000000000002,22.3,-5.800000000000001
7234,136615.0,False,195.3,22.200000000000003,-5.6000000000000005
7235,136631.0,False,195.0,22.3,-5.5
7236,136647.0,False,194.60000000000002,22.6,-5.4
7237,136670.0,False,194.10000000000002,22.700000000000003,-5.300000000000001
7238,136681.0,False,193.9,22.700000000000003,-5.2
7239,136698.0,False,193.60000000000002,22.700000000000003,-5.1000000000000005
7240,136714.0,False,193.0,22.3,-4.800000000000001
7241,136736.0,False,192.60000000000002,21.900000000000002,-4.4
7242,136748.0,False,192.5,21.700000000000003,-4.2
7243,136786.0,False,192.10000000000002,21.200000000000003,-3.9000000000000004
7244,136799.0,False,192.0,21.1,-4.0
7245,136814.0,False,191.60000000000002,21.1,-4.4
7246,136831.0,False,191.3,21.1,-4.6000000000000005
7247,136848.0,False,190.9,21.200000000000003,-4.7
7248,136866.0,False,190.5,21.200000000000003,-4.7
7249,136882.0,False,190.3,21.3,-4.7
7250,136898.0,False,190.0,21.5,-4.4
7251,136915.0,False,189.70000000000002,21.700000000000003,-4.0
7252,136939.0,False,189.5,22.0,-3.6
7253,136947.0,False,189.4,22.200000000000003,-3.4000000000000004
7254,136964.0,False,189.10000000000002,22.6,-3.0
7255,136983.0,False,189.0,23.1,-2.7
7256,136997.0,False,188.9,23.400000000000002,-2.6
7257,137014.0,False,188.9,23.900000000000002,-2.5
7258,137031.0,False,188.9,24.3,-2.4000000000000004
7259,137049.0,False,188.9,24.400000000000002,-2.2
7260,137066.0,False,189.10000000000002,24.6,-1.9000000000000001
7261,137083.0,False,189.4,24.8,-1.8
7262,137107.0,False,189.70000000000002,24.900000000000002,-1.9000000000000001
7263,137114.0,False,189.8,24.8,-1.7000000000000002
7264,137131.0,False,189.9,24.700000000000003,-1.5
7265,137147.0,False,190.20000000000002,24.5,-1.2000000000000002
7266,137165.0,False,190.60000000000002,24.6,-1.1
7267,137182.0,False,191.10000000000002,24.8,-1.3
7268,137197.0,False,191.4,24.900000000000002,-1.5
7269,137214.0,False,191.70000000000002,24.8,-1.8
7270,137231.0,False,192.10000000000002,24.700000000000003,-2.0
7271,137252.0,False,192.3,24.5,-2.1
7272,137264.0,False,192.5,24.400000000000002,-2.1
7273,137283.0,False,192.70000000000002,24.400000000000002,-2.1
7274,137298.0,False,192.9,24.400000000000002,-2.0
7275,137314.0,False,193.0,24.3,-1.8
7276,137332.0,False,193.3,24.1,-1.6
7277,137348.0,False,193.5,23.900000000000002,-1.6
7278,137364.0,False,193.9,23.6,-1.6
7279,137383.0,False,194.5,23.3,-2.0
7280,137399.0,False,194.9,23.0,-2.2
7281,137414.0,False,195.60000000000002,22.5,-2.7
7282,137431.0,False,196.3,21.6,-3.1
7283,137447.0,False,196.70000000000002,21.200000000000003,-3.2
7284,137464.0,False,197.4,20.1,-3.4000000000000004
7285,137482.0,False,198.0,19.1,-3.2
7286,137501.0,False,198.4,18.2,-2.9000000000000004
7287,137515.0,False,198.60000000000002,17.900000000000002,-2.7
7288,137531.0,False,198.8,17.400000000000002,-2.1
7289,137548.0,False,198.8,17.0,-1.4000000000000001
7290,137564.0,False,198.8,16.900000000000002,-1.1
7291,137583.0,False,198.70000000000002,16.7,-0.6000000000000001
7292,137599.0,False,198.60000000000002,16.5,-0.30000000000000004
7293,137624.0,False,198.4,16.2,-0.1
7294,137631.0,False,198.3,16.1,0.1
7295,137648.0,False,198.10000000000002,15.8,0.4
7296,137682.0,False,198.0,15.600000000000001,0.9
7297,137714.0,False,198.0,15.5,1.0
7298,137731.0,False,198.20000000000002,15.0,0.9
7299,137748.0,False,198.60000000000002,14.3,0.7000000000000001
7300,137765.0,False,198.8,13.9,0.5
7301,137781.0,False,199.3,13.100000000000001,-0.1
7302,137797.0,False,199.60000000000002,12.5,-0.9
7303,137815.0,False,199.60000000000002,12.200000000000001,-1.3
7304,137832.0,False,199.4,11.9,-1.8
7305,137851.0,False,199.10000000000002,11.700000000000001,-1.8
7306,137865.0,False,198.9,11.700000000000001,-1.6
7307,137881.0,False,198.5,11.600000000000001,-1.2000000000000002
7308,137899.0,False,198.0,11.600000000000001,-0.8
7309,137914.0,False,197.8,11.5,-0.6000000000000001
7310,137933.0,False,197.10000000000002,11.5,-0.30000000000000004
7311,137949.0,False,196.8,11.5,-0.2
7312,137964.0,False,196.10000000000002,11.4,-0.30000000000000004
7313,137983.0,False,195.4,11.3,-0.7000000000000001
7314,137997.0,False,194.70000000000002,11.3,-1.3
7315,138014.0,False,194.3,11.4,-1.6
7316,138036.0,False,193.3,11.600000000000001,-2.4000000000000004
7317,138049.0,False,193.0,11.700000000000001,-2.5
7318,138064.0,False,192.8,11.9,-2.5
7319,138081.0,False,192.3,12.3,-2.4000000000000004
7320,138098.0,False,192.0,12.9,-2.3000000000000003
7321,138127.0,False,191.70000000000002,13.700000000000001,-2.1
7322,138147.0,False,191.60000000000002,14.100000000000001,-2.0
7323,138165.0,False,191.60000000000002,14.5,-2.0
7324,138185.0,False,191.60000000000002,14.9,-2.0
7325,138198.0,False,191.70000000000002,15.100000000000001,-2.0
7326,138215.0,False,191.8,15.5,-2.0
7327,138231.0,False,191.9,15.700000000000001,-2.0
7328,138247.0,False,192.10000000000002,15.8,-2.0
7329,138265.0,False,192.10000000000002,15.700000000000001,-1.7000000000000002
7330,138281.0,False,192.20000000000002,15.600000000000001,-1.5
7331,138297.0,False,192.3,15.3,-0.9
7332,138319.0,False,192.4,14.8,0.2
7333,138331.0,False,192.5,14.4,0.8
7334,138347.0,False,192.9,13.600000000000001,2.3000000000000003
7335,138366.0,False,193.4,12.9,3.7
7336,138384.0,False,193.9,12.700000000000001,4.4
7337,138428.0,False,194.0,12.9,3.7
7338,138448.0,False,194.10000000000002,12.8,3.2
7339,138464.0,False,194.20000000000002,12.600000000000001,2.8000000000000003
7340,138482.0,False,194.4,12.4,2.7
7341,138499.0,False,194.60000000000002,12.3,2.7
7342,138525.0,False,195.4,11.9,2.8000000000000003
7343,138547.0,False,196.10000000000002,11.4,2.8000000000000003
7344,138571.0,False,197.20000000000002,10.200000000000001,2.8000000000000003
7345,138580.0,False,197.60000000000002,9.8,2.8000000000000003
7346,138599.0,False,198.0,9.4,2.9000000000000004
7347,138623.0,False,199.10000000000002,8.4,3.1
7348,138647.0,False,199.8,7.9,3.3000000000000003
7349,138666.0,False,200.4,7.5,3.5
7350,138681.0,False,201.0,7.1000000000000005,3.5
7351,138698.0,False,201.3,6.800000000000001,3.5
7352,138724.0,False,202.10000000000002,6.2,3.6
7353,138748.0,False,202.70000000000002,6.0,3.8000000000000003
7354,138765.0,False,203.20000000000002,6.0,3.8000000000000003
7355,138782.0,False,203.60000000000002,6.1000000000000005,3.9000000000000004
7356,138798.0,False,203.8,6.2,3.9000000000000004
7357,138823.0,False,204.3,6.300000000000001,4.2
7358,138831.0,False,204.5,6.4,4.3
7359,138847.0,False,204.9,6.6000000000000005,4.5
7360,138865.0,False,205.10000000000002,6.7,4.6000000000000005
7361,138881.0,False,205.5,7.1000000000000005,4.6000000000000005
7362,138898.0,False,205.60000000000002,7.300000000000001,4.4
7363,138923.0,False,206.10000000000002,7.5,3.9000000000000004
7364,138930.0,False,206.4,7.5,3.7
7365,138948.0,False,207.0,7.5,3.1
7366,138964.0,False,207.3,7.6000000000000005,2.7
7367,138981.0,False,207.8,7.800000000000001,2.0
7368,138997.0,False,208.0,7.9,1.8
7369,139018.0,False,208.20000000000002,8.1,1.3
7370,139047.0,False,207.9,8.200000000000001,1.4000000000000001
7371,139067.0,False,207.70000000000002,8.3,1.5
7372,139081.0,False,207.3,8.5,1.9000000000000001
7373,139102.0,False,206.8,8.6,2.2
7374,139125.0,False,206.3,8.5,2.3000000000000003
7375,139130.0,False,206.10000000000002,8.5,2.2
7376,139147.0,False,205.60000000000002,8.3,1.7000000000000002
7377,139166.0,False,205.4,8.3,1.4000000000000001
7378,139181.0,False,204.8,8.200000000000001,0.6000000000000001
7379,139197.0,False,204.5,8.200000000000001,0.2
7380,139223.0,False,203.70000000000002,8.700000000000001,-0.9
7381,139231.0,False,203.4,8.9,-1.3
7382,139248.0,False,202.8,9.5,-1.8
7383,139264.0,False,202.5,9.700000000000001,-2.1
7384,139286.0,False,201.60000000000002,10.5,-2.2
7385,139298.0,False,201.4,10.8,-2.2
7386,139325.0,False,200.8,11.9,-2.4000000000000004
7387,139348.0,False,200.5,12.700000000000001,-2.8000000000000003
7388,139365.0,False,200.3,13.100000000000001,-3.1
7389,139382.0,False,199.9,13.600000000000001,-3.5
7390,139402.0,False,199.60000000000002,13.9,-3.9000000000000004
7391,139421.0,False,199.60000000000002,14.0,-4.2
7392,139431.0,False,199.60000000000002,14.0,-4.4
7393,139447.0,False,199.5,13.9,-4.5
7394,139465.0,False,199.3,13.5,-4.3
7395,139481.0,False,199.20000000000002,13.3,-3.9000000000000004
7396,139497.0,False,199.0,12.700000000000001,-2.7
7397,139523.0,False,198.9,12.100000000000001,-0.6000000000000001
7398,139538.0,False,198.9,12.100000000000001,0.0
7399,139547.0,False,198.9,12.200000000000001,0.4
7400,139568.0,False,198.9,12.4,0.7000000000000001
7401,139597.0,False,198.9,12.3,0.2
7402,139617.0,False,199.0,12.0,-0.2
7403,139635.0,False,199.10000000000002,11.8,-0.6000000000000001
7404,139647.0,False,199.20000000000002,11.8,-0.8
7405,139666.0,False,199.5,11.9,-1.1
7406,139682.0,False,199.8,12.200000000000001,-1.3
7407,139698.0,False,200.0,12.3,-1.4000000000000001
7408,139715.0,False,200.5,12.600000000000001,-1.7000000000000002
7409,139730.0,False,200.9,12.600000000000001,-1.8
7410,139748.0,False,201.60000000000002,12.4,-2.1
7411,139764.0,False,202.4,11.700000000000001,-2.3000000000000003
7412,139780.0,False,202.9,11.3,-2.3000000000000003
7413,139801.0,False,203.70000000000002,10.3,-1.9000000000000001
7414,139822.0,False,204.60000000000002,9.3,-1.1
7415,139831.0,False,205.0,9.0,-0.7000000000000001
7416,139848.0,False,205.60000000000002,8.5,0.2
7417,139865.0,False,206.0,8.4,0.9
7418,139882.0,False,206.0,8.5,1.5
7419,139897.0,False,205.9,8.5,1.9000000000000001
7420,139921.0,False,205.8,8.6,2.6
7421,139931.0,False,205.8,8.6,3.3000000000000003
7422,139951.0,False,206.0,8.700000000000001,4.0
7423,139967.0,False,206.10000000000002,8.700000000000001,4.2
7424,139981.0,False,206.4,8.8,4.5
7425,139997.0,False,206.5,8.700000000000001,4.6000000000000005
7426,140020.0,False,207.0,8.4,5.0
7427,140034.0,False,207.3,8.3,5.1000000000000005
7428,140047.0,False,207.5,8.3,5.2
7429,140066.0,False,208.0,8.3,5.1000000000000005
7430,140081.0,False,208.3,8.3,4.800000000000001
7431,140101.0,False,208.60000000000002,8.3,4.5
7432,140122.0,False,208.9,8.4,4.0
7433,140131.0,False,209.0,8.6,3.7
7434,140148.0,False,209.10000000000002,8.700000000000001,3.3000000000000003
7435,140165.0,False,209.0,9.200000000000001,2.7
7436,140181.0,False,208.70000000000002,9.700000000000001,2.2
7437,140197.0,False,208.5,10.100000000000001,2.1
7438,140217.0,False,207.9,10.9,1.9000000000000001
7439,140231.0,False,207.3,11.700000000000001,2.0
7440,140250.0,False,206.70000000000002,12.4,2.0
7441,140265.0,False,206.5,12.600000000000001,2.1
7442,140281.0,False,206.0,12.8,2.2
7443,140297.0,False,205.8,12.700000000000001,2.3000000000000003
7444,140320.0,False,205.4,12.0,2.5
7445,140332.0,False,205.4,11.8,2.4000000000000004
7446,140348.0,False,205.20000000000002,11.3,2.2
7447,140365.0,False,205.0,11.200000000000001,2.0
7448,140381.0,False,204.5,11.3,1.4000000000000001
7449,140397.0,False,203.70000000000002,11.600000000000001,0.8
7450,140419.0,False,203.0,11.9,0.30000000000000004
7451,140433.0,False,202.60000000000002,12.100000000000001,0.1
7452,140448.0,False,202.3,12.3,-0.2
7453,140464.0,False,201.70000000000002,12.700000000000001,-0.5
7454,140481.0,False,201.10000000000002,13.100000000000001,-0.9
7455,140498.0,False,200.60000000000002,13.5,-1.1
7456,140518.0,False,200.10000000000002,13.9,-1.3
7457,140531.0,False,199.9,14.100000000000001,-1.4000000000000001
7458,140549.0,False,199.60000000000002,14.600000000000001,-1.5
7459,140564.0,False,199.4,14.8,-1.5
7460,140581.0,False,199.10000000000002,15.100000000000001,-1.4000000000000001
7461,140597.0,False,198.8,15.3,-1.2000000000000002
7462,140621.0,False,198.60000000000002,15.4,-0.8
7463,140631.0,False,198.5,15.4,-0.6000000000000001
7464,140647.0,False,198.3,15.200000000000001,-0.4
7465,140667.0,False,198.20000000000002,14.600000000000001,0.0
7466,140682.0,False,198.3,14.100000000000001,0.30000000000000004
7467,140702.0,False,198.4,13.5,0.6000000000000001
7468,140718.0,False,199.0,11.5,1.4000000000000001
7469,140730.0,False,199.3,10.700000000000001,1.6
7470,140748.0,False,199.70000000000002,9.3,1.8
7471,140764.0,False,199.60000000000002,8.8,2.0
7472,140782.0,False,199.3,8.0,2.3000000000000003
7473,140797.0,False,198.8,7.6000000000000005,2.7
7474,140817.0,False,198.3,7.4,3.0
7475,140831.0,False,198.10000000000002,7.300000000000001,3.2
7476,140847.0,False,197.60000000000002,6.9,3.6
7477,140864.0,False,197.20000000000002,6.300000000000001,3.8000000000000003
7478,140883.0,False,197.0,5.9,4.0
7479,140898.0,False,196.8,5.2,4.1000000000000005
7480,140919.0,False,196.60000000000002,4.6000000000000005,4.1000000000000005
7481,140935.0,False,196.60000000000002,4.1000000000000005,4.0
7482,140948.0,False,196.60000000000002,3.9000000000000004,4.0
7483,140964.0,False,196.70000000000002,3.7,3.8000000000000003
7484,140981.0,False,196.8,3.5,3.8000000000000003
7485,140999.0,False,197.20000000000002,3.1,3.9000000000000004
7486,141017.0,False,197.70000000000002,2.6,4.0
7487,141031.0,False,198.0,2.2,4.1000000000000005
7488,141047.0,False,198.70000000000002,1.5,4.3
7489,141065.0,False,199.3,1.0,4.5
7490,141082.0,False,199.60000000000002,0.8,4.5
7491,141101.0,False,200.0,0.7000000000000001,4.6000000000000005
7492,141118.0,False,200.20000000000002,1.0,4.5
7493,141131.0,False,200.10000000000002,1.7000000000000002,4.1000000000000005
7494,141148.0,False,200.0,2.1,3.9000000000000004
7495,141164.0,False,199.70000000000002,3.0,3.3000000000000003
7496,141181.0,False,199.5,4.0,2.8000000000000003
7497,141198.0,False,199.4,4.4,2.6
7498,141218.0,False,199.4,5.1000000000000005,2.4000000000000004
7499,141231.0,False,199.60000000000002,5.7,2.3000000000000003
7500,141249.0,False,199.8,5.9,2.3000000000000003
7501,141266.0,False,200.3,6.1000000000000005,2.3000000000000003
7502,141280.0,False,200.9,6.300000000000001,2.2
7503,141297.0,False,201.3,6.300000000000001,2.2
7504,141317.0,False,202.10000000000002,6.4,1.9000000000000001
7505,141333.0,False,202.9,6.6000000000000005,1.4000000000000001
7506,141347.0,False,203.20000000000002,6.7,1.1
7507,141364.0,False,203.9,7.0,0.6000000000000001
7508,141382.0,False,204.3,7.2,0.1
7509,141399.0,False,204.5,7.300000000000001,-0.1
7510,141417.0,False,204.8,7.4,-0.2
7511,141432.0,False,205.10000000000002,7.4,-0.1
7512,141447.0,False,205.20000000000002,7.300000000000001,0.0
7513,141465.0,False,205.4,7.2,0.30000000000000004
7514,141481.0,False,205.60000000000002,7.2,0.7000000000000001
7515,141501.0,False,205.70000000000002,7.300000000000001,1.1
7516,141515.0,False,205.70000000000002,7.4,1.4000000000000001
7517,141532.0,False,205.60000000000002,7.7,1.7000000000000002
7518,141549.0,False,205.5,8.0,1.8
7519,141564.0,False,205.3,8.6,1.8
7520,141581.0,False,205.20000000000002,9.200000000000001,1.6
7521,141599.0,False,205.10000000000002,9.8,1.2000000000000002
7522,141617.0,False,205.10000000000002,10.100000000000001,1.0
7523,141632.0,False,205.3,10.600000000000001,0.6000000000000001
7524,141649.0,False,205.60000000000002,11.0,0.2
7525,141664.0,False,205.9,11.200000000000001,0.0
7526,141681.0,False,206.5,11.5,-0.4
7527,141697.0,False,206.9,11.700000000000001,-0.6000000000000001
7528,141719.0,False,207.9,12.4,-1.3
7529,141730.0,False,208.20000000000002,12.700000000000001,-1.6
7530,141747.0,False,208.60000000000002,13.4,-2.3000000000000003
7531,141764.0,False,208.8,13.8,-2.7
7532,141783.0,False,209.20000000000002,14.200000000000001,-3.6
7533,141800.0,False,209.60000000000002,14.3,-4.4
7534,141830.0,False,209.8,14.3,-4.9
7535,141847.0,False,209.9,14.200000000000001,-5.300000000000001
7536,141864.0,False,209.8,14.200000000000001,-5.5
7537,141882.0,False,209.60000000000002,14.0,-5.300000000000001
7538,141901.0,False,209.4,13.8,-4.800000000000001
7539,141914.0,False,209.20000000000002,13.700000000000001,-4.3
7540,141932.0,False,208.8,13.600000000000001,-3.2
7541,141948.0,False,208.5,13.600000000000001,-2.1
7542,141965.0,False,208.3,13.600000000000001,-1.1
7543,141981.0,False,208.20000000000002,13.600000000000001,-0.7000000000000001
7544,141997.0,False,208.10000000000002,13.3,-0.30000000000000004
7545,142014.0,False,208.0,13.0,-0.30000000000000004
7546,142030.0,False,208.10000000000002,12.200000000000001,-0.30000000000000004
7547,142047.0,False,208.20000000000002,11.200000000000001,-0.5
7548,142064.0,False,208.5,10.200000000000001,-0.7000000000000001
7549,142082.0,False,208.60000000000002,9.8,-0.7000000000000001
7550,142103.0,False,208.8,9.0,-0.7000000000000001
7551,142116.0,False,209.10000000000002,8.6,-0.5
7552,142131.0,False,209.3,8.5,-0.5
7553,142147.0,False,209.60000000000002,8.200000000000001,-0.5
7554,142164.0,False,210.0,8.0,-0.5
7555,142185.0,False,210.3,7.6000000000000005,-0.5
7556,142197.0,False,210.5,7.4,-0.4
7557,142216.0,False,210.9,6.9,-0.1
7558,142231.0,False,211.10000000000002,6.7,0.1
7559,142247.0,False,211.5,6.4,0.6000000000000001
7560,142264.0,False,211.9,6.1000000000000005,0.9
7561,142283.0,False,212.0,6.0,1.1
7562,142302.0,False,212.20000000000002,5.7,1.5
7563,142318.0,False,212.3,5.5,2.0
7564,142331.0,False,212.3,5.4,2.3000000000000003
7565,142348.0,False,212.4,5.1000000000000005,3.0
7566,142364.0,False,212.4,4.800000000000001,3.5
7567,142381.0,False,212.4,4.6000000000000005,3.7
7568,142399.0,False,212.3,4.3,4.0
7569,142416.0,False,212.0,4.1000000000000005,4.0
7570,142434.0,False,211.5,4.0,3.8000000000000003
7571,142451.0,False,211.20000000000002,4.0,3.7
7572,142466.0,False,210.70000000000002,4.0,3.7
7573,142481.0,False,210.5,3.9000000000000004,3.8000000000000003
7574,142497.0,False,210.3,3.7,4.0
7575,142515.0,False,210.0,3.8000000000000003,4.0
7576,142531.0,False,209.60000000000002,4.1000000000000005,3.4000000000000004
7577,142549.0,False,209.3,4.4,2.9000000000000004
7578,142565.0,False,208.5,5.0,1.8
7579,142581.0,False,207.70000000000002,5.300000000000001,1.0
7580,142597.0,False,207.3,5.4,0.7000000000000001
7581,142614.0,False,206.4,5.7,0.5
7582,142631.0,False,205.5,6.2,0.5
7583,142647.0,False,205.0,6.5,0.5
7584,142666.0,False,203.9,7.0,0.5
7585,142682.0,False,202.9,7.6000000000000005,0.4
7586,142699.0,False,202.3,7.800000000000001,0.2
7587,142714.0,False,201.3,8.4,-0.30000000000000004
7588,142730.0,False,200.3,8.9,-0.9
7589,142747.0,False,199.8,9.1,-1.3
7590,142766.0,False,198.9,9.700000000000001,-2.0
7591,142781.0,False,197.9,10.4,-2.6
7592,142797.0,False,197.3,10.700000000000001,-3.0
7593,142819.0,False,196.3,11.5,-3.4000000000000004
7594,142831.0,False,195.5,12.100000000000001,-3.7
7595,142847.0,False,195.10000000000002,12.4,-3.8000000000000003
7596,142864.0,False,194.5,12.8,-3.8000000000000003
7597,142880.0,False,194.0,13.3,-3.8000000000000003
7598,142899.0,False,193.60000000000002,13.9,-3.9000000000000004
7599,142918.0,False,193.4,14.200000000000001,-4.0
7600,142932.0,False,193.0,14.8,-4.2
7601,142947.0,False,192.8,15.100000000000001,-4.3
7602,142964.0,False,192.70000000000002,15.4,-4.4
7603,142997.0,False,192.8,15.0,-4.5
7604,143019.0,False,192.9,14.8,-4.4
7605,143030.0,False,192.9,14.5,-4.3
7606,143047.0,False,192.8,14.100000000000001,-4.0
7607,143065.0,False,192.70000000000002,13.8,-3.6
7608,143081.0,False,192.60000000000002,13.4,-2.7
7609,143109.0,False,192.60000000000002,12.9,-1.2000000000000002
7610,143130.0,False,192.70000000000002,12.9,-0.4
7611,143147.0,False,192.9,12.600000000000001,0.2
7612,143168.0,False,193.10000000000002,12.100000000000001,0.6000000000000001
7613,143183.0,False,193.20000000000002,11.700000000000001,0.8
7614,143199.0,False,193.3,11.3,1.0
7615,143224.0,False,193.8,10.4,1.2000000000000002
7616,143230.0,False,194.0,10.100000000000001,1.2000000000000002
7617,143247.0,False,194.3,9.5,1.4000000000000001
7618,143264.0,False,194.4,9.200000000000001,1.5
7619,143282.0,False,194.9,8.4,1.8
7620,143298.0,False,195.4,7.7,2.1
7621,143315.0,False,196.0,7.2,2.2
7622,143331.0,False,196.3,6.9,2.3000000000000003
7623,143347.0,False,197.0,6.4,2.5
7624,143366.0,False,197.70000000000002,6.0,2.7
7625,143382.0,False,198.10000000000002,5.800000000000001,2.9000000000000004
7626,143400.0,False,198.9,5.5,3.4000000000000004
7627,143415.0,False,199.8,5.2,3.7
7628,143430.0,False,200.20000000000002,5.1000000000000005,3.8000000000000003
7629,143447.0,False,200.9,5.0,4.1000000000000005
7630,143464.0,False,201.3,5.0,4.2
7631,143482.0,False,202.0,5.1000000000000005,4.4
7632,143499.0,False,202.60000000000002,5.2,4.5
7633,143514.0,False,203.0,5.300000000000001,4.5
7634,143531.0,False,203.60000000000002,5.300000000000001,4.4
7635,143550.0,False,204.20000000000002,5.300000000000001,4.4
7636,143565.0,False,204.9,5.300000000000001,4.4
7637,143580.0,False,205.20000000000002,5.300000000000001,4.5
7638,143597.0,False,205.70000000000002,5.4,4.7
7639,143616.0,False,206.10000000000002,5.5,4.7
7640,143631.0,False,206.3,5.6000000000000005,4.7
7641,143647.0,False,206.60000000000002,5.6000000000000005,4.3
7642,143665.0,False,206.8,5.5,4.0
7643,143680.0,False,206.9,5.5,3.8000000000000003
7644,143697.0,False,207.10000000000002,5.300000000000001,3.6
7645,143714.0,False,207.3,5.300000000000001,3.3000000000000003
7646,143733.0,False,207.3,5.4,3.2
7647,143750.0,False,207.3,5.800000000000001,2.7
7648,143765.0,False,207.20000000000002,6.300000000000001,2.2
7649,143781.0,False,207.10000000000002,6.6000000000000005,2.0
7650,143797.0,False,206.8,7.2,1.5
7651,143814.0,False,206.60000000000002,7.9,1.1
7652,143831.0,False,206.4,8.200000000000001,1.0
7653,143847.0,False,206.0,8.9,0.6000000000000001
7654,143864.0,False,205.5,9.600000000000001,0.4
7655,143881.0,False,205.20000000000002,10.0,0.30000000000000004
7656,143898.0,False,204.70000000000002,10.700000000000001,0.30000000000000004
7657,143923.0,False,203.70000000000002,11.9,0.4
7658,143948.0,False,203.0,12.8,0.2
7659,143964.0,False,202.3,13.600000000000001,-0.1
7660,143984.0,False,201.70000000000002,14.200000000000001,-0.5
7661,143997.0,False,201.3,14.5,-0.7000000000000001
7662,144014.0,False,200.70000000000002,15.100000000000001,-1.2000000000000002
7663,144033.0,False,200.10000000000002,15.600000000000001,-1.5
7664,144047.0,False,199.9,15.8,-1.6
7665,144065.0,False,199.5,16.1,-1.9000000000000001
7666,144083.0,False,199.10000000000002,16.400000000000002,-1.9000000000000001
7667,144100.0,False,198.70000000000002,16.8,-1.9000000000000001
7668,144114.0,False,198.5,17.1,-1.9000000000000001
7669,144130.0,False,198.20000000000002,17.6,-2.0
7670,144147.0,False,198.0,17.900000000000002,-2.0
7671,144167.0,False,197.70000000000002,18.400000000000002,-2.0
7672,144181.0,False,197.5,18.8,-2.1
7673,144197.0,False,197.5,18.8,-2.2
7674,144215.0,False,197.5,18.7,-2.3000000000000003
7675,144231.0,False,197.4,18.400000000000002,-2.4000000000000004
7676,144248.0,False,197.4,18.1,-2.3000000000000003
7677,144264.0,False,197.20000000000002,17.6,-2.1
7678,144281.0,False,197.0,17.0,-1.7000000000000002
7679,144300.0,False,196.60000000000002,16.400000000000002,-1.0
7680,144326.0,False,196.20000000000002,15.8,0.0
7681,144347.0,False,195.8,15.3,1.1
7682,144367.0,False,195.5,15.0,1.9000000000000001
7683,144380.0,False,195.4,14.700000000000001,2.4000000000000004
7684,144399.0,False,195.20000000000002,14.4,2.5
7685,144414.0,False,195.10000000000002,14.200000000000001,2.6
7686,144432.0,False,194.70000000000002,14.0,2.8000000000000003
7687,144448.0,False,194.60000000000002,13.8,2.9000000000000004
7688,144466.0,False,194.5,13.5,3.1
7689,144480.0,False,194.60000000000002,13.100000000000001,3.3000000000000003
7690,144500.0,False,194.9,12.5,3.5
7691,144520.0,False,195.3,11.700000000000001,3.6
7692,144530.0,False,195.5,11.3,3.6
7693,144547.0,False,196.0,10.600000000000001,3.7
7694,144566.0,False,196.3,10.3,3.6
7695,144581.0,False,196.70000000000002,10.0,3.5
7696,144597.0,False,197.0,9.8,3.4000000000000004
7697,144621.0,False,197.3,9.700000000000001,3.3000000000000003
7698,144647.0,False,197.8,9.5,3.4000000000000004
7699,144665.0,False,198.0,9.4,3.5
7700,144682.0,False,198.5,9.0,3.6
7701,144698.0,False,198.70000000000002,8.8,3.7
7702,144723.0,False,199.5,8.1,4.1000000000000005
7703,144734.0,False,199.70000000000002,7.9,4.3
7704,144747.0,False,200.20000000000002,7.5,4.5
7705,144764.0,False,200.5,7.4,4.5
7706,144782.0,False,200.8,7.2,4.5
7707,144798.0,False,201.10000000000002,7.1000000000000005,4.4
7708,144823.0,False,201.20000000000002,7.0,4.4
7709,144847.0,False,201.3,7.1000000000000005,4.4
7710,144883.0,False,201.4,7.4,4.4
7711,144899.0,False,201.3,7.7,4.1000000000000005
7712,144929.0,False,201.20000000000002,8.0,3.8000000000000003
7713,144949.0,False,201.20000000000002,8.1,3.5
7714,144982.0,False,201.60000000000002,8.1,2.9000000000000004
7715,145002.0,False,201.70000000000002,8.3,2.3000000000000003
7716,145017.0,False,201.60000000000002,8.700000000000001,1.5
7717,145030.0,False,201.5,9.0,1.1
7718,145048.0,False,201.10000000000002,9.700000000000001,0.4
7719,145063.0,False,200.70000000000002,10.3,0.0
7720,145081.0,False,200.5,10.600000000000001,-0.2
7721,145098.0,False,200.0,11.200000000000001,-0.4
7722,145119.0,False,199.60000000000002,11.600000000000001,-0.4
7723,145130.0,False,199.3,11.700000000000001,-0.30000000000000004
7724,145147.0,False,199.0,11.9,-0.1
7725,145165.0,False,198.70000000000002,12.0,0.0
7726,145197.0,False,198.5,12.100000000000001,-0.30000000000000004
7727,145224.0,False,198.20000000000002,12.4,-1.1
7728,145247.0,False,197.8,12.8,-1.7000000000000002
7729,145264.0,False,197.4,13.100000000000001,-2.2
7730,145281.0,False,197.10000000000002,13.5,-2.6
7731,145300.0,False,197.0,13.700000000000001,-2.8000000000000003
7732,145323.0,False,196.8,14.200000000000001,-3.2
7733,145332.0,False,196.70000000000002,14.3,-3.3000000000000003
7734,145347.0,False,196.60000000000002,14.5,-3.4000000000000004
7735,145364.0,False,196.4,14.9,-3.5
7736,145381.0,False,196.3,15.3,-3.8000000000000003
7737,145401.0,False,196.20000000000002,15.700000000000001,-4.0
7738,145423.0,False,196.10000000000002,16.1,-4.2
7739,145449.0,False,195.9,16.3,-4.2
7740,145464.0,False,195.70000000000002,16.400000000000002,-3.9000000000000004
7741,145481.0,False,195.5,16.400000000000002,-3.3000000000000003
7742,145500.0,False,195.3,16.400000000000002,-2.6
7743,145523.0,False,194.9,16.1,-1.6
7744,145530.0,False,194.70000000000002,16.0,-1.1
7745,145548.0,False,194.5,15.9,-0.5
7746,145563.0,False,194.20000000000002,15.8,0.4
7747,145582.0,False,194.10000000000002,15.700000000000001,1.1
7748,145597.0,False,194.10000000000002,15.600000000000001,1.4000000000000001
7749,145620.0,False,194.10000000000002,14.9,2.1
7750,145630.0,False,194.10000000000002,14.600000000000001,2.3000000000000003
7751,145652.0,False,194.10000000000002,14.200000000000001,2.6
7752,145666.0,False,194.20000000000002,14.100000000000001,2.8000000000000003
7753,145682.0,False,194.4,13.8,3.2
7754,145700.0,False,194.5,13.600000000000001,3.4000000000000004
7755,145718.0,False,195.0,13.200000000000001,3.8000000000000003
7756,145730.0,False,195.60000000000002,12.5,4.2
7757,145748.0,False,195.9,12.100000000000001,4.3
7758,145765.0,False,196.8,11.3,4.4
7759,145781.0,False,197.60000000000002,10.5,4.3
7760,145798.0,False,198.4,9.9,4.1000000000000005
7761,145819.0,False,199.10000000000002,9.5,3.9000000000000004
7762,145831.0,False,199.5,9.3,3.9000000000000004
7763,145849.0,False,200.3,8.9,3.9000000000000004
7764,145865.0,False,200.60000000000002,8.8,4.0
7765,145881.0,False,201.4,8.4,4.1000000000000005
7766,145897.0,False,202.0,8.200000000000001,4.3
7767,145924.0,False,202.60000000000002,8.0,4.6000000000000005
7768,145930.0,False,202.9,7.9,4.800000000000001
7769,145947.0,False,203.4,7.9,5.1000000000000005
7770,145965.0,False,203.70000000000002,7.9,5.300000000000001
7771,145981.0,False,204.10000000000002,7.800000000000001,5.6000000000000005
7772,146000.0,False,204.5,7.7,5.800000000000001
7773,146019.0,False,204.8,7.7,5.800000000000001
7774,146047.0,False,205.0,7.7,5.800000000000001
7775,146064.0,False,205.10000000000002,7.6000000000000005,5.800000000000001
7776,146130.0,False,205.10000000000002,7.800000000000001,5.800000000000001
7777,146147.0,False,204.9,7.9,5.5
7778,146166.0,False,204.8,8.1,5.0
7779,146180.0,False,204.70000000000002,8.200000000000001,4.6000000000000005
7780,146197.0,False,204.5,8.4,3.7
7781,146217.0,False,204.3,8.5,2.7
7782,146230.0,False,204.10000000000002,8.6,2.3000000000000003
7783,146248.0,False,203.60000000000002,8.700000000000001,1.4000000000000001
7784,146265.0,False,202.8,8.9,0.8
7785,146282.0,False,202.3,9.1,0.7000000000000001
7786,146299.0,False,201.20000000000002,9.5,0.5
7787,146321.0,False,199.9,10.0,0.6000000000000001
7788,146330.0,False,199.20000000000002,10.200000000000001,0.7000000000000001
7789,146349.0,False,197.9,10.700000000000001,1.1
7790,146364.0,False,196.60000000000002,10.9,1.5
7791,146380.0,False,196.0,10.9,1.7000000000000002
7792,146397.0,False,194.9,10.8,1.8
7793,146421.0,False,193.8,10.8,1.4000000000000001
7794,146430.0,False,193.20000000000002,10.9,1.1
7795,146447.0,False,192.0,11.0,0.30000000000000004
7796,146464.0,False,190.9,11.200000000000001,-0.5
7797,146483.0,False,189.9,11.3,-1.1
7798,146498.0,False,189.5,11.4,-1.3
7799,146520.0,False,188.70000000000002,11.600000000000001,-1.7000000000000002
7800,146531.0,False,188.4,11.700000000000001,-1.9000000000000001
7801,146547.0,False,187.70000000000002,12.0,-2.0
7802,146568.0,False,187.20000000000002,12.5,-2.0
7803,146583.0,False,186.70000000000002,13.0,-1.9000000000000001
7804,146598.0,False,186.5,13.200000000000001,-1.9000000000000001
7805,146619.0,False,186.3,13.8,-2.1
7806,146631.0,False,186.20000000000002,14.100000000000001,-2.3000000000000003
7807,146649.0,False,186.0,14.600000000000001,-2.6
7808,146665.0,False,185.9,14.8,-2.7
7809,146697.0,False,185.9,14.8,-2.8000000000000003
7810,146722.0,False,186.0,14.200000000000001,-2.6
7811,146747.0,False,186.0,13.600000000000001,-2.0
7812,146772.0,False,186.10000000000002,12.8,-0.7000000000000001
7813,146783.0,False,186.20000000000002,12.700000000000001,-0.30000000000000004
7814,146797.0,False,186.4,12.5,0.1
7815,146820.0,False,187.0,11.8,0.7000000000000001
7816,146833.0,False,187.20000000000002,11.5,0.7000000000000001
7817,146847.0,False,187.3,11.200000000000001,0.7000000000000001
7818,146882.0,False,187.4,10.5,0.8
7819,146913.0,False,187.60000000000002,10.3,1.1
7820,146932.0,False,187.9,10.3,1.1
7821,146947.0,False,188.10000000000002,10.200000000000001,1.2000000000000002
7822,146964.0,False,188.5,9.8,1.3
7823,146980.0,False,189.10000000000002,9.3,1.4000000000000001
7824,146998.0,False,189.9,8.8,1.6
7825,147029.0,False,191.0,8.0,1.9000000000000001
7826,147049.0,False,191.8,7.5,2.2
7827,147064.0,False,192.10000000000002,7.2,2.4000000000000004
7828,147091.0,False,193.0,6.7,3.0
7829,147101.0,False,193.3,6.5,3.2
7830,147125.0,False,193.9,6.4,3.5
7831,147131.0,False,194.20000000000002,6.4,3.6
7832,147148.0,False,194.60000000000002,6.5,3.8000000000000003
7833,147163.0,False,194.8,6.6000000000000005,3.9000000000000004
7834,147182.0,False,195.20000000000002,6.800000000000001,4.0
7835,147197.0,False,195.4,6.9,4.1000000000000005
7836,147213.0,False,195.70000000000002,7.2,4.3
7837,147230.0,False,196.0,7.6000000000000005,4.6000000000000005
7838,147247.0,False,196.4,7.9,4.9
7839,147281.0,False,196.8,8.200000000000001,5.0
7840,147300.0,False,197.0,8.4,4.800000000000001
7841,147313.0,False,197.0,8.5,4.6000000000000005
7842,147331.0,False,197.10000000000002,8.5,4.2
7843,147349.0,False,197.20000000000002,8.4,3.8000000000000003
7844,147363.0,False,197.20000000000002,8.4,3.6
7845,147380.0,False,197.4,8.3,3.1
7846,147397.0,False,197.5,8.5,2.0
7847,147414.0,False,197.5,8.700000000000001,1.4000000000000001
7848,147431.0,False,197.20000000000002,9.1,0.30000000000000004
7849,147448.0,False,196.9,9.3,-0.1
7850,147465.0,False,196.20000000000002,9.8,-0.8
7851,147480.0,False,195.4,10.5,-1.2000000000000002
7852,147497.0,False,194.60000000000002,11.4,-1.3
7853,147515.0,False,194.20000000000002,11.8,-1.3
7854,147532.0,False,193.4,12.4,-1.3
7855,147548.0,False,192.60000000000002,12.9,-1.2000000000000002
7856,147564.0,False,192.3,13.0,-1.2000000000000002
7857,147582.0,False,191.70000000000002,13.100000000000001,-1.3
7858,147599.0,False,191.10000000000002,13.3,-1.6
7859,147618.0,False,190.5,13.600000000000001,-2.3000000000000003
7860,147632.0,False,190.10000000000002,13.8,-2.7
7861,147648.0,False,189.4,14.200000000000001,-3.5
7862,147664.0,False,188.8,14.4,-4.4
7863,147681.0,False,188.5,14.5,-4.7
7864,147698.0,False,188.20000000000002,14.600000000000001,-5.0
7865,147715.0,False,187.5,14.8,-5.5
7866,147731.0,False,187.3,14.9,-5.5
7867,147747.0,False,187.0,15.200000000000001,-5.6000000000000005
7868,147764.0,False,186.70000000000002,15.600000000000001,-5.800000000000001
7869,147782.0,False,186.5,15.8,-5.800000000000001
7870,147797.0,False,186.10000000000002,16.1,-6.0
7871,147816.0,False,185.8,16.6,-6.1000000000000005
7872,147830.0,False,185.70000000000002,16.8,-6.2
7873,147848.0,False,185.60000000000002,17.3,-6.6000000000000005
7874,147864.0,False,185.4,17.5,-6.800000000000001
7875,147897.0,False,185.3,17.3,-6.7
7876,147919.0,False,185.3,16.8,-6.4
7877,147931.0,False,185.20000000000002,16.5,-6.2
7878,147948.0,False,185.20000000000002,15.8,-5.7
7879,147964.0,False,185.20000000000002,15.100000000000001,-5.2
7880,147982.0,False,185.20000000000002,14.700000000000001,-4.9
7881,147997.0,False,185.3,13.700000000000001,-4.1000000000000005
7882,148014.0,False,185.5,12.8,-3.3000000000000003
7883,148032.0,False,185.70000000000002,12.3,-2.6
7884,148047.0,False,185.8,12.200000000000001,-2.4000000000000004
7885,148064.0,False,185.70000000000002,12.3,-2.0
7886,148081.0,False,185.60000000000002,12.600000000000001,-1.7000000000000002
7887,148102.0,False,185.60000000000002,12.700000000000001,-1.5
7888,148133.0,False,186.10000000000002,12.100000000000001,-1.3
7889,148147.0,False,186.3,11.8,-1.2000000000000002
7890,148163.0,False,186.9,10.9,-0.9
7891,148180.0,False,187.60000000000002,10.100000000000001,-0.4
7892,148199.0,False,187.9,9.8,-0.1
7893,148215.0,False,188.5,9.4,0.5
7894,148230.0,False,188.9,9.3,0.7000000000000001
7895,148248.0,False,189.5,9.0,1.2000000000000002
7896,148264.0,False,190.10000000000002,8.5,1.6
7897,148280.0,False,190.70000000000002,8.0,2.0
7898,148297.0,False,191.0,7.800000000000001,2.3000000000000003
7899,148320.0,False,192.0,7.1000000000000005,3.0
7900,148331.0,False,192.3,7.0,3.2
7901,148347.0,False,192.60000000000002,6.800000000000001,3.5
7902,148364.0,False,193.0,6.6000000000000005,4.1000000000000005
7903,148382.0,False,193.3,6.5,4.7
7904,148399.0,False,193.60000000000002,6.5,5.4
7905,148414.0,False,193.70000000000002,6.6000000000000005,5.7
7906,148430.0,False,193.8,6.6000000000000005,6.1000000000000005
7907,148447.0,False,193.8,6.5,6.300000000000001
7908,148463.0,False,193.8,6.4,6.5
7909,148483.0,False,193.60000000000002,6.2,6.7
7910,148497.0,False,193.5,6.1000000000000005,6.800000000000001
7911,148514.0,False,193.3,5.800000000000001,6.9
7912,148530.0,False,193.20000000000002,5.6000000000000005,7.1000000000000005
7913,148547.0,False,193.0,5.6000000000000005,7.1000000000000005
7914,148565.0,False,192.8,5.7,7.0
7915,148580.0,False,192.5,6.0,6.5
7916,148599.0,False,192.0,6.300000000000001,5.7
7917,148613.0,False,191.8,6.5,5.300000000000001
7918,148630.0,False,191.3,6.800000000000001,4.4
7919,148647.0,False,190.70000000000002,7.1000000000000005,3.5
7920,148665.0,False,190.4,7.2,3.1
7921,148682.0,False,189.70000000000002,7.5,2.5
7922,148697.0,False,189.4,7.6000000000000005,2.3000000000000003
7923,148714.0,False,188.70000000000002,7.7,2.1
7924,148730.0,False,188.10000000000002,7.9,2.0
7925,148747.0,False,187.4,8.1,1.9000000000000001
7926,148770.0,False,186.70000000000002,8.4,1.8
7927,148780.0,False,186.3,8.5,1.6
7928,148797.0,False,185.60000000000002,8.8,1.1
7929,148816.0,False,184.9,9.0,0.30000000000000004
7930,148830.0,False,184.5,9.1,-0.1
7931,148847.0,False,183.8,9.200000000000001,-0.9
7932,148866.0,False,183.20000000000002,9.4,-1.5
7933,148881.0,False,182.9,9.5,-1.7000000000000002
7934,148897.0,False,182.4,9.9,-2.1
7935,148913.0,False,182.20000000000002,10.100000000000001,-2.3000000000000003
7936,148931.0,False,181.9,10.5,-2.5
7937,148947.0,False,181.60000000000002,10.9,-2.8000000000000003
7938,148964.0,False,181.4,11.100000000000001,-2.9000000000000004
7939,148980.0,False,181.20000000000002,11.5,-3.1
7940,148997.0,False,181.10000000000002,11.8,-3.0
7941,149031.0,False,181.3,11.9,-2.6
7942,149047.0,False,181.5,12.0,-2.3000000000000003
7943,149064.0,False,181.60000000000002,12.0,-1.9000000000000001
7944,149082.0,False,181.60000000000002,11.8,-1.6
7945,149103.0,False,181.8,11.3,-0.9
7946,149114.0,False,182.10000000000002,10.5,0.2
7947,149134.0,False,182.4,10.200000000000001,0.7000000000000001
7948,149149.0,False,182.9,9.600000000000001,1.6
7949,149165.0,False,183.4,9.200000000000001,2.4000000000000004
7950,149182.0,False,183.70000000000002,9.0,2.7
7951,149197.0,False,184.5,8.4,3.2
7952,149213.0,False,185.20000000000002,7.800000000000001,3.2
7953,149230.0,False,185.5,7.5,3.1
7954,149247.0,False,186.0,7.2,2.8000000000000003
7955,149265.0,False,186.4,7.1000000000000005,2.8000000000000003
7956,149280.0,False,186.5,7.2,2.9000000000000004
7957,149297.0,False,186.9,7.4,3.2
7958,149313.0,False,187.3,7.6000000000000005,3.6
7959,149330.0,False,187.60000000000002,7.7,3.8000000000000003
7960,149347.0,False,188.4,7.5,4.2
7961,149364.0,False,189.4,7.0,4.5
7962,149383.0,False,190.5,6.4,4.800000000000001
7963,149398.0,False,191.0,6.2,5.0
7964,149414.0,False,192.20000000000002,5.6000000000000005,5.300000000000001
7965,149430.0,False,192.70000000000002,5.300000000000001,5.6000000000000005
7966,149447.0,False,193.9,4.7,6.2
7967,149466.0,False,195.0,4.2,6.6000000000000005
7968,149483.0,False,195.8,4.0,6.9
7969,149498.0,False,196.20000000000002,3.9000000000000004,7.0
7970,149515.0,False,196.8,3.9000000000000004,7.300000000000001
7971,149532.0,False,197.4,3.9000000000000004,7.6000000000000005
7972,149547.0,False,197.60000000000002,4.0,7.7
7973,149564.0,False,198.20000000000002,4.3,7.800000000000001
7974,149581.0,False,198.70000000000002,4.6000000000000005,8.0
7975,149599.0,False,199.0,4.800000000000001,8.0
7976,149614.0,False,199.5,5.1000000000000005,7.9
7977,149630.0,False,200.0,5.2,7.800000000000001
7978,149647.0,False,200.20000000000002,5.2,7.800000000000001
7979,149664.0,False,200.70000000000002,5.1000000000000005,7.7
7980,149682.0,False,201.20000000000002,4.9,7.7
7981,149697.0,False,201.5,4.800000000000001,7.800000000000001
7982,149714.0,False,202.0,4.6000000000000005,7.9
7983,149730.0,False,202.3,4.7,7.5
7984,149752.0,False,202.3,5.1000000000000005,6.4
7985,149763.0,False,202.10000000000002,5.300000000000001,5.6000000000000005
7986,149780.0,False,201.60000000000002,5.6000000000000005,4.1000000000000005
7987,149798.0,False,201.4,5.7,3.4000000000000004
7988,149813.0,False,200.8,5.800000000000001,2.3000000000000003
7989,149830.0,False,200.10000000000002,5.9,1.6
7990,149847.0,False,199.3,6.300000000000001,1.1
7991,149864.0,False,198.8,6.5,1.0
7992,149880.0,False,197.9,6.9,0.8
7993,149899.0,False,196.9,7.1000000000000005,0.7000000000000001
7994,149919.0,False,195.9,7.2,0.6000000000000001
7995,149933.0,False,195.4,7.2,0.5
7996,149947.0,False,194.4,7.300000000000001,0.30000000000000004
7997,149969.0,False,193.3,7.6000000000000005,-0.1
7998,149981.0,False,192.8,7.9,-0.4
7999,149999.0,False,191.60000000000002,8.4,-1.0
8000,150016.0,False,191.10000000000002,8.700000000000001,-1.3
8001,150030.0,False,190.10000000000002,9.200000000000001,-1.7000000000000002
8002,150049.0,False,189.3,9.8,-2.1
8003,150065.0,False,189.0,10.100000000000001,-2.2
8004,150082.0,False,188.3,10.8,-2.5
8005,150099.0,False,187.8,11.4,-2.7
8006,150113.0,False,187.5,11.700000000000001,-2.8000000000000003
8007,150130.0,False,187.10000000000002,12.200000000000001,-3.0
8008,150147.0,False,186.9,12.600000000000001,-3.0
8009,150181.0,False,186.60000000000002,12.9,-2.9000000000000004
8010,150201.0,False,186.60000000000002,13.0,-2.8000000000000003
8011,150226.0,False,186.10000000000002,13.600000000000001,-2.5
8012,150247.0,False,185.70000000000002,13.700000000000001,-2.1
8013,150264.0,False,185.5,13.700000000000001,-1.8
8014,150282.0,False,185.3,13.4,-0.9
8015,150298.0,False,185.4,13.200000000000001,-0.2
8016,150314.0,False,185.60000000000002,13.100000000000001,-0.1
8017,150330.0,False,185.9,12.8,-0.1
8018,150347.0,False,186.3,11.9,-0.1
8019,150364.0,False,186.4,11.4,-0.2
8020,150382.0,False,186.60000000000002,10.4,-0.30000000000000004
8021,150400.0,False,186.70000000000002,9.700000000000001,-0.30000000000000004
8022,150425.0,False,186.8,9.4,-0.1
8023,150447.0,False,186.9,9.1,0.30000000000000004
8024,150466.0,False,187.10000000000002,8.8,0.8
8025,150482.0,False,187.3,8.5,1.1
8026,150498.0,False,187.9,7.800000000000001,1.7000000000000002
8027,150518.0,False,188.8,7.1000000000000005,2.2
8028,150530.0,False,189.20000000000002,6.7,2.4000000000000004
8029,150554.0,False,190.8,5.800000000000001,2.7
8030,150564.0,False,191.3,5.5,2.7
8031,150585.0,False,192.3,4.7,2.6
8032,150598.0,False,192.9,4.3,2.5
8033,150617.0,False,193.9,3.4000000000000004,2.4000000000000004
8034,150630.0,False,194.4,3.0,2.5
8035,150647.0,False,195.3,2.4000000000000004,2.7
8036,150664.0,False,196.0,2.2,3.1
8037,150682.0,False,196.60000000000002,2.2,3.6
8038,150699.0,False,196.8,2.2,3.9000000000000004
8039,150719.0,False,197.0,2.4000000000000004,4.5
8040,150730.0,False,197.10000000000002,2.5,4.7
8041,150747.0,False,197.20000000000002,2.8000000000000003,5.300000000000001
8042,150763.0,False,197.3,3.0,5.7
8043,150780.0,False,197.3,3.2,5.9
8044,150797.0,False,197.4,3.4000000000000004,6.1000000000000005
8045,150820.0,False,197.5,3.6,6.2
8046,150830.0,False,197.60000000000002,3.5,6.1000000000000005
8047,150847.0,False,197.9,3.4000000000000004,6.0
8048,150863.0,False,198.10000000000002,3.4000000000000004,5.6000000000000005
8049,150881.0,False,198.20000000000002,3.5,5.300000000000001
8050,150899.0,False,198.20000000000002,3.9000000000000004,4.6000000000000005
8051,150918.0,False,197.8,4.800000000000001,3.7
8052,150930.0,False,197.60000000000002,5.300000000000001,3.3000000000000003
8053,150947.0,False,197.0,6.5,2.5
8054,150966.0,False,196.20000000000002,7.7,1.9000000000000001
8055,150980.0,False,195.4,9.0,1.6
8056,150998.0,False,195.0,9.600000000000001,1.6
8057,151021.0,False,193.8,11.5,1.8
8058,151041.0,False,193.10000000000002,12.700000000000001,1.9000000000000001
8059,151065.0,False,192.4,13.600000000000001,1.9000000000000001
8060,151080.0,False,191.8,14.4,1.6
8061,151101.0,False,191.20000000000002,15.100000000000001,1.2000000000000002
8062,151125.0,False,190.60000000000002,15.9,0.5
8063,151147.0,False,190.0,16.8,-0.2
8064,151163.0,False,189.5,17.7,-0.9
8065,151182.0,False,189.0,18.7,-1.2000000000000002
8066,151199.0,False,188.8,19.200000000000003,-1.4000000000000001
8067,151222.0,False,188.4,20.5,-1.5
8068,151247.0,False,188.3,21.3,-1.7000000000000002
8069,151264.0,False,188.3,21.400000000000002,-1.8
8070,151281.0,False,188.3,21.700000000000003,-2.0
8071,151298.0,False,188.20000000000002,22.0,-2.2
8072,151318.0,False,188.0,22.5,-2.3000000000000003
8073,151331.0,False,187.9,22.700000000000003,-2.2
8074,151348.0,False,187.8,23.0,-2.1
8075,151365.0,False,187.60000000000002,23.400000000000002,-1.8
8076,151382.0,False,187.4,23.900000000000002,-1.2000000000000002
8077,151397.0,False,187.20000000000002,24.200000000000003,-0.5
8078,151420.0,False,187.10000000000002,24.400000000000002,0.6000000000000001
8079,151430.0,False,187.10000000000002,24.400000000000002,1.3
8080,151451.0,False,187.10000000000002,24.400000000000002,1.9000000000000001
8081,151464.0,False,187.10000000000002,24.5,2.9000000000000004
8082,151491.0,False,187.20000000000002,24.700000000000003,3.8000000000000003
8083,151497.0,False,187.3,24.700000000000003,3.9000000000000004
8084,151524.0,False,187.60000000000002,24.8,3.7
8085,151530.0,False,187.70000000000002,24.8,3.5
8086,151547.0,False,187.9,24.700000000000003,2.9000000000000004
8087,151565.0,False,188.0,24.6,2.7
8088,151582.0,False,188.10000000000002,24.5,2.4000000000000004
8089,151597.0,False,188.20000000000002,24.3,2.4000000000000004
8090,151632.0,False,188.70000000000002,24.0,2.7
8091,151651.0,False,189.20000000000002,23.900000000000002,2.8000000000000003
8092,151666.0,False,189.8,23.700000000000003,2.6
8093,151680.0,False,190.20000000000002,23.5,2.4000000000000004
8094,151697.0,False,190.9,23.200000000000003,1.8
8095,151718.0,False,191.60000000000002,22.700000000000003,1.2000000000000002
8096,151735.0,False,192.4,21.900000000000002,0.7000000000000001
8097,151747.0,False,192.9,21.5,0.5
8098,151765.0,False,193.8,20.5,0.4
8099,151781.0,False,194.3,20.0,0.4
8100,151797.0,False,195.20000000000002,18.900000000000002,0.6000000000000001
8101,151821.0,False,195.9,17.900000000000002,1.0
8102,151830.0,False,196.20000000000002,17.5,1.3
8103,151847.0,False,196.70000000000002,16.8,2.0
8104,151867.0,False,197.10000000000002,16.3,2.8000000000000003
8105,151883.0,False,197.4,16.1,3.7
8106,151934.0,False,197.9,15.5,5.7
8107,151947.0,False,198.0,15.4,6.1000000000000005
8108,151965.0,False,198.10000000000002,15.200000000000001,6.4
8109,151989.0,False,198.20000000000002,15.0,6.6000000000000005
8110,152017.0,False,198.5,14.700000000000001,6.9
8111,152030.0,False,198.70000000000002,14.600000000000001,6.9
8112,152048.0,False,199.20000000000002,14.4,6.6000000000000005
8113,152063.0,False,199.60000000000002,14.3,6.0
8114,152080.0,False,199.70000000000002,14.3,5.6000000000000005
8115,152100.0,False,199.8,14.200000000000001,4.800000000000001
8116,152119.0,False,199.70000000000002,14.100000000000001,4.1000000000000005
8117,152130.0,False,199.60000000000002,14.100000000000001,3.9000000000000004
8118,152149.0,False,199.10000000000002,14.200000000000001,3.8000000000000003
8119,152163.0,False,198.60000000000002,14.4,3.9000000000000004
8120,152184.0,False,198.0,14.600000000000001,4.1000000000000005
8121,152198.0,False,197.70000000000002,14.600000000000001,4.3
8122,152215.0,False,197.10000000000002,14.3,4.5
8123,152232.0,False,196.8,14.0,4.5
8124,152247.0,False,196.3,13.4,4.3
8125,152264.0,False,195.60000000000002,12.8,3.6
8126,152280.0,False,194.8,12.600000000000001,2.7
8127,152299.0,False,194.3,12.5,2.3000000000000003
8128,152323.0,False,192.70000000000002,12.5,1.2000000000000002
8129,152330.0,False,192.20000000000002,12.600000000000001,1.0
8130,152347.0,False,191.70000000000002,12.700000000000001,0.8
8131,152365.0,False,190.8,13.0,0.6000000000000001
8132,152381.0,False,190.0,13.4,0.4
8133,152398.0,False,189.5,13.700000000000001,0.4
8134,152420.0,False,188.3,14.5,0.0
8135,152432.0,False,187.9,14.8,-0.1
8136,152448.0,False,187.60000000000002,15.0,-0.1
8137,152463.0,False,187.0,15.5,-0.30000000000000004
8138,152481.0,False,186.5,15.9,-0.5
8139,152500.0,False,186.10000000000002,16.2,-0.5
8140,152520.0,False,185.8,16.3,-0.5
8141,152530.0,False,185.60000000000002,16.2,-0.4
8142,152547.0,False,185.4,16.1,-0.30000000000000004
8143,152563.0,False,185.10000000000002,15.9,0.1
8144,152580.0,False,184.9,15.5,0.6000000000000001
8145,152598.0,False,184.8,15.100000000000001,1.1
8146,152621.0,False,184.60000000000002,14.700000000000001,1.5
8147,152630.0,False,184.60000000000002,14.5,1.7000000000000002
8148,152647.0,False,184.60000000000002,14.0,2.0
8149,152669.0,False,184.60000000000002,13.5,2.1
8150,152681.0,False,184.60000000000002,13.3,2.2
8151,152698.0,False,184.60000000000002,13.100000000000001,2.2
8152,152713.0,False,184.60000000000002,12.9,2.2
8153,152732.0,False,184.5,12.600000000000001,2.4000000000000004
8154,152749.0,False,184.60000000000002,12.3,2.7
8155,152763.0,False,184.70000000000002,12.0,2.8000000000000003
8156,152780.0,False,185.0,11.4,3.0
8157,152797.0,False,185.5,10.5,3.1
8158,152815.0,False,185.8,10.100000000000001,3.2
8159,152830.0,False,186.4,9.1,3.2
8160,152847.0,False,186.70000000000002,8.6,3.3000000000000003
8161,152863.0,False,187.4,7.800000000000001,3.5
8162,152880.0,False,188.10000000000002,7.300000000000001,3.8000000000000003
8163,152897.0,False,188.9,6.9,4.2
8164,152918.0,False,189.70000000000002,6.6000000000000005,4.6000000000000005
8165,152930.0,False,190.10000000000002,6.5,4.800000000000001
8166,152948.0,False,190.9,6.2,5.1000000000000005
8167,152966.0,False,191.3,6.0,5.2
8168,152990.0,False,192.4,5.7,5.6000000000000005
8169,152998.0,False,192.8,5.6000000000000005,5.800000000000001
8170,153020.0,False,193.4,5.4,6.0
8171,153030.0,False,193.70000000000002,5.300000000000001,6.1000000000000005
8172,153046.0,False,194.20000000000002,5.2,6.300000000000001
8173,153063.0,False,194.5,5.1000000000000005,6.4
8174,153082.0,False,194.9,5.1000000000000005,6.7
8175,153099.0,False,195.3,5.1000000000000005,6.9
8176,153117.0,False,195.70000000000002,5.1000000000000005,7.300000000000001
8177,153146.0,False,196.10000000000002,5.2,7.5
8178,153163.0,False,196.3,5.300000000000001,7.5
8179,153199.0,False,196.60000000000002,5.5,7.6000000000000005
8180,153219.0,False,196.70000000000002,5.800000000000001,7.5
8181,153230.0,False,196.8,6.0,7.4
8182,153247.0,False,196.9,6.5,6.800000000000001
8183,153268.0,False,197.0,6.9,5.9
8184,153283.0,False,196.9,7.300000000000001,5.0
8185,153297.0,False,196.8,7.4,4.6000000000000005
8186,153316.0,False,196.5,7.800000000000001,3.9000000000000004
8187,153334.0,False,196.10000000000002,8.3,3.6
8188,153347.0,False,195.9,8.5,3.5
8189,153364.0,False,195.4,8.9,3.5
8190,153380.0,False,195.10000000000002,9.0,3.6
8191,153400.0,False,194.5,9.1,3.8000000000000003
8192,153418.0,False,194.0,9.200000000000001,4.1000000000000005
8193,153431.0,False,193.8,9.200000000000001,4.1000000000000005
8194,153447.0,False,193.3,9.200000000000001,4.1000000000000005
8195,153463.0,False,192.70000000000002,9.5,3.6
8196,153483.0,False,192.0,9.9,2.9000000000000004
8197,153498.0,False,191.60000000000002,10.0,2.6
8198,153516.0,False,190.8,10.4,2.0
8199,153531.0,False,190.4,10.600000000000001,1.7000000000000002
8200,153548.0,False,189.70000000000002,11.100000000000001,1.4000000000000001
8201,153564.0,False,189.10000000000002,11.600000000000001,1.3
8202,153580.0,False,188.5,12.200000000000001,1.3
8203,153598.0,False,188.20000000000002,12.5,1.3
8204,153615.0,False,187.70000000000002,13.100000000000001,1.3
8205,153631.0,False,187.3,13.8,1.3
8206,153651.0,False,187.0,14.3,1.2000000000000002
8207,153663.0,False,186.9,14.5,1.1
8208,153682.0,False,186.8,14.700000000000001,1.1
8209,153718.0,False,187.0,14.5,1.3
8210,153732.0,False,187.3,14.200000000000001,1.7000000000000002
8211,153747.0,False,187.4,13.9,1.8
8212,153764.0,False,187.8,13.5,2.1
8213,153780.0,False,188.10000000000002,12.9,2.5
8214,153801.0,False,188.3,12.3,3.0
8215,153814.0,False,188.5,12.100000000000001,3.3000000000000003
8216,153832.0,False,188.8,11.600000000000001,3.7
8217,153847.0,False,189.0,11.4,3.8000000000000003
8218,153863.0,False,189.5,11.100000000000001,4.0
8219,153882.0,False,190.0,10.700000000000001,4.0
8220,153897.0,False,190.20000000000002,10.600000000000001,4.0
8221,153913.0,False,190.60000000000002,10.200000000000001,4.0
8222,153930.0,False,191.10000000000002,9.8,4.0
8223,153949.0,False,191.70000000000002,9.3,4.1000000000000005
8224,153966.0,False,192.0,9.0,4.1000000000000005
8225,153985.0,False,192.60000000000002,8.5,4.1000000000000005
8226,153998.0,False,192.9,8.200000000000001,4.1000000000000005
8227,154017.0,False,193.9,7.2,4.3
8228,154030.0,False,194.20000000000002,6.9,4.3
8229,154048.0,False,194.9,6.4,4.4
8230,154063.0,False,195.3,6.2,4.4
8231,154080.0,False,195.9,5.800000000000001,4.3
8232,154098.0,False,196.60000000000002,5.4,4.1000000000000005
8233,154120.0,False,197.3,4.9,3.8000000000000003
8234,154130.0,False,197.70000000000002,4.6000000000000005,3.7
8235,154147.0,False,198.4,4.1000000000000005,3.5
8236,154163.0,False,198.70000000000002,3.9000000000000004,3.5
8237,154180.0,False,199.4,3.6,3.6
8238,154198.0,False,199.8,3.5,3.7
8239,154213.0,False,200.4,3.4000000000000004,3.9000000000000004
8240,154234.0,False,200.9,3.5,4.1000000000000005
8241,154247.0,False,201.3,3.6,4.1000000000000005
8242,154263.0,False,201.5,3.6,4.1000000000000005
8243,154280.0,False,201.9,3.7,4.1000000000000005
8244,154298.0,False,202.20000000000002,3.9000000000000004,4.2
8245,154314.0,False,202.4,4.0,4.2
8246,154330.0,False,202.60000000000002,4.2,4.1000000000000005
8247,154364.0,False,202.60000000000002,4.3,4.0
8248,154380.0,False,202.70000000000002,4.3,4.1000000000000005
8249,154397.0,False,202.8,4.3,4.3
8250,154417.0,False,202.9,4.4,4.3
8251,154447.0,False,203.10000000000002,4.9,3.4000000000000004
8252,154466.0,False,203.0,5.2,2.9000000000000004
8253,154481.0,False,202.70000000000002,5.9,2.1
8254,154499.0,False,202.3,6.6000000000000005,1.4000000000000001
8255,154515.0,False,202.0,7.1000000000000005,0.8
8256,154531.0,False,201.8,7.300000000000001,0.6000000000000001
8257,154547.0,False,201.3,7.7,0.1
8258,154563.0,False,201.10000000000002,7.9,0.0
8259,154582.0,False,200.5,8.1,-0.2
8260,154597.0,False,199.9,8.200000000000001,-0.1
8261,154613.0,False,199.4,8.200000000000001,0.0
8262,154630.0,False,199.10000000000002,8.200000000000001,0.0
8263,154646.0,False,198.5,8.200000000000001,0.0
8264,154663.0,False,197.8,8.5,-0.4
8265,154682.0,False,197.5,8.700000000000001,-0.6000000000000001
8266,154697.0,False,196.70000000000002,9.1,-1.1
8267,154713.0,False,195.9,9.5,-1.5
8268,154730.0,False,195.5,9.700000000000001,-1.6
8269,154747.0,False,194.9,10.200000000000001,-1.8
8270,154763.0,False,194.4,10.700000000000001,-1.9000000000000001
8271,154782.0,False,194.20000000000002,11.0,-2.0
8272,154799.0,False,193.9,11.5,-2.0
8273,154816.0,False,193.8,12.100000000000001,-2.0
8274,154830.0,False,193.70000000000002,12.4,-2.0
8275,154847.0,False,193.70000000000002,13.100000000000001,-2.3000000000000003
8276,154864.0,False,193.8,13.600000000000001,-2.7
8277,154880.0,False,193.9,13.8,-2.9000000000000004
8278,154899.0,False,194.3,13.9,-3.5
8279,154913.0,False,194.60000000000002,13.8,-4.3
8280,154930.0,False,194.8,13.5,-4.800000000000001
8281,154947.0,False,194.9,13.3,-4.800000000000001
8282,154966.0,False,195.0,12.8,-4.6000000000000005
8283,154981.0,False,195.10000000000002,12.600000000000001,-4.4
8284,154997.0,False,195.10000000000002,12.3,-3.8000000000000003
8285,155013.0,False,194.9,12.0,-3.2
8286,155030.0,False,194.60000000000002,11.9,-2.7
8287,155046.0,False,194.4,11.9,-2.4000000000000004
8288,155066.0,False,193.9,12.200000000000001,-2.0
8289,155080.0,False,193.5,12.600000000000001,-1.6
8290,155098.0,False,193.4,12.8,-1.5
8291,155113.0,False,193.20000000000002,13.100000000000001,-1.3
8292,155131.0,False,193.3,13.0,-1.2000000000000002
8293,155163.0,False,193.60000000000002,12.4,-1.4000000000000001
8294,155180.0,False,193.9,11.700000000000001,-1.4000000000000001
8295,155199.0,False,194.10000000000002,11.3,-1.4000000000000001
8296,155213.0,False,194.5,10.5,-1.1
8297,155230.0,False,195.0,9.8,-0.8
8298,155248.0,False,195.20000000000002,9.5,-0.5
8299,155263.0,False,195.8,8.9,0.0
8300,155280.0,False,196.5,8.4,0.6000000000000001
8301,155297.0,False,196.9,8.200000000000001,0.8
8302,155317.0,False,197.60000000000002,7.800000000000001,1.2000000000000002
8303,155330.0,False,198.3,7.300000000000001,1.6
8304,155347.0,False,198.70000000000002,7.2,1.9000000000000001
8305,155363.0,False,199.4,6.9,2.4000000000000004
8306,155381.0,False,200.10000000000002,6.6000000000000005,2.9000000000000004
8307,155399.0,False,200.70000000000002,6.300000000000001,3.7
8308,155413.0,False,201.0,6.2,4.1000000000000005
8309,155430.0,False,201.60000000000002,6.300000000000001,4.800000000000001
8310,155447.0,False,201.8,6.5,5.0
8311,155464.0,False,202.10000000000002,7.0,5.5
8312,155483.0,False,202.20000000000002,7.800000000000001,5.7
8313,155502.0,False,202.3,8.4,5.800000000000001
8314,155527.0,False,202.8,8.9,5.7
8315,155547.0,False,203.3,9.0,5.5
8316,155564.0,False,203.60000000000002,9.1,5.2
8317,155580.0,False,204.10000000000002,9.1,4.5
8318,155597.0,False,204.60000000000002,8.9,3.7
8319,155615.0,False,204.9,8.9,3.3000000000000003
8320,155630.0,False,205.3,8.8,2.3000000000000003
8321,155647.0,False,205.60000000000002,8.8,1.3
8322,155666.0,False,205.70000000000002,8.9,0.1
8323,155682.0,False,205.70000000000002,9.0,-0.4
8324,155698.0,False,205.4,9.1,-1.1
8325,155725.0,False,205.0,9.0,-1.5
8326,155730.0,False,204.70000000000002,8.9,-1.4000000000000001
8327,155747.0,False,204.10000000000002,8.700000000000001,-0.9
8328,155767.0,False,203.3,8.6,0.0
8329,155783.0,False,202.8,8.700000000000001,0.4
8330,155797.0,False,201.8,8.9,1.6
8331,155819.0,False,200.9,9.1,2.7
8332,155830.0,False,200.5,9.200000000000001,3.1
8333,155849.0,False,199.9,9.5,3.4000000000000004
8334,155865.0,False,199.60000000000002,9.600000000000001,3.4000000000000004
8335,155880.0,False,199.20000000000002,9.700000000000001,2.9000000000000004
8336,155899.0,False,198.8,9.8,2.3000000000000003
8337,155915.0,False,198.4,9.9,1.6
8338,155930.0,False,198.3,10.0,1.2000000000000002
8339,155947.0,False,198.10000000000002,10.200000000000001,0.8
8340,155963.0,False,198.10000000000002,10.600000000000001,0.5
8341,155981.0,False,198.10000000000002,10.9,0.30000000000000004
8342,155998.0,False,198.10000000000002,11.600000000000001,-0.1
8343,156013.0,False,198.0,12.3,-0.6000000000000001
8344,156030.0,False,197.9,12.700000000000001,-0.8
8345,156049.0,False,197.70000000000002,13.3,-1.1
8346,156065.0,False,197.70000000000002,13.9,-1.3
8347,156080.0,False,197.8,14.100000000000001,-1.4000000000000001
8348,156103.0,False,198.0,14.5,-1.6
8349,156128.0,False,198.0,14.4,-1.7000000000000002
8350,156147.0,False,197.9,14.100000000000001,-1.5
8351,156163.0,False,197.8,13.5,-1.0
8352,156184.0,False,197.70000000000002,12.9,-0.30000000000000004
8353,156197.0,False,197.70000000000002,12.700000000000001,0.1
8354,156228.0,False,197.4,12.200000000000001,1.1
8355,156235.0,False,197.3,12.100000000000001,1.3
8356,156247.0,False,197.20000000000002,12.0,1.4000000000000001
8357,156263.0,False,197.0,11.700000000000001,1.4000000000000001
8358,156285.0,False,196.70000000000002,11.5,1.4000000000000001
8359,156297.0,False,196.60000000000002,11.3,1.3
8360,156313.0,False,196.3,11.0,1.2000000000000002
8361,156330.0,False,196.20000000000002,10.8,1.2000000000000002
8362,156347.0,False,196.0,10.3,1.2000000000000002
8363,156363.0,False,196.0,9.5,1.4000000000000001
8364,156382.0,False,195.9,8.6,1.5
8365,156397.0,False,196.0,8.1,1.6
8366,156419.0,False,196.10000000000002,7.300000000000001,1.8
8367,156430.0,False,196.3,6.5,2.0
8368,156447.0,False,196.4,6.2,2.1
8369,156463.0,False,196.70000000000002,5.7,2.3000000000000003
8370,156483.0,False,197.20000000000002,5.4,2.4000000000000004
8371,156498.0,False,197.4,5.2,2.5
8372,156525.0,False,198.60000000000002,4.7,2.7
8373,156547.0,False,199.5,4.3,2.8000000000000003
8374,156563.0,False,200.5,4.0,2.9000000000000004
8375,156582.0,False,201.3,3.8000000000000003,2.9000000000000004
8376,156599.0,False,202.0,3.8000000000000003,3.1
8377,156624.0,False,202.60000000000002,4.0,3.3000000000000003
8378,156631.0,False,202.8,4.1000000000000005,3.4000000000000004
8379,156647.0,False,203.0,4.3,3.5
8380,156663.0,False,203.20000000000002,4.800000000000001,3.7
8381,156680.0,False,203.20000000000002,5.300000000000001,3.8000000000000003
8382,156699.0,False,203.20000000000002,5.6000000000000005,4.0
8383,156721.0,False,203.3,5.6000000000000005,4.4
8384,156747.0,False,203.4,5.6000000000000005,4.7
8385,156765.0,False,203.4,5.4,4.9
8386,156781.0,False,203.5,5.2,5.0
8387,156798.0,False,203.4,4.9,5.0
8388,156822.0,False,203.20000000000002,4.800000000000001,4.9
8389,156830.0,False,203.10000000000002,4.9,4.7
8390,156847.0,False,202.9,5.0,4.4
8391,156867.0,False,202.0,5.6000000000000005,3.8000000000000003
8392,156881.0,False,201.60000000000002,5.9,3.7
8393,156898.0,False,200.9,6.4,3.4000000000000004
8394,156923.0,False,200.10000000000002,6.9,3.2
8395,156930.0,False,199.70000000000002,7.1000000000000005,3.1
8396,156947.0,False,199.3,7.4,3.0
8397,156963.0,False,198.5,7.7,2.8000000000000003
8398,156983.0,False,197.70000000000002,8.0,2.7
8399,156997.0,False,196.9,8.1,2.8000000000000003
8400,157016.0,False,196.10000000000002,8.1,2.8000000000000003
8401,157031.0,False,195.70000000000002,8.1,2.8000000000000003
8402,157047.0,False,194.9,8.4,2.6
8403,157063.0,False,194.5,8.700000000000001,2.4000000000000004
8404,157081.0,False,193.60000000000002,9.3,1.9000000000000001
8405,157098.0,False,192.60000000000002,9.9,1.3
8406,157115.0,False,191.70000000000002,10.600000000000001,0.8
8407,157130.0,False,191.20000000000002,10.9,0.5
8408,157147.0,False,190.8,11.3,0.30000000000000004
8409,157166.0,False,189.60000000000002,12.8,-0.2
8410,157180.0,False,189.20000000000002,13.3,-0.4
8411,157198.0,False,188.70000000000002,14.100000000000001,-0.5
8412,157220.0,False,188.3,15.0,-0.6000000000000001
8413,157230.0,False,188.20000000000002,15.5,-0.7000000000000001
8414,157246.0,False,188.10000000000002,16.6,-1.0
8415,157265.0,False,188.10000000000002,17.1,-1.2000000000000002
8416,157280.0,False,188.10000000000002,18.1,-1.6
8417,157298.0,False,188.10000000000002,18.8,-2.0
8418,157317.0,False,188.4,19.200000000000003,-2.4000000000000004
8419,157332.0,False,188.60000000000002,19.3,-2.6
8420,157346.0,False,189.10000000000002,19.6,-3.1
8421,157367.0,False,189.4,19.900000000000002,-3.6
8422,157380.0,False,189.5,20.1,-3.8000000000000003
8423,157397.0,False,189.70000000000002,20.3,-4.0
8424,157419.0,False,189.9,20.6,-4.0
8425,157430.0,False,190.10000000000002,20.8,-4.0
8426,157447.0,False,190.4,21.200000000000003,-3.9000000000000004
8427,157465.0,False,190.70000000000002,21.6,-3.9000000000000004
8428,157483.0,False,190.8,21.8,-3.9000000000000004
8429,157497.0,False,191.10000000000002,22.3,-4.1000000000000005
8430,157516.0,False,191.4,22.700000000000003,-4.3
8431,157532.0,False,191.70000000000002,23.0,-4.5
8432,157546.0,False,191.8,23.200000000000003,-4.6000000000000005
8433,157563.0,False,191.9,23.400000000000002,-4.7
8434,157583.0,False,192.0,23.6,-4.7
8435,157599.0,False,192.10000000000002,23.8,-4.6000000000000005
8436,157624.0,False,192.3,24.3,-4.4
8437,157631.0,False,192.4,24.5,-4.3
8438,157647.0,False,192.5,24.6,-4.3
8439,157664.0,False,192.8,25.0,-4.2
8440,157680.0,False,193.10000000000002,25.3,-4.1000000000000005
8441,157699.0,False,193.3,25.5,-4.1000000000000005
8442,157723.0,False,194.0,25.900000000000002,-4.2
8443,157748.0,False,194.5,25.900000000000002,-4.3
8444,157763.0,False,195.0,25.8,-4.3
8445,157780.0,False,195.60000000000002,25.6,-4.3
8446,157801.0,False,196.20000000000002,25.3,-4.1000000000000005
8447,157823.0,False,196.60000000000002,25.1,-3.8000000000000003
8448,157830.0,False,196.8,25.1,-3.7
8449,157850.0,False,197.0,25.1,-3.5
8450,157863.0,False,197.10000000000002,25.200000000000003,-3.5
8451,157880.0,False,197.20000000000002,25.5,-3.4000000000000004
8452,157900.0,False,197.20000000000002,25.8,-3.4000000000000004
8453,157922.0,False,197.3,26.0,-3.4000000000000004
8454,157930.0,False,197.3,26.1,-3.3000000000000003
8455,157950.0,False,197.4,26.0,-3.2
8456,157963.0,False,197.5,26.0,-3.3000000000000003
8457,157987.0,False,197.60000000000002,26.0,-3.4000000000000004
8458,158001.0,False,197.70000000000002,25.8,-3.7
8459,158014.0,False,197.8,25.6,-3.9000000000000004
8460,158032.0,False,198.0,25.200000000000003,-4.3
8461,158047.0,False,198.10000000000002,24.700000000000003,-4.800000000000001
8462,158065.0,False,198.10000000000002,24.400000000000002,-5.0
8463,158081.0,False,197.9,23.900000000000002,-5.2
8464,158101.0,False,197.60000000000002,23.700000000000003,-5.2
8465,158114.0,False,197.4,23.6,-5.2
8466,158131.0,False,197.20000000000002,23.6,-5.300000000000001
8467,158148.0,False,196.8,23.400000000000002,-5.4
8468,158163.0,False,196.70000000000002,23.200000000000003,-5.5
8469,158182.0,False,196.3,22.8,-5.800000000000001
8470,158197.0,False,196.10000000000002,22.6,-5.9
8471,158214.0,False,195.70000000000002,22.1,-6.0
8472,158230.0,False,195.3,21.400000000000002,-5.9
8473,158246.0,False,195.0,20.6,-5.7
8474,158265.0,False,194.8,20.3,-5.7
8475,158280.0,False,194.3,19.700000000000003,-5.6000000000000005
8476,158298.0,False,193.8,19.3,-5.5
8477,158317.0,False,193.10000000000002,19.1,-5.5
8478,158330.0,False,192.8,18.900000000000002,-5.5
8479,158349.0,False,192.10000000000002,18.7,-5.4
8480,158363.0,False,191.8,18.6,-5.300000000000001
8481,158382.0,False,191.4,18.5,-5.1000000000000005
8482,158399.0,False,191.0,18.7,-5.0
8483,158421.0,False,190.8,19.0,-5.1000000000000005
8484,158431.0,False,190.60000000000002,19.1,-5.1000000000000005
8485,158447.0,False,190.4,19.400000000000002,-5.2
8486,158480.0,False,190.20000000000002,19.900000000000002,-5.2
8487,158501.0,False,190.20000000000002,20.1,-5.300000000000001
8488,158516.0,False,190.3,20.200000000000003,-5.4
8489,158549.0,False,190.4,19.900000000000002,-5.4
8490,158564.0,False,190.4,19.8,-5.4
8491,158580.0,False,190.3,19.3,-5.2
8492,158597.0,False,190.10000000000002,18.7,-4.7
8493,158616.0,False,189.9,18.2,-3.9000000000000004
8494,158631.0,False,189.8,17.900000000000002,-3.5
8495,158646.0,False,189.70000000000002,17.400000000000002,-2.8000000000000003
8496,158663.0,False,189.70000000000002,17.2,-2.5
8497,158680.0,False,189.60000000000002,16.7,-2.1
8498,158699.0,False,189.5,16.2,-2.0
8499,158715.0,False,189.5,16.0,-1.9000000000000001
8500,158730.0,False,189.3,15.700000000000001,-1.7000000000000002
8501,158748.0,False,189.10000000000002,15.5,-1.4000000000000001
8502,158763.0,False,188.9,15.200000000000001,-0.8
8503,158782.0,False,188.9,15.0,-0.5
8504,158797.0,False,188.9,14.3,0.2
8505,158821.0,False,189.20000000000002,13.5,0.6000000000000001
8506,158830.0,False,189.4,12.9,0.8
8507,158847.0,False,189.70000000000002,11.8,1.0
8508,158865.0,False,190.10000000000002,10.700000000000001,1.2000000000000002
8509,158881.0,False,190.3,10.200000000000001,1.3
8510,158897.0,False,190.70000000000002,9.5,1.6
8511,158917.0,False,191.10000000000002,9.0,1.9000000000000001
8512,158930.0,False,191.3,8.8,2.0
8513,158949.0,False,191.8,8.3,2.3000000000000003
8514,158964.0,False,192.3,7.800000000000001,2.6
8515,158997.0,False,193.20000000000002,7.0,3.2
8516,159013.0,False,193.8,6.6000000000000005,3.7
8517,159034.0,False,194.3,6.4,4.2
8518,159046.0,False,194.5,6.4,4.4
8519,159065.0,False,194.9,6.4,4.7
8520,159080.0,False,195.3,6.4,4.9
8521,159098.0,False,195.5,6.4,5.0
8522,159114.0,False,195.9,6.4,5.300000000000001
8523,159132.0,False,196.3,6.4,5.7
8524,159147.0,False,196.5,6.5,5.800000000000001
8525,159163.0,False,196.8,6.7,6.0
8526,159180.0,False,197.0,7.1000000000000005,5.9
8527,159199.0,False,197.10000000000002,7.300000000000001,5.800000000000001
8528,159219.0,False,197.3,7.7,5.5
8529,159230.0,False,197.4,8.0,5.0
8530,159250.0,False,197.60000000000002,8.200000000000001,4.7
8531,159263.0,False,197.8,8.700000000000001,3.9000000000000004
8532,159280.0,False,198.0,9.200000000000001,2.8000000000000003
8533,159298.0,False,198.10000000000002,9.5,2.2
8534,159316.0,False,198.10000000000002,9.9,0.9
8535,159331.0,False,198.0,10.4,-0.30000000000000004
8536,159346.0,False,197.9,10.600000000000001,-0.9
8537,159365.0,False,197.60000000000002,10.9,-1.8
8538,159381.0,False,197.0,11.200000000000001,-2.4000000000000004
8539,159398.0,False,196.3,11.5,-2.6
8540,159416.0,False,195.9,11.700000000000001,-2.6
8541,159430.0,False,195.20000000000002,11.9,-2.3000000000000003
8542,159446.0,False,194.8,11.9,-2.2
8543,159463.0,False,194.20000000000002,11.700000000000001,-1.8
8544,159480.0,False,193.60000000000002,11.5,-1.7000000000000002
8545,159500.0,False,192.9,11.4,-2.0
8546,159518.0,False,192.20000000000002,11.4,-2.7
8547,159531.0,False,191.8,11.5,-3.2
8548,159547.0,False,191.4,11.5,-3.6
8549,159563.0,False,190.70000000000002,11.700000000000001,-4.3
8550,159580.0,False,190.10000000000002,11.9,-4.800000000000001
8551,159599.0,False,189.5,12.3,-5.2
8552,159615.0,False,189.3,12.600000000000001,-5.4
8553,159632.0,False,188.8,13.0,-5.5
8554,159648.0,False,188.4,13.5,-5.7
8555,159663.0,False,188.20000000000002,13.700000000000001,-5.7
8556,159680.0,False,187.9,14.200000000000001,-5.800000000000001
8557,159698.0,False,187.70000000000002,14.4,-5.800000000000001
8558,159713.0,False,187.5,14.700000000000001,-5.7
8559,159732.0,False,187.3,14.8,-5.2
8560,159747.0,False,187.20000000000002,14.8,-4.7
8561,159763.0,False,187.20000000000002,14.8,-4.4
8562,159780.0,False,187.10000000000002,14.700000000000001,-4.0
8563,159799.0,False,187.0,14.4,-3.5
8564,159814.0,False,187.0,14.200000000000001,-3.2
8565,159832.0,False,187.0,13.8,-2.5
8566,159846.0,False,187.10000000000002,13.4,-1.8
8567,159863.0,False,187.3,13.200000000000001,-1.6
8568,159881.0,False,187.60000000000002,12.9,-1.4000000000000001
8569,159896.0,False,187.9,12.600000000000001,-1.4000000000000001
8570,159918.0,False,188.20000000000002,12.200000000000001,-1.5
8571,159931.0,False,188.3,12.0,-1.6
8572,159946.0,False,188.5,11.700000000000001,-1.5
8573,159964.0,False,188.70000000000002,11.600000000000001,-1.5
8574,159985.0,False,189.20000000000002,11.3,-1.3
8575,159996.0,False,189.5,11.100000000000001,-1.2000000000000002
8576,160016.0,False,190.0,10.700000000000001,-1.0
8577,160029.0,False,190.3,10.4,-1.0
8578,160048.0,False,191.10000000000002,9.8,-0.8
8579,160063.0,False,191.60000000000002,9.4,-0.7000000000000001
8580,160080.0,False,192.60000000000002,8.6,-0.4
8581,160098.0,False,193.60000000000002,7.7,-0.1
8582,160117.0,False,194.60000000000002,7.0,0.30000000000000004
8583,160130.0,False,195.10000000000002,6.7,0.5
8584,160146.0,False,196.0,6.1000000000000005,0.9
8585,160163.0,False,196.8,5.6000000000000005,1.3
8586,160182.0,False,197.20000000000002,5.5,1.5
8587,160199.0,False,197.8,5.300000000000001,1.9000000000000001
8588,160214.0,False,198.4,5.300000000000001,2.3000000000000003
8589,160232.0,False,198.60000000000002,5.300000000000001,2.6
8590,160248.0,False,199.10000000000002,5.5,2.9000000000000004
8591,160263.0,False,199.5,5.800000000000001,3.3000000000000003
8592,160280.0,False,199.60000000000002,6.0,3.4000000000000004
8593,160299.0,False,200.0,6.300000000000001,3.9000000000000004
8594,160314.0,False,200.5,6.4,4.4
8595,160331.0,False,200.8,6.5,4.7
8596,160346.0,False,201.3,6.5,4.9
8597,160363.0,False,201.70000000000002,6.5,4.9
8598,160399.0,False,202.10000000000002,6.4,5.1000000000000005
8599,160418.0,False,202.4,6.5,5.300000000000001
8600,160432.0,False,202.5,6.7,5.6000000000000005
8601,160447.0,False,202.5,6.800000000000001,5.7
8602,160463.0,False,202.3,7.4,5.9
8603,160480.0,False,202.0,7.7,6.0
8604,160499.0,False,201.5,8.5,6.1000000000000005
8605,160515.0,False,200.9,9.1,5.9
8606,160530.0,False,200.3,9.3,5.5
8607,160552.0,False,199.60000000000002,9.3,4.9
8608,160563.0,False,199.20000000000002,9.3,4.5
8609,160581.0,False,198.3,9.200000000000001,4.0
8610,160597.0,False,197.9,9.200000000000001,3.8000000000000003
8611,160613.0,False,197.0,9.1,3.6
8612,160630.0,False,196.20000000000002,9.0,3.5
8613,160647.0,False,195.8,9.0,3.4000000000000004
8614,160676.0,False,195.0,9.200000000000001,3.3000000000000003
8615,160680.0,False,194.20000000000002,9.4,3.0
8616,160698.0,False,193.70000000000002,9.600000000000001,2.8000000000000003
8617,160714.0,False,192.9,10.100000000000001,2.3000000000000003
8618,160729.0,False,192.10000000000002,10.4,1.7000000000000002
8619,160749.0,False,191.4,10.600000000000001,1.2000000000000002
8620,160765.0,False,191.20000000000002,10.600000000000001,0.9
8621,160779.0,False,190.70000000000002,10.8,0.30000000000000004
8622,160797.0,False,190.4,11.0,0.0
8623,160813.0,False,189.9,11.4,-0.5
8624,160832.0,False,189.5,12.0,-0.8
8625,160848.0,False,189.0,12.700000000000001,-0.9
8626,160863.0,False,188.9,13.0,-0.9
8627,160880.0,False,188.70000000000002,13.4,-0.8
8628,160899.0,False,188.5,13.600000000000001,-0.8
8629,160932.0,False,188.4,13.600000000000001,-1.0
8630,160947.0,False,188.3,13.5,-1.0
8631,160963.0,False,188.20000000000002,13.100000000000001,-0.9
8632,160983.0,False,188.10000000000002,12.600000000000001,-0.6000000000000001
8633,160999.0,False,188.3,11.9,-0.1
8634,161013.0,False,188.4,11.600000000000001,0.2
8635,161030.0,False,188.60000000000002,10.9,0.7000000000000001
8636,161047.0,False,188.9,10.200000000000001,1.0
8637,161063.0,False,189.0,9.8,1.1
8638,161080.0,False,189.20000000000002,9.3,1.2000000000000002
8639,161099.0,False,189.3,9.0,1.2000000000000002
8640,161117.0,False,189.4,8.8,1.3
8641,161132.0,False,189.5,8.8,1.4000000000000001
8642,161148.0,False,189.60000000000002,8.700000000000001,1.5
8643,161180.0,False,190.10000000000002,8.6,1.6
8644,161197.0,False,190.5,8.3,1.6
8645,161213.0,False,190.9,8.200000000000001,1.7000000000000002
8646,161230.0,False,191.60000000000002,7.800000000000001,1.8
8647,161246.0,False,192.5,7.300000000000001,2.0
8648,161263.0,False,192.9,7.1000000000000005,2.0
8649,161280.0,False,193.8,6.7,2.1
8650,161297.0,False,194.70000000000002,6.2,2.3000000000000003
8651,161315.0,False,195.10000000000002,6.0,2.4000000000000004
8652,161330.0,False,195.9,5.800000000000001,2.7
8653,161347.0,False,196.60000000000002,5.800000000000001,3.0
8654,161364.0,False,197.0,5.800000000000001,3.1
8655,161380.0,False,197.60000000000002,6.0,3.5
8656,161397.0,False,198.10000000000002,6.2,3.8000000000000003
8657,161415.0,False,198.70000000000002,6.6000000000000005,4.2
8658,161430.0,False,199.0,6.800000000000001,4.3
8659,161446.0,False,199.5,7.2,4.6000000000000005
8660,161463.0,False,200.0,7.7,4.7
8661,161480.0,False,200.3,7.9,4.7
8662,161499.0,False,200.8,8.3,4.800000000000001
8663,161523.0,False,201.60000000000002,8.8,4.800000000000001
8664,161546.0,False,202.10000000000002,9.1,4.800000000000001
8665,161563.0,False,202.60000000000002,9.3,4.800000000000001
8666,161580.0,False,202.9,9.3,4.7
8667,161598.0,False,203.5,9.200000000000001,4.6000000000000005
8668,161613.0,False,204.20000000000002,9.1,4.2
8669,161630.0,False,204.4,9.1,4.0
8670,161646.0,False,204.8,9.1,3.5
8671,161666.0,False,205.0,9.0,3.4000000000000004
8672,161680.0,False,205.10000000000002,8.9,3.4000000000000004
8673,161698.0,False,205.0,8.9,3.5
8674,161713.0,False,204.8,8.9,3.8000000000000003
8675,161730.0,False,204.60000000000002,9.0,3.9000000000000004
8676,161746.0,False,204.0,9.3,4.0
8677,161765.0,False,203.20000000000002,9.700000000000001,4.0
8678,161781.0,False,202.4,9.9,3.8000000000000003
8679,161797.0,False,202.0,10.0,3.6
8680,161813.0,False,201.20000000000002,10.3,3.2
8681,161832.0,False,200.4,10.5,2.5
8682,161846.0,False,200.0,10.600000000000001,2.2
8683,161863.0,False,199.4,10.8,1.4000000000000001
8684,161882.0,False,198.8,10.9,0.6000000000000001
8685,161898.0,False,198.60000000000002,10.9,0.30000000000000004
8686,161913.0,False,198.10000000000002,10.9,-0.5
8687,161930.0,False,198.0,11.0,-0.9
8688,161950.0,False,197.60000000000002,11.4,-2.3000000000000003
8689,161966.0,False,197.5,11.600000000000001,-2.9000000000000004
8690,161981.0,False,197.3,12.0,-3.9000000000000004
8691,161998.0,False,197.20000000000002,12.3,-4.4
8692,162019.0,False,197.20000000000002,12.5,-4.9
8693,162030.0,False,197.20000000000002,13.5,-6.4
8694,162050.0,False,197.3,14.3,-7.5
8695,162063.0,False,197.4,14.600000000000001,-8.1
8696,162080.0,False,197.5,14.8,-9.200000000000001
8697,162098.0,False,197.60000000000002,14.700000000000001,-10.0
8698,162113.0,False,197.60000000000002,14.5,-10.3
8699,162131.0,False,197.4,14.100000000000001,-10.700000000000001
8700,162147.0,False,197.20000000000002,14.0,-10.8
8701,162164.0,False,196.8,13.9,-10.600000000000001
8702,162180.0,False,196.20000000000002,13.9,-9.8
8703,162196.0,False,195.9,14.0,-9.200000000000001
8704,162218.0,False,195.3,14.3,-7.5
8705,162229.0,False,195.20000000000002,14.3,-7.1000000000000005
8706,162246.0,False,195.10000000000002,14.4,-6.7
8707,162265.0,False,195.0,14.200000000000001,-6.2
8708,162279.0,False,195.0,13.9,-5.9
8709,162297.0,False,195.0,13.700000000000001,-5.800000000000001
8710,162320.0,False,195.20000000000002,13.0,-5.5
8711,162330.0,False,195.3,12.700000000000001,-5.300000000000001
8712,162346.0,False,195.5,12.4,-5.2
8713,162366.0,False,196.10000000000002,11.3,-4.6000000000000005
8714,162381.0,False,196.4,10.8,-4.4
8715,162398.0,False,196.9,9.9,-3.7
8716,162413.0,False,197.3,9.5,-3.4000000000000004
8717,162430.0,False,197.9,8.700000000000001,-2.7
8718,162446.0,False,198.60000000000002,8.3,-2.0
8719,162463.0,False,198.8,8.200000000000001,-1.7000000000000002
8720,162481.0,False,199.3,8.0,-1.1
8721,162497.0,False,199.70000000000002,7.7,-0.4
8722,162521.0,False,200.20000000000002,7.2,0.30000000000000004
8723,162530.0,False,200.5,6.800000000000001,0.6000000000000001
8724,162552.0,False,201.10000000000002,6.300000000000001,1.2000000000000002
8725,162563.0,False,201.4,6.0,1.5
8726,162580.0,False,201.8,5.7,2.0
8727,162599.0,False,202.10000000000002,5.6000000000000005,2.5
8728,162618.0,False,202.3,5.5,3.0
8729,162629.0,False,202.4,5.5,3.2
8730,162646.0,False,202.70000000000002,5.4,3.7
8731,162665.0,False,203.0,5.5,4.2
8732,162679.0,False,203.20000000000002,5.6000000000000005,4.4
8733,162716.0,False,203.5,6.1000000000000005,4.9
8734,162730.0,False,203.5,6.300000000000001,5.0
8735,162746.0,False,203.70000000000002,6.7,5.1000000000000005
8736,162763.0,False,203.70000000000002,6.9,5.1000000000000005
8737,162780.0,False,203.9,7.300000000000001,4.9
8738,162797.0,False,204.10000000000002,7.5,4.4
8739,162824.0,False,204.4,7.800000000000001,3.0
8740,162834.0,False,204.5,7.9,2.5
8741,162848.0,False,204.5,8.0,2.0
8742,162863.0,False,204.3,8.200000000000001,1.1
8743,162882.0,False,204.10000000000002,8.4,0.8
8744,162897.0,False,203.70000000000002,8.9,0.1
8745,162925.0,False,202.70000000000002,9.5,-0.5
8746,162953.0,False,202.0,9.9,-0.8
8747,162963.0,False,201.10000000000002,10.3,-1.1
8748,162987.0,False,200.20000000000002,10.5,-1.2000000000000002
8749,162996.0,False,199.8,10.5,-1.3
8750,163015.0,False,199.0,10.5,-1.5
8751,163029.0,False,198.70000000000002,10.5,-1.6
8752,163047.0,False,198.0,10.4,-2.0
8753,163063.0,False,197.10000000000002,10.5,-2.5
8754,163083.0,False,196.0,10.700000000000001,-3.1
8755,163096.0,False,195.4,10.9,-3.4000000000000004
8756,163119.0,False,194.3,11.3,-3.7
8757,163129.0,False,193.70000000000002,11.600000000000001,-3.7
8758,163150.0,False,192.70000000000002,12.200000000000001,-3.5
8759,163164.0,False,191.9,12.9,-3.2
8760,163180.0,False,191.5,13.3,-3.1
8761,163200.0,False,190.9,14.200000000000001,-3.0
8762,163221.0,False,190.0,15.4,-2.9000000000000004
8763,163231.0,False,189.8,15.8,-3.0
8764,163251.0,False,189.60000000000002,16.400000000000002,-3.1
8765,163267.0,False,189.5,16.6,-3.2
8766,163280.0,False,189.60000000000002,16.900000000000002,-3.5
8767,163296.0,False,189.70000000000002,16.900000000000002,-3.6
8768,163322.0,False,190.10000000000002,16.400000000000002,-4.0
8769,163330.0,False,190.10000000000002,16.1,-4.0
8770,163346.0,False,190.20000000000002,15.700000000000001,-3.9000000000000004
8771,163363.0,False,190.20000000000002,15.0,-3.3000000000000003
8772,163382.0,False,190.3,14.600000000000001,-2.5
8773,163397.0,False,190.4,14.4,-2.2
8774,163413.0,False,190.60000000000002,13.9,-1.5
8775,163429.0,False,190.9,13.100000000000001,-0.9
8776,163450.0,False,191.10000000000002,12.5,-0.6000000000000001
8777,163463.0,False,191.5,11.5,0.0
8778,163480.0,False,191.9,10.700000000000001,0.5
8779,163498.0,False,192.20000000000002,10.3,0.9
8780,163515.0,False,192.4,10.100000000000001,1.0
8781,163532.0,False,192.9,9.8,1.2000000000000002
8782,163550.0,False,193.4,9.200000000000001,1.1
8783,163565.0,False,193.70000000000002,8.8,1.0
8784,163581.0,False,194.4,8.1,0.8
8785,163597.0,False,194.8,7.7,0.8
8786,163619.0,False,196.10000000000002,6.9,0.9
8787,163630.0,False,196.5,6.800000000000001,0.9
8788,163646.0,False,196.9,6.6000000000000005,1.0
8789,163663.0,False,197.8,6.4,1.0
8790,163681.0,False,198.60000000000002,6.0,1.0
8791,163698.0,False,199.0,5.800000000000001,1.0
8792,163718.0,False,200.0,5.2,1.2000000000000002
8793,163730.0,False,200.3,5.1000000000000005,1.3
8794,163746.0,False,200.70000000000002,5.1000000000000005,1.6
8795,163765.0,False,200.8,5.1000000000000005,1.8
8796,163780.0,False,200.9,5.300000000000001,2.2
8797,163797.0,False,200.9,5.4,2.5
8798,163821.0,False,200.60000000000002,6.0,3.3000000000000003
8799,163830.0,False,200.4,6.300000000000001,3.5
8800,163846.0,False,200.20000000000002,6.7,3.9000000000000004
8801,163866.0,False,200.10000000000002,6.9,4.3
8802,163881.0,False,200.10000000000002,7.0,4.4
8803,163897.0,False,200.20000000000002,6.9,4.6000000000000005
8804,163919.0,False,200.4,6.800000000000001,4.800000000000001
8805,163930.0,False,200.5,6.7,4.7
8806,163946.0,False,200.60000000000002,6.7,4.7
8807,163965.0,False,200.8,6.6000000000000005,4.6000000000000005
8808,163981.0,False,201.0,6.7,4.6000000000000005
8809,163996.0,False,201.20000000000002,7.0,4.3
8810,164020.0,False,201.3,7.4,3.9000000000000004
8811,164030.0,False,201.3,7.6000000000000005,3.5
8812,164049.0,False,201.20000000000002,8.0,2.7
8813,164063.0,False,201.20000000000002,8.200000000000001,2.3000000000000003
8814,164081.0,False,200.9,8.4,1.5
8815,164096.0,False,200.60000000000002,8.700000000000001,0.7000000000000001
8816,164117.0,False,200.0,9.0,0.1
8817,164130.0,False,199.60000000000002,9.1,-0.1
8818,164149.0,False,198.8,9.5,-0.30000000000000004
8819,164165.0,False,197.8,9.8,-0.2
8820,164179.0,False,197.3,10.0,-0.1
8821,164196.0,False,196.4,10.200000000000001,0.2
8822,164216.0,False,195.5,10.5,0.30000000000000004
8823,164233.0,False,195.0,10.700000000000001,0.30000000000000004
8824,164249.0,False,194.10000000000002,11.100000000000001,-0.1
8825,164269.0,False,193.0,11.5,-0.7000000000000001
8826,164279.0,False,192.5,11.700000000000001,-1.0
8827,164297.0,False,191.5,12.200000000000001,-1.6
8828,164319.0,False,190.70000000000002,12.700000000000001,-2.0
8829,164330.0,False,190.3,12.9,-2.2
8830,164346.0,False,189.60000000000002,13.3,-2.4000000000000004
8831,164365.0,False,189.10000000000002,13.600000000000001,-2.5
8832,164382.0,False,188.8,14.0,-2.6
8833,164396.0,False,188.60000000000002,14.200000000000001,-2.7
8834,164415.0,False,188.4,14.600000000000001,-3.0
8835,164433.0,False,188.3,14.9,-3.2
8836,164446.0,False,188.10000000000002,15.200000000000001,-3.8000000000000003
8837,164466.0,False,188.0,15.200000000000001,-4.1000000000000005
8838,164496.0,False,187.8,14.8,-4.1000000000000005
8839,164515.0,False,187.70000000000002,14.4,-3.7
8840,164533.0,False,187.60000000000002,14.100000000000001,-3.0
8841,164547.0,False,187.5,14.0,-2.6
8842,164564.0,False,187.3,13.700000000000001,-1.7000000000000002
8843,164580.0,False,187.3,13.5,-1.2000000000000002
8844,164599.0,False,187.4,13.0,-0.30000000000000004
8845,164618.0,False,187.60000000000002,12.3,0.30000000000000004
8846,164632.0,False,188.10000000000002,11.600000000000001,0.6000000000000001
8847,164648.0,False,188.3,11.3,0.7000000000000001
8848,164665.0,False,188.70000000000002,10.600000000000001,0.8
8849,164681.0,False,189.10000000000002,10.3,0.8
8850,164715.0,False,189.4,10.100000000000001,0.9
8851,164729.0,False,189.70000000000002,10.0,1.0
8852,164748.0,False,189.8,9.9,1.1
8853,164763.0,False,190.20000000000002,9.700000000000001,1.1
8854,164779.0,False,190.70000000000002,9.3,1.1
8855,164798.0,False,191.20000000000002,8.9,0.9
8856,164816.0,False,191.5,8.8,0.8
8857,164834.0,False,192.10000000000002,8.5,0.6000000000000001
8858,164848.0,False,192.70000000000002,8.3,0.30000000000000004
8859,164864.0,False,193.0,8.200000000000001,0.30000000000000004
8860,164880.0,False,193.60000000000002,8.200000000000001,0.1
8861,164899.0,False,194.20000000000002,8.3,0.0
8862,164917.0,False,194.60000000000002,8.3,0.0
8863,164939.0,False,195.5,8.200000000000001,-0.1
8864,164948.0,False,195.8,8.0,-0.1
8865,164963.0,False,196.10000000000002,7.9,0.0
8866,164980.0,False,196.60000000000002,7.6000000000000005,0.2
8867,164999.0,False,197.10000000000002,7.5,0.6000000000000001
8868,165015.0,False,197.3,7.4,0.8
8869,165031.0,False,197.60000000000002,7.4,1.2000000000000002
8870,165046.0,False,197.9,7.5,1.5
8871,165082.0,False,198.20000000000002,7.5,1.6
8872,165099.0,False,198.4,7.4,1.7000000000000002
8873,165130.0,False,198.60000000000002,7.300000000000001,2.1
8874,165146.0,False,198.70000000000002,7.300000000000001,2.3000000000000003
8875,165163.0,False,198.8,7.4,2.4000000000000004
8876,165181.0,False,198.9,7.5,2.6
8877,165198.0,False,198.9,7.7,2.6
8878,165215.0,False,199.0,8.0,2.5
8879,165231.0,False,199.20000000000002,8.200000000000001,2.0
8880,165247.0,False,199.5,8.200000000000001,1.3
8881,165263.0,False,199.60000000000002,8.200000000000001,0.9
8882,165280.0,False,199.8,8.1,0.2
8883,165298.0,False,199.70000000000002,8.3,-0.30000000000000004
8884,165317.0,False,199.5,8.6,-0.5
8885,165335.0,False,199.10000000000002,9.1,-0.4
8886,165348.0,False,198.9,9.3,-0.30000000000000004
8887,165365.0,False,198.5,9.700000000000001,0.0
8888,165379.0,False,198.4,9.8,0.1
8889,165397.0,False,198.0,9.9,0.30000000000000004
8890,165416.0,False,197.5,9.9,0.4
8891,165430.0,False,197.3,9.9,0.30000000000000004
8892,165446.0,False,196.9,9.9,0.1
8893,165463.0,False,196.70000000000002,9.9,-0.1
8894,165480.0,False,196.3,9.9,-0.7000000000000001
8895,165499.0,False,196.0,9.9,-1.4000000000000001
8896,165517.0,False,195.60000000000002,9.9,-2.2
8897,165532.0,False,195.4,9.9,-2.6
8898,165549.0,False,195.0,10.0,-3.2
8899,165564.0,False,194.60000000000002,10.100000000000001,-3.5
8900,165579.0,False,194.5,10.3,-3.5
8901,165598.0,False,194.3,10.9,-3.6
8902,165616.0,False,194.0,11.600000000000001,-3.5
8903,165630.0,False,193.9,11.9,-3.4000000000000004
8904,165648.0,False,193.70000000000002,12.600000000000001,-3.3000000000000003
8905,165663.0,False,193.5,13.200000000000001,-3.2
8906,165680.0,False,193.60000000000002,13.5,-3.2
8907,165698.0,False,193.70000000000002,13.9,-3.0
8908,165715.0,False,194.10000000000002,14.0,-2.7
8909,165729.0,False,194.3,14.0,-2.6
8910,165746.0,False,194.9,13.700000000000001,-2.4000000000000004
8911,165763.0,False,195.4,13.200000000000001,-2.1
8912,165779.0,False,195.70000000000002,12.9,-1.9000000000000001
8913,165803.0,False,196.10000000000002,12.5,-1.4000000000000001
8914,165813.0,False,196.5,12.5,-1.0
8915,165833.0,False,196.9,12.600000000000001,-0.6000000000000001
8916,165851.0,False,197.3,12.5,-0.30000000000000004
8917,165864.0,False,197.60000000000002,12.3,-0.1
8918,165880.0,False,197.9,12.100000000000001,0.1
8919,165898.0,False,198.70000000000002,11.700000000000001,0.4
8920,165913.0,False,199.4,11.200000000000001,0.7000000000000001
8921,165935.0,False,200.20000000000002,11.0,0.9
8922,165947.0,False,200.60000000000002,10.9,0.9
8923,165963.0,False,201.4,10.9,0.9
8924,165983.0,False,202.10000000000002,10.8,0.8
8925,165996.0,False,202.5,10.600000000000001,0.7000000000000001
8926,166015.0,False,203.3,10.3,0.7000000000000001
8927,166030.0,False,204.20000000000002,10.0,0.6000000000000001
8928,166046.0,False,204.60000000000002,9.9,0.5
8929,166066.0,False,205.5,9.5,0.4
8930,166081.0,False,206.4,9.1,0.4
8931,166099.0,False,207.3,8.6,0.6000000000000001
8932,166113.0,False,207.8,8.4,0.7000000000000001
8933,166133.0,False,208.8,7.800000000000001,0.8
8934,166146.0,False,209.20000000000002,7.6000000000000005,0.9
8935,166165.0,False,210.0,7.2,1.0
8936,166181.0,False,210.5,7.1000000000000005,1.1
8937,166196.0,False,210.70000000000002,7.2,1.2000000000000002
8938,166215.0,False,211.0,7.7,1.6
8939,166233.0,False,211.20000000000002,8.6,1.8
8940,166246.0,False,211.4,9.1,1.8
8941,166263.0,False,211.70000000000002,10.0,1.9000000000000001
8942,166279.0,False,212.20000000000002,10.600000000000001,2.0
8943,166297.0,False,212.5,10.8,2.1
8944,166313.0,False,213.20000000000002,11.200000000000001,2.3000000000000003
8945,166330.0,False,213.9,11.600000000000001,2.1
8946,166346.0,False,214.3,11.8,1.8
8947,166363.0,False,214.9,12.100000000000001,1.1
8948,166380.0,False,215.5,12.100000000000001,0.4
8949,166399.0,False,216.10000000000002,12.3,-0.4
8950,166413.0,False,216.3,12.5,-0.9
8951,166432.0,False,216.70000000000002,13.0,-1.9000000000000001
8952,166446.0,False,216.9,13.200000000000001,-2.2
8953,166463.0,False,217.3,13.200000000000001,-2.5
8954,166481.0,False,217.8,13.0,-2.4000000000000004
8955,166499.0,False,218.3,12.700000000000001,-2.3000000000000003
8956,166513.0,False,218.60000000000002,12.600000000000001,-2.2
8957,166531.0,False,218.9,12.4,-2.0
8958,166549.0,False,219.20000000000002,12.200000000000001,-1.6
8959,166563.0,False,219.20000000000002,12.100000000000001,-1.4000000000000001
8960,166579.0,False,219.3,12.0,-1.0
8961,166597.0,False,219.5,11.9,-0.7000000000000001
8962,166630.0,False,219.70000000000002,11.600000000000001,-0.2
8963,166647.0,False,219.8,11.5,0.0
8964,166663.0,False,219.8,11.5,0.1
8965,166680.0,False,219.8,11.600000000000001,0.30000000000000004
8966,166715.0,False,219.9,11.8,0.7000000000000001
8967,166730.0,False,220.10000000000002,11.8,1.1
8968,166746.0,False,220.4,11.9,1.6
8969,166766.0,False,220.70000000000002,12.100000000000001,1.9000000000000001
8970,166781.0,False,220.9,12.200000000000001,2.0
8971,166796.0,False,221.3,12.5,2.2
8972,166814.0,False,221.5,12.5,2.3000000000000003
8973,166830.0,False,222.20000000000002,12.700000000000001,2.5
8974,166846.0,False,223.10000000000002,12.600000000000001,2.6
8975,166865.0,False,224.10000000000002,12.4,2.5
8976,166881.0,False,224.60000000000002,12.4,2.4000000000000004
8977,166896.0,False,225.60000000000002,12.4,2.1
8978,166918.0,False,226.10000000000002,12.4,1.8
8979,166930.0,False,227.10000000000002,12.3,1.4000000000000001
8980,166948.0,False,228.20000000000002,11.8,1.3
8981,166963.0,False,229.5,11.200000000000001,1.5
8982,166981.0,False,230.20000000000002,10.9,1.5
8983,166996.0,False,231.4,10.700000000000001,1.3
8984,167013.0,False,232.20000000000002,10.600000000000001,0.9
8985,167029.0,False,232.60000000000002,10.600000000000001,0.6000000000000001
8986,167047.0,False,233.20000000000002,10.4,0.1
8987,167080.0,False,234.20000000000002,9.600000000000001,-0.6000000000000001
8988,167100.0,False,234.70000000000002,8.700000000000001,-0.7000000000000001
8989,167113.0,False,235.10000000000002,7.800000000000001,-0.5
8990,167132.0,False,235.3,7.1000000000000005,-0.2
8991,167147.0,False,235.3,6.9,0.0
8992,167163.0,False,235.3,6.800000000000001,0.2
8993,167181.0,False,235.10000000000002,7.0,0.5
8994,167197.0,False,235.10000000000002,7.2,0.5
8995,167213.0,False,234.8,7.4,0.4
8996,167247.0,False,234.5,7.800000000000001,0.1
8997,167267.0,False,234.3,8.200000000000001,0.0
8998,167279.0,False,234.20000000000002,8.4,-0.1
8999,167297.0,False,234.10000000000002,8.8,-0.1
9000,167313.0,False,234.10000000000002,9.1,0.0
9001,167329.0,False,234.0,9.200000000000001,0.2
9002,167363.0,False,233.9,9.5,0.4
9003,167382.0,False,233.70000000000002,9.700000000000001,0.6000000000000001
9004,167396.0,False,233.60000000000002,9.9,0.7000000000000001
9005,167413.0,False,233.3,10.3,0.8
9006,167429.0,False,232.9,10.8,0.8
9007,167449.0,False,232.60000000000002,11.100000000000001,0.8
9008,167464.0,False,232.0,11.600000000000001,0.6000000000000001
9009,167479.0,False,231.5,12.200000000000001,0.30000000000000004
9010,167496.0,False,231.20000000000002,12.5,0.1
9011,167515.0,False,230.60000000000002,13.100000000000001,-0.5
9012,167530.0,False,230.0,13.700000000000001,-1.3
9013,167546.0,False,229.70000000000002,13.9,-1.7000000000000002
9014,167563.0,False,229.0,14.100000000000001,-2.3000000000000003
9015,167581.0,False,228.4,14.3,-2.6
9016,167596.0,False,228.20000000000002,14.4,-2.7
9017,167622.0,False,227.3,14.8,-2.9000000000000004
9018,167630.0,False,227.0,15.100000000000001,-3.0
9019,167647.0,False,226.60000000000002,15.4,-3.1
9020,167663.0,False,225.70000000000002,15.8,-3.3000000000000003
9021,167680.0,False,224.70000000000002,16.0,-3.4000000000000004
9022,167697.0,False,224.3,15.9,-3.3000000000000003
9023,167713.0,False,223.60000000000002,15.600000000000001,-3.0
9024,167732.0,False,223.0,15.0,-2.8000000000000003
9025,167749.0,False,222.8,14.700000000000001,-2.7
9026,167763.0,False,222.10000000000002,14.100000000000001,-2.6
9027,167782.0,False,221.3,13.600000000000001,-2.6
9028,167797.0,False,220.3,13.200000000000001,-2.3000000000000003
9029,167822.0,False,219.5,13.0,-2.0
9030,167830.0,False,219.0,13.0,-1.9000000000000001
9031,167846.0,False,218.60000000000002,13.0,-1.9000000000000001
9032,167863.0,False,217.70000000000002,13.0,-2.0
9033,167879.0,False,216.70000000000002,13.100000000000001,-2.3000000000000003
9034,167898.0,False,215.70000000000002,13.100000000000001,-2.8000000000000003
9035,167924.0,False,214.70000000000002,13.0,-3.1
9036,167930.0,False,214.3,13.0,-3.2
9037,167946.0,False,213.9,13.0,-3.2
9038,167963.0,False,213.20000000000002,13.200000000000001,-3.2
9039,167980.0,False,212.70000000000002,13.3,-3.0
9040,168000.0,False,212.3,13.3,-2.8000000000000003
9041,168013.0,False,212.10000000000002,13.4,-2.7
9042,168029.0,False,211.8,13.5,-2.7
9043,168049.0,False,211.60000000000002,13.700000000000001,-2.8000000000000003
9044,168063.0,False,211.60000000000002,13.9,-3.1
9045,168081.0,False,211.5,14.3,-4.0
9046,168096.0,False,211.4,14.700000000000001,-5.0
9047,168113.0,False,211.3,14.8,-5.4
9048,168131.0,False,211.10000000000002,15.3,-6.0
9049,168147.0,False,210.9,16.0,-6.4
9050,168162.0,False,210.9,16.400000000000002,-6.5
9051,168182.0,False,211.0,17.2,-6.6000000000000005
9052,168196.0,False,211.0,17.8,-6.5
9053,168221.0,False,210.9,18.3,-6.300000000000001
9054,168229.0,False,210.8,18.7,-6.1000000000000005
9055,168246.0,False,210.70000000000002,19.400000000000002,-5.9
9056,168263.0,False,210.60000000000002,20.1,-5.800000000000001
9057,168281.0,False,210.60000000000002,20.5,-5.800000000000001
9058,168297.0,False,210.5,20.900000000000002,-5.9
9059,168313.0,False,210.5,21.1,-6.0
9060,168329.0,False,210.4,21.1,-6.1000000000000005
9061,168346.0,False,210.3,20.8,-6.300000000000001
9062,168363.0,False,210.20000000000002,20.400000000000002,-6.4
9063,168382.0,False,210.0,20.1,-6.300000000000001
9064,168397.0,False,209.8,19.700000000000003,-6.0
9065,168421.0,False,209.5,19.400000000000002,-5.5
9066,168431.0,False,209.4,19.400000000000002,-5.300000000000001
9067,168449.0,False,209.20000000000002,19.400000000000002,-4.9
9068,168463.0,False,208.9,19.400000000000002,-4.7
9069,168498.0,False,208.4,19.6,-4.6000000000000005
9070,168518.0,False,208.20000000000002,19.8,-4.4
9071,168546.0,False,207.9,19.900000000000002,-4.2
9072,168600.0,False,207.8,20.200000000000003,-4.1000000000000005
9073,168618.0,False,207.60000000000002,20.5,-4.2
9074,168629.0,False,207.60000000000002,20.8,-4.3
9075,168653.0,False,207.3,21.3,-4.2
9076,168671.0,False,207.10000000000002,21.6,-4.0
9077,168696.0,False,206.9,21.8,-3.8000000000000003
9078,168718.0,False,206.70000000000002,22.3,-3.6
9079,168730.0,False,206.5,22.900000000000002,-3.8000000000000003
9080,168746.0,False,206.5,23.200000000000003,-4.0
9081,168765.0,False,206.3,23.5,-4.4
9082,168781.0,False,206.20000000000002,23.6,-4.6000000000000005
9083,168797.0,False,206.20000000000002,23.5,-4.6000000000000005
9084,168829.0,False,206.10000000000002,23.6,-4.7
9085,168846.0,False,206.10000000000002,23.700000000000003,-4.5
9086,168881.0,False,206.0,23.700000000000003,-4.4
9087,168896.0,False,205.9,23.6,-4.3
9088,168919.0,False,205.60000000000002,23.200000000000003,-4.2
9089,168929.0,False,205.4,23.0,-4.1000000000000005
9090,168951.0,False,205.20000000000002,22.5,-3.7
9091,168964.0,False,205.10000000000002,22.200000000000003,-3.5
9092,168984.0,False,204.9,21.6,-3.0
9093,168996.0,False,204.8,21.400000000000002,-2.9000000000000004
9094,169022.0,False,204.4,20.700000000000003,-2.7
9095,169029.0,False,204.20000000000002,20.6,-2.7
9096,169048.0,False,203.8,20.400000000000002,-2.8000000000000003
9097,169063.0,False,203.5,20.3,-2.7
9098,169080.0,False,203.10000000000002,20.1,-2.4000000000000004
9099,169099.0,False,202.8,19.900000000000002,-2.0
9100,169123.0,False,202.60000000000002,19.900000000000002,-1.8
9101,169129.0,False,202.5,19.900000000000002,-1.8
9102,169147.0,False,202.4,19.8,-1.8
9103,169163.0,False,202.20000000000002,19.700000000000003,-1.8
9104,169182.0,False,202.0,19.700000000000003,-1.8
9105,169196.0,False,202.0,19.700000000000003,-1.9000000000000001
9106,169222.0,False,202.10000000000002,19.700000000000003,-2.2
9107,169230.0,False,202.10000000000002,19.6,-2.3000000000000003
9108,169250.0,False,202.20000000000002,19.5,-2.7
9109,169263.0,False,202.20000000000002,19.3,-2.9000000000000004
9110,169279.0,False,202.20000000000002,18.900000000000002,-3.3000000000000003
9111,169301.0,False,202.10000000000002,18.400000000000002,-3.3000000000000003
9112,169319.0,False,202.0,17.8,-3.1
9113,169332.0,False,202.0,17.400000000000002,-2.9000000000000004
9114,169346.0,False,201.8,16.8,-2.3000000000000003
9115,169364.0,False,201.8,16.6,-1.9000000000000001
9116,169380.0,False,201.70000000000002,16.400000000000002,-1.4000000000000001
9117,169397.0,False,201.60000000000002,16.3,-1.2000000000000002
9118,169417.0,False,201.4,16.1,-1.2000000000000002
9119,169430.0,False,201.3,16.0,-1.1
9120,169452.0,False,201.3,15.8,-1.1
9121,169469.0,False,201.20000000000002,15.100000000000001,-1.1
9122,169481.0,False,201.20000000000002,14.8,-1.0
9123,169497.0,False,201.10000000000002,14.4,-0.9
9124,169519.0,False,201.0,13.8,-0.5
9125,169529.0,False,201.0,13.5,-0.4
9126,169546.0,False,200.9,12.700000000000001,0.0
9127,169564.0,False,200.8,11.700000000000001,0.7000000000000001
9128,169579.0,False,200.70000000000002,11.200000000000001,1.1
9129,169596.0,False,200.70000000000002,10.3,1.8
9130,169613.0,False,200.60000000000002,9.9,2.2
9131,169631.0,False,200.5,9.3,2.7
9132,169647.0,False,200.4,8.8,3.2
9133,169663.0,False,200.4,8.6,3.4000000000000004
9134,169679.0,False,200.5,8.3,3.9000000000000004
9135,169698.0,False,200.70000000000002,7.9,4.2
9136,169717.0,False,200.9,7.5,4.4
9137,169736.0,False,201.10000000000002,7.2,4.6000000000000005
9138,169747.0,False,201.20000000000002,7.0,4.7
9139,169763.0,False,201.4,6.9,4.800000000000001
9140,169779.0,False,201.60000000000002,6.800000000000001,5.1000000000000005
9141,169796.0,False,201.9,6.6000000000000005,5.5
9142,169821.0,False,202.10000000000002,6.6000000000000005,5.800000000000001
9143,169829.0,False,202.20000000000002,6.6000000000000005,6.0
9144,169848.0,False,202.3,6.7,6.5
9145,169863.0,False,202.4,6.9,7.2
9146,169879.0,False,202.4,7.1000000000000005,7.5
9147,169896.0,False,202.4,7.6000000000000005,7.7
9148,169913.0,False,202.3,8.0,7.800000000000001
9149,169933.0,False,202.0,9.0,7.7
9150,169947.0,False,201.9,9.200000000000001,7.6000000000000005
9151,169964.0,False,201.9,9.5,7.6000000000000005
9152,169981.0,False,202.0,9.700000000000001,7.6000000000000005
9153,169998.0,False,202.10000000000002,9.8,7.5
9154,170015.0,False,202.4,10.100000000000001,7.1000000000000005
9155,170032.0,False,202.70000000000002,10.200000000000001,6.4
9156,170050.0,False,203.0,10.3,5.6000000000000005
9157,170063.0,False,203.0,10.3,5.300000000000001
9158,170079.0,False,203.0,10.4,4.6000000000000005
9159,170096.0,False,202.8,10.5,4.3
9160,170122.0,False,202.20000000000002,10.9,3.8000000000000003
9161,170135.0,False,202.0,11.100000000000001,3.6
9162,170146.0,False,201.70000000000002,11.200000000000001,3.5
9163,170162.0,False,201.10000000000002,11.4,3.4000000000000004
9164,170179.0,False,200.4,11.4,3.5
9165,170199.0,False,200.10000000000002,11.3,3.5
9166,170213.0,False,199.60000000000002,11.200000000000001,3.4000000000000004
9167,170230.0,False,199.0,11.100000000000001,3.1
9168,170246.0,False,198.70000000000002,11.100000000000001,2.9000000000000004
9169,170263.0,False,198.10000000000002,11.100000000000001,2.3000000000000003
9170,170279.0,False,197.4,11.200000000000001,1.7000000000000002
9171,170299.0,False,196.70000000000002,11.4,1.1
9172,170313.0,False,196.3,11.5,0.8
9173,170330.0,False,195.60000000000002,11.8,0.2
9174,170346.0,False,195.3,12.0,0.0
9175,170364.0,False,194.70000000000002,12.3,-0.5
9176,170381.0,False,194.10000000000002,12.700000000000001,-0.7000000000000001
9177,170396.0,False,193.8,12.9,-0.8
9178,170419.0,False,192.9,13.8,-1.0
9179,170432.0,False,192.60000000000002,14.100000000000001,-0.9
9180,170447.0,False,192.4,14.4,-0.9
9181,170464.0,False,192.10000000000002,14.700000000000001,-0.7000000000000001
9182,170480.0,False,191.9,14.8,-0.6000000000000001
9183,170518.0,False,191.60000000000002,14.4,-0.8
9184,170530.0,False,191.5,14.200000000000001,-0.9
9185,170549.0,False,191.20000000000002,13.700000000000001,-0.7000000000000001
9186,170564.0,False,191.0,13.3,-0.4
9187,170579.0,False,190.9,12.700000000000001,0.6000000000000001
9188,170596.0,False,191.0,12.3,1.5
9189,170616.0,False,191.10000000000002,12.100000000000001,1.8
9190,170634.0,False,191.4,11.9,2.3000000000000003
9191,170649.0,False,191.60000000000002,11.8,2.5
9192,170663.0,False,191.70000000000002,11.8,2.6
9193,170679.0,False,191.9,12.0,2.6
9194,170697.0,False,192.0,12.100000000000001,2.6
9195,170715.0,False,192.10000000000002,12.5,2.5
9196,170731.0,False,192.20000000000002,12.9,2.5
9197,170747.0,False,192.4,13.200000000000001,2.6
9198,170763.0,False,192.4,13.3,2.7
9199,170780.0,False,192.5,13.5,3.1
9200,170796.0,False,192.5,14.0,3.7
9201,170818.0,False,192.5,14.8,4.1000000000000005
9202,170836.0,False,192.5,15.700000000000001,4.2
9203,170847.0,False,192.5,16.2,4.2
9204,170863.0,False,192.5,16.6,4.2
9205,170880.0,False,192.5,17.2,4.1000000000000005
9206,170899.0,False,192.60000000000002,17.6,4.0
9207,170916.0,False,192.8,17.8,3.9000000000000004
9208,170929.0,False,193.0,17.900000000000002,3.7
9209,170947.0,False,193.20000000000002,17.8,3.3000000000000003
9210,170963.0,False,193.4,17.7,3.1
9211,170985.0,False,193.60000000000002,17.5,2.7
9212,170996.0,False,193.70000000000002,17.3,2.3000000000000003
9213,171013.0,False,193.70000000000002,17.3,2.0
9214,171030.0,False,193.60000000000002,17.400000000000002,1.9000000000000001
9215,171046.0,False,193.4,17.8,1.9000000000000001
9216,171066.0,False,193.0,18.3,2.1
9217,171081.0,False,192.9,18.6,2.2
9218,171101.0,False,192.60000000000002,19.0,2.4000000000000004
9219,171115.0,False,192.4,19.3,2.6
9220,171134.0,False,192.20000000000002,19.6,2.7
9221,171150.0,False,192.10000000000002,19.700000000000003,2.6
9222,171167.0,False,191.8,19.8,2.5
9223,171181.0,False,191.70000000000002,19.700000000000003,2.6
9224,171196.0,False,191.5,19.5,2.7
9225,171213.0,False,191.4,19.3,2.8000000000000003
9226,171234.0,False,191.4,19.1,2.8000000000000003
9227,171246.0,False,191.4,19.0,2.7
9228,171263.0,False,191.4,18.8,2.2
9229,171283.0,False,191.20000000000002,18.400000000000002,1.4000000000000001
9230,171296.0,False,191.0,18.1,1.0
9231,171315.0,False,190.60000000000002,17.3,0.30000000000000004
9232,171332.0,False,190.0,16.400000000000002,-0.1
9233,171346.0,False,189.60000000000002,16.0,-0.30000000000000004
9234,171363.0,False,188.8,15.4,-0.2
9235,171380.0,False,188.3,15.200000000000001,-0.1
9236,171398.0,False,187.20000000000002,14.700000000000001,0.4
9237,171414.0,False,186.20000000000002,14.200000000000001,0.9
9238,171433.0,False,185.20000000000002,13.700000000000001,1.3
9239,171450.0,False,184.60000000000002,13.5,1.5
9240,171466.0,False,183.5,13.0,1.5
9241,171485.0,False,182.3,12.4,1.3
9242,171497.0,False,181.70000000000002,12.100000000000001,1.2000000000000002
9243,171518.0,False,180.60000000000002,11.5,1.0
9244,171530.0,False,179.60000000000002,10.8,0.8
9245,171549.0,False,178.60000000000002,10.200000000000001,0.6000000000000001
9246,171562.0,False,178.10000000000002,10.0,0.6000000000000001
9247,171579.0,False,177.0,9.8,0.6000000000000001
9248,171599.0,False,176.0,9.9,0.8
9249,171615.0,False,175.5,10.0,0.8
9250,171632.0,False,174.60000000000002,10.200000000000001,0.9
9251,171651.0,False,173.8,10.3,1.1
9252,171662.0,False,173.4,10.200000000000001,1.3
9253,171680.0,False,172.70000000000002,10.0,1.6
9254,171696.0,False,172.4,9.8,1.8
9255,171712.0,False,171.9,9.4,2.1
9256,171730.0,False,171.4,9.0,2.2
9257,171748.0,False,171.0,8.3,2.3000000000000003
9258,171764.0,False,170.8,7.800000000000001,2.4000000000000004
9259,171780.0,False,170.5,7.0,2.9000000000000004
9260,171797.0,False,170.3,6.6000000000000005,3.1
9261,171816.0,False,169.9,6.2,3.6
9262,171831.0,False,169.60000000000002,6.2,3.9000000000000004
9263,171850.0,False,169.20000000000002,6.2,3.9000000000000004
9264,171864.0,False,169.0,6.300000000000001,3.9000000000000004
9265,171879.0,False,168.4,6.4,3.9000000000000004
9266,171896.0,False,168.20000000000002,6.4,3.9000000000000004
9267,171916.0,False,167.5,6.5,3.9000000000000004
9268,171931.0,False,167.3,6.5,4.0
9269,171946.0,False,167.0,6.5,4.2
9270,171986.0,False,166.70000000000002,6.5,4.4
9271,172016.0,False,166.60000000000002,6.300000000000001,4.4
9272,172029.0,False,166.5,6.1000000000000005,4.3
9273,172046.0,False,166.5,5.800000000000001,4.3
9274,172065.0,False,166.5,5.5,4.3
9275,172080.0,False,166.5,5.4,4.4
9276,172097.0,False,166.5,5.2,4.5
9277,172113.0,False,166.5,4.800000000000001,4.7
9278,172130.0,False,166.4,4.4,5.0
9279,172146.0,False,166.3,4.1000000000000005,5.300000000000001
9280,172165.0,False,166.20000000000002,3.9000000000000004,5.5
9281,172179.0,False,166.10000000000002,3.7,5.6000000000000005
9282,172196.0,False,165.9,3.6,5.6000000000000005
9283,172215.0,False,165.5,3.3000000000000003,5.4
9284,172229.0,False,165.3,3.4000000000000004,5.300000000000001
9285,172246.0,False,164.70000000000002,3.6,4.9
9286,172265.0,False,164.10000000000002,4.0,4.800000000000001
9287,172282.0,False,163.70000000000002,4.2,4.800000000000001
9288,172299.0,False,163.10000000000002,4.6000000000000005,5.1000000000000005
9289,172317.0,False,162.5,5.0,5.4
9290,172329.0,False,162.20000000000002,5.1000000000000005,5.6000000000000005
9291,172348.0,False,161.60000000000002,5.4,6.0
9292,172363.0,False,160.9,5.6000000000000005,6.4
9293,172379.0,False,160.70000000000002,5.6000000000000005,6.6000000000000005
9294,172396.0,False,160.10000000000002,5.7,7.0
9295,172413.0,False,159.9,5.7,7.2
9296,172429.0,False,159.4,5.7,7.5
9297,172446.0,False,158.70000000000002,5.800000000000001,7.4
9298,172469.0,False,157.9,5.9,7.1000000000000005
9299,172479.0,False,157.5,6.0,7.0
9300,172497.0,False,156.60000000000002,6.1000000000000005,6.800000000000001
9301,172513.0,False,155.70000000000002,6.300000000000001,6.800000000000001
9302,172529.0,False,155.20000000000002,6.4,6.9
9303,172546.0,False,154.3,6.7,7.1000000000000005
9304,172565.0,False,153.3,7.0,7.300000000000001
9305,172582.0,False,152.5,7.300000000000001,7.2
9306,172596.0,False,152.1,7.4,7.1000000000000005
9307,172617.0,False,151.5,7.5,6.5
9308,172629.0,False,151.20000000000002,7.5,6.1000000000000005
9309,172646.0,False,150.70000000000002,7.4,5.1000000000000005
9310,172663.0,False,150.3,7.4,3.9000000000000004
9311,172682.0,False,150.0,7.300000000000001,2.5
9312,172696.0,False,149.9,7.2,1.8
9313,172712.0,False,149.70000000000002,7.0,0.5
9314,172730.0,False,149.4,6.9,-0.7000000000000001
9315,172746.0,False,149.3,6.9,-1.3
9316,172764.0,False,148.9,7.2,-2.0
9317,172780.0,False,148.8,7.4,-2.3000000000000003
9318,172796.0,False,148.5,8.1,-2.7
9319,172813.0,False,148.3,9.0,-2.9000000000000004
9320,172831.0,False,148.1,9.600000000000001,-3.0
9321,172846.0,False,148.1,9.9,-3.1
9322,172863.0,False,148.0,10.200000000000001,-3.0
9323,172897.0,False,148.0,10.200000000000001,-2.8000000000000003
9324,172913.0,False,148.1,10.200000000000001,-2.7
9325,172932.0,False,148.20000000000002,10.100000000000001,-2.5
9326,172950.0,False,148.1,10.0,-2.3000000000000003
9327,172963.0,False,148.20000000000002,9.600000000000001,-1.6
9328,172981.0,False,148.20000000000002,9.5,-1.2000000000000002
9329,172996.0,False,148.5,9.3,-0.30000000000000004
9330,173013.0,False,148.8,9.200000000000001,0.4
9331,173031.0,False,149.20000000000002,9.1,0.9
9332,173050.0,False,149.5,9.0,1.1
9333,173062.0,False,149.6,8.9,1.2000000000000002
9334,173079.0,False,149.9,8.700000000000001,1.4000000000000001
9335,173096.0,False,150.0,8.6,1.5
9336,173115.0,False,150.4,8.5,1.7000000000000002
9337,173129.0,False,150.70000000000002,8.4,1.9000000000000001
9338,173147.0,False,150.9,8.4,2.1
9339,173165.0,False,151.4,8.200000000000001,2.3000000000000003
9340,173180.0,False,151.9,7.9,2.5
9341,173196.0,False,152.1,7.7,2.6
9342,173215.0,False,152.70000000000002,7.2,2.8000000000000003
9343,173229.0,False,153.4,6.7,3.1
9344,173246.0,False,153.70000000000002,6.4,3.3000000000000003
9345,173263.0,False,154.4,5.800000000000001,3.7
9346,173279.0,False,155.10000000000002,5.2,4.3
9347,173298.0,False,155.70000000000002,4.6000000000000005,4.800000000000001
9348,173313.0,False,156.0,4.4,5.0
9349,173330.0,False,156.4,4.2,5.4
9350,173363.0,False,156.60000000000002,4.1000000000000005,5.6000000000000005
9351,173398.0,False,156.4,4.4,5.6000000000000005
9352,173414.0,False,156.4,4.6000000000000005,5.5
9353,173429.0,False,156.10000000000002,5.0,5.300000000000001
9354,173446.0,False,156.0,5.300000000000001,5.2
9355,173463.0,False,155.70000000000002,5.800000000000001,5.0
9356,173479.0,False,155.3,6.5,5.0
9357,173496.0,False,154.8,7.300000000000001,5.0
9358,173520.0,False,154.3,8.0,4.9
9359,173531.0,False,154.0,8.3,4.800000000000001
9360,173555.0,False,153.3,8.5,4.800000000000001
9361,173568.0,False,153.1,8.4,4.7
9362,173585.0,False,152.9,8.4,4.6000000000000005
9363,173596.0,False,152.8,8.4,4.5
9364,173614.0,False,152.6,8.5,4.3
9365,173630.0,False,152.3,8.700000000000001,3.7
9366,173646.0,False,151.8,9.0,3.0
9367,173662.0,False,151.5,9.200000000000001,2.7
9368,173681.0,False,150.70000000000002,9.4,2.1
9369,173696.0,False,150.4,9.4,1.9000000000000001
9370,173722.0,False,149.5,9.4,1.7000000000000002
9371,173729.0,False,149.20000000000002,9.4,1.8
9372,173746.0,False,148.70000000000002,9.200000000000001,2.2
9373,173762.0,False,148.5,9.1,2.4000000000000004
9374,173781.0,False,148.20000000000002,8.8,2.8000000000000003
9375,173798.0,False,148.0,8.6,3.1
9376,173820.0,False,147.9,8.4,2.9000000000000004
9377,173829.0,False,147.8,8.4,2.7
9378,173848.0,False,147.5,8.4,1.9000000000000001
9379,173863.0,False,147.3,8.4,1.4000000000000001
9380,173879.0,False,146.8,8.5,0.6000000000000001
9381,173898.0,False,146.4,8.5,0.0
9382,173920.0,False,146.20000000000002,8.700000000000001,-0.6000000000000001
9383,173929.0,False,146.1,8.700000000000001,-0.9
9384,173946.0,False,145.9,8.8,-1.5
9385,173964.0,False,145.8,8.700000000000001,-1.9000000000000001
9386,173984.0,False,145.70000000000002,8.700000000000001,-2.1
9387,173996.0,False,145.5,8.8,-2.4000000000000004
9388,174018.0,False,145.20000000000002,9.200000000000001,-2.6
9389,174031.0,False,145.1,9.5,-2.7
9390,174046.0,False,144.8,10.0,-2.6
9391,174063.0,False,144.4,10.5,-2.6
9392,174081.0,False,144.1,10.8,-2.7
9393,174098.0,False,143.9,10.9,-2.9000000000000004
9394,174113.0,False,143.4,10.8,-3.2
9395,174135.0,False,143.0,10.3,-3.2
9396,174153.0,False,142.70000000000002,9.700000000000001,-3.0
9397,174164.0,False,142.5,9.4,-2.7
9398,174186.0,False,142.4,9.0,-2.4000000000000004
9399,174196.0,False,142.1,8.5,-1.6
9400,174220.0,False,141.9,8.1,-0.6000000000000001
9401,174246.0,False,141.8,8.3,-0.6000000000000001
9402,174264.0,False,141.5,8.700000000000001,-1.0
9403,174280.0,False,141.1,9.1,-1.4000000000000001
9404,174296.0,False,141.0,9.3,-1.5
9405,174316.0,False,141.0,9.5,-1.5
9406,174329.0,False,141.1,9.600000000000001,-1.4000000000000001
9407,174346.0,False,141.4,9.5,-1.1
9408,174362.0,False,141.8,9.3,-0.8
9409,174380.0,False,142.3,9.0,-0.5
9410,174398.0,False,142.70000000000002,8.6,-0.5
9411,174420.0,False,143.1,8.200000000000001,-0.5
9412,174446.0,False,143.5,7.7,-0.4
9413,174463.0,False,143.8,7.2,-0.2
9414,174482.0,False,144.20000000000002,6.800000000000001,0.1
9415,174496.0,False,144.3,6.6000000000000005,0.2
9416,174523.0,False,144.70000000000002,6.300000000000001,0.5
9417,174529.0,False,144.70000000000002,6.300000000000001,0.6000000000000001
9418,174547.0,False,144.9,6.2,0.6000000000000001
9419,174581.0,False,145.1,6.2,0.7000000000000001
9420,174597.0,False,145.20000000000002,6.1000000000000005,0.7000000000000001
9421,174629.0,False,145.3,6.1000000000000005,0.9
9422,174665.0,False,145.20000000000002,6.4,1.1
9423,174679.0,False,145.0,6.7,1.3
9424,174696.0,False,144.9,6.9,1.4000000000000001
9425,174721.0,False,144.5,7.9,1.4000000000000001
9426,174729.0,False,144.3,8.4,1.1
9427,174746.0,False,144.1,8.8,0.8
9428,174763.0,False,143.6,9.200000000000001,0.2
9429,174780.0,False,143.1,9.200000000000001,-0.1
9430,174796.0,False,142.6,9.1,-0.4
9431,174822.0,False,142.20000000000002,9.0,-0.7000000000000001
9432,174829.0,False,142.0,9.0,-0.9
9433,174846.0,False,141.5,8.8,-1.2000000000000002
9434,174862.0,False,141.1,8.700000000000001,-1.3
9435,174879.0,False,140.4,8.5,-1.4000000000000001
9436,174898.0,False,139.70000000000002,8.5,-1.3
9437,174921.0,False,138.8,8.4,-1.0
9438,174929.0,False,138.4,8.3,-0.8
9439,174953.0,False,137.8,7.9,-0.1
9440,174962.0,False,137.6,7.6000000000000005,0.30000000000000004
9441,174981.0,False,137.3,6.800000000000001,0.9
9442,174996.0,False,137.1,5.9,1.2000000000000002
9443,175027.0,False,136.6,4.9,0.9
9444,175046.0,False,136.1,4.6000000000000005,0.2
9445,175064.0,False,135.4,4.4,-0.5
9446,175080.0,False,135.1,4.3,-0.7000000000000001
9447,175096.0,False,134.4,4.1000000000000005,-1.0
9448,175124.0,False,133.4,3.9000000000000004,-1.4000000000000001
9449,175146.0,False,132.70000000000002,4.0,-1.5
9450,175164.0,False,132.1,4.0,-1.7000000000000002
9451,175180.0,False,131.8,3.9000000000000004,-1.7000000000000002
9452,175196.0,False,131.20000000000002,3.8000000000000003,-2.0
9453,175220.0,False,130.5,3.8000000000000003,-2.4000000000000004
9454,175229.0,False,130.1,3.8000000000000003,-2.6
9455,175246.0,False,129.20000000000002,3.9000000000000004,-2.9000000000000004
9456,175264.0,False,128.8,4.0,-3.0
9457,175279.0,False,127.80000000000001,4.5,-3.1
9458,175296.0,False,126.80000000000001,5.6000000000000005,-2.9000000000000004
9459,175321.0,False,125.9,6.9,-2.5
9460,175338.0,False,125.30000000000001,8.3,-2.1
9461,175347.0,False,125.10000000000001,8.8,-2.0
9462,175363.0,False,124.9,9.600000000000001,-1.9000000000000001
9463,175379.0,False,124.9,9.8,-2.0
9464,175397.0,False,125.10000000000001,9.9,-2.2
9465,175420.0,False,125.4,9.5,-2.7
9466,175431.0,False,125.80000000000001,8.9,-3.4000000000000004
9467,175445.0,False,125.9,8.6,-3.7
9468,175464.0,False,126.10000000000001,7.800000000000001,-4.2
9469,175479.0,False,126.2,7.5,-4.4
9470,175496.0,False,126.4,6.9,-4.4
9471,175515.0,False,126.5,6.7,-4.3
9472,175532.0,False,126.4,6.800000000000001,-4.0
9473,175549.0,False,126.4,7.0,-3.9000000000000004
9474,175564.0,False,126.10000000000001,7.6000000000000005,-3.6
9475,175579.0,False,125.9,8.3,-3.4000000000000004
9476,175596.0,False,125.9,8.5,-3.2
9477,175613.0,False,125.9,8.5,-2.7
9478,175629.0,False,126.10000000000001,7.9,-2.1
9479,175648.0,False,126.30000000000001,7.6000000000000005,-1.7000000000000002
9480,175668.0,False,126.9,7.0,-1.1
9481,175680.0,False,127.5,6.7,-0.6000000000000001
9482,175696.0,False,127.9,6.7,-0.4
9483,175716.0,False,128.5,7.0,-0.2
9484,175735.0,False,128.9,7.5,-0.4
9485,175746.0,False,129.0,7.6000000000000005,-0.6000000000000001
9486,175762.0,False,129.1,7.800000000000001,-0.8
9487,175779.0,False,129.1,7.7,-1.0
9488,175799.0,False,128.9,7.5,-1.0
9489,175820.0,False,128.6,7.300000000000001,-0.9
9490,175829.0,False,128.5,7.300000000000001,-0.7000000000000001
9491,175849.0,False,128.1,7.300000000000001,-0.30000000000000004
9492,175865.0,False,127.80000000000001,7.4,-0.1
9493,175879.0,False,127.10000000000001,7.800000000000001,0.4
9494,175897.0,False,126.7,8.1,0.7000000000000001
9495,175924.0,False,125.4,8.9,1.8
9496,175930.0,False,125.10000000000001,9.200000000000001,2.2
9497,175946.0,False,124.80000000000001,9.3,2.5
9498,175962.0,False,124.2,9.600000000000001,2.7
9499,175980.0,False,123.7,9.700000000000001,2.5
9500,176000.0,False,123.10000000000001,9.9,1.6
9501,176013.0,False,122.9,10.0,1.0
9502,176029.0,False,122.4,9.8,-0.2
9503,176048.0,False,122.0,9.200000000000001,-0.9
9504,176062.0,False,121.9,8.9,-1.3
9505,176079.0,False,121.4,8.700000000000001,-2.3000000000000003
9506,176101.0,False,120.4,8.8,-3.4000000000000004
9507,176121.0,False,119.30000000000001,8.9,-3.6
9508,176129.0,False,118.80000000000001,9.0,-3.6
9509,176146.0,False,117.9,9.3,-3.4000000000000004
9510,176163.0,False,117.5,9.3,-3.2
9511,176183.0,False,116.7,9.4,-2.6
9512,176198.0,False,116.30000000000001,9.4,-2.3000000000000003
9513,176215.0,False,115.7,9.3,-1.6
9514,176231.0,False,115.10000000000001,9.0,-1.0
9515,176247.0,False,114.80000000000001,8.4,-0.4
9516,176262.0,False,114.60000000000001,8.1,-0.1
9517,176279.0,False,114.4,7.6000000000000005,0.2
9518,176299.0,False,114.2,7.300000000000001,-0.1
9519,176317.0,False,113.80000000000001,7.2,-0.7000000000000001
9520,176331.0,False,113.5,7.1000000000000005,-1.1
9521,176348.0,False,113.0,7.0,-1.8
9522,176367.0,False,112.4,6.9,-2.3000000000000003
9523,176379.0,False,112.2,6.9,-2.5
9524,176397.0,False,111.7,6.800000000000001,-2.8000000000000003
9525,176417.0,False,111.2,6.800000000000001,-3.0
9526,176431.0,False,111.0,6.800000000000001,-3.0
9527,176448.0,False,110.80000000000001,6.800000000000001,-2.9000000000000004
9528,176463.0,False,110.4,6.9,-2.9000000000000004
9529,176481.0,False,109.9,7.1000000000000005,-2.9000000000000004
9530,176499.0,False,109.4,7.4,-2.9000000000000004
9531,176517.0,False,109.0,7.7,-3.0
9532,176529.0,False,108.80000000000001,7.800000000000001,-3.0
9533,176548.0,False,108.60000000000001,8.0,-3.0
9534,176563.0,False,108.4,8.200000000000001,-2.8000000000000003
9535,176580.0,False,108.4,8.200000000000001,-2.7
9536,176596.0,False,108.4,8.1,-2.3000000000000003
9537,176615.0,False,108.5,7.6000000000000005,-1.7000000000000002
9538,176634.0,False,108.80000000000001,6.9,-0.8
9539,176648.0,False,108.9,6.6000000000000005,-0.4
9540,176664.0,False,109.30000000000001,6.4,0.1
9541,176679.0,False,109.5,6.5,0.2
9542,176696.0,False,109.60000000000001,7.0,0.1
9543,176717.0,False,109.5,7.6000000000000005,0.0
9544,176731.0,False,109.5,7.800000000000001,0.1
9545,176749.0,False,109.60000000000001,8.1,0.30000000000000004
9546,176763.0,False,109.80000000000001,8.200000000000001,0.5
9547,176779.0,False,109.9,8.200000000000001,0.6000000000000001
9548,176796.0,False,110.30000000000001,8.0,0.7000000000000001
9549,176814.0,False,110.80000000000001,7.6000000000000005,0.9
9550,176832.0,False,111.4,7.1000000000000005,1.1
9551,176849.0,False,111.80000000000001,6.9,1.2000000000000002
9552,176862.0,False,112.4,6.5,1.3
9553,176879.0,False,112.80000000000001,6.300000000000001,1.4000000000000001
9554,176898.0,False,113.30000000000001,6.0,1.6
9555,176915.0,False,113.80000000000001,5.800000000000001,1.6
9556,176930.0,False,114.2,5.800000000000001,1.6
9557,176946.0,False,114.4,5.800000000000001,1.6
9558,176962.0,False,114.7,5.800000000000001,1.6
9559,176979.0,False,114.80000000000001,5.800000000000001,1.6
9560,176999.0,False,115.10000000000001,5.9,1.7000000000000002
9561,177014.0,False,115.30000000000001,6.0,1.8
9562,177030.0,False,115.5,6.1000000000000005,1.9000000000000001
9563,177046.0,False,115.60000000000001,6.2,2.0
9564,177062.0,False,115.60000000000001,6.5,1.9000000000000001
9565,177080.0,False,115.5,6.800000000000001,1.9000000000000001
9566,177115.0,False,115.10000000000001,7.2,1.9000000000000001
9567,177132.0,False,114.80000000000001,7.4,1.9000000000000001
9568,177166.0,False,114.2,7.9,1.5
9569,177180.0,False,113.60000000000001,8.1,1.2000000000000002
9570,177195.0,False,113.30000000000001,8.1,1.1
9571,177220.0,False,112.7,7.9,1.4000000000000001
9572,177239.0,False,112.5,7.9,1.3
9573,177250.0,False,112.10000000000001,8.1,0.9
9574,177264.0,False,111.80000000000001,8.3,0.6000000000000001
9575,177280.0,False,110.9,8.6,0.0
9576,177298.0,False,109.9,8.8,-0.30000000000000004
9577,177312.0,False,109.4,8.9,-0.30000000000000004
9578,177333.0,False,108.5,9.1,-0.1
9579,177346.0,False,107.7,9.1,0.30000000000000004
9580,177362.0,False,107.30000000000001,9.1,0.5
9581,177379.0,False,106.60000000000001,8.9,1.0
9582,177396.0,False,106.0,8.4,1.8
9583,177412.0,False,105.80000000000001,8.1,2.1
9584,177431.0,False,105.30000000000001,7.7,2.7
9585,177445.0,False,105.0,7.5,2.8000000000000003
9586,177463.0,False,104.2,7.6000000000000005,2.8000000000000003
9587,177481.0,False,103.2,7.9,2.3000000000000003
9588,177497.0,False,102.2,8.1,1.6
9589,177515.0,False,101.7,8.200000000000001,1.2000000000000002
9590,177531.0,False,100.80000000000001,8.4,0.5
9591,177547.0,False,100.0,8.5,-0.2
9592,177565.0,False,99.2,8.6,-0.7000000000000001
9593,177579.0,False,98.9,8.700000000000001,-0.9
9594,177597.0,False,98.30000000000001,9.0,-0.9
9595,177618.0,False,97.7,9.700000000000001,-0.9
9596,177630.0,False,97.4,10.100000000000001,-0.9
9597,177646.0,False,96.9,11.0,-0.9
9598,177662.0,False,96.60000000000001,11.4,-1.0
9599,177679.0,False,96.10000000000001,12.3,-1.1
9600,177698.0,False,95.80000000000001,12.600000000000001,-1.1
9601,177715.0,False,95.2,13.5,-0.8
9602,177730.0,False,95.0,13.9,-0.7000000000000001
9603,177746.0,False,94.7,14.700000000000001,-0.8
9604,177763.0,False,94.5,15.100000000000001,-0.9
9605,177779.0,False,93.9,15.600000000000001,-0.8
9606,177796.0,False,93.4,15.9,-0.6000000000000001
9607,177812.0,False,93.10000000000001,16.2,-0.5
9608,177829.0,False,92.7,16.8,-0.5
9609,177846.0,False,92.2,17.5,-0.6000000000000001
9610,177863.0,False,91.60000000000001,18.1,-0.8
9611,177880.0,False,91.30000000000001,18.400000000000002,-0.9
9612,177897.0,False,90.7,19.0,-1.0
9613,177916.0,False,90.10000000000001,19.700000000000003,-1.0
9614,177930.0,False,89.80000000000001,20.0,-1.1
9615,177947.0,False,89.5,20.5,-1.2000000000000002
9616,177963.0,False,89.30000000000001,20.700000000000003,-1.4000000000000001
9617,177983.0,False,89.30000000000001,20.6,-1.5
9618,177996.0,False,89.4,20.200000000000003,-2.0
9619,178018.0,False,89.60000000000001,19.5,-2.6
9620,178029.0,False,89.80000000000001,19.0,-2.9000000000000004
9621,178047.0,False,90.0,18.0,-3.3000000000000003
9622,178062.0,False,90.2,16.900000000000002,-3.5
9623,178079.0,False,90.4,16.3,-3.5
9624,178098.0,False,90.7,15.4,-3.2
9625,178114.0,False,91.0,14.5,-3.0
9626,178130.0,False,91.2,14.0,-2.9000000000000004
9627,178146.0,False,91.30000000000001,13.0,-2.7
9628,178162.0,False,91.2,12.0,-2.4000000000000004
9629,178182.0,False,91.0,11.200000000000001,-2.0
9630,178196.0,False,91.0,10.9,-1.8
9631,178213.0,False,90.7,10.4,-1.3
9632,178230.0,False,90.60000000000001,10.3,-1.1
9633,178246.0,False,90.2,10.200000000000001,-0.7000000000000001
9634,178263.0,False,89.5,10.100000000000001,-0.30000000000000004
9635,178279.0,False,89.2,10.0,0.1
9636,178296.0,False,88.60000000000001,10.0,0.9
9637,178314.0,False,88.2,10.200000000000001,1.5
9638,178331.0,False,87.80000000000001,10.5,1.4000000000000001
9639,178346.0,False,87.60000000000001,10.600000000000001,1.0
9640,178364.0,False,87.10000000000001,10.4,0.4
9641,178382.0,False,86.7,9.700000000000001,-0.2
9642,178396.0,False,86.60000000000001,9.4,-0.6000000000000001
9643,178413.0,False,86.2,8.8,-1.3
9644,178430.0,False,85.80000000000001,8.6,-1.9000000000000001
9645,178445.0,False,85.4,8.6,-2.2
9646,178464.0,False,84.7,8.8,-2.6
9647,178479.0,False,83.9,9.1,-2.7
9648,178499.0,False,83.10000000000001,9.3,-2.5
9649,178513.0,False,82.7,9.3,-2.4000000000000004
9650,178532.0,False,82.0,9.4,-1.8
9651,178548.0,False,81.7,9.3,-1.3
9652,178562.0,False,81.2,9.200000000000001,-0.5
9653,178581.0,False,80.80000000000001,8.8,0.2
9654,178595.0,False,80.60000000000001,8.6,0.5
9655,178612.0,False,80.30000000000001,8.1,0.8
9656,178635.0,False,79.9,7.9,0.8
9657,178646.0,False,79.7,7.9,0.6000000000000001
9658,178664.0,False,79.30000000000001,8.1,0.2
9659,178681.0,False,78.80000000000001,8.700000000000001,-0.5
9660,178696.0,False,78.60000000000001,9.0,-0.8
9661,178727.0,False,78.10000000000001,10.5,-1.9000000000000001
9662,178750.0,False,78.2,11.0,-2.4000000000000004
9663,178762.0,False,78.30000000000001,11.100000000000001,-2.7
9664,178781.0,False,78.60000000000001,11.200000000000001,-3.2
9665,178796.0,False,78.9,10.9,-3.9000000000000004
9666,178814.0,False,79.0,10.700000000000001,-4.3
9667,178831.0,False,79.30000000000001,10.100000000000001,-5.0
9668,178845.0,False,79.4,9.600000000000001,-5.5
9669,178863.0,False,79.4,9.5,-5.6000000000000005
9670,178898.0,False,79.4,9.3,-5.300000000000001
9671,178922.0,False,79.30000000000001,9.200000000000001,-4.800000000000001
9672,178931.0,False,79.2,9.1,-4.5
9673,178948.0,False,79.10000000000001,8.6,-3.8000000000000003
9674,178962.0,False,79.10000000000001,8.200000000000001,-3.3000000000000003
9675,178981.0,False,79.2,7.2,-2.1
9676,178995.0,False,79.5,6.300000000000001,-1.0
9677,179018.0,False,79.7,5.800000000000001,-0.1
9678,179029.0,False,79.7,5.7,0.1
9679,179048.0,False,79.5,5.9,0.2
9680,179062.0,False,79.30000000000001,6.1000000000000005,0.1
9681,179079.0,False,78.80000000000001,6.7,-0.2
9682,179096.0,False,78.5,7.300000000000001,-0.6000000000000001
9683,179113.0,False,78.4,7.6000000000000005,-0.7000000000000001
9684,179129.0,False,78.4,7.9,-1.0
9685,179146.0,False,78.4,8.1,-1.1
9686,179162.0,False,78.7,8.3,-1.3
9687,179179.0,False,79.2,8.4,-1.6
9688,179198.0,False,79.5,8.4,-1.7000000000000002
9689,179221.0,False,80.80000000000001,8.200000000000001,-2.3000000000000003
9690,179229.0,False,81.2,8.1,-2.4000000000000004
9691,179246.0,False,82.2,7.6000000000000005,-2.7
9692,179263.0,False,82.7,7.300000000000001,-2.7
9693,179279.0,False,83.7,6.800000000000001,-2.8000000000000003
9694,179298.0,False,84.60000000000001,6.2,-2.9000000000000004
9695,179312.0,False,85.4,5.7,-2.8000000000000003
9696,179329.0,False,85.7,5.4,-2.8000000000000003
9697,179345.0,False,86.2,4.800000000000001,-2.7
9698,179362.0,False,86.30000000000001,4.5,-2.5
9699,179383.0,False,86.2,4.4,-2.2
9700,179395.0,False,86.10000000000001,4.5,-2.0
9701,179413.0,False,85.80000000000001,5.0,-1.7000000000000002
9702,179429.0,False,85.60000000000001,5.300000000000001,-1.7000000000000002
9703,179446.0,False,85.10000000000001,6.0,-1.6
9704,179463.0,False,84.60000000000001,6.800000000000001,-1.5
9705,179484.0,False,84.2,7.6000000000000005,-1.1
9706,179496.0,False,84.0,7.9,-0.9
9707,179512.0,False,84.0,8.6,-0.6000000000000001
9708,179529.0,False,84.10000000000001,8.9,-0.6000000000000001
9709,179546.0,False,84.30000000000001,9.1,-0.7000000000000001
9710,179562.0,False,84.7,8.9,-1.0
9711,179584.0,False,85.2,8.6,-1.7000000000000002
9712,179597.0,False,85.4,8.5,-2.1
9713,179612.0,False,85.9,8.3,-3.2
9714,179634.0,False,86.2,8.200000000000001,-4.3
9715,179647.0,False,86.2,8.1,-4.800000000000001
9716,179662.0,False,86.30000000000001,7.9,-5.5
9717,179679.0,False,86.2,7.800000000000001,-5.7
9718,179697.0,False,86.0,7.7,-5.5
9719,179722.0,False,85.7,8.0,-4.4
9720,179746.0,False,85.5,8.3,-3.5
9721,179768.0,False,85.4,8.5,-2.6
9722,179782.0,False,85.30000000000001,8.700000000000001,-2.1
9723,179797.0,False,85.2,8.700000000000001,-2.0
9724,179812.0,False,85.0,8.700000000000001,-2.3000000000000003
9725,179829.0,False,84.9,8.8,-2.6
9726,179845.0,False,84.7,8.9,-3.4000000000000004
9727,179862.0,False,84.30000000000001,9.200000000000001,-4.1000000000000005
9728,179900.0,False,83.80000000000001,10.100000000000001,-4.9
9729,179912.0,False,83.7,10.600000000000001,-5.0
9730,179931.0,False,83.4,11.600000000000001,-5.0
9731,179945.0,False,83.2,12.200000000000001,-4.800000000000001
9732,179962.0,False,82.9,13.4,-4.5
9733,179984.0,False,82.5,14.8,-4.0
9734,180001.0,False,82.2,16.3,-3.5
9735,180018.0,False,82.0,17.900000000000002,-3.2
9736,180029.0,False,81.9,18.6,-3.0
9737,180046.0,False,81.80000000000001,19.3,-2.9000000000000004
9738,180066.0,False,81.80000000000001,20.200000000000003,-2.7
9739,180082.0,False,81.80000000000001,20.900000000000002,-2.8000000000000003
9740,180099.0,False,81.9,21.5,-3.2
9741,180223.0,False,81.4,23.0,-3.2
9742,180236.0,False,81.30000000000001,23.200000000000003,-3.0
9743,180256.0,False,81.2,23.6,-2.4000000000000004
9744,180279.0,False,81.2,24.1,-2.1
9745,180298.0,False,81.30000000000001,24.6,-1.9000000000000001
9746,180315.0,False,81.4,25.0,-2.1
9747,180330.0,False,81.5,25.1,-2.2
9748,180345.0,False,81.60000000000001,25.200000000000003,-2.3000000000000003
9749,180366.0,False,82.10000000000001,25.200000000000003,-2.8000000000000003
9750,180379.0,False,82.30000000000001,25.3,-3.0
9751,180396.0,False,82.7,25.400000000000002,-3.5
9752,180416.0,False,82.80000000000001,25.5,-3.8000000000000003
9753,180429.0,False,83.2,25.6,-4.2
9754,180449.0,False,83.60000000000001,25.6,-4.5
9755,180462.0,False,83.80000000000001,25.6,-4.6000000000000005
9756,180481.0,False,84.30000000000001,25.6,-4.800000000000001
9757,180497.0,False,84.7,25.6,-4.9
9758,180525.0,False,85.10000000000001,25.6,-5.1000000000000005
9759,180545.0,False,85.2,25.5,-5.2
9760,180567.0,False,85.2,25.6,-5.1000000000000005
9761,180581.0,False,85.10000000000001,25.6,-5.0
9762,180595.0,False,85.0,26.0,-4.7
9763,180617.0,False,84.80000000000001,26.700000000000003,-4.6000000000000005
9764,180629.0,False,84.7,27.0,-4.6000000000000005
9765,180645.0,False,84.4,27.700000000000003,-4.5
9766,180663.0,False,84.2,28.1,-4.3
9767,180679.0,False,84.2,28.3,-4.2
9768,180696.0,False,84.30000000000001,28.400000000000002,-4.2
9769,180715.0,False,84.4,28.400000000000002,-4.4
9770,180752.0,False,84.4,28.5,-4.7
9771,180766.0,False,84.30000000000001,28.5,-4.800000000000001
9772,180784.0,False,84.2,28.5,-4.7
9773,180797.0,False,84.10000000000001,28.6,-4.6000000000000005
9774,180832.0,False,83.80000000000001,29.1,-4.2
9775,180845.0,False,83.7,29.3,-4.2
9776,180862.0,False,83.5,29.6,-4.4
9777,180880.0,False,83.4,29.700000000000003,-4.5
9778,180895.0,False,83.10000000000001,29.6,-4.7
9779,180915.0,False,82.9,29.6,-4.9
9780,180929.0,False,82.80000000000001,29.5,-4.9
9781,180947.0,False,82.60000000000001,29.200000000000003,-4.800000000000001
9782,180963.0,False,82.5,28.8,-4.6000000000000005
9783,180979.0,False,82.5,28.6,-4.5
9784,180995.0,False,82.5,28.200000000000003,-4.4
9785,181015.0,False,82.30000000000001,28.1,-4.6000000000000005
9786,181029.0,False,82.10000000000001,28.0,-4.7
9787,181047.0,False,81.80000000000001,28.0,-4.9
9788,181062.0,False,81.4,28.0,-5.0
9789,181079.0,False,81.2,27.900000000000002,-5.0
9790,181097.0,False,81.10000000000001,27.8,-4.9
9791,181126.0,False,80.7,27.400000000000002,-4.9
9792,181131.0,False,80.60000000000001,27.3,-4.800000000000001
9793,181146.0,False,80.4,27.3,-4.6000000000000005
9794,181162.0,False,80.10000000000001,27.200000000000003,-4.3
9795,181180.0,False,80.0,27.3,-4.1000000000000005
9796,181196.0,False,79.9,27.5,-3.7
9797,181222.0,False,79.9,27.900000000000002,-3.2
9798,181230.0,False,79.9,28.1,-3.1
9799,181246.0,False,79.80000000000001,28.200000000000003,-3.0
9800,181262.0,False,79.80000000000001,28.200000000000003,-2.8000000000000003
9801,181279.0,False,79.80000000000001,28.1,-2.8000000000000003
9802,181296.0,False,79.80000000000001,27.900000000000002,-2.8000000000000003
9803,181317.0,False,79.9,27.400000000000002,-2.6
9804,181331.0,False,80.10000000000001,26.700000000000003,-2.3000000000000003
9805,181346.0,False,80.30000000000001,26.400000000000002,-2.1
9806,181362.0,False,80.7,25.700000000000003,-2.0
9807,181381.0,False,81.30000000000001,24.900000000000002,-1.9000000000000001
9808,181397.0,False,82.0,23.900000000000002,-2.2
9809,181427.0,False,82.60000000000001,22.900000000000002,-2.6
9810,181445.0,False,83.0,22.0,-3.2
9811,181462.0,False,83.2,21.400000000000002,-3.6
9812,181481.0,False,83.30000000000001,20.8,-3.5
9813,181505.0,False,83.4,20.400000000000002,-3.0
9814,181512.0,False,83.5,20.200000000000003,-2.7
9815,181529.0,False,83.7,19.6,-2.1
9816,181546.0,False,84.0,18.900000000000002,-1.3
9817,181562.0,False,84.30000000000001,18.400000000000002,-1.0
9818,181580.0,False,84.9,17.5,-0.5
9819,181595.0,False,85.60000000000001,16.5,-0.2
9820,181613.0,False,86.0,15.9,-0.1
9821,181629.0,False,86.9,14.700000000000001,0.0
9822,181646.0,False,87.9,13.4,0.1
9823,181662.0,False,88.30000000000001,12.8,0.1
9824,181680.0,False,89.10000000000001,11.700000000000001,0.2
9825,181696.0,False,89.80000000000001,10.9,0.5
9826,181721.0,False,90.30000000000001,10.100000000000001,1.0
9827,181729.0,False,90.60000000000001,9.8,1.4000000000000001
9828,181749.0,False,91.10000000000001,9.200000000000001,2.4000000000000004
9829,181762.0,False,91.4,9.0,3.0
9830,181779.0,False,91.9,8.700000000000001,4.0
9831,181796.0,False,92.4,8.5,4.9
9832,181816.0,False,92.7,8.5,5.5
9833,181831.0,False,92.80000000000001,8.5,5.800000000000001
9834,181845.0,False,93.10000000000001,8.5,6.300000000000001
9835,181862.0,False,93.4,8.5,6.5
9836,181879.0,False,93.9,8.5,6.9
9837,181896.0,False,94.5,8.5,7.0
9838,181914.0,False,95.10000000000001,8.5,6.800000000000001
9839,181935.0,False,95.80000000000001,8.5,6.4
9840,181949.0,False,96.10000000000001,8.5,6.2
9841,181966.0,False,96.4,8.4,5.9
9842,181979.0,False,97.10000000000001,8.5,5.1000000000000005
9843,181999.0,False,97.7,8.6,4.1000000000000005
9844,182013.0,False,98.10000000000001,8.9,3.0
9845,182030.0,False,98.2,9.1,2.4000000000000004
9846,182045.0,False,98.2,9.600000000000001,1.3
9847,182063.0,False,97.9,10.0,0.30000000000000004
9848,182083.0,False,97.4,10.5,-0.4
9849,182095.0,False,97.0,10.700000000000001,-0.5
9850,182112.0,False,96.7,10.9,-0.6000000000000001
9851,182129.0,False,95.9,11.4,-0.5
9852,182146.0,False,95.0,11.700000000000001,-0.2
9853,182168.0,False,94.2,11.9,0.1
9854,182179.0,False,93.80000000000001,11.9,0.2
9855,182215.0,False,92.30000000000001,11.4,-0.2
9856,182229.0,False,91.9,11.3,-0.4
9857,182247.0,False,91.0,11.100000000000001,-1.1
9858,182272.0,False,89.7,11.100000000000001,-2.4000000000000004
9859,182296.0,False,88.9,11.100000000000001,-3.3000000000000003
9860,182313.0,False,88.2,11.100000000000001,-4.0
9861,182329.0,False,87.80000000000001,11.0,-4.3
9862,182347.0,False,87.2,11.0,-4.7
9863,182363.0,False,86.7,11.200000000000001,-4.800000000000001
9864,182379.0,False,86.5,11.4,-4.7
9865,182396.0,False,86.10000000000001,11.8,-4.5
9866,182413.0,False,85.9,12.200000000000001,-4.3
9867,182429.0,False,85.80000000000001,12.4,-4.1000000000000005
9868,182445.0,False,85.60000000000001,12.5,-3.7
9869,182463.0,False,85.5,12.3,-3.3000000000000003
9870,182479.0,False,85.5,12.100000000000001,-3.1
9871,182521.0,False,85.60000000000001,11.700000000000001,-3.0
9872,182529.0,False,85.60000000000001,11.4,-2.7
9873,182553.0,False,85.80000000000001,10.8,-2.1
9874,182564.0,False,86.0,10.5,-1.7000000000000002
9875,182580.0,False,86.4,10.0,-1.1
9876,182595.0,False,86.60000000000001,9.8,-0.8
9877,182617.0,False,87.10000000000001,9.5,-0.6000000000000001
9878,182630.0,False,87.30000000000001,9.5,-0.5
9879,182645.0,False,87.7,9.4,-0.5
9880,182663.0,False,88.0,9.4,-0.5
9881,182680.0,False,88.4,9.4,-0.4
9882,182696.0,False,88.60000000000001,9.4,-0.30000000000000004
9883,182719.0,False,89.30000000000001,9.600000000000001,0.1
9884,182729.0,False,89.5,9.700000000000001,0.2
9885,182746.0,False,89.80000000000001,9.8,0.4
9886,182764.0,False,90.5,9.9,0.5
9887,182781.0,False,91.30000000000001,9.8,0.5
9888,182796.0,False,91.80000000000001,9.600000000000001,0.4
9889,182813.0,False,92.7,9.200000000000001,0.30000000000000004
9890,182830.0,False,93.80000000000001,8.4,0.4
9891,182846.0,False,94.30000000000001,8.0,0.5
9892,182862.0,False,95.4,7.300000000000001,0.8
9893,182880.0,False,96.5,6.5,1.4000000000000001
9894,182895.0,False,97.0,6.1000000000000005,1.7000000000000002
9895,182912.0,False,98.0,5.5,2.4000000000000004
9896,182929.0,False,98.9,5.0,3.2
9897,182945.0,False,99.2,4.800000000000001,3.5
9898,182967.0,False,100.0,4.5,4.3
9899,182995.0,False,100.4,4.6000000000000005,4.5
9900,183030.0,False,100.4,4.800000000000001,4.3
9901,183045.0,False,100.4,5.0,4.1000000000000005
9902,183067.0,False,100.4,5.300000000000001,4.0
9903,183080.0,False,100.4,5.6000000000000005,3.9000000000000004
9904,183096.0,False,100.4,5.9,3.8000000000000003
9905,183118.0,False,100.0,6.800000000000001,3.3000000000000003
9906,183130.0,False,99.9,7.1000000000000005,3.2
9907,183145.0,False,99.60000000000001,7.7,2.9000000000000004
9908,183163.0,False,99.4,8.1,2.7
9909,183181.0,False,99.2,8.8,2.2
9910,183198.0,False,99.0,9.600000000000001,1.4000000000000001
9911,183221.0,False,98.60000000000001,10.4,0.4
9912,183229.0,False,98.4,10.8,0.0
9913,183245.0,False,97.9,11.700000000000001,-0.7000000000000001
9914,183264.0,False,97.2,12.9,-1.4000000000000001
9915,183281.0,False,96.9,13.5,-1.7000000000000002
9916,183296.0,False,96.2,14.8,-2.1
9917,183316.0,False,95.5,16.0,-2.3000000000000003
9918,183329.0,False,95.10000000000001,16.6,-2.3000000000000003
9919,183346.0,False,94.30000000000001,17.7,-2.0
9920,183362.0,False,93.5,18.8,-1.5
9921,183381.0,False,93.10000000000001,19.400000000000002,-1.3
9922,183397.0,False,92.5,20.3,-0.8
9923,183416.0,False,92.0,21.1,-0.5
9924,183431.0,False,91.80000000000001,21.400000000000002,-0.5
9925,183447.0,False,91.5,21.900000000000002,-0.9
9926,183462.0,False,91.2,22.200000000000003,-1.6
9927,183483.0,False,90.9,22.3,-2.5
9928,183503.0,False,90.7,22.3,-3.4000000000000004
9929,183512.0,False,90.60000000000001,22.200000000000003,-3.8000000000000003
9930,183528.0,False,90.60000000000001,22.1,-4.2
9931,183547.0,False,90.5,22.0,-4.9
9932,183563.0,False,90.5,21.8,-5.6000000000000005
9933,183579.0,False,90.5,21.700000000000003,-5.800000000000001
9934,183597.0,False,90.4,21.5,-6.1000000000000005
9935,183612.0,False,90.30000000000001,21.6,-6.0
9936,183631.0,False,90.10000000000001,22.0,-5.9
9937,183646.0,False,90.10000000000001,22.400000000000002,-5.9
9938,183662.0,False,89.9,23.0,-5.9
9939,183681.0,False,89.7,23.5,-5.800000000000001
9940,183695.0,False,89.60000000000001,23.6,-5.800000000000001
9941,183714.0,False,89.60000000000001,23.8,-6.0
9942,183729.0,False,89.5,23.900000000000002,-6.2
9943,183746.0,False,89.2,23.900000000000002,-6.4
9944,183764.0,False,88.9,23.700000000000003,-6.2
9945,183779.0,False,88.60000000000001,23.5,-5.7
9946,183803.0,False,88.4,23.400000000000002,-5.2
9947,183814.0,False,88.4,23.3,-4.9
9948,183829.0,False,88.4,23.3,-4.7
9949,183846.0,False,88.30000000000001,23.3,-4.1000000000000005
9950,183863.0,False,88.2,23.6,-3.6
9951,183879.0,False,88.0,24.0,-3.3000000000000003
9952,183898.0,False,87.80000000000001,24.200000000000003,-3.1
9953,183912.0,False,87.60000000000001,24.700000000000003,-2.7
9954,183930.0,False,87.5,25.0,-2.4000000000000004
9955,183945.0,False,87.5,25.0,-2.3000000000000003
9956,183962.0,False,87.60000000000001,24.8,-2.1
9957,183979.0,False,87.7,24.400000000000002,-2.1
9958,183996.0,False,87.80000000000001,24.1,-2.1
9959,184012.0,False,88.0,23.6,-2.1
9960,184030.0,False,88.30000000000001,23.200000000000003,-2.3000000000000003
9961,184045.0,False,88.4,23.0,-2.4000000000000004
9962,184063.0,False,88.80000000000001,22.6,-2.6
9963,184079.0,False,89.2,22.0,-2.6
9964,184098.0,False,89.7,21.400000000000002,-2.6
9965,184112.0,False,89.9,21.1,-2.5
9966,184130.0,False,90.5,20.400000000000002,-2.5
9967,184145.0,False,90.7,20.1,-2.4000000000000004
9968,184166.0,False,91.60000000000001,18.7,-2.0
9969,184179.0,False,92.0,18.2,-1.8
9970,184197.0,False,92.7,17.2,-1.3
9971,184213.0,False,93.10000000000001,16.8,-1.1
9972,184229.0,False,93.80000000000001,16.1,-0.7000000000000001
9973,184246.0,False,94.4,15.5,-0.5
9974,184262.0,False,94.60000000000001,15.100000000000001,-0.30000000000000004
9975,184280.0,False,95.0,14.3,0.2
9976,184295.0,False,95.30000000000001,13.8,0.6000000000000001
9977,184314.0,False,96.0,13.0,1.1
9978,184329.0,False,96.7,12.4,1.2000000000000002
9979,184345.0,False,97.4,11.600000000000001,1.0
9980,184363.0,False,97.7,11.100000000000001,0.8
9981,184379.0,False,98.5,10.0,0.4
9982,184395.0,False,99.2,8.8,0.0
9983,184413.0,False,99.5,8.200000000000001,-0.1
9984,184429.0,False,100.10000000000001,7.1000000000000005,0.2
9985,184446.0,False,100.60000000000001,6.2,0.7000000000000001
9986,184462.0,False,100.80000000000001,5.9,1.0
9987,184480.0,False,101.0,5.6000000000000005,1.5
9988,184495.0,False,100.9,5.6000000000000005,2.1
9989,184514.0,False,100.7,5.6000000000000005,2.4000000000000004
9990,184529.0,False,100.30000000000001,5.800000000000001,2.8000000000000003
9991,184545.0,False,100.0,5.9,3.0
9992,184563.0,False,99.30000000000001,6.1000000000000005,3.2
9993,184580.0,False,98.7,6.300000000000001,3.1
9994,184596.0,False,97.9,6.5,2.7
9995,184613.0,False,97.60000000000001,6.6000000000000005,2.5
9996,184629.0,False,96.9,6.7,1.8
9997,184646.0,False,96.2,6.9,0.9
9998,184665.0,False,95.5,7.2,-0.1
9999,184679.0,False,95.10000000000001,7.300000000000001,-0.6000000000000001
10000,184695.0,False,94.5,7.7,-1.6
10001,184713.0,False,93.9,8.1,-2.6
10002,184729.0,False,93.7,8.3,-3.2
10003,184747.0,False,93.4,8.5,-4.2
10004,184763.0,False,93.2,8.700000000000001,-5.0
10005,184780.0,False,93.10000000000001,8.700000000000001,-5.4
10006,184797.0,False,93.0,8.9,-5.7
10007,184812.0,False,92.9,9.5,-5.9
10008,184829.0,False,92.80000000000001,9.9,-6.0
10009,184845.0,False,92.80000000000001,11.0,-6.2
10010,184862.0,False,92.7,12.100000000000001,-6.300000000000001
10011,184882.0,False,92.7,12.8,-6.300000000000001
10012,184896.0,False,92.7,13.100000000000001,-6.300000000000001
10013,184912.0,False,92.80000000000001,13.4,-6.4
10014,184965.0,False,92.9,13.100000000000001,-6.2
10015,184987.0,False,93.0,12.600000000000001,-5.5
10016,184997.0,False,93.10000000000001,12.4,-5.0
10017,185013.0,False,93.4,11.8,-4.1000000000000005
10018,185028.0,False,93.60000000000001,11.600000000000001,-3.8000000000000003
10019,185046.0,False,94.0,11.200000000000001,-3.3000000000000003
10020,185063.0,False,94.4,11.0,-3.3000000000000003
10021,185081.0,False,94.7,10.8,-3.4000000000000004
10022,185095.0,False,94.80000000000001,10.700000000000001,-3.5
10023,185113.0,False,95.10000000000001,10.5,-3.5
10024,185145.0,False,95.5,10.200000000000001,-3.4000000000000004
10025,185162.0,False,95.9,10.100000000000001,-3.4000000000000004
10026,185180.0,False,96.30000000000001,9.8,-3.5
10027,185195.0,False,96.60000000000001,9.600000000000001,-3.6
10028,185213.0,False,97.10000000000001,9.1,-3.8000000000000003
10029,185229.0,False,97.4,8.8,-3.8000000000000003
10030,185245.0,False,98.0,8.0,-3.8000000000000003
10031,185262.0,False,98.80000000000001,7.2,-3.4000000000000004
10032,185280.0,False,99.7,6.4,-2.9000000000000004
10033,185295.0,False,100.2,6.1000000000000005,-2.7
10034,185322.0,False,101.7,5.300000000000001,-2.2
10035,185329.0,False,102.10000000000001,5.1000000000000005,-2.1
10036,185350.0,False,102.9,4.800000000000001,-2.0
10037,185364.0,False,103.30000000000001,4.6000000000000005,-1.9000000000000001
10038,185379.0,False,104.0,4.5,-1.8
10039,185395.0,False,104.4,4.5,-1.7000000000000002
10040,185412.0,False,105.0,4.6000000000000005,-1.6
10041,185429.0,False,105.5,5.0,-1.5
10042,185445.0,False,105.7,5.300000000000001,-1.4000000000000001
10043,185462.0,False,106.0,6.1000000000000005,-1.4000000000000001
10044,185479.0,False,106.2,6.800000000000001,-1.4000000000000001
10045,185498.0,False,106.5,7.7,-1.4000000000000001
10046,185512.0,False,106.60000000000001,8.1,-1.5
10047,185532.0,False,106.60000000000001,9.1,-2.0
10048,185545.0,False,106.5,9.600000000000001,-2.4000000000000004
10049,185562.0,False,106.2,10.700000000000001,-3.2
10050,185579.0,False,105.9,11.700000000000001,-3.8000000000000003
10051,185598.0,False,105.60000000000001,12.700000000000001,-4.2
10052,185613.0,False,105.4,13.200000000000001,-4.3
10053,185635.0,False,105.0,14.200000000000001,-4.7
10054,185649.0,False,104.5,15.4,-5.4
10055,185662.0,False,104.2,16.0,-5.9
10056,185680.0,False,103.4,17.3,-6.9
10057,185695.0,False,103.0,17.900000000000002,-7.5
10058,185712.0,False,102.0,18.900000000000002,-8.6
10059,185729.0,False,100.9,19.8,-9.4
10060,185748.0,False,99.7,20.6,-9.600000000000001
10061,185762.0,False,99.10000000000001,21.0,-9.5
10062,185780.0,False,97.9,21.700000000000003,-9.200000000000001
10063,185798.0,False,96.9,22.3,-8.700000000000001
10064,185812.0,False,96.4,22.5,-8.4
10065,185829.0,False,95.5,22.900000000000002,-7.9
10066,185846.0,False,94.7,23.3,-7.7
10067,185862.0,False,94.30000000000001,23.5,-7.7
10068,185879.0,False,93.5,24.0,-8.0
10069,185898.0,False,92.7,24.6,-8.5
10070,185922.0,False,91.9,25.1,-9.1
10071,185929.0,False,91.60000000000001,25.3,-9.3
10072,185945.0,False,91.2,25.400000000000002,-9.5
10073,185964.0,False,90.5,25.8,-9.700000000000001
10074,185980.0,False,89.7,26.1,-9.700000000000001
10075,185995.0,False,88.80000000000001,26.6,-9.4
10076,186021.0,False,87.9,27.3,-8.9
10077,186030.0,False,87.5,27.700000000000003,-8.5
10078,186045.0,False,86.9,28.400000000000002,-7.9
10079,186065.0,False,86.4,29.0,-7.4
10080,186079.0,False,86.10000000000001,29.200000000000003,-7.300000000000001
10081,186095.0,False,85.7,29.400000000000002,-7.0
10082,186120.0,False,85.4,29.400000000000002,-6.7
10083,186145.0,False,85.30000000000001,29.1,-7.0
10084,186164.0,False,85.2,28.700000000000003,-7.2
10085,186181.0,False,85.2,28.3,-7.2
10086,186198.0,False,85.30000000000001,27.5,-6.9
10087,186212.0,False,85.7,26.6,-6.7
10088,186229.0,False,85.9,26.1,-6.5
10089,186245.0,False,86.4,25.3,-6.300000000000001
10090,186273.0,False,87.2,24.3,-6.2
10091,186297.0,False,87.7,23.900000000000002,-6.4
10092,186312.0,False,87.80000000000001,23.700000000000003,-6.6000000000000005
10093,186329.0,False,88.10000000000001,23.5,-7.0
10094,186345.0,False,88.30000000000001,23.1,-7.0
10095,186362.0,False,88.60000000000001,22.6,-6.7
10096,186382.0,False,88.80000000000001,22.200000000000003,-6.5
10097,186397.0,False,89.30000000000001,21.3,-5.800000000000001
10098,186423.0,False,90.30000000000001,19.700000000000003,-5.0
10099,186445.0,False,91.2,18.6,-4.5
10100,186462.0,False,92.10000000000001,17.3,-4.1000000000000005
10101,186482.0,False,93.2,16.0,-3.9000000000000004
10102,186497.0,False,93.7,15.200000000000001,-3.8000000000000003
10103,186527.0,False,95.60000000000001,12.9,-3.4000000000000004
10104,186545.0,False,96.9,11.3,-3.1
10105,186562.0,False,98.2,9.8,-2.5
10106,186582.0,False,99.5,8.5,-1.7000000000000002
10107,186595.0,False,100.2,8.1,-1.2000000000000002
10108,186616.0,False,101.4,7.5,-0.4
10109,186628.0,False,102.0,7.300000000000001,0.1
10110,186646.0,False,103.0,7.2,0.7000000000000001
10111,186664.0,False,103.80000000000001,7.2,1.2000000000000002
10112,186679.0,False,104.60000000000001,7.300000000000001,1.5
10113,186695.0,False,105.0,7.5,1.6
10114,186718.0,False,105.80000000000001,7.7,1.6
10115,186729.0,False,106.2,7.800000000000001,1.6
10116,186745.0,False,106.9,8.0,1.5
10117,186762.0,False,107.7,8.0,1.3
10118,186783.0,False,108.4,8.1,1.1
10119,186798.0,False,109.10000000000001,8.1,0.8
10120,186820.0,False,109.80000000000001,8.200000000000001,0.4
10121,186846.0,False,110.4,8.4,-0.1
10122,186862.0,False,110.80000000000001,8.8,-0.9
10123,186879.0,False,110.9,9.4,-2.0
10124,186897.0,False,110.9,9.700000000000001,-2.7
10125,186919.0,False,110.5,10.600000000000001,-4.4
10126,186950.0,False,109.9,11.100000000000001,-5.2
10127,186964.0,False,109.10000000000001,11.600000000000001,-5.7
10128,186983.0,False,108.10000000000001,12.200000000000001,-5.9
10129,186996.0,False,107.60000000000001,12.600000000000001,-5.9
10130,187018.0,False,105.7,13.700000000000001,-5.5
10131,187030.0,False,105.0,14.0,-5.300000000000001
10132,187045.0,False,104.30000000000001,14.3,-5.2
10133,187062.0,False,102.80000000000001,14.600000000000001,-5.2
10134,187080.0,False,101.30000000000001,14.700000000000001,-5.6000000000000005
10135,187096.0,False,99.80000000000001,14.4,-6.300000000000001
10136,187120.0,False,98.2,13.8,-7.2
10137,187129.0,False,97.4,13.4,-7.6000000000000005
10138,187145.0,False,96.60000000000001,13.0,-8.0
10139,187166.0,False,94.2,12.3,-8.700000000000001
10140,187179.0,False,93.4,12.100000000000001,-8.8
10141,187195.0,False,92.0,12.200000000000001,-8.6
10142,187213.0,False,91.30000000000001,12.4,-8.4
10143,187229.0,False,90.2,12.8,-7.9
10144,187268.0,False,88.60000000000001,13.600000000000001,-6.9
10145,187279.0,False,88.30000000000001,13.8,-6.800000000000001
10146,187297.0,False,87.7,14.0,-6.800000000000001
10147,187321.0,False,87.30000000000001,14.0,-6.7
10148,187329.0,False,87.10000000000001,13.9,-6.6000000000000005
10149,187350.0,False,86.9,13.600000000000001,-6.4
10150,187365.0,False,86.9,13.4,-6.300000000000001
10151,187378.0,False,87.0,12.700000000000001,-6.2
10152,187397.0,False,87.0,11.8,-5.7
10153,187416.0,False,87.30000000000001,10.9,-5.0
10154,187435.0,False,87.5,10.200000000000001,-4.4
10155,187464.0,False,87.80000000000001,9.700000000000001,-3.8000000000000003
10156,187478.0,False,88.10000000000001,9.4,-3.5
10157,187497.0,False,88.5,9.200000000000001,-3.4000000000000004
10158,187517.0,False,88.80000000000001,9.1,-3.5
10159,187529.0,False,89.0,9.1,-3.7
10160,187546.0,False,89.4,9.200000000000001,-4.0
10161,187569.0,False,89.9,9.3,-4.2
10162,187579.0,False,90.10000000000001,9.5,-4.3
10163,187595.0,False,90.7,9.600000000000001,-4.2
10164,187616.0,False,91.4,9.600000000000001,-4.1000000000000005
10165,187636.0,False,92.4,9.5,-3.9000000000000004
10166,187647.0,False,92.9,9.3,-3.9000000000000004
10167,187662.0,False,94.10000000000001,8.9,-3.9000000000000004
10168,187680.0,False,94.7,8.700000000000001,-3.9000000000000004
10169,187695.0,False,95.9,8.1,-4.0
10170,187716.0,False,97.10000000000001,7.6000000000000005,-4.1000000000000005
10171,187734.0,False,98.2,7.0,-4.2
10172,187745.0,False,98.80000000000001,6.7,-4.2
10173,187764.0,False,99.9,6.1000000000000005,-4.1000000000000005
10174,187778.0,False,100.4,5.800000000000001,-4.0
10175,187795.0,False,101.4,5.300000000000001,-4.0
10176,187816.0,False,102.30000000000001,4.9,-3.9000000000000004
10177,187833.0,False,103.2,4.6000000000000005,-3.9000000000000004
10178,187846.0,False,103.5,4.4,-3.9000000000000004
10179,187864.0,False,104.30000000000001,4.3,-3.8000000000000003
10180,187880.0,False,104.7,4.2,-3.8000000000000003
10181,187895.0,False,105.4,4.2,-3.9000000000000004
10182,187913.0,False,105.9,4.2,-4.2
10183,187929.0,False,106.2,4.1000000000000005,-4.3
10184,187946.0,False,106.60000000000001,4.1000000000000005,-4.5
10185,187962.0,False,106.9,4.2,-4.5
10186,187984.0,False,107.10000000000001,4.3,-4.5
10187,187995.0,False,107.2,4.5,-4.4
10188,188017.0,False,107.30000000000001,4.800000000000001,-4.0
10189,188030.0,False,107.4,5.2,-3.7
10190,188047.0,False,107.4,5.5,-3.6
10191,188062.0,False,107.60000000000001,6.1000000000000005,-3.4000000000000004
10192,188082.0,False,107.7,6.9,-3.6
10193,188095.0,False,107.7,7.4,-3.8000000000000003
10194,188114.0,False,107.7,8.3,-4.3
10195,188130.0,False,107.7,9.0,-4.9
10196,188146.0,False,107.60000000000001,9.4,-5.2
10197,188162.0,False,107.5,9.9,-5.9
10198,188179.0,False,107.30000000000001,10.5,-6.300000000000001
10199,188195.0,False,107.2,10.700000000000001,-6.5
10200,188212.0,False,106.9,11.200000000000001,-6.5
10201,188231.0,False,106.60000000000001,11.5,-6.300000000000001
10202,188249.0,False,106.30000000000001,11.700000000000001,-5.800000000000001
10203,188262.0,False,106.2,11.8,-5.6000000000000005
10204,188282.0,False,106.0,11.9,-5.4
10205,188300.0,False,105.7,11.8,-5.5
10206,188317.0,False,105.5,11.8,-5.7
10207,188330.0,False,104.9,11.600000000000001,-6.300000000000001
10208,188347.0,False,104.30000000000001,11.3,-7.0
10209,188362.0,False,103.9,11.200000000000001,-7.300000000000001
10210,188379.0,False,103.2,10.9,-7.7
10211,188396.0,False,102.9,10.8,-7.7
10212,188415.0,False,102.30000000000001,10.9,-7.6000000000000005
10213,188475.0,False,100.9,12.100000000000001,-6.1000000000000005
10214,188481.0,False,100.7,12.4,-5.800000000000001
10215,188498.0,False,100.30000000000001,12.8,-5.5
10216,188512.0,False,100.2,13.0,-5.300000000000001
10217,188530.0,False,99.9,13.200000000000001,-5.300000000000001
10218,188578.0,False,99.80000000000001,12.600000000000001,-5.2
10219,188597.0,False,99.9,12.0,-5.2
10220,188613.0,False,99.9,11.700000000000001,-5.1000000000000005
10221,188629.0,False,100.0,11.100000000000001,-4.9
10222,188645.0,False,99.9,10.5,-4.4
10223,188662.0,False,100.0,10.200000000000001,-4.2
10224,188680.0,False,100.10000000000001,9.600000000000001,-3.7
10225,188695.0,False,100.2,9.200000000000001,-3.6
10226,188713.0,False,100.5,8.5,-3.4000000000000004
10227,188733.0,False,100.80000000000001,7.9,-3.4000000000000004
10228,188751.0,False,100.9,7.5,-3.7
10229,188762.0,False,100.9,7.4,-3.9000000000000004
10230,188778.0,False,100.80000000000001,7.300000000000001,-4.1000000000000005
10231,188795.0,False,100.7,7.300000000000001,-4.3
10232,188833.0,False,100.7,7.300000000000001,-4.0
10233,188846.0,False,100.80000000000001,7.2,-3.8000000000000003
10234,188862.0,False,100.9,7.2,-3.6
10235,188879.0,False,101.2,7.0,-3.4000000000000004
10236,188899.0,False,101.60000000000001,6.7,-3.2
10237,188916.0,False,102.10000000000001,6.300000000000001,-3.1
10238,188931.0,False,102.30000000000001,6.1000000000000005,-3.1
10239,188945.0,False,102.9,5.6000000000000005,-3.2
10240,188963.0,False,103.60000000000001,5.1000000000000005,-3.4000000000000004
10241,188982.0,False,103.9,4.800000000000001,-3.5
10242,188996.0,False,104.60000000000001,4.3,-3.5
10243,189013.0,False,105.30000000000001,3.8000000000000003,-3.6
10244,189028.0,False,105.60000000000001,3.7,-3.5
10245,189045.0,False,106.30000000000001,3.5,-3.4000000000000004
10246,189062.0,False,106.9,3.4000000000000004,-3.3000000000000003
10247,189079.0,False,107.2,3.5,-3.3000000000000003
10248,189098.0,False,107.60000000000001,3.8000000000000003,-3.6
10249,189112.0,False,107.9,4.2,-3.8000000000000003
10250,189128.0,False,108.10000000000001,4.4,-3.9000000000000004
10251,189145.0,False,108.4,4.800000000000001,-4.0
10252,189162.0,False,108.7,5.2,-4.1000000000000005
10253,189181.0,False,108.9,5.7,-4.0
10254,189196.0,False,108.9,6.0,-4.0
10255,189213.0,False,109.0,6.7,-3.9000000000000004
10256,189228.0,False,109.0,7.0,-3.8000000000000003
10257,189246.0,False,109.10000000000001,7.6000000000000005,-3.4000000000000004
10258,189262.0,False,109.30000000000001,8.200000000000001,-3.0
10259,189279.0,False,109.4,8.5,-2.8000000000000003
10260,189295.0,False,109.9,9.200000000000001,-2.8000000000000003
10261,189313.0,False,110.30000000000001,10.0,-2.9000000000000004
10262,189330.0,False,110.60000000000001,10.8,-3.3000000000000003
10263,189345.0,False,110.80000000000001,11.100000000000001,-3.5
10264,189362.0,False,111.0,11.600000000000001,-3.7
10265,189379.0,False,111.2,12.100000000000001,-3.8000000000000003
10266,189395.0,False,111.4,12.4,-3.8000000000000003
10267,189413.0,False,111.5,12.9,-3.6
10268,189433.0,False,111.5,13.5,-3.2
10269,189445.0,False,111.5,13.8,-3.0
10270,189463.0,False,111.4,14.600000000000001,-2.5
10271,189479.0,False,111.4,15.4,-2.2
10272,189498.0,False,111.5,15.700000000000001,-2.1
10273,189513.0,False,111.5,16.1,-2.2
10274,189530.0,False,111.5,16.1,-2.6
10275,189547.0,False,111.5,16.1,-2.8000000000000003
10276,189563.0,False,111.5,15.9,-3.1
10277,189579.0,False,111.5,15.8,-3.3000000000000003
10278,189595.0,False,111.5,15.9,-3.4000000000000004
10279,189613.0,False,111.5,16.0,-3.6
10280,189630.0,False,111.5,16.2,-3.7
10281,189645.0,False,111.60000000000001,16.3,-3.8000000000000003
10282,189662.0,False,111.7,16.3,-4.1000000000000005
10283,189681.0,False,111.7,16.400000000000002,-4.2
10284,189697.0,False,111.80000000000001,16.5,-4.3
10285,189712.0,False,111.9,16.8,-4.3
10286,189728.0,False,112.2,17.3,-4.6000000000000005
10287,189746.0,False,112.4,17.6,-4.9
10288,189764.0,False,112.80000000000001,18.0,-5.4
10289,189779.0,False,113.2,18.0,-6.0
10290,189795.0,False,113.4,17.900000000000002,-6.300000000000001
10291,189813.0,False,113.80000000000001,17.5,-6.4
10292,189831.0,False,114.4,16.7,-6.2
10293,189846.0,False,115.0,15.9,-5.9
10294,189862.0,False,115.30000000000001,15.5,-5.6000000000000005
10295,189878.0,False,115.7,14.9,-5.1000000000000005
10296,189899.0,False,115.9,14.600000000000001,-4.6000000000000005
10297,189912.0,False,116.0,14.600000000000001,-4.4
10298,189932.0,False,116.0,14.9,-4.2
10299,189946.0,False,116.0,15.200000000000001,-4.1000000000000005
10300,189964.0,False,115.9,15.700000000000001,-4.1000000000000005
10301,189996.0,False,115.7,16.2,-4.1000000000000005
10302,190029.0,False,115.60000000000001,16.0,-4.3
10303,190046.0,False,115.60000000000001,15.600000000000001,-4.2
10304,190062.0,False,115.7,15.3,-4.0
10305,190079.0,False,115.9,14.700000000000001,-3.5
10306,190096.0,False,116.2,14.200000000000001,-2.9000000000000004
10307,190114.0,False,116.60000000000001,13.8,-2.2
10308,190130.0,False,116.9,13.700000000000001,-1.9000000000000001
10309,190146.0,False,117.4,13.3,-1.6
10310,190162.0,False,117.7,13.0,-1.5
10311,190180.0,False,118.30000000000001,12.4,-1.5
10312,190196.0,False,118.9,11.600000000000001,-1.6
10313,190214.0,False,119.60000000000001,10.8,-1.6
10314,190230.0,False,119.9,10.4,-1.5
10315,190245.0,False,120.4,10.100000000000001,-1.2000000000000002
10316,190262.0,False,120.60000000000001,10.100000000000001,-1.0
10317,190279.0,False,120.80000000000001,10.200000000000001,-0.30000000000000004
10318,190295.0,False,121.0,10.600000000000001,0.5
10319,190313.0,False,121.0,11.100000000000001,1.2000000000000002
10320,190328.0,False,121.0,11.5,1.5
10321,190345.0,False,121.0,12.200000000000001,1.9000000000000001
10322,190364.0,False,120.9,12.9,2.1
10323,190379.0,False,120.9,13.200000000000001,2.1
10324,190395.0,False,120.9,13.9,2.0
10325,190412.0,False,121.0,14.5,1.7000000000000002
10326,190429.0,False,121.0,14.8,1.4000000000000001
10327,190447.0,False,121.2,15.100000000000001,0.9
10328,190462.0,False,121.5,15.100000000000001,0.5
10329,190479.0,False,121.7,15.0,0.30000000000000004
10330,190495.0,False,122.0,14.700000000000001,0.0
10331,190512.0,False,122.10000000000001,14.5,-0.1
10332,190529.0,False,122.10000000000001,14.5,-0.2
10333,190545.0,False,121.80000000000001,14.8,-0.4
10334,190562.0,False,121.30000000000001,15.100000000000001,-0.8
10335,190582.0,False,120.30000000000001,15.200000000000001,-1.1
10336,190596.0,False,119.80000000000001,15.200000000000001,-1.3
10337,190628.0,False,118.0,14.9,-1.6
10338,190645.0,False,116.7,14.5,-1.7000000000000002
10339,190666.0,False,115.4,14.100000000000001,-1.8
10340,190679.0,False,114.80000000000001,13.9,-1.9000000000000001
10341,190695.0,False,113.5,13.600000000000001,-2.0
10342,190712.0,False,112.30000000000001,13.3,-2.4000000000000004
10343,190728.0,False,111.7,13.200000000000001,-2.8000000000000003
10344,190745.0,False,110.60000000000001,12.9,-3.6
10345,190764.0,False,109.5,12.5,-4.5
10346,190780.0,False,108.30000000000001,12.200000000000001,-5.4
10347,190795.0,False,107.7,12.100000000000001,-5.800000000000001
10348,190812.0,False,106.5,12.100000000000001,-6.300000000000001
10349,190830.0,False,105.4,12.4,-6.6000000000000005
10350,190845.0,False,104.9,12.700000000000001,-6.6000000000000005
10351,190862.0,False,104.0,13.3,-6.300000000000001
10352,190880.0,False,103.2,13.9,-6.0
10353,190896.0,False,102.80000000000001,14.3,-5.800000000000001
10354,190912.0,False,102.10000000000001,14.9,-5.300000000000001
10355,190929.0,False,101.60000000000001,15.4,-4.9
10356,190946.0,False,101.5,15.5,-4.7
10357,190962.0,False,101.10000000000001,15.600000000000001,-4.3
10358,190982.0,False,100.9,15.4,-3.8000000000000003
10359,190996.0,False,100.80000000000001,15.200000000000001,-3.6
10360,191012.0,False,100.7,14.8,-3.2
10361,191028.0,False,100.60000000000001,14.3,-2.3000000000000003
10362,191049.0,False,100.60000000000001,13.8,-1.2000000000000002
10363,191062.0,False,100.7,13.700000000000001,-0.7000000000000001
10364,191081.0,False,100.9,13.600000000000001,0.1
10365,191099.0,False,101.30000000000001,13.4,0.6000000000000001
10366,191112.0,False,101.5,13.200000000000001,0.7000000000000001
10367,191131.0,False,102.0,12.700000000000001,0.6000000000000001
10368,191146.0,False,102.5,12.4,0.2
10369,191163.0,False,102.7,12.3,0.0
10370,191179.0,False,103.2,12.4,-0.4
10371,191195.0,False,103.4,12.5,-0.6000000000000001
10372,191215.0,False,103.80000000000001,12.700000000000001,-0.9
10373,191228.0,False,104.30000000000001,12.8,-1.0
10374,191245.0,False,105.0,12.8,-1.0
10375,191262.0,False,105.4,12.8,-1.0
10376,191281.0,False,106.2,12.700000000000001,-1.1
10377,191299.0,False,107.10000000000001,12.5,-1.3
10378,191313.0,False,107.60000000000001,12.3,-1.5
10379,191328.0,False,108.60000000000001,11.8,-1.8
10380,191346.0,False,109.7,11.100000000000001,-1.8
10381,191363.0,False,110.2,10.700000000000001,-1.8
10382,191378.0,False,111.30000000000001,10.0,-1.8
10383,191396.0,False,112.30000000000001,9.5,-1.8
10384,191419.0,False,113.0,9.1,-1.6
10385,191429.0,False,113.30000000000001,9.0,-1.5
10386,191446.0,False,113.9,9.0,-1.2000000000000002
10387,191462.0,False,114.10000000000001,9.0,-1.0
10388,191480.0,False,114.60000000000001,9.200000000000001,-0.8
10389,191495.0,False,115.0,9.3,-0.5
10390,191512.0,False,115.2,9.3,-0.4
10391,191528.0,False,115.7,9.3,-0.2
10392,191545.0,False,116.10000000000001,9.1,0.1
10393,191562.0,False,116.30000000000001,8.9,0.2
10394,191580.0,False,116.7,8.700000000000001,0.4
10395,191595.0,False,116.9,8.4,0.4
10396,191618.0,False,117.0,8.200000000000001,0.4
10397,191628.0,False,117.0,8.0,0.5
10398,191645.0,False,117.0,7.7,0.6000000000000001
10399,191662.0,False,116.9,7.300000000000001,0.9
10400,191679.0,False,116.9,7.2,1.0
10401,191720.0,False,116.7,7.5,0.30000000000000004
10402,191729.0,False,116.5,7.7,-0.1
10403,191746.0,False,115.9,8.1,-1.0
10404,191762.0,False,115.0,8.5,-1.8
10405,191782.0,False,114.0,8.9,-2.5
10406,191797.0,False,113.5,9.200000000000001,-2.8000000000000003
10407,191829.0,False,111.9,10.0,-3.1
10408,191846.0,False,110.80000000000001,10.3,-2.8000000000000003
10409,191863.0,False,109.7,10.600000000000001,-2.5
10410,191879.0,False,109.2,10.600000000000001,-2.4000000000000004
10411,191895.0,False,108.30000000000001,10.8,-2.5
10412,191918.0,False,107.2,11.0,-2.9000000000000004
10413,191929.0,False,106.7,11.200000000000001,-3.2
10414,191945.0,False,105.5,11.4,-3.8000000000000003
10415,191962.0,False,104.30000000000001,11.700000000000001,-4.4
10416,191986.0,False,103.2,12.100000000000001,-4.9
10417,191995.0,False,102.7,12.3,-5.0
10418,192012.0,False,101.80000000000001,12.8,-5.300000000000001
10419,192031.0,False,101.30000000000001,13.0,-5.4
10420,192046.0,False,100.5,13.4,-5.6000000000000005
10421,192063.0,False,99.7,13.700000000000001,-5.800000000000001
10422,192079.0,False,99.0,13.9,-5.9
10423,192095.0,False,98.60000000000001,14.0,-6.0
10424,192112.0,False,98.0,14.200000000000001,-5.9
10425,192129.0,False,97.7,14.3,-5.800000000000001
10426,192146.0,False,97.10000000000001,14.3,-5.5
10427,192163.0,False,96.60000000000001,14.3,-5.0
10428,192178.0,False,96.30000000000001,14.200000000000001,-4.800000000000001
10429,192195.0,False,95.9,14.100000000000001,-4.3
10430,192212.0,False,95.4,13.700000000000001,-4.0
10431,192232.0,False,95.0,13.200000000000001,-3.4000000000000004
10432,192245.0,False,94.80000000000001,12.9,-3.1
10433,192262.0,False,94.60000000000001,12.4,-2.4000000000000004
10434,192280.0,False,94.7,12.0,-1.7000000000000002
10435,192312.0,False,95.10000000000001,11.5,-1.2000000000000002
10436,192329.0,False,95.5,11.200000000000001,-1.5
10437,192347.0,False,95.7,11.0,-1.7000000000000002
10438,192364.0,False,96.0,10.700000000000001,-2.3000000000000003
10439,192378.0,False,96.30000000000001,10.4,-2.7
10440,192399.0,False,96.7,10.100000000000001,-2.8000000000000003
10441,192418.0,False,97.10000000000001,9.9,-2.7
10442,192428.0,False,97.4,9.8,-2.5
10443,192447.0,False,97.7,9.700000000000001,-2.3000000000000003
10444,192465.0,False,98.2,9.5,-1.9000000000000001
10445,192481.0,False,98.9,9.200000000000001,-1.6
10446,192496.0,False,99.2,9.0,-1.4000000000000001
10447,192522.0,False,100.30000000000001,8.200000000000001,-1.4000000000000001
10448,192529.0,False,100.7,7.9,-1.4000000000000001
10449,192545.0,False,101.0,7.6000000000000005,-1.5
10450,192562.0,False,101.80000000000001,7.0,-1.4000000000000001
10451,192581.0,False,102.5,6.5,-1.3
10452,192596.0,False,102.9,6.300000000000001,-1.1
10453,192619.0,False,104.10000000000001,5.7,-0.6000000000000001
10454,192628.0,False,104.4,5.6000000000000005,-0.4
10455,192645.0,False,104.9,5.5,-0.30000000000000004
10456,192664.0,False,105.7,5.300000000000001,-0.1
10457,192678.0,False,106.5,5.0,0.0
10458,192695.0,False,106.9,4.9,0.0
10459,192721.0,False,108.0,4.7,-0.1
10460,192728.0,False,108.4,4.7,-0.2
10461,192745.0,False,108.9,4.800000000000001,-0.5
10462,192769.0,False,109.4,5.0,-0.6000000000000001
10463,192780.0,False,109.5,5.2,-0.6000000000000001
10464,192795.0,False,109.80000000000001,5.5,-0.6000000000000001
10465,192825.0,False,110.0,5.9,-0.5
10466,192830.0,False,110.10000000000001,6.1000000000000005,-0.4
10467,192845.0,False,110.4,6.4,-0.30000000000000004
10468,192879.0,False,110.9,6.7,-0.2
10469,192899.0,False,111.4,6.800000000000001,-0.30000000000000004
10470,192925.0,False,111.9,7.300000000000001,-1.1
10471,192948.0,False,111.80000000000001,7.9,-1.8
10472,192962.0,False,111.7,8.3,-2.1
10473,192978.0,False,111.30000000000001,8.9,-2.7
10474,192995.0,False,110.7,9.5,-3.0
10475,193013.0,False,110.10000000000001,10.0,-3.0
10476,193032.0,False,109.7,10.3,-2.9000000000000004
10477,193045.0,False,109.0,10.8,-2.6
10478,193062.0,False,108.2,11.200000000000001,-2.2
10479,193082.0,False,107.5,11.4,-1.8
10480,193097.0,False,107.10000000000001,11.5,-1.7000000000000002
10481,193116.0,False,106.5,11.5,-1.6
10482,193129.0,False,106.2,11.4,-1.7000000000000002
10483,193146.0,False,105.60000000000001,11.4,-2.1
10484,193162.0,False,105.0,11.3,-2.7
10485,193178.0,False,104.7,11.200000000000001,-3.1
10486,193195.0,False,104.10000000000001,11.100000000000001,-3.8000000000000003
10487,193224.0,False,103.30000000000001,11.0,-4.6000000000000005
10488,193246.0,False,102.9,11.100000000000001,-4.9
10489,193262.0,False,102.5,11.3,-5.1000000000000005
10490,193297.0,False,102.0,11.600000000000001,-5.300000000000001
10491,193325.0,False,101.60000000000001,12.100000000000001,-5.4
10492,193345.0,False,101.4,12.4,-5.5
10493,193363.0,False,101.2,12.700000000000001,-5.300000000000001
10494,193379.0,False,101.10000000000001,12.8,-5.2
10495,193395.0,False,100.9,12.9,-4.800000000000001
10496,193420.0,False,100.80000000000001,12.9,-4.4
10497,193448.0,False,100.60000000000001,12.5,-4.0
10498,193463.0,False,100.60000000000001,11.8,-3.4000000000000004
10499,193481.0,False,100.7,11.100000000000001,-2.6
10500,193495.0,False,100.9,10.8,-2.2
10501,193521.0,False,101.5,10.0,-1.3
10502,193545.0,False,101.80000000000001,9.700000000000001,-1.3
10503,193563.0,False,102.0,9.600000000000001,-1.5
10504,193579.0,False,102.0,9.5,-1.8
10505,193595.0,False,102.0,9.4,-1.9000000000000001
10506,193620.0,False,102.30000000000001,9.3,-2.0
10507,193629.0,False,102.5,9.200000000000001,-1.9000000000000001
10508,193645.0,False,102.7,9.1,-1.8
10509,193662.0,False,103.2,8.8,-1.5
10510,193680.0,False,103.80000000000001,8.4,-1.3
10511,193696.0,False,104.10000000000001,8.200000000000001,-1.3
10512,193725.0,False,105.2,7.300000000000001,-1.3
10513,193729.0,False,105.5,7.0,-1.3
10514,193747.0,False,106.30000000000001,6.4,-1.2000000000000002
10515,193763.0,False,106.7,6.1000000000000005,-1.1
10516,193780.0,False,107.5,5.6000000000000005,-1.0
10517,193798.0,False,108.2,5.2,-0.8
10518,193815.0,False,108.5,5.0,-0.7000000000000001
10519,193828.0,False,108.80000000000001,4.9,-0.6000000000000001
10520,193845.0,False,109.30000000000001,4.7,-0.4
10521,193864.0,False,109.80000000000001,4.7,-0.2
10522,193878.0,False,110.2,4.7,0.0
10523,193897.0,False,110.7,4.800000000000001,0.1
10524,193913.0,False,110.9,4.800000000000001,0.2
10525,193928.0,False,111.5,4.7,0.5
10526,193945.0,False,111.7,4.7,0.7000000000000001
10527,193968.0,False,112.5,4.7,1.1
10528,193982.0,False,112.80000000000001,4.800000000000001,1.1
10529,193997.0,False,113.0,5.1000000000000005,0.8
10530,194012.0,False,113.10000000000001,5.1000000000000005,0.5
10531,194032.0,False,113.10000000000001,5.2,0.30000000000000004
10532,194045.0,False,113.10000000000001,5.2,0.2
10533,194065.0,False,113.30000000000001,5.300000000000001,0.2
10534,194079.0,False,113.4,5.4,0.1
10535,194095.0,False,113.5,5.800000000000001,0.0
10536,194117.0,False,113.4,6.4,-0.30000000000000004
10537,194134.0,False,113.2,7.2,-0.7000000000000001
10538,194146.0,False,113.0,7.5,-1.0
10539,194162.0,False,112.9,7.800000000000001,-1.2000000000000002
10540,194179.0,False,112.5,8.3,-1.5
10541,194196.0,False,112.30000000000001,8.5,-1.6
10542,194218.0,False,111.5,9.0,-1.6
10543,194228.0,False,111.2,9.200000000000001,-1.5
10544,194247.0,False,110.60000000000001,9.600000000000001,-1.2000000000000002
10545,194264.0,False,110.2,9.8,-1.1
10546,194278.0,False,109.60000000000001,10.0,-0.8
10547,194297.0,False,109.0,10.0,-0.8
10548,194315.0,False,108.4,10.0,-1.1
10549,194330.0,False,108.10000000000001,10.100000000000001,-1.5
10550,194347.0,False,107.5,10.100000000000001,-2.3000000000000003
10551,194362.0,False,107.2,10.200000000000001,-2.7
10552,194378.0,False,106.5,10.200000000000001,-3.7
10553,194397.0,False,105.9,10.4,-4.5
10554,194417.0,False,105.5,10.600000000000001,-5.2
10555,194433.0,False,105.30000000000001,10.700000000000001,-5.5
10556,194445.0,False,104.9,10.9,-5.9
10557,194464.0,False,104.60000000000001,11.200000000000001,-6.1000000000000005
10558,194478.0,False,104.5,11.3,-6.1000000000000005
10559,194495.0,False,104.30000000000001,11.600000000000001,-6.0
10560,194516.0,False,104.2,11.8,-5.9
10561,194545.0,False,104.0,11.9,-6.0
10562,194562.0,False,103.80000000000001,11.9,-6.1000000000000005
10563,194580.0,False,103.60000000000001,11.8,-6.2
10564,194595.0,False,103.30000000000001,11.600000000000001,-6.2
10565,194617.0,False,103.0,11.3,-6.1000000000000005
10566,194629.0,False,102.9,11.0,-5.9
10567,194646.0,False,102.60000000000001,10.3,-5.4
10568,194663.0,False,102.5,9.5,-4.7
10569,194679.0,False,102.4,9.1,-4.3
10570,194695.0,False,102.30000000000001,8.4,-3.6
10571,194728.0,False,102.2,7.7,-3.0
10572,194745.0,False,101.9,7.5,-2.9000000000000004
10573,194763.0,False,101.5,7.5,-3.0
10574,194779.0,False,101.10000000000001,7.5,-2.9000000000000004
10575,194795.0,False,100.9,7.6000000000000005,-2.8000000000000003
10576,194814.0,False,100.60000000000001,7.7,-2.7
10577,194831.0,False,100.4,7.800000000000001,-2.5
10578,194864.0,False,100.4,7.7,-2.3000000000000003
10579,194880.0,False,100.60000000000001,7.5,-2.4000000000000004
10580,194896.0,False,100.7,7.300000000000001,-2.4000000000000004
10581,194914.0,False,101.10000000000001,6.9,-2.6
10582,194931.0,False,101.5,6.5,-2.7
10583,194946.0,False,101.80000000000001,6.2,-2.7
10584,194962.0,False,102.4,5.6000000000000005,-2.5
10585,194983.0,False,103.10000000000001,5.0,-2.3000000000000003
10586,194996.0,False,103.4,4.6000000000000005,-2.2
10587,195015.0,False,104.0,4.1000000000000005,-2.0
10588,195028.0,False,104.4,3.9000000000000004,-1.9000000000000001
10589,195045.0,False,104.9,3.6,-1.7000000000000002
10590,195063.0,False,105.30000000000001,3.5,-1.5
10591,195079.0,False,105.5,3.5,-1.4000000000000001
10592,195095.0,False,105.60000000000001,3.6,-1.3
10593,195112.0,False,105.80000000000001,3.9000000000000004,-1.4000000000000001
10594,195131.0,False,105.9,4.1000000000000005,-1.4000000000000001
10595,195162.0,False,106.10000000000001,4.4,-1.4000000000000001
10596,195178.0,False,106.2,4.5,-1.3
10597,195197.0,False,106.2,4.7,-1.3
10598,195214.0,False,106.30000000000001,4.9,-1.3
10599,195229.0,False,106.30000000000001,5.1000000000000005,-1.3
10600,195278.0,False,106.5,5.4,-1.1
10601,195296.0,False,106.60000000000001,5.6000000000000005,-1.1
10602,195318.0,False,106.80000000000001,6.4,-1.3
10603,195329.0,False,106.80000000000001,6.800000000000001,-1.5
10604,195345.0,False,106.80000000000001,7.5,-2.0
10605,195363.0,False,106.80000000000001,7.800000000000001,-2.3000000000000003
10606,195379.0,False,106.7,8.200000000000001,-3.0
10607,195397.0,False,106.5,8.6,-3.6
10608,195415.0,False,106.4,8.8,-3.8000000000000003
10609,195445.0,False,105.9,9.200000000000001,-4.1000000000000005
10610,195462.0,False,105.60000000000001,9.4,-3.9000000000000004
10611,195481.0,False,105.2,9.600000000000001,-3.5
10612,195495.0,False,104.80000000000001,9.9,-3.2
10613,195513.0,False,104.60000000000001,10.100000000000001,-3.2
10614,195528.0,False,104.2,10.3,-3.2
10615,195545.0,False,103.7,10.5,-3.5
10616,195562.0,False,103.5,10.600000000000001,-3.7
10617,195578.0,False,103.0,10.600000000000001,-4.2
10618,195595.0,False,102.60000000000001,10.600000000000001,-4.7
10619,195616.0,False,102.2,10.600000000000001,-5.2
10620,195633.0,False,102.10000000000001,10.600000000000001,-5.5
10621,195646.0,False,101.80000000000001,10.5,-5.800000000000001
10622,195662.0,False,101.7,10.4,-6.0
10623,195678.0,False,101.4,10.3,-6.1000000000000005
10624,195697.0,False,101.2,10.4,-6.1000000000000005
10625,195715.0,False,100.9,10.600000000000001,-6.0
10626,195731.0,False,100.7,10.8,-6.0
10627,195747.0,False,100.4,11.100000000000001,-5.9
10628,195778.0,False,100.0,11.3,-5.6000000000000005
10629,195795.0,False,99.7,11.3,-5.4
10630,195812.0,False,99.5,11.200000000000001,-5.4
10631,195828.0,False,99.4,11.0,-5.4
10632,195853.0,False,99.10000000000001,10.100000000000001,-5.1000000000000005
10633,195862.0,False,99.0,9.8,-5.0
10634,195881.0,False,98.9,9.600000000000001,-4.800000000000001
10635,195899.0,False,98.80000000000001,9.1,-4.3
10636,195914.0,False,98.80000000000001,8.700000000000001,-3.9000000000000004
10637,195944.0,False,98.80000000000001,8.5,-3.9000000000000004
10638,195963.0,False,98.5,8.6,-4.1000000000000005
10639,195995.0,False,98.10000000000001,8.8,-4.3
10640,196014.0,False,98.0,9.0,-4.3
10641,196046.0,False,98.0,9.0,-4.1000000000000005
10642,196062.0,False,98.10000000000001,8.8,-3.9000000000000004
10643,196083.0,False,98.30000000000001,8.4,-3.8000000000000003
10644,196095.0,False,98.5,8.200000000000001,-3.8000000000000003
10645,196112.0,False,98.9,7.7,-3.8000000000000003
10646,196133.0,False,99.4,7.1000000000000005,-3.9000000000000004
10647,196145.0,False,99.7,6.800000000000001,-3.9000000000000004
10648,196163.0,False,100.30000000000001,6.0,-3.8000000000000003
10649,196181.0,False,101.0,5.300000000000001,-3.7
10650,196195.0,False,101.4,4.9,-3.7
10651,196213.0,False,102.10000000000001,4.2,-3.6
10652,196229.0,False,102.9,3.5,-3.4000000000000004
10653,196247.0,False,103.2,3.1,-3.4000000000000004
10654,196265.0,False,103.9,2.5,-3.2
10655,196279.0,False,104.2,2.2,-3.1
10656,196295.0,False,104.80000000000001,1.8,-2.9000000000000004
10657,196313.0,False,105.30000000000001,1.5,-2.8000000000000003
10658,196330.0,False,105.7,1.2000000000000002,-2.8000000000000003
10659,196345.0,False,105.80000000000001,1.2000000000000002,-2.9000000000000004
10660,196362.0,False,106.0,1.2000000000000002,-3.2
10661,196381.0,False,106.0,1.3,-3.6
10662,196395.0,False,106.0,1.4000000000000001,-3.8000000000000003
10663,196414.0,False,105.80000000000001,1.6,-4.1000000000000005
10664,196430.0,False,105.7,2.0,-4.3
10665,196446.0,False,105.60000000000001,2.2,-4.4
10666,196462.0,False,105.30000000000001,2.5,-4.4
10667,196479.0,False,105.10000000000001,2.9000000000000004,-4.4
10668,196495.0,False,104.9,3.0,-4.3
10669,196513.0,False,104.7,3.4000000000000004,-4.1000000000000005
10670,196530.0,False,104.60000000000001,4.0,-4.1000000000000005
10671,196546.0,False,104.5,4.4,-4.2
10672,196562.0,False,104.2,5.2,-4.6000000000000005
10673,196579.0,False,103.80000000000001,5.800000000000001,-5.0
10674,196598.0,False,103.30000000000001,6.5,-5.300000000000001
10675,196612.0,False,103.10000000000001,6.800000000000001,-5.4
10676,196630.0,False,102.80000000000001,7.4,-5.5
10677,196646.0,False,102.60000000000001,7.7,-5.4
10678,196669.0,False,102.4,8.1,-5.2
10679,196679.0,False,102.10000000000001,8.200000000000001,-4.9
10680,196695.0,False,102.10000000000001,8.200000000000001,-4.6000000000000005
10681,196715.0,False,102.0,8.0,-4.2
10682,196731.0,False,102.0,7.800000000000001,-3.8000000000000003
10683,196745.0,False,101.9,7.7,-3.7
10684,196778.0,False,101.5,7.800000000000001,-3.8000000000000003
10685,196798.0,False,101.10000000000001,8.0,-4.0
10686,196813.0,False,100.9,8.1,-4.2
10687,196829.0,False,100.60000000000001,8.3,-4.5
10688,196845.0,False,100.4,8.4,-4.6000000000000005
10689,196861.0,False,100.10000000000001,8.5,-4.9
10690,196878.0,False,99.7,8.700000000000001,-5.300000000000001
10691,196895.0,False,99.4,8.9,-5.7
10692,196912.0,False,99.2,8.9,-5.800000000000001
10693,196930.0,False,99.10000000000001,9.1,-6.2
10694,196946.0,False,99.0,9.200000000000001,-6.300000000000001
10695,196961.0,False,98.9,9.4,-6.7
10696,196978.0,False,98.7,9.4,-7.0
10697,196995.0,False,98.5,9.3,-7.1000000000000005
10698,197029.0,False,98.2,9.0,-7.1000000000000005
10699,197047.0,False,98.0,8.8,-7.1000000000000005
10700,197062.0,False,97.80000000000001,8.6,-7.1000000000000005
10701,197080.0,False,97.5,8.1,-7.0
10702,197096.0,False,97.2,7.6000000000000005,-6.5
10703,197112.0,False,97.0,7.300000000000001,-6.2
10704,197128.0,False,96.9,7.0,-5.5
10705,197145.0,False,96.80000000000001,6.800000000000001,-5.0
10706,197164.0,False,96.7,6.800000000000001,-4.800000000000001
10707,197180.0,False,96.7,6.9,-4.7
10708,197212.0,False,96.5,7.1000000000000005,-4.7
10709,197245.0,False,96.60000000000001,7.2,-4.7
10710,197262.0,False,96.80000000000001,7.2,-4.7
10711,197278.0,False,96.9,7.0,-4.6000000000000005
10712,197297.0,False,97.2,6.7,-4.5
10713,197313.0,False,97.60000000000001,6.5,-4.4
10714,197332.0,False,97.80000000000001,6.4,-4.4
10715,197362.0,False,98.80000000000001,6.2,-4.4
10716,197378.0,False,99.10000000000001,6.1000000000000005,-4.4
10717,197397.0,False,99.80000000000001,5.7,-4.4
10718,197422.0,False,100.80000000000001,4.9,-4.3
10719,197431.0,False,101.2,4.5,-4.2
10720,197445.0,False,101.7,4.2,-4.0
10721,197463.0,False,102.5,3.6,-3.6
10722,197478.0,False,102.9,3.3000000000000003,-3.4000000000000004
10723,197509.0,False,103.9,3.0,-2.9000000000000004
10724,197511.0,False,104.2,2.9000000000000004,-2.7
10725,197528.0,False,104.4,2.9000000000000004,-2.7
10726,197548.0,False,104.7,3.0,-2.6
10727,197562.0,False,104.9,3.3000000000000003,-2.5
10728,197578.0,False,105.0,3.7,-2.4000000000000004
10729,197596.0,False,105.0,4.0,-2.4000000000000004
10730,197613.0,False,105.10000000000001,4.5,-2.2
10731,197628.0,False,105.2,4.7,-2.1
10732,197646.0,False,105.30000000000001,5.1000000000000005,-2.0
10733,197661.0,False,105.4,5.300000000000001,-2.1
10734,197678.0,False,105.5,5.4,-2.2
10735,197697.0,False,105.60000000000001,5.5,-2.3000000000000003
10736,197711.0,False,105.7,5.5,-2.4000000000000004
10737,197728.0,False,106.0,5.4,-2.4000000000000004
10738,197746.0,False,106.10000000000001,5.5,-2.4000000000000004
10739,197762.0,False,106.4,5.7,-2.4000000000000004
10740,197780.0,False,106.5,6.0,-2.6
10741,197797.0,False,106.60000000000001,6.2,-2.9000000000000004
10742,197812.0,False,106.5,6.4,-3.6
10743,197828.0,False,106.30000000000001,6.5,-4.3
10744,197845.0,False,106.10000000000001,6.5,-4.7
10745,197864.0,False,105.80000000000001,6.4,-5.300000000000001
10746,197880.0,False,105.4,6.300000000000001,-5.6000000000000005
10747,197895.0,False,105.10000000000001,6.300000000000001,-5.7
10748,197911.0,False,104.5,6.4,-5.6000000000000005
10749,197928.0,False,104.2,6.5,-5.5
10750,197945.0,False,103.60000000000001,6.9,-5.300000000000001
10751,197962.0,False,102.9,7.4,-5.2
10752,197987.0,False,101.9,7.9,-5.5
10753,197997.0,False,101.5,8.0,-5.7
10754,198012.0,False,101.2,8.1,-5.9
10755,198029.0,False,100.5,8.3,-6.300000000000001
10756,198045.0,False,100.10000000000001,8.4,-6.5
10757,198063.0,False,99.5,8.5,-6.800000000000001
10758,198078.0,False,98.9,8.700000000000001,-7.0
10759,198095.0,False,98.60000000000001,8.8,-7.0
10760,198119.0,False,97.9,9.200000000000001,-6.9
10761,198128.0,False,97.7,9.4,-6.800000000000001
10762,198145.0,False,97.5,9.600000000000001,-6.800000000000001
10763,198161.0,False,97.2,10.0,-6.800000000000001
10764,198178.0,False,96.9,10.5,-7.0
10765,198197.0,False,96.7,10.600000000000001,-7.0
10766,198211.0,False,96.4,10.8,-7.0
10767,198230.0,False,96.10000000000001,10.8,-6.9
10768,198248.0,False,96.0,10.600000000000001,-6.6000000000000005
10769,198262.0,False,96.0,10.5,-6.5
10770,198278.0,False,96.0,10.0,-6.1000000000000005
10771,198295.0,False,96.0,9.3,-5.5
10772,198321.0,False,96.10000000000001,8.8,-4.800000000000001
10773,198329.0,False,96.2,8.6,-4.4
10774,198347.0,False,96.30000000000001,8.5,-4.1000000000000005
10775,198362.0,False,96.5,8.6,-3.8000000000000003
10776,198380.0,False,96.60000000000001,8.8,-3.9000000000000004
10777,198395.0,False,96.7,8.9,-4.3
10778,198421.0,False,96.80000000000001,9.0,-4.7
10779,198429.0,False,96.80000000000001,9.1,-4.9
10780,198446.0,False,96.9,9.1,-5.1000000000000005
10781,198462.0,False,97.10000000000001,9.3,-5.5
10782,198478.0,False,97.30000000000001,9.5,-5.9
10783,198495.0,False,97.60000000000001,9.5,-6.1000000000000005
10784,198523.0,False,98.2,9.4,-6.4
10785,198546.0,False,98.7,9.1,-6.5
10786,198562.0,False,99.2,8.6,-6.6000000000000005
10787,198580.0,False,99.5,8.3,-6.6000000000000005
10788,198595.0,False,100.0,7.7,-6.4
10789,198618.0,False,100.60000000000001,7.2,-6.2
10790,198628.0,False,100.80000000000001,6.9,-6.1000000000000005
10791,198645.0,False,101.30000000000001,6.4,-5.800000000000001
10792,198662.0,False,101.7,6.0,-5.5
10793,198678.0,False,101.80000000000001,5.7,-5.300000000000001
10794,198695.0,False,102.10000000000001,5.300000000000001,-4.9
10795,198719.0,False,102.5,5.0,-4.7
10796,198728.0,False,102.60000000000001,4.9,-4.6000000000000005
10797,198747.0,False,102.80000000000001,4.800000000000001,-4.7
10798,198762.0,False,103.0,4.800000000000001,-4.9
10799,198796.0,False,103.10000000000001,4.7,-5.0
10800,198814.0,False,103.30000000000001,4.6000000000000005,-4.800000000000001
10801,198831.0,False,103.4,4.7,-4.5
10802,198845.0,False,103.4,4.800000000000001,-4.4
10803,198861.0,False,103.30000000000001,5.1000000000000005,-4.3
10804,198878.0,False,103.2,5.2,-4.4
10805,198896.0,False,102.9,5.4,-4.3
10806,198928.0,False,102.7,5.300000000000001,-4.2
10807,198948.0,False,102.80000000000001,5.300000000000001,-4.1000000000000005
10808,198962.0,False,102.9,5.4,-4.3
10809,198978.0,False,102.9,5.5,-4.6000000000000005
10810,198996.0,False,102.7,5.9,-5.1000000000000005
10811,199014.0,False,102.4,6.5,-5.7
10812,199030.0,False,102.10000000000001,6.7,-5.9
10813,199046.0,False,101.7,7.300000000000001,-6.1000000000000005
10814,199061.0,False,101.2,7.7,-6.300000000000001
10815,199078.0,False,100.9,8.0,-6.300000000000001
10816,199096.0,False,100.4,8.3,-6.2
10817,199114.0,False,99.80000000000001,8.5,-5.800000000000001
10818,199131.0,False,99.30000000000001,8.6,-5.4
10819,199145.0,False,99.10000000000001,8.6,-5.2
10820,199162.0,False,98.7,8.6,-4.800000000000001
10821,199178.0,False,98.4,8.6,-4.7
10822,199196.0,False,98.2,8.6,-4.7
10823,199219.0,False,97.60000000000001,8.700000000000001,-5.300000000000001
10824,199246.0,False,97.10000000000001,8.8,-5.800000000000001
10825,199263.0,False,96.7,8.8,-6.300000000000001
10826,199279.0,False,96.30000000000001,8.8,-6.800000000000001
10827,199298.0,False,95.9,8.700000000000001,-7.2
10828,199321.0,False,95.5,8.8,-7.300000000000001
10829,199333.0,False,95.30000000000001,8.8,-7.300000000000001
10830,199345.0,False,95.0,9.0,-7.2
10831,199362.0,False,94.60000000000001,9.4,-7.0
10832,199378.0,False,94.30000000000001,10.0,-6.800000000000001
10833,199397.0,False,93.9,10.5,-6.6000000000000005
10834,199420.0,False,93.60000000000001,10.700000000000001,-6.4
10835,199428.0,False,93.5,10.8,-6.300000000000001
10836,199447.0,False,93.4,10.700000000000001,-6.2
10837,199464.0,False,93.4,10.600000000000001,-5.9
10838,199480.0,False,93.30000000000001,10.5,-5.7
10839,199521.0,False,93.2,9.8,-5.0
10840,199528.0,False,93.2,9.5,-4.7
10841,199545.0,False,93.2,9.3,-4.4
10842,199561.0,False,93.2,9.1,-3.7
10843,199580.0,False,93.30000000000001,9.0,-3.0
10844,199597.0,False,93.5,9.1,-2.8000000000000003
10845,199621.0,False,93.7,9.3,-2.8000000000000003
10846,199628.0,False,93.7,9.3,-2.9000000000000004
10847,199645.0,False,93.9,9.3,-3.2
10848,199662.0,False,94.0,9.200000000000001,-3.3000000000000003
10849,199678.0,False,94.2,9.0,-3.4000000000000004
10850,199697.0,False,94.5,8.8,-3.4000000000000004
10851,199717.0,False,94.7,8.6,-3.2
10852,199728.0,False,94.9,8.5,-3.1
10853,199745.0,False,95.10000000000001,8.4,-3.0
10854,199761.0,False,95.5,8.200000000000001,-3.0
10855,199781.0,False,96.0,8.0,-3.0
10856,199795.0,False,96.5,7.800000000000001,-3.0
10857,199813.0,False,97.10000000000001,7.6000000000000005,-3.0
10858,199828.0,False,97.5,7.5,-2.9000000000000004
10859,199846.0,False,98.2,7.1000000000000005,-2.8000000000000003
10860,199861.0,False,98.60000000000001,6.9,-2.7
10861,199879.0,False,99.4,6.5,-2.4000000000000004
10862,199895.0,False,100.30000000000001,6.2,-2.2
10863,199918.0,False,101.10000000000001,5.800000000000001,-2.0
10864,199929.0,False,101.60000000000001,5.6000000000000005,-1.9000000000000001
10865,199945.0,False,102.30000000000001,5.300000000000001,-1.6
10866,199967.0,False,103.10000000000001,5.2,-1.4000000000000001
10867,199978.0,False,103.4,5.300000000000001,-1.3
10868,199995.0,False,104.0,5.5,-1.2000000000000002
10869,200018.0,False,104.4,5.9,-1.1
10870,200032.0,False,104.80000000000001,6.2,-1.0
10871,200045.0,False,105.10000000000001,6.4,-0.9
10872,200063.0,False,105.60000000000001,6.6000000000000005,-0.8
10873,200078.0,False,105.80000000000001,6.6000000000000005,-0.8
10874,200095.0,False,106.30000000000001,6.7,-1.0
10875,200115.0,False,106.80000000000001,6.6000000000000005,-1.4000000000000001
10876,200128.0,False,106.9,6.5,-1.6
10877,200145.0,False,107.2,6.4,-2.1
10878,200161.0,False,107.4,6.6000000000000005,-2.6
10879,200181.0,False,107.5,7.0,-3.3000000000000003
10880,200198.0,False,107.5,7.4,-3.8000000000000003
10881,200217.0,False,107.4,7.9,-4.6000000000000005
10882,200232.0,False,107.10000000000001,8.4,-5.4
10883,200249.0,False,106.9,8.5,-5.7
10884,200263.0,False,106.4,8.700000000000001,-6.2
10885,200278.0,False,106.10000000000001,8.8,-6.300000000000001
10886,200295.0,False,105.4,9.0,-6.300000000000001
10887,200325.0,False,104.2,9.3,-5.800000000000001
10888,200346.0,False,103.4,9.4,-5.2
10889,200361.0,False,102.60000000000001,9.200000000000001,-4.5
10890,200378.0,False,101.9,8.8,-3.8000000000000003
10891,200396.0,False,101.60000000000001,8.6,-3.6
10892,200418.0,False,100.60000000000001,8.3,-3.5
10893,200428.0,False,100.2,8.3,-3.7
10894,200448.0,False,99.7,8.3,-3.9000000000000004
10895,200461.0,False,98.80000000000001,8.3,-4.4
10896,200478.0,False,97.9,8.5,-4.800000000000001
10897,200495.0,False,97.4,8.6,-4.9
10898,200515.0,False,96.7,8.9,-5.1000000000000005
10899,200533.0,False,96.0,9.3,-5.2
10900,200548.0,False,95.7,9.5,-5.2
10901,200562.0,False,95.2,9.8,-5.300000000000001
10902,200579.0,False,94.80000000000001,10.200000000000001,-5.5
10903,200595.0,False,94.60000000000001,10.4,-5.7
10904,200617.0,False,94.0,11.100000000000001,-6.4
10905,200628.0,False,93.9,11.3,-6.5
10906,200648.0,False,93.60000000000001,11.4,-6.6000000000000005
10907,200662.0,False,93.5,11.4,-6.4
10908,200678.0,False,93.4,11.4,-6.1000000000000005
10909,200695.0,False,93.4,11.4,-5.9
10910,200719.0,False,93.4,11.0,-5.5
10911,200728.0,False,93.4,10.8,-5.300000000000001
10912,200746.0,False,93.4,10.5,-5.1000000000000005
10913,200763.0,False,93.4,9.9,-4.7
10914,200778.0,False,93.7,9.5,-4.2
10915,200795.0,False,93.80000000000001,9.4,-4.2
10916,200818.0,False,94.30000000000001,9.200000000000001,-4.5
10917,200829.0,False,94.4,9.1,-4.6000000000000005
10918,200846.0,False,94.60000000000001,8.9,-4.9
10919,200863.0,False,94.7,8.8,-5.1000000000000005
10920,200879.0,False,94.9,8.6,-5.2
10921,200915.0,False,95.30000000000001,8.5,-4.9
10922,200930.0,False,95.60000000000001,8.3,-4.6000000000000005
10923,200947.0,False,96.10000000000001,8.1,-4.2
10924,200962.0,False,96.30000000000001,8.0,-4.1000000000000005
10925,200983.0,False,96.9,7.7,-3.9000000000000004
10926,200995.0,False,97.5,7.300000000000001,-3.9000000000000004
10927,201011.0,False,97.80000000000001,7.1000000000000005,-3.9000000000000004
10928,201031.0,False,98.60000000000001,6.5,-3.8000000000000003
10929,201045.0,False,99.4,5.800000000000001,-3.6
10930,201062.0,False,99.80000000000001,5.4,-3.5
10931,201079.0,False,100.7,4.7,-3.2
10932,201095.0,False,101.5,4.2,-2.8000000000000003
10933,201118.0,False,102.2,3.8000000000000003,-2.4000000000000004
10934,201128.0,False,102.5,3.6,-2.2
10935,201147.0,False,103.0,3.4000000000000004,-1.8
10936,201161.0,False,103.30000000000001,3.3000000000000003,-1.6
10937,201178.0,False,103.80000000000001,3.2,-1.1
10938,201195.0,False,104.2,3.2,-0.7000000000000001
10939,201221.0,False,104.60000000000001,3.3000000000000003,-0.6000000000000001
10940,201228.0,False,104.80000000000001,3.4000000000000004,-0.5
10941,201245.0,False,105.10000000000001,3.5,-0.30000000000000004
10942,201262.0,False,105.2,3.5,-0.2
10943,201278.0,False,105.5,3.6,0.1
10944,201295.0,False,105.80000000000001,3.7,0.30000000000000004
10945,201317.0,False,106.0,4.0,0.1
10946,201329.0,False,106.10000000000001,4.2,-0.1
10947,201345.0,False,106.0,4.5,-0.30000000000000004
10948,201362.0,False,105.9,4.800000000000001,-0.30000000000000004
10949,201397.0,False,105.9,5.300000000000001,0.0
10950,201418.0,False,106.0,6.0,0.30000000000000004
10951,201430.0,False,106.0,6.4,0.4
10952,201445.0,False,105.9,7.300000000000001,0.30000000000000004
10953,201461.0,False,105.60000000000001,8.1,0.0
10954,201483.0,False,105.30000000000001,8.5,-0.5
10955,201496.0,False,105.10000000000001,8.5,-0.9
10956,201516.0,False,104.7,8.4,-1.6
10957,201538.0,False,104.30000000000001,8.200000000000001,-2.2
10958,201547.0,False,104.10000000000001,8.0,-2.4000000000000004
10959,201562.0,False,103.60000000000001,7.7,-2.7
10960,201578.0,False,103.30000000000001,7.6000000000000005,-2.8000000000000003
10961,201595.0,False,102.80000000000001,7.5,-2.7
10962,201614.0,False,102.4,7.6000000000000005,-2.5
10963,201630.0,False,101.9,8.0,-2.3000000000000003
10964,201646.0,False,101.60000000000001,8.200000000000001,-2.2
10965,201662.0,False,101.2,8.8,-2.2
10966,201683.0,False,100.80000000000001,9.200000000000001,-2.3000000000000003
10967,201698.0,False,100.60000000000001,9.4,-2.4000000000000004
10968,201716.0,False,100.30000000000001,9.4,-2.8000000000000003
10969,201728.0,False,100.10000000000001,9.1,-3.3000000000000003
10970,201749.0,False,99.80000000000001,8.5,-3.8000000000000003
10971,201761.0,False,99.7,8.200000000000001,-4.0
10972,201778.0,False,99.60000000000001,7.800000000000001,-4.2
10973,201797.0,False,99.5,7.800000000000001,-4.3
10974,201814.0,False,99.4,8.1,-4.4
10975,201830.0,False,99.2,8.6,-4.4
10976,201846.0,False,99.10000000000001,8.9,-4.4
10977,201862.0,False,98.80000000000001,9.600000000000001,-4.3
10978,201878.0,False,98.60000000000001,10.200000000000001,-4.3
10979,201895.0,False,98.5,10.4,-4.2
10980,201913.0,False,98.30000000000001,10.700000000000001,-3.9000000000000004
10981,201930.0,False,98.10000000000001,10.9,-3.6
10982,201945.0,False,98.0,10.9,-3.5
10983,201962.0,False,97.60000000000001,11.100000000000001,-3.0
10984,201979.0,False,97.2,11.200000000000001,-2.1
10985,201995.0,False,96.9,11.200000000000001,-1.6
10986,202017.0,False,96.4,11.5,0.0
10987,202029.0,False,96.4,11.5,0.4
10988,202044.0,False,96.4,11.5,0.8
10989,202064.0,False,96.5,11.5,1.1
10990,202079.0,False,96.5,11.600000000000001,1.1
10991,202095.0,False,96.60000000000001,11.700000000000001,1.0
10992,202111.0,False,96.7,11.700000000000001,0.8
10993,202128.0,False,97.0,11.700000000000001,0.6000000000000001
10994,202145.0,False,97.2,11.700000000000001,0.5
10995,202163.0,False,97.60000000000001,11.5,0.30000000000000004
10996,202178.0,False,98.0,11.200000000000001,0.30000000000000004
10997,202195.0,False,98.30000000000001,11.0,0.30000000000000004
10998,202213.0,False,98.9,10.8,0.30000000000000004
10999,202229.0,False,99.5,10.600000000000001,0.30000000000000004
11000,202245.0,False,100.2,10.5,0.4
11001,202264.0,False,100.5,10.4,0.4
11002,202279.0,False,101.2,10.3,0.30000000000000004
11003,202295.0,False,101.60000000000001,10.100000000000001,0.30000000000000004
11004,202318.0,False,102.60000000000001,9.600000000000001,0.2
11005,202330.0,False,103.0,9.4,0.2
11006,202346.0,False,103.7,9.0,0.0
11007,202362.0,False,104.0,8.8,0.0
11008,202379.0,False,104.5,8.6,-0.1
11009,202422.0,False,105.10000000000001,8.5,-0.2
11010,202428.0,False,105.10000000000001,8.6,-0.1
11011,202447.0,False,105.2,8.700000000000001,-0.1
11012,202479.0,False,105.10000000000001,9.200000000000001,-0.2
11013,202498.0,False,104.9,9.600000000000001,-0.4
11014,202516.0,False,104.80000000000001,10.0,-0.5
11015,202528.0,False,104.7,10.200000000000001,-0.6000000000000001
11016,202544.0,False,104.60000000000001,10.600000000000001,-0.7000000000000001
11017,202561.0,False,104.60000000000001,10.8,-0.7000000000000001
11018,202578.0,False,104.60000000000001,11.4,-0.8
11019,202598.0,False,104.5,12.3,-1.0
11020,202614.0,False,104.4,13.4,-1.1
11021,202628.0,False,104.4,14.100000000000001,-1.3
11022,202645.0,False,104.10000000000001,15.4,-1.7000000000000002
11023,202662.0,False,103.60000000000001,16.7,-2.3000000000000003
11024,202679.0,False,103.4,17.3,-2.6
11025,202694.0,False,102.80000000000001,18.3,-3.2
11026,202712.0,False,102.2,19.200000000000003,-3.7
11027,202728.0,False,102.0,19.6,-3.8000000000000003
11028,202745.0,False,101.4,20.200000000000003,-4.1000000000000005
11029,202763.0,False,101.0,20.5,-4.1000000000000005
11030,202780.0,False,100.7,20.6,-3.9000000000000004
11031,202797.0,False,100.4,20.5,-3.5
11032,202814.0,False,100.0,20.400000000000002,-2.8000000000000003
11033,202828.0,False,99.9,20.400000000000002,-2.5
11034,202845.0,False,99.5,20.6,-2.1
11035,202863.0,False,99.0,21.0,-2.0
11036,202881.0,False,98.4,21.3,-2.0
11037,202896.0,False,98.10000000000001,21.5,-1.9000000000000001
11038,202914.0,False,97.5,21.900000000000002,-2.0
11039,202931.0,False,97.0,22.3,-2.0
11040,202945.0,False,96.80000000000001,22.6,-2.0
11041,202962.0,False,96.5,23.0,-2.1
11042,202984.0,False,96.2,23.400000000000002,-2.2
11043,202995.0,False,96.10000000000001,23.6,-2.3000000000000003
11044,203012.0,False,95.9,24.1,-2.4000000000000004
11045,203028.0,False,95.80000000000001,24.5,-2.4000000000000004
11046,203046.0,False,95.80000000000001,25.200000000000003,-2.6
11047,203061.0,False,95.7,25.900000000000002,-2.9000000000000004
11048,203080.0,False,95.7,26.3,-3.4000000000000004
11049,203096.0,False,95.7,26.5,-3.6
11050,203112.0,False,95.7,26.700000000000003,-3.8000000000000003
11051,203128.0,False,95.7,26.900000000000002,-4.1000000000000005
11052,203164.0,False,95.60000000000001,27.1,-4.2
11053,203180.0,False,95.5,27.1,-4.1000000000000005
11054,203226.0,False,95.60000000000001,27.6,-4.1000000000000005
11055,203244.0,False,95.80000000000001,27.8,-4.4
11056,203265.0,False,96.10000000000001,27.900000000000002,-4.6000000000000005
11057,203279.0,False,96.4,27.700000000000003,-4.9
11058,203295.0,False,96.5,27.6,-5.0
11059,203312.0,False,96.80000000000001,27.3,-5.2
11060,203328.0,False,96.9,27.0,-5.1000000000000005
11061,203345.0,False,97.0,26.700000000000003,-5.0
11062,203361.0,False,97.2,26.1,-4.6000000000000005
11063,203378.0,False,97.30000000000001,25.400000000000002,-4.1000000000000005
11064,203397.0,False,97.60000000000001,24.700000000000003,-3.5
11065,203413.0,False,97.7,24.3,-3.3000000000000003
11066,203429.0,False,98.2,23.700000000000003,-2.9000000000000004
11067,203445.0,False,98.5,23.5,-2.9000000000000004
11068,203461.0,False,99.2,22.8,-3.0
11069,203478.0,False,99.9,22.0,-3.2
11070,203497.0,False,100.2,21.5,-3.3000000000000003
11071,203511.0,False,101.0,20.700000000000003,-3.4000000000000004
11072,203529.0,False,101.7,19.900000000000002,-3.4000000000000004
11073,203550.0,False,102.4,19.1,-3.3000000000000003
11074,203561.0,False,102.7,18.7,-3.2
11075,203580.0,False,103.30000000000001,17.7,-2.8000000000000003
11076,203599.0,False,103.9,16.5,-2.3000000000000003
11077,203611.0,False,104.2,16.0,-2.0
11078,203630.0,False,104.7,15.0,-1.5
11079,203645.0,False,104.9,14.5,-1.3
11080,203661.0,False,105.2,13.700000000000001,-0.9
11081,203682.0,False,105.30000000000001,12.8,-0.5
11082,203697.0,False,105.30000000000001,12.4,-0.30000000000000004
11083,203711.0,False,105.30000000000001,11.8,0.2
11084,203731.0,False,105.2,11.3,0.7000000000000001
11085,203752.0,False,105.2,11.100000000000001,1.3
11086,203764.0,False,105.2,11.0,1.6
11087,203778.0,False,105.30000000000001,10.9,1.7000000000000002
11088,203795.0,False,105.7,10.700000000000001,1.3
11089,203811.0,False,105.9,10.5,0.9
11090,203829.0,False,106.30000000000001,10.200000000000001,-0.2
11091,203845.0,False,106.60000000000001,9.700000000000001,-1.5
11092,203863.0,False,106.80000000000001,9.5,-2.1
11093,203878.0,False,107.0,9.0,-3.1
11094,203896.0,False,107.0,8.6,-3.7
11095,203911.0,False,107.0,8.6,-3.9000000000000004
11096,203928.0,False,106.7,8.700000000000001,-4.2
11097,203944.0,False,106.0,9.1,-4.1000000000000005
11098,203961.0,False,105.60000000000001,9.4,-4.0
11099,203978.0,False,104.7,10.100000000000001,-3.8000000000000003
11100,203995.0,False,103.7,10.700000000000001,-3.7
11101,204013.0,False,102.7,11.4,-3.7
11102,204029.0,False,102.10000000000001,11.700000000000001,-3.8000000000000003
11103,204045.0,False,101.0,12.3,-4.2
11104,204062.0,False,99.80000000000001,12.9,-4.7
11105,204079.0,False,99.2,13.200000000000001,-4.9
11106,204095.0,False,98.10000000000001,13.8,-5.2
11107,204112.0,False,97.2,14.3,-5.4
11108,204130.0,False,96.80000000000001,14.600000000000001,-5.4
11109,204147.0,False,96.0,14.9,-5.4
11110,204164.0,False,95.4,15.200000000000001,-5.4
11111,204178.0,False,95.2,15.4,-5.4
11112,204195.0,False,94.7,15.700000000000001,-5.300000000000001
11113,204213.0,False,94.30000000000001,16.1,-5.300000000000001
11114,204228.0,False,94.10000000000001,16.2,-5.4
11115,204245.0,False,93.80000000000001,16.400000000000002,-5.300000000000001
11116,204261.0,False,93.60000000000001,16.3,-5.1000000000000005
11117,204278.0,False,93.5,16.2,-5.1000000000000005
11118,204299.0,False,93.4,15.8,-5.0
11119,204312.0,False,93.10000000000001,15.200000000000001,-4.9
11120,204336.0,False,92.80000000000001,14.5,-4.5
11121,204347.0,False,92.60000000000001,14.200000000000001,-4.1000000000000005
11122,204361.0,False,92.10000000000001,13.9,-2.9000000000000004
11123,204378.0,False,91.9,13.9,-2.3000000000000003
11124,204396.0,False,91.5,14.0,-0.9
11125,204413.0,False,91.30000000000001,14.100000000000001,0.30000000000000004
11126,204433.0,False,91.2,13.9,1.1
11127,204444.0,False,91.2,13.700000000000001,1.3
11128,204462.0,False,91.30000000000001,13.3,1.4000000000000001
11129,204478.0,False,91.4,13.0,1.3
11130,204496.0,False,91.60000000000001,12.600000000000001,1.0
11131,204511.0,False,91.9,12.4,0.5
11132,204528.0,False,92.30000000000001,12.100000000000001,0.2
11133,204545.0,False,92.5,11.9,0.1
11134,204563.0,False,93.10000000000001,11.4,-0.2
11135,204583.0,False,93.7,11.0,-0.5
11136,204595.0,False,94.10000000000001,10.8,-0.7000000000000001
11137,204613.0,False,94.9,10.5,-1.1
11138,204630.0,False,95.7,10.200000000000001,-1.4000000000000001
11139,204645.0,False,96.2,10.0,-1.5
11140,204662.0,False,97.30000000000001,9.600000000000001,-1.6
11141,204679.0,False,98.4,9.1,-1.6
11142,204694.0,False,99.0,8.700000000000001,-1.5
11143,204711.0,False,100.30000000000001,8.1,-1.1
11144,204729.0,False,101.5,7.7,-0.8
11145,204745.0,False,102.0,7.6000000000000005,-0.6000000000000001
11146,204762.0,False,103.0,7.5,-0.30000000000000004
11147,204780.0,False,103.9,7.4,-0.1
11148,204798.0,False,104.80000000000001,7.300000000000001,0.0
11149,204811.0,False,105.30000000000001,7.2,0.1
11150,204831.0,False,106.2,7.0,-0.1
11151,204847.0,False,106.9,6.800000000000001,-0.30000000000000004
11152,204861.0,False,107.30000000000001,6.7,-0.4
11153,204880.0,False,107.9,6.300000000000001,-0.4
11154,204896.0,False,108.10000000000001,6.2,-0.4
11155,204911.0,False,108.60000000000001,6.1000000000000005,-0.2
11156,204929.0,False,108.9,6.2,0.2
11157,204947.0,False,109.10000000000001,6.2,0.4
11158,204961.0,False,109.2,6.4,0.8
11159,204978.0,False,109.30000000000001,6.800000000000001,1.0
11160,204996.0,False,109.30000000000001,7.300000000000001,1.0
11161,205012.0,False,109.2,7.6000000000000005,0.9
11162,205030.0,False,109.0,8.200000000000001,0.5
11163,205044.0,False,108.7,8.8,0.0
11164,205063.0,False,108.5,9.1,-0.30000000000000004
11165,205078.0,False,108.0,9.600000000000001,-0.7000000000000001
11166,205095.0,False,107.5,10.0,-0.9
11167,205113.0,False,107.2,10.200000000000001,-0.9
11168,205128.0,False,106.60000000000001,10.600000000000001,-0.7000000000000001
11169,205145.0,False,105.9,10.9,-0.30000000000000004
11170,205165.0,False,105.4,11.100000000000001,0.2
11171,205179.0,False,105.10000000000001,11.200000000000001,0.4
11172,205194.0,False,104.9,11.200000000000001,0.6000000000000001
11173,205211.0,False,104.4,11.3,0.6000000000000001
11174,205228.0,False,103.80000000000001,11.4,0.4
11175,205246.0,False,103.5,11.5,0.2
11176,205261.0,False,102.80000000000001,11.600000000000001,-0.2
11177,205279.0,False,102.0,11.8,-0.7000000000000001
11178,205297.0,False,101.4,11.9,-1.2000000000000002
11179,205311.0,False,101.10000000000001,11.9,-1.5
11180,205328.0,False,100.60000000000001,11.8,-2.0
11181,205345.0,False,100.2,11.700000000000001,-2.5
11182,205362.0,False,100.0,11.700000000000001,-2.7
11183,205380.0,False,99.60000000000001,11.700000000000001,-3.1
11184,205400.0,False,99.2,12.0,-3.4000000000000004
11185,205411.0,False,99.0,12.200000000000001,-3.5
11186,205429.0,False,98.60000000000001,12.8,-3.6
11187,205445.0,False,98.30000000000001,13.4,-3.6
11188,205461.0,False,98.10000000000001,13.600000000000001,-3.5
11189,205478.0,False,98.0,13.600000000000001,-3.4000000000000004
11190,205495.0,False,97.9,13.4,-3.4000000000000004
11191,205528.0,False,97.5,12.8,-3.5
11192,205545.0,False,97.10000000000001,12.200000000000001,-3.3000000000000003
11193,205561.0,False,96.80000000000001,11.600000000000001,-3.1
11194,205581.0,False,96.7,11.200000000000001,-2.9000000000000004
11195,205595.0,False,96.5,10.600000000000001,-2.6
11196,205621.0,False,96.0,9.8,-2.2
11197,205645.0,False,95.60000000000001,9.600000000000001,-2.2
11198,205666.0,False,95.10000000000001,9.5,-2.1
11199,205678.0,False,94.9,9.5,-2.1
11200,205695.0,False,94.4,9.4,-1.9000000000000001
11201,205717.0,False,94.0,9.3,-1.8
11202,205732.0,False,93.80000000000001,9.1,-1.6
11203,205747.0,False,93.7,9.0,-1.5
11204,205761.0,False,93.7,8.6,-1.4000000000000001
11205,205778.0,False,93.80000000000001,8.3,-1.4000000000000001
11206,205796.0,False,94.0,7.800000000000001,-1.5
11207,205821.0,False,94.5,7.0,-1.8
11208,205845.0,False,94.9,6.6000000000000005,-2.0
11209,205863.0,False,95.4,6.300000000000001,-2.2
11210,205878.0,False,95.7,6.1000000000000005,-2.2
11211,205895.0,False,96.2,5.800000000000001,-2.1
11212,205919.0,False,97.30000000000001,5.1000000000000005,-1.8
11213,205944.0,False,98.0,4.6000000000000005,-1.4000000000000001
11214,205963.0,False,98.7,4.3,-1.0
11215,205981.0,False,99.4,4.1000000000000005,-0.6000000000000001
11216,205998.0,False,100.0,3.9000000000000004,-0.2
11217,206021.0,False,100.4,4.0,0.0
11218,206028.0,False,100.60000000000001,4.1000000000000005,0.1
11219,206047.0,False,100.80000000000001,4.2,0.0
11220,206063.0,False,101.10000000000001,4.3,-0.1
11221,206078.0,False,101.30000000000001,4.4,-0.1
11222,206097.0,False,101.5,4.4,-0.1
11223,206119.0,False,101.7,4.4,-0.1
11224,206145.0,False,101.80000000000001,4.3,0.1
11225,206161.0,False,101.9,4.2,0.30000000000000004
11226,206181.0,False,102.10000000000001,4.2,0.6000000000000001
11227,206196.0,False,102.2,4.2,0.8
11228,206221.0,False,102.30000000000001,4.800000000000001,0.7000000000000001
11229,206228.0,False,102.2,5.0,0.7000000000000001
11230,206246.0,False,101.9,5.300000000000001,0.5
11231,206279.0,False,101.4,5.4,0.4
11232,206316.0,False,101.10000000000001,5.2,0.5
11233,206328.0,False,100.80000000000001,5.2,0.5
11234,206347.0,False,100.30000000000001,5.300000000000001,0.4
11235,206361.0,False,100.0,5.300000000000001,0.30000000000000004
11236,206378.0,False,99.10000000000001,5.4,0.0
11237,206395.0,False,98.10000000000001,5.6000000000000005,-0.4
11238,206417.0,False,97.0,5.9,-1.1
11239,206430.0,False,96.5,6.1000000000000005,-1.6
11240,206447.0,False,95.30000000000001,6.5,-2.5
11241,206462.0,False,94.7,6.6000000000000005,-3.0
11242,206479.0,False,93.5,6.9,-4.0
11243,206496.0,False,92.30000000000001,7.0,-4.800000000000001
11244,206519.0,False,91.2,7.300000000000001,-5.4
11245,206528.0,False,90.60000000000001,7.5,-5.5
11246,206547.0,False,89.5,8.1,-5.5
11247,206562.0,False,89.0,8.5,-5.300000000000001
11248,206579.0,False,88.10000000000001,9.3,-4.800000000000001
11249,206595.0,False,87.4,10.200000000000001,-4.2
11250,206621.0,False,86.9,11.0,-3.9000000000000004
11251,206645.0,False,86.4,11.700000000000001,-3.8000000000000003
11252,206666.0,False,86.0,11.9,-3.8000000000000003
11253,206695.0,False,85.7,12.0,-3.8000000000000003
11254,206719.0,False,85.7,11.8,-3.5
11255,206728.0,False,85.7,11.600000000000001,-3.3000000000000003
11256,206745.0,False,85.80000000000001,11.100000000000001,-2.7
11257,206763.0,False,86.0,10.8,-2.4000000000000004
11258,206778.0,False,86.30000000000001,10.100000000000001,-1.8
11259,206795.0,False,86.80000000000001,9.5,-1.2000000000000002
11260,206813.0,False,87.4,9.1,-1.1
11261,206828.0,False,87.60000000000001,9.0,-1.2000000000000002
11262,206845.0,False,87.80000000000001,8.9,-1.4000000000000001
11263,206863.0,False,87.9,9.1,-1.5
11264,206880.0,False,87.9,9.3,-1.5
11265,206896.0,False,88.0,9.600000000000001,-1.4000000000000001
11266,206916.0,False,88.30000000000001,10.0,-1.1
11267,206928.0,False,88.5,10.100000000000001,-0.9
11268,206945.0,False,89.0,10.200000000000001,-0.8
11269,206963.0,False,89.80000000000001,10.100000000000001,-0.9
11270,206992.0,False,91.2,9.4,-1.2000000000000002
11271,207023.0,False,92.80000000000001,8.3,-1.3
11272,207044.0,False,94.10000000000001,7.4,-1.1
11273,207061.0,False,95.30000000000001,6.800000000000001,-0.8
11274,207080.0,False,96.5,6.5,-0.7000000000000001
11275,207096.0,False,97.0,6.4,-0.6000000000000001
11276,207117.0,False,97.9,6.300000000000001,-0.6000000000000001
11277,207128.0,False,98.30000000000001,6.2,-0.5
11278,207145.0,False,99.0,6.300000000000001,-0.6000000000000001
11279,207165.0,False,99.80000000000001,6.6000000000000005,-0.7000000000000001
11280,207178.0,False,100.4,6.9,-1.0
11281,207194.0,False,100.7,7.1000000000000005,-1.2000000000000002
11282,207214.0,False,101.2,7.300000000000001,-1.3
11283,207231.0,False,101.7,7.300000000000001,-1.3
11284,207248.0,False,102.0,7.300000000000001,-1.1
11285,207263.0,False,102.60000000000001,7.2,-0.8
11286,207279.0,False,103.2,7.1000000000000005,-0.7000000000000001
11287,207295.0,False,103.5,7.0,-0.7000000000000001
11288,207320.0,False,104.10000000000001,6.6000000000000005,-0.8
11289,207329.0,False,104.2,6.5,-0.8
11290,207346.0,False,104.30000000000001,6.5,-0.9
11291,207361.0,False,104.5,6.5,-1.1
11292,207378.0,False,104.60000000000001,6.800000000000001,-1.6
11293,207398.0,False,104.5,7.2,-2.4000000000000004
11294,207422.0,False,104.10000000000001,7.7,-3.1
11295,207444.0,False,103.60000000000001,8.0,-3.9000000000000004
11296,207461.0,False,102.9,8.3,-4.5
11297,207478.0,False,102.10000000000001,8.5,-4.800000000000001
11298,207497.0,False,101.60000000000001,8.6,-4.9
11299,207512.0,False,100.60000000000001,8.8,-4.9
11300,207529.0,False,99.5,8.9,-4.6000000000000005
11301,207547.0,False,98.5,8.9,-4.3
11302,207561.0,False,98.0,8.9,-4.1000000000000005
11303,207581.0,False,96.9,9.0,-4.1000000000000005
11304,207595.0,False,96.4,9.0,-4.2
11305,207612.0,False,95.2,9.1,-4.7
11306,207628.0,False,94.0,9.3,-5.2
11307,207646.0,False,92.80000000000001,9.600000000000001,-5.7
11308,207661.0,False,92.30000000000001,9.700000000000001,-6.0
11309,207682.0,False,91.2,9.9,-6.4
11310,207694.0,False,90.7,10.0,-6.6000000000000005
11311,207714.0,False,89.80000000000001,10.3,-6.9
11312,207728.0,False,88.9,10.700000000000001,-7.0
11313,207746.0,False,88.0,11.3,-6.9
11314,207762.0,False,87.60000000000001,11.600000000000001,-6.800000000000001
11315,207781.0,False,86.9,12.3,-6.5
11316,207796.0,False,86.30000000000001,13.0,-6.0
11317,207817.0,False,86.0,13.3,-5.800000000000001
11318,207829.0,False,85.60000000000001,13.9,-5.2
11319,207846.0,False,85.2,14.3,-4.7
11320,207861.0,False,85.0,14.4,-4.6000000000000005
11321,207878.0,False,84.7,14.5,-4.4
11322,207895.0,False,84.5,14.100000000000001,-4.2
11323,207917.0,False,84.5,13.3,-3.9000000000000004
11324,207928.0,False,84.5,12.8,-3.7
11325,207945.0,False,84.7,12.3,-3.5
11326,207963.0,False,85.10000000000001,11.3,-3.2
11327,207978.0,False,85.60000000000001,10.5,-3.1
11328,207995.0,False,86.0,10.0,-3.3000000000000003
11329,208015.0,False,86.0,9.600000000000001,-3.7
11330,208028.0,False,86.0,9.5,-3.8000000000000003
11331,208045.0,False,86.0,9.4,-3.7
11332,208078.0,False,86.2,9.3,-3.4000000000000004
11333,208096.0,False,86.5,9.0,-3.2
11334,208125.0,False,87.4,8.3,-2.9000000000000004
11335,208144.0,False,88.30000000000001,7.6000000000000005,-3.0
11336,208161.0,False,88.7,7.2,-3.1
11337,208178.0,False,89.7,6.4,-3.2
11338,208194.0,False,90.80000000000001,5.6000000000000005,-3.1
11339,208214.0,False,91.80000000000001,4.800000000000001,-2.9000000000000004
11340,208228.0,False,92.4,4.4,-2.7
11341,208244.0,False,93.5,3.8000000000000003,-2.2
11342,208263.0,False,94.7,3.4000000000000004,-1.8
11343,208278.0,False,95.2,3.3000000000000003,-1.6
11344,208296.0,False,96.2,3.0,-1.3
11345,208313.0,False,97.10000000000001,2.9000000000000004,-1.0
11346,208328.0,False,97.5,2.8000000000000003,-0.9
11347,208344.0,False,98.4,2.8000000000000003,-0.6000000000000001
11348,208361.0,False,99.2,3.0,-0.4
11349,208380.0,False,99.60000000000001,3.1,-0.30000000000000004
11350,208395.0,False,100.30000000000001,3.4000000000000004,-0.2
11351,208416.0,False,100.9,3.7,0.0
11352,208432.0,False,101.5,3.9000000000000004,0.30000000000000004
11353,208447.0,False,101.80000000000001,4.0,0.5
11354,208465.0,False,102.5,4.1000000000000005,0.7000000000000001
11355,208479.0,False,102.80000000000001,4.1000000000000005,0.8
11356,208495.0,False,103.4,4.1000000000000005,1.0
11357,208514.0,False,104.0,3.9000000000000004,1.1
11358,208533.0,False,104.60000000000001,3.8000000000000003,1.1
11359,208545.0,False,104.9,3.9000000000000004,1.0
11360,208561.0,False,105.30000000000001,4.2,0.4
11361,208579.0,False,105.5,4.7,-0.6000000000000001
11362,208597.0,False,105.5,5.0,-1.2000000000000002
11363,208618.0,False,105.4,5.5,-2.3000000000000003
11364,208629.0,False,105.10000000000001,6.0,-3.3000000000000003
11365,208645.0,False,105.0,6.2,-3.7
11366,208663.0,False,104.5,6.7,-4.3
11367,208678.0,False,104.30000000000001,7.0,-4.5
11368,208694.0,False,103.7,7.4,-4.800000000000001
11369,208715.0,False,103.0,7.800000000000001,-4.7
11370,208728.0,False,102.30000000000001,8.1,-4.7
11371,208745.0,False,102.0,8.1,-4.7
11372,208761.0,False,101.30000000000001,8.1,-5.0
11373,208780.0,False,100.60000000000001,8.0,-5.5
11374,208794.0,False,100.2,8.0,-5.800000000000001
11375,208815.0,False,99.30000000000001,8.1,-6.5
11376,208828.0,False,98.30000000000001,8.4,-7.2
11377,208849.0,False,97.4,8.9,-7.800000000000001
11378,208863.0,False,96.9,9.200000000000001,-8.0
11379,208880.0,False,96.10000000000001,9.8,-8.3
11380,208894.0,False,95.80000000000001,10.100000000000001,-8.4
11381,208920.0,False,95.2,10.700000000000001,-8.6
11382,208931.0,False,94.60000000000001,11.100000000000001,-8.700000000000001
11383,208945.0,False,94.4,11.4,-8.8
11384,208962.0,False,94.0,11.9,-9.0
11385,208978.0,False,93.7,12.4,-9.200000000000001
11386,208998.0,False,93.60000000000001,12.700000000000001,-9.3
11387,209013.0,False,93.5,12.8,-9.200000000000001
11388,209029.0,False,93.5,12.8,-9.1
11389,209063.0,False,93.5,12.600000000000001,-8.9
11390,209078.0,False,93.60000000000001,12.0,-8.6
11391,209095.0,False,93.60000000000001,11.600000000000001,-8.3
11392,209111.0,False,93.80000000000001,10.600000000000001,-7.7
11393,209131.0,False,94.10000000000001,9.700000000000001,-6.800000000000001
11394,209144.0,False,94.5,8.9,-5.9
11395,209163.0,False,94.7,8.6,-5.6000000000000005
11396,209178.0,False,95.10000000000001,7.9,-5.1000000000000005
11397,209196.0,False,95.30000000000001,7.5,-4.800000000000001
11398,209212.0,False,95.30000000000001,7.4,-4.7
11399,209228.0,False,95.2,7.300000000000001,-4.5
11400,209245.0,False,95.10000000000001,7.4,-4.1000000000000005
11401,209263.0,False,95.10000000000001,7.5,-3.9000000000000004
11402,209278.0,False,95.30000000000001,7.6000000000000005,-3.5
11403,209295.0,False,95.60000000000001,7.6000000000000005,-3.1
11404,209311.0,False,95.9,7.5,-2.9000000000000004
11405,209336.0,False,96.9,7.1000000000000005,-2.6
11406,209347.0,False,97.30000000000001,6.9,-2.6
11407,209362.0,False,97.80000000000001,6.6000000000000005,-2.5
11408,209381.0,False,98.9,6.1000000000000005,-2.4000000000000004
11409,209396.0,False,100.2,5.5,-2.1
11410,209412.0,False,101.60000000000001,4.7,-1.6
11411,209429.0,False,102.4,4.4,-1.3
11412,209446.0,False,104.10000000000001,3.6,-0.7000000000000001
11413,209461.0,False,104.9,3.3000000000000003,-0.4
11414,209478.0,False,106.60000000000001,2.7,0.2
11415,209496.0,False,108.30000000000001,2.1,0.7000000000000001
11416,209514.0,False,110.0,1.5,1.1
11417,209530.0,False,110.80000000000001,1.2000000000000002,1.3
11418,209545.0,False,112.5,0.7000000000000001,1.6
11419,209561.0,False,114.0,0.2,1.8
11420,209578.0,False,114.60000000000001,0.1,1.8
11421,209594.0,False,115.80000000000001,-0.2,2.0
11422,209611.0,False,116.7,-0.4,2.3000000000000003
11423,209633.0,False,117.5,-0.4,2.8000000000000003
11424,209645.0,False,117.9,-0.4,3.1
11425,209663.0,False,118.5,-0.4,3.8000000000000003
11426,209678.0,False,118.80000000000001,-0.30000000000000004,4.1000000000000005
11427,209694.0,False,119.30000000000001,-0.30000000000000004,4.6000000000000005
11428,209713.0,False,119.7,0.0,4.6000000000000005
11429,209728.0,False,119.80000000000001,0.1,4.4
11430,209746.0,False,119.80000000000001,0.6000000000000001,3.6
11431,209761.0,False,119.5,1.1,2.3000000000000003
11432,209778.0,False,119.30000000000001,1.3,1.6
11433,209794.0,False,118.80000000000001,1.8,0.2
11434,209812.0,False,118.0,2.4000000000000004,-1.1
11435,209831.0,False,117.10000000000001,3.1,-2.1
11436,209845.0,False,116.60000000000001,3.5,-2.6
11437,209861.0,False,115.4,4.2,-3.2
11438,209878.0,False,114.80000000000001,4.6000000000000005,-3.5
11439,209894.0,False,113.4,5.1000000000000005,-3.7
11440,209911.0,False,112.10000000000001,5.5,-3.9000000000000004
11441,209935.0,False,110.9,5.9,-4.2
11442,209945.0,False,110.30000000000001,6.1000000000000005,-4.4
11443,209962.0,False,109.0,6.5,-5.0
11444,209982.0,False,107.7,7.0,-5.800000000000001
11445,209994.0,False,107.0,7.300000000000001,-6.300000000000001
11446,210013.0,False,105.60000000000001,8.0,-7.1000000000000005
11447,210030.0,False,104.4,8.700000000000001,-7.9
11448,210046.0,False,103.80000000000001,9.1,-8.200000000000001
11449,210062.0,False,102.80000000000001,9.9,-8.700000000000001
11450,210078.0,False,101.9,10.600000000000001,-9.200000000000001
11451,210094.0,False,101.5,10.9,-9.4
11452,210111.0,False,100.80000000000001,11.600000000000001,-9.700000000000001
11453,210129.0,False,100.2,12.3,-10.100000000000001
11454,210146.0,False,99.9,12.600000000000001,-10.200000000000001
11455,210161.0,False,99.5,13.4,-10.600000000000001
11456,210178.0,False,99.30000000000001,13.8,-10.8
11457,210196.0,False,99.2,14.0,-10.8
11458,210228.0,False,99.10000000000001,13.8,-10.600000000000001
11459,210245.0,False,99.2,13.600000000000001,-10.4
11460,210261.0,False,99.2,13.100000000000001,-10.0
11461,210280.0,False,99.5,12.3,-9.3
11462,210294.0,False,99.60000000000001,11.9,-8.9
11463,210311.0,False,100.0,10.9,-8.1
11464,210328.0,False,100.5,10.0,-7.4
11465,210346.0,False,101.0,9.1,-6.800000000000001
11466,210363.0,False,101.2,8.8,-6.6000000000000005
11467,210382.0,False,101.4,8.5,-6.2
11468,210394.0,False,101.5,8.5,-6.0
11469,210411.0,False,101.5,8.5,-5.7
11470,210428.0,False,101.5,8.6,-5.300000000000001
11471,210445.0,False,101.60000000000001,8.6,-5.1000000000000005
11472,210462.0,False,101.80000000000001,8.5,-4.7
11473,210479.0,False,102.10000000000001,8.4,-4.3
11474,210495.0,False,102.4,8.3,-4.2
11475,210511.0,False,102.9,8.3,-4.0
11476,210530.0,False,103.60000000000001,8.4,-3.8000000000000003
11477,210544.0,False,104.4,8.4,-3.7
11478,210563.0,False,105.30000000000001,8.3,-3.6
11479,210578.0,False,105.80000000000001,8.3,-3.4000000000000004
11480,210594.0,False,106.4,8.200000000000001,-3.3000000000000003
11481,210611.0,False,107.60000000000001,8.1,-2.9000000000000004
11482,210628.0,False,108.80000000000001,8.0,-2.4000000000000004
11483,210644.0,False,110.0,7.9,-2.0
11484,210661.0,False,110.5,7.9,-1.7000000000000002
11485,210681.0,False,111.60000000000001,7.800000000000001,-1.2000000000000002
11486,210694.0,False,112.0,7.800000000000001,-1.0
11487,210712.0,False,112.9,7.800000000000001,-0.6000000000000001
11488,210728.0,False,113.60000000000001,7.9,-0.30000000000000004
11489,210745.0,False,114.10000000000001,7.9,-0.1
11490,210761.0,False,114.30000000000001,7.9,0.0
11491,210781.0,False,114.60000000000001,7.9,0.30000000000000004
11492,210797.0,False,114.9,8.0,0.7000000000000001
11493,210813.0,False,115.2,8.1,0.8
11494,210828.0,False,115.30000000000001,8.200000000000001,0.8
11495,210844.0,False,115.4,8.5,0.30000000000000004
11496,210862.0,False,115.4,8.8,-0.5
11497,210878.0,False,115.30000000000001,9.1,-1.0
11498,210895.0,False,115.2,9.700000000000001,-2.2
11499,210915.0,False,114.80000000000001,10.4,-3.4000000000000004
11500,210928.0,False,114.60000000000001,10.8,-4.0
11501,210945.0,False,113.9,11.600000000000001,-5.0
11502,210961.0,False,113.10000000000001,12.4,-5.800000000000001
11503,210978.0,False,112.60000000000001,12.8,-6.1000000000000005
11504,210995.0,False,111.5,13.700000000000001,-6.300000000000001
11505,211014.0,False,110.10000000000001,14.600000000000001,-6.300000000000001
11506,211027.0,False,109.4,15.100000000000001,-6.2
11507,211046.0,False,107.9,16.0,-5.6000000000000005
11508,211061.0,False,106.5,16.900000000000002,-5.0
11509,211080.0,False,105.80000000000001,17.3,-4.800000000000001
11510,211096.0,False,104.60000000000001,17.900000000000002,-4.4
11511,211111.0,False,103.5,18.400000000000002,-4.5
11512,211128.0,False,103.10000000000001,18.6,-4.6000000000000005
11513,211144.0,False,102.10000000000001,18.8,-5.1000000000000005
11514,211161.0,False,101.10000000000001,18.900000000000002,-5.5
11515,211178.0,False,100.60000000000001,19.1,-5.7
11516,211195.0,False,99.7,19.6,-5.9
11517,211213.0,False,98.9,20.400000000000002,-6.0
11518,211227.0,False,98.5,20.8,-6.0
11519,211247.0,False,97.9,21.6,-6.1000000000000005
11520,211263.0,False,97.30000000000001,22.400000000000002,-6.2
11521,211280.0,False,96.7,23.0,-6.4
11522,211295.0,False,96.5,23.3,-6.6000000000000005
11523,211311.0,False,96.10000000000001,23.6,-6.800000000000001
11524,211331.0,False,95.9,23.900000000000002,-7.0
11525,211344.0,False,95.9,23.900000000000002,-7.2
11526,211363.0,False,95.9,23.900000000000002,-7.300000000000001
11527,211381.0,False,95.9,23.8,-7.5
11528,211395.0,False,95.9,23.8,-7.6000000000000005
11529,211428.0,False,95.80000000000001,23.6,-7.300000000000001
11530,211444.0,False,95.9,23.5,-7.1000000000000005
11531,211461.0,False,96.30000000000001,23.6,-6.9
11532,211479.0,False,96.7,23.8,-7.300000000000001
11533,211496.0,False,96.9,23.900000000000002,-7.5
11534,211511.0,False,97.10000000000001,23.900000000000002,-7.800000000000001
11535,211528.0,False,97.30000000000001,23.900000000000002,-8.1
11536,211546.0,False,97.30000000000001,23.8,-8.1
11537,211561.0,False,97.4,23.700000000000003,-7.9
11538,211579.0,False,97.5,23.6,-7.5
11539,211594.0,False,97.60000000000001,23.6,-7.2
11540,211611.0,False,97.60000000000001,23.5,-6.6000000000000005
11541,211628.0,False,97.80000000000001,23.3,-6.0
11542,211644.0,False,97.9,23.200000000000003,-5.7
11543,211661.0,False,98.2,23.1,-5.5
11544,211678.0,False,98.5,23.0,-5.4
11545,211696.0,False,98.7,22.900000000000002,-5.4
11546,211711.0,False,99.10000000000001,23.0,-5.5
11547,211728.0,False,99.5,23.3,-5.6000000000000005
11548,211746.0,False,99.7,23.5,-5.6000000000000005
11549,211761.0,False,100.10000000000001,23.8,-5.800000000000001
11550,211780.0,False,100.7,24.1,-5.800000000000001
11551,211796.0,False,101.30000000000001,24.3,-5.800000000000001
11552,211811.0,False,101.7,24.3,-5.9
11553,211830.0,False,102.4,24.400000000000002,-5.9
11554,211845.0,False,102.7,24.5,-6.0
11555,211862.0,False,103.30000000000001,24.6,-6.1000000000000005
11556,211878.0,False,103.80000000000001,24.6,-6.2
11557,211897.0,False,104.2,24.700000000000003,-6.4
11558,211922.0,False,104.30000000000001,24.8,-6.4
11559,211933.0,False,104.4,24.900000000000002,-6.4
11560,211948.0,False,104.4,24.900000000000002,-6.2
11561,211961.0,False,104.5,24.900000000000002,-6.0
11562,211978.0,False,104.5,24.900000000000002,-5.6000000000000005
11563,211994.0,False,104.4,25.0,-5.4
11564,212028.0,False,104.2,25.0,-5.1000000000000005
11565,212064.0,False,104.4,24.8,-5.800000000000001
11566,212078.0,False,104.4,24.700000000000003,-6.2
11567,212096.0,False,104.4,24.5,-7.0
11568,212111.0,False,104.30000000000001,24.3,-7.300000000000001
11569,212130.0,False,103.9,24.200000000000003,-7.5
11570,212144.0,False,103.4,24.3,-7.4
11571,212161.0,False,103.2,24.5,-7.300000000000001
11572,212179.0,False,102.9,24.700000000000003,-6.9
11573,212194.0,False,102.60000000000001,24.700000000000003,-6.4
11574,212221.0,False,102.30000000000001,24.5,-6.0
11575,212230.0,False,102.10000000000001,24.200000000000003,-5.800000000000001
11576,212244.0,False,101.9,23.700000000000003,-5.4
11577,212263.0,False,101.7,23.1,-5.300000000000001
11578,212277.0,False,101.60000000000001,22.8,-5.300000000000001
11579,212296.0,False,101.30000000000001,22.3,-5.5
11580,212311.0,False,101.2,22.1,-5.6000000000000005
11581,212328.0,False,100.80000000000001,21.700000000000003,-5.800000000000001
11582,212344.0,False,100.2,21.5,-5.800000000000001
11583,212363.0,False,99.7,21.400000000000002,-5.4
11584,212378.0,False,99.5,21.5,-5.1000000000000005
11585,212394.0,False,99.2,21.900000000000002,-4.800000000000001
11586,212411.0,False,99.10000000000001,22.1,-4.800000000000001
11587,212428.0,False,98.80000000000001,22.400000000000002,-4.9
11588,212445.0,False,98.5,22.400000000000002,-5.1000000000000005
11589,212461.0,False,98.2,22.400000000000002,-5.4
11590,212497.0,False,98.2,22.400000000000002,-5.9
11591,212517.0,False,98.2,22.400000000000002,-6.2
11592,212552.0,False,98.2,21.900000000000002,-6.0
11593,212562.0,False,98.2,21.6,-5.800000000000001
11594,212582.0,False,98.4,21.0,-5.5
11595,212594.0,False,98.4,20.6,-5.300000000000001
11596,212614.0,False,98.5,19.700000000000003,-4.9
11597,212627.0,False,98.5,19.3,-4.7
11598,212645.0,False,98.4,18.6,-4.4
11599,212663.0,False,98.2,18.1,-4.0
11600,212677.0,False,98.2,17.8,-3.8000000000000003
11601,212695.0,False,98.10000000000001,17.2,-3.2
11602,212716.0,False,98.10000000000001,16.7,-2.7
11603,212735.0,False,98.10000000000001,16.2,-2.3000000000000003
11604,212744.0,False,98.0,16.0,-2.0
11605,212761.0,False,97.9,15.600000000000001,-1.6
11606,212780.0,False,97.7,15.100000000000001,-1.2000000000000002
11607,212794.0,False,97.7,14.8,-1.0
11608,212822.0,False,97.60000000000001,13.9,-0.2
11609,212845.0,False,97.7,13.200000000000001,0.30000000000000004
11610,212862.0,False,98.0,12.3,0.6000000000000001
11611,212880.0,False,98.4,11.4,0.8
11612,212895.0,False,98.60000000000001,11.0,0.8
11613,212922.0,False,99.10000000000001,9.8,0.8
11614,212946.0,False,99.5,9.1,1.0
11615,212963.0,False,100.0,8.3,1.2000000000000002
11616,212981.0,False,100.5,7.6000000000000005,1.5
11617,212995.0,False,100.80000000000001,7.300000000000001,1.7000000000000002
11618,213023.0,False,101.30000000000001,6.7,2.1
11619,213028.0,False,101.4,6.6000000000000005,2.2
11620,213045.0,False,101.4,6.6000000000000005,2.3000000000000003
11621,213064.0,False,101.5,6.6000000000000005,2.4000000000000004
11622,213078.0,False,101.5,6.6000000000000005,2.1
11623,213094.0,False,101.4,6.7,1.9000000000000001
11624,213114.0,False,101.2,6.800000000000001,1.5
11625,213127.0,False,101.0,6.9,1.3
11626,213145.0,False,100.7,7.0,1.1
11627,213162.0,False,100.4,7.1000000000000005,1.1
11628,213177.0,False,100.2,7.1000000000000005,1.1
11629,213197.0,False,100.0,7.1000000000000005,1.1
11630,213217.0,False,99.5,7.0,1.1
11631,213231.0,False,99.30000000000001,7.0,1.1
11632,213249.0,False,98.80000000000001,7.0,1.3
11633,213262.0,False,98.5,7.0,1.5
11634,213280.0,False,98.0,7.4,1.9000000000000001
11635,213295.0,False,97.7,7.6000000000000005,2.0
11636,213320.0,False,97.10000000000001,8.200000000000001,1.8
11637,213344.0,False,96.30000000000001,8.1,0.9
11638,213361.0,False,95.9,7.9,0.5
11639,213378.0,False,95.10000000000001,7.6000000000000005,-0.2
11640,213397.0,False,94.30000000000001,7.300000000000001,-0.7000000000000001
11641,213421.0,False,93.5,7.2,-0.8
11642,213428.0,False,93.0,7.2,-0.6000000000000001
11643,213449.0,False,92.2,7.300000000000001,-0.1
11644,213466.0,False,91.30000000000001,7.5,0.6000000000000001
11645,213478.0,False,91.0,7.6000000000000005,1.0
11646,213494.0,False,90.30000000000001,7.800000000000001,1.6
11647,213521.0,False,89.7,8.0,2.0
11648,213528.0,False,89.5,8.1,2.1
11649,213545.0,False,88.9,8.5,2.0
11650,213561.0,False,88.60000000000001,8.700000000000001,1.7000000000000002
11651,213579.0,False,88.0,9.4,1.0
11652,213594.0,False,87.5,9.9,0.0
11653,213618.0,False,87.0,10.100000000000001,-1.1
11654,213629.0,False,86.80000000000001,10.100000000000001,-1.8
11655,213646.0,False,86.60000000000001,10.100000000000001,-3.0
11656,213665.0,False,86.4,10.200000000000001,-4.1000000000000005
11657,213678.0,False,86.30000000000001,10.4,-4.5
11658,213699.0,False,86.0,11.0,-5.2
11659,213720.0,False,85.7,11.600000000000001,-5.2
11660,213747.0,False,85.4,12.100000000000001,-4.4
11661,213761.0,False,85.30000000000001,12.200000000000001,-3.7
11662,213779.0,False,85.2,12.3,-3.3000000000000003
11663,213794.0,False,84.9,12.3,-2.8000000000000003
11664,213812.0,False,84.5,12.100000000000001,-2.5
11665,213835.0,False,84.0,11.600000000000001,-1.9000000000000001
11666,213844.0,False,83.80000000000001,11.4,-1.6
11667,213862.0,False,83.60000000000001,11.3,-1.2000000000000002
11668,213878.0,False,83.60000000000001,11.3,-1.0
11669,213895.0,False,83.60000000000001,11.5,-0.8
11670,213914.0,False,83.60000000000001,11.700000000000001,-0.8
11671,213928.0,False,83.60000000000001,11.9,-0.8
11672,213944.0,False,83.5,12.100000000000001,-0.7000000000000001
11673,213963.0,False,83.60000000000001,12.200000000000001,-0.30000000000000004
11674,213987.0,False,83.9,12.100000000000001,0.0
11675,213994.0,False,84.2,11.9,0.2
11676,214013.0,False,84.80000000000001,11.4,0.5
11677,214027.0,False,85.30000000000001,11.0,0.7000000000000001
11678,214046.0,False,86.30000000000001,10.100000000000001,0.9
11679,214062.0,False,87.4,9.200000000000001,1.1
11680,214079.0,False,88.60000000000001,8.4,1.2000000000000002
11681,214097.0,False,89.2,8.1,1.3
11682,214118.0,False,91.0,7.2,1.3
11683,214130.0,False,91.60000000000001,6.9,1.3
11684,214144.0,False,92.2,6.6000000000000005,1.3
11685,214161.0,False,93.4,6.0,1.4000000000000001
11686,214177.0,False,94.5,5.5,1.5
11687,214196.0,False,95.10000000000001,5.300000000000001,1.6
11688,214211.0,False,96.10000000000001,5.1000000000000005,1.7000000000000002
11689,214229.0,False,96.9,5.0,1.6
11690,214244.0,False,97.2,5.0,1.6
11691,214262.0,False,97.7,4.9,1.7000000000000002
11692,214278.0,False,98.10000000000001,4.7,1.8
11693,214294.0,False,98.4,4.6000000000000005,2.0
11694,214319.0,False,99.10000000000001,4.2,2.5
11695,214328.0,False,99.2,4.2,2.6
11696,214344.0,False,99.30000000000001,4.2,2.6
11697,214362.0,False,99.30000000000001,4.3,2.3000000000000003
11698,214378.0,False,99.10000000000001,4.5,1.9000000000000001
11699,214394.0,False,99.0,4.6000000000000005,1.6
11700,214418.0,False,98.4,4.800000000000001,1.0
11701,214428.0,False,98.30000000000001,4.9,0.8
11702,214445.0,False,98.10000000000001,5.0,0.7000000000000001
11703,214461.0,False,97.80000000000001,5.5,0.4
11704,214478.0,False,97.4,6.1000000000000005,-0.2
11705,214495.0,False,97.2,6.300000000000001,-0.6000000000000001
11706,214521.0,False,96.60000000000001,6.6000000000000005,-1.6
11707,214528.0,False,96.30000000000001,6.6000000000000005,-1.8
11708,214545.0,False,96.10000000000001,6.6000000000000005,-2.0
11709,214562.0,False,95.5,6.800000000000001,-2.3000000000000003
11710,214578.0,False,95.2,6.9,-2.3000000000000003
11711,214598.0,False,94.0,7.4,-2.3000000000000003
11712,214613.0,False,93.5,7.6000000000000005,-2.2
11713,214628.0,False,92.60000000000001,7.9,-1.9000000000000001
11714,214644.0,False,91.7,8.1,-1.6
11715,214663.0,False,91.30000000000001,8.200000000000001,-1.4000000000000001
11716,214679.0,False,90.7,8.3,-1.2000000000000002
11717,214695.0,False,89.9,8.6,-1.4000000000000001
11718,214711.0,False,89.5,8.700000000000001,-1.6
11719,214730.0,False,88.5,9.1,-2.3000000000000003
11720,214746.0,False,87.5,9.5,-3.1
11721,214761.0,False,87.0,9.700000000000001,-3.6
11722,214779.0,False,86.0,10.200000000000001,-4.4
11723,214795.0,False,85.10000000000001,10.8,-5.0
11724,214815.0,False,84.60000000000001,11.100000000000001,-5.300000000000001
11725,214828.0,False,83.80000000000001,11.9,-5.6000000000000005
11726,214845.0,False,83.10000000000001,12.600000000000001,-5.800000000000001
11727,214861.0,False,82.80000000000001,13.0,-5.9
11728,214880.0,False,82.30000000000001,13.700000000000001,-6.0
11729,214896.0,False,81.80000000000001,14.3,-6.0
11730,214917.0,False,81.5,14.600000000000001,-5.9
11731,214945.0,False,81.30000000000001,14.600000000000001,-5.5
11732,214965.0,False,81.4,14.200000000000001,-5.2
11733,214978.0,False,81.4,13.9,-5.0
11734,214996.0,False,81.4,13.200000000000001,-4.6000000000000005
11735,215022.0,False,81.5,12.4,-4.0
11736,215029.0,False,81.60000000000001,12.0,-3.7
11737,215045.0,False,81.80000000000001,11.3,-3.3000000000000003
11738,215063.0,False,82.2,10.600000000000001,-2.9000000000000004
11739,215079.0,False,82.5,10.3,-2.9000000000000004
11740,215094.0,False,83.0,9.5,-2.9000000000000004
11741,215115.0,False,83.5,8.8,-3.1
11742,215128.0,False,83.7,8.5,-3.1
11743,215145.0,False,84.10000000000001,7.9,-3.3000000000000003
11744,215161.0,False,84.5,7.5,-3.6
11745,215178.0,False,84.7,7.300000000000001,-3.8000000000000003
11746,215194.0,False,85.10000000000001,6.800000000000001,-4.1000000000000005
11747,215215.0,False,85.60000000000001,6.1000000000000005,-4.5
11748,215232.0,False,86.2,5.2,-4.800000000000001
11749,215246.0,False,86.5,4.7,-5.0
11750,215263.0,False,87.2,3.7,-5.1000000000000005
11751,215278.0,False,87.60000000000001,3.2,-5.2
11752,215294.0,False,88.4,2.3000000000000003,-5.2
11753,215313.0,False,89.30000000000001,1.6,-5.0
11754,215331.0,False,90.10000000000001,1.0,-4.9
11755,215346.0,False,90.60000000000001,0.8,-4.9
11756,215361.0,False,91.5,0.5,-4.9
11757,215382.0,False,92.4,0.1,-5.2
11758,215396.0,False,92.80000000000001,0.0,-5.4
11759,215412.0,False,93.7,-0.4,-5.800000000000001
11760,215431.0,False,94.4,-0.7000000000000001,-6.4
11761,215446.0,False,94.80000000000001,-0.8,-6.800000000000001
11762,215461.0,False,95.30000000000001,-0.8,-7.6000000000000005
11763,215478.0,False,95.60000000000001,-0.8,-8.0
11764,215496.0,False,95.9,-0.7000000000000001,-8.8
11765,215512.0,False,96.10000000000001,-0.6000000000000001,-9.4
11766,215531.0,False,96.10000000000001,-0.5,-9.8
11767,215545.0,False,96.0,-0.5,-9.9
11768,215561.0,False,95.9,-0.5,-9.700000000000001
11769,215578.0,False,95.60000000000001,-0.7000000000000001,-9.4
11770,215598.0,False,95.4,-0.8,-8.700000000000001
11771,215615.0,False,95.2,-0.9,-8.3
11772,215630.0,False,95.0,-0.8,-7.6000000000000005
11773,215647.0,False,94.80000000000001,-0.30000000000000004,-7.300000000000001
11774,215661.0,False,94.60000000000001,0.0,-7.4
11775,215678.0,False,94.2,0.7000000000000001,-7.9
11776,215695.0,False,93.9,1.0,-8.3
11777,215713.0,False,93.2,1.7000000000000002,-9.0
11778,215727.0,False,92.60000000000001,2.5,-9.600000000000001
11779,215747.0,False,92.0,3.3000000000000003,-9.8
11780,215761.0,False,91.7,3.6,-9.8
11781,215778.0,False,91.5,3.9000000000000004,-9.600000000000001
11782,215794.0,False,91.0,4.4,-9.1
11783,215819.0,False,90.80000000000001,4.800000000000001,-8.4
11784,215827.0,False,90.60000000000001,5.0,-7.7
11785,215845.0,False,90.5,5.2,-7.5
11786,215861.0,False,90.30000000000001,5.5,-7.4
11787,215878.0,False,89.9,5.9,-7.800000000000001
11788,215895.0,False,89.60000000000001,6.1000000000000005,-8.1
11789,215911.0,False,89.10000000000001,6.300000000000001,-9.0
11790,215929.0,False,88.5,6.300000000000001,-10.200000000000001
11791,215944.0,False,88.2,6.300000000000001,-10.9
11792,215962.0,False,87.60000000000001,6.0,-12.4
11793,215989.0,False,86.9,5.300000000000001,-15.0
11794,216013.0,False,86.5,5.1000000000000005,-16.5
11795,216027.0,False,86.0,5.4,-17.900000000000002
11796,216046.0,False,85.60000000000001,6.300000000000001,-18.900000000000002
11797,216061.0,False,85.5,6.9,-19.200000000000003
11798,216079.0,False,85.2,8.4,-19.6
11799,216094.0,False,85.10000000000001,9.1,-19.700000000000003
11800,216111.0,False,85.0,10.200000000000001,-19.5
11801,216127.0,False,84.9,11.0,-19.200000000000003
11802,216145.0,False,84.80000000000001,11.5,-18.8
11803,216161.0,False,84.80000000000001,11.8,-18.6
11804,216180.0,False,84.7,12.200000000000001,-18.3
11805,216195.0,False,84.60000000000001,12.3,-18.0
11806,216214.0,False,84.60000000000001,11.8,-16.7
11807,216230.0,False,84.7,11.5,-16.1
11808,216244.0,False,84.9,11.0,-15.0
11809,216261.0,False,85.0,10.9,-14.4
11810,216279.0,False,85.2,10.9,-13.4
11811,216296.0,False,85.4,11.0,-12.4
11812,216314.0,False,85.80000000000001,11.100000000000001,-11.100000000000001
11813,216329.0,False,86.0,11.3,-10.4
11814,216345.0,False,86.30000000000001,11.4,-9.600000000000001
11815,216361.0,False,87.0,11.8,-7.800000000000001
11816,216377.0,False,87.60000000000001,12.200000000000001,-6.1000000000000005
11817,216395.0,False,88.30000000000001,12.3,-4.5
11818,216415.0,False,89.30000000000001,11.8,-3.2
11819,216430.0,False,89.9,11.4,-2.8000000000000003
11820,216445.0,False,91.2,10.4,-2.3000000000000003
11821,216461.0,False,92.0,9.8,-2.1
11822,216477.0,False,93.80000000000001,8.6,-1.8
11823,216494.0,False,95.9,7.2,-1.7000000000000002
11824,216515.0,False,98.2,5.800000000000001,-1.5
11825,216527.0,False,99.30000000000001,5.1000000000000005,-1.4000000000000001
11826,216545.0,False,101.60000000000001,3.9000000000000004,-1.1
11827,216562.0,False,103.80000000000001,3.0,-0.9
11828,216578.0,False,104.7,2.6,-0.8
11829,216594.0,False,106.4,2.2,-0.6000000000000001
11830,216613.0,False,107.60000000000001,2.2,-0.30000000000000004
11831,216628.0,False,108.10000000000001,2.3000000000000003,-0.1
11832,216644.0,False,108.9,2.8000000000000003,0.30000000000000004
11833,216661.0,False,109.5,3.5,0.30000000000000004
11834,216679.0,False,109.60000000000001,3.9000000000000004,0.30000000000000004
11835,216694.0,False,109.60000000000001,4.800000000000001,0.2
11836,216711.0,False,109.60000000000001,5.5,0.1
11837,216727.0,False,109.60000000000001,5.800000000000001,0.0
11838,216744.0,False,109.7,6.1000000000000005,-0.2
11839,216762.0,False,109.9,6.2,-0.6000000000000001
11840,216778.0,False,109.9,6.1000000000000005,-0.8
11841,216795.0,False,110.0,5.7,-1.1
11842,216811.0,False,110.2,5.2,-1.4000000000000001
11843,216829.0,False,110.4,4.9,-1.9000000000000001
11844,216844.0,False,110.4,4.800000000000001,-2.2
11845,216862.0,False,110.0,4.9,-3.0
11846,216879.0,False,109.10000000000001,5.300000000000001,-3.9000000000000004
11847,216895.0,False,108.60000000000001,5.6000000000000005,-4.3
11848,216911.0,False,107.4,6.2,-4.800000000000001
11849,216928.0,False,106.10000000000001,6.800000000000001,-5.0
11850,216944.0,False,105.5,7.1000000000000005,-5.0
11851,216963.0,False,104.2,7.7,-5.0
11852,216989.0,False,102.30000000000001,8.200000000000001,-5.0
11853,217011.0,False,101.10000000000001,8.3,-4.9
11854,217029.0,False,100.2,8.3,-5.0
11855,217044.0,False,99.7,8.200000000000001,-5.2
11856,217062.0,False,98.9,8.0,-5.9
11857,217078.0,False,98.0,7.800000000000001,-7.2
11858,217094.0,False,97.4,7.7,-8.0
11859,217111.0,False,96.30000000000001,7.5,-9.700000000000001
11860,217127.0,False,95.10000000000001,7.6000000000000005,-11.4
11861,217144.0,False,94.5,7.7,-12.200000000000001
11862,217163.0,False,93.30000000000001,8.200000000000001,-13.4
11863,217182.0,False,92.2,9.0,-14.0
11864,217196.0,False,91.7,9.5,-14.100000000000001
11865,217211.0,False,90.80000000000001,10.8,-14.0
11866,217228.0,False,89.80000000000001,12.5,-13.5
11867,217244.0,False,89.4,13.5,-13.3
11868,217261.0,False,88.4,15.600000000000001,-12.600000000000001
11869,217278.0,False,87.4,17.400000000000002,-11.600000000000001
11870,217299.0,False,86.5,18.8,-10.4
11871,217312.0,False,86.2,19.3,-9.9
11872,217340.0,False,85.5,19.900000000000002,-9.200000000000001
11873,217363.0,False,84.9,19.6,-9.200000000000001
11874,217378.0,False,84.4,18.7,-9.1
11875,217394.0,False,84.2,18.1,-8.9
11876,217411.0,False,84.0,17.0,-8.3
11877,217427.0,False,84.10000000000001,16.0,-7.4
11878,217444.0,False,84.30000000000001,15.600000000000001,-6.9
11879,217461.0,False,84.80000000000001,15.0,-6.2
11880,217482.0,False,85.30000000000001,14.4,-6.0
11881,217494.0,False,85.80000000000001,13.700000000000001,-6.1000000000000005
11882,217512.0,False,86.0,13.3,-6.1000000000000005
11883,217552.0,False,87.2,12.0,-6.300000000000001
11884,217562.0,False,87.5,11.700000000000001,-6.2
11885,217577.0,False,88.30000000000001,11.100000000000001,-5.800000000000001
11886,217600.0,False,89.30000000000001,10.4,-5.300000000000001
11887,217631.0,False,91.0,9.3,-4.4
11888,217645.0,False,92.2,8.5,-4.0
11889,217660.0,False,92.80000000000001,8.1,-3.8000000000000003
11890,217678.0,False,94.0,7.1000000000000005,-3.2
11891,217694.0,False,95.30000000000001,5.800000000000001,-2.5
11892,217713.0,False,96.7,4.5,-1.8
11893,217728.0,False,97.4,4.0,-1.5
11894,217744.0,False,98.80000000000001,3.0,-1.0
11895,217762.0,False,99.9,2.3000000000000003,-0.8
11896,217779.0,False,100.30000000000001,2.1,-0.7000000000000001
11897,217794.0,False,101.10000000000001,1.8,-0.30000000000000004
11898,217811.0,False,101.80000000000001,1.5,0.30000000000000004
11899,217828.0,False,102.2,1.5,0.6000000000000001
11900,217844.0,False,102.80000000000001,1.3,1.0
11901,217861.0,False,103.10000000000001,1.2000000000000002,1.3
11902,217879.0,False,103.60000000000001,1.1,1.7000000000000002
11903,217894.0,False,104.10000000000001,1.0,2.2
11904,217912.0,False,104.5,1.0,2.8000000000000003
11905,217928.0,False,104.7,1.0,3.1
11906,217945.0,False,105.2,1.2000000000000002,3.6
11907,217961.0,False,105.5,1.4000000000000001,3.9000000000000004
11908,217986.0,False,105.80000000000001,1.5,4.1000000000000005
11909,218005.0,False,106.0,1.7000000000000002,4.4
11910,218011.0,False,106.10000000000001,1.9000000000000001,4.5
11911,218034.0,False,106.4,2.3000000000000003,4.4
11912,218048.0,False,106.4,2.5,4.2
11913,218060.0,False,106.4,3.0,3.4000000000000004
11914,218077.0,False,106.30000000000001,3.3000000000000003,2.9000000000000004
11915,218097.0,False,106.0,3.8000000000000003,2.0
11916,218111.0,False,105.5,4.5,1.1
11917,218127.0,False,105.2,5.0,0.7000000000000001
11918,218148.0,False,104.30000000000001,5.9,0.0
11919,218162.0,False,103.2,7.0,-0.6000000000000001
11920,218178.0,False,102.60000000000001,7.6000000000000005,-0.8
11921,218194.0,False,101.30000000000001,8.6,-1.1
11922,218224.0,False,99.4,9.8,-1.3
11923,218244.0,False,98.2,10.5,-1.6
11924,218261.0,False,97.0,11.100000000000001,-2.1
11925,218279.0,False,95.9,11.600000000000001,-2.7
11926,218296.0,False,95.30000000000001,11.8,-3.0
11927,218311.0,False,94.10000000000001,12.4,-3.7
11928,218330.0,False,92.9,13.100000000000001,-4.3
11929,218345.0,False,92.30000000000001,13.5,-4.6000000000000005
11930,218361.0,False,91.2,14.200000000000001,-5.1000000000000005
11931,218378.0,False,90.2,14.700000000000001,-5.7
11932,218394.0,False,89.80000000000001,14.9,-5.9
11933,218421.0,False,88.30000000000001,15.4,-6.800000000000001
11934,218428.0,False,87.80000000000001,15.600000000000001,-7.1000000000000005
11935,218444.0,False,87.30000000000001,15.700000000000001,-7.300000000000001
11936,218461.0,False,86.2,16.2,-7.6000000000000005
11937,218478.0,False,85.2,16.5,-7.800000000000001
11938,218495.0,False,84.80000000000001,16.7,-7.9
11939,218511.0,False,83.9,16.6,-7.800000000000001
11940,218529.0,False,83.0,16.2,-7.7
11941,218546.0,False,82.2,15.700000000000001,-7.5
11942,218561.0,False,81.7,15.4,-7.4
11943,218577.0,False,80.80000000000001,14.5,-7.1000000000000005
11944,218596.0,False,80.4,14.0,-6.800000000000001
11945,218611.0,False,79.5,12.700000000000001,-5.9
11946,218635.0,False,79.0,11.5,-4.800000000000001
11947,218648.0,False,78.7,10.5,-3.8000000000000003
11948,218660.0,False,78.60000000000001,10.100000000000001,-3.4000000000000004
11949,218679.0,False,78.5,9.4,-2.9000000000000004
11950,218694.0,False,78.4,9.0,-2.7
11951,218716.0,False,78.2,8.4,-2.4000000000000004
11952,218730.0,False,78.10000000000001,7.9,-2.0
11953,218747.0,False,78.30000000000001,7.4,-1.6
11954,218762.0,False,78.4,7.2,-1.4000000000000001
11955,218777.0,False,78.80000000000001,6.6000000000000005,-1.0
11956,218794.0,False,79.0,6.2,-0.8
11957,218811.0,False,79.7,5.300000000000001,-0.6000000000000001
11958,218827.0,False,80.5,4.2,-0.5
11959,218844.0,False,81.0,3.6,-0.6000000000000001
11960,218865.0,False,82.30000000000001,1.9000000000000001,-1.1
11961,218881.0,False,82.7,1.4000000000000001,-1.3
11962,218895.0,False,83.30000000000001,0.5,-1.6
11963,218921.0,False,83.9,-0.1,-1.7000000000000002
11964,218927.0,False,84.10000000000001,-0.30000000000000004,-1.6
11965,218944.0,False,84.4,-0.6000000000000001,-1.5
11966,218961.0,False,85.10000000000001,-1.1,-1.1
11967,218990.0,False,86.2,-2.0,-0.4
11968,218995.0,False,86.5,-2.2,-0.30000000000000004
11969,219013.0,False,87.10000000000001,-2.5,0.1
11970,219029.0,False,87.4,-2.7,0.2
11971,219044.0,False,87.9,-2.8000000000000003,0.30000000000000004
11972,219063.0,False,88.2,-2.7,0.30000000000000004
11973,219077.0,False,88.4,-2.7,0.2
11974,219096.0,False,88.60000000000001,-2.5,0.0
11975,219122.0,False,88.9,-2.3000000000000003,-0.2
11976,219147.0,False,89.0,-1.9000000000000001,0.0
11977,219161.0,False,89.10000000000001,-1.7000000000000002,0.1
11978,219177.0,False,89.0,-1.1,0.5
11979,219196.0,False,89.0,-0.6000000000000001,1.0
11980,219225.0,False,89.2,0.30000000000000004,1.4000000000000001
11981,219244.0,False,89.4,0.8,1.2000000000000002
11982,219262.0,False,89.5,1.3,0.7000000000000001
11983,219279.0,False,89.60000000000001,1.6,0.4
11984,219294.0,False,89.5,2.2,-0.30000000000000004
11985,219321.0,False,89.30000000000001,2.7,-0.9
11986,219328.0,False,89.2,3.0,-1.2000000000000002
11987,219348.0,False,88.9,3.5,-1.5
11988,219363.0,False,88.5,4.0,-1.6
11989,219379.0,False,88.30000000000001,4.3,-1.5
11990,219394.0,False,87.80000000000001,4.800000000000001,-1.3
11991,219416.0,False,87.4,5.300000000000001,-1.1
11992,219427.0,False,87.10000000000001,5.6000000000000005,-1.0
11993,219444.0,False,86.7,6.0,-1.0
11994,219461.0,False,86.2,6.6000000000000005,-1.3
11995,219478.0,False,85.9,6.800000000000001,-1.6
11996,219494.0,False,85.30000000000001,7.300000000000001,-2.4000000000000004
11997,219514.0,False,84.7,7.800000000000001,-3.4000000000000004
11998,219527.0,False,84.30000000000001,8.0,-3.9000000000000004
11999,219544.0,False,83.60000000000001,8.5,-4.800000000000001
12000,219563.0,False,83.0,9.0,-5.6000000000000005
12001,219579.0,False,82.4,9.4,-6.4
12002,219594.0,False,82.2,9.600000000000001,-6.6000000000000005
12003,219621.0,False,81.4,10.100000000000001,-7.4
12004,219644.0,False,80.9,10.600000000000001,-7.7
12005,219663.0,False,80.30000000000001,11.3,-8.0
12006,219681.0,False,79.80000000000001,11.8,-7.9
12007,219694.0,False,79.60000000000001,12.0,-7.7
12008,219714.0,False,79.2,12.100000000000001,-7.300000000000001
12009,219728.0,False,79.10000000000001,12.100000000000001,-7.1000000000000005
12010,219744.0,False,78.80000000000001,12.0,-6.7
12011,219763.0,False,78.60000000000001,11.600000000000001,-6.300000000000001
12012,219778.0,False,78.5,11.200000000000001,-6.0
12013,219799.0,False,78.5,9.8,-4.9
12014,219812.0,False,78.60000000000001,9.200000000000001,-4.4
12015,219827.0,False,79.2,8.3,-3.6
12016,219847.0,False,79.80000000000001,7.6000000000000005,-3.3000000000000003
12017,219861.0,False,80.0,7.4,-3.3000000000000003
12018,219878.0,False,80.10000000000001,7.2,-3.6
12019,219894.0,False,80.10000000000001,7.1000000000000005,-3.7
12020,219914.0,False,80.0,7.2,-4.0
12021,219944.0,False,80.0,7.300000000000001,-3.9000000000000004
12022,219962.0,False,80.30000000000001,7.2,-3.7
12023,219982.0,False,80.7,6.9,-3.5
12024,219995.0,False,80.9,6.800000000000001,-3.3000000000000003
12025,220011.0,False,81.5,6.4,-3.3000000000000003
12026,220028.0,False,82.10000000000001,6.0,-3.4000000000000004
12027,220045.0,False,82.5,5.800000000000001,-3.5
12028,220061.0,False,83.30000000000001,5.1000000000000005,-3.7
12029,220079.0,False,84.2,4.3,-3.7
12030,220095.0,False,84.60000000000001,3.9000000000000004,-3.7
12031,220119.0,False,86.10000000000001,2.7,-3.6
12032,220128.0,False,86.5,2.3000000000000003,-3.5
12033,220144.0,False,86.9,2.0,-3.4000000000000004
12034,220160.0,False,87.7,1.5,-3.3000000000000003
12035,220177.0,False,88.30000000000001,1.1,-3.1
12036,220196.0,False,88.80000000000001,0.9,-2.9000000000000004
12037,220219.0,False,89.10000000000001,0.8,-2.8000000000000003
12038,220227.0,False,89.30000000000001,0.8,-2.8000000000000003
12039,220246.0,False,89.5,0.8,-2.9000000000000004
12040,220261.0,False,89.60000000000001,0.9,-3.0
12041,220294.0,False,89.7,1.1,-3.0
12042,220313.0,False,89.7,1.2000000000000002,-2.9000000000000004
12043,220327.0,False,89.7,1.5,-2.9000000000000004
12044,220344.0,False,89.7,1.7000000000000002,-2.8000000000000003
12045,220379.0,False,89.60000000000001,1.9000000000000001,-2.8000000000000003
12046,220395.0,False,89.60000000000001,2.2,-2.9000000000000004
12047,220418.0,False,89.4,2.7,-3.3000000000000003
12048,220433.0,False,89.2,3.3000000000000003,-4.0
12049,220444.0,False,89.0,3.6,-4.3
12050,220463.0,False,88.5,4.3,-4.9
12051,220479.0,False,88.2,4.6000000000000005,-5.1000000000000005
12052,220495.0,False,87.7,5.2,-5.5
12053,220515.0,False,87.2,5.7,-5.7
12054,220528.0,False,86.9,5.9,-5.7
12055,220546.0,False,86.5,6.1000000000000005,-5.7
12056,220562.0,False,86.0,6.300000000000001,-5.5
12057,220577.0,False,85.80000000000001,6.4,-5.4
12058,220594.0,False,85.30000000000001,6.6000000000000005,-5.2
12059,220611.0,False,85.10000000000001,6.7,-5.2
12060,220627.0,False,84.5,7.0,-5.300000000000001
12061,220646.0,False,83.9,7.300000000000001,-5.800000000000001
12062,220660.0,False,83.2,7.5,-6.300000000000001
12063,220689.0,False,82.5,7.7,-6.9
12064,220694.0,False,82.2,7.7,-7.2
12065,220713.0,False,81.4,7.9,-7.800000000000001
12066,220729.0,False,81.10000000000001,8.0,-8.0
12067,220744.0,False,80.4,8.1,-8.4
12068,220764.0,False,79.9,8.200000000000001,-8.6
12069,220781.0,False,79.30000000000001,8.4,-8.700000000000001
12070,220796.0,False,79.0,8.5,-8.700000000000001
12071,220823.0,False,78.30000000000001,9.3,-8.9
12072,220844.0,False,77.9,9.9,-9.1
12073,220864.0,False,77.5,10.3,-9.3
12074,220881.0,False,77.2,10.5,-9.3
12075,220895.0,False,77.10000000000001,10.600000000000001,-9.3
12076,220921.0,False,76.9,10.4,-9.1
12077,220944.0,False,76.80000000000001,10.0,-8.9
12078,220962.0,False,76.7,9.600000000000001,-8.5
12079,220981.0,False,76.7,9.200000000000001,-7.9
12080,220997.0,False,76.7,9.1,-7.6000000000000005
12081,221021.0,False,76.80000000000001,8.9,-6.6000000000000005
12082,221030.0,False,76.9,8.9,-6.4
12083,221044.0,False,77.10000000000001,8.9,-6.1000000000000005
12084,221065.0,False,77.2,9.1,-5.800000000000001
12085,221077.0,False,77.30000000000001,9.3,-5.7
12086,221096.0,False,77.30000000000001,9.700000000000001,-5.4
12087,221115.0,False,77.5,10.100000000000001,-5.1000000000000005
12088,221127.0,False,77.60000000000001,10.200000000000001,-4.7
12089,221146.0,False,77.80000000000001,10.200000000000001,-4.5
12090,221161.0,False,78.2,9.8,-4.2
12091,221177.0,False,78.80000000000001,9.1,-4.1000000000000005
12092,221196.0,False,79.10000000000001,8.700000000000001,-4.1000000000000005
12093,221211.0,False,79.80000000000001,7.7,-4.1000000000000005
12094,221230.0,False,80.5,6.9,-4.1000000000000005
12095,221244.0,False,80.9,6.5,-4.1000000000000005
12096,221261.0,False,81.5,5.9,-4.0
12097,221277.0,False,82.10000000000001,5.6000000000000005,-3.8000000000000003
12098,221296.0,False,82.30000000000001,5.5,-3.7
12099,221316.0,False,82.80000000000001,5.300000000000001,-3.5
12100,221328.0,False,83.30000000000001,5.2,-3.5
12101,221346.0,False,83.60000000000001,5.1000000000000005,-3.5
12102,221361.0,False,83.80000000000001,5.0,-3.6
12103,221377.0,False,84.10000000000001,4.7,-3.7
12104,221397.0,False,84.30000000000001,4.5,-3.8000000000000003
12105,221417.0,False,84.60000000000001,4.2,-3.9000000000000004
12106,221427.0,False,84.7,4.0,-3.9000000000000004
12107,221447.0,False,84.80000000000001,3.8000000000000003,-3.9000000000000004
12108,221461.0,False,84.80000000000001,3.6,-3.8000000000000003
12109,221477.0,False,84.80000000000001,3.6,-3.6
12110,221494.0,False,84.80000000000001,3.6,-3.5
12111,221512.0,False,84.60000000000001,3.6,-3.4000000000000004
12112,221527.0,False,84.30000000000001,3.7,-3.3000000000000003
12113,221544.0,False,83.9,3.7,-3.2
12114,221563.0,False,83.7,3.8000000000000003,-3.1
12115,221577.0,False,83.4,4.0,-3.0
12116,221595.0,False,83.10000000000001,4.4,-3.3000000000000003
12117,221615.0,False,82.7,4.7,-3.8000000000000003
12118,221628.0,False,82.5,4.9,-4.1000000000000005
12119,221645.0,False,82.10000000000001,5.2,-4.5
12120,221661.0,False,81.80000000000001,5.4,-4.7
12121,221677.0,False,81.5,5.7,-4.800000000000001
12122,221696.0,False,81.2,5.800000000000001,-4.800000000000001
12123,221717.0,False,80.7,6.1000000000000005,-4.5
12124,221750.0,False,80.5,6.0,-4.0
12125,221761.0,False,80.5,5.9,-3.8000000000000003
12126,221779.0,False,80.60000000000001,5.6000000000000005,-3.5
12127,221794.0,False,80.7,5.4,-3.5
12128,221816.0,False,80.7,5.300000000000001,-3.9000000000000004
12129,221827.0,False,80.60000000000001,5.300000000000001,-4.2
12130,221846.0,False,80.5,5.300000000000001,-4.800000000000001
12131,221861.0,False,80.4,5.4,-5.2
12132,221877.0,False,80.30000000000001,5.4,-5.800000000000001
12133,221894.0,False,80.10000000000001,5.4,-6.4
12134,221911.0,False,80.10000000000001,5.4,-6.6000000000000005
12135,221929.0,False,79.9,5.4,-7.0
12136,221944.0,False,79.80000000000001,5.5,-7.300000000000001
12137,221962.0,False,79.60000000000001,5.800000000000001,-7.5
12138,221983.0,False,79.4,6.2,-7.6000000000000005
12139,221994.0,False,79.30000000000001,6.5,-7.7
12140,222012.0,False,79.10000000000001,6.9,-7.7
12141,222027.0,False,79.0,7.1000000000000005,-7.7
12142,222044.0,False,78.9,7.4,-7.5
12143,222061.0,False,78.80000000000001,7.5,-7.2
12144,222079.0,False,78.80000000000001,7.5,-7.0
12145,222094.0,False,78.7,7.4,-6.800000000000001
12146,222114.0,False,78.60000000000001,7.2,-6.800000000000001
12147,222131.0,False,78.5,6.9,-6.5
12148,222144.0,False,78.4,6.7,-6.2
12149,222160.0,False,78.4,6.5,-5.9
12150,222177.0,False,78.30000000000001,6.5,-5.7
12151,222196.0,False,78.2,6.6000000000000005,-5.4
12152,222216.0,False,78.10000000000001,6.800000000000001,-5.2
12153,222241.0,False,77.9,7.2,-5.1000000000000005
12154,222262.0,False,77.7,7.6000000000000005,-5.2
12155,222277.0,False,77.7,7.800000000000001,-5.2
12156,222294.0,False,77.7,8.1,-5.2
12157,222311.0,False,77.7,8.200000000000001,-5.2
12158,222328.0,False,77.80000000000001,8.1,-5.2
12159,222344.0,False,78.0,8.0,-5.1000000000000005
12160,222360.0,False,78.30000000000001,7.6000000000000005,-5.0
12161,222377.0,False,78.5,7.4,-5.0
12162,222396.0,False,78.80000000000001,6.800000000000001,-4.9
12163,222412.0,False,79.2,6.300000000000001,-4.9
12164,222432.0,False,79.60000000000001,5.9,-4.9
12165,222462.0,False,80.0,5.5,-4.800000000000001
12166,222478.0,False,80.30000000000001,5.300000000000001,-4.6000000000000005
12167,222494.0,False,80.4,5.300000000000001,-4.5
12168,222513.0,False,80.7,5.1000000000000005,-4.3
12169,222528.0,False,81.0,4.9,-4.1000000000000005
12170,222545.0,False,81.10000000000001,4.9,-4.0
12171,222577.0,False,81.30000000000001,4.9,-4.1000000000000005
12172,222611.0,False,81.2,4.9,-4.2
12173,222646.0,False,81.0,5.1000000000000005,-3.9000000000000004
12174,222660.0,False,80.9,5.2,-3.8000000000000003
12175,222678.0,False,80.60000000000001,5.300000000000001,-3.6
12176,222694.0,False,80.5,5.4,-3.5
12177,222712.0,False,80.10000000000001,5.4,-3.3000000000000003
12178,222727.0,False,79.80000000000001,5.300000000000001,-3.1
12179,222744.0,False,79.7,5.300000000000001,-2.9000000000000004
12180,222760.0,False,79.4,5.300000000000001,-2.5
12181,222779.0,False,79.2,5.7,-2.5
12182,222794.0,False,79.10000000000001,5.9,-2.7
12183,222811.0,False,78.80000000000001,6.4,-3.3000000000000003
12184,222827.0,False,78.4,6.9,-3.9000000000000004
12185,222846.0,False,78.0,7.2,-4.5
12186,222862.0,False,77.80000000000001,7.300000000000001,-4.800000000000001
12187,222880.0,False,77.60000000000001,7.5,-5.2
12188,222894.0,False,77.4,7.6000000000000005,-5.300000000000001
12189,222923.0,False,77.10000000000001,7.7,-5.300000000000001
12190,222930.0,False,77.10000000000001,7.7,-5.2
12191,222946.0,False,77.0,7.5,-4.9
12192,222960.0,False,76.9,7.4,-4.7
12193,222983.0,False,76.9,7.2,-4.5
12194,222994.0,False,76.9,7.1000000000000005,-4.6000000000000005
12195,223012.0,False,76.80000000000001,7.0,-4.800000000000001
12196,223027.0,False,76.7,7.0,-5.2
12197,223048.0,False,76.5,6.9,-5.800000000000001
12198,223062.0,False,76.4,6.9,-6.1000000000000005
12199,223077.0,False,76.3,6.800000000000001,-6.7
12200,223094.0,False,76.2,6.7,-7.0
12201,223114.0,False,75.9,6.6000000000000005,-7.7
12202,223129.0,False,75.7,6.6000000000000005,-7.800000000000001
12203,223144.0,False,75.5,6.800000000000001,-8.0
12204,223179.0,False,75.2,7.300000000000001,-7.800000000000001
12205,223196.0,False,75.0,7.800000000000001,-7.6000000000000005
12206,223212.0,False,74.9,8.1,-7.5
12207,223228.0,False,74.7,8.4,-7.300000000000001
12208,223246.0,False,74.7,8.6,-7.2
12209,223277.0,False,74.60000000000001,8.4,-7.0
12210,223296.0,False,74.60000000000001,8.1,-6.9
12211,223311.0,False,74.60000000000001,7.9,-6.9
12212,223327.0,False,74.60000000000001,7.4,-6.5
12213,223344.0,False,74.7,6.9,-6.0
12214,223364.0,False,74.9,6.4,-5.5
12215,223377.0,False,74.9,6.300000000000001,-5.300000000000001
12216,223394.0,False,75.0,6.0,-4.9
12217,223428.0,False,74.9,6.1000000000000005,-4.7
12218,223444.0,False,74.8,6.5,-4.7
12219,223462.0,False,74.7,6.9,-4.6000000000000005
12220,223477.0,False,74.8,7.1000000000000005,-4.5
12221,223494.0,False,75.0,7.300000000000001,-4.3
12222,223513.0,False,75.3,7.300000000000001,-4.2
12223,223531.0,False,75.9,6.9,-4.2
12224,223546.0,False,76.3,6.6000000000000005,-4.2
12225,223562.0,False,77.0,5.800000000000001,-4.3
12226,223577.0,False,77.5,5.5,-4.3
12227,223595.0,False,78.30000000000001,4.800000000000001,-4.4
12228,223611.0,False,79.2,4.3,-4.4
12229,223633.0,False,80.0,4.1000000000000005,-4.2
12230,223644.0,False,80.5,4.1000000000000005,-4.1000000000000005
12231,223660.0,False,81.30000000000001,3.9000000000000004,-3.8000000000000003
12232,223678.0,False,81.7,3.8000000000000003,-3.7
12233,223696.0,False,82.5,3.7,-3.4000000000000004
12234,223711.0,False,83.30000000000001,3.5,-3.4000000000000004
12235,223730.0,False,84.10000000000001,3.4000000000000004,-3.4000000000000004
12236,223746.0,False,84.5,3.3000000000000003,-3.4000000000000004
12237,223762.0,False,85.2,3.3000000000000003,-3.6
12238,223777.0,False,85.5,3.3000000000000003,-3.6
12239,223796.0,False,86.0,3.6,-3.9000000000000004
12240,223813.0,False,86.30000000000001,4.0,-4.2
12241,223827.0,False,86.5,4.5,-4.5
12242,223844.0,False,86.5,4.800000000000001,-4.5
12243,223860.0,False,86.5,5.2,-4.5
12244,223877.0,False,86.60000000000001,5.6000000000000005,-4.3
12245,223912.0,False,86.7,5.7,-4.1000000000000005
12246,223930.0,False,86.80000000000001,5.6000000000000005,-4.0
12247,223944.0,False,86.80000000000001,5.5,-4.1000000000000005
12248,223961.0,False,86.7,5.300000000000001,-4.4
12249,223978.0,False,86.5,5.4,-4.7
12250,223999.0,False,86.2,5.6000000000000005,-5.2
12251,224010.0,False,86.0,5.800000000000001,-5.300000000000001
12252,224027.0,False,85.4,6.2,-5.4
12253,224046.0,False,84.7,6.800000000000001,-5.5
12254,224062.0,False,84.4,7.1000000000000005,-5.4
12255,224077.0,False,83.5,7.7,-5.2
12256,224095.0,False,83.10000000000001,8.0,-5.0
12257,224111.0,False,82.2,8.5,-4.7
12258,224127.0,False,81.2,8.8,-4.2
12259,224146.0,False,80.30000000000001,9.1,-3.6
12260,224160.0,False,79.9,9.200000000000001,-3.3000000000000003
12261,224177.0,False,79.10000000000001,9.4,-2.9000000000000004
12262,224196.0,False,78.4,9.600000000000001,-2.7
12263,224212.0,False,78.0,9.700000000000001,-2.7
12264,224227.0,False,77.30000000000001,9.9,-2.9000000000000004
12265,224245.0,False,76.60000000000001,10.0,-3.3000000000000003
12266,224260.0,False,76.3,10.100000000000001,-3.5
12267,224277.0,False,75.7,10.100000000000001,-4.0
12268,224296.0,False,75.10000000000001,10.200000000000001,-4.4
12269,224311.0,False,74.8,10.200000000000001,-4.6000000000000005
12270,224328.0,False,74.3,10.3,-5.0
12271,224346.0,False,73.9,10.5,-5.1000000000000005
12272,224361.0,False,73.8,10.8,-5.2
12273,224377.0,False,73.5,11.200000000000001,-5.300000000000001
12274,224396.0,False,73.3,11.700000000000001,-5.5
12275,224411.0,False,73.2,11.9,-5.5
12276,224430.0,False,72.9,12.200000000000001,-5.5
12277,224460.0,False,72.8,12.4,-5.2
12278,224498.0,False,72.8,12.100000000000001,-5.0
12279,224512.0,False,72.8,11.9,-4.9
12280,224528.0,False,72.9,11.3,-4.6000000000000005
12281,224544.0,False,73.0,10.700000000000001,-4.3
12282,224560.0,False,73.0,10.5,-4.1000000000000005
12283,224578.0,False,73.10000000000001,10.200000000000001,-3.9000000000000004
12284,224594.0,False,73.0,10.0,-3.8000000000000003
12285,224627.0,False,72.8,9.9,-3.9000000000000004
12286,224644.0,False,72.60000000000001,9.9,-4.0
12287,224666.0,False,72.5,10.0,-3.9000000000000004
12288,224677.0,False,72.2,10.0,-3.8000000000000003
12289,224696.0,False,72.0,9.9,-3.5
12290,224715.0,False,71.8,9.9,-3.1
12291,224727.0,False,71.7,9.8,-2.8000000000000003
12292,224744.0,False,71.7,9.600000000000001,-2.5
12293,224761.0,False,71.7,9.5,-2.4000000000000004
12294,224781.0,False,71.8,9.0,-2.3000000000000003
12295,224795.0,False,71.8,8.8,-2.2
12296,224810.0,False,71.9,8.5,-2.1
12297,224827.0,False,72.2,8.0,-1.9000000000000001
12298,224844.0,False,72.60000000000001,7.4,-1.8
12299,224861.0,False,72.9,6.9,-1.6
12300,224878.0,False,73.10000000000001,6.7,-1.5
12301,224897.0,False,73.3,6.5,-1.4000000000000001
12302,224928.0,False,73.7,6.2,-1.2000000000000002
12303,224944.0,False,74.0,6.2,-1.0
12304,224960.0,False,74.2,6.4,-1.0
12305,224977.0,False,74.2,6.5,-1.1
12306,224994.0,False,74.3,6.800000000000001,-1.3
12307,225010.0,False,74.3,7.1000000000000005,-1.6
12308,225028.0,False,74.3,7.2,-1.7000000000000002
12309,225044.0,False,74.3,7.5,-1.8
12310,225060.0,False,74.3,7.800000000000001,-2.0
12311,225079.0,False,74.2,8.1,-2.1
12312,225095.0,False,74.10000000000001,8.200000000000001,-2.2
12313,225110.0,False,73.9,8.4,-2.5
12314,225127.0,False,73.7,8.5,-2.5
12315,225144.0,False,73.3,8.8,-2.3000000000000003
12316,225161.0,False,72.9,9.3,-2.0
12317,225179.0,False,72.4,10.100000000000001,-1.8
12318,225194.0,False,72.2,10.5,-1.7000000000000002
12319,225211.0,False,71.5,11.5,-1.5
12320,225227.0,False,70.7,12.3,-1.3
12321,225244.0,False,70.3,12.600000000000001,-1.3
12322,225262.0,False,69.60000000000001,13.0,-1.2000000000000002
12323,225280.0,False,68.9,13.3,-1.0
12324,225296.0,False,68.5,13.3,-1.0
12325,225311.0,False,67.9,13.3,-0.7000000000000001
12326,225328.0,False,67.60000000000001,13.200000000000001,-0.5
12327,225344.0,False,67.0,12.9,-0.2
12328,225361.0,False,66.5,12.8,0.1
12329,225379.0,False,65.9,12.700000000000001,0.2
12330,225395.0,False,65.60000000000001,12.700000000000001,0.2
12331,225418.0,False,64.60000000000001,12.600000000000001,-0.1
12332,225444.0,False,63.900000000000006,12.600000000000001,-0.5
12333,225461.0,False,63.2,12.600000000000001,-0.8
12334,225477.0,False,62.5,12.700000000000001,-1.0
12335,225497.0,False,62.2,12.700000000000001,-1.1
12336,225519.0,False,61.400000000000006,12.8,-1.4000000000000001
12337,225527.0,False,61.2,12.8,-1.5
12338,225544.0,False,61.0,12.700000000000001,-1.6
12339,225563.0,False,60.7,12.5,-2.0
12340,225581.0,False,60.300000000000004,12.3,-2.2
12341,225597.0,False,60.1,12.3,-2.3000000000000003
12342,225620.0,False,59.800000000000004,12.4,-2.3000000000000003
12343,225627.0,False,59.7,12.5,-2.2
12344,225644.0,False,59.6,12.5,-2.0
12345,225660.0,False,59.5,12.600000000000001,-1.6
12346,225677.0,False,59.5,12.600000000000001,-1.3
12347,225695.0,False,59.5,12.4,-1.3
12348,225717.0,False,59.6,11.600000000000001,-1.2000000000000002
12349,225729.0,False,59.7,11.200000000000001,-1.1
12350,225745.0,False,59.900000000000006,10.9,-1.1
12351,225761.0,False,60.2,10.4,-1.2000000000000002
12352,225777.0,False,60.5,10.100000000000001,-1.3
12353,225794.0,False,60.7,10.0,-1.5
12354,225817.0,False,60.900000000000006,10.0,-1.7000000000000002
12355,225830.0,False,60.900000000000006,10.100000000000001,-1.7000000000000002
12356,225861.0,False,60.900000000000006,10.200000000000001,-1.6
12357,225877.0,False,60.800000000000004,10.3,-1.3
12358,225894.0,False,60.800000000000004,10.4,-0.8
12359,225922.0,False,60.800000000000004,10.4,-0.30000000000000004
12360,225927.0,False,60.800000000000004,10.4,0.0
12361,225944.0,False,60.900000000000006,10.3,0.2
12362,225961.0,False,61.1,10.100000000000001,0.30000000000000004
12363,225982.0,False,61.300000000000004,9.9,0.2
12364,225995.0,False,61.5,9.5,-0.1
12365,226015.0,False,61.800000000000004,9.1,-0.4
12366,226027.0,False,61.900000000000006,8.8,-0.5
12367,226044.0,False,62.2,8.3,-0.7000000000000001
12368,226062.0,False,62.5,7.9,-0.7000000000000001
12369,226077.0,False,62.6,7.6000000000000005,-0.7000000000000001
12370,226094.0,False,62.900000000000006,7.300000000000001,-0.5
12371,226118.0,False,63.1,7.0,-0.30000000000000004
12372,226130.0,False,63.2,6.9,-0.2
12373,226146.0,False,63.400000000000006,6.6000000000000005,-0.2
12374,226160.0,False,63.5,6.5,-0.30000000000000004
12375,226178.0,False,63.5,6.4,-0.5
12376,226194.0,False,63.5,6.300000000000001,-0.8
12377,226213.0,False,63.300000000000004,6.2,-1.0
12378,226244.0,False,63.1,6.300000000000001,-0.9
12379,226262.0,False,63.0,6.6000000000000005,-0.7000000000000001
12380,226294.0,False,62.5,7.1000000000000005,-0.8
12381,226322.0,False,61.800000000000004,7.5,-0.9
12382,226344.0,False,61.400000000000006,7.6000000000000005,-0.9
12383,226360.0,False,61.1,7.9,-1.0
12384,226379.0,False,60.7,8.3,-1.4000000000000001
12385,226394.0,False,60.5,8.5,-1.5
12386,226413.0,False,60.0,8.700000000000001,-1.7000000000000002
12387,226427.0,False,59.7,8.8,-1.7000000000000002
12388,226444.0,False,59.2,9.200000000000001,-1.5
12389,226460.0,False,58.6,9.600000000000001,-1.2000000000000002
12390,226478.0,False,58.300000000000004,9.8,-0.9
12391,226499.0,False,57.5,10.200000000000001,-0.1
12392,226515.0,False,57.300000000000004,10.200000000000001,0.2
12393,226527.0,False,57.0,10.200000000000001,0.5
12394,226547.0,False,56.6,10.100000000000001,1.1
12395,226560.0,False,56.300000000000004,10.0,1.3
12396,226578.0,False,56.0,9.8,1.0
12397,226595.0,False,55.800000000000004,9.600000000000001,0.8
12398,226619.0,False,55.2,9.0,-0.4
12399,226628.0,False,54.900000000000006,8.8,-0.8
12400,226644.0,False,54.7,8.700000000000001,-1.2000000000000002
12401,226664.0,False,54.1,8.5,-1.9000000000000001
12402,226678.0,False,53.5,8.4,-2.4000000000000004
12403,226694.0,False,53.300000000000004,8.4,-2.5
12404,226721.0,False,52.400000000000006,8.5,-2.6
12405,226727.0,False,52.1,8.6,-2.6
12406,226744.0,False,51.900000000000006,8.700000000000001,-2.5
12407,226761.0,False,51.300000000000004,9.0,-2.4000000000000004
12408,226778.0,False,50.800000000000004,9.4,-2.4000000000000004
12409,226794.0,False,50.5,9.5,-2.4000000000000004
12410,226818.0,False,49.800000000000004,9.700000000000001,-2.3000000000000003
12411,226827.0,False,49.7,9.8,-2.3000000000000003
12412,226845.0,False,49.5,9.8,-2.3000000000000003
12413,226862.0,False,49.300000000000004,9.8,-2.3000000000000003
12414,226878.0,False,49.0,9.600000000000001,-2.5
12415,226894.0,False,49.0,9.4,-2.5
12416,226918.0,False,48.900000000000006,8.5,-2.4000000000000004
12417,226929.0,False,48.900000000000006,8.200000000000001,-2.4000000000000004
12418,226946.0,False,48.900000000000006,7.9,-2.3000000000000003
12419,226961.0,False,48.900000000000006,7.5,-2.2
12420,226982.0,False,48.900000000000006,7.1000000000000005,-2.2
12421,226996.0,False,48.800000000000004,6.9,-2.3000000000000003
12422,227015.0,False,48.400000000000006,6.9,-2.5
12423,227027.0,False,48.2,6.9,-2.6
12424,227046.0,False,47.6,7.2,-2.5
12425,227060.0,False,47.300000000000004,7.4,-2.4000000000000004
12426,227078.0,False,46.800000000000004,7.7,-2.0
12427,227099.0,False,46.400000000000006,8.0,-1.5
12428,227121.0,False,46.2,8.0,-1.3
12429,227144.0,False,46.300000000000004,7.5,-1.4000000000000001
12430,227162.0,False,46.300000000000004,7.2,-1.4000000000000001
12431,227178.0,False,46.6,6.5,-1.5
12432,227196.0,False,46.900000000000006,5.9,-1.5
12433,227215.0,False,47.1,5.6000000000000005,-1.5
12434,227229.0,False,47.5,5.2,-1.2000000000000002
12435,227246.0,False,47.900000000000006,4.800000000000001,-1.0
12436,227261.0,False,48.0,4.6000000000000005,-0.8
12437,227277.0,False,48.300000000000004,4.4,-0.7000000000000001
12438,227294.0,False,48.400000000000006,4.1000000000000005,-0.7000000000000001
12439,227315.0,False,48.5,4.0,-0.7000000000000001
12440,227332.0,False,48.5,4.1000000000000005,-0.8
12441,227344.0,False,48.400000000000006,4.2,-1.0
12442,227363.0,False,48.300000000000004,4.4,-1.3
12443,227378.0,False,48.2,4.6000000000000005,-1.4000000000000001
12444,227394.0,False,47.900000000000006,4.9,-1.6
12445,227416.0,False,47.6,5.300000000000001,-1.7000000000000002
12446,227434.0,False,47.2,5.7,-1.6
12447,227449.0,False,47.1,5.9,-1.5
12448,227462.0,False,46.7,6.300000000000001,-1.4000000000000001
12449,227477.0,False,46.5,6.4,-1.3
12450,227494.0,False,46.1,6.7,-1.0
12451,227517.0,False,45.6,6.9,-0.8
12452,227529.0,False,45.400000000000006,7.0,-0.6000000000000001
12453,227544.0,False,45.0,7.300000000000001,-0.6000000000000001
12454,227563.0,False,44.5,7.800000000000001,-0.7000000000000001
12455,227579.0,False,44.2,8.0,-0.9
12456,227594.0,False,43.400000000000006,8.5,-1.2000000000000002
12457,227634.0,False,41.900000000000006,9.200000000000001,-1.5
12458,227644.0,False,41.5,9.4,-1.5
12459,227661.0,False,40.6,9.700000000000001,-1.4000000000000001
12460,227677.0,False,40.2,9.8,-1.3
12461,227697.0,False,39.400000000000006,10.0,-0.9
12462,227718.0,False,38.7,10.0,-0.4
12463,227727.0,False,38.400000000000006,9.9,-0.1
12464,227745.0,False,37.800000000000004,9.8,0.2
12465,227760.0,False,37.2,9.700000000000001,0.4
12466,227777.0,False,36.9,9.600000000000001,0.4
12467,227794.0,False,36.300000000000004,9.4,0.30000000000000004
12468,227815.0,False,35.800000000000004,9.200000000000001,0.0
12469,227830.0,False,35.5,9.1,-0.2
12470,227843.0,False,35.1,8.8,-0.5
12471,227860.0,False,34.6,8.4,-0.9
12472,227877.0,False,34.4,8.200000000000001,-1.0
12473,227896.0,False,34.0,8.0,-1.3
12474,227913.0,False,33.5,7.9,-1.4000000000000001
12475,227934.0,False,33.1,8.0,-1.4000000000000001
12476,227945.0,False,32.800000000000004,8.200000000000001,-1.5
12477,227961.0,False,32.4,8.6,-1.5
12478,227977.0,False,32.1,8.9,-1.5
12479,227993.0,False,31.6,9.4,-1.5
12480,228011.0,False,31.200000000000003,9.700000000000001,-1.4000000000000001
12481,228027.0,False,31.1,9.8,-1.4000000000000001
12482,228045.0,False,30.8,9.8,-1.4000000000000001
12483,228061.0,False,30.5,9.8,-1.4000000000000001
12484,228077.0,False,30.200000000000003,9.600000000000001,-1.5
12485,228097.0,False,30.1,9.4,-1.6
12486,228118.0,False,29.6,8.9,-1.3
12487,228127.0,False,29.400000000000002,8.8,-1.2000000000000002
12488,228147.0,False,29.1,8.6,-0.9
12489,228161.0,False,29.0,8.6,-0.7000000000000001
12490,228196.0,False,28.700000000000003,8.5,-0.30000000000000004
12491,228210.0,False,28.400000000000002,8.5,-0.2
12492,228230.0,False,28.1,8.700000000000001,-0.2
12493,228245.0,False,27.8,9.0,-0.2
12494,228260.0,False,27.6,9.1,-0.2
12495,228279.0,False,27.5,9.1,-0.4
12496,228314.0,False,27.400000000000002,8.8,-0.8
12497,228329.0,False,27.5,8.5,-1.1
12498,228349.0,False,27.6,8.1,-1.4000000000000001
12499,228361.0,False,27.700000000000003,8.0,-1.5
12500,228379.0,False,27.8,7.800000000000001,-1.5
12501,228395.0,False,28.1,7.800000000000001,-1.3
12502,228417.0,False,28.3,7.9,-1.1
12503,228432.0,False,28.5,8.0,-1.0
12504,228447.0,False,28.700000000000003,7.9,-0.9
12505,228461.0,False,28.900000000000002,7.9,-0.9
12506,228477.0,False,29.200000000000003,7.6000000000000005,-0.9
12507,228494.0,False,29.6,7.5,-0.8
12508,228513.0,False,29.8,7.4,-0.8
12509,228527.0,False,30.1,7.4,-0.9
12510,228547.0,False,30.3,7.5,-1.1
12511,228562.0,False,30.400000000000002,7.6000000000000005,-1.2000000000000002
12512,228577.0,False,30.5,7.800000000000001,-1.3
12513,228594.0,False,30.5,8.200000000000001,-1.4000000000000001
12514,228614.0,False,30.400000000000002,8.5,-1.3
12515,228633.0,False,30.200000000000003,8.700000000000001,-1.1
12516,228645.0,False,30.200000000000003,8.8,-1.0
12517,228660.0,False,30.1,8.700000000000001,-0.9
12518,228678.0,False,30.1,8.5,-0.6000000000000001
12519,228694.0,False,30.200000000000003,8.1,-0.30000000000000004
12520,228712.0,False,30.200000000000003,8.0,-0.2
12521,228744.0,False,30.1,8.4,-0.5
12522,228761.0,False,29.900000000000002,8.6,-0.7000000000000001
12523,228777.0,False,29.5,8.9,-0.9
12524,228794.0,False,29.0,9.3,-1.0
12525,228816.0,False,28.5,9.5,-1.0
12526,228827.0,False,28.200000000000003,9.600000000000001,-0.9
12527,228844.0,False,27.700000000000003,9.700000000000001,-0.5
12528,228861.0,False,27.400000000000002,9.700000000000001,-0.2
12529,228879.0,False,26.8,9.600000000000001,0.30000000000000004
12530,228895.0,False,26.200000000000003,9.5,0.9
12531,228920.0,False,25.6,9.600000000000001,1.3
12532,228931.0,False,25.200000000000003,9.600000000000001,1.4000000000000001
12533,228944.0,False,24.400000000000002,9.8,1.3
12534,228962.0,False,23.5,9.9,1.1
12535,228978.0,False,23.0,10.0,1.0
12536,228994.0,False,22.1,10.200000000000001,0.6000000000000001
12537,229011.0,False,21.200000000000003,10.3,0.1
12538,229027.0,False,20.8,10.3,-0.2
12539,229044.0,False,20.0,10.5,-0.8
12540,229062.0,False,19.200000000000003,10.5,-1.4000000000000001
12541,229078.0,False,18.900000000000002,10.600000000000001,-1.7000000000000002
12542,229094.0,False,18.3,10.600000000000001,-2.2
12543,229114.0,False,17.8,10.9,-2.6
12544,229127.0,False,17.5,11.200000000000001,-2.8000000000000003
12545,229144.0,False,16.900000000000002,12.0,-3.2
12546,229161.0,False,16.3,13.100000000000001,-3.6
12547,229178.0,False,15.700000000000001,14.100000000000001,-4.1000000000000005
12548,229195.0,False,15.4,14.4,-4.3
12549,229214.0,False,14.8,14.9,-4.6000000000000005
12550,229227.0,False,14.600000000000001,15.200000000000001,-4.800000000000001
12551,229245.0,False,14.100000000000001,15.600000000000001,-5.2
12552,229260.0,False,13.600000000000001,16.0,-5.6000000000000005
12553,229278.0,False,13.3,16.3,-5.7
12554,229296.0,False,12.5,16.8,-5.800000000000001
12555,229311.0,False,11.8,17.400000000000002,-5.9
12556,229329.0,False,11.4,17.7,-5.9
12557,229344.0,False,10.700000000000001,18.2,-5.7
12558,229360.0,False,10.0,18.7,-5.5
12559,229377.0,False,9.3,19.200000000000003,-5.300000000000001
12560,229396.0,False,9.0,19.400000000000002,-5.2
12561,229410.0,False,8.5,19.700000000000003,-4.7
12562,229429.0,False,8.1,19.900000000000002,-4.3
12563,229444.0,False,8.0,19.900000000000002,-4.1000000000000005
12564,229462.0,False,7.800000000000001,19.8,-3.9000000000000004
12565,229477.0,False,7.7,19.400000000000002,-3.8000000000000003
12566,229495.0,False,7.7,19.1,-3.8000000000000003
12567,229510.0,False,7.6000000000000005,18.7,-3.9000000000000004
12568,229527.0,False,7.5,18.5,-4.0
12569,229560.0,False,7.2,18.6,-4.0
12570,229577.0,False,6.9,18.900000000000002,-4.0
12571,229611.0,False,6.7,19.200000000000003,-3.7
12572,229627.0,False,6.6000000000000005,19.5,-3.5
12573,229646.0,False,6.6000000000000005,19.8,-3.4000000000000004
12574,229660.0,False,6.6000000000000005,19.900000000000002,-3.3000000000000003
12575,229677.0,False,6.6000000000000005,20.200000000000003,-3.3000000000000003
12576,229712.0,False,6.5,20.700000000000003,-3.3000000000000003
12577,229727.0,False,6.4,21.200000000000003,-3.3000000000000003
12578,229744.0,False,6.300000000000001,21.5,-3.3000000000000003
12579,229761.0,False,6.0,22.0,-3.3000000000000003
12580,229779.0,False,5.6000000000000005,22.400000000000002,-3.2
12581,229795.0,False,5.300000000000001,22.700000000000003,-3.0
12582,229811.0,False,5.1000000000000005,22.8,-2.9000000000000004
12583,229829.0,False,4.800000000000001,23.1,-2.7
12584,229844.0,False,4.5,23.1,-2.6
12585,229861.0,False,4.3,23.1,-2.6
12586,229877.0,False,3.9000000000000004,22.900000000000002,-2.3000000000000003
12587,229895.0,False,3.6,22.700000000000003,-2.0
12588,229910.0,False,3.5,22.6,-1.8
12589,229927.0,False,3.3000000000000003,22.8,-1.6
12590,229945.0,False,3.0,23.1,-1.9000000000000001
12591,229960.0,False,2.7,23.200000000000003,-2.0
12592,229985.0,False,1.7000000000000002,23.5,-2.0
12593,229995.0,False,1.3,23.700000000000003,-2.0
12594,230011.0,False,1.0,23.8,-2.0
12595,230028.0,False,0.4,24.200000000000003,-1.8
12596,230044.0,False,359.90000000000003,24.400000000000002,-1.6
12597,230062.0,False,359.3,24.400000000000002,-1.3
12598,230078.0,False,359.1,24.3,-1.1
12599,230098.0,False,358.70000000000005,24.200000000000003,-0.7000000000000001
12600,230113.0,False,358.40000000000003,24.1,-0.30000000000000004
12601,230130.0,False,358.3,24.1,-0.30000000000000004
12602,230144.0,False,358.1,24.0,-0.4
12603,230160.0,False,358.0,24.0,-0.7000000000000001
12604,230177.0,False,357.6,23.900000000000002,-1.3
12605,230193.0,False,357.20000000000005,23.8,-1.9000000000000001
12606,230210.0,False,357.1,23.700000000000003,-2.3000000000000003
12607,230228.0,False,356.8,23.5,-2.9000000000000004
12608,230244.0,False,356.6,23.400000000000002,-3.4000000000000004
12609,230262.0,False,356.6,23.200000000000003,-4.0
12610,230277.0,False,356.5,23.1,-4.3
12611,230294.0,False,356.40000000000003,22.900000000000002,-4.4
12612,230310.0,False,356.3,22.900000000000002,-4.4
12613,230327.0,False,356.3,23.0,-4.3
12614,230344.0,False,356.3,23.3,-4.1000000000000005
12615,230360.0,False,356.3,23.5,-3.9000000000000004
12616,230378.0,False,356.40000000000003,23.6,-3.7
12617,230395.0,False,356.5,23.6,-3.3000000000000003
12618,230413.0,False,356.70000000000005,23.400000000000002,-3.1
12619,230427.0,False,356.90000000000003,23.3,-3.0
12620,230444.0,False,357.0,23.1,-3.2
12621,230461.0,False,357.0,22.700000000000003,-3.2
12622,230477.0,False,357.0,22.5,-3.1
12623,230495.0,False,357.0,22.200000000000003,-2.8000000000000003
12624,230510.0,False,356.90000000000003,22.1,-2.4000000000000004
12625,230529.0,False,356.90000000000003,22.1,-2.3000000000000003
12626,230546.0,False,356.90000000000003,22.200000000000003,-2.0
12627,230562.0,False,356.90000000000003,22.5,-1.9000000000000001
12628,230580.0,False,356.90000000000003,22.6,-1.9000000000000001
12629,230595.0,False,357.0,22.700000000000003,-1.9000000000000001
12630,230610.0,False,357.0,22.6,-1.8
12631,230635.0,False,357.0,22.5,-1.8
12632,230643.0,False,357.1,22.400000000000002,-1.8
12633,230661.0,False,357.1,22.200000000000003,-1.9000000000000001
12634,230680.0,False,357.1,21.8,-1.8
12635,230694.0,False,357.1,21.6,-1.8
12636,230710.0,False,357.1,21.3,-1.8
12637,230727.0,False,357.20000000000005,21.200000000000003,-1.8
12638,230744.0,False,357.40000000000003,21.1,-1.9000000000000001
12639,230760.0,False,357.70000000000005,21.0,-2.2
12640,230777.0,False,358.1,20.900000000000002,-2.8000000000000003
12641,230796.0,False,358.3,20.8,-3.1
12642,230811.0,False,358.70000000000005,20.400000000000002,-3.6
12643,230831.0,False,359.20000000000005,19.700000000000003,-4.0
12644,230844.0,False,359.40000000000003,19.3,-4.2
12645,230860.0,False,359.90000000000003,18.6,-4.6000000000000005
12646,230879.0,False,0.2,18.1,-4.800000000000001
12647,230894.0,False,0.30000000000000004,17.900000000000002,-5.0
12648,230911.0,False,0.4,17.8,-5.0
12649,230928.0,False,0.4,17.900000000000002,-4.7
12650,230944.0,False,0.4,18.0,-4.5
12651,230961.0,False,0.30000000000000004,18.3,-4.1000000000000005
12652,230977.0,False,0.30000000000000004,18.5,-3.7
12653,230999.0,False,0.30000000000000004,18.6,-3.5
12654,231010.0,False,0.30000000000000004,18.7,-3.2
12655,231028.0,False,0.5,18.7,-3.2
12656,231043.0,False,0.5,18.8,-3.5
12657,231063.0,False,0.30000000000000004,19.0,-4.5
12658,231077.0,False,360.0,19.0,-5.1000000000000005
12659,231094.0,False,359.8,18.900000000000002,-5.2
12660,231111.0,False,359.5,18.900000000000002,-5.0
12661,231129.0,False,359.20000000000005,19.200000000000003,-4.800000000000001
12662,231144.0,False,359.0,19.5,-4.800000000000001
12663,231161.0,False,358.6,20.3,-4.9
12664,231178.0,False,358.3,21.0,-4.9
12665,231193.0,False,358.3,21.3,-4.9
12666,231211.0,False,358.1,21.5,-4.9
12667,231227.0,False,358.0,21.400000000000002,-4.800000000000001
12668,231244.0,False,357.90000000000003,21.1,-4.7
12669,231260.0,False,357.8,21.0,-4.6000000000000005
12670,231277.0,False,357.90000000000003,20.5,-4.3
12671,231294.0,False,358.0,20.0,-4.2
12672,231314.0,False,358.1,19.700000000000003,-4.1000000000000005
12673,231327.0,False,358.20000000000005,19.1,-4.2
12674,231344.0,False,358.1,18.6,-4.4
12675,231363.0,False,358.0,18.400000000000002,-4.5
12676,231378.0,False,357.8,18.1,-4.7
12677,231395.0,False,357.6,18.1,-4.6000000000000005
12678,231410.0,False,357.5,18.2,-4.4
12679,231427.0,False,357.40000000000003,18.5,-4.1000000000000005
12680,231445.0,False,357.3,19.1,-3.8000000000000003
12681,231461.0,False,357.3,19.3,-3.8000000000000003
12682,231478.0,False,357.3,19.900000000000002,-3.7
12683,231494.0,False,357.3,20.3,-3.7
12684,231511.0,False,357.3,20.400000000000002,-3.7
12685,231528.0,False,357.40000000000003,20.8,-3.8000000000000003
12686,231581.0,False,357.70000000000005,22.0,-4.7
12687,231615.0,False,357.6,22.6,-4.7
12688,231630.0,False,357.5,22.700000000000003,-4.6000000000000005
12689,231643.0,False,357.3,23.1,-4.4
12690,231660.0,False,357.1,23.6,-3.8000000000000003
12691,231681.0,False,356.90000000000003,24.200000000000003,-3.2
12692,231693.0,False,356.8,24.400000000000002,-2.9000000000000004
12693,231710.0,False,356.6,24.900000000000002,-2.5
12694,231734.0,False,356.3,25.1,-1.8
12695,231744.0,False,356.1,25.200000000000003,-1.3
12696,231760.0,False,355.70000000000005,25.400000000000002,-0.5
12697,231779.0,False,355.5,25.5,-0.1
12698,231795.0,False,355.20000000000005,25.8,0.6000000000000001
12699,231811.0,False,355.1,25.900000000000002,1.1
12700,231827.0,False,355.0,25.8,1.2000000000000002
12701,231843.0,False,355.0,25.400000000000002,1.2000000000000002
12702,231860.0,False,354.90000000000003,24.8,1.1
12703,231877.0,False,354.90000000000003,24.400000000000002,1.1
12704,231894.0,False,355.0,23.8,0.9
12705,231920.0,False,355.5,23.200000000000003,0.6000000000000001
12706,231944.0,False,356.0,23.0,0.4
12707,231960.0,False,356.40000000000003,22.8,0.1
12708,231982.0,False,356.8,22.700000000000003,-0.30000000000000004
12709,231994.0,False,357.0,22.700000000000003,-0.5
12710,232017.0,False,357.3,22.6,-1.0
12711,232027.0,False,357.40000000000003,22.6,-1.3
12712,232046.0,False,357.6,22.6,-1.8
12713,232062.0,False,357.6,22.700000000000003,-2.2
12714,232077.0,False,357.6,22.900000000000002,-2.3000000000000003
12715,232094.0,False,357.5,23.200000000000003,-2.4000000000000004
12716,232111.0,False,357.20000000000005,23.700000000000003,-2.3000000000000003
12717,232137.0,False,356.8,24.5,-1.6
12718,232162.0,False,356.6,24.900000000000002,-1.1
12719,232179.0,False,356.5,25.200000000000003,-0.7000000000000001
12720,232210.0,False,356.40000000000003,25.400000000000002,-1.0
12721,232227.0,False,356.40000000000003,25.400000000000002,-1.1
12722,232243.0,False,356.20000000000005,25.1,-1.3
12723,232260.0,False,356.1,24.8,-1.4000000000000001
12724,232279.0,False,355.8,24.6,-1.5
12725,232294.0,False,355.6,24.6,-1.4000000000000001
12726,232310.0,False,355.0,24.900000000000002,-1.1
12727,232327.0,False,354.70000000000005,25.1,-1.0
12728,232344.0,False,354.1,25.6,-0.6000000000000001
12729,232360.0,False,353.70000000000005,26.200000000000003,-0.30000000000000004
12730,232378.0,False,353.40000000000003,26.400000000000002,-0.4
12731,232396.0,False,353.20000000000005,26.400000000000002,-0.5
12732,232419.0,False,352.90000000000003,26.200000000000003,-0.7000000000000001
12733,232428.0,False,352.8,26.0,-0.8
12734,232460.0,False,352.6,25.5,-0.7000000000000001
12735,232477.0,False,352.6,25.1,-0.5
12736,232495.0,False,352.6,24.900000000000002,-0.4
12737,232521.0,False,352.3,24.5,-0.6000000000000001
12738,232544.0,False,352.0,24.3,-0.8
12739,232561.0,False,351.6,24.200000000000003,-1.1
12740,232579.0,False,351.3,24.1,-1.3
12741,232595.0,False,351.1,23.900000000000002,-1.4000000000000001
12742,232623.0,False,350.90000000000003,23.900000000000002,-1.7000000000000002
12743,232627.0,False,350.8,23.8,-1.7000000000000002
12744,232665.0,False,350.5,23.900000000000002,-1.5
12745,232698.0,False,350.40000000000003,24.3,-1.5
12746,232724.0,False,350.3,24.900000000000002,-1.6
12747,232743.0,False,350.20000000000005,25.0,-1.9000000000000001
12748,232763.0,False,350.20000000000005,24.900000000000002,-2.2
12749,232777.0,False,350.20000000000005,24.700000000000003,-2.3000000000000003
12750,232797.0,False,350.3,24.200000000000003,-2.5
12751,232816.0,False,350.3,23.700000000000003,-2.6
12752,232827.0,False,350.20000000000005,23.400000000000002,-2.5
12753,232843.0,False,350.0,22.900000000000002,-1.9000000000000001
12754,232860.0,False,349.90000000000003,22.8,-1.6
12755,232878.0,False,349.90000000000003,22.8,-1.3
12756,232893.0,False,349.90000000000003,23.0,-1.3
12757,232913.0,False,349.90000000000003,23.0,-1.4000000000000001
12758,232927.0,False,349.8,23.0,-1.5
12759,232946.0,False,349.70000000000005,23.1,-1.7000000000000002
12760,232960.0,False,349.6,23.1,-1.8
12761,232981.0,False,349.40000000000003,23.400000000000002,-2.0
12762,233015.0,False,349.6,23.5,-2.1
12763,233043.0,False,349.6,23.400000000000002,-2.0
12764,233060.0,False,349.6,23.200000000000003,-1.9000000000000001
12765,233077.0,False,349.70000000000005,23.1,-1.8
12766,233095.0,False,349.70000000000005,23.0,-1.7000000000000002
12767,233123.0,False,349.70000000000005,23.200000000000003,-1.9000000000000001
12768,233146.0,False,349.70000000000005,23.5,-2.1
12769,233160.0,False,349.8,23.700000000000003,-2.2
12770,233177.0,False,349.90000000000003,23.8,-2.3000000000000003
12771,233197.0,False,350.20000000000005,23.900000000000002,-2.4000000000000004
12772,233216.0,False,350.5,23.900000000000002,-2.6
12773,233227.0,False,350.70000000000005,23.900000000000002,-2.7
12774,233244.0,False,351.1,23.8,-2.9000000000000004
12775,233260.0,False,351.40000000000003,23.6,-3.1
12776,233277.0,False,351.5,23.6,-3.0
12777,233294.0,False,351.70000000000005,23.5,-2.9000000000000004
12778,233321.0,False,351.8,23.900000000000002,-2.7
12779,233344.0,False,351.70000000000005,24.3,-2.5
12780,233363.0,False,351.5,24.6,-2.2
12781,233380.0,False,351.3,24.700000000000003,-1.9000000000000001
12782,233393.0,False,351.20000000000005,24.8,-1.7000000000000002
12783,233420.0,False,351.1,25.0,-1.4000000000000001
12784,233443.0,False,351.0,25.1,-1.4000000000000001
12785,233479.0,False,351.1,24.8,-1.9000000000000001
12786,233494.0,False,351.1,24.6,-2.1
12787,233519.0,False,350.90000000000003,23.700000000000003,-2.3000000000000003
12788,233527.0,False,350.8,23.6,-2.2
12789,233547.0,False,350.3,23.6,-1.9000000000000001
12790,233562.0,False,350.1,23.8,-1.9000000000000001
12791,233579.0,False,349.70000000000005,24.200000000000003,-1.9000000000000001
12792,233595.0,False,349.6,24.400000000000002,-1.9000000000000001
12793,233618.0,False,349.3,24.400000000000002,-1.5
12794,233627.0,False,349.20000000000005,24.200000000000003,-1.4000000000000001
12795,233646.0,False,349.20000000000005,23.900000000000002,-1.3
12796,233660.0,False,349.20000000000005,23.200000000000003,-1.1
12797,233677.0,False,349.20000000000005,22.900000000000002,-1.1
12798,233693.0,False,349.3,22.3,-1.1
12799,233713.0,False,349.3,21.8,-1.3
12800,233730.0,False,349.1,21.5,-1.6
12801,233746.0,False,348.70000000000005,21.5,-1.9000000000000001
12802,233760.0,False,348.40000000000003,21.5,-1.9000000000000001
12803,233777.0,False,347.8,21.700000000000003,-1.8
12804,233796.0,False,347.3,21.900000000000002,-1.4000000000000001
12805,233817.0,False,346.90000000000003,22.200000000000003,-1.0
12806,233827.0,False,346.8,22.3,-0.8
12807,233844.0,False,346.70000000000005,22.400000000000002,-0.6000000000000001
12808,233862.0,False,346.5,22.5,-0.30000000000000004
12809,233878.0,False,346.3,22.700000000000003,0.0
12810,233895.0,False,346.20000000000005,22.900000000000002,0.2
12811,233913.0,False,346.1,23.1,0.30000000000000004
12812,233928.0,False,345.90000000000003,23.5,0.2
12813,233944.0,False,345.8,23.700000000000003,0.2
12814,233962.0,False,345.5,24.0,0.2
12815,233991.0,False,345.3,24.0,0.7000000000000001
12816,233995.0,False,345.3,24.0,0.9
12817,234027.0,False,345.20000000000005,23.8,1.3
12818,234045.0,False,345.20000000000005,23.3,1.8
12819,234061.0,False,345.3,23.0,2.1
12820,234076.0,False,345.70000000000005,22.400000000000002,2.4000000000000004
12821,234097.0,False,346.1,21.8,2.4000000000000004
12822,234111.0,False,346.3,21.5,2.4000000000000004
12823,234126.0,False,346.70000000000005,21.0,2.6
12824,234146.0,False,347.1,20.5,3.0
12825,234163.0,False,347.5,20.200000000000003,3.3000000000000003
12826,234178.0,False,347.8,20.1,3.3000000000000003
12827,234194.0,False,348.20000000000005,19.900000000000002,3.3000000000000003
12828,234210.0,False,348.40000000000003,19.700000000000003,3.4000000000000004
12829,234227.0,False,348.8,19.3,3.4000000000000004
12830,234244.0,False,349.20000000000005,18.900000000000002,3.5
12831,234263.0,False,349.70000000000005,18.5,3.6
12832,234278.0,False,349.90000000000003,18.3,3.6
12833,234294.0,False,350.5,17.8,3.6
12834,234317.0,False,351.20000000000005,17.2,3.4000000000000004
12835,234328.0,False,351.5,16.8,3.3000000000000003
12836,234346.0,False,352.1,16.0,3.2
12837,234361.0,False,352.8,15.100000000000001,3.4000000000000004
12838,234377.0,False,353.20000000000005,14.700000000000001,3.4000000000000004
12839,234394.0,False,353.8,13.8,3.6
12840,234413.0,False,354.40000000000003,12.9,3.9000000000000004
12841,234430.0,False,354.70000000000005,12.5,4.1000000000000005
12842,234446.0,False,355.1,11.700000000000001,4.4
12843,234460.0,False,355.40000000000003,11.100000000000001,4.7
12844,234478.0,False,355.40000000000003,10.9,4.800000000000001
12845,234495.0,False,355.5,10.5,5.300000000000001
12846,234517.0,False,355.40000000000003,10.4,5.800000000000001
12847,234527.0,False,355.40000000000003,10.4,6.0
12848,234545.0,False,355.20000000000005,10.5,6.300000000000001
12849,234561.0,False,354.90000000000003,10.700000000000001,6.6000000000000005
12850,234577.0,False,354.70000000000005,10.8,6.800000000000001
12851,234594.0,False,354.5,11.100000000000001,7.0
12852,234613.0,False,354.20000000000005,11.600000000000001,6.9
12853,234627.0,False,354.1,11.700000000000001,6.7
12854,234645.0,False,353.8,11.9,6.4
12855,234661.0,False,353.70000000000005,11.8,5.9
12856,234677.0,False,353.6,11.600000000000001,5.7
12857,234694.0,False,353.70000000000005,11.3,5.2
12858,234716.0,False,353.70000000000005,11.0,4.6000000000000005
12859,234728.0,False,353.70000000000005,11.0,4.3
12860,234745.0,False,353.40000000000003,11.100000000000001,3.6
12861,234761.0,False,352.90000000000003,11.4,3.1
12862,234777.0,False,352.6,11.600000000000001,2.9000000000000004
12863,234794.0,False,351.90000000000003,12.200000000000001,2.7
12864,234819.0,False,351.0,12.8,2.9000000000000004
12865,234827.0,False,350.70000000000005,13.0,3.1
12866,234845.0,False,350.40000000000003,13.200000000000001,3.3000000000000003
12867,234860.0,False,350.0,13.4,3.7
12868,234877.0,False,349.6,13.5,4.1000000000000005
12869,234893.0,False,349.5,13.5,4.2
12870,234927.0,False,349.6,13.100000000000001,4.1000000000000005
12871,234947.0,False,349.8,12.8,3.5
12872,234962.0,False,350.0,12.700000000000001,3.0
12873,234981.0,False,350.20000000000005,12.5,2.1
12874,234996.0,False,350.3,12.4,1.6
12875,235014.0,False,350.5,12.100000000000001,0.7000000000000001
12876,235027.0,False,350.70000000000005,12.0,-0.1
12877,235043.0,False,350.90000000000003,11.9,-0.30000000000000004
12878,235061.0,False,351.20000000000005,11.700000000000001,-0.8
12879,235077.0,False,351.6,11.600000000000001,-1.0
12880,235097.0,False,351.90000000000003,11.600000000000001,-1.2000000000000002
12881,235110.0,False,352.1,11.700000000000001,-1.2000000000000002
12882,235127.0,False,352.40000000000003,11.8,-1.3
12883,235160.0,False,352.8,12.0,-1.3
12884,235177.0,False,353.20000000000005,12.0,-1.2000000000000002
12885,235193.0,False,353.40000000000003,12.0,-1.1
12886,235214.0,False,353.70000000000005,12.0,-0.9
12887,235229.0,False,353.90000000000003,12.100000000000001,-1.0
12888,235251.0,False,354.0,12.100000000000001,-1.2000000000000002
12889,235262.0,False,354.0,12.0,-1.2000000000000002
12890,235277.0,False,354.0,11.5,-1.0
12891,235297.0,False,354.0,11.0,-0.30000000000000004
12892,235311.0,False,354.1,10.8,0.1
12893,235327.0,False,354.20000000000005,10.5,0.9
12894,235345.0,False,354.40000000000003,10.5,1.6
12895,235361.0,False,354.5,10.5,1.7000000000000002
12896,235377.0,False,354.6,10.600000000000001,1.9000000000000001
12897,235393.0,False,354.8,10.8,1.8
12898,235427.0,False,355.0,11.0,1.5
12899,235445.0,False,355.1,11.0,1.5
12900,235464.0,False,355.40000000000003,11.0,1.6
12901,235478.0,False,355.70000000000005,10.8,2.0
12902,235493.0,False,356.20000000000005,10.4,2.4000000000000004
12903,235516.0,False,356.8,10.100000000000001,2.8000000000000003
12904,235527.0,False,357.1,9.9,2.8000000000000003
12905,235544.0,False,357.70000000000005,9.600000000000001,2.7
12906,235560.0,False,357.90000000000003,9.4,2.6
12907,235580.0,False,358.3,9.1,2.5
12908,235594.0,False,358.70000000000005,8.700000000000001,2.4000000000000004
12909,235614.0,False,359.1,8.200000000000001,2.5
12910,235627.0,False,359.3,8.0,2.6
12911,235643.0,False,359.70000000000005,7.7,2.7
12912,235662.0,False,359.90000000000003,7.5,2.7
12913,235677.0,False,0.30000000000000004,7.300000000000001,2.8000000000000003
12914,235694.0,False,0.6000000000000001,7.1000000000000005,2.9000000000000004
12915,235710.0,False,0.8,7.0,2.9000000000000004
12916,235727.0,False,1.1,6.800000000000001,3.0
12917,235745.0,False,1.3,6.6000000000000005,3.0
12918,235761.0,False,1.6,6.6000000000000005,2.9000000000000004
12919,235777.0,False,1.7000000000000002,6.6000000000000005,2.8000000000000003
12920,235812.0,False,1.8,6.9,2.9000000000000004
12921,235843.0,False,1.8,7.300000000000001,3.0
12922,235860.0,False,1.7000000000000002,7.6000000000000005,2.8000000000000003
12923,235877.0,False,1.6,7.7,2.7
12924,235896.0,False,1.4000000000000001,7.800000000000001,2.4000000000000004
12925,235915.0,False,1.3,7.9,2.0
12926,235931.0,False,1.2000000000000002,7.800000000000001,1.4000000000000001
12927,235952.0,False,1.2000000000000002,7.7,1.0
12928,235960.0,False,1.1,7.7,0.7000000000000001
12929,235977.0,False,1.0,7.800000000000001,0.5
12930,235994.0,False,0.7000000000000001,8.0,-0.1
12931,236010.0,False,0.1,8.5,-0.7000000000000001
12932,236030.0,False,359.40000000000003,8.9,-1.0
12933,236044.0,False,359.0,9.200000000000001,-1.1
12934,236060.0,False,358.20000000000005,9.600000000000001,-0.9
12935,236076.0,False,357.90000000000003,9.8,-0.7000000000000001
12936,236093.0,False,357.3,10.200000000000001,-0.30000000000000004
12937,236110.0,False,356.70000000000005,10.600000000000001,0.2
12938,236128.0,False,356.20000000000005,10.9,0.5
12939,236143.0,False,356.0,11.0,0.6000000000000001
12940,236160.0,False,355.6,11.100000000000001,0.4
12941,236179.0,False,355.40000000000003,11.200000000000001,0.30000000000000004
12942,236193.0,False,354.90000000000003,11.200000000000001,-0.1
12943,236211.0,False,354.3,11.4,-0.5
12944,236228.0,False,353.70000000000005,11.600000000000001,-0.9
12945,236243.0,False,353.40000000000003,11.8,-1.0
12946,236260.0,False,352.70000000000005,12.200000000000001,-1.2000000000000002
12947,236278.0,False,352.1,12.600000000000001,-1.2000000000000002
12948,236294.0,False,351.8,12.700000000000001,-1.2000000000000002
12949,236312.0,False,351.20000000000005,12.9,-1.0
12950,236329.0,False,350.6,13.0,-0.7000000000000001
12951,236345.0,False,350.40000000000003,13.100000000000001,-0.6000000000000001
12952,236360.0,False,349.90000000000003,13.3,-0.5
12953,236377.0,False,349.5,13.600000000000001,-0.7000000000000001
12954,236394.0,False,349.3,13.8,-0.8
12955,236411.0,False,348.8,14.200000000000001,-1.1
12956,236427.0,False,348.5,14.5,-1.3
12957,236444.0,False,348.40000000000003,14.5,-1.4000000000000001
12958,236460.0,False,348.20000000000005,14.600000000000001,-1.3
12959,236477.0,False,348.20000000000005,14.5,-1.2000000000000002
12960,236511.0,False,348.40000000000003,14.200000000000001,-1.1
12961,236527.0,False,348.70000000000005,13.9,-1.0
12962,236546.0,False,349.0,13.5,-1.0
12963,236561.0,False,349.3,13.3,-1.1
12964,236577.0,False,349.70000000000005,13.100000000000001,-1.3
12965,236594.0,False,350.0,13.100000000000001,-1.4000000000000001
12966,236611.0,False,350.5,13.200000000000001,-1.9000000000000001
12967,236627.0,False,350.70000000000005,13.3,-2.1
12968,236647.0,False,351.20000000000005,13.4,-2.7
12969,236660.0,False,351.40000000000003,13.5,-2.7
12970,236678.0,False,351.8,13.5,-2.7
12971,236693.0,False,352.0,13.4,-2.7
12972,236712.0,False,352.3,13.3,-2.5
12973,236728.0,False,352.70000000000005,13.100000000000001,-2.3000000000000003
12974,236744.0,False,353.0,13.100000000000001,-2.2
12975,236760.0,False,353.20000000000005,13.0,-2.2
12976,236777.0,False,353.5,13.0,-2.3000000000000003
12977,236794.0,False,353.8,13.0,-2.5
12978,236812.0,False,354.0,13.0,-2.5
12979,236829.0,False,354.3,13.0,-2.7
12980,236847.0,False,354.5,13.0,-2.8000000000000003
12981,236862.0,False,354.6,13.0,-2.8000000000000003
12982,236877.0,False,354.70000000000005,13.0,-2.8000000000000003
12983,236895.0,False,354.90000000000003,13.0,-2.5
12984,236930.0,False,355.3,12.700000000000001,-2.0
12985,236945.0,False,355.5,12.4,-1.6
12986,236960.0,False,355.6,12.3,-1.4000000000000001
12987,236977.0,False,355.70000000000005,12.200000000000001,-1.3
12988,237013.0,False,355.5,12.4,-1.4000000000000001
12989,237044.0,False,355.0,12.9,-1.4000000000000001
12990,237060.0,False,354.8,13.200000000000001,-1.3
12991,237078.0,False,354.3,13.8,-1.1
12992,237093.0,False,353.70000000000005,14.600000000000001,-0.9
12993,237110.0,False,353.0,15.4,-0.7000000000000001
12994,237127.0,False,352.70000000000005,15.700000000000001,-0.6000000000000001
12995,237143.0,False,352.1,16.2,-0.30000000000000004
12996,237160.0,False,351.8,16.400000000000002,-0.2
12997,237177.0,False,351.20000000000005,16.900000000000002,-0.2
12998,237195.0,False,350.70000000000005,17.2,-0.30000000000000004
12999,237212.0,False,350.1,17.400000000000002,-0.4
13000,237227.0,False,349.8,17.3,-0.30000000000000004
13001,237246.0,False,349.3,17.2,0.0
13002,237262.0,False,348.90000000000003,17.1,0.1
13003,237277.0,False,348.70000000000005,17.2,0.0
13004,237293.0,False,348.20000000000005,17.2,-0.2
13005,237310.0,False,347.6,17.2,-0.4
13006,237327.0,False,347.40000000000003,17.2,-0.4
13007,237345.0,False,346.90000000000003,17.1,-0.30000000000000004
13008,237360.0,False,346.6,17.1,-0.1
13009,237379.0,False,346.3,17.1,-0.1
13010,237395.0,False,346.1,17.2,-0.1
13011,237410.0,False,345.90000000000003,17.1,-0.1
13012,237427.0,False,345.8,17.1,-0.1
13013,237443.0,False,345.70000000000005,16.900000000000002,-0.2
13014,237460.0,False,345.6,16.7,-0.4
13015,237479.0,False,345.6,16.7,-0.7000000000000001
13016,237494.0,False,345.5,16.6,-0.9
13017,237510.0,False,345.40000000000003,16.6,-1.1
13018,237527.0,False,345.40000000000003,16.5,-1.2000000000000002
13019,237560.0,False,345.5,16.0,-1.2000000000000002
13020,237577.0,False,345.5,15.700000000000001,-1.2000000000000002
13021,237595.0,False,345.70000000000005,15.100000000000001,-1.0
13022,237612.0,False,345.8,14.5,-0.9
13023,237628.0,False,346.0,14.100000000000001,-0.8
13024,237644.0,False,346.1,13.8,-0.7000000000000001
13025,237660.0,False,346.3,13.5,-0.7000000000000001
13026,237678.0,False,346.5,13.0,-0.8
13027,237723.0,False,347.0,12.0,-1.1
13028,237736.0,False,347.20000000000005,11.5,-1.2000000000000002
13029,237760.0,False,347.3,11.100000000000001,-1.4000000000000001
13030,237778.0,False,347.3,10.8,-1.7000000000000002
13031,237821.0,False,347.1,10.5,-2.0
13032,237843.0,False,347.0,10.3,-1.9000000000000001
13033,237862.0,False,347.0,10.200000000000001,-1.8
13034,237894.0,False,347.0,10.0,-1.6
13035,237928.0,False,347.0,9.700000000000001,-1.6
13036,237943.0,False,347.1,9.600000000000001,-1.6
13037,237961.0,False,347.1,9.3,-1.6
13038,237978.0,False,347.20000000000005,9.1,-1.6
13039,237993.0,False,347.3,8.9,-1.7000000000000002
13040,238028.0,False,347.3,8.8,-2.0
13041,238049.0,False,347.20000000000005,8.8,-2.1
13042,238061.0,False,347.20000000000005,8.700000000000001,-2.2
13043,238078.0,False,347.20000000000005,8.6,-2.4000000000000004
13044,238093.0,False,347.1,8.4,-2.4000000000000004
13045,238127.0,False,347.0,8.1,-2.6
13046,238147.0,False,346.90000000000003,7.9,-2.7
13047,238161.0,False,346.8,7.800000000000001,-2.6
13048,238177.0,False,346.5,7.9,-2.5
13049,238194.0,False,346.20000000000005,8.0,-2.3000000000000003
13050,238210.0,False,346.0,8.1,-2.2
13051,238227.0,False,345.70000000000005,8.3,-1.9000000000000001
13052,238243.0,False,345.40000000000003,8.4,-1.6
13053,238263.0,False,345.20000000000005,8.5,-1.4000000000000001
13054,238277.0,False,345.1,8.5,-1.3
13055,238293.0,False,344.90000000000003,8.5,-1.1
13056,238310.0,False,344.90000000000003,8.4,-1.0
13057,238343.0,False,344.8,8.200000000000001,-1.0
13058,238377.0,False,344.70000000000005,8.1,-1.0
13059,238395.0,False,344.6,8.1,-0.9
13060,238419.0,False,344.40000000000003,8.1,-0.8
13061,238443.0,False,344.20000000000005,8.1,-0.7000000000000001
13062,238478.0,False,344.0,8.1,-0.6000000000000001
13063,238493.0,False,343.8,8.200000000000001,-0.5
13064,238527.0,False,343.5,8.4,-0.2
13065,238543.0,False,343.3,8.5,-0.1
13066,238560.0,False,343.1,8.6,0.0
13067,238581.0,False,343.0,8.8,0.0
13068,238595.0,False,342.90000000000003,8.9,0.1
13069,238620.0,False,342.70000000000005,9.0,0.2
13070,238644.0,False,342.70000000000005,9.200000000000001,0.2
13071,238661.0,False,342.6,9.3,0.1
13072,238678.0,False,342.5,9.4,0.1
13073,238710.0,False,342.3,9.700000000000001,0.2
13074,238726.0,False,342.3,9.8,0.30000000000000004
13075,238762.0,False,342.20000000000005,10.0,0.6000000000000001
13076,238793.0,False,342.3,10.100000000000001,0.7000000000000001
13077,238810.0,False,342.3,10.0,0.7000000000000001
13078,238844.0,False,342.40000000000003,9.9,0.7000000000000001
13079,238896.0,False,342.6,9.8,0.7000000000000001
13080,238919.0,False,342.6,9.600000000000001,0.7000000000000001
13081,238946.0,False,342.70000000000005,9.600000000000001,0.7000000000000001
13082,238964.0,False,342.70000000000005,9.5,0.7000000000000001
13083,239028.0,False,342.70000000000005,9.3,0.7000000000000001
13084,239077.0,False,342.8,9.200000000000001,0.5
13085,239178.0,False,342.8,9.1,0.2
13086,239195.0,False,342.8,9.0,0.1
13087,239219.0,False,342.8,9.0,-0.2
13088,239229.0,False,342.8,9.0,-0.30000000000000004
13089,239245.0,False,342.70000000000005,9.0,-0.7000000000000001
13090,239260.0,False,342.70000000000005,9.0,-0.9
13091,239276.0,False,342.70000000000005,9.0,-1.3
13092,239295.0,False,342.6,9.0,-1.5
13093,239312.0,False,342.5,8.9,-1.8
13094,239329.0,False,342.3,9.0,-2.1
13095,239344.0,False,342.1,9.1,-2.3000000000000003
13096,239361.0,False,341.8,9.4,-2.7
13097,239376.0,False,341.3,9.8,-3.1
13098,239395.0,False,341.1,10.0,-3.2
13099,239412.0,False,340.5,10.4,-3.5
13100,239426.0,False,340.0,10.600000000000001,-3.7
13101,239446.0,False,339.70000000000005,10.8,-3.8000000000000003
13102,239461.0,False,339.1,11.0,-3.9000000000000004
13103,239476.0,False,338.40000000000003,11.4,-4.2
13104,239496.0,False,337.6,11.9,-4.6000000000000005
13105,239520.0,False,336.70000000000005,12.600000000000001,-4.800000000000001
13106,239527.0,False,336.3,12.9,-4.9
13107,239553.0,False,335.0,13.9,-4.6000000000000005
13108,239579.0,False,334.20000000000005,14.4,-4.3
13109,239595.0,False,333.5,14.8,-3.8000000000000003
13110,239620.0,False,332.8,15.0,-3.4000000000000004
13111,239627.0,False,332.5,15.100000000000001,-3.3000000000000003
13112,239644.0,False,332.20000000000005,15.100000000000001,-3.2
13113,239662.0,False,331.6,15.200000000000001,-3.0
13114,239678.0,False,331.1,15.200000000000001,-2.9000000000000004
13115,239694.0,False,330.5,15.4,-2.9000000000000004
13116,239717.0,False,329.90000000000003,15.600000000000001,-3.2
13117,239729.0,False,329.6,15.8,-3.3000000000000003
13118,239744.0,False,328.90000000000003,16.1,-3.3000000000000003
13119,239761.0,False,328.6,16.400000000000002,-3.3000000000000003
13120,239779.0,False,328.0,16.900000000000002,-3.1
13121,239795.0,False,327.6,17.3,-2.9000000000000004
13122,239819.0,False,327.20000000000005,17.7,-2.8000000000000003
13123,239827.0,False,327.1,17.900000000000002,-2.8000000000000003
13124,239843.0,False,326.90000000000003,17.900000000000002,-2.8000000000000003
13125,239897.0,False,326.90000000000003,17.8,-3.0
13126,239914.0,False,326.90000000000003,17.8,-3.1
13127,239926.0,False,326.8,17.900000000000002,-3.1
13128,239943.0,False,326.6,18.1,-2.9000000000000004
13129,239960.0,False,326.6,18.2,-2.8000000000000003
13130,239976.0,False,326.5,18.3,-2.5
13131,240004.0,False,326.3,18.5,-1.9000000000000001
13132,240010.0,False,326.3,18.5,-1.8
13133,240027.0,False,326.20000000000005,18.5,-1.6
13134,240043.0,False,326.20000000000005,18.5,-1.2000000000000002
13135,240062.0,False,326.3,18.400000000000002,-0.9
13136,240081.0,False,326.40000000000003,18.400000000000002,-0.8
13137,240119.0,False,326.6,18.400000000000002,-0.7000000000000001
13138,240143.0,False,326.70000000000005,18.400000000000002,-0.6000000000000001
13139,240161.0,False,326.90000000000003,18.3,-0.4
13140,240184.0,False,327.1,18.2,-0.30000000000000004
13141,240193.0,False,327.20000000000005,18.1,-0.2
13142,240215.0,False,327.3,17.900000000000002,0.0
13143,240229.0,False,327.5,17.6,0.2
13144,240243.0,False,327.6,17.5,0.30000000000000004
13145,240260.0,False,327.70000000000005,17.3,0.4
13146,240278.0,False,327.8,17.2,0.4
13147,240293.0,False,327.90000000000003,17.1,0.4
13148,240347.0,False,327.8,17.3,0.4
13149,240360.0,False,327.8,17.400000000000002,0.5
13150,240378.0,False,327.8,17.400000000000002,0.6000000000000001
13151,240399.0,False,327.70000000000005,17.400000000000002,1.0
13152,240417.0,False,327.70000000000005,17.3,1.1
13153,240426.0,False,327.70000000000005,17.2,1.2000000000000002
13154,240479.0,False,327.70000000000005,17.0,1.5
13155,240493.0,False,327.70000000000005,17.0,1.6
13156,240510.0,False,327.70000000000005,16.900000000000002,1.7000000000000002
13157,240561.0,False,327.70000000000005,16.8,1.9000000000000001
13158,240593.0,False,327.70000000000005,16.900000000000002,1.8
13159,240613.0,False,327.8,17.0,1.6
13160,240635.0,False,327.8,17.1,1.3
13161,240662.0,False,327.90000000000003,17.1,1.1
13162,240676.0,False,327.8,17.0,1.0
13163,240717.0,False,327.6,17.0,1.1
13164,240726.0,False,327.5,17.0,1.2000000000000002
13165,240761.0,False,327.3,17.0,1.4000000000000001
13166,240776.0,False,327.1,16.900000000000002,1.5
13167,240793.0,False,327.0,16.900000000000002,1.5
13168,240810.0,False,326.8,16.8,1.6
13169,240830.0,False,326.6,16.8,1.6
13170,240844.0,False,326.5,16.8,1.6
13171,240860.0,False,326.40000000000003,16.8,1.7000000000000002
13172,240878.0,False,326.3,16.8,1.7000000000000002
13173,240899.0,False,326.20000000000005,16.7,1.6
13174,240915.0,False,326.1,16.6,1.5
13175,240946.0,False,325.90000000000003,16.5,1.5
13176,240978.0,False,325.8,16.2,1.4000000000000001
13177,240997.0,False,325.6,16.0,1.3
13178,241015.0,False,325.40000000000003,15.8,1.3
13179,241027.0,False,325.3,15.700000000000001,1.4000000000000001
13180,241045.0,False,325.20000000000005,15.5,1.4000000000000001
13181,241060.0,False,325.1,15.5,1.3
13182,241078.0,False,324.8,15.5,1.1
13183,241093.0,False,324.5,15.5,0.9
